# https://github.com/mikedh/trimesh
v 3.00288032 -17.73956049 0.00000000
v 2.98711977 -17.73956049 -0.19578617
v 2.96378770 -17.73956049 -0.39019005
v 2.93293623 -17.73956049 -0.58339729
v 2.89417830 -17.73956049 -0.77549274
v 2.84678243 -17.73956049 -0.96635242
v 2.78981677 -17.73956049 -1.15557994
v 2.72231788 -17.73956049 -1.34249861
v 2.64345615 -17.73956049 -1.52620012
v 2.55267154 -17.73956049 -1.70564059
v 2.44975846 -17.73956049 -1.87976578
v 2.33488793 -17.73956049 -2.04764176
v 2.20856591 -17.73956049 -2.20856591
v 2.07153751 -17.73956049 -2.36213581
v 1.92465589 -17.73956049 -2.50826039
v 1.76874080 -17.73956049 -2.64710767
v 1.60445288 -17.73956049 -2.77899390
v 1.43220772 -17.73956049 -2.90422996
v 1.25214629 -17.73956049 -3.02294856
v 1.06416897 -17.73956049 -3.13494070
v 0.86802931 -17.73956049 -3.23952948
v 0.66347325 -17.73956049 -3.33550527
v 0.45040124 -17.73956049 -3.42113708
v 0.22902617 -17.73956049 -3.49426407
v 0.00000000 -17.73956049 -3.55245877
v -0.23551354 -17.73956049 -3.59324221
v -0.47583462 -17.73956049 -3.61432275
v -0.71883466 -17.73956049 -3.61382588
v -0.96206707 -17.73956049 -3.59048319
v -1.20294238 -17.73956049 -3.54375398
v -1.43892106 -17.73956049 -3.47386274
v -1.66769378 -17.73956049 -3.38174845
v -1.88732023 -17.73956049 -3.26893453
v -2.09630395 -17.73956049 -3.13734057
v -2.29359066 -17.73956049 -2.98906555
v -2.47849047 -17.73956049 -2.82617672
v -2.65053699 -17.73956049 -2.65053699
v -2.80930834 -17.73956049 -2.46369729
v -2.95424218 -17.73956049 -2.26686975
v -3.08448041 -17.73956049 -2.06098392
v -3.19877581 -17.73956049 -1.84681407
v -3.29548486 -17.73956049 -1.62515329
v -3.37265844 -17.73956049 -1.39700087
v -3.42822632 -17.73956049 -1.16372603
v -3.46025646 -17.73956049 -0.92717292
v -3.46725573 -17.73956049 -0.68968005
v -3.44847002 -17.73956049 -0.45399969
v -3.40413770 -17.73956049 -0.22311897
v -3.33565379 -17.73956049 -0.00000000
v -3.24561152 -17.73956049 0.21272862
v -3.13770337 -17.73956049 0.41308649
v -3.01648152 -17.73956049 0.60001548
v -2.88699730 -17.73956049 0.77356860
v -2.75435657 -17.73956049 0.93497807
v -2.62324093 -17.73956049 1.08658197
v -2.49745169 -17.73956049 1.23160688
v -2.37953286 -17.73956049 1.37382394
v -2.27052095 -17.73956049 1.51711359
v -2.16985517 -17.73956049 1.66498843
v -2.07546175 -17.73956049 1.82013110
v -1.98400479 -17.73956049 1.98400479
v -1.89127528 -17.73956049 2.15658613
v -1.79267265 -17.73956049 2.33625648
v -1.68372216 -17.73956049 2.51986829
v -1.56056717 -17.73956049 2.70298163
v -1.42037965 -17.73956049 2.88024501
v -1.26164337 -17.73956049 3.04587653
v -1.08428122 -17.73956049 3.19418947
v -0.88961846 -17.73956049 3.32010130
v -0.68019440 -17.73956049 3.41956818
v -0.45945369 -17.73956049 3.48989728
v -0.23136224 -17.73956049 3.52990563
v -0.00000000 -17.73956049 3.53991406
v 0.23081691 -17.73956049 3.52158547
v 0.45783944 -17.73956049 3.47763577
v 0.67858162 -17.73956049 3.41146019
v 0.89139353 -17.73956049 3.32672593
v 1.09541326 -17.73956049 3.22698342
v 1.29041710 -17.73956049 3.11534246
v 1.47659965 -17.73956049 2.99424789
v 1.65432425 -17.73956049 2.86537366
v 1.82388487 -17.73956049 2.72963661
v 1.98531650 -17.73956049 2.58731484
v 2.13828105 -17.73956049 2.43824224
v 2.28204212 -17.73956049 2.28204212
v 2.41552728 -17.73956049 2.11836057
v 2.53746257 -17.73956049 1.94706351
v 2.64655288 -17.73956049 1.76837010
v 2.74167543 -17.73956049 1.58290705
v 2.82205284 -17.73956049 1.39168245
v 2.88737641 -17.73956049 1.19599047
v 2.93785930 -17.73956049 0.99726885
v 2.97421109 -17.73956049 0.79693746
v 2.99753814 -17.73956049 0.59624741
v 3.00918612 -17.73956049 0.39616687
v 3.01054979 -17.73956049 0.19732186
v 2.99915481 -17.23271590 0.00000000
v 2.98519124 -17.23271590 -0.19565977
v 2.96367156 -17.23271590 -0.39017476
v 2.93455141 -17.23271590 -0.58371857
v 2.89735919 -17.23271590 -0.77634506
v 2.85129936 -17.23271590 -0.96788571
v 2.79540185 -17.23271590 -1.15789336
v 2.72869249 -17.23271590 -1.34564222
v 2.65035631 -17.23271590 -1.53018393
v 2.55986763 -17.23271590 -1.71044887
v 2.45706705 -17.23271590 -1.88537386
v 2.34217467 -17.23271590 -2.05403206
v 2.21573997 -17.23271590 -2.21573997
v 2.07853924 -17.23271590 -2.37011976
v 1.93144077 -17.23271590 -2.51710262
v 1.77526277 -17.23271590 -2.65686849
v 1.61065062 -17.23271590 -2.78972871
v 1.43799650 -17.23271590 -2.91596845
v 1.25741709 -17.23271590 -3.03567340
v 1.06879528 -17.23271590 -3.14856935
v 0.87188059 -17.23271590 -3.25390265
v 0.66643288 -17.23271590 -3.35038436
v 0.45238589 -17.23271590 -3.43621199
v 0.23000321 -17.23271590 -3.50917093
v 0.00000000 -17.23271590 -3.56680581
v -0.23639172 -17.23271590 -3.60664063
v -0.47742707 -17.23271590 -3.62641862
v -0.72092385 -17.23271590 -3.62432894
v -0.96439973 -17.23271590 -3.59918879
v -1.20525110 -17.23271590 -3.55055526
v -1.44094621 -17.23271590 -3.47875188
v -1.66920215 -17.23271590 -3.38480712
v -1.88811752 -17.23271590 -3.27031548
v -2.09623909 -17.23271590 -3.13724350
v -2.29255147 -17.23271590 -2.98771124
v -2.47639174 -17.23271590 -2.82378359
v -2.64730358 -17.23271590 -2.64730358
v -2.80485674 -17.23271590 -2.45979334
v -2.94846492 -17.23271590 -2.26243671
v -3.07723718 -17.23271590 -2.05614415
v -3.18989445 -17.23271590 -1.84168642
v -3.28477397 -17.23271590 -1.61987126
v -3.35993138 -17.23271590 -1.39172915
v -3.41333453 -17.23271590 -1.15867094
v -3.44312800 -17.23271590 -0.92258337
v -3.44793386 -17.23271590 -0.68583669
v -3.42714582 -17.23271590 -0.45119231
v -3.38117088 -17.23271590 -0.22161365
v -3.31157710 -17.23271590 -0.00000000
v -3.22111582 -17.23271590 0.21112308
v -3.11360282 -17.23271590 0.40991359
v -2.99366106 -17.23271590 0.59547621
v -2.86634686 -17.23271590 0.76803533
v -2.73669854 -17.23271590 0.92898398
v -2.60925883 -17.23271590 1.08079039
v -2.48762791 -17.23271590 1.22676232
v -2.37410284 -17.23271590 1.37068891
v -2.26944946 -17.23271590 1.51639765
v -2.17283777 -17.23271590 1.66727706
v -2.08195172 -17.23271590 1.82582266
v -1.99326276 -17.23271590 1.99326276
v -1.90243633 -17.23271590 2.16931287
v -1.80482346 -17.23271590 2.35209172
v -1.69597982 -17.23271590 2.53821318
v -1.57215131 -17.23271590 2.72304594
v -1.43067038 -17.23271590 2.90111253
v -1.27021965 -17.23271590 3.06658150
v -1.09093668 -17.23271590 3.21379584
v -0.89435446 -17.23271590 3.33777630
v -0.68319292 -17.23271590 3.43464273
v -0.46103487 -17.23271590 3.50190748
v -0.23193288 -17.23271590 3.53861198
v -0.00000000 -17.23271590 3.54529791
v 0.23096368 -17.23271590 3.52382483
v 0.45776429 -17.23271590 3.47706500
v 0.67799669 -17.23271590 3.40851954
v 0.89010254 -17.23271590 3.32190791
v 1.09330829 -17.23271590 3.22078237
v 1.28746402 -17.23271590 3.10821309
v 1.47281654 -17.23271590 2.98657650
v 1.64975748 -17.23271590 2.85746377
v 1.81858752 -17.23271590 2.72170857
v 1.97933306 -17.23271590 2.57951707
v 2.13164058 -17.23271590 2.43067023
v 2.27476065 -17.23271590 2.27476065
v 2.40761841 -17.23271590 2.11142468
v 2.52895363 -17.23271590 1.94053437
v 2.63750304 -17.23271590 1.76232319
v 2.73219197 -17.23271590 1.57743177
v 2.81230181 -17.23271590 1.38687378
v 2.87758509 -17.23271590 1.19193477
v 2.92830894 -17.23271590 0.99402694
v 2.96522043 -17.23271590 0.79452842
v 2.98943927 -17.23271590 0.59463644
v 3.00229591 -17.23271590 0.39525975
v 3.00514075 -17.23271590 0.19696733
v 2.99615552 -16.72587131 0.00000000
v 2.98400488 -16.72587131 -0.19558201
v 2.96429267 -16.72587131 -0.39025653
v 2.93687957 -16.72587131 -0.58418167
v 2.90121247 -16.72587131 -0.77737754
v 2.85643579 -16.72587131 -0.96962929
v 2.80154587 -16.72587131 -1.16043830
v 2.73556247 -16.72587131 -1.34903012
v 2.65768932 -16.72587131 -1.53441765
v 2.56743828 -16.72587131 -1.71550742
v 2.46469812 -16.72587131 -1.89122938
v 2.34973872 -16.72587131 -2.06066555
v 2.22315261 -16.72587131 -2.22315261
v 2.08574603 -16.72587131 -2.37833753
v 1.93840066 -16.72587131 -2.52617292
v 1.78193147 -16.72587131 -2.66684891
v 1.61696732 -16.72587131 -2.80066955
v 1.44387639 -16.72587131 -2.92789168
v 1.26275141 -16.72587131 -3.04855158
v 1.07345897 -16.72587131 -3.16230816
v 0.87574649 -16.72587131 -3.26833041
v 0.66939002 -16.72587131 -3.36525087
v 0.45435879 -16.72587131 -3.45119766
v 0.23096899 -16.72587131 -3.52390581
v 0.00000000 -16.72587131 -3.58089636
v -0.23724774 -16.72587131 -3.61970105
v -0.47896530 -16.72587131 -3.63810265
v -0.72291877 -16.72587131 -3.63435809
v -0.96659271 -16.72587131 -3.60737311
v -1.20737236 -16.72587131 -3.55680428
v -1.44273663 -16.72587131 -3.48307433
v -1.67043152 -16.72587131 -3.38730003
v -1.88859625 -16.72587131 -3.27114467
v -2.09582168 -16.72587131 -3.13661880
v -2.29113133 -16.72587131 -2.98586048
v -2.47388868 -16.72587131 -2.82092939
v -2.64364654 -16.72587131 -2.64364654
v -2.79996564 -16.72587131 -2.45550396
v -2.94223561 -16.72587131 -2.25765679
v -3.06953353 -16.72587131 -2.05099673
v -3.18055050 -16.72587131 -1.83629169
v -3.27360773 -16.72587131 -1.61436468
v -3.34676971 -16.72587131 -1.38627740
v -3.39804687 -16.72587131 -1.15348148
v -3.42566473 -16.72587131 -0.91790410
v -3.42836391 -16.72587131 -0.68194398
v -3.40568756 -16.72587131 -0.44836727
v -3.35821065 -16.72587131 -0.22010875
v -3.28767087 -16.72587131 -0.00000000
v -3.19697151 -16.72587131 0.20954058
v -3.09004299 -16.72587131 0.40681188
v -2.97156836 -16.72587131 0.59108170
v -2.84659724 -16.72587131 0.76274343
v -2.72008883 -16.72587131 0.92334574
v -2.59643647 -16.72587131 1.07547920
v -2.47903107 -16.72587131 1.22252283
v -2.36991779 -16.72587131 1.36827268
v -2.26959062 -16.72587131 1.51649197
v -2.17695315 -16.72587131 1.67043490
v -2.08945356 -16.72587131 1.83240160
v -2.00338041 -16.72587131 2.00338041
v -1.91428543 -16.72587131 2.18282419
v -1.81748419 -16.72587131 2.36859151
v -1.70857548 -16.72587131 2.55706390
v -1.58391898 -16.72587131 2.74342815
v -1.44101658 -16.72587131 2.92209256
v -1.27875560 -16.72587131 3.08718912
v -1.09749074 -16.72587131 3.23310345
v -0.89896185 -16.72587131 3.35497132
v -0.68606581 -16.72587131 3.44908574
v -0.46251771 -16.72587131 3.51317076
v -0.23244959 -16.72587131 3.54649546
v -0.00000000 -16.72587131 3.54982226
v 0.23105410 -16.72587131 3.52520438
v 0.45757999 -16.72587131 3.47566510
v 0.67725777 -16.72587131 3.40480472
v 0.88862337 -16.72587131 3.31638756
v 1.09099264 -16.72587131 3.21396069
v 1.28428924 -16.72587131 3.10054851
v 1.46881111 -16.72587131 2.97845429
v 1.64497674 -16.72587131 2.84918329
v 1.81309231 -16.72587131 2.71348441
v 1.97317480 -16.72587131 2.57149146
v 2.12485510 -16.72587131 2.42293287
v 2.26737127 -16.72587131 2.26737127
v 2.39964688 -16.72587131 2.10443383
v 2.52043635 -16.72587131 1.93399883
v 2.62850890 -16.72587131 1.75631350
v 2.72283786 -16.72587131 1.57203117
v 2.80276225 -16.72587131 1.38216938
v 2.86809346 -16.72587131 1.18800321
v 2.91914922 -16.72587131 0.99091763
v 2.95670964 -16.72587131 0.79224796
v 2.98190298 -16.72587131 0.59313738
v 2.99603961 -16.72587131 0.39443610
v 3.00042125 -16.72587131 0.19665800
v 2.99389224 -16.21902673 0.00000000
v 2.98356523 -16.21902673 -0.19555320
v 2.96565047 -16.21902673 -0.39043529
v 2.93991554 -16.21902673 -0.58478556
v 2.90572899 -16.21902673 -0.77858774
v 2.86217943 -16.21902673 -0.97157900
v 2.80823430 -16.21902673 -1.16320873
v 2.74291188 -16.21902673 -1.35265445
v 2.66543863 -16.21902673 -1.53889171
v 2.57536696 -16.21902673 -1.72080519
v 2.47263558 -16.21902673 -1.89732002
v 2.35756471 -16.21902673 -2.06752876
v 2.23078931 -16.21902673 -2.23078931
v 2.09314419 -16.21902673 -2.38677351
v 1.94552262 -16.21902673 -2.53545444
v 1.78873468 -16.21902673 -2.67703062
v 1.62339140 -16.21902673 -2.81179639
v 1.44983654 -16.21902673 -2.93997767
v 1.26813926 -16.21902673 -3.06155900
v 1.07815116 -16.21902673 -3.17613091
v 0.87961949 -16.21902673 -3.28278461
v 0.67233873 -16.21902673 -3.38007507
v 0.45631590 -16.21902673 -3.46606336
v 0.23192146 -16.21902673 -3.53843771
v 0.00000000 -16.21902673 -3.59469999
v -0.23807971 -16.21902673 -3.63239448
v -0.48044580 -16.21902673 -3.64934814
v -0.72481471 -16.21902673 -3.64388960
v -0.96864062 -16.21902673 -3.61501601
v -1.20930064 -16.21902673 -3.56248480
v -1.44428725 -16.21902673 -3.48681787
v -1.67137779 -16.21902673 -3.38921887
v -1.88875376 -16.21902673 -3.27141748
v -2.09505087 -16.21902673 -3.13546520
v -2.28933151 -16.21902673 -2.98351491
v -2.47098487 -16.21902673 -2.81761823
v -2.63957204 -16.21902673 -2.63957204
v -2.79464402 -16.21902673 -2.45083703
v -2.93556631 -16.21902673 -2.25253926
v -3.06138494 -16.21902673 -2.04555202
v -3.17076328 -16.21902673 -1.83064104
v -3.26200971 -16.21902673 -1.60864517
v -3.33320163 -16.21902673 -1.38065732
v -3.38239647 -16.21902673 -1.14816889
v -3.40790479 -16.21902673 -0.91314534
v -3.40858882 -16.21902673 -0.67801047
v -3.38414241 -16.21902673 -0.44553080
v -3.33530744 -16.21902673 -0.21860760
v -3.26398746 -16.21902673 -0.00000000
v -3.17323117 -16.21902673 0.20798456
v -3.06707464 -16.21902673 0.40378804
v -2.95025028 -16.21902673 0.58684127
v -2.82778935 -16.21902673 0.75770387
v -2.70456042 -16.21902673 0.91807455
v -2.58479742 -16.21902673 1.07065815
v -2.47167431 -16.21902673 1.21889488
v -2.36698001 -16.21902673 1.36657654
v -2.27093612 -16.21902673 1.51739100
v -2.18218327 -16.21902673 1.67444812
v -2.09794105 -16.21902673 1.83984492
v -2.01432522 -16.21902673 2.01432522
v -1.92678603 -16.21902673 2.19707839
v -1.83061657 -16.21902673 2.38570596
v -1.72147134 -16.21902673 2.57636392
v -1.59583488 -16.21902673 2.76406710
v -1.45138699 -16.21902673 2.94312168
v -1.28722506 -16.21902673 3.10763619
v -1.10392282 -16.21902673 3.25205175
v -0.90342570 -16.21902673 3.37163060
v -0.68880331 -16.21902673 3.46284807
v -0.46389679 -16.21902673 3.52364594
v -0.23291024 -16.21902673 3.55352360
v -0.00000000 -16.21902673 3.55346363
v 0.23108720 -16.21902673 3.52570940
v 0.45728567 -16.21902673 3.47342952
v 0.67636498 -16.21902673 3.40031639
v 0.88695784 -16.21902673 3.31017173
v 1.08847035 -16.21902673 3.20653025
v 1.28089932 -16.21902673 3.09236451
v 1.46459260 -16.21902673 2.96990001
v 1.63999408 -16.21902673 2.84055307
v 1.80741407 -16.21902673 2.70498631
v 1.96685930 -16.21902673 2.56326094
v 2.11794493 -16.21902673 2.41505333
v 2.25989690 -16.21902673 2.25989690
v 2.39163804 -16.21902673 2.09741027
v 2.51193827 -16.21902673 1.92747803
v 2.61959979 -16.21902673 1.75036062
v 2.71364363 -16.21902673 1.56672288
v 2.79346516 -16.21902673 1.37758457
v 2.85893220 -16.21902673 1.18420849
v 2.91040946 -16.21902673 0.98795089
v 2.94870579 -16.21902673 0.79010333
v 2.97495308 -16.21902673 0.59175496
v 2.99043693 -16.21902673 0.39369849
v 2.99640623 -16.21902673 0.19639484
v 2.99237297 -15.71218214 0.00000000
v 2.98387499 -15.71218214 -0.19557350
v 2.96774267 -15.71218214 -0.39071073
v 2.94365248 -15.71218214 -0.58552888
v 2.91089810 -15.71218214 -0.77997279
v 2.86851666 -15.71218214 -0.97373020
v 2.81545142 -15.71218214 -1.16619816
v 2.75072378 -15.71218214 -1.35650685
v 2.67358685 -15.71218214 -1.54359609
v 2.58363643 -15.71218214 -1.72633067
v 2.48086279 -15.71218214 -1.90363298
v 2.36563680 -15.71218214 -2.07460779
v 2.23863514 -15.71218214 -2.23863514
v 2.10071967 -15.71218214 -2.39541169
v 1.95279345 -15.71218214 -2.54492997
v 1.79565990 -15.71218214 -2.68739496
v 1.62991111 -15.71218214 -2.82308886
v 1.45586595 -15.71218214 -2.95220410
v 1.27357055 -15.71218214 -3.07467131
v 1.08286289 -15.71218214 -3.19001120
v 0.88349200 -15.71218214 -3.29723702
v 0.67527313 -15.71218214 -3.39482729
v 0.45825320 -15.71218214 -3.48077860
v 0.23285862 -15.71218214 -3.55273606
v 0.00000000 -15.71218214 -3.60818690
v -0.23888578 -15.71218214 -3.64469276
v -0.48186518 -15.71218214 -3.66012941
v -0.72660718 -15.71218214 -3.65290096
v -0.97053841 -15.71218214 -3.62209864
v -1.21103089 -15.71218214 -3.56758197
v -1.44559362 -15.71218214 -3.48997172
v -1.67203761 -15.71218214 -3.39055687
v -1.88858826 -15.71218214 -3.27113081
v -2.09392678 -15.71218214 -3.13378289
v -2.28715432 -15.71218214 -2.98067754
v -2.46768506 -15.71218214 -2.81385551
v -2.63508745 -15.71218214 -2.63508745
v -2.78890208 -15.71218214 -2.44580148
v -2.92847034 -15.71218214 -2.24709432
v -3.05280816 -15.71218214 -2.03982120
v -3.16055336 -15.71218214 -1.82474634
v -3.25000469 -15.71218214 -1.60272495
v -3.31925648 -15.71218214 -1.37488105
v -3.36641745 -15.71218214 -1.14274474
v -3.38988712 -15.71218214 -0.90831752
v -3.38865207 -15.71218214 -0.67404480
v -3.36255777 -15.71218214 -0.44268913
v -3.31251154 -15.71218214 -0.21711348
v -3.24057863 -15.71218214 -0.00000000
v -3.14994630 -15.71218214 0.20645839
v -3.04474703 -15.71218214 0.40084855
v -2.92975173 -15.71218214 0.58276385
v -2.80996166 -15.71218214 0.75292696
v -2.69014357 -15.71218214 0.91318069
v -2.57436226 -15.71218214 1.06633576
v -2.46556763 -15.71218214 1.21588340
v -2.36528862 -15.71218214 1.36560002
v -2.27347460 -15.71218214 1.51908716
v -2.18850733 -15.71218214 1.67930074
v -2.10738548 -15.71218214 1.84812747
v -2.02606262 -15.71218214 2.02606262
v -1.93989995 -15.71218214 2.21203194
v -1.84418114 -15.71218214 2.40338365
v -1.73462890 -15.71218214 2.59605561
v -1.60786337 -15.71218214 2.78490105
v -1.46175032 -15.71218214 2.96413643
v -1.29560204 -15.71218214 3.12786001
v -1.11021272 -15.71218214 3.27058121
v -0.90773147 -15.71218214 3.38769997
v -0.69139603 -15.71218214 3.47588259
v -0.46516700 -15.71218214 3.53329416
v -0.23331287 -15.71218214 3.55966652
v -0.00000000 -15.71218214 3.55620126
v 0.23106220 -15.71218214 3.52532793
v 0.45688082 -15.71218214 3.47035439
v 0.67531899 -15.71218214 3.39505782
v 0.88510844 -15.71218214 3.30326967
v 1.08574619 -15.71218214 3.19850514
v 1.27730162 -15.71218214 3.08367890
v 1.46017114 -15.71218214 2.96093417
v 1.63482239 -15.71218214 2.83159545
v 1.80156846 -15.71218214 2.69623774
v 1.96040496 -15.71218214 2.55484949
v 2.11093110 -15.71218214 2.40705559
v 2.25236107 -15.71218214 2.25236107
v 2.38361772 -15.71218214 2.09037663
v 2.50348722 -15.71218214 1.92099331
v 2.61080507 -15.71218214 1.74448418
v 2.70463962 -15.71218214 1.56152441
v 2.78444114 -15.71218214 1.37313441
v 2.85013127 -15.71218214 1.18056302
v 2.90211808 -15.71218214 0.98513634
v 2.94123469 -15.71218214 0.78810146
v 2.96861192 -15.71218214 0.59049363
v 2.98550593 -15.71218214 0.39304931
v 2.99310889 -15.71218214 0.19617872
v 2.99160387 -15.20533756 0.00000000
v 2.98493508 -15.20533756 -0.19564298
v 2.97056518 -15.20533756 -0.39108233
v 2.94808191 -15.20533756 -0.58640995
v 2.91670763 -15.20533756 -0.78152945
v 2.87543250 -15.20533756 -0.97607781
v 2.82318038 -15.20533756 -1.16939960
v 2.75898029 -15.20533756 -1.36057851
v 2.68211580 -15.20533756 -1.54852028
v 2.59222881 -15.20533756 -1.73207192
v 2.48936257 -15.20533756 -1.91015508
v 2.37393873 -15.20533756 -2.08188839
v 2.24667482 -15.20533756 -2.24667482
v 2.10845815 -15.20533756 -2.40423573
v 1.96019965 -15.20533756 -2.55458192
v 1.80269446 -15.20533756 -2.69792291
v 1.63651450 -15.20533756 -2.83452627
v 1.46195348 -15.20533756 -2.96454840
v 1.27903511 -15.20533756 -3.08786391
v 1.08758514 -15.20533756 -3.20392250
v 0.88735646 -15.20533756 -3.31165938
v 0.67818734 -15.20533756 -3.40947800
v 0.46016671 -15.20533756 -3.49531318
v 0.23377851 -15.20533756 -3.56677077
v 0.00000000 -15.20533756 -3.62132799
v -0.23966417 -15.20533756 -3.65656865
v -0.48322020 -15.20533756 -3.67042185
v -0.72829196 -15.20533756 -3.66137092
v -0.97228139 -15.20533756 -3.62860356
v -1.21255859 -15.20533756 -3.57208243
v -1.44665191 -15.20533756 -3.49252666
v -1.67240839 -15.20533756 -3.39130874
v -1.88809880 -15.20533756 -3.27028306
v -2.09245050 -15.20533756 -3.13157347
v -2.28460311 -15.20533756 -2.97735274
v -2.46399509 -15.20533756 -2.80964791
v -2.63020129 -15.20533756 -2.63020129
v -2.78275123 -15.20533756 -2.44040733
v -2.92096222 -15.20533756 -2.24133314
v -3.04382116 -15.20533756 -2.03381628
v -3.14994249 -15.20533756 -1.81862014
v -3.23761855 -15.20533756 -1.59661678
v -3.30496461 -15.20533756 -1.36896116
v -3.35014482 -15.20533756 -1.13722093
v -3.37165132 -15.20533756 -0.90343125
v -3.36859752 -15.20533756 -0.67005571
v -3.34098111 -15.20533756 -0.43984851
v -3.28987294 -15.20533756 -0.21562966
v -3.21749545 -15.20533756 -0.00000000
v -3.12716723 -15.20533756 0.20496537
v -3.02310779 -15.20533756 0.39799969
v -2.91011552 -15.20533756 0.57885797
v -2.79315019 -15.20533756 0.74842234
v -2.67686574 -15.20533756 0.90867348
v -2.56514856 -15.20533756 1.06251932
v -2.46071790 -15.20533756 1.21349178
v -2.36483964 -15.20533756 1.36534080
v -2.27719173 -15.20533756 1.52157087
v -2.19590176 -15.20533756 1.68497468
v -2.11775576 -15.20533756 1.85722195
v -2.03855606 -15.20533756 2.03855606
v -1.95358747 -15.20533756 2.22763957
v -1.85813738 -15.20533756 2.42157177
v -1.74800903 -15.20533756 2.61608039
v -1.61996855 -15.20533756 2.80586783
v -1.47207533 -15.20533756 2.98507348
v -1.30386088 -15.20533756 3.14779861
v -1.11634068 -15.20533756 3.28863359
v -0.91186512 -15.20533756 3.40312697
v -0.69383504 -15.20533756 3.48814430
v -0.46632355 -15.20533756 3.54207903
v -0.23365569 -15.20533756 3.56489701
v -0.00000000 -15.20533756 3.55801718
v 0.23097849 -15.20533756 3.52405083
v 0.45636530 -15.20533756 3.46643861
v 0.67412096 -15.20533756 3.38903490
v 0.88307830 -15.20533756 3.29569308
v 1.08282571 -15.20533756 3.18990168
v 1.27350435 -15.20533756 3.07451147
v 1.45555767 -15.20533756 2.95157898
v 1.62947542 -15.20533756 2.82233422
v 1.79557197 -15.20533756 2.68726335
v 1.95383092 -15.20533756 2.54628203
v 2.10383526 -15.20533756 2.39896434
v 2.24478781 -15.20533756 2.24478781
v 2.37561208 -15.20533756 2.08335588
v 2.49511115 -15.20533756 1.91456613
v 2.60215406 -15.20533756 1.73870376
v 2.69585590 -15.20533756 1.55645313
v 2.77572023 -15.20533756 1.36883373
v 2.84171982 -15.20533756 1.17707889
v 2.89430239 -15.20533756 0.98248327
v 2.93432092 -15.20533756 0.78624892
v 2.96290038 -15.20533756 0.58935753
v 2.98126304 -15.20533756 0.39249073
v 2.99054069 -15.20533756 0.19601039
v 2.99158926 -14.69849297 0.00000000
v 2.98674457 -14.69849297 -0.19576158
v 2.97411219 -14.69849297 -0.39154930
v 2.95319369 -14.69849297 -0.58742675
v 2.92314395 -14.69849297 -0.78325406
v 2.88291070 -14.69849297 -0.97861631
v 2.83140320 -14.69849297 -1.17280560
v 2.76766260 -14.69849297 -1.36486015
v 2.69100655 -14.69849297 -1.55365336
v 2.60112562 -14.69849297 -1.73801657
v 2.49811724 -14.69849297 -1.91687277
v 2.38245385 -14.69849297 -2.08935595
v 2.25489276 -14.69849297 -2.25489276
v 2.11634501 -14.69849297 -2.41322897
v 1.96772754 -14.69849297 -2.56439246
v 1.80982545 -14.69849297 -2.70859519
v 1.64318947 -14.69849297 -2.84608765
v 1.46808789 -14.69849297 -2.97698775
v 1.28452267 -14.69849297 -3.10111206
v 1.09230887 -14.69849297 -3.21783817
v 0.89120530 -14.69849297 -3.32602345
v 0.68107552 -14.69849297 -3.42399784
v 0.46205251 -14.69849297 -3.50963726
v 0.23467918 -14.69849297 -3.58051234
v 0.00000000 -14.69849297 -3.63409492
v -0.24041315 -14.69849297 -3.66799587
v -0.48450779 -14.69849297 -3.68020204
v -0.72986507 -14.69849297 -3.66927951
v -0.97386530 -14.69849297 -3.63451477
v -1.21387971 -14.69849297 -3.57597432
v -1.44745894 -14.69849297 -3.49447500
v -1.67248830 -14.69849297 -3.39147077
v -1.88728535 -14.69849297 -3.26887411
v -2.09062407 -14.69849297 -3.12884003
v -2.28168230 -14.69849297 -2.97354627
v -2.45992191 -14.69849297 -2.80500334
v -2.62492322 -14.69849297 -2.62492322
v -2.77620403 -14.69849297 -2.43466559
v -2.91305765 -14.69849297 -2.23526775
v -3.03444306 -14.69849297 -2.02755003
v -3.13895352 -14.69849297 -1.81227566
v -3.22487824 -14.69849297 -1.59033396
v -3.29035731 -14.69849297 -1.36291062
v -3.33361434 -14.69849297 -1.13160959
v -3.35323757 -14.69849297 -0.89849730
v -3.34846938 -14.69849297 -0.66605197
v -3.31945986 -14.69849297 -0.43701518
v -3.26744121 -14.69849297 -0.21415941
v -3.19478810 -14.69849297 -0.00000000
v -3.10494298 -14.69849297 0.20350871
v -3.00220273 -14.69849297 0.39524749
v -2.89138225 -14.69849297 0.57513169
v -2.77738835 -14.69849297 0.74419897
v -2.66475148 -14.69849297 0.90456124
v -2.55717076 -14.69849297 1.05921481
v -2.45712881 -14.69849297 1.21172183
v -2.36562595 -14.69849297 1.36579478
v -2.28207019 -14.69849297 1.52483055
v -2.20434032 -14.69849297 1.69144982
v -2.12901845 -14.69849297 1.86709907
v -2.05176708 -14.69849297 2.05176708
v -1.96780745 -14.69849297 2.24385435
v -1.87244380 -14.69849297 2.44021627
v -1.76157205 -14.69849297 2.63637887
v -1.63211437 -14.69849297 2.82690501
v -1.48233095 -14.69849297 3.00586980
v -1.31197625 -14.69849297 3.16739086
v -1.12228738 -14.69849297 3.30615201
v -0.91581310 -14.69849297 3.41786101
v -0.69611183 -14.69849297 3.49959048
v -0.46736198 -14.69849297 3.54996670
v -0.23393711 -14.69849297 3.56919062
v -0.00000000 -14.69849297 3.55889628
v 0.23083567 -14.69849297 3.52187181
v 0.45573932 -14.69849297 3.46168382
v 0.67277257 -14.69849297 3.38225611
v 0.88087120 -14.69849297 3.28745606
v 1.07971517 -14.69849297 3.18073831
v 1.26951647 -14.69849297 3.06488387
v 1.45076397 -14.69849297 2.94185831
v 1.62396770 -14.69849297 2.81279456
v 1.78944181 -14.69849297 2.67808893
v 1.94715697 -14.69849297 2.53758436
v 2.09667965 -14.69849297 2.39080493
v 2.23720160 -14.69849297 2.23720160
v 2.36764759 -14.69849297 2.07637121
v 2.48683815 -14.69849297 1.90821803
v 2.59367596 -14.69849297 1.73303887
v 2.68732215 -14.69849297 1.55152616
v 2.76733186 -14.69849297 1.36469705
v 2.83372616 -14.69849297 1.17376781
v 2.88698863 -14.69849297 0.98000058
v 2.92798765 -14.69849297 0.78455193
v 2.95783775 -14.69849297 0.58835051
v 2.97772299 -14.69849297 0.39202467
v 2.98871124 -14.69849297 0.19589048
v 2.99233158 -14.19164839 0.00000000
v 2.98930068 -14.19164839 -0.19592912
v 2.97837613 -14.19164839 -0.39211066
v 2.95897609 -14.19164839 -0.58857694
v 2.93019197 -14.19164839 -0.78514257
v 2.89093373 -14.19164839 -0.98133977
v 2.84010085 -14.19164839 -1.17640829
v 2.77675099 -14.19164839 -1.36934205
v 2.70023947 -14.19164839 -1.55898398
v 2.61030780 -14.19164839 -1.74415191
v 2.50710868 -14.19164839 -1.92377215
v 2.39116514 -14.19164839 -2.09699555
v 2.26327305 -14.19164839 -2.26327305
v 2.12436541 -14.19164839 -2.42237449
v 1.97536320 -14.19164839 -2.57434344
v 1.81703982 -14.19164839 -2.71939226
v 1.64992379 -14.19164839 -2.85775184
v 1.47425783 -14.19164839 -2.98949915
v 1.29002294 -14.19164839 -3.11439088
v 1.09702505 -14.19164839 -3.23173157
v 0.89503099 -14.19164839 -3.34030113
v 0.68393187 -14.19164839 -3.43835771
v 0.46390673 -14.19164839 -3.52372147
v 0.23555874 -14.19164839 -3.59393189
v 0.00000000 -14.19164839 -3.64646021
v -0.24113107 -14.19164839 -3.67894917
v -0.48572501 -14.19164839 -3.68944775
v -0.73132283 -14.19164839 -3.67660815
v -0.97528622 -14.19164839 -3.63981771
v -1.21499075 -14.19164839 -3.57924734
v -1.44801217 -14.19164839 -3.49581063
v -1.67227627 -14.19164839 -3.39104082
v -1.88614870 -14.19164839 -3.26690539
v -2.08845050 -14.19164839 -3.12558706
v -2.27839732 -14.19164839 -2.96926519
v -2.45547355 -14.19164839 -2.79993095
v -2.61926400 -14.19164839 -2.61926400
v -2.76927416 -14.19164839 -2.42858826
v -2.90477345 -14.19164839 -2.22891106
v -3.02469407 -14.19164839 -2.02103596
v -3.12761038 -14.19164839 -1.80572669
v -3.21181169 -14.19164839 -1.58389024
v -3.27546673 -14.19164839 -1.35674274
v -3.31686249 -14.19164839 -1.12592310
v -3.33468648 -14.19164839 -0.89352655
v -3.32831197 -14.19164839 -0.66204241
v -3.29804129 -14.19164839 -0.43419537
v -3.24526533 -14.19164839 -0.21270593
v -3.17250575 -14.19164839 -0.00000000
v -3.08332110 -14.19164839 0.20209154
v -2.98207581 -14.19164839 0.39259773
v -2.87359020 -14.19164839 0.57159263
v -2.76270688 -14.19164839 0.74026508
v -2.65382239 -14.19164839 0.90085131
v -2.55044021 -14.19164839 1.05642693
v -2.45480085 -14.19164839 1.21057381
v -2.36763731 -14.19164839 1.36695604
v -2.28808975 -14.19164839 1.52885270
v -2.21379412 -14.19164839 1.69870398
v -2.14113791 -14.19164839 1.87772755
v -2.06565542 -14.19164839 2.06565542
v -1.98251743 -14.19164839 2.26062786
v -1.88705807 -14.19164839 2.45926196
v -1.77527785 -14.19164839 2.65689107
v -1.64426472 -14.19164839 2.84795004
v -1.49248630 -14.19164839 3.02646283
v -1.31992327 -14.19164839 3.18657667
v -1.12803405 -14.19164839 3.32308116
v -0.91956238 -14.19164839 3.43185353
v -0.69821837 -14.19164839 3.51018079
v -0.46827820 -14.19164839 3.55692603
v -0.23415571 -14.19164839 3.57252574
v -0.00000000 -14.19164839 3.55882634
v 0.23063351 -14.19164839 3.51878743
v 0.45500347 -14.19164839 3.45609445
v 0.67127603 -14.19164839 3.37473252
v 0.87849154 -14.19164839 3.27857507
v 1.07642155 -14.19164839 3.17103562
v 1.26534772 -14.19164839 3.05481962
v 1.44580257 -14.19164839 2.93179758
v 1.61831451 -14.19164839 2.80300295
v 1.78319592 -14.19164839 2.66874129
v 1.94040352 -14.19164839 2.52878311
v 2.08948701 -14.19164839 2.38260330
v 2.22962727 -14.19164839 2.22962727
v 2.35975087 -14.19164839 2.06944597
v 2.47869626 -14.19164839 1.90197053
v 2.58539972 -14.19164839 1.72750886
v 2.67906760 -14.19164839 1.54676040
v 2.75930473 -14.19164839 1.36073851
v 2.82617759 -14.19164839 1.17064109
v 2.88020176 -14.19164839 0.97769675
v 2.92225663 -14.19164839 0.78301630
v 2.95344171 -14.19164839 0.58747608
v 2.97489870 -14.19164839 0.39165284
v 2.98762831 -14.19164839 0.19581951
v 2.99383137 -13.68480380 0.00000000
v 2.99259880 -13.68480380 -0.19614529
v 2.98334766 -13.68480380 -0.39276517
v 2.96541579 -13.68480380 -0.58985787
v 2.93783520 -13.68480380 -0.78719057
v 2.89948286 -13.68480380 -0.98424180
v 2.84925328 -13.68480380 -1.18019935
v 2.78622496 -13.68480380 -1.37401409
v 2.70979423 -13.68480380 -1.56450043
v 2.61975577 -13.68480380 -1.75046484
v 2.51631837 -13.68480380 -1.93083900
v 2.40005525 -13.68480380 -2.10479196
v 2.27179954 -13.68480380 -2.27179954
v 2.13250429 -13.68480380 -2.43165510
v 1.98309254 -13.68480380 -2.58441652
v 1.82432437 -13.68480380 -2.73029437
v 1.65670513 -13.68480380 -2.86949745
v 1.48045190 -13.68480380 -3.00205947
v 1.29552558 -13.68480380 -3.12767542
v 1.10172463 -13.68480380 -3.24557610
v 0.89882604 -13.68480380 -3.35446446
v 0.68675069 -13.68480380 -3.45252887
v 0.46572557 -13.68480380 -3.53753693
v 0.23641535 -13.68480380 -3.60700127
v 0.00000000 -13.68480380 -3.65839729
v -0.24181634 -13.68480380 -3.68940443
v -0.48686911 -13.68480380 -3.69813803
v -0.73266182 -13.68480380 -3.68333968
v -0.97654066 -13.68480380 -3.64449938
v -1.21588876 -13.68480380 -3.58189277
v -1.44830974 -13.68480380 -3.49652903
v -1.67177201 -13.68480380 -3.39001829
v -1.88469057 -13.68480380 -3.26437982
v -2.08593376 -13.68480380 -3.12182049
v -2.27475460 -13.68480380 -2.96451791
v -2.45065908 -13.68480380 -2.79444111
v -2.61323550 -13.68480380 -2.61323550
v -2.76197641 -13.68480380 -2.42218831
v -2.89612752 -13.68480380 -2.22227680
v -3.01459545 -13.68480380 -2.01428828
v -3.11593796 -13.68480380 -1.79898762
v -3.19844768 -13.68480380 -1.57729984
v -3.26032576 -13.68480380 -1.35047115
v -3.29992627 -13.68480380 -1.12017403
v -3.31603903 -13.68480380 -0.88852998
v -3.30816969 -13.68480380 -0.65803586
v -3.27677234 -13.68480380 -0.43139526
v -3.22339359 -13.68480380 -0.21127238
v -3.15069647 -13.68480380 -0.00000000
v -3.06234756 -13.68480380 0.20071686
v -2.96276892 -13.68480380 0.39005593
v -2.85677522 -13.68480380 0.56824792
v -2.74913373 -13.68480380 0.73662816
v -2.64409704 -13.68480380 0.89755000
v -2.54496506 -13.68480380 1.05415904
v -2.45373134 -13.68480380 1.21004639
v -2.37086039 -13.68480380 1.36881688
v -2.29522731 -13.68480380 1.53362186
v -2.22423175 -13.68480380 1.70671305
v -2.15407630 -13.68480380 1.88907421
v -2.08017916 -13.68480380 2.08017916
v -1.99767373 -13.68480380 2.27791031
v -1.90193709 -13.68480380 2.47865268
v -1.78908604 -13.68480380 2.67755647
v -1.65638354 -13.68480380 2.86894045
v -1.50251087 -13.68480380 3.04679064
v -1.32767754 -13.68480380 3.20529713
v -1.13356250 -13.68480380 3.33936743
v -0.92310054 -13.68480380 3.44505810
v -0.70014715 -13.68480380 3.51987739
v -0.46906845 -13.68480380 3.56292860
v -0.23431025 -13.68480380 3.57488366
v -0.00000000 -13.68480380 3.55779810
v 0.23037198 -13.68480380 3.51479719
v 0.45415868 -13.68480380 3.44967767
v 0.66963406 -13.68480380 3.36647778
v 0.87594437 -13.68480380 3.26906888
v 1.07295253 -13.68480380 3.16081623
v 1.26100858 -13.68480380 3.04434402
v 1.44068674 -13.68480380 2.92142371
v 1.61253184 -13.68480380 2.79298707
v 1.77685286 -13.68480380 2.65924823
v 1.93359156 -13.68480380 2.51990558
v 2.08228050 -13.68480380 2.37438585
v 2.22208992 -13.68480380 2.22208992
v 2.35194867 -13.68480380 2.06260362
v 2.47071344 -13.68480380 1.89584510
v 2.57735400 -13.68480380 1.72213288
v 2.67112091 -13.68480380 1.54217237
v 2.75166675 -13.68480380 1.35697187
v 2.81910037 -13.68480380 1.16770961
v 2.87396549 -13.68480380 0.97557983
v 2.91714810 -13.68480380 0.78164748
v 2.94972827 -13.68480380 0.58673743
v 2.97280133 -13.68480380 0.39137672
v 2.98729781 -13.68480380 0.19579784
v 2.99608731 -13.17795922 0.00000000
v 2.99663250 -13.17795922 -0.19640967
v 2.98901578 -13.17795922 -0.39351139
v 2.97249787 -13.17795922 -0.59126659
v 2.94605574 -13.17795922 -0.78939326
v 2.90853816 -13.17795922 -0.98731567
v 2.85883945 -13.17795922 -1.18417007
v 2.79606316 -13.17795922 -1.37886576
v 2.71964990 -13.17795922 -1.57019060
v 2.62944948 -13.17795922 -1.75694197
v 2.52572741 -13.17795922 -1.93805880
v 2.40910656 -13.17795922 -2.11272975
v 2.28045584 -13.17795922 -2.28045584
v 2.14074641 -13.17795922 -2.44105344
v 1.99090135 -13.17795922 -2.59459315
v 1.83166580 -13.17795922 -2.74128159
v 1.66352106 -13.17795922 -2.88130300
v 1.48665863 -13.17795922 -3.01464548
v 1.30102025 -13.17795922 -3.14094073
v 1.10639861 -13.17795922 -3.25934522
v 0.90258303 -13.17795922 -3.36848571
v 0.68952633 -13.17795922 -3.46648293
v 0.46750531 -13.17795922 -3.55105534
v 0.23724722 -13.17795922 -3.61969308
v 0.00000000 -13.17795922 -3.66988056
v -0.24246747 -13.17795922 -3.69933868
v -0.48793750 -13.17795922 -3.70625329
v -0.73387890 -13.17795922 -3.68945838
v -0.97762557 -13.17795922 -3.64854830
v -1.21657130 -13.17795922 -3.58390348
v -1.44835044 -13.17795922 -3.49662728
v -1.67097602 -13.17795922 -3.38840418
v -1.88291349 -13.17795922 -3.26130184
v -2.08307876 -13.17795922 -3.11754767
v -2.27076160 -13.17795922 -2.95931413
v -2.44548862 -13.17795922 -2.78854533
v -2.60685062 -13.17795922 -2.60685062
v -2.75432660 -13.17795922 -2.41547960
v -2.88713877 -13.17795922 -2.21537949
v -3.00416944 -13.17795922 -2.00732184
v -3.10396207 -13.17795922 -1.79207334
v -3.18481582 -13.17795922 -1.57057736
v -3.24496796 -13.17795922 -1.34410974
v -3.28284318 -13.17795922 -1.11437510
v -3.29733637 -13.17795922 -0.88351862
v -3.28808682 -13.17795922 -0.65404113
v -3.25569951 -13.17795922 -0.42862097
v -3.20187343 -13.17795922 -0.20986187
v -3.12940703 -13.17795922 -0.00000000
v -3.04206664 -13.17795922 0.19938758
v -2.94432183 -13.17795922 0.38762732
v -2.84097064 -13.17795922 0.56510420
v -2.73669404 -13.17795922 0.73329496
v -2.63559095 -13.17795922 0.89466257
v -2.54075028 -13.17795922 1.05241322
v -2.45391439 -13.17795922 1.21013666
v -2.37527878 -13.17795922 1.37136784
v -2.30345692 -13.17795922 1.53912071
v -2.23561928 -13.17795922 1.71545101
v -2.16779376 -13.17795922 1.90110410
v -2.09529476 -13.17795922 2.09529476
v -2.01323156 -13.17795922 2.29565062
v -1.91703714 -13.17795922 2.49833144
v -1.80295595 -13.17795922 2.69831427
v -1.66843490 -13.17795922 2.88981401
v -1.51237449 -13.17795922 3.06679209
v -1.33521522 -13.17795922 3.22349469
v -1.13885515 -13.17795922 3.35495909
v -0.92641574 -13.17795922 3.45743060
v -0.70189115 -13.17795922 3.52864510
v -0.46972938 -13.17795922 3.56794889
v -0.23439972 -13.17795922 3.57624867
v -0.00000000 -13.17795922 3.55580530
v 0.23005123 -13.17795922 3.50990346
v 0.45320627 -13.17795922 3.44244342
v 0.66784988 -13.17795922 3.35750807
v 0.87323532 -13.17795922 3.25895857
v 1.06931649 -13.17795922 3.15010479
v 1.25651024 -13.17795922 3.03348406
v 1.43543047 -13.17795922 2.91076505
v 1.60663635 -13.17795922 2.78277579
v 1.77043179 -13.17795922 2.64963842
v 1.92674253 -13.17795922 2.51097975
v 2.07508364 -13.17795922 2.36617940
v 2.21461488 -13.17795922 2.21461488
v 2.34426775 -13.17795922 2.05586764
v 2.46291748 -13.17795922 1.88986305
v 2.56956701 -13.17795922 1.71692979
v 2.66351008 -13.17795922 1.53777826
v 2.74444491 -13.17795922 1.35341045
v 2.81251959 -13.17795922 1.16498376
v 2.86830212 -13.17795922 0.97365737
v 2.91268073 -13.17795922 0.78045045
v 2.94671168 -13.17795922 0.58613740
v 2.97144015 -13.17795922 0.39119752
v 2.98772374 -13.17795922 0.19582576
v 2.99909614 -12.67111463 0.00000000
v 3.00139351 -12.67111463 -0.19672172
v 2.99536773 -12.67111463 -0.39434764
v 2.98020593 -12.67111463 -0.59279982
v 2.95483439 -12.67111463 -0.79174549
v 2.91807859 -12.67111463 -0.99055421
v 2.86883740 -12.67111463 -1.18831136
v 2.80624355 -12.67111463 -1.38388617
v 2.72978498 -12.67111463 -1.57604210
v 2.63936843 -12.67111463 -1.76356960
v 2.53531656 -12.67111463 -1.94541682
v 2.41830118 -12.67111463 -2.12079322
v 2.28922538 -12.67111463 -2.28922538
v 2.14907637 -12.67111463 -2.45055194
v 1.99877527 -12.67111463 -2.60485464
v 1.83905071 -12.67111463 -2.75233389
v 1.67035913 -12.67111463 -2.89314688
v 1.49286656 -12.67111463 -3.02723393
v 1.30649664 -12.67111463 -3.15416191
v 1.11103806 -12.67111463 -3.27301257
v 0.90629459 -12.67111463 -3.38233747
v 0.69225323 -12.67111463 -3.48019199
v 0.46924229 -12.67111463 -3.56424907
v 0.23805260 -12.67111463 -3.63198079
v 0.00000000 -12.67111463 -3.68088548
v -0.24308302 -12.67111463 -3.70873017
v -0.48892779 -12.67111463 -3.71377528
v -0.73497127 -12.67111463 -3.69495008
v -0.97853829 -12.67111463 -3.65195461
v -1.21703652 -12.67111463 -3.58527398
v -1.44813374 -12.67111463 -3.49610412
v -1.66988956 -12.67111463 -3.38620104
v -1.88082091 -12.67111463 -3.25767737
v -2.07989132 -12.67111463 -3.11277734
v -2.26642673 -12.67111463 -2.95366482
v -2.43997329 -12.67111463 -2.78225630
v -2.60012325 -12.67111463 -2.60012325
v -2.74634153 -12.67111463 -2.40847688
v -2.87782708 -12.67111463 -2.20823438
v -2.99343917 -12.67111463 -2.00015211
v -3.09170932 -12.67111463 -1.78499921
v -3.17094642 -12.67111463 -1.56373772
v -3.22942742 -12.67111463 -1.33767264
v -3.26565105 -12.67111463 -1.10853916
v -3.27861978 -12.67111463 -0.87850352
v -3.26810746 -12.67111463 -0.65006699
v -3.23486875 -12.67111463 -0.42587855
v -3.18075131 -12.67111463 -0.20847746
v -3.10868279 -12.67111463 -0.00000000
v -3.02252075 -12.67111463 0.19810648
v -2.92677208 -12.67111463 0.38531685
v -2.82620717 -12.67111463 0.56216756
v -2.72541001 -12.67111463 0.73027141
v -2.62831649 -12.67111463 0.89219322
v -2.53779762 -12.67111463 1.05119019
v -2.45534094 -12.67111463 1.21084015
v -2.38087306 -12.67111463 1.37459770
v -2.31274989 -12.67111463 1.54533007
v -2.24792040 -12.67111463 1.72488999
v -2.18224845 -12.67111463 1.91378053
v -2.11095720 -12.67111463 2.11095720
v -2.02914515 -12.67111463 2.31379660
v -1.93231397 -12.67111463 2.51824060
v -1.81684687 -12.67111463 2.71910349
v -1.68038309 -12.67111463 2.91050888
v -1.52204751 -12.67111463 3.08640703
v -1.34251310 -12.67111463 3.24111334
v -1.14389513 -12.67111463 3.36980639
v -0.92949681 -12.67111463 3.46892934
v -0.70344393 -12.67111463 3.53645145
v -0.47025802 -12.67111463 3.57196428
v -0.23442328 -12.67111463 3.57660807
v -0.00000000 -12.67111463 3.55284468
v 0.22967161 -12.67111463 3.50411156
v 0.45214791 -12.67111463 3.43440437
v 0.66592719 -12.67111463 3.34784208
v 0.87037064 -12.67111463 3.24826743
v 1.06552243 -12.67111463 3.13892786
v 1.25186456 -12.67111463 3.02226839
v 1.43004839 -12.67111463 2.89985127
v 1.60064530 -12.67111463 2.77239898
v 1.76395238 -12.67111463 2.63994129
v 1.91987831 -12.67111463 2.50203412
v 2.06792024 -12.67111463 2.35801111
v 2.20722757 -12.67111463 2.20722757
v 2.33673481 -12.67111463 2.04926143
v 2.45533585 -12.67111463 1.88404546
v 2.56206649 -12.67111463 1.71191810
v 2.65626239 -12.67111463 1.53359381
v 2.73766520 -12.67111463 1.35006707
v 2.80645914 -12.67111463 1.16247344
v 2.86323253 -12.67111463 0.97193648
v 2.90887154 -12.67111463 0.77942978
v 2.94440441 -12.67111463 0.58567845
v 2.97082258 -12.67111463 0.39111621
v 2.98890815 -12.67111463 0.19590339
v 3.00285271 -12.16427005 0.00000000
v 3.00687175 -12.16427005 -0.19708079
v 3.00238914 -12.16427005 -0.39527203
v 2.98852204 -12.16427005 -0.59445399
v 2.96415065 -12.16427005 -0.79424177
v 2.92808202 -12.16427005 -0.99394991
v 2.87922429 -12.16427005 -1.19261375
v 2.81674338 -12.16427005 -1.38906411
v 2.74017745 -12.16427005 -1.58204219
v 2.64949172 -12.16427005 -1.77033377
v 2.54506632 -12.16427005 -1.95289808
v 2.42762105 -12.16427005 -2.12896652
v 2.29809145 -12.16427005 -2.29809145
v 2.15747868 -12.16427005 -2.46013294
v 2.00669988 -12.16427005 -2.61518220
v 1.84646565 -12.16427005 -2.76343114
v 1.67720684 -12.16427005 -2.90500747
v 1.49906423 -12.16427005 -3.03980155
v 1.31194447 -12.16427005 -3.16731413
v 1.11563408 -12.16427005 -3.28655201
v 0.90995349 -12.16427005 -3.39599265
v 0.69492595 -12.16427005 -3.49362868
v 0.47093299 -12.16427005 -3.57709119
v 0.23882981 -12.16427005 -3.64383880
v 0.00000000 -12.16427005 -3.69138860
v -0.24366166 -12.16427005 -3.71755847
v -0.48983777 -12.16427005 -3.72068722
v -0.73593640 -12.16427005 -3.69980211
v -0.97927661 -12.16427005 -3.65471005
v -1.21728311 -12.16427005 -3.58600041
v -1.44765978 -12.16427005 -3.49495987
v -1.66851466 -12.16427005 -3.38341303
v -1.87841709 -12.16427005 -3.25351384
v -2.07637821 -12.16427005 -3.10751960
v -2.26175937 -12.16427005 -2.94758219
v -2.43412516 -12.16427005 -2.77558779
v -2.59306828 -12.16427005 -2.59306828
v -2.73803897 -12.16427005 -2.40119573
v -2.86821323 -12.16427005 -2.20085742
v -2.98242862 -12.16427005 -1.99279510
v -3.07920710 -12.16427005 -1.77778105
v -3.15687041 -12.16427005 -1.55679621
v -3.21373870 -12.16427005 -1.33117416
v -3.24838798 -12.16427005 -1.10267913
v -3.25993051 -12.16427005 -0.87349575
v -3.24827534 -12.16427005 -0.64612214
v -3.21432528 -12.16427005 -0.42317395
v -3.16007261 -12.16427005 -0.20712210
v -3.08856762 -12.16427005 -0.00000000
v -3.00375037 -12.16427005 0.19687620
v -2.91015482 -12.16427005 0.38312915
v -2.81251282 -12.16427005 0.55944358
v -2.71530085 -12.16427005 0.72756267
v -2.62228287 -12.16427005 0.89014509
v -2.53610562 -12.16427005 1.05048934
v -2.45799874 -12.16427005 1.21215084
v -2.38762081 -12.16427005 1.37849351
v -2.32307483 -12.16427005 1.55222897
v -2.26109651 -12.16427005 1.73500037
v -2.19739670 -12.16427005 1.92706518
v -2.12712013 -12.16427005 2.12712013
v -2.04536788 -12.16427005 2.33229506
v -1.94772293 -12.16427005 2.53832194
v -1.83071804 -12.16427005 2.73986316
v -1.69219273 -12.16427005 2.93096379
v -1.53150081 -12.16427005 3.10557643
v -1.34954867 -12.16427005 3.25809871
v -1.14866628 -12.16427005 3.38386175
v -0.93233327 -12.16427005 3.47951514
v -0.70479959 -12.16427005 3.54326679
v -0.47065178 -12.16427005 3.57495518
v -0.23438029 -12.16427005 3.57595225
v -0.00000000 -12.16427005 3.54891604
v 0.22923365 -12.16427005 3.49742971
v 0.45098563 -12.16427005 3.42557592
v 0.66387022 -12.16427005 3.33750096
v 0.86735714 -12.16427005 3.23702093
v 1.06158001 -12.16427005 3.12731386
v 1.24708403 -12.16427005 3.01072718
v 1.42455575 -12.16427005 2.88871330
v 1.59457650 -12.16427005 2.76188751
v 1.75743478 -12.16427005 2.63018702
v 1.91302111 -12.16427005 2.49309764
v 2.06081430 -12.16427005 2.34990834
v 2.19995347 -12.16427005 2.19995347
v 2.32937638 -12.16427005 2.04280826
v 2.44799570 -12.16427005 1.87841317
v 2.55487956 -12.16427005 1.70711595
v 2.64940425 -12.16427005 1.52963426
v 2.73135255 -12.16427005 1.34695402
v 2.80094158 -12.16427005 1.16018799
v 2.85877605 -12.16427005 0.97042371
v 2.90573584 -12.16427005 0.77858957
v 2.94281711 -12.16427005 0.58536272
v 2.97095411 -12.16427005 0.39113353
v 2.99085120 -12.16427005 0.19603074
v 3.00734998 -11.65742546 0.00000000
v 3.01305534 -11.65742546 -0.19748608
v 3.01006395 -11.65742546 -0.39628244
v 2.99742684 -11.65742546 -0.59622527
v 2.97398276 -11.65742546 -0.79687628
v 2.93852529 -11.65742546 -0.99749493
v 2.88997647 -11.65742546 -1.19706745
v 2.82753927 -11.65742546 -1.39438806
v 2.75080480 -11.65742546 -1.58817789
v 2.65979815 -11.65742546 -1.77722031
v 2.55495694 -11.65742546 -1.96048741
v 2.43704789 -11.65742546 -2.13723364
v 2.30703718 -11.65742546 -2.30703718
v 2.16593775 -11.65742546 -2.46977865
v 2.01466070 -11.65742546 -2.62555694
v 1.85389715 -11.65742546 -2.77455316
v 1.68405170 -11.65742546 -2.91686310
v 1.50524020 -11.65742546 -3.05232518
v 1.31735353 -11.65742546 -3.18037275
v 1.12017789 -11.65742546 -3.29993764
v 0.91355257 -11.65742546 -3.40942461
v 0.69753917 -11.65742546 -3.50676620
v 0.47257395 -11.65742546 -3.58955555
v 0.23957725 -11.65742546 -3.65524244
v 0.00000000 -11.65742546 -3.70136765
v -0.24420212 -11.65742546 -3.72580444
v -0.49066541 -11.65742546 -3.72697381
v -0.73677209 -11.65742546 -3.70400342
v -0.97983875 -11.65742546 -3.65680801
v -1.21731033 -11.65742546 -3.58608059
v -1.44692937 -11.65742546 -3.49319650
v -1.66685414 -11.65742546 -3.38004584
v -1.87570717 -11.65742546 -3.24882012
v -2.07254708 -11.65742546 -3.10178591
v -2.25676981 -11.65742546 -2.94107968
v -2.42795727 -11.65742546 -2.76855466
v -2.58570150 -11.65742546 -2.58570150
v -2.72943756 -11.65742546 -2.39365250
v -2.85831884 -11.65742546 -2.19326518
v -2.97116255 -11.65742546 -1.98526734
v -3.06648344 -11.65742546 -1.77043504
v -3.14261926 -11.65742546 -1.54976831
v -3.19793673 -11.65742546 -1.32462876
v -3.23109216 -11.65742546 -1.09680799
v -3.24130965 -11.65742546 -0.86850630
v -3.22863376 -11.65742546 -0.64221518
v -3.19411352 -11.65742546 -0.42051302
v -3.13988146 -11.65742546 -0.20579870
v -3.06910370 -11.65742546 -0.00000000
v -2.98579391 -11.65742546 0.19569927
v -2.89450278 -11.65742546 0.38106852
v -2.79991280 -11.65742546 0.55693728
v -2.70638276 -11.65742546 0.72517308
v -2.61749615 -11.65742546 0.88852022
v -2.53566958 -11.65742546 1.05030873
v -2.46187244 -11.65742546 1.21406113
v -2.39549668 -11.65742546 1.38304065
v -2.33439773 -11.65742546 1.55979470
v -2.27510678 -11.65742546 1.74575084
v -2.21319308 -11.65742546 1.94091824
v -2.14373592 -11.65742546 2.14373592
v -2.06185234 -11.65742546 2.35109199
v -1.96321908 -11.65742546 2.55851692
v -1.84452883 -11.65742546 2.76053247
v -1.70382888 -11.65742546 2.95111819
v -1.54070594 -11.65742546 3.12424259
v -1.35630017 -11.65742546 3.27439827
v -1.15315323 -11.65742546 3.39707988
v -0.93491533 -11.65742546 3.48915151
v -0.70595281 -11.65742546 3.54906442
v -0.47090849 -11.65742546 3.57690507
v -0.23427034 -11.65742546 3.57427471
v -0.00000000 -11.65742546 3.54402223
v 0.22873810 -11.65742546 3.48986902
v 0.44972179 -11.65742546 3.41597612
v 0.66168363 -11.65742546 3.32650824
v 0.86420223 -11.65742546 3.22524664
v 1.05749948 -11.65742546 3.11529301
v 1.24218178 -11.65742546 2.99889210
v 1.41896839 -11.65742546 2.87738325
v 1.58844827 -11.65742546 2.75127311
v 1.75089955 -11.65742546 2.62040636
v 1.90619343 -11.65742546 2.48419964
v 2.05378996 -11.65742546 2.34189861
v 2.19281799 -11.65742546 2.19281799
v 2.32221877 -11.65742546 2.03653120
v 2.44092370 -11.65742546 1.87298663
v 2.54803267 -11.65742546 1.70254100
v 2.64296117 -11.65742546 1.52591434
v 2.72553073 -11.65742546 1.34408301
v 2.79598809 -11.65742546 1.15813619
v 2.85495046 -11.65742546 0.96912509
v 2.90328722 -11.65742546 0.77793347
v 2.94195854 -11.65742546 0.58519194
v 2.97183830 -11.65742546 0.39124993
v 2.99355107 -11.65742546 0.19620770
v 3.01257901 -11.15058088 0.00000000
v 3.01993067 -11.15058088 -0.19793671
v 3.01837453 -11.15058088 -0.39737655
v 3.00689955 -11.15058088 -0.59810951
v 2.98430779 -11.15058088 -0.79964286
v 2.94938427 -11.15058088 -1.00118105
v 2.90106952 -11.15058088 -1.20166234
v 2.83860727 -11.15058088 -1.39984619
v 2.76164412 -11.15058088 -1.59443597
v 2.67026620 -11.15058088 -1.78421483
v 2.56496846 -11.15058088 -1.96816953
v 2.44656334 -11.15058088 -2.14557846
v 2.31604566 -11.15058088 -2.31604566
v 2.17443793 -11.15058088 -2.47947125
v 2.02264322 -11.15058088 -2.63595997
v 1.86133172 -11.15058088 -2.78567977
v 1.69088123 -11.15058088 -2.92869220
v 1.51138309 -11.15058088 -3.06478173
v 1.32271368 -11.15058088 -3.19331330
v 1.12466082 -11.15058088 -3.31314393
v 0.91708483 -11.15058088 -3.42260718
v 0.70008768 -11.15058088 -3.51957842
v 0.47416186 -11.15058088 -3.60161687
v 0.24029335 -11.15058088 -3.66616814
v 0.00000000 -11.15058088 -3.71080158
v -0.24470327 -11.15058088 -3.73345038
v -0.49140891 -11.15058088 -3.73262127
v -0.73747647 -11.15058088 -3.70754457
v -0.98022341 -11.15058088 -3.65824357
v -1.21711800 -11.15058088 -3.58551400
v -1.44594400 -11.15058088 -3.49081763
v -1.66491158 -11.15058088 -3.37610672
v -1.87269711 -11.15058088 -3.24360654
v -2.06840646 -11.15058088 -3.09558903
v -2.25146926 -11.15058088 -2.93417187
v -2.42148353 -11.15058088 -2.76117277
v -2.57803958 -11.15058088 -2.57803958
v -2.72055681 -11.15058088 -2.38586428
v -2.84816630 -11.15058088 -2.18547487
v -2.95966638 -11.15058088 -1.97758585
v -3.05356695 -11.15058088 -1.76297770
v -3.12822484 -11.15058088 -1.54266977
v -3.18205665 -11.15058088 -1.31805102
v -3.21380183 -11.15058088 -1.09093872
v -3.22279807 -11.15058088 -0.86354614
v -3.20922541 -11.15058088 -0.63835462
v -3.17427690 -11.15058088 -0.41790148
v -3.12022064 -11.15058088 -0.20451007
v -3.05033148 -11.15058088 -0.00000000
v -2.96868761 -11.15058088 0.19457807
v -2.87984614 -11.15058088 0.37913894
v -2.78842949 -11.15058088 0.55465311
v -2.69866885 -11.15058088 0.72310614
v -2.61395914 -11.15058088 0.88731956
v -2.53648159 -11.15058088 1.05064508
v -2.46694356 -11.15058088 1.21656193
v -2.40447247 -11.15058088 1.38822283
v -2.34668208 -11.15058088 1.56800283
v -2.28990831 -11.15058088 1.75710844
v -2.22959055 -11.15058088 1.95529843
v -2.16075587 -11.15058088 2.16075587
v -2.07855054 -11.15058088 2.37013264
v -1.97875732 -11.15058088 2.57876675
v -1.85823884 -11.15058088 2.78105095
v -1.71525711 -11.15058088 2.97091246
v -1.54963515 -11.15058088 3.14234923
v -1.36274666 -11.15058088 3.28996147
v -1.15734142 -11.15058088 3.40941790
v -0.93723395 -11.15058088 3.49780472
v -0.70689888 -11.15058088 3.55382065
v -0.47102638 -11.15058088 3.57780058
v -0.23409320 -11.15058088 3.57157210
v -0.00000000 -11.15058088 3.53816915
v 0.22818586 -11.15058088 3.48144353
v 0.44835913 -11.15058088 3.40562570
v 0.65937259 -11.15058088 3.31488985
v 0.86091383 -11.15058088 3.21297415
v 1.05329167 -11.15058088 3.10289722
v 1.23717148 -11.15058088 2.98679616
v 1.41330264 -11.15058088 2.86589425
v 1.58227938 -11.15058088 2.74058828
v 1.74436758 -11.15058088 2.61063057
v 1.89941798 -11.15058088 2.47536970
v 2.04687140 -11.15058088 2.33400951
v 2.18584643 -11.15058088 2.18584643
v 2.31528794 -11.15058088 2.03045303
v 2.43414597 -11.15058088 1.86778589
v 2.54155149 -11.15058088 1.69821041
v 2.63695764 -11.15058088 1.52244821
v 2.72022228 -11.15058088 1.34146517
v 2.79161841 -11.15058088 1.15632621
v 2.85177186 -11.15058088 0.96804610
v 2.90153745 -11.15058088 0.77746462
v 2.94183556 -11.15058088 0.58516748
v 2.97347673 -11.15058088 0.39146564
v 2.99700400 -11.15058088 0.19643402
v 3.01852903 -10.64373629 0.00000000
v 3.02748236 -10.64373629 -0.19843168
v 3.02730169 -10.64373629 -0.39855183
v 3.01691806 -10.64373629 -0.60010231
v 2.99510166 -10.64373629 -0.80253507
v 2.96063390 -10.64373629 -1.00499979
v 2.91247829 -10.64373629 -1.20638801
v 2.84992289 -10.64373629 -1.40542644
v 2.77267212 -10.64373629 -1.60080299
v 2.68087410 -10.64373629 -1.79130281
v 2.57508080 -10.64373629 -1.97592899
v 2.45614892 -10.64373629 -2.15398479
v 2.32509992 -10.64373629 -2.32509992
v 2.18296358 -10.64373629 -2.48919290
v 2.03063295 -10.64373629 -2.64637238
v 1.86875591 -10.64373629 -2.79679086
v 1.69768303 -10.64373629 -2.94047326
v 1.51748161 -10.64373629 -3.07714831
v 1.32801491 -10.64373629 -3.20611160
v 1.12907432 -10.64373629 -3.32614570
v 0.92054340 -10.64373629 -3.43551473
v 0.70256643 -10.64373629 -3.53203994
v 0.47569348 -10.64373629 -3.61325074
v 0.24097666 -10.64373629 -3.67659338
v 0.00000000 -10.64373629 -3.71967064
v -0.24516401 -10.64373629 -3.74048001
v -0.49206666 -10.64373629 -3.73761737
v -0.73804798 -10.64373629 -3.71041776
v -0.98042970 -10.64373629 -3.65901345
v -1.21670651 -10.64373629 -3.58430179
v -1.44470585 -10.64373629 -3.48782846
v -1.66269131 -10.64373629 -3.37160445
v -1.86939367 -10.64373629 -3.23788482
v -2.06396573 -10.64373629 -3.08894300
v -2.24586979 -10.64373629 -2.92687449
v -2.41471872 -10.64373629 -2.75345898
v -2.57010004 -10.64373629 -2.57010004
v -2.71141696 -10.64373629 -2.37784885
v -2.83777872 -10.64373629 -2.17750420
v -2.94796615 -10.64373629 -1.96976801
v -3.04048674 -10.64373629 -1.75542584
v -3.11371941 -10.64373629 -1.53551648
v -3.16613377 -10.64373629 -1.31145555
v -3.19655513 -10.64373629 -1.08508425
v -3.20443622 -10.64373629 -0.85862610
v -3.19009228 -10.64373629 -0.63454881
v -3.15485780 -10.64373629 -0.41534491
v -3.10113146 -10.64373629 -0.20325889
v -3.03228951 -10.64373629 -0.00000000
v -2.95246546 -10.64373629 0.19351481
v -2.86621245 -10.64373629 0.37734403
v -2.77808234 -10.64373629 0.55259494
v -2.69216909 -10.64373629 0.72136453
v -2.61167145 -10.64373629 0.88654300
v -2.53853055 -10.64373629 1.05149378
v -2.47319058 -10.64373629 1.21964262
v -2.41451718 -10.64373629 1.39402214
v -2.35988891 -10.64373629 1.57682736
v -2.30545616 -10.64373629 1.76903873
v -2.24654056 -10.64373629 1.97016320
v -2.17813024 -10.64373629 2.17813024
v -2.09541397 -10.64373629 2.38936170
v -1.99429249 -10.64373629 2.59901258
v -1.87180798 -10.64373629 2.80135860
v -1.72644359 -10.64373629 2.99028802
v -1.55826149 -10.64373629 3.15984171
v -1.36886808 -10.64373629 3.30473988
v -1.16121717 -10.64373629 3.42083547
v -0.93928087 -10.64373629 3.50544391
v -0.70763370 -10.64373629 3.55751487
v -0.47100412 -10.64373629 3.57763152
v -0.23384887 -10.64373629 3.56784426
v -0.00000000 -10.64373629 3.53136578
v 0.22757805 -10.64373629 3.47217008
v 0.44690072 -10.64373629 3.39454795
v 0.65694269 -10.64373629 3.30267395
v 0.85750039 -10.64373629 3.20023501
v 1.04896797 -10.64373629 3.09016000
v 1.23206733 -10.64373629 2.97447366
v 1.40757533 -10.64373629 2.85428042
v 1.57608899 -10.64373629 2.72986620
v 1.73786002 -10.64373629 2.60089133
v 1.89271760 -10.64373629 2.46663760
v 2.04008278 -10.64373629 2.32626856
v 2.17906387 -10.64373629 2.17906387
v 2.30860944 -10.64373629 2.02459614
v 2.42768800 -10.64373629 1.86283052
v 2.53546082 -10.64373629 1.69414076
v 2.63141709 -10.64373629 1.51924936
v 2.71544840 -10.64373629 1.33911096
v 2.78785075 -10.64373629 1.15476559
v 2.84925468 -10.64373629 0.96719163
v 2.90049647 -10.64373629 0.77718569
v 2.94245310 -10.64373629 0.58529031
v 2.97586903 -10.64373629 0.39178059
v 3.00120428 -10.64373629 0.19670932
v 3.02518737 -10.13689171 0.00000000
v 3.03569334 -10.13689171 -0.19896985
v 3.03682470 -10.13689171 -0.39980556
v 3.02745892 -10.13689171 -0.60219902
v 3.00633921 -10.13689171 -0.80554616
v 2.97224829 -10.13689171 -1.00894234
v 2.92417702 -10.13689171 -1.21123378
v 2.86146121 -10.13689171 -1.41111651
v 2.78386521 -10.13689171 -1.60726533
v 2.69159991 -10.13689171 -1.79846956
v 2.58527373 -10.13689171 -1.98375030
v 2.46578612 -10.13689171 -2.16243639
v 2.33418297 -10.13689171 -2.33418297
v 2.19149906 -10.13689171 -2.49892575
v 2.03861542 -10.13689171 -2.65677533
v 1.87615633 -10.13689171 -2.80786638
v 1.70444476 -10.13689171 -2.95218492
v 1.52352457 -10.13689171 -3.08940220
v 1.33324732 -10.13689171 -3.21874377
v 1.13341002 -10.13689171 -3.33891825
v 0.92392157 -10.13689171 -3.44812224
v 0.70497052 -10.13689171 -3.54412613
v 0.47716576 -10.13689171 -3.62443376
v 0.24162577 -10.13689171 -3.68649683
v 0.00000000 -10.13689171 -3.72795639
v -0.24558339 -10.13689171 -3.74687853
v -0.49263726 -10.13689171 -3.74195150
v -0.73848541 -10.13689171 -3.71261688
v -0.98045721 -10.13689171 -3.65911611
v -1.21607682 -10.13689171 -3.58244679
v -1.44321774 -10.13689171 -3.48423585
v -1.66019841 -10.13689171 -3.36654934
v -1.86580445 -10.13689171 -3.23166810
v -2.05923510 -10.13689171 -3.08186312
v -2.23998429 -10.13689171 -2.91920437
v -2.40767842 -10.13689171 -2.74543106
v -2.56190114 -10.13689171 -2.56190114
v -2.70203900 -10.13689171 -2.36962460
v -2.82717984 -10.13689171 -2.16937139
v -2.93608847 -10.13689171 -1.96183159
v -3.02727233 -10.13689171 -1.74779650
v -3.09913542 -10.13689171 -1.52832446
v -3.15020344 -10.13689171 -1.30485699
v -3.17938999 -10.13689171 -1.07925747
v -3.18626408 -10.13689171 -0.85375689
v -3.17127553 -10.13689171 -0.63080592
v -3.13589741 -10.13689171 -0.41284873
v -3.08265364 -10.13689171 -0.20204779
v -3.01501436 -10.13689171 -0.00000000
v -2.93715905 -10.13689171 0.19251157
v -2.85362655 -10.13689171 0.37568706
v -2.76888783 -10.13689171 0.55076603
v -2.68689032 -10.13689171 0.71995009
v -2.61062947 -10.13689171 0.88618929
v -2.54180217 -10.13689171 1.05284893
v -2.48058896 -10.13689171 1.22329110
v -2.42559706 -10.13689171 1.40041912
v -2.37397692 -10.13689171 1.58624066
v -2.32170356 -10.13689171 1.78150580
v -2.26399322 -10.13689171 1.98546876
v -2.19580847 -10.13689171 2.19580847
v -2.11239378 -10.13689171 2.40872346
v -2.00977953 -10.13689171 2.61919568
v -1.88519661 -10.13689171 2.82139611
v -1.73735523 -10.13689171 3.00918752
v -1.56655888 -10.13689171 3.17666715
v -1.37464530 -10.13689171 3.31868733
v -1.16476769 -10.13689171 3.43129495
v -0.94104860 -10.13689171 3.51204120
v -0.70815381 -10.13689171 3.56012962
v -0.47084080 -10.13689171 3.57639092
v -0.23353753 -10.13689171 3.56309420
v -0.00000000 -10.13689171 3.52362414
v 0.22691595 -10.13689171 3.46206837
v 0.44534995 -10.13689171 3.38276871
v 0.65439999 -10.13689171 3.28989094
v 0.85397085 -10.13689171 3.18706262
v 1.04454027 -10.13689171 3.07711641
v 1.22688404 -10.13689171 2.96196010
v 1.40180372 -10.13689171 2.84257674
v 1.56989656 -10.13689171 2.71914061
v 1.73139826 -10.13689171 2.59122062
v 1.88611518 -10.13689171 2.45803316
v 2.03344814 -10.13689171 2.31870321
v 2.17249510 -10.13689171 2.17249510
v 2.30220834 -10.13689171 2.01898253
v 2.42157459 -10.13689171 1.85813954
v 2.52978455 -10.13689171 1.69034799
v 2.62636174 -10.13689171 1.51633066
v 2.71122893 -10.13689171 1.33703015
v 2.78470174 -10.13689171 1.15346123
v 2.84741157 -10.13689171 0.96656598
v 2.90017233 -10.13689171 0.77709883
v 2.94381414 -10.13689171 0.58556104
v 2.97901286 -10.13689171 0.39219448
v 3.00614426 -10.13689171 0.19703310
v 3.03253959 -9.63004712 0.00000000
v 3.04454489 -9.63004712 -0.19955001
v 3.04692139 -9.63004712 -0.40113481
v 3.03849746 -9.63004712 -0.60439472
v 3.01799428 -9.63004712 -0.80866913
v 2.98420076 -9.63004712 -1.01299966
v 2.93613936 -9.63004712 -1.21618874
v 2.87319688 -9.63004712 -1.41690390
v 2.79519954 -9.63004712 -1.61380921
v 2.70242154 -9.63004712 -1.80570034
v 2.59552700 -9.63004712 -1.99161791
v 2.47545642 -9.63004712 -2.17091702
v 2.34327787 -9.63004712 -2.34327787
v 2.20002879 -9.63004712 -2.50865204
v 2.04657623 -9.63004712 -2.66715007
v 1.88351968 -9.63004712 -2.81888641
v 1.71115419 -9.63004712 -2.96380600
v 1.52950089 -9.63004712 -3.10152100
v 1.33840119 -9.63004712 -3.23118630
v 1.13765969 -9.63004712 -3.35143736
v 0.92721282 -9.63004712 -3.46040536
v 0.70729522 -9.63004712 -3.55581321
v 0.47857573 -9.63004712 -3.63514353
v 0.24223935 -9.63004712 -3.69585836
v 0.00000000 -9.63004712 -3.73564180
v -0.24596054 -9.63004712 -3.75263266
v -0.49311953 -9.63004712 -3.74561468
v -0.73878788 -9.63004712 -3.71413748
v -0.98030597 -9.63004712 -3.65855168
v -1.21523047 -9.63004712 -3.57995351
v -1.44148317 -9.63004712 -3.48004821
v -1.65743868 -9.63004712 -3.36095316
v -1.86193778 -9.63004712 -3.22497084
v -2.05422559 -9.63004712 -3.07436585
v -2.23382647 -9.63004712 -2.91117933
v -2.40037901 -9.63004712 -2.73710768
v -2.55346189 -9.63004712 -2.55346189
v -2.69244456 -9.63004712 -2.36121051
v -2.81639396 -9.63004712 -2.16109509
v -2.92406035 -9.63004712 -1.95379466
v -3.01395354 -9.63004712 -1.74010689
v -3.08450550 -9.63004712 -1.52110978
v -3.13430094 -9.63004712 -1.29826996
v -3.16234402 -9.63004712 -1.07347114
v -3.16832100 -9.63004712 -0.84894905
v -3.15281537 -9.63004712 -0.62713397
v -3.11743556 -9.63004712 -0.41041818
v -3.06482520 -9.63004712 -0.20087926
v -2.99854051 -9.63004712 -0.00000000
v -2.92279753 -9.63004712 0.19157027
v -2.84211053 -9.63004712 0.37417095
v -2.76085942 -9.63004712 0.54916908
v -2.68283621 -9.63004712 0.71886379
v -2.61082637 -9.63004712 0.88625613
v -2.54627903 -9.63004712 1.05470331
v -2.48911124 -9.63004712 1.22749382
v -2.43767578 -9.63004712 1.40739277
v -2.38890259 -9.63004712 1.59621368
v -2.33860196 -9.63004712 1.79447240
v -2.28189735 -9.63004712 2.00117027
v -2.21373926 -9.63004712 2.21373926
v -2.12944086 -9.63004712 2.42816193
v -2.02517355 -9.63004712 2.63925756
v -1.89836565 -9.63004712 2.84110497
v -1.74795970 -9.63004712 3.02755501
v -1.57450219 -9.63004712 3.19277461
v -1.38006020 -9.63004712 3.33176004
v -1.16798113 -9.63004712 3.44076145
v -0.94253051 -9.63004712 3.51757175
v -0.70845637 -9.63004712 3.56165068
v -0.47053591 -9.63004712 3.57407508
v -0.23315960 -9.63004712 3.55732812
v -0.00000000 -9.63004712 3.51495924
v 0.22620103 -9.63004712 3.45116086
v 0.44371056 -9.63004712 3.37031628
v 0.65175096 -9.63004712 3.27657333
v 0.85033466 -9.63004712 3.17349216
v 1.04002093 -9.63004712 3.06380287
v 1.22163675 -9.63004712 2.94929201
v 1.39600541 -9.63004712 2.83081893
v 1.56372186 -9.63004712 2.70844572
v 1.72500380 -9.63004712 2.58165063
v 1.87963361 -9.63004712 2.44958621
v 2.02699135 -9.63004712 2.31134065
v 2.16616452 -9.63004712 2.16616452
v 2.29610910 -9.63004712 2.01363363
v 2.41582971 -9.63004712 1.85373133
v 2.52454551 -9.63004712 1.68684738
v 2.62181259 -9.63004712 1.51370421
v 2.70758226 -9.63004712 1.33523181
v 2.78218635 -9.63004712 1.15241932
v 2.84625340 -9.63004712 0.96617284
v 2.90057116 -9.63004712 0.77720570
v 2.94591967 -9.63004712 0.58597986
v 2.98290388 -9.63004712 0.39270675
v 3.01181436 -9.63004712 0.19740474
v 3.04056943 -9.12320254 0.00000000
v 3.05401665 -9.12320254 -0.20017083
v 3.05756817 -9.12320254 -0.40253649
v 3.05000782 -9.12320254 -0.60668428
v 3.03003976 -9.12320254 -0.81189671
v 2.99646387 -9.12320254 -1.01716242
v 2.94833842 -9.12320254 -1.22124176
v 2.88510422 -9.12320254 -1.42277595
v 2.80665108 -9.12320254 -1.62042076
v 2.71331681 -9.12320254 -1.81298033
v 2.60582033 -9.12320254 -1.99951627
v 2.48514134 -9.12320254 -2.17941046
v 2.35236773 -9.12320254 -2.35236773
v 2.20853727 -9.12320254 -2.51835410
v 2.05450110 -9.12320254 -2.67747796
v 1.89083277 -9.12320254 -2.82983122
v 1.71779923 -9.12320254 -2.97531555
v 1.53539969 -9.12320254 -3.11348257
v 1.34346695 -9.12320254 -3.24341612
v 1.14181529 -9.12320254 -3.36367939
v 0.93041082 -9.12320254 -3.47234044
v 0.70953599 -9.12320254 -3.56707828
v 0.47992059 -9.12320254 -3.64535877
v 0.24281619 -9.12320254 -3.70465912
v 0.00000000 -9.12320254 -3.74271123
v -0.24629468 -9.12320254 -3.75773072
v -0.49351250 -9.12320254 -3.74859957
v -0.73895484 -9.12320254 -3.71497685
v -0.97997648 -9.12320254 -3.65732202
v -1.21416953 -9.12320254 -3.57682810
v -1.43950627 -9.12320254 -3.47527555
v -1.65441865 -9.12320254 -3.35482916
v -1.85780279 -9.12320254 -3.21780883
v -2.04894897 -9.12320254 -3.06646884
v -2.22741077 -9.12320254 -2.90281823
v -2.39283756 -9.12320254 -2.72850830
v -2.54480194 -9.12320254 -2.54480194
v -2.68265587 -9.12320254 -2.35262606
v -2.80544587 -9.12320254 -2.15269433
v -2.91190922 -9.12320254 -1.94567553
v -3.00056042 -9.12320254 -1.73237437
v -3.06986231 -9.12320254 -1.51388856
v -3.11846137 -9.12320254 -1.29170899
v -3.14545441 -9.12320254 -1.06773789
v -3.15064563 -9.12320254 -0.84421295
v -3.13475096 -9.12320254 -0.62354073
v -3.09951070 -9.12320254 -0.40805833
v -3.04768235 -9.12320254 -0.19975565
v -2.98290025 -9.12320254 -0.00000000
v -2.90940752 -9.12320254 0.19069264
v -2.83168363 -9.12320254 0.37279822
v -2.75400750 -9.12320254 0.54780615
v -2.68000721 -9.12320254 0.71810577
v -2.61225210 -9.12320254 0.88674010
v -2.55194062 -9.12320254 1.05704841
v -2.49872706 -9.12320254 1.23223582
v -2.45071442 -9.12320254 1.41492063
v -2.40462029 -9.12320254 1.60671591
v -2.35610119 -9.12320254 1.80790003
v -2.30020071 -9.12320254 2.01722188
v -2.23187073 -9.12320254 2.23187073
v -2.14650601 -9.12320254 2.44762101
v -2.04043001 -9.12320254 2.65914015
v -1.91127664 -9.12320254 2.86042764
v -1.75822559 -9.12320254 3.04533606
v -1.58206733 -9.12320254 3.20811518
v -1.38509567 -9.12320254 3.34391676
v -1.17084664 -9.12320254 3.44920296
v -0.94372077 -9.12320254 3.52201388
v -0.70853920 -9.12320254 3.56206708
v -0.47008941 -9.12320254 3.57068358
v -0.23271570 -9.12320254 3.55055542
v -0.00000000 -9.12320254 3.50538912
v 0.22543495 -9.12320254 3.43947274
v 0.44198658 -9.12320254 3.35722137
v 0.64900246 -9.12320254 3.26275568
v 0.84660168 -9.12320254 3.15956048
v 1.03542278 -9.12320254 3.05025715
v 1.21634099 -9.12320254 2.93650692
v 1.39019834 -9.12320254 2.81904337
v 1.55758485 -9.12320254 2.69781609
v 1.71869822 -9.12320254 2.57221367
v 1.87329568 -9.12320254 2.44132646
v 2.02073599 -9.12320254 2.30420778
v 2.16009607 -9.12320254 2.16009607
v 2.29033552 -9.12320254 2.00857035
v 2.41047645 -9.12320254 1.84962363
v 2.51976545 -9.12320254 1.68365345
v 2.61778933 -9.12320254 1.51138138
v 2.70452523 -9.12320254 1.33372425
v 2.78031787 -9.12320254 1.15164537
v 2.84578920 -9.12320254 0.96601526
v 2.90169717 -9.12320254 0.77750741
v 2.94876869 -9.12320254 0.58654656
v 2.98753578 -9.12320254 0.39331655
v 3.01820309 -9.12320254 0.19782348
v 3.04925890 -8.61635795 0.00000000
v 3.06408671 -8.61635795 -0.20083085
v 3.06874009 -8.61635795 -0.40400730
v 3.06196302 -8.61635795 -0.60906231
v 3.04244763 -8.61635795 -0.81522139
v 3.00900957 -8.61635795 -1.02142111
v 2.96074687 -8.61635795 -1.22638151
v 2.89715727 -8.61635795 -1.42871986
v 2.81819564 -8.61635795 -1.62708601
v 2.72426351 -8.61635795 -1.82029468
v 2.61613348 -8.61635795 -2.00742983
v 2.49482247 -8.61635795 -2.18790058
v 2.36143577 -8.61635795 -2.36143577
v 2.21700912 -8.61635795 -2.52801439
v 2.06237586 -8.61635795 -2.68774056
v 1.89808255 -8.61635795 -2.84068128
v 1.72436795 -8.61635795 -2.98669291
v 1.54121022 -8.61635795 -3.12526517
v 1.34843523 -8.61635795 -3.25541062
v 1.14586902 -8.61635795 -3.37562129
v 0.93350943 -8.61635795 -3.48390463
v 0.71168844 -8.61635795 -3.57789942
v 0.48119769 -8.61635795 -3.65505930
v 0.24335511 -8.61635795 -3.71288156
v 0.00000000 -8.61635795 -3.74915056
v -0.24658516 -8.61635795 -3.76216257
v -0.49381542 -8.61635795 -3.75090052
v -0.73898610 -8.61635795 -3.71513398
v -0.97946970 -8.61635795 -3.65543069
v -1.21289667 -8.61635795 -3.57307838
v -1.43729183 -8.61635795 -3.46992943
v -1.65114556 -8.61635795 -3.34819198
v -1.85340932 -8.61635795 -3.21019911
v -2.04341777 -8.61635795 -3.05819081
v -2.22075236 -8.61635795 -2.89414082
v -2.38507181 -8.61635795 -2.71965317
v -2.53594157 -8.61635795 -2.53594157
v -2.67269567 -8.61635795 -2.34389119
v -2.79436078 -8.61635795 -2.14418844
v -2.89966275 -8.61635795 -1.93749270
v -2.98712315 -8.61635795 -1.72461636
v -3.05523845 -8.61635795 -1.50667687
v -3.10271957 -8.61635795 -1.28518852
v -3.12875780 -8.61635795 -1.06207016
v -3.13327576 -8.61635795 -0.83955871
v -3.11712026 -8.61635795 -0.62003377
v -3.08215973 -8.61635795 -0.40577403
v -3.03125938 -8.61635795 -0.19867924
v -2.96812361 -8.61635795 -0.00000000
v -2.89701303 -8.61635795 0.18988027
v -2.82236220 -8.61635795 0.37157103
v -2.74833940 -8.61635795 0.54667870
v -2.67840061 -8.61635795 0.71767528
v -2.61489346 -8.61635795 0.88763672
v -2.55876336 -8.61635795 1.05987449
v -2.50940329 -8.61635795 1.23750075
v -2.46467166 -8.61635795 1.42297884
v -2.42108237 -8.61635795 1.61771552
v -2.37414959 -8.61635795 1.82174906
v -2.31885005 -8.61635795 2.03357691
v -2.25015055 -8.61635795 2.25015055
v -2.16354007 -8.61635795 2.46704462
v -2.05550477 -8.61635795 2.67878597
v -1.92389193 -8.61635795 2.87930774
v -1.76812247 -8.61635795 3.06247794
v -1.58923126 -8.61635795 3.22264221
v -1.38973574 -8.61635795 3.35511887
v -1.17335436 -8.61635795 3.45659049
v -0.94461444 -8.61635795 3.52534910
v -0.70840077 -8.61635795 3.56137118
v -0.46950168 -8.61635795 3.56621931
v -0.23220664 -8.61635795 3.54278866
v -0.00000000 -8.61635795 3.49493477
v 0.22461953 -8.61635795 3.42703184
v 0.44018236 -8.61635795 3.34351698
v 0.64616175 -8.61635795 3.24847450
v 0.84278220 -8.61635795 3.14530598
v 1.03075903 -8.61635795 3.03651820
v 1.21101265 -8.61635795 2.92364317
v 1.38440072 -8.61635795 2.80728696
v 1.55150561 -8.61635795 2.68728655
v 1.71250310 -8.61635795 2.56294201
v 1.86712402 -8.61635795 2.43328340
v 2.01470532 -8.61635795 2.29733112
v 2.15431317 -8.61635795 2.15431317
v 2.28491067 -8.61635795 2.00381288
v 2.40553695 -8.61635795 1.84583342
v 2.51546495 -8.61635795 1.68077994
v 2.61431025 -8.61635795 1.50937273
v 2.70207313 -8.61635795 1.33251500
v 2.77910784 -8.61635795 1.15114416
v 2.84602610 -8.61635795 0.96609568
v 2.90355259 -8.61635795 0.77800457
v 2.95235822 -8.61635795 0.58726056
v 2.99290027 -8.61635795 0.39402280
v 3.02529709 -8.61635795 0.19828845
v 3.05858828 -8.10951336 0.00000000
v 3.07473164 -8.10951336 -0.20152856
v 3.08041092 -8.10951336 -0.40554379
v 3.07433503 -8.10951336 -0.61152326
v 3.05518908 -8.10951336 -0.81863545
v 3.02180919 -8.10951336 -1.02576600
v 2.97333702 -8.10951336 -1.23159652
v 2.90932986 -8.10951336 -1.43472272
v 2.82980896 -8.10951336 -1.63379097
v 2.73523944 -8.10951336 -1.82762856
v 2.62644629 -8.10951336 -2.01534312
v 2.50448152 -8.10951336 -2.19637134
v 2.37046536 -8.10951336 -2.37046536
v 2.22542911 -8.10951336 -2.53761555
v 2.07018652 -8.10951336 -2.69791960
v 1.90525614 -8.10951336 -2.85141732
v 1.73084861 -8.10951336 -2.99791773
v 1.54692197 -8.10951336 -3.13684745
v 1.35329690 -8.10951336 -3.26714773
v 1.14981328 -8.10951336 -3.38724071
v 0.93650277 -8.10951336 -3.49507591
v 0.71374844 -8.10951336 -3.58825571
v 0.48240453 -8.10951336 -3.66422616
v 0.24385508 -8.10951336 -3.72050949
v 0.00000000 -8.10951336 -3.75494714
v -0.24683142 -8.10951336 -3.76591975
v -0.49402779 -8.10951336 -3.75251358
v -0.73888179 -8.10951336 -3.71460959
v -0.97878704 -8.10951336 -3.65288295
v -1.21141510 -8.10951336 -3.56871379
v -1.43484528 -8.10951336 -3.46402293
v -1.64762731 -8.10951336 -3.34105767
v -1.84876791 -8.10951336 -3.20215995
v -2.03764520 -8.10951336 -3.04955154
v -2.21386707 -8.10951336 -2.88516774
v -2.37710015 -8.10951336 -2.71056322
v -2.52690158 -8.10951336 -2.52690158
v -2.66258714 -8.10951336 -2.33502625
v -2.78316424 -8.10951336 -2.13559703
v -2.88734884 -8.10951336 -1.92926481
v -2.97367196 -8.10951336 -1.71685031
v -3.04066639 -8.10951336 -1.49949072
v -3.08710998 -8.10951336 -1.27872282
v -3.11229021 -8.10951336 -1.05648017
v -3.11624823 -8.10951336 -0.83499620
v -3.09995997 -8.10951336 -0.61662038
v -3.06541788 -8.10951336 -0.40356992
v -3.01558859 -8.10951336 -0.19765212
v -2.95423824 -8.10951336 -0.00000000
v -2.88563538 -8.10951336 0.18913453
v -2.81415964 -8.10951336 0.37049115
v -2.74385930 -8.10951336 0.54578755
v -2.67801051 -8.10951336 0.71757075
v -2.61873408 -8.10951336 0.88894044
v -2.56672070 -8.10951336 1.06317053
v -2.52110407 -8.10951336 1.24327094
v -2.47950382 -8.10951336 1.43154220
v -2.43823934 -8.10951336 1.62917944
v -2.39269414 -8.10951336 1.83597879
v -2.33779132 -8.10951336 2.05018797
v -2.26852608 -8.10951336 2.26852608
v -2.18049402 -8.10951336 2.48637690
v -2.07035429 -8.10951336 2.69813824
v -1.93617468 -8.10951336 2.89769019
v -1.77762094 -8.10951336 3.07892979
v -1.59597213 -8.10951336 3.23631133
v -1.39396555 -8.10951336 3.36533053
v -1.17549550 -8.10951336 3.46289808
v -0.94520744 -8.10951336 3.52756220
v -0.70804024 -8.10951336 3.55955868
v -0.46877353 -8.10951336 3.56068845
v -0.23163345 -8.10951336 3.53404355
v -0.00000000 -8.10951336 3.48362006
v 0.22375677 -8.10951336 3.41386860
v 0.43830255 -8.10951336 3.32923838
v 0.64323647 -8.10951336 3.23376813
v 0.83888691 -8.10951336 3.13076856
v 1.02604328 -8.10951336 3.02262604
v 1.20566794 -8.10951336 2.91073988
v 1.37863095 -8.10951336 2.79558702
v 1.54550434 -8.10951336 2.67689203
v 1.70643994 -8.10951336 2.55386785
v 1.86114103 -8.10951336 2.42548621
v 2.00892215 -8.10951336 2.29073668
v 2.14883859 -8.10951336 2.14883859
v 2.27985677 -8.10951336 1.99938073
v 2.40103231 -8.10951336 1.84237689
v 2.51166331 -8.10951336 1.67823977
v 2.61139220 -8.10951336 1.50768799
v 2.70023960 -8.10951336 1.33161081
v 2.77856600 -8.10951336 1.15091972
v 2.84696934 -8.10951336 0.96641587
v 2.90613769 -8.10951336 0.77869725
v 2.95668328 -8.10951336 0.58812087
v 2.99898712 -8.10951336 0.39482414
v 3.03308112 -8.10951336 0.19879864
v 3.06853623 -7.60266878 0.00000000
v 3.08592656 -7.60266878 -0.20226231
v 3.09255318 -7.60266878 -0.40714235
v 3.08709482 -7.60266878 -0.61406134
v 3.06823456 -7.60266878 -0.82213097
v 3.03483355 -7.60266878 -1.03018717
v 2.98608082 -7.60266878 -1.23687517
v 2.92159567 -7.60266878 -1.44077154
v 2.84146675 -7.60266878 -1.64052159
v 2.74622246 -7.60266878 -1.83496718
v 2.63673873 -7.60266878 -2.02324078
v 2.51410037 -7.60266878 -2.20480685
v 2.37944003 -7.60266878 -2.37944003
v 2.23378221 -7.60266878 -2.54714044
v 2.07791926 -7.60266878 -2.70799711
v 1.91234088 -7.60266878 -2.86202038
v 1.73722966 -7.60266878 -3.00897003
v 1.55252465 -7.60266878 -3.14820855
v 1.35804305 -7.60266878 -3.27860595
v 1.15364073 -7.60266878 -3.39851600
v 0.93938516 -7.60266878 -3.50583314
v 0.71571202 -7.60266878 -3.59812729
v 0.48353877 -7.60266878 -3.67284161
v 0.24431510 -7.60266878 -3.72752816
v 0.00000000 -7.60266878 -3.76008988
v -0.24703301 -7.60266878 -3.76899541
v -0.49414929 -7.60266878 -3.75343652
v -0.73864240 -7.60266878 -3.71340610
v -0.97793035 -7.60266878 -3.64968574
v -1.20972855 -7.60266878 -3.56374539
v -1.43217264 -7.60266878 -3.45757061
v -1.64387246 -7.60266878 -3.33344360
v -1.84388979 -7.60266878 -3.19371079
v -2.03164513 -7.60266878 -3.04057181
v -2.20677137 -7.60266878 -2.87592044
v -2.36894149 -7.60266878 -2.70126006
v -2.51770326 -7.60266878 -2.51770326
v -2.65235384 -7.60266878 -2.32605189
v -2.77188203 -7.60266878 -2.12693989
v -2.87499550 -7.60266878 -1.92101058
v -2.96023701 -7.60266878 -1.70909363
v -3.02617832 -7.60266878 -1.49234600
v -3.07166658 -7.60266878 -1.27232596
v -3.09608688 -7.60266878 -1.05097988
v -3.09959884 -7.60266878 -0.83053500
v -3.08330539 -7.60266878 -0.61330758
v -3.04931867 -7.60266878 -0.40145042
v -3.00070016 -7.60266878 -0.19667628
v -2.94126935 -7.60266878 -0.00000000
v -2.87529314 -7.60266878 0.18845667
v -2.80708640 -7.60266878 0.36955994
v -2.74056827 -7.60266878 0.54513292
v -2.67882783 -7.60266878 0.71778975
v -2.62375451 -7.60266878 0.89064464
v -2.57578319 -7.60266878 1.06692433
v -2.53379095 -7.60266878 1.24952742
v -2.49516503 -7.60266878 1.44058420
v -2.45603994 -7.60266878 1.64107342
v -2.41168059 -7.60266878 1.85054761
v -2.35696980 -7.60266878 2.06700703
v -2.28694450 -7.60266878 2.28694450
v -2.19731915 -7.60266878 2.50556229
v -2.08493570 -7.60266878 2.71714110
v -1.94808908 -7.60266878 2.91552134
v -1.78669279 -7.60266878 3.09464270
v -1.60226928 -7.60266878 3.24908069
v -1.39777143 -7.60266878 3.37451875
v -1.17726232 -7.60266878 3.46810297
v -0.94549659 -7.60266878 3.52864132
v -0.70745743 -7.60266878 3.55662866
v -0.46790621 -7.60266878 3.55410048
v -0.23099738 -7.60266878 3.52433893
v -0.00000000 -7.60266878 3.47147173
v 0.22284882 -7.60266878 3.40001598
v 0.43635206 -7.60266878 3.31442294
v 0.64023459 -7.60266878 3.21867666
v 0.83492685 -7.60266878 3.11598941
v 1.02128945 -7.60266878 3.00862169
v 1.20032328 -7.60266878 2.89783675
v 1.37290758 -7.60266878 2.78398116
v 1.53960121 -7.60266878 2.66666752
v 1.70053011 -7.60266878 2.54502316
v 1.85536876 -7.60266878 2.41796365
v 2.00340881 -7.60266878 2.28444992
v 2.14369443 -7.60266878 2.14369443
v 2.27519515 -7.60266878 1.99529259
v 2.39698251 -7.60266878 1.83926937
v 2.50837855 -7.60266878 1.67604496
v 2.60905049 -7.60266878 1.50633601
v 2.69903660 -7.60266878 1.33101756
v 2.77870028 -7.60266878 1.15097534
v 2.84862222 -7.60266878 0.96697694
v 2.90945071 -7.60266878 0.77958497
v 2.96173688 -7.60266878 0.58912610
v 3.00578416 -7.60266878 0.39571899
v 3.04153812 -7.60266878 0.19935294
v 3.07907976 -7.09582419 0.00000000
v 3.09764518 -7.09582419 -0.20303039
v 3.10513827 -7.09582419 -0.40879921
v 3.10021247 -7.09582419 -0.61667060
v 3.08155384 -7.09582419 -0.82569986
v 3.04805305 -7.09582419 -1.03467459
v 2.99895001 -7.09582419 -1.24220577
v 2.93392829 -7.09582419 -1.44685332
v 2.85314476 -7.09582419 -1.64726390
v 2.75719057 -7.09582419 -1.84229584
v 2.64699092 -7.09582419 -2.03110757
v 2.52366110 -7.09582419 -2.21319139
v 2.38834354 -7.09582419 -2.38834354
v 2.24205359 -7.09582419 -2.55657213
v 2.08556050 -7.09582419 -2.71795537
v 1.91932431 -7.09582419 -2.87247182
v 1.74349981 -7.09582419 -3.01983026
v 1.55800819 -7.09582419 -3.15932808
v 1.36266503 -7.09582419 -3.28976440
v 1.15734428 -7.09582419 -3.40942629
v 0.94215119 -7.09582419 -3.51615612
v 0.71757546 -7.09582419 -3.60749542
v 0.48459826 -7.09582419 -3.68088920
v 0.24473432 -7.09582419 -3.73392420
v 0.00000000 -7.09582419 -3.76456928
v -0.24718959 -7.09582419 -3.77138439
v -0.49417987 -7.09582419 -3.75366881
v -0.73826876 -7.09582419 -3.71152770
v -0.97690194 -7.09582419 -3.64584769
v -1.20784132 -7.09582419 -3.55818579
v -1.42928055 -7.09582419 -3.45058848
v -1.63989023 -7.09582419 -3.32536843
v -1.83878681 -7.09582419 -3.18487218
v -2.02543207 -7.09582419 -3.03127331
v -2.19948229 -7.09582419 -2.86642112
v -2.36061527 -7.09582419 -2.69176582
v -2.50836831 -7.09582419 -2.50836831
v -2.64201967 -7.09582419 -2.31698906
v -2.76054015 -7.09582419 -2.11823696
v -2.86263077 -7.09582419 -1.91274873
v -2.94684832 -7.09582419 -1.70136367
v -3.01180609 -7.09582419 -1.48525840
v -3.05642275 -7.09582419 -1.26601176
v -3.08018221 -7.09582419 -1.04558097
v -3.08336220 -7.09582419 -0.82618441
v -3.06719033 -7.09582419 -0.61010209
v -3.03389376 -7.09582419 -0.39941969
v -2.98662210 -7.09582419 -0.19575355
v -2.92923965 -7.09582419 -0.00000000
v -2.86600213 -7.09582419 0.18784770
v -2.80114992 -7.09582419 0.36877838
v -2.73846427 -7.09582419 0.54471441
v -2.68084033 -7.09582419 0.71832900
v -2.62993223 -7.09582419 0.89274170
v -2.58591850 -7.09582419 1.07112251
v -2.54742293 -7.09582419 1.25624997
v -2.51160731 -7.09582419 1.45007716
v -2.47443133 -7.09582419 1.65336215
v -2.43105364 -7.09582419 1.86541307
v -2.37633019 -7.09582419 2.08398565
v -2.30535299 -7.09582419 2.30535299
v -2.21396720 -7.09582419 2.52454574
v -2.09920692 -7.09582419 2.73573973
v -1.95960033 -7.09582419 2.93274915
v -1.79531102 -7.09582419 3.10956991
v -1.60810335 -7.09582419 3.26091101
v -1.40114096 -7.09582419 3.38265352
v -1.17864819 -7.09582419 3.47218560
v -0.94547961 -7.09582419 3.52857794
v -0.70665281 -7.09582419 3.55258357
v -0.46690139 -7.09582419 3.54646817
v -0.23029985 -7.09582419 3.51369670
v -0.00000000 -7.09582419 3.45851928
v 0.22189800 -7.09582419 3.38550933
v 0.43433608 -7.09582419 3.29911007
v 0.63716441 -7.09582419 3.20324180
v 0.83091339 -7.09582419 3.10101097
v 1.01651173 -7.09582419 2.99454699
v 1.19499535 -7.09582419 2.88497397
v 1.36724924 -7.09582419 2.77250720
v 1.53381638 -7.09582419 2.65664790
v 1.69479476 -7.09582419 2.53643961
v 1.84982893 -7.09582419 2.41074399
v 1.99818704 -7.09582419 2.27849564
v 2.13890199 -7.09582419 2.13890199
v 2.27094615 -7.09582419 1.99156632
v 2.39340636 -7.09582419 1.83652529
v 2.50562728 -7.09582419 1.67420662
v 2.60729891 -7.09582419 1.50532473
v 2.69847436 -7.09582419 1.33074029
v 2.77951672 -7.09582419 1.15131352
v 2.85098609 -7.09582419 0.96777937
v 2.91348793 -7.09582419 0.78066674
v 2.96751008 -7.09582419 0.59027446
v 3.01327731 -7.09582419 0.39670548
v 3.05064927 -7.09582419 0.19995012
v 3.09019436 -6.58897961 0.00000000
v 3.10985989 -6.58897961 -0.20383099
v 3.11813647 -6.58897961 -0.41051045
v 3.11365723 -6.58897961 -0.61934493
v 3.09511612 -6.58897961 -0.82933386
v 3.06143770 -6.58897961 -1.03921807
v 3.01191613 -6.58897961 -1.24757651
v 2.94630128 -6.58897961 -1.45295500
v 2.86481883 -6.58897961 -1.65400393
v 2.76812193 -6.58897961 -1.84959994
v 2.65718323 -6.58897961 -2.03892840
v 2.53314603 -6.58897961 -2.22150944
v 2.39715989 -6.58897961 -2.39715989
v 2.25022868 -6.58897961 -2.56589404
v 2.09309691 -6.58897961 -2.72777700
v 1.92619424 -6.58897961 -2.88275340
v 1.74964804 -6.58897961 -3.03047929
v 1.56336284 -6.58897961 -3.17018622
v 1.36715448 -6.58897961 -3.30060289
v 1.16091712 -6.58897961 -3.41995155
v 0.94479572 -6.58897961 -3.52602563
v 0.71933525 -6.58897961 -3.61634252
v 0.48558099 -6.58897961 -3.68835383
v 0.24511196 -6.58897961 -3.73968579
v 0.00000000 -6.58897961 -3.76837743
v -0.24730094 -6.58897961 -3.77308321
v -0.49411969 -6.58897961 -3.75321166
v -0.73776204 -6.58897961 -3.70898024
v -0.97570458 -6.58897961 -3.64137906
v -1.20575822 -6.58897961 -3.55204917
v -1.42617621 -6.58897961 -3.44309396
v -1.63569043 -6.58897961 -3.31685207
v -1.83347146 -6.58897961 -3.17566572
v -2.01902109 -6.58897961 -3.02167860
v -2.19201737 -6.58897961 -2.85669266
v -2.35214136 -6.58897961 -2.68210318
v -2.49891878 -6.58897961 -2.49891878
v -2.63160870 -6.58897961 -2.30785889
v -2.74916467 -6.58897961 -2.10950825
v -2.85028262 -6.58897961 -1.90449796
v -2.93353568 -6.58897961 -1.69367761
v -2.99758112 -6.58897961 -1.47824342
v -3.04141118 -6.58897961 -1.25979376
v -3.06460962 -6.58897961 -1.04029479
v -3.06757169 -6.58897961 -0.82195336
v -3.05164700 -6.58897961 -0.60701033
v -3.01917290 -6.58897961 -0.39748165
v -2.97338014 -6.58897961 -0.19488563
v -2.91816928 -6.58897961 -0.00000000
v -2.85777529 -6.58897961 0.18730849
v -2.79635459 -6.58897961 0.36814707
v -2.73754209 -6.58897961 0.54453098
v -2.68403267 -6.58897961 0.71918439
v -2.63724172 -6.58897961 0.89522293
v -2.59709158 -6.58897961 1.07575056
v -2.56195664 -6.58897961 1.26341720
v -2.52878072 -6.58897961 1.45999223
v -2.49335920 -6.58897961 1.66600935
v -2.45075704 -6.58897961 1.88053202
v -2.39581686 -6.58897961 2.10107500
v -2.32369885 -6.58897961 2.32369885
v -2.23039044 -6.58897961 2.54327286
v -2.11312681 -6.58897961 2.75388048
v -1.97067485 -6.58897961 2.94932334
v -1.80344994 -6.58897961 3.12366693
v -1.61345631 -6.58897961 3.27176574
v -1.40406298 -6.58897961 3.38970789
v -1.17964759 -6.58897961 3.47512973
v -0.94515513 -6.58897961 3.52736695
v -0.70562756 -6.58897961 3.54742928
v -0.46576120 -6.58897961 3.53780755
v -0.22954250 -6.58897961 3.50214178
v -0.00000000 -6.58897961 3.44479496
v 0.22090679 -6.58897961 3.37038637
v 0.43226006 -6.58897961 3.28334113
v 0.63403452 -6.58897961 3.18750677
v 0.82685819 -6.58897961 3.08587679
v 1.01172457 -6.58897961 2.98044447
v 1.18970093 -6.58897961 2.87219213
v 1.36167462 -6.58897961 2.76120298
v 1.52816987 -6.58897961 2.64686785
v 1.68925476 -6.58897961 2.52814841
v 1.84454273 -6.58897961 2.40385489
v 1.99327794 -6.58897961 2.27289788
v 2.13448173 -6.58897961 2.13448173
v 2.26712907 -6.58897961 1.98821883
v 2.39032139 -6.58897961 1.83415811
v 2.50342467 -6.58897961 1.67273489
v 2.60614958 -6.58897961 1.50466116
v 2.69856132 -6.58897961 1.33078317
v 2.78101947 -6.58897961 1.15193598
v 2.85406031 -6.58897961 0.96882293
v 2.91824364 -6.58897961 0.78194103
v 2.97399195 -6.58897961 0.59156378
v 3.02145062 -6.58897961 0.39778152
v 3.06039400 -6.58897961 0.20058882
v 3.10185401 -6.08213502 0.00000000
v 3.12254183 -6.08213502 -0.20466220
v 3.13151708 -6.08213502 -0.41227204
v 3.12739758 -6.08213502 -0.62207806
v 3.10889006 -6.08213502 -0.83302458
v 3.07495723 -6.08213502 -1.04380733
v 3.02495064 -6.08213502 -1.25297558
v 2.95868826 -6.08213502 -1.45906358
v 2.87646496 -6.08213502 -1.66072782
v 2.77899492 -6.08213502 -1.85686504
v 2.66729627 -6.08213502 -2.04668842
v 2.54253775 -6.08213502 -2.22974576
v 2.40587337 -6.08213502 -2.40587337
v 2.25829318 -6.08213502 -2.57508984
v 2.10051541 -6.08213502 -2.73744498
v 1.93293877 -6.08213502 -2.89284731
v 1.75566358 -6.08213502 -3.04089853
v 1.56857910 -6.08213502 -3.18076376
v 1.37150334 -6.08213502 -3.31110196
v 1.16435275 -6.08213502 -3.43007259
v 0.94731387 -6.08213502 -3.53542349
v 0.72098815 -6.08213502 -3.62465221
v 0.48648517 -6.08213502 -3.69522173
v 0.24544733 -6.08213502 -3.74480257
v 0.00000000 -6.08213502 -3.77150803
v -0.24736693 -6.08213502 -3.77409010
v -0.49396912 -6.08213502 -3.75206800
v -0.73712374 -6.08213502 -3.70577130
v -0.97434144 -6.08213502 -3.63629176
v -1.20348457 -6.08213502 -3.54535122
v -1.42286742 -6.08213502 -3.43510582
v -1.63128345 -6.08213502 -3.30791560
v -1.82795677 -6.08213502 -3.16611401
v -2.01242781 -6.08213502 -3.01181106
v -2.18439466 -6.08213502 -2.84675855
v -2.34354003 -6.08213502 -2.67229525
v -2.48937700 -6.08213502 -2.48937700
v -2.62114521 -6.08213502 -2.29868266
v -2.73778167 -6.08213502 -2.10077377
v -2.83797889 -6.08213502 -1.89627687
v -2.92032854 -6.08213502 -1.68605247
v -2.98353427 -6.08213502 -1.47131628
v -3.02666378 -6.08213502 -1.25368519
v -3.04940149 -6.08213502 -1.03513232
v -3.05225931 -6.08213502 -0.81785042
v -3.03670593 -6.08213502 -0.60403837
v -3.00518380 -6.08213502 -0.39563995
v -2.96099769 -6.08213502 -0.19407404
v -2.90807574 -6.08213502 -0.00000000
v -2.85062271 -6.08213502 0.18683968
v -2.79270179 -6.08213502 0.36766617
v -2.73779344 -6.08213502 0.54458097
v -2.68838641 -6.08213502 0.72035097
v -2.64565454 -6.08213502 0.89807870
v -2.60926471 -6.08213502 1.08079283
v -2.57734639 -6.08213502 1.27100659
v -2.54663348 -6.08213502 1.47029953
v -2.51276791 -6.08213502 1.67897784
v -2.47073379 -6.08213502 1.89586072
v -2.41537391 -6.08213502 2.11822607
v -2.34192964 -6.08213502 2.34192964
v -2.24654186 -6.08213502 2.56169003
v -2.12665525 -6.08213502 2.77151108
v -1.98128029 -6.08213502 2.96519550
v -1.81108524 -6.08213502 3.13689165
v -1.61831151 -6.08213502 3.28161112
v -1.40652762 -6.08213502 3.39565805
v -1.18025614 -6.08213502 3.47692247
v -0.94452270 -6.08213502 3.52500671
v -0.70438351 -6.08213502 3.54117503
v -0.46448816 -6.08213502 3.52813787
v -0.22872716 -6.08213502 3.48970209
v -0.00000000 -6.08213502 3.43033359
v 0.21987781 -6.08213502 3.35468704
v 0.43012968 -6.08213502 3.26715925
v 0.63085379 -6.08213502 3.17151617
v 0.82277319 -6.08213502 3.07063137
v 1.00694262 -6.08213502 2.96635730
v 1.18445694 -6.08213502 2.85953201
v 1.35620235 -6.08213502 2.75010632
v 1.52268151 -6.08213502 2.63736174
v 1.68393064 -6.08213502 2.52018029
v 1.83953088 -6.08213502 2.39732332
v 1.98870187 -6.08213502 2.26767987
v 2.13045319 -6.08213502 2.13045319
v 2.26376208 -6.08213502 1.98526606
v 2.38774385 -6.08213502 1.83218030
v 2.50178440 -6.08213502 1.67163889
v 2.60561298 -6.08213502 1.50435136
v 2.69930413 -6.08213502 1.33114948
v 2.78321079 -6.08213502 1.15284366
v 2.85784229 -6.08213502 0.97010674
v 2.92371011 -6.08213502 0.78340576
v 2.98116963 -6.08213502 0.59299151
v 3.03028628 -6.08213502 0.39894476
v 3.07075003 -6.08213502 0.20126759
v 3.11403128 -5.57529044 0.00000000
v 3.13566095 -5.57529044 -0.20552208
v 3.14524846 -5.57529044 -0.41407982
v 3.14140133 -5.57529044 -0.62486358
v 3.12284391 -5.57529044 -0.83676350
v 3.08858115 -5.57529044 -1.04843202
v 3.03802494 -5.57529044 -1.25839113
v 2.97106295 -5.57529044 -1.46516610
v 2.88805936 -5.57529044 -1.66742185
v 2.78978821 -5.57529044 -1.86407689
v 2.67731099 -5.57529044 -2.05437297
v 2.55181918 -5.57529044 -2.23788536
v 2.41446858 -5.57529044 -2.41446858
v 2.26623314 -5.57529044 -2.58414363
v 2.10780328 -5.57529044 -2.74694272
v 1.93954630 -5.57529044 -2.90273617
v 1.76153602 -5.57529044 -3.05106989
v 1.57364782 -5.57529044 -3.19104211
v 1.37570385 -5.57529044 -3.32124290
v 1.16764497 -5.57529044 -3.43977116
v 0.94970106 -5.57529044 -3.54433262
v 0.72253114 -5.57529044 -3.63240934
v 0.48730916 -5.57529044 -3.70148057
v 0.24573986 -5.57529044 -3.74926574
v 0.00000000 -5.57529044 -3.77395646
v -0.24738757 -5.57529044 -3.77440499
v -0.49372879 -5.57529044 -3.75024248
v -0.73635571 -5.57529044 -3.70191015
v -0.97281614 -5.57529044 -3.63059928
v -1.20102620 -5.57529044 -3.53810910
v -1.41936248 -5.57529044 -3.42664415
v -1.62668025 -5.57529044 -3.29858123
v -1.82225634 -5.57529044 -3.15624057
v -2.00566833 -5.57529044 -3.00169478
v -2.17663260 -5.57529044 -2.83664283
v -2.33483186 -5.57529044 -2.66236548
v -2.47976551 -5.57529044 -2.47976551
v -2.61065354 -5.57529044 -2.28948171
v -2.72641719 -5.57529044 -2.09205349
v -2.82574716 -5.57529044 -1.88810389
v -2.90725593 -5.57529044 -1.67850499
v -2.96969576 -5.57529044 -1.46449188
v -3.01221158 -5.57529044 -1.24769889
v -3.03458904 -5.57529044 -1.03010417
v -3.03745561 -5.57529044 -0.81388378
v -3.02239588 -5.57529044 -0.60119192
v -2.99195210 -5.57529044 -0.39389797
v -2.94949575 -5.57529044 -0.19332017
v -2.89897384 -5.57529044 -0.00000000
v -2.84455158 -5.57529044 0.18644176
v -2.79018982 -5.57529044 0.36733546
v -2.73920692 -5.57529044 0.54486213
v -2.69388011 -5.57529044 0.72182300
v -2.65513939 -5.57529044 0.90129837
v -2.62239759 -5.57529044 1.08623265
v -2.59354435 -5.57529044 1.27899453
v -2.56511212 -5.57529044 1.48096817
v -2.53260069 -5.57529044 1.69222968
v -2.49092627 -5.57529044 1.91135495
v -2.43494537 -5.57529044 2.13538978
v -2.35999332 -5.57529044 2.35999332
v -2.26237527 -5.57529044 2.57974457
v -2.13975327 -5.57529044 2.78858075
v -1.99138568 -5.57529044 2.98031928
v -1.81819406 -5.57529044 3.14920449
v -1.62265376 -5.57529044 3.29041633
v -1.40852635 -5.57529044 3.40048342
v -1.18047062 -5.57529044 3.47755431
v -0.94358281 -5.57529044 3.52149900
v -0.70292318 -5.57529044 3.53383345
v -0.46308523 -5.57529044 3.51748156
v -0.22785585 -5.57529044 3.47640841
v -0.00000000 -5.57529044 3.41517256
v 0.21881380 -5.57529044 3.33845339
v 0.42795083 -5.57529044 3.25060928
v 0.62763135 -5.57529044 3.15531586
v 0.81867054 -5.57529044 3.05532004
v 1.00218067 -5.57529044 2.95232905
v 1.17928033 -5.57529044 2.84703456
v 1.35085098 -5.57529044 2.73925482
v 1.51737091 -5.57529044 2.62816351
v 1.67884248 -5.57529044 2.51256532
v 1.83481344 -5.57529044 2.39117543
v 1.98447840 -5.57529044 2.26286392
v 2.12683491 -5.57529044 2.12683491
v 2.26086217 -5.57529044 1.98272291
v 2.38568859 -5.57529044 1.83060324
v 2.50071859 -5.57529044 1.67092674
v 2.60569787 -5.57529044 1.50440036
v 2.70070757 -5.57529044 1.33184159
v 2.78609098 -5.57529044 1.15403667
v 2.86232745 -5.57529044 0.97162924
v 2.92987766 -5.57529044 0.78505835
v 2.98902834 -5.57529044 0.59455470
v 3.03976470 -5.57529044 0.40019261
v 3.08169349 -5.57529044 0.20198486
v 3.12669739 -5.06844585 0.00000000
v 3.14918610 -5.06844585 -0.20640856
v 3.15929812 -5.06844585 -0.41592949
v 3.15563572 -5.06844585 -0.62769497
v 3.13694558 -5.06844585 -0.84054203
v 3.10227883 -5.06844585 -1.05308176
v 3.05111050 -5.06844585 -1.26381135
v 2.98339925 -5.06844585 -1.47124969
v 2.89957849 -5.06844585 -1.67407242
v 2.80048078 -5.06844585 -1.87122143
v 2.68720865 -5.06844585 -2.06196772
v 2.56097361 -5.06844585 -2.24591358
v 2.42293049 -5.06844585 -2.42293049
v 2.27403491 -5.06844585 -2.59303984
v 2.11494810 -5.06844585 -2.75625403
v 1.94600555 -5.06844585 -2.91240312
v 1.76725525 -5.06844585 -3.06097589
v 1.57856018 -5.06844585 -3.20100339
v 1.37974861 -5.06844585 -3.33100782
v 1.17078791 -5.06844585 -3.44902996
v 0.95195302 -5.06844585 -3.55273702
v 0.72396147 -5.06844585 -3.63960007
v 0.48805153 -5.06844585 -3.70711942
v 0.24598908 -5.06844585 -3.75306807
v 0.00000000 -5.06844585 -3.77571973
v -0.24736296 -5.06844585 -3.77402951
v -0.49339952 -5.06844585 -3.74774146
v -0.73546012 -5.06844585 -3.69740769
v -0.97113272 -5.06844585 -3.62431667
v -1.19838941 -5.06844585 -3.53034137
v -1.41567024 -5.06844585 -3.41773029
v -1.62189230 -5.06844585 -3.28887223
v -1.81638424 -5.06844585 -3.14606978
v -1.99875919 -5.06844585 -2.99135452
v -2.16874998 -5.06844585 -2.82637000
v -2.32603770 -5.06844585 -2.65233766
v -2.47010699 -5.06844585 -2.47010699
v -2.60015803 -5.06844585 -2.28027739
v -2.71509708 -5.06844585 -2.08336727
v -2.81361473 -5.06844585 -1.87999726
v -2.89434636 -5.06844585 -1.67105165
v -2.95609509 -5.06844585 -1.45778477
v -2.99808462 -5.06844585 -1.24184731
v -3.02020223 -5.06844585 -1.02522051
v -3.02318959 -5.06844585 -0.81006121
v -3.00874377 -5.06844585 -0.59847635
v -2.97950125 -5.06844585 -0.39225878
v -2.93889285 -5.06844585 -0.19262521
v -2.89087568 -5.06844585 -0.00000000
v -2.83956614 -5.06844585 0.18611500
v -2.78881397 -5.06844585 0.36715432
v -2.74176808 -5.06844585 0.54537158
v -2.70048932 -5.06844585 0.72359393
v -2.66566222 -5.06844585 0.90487039
v -2.63644749 -5.06844585 1.09205231
v -2.61050062 -5.06844585 1.28735644
v -2.58416162 -5.06844585 1.49196641
v -2.55279971 -5.06844585 1.70572623
v -2.51127639 -5.06844585 1.92697014
v -2.45447535 -5.06844585 2.15251711
v -2.37783842 -5.06844585 2.37783842
v -2.27784543 -5.06844585 2.59738491
v -2.15238314 -5.06844585 2.80504032
v -2.00096147 -5.06844585 2.99465047
v -1.82475507 -5.06844585 3.16056849
v -1.62646936 -5.06844585 3.29815359
v -1.41005202 -5.06844585 3.40416671
v -1.18028898 -5.06844585 3.47701921
v -0.94233687 -5.06844585 3.51684907
v -0.70124974 -5.06844585 3.52542050
v -0.46155578 -5.06844585 3.50586421
v -0.22693076 -5.06844585 3.46229435
v -0.00000000 -5.06844585 3.39935169
v 0.21771765 -5.06844585 3.32172949
v 0.42572963 -5.06844585 3.23373762
v 0.62437653 -5.06844585 3.13895280
v 0.81456256 -5.06844585 3.03998885
v 0.99745363 -5.06844585 2.93840365
v 1.17418803 -5.06844585 2.83474067
v 1.34563892 -5.06844585 2.72868579
v 1.51225734 -5.06844585 2.61930654
v 1.67400989 -5.06844585 2.50533284
v 1.83040983 -5.06844585 2.38543654
v 1.98062622 -5.06844585 2.25847136
v 2.12364437 -5.06844585 2.12364437
v 2.25844507 -5.06844585 1.98060317
v 2.38416903 -5.06844585 1.82943724
v 2.50023776 -5.06844585 1.67060546
v 2.60641125 -5.06844585 1.50481224
v 2.70277459 -5.06844585 1.33286093
v 2.78965839 -5.06844585 1.15551434
v 2.86750921 -5.06844585 0.97338821
v 2.93673464 -5.06844585 0.78689567
v 2.99755144 -5.06844585 0.59625005
v 3.04986454 -5.06844585 0.40152228
v 3.09319892 -5.06844585 0.20273897
v 3.13982228 -4.56160127 0.00000000
v 3.16308509 -4.56160127 -0.20731955
v 3.17363281 -4.56160127 -0.41781669
v 3.17006746 -4.56160127 -0.63056562
v 3.15116269 -4.56160127 -0.84435150
v 3.11601961 -4.56160127 -1.05774613
v 3.06417887 -4.56160127 -1.26922445
v 2.99567129 -4.56160127 -1.47730159
v 2.91099915 -4.56160127 -1.68066614
v 2.81105198 -4.56160127 -1.87828488
v 2.69697094 -4.56160127 -2.06945859
v 2.56998472 -4.56160127 -2.25381611
v 2.43124445 -4.56160127 -2.43124445
v 2.28168523 -4.56160127 -2.60176336
v 2.12193782 -4.56160127 -2.76536321
v 1.95230562 -4.56160127 -2.92183184
v 1.77281153 -4.56160127 -3.07059964
v 1.58330770 -4.56160127 -3.21063040
v 1.38363057 -4.56160127 -3.34037968
v 1.17377603 -4.56160127 -3.45783270
v 0.95406576 -4.56160127 -3.56062188
v 0.72527663 -4.56160127 -3.64621185
v 0.48871103 -4.56160127 -3.71212884
v 0.24619461 -4.56160127 -3.75620390
v 0.00000000 -4.56160127 -3.77679653
v -0.24729332 -4.56160127 -3.77296701
v -0.49298239 -4.56160127 -3.74457299
v -0.73443946 -4.56160127 -3.69227648
v -0.96929562 -4.56160127 -3.61746051
v -1.19558098 -4.56160127 -3.52206798
v -1.41180002 -4.56160127 -3.40838675
v -1.61693156 -4.56160127 -3.27881284
v -1.81035499 -4.56160127 -3.13562682
v -1.99171732 -4.56160127 -2.98081561
v -2.16076591 -4.56160127 -2.81596496
v -2.31717859 -4.56160127 -2.64223578
v -2.46042418 -4.56160127 -2.46042418
v -2.58968294 -4.56160127 -2.27109099
v -2.70384701 -4.56160127 -2.07473478
v -2.80160845 -4.56160127 -1.87197492
v -2.88162776 -4.56160127 -1.66370857
v -2.94276093 -4.56160127 -1.45120909
v -2.98431189 -4.56160127 -1.23614246
v -3.00626970 -4.56160127 -1.02049105
v -3.00948862 -4.56160127 -0.80639005
v -2.99577456 -4.56160127 -0.59589661
v -2.96785248 -4.56160127 -0.39072519
v -2.92920501 -4.56160127 -0.19199024
v -2.88379061 -4.56160127 -0.00000000
v -2.83566774 -4.56160127 0.18585948
v -2.78856649 -4.56160127 0.36712174
v -2.74545943 -4.56160127 0.54610584
v -2.70818670 -4.56160127 0.72565644
v -2.67718627 -4.56160127 0.90878228
v -2.65136934 -4.56160127 1.09823314
v -2.62816341 -4.56160127 1.29606677
v -2.60372556 -4.56160127 1.50326165
v -2.57330632 -4.56160127 1.71942831
v -2.53172575 -4.56160127 1.94266150
v -2.47390818 -4.56160127 2.16955924
v -2.39541415 -4.56160127 2.39541415
v -2.29290820 -4.56160127 2.61456070
v -2.16450853 -4.56160127 2.82084243
v -2.00997967 -4.56160127 3.00814716
v -1.83074851 -4.56160127 3.17094944
v -1.62974611 -4.56160127 3.30479818
v -1.41109885 -4.56160127 3.40669398
v -1.17971034 -4.56160127 3.47531459
v -0.94078720 -4.56160127 3.51106561
v -0.69936703 -4.56160127 3.51595548
v -0.45990357 -4.56160127 3.49331446
v -0.22595429 -4.56160127 3.44739626
v -0.00000000 -4.56160127 3.38291312
v 0.21659239 -4.56160127 3.30456129
v 0.42347238 -4.56160127 3.21659209
v 0.62109889 -4.56160127 3.12247496
v 0.81046174 -4.56160127 3.02468441
v 0.99277647 -4.56160127 2.92462518
v 1.16919693 -4.56160127 2.82269109
v 1.34058434 -4.56160127 2.71843613
v 1.50735970 -4.56160127 2.61082359
v 1.66945192 -4.56160127 2.49851136
v 1.82633871 -4.56160127 2.38013095
v 1.97716311 -4.56160127 2.25452243
v 2.12089794 -4.56160127 2.12089794
v 2.25652520 -4.56160127 1.97891949
v 2.38319710 -4.56160127 1.82869145
v 2.50035076 -4.56160127 1.67068097
v 2.60775835 -4.56160127 1.50558999
v 2.70550622 -4.56160127 1.33420802
v 2.79390944 -4.56160127 1.15727518
v 2.87337906 -4.56160127 0.97538076
v 2.94426747 -4.56160127 0.78891409
v 3.00672041 -4.56160127 0.59807387
v 3.06056275 -4.56160127 0.40293073
v 3.10523934 -4.56160127 0.20352814
v 3.15337468 -4.05475668 0.00000000
v 3.17732481 -4.05475668 -0.20825287
v 3.18821862 -4.05475668 -0.41973694
v 3.18466286 -4.05475668 -0.63346883
v 3.16546270 -4.05475668 -0.84818317
v 3.12977280 -4.05475668 -1.06241471
v 3.07720181 -4.05475668 -1.27461872
v 3.00785350 -4.05475668 -1.48330920
v 2.92229853 -4.05475668 -1.68718984
v 2.82148161 -4.05475668 -1.88525374
v 2.70657997 -4.05475668 -2.07683186
v 2.57883660 -4.05475668 -2.26157900
v 2.43939621 -4.05475668 -2.43939621
v 2.28917126 -4.05475668 -2.61029954
v 2.12876079 -4.05475668 -2.77425507
v 1.95843597 -4.05475668 -2.93100656
v 1.77819549 -4.05475668 -3.07992493
v 1.58788229 -4.05475668 -3.21990676
v 1.38734303 -4.05475668 -3.34934235
v 1.17660417 -4.05475668 -3.46616411
v 0.95603564 -4.05475668 -3.56797357
v 0.72647442 -4.05475668 -3.65223352
v 0.48928662 -4.05475668 -3.71650086
v 0.24635619 -4.05475668 -3.75866918
v 0.00000000 -4.05475668 -3.77718722
v -0.24717898 -4.05475668 -3.77122253
v -0.49247866 -4.05475668 -3.74074681
v -0.73329654 -4.05475668 -3.68653066
v -0.96730968 -4.05475668 -3.61004886
v -1.19260811 -4.05475668 -3.51331021
v -1.40776162 -4.05475668 -3.39863719
v -1.61181045 -4.05475668 -3.26842827
v -1.80418355 -4.05475668 -3.12493757
v -1.98456000 -4.05475668 -2.97010393
v -2.15269975 -4.05475668 -2.80545294
v -2.30827568 -4.05475668 -2.63208396
v -2.45073983 -4.05475668 -2.45073983
v -2.57925241 -4.05475668 -2.26194366
v -2.69269229 -4.05475668 -2.06617546
v -2.78975473 -4.05475668 -1.86405451
v -2.86912736 -4.05475668 -1.65649145
v -2.92972104 -4.05475668 -1.44477853
v -2.97092122 -4.05475668 -1.23059586
v -2.99281866 -4.05475668 -1.01592504
v -2.99637837 -4.05475668 -0.80287716
v -2.98351121 -4.05475668 -0.59345728
v -2.95702472 -4.05475668 -0.38929969
v -2.92044568 -4.05475668 -0.19141612
v -2.87772518 -4.05475668 -0.00000000
v -2.83285475 -4.05475668 0.18567511
v -2.78943661 -4.05475668 0.36723630
v -2.75026052 -4.05475668 0.54706083
v -2.71694208 -4.05475668 0.72800244
v -2.68967225 -4.05475668 0.91302070
v -2.66711583 -4.05475668 1.10475555
v -2.64647918 -4.05475668 1.30509910
v -2.62374627 -4.05475668 1.51482061
v -2.59406115 -4.05475668 1.73329625
v -2.55221584 -4.05475668 1.95838410
v -2.49318856 -4.05475668 2.18646769
v -2.41267058 -4.05475668 2.41267058
v -2.30752061 -4.05475668 2.63122297
v -2.17609454 -4.05475668 2.83594162
v -2.01841388 -4.05475668 3.02076985
v -1.83615628 -4.05475668 3.18031597
v -1.63247340 -4.05475668 3.31032859
v -1.41166247 -4.05475668 3.40805469
v -1.17873500 -4.05475668 3.47244134
v -0.93893705 -4.05475668 3.50416079
v -0.69727954 -4.05475668 3.50546095
v -0.45813278 -4.05475668 3.47986393
v -0.22492898 -4.05475668 3.43175311
v -0.00000000 -4.05475668 3.36590121
v 0.21544113 -4.05475668 3.28699650
v 0.42118554 -4.05475668 3.19922182
v 0.61780811 -4.05475668 3.10593113
v 0.80638070 -4.05475668 3.00945374
v 0.98816418 -4.05475668 2.91103779
v 1.16432379 -4.05475668 2.81092629
v 1.33570518 -4.05475668 2.70854217
v 1.50269645 -4.05475668 2.60274661
v 1.66518699 -4.05475668 2.49212844
v 1.82261793 -4.05475668 2.37528193
v 1.97410582 -4.05475668 2.25103626
v 2.11861078 -4.05475668 2.11861078
v 2.25511563 -4.05475668 1.97768333
v 2.38278322 -4.05475668 1.82837387
v 2.50106480 -4.05475668 1.67115807
v 2.60974259 -4.05475668 1.50673559
v 2.70890161 -4.05475668 1.33588244
v 2.79883859 -4.05475668 1.15931690
v 2.87992651 -4.05475668 0.97760332
v 2.95246069 -4.05475668 0.79110946
v 3.01651496 -4.05475668 0.60002213
v 3.07183465 -4.05475668 0.40441470
v 3.11778636 -4.05475668 0.20435051
v 3.16732222 -3.54791210 0.00000000
v 3.19187128 -3.54791210 -0.20920630
v 3.20302103 -3.54791210 -0.42168572
v 3.19938790 -3.54791210 -0.63639782
v 3.17981296 -3.54791210 -0.85202831
v 3.14350787 -3.54791210 -1.06707713
v 3.09015131 -3.54791210 -1.27998258
v 3.01992071 -3.54791210 -1.48926008
v 2.93345425 -3.54791210 -1.69363060
v 2.83174992 -3.54791210 -1.89211480
v 2.71601834 -3.54791210 -2.08407417
v 2.58751385 -3.54791210 -2.26918874
v 2.44737200 -3.54791210 -2.44737200
v 2.29648056 -3.54791210 -2.61863420
v 2.13540576 -3.54791210 -2.78291496
v 1.96438649 -3.54791210 -2.93991214
v 1.78339817 -3.54791210 -3.08893624
v 1.59227625 -3.54791210 -3.22881684
v 1.39087969 -3.54791210 -3.35788060
v 1.17926750 -3.54791210 -3.47401002
v 0.95785934 -3.54791210 -3.57477971
v 0.72755287 -3.54791210 -3.65765525
v 0.48977744 -3.54791210 -3.72022904
v 0.24647367 -3.54791210 -3.76046146
v 0.00000000 -3.54791210 -3.77689383
v -0.24702039 -3.54791210 -3.76880281
v -0.49188984 -3.54791210 -3.73627429
v -0.73203450 -3.54791210 -3.68018594
v -0.96518011 -3.54791210 -3.60210121
v -1.18947846 -3.54791210 -3.50409056
v -1.40356527 -3.54791210 -3.38850632
v -1.60654181 -3.54791210 -3.25774452
v -1.79788522 -3.54791210 -3.11402855
v -1.97730479 -3.54791210 -2.95924574
v -2.14457104 -3.54791210 -2.79485940
v -2.29935022 -3.54791210 -2.62190642
v -2.44107661 -3.54791210 -2.44107661
v -2.56889033 -3.54791210 -2.25285635
v -2.68165787 -3.54791210 -2.05770846
v -2.77807935 -3.54791210 -1.85625328
v -2.85687159 -3.54791210 -1.64941558
v -2.91700220 -3.54791210 -1.43850629
v -2.95793919 -3.54791210 -1.22521853
v -2.97987480 -3.54791210 -1.01153119
v -2.98388271 -3.54791210 -0.79952896
v -2.97197462 -3.54791210 -0.59116251
v -2.94703456 -3.54791210 -0.38798446
v -2.91262572 -3.54791210 -0.19090358
v -2.87268315 -3.54791210 -0.00000000
v -2.83112263 -3.54791210 0.18556158
v -2.79141059 -3.54791210 0.36749618
v -2.75614797 -3.54791210 0.54823192
v -2.72672255 -3.54791210 0.73062310
v -2.70307835 -3.54791210 0.91757146
v -2.68363760 -3.54791210 1.11159909
v -2.66539274 -3.54791210 1.31442624
v -2.64416498 -3.54791210 1.52660936
v -2.61500433 -3.54791210 1.74729003
v -2.57268815 -3.54791210 1.97409305
v -2.51226174 -3.54791210 2.20319441
v -2.42955874 -3.54791210 2.42955874
v -2.32164106 -3.54791210 2.64732426
v -2.18710786 -3.54791210 2.85029446
v -2.02623941 -3.54791210 3.03248157
v -1.84096198 -3.54791210 3.18863968
v -1.63464223 -3.54791210 3.31472654
v -1.41173995 -3.54791210 3.40824172
v -1.17736446 -3.54791210 3.46840386
v -0.93679061 -3.54791210 3.49615016
v -0.69499240 -3.54791210 3.49396272
v -0.45624794 -3.54791210 3.46554720
v -0.22385756 -3.54791210 3.41540641
v -0.00000000 -3.54791210 3.34836239
v 0.21426712 -3.54791210 3.26908445
v 0.41887573 -3.54791210 3.18167706
v 0.61451406 -3.54791210 3.08937079
v 0.80233209 -3.54791210 2.99434413
v 0.98363169 -3.54791210 2.89768552
v 1.15958522 -3.54791210 2.79948636
v 1.33101902 -3.54791210 2.69903956
v 1.49828555 -3.54791210 2.59510670
v 1.66123284 -3.54791210 2.48621064
v 1.81926445 -3.54791210 2.37091160
v 1.97147006 -3.54791210 2.24803076
v 2.11679682 -3.54791210 2.11679682
v 2.25422800 -3.54791210 1.97690490
v 2.38293619 -3.54791210 1.82849125
v 2.50238533 -3.54791210 1.67204042
v 2.61236555 -3.54791210 1.50824995
v 2.71295798 -3.54791210 1.33788282
v 2.80443833 -3.54791210 1.16163639
v 2.88713914 -3.54791210 0.98005168
v 2.96129694 -3.54791210 0.79347712
v 3.02691306 -3.54791210 0.60209044
v 3.08365399 -3.54791210 0.40597075
v 3.13081021 -3.54791210 0.20520414
v 3.18163149 -3.04106751 0.00000000
v 3.20668977 -3.04106751 -0.21017755
v 3.21800505 -3.04106751 -0.42365840
v 3.21420831 -3.04106751 -0.63934578
v 3.19418081 -3.04106751 -0.85587817
v 3.15719441 -3.04106751 -1.07172309
v 3.10299972 -3.04106751 -1.28530457
v 3.03184813 -3.04106751 -1.49514204
v 2.94444440 -3.04106751 -1.69997577
v 2.84183768 -3.04106751 -1.89885523
v 2.72526916 -3.04106751 -2.09117258
v 2.59600154 -3.04106751 -2.27663225
v 2.45515851 -3.04106751 -2.45515851
v 2.30360117 -3.04106751 -2.62675370
v 2.14186192 -3.04106751 -2.79132880
v 1.97014747 -3.04106751 -2.94853406
v 1.78841102 -3.04106751 -3.09761875
v 1.59648231 -3.04106751 -3.23734587
v 1.39423465 -3.04106751 -3.36598020
v 1.18176158 -3.04106751 -3.48135735
v 0.95953387 -3.04106751 -3.58102915
v 0.72851031 -3.04106751 -3.66246865
v 0.49018286 -3.04106751 -3.72330846
v 0.24654698 -3.04106751 -3.76157994
v 0.00000000 -3.04106751 -3.77592007
v -0.24681808 -3.04106751 -3.76571624
v -0.49121764 -3.04106751 -3.73116844
v -0.73065675 -3.04106751 -3.67325955
v -0.96291251 -3.04106751 -3.59363840
v -1.18620008 -3.04106751 -3.49443275
v -1.39922163 -3.04106751 -3.37801984
v -1.60113886 -3.04106751 -3.24678842
v -1.79147565 -3.04106751 -3.10292684
v -1.96996948 -3.04106751 -2.94826768
v -2.13639944 -3.04106751 -2.78420995
v -2.29042343 -3.04106751 -2.61172737
v -2.43145704 -3.04106751 -2.43145704
v -2.55862028 -3.04106751 -2.24384977
v -2.67076822 -3.04106751 -2.04935254
v -2.76660748 -3.04106751 -1.84858802
v -2.84488606 -3.04106751 -1.64249573
v -2.90463009 -3.04106751 -1.43240504
v -2.94539108 -3.04106751 -1.22002093
v -2.96746224 -3.04106751 -1.00731770
v -2.97202366 -3.04106751 -0.79635134
v -2.96118355 -3.04106751 -0.58901603
v -2.93789616 -3.04106751 -0.38678137
v -2.90575336 -3.04106751 -0.19045314
v -2.86866547 -3.04106751 -0.00000000
v -2.83046392 -3.04106751 0.18551841
v -2.79447178 -3.04106751 0.36789919
v -2.76309555 -3.04106751 0.54961388
v -2.73749251 -3.04106751 0.73350891
v -2.71736045 -3.04106751 0.92241958
v -2.70088331 -3.04106751 1.11874250
v -2.68484747 -3.04106751 1.32402025
v -2.66492202 -3.04106751 1.53859345
v -2.63607559 -3.04106751 1.76136939
v -2.59308434 -3.04106751 1.98974360
v -2.53107365 -3.04106751 2.21969201
v -2.44603079 -3.04106751 2.44603079
v -2.33522937 -3.04106751 2.66281876
v -2.19751685 -3.04106751 2.86385972
v -2.03343331 -3.04106751 3.04324801
v -1.84515093 -3.04106751 3.19589515
v -1.63624523 -3.04106751 3.31797710
v -1.41132976 -3.04106751 3.40725145
v -1.17560140 -3.04106751 3.46321004
v -0.93435295 -3.04106751 3.48705267
v -0.69251136 -3.04106751 3.48148971
v -0.45425399 -3.04106751 3.45040164
v -0.22274291 -3.04106751 3.39840010
v -0.00000000 -3.04106751 3.33034508
v 0.21307367 -3.04106751 3.25087594
v 0.41654970 -3.04106751 3.16400908
v 0.61122667 -3.04106751 3.07284397
v 0.79832863 -3.04106751 2.97940302
v 0.97919389 -3.04106751 2.88461218
v 1.15499757 -3.04106751 2.78841079
v 1.32654305 -3.04106751 2.68996319
v 1.49414438 -3.04106751 2.58793397
v 1.65760644 -3.04106751 2.48078335
v 1.81629433 -3.04106751 2.36704085
v 1.96927041 -3.04106751 2.24552254
v 2.11546870 -3.04106751 2.11546870
v 2.25387247 -3.04106751 1.97659311
v 2.38366324 -3.04106751 1.82904913
v 2.50431606 -3.04106751 1.67333050
v 2.61562696 -3.04106751 1.51013293
v 2.71767064 -3.04106751 1.34020685
v 2.81069926 -3.04106751 1.16422975
v 2.89500264 -3.04106751 0.98272097
v 2.97075705 -3.04106751 0.79601195
v 3.03789096 -3.04106751 0.60427408
v 3.09599300 -3.04106751 0.40759521
v 3.14427984 -3.04106751 0.20608699
v 3.19626814 -2.53422293 0.00000000
v 3.22174487 -2.53422293 -0.21116432
v 3.23313527 -2.53422293 -0.42565033
v 3.22908967 -2.53422293 -0.64230587
v 3.20853367 -2.53422293 -0.85972401
v 3.17080231 -2.53422293 -1.07634235
v 3.11571974 -2.53422293 -1.29057337
v 3.04361149 -2.53422293 -1.50094308
v 2.95524764 -2.53422293 -1.70621302
v 2.85172623 -2.53422293 -1.90546255
v 2.73431611 -2.53422293 -2.09811454
v 2.60428529 -2.53422293 -2.28389690
v 2.46274295 -2.53422293 -2.46274295
v 2.31052161 -2.53422293 -2.63464495
v 2.14811894 -2.53422293 -2.79948310
v 1.97570967 -2.53422293 -2.95685847
v 1.79322594 -2.53422293 -3.10595843
v 1.60049360 -2.53422293 -3.24547996
v 1.39740243 -2.53422293 -3.37362789
v 1.18408237 -2.53422293 -3.48819419
v 0.96105660 -2.53422293 -3.58671206
v 0.72934536 -2.53422293 -3.66666675
v 0.49050241 -2.53422293 -3.72573572
v 0.24657617 -2.53422293 -3.76202541
v 0.00000000 -2.53422293 -3.77427130
v -0.24657273 -2.53422293 -3.76197289
v -0.49046399 -2.53422293 -3.72544384
v -0.72916703 -2.53422293 -3.66577019
v -0.96051281 -2.53422293 -3.58468262
v -1.18278139 -2.53422293 -3.48436162
v -1.39474172 -2.53422293 -3.36720438
v -1.59561516 -2.53422293 -3.23558746
v -1.78497072 -2.53422293 -3.09165999
v -1.96257205 -2.53422293 -2.93719665
v -2.12820466 -2.53422293 -2.77353031
v -2.28151646 -2.53422293 -2.60157092
v -2.42190342 -2.53422293 -2.42190342
v -2.54846549 -2.53422293 -2.23494425
v -2.66004726 -2.53422293 -2.04112605
v -2.75536353 -2.53422293 -1.84107505
v -2.83319543 -2.53422293 -1.63574614
v -2.89262923 -2.53422293 -1.42648688
v -2.93330073 -2.53422293 -1.21501295
v -2.95560345 -2.53422293 -1.00329218
v -2.96082132 -2.53422293 -0.79334968
v -2.95115457 -2.53422293 -0.58702114
v -2.92962130 -2.53422293 -0.38569196
v -2.89983418 -2.53422293 -0.19006517
v -2.86567027 -2.53422293 -0.00000000
v -2.83086825 -2.53422293 0.18554491
v -2.79860058 -2.53422293 0.36844276
v -2.77107425 -2.53422293 0.55120094
v -2.74921383 -2.53422293 0.73664963
v -2.73247216 -2.53422293 0.92754931
v -2.71879983 -2.53422293 1.12616376
v -2.70478541 -2.53422293 1.33385256
v -2.68595694 -2.53422293 1.55073796
v -2.65721446 -2.53422293 1.77549394
v -2.61334643 -2.53422293 2.00529125
v -2.54957105 -2.53422293 2.23591380
v -2.46204011 -2.53422293 2.46204011
v -2.34824694 -2.53422293 2.67766244
v -2.20729161 -2.53422293 2.87659843
v -2.03997448 -2.53422293 3.05303757
v -1.84871027 -2.53422293 3.20206011
v -1.63727667 -2.53422293 3.32006865
v -1.41043186 -2.53422293 3.40508372
v -1.17344967 -2.53422293 3.45687125
v -0.93163003 -2.53422293 3.47689062
v -0.68984280 -2.53422293 3.46807397
v -0.45215621 -2.53422293 3.43446738
v -0.22158805 -2.53422293 3.38078040
v -0.00000000 -2.53422293 3.31189951
v 0.21186420 -2.53422293 3.23242311
v 0.41421430 -2.53422293 3.14627000
v 0.60795598 -2.53422293 3.05640110
v 0.79438302 -2.53422293 2.96467780
v 0.97486552 -2.53422293 2.87186120
v 1.15057694 -2.53422293 2.77773845
v 1.32229402 -2.53422293 2.68134702
v 1.49028969 -2.53422293 2.58125746
v 1.65432397 -2.53422293 2.47587078
v 1.81372259 -2.53422293 2.36368929
v 1.96752028 -2.53422293 2.24352689
v 2.11463769 -2.53422293 2.11463769
v 2.25405771 -2.53422293 1.97675556
v 2.38496990 -2.53422293 1.83005177
v 2.50685896 -2.53422293 1.67502960
v 2.61952469 -2.53422293 1.51238329
v 2.72303301 -2.53422293 1.34285127
v 2.81761002 -2.53422293 1.16709228
v 2.90350079 -2.53422293 0.98560571
v 2.98082007 -2.53422293 0.79870833
v 3.04942332 -2.53422293 0.60656801
v 3.10882247 -2.53422293 0.40928424
v 3.15816299 -2.53422293 0.20699694
v 3.21119696 -2.02737834 0.00000000
v 3.23700060 -2.02737834 -0.21216423
v 3.24837599 -2.02737834 -0.42765681
v 3.24399753 -2.02737834 -0.64527123
v 3.22283911 -2.02737834 -0.86355714
v 3.18430177 -2.02737834 -1.08092480
v 3.12828457 -2.02737834 -1.29577789
v 3.05518706 -2.02737834 -1.50665152
v 2.96584322 -2.02737834 -1.71233038
v 2.86139750 -2.02737834 -1.91192469
v 2.74314344 -2.02737834 -2.10488799
v 2.61235128 -2.02737834 -2.29097058
v 2.47011307 -2.02737834 -2.47011307
v 2.31723088 -2.02737834 -2.64229541
v 2.15416694 -2.02737834 -2.80736502
v 1.98106429 -2.02737834 -2.96487223
v 1.79783526 -2.02737834 -3.11394202
v 1.60430371 -2.02737834 -3.25320610
v 1.40037796 -2.02737834 -3.38081145
v 1.18622622 -2.02737834 -3.49450977
v 0.96242524 -2.02737834 -3.59181989
v 0.73005692 -2.02737834 -3.67024399
v 0.49073587 -2.02737834 -3.72750901
v 0.24656142 -2.02737834 -3.76180029
v 0.00000000 -2.02737834 -3.77195455
v -0.24628509 -2.02737834 -3.75758442
v -0.48963099 -2.02737834 -3.71911662
v -0.72756932 -2.02737834 -3.65773799
v -0.95798730 -2.02737834 -3.57525729
v -1.17923120 -2.02737834 -3.47390309
v -1.39013691 -2.02737834 -3.35608739
v -1.58998457 -2.02737834 -3.22416976
v -1.77838659 -2.02737834 -3.08025594
v -1.95513061 -2.02737834 -2.92605974
v -2.12000644 -2.02737834 -2.76284618
v -2.27265034 -2.02737834 -2.59146105
v -2.41243778 -2.02737834 -2.41243778
v -2.53844871 -2.02737834 -2.22615977
v -2.64951827 -2.02737834 -2.03304688
v -2.74437111 -2.02737834 -1.83373015
v -2.82182333 -2.02737834 -1.62918046
v -2.88102293 -2.02737834 -1.42076328
v -2.92169056 -2.02737834 -1.21020385
v -2.94431916 -2.02737834 -0.99946168
v -2.95029380 -2.02737834 -0.79052884
v -2.94190202 -2.02737834 -0.58518070
v -2.92221923 -2.02737834 -0.38471746
v -2.89487109 -2.02737834 -0.18973988
v -2.86369288 -2.02737834 -0.00000000
v -2.83232240 -2.02737834 0.18564022
v -2.80377461 -2.02737834 0.36912393
v -2.78005236 -2.02737834 0.55298680
v -2.76184591 -2.02737834 0.74003438
v -2.74836501 -2.02737834 0.93294421
v -2.73733236 -2.02737834 1.13384019
v -2.72514747 -2.02737834 1.34389401
v -2.70720868 -2.02737834 1.56300766
v -2.67836047 -2.02737834 1.78962325
v -2.63341695 -2.02737834 2.02069190
v -2.56770169 -2.02737834 2.25181395
v -2.47754150 -2.02737834 2.47754150
v -2.36065681 -2.02737834 2.69181319
v -2.21640408 -2.02737834 2.88847403
v -2.04584372 -2.02737834 3.06182150
v -1.85162897 -2.02737834 3.20711545
v -1.63773251 -2.02737834 3.32099301
v -1.40904763 -2.02737834 3.40174189
v -1.17091431 -2.02737834 3.44940233
v -0.92862873 -2.02737834 3.46568960
v -0.68699369 -2.02737834 3.45375052
v -0.44996021 -2.02737834 3.41778715
v -0.22039617 -2.02737834 3.36259572
v -0.00000000 -2.02737834 3.29307759
v 0.21064222 -2.02737834 3.21377928
v 0.41187650 -2.02737834 3.12851260
v 0.60471206 -2.02737834 3.04009282
v 0.79050792 -2.02737834 2.95021572
v 0.97066114 -2.02737834 2.85947550
v 1.14633909 -2.02737834 2.76750737
v 1.31828818 -2.02737834 2.67322399
v 1.48673755 -2.02737834 2.57510497
v 1.65140071 -2.02737834 2.47149583
v 1.81156321 -2.02737834 2.36087514
v 1.96623182 -2.02737834 2.24205769
v 2.11431366 -2.02737834 2.11431366
v 2.25479085 -2.02737834 1.97739850
v 2.38686005 -2.02737834 1.83150213
v 2.51001416 -2.02737834 1.67713785
v 2.62405476 -2.02737834 1.51499872
v 2.72903658 -2.02737834 1.34581191
v 2.82515738 -2.02737834 1.17021850
v 2.91261557 -2.02737834 0.98869976
v 2.99146333 -2.02737834 0.80156018
v 3.06148319 -2.02737834 0.60896687
v 3.12211185 -2.02737834 0.41103382
v 3.17242631 -2.02737834 0.20793181
v 3.22638201 -1.52053376 0.00000000
v 3.25242051 -1.52053376 -0.21317490
v 3.26369129 -1.52053376 -0.42967311
v 3.25889744 -1.52053376 -0.64823501
v 3.23706495 -1.52053376 -0.86736894
v 3.19766342 -1.52053376 -1.08546046
v 3.14066793 -1.52053376 -1.30090725
v 3.06655173 -1.52053376 -1.51225596
v 2.97621103 -1.52053376 -1.71831624
v 2.87083410 -1.52053376 -1.91823002
v 2.75173605 -1.52053376 -2.11148133
v 2.62018629 -1.52053376 -2.29784171
v 2.47725715 -1.52053376 -2.47725715
v 2.32371855 -1.52053376 -2.64969318
v 2.15999658 -1.52053376 -2.81496235
v 1.98620304 -1.52053376 -2.97256292
v 1.80223182 -1.52053376 -3.12155707
v 1.60790668 -1.52053376 -3.26051220
v 1.40315661 -1.52053376 -3.38751973
v 1.18818988 -1.52053376 -3.50029452
v 0.96363786 -1.52053376 -3.59634544
v 0.73064417 -1.52053376 -3.67319630
v 0.49088319 -1.52053376 -3.72862803
v 0.24650297 -1.52053376 -3.76090863
v 0.00000000 -1.52053376 -3.76897845
v -0.24595605 -1.52053376 -3.75256411
v -0.48872099 -1.52053376 -3.71220444
v -0.72586792 -1.52053376 -3.64918445
v -0.95534258 -1.52053376 -3.56538704
v -1.17555862 -1.52053376 -3.46308401
v -1.38541889 -1.52053376 -3.34469709
v -1.58426121 -1.52053376 -3.21256394
v -1.77173956 -1.52053376 -3.06874294
v -1.94766332 -1.52053376 -2.91488414
v -2.11182443 -1.52053376 -2.75218319
v -2.26384588 -1.52053376 -2.58142148
v -2.40308175 -1.52053376 -2.40308175
v -2.52859218 -1.52053376 -2.21751582
v -2.63920385 -1.52053376 -2.02513234
v -2.73365291 -1.52053376 -1.82656848
v -2.81079232 -1.52053376 -1.62281170
v -2.86983316 -1.52053376 -1.41524510
v -2.91058140 -1.52053376 -1.20560229
v -2.93362832 -1.52053376 -0.99583263
v -2.94045719 -1.52053376 -0.78789313
v -2.93343796 -1.52053376 -0.58349709
v -2.91569676 -1.52053376 -0.38385876
v -2.89086432 -1.52053376 -0.18947726
v -2.86272585 -1.52053376 -0.00000000
v -2.83481031 -1.52053376 0.18580328
v -2.80996868 -1.52053376 0.36993940
v -2.78999556 -1.52053376 0.55496462
v -2.77534582 -1.52053376 0.74365167
v -2.76498857 -1.52053376 0.93858715
v -2.75642459 -1.52053376 1.14174845
v -2.74587356 -1.52053376 1.35411499
v -2.72861577 -1.52053376 1.57536705
v -2.69945325 -1.52053376 1.80371700
v -2.65323908 -1.52053376 2.03590195
v -2.58541447 -1.52053376 2.26734763
v -2.49249125 -1.52053376 2.49249125
v -2.37242384 -1.52053376 2.70523091
v -2.22482814 -1.52053376 2.89945248
v -2.05102376 -1.52053376 3.06957398
v -1.85389786 -1.52053376 3.21104529
v -1.63761042 -1.52053376 3.32074543
v -1.40717991 -1.52053376 3.39723281
v -1.16800152 -1.52053376 3.44082152
v -0.92535675 -1.52053376 3.45347840
v -0.68397158 -1.52053376 3.43855733
v -0.44767197 -1.52053376 3.40040619
v -0.21917056 -1.52053376 3.34389650
v -0.00000000 -1.52053376 3.27393278
v 0.20941128 -1.52053376 3.19499879
v 0.40954330 -1.52053376 3.11079024
v 0.60150501 -1.52053376 3.02396988
v 0.78671590 -1.52053376 2.93606369
v 0.96659509 -1.52053376 2.84749732
v 1.14229939 -1.52053376 2.75775469
v 1.31454121 -1.52053376 2.66562589
v 1.48350328 -1.52053376 2.56950305
v 1.64885104 -1.52053376 2.46767997
v 1.80982907 -1.52053376 2.35861516
v 1.96541594 -1.52053376 2.24112735
v 2.11450507 -1.52053376 2.11450507
v 2.25607740 -1.52053376 1.97852678
v 2.38933585 -1.52053376 1.83340188
v 2.51378004 -1.52053376 1.67965412
v 2.62921130 -1.52053376 1.51797585
v 2.73567096 -1.52053376 1.34908362
v 2.83332623 -1.52053376 1.17360215
v 2.92232716 -1.52053376 0.99199640
v 3.00266249 -1.52053376 0.80456099
v 3.07404217 -1.52053376 0.61146501
v 3.13582931 -1.52053376 0.41283976
v 3.18703539 -1.52053376 0.20888934
v 3.24178665 -1.01368917 0.00000000
v 3.26796774 -1.01368917 -0.21419392
v 3.27904512 -1.01368917 -0.43169448
v 3.27375510 -1.01368917 -0.65119038
v 3.25117932 -1.01368917 -0.87115087
v 3.21085834 -1.01368917 -1.08993954
v 3.15284414 -1.01368917 -1.30595080
v 3.07768304 -1.01368917 -1.51774531
v 2.98633164 -1.01368917 -1.72415938
v 2.88001929 -1.01368917 -1.92436737
v 2.76007949 -1.01368917 -2.11788348
v 2.62777774 -1.01368917 -2.30449923
v 2.48416408 -1.01368917 -2.48416408
v 2.32997471 -1.01368917 -2.65682696
v 2.16559903 -1.01368917 -2.82226360
v 1.99111813 -1.01368917 -2.97991887
v 1.80640891 -1.01368917 -3.12879200
v 1.61129703 -1.01368917 -3.26738715
v 1.40573422 -1.01368917 -3.39374263
v 1.18997052 -1.01368917 -3.50554011
v 0.96469289 -1.01368917 -3.60028287
v 0.73110660 -1.01368917 -3.67552108
v 0.49094455 -1.01368917 -3.72909407
v 0.24640121 -1.01368917 -3.75935606
v 0.00000000 -1.01368917 -3.76535325
v -0.24558656 -1.01368917 -3.74692679
v -0.48773648 -1.01368917 -3.70472638
v -0.72406735 -1.01368917 -3.64013237
v -0.95258554 -1.01368917 -3.55509762
v -1.17177308 -1.01368917 -3.45193219
v -1.38059963 -1.01368917 -3.33306235
v -1.57845943 -1.01368917 -3.20079910
v -1.76504607 -1.01368917 -3.05714947
v -1.94018835 -1.01368917 -2.90369706
v -2.10367819 -1.01368917 -2.74156680
v -2.25512360 -1.01368917 -2.57147563
v -2.39385656 -1.01368917 -2.39385656
v -2.51891752 -1.01368917 -2.20903138
v -2.62912580 -1.01368917 -2.01739918
v -2.72323070 -1.01368917 -1.81960458
v -2.80012377 -1.01368917 -1.61665221
v -2.85908054 -1.01368917 -1.40994249
v -2.89999251 -1.01368917 -1.20121623
v -2.92354805 -1.01368917 -0.99241084
v -2.93132549 -1.01368917 -0.78544630
v -2.92577215 -1.01368917 -0.58197227
v -2.91005814 -1.01368917 -0.38311642
v -2.88781144 -1.01368917 -0.18927716
v -2.86275894 -1.01368917 -0.00000000
v -2.83831313 -1.01368917 0.18603287
v -2.81715493 -1.01368917 0.37088548
v -2.80086702 -1.01368917 0.55712709
v -2.78966840 -1.01368917 0.74748940
v -2.78229055 -1.01368917 0.94446038
v -2.77601886 -1.01368917 1.14986466
v -2.76690277 -1.01368917 1.36448545
v -2.75011649 -1.01368917 1.58778049
v -2.72043275 -1.01368917 1.81773505
v -2.67275683 -1.01368917 2.05087845
v -2.60265953 -1.01368917 2.28247115
v -2.50684728 -1.01368917 2.50684728
v -2.38351473 -1.01368917 2.71787765
v -2.23253966 -1.01368917 2.90950233
v -2.05549936 -1.01368917 3.07627218
v -1.85550969 -1.01368917 3.21383706
v -1.63690975 -1.01368917 3.31932461
v -1.40483298 -1.01368917 3.39156682
v -1.16471864 -1.01368917 3.43115048
v -0.92182266 -1.01368917 3.44028901
v -0.68078457 -1.01368917 3.42253514
v -0.44529774 -1.01368917 3.38237213
v -0.21791465 -1.01368917 3.32473507
v -0.00000000 -1.01368917 3.25451989
v 0.20817501 -1.01368917 3.17613685
v 0.40722179 -1.01368917 3.09315660
v 0.59834490 -1.01368917 3.00808294
v 0.78301940 -1.01368917 2.92226817
v 0.96268147 -1.01368917 2.83596815
v 1.13847279 -1.01368917 2.74851644
v 1.31106817 -1.01368917 2.65858326
v 1.48060140 -1.01368917 2.56447686
v 1.64668833 -1.01368917 2.46444324
v 1.80853187 -1.01368917 2.35692462
v 1.96508219 -1.01368917 2.24074678
v 2.11521887 -1.01368917 2.11521887
v 2.25792129 -1.01368917 1.98014382
v 2.39239775 -1.01368917 1.83575136
v 2.51815312 -1.01368917 1.68257612
v 2.63498659 -1.01368917 1.52131022
v 2.74292390 -1.01368917 1.35266037
v 2.84209965 -1.01368917 1.17723622
v 2.93261399 -1.01368917 0.99548831
v 3.01439160 -1.01368917 0.80770379
v 3.08707041 -1.01368917 0.61405648
v 3.14994181 -1.01368917 0.41469771
v 3.20195491 -1.01368917 0.20986721
v 3.25737372 -0.50684459 0.00000000
v 3.28360518 -0.50684459 -0.21521885
v 3.29440144 -0.50684459 -0.43371618
v 3.28853639 -0.50684459 -0.65413056
v 3.26515080 -0.50684459 -0.87489452
v 3.22385823 -0.50684459 -1.09435240
v 3.16478818 -0.50684459 -1.31089819
v 3.08855925 -0.50684459 -1.52310887
v 2.99618638 -0.50684459 -1.72984901
v 2.88893709 -0.50684459 -1.93032605
v 2.76816002 -0.50684459 -2.12408389
v 2.63511367 -0.50684459 -2.31093267
v 2.49082338 -0.50684459 -2.49082338
v 2.33599004 -0.50684459 -2.66368613
v 2.17096598 -0.50684459 -2.82925795
v 1.99580228 -0.50684459 -2.98692920
v 1.81036033 -0.50684459 -3.13563608
v 1.61446976 -0.50684459 -3.27382081
v 1.40810707 -0.50684459 -3.39947118
v 1.19156572 -0.50684459 -3.51023941
v 0.96558912 -0.50684459 -3.60362767
v 0.73144397 -0.50684459 -3.67721717
v 0.49092031 -0.50684459 -3.72890995
v 0.24625661 -0.50684459 -3.75714982
v 0.00000000 -0.50684459 -3.76109079
v -0.24517770 -0.50684459 -3.74068881
v -0.48668018 -0.50684459 -3.69670295
v -0.72217239 -0.50684459 -3.63060578
v -0.94972335 -0.50684459 -3.54441580
v -1.16788431 -0.50684459 -3.44047623
v -1.37569133 -0.50684459 -3.32121267
v -1.57259375 -0.50684459 -3.18890467
v -1.75832263 -0.50684459 -3.04550414
v -1.93272384 -0.50684459 -2.89252564
v -2.09558707 -0.50684459 -2.73102224
v -2.24650373 -0.50684459 -2.56164655
v -2.38478293 -0.50684459 -2.38478293
v -2.50944570 -0.50684459 -2.20072482
v -2.61930509 -0.50684459 -2.00986348
v -2.71312518 -0.50684459 -1.81285229
v -2.78983784 -0.50684459 -1.61071363
v -2.84878422 -0.50684459 -1.40486491
v -2.88994148 -0.50684459 -1.19705296
v -2.91409358 -0.50684459 -0.98920148
v -2.92291058 -0.50684459 -0.78319153
v -2.91891200 -0.50684459 -0.58060770
v -2.90530513 -0.50684459 -0.38249068
v -2.88570736 -0.50684459 -0.18913925
v -2.86377920 -0.50684459 -0.00000000
v -2.84280930 -0.50684459 0.18632757
v -2.82530286 -0.50684459 0.37195818
v -2.81262750 -0.50684459 0.55946640
v -2.80476641 -0.50684459 0.75153489
v -2.80021700 -0.50684459 0.95054559
v -2.79605632 -0.50684459 1.15816445
v -2.78817356 -0.50684459 1.37497504
v -2.77164901 -0.50684459 1.60021230
v -2.74123939 -0.50684459 1.83163760
v -2.69191520 -0.50684459 2.06557919
v -2.61938848 -0.50684459 2.29714204
v -2.52056928 -0.50684459 2.52056928
v -2.39389818 -0.50684459 2.72971771
v -2.23951661 -0.50684459 2.91859487
v -2.05925731 -0.50684459 3.08189636
v -1.85645912 -0.50684459 3.21548153
v -1.63563157 -0.50684459 3.31673272
v -1.40201256 -0.50684459 3.38475774
v -1.16107416 -0.50684459 3.42041417
v -0.91803585 -0.50684459 3.42615644
v -0.67744130 -0.50684459 3.40572741
v -0.44284409 -0.50684459 3.36373485
v -0.21663199 -0.50684459 3.30516552
v -0.00000000 -0.50684459 3.23489499
v 0.20693706 -0.50684459 3.15724936
v 0.40491906 -0.50684459 3.07566562
v 0.59524176 -0.50684459 2.99248242
v 0.77943070 -0.50684459 2.90887497
v 0.95893401 -0.50684459 2.82492849
v 1.13487372 -0.50684459 2.73982752
v 1.30788346 -0.50684459 2.65212529
v 1.47804558 -0.50684459 2.56005004
v 1.64492492 -0.50684459 2.46180411
v 1.80768213 -0.50684459 2.35581722
v 1.96523877 -0.50684459 2.24092533
v 2.11646051 -0.50684459 2.11646051
v 2.26032479 -0.50684459 1.98225164
v 2.39604443 -0.50684459 1.83854956
v 2.52312814 -0.50684459 1.68590032
v 2.64137107 -0.50684459 1.52499630
v 2.75078130 -0.50684459 1.35653521
v 2.85145891 -0.50684459 1.18111295
v 2.94345280 -0.50684459 0.99916759
v 3.02662318 -0.50684459 0.81098124
v 3.10053674 -0.50684459 0.61673510
v 3.16441523 -0.50684459 0.41660317
v 3.21714870 -0.50684459 0.21086307
v 3.27310558 -0.00000000 0.00000000
v 3.29929553 -0.00000000 -0.21624725
v 3.30972428 -0.00000000 -0.43573347
v 3.30320754 -0.00000000 -0.65704883
v 3.27894842 -0.00000000 -0.87859158
v 3.23663536 -0.00000000 -1.09868966
v 3.17647576 -0.00000000 -1.31573934
v 3.09915942 -0.00000000 -1.52833629
v 3.00575736 -0.00000000 -1.73537482
v 2.89757225 -0.00000000 -1.93609588
v 2.77596459 -0.00000000 -2.13007255
v 2.64218283 -0.00000000 -2.31713215
v 2.49722515 -0.00000000 -2.49722515
v 2.34175579 -0.00000000 -2.67026071
v 2.17608971 -0.00000000 -2.83593532
v 2.00024875 -0.00000000 -2.99358380
v 1.81408043 -0.00000000 -3.14207947
v 1.61742036 -0.00000000 -3.27980403
v 1.41027190 -0.00000000 -3.40469754
v 1.19297349 -0.00000000 -3.51438657
v 0.96632573 -0.00000000 -3.60637673
v 0.73165636 -0.00000000 -3.67828490
v 0.49081105 -0.00000000 -3.72808005
v 0.24606974 -0.00000000 -3.75429871
v 0.00000000 -0.00000000 -3.75620445
v -0.24473064 -0.00000000 -3.73386798
v -0.48555495 -0.00000000 -3.68815599
v -0.72018807 -0.00000000 -3.62062992
v -0.94676346 -0.00000000 -3.53336934
v -1.16390225 -0.00000000 -3.42874548
v -1.37070641 -0.00000000 -3.30917801
v -1.56667881 -0.00000000 -3.17691036
v -1.75158579 -0.00000000 -3.03383558
v -1.92528783 -0.00000000 -2.88139687
v -2.08757016 -0.00000000 -2.72057441
v -2.23800605 -0.00000000 -2.55195680
v -2.37588102 -0.00000000 -2.37588102
v -2.50019695 -0.00000000 -2.19261388
v -2.60976175 -0.00000000 -2.00254062
v -2.70335596 -0.00000000 -1.80632471
v -2.77995338 -0.00000000 -1.60500683
v -2.83896186 -0.00000000 -1.40002106
v -2.88044416 -0.00000000 -1.19311904
v -2.90527817 -0.00000000 -0.98620905
v -2.91522219 -0.00000000 -0.78113143
v -2.91286257 -0.00000000 -0.57940439
v -2.90143694 -0.00000000 -0.38198142
v -2.88454433 -0.00000000 -0.18906302
v -2.86577096 -0.00000000 -0.00000000
v -2.84827460 -0.00000000 0.18668578
v -2.83437945 -0.00000000 0.37315313
v -2.82523546 -0.00000000 0.56197427
v -2.82059063 -0.00000000 0.75577498
v -2.81871245 -0.00000000 0.95682394
v -2.81647708 -0.00000000 1.16662301
v -2.80962389 -0.00000000 1.38555317
v -2.79315162 -0.00000000 1.61262684
v -2.76181422 -0.00000000 1.84538526
v -2.71066033 -0.00000000 2.07996282
v -2.63555443 -0.00000000 2.31131920
v -2.53361881 -0.00000000 2.53361881
v -2.40354496 -0.00000000 2.74071775
v -2.24573907 -0.00000000 2.92670413
v -2.06228652 -0.00000000 3.08642989
v -1.85674277 -0.00000000 3.21597281
v -1.63377867 -0.00000000 3.31297542
v -1.39872580 -0.00000000 3.37682280
v -1.15707765 -0.00000000 3.40864085
v -0.91400650 -0.00000000 3.41111871
v -0.67395094 -0.00000000 3.38818018
v -0.44031788 -0.00000000 3.34454633
v -0.21532624 -0.00000000 3.28524352
v -0.00000000 -0.00000000 3.21511516
v 0.20570113 -0.00000000 3.13839276
v 0.40264221 -0.00000000 3.05837124
v 0.59220555 -0.00000000 2.97721834
v 0.77596188 -0.00000000 2.89592916
v 0.95536611 -0.00000000 2.81441781
v 1.13151609 -0.00000000 2.73172150
v 1.30500073 -0.00000000 2.64627970
v 1.47584856 -0.00000000 2.55624469
v 1.64357206 -0.00000000 2.45977942
v 1.80728909 -0.00000000 2.35530499
v 1.96589247 -0.00000000 2.24167073
v 2.11823389 -0.00000000 2.11823389
v 2.26328853 -0.00000000 1.98485077
v 2.40027286 -0.00000000 1.84179414
v 2.52869802 -0.00000000 1.68962200
v 2.64835335 -0.00000000 1.52902752
v 2.75922725 -0.00000000 1.36070030
v 2.86138354 -0.00000000 1.18522387
v 2.95481871 -0.00000000 1.00302579
v 3.03932829 -0.00000000 0.81438556
v 3.11440873 -0.00000000 0.61949441
v 3.17921442 -0.00000000 0.41855152
v 3.23257985 -0.00000000 0.21187448
v 3.28894423 0.50684459 0.00000000
v 3.31500140 0.50684459 -0.21727667
v 3.32497782 0.50684459 -0.43774163
v 3.31773516 0.50684459 -0.65993855
v 3.29254182 0.50684459 -0.88223392
v 3.24916276 0.50684459 -1.10294214
v 3.18788339 0.50684459 -1.32046454
v 3.10946341 0.50684459 -1.53341766
v 3.01502750 0.50684459 -1.74072694
v 2.90591034 0.50684459 -1.94166722
v 2.78348095 0.50684459 -2.13584005
v 2.64897464 0.50684459 -2.32308841
v 2.50336019 0.50684459 -2.50336019
v 2.34726383 0.50684459 -2.67654143
v 2.18096304 0.50684459 -2.84228638
v 2.00445133 0.50684459 -2.99987341
v 1.81756403 0.50684459 -3.14811324
v 1.62014482 0.50684459 -3.28532870
v 1.41222592 0.50684459 -3.40941498
v 1.19419227 0.50684459 -3.51797700
v 0.96690224 0.50684459 -3.60852830
v 0.73174411 0.50684459 -3.67872608
v 0.49061755 0.50684459 -3.72661025
v 0.24584128 0.50684459 -3.75081308
v 0.00000000 0.50684459 -3.75070911
v -0.24424664 0.50684459 -3.72648356
v -0.48436384 0.50684459 -3.67910864
v -0.71811962 0.50684459 -3.61023111
v -0.94371355 0.50684459 -3.52198690
v -1.15983711 0.50684459 -3.41676994
v -1.36565746 0.50684459 -3.29698877
v -1.56072935 0.50684459 -3.16484603
v -1.74485205 0.50684459 -3.02217241
v -1.91789819 0.50684459 -2.87033748
v -2.07964628 0.50684459 -2.71024780
v -2.22964988 0.50684459 -2.54242842
v -2.36717032 0.50684459 -2.36717032
v -2.49119067 0.50684459 -2.18471558
v -2.60051486 0.50684459 -1.99544524
v -2.69394149 0.50684459 -1.80003416
v -2.77048789 0.50684459 -1.59954193
v -2.82962958 0.50684459 -1.39541888
v -2.87151467 0.50684459 -1.18942032
v -2.89711313 0.50684459 -0.98343739
v -2.90826785 0.50684459 -0.77926802
v -2.90762655 0.50684459 -0.57836288
v -2.89845029 0.50684459 -0.38158822
v -2.88431200 0.50684459 -0.18904780
v -2.86871592 0.50684459 -0.00000000
v -2.85468220 0.50684459 0.18710576
v -2.84434923 0.50684459 0.37446568
v -2.83864719 0.50684459 0.56464203
v -2.83709005 0.50684459 0.76019599
v -2.83772002 0.50684459 0.96327615
v -2.83722041 0.50684459 1.17521517
v -2.83119142 0.50684459 1.39618910
v -2.81456285 0.50684459 1.62498862
v -2.78209910 0.50684459 1.85893919
v -2.72893962 0.50684459 2.09398902
v -2.65111223 0.50684459 2.32496302
v -2.54595940 0.50684459 2.54595940
v -2.41242798 0.50684459 2.75084689
v -2.25118933 0.50684459 2.93380705
v -2.06457802 0.50684459 3.08985936
v -1.85635918 0.50684459 3.21530842
v -1.63135555 0.50684459 3.30806180
v -1.39498125 0.50684459 3.36778266
v -1.15273980 0.50684459 3.39586195
v -0.90974557 0.50684459 3.39521670
v -0.67032313 0.50684459 3.36994195
v -0.43772619 0.50684459 3.32486052
v -0.21400112 0.50684459 3.26502617
v -0.00000000 0.50684459 3.19523841
v 0.20447095 0.50684459 3.11962384
v 0.40039833 0.50684459 3.04132728
v 0.58924610 0.50684459 2.96234018
v 0.77262477 0.50684459 2.88347488
v 0.95199077 0.50684459 2.80447436
v 1.12841323 0.50684459 2.72423053
v 1.30243289 0.50684459 2.64107264
v 1.47402215 0.50684459 2.55308126
v 1.64263990 0.50684459 2.45838434
v 1.80736070 0.50684459 2.35539832
v 1.96704864 0.50684459 2.24298909
v 2.12054137 0.50684459 2.12054137
v 2.26681146 0.50684459 1.98794029
v 2.40507822 0.50684459 1.84548142
v 2.53485389 0.50684459 1.69373522
v 2.65592021 0.50684459 1.53339625
v 2.76824407 0.50684459 1.36514690
v 2.87185139 0.50684459 1.18955980
v 2.96668527 0.50684459 1.00705395
v 3.05247659 0.50684459 0.81790864
v 3.12865277 0.50684459 0.62232773
v 3.19430334 0.50684459 0.42053801
v 3.24821082 0.50684459 0.21289899
v 3.30485145 1.01368917 0.00000000
v 3.33068543 1.01368917 -0.21830466
v 3.34012656 1.01368917 -0.43973600
v 3.33208633 1.01368917 -0.66279318
v 3.30590127 1.01368917 -0.88581358
v 3.26141420 1.01368917 -1.10710094
v 3.19898841 1.01368917 -1.32506438
v 3.11945196 1.01368917 -1.53834347
v 3.02398060 1.01368917 -1.74589601
v 2.91393776 1.01368917 -1.94703096
v 2.79069759 1.01368917 -2.14137757
v 2.65547927 1.01368917 -2.32879282
v 2.50921993 1.01368917 -2.50921993
v 2.35250666 1.01368917 -2.68251972
v 2.18557942 1.01368917 -2.84830255
v 2.00840440 1.01368917 -3.00578960
v 1.82080652 1.01368917 -3.15372941
v 1.62263965 1.01368917 -3.29038772
v 1.41396685 1.01368917 -3.41361795
v 1.19522095 1.01368917 -3.52100737
v 0.96731857 1.01368917 -3.61008204
v 0.73170789 1.01368917 -3.67854398
v 0.49034078 1.01368917 -3.72450799
v 0.24557201 1.01368917 -3.74670480
v 0.00000000 1.01368917 -3.74462115
v -0.24372705 1.01368917 -3.71855614
v -0.48311007 1.01368917 -3.66958526
v -0.71597248 1.01368917 -3.59943671
v -0.94058149 1.01368917 -3.51029792
v -1.15569925 1.01368917 -3.40458020
v -1.36055721 1.01368917 -3.28467566
v -1.55476013 1.01368917 -3.15274166
v -1.73813786 1.01368917 -3.01054309
v -1.91057256 1.01368917 -2.85937390
v -2.07183385 1.01368917 -2.70006644
v -2.22145403 1.01368917 -2.53308284
v -2.35866967 1.01368917 -2.35866967
v -2.48244541 1.01368917 -2.17704620
v -2.59158243 1.01368917 -1.98859114
v -2.68489899 1.01368917 -1.79399215
v -2.76145745 1.01368917 -1.59432820
v -2.82080185 1.01368917 -1.39106553
v -2.86316527 1.01368917 -1.18596189
v -2.88960776 1.01368917 -0.98088966
v -2.90205292 1.01368917 -0.77760274
v -2.90320426 1.01368917 -0.57748323
v -2.89633935 1.01368917 -0.38131031
v -2.88499740 1.01368917 -0.18909272
v -2.87259316 1.01368917 -0.00000000
v -2.86200277 1.01368917 0.18758557
v -2.85517442 1.01368917 0.37589084
v -2.85281693 1.01368917 0.56746057
v -2.85421197 1.01368917 0.76478379
v -2.85718167 1.01368917 0.96988249
v -2.85822487 1.01368917 1.18391551
v -2.85281371 1.01368917 1.40685203
v -2.83582169 1.01368917 1.63726241
v -2.80203688 1.01368917 1.87226118
v -2.74670195 1.01368917 2.10761854
v -2.66601851 1.01368917 2.33803548
v -2.55755668 1.01368917 2.55755668
v -2.42052239 1.01368917 2.76007680
v -2.25585195 1.01368917 2.93988350
v -2.06612499 1.01368917 3.09217456
v -1.85530892 1.01368917 3.21348931
v -1.62836839 1.01368917 3.30200444
v -1.39078885 1.01368917 3.35766131
v -1.14807233 1.01368917 3.38211203
v -0.90526476 1.01368917 3.37849407
v -0.66656798 1.01368917 3.35106353
v -0.43507638 1.01368917 3.30473319
v -0.21266047 1.01368917 3.24457184
v -0.00000000 1.01368917 3.17532343
v 0.20325025 1.01368917 3.10099959
v 0.39819447 1.01368917 3.02458729
v 0.58637311 1.01368917 2.94789669
v 0.76943090 1.01368917 2.87155522
v 0.94882050 1.01368917 2.79513506
v 1.12557782 1.01368917 2.71738524
v 1.30019201 1.01368917 2.63652858
v 1.47257715 1.01368917 2.55057844
v 1.64213737 1.01368917 2.45763225
v 1.80790359 1.01368917 2.35610584
v 1.96871115 1.01368917 2.24488482
v 2.12338368 1.01368917 2.12338368
v 2.27089083 1.01368917 1.99151781
v 2.41045396 1.01368917 1.84960638
v 2.54158509 1.01368917 1.69823286
v 2.66405668 1.01368917 1.53809384
v 2.77781235 1.01368917 1.36986545
v 2.88283867 1.01368917 1.19411087
v 2.97902456 1.01368917 1.01124257
v 3.06603646 1.01368917 0.82154199
v 3.14323420 1.01368917 0.62522816
v 3.20964511 1.01368917 0.42255780
v 3.26400353 1.01368917 0.21393409
v 3.32078884 1.52053376 0.00000000
v 3.34631039 1.52053376 -0.21932877
v 3.35513532 1.52053376 -0.44171194
v 3.34622873 1.52053376 -0.66560628
v 3.31899779 1.52053376 -0.88932278
v 3.27336431 1.52053376 -1.11115745
v 3.20976906 1.52053376 -1.32952988
v 3.12910674 1.52053376 -1.54310467
v 3.03260134 1.52053376 -1.75087320
v 2.92164175 1.52053376 -1.95217860
v 2.79760380 1.52053376 -2.14667690
v 2.66168761 1.52053376 -2.33423739
v 2.51479649 1.52053376 -2.51479649
v 2.35747739 1.52053376 -2.68818776
v 2.18993285 1.52053376 -2.85397606
v 2.01210288 1.52053376 -3.01132477
v 1.82380384 1.52053376 -3.15892091
v 1.62490188 1.52053376 -3.29497507
v 1.41549286 1.52053376 -3.41730206
v 1.19605881 1.52053376 -3.52347563
v 0.96757497 1.52053376 -3.61103894
v 0.73154863 1.52053376 -3.67774331
v 0.48998192 1.52053376 -3.72178216
v 0.24526280 1.52053376 -3.74198722
v 0.00000000 1.52053376 -3.73795833
v -0.24317330 1.52053376 -3.71010767
v -0.48179698 1.52053376 -3.65961136
v -0.71375228 1.52053376 -3.58827503
v -0.93737539 1.52053376 -3.49833259
v -1.15149921 1.52053376 -3.39220727
v -1.35541845 1.52053376 -3.27226961
v -1.54878593 1.52053376 -3.14062719
v -1.73145952 1.52053376 -2.99897585
v -1.90332832 1.52053376 -2.84853214
v -2.06415085 1.52053376 -2.69005376
v -2.21343669 1.52053376 -2.52394082
v -2.35039710 1.52053376 -2.35039710
v -2.47397879 1.52053376 -2.16962117
v -2.58298136 1.52053376 -1.98199131
v -2.67624437 1.52053376 -1.78820932
v -2.75287668 1.52053376 -1.58937409
v -2.81249153 1.52053376 -1.38696733
v -2.85540642 1.52053376 -1.18274807
v -2.88276931 1.52053376 -0.97856832
v -2.89658050 1.52053376 -0.77613640
v -2.89959364 1.52053376 -0.57676504
v -2.89509584 1.52053376 -0.38114660
v -2.88658505 1.52053376 -0.18919678
v -2.87737928 1.52053376 -0.00000000
v -2.87020457 1.52053376 0.18812315
v -2.86681501 1.52053376 0.37742336
v -2.86769699 1.52053376 0.57042040
v -2.87190216 1.52053376 0.76952386
v -2.87703826 1.52053376 0.97662289
v -2.87942853 1.52053376 1.19269835
v -2.87442833 1.52053376 1.41751118
v -2.85686770 1.52053376 1.64941334
v -2.82157150 1.52053376 1.88531380
v -2.76389777 1.52053376 2.12081335
v -2.68023187 1.52053376 2.35050027
v -2.56837846 1.52053376 2.56837846
v -2.42780565 1.52053376 2.76838176
v -2.25971377 1.52053376 2.94491633
v -2.06692281 1.52053376 3.09336859
v -1.85359447 1.52053376 3.21051980
v -1.62482507 1.52053376 3.29481931
v -1.38615990 1.52053376 3.34648603
v -1.14308800 1.52053376 3.36742866
v -0.90057646 1.52053376 3.36099711
v -0.66269603 1.52053376 3.33159792
v -0.43237599 1.52053376 3.28422173
v -0.21130819 1.52053376 3.22393999
v -0.00000000 1.52053376 3.15542948
v 0.20204277 1.52053376 3.08257700
v 0.39603761 1.52053376 3.00820433
v 0.58359611 1.52053376 2.93393576
v 0.76639151 1.52053376 2.86021205
v 0.94586735 1.52053376 2.78643536
v 1.12302186 1.52053376 2.71121461
v 1.29828929 1.52053376 2.63267025
v 1.47152329 1.52053376 2.54875311
v 1.64207222 1.52053376 2.45753474
v 1.80892303 1.52053376 2.35743440
v 1.97088239 1.52053376 2.24736064
v 2.12675997 1.52053376 2.12675997
v 2.27552223 1.52053376 1.99557944
v 2.41639180 1.52053376 1.85416264
v 2.54887920 1.52053376 1.70310663
v 2.67274603 1.52053376 1.54311064
v 2.78791099 1.52053376 1.37484555
v 2.89432000 1.52053376 1.19886660
v 2.99180721 1.52053376 1.01558170
v 3.07997504 1.52053376 0.82527682
v 3.15811737 1.52053376 0.62818860
v 3.22520217 1.52053376 0.42460592
v 3.27991947 1.52053376 0.21497728
v 3.33671798 2.02737834 0.00000000
v 3.36183927 2.02737834 -0.22034659
v 3.36996942 2.02737834 -0.44366489
v 3.36013068 2.02737834 -0.66837155
v 3.33180321 2.02737834 -0.89275398
v 3.28498862 2.02737834 -1.11510338
v 3.22020455 2.02737834 -1.33385240
v 3.13841035 2.02737834 -1.54769271
v 3.04087536 2.02737834 -1.75565021
v 2.92901044 2.02737834 -1.95710221
v 2.80418973 2.02737834 -2.15173046
v 2.66759132 2.02737834 -2.33941480
v 2.52008271 2.02737834 -2.52008271
v 2.36216981 2.02737834 -2.69353843
v 2.19401798 2.02737834 -2.85929990
v 2.01554230 2.02737834 -3.01647222
v 1.82655245 2.02737834 -3.16368165
v 1.62692905 2.02737834 -3.29908576
v 1.41680261 2.02737834 -3.42046408
v 1.19670560 2.02737834 -3.52538102
v 0.96767209 2.02737834 -3.61140142
v 0.73126755 2.02737834 -3.67633024
v 0.48954233 2.02737834 -3.71844313
v 0.24491463 2.02737834 -3.73667514
v 0.00000000 2.02737834 -3.73073984
v -0.24258693 2.02737834 -3.70116132
v -0.48042807 2.02737834 -3.64921351
v -0.71146483 2.02737834 -3.57677522
v -0.93410349 2.02737834 -3.48612169
v -1.14724765 2.02737834 -3.37968260
v -1.35025407 2.02737834 -3.25980168
v -1.54282147 2.02737834 -3.12853245
v -1.72483314 2.02737834 -2.98749863
v -1.89618253 2.02737834 -2.83783771
v -2.05661480 2.02737834 -2.68023259
v -2.20561540 2.02737834 -2.51502234
v -2.34236984 2.02737834 -2.34236984
v -2.46580741 2.02737834 -2.16245506
v -2.57472741 2.02737834 -1.97565783
v -2.66799225 2.02737834 -1.78269543
v -2.74475869 2.02737834 -1.58468717
v -2.80470974 2.02737834 -1.38312978
v -2.84824668 2.02737834 -1.17978241
v -2.87660297 2.02737834 -0.97647513
v -2.89185149 2.02737834 -0.77486927
v -2.89679026 2.02737834 -0.57620741
v -2.89470900 2.02737834 -0.38109567
v -2.88905695 2.02737834 -0.18935880
v -2.88304836 2.02737834 -0.00000000
v -2.87925351 2.02737834 0.18871625
v -2.87922887 2.02737834 0.37905767
v -2.88323791 2.02737834 0.57351168
v -2.89010503 2.02737834 0.77440131
v -2.89722981 2.02737834 0.98347700
v -2.90076912 2.02737834 1.20153791
v -2.89597311 2.02737834 1.42813589
v -2.87764127 2.02737834 1.66140696
v -2.84064823 2.02737834 1.89806047
v -2.78047925 2.02737834 2.13353677
v -2.69371298 2.02737834 2.36232288
v -2.57839485 2.02737834 2.57839485
v -2.43425759 2.02737834 2.77573879
v -2.26276400 2.02737834 2.94889146
v -2.06696905 2.02737834 3.09343780
v -1.85122032 2.02737834 3.20640764
v -1.62073515 2.02737834 3.28652576
v -1.38110703 2.02737834 3.33428733
v -1.13780056 2.02737834 3.35185236
v -0.89569376 2.02737834 3.34277462
v -0.65871822 2.02737834 3.31160013
v -0.42963279 2.02737834 3.26338504
v -0.20994823 2.02737834 3.20319101
v -0.00000000 2.02737834 3.13561614
v 0.20085223 2.02737834 3.06441291
v 0.39393466 2.02737834 2.99223083
v 0.58092441 2.02737834 2.92050424
v 0.76351744 2.02737834 2.84948589
v 0.94314281 2.02737834 2.77840912
v 1.12075663 2.02737834 2.70574586
v 1.29673503 2.02737834 2.62951852
v 1.47086926 2.02737834 2.54762029
v 1.64245093 2.02737834 2.45810153
v 1.81042289 2.02737834 2.35938904
v 1.97356322 2.02737834 2.25041755
v 2.13066777 2.02737834 2.13066777
v 2.28069954 2.02737834 2.00011982
v 2.42288170 2.02737834 1.85914252
v 2.55672207 2.02737834 1.70834707
v 2.68196984 2.02737834 1.54843601
v 2.79851729 2.02737834 1.38007600
v 2.90626852 2.02737834 1.20381584
v 3.00500253 2.02737834 1.02006091
v 3.09425836 2.02737834 0.82910403
v 3.17326574 2.02737834 0.63120180
v 3.24093632 2.02737834 0.42667736
v 3.29591981 2.02737834 0.21602600
v 3.35260050 2.53422293 0.00000000
v 3.37723538 2.53422293 -0.22135570
v 3.38459472 2.53422293 -0.44559035
v 3.37376126 2.53422293 -0.67108284
v 3.34429022 2.53422293 -0.89609986
v 3.29626364 2.53422293 -1.11893073
v 3.23027509 2.53422293 -1.33802375
v 3.14734644 2.53422293 -1.55209950
v 3.04878926 2.53422293 -1.76021930
v 2.93603289 2.53422293 -1.96179446
v 2.81044632 2.53422293 -2.15653131
v 2.67318280 2.53422293 -2.34431840
v 2.52507212 2.53422293 -2.52507212
v 2.36657833 2.53422293 -2.69856539
v 2.19783005 2.53422293 -2.86426788
v 2.01871874 2.53422293 -3.02122610
v 1.82904940 2.53422293 -3.16800649
v 1.62871923 2.53422293 -3.30271589
v 1.41789526 2.53422293 -3.42310198
v 1.19716150 2.53422293 -3.52672407
v 0.96761095 2.53422293 -3.61117323
v 0.73086617 2.53422293 -3.67431235
v 0.48902356 2.53422293 -3.71450274
v 0.24452855 2.53422293 -3.73078476
v 0.00000000 2.53422293 -3.72298614
v -0.24196952 2.53422293 -3.69174145
v -0.47900699 2.53422293 -3.63841931
v -0.70911608 2.53422293 -3.56496727
v -0.93077420 2.53422293 -3.47369659
v -1.14295535 2.53422293 -3.36703788
v -1.34507693 2.53422293 -3.24730298
v -1.53688136 2.53422293 -3.11648710
v -1.71827463 2.53422293 -2.97613895
v -1.88915185 2.53422293 -2.82731555
v -2.04924266 2.53422293 -2.67062503
v -2.19800699 2.53422293 -2.50634661
v -2.33460425 2.53422293 -2.33460425
v -2.45794684 2.53422293 -2.15556153
v -2.56683509 2.53422293 -1.96960184
v -2.66015583 2.53422293 -1.77745930
v -2.73711500 2.53422293 -1.58027408
v -2.79746591 2.53422293 -1.37955752
v -2.84169271 2.53422293 -1.17706766
v -2.87111186 2.53422293 -0.97461115
v -2.88786456 2.53422293 -0.77380098
v -2.89478735 2.53422293 -0.57580901
v -2.89516564 2.53422293 -0.38115579
v -2.89239267 2.53422293 -0.18957743
v -2.88957215 2.53422293 -0.00000000
v -2.88911326 2.53422293 0.18936249
v -2.89237191 2.53422293 0.38078799
v -2.89938859 2.53422293 0.57672425
v -2.90876379 2.53422293 0.77940091
v -2.91769562 2.53422293 0.99042420
v -2.92218418 2.53422293 1.21040832
v -2.91738625 2.53422293 1.43869569
v -2.89808370 2.53422293 1.67320941
v -2.85921377 2.53422293 1.91046556
v -2.79640044 2.53422293 2.14575352
v -2.70642465 2.53422293 2.37347072
v -2.58757830 2.53422293 2.58757830
v -2.43986048 2.53422293 2.78212767
v -2.26499421 2.53422293 2.95179793
v -2.06626351 2.53422293 3.09238188
v -1.84819288 2.53422293 3.20116398
v -1.61610980 2.53422293 3.27714649
v -1.37564417 2.53422293 3.32109882
v -1.13222470 2.53422293 3.33542642
v -0.89063037 2.53422293 3.32387780
v -0.65464587 2.53422293 3.29112705
v -0.42685470 2.53422293 3.24228333
v -0.20858460 2.53422293 3.18238601
v -0.00000000 2.53422293 3.11594321
v 0.19968234 2.53422293 3.04656379
v 0.39189242 2.53422293 2.97671844
v 0.57836711 2.53422293 2.90764780
v 0.76081917 2.53422293 2.83941578
v 0.94065779 2.53422293 2.77108850
v 1.11879263 2.53422293 2.70100435
v 1.29553857 2.53422293 2.62709234
v 1.47062257 2.53422293 2.54719302
v 1.64327872 2.53422293 2.45934040
v 1.81240560 2.53422293 2.36197297
v 1.97675299 2.53422293 2.25405478
v 2.13510299 2.53422293 2.13510299
v 2.28641498 2.53422293 2.00513212
v 2.42991194 2.53422293 1.86453701
v 2.56509783 2.53422293 1.71394357
v 2.69170801 2.53422293 1.55405834
v 2.80960694 2.53422293 1.38554481
v 2.91865593 2.53422293 1.20894687
v 3.01857858 2.53422293 1.02466936
v 3.10885140 2.53422293 0.83301422
v 3.18864200 2.53422293 0.63426033
v 3.25680886 2.53422293 0.42876702
v 3.31196549 2.53422293 0.21707769
v 3.36839821 3.04106751 0.00000000
v 3.39246249 3.04106751 -0.22235374
v 3.39897774 3.04106751 -0.44748391
v 3.38709038 3.04106751 -0.67373417
v 3.35643250 3.04106751 -0.89935338
v 3.30716689 3.04106751 -1.12263189
v 3.23996196 3.04106751 -1.34203618
v 3.15589967 3.04106751 -1.55631748
v 3.05633063 3.04106751 -1.76457331
v 2.94269906 3.04106751 -1.96624865
v 2.81636541 3.04106751 -2.16107319
v 2.67845529 3.04106751 -2.34894225
v 2.52975898 3.04106751 -2.52975898
v 2.37069807 3.04106751 -2.70326305
v 2.20136494 3.04106751 -2.86887464
v 2.02162890 3.04106751 -3.02558146
v 1.83129229 3.04106751 -3.17189129
v 1.63027104 3.04106751 -3.30586263
v 1.41877045 3.04106751 -3.42521487
v 1.19742712 3.04106751 -3.52750655
v 0.96739291 3.04106751 -3.61035948
v 0.73034627 3.04106751 -3.67169864
v 0.48842737 3.04106751 -3.70997418
v 0.24410572 3.04106751 -3.72433365
v 0.00000000 3.04106751 -3.71471899
v -0.24132274 3.04106751 -3.68187355
v -0.47753748 3.04106751 -3.62725727
v -0.70671213 3.04106751 -3.55288180
v -0.92739602 3.04106751 -3.46108905
v -1.13863312 3.04106751 -3.35430501
v -1.33989991 3.04106751 -3.23480454
v -1.53098008 3.04106751 -3.10452049
v -1.71179958 3.04106751 -2.96492384
v -1.88225249 3.04106751 -2.81698993
v -2.04205076 3.04106751 -2.66125237
v -2.19062751 3.04106751 -2.49793193
v -2.32711570 3.04106751 -2.32711570
v -2.45041155 3.04106751 -2.14895326
v -2.55931767 3.04106751 -1.96383352
v -2.65274689 3.04106751 -1.77250881
v -2.72995557 3.04106751 -1.57614059
v -2.79076768 3.04106751 -1.37625432
v -2.83574922 3.04106751 -1.17460579
v -2.86629701 3.04106751 -0.97297673
v -2.88461616 3.04106751 -0.77293057
v -2.89357582 3.04106751 -0.57556802
v -2.89645019 3.04106751 -0.38132490
v -2.89656939 3.04106751 -0.18985119
v -2.89692007 3.04106751 -0.00000000
v -2.89974541 3.04106751 0.19005936
v -2.90619818 3.04106751 0.38260825
v -2.91609643 3.04106751 0.58004764
v -2.92782060 3.04106751 0.78450717
v -2.93837444 3.04106751 0.99744372
v -2.94361130 3.04106751 1.21928372
v -2.93860657 3.04106751 1.44916039
v -2.91813743 3.04106751 1.68478743
v -2.87721642 3.04106751 1.92249455
v -2.81161736 3.04106751 2.15742988
v -2.71833201 3.04106751 2.38391319
v -2.59590373 3.04106751 2.59590373
v -2.44459909 3.04106751 2.78753101
v -2.26639838 3.04106751 2.95362788
v -2.06480819 3.04106751 3.09020383
v -1.84452055 3.04106751 3.19480331
v -1.61096184 3.04106751 3.26670746
v -1.36978651 3.04106751 3.30695718
v -1.12637605 3.04106751 3.31819684
v -0.88540061 3.04106751 3.30436007
v -0.65049064 3.04106751 3.27023728
v -0.42404979 3.04106751 3.22097793
v -0.20722134 3.04106751 3.16158665
v -0.00000000 3.04106751 3.09647045
v 0.19853676 3.04106751 3.02908562
v 0.38991755 3.04106751 2.96171783
v 0.57593301 3.04106751 2.89541077
v 0.75830670 3.04106751 2.83003914
v 0.93842260 3.04106751 2.76450383
v 1.11713957 3.04106751 2.69701351
v 1.29470827 3.04106751 2.62540865
v 1.47078962 3.04106751 2.54748235
v 1.64455949 3.04106751 2.46125720
v 1.81487220 3.04106751 2.36518750
v 1.98044949 3.04106751 2.25826983
v 2.14005993 3.04106751 2.14005993
v 2.29265907 3.04106751 2.01060804
v 2.43746909 3.04106751 1.87033581
v 2.57398895 3.04106751 1.71988443
v 2.70193886 3.04106751 1.55996513
v 2.82115417 3.04106751 1.39123927
v 2.93145257 3.04106751 1.21424741
v 3.03250226 3.04106751 1.02939581
v 3.12371823 3.04106751 0.83699778
v 3.20420817 3.04106751 0.63735663
v 3.27278073 3.04106751 0.43086976
v 3.32801736 3.04106751 0.21812978
v 3.38407320 3.54791210 0.00000000
v 3.40748487 3.54791210 -0.22333836
v 3.41308574 3.54791210 -0.44934126
v 3.40008884 3.54791210 -0.67631972
v 3.36820472 3.54791210 -0.90250774
v 3.31767701 3.54791210 -1.12619959
v 3.24924752 3.54791210 -1.34588239
v 3.16405578 3.54791210 -1.56033964
v 3.06348809 3.54791210 -1.76870567
v 2.94899988 3.54791210 -1.97045872
v 2.82193968 3.54791210 -2.16535048
v 2.68340277 3.54791210 -2.35328107
v 2.53413826 3.54791210 -2.53413826
v 2.37452479 3.54791210 -2.70762659
v 2.20461914 3.54791210 -2.87311561
v 2.02427007 3.54791210 -3.02953425
v 1.83327928 3.54791210 -3.17533286
v 1.63158359 3.54791210 -3.30852422
v 1.41942831 3.54791210 -3.42680309
v 1.19750349 3.54791210 -3.52773154
v 0.96701969 3.54791210 -3.60896662
v 0.72970991 3.54791210 -3.66849945
v 0.48775566 3.54791210 -3.70487205
v 0.24364738 3.54791210 -3.71734069
v 0.00000000 3.54791210 -3.70596134
v -0.24064834 3.54791210 -3.67158412
v -0.47602340 3.54791210 -3.61575673
v -0.70425920 3.54791210 -3.54055009
v -0.92397757 3.54791210 -3.44833122
v -1.13429183 3.54791210 -3.34151598
v -1.33473579 3.54791210 -3.22233724
v -1.52513191 3.54791210 -3.09266158
v -1.70542326 3.54791210 -2.95387973
v -1.87550019 3.54791210 -2.80688439
v -2.03505481 3.54791210 -2.65213506
v -2.18349219 3.54791210 -2.48979565
v -2.31991863 3.54791210 -2.31991863
v -2.44321484 3.54791210 -2.14264191
v -2.55218709 3.54791210 -1.95836203
v -2.64577574 3.54791210 -1.76785083
v -2.72328873 3.54791210 -1.57229148
v -2.78462091 3.54791210 -1.37322306
v -2.83041902 3.54791210 -1.17239795
v -2.86215739 3.54791210 -0.97157152
v -2.88210054 3.54791210 -0.77225651
v -2.89314428 3.54791210 -0.57548218
v -2.89854476 3.54791210 -0.38160066
v -2.90156200 3.54791210 -0.19017842
v -2.90505937 3.54791210 -0.00000000
v -2.91110950 3.54791210 0.19080420
v -2.92066001 3.54791210 0.38451219
v -2.93330749 3.54791210 0.58347114
v -2.94721673 3.54791210 0.78970434
v -2.95920469 3.54791210 1.00451464
v -2.96498826 3.54791210 1.22813835
v -2.95957361 3.54791210 1.45950019
v -2.93774617 3.54791210 1.69610854
v -2.89460622 3.54791210 1.93411404
v -2.82608818 3.54791210 2.16853373
v -2.72940257 3.54791210 2.39362181
v -2.60334860 3.54791210 2.60334860
v -2.44846069 3.54791210 2.79193433
v -2.26697292 3.54791210 2.95437663
v -2.06260730 3.54791210 3.08690996
v -1.84021361 3.54791210 3.18734346
v -1.60530565 3.54791210 3.25523783
v -1.36355046 3.54791210 3.29190201
v -1.12027108 3.54791210 3.30021218
v -0.88001935 3.54791210 3.28427693
v -0.64626448 3.54791210 3.24899094
v -0.42122626 3.54791210 3.19953113
v -0.20586251 3.54791210 3.14085497
v -0.00000000 3.54791210 3.07725745
v 0.19741912 3.54791210 3.01203368
v 0.38801658 3.54791210 2.94727852
v 0.57363065 3.54791210 2.88383600
v 0.75598961 3.54791210 2.82139162
v 0.93644686 3.54791210 2.75868350
v 1.11580630 3.54791210 2.69379471
v 1.29425145 3.54791210 2.62448231
v 1.47137559 3.54791210 2.54849728
v 1.64629579 3.54791210 2.46385577
v 1.81782224 3.54791210 2.36903207
v 1.98464896 3.54791210 2.26305841
v 2.14553125 3.54791210 2.14553125
v 2.29942071 3.54791210 2.01653784
v 2.44553808 3.54791210 1.87652737
v 2.58337629 3.54791210 1.72615685
v 2.71263914 3.54791210 1.56614294
v 2.83313174 3.54791210 1.39714596
v 2.94462750 3.54791210 1.21970465
v 3.04673938 3.54791210 1.03422866
v 3.13882206 3.54791210 0.84104484
v 3.21992570 3.54791210 0.64048304
v 3.28881254 3.54791210 0.43298039
v 3.34403626 3.54791210 0.21917972
v 3.39958795 4.05475668 0.00000000
v 3.42226742 4.05475668 -0.22430726
v 3.42688680 4.05475668 -0.45115821
v 3.41272844 4.05475668 -0.67883389
v 3.37958267 4.05475668 -0.90555645
v 3.32777374 4.05475668 -1.12962697
v 3.25811530 4.05475668 -1.34955554
v 3.17180165 4.05475668 -1.56415947
v 3.07025129 4.05475668 -1.77261041
v 2.95492724 4.05475668 -1.97441926
v 2.82716272 4.05475668 -2.16935825
v 2.68802006 4.05475668 -2.35733033
v 2.53820568 4.05475668 -2.53820568
v 2.37805494 4.05475668 -2.71165196
v 2.20758982 4.05475668 -2.87698706
v 2.02664012 4.05475668 -3.03308128
v 1.83500911 4.05475668 -3.17832900
v 1.63265655 4.05475668 -3.31069998
v 1.41986945 4.05475668 -3.42786809
v 1.19739208 4.05475668 -3.52740333
v 0.96649339 4.05475668 -3.60700242
v 0.72895942 4.05475668 -3.66472648
v 0.48701053 4.05475668 -3.69921226
v 0.24315484 4.05475668 -3.70982601
v 0.00000000 4.05475668 -3.69673726
v -0.23994811 4.05475668 -3.66090067
v -0.47446873 4.05475668 -3.60394781
v -0.70176361 4.05475668 -3.52800390
v -0.92052753 4.05475668 -3.43545550
v -1.12994233 4.05475668 -3.32870276
v -1.32959725 4.05475668 -3.20993170
v -1.51935090 4.05475668 -3.08093886
v -1.69916055 4.05475668 -2.94303241
v -1.86891011 4.05475668 -2.79702164
v -2.02826978 4.05475668 -2.64329263
v -2.17661537 4.05475668 -2.48195414
v -2.31302640 4.05475668 -2.31302640
v -2.43636882 4.05475668 -2.13663811
v -2.54545395 4.05475668 -1.95319551
v -2.63925118 4.05475668 -1.76349126
v -2.71712113 4.05475668 -1.56873061
v -2.77902966 4.05475668 -1.37046576
v -2.82570295 4.05475668 -1.17044448
v -2.85868988 4.05475668 -0.97039445
v -2.88030974 4.05475668 -0.77177667
v -2.89347907 4.05475668 -0.57554877
v -2.90142917 4.05475668 -0.38198040
v -2.90734314 4.05475668 -0.19055734
v -2.91395517 4.05475668 -0.00000000
v -2.92316322 4.05475668 0.19159424
v -2.93570815 4.05475668 0.38649331
v -2.95096668 4.05475668 0.58698377
v -2.96689276 4.05475668 0.79497652
v -2.98012460 4.05475668 1.01161599
v -2.98625320 4.05475668 1.23694658
v -2.98022784 4.05475668 1.46968573
v -2.95685507 4.05475668 1.70714107
v -2.91133512 4.05475668 1.94529193
v -2.83977330 4.05475668 2.17903469
v -2.73960630 4.05475668 2.40257024
v -2.60989292 4.05475668 2.60989292
v -2.45143518 4.05475668 2.79532608
v -2.26671667 4.05475668 2.95404268
v -2.05966726 4.05475668 3.08250989
v -1.83528424 4.05475668 3.17880556
v -1.59915714 4.05475668 3.24276989
v -1.35695360 4.05475668 3.27597578
v -1.11392710 4.05475668 3.28152342
v -0.87450198 4.05475668 3.26368581
v -0.64197962 4.05475668 3.22744952
v -0.41839243 4.05475668 3.17800598
v -0.20451220 4.05475668 3.12025319
v -0.00000000 4.05475668 3.05836341
v 0.19633298 4.05475668 2.99546235
v 0.38619586 4.05475668 2.93344877
v 0.57146821 4.05475668 2.87296470
v 0.75387693 4.05475668 2.81350701
v 0.93473953 4.05475668 2.75365386
v 1.11480080 4.05475668 2.69136721
v 1.29417437 4.05475668 2.62432601
v 1.47238445 4.05475668 2.55024468
v 1.64848885 4.05475668 2.46713792
v 1.82125381 4.05475668 2.37350418
v 1.98934610 4.05475668 2.26841447
v 2.15150802 4.05475668 2.15150802
v 2.30668715 4.05475668 2.02291034
v 2.45410220 4.05475668 1.88309885
v 2.59323912 4.05475668 1.73274698
v 2.72378411 4.05475668 1.57257749
v 2.84551106 4.05475668 1.40325077
v 2.95814860 4.05475668 1.22530527
v 3.06125478 4.05475668 1.03915597
v 3.15412538 4.05475668 0.84514535
v 3.23575558 4.05475668 0.64363180
v 3.30486476 4.05475668 0.43509370
v 3.35998317 4.05475668 0.22022493
v 3.41490542 4.56160127 0.00000000
v 3.43677577 4.56160127 -0.22525818
v 3.44034993 4.56160127 -0.45293066
v 3.42498203 4.56160127 -0.68127128
v 3.39054327 4.56160127 -0.90849333
v 3.33743804 4.56160127 -1.13290756
v 3.26654998 4.56160127 -1.35304930
v 3.17912525 4.56160127 -1.56777108
v 3.07661097 4.56160127 -1.77628217
v 2.96047402 4.56160127 -1.97812550
v 2.83202899 4.56160127 -2.17309227
v 2.69230278 4.56160127 -2.36108617
v 2.54195770 4.56160127 -2.54195770
v 2.38128566 4.56160127 -2.71533589
v 2.21027473 4.56160127 -2.88048611
v 2.02873755 4.56160127 -3.03622031
v 1.83648106 4.56160127 -3.18087851
v 1.63349013 4.56160127 -3.31239031
v 1.42009497 4.56160127 -3.42841253
v 1.19709478 4.56160127 -3.52652749
v 0.96581641 4.56160127 -3.60447593
v 0.72809739 4.56160127 -3.66039275
v 0.48619425 4.56160127 -3.69301199
v 0.24262951 4.56160127 -3.70181094
v 0.00000000 4.56160127 -3.68707191
v -0.23922391 4.56160127 -3.64985155
v -0.47287751 4.56160127 -3.59186127
v -0.69923175 4.56160127 -3.51527540
v -0.91705461 4.56160127 -3.42249442
v -1.12559544 4.56160127 -3.31589724
v -1.32449683 4.56160127 -3.19761821
v -1.51365083 4.56160127 -3.06938024
v -1.69302591 4.56160127 -2.93240690
v -1.86249685 4.56160127 -2.78742351
v -2.02170987 4.56160127 -2.63474360
v -2.17001047 4.56160127 -2.47442270
v -2.30645128 4.56160127 -2.30645128
v -2.42988436 4.56160127 -2.13095139
v -2.53912744 4.56160127 -1.94834101
v -2.63318047 4.56160127 -1.75943494
v -2.71145775 4.56160127 -1.56546086
v -2.77399617 4.56160127 -1.36798352
v -2.82159989 4.56160127 -1.16874494
v -2.85588928 4.56160127 -0.96944378
v -2.87923369 4.56160127 -0.77148834
v -2.89456435 4.56160127 -0.57576465
v -2.90508103 4.56160127 -0.38246117
v -2.91388332 4.56160127 -0.19098600
v -2.92357062 4.56160127 -0.00000000
v -2.93586247 4.56160127 0.19242659
v -2.95129193 4.56160127 0.38854495
v -2.96901785 4.56160127 0.59057437
v -2.98678872 4.56160127 0.80030763
v -3.00107237 4.56160127 1.01872680
v -3.00734482 4.56160127 1.24568301
v -3.00051083 4.56160127 1.47968819
v -2.97541089 4.56160127 1.71785428
v -2.92735707 4.56160127 1.95599746
v -2.85263548 4.56160127 2.18890419
v -2.74891577 4.56160127 2.41073443
v -2.61551939 4.56160127 2.61551939
v -2.45351501 4.56160127 2.79769768
v -2.26563094 4.56160127 2.95262773
v -2.05599670 4.56160127 3.07701651
v -1.82974652 4.56160127 3.16921393
v -1.59253374 4.56160127 3.22933896
v -1.35001463 4.56160127 3.25922363
v -1.10736219 4.56160127 3.26218382
v -0.86886435 4.56160127 3.24264589
v -0.63764854 4.56160127 3.20567568
v -0.41555665 4.56160127 3.15646613
v -0.20317448 4.56160127 3.09984352
v -0.00000000 4.56160127 3.03984699
v 0.19528183 4.56160127 2.97942500
v 0.38446154 4.56160127 2.92027536
v 0.56945355 4.56160127 2.86283632
v 0.75197719 4.56160127 2.80641709
v 0.93330881 4.56160127 2.74943911
v 1.11413011 4.56160127 2.68974803
v 1.29448222 4.56160127 2.62495028
v 1.47381894 4.56160127 2.55272928
v 1.65113851 4.56160127 2.47110341
v 1.82516355 4.56160127 2.37859944
v 1.99453406 4.56160127 2.27433020
v 2.15797973 4.56160127 2.15797973
v 2.31444404 4.56160127 2.02971295
v 2.46314317 4.56160127 1.89003623
v 2.60355518 4.56160127 1.73963996
v 2.73534763 4.56160127 1.57925369
v 2.85826228 4.56160127 1.40953897
v 2.97198266 4.56160127 1.23103553
v 3.07601243 4.56160127 1.04416552
v 3.16959007 4.56160127 0.84928910
v 3.25165845 4.56160127 0.64679508
v 3.32089779 4.56160127 0.43720449
v 3.37581924 4.56160127 0.22126288
v 3.42998915 5.06844585 0.00000000
v 3.45097637 5.06844585 -0.22618894
v 3.45344513 5.06844585 -0.45465468
v 3.43682362 5.06844585 -0.68362672
v 3.40106465 5.06844585 -0.91131253
v 3.34665209 5.06844585 -1.13603530
v 3.27453748 5.06844585 -1.35635784
v 3.18601575 5.06844585 -1.57116909
v 3.08255894 5.06844585 -1.77971623
v 2.96563408 5.06844585 -1.98157334
v 2.83653386 5.06844585 -2.17654898
v 2.69624735 5.06844585 -2.36454547
v 2.54539151 5.06844585 -2.54539151
v 2.38421475 5.06844585 -2.71867587
v 2.21267230 5.06844585 -2.88361068
v 2.03056144 5.06844585 -3.03894996
v 1.83769502 5.06844585 -3.18298114
v 1.63408503 5.06844585 -3.31359665
v 1.42010643 5.06844585 -3.42844020
v 1.19661387 5.06844585 -3.52511079
v 0.96499154 5.06844585 -3.60139747
v 0.72712665 5.06844585 -3.65551254
v 0.48530924 5.06844585 -3.68628967
v 0.24207285 5.06844585 -3.69331795
v 0.00000000 5.06844585 -3.67699144
v -0.23847766 5.06844585 -3.63846595
v -0.47125386 5.06844585 -3.57952846
v -0.69667010 5.06844585 -3.50239711
v -0.91356757 5.06844585 -3.40948058
v -1.12126191 5.06844585 -3.30313106
v -1.31944689 5.06844585 -3.18542657
v -1.50804512 5.06844585 -3.05801300
v -1.68703330 5.06844585 -2.92202738
v -1.85627432 5.06844585 -2.77811085
v -2.01538848 5.06844585 -2.62650541
v -2.16368992 5.06844585 -2.46721550
v -2.30020443 5.06844585 -2.30020443
v -2.42377102 5.06844585 -2.12559014
v -2.53321535 5.06844585 -1.94380450
v -2.62756931 5.06844585 -1.75568568
v -2.70630189 5.06844585 -1.56248412
v -2.76952085 5.06844585 -1.36577654
v -2.81810681 5.06844585 -1.16729806
v -2.85374836 5.06844585 -0.96871703
v -2.87886015 5.06844585 -0.77138825
v -2.89638209 5.06844585 -0.57612622
v -2.90947581 5.06844585 -0.38303976
v -2.92115100 5.06844585 -0.19146235
v -2.93386697 5.06844585 -0.00000000
v -2.94916155 5.06844585 0.19329826
v -2.96735939 5.06844585 0.39066027
v -2.98740402 5.06844585 0.59423161
v -3.00684428 5.06844585 0.80568150
v -3.02198641 5.06844585 1.02582616
v -3.02820254 5.06844585 1.25432256
v -3.02036543 5.06844585 1.48947940
v -2.99336213 5.06844585 1.72821843
v -2.94262822 5.06844585 1.96620131
v -2.86463994 5.06844585 2.19811554
v -2.75730617 5.06844585 2.41809261
v -2.62021340 5.06844585 2.62021340
v -2.45469531 5.06844585 2.79904355
v -2.26371946 5.06844585 2.95013664
v -2.05160639 5.06844585 3.07044594
v -1.82361631 5.06844585 3.15859609
v -1.58545431 5.06844585 3.21498331
v -1.34275334 5.06844585 3.24169332
v -1.10059515 5.06844585 3.24224875
v -0.86312274 5.06844585 3.22121793
v -0.63328388 5.06844585 3.18373307
v -0.41272737 5.06844585 3.13497559
v -0.20185341 5.06844585 3.07968795
v -0.00000000 5.06844585 3.02176608
v 0.19426910 5.06844585 2.96397376
v 0.38281959 5.06844585 2.90780346
v 0.56759413 5.06844585 2.85348838
v 0.75029833 5.06844585 2.80015150
v 0.93216217 5.06844585 2.74606122
v 1.11380036 5.06844585 2.68895193
v 1.29517907 5.06844585 2.62636334
v 1.47568052 5.06844585 2.55595363
v 1.65424322 5.06844585 2.47574994
v 1.82954658 5.06844585 2.38431153
v 2.00020445 5.06844585 2.28079604
v 2.16493427 5.06844585 2.16493427
v 2.32267547 5.06844585 2.03693171
v 2.47264119 5.06844585 1.89732431
v 2.61430077 5.06844585 1.74681993
v 2.74730218 5.06844585 1.58615565
v 2.87135432 5.06844585 1.41599525
v 2.98609545 5.06844585 1.23688123
v 3.09097551 5.06844585 1.04924480
v 3.18517746 5.06844585 0.85346573
v 3.26759470 5.06844585 0.64996500
v 3.33687206 5.06844585 0.43930754
v 3.39150600 5.06844585 0.22229105
v 3.44480340 5.57529044 0.00000000
v 3.46483657 5.57529044 -0.22709739
v 3.46614349 5.57529044 -0.45632645
v 3.44822838 5.57529044 -0.68589527
v 3.41112622 5.57529044 -0.91400851
v 3.35539936 5.57529044 -1.13900460
v 3.28206497 5.57529044 -1.35947582
v 3.19246348 5.57529044 -1.57434876
v 3.08808811 5.57529044 -1.78290850
v 2.97040228 5.57529044 -1.98475935
v 2.84067360 5.57529044 -2.17972551
v 2.69985102 5.57529044 -2.36770580
v 2.54850505 5.57529044 -2.54850505
v 2.38684071 5.57529044 -2.72167021
v 2.21478156 5.57529044 -2.88635953
v 2.03211148 5.57529044 -3.04126975
v 1.83865139 5.57529044 -3.18463763
v 1.63444250 5.57529044 -3.31432153
v 1.41990588 5.57529044 -3.42795603
v 1.19595207 5.57529044 -3.52316120
v 0.96402187 5.57529044 -3.59777861
v 0.72605030 5.57529044 -3.65010135
v 0.48435808 5.57529044 -3.67906489
v 0.24148641 5.57529044 -3.68437058
v 0.00000000 5.57529044 -3.66652289
v -0.23771131 5.57529044 -3.62677375
v -0.46960198 5.57529044 -3.56698119
v -0.69408516 5.57529044 -3.48940175
v -0.91007511 5.57529044 -3.39644653
v -1.11695238 5.57529044 -3.29043560
v -1.31445955 5.57529044 -3.17338608
v -1.50254686 5.57529044 -3.04686362
v -1.68119614 5.57529044 -2.91191714
v -1.85025577 5.57529044 -2.76910345
v -2.00931816 5.57529044 -2.61859441
v -2.15766515 5.57529044 -2.46034557
v -2.29429580 5.57529044 -2.29429580
v -2.41803709 5.57529044 -2.12056161
v -2.52772398 5.57529044 -1.93959083
v -2.62242183 5.57529044 -1.75224625
v -2.70165512 5.57529044 -1.55980131
v -2.76560230 5.57529044 -1.36384413
v -2.81521871 5.57529044 -1.16610177
v -2.85225786 5.57529044 -0.96821108
v -2.87917482 5.57529044 -0.77147257
v -2.89891218 5.57529044 -0.57662948
v -2.91458693 5.57529044 -0.38371265
v -2.92911268 5.57529044 -0.19198419
v -2.94480371 5.57529044 -0.00000000
v -2.96301326 5.57529044 0.19420615
v -2.98385743 5.57529044 0.39283228
v -3.00606752 5.57529044 0.59794401
v -3.02699893 5.57529044 0.81108192
v -3.04280546 5.57529044 1.03289327
v -3.04876671 5.57529044 1.26284052
v -3.03973590 5.57529044 1.49903185
v -3.01065920 5.57529044 1.73820490
v -2.95710696 5.57529044 1.97587570
v -2.87575449 5.57529044 2.20664403
v -2.76475543 5.57529044 2.42462544
v -2.62396308 5.57529044 2.62396308
v -2.45497383 5.57529044 2.79936114
v -2.26098842 5.57529044 2.94657748
v -2.04650925 5.57529044 3.06281753
v -1.81691127 5.57529044 3.14698263
v -1.57793913 5.57529044 3.19974403
v -1.33519051 5.57529044 3.22343503
v -1.09364544 5.57529044 3.22177558
v -0.85729382 5.57529044 3.19946410
v -0.62889848 5.57529044 3.16168616
v -0.40991303 5.57529044 3.11359856
v -0.20055304 5.57529044 3.05984809
v -0.00000000 5.57529044 3.00417764
v 0.19329812 5.57529044 2.94915936
v 0.38127570 5.57529044 2.89607649
v 0.56589701 5.57529044 2.84495637
v 0.74884771 5.57529044 2.79473769
v 0.93130627 5.57529044 2.74353982
v 1.11381668 5.57529044 2.68899133
v 1.29626783 5.57529044 2.62857114
v 1.47796938 5.57529044 2.55991805
v 1.65780006 5.57529044 2.48107313
v 1.83439660 5.57529044 2.39063219
v 2.00634735 5.57529044 2.28780068
v 2.17235802 5.57529044 2.17235802
v 2.33136396 5.57529044 2.04455132
v 2.48257493 5.57529044 1.90494675
v 2.62545077 5.57529044 1.75427012
v 2.75961898 5.57529044 1.59326676
v 2.88475501 5.57529044 1.42260374
v 3.00045182 5.57529044 1.24282784
v 3.10610655 5.57529044 1.05438110
v 3.20084851 5.57529044 0.85766477
v 3.28352462 5.57529044 0.65313366
v 3.35274819 5.57529044 0.44139767
v 3.40700540 5.57529044 0.22330693
v 3.45931320 6.08213502 0.00000000
v 3.47832474 6.08213502 -0.22798145
v 3.47841726 6.08213502 -0.45794232
v 3.45917278 6.08213502 -0.68807225
v 3.42070869 6.08213502 -0.91657613
v 3.36366463 6.08213502 -1.14181028
v 3.28912089 6.08213502 -1.36239848
v 3.19845998 6.08213502 -1.57730591
v 3.09319249 6.08213502 -1.78585552
v 2.97477450 6.08213502 -1.98768077
v 2.84444538 6.08213502 -2.18261970
v 2.70311185 6.08213502 -2.37056547
v 2.55129699 6.08213502 -2.55129699
v 2.38916271 6.08213502 -2.72431794
v 2.21660221 6.08213502 -2.88873225
v 2.03338794 6.08213502 -3.04318011
v 1.83935117 6.08213502 -3.18584968
v 1.63456429 6.08213502 -3.31456850
v 1.41949582 6.08213502 -3.42696606
v 1.19511249 6.08213502 -3.52068786
v 0.96291081 6.08213502 -3.59363208
v 0.72487165 6.08213502 -3.64417586
v 0.48334350 6.08213502 -3.67135835
v 0.24087179 6.08213502 -3.67499337
v 0.00000000 6.08213502 -3.65569416
v -0.23692687 6.08213502 -3.61480547
v -0.46792611 6.08213502 -3.55425167
v -0.69148347 6.08213502 -3.47632216
v -0.90658591 6.08213502 -3.38342469
v -1.11267736 6.08213502 -3.27784180
v -1.30954668 6.08213502 -3.16152537
v -1.49716870 6.08213502 -3.03595779
v -1.67552732 6.08213502 -2.90209844
v -1.84445370 6.08213502 -2.76042003
v -2.00351052 6.08213502 -2.61102574
v -2.15194651 6.08213502 -2.45382470
v -2.28873416 6.08213502 -2.28873416
v -2.41268947 6.08213502 -2.11587188
v -2.52265819 6.08213502 -1.93570371
v -2.61774054 6.08213502 -1.74911831
v -2.69751732 6.08213502 -1.55741235
v -2.76223729 6.08213502 -1.36218469
v -2.81292871 6.08213502 -1.16515322
v -2.85140655 6.08213502 -0.96792210
v -2.88016137 6.08213502 -0.77173691
v -2.90213247 6.08213502 -0.57727004
v -2.92038581 6.08213502 -0.38447609
v -2.93773301 6.08213502 -0.19254919
v -2.95633868 6.08213502 -0.00000000
v -2.97736905 6.08213502 0.19514708
v -3.00073202 6.08213502 0.39505386
v -3.02495015 6.08213502 0.60170000
v -3.04719213 6.08213502 0.81649267
v -3.06346880 6.08213502 1.03990753
v -3.06897870 6.08213502 1.27121260
v -3.05856808 6.08213502 1.50831886
v -3.02725454 6.08213502 1.74778623
v -2.97075411 6.08213502 1.98499444
v -2.88594956 6.08213502 2.21446698
v -2.77124427 6.08213502 2.43031600
v -2.62675937 6.08213502 2.62675937
v -2.45435098 6.08213502 2.79865091
v -2.25744642 6.08213502 2.94196145
v -2.04072031 6.08213502 3.05415377
v -1.80965080 6.08213502 3.13440712
v -1.57000980 6.08213502 3.18366493
v -1.32734788 6.08213502 3.20450127
v -1.08653315 6.08213502 3.20082344
v -0.85139457 6.08213502 3.17744778
v -0.62450527 6.08213502 3.13960001
v -0.40712209 6.08213502 3.09239926
v -0.19927736 6.08213502 3.04038495
v -0.00000000 6.08213502 2.98713755
v 0.19237209 6.08213502 2.93503098
v 0.37983535 6.08213502 2.88513594
v 0.56436881 6.08213502 2.83727360
v 0.74763204 6.08213502 2.79020075
v 0.93074696 6.08213502 2.74189213
v 1.11418320 6.08213502 2.68987620
v 1.29775029 6.08213502 2.63157726
v 1.48068442 6.08213502 2.56462065
v 1.66180471 6.08213502 2.48706650
v 1.83970581 6.08213502 2.39755129
v 2.01295135 6.08213502 2.29533110
v 2.18023580 6.08213502 2.18023580
v 2.34049059 6.08213502 2.05255516
v 2.49292168 6.08213502 1.91288608
v 2.63697872 6.08213502 1.76197285
v 2.77226804 6.08213502 1.60056970
v 2.89843115 6.08213502 1.42934806
v 3.01501584 6.08213502 1.24886045
v 3.12136749 6.08213502 1.05956149
v 3.21656385 6.08213502 0.86187569
v 3.29940847 6.08213502 0.65629315
v 3.36848707 6.08213502 0.44346974
v 3.42227993 6.08213502 0.22430808
v 3.47348448 6.58897961 0.00000000
v 3.49141032 6.58897961 -0.22883912
v 3.49023993 6.58897961 -0.45949880
v 3.46963460 6.58897961 -0.69015323
v 3.42979415 6.58897961 -0.91901057
v 3.37143403 6.58897961 -1.14444764
v 3.29569498 6.58897961 -1.36512156
v 3.20399802 6.58897961 -1.58003697
v 3.09786721 6.58897961 -1.78855447
v 2.97874760 6.58897961 -1.99033551
v 2.84784728 6.58897961 -2.18523007
v 2.70602869 6.58897961 -2.37312347
v 2.55376674 6.58897961 -2.55376674
v 2.39118060 6.58897961 -2.72661890
v 2.21813455 6.58897961 -2.89072923
v 2.03439168 6.58897961 -3.04468232
v 1.83979588 6.58897961 -3.18661995
v 1.63445267 6.58897961 -3.31434214
v 1.41887921 6.58897961 -3.42547743
v 1.19409861 6.58897961 -3.51770106
v 0.96166210 6.58897961 -3.58897181
v 0.72359424 6.58897961 -3.63775391
v 0.48226835 6.58897961 -3.66319184
v 0.24023067 6.58897961 -3.66521180
v 0.00000000 6.58897961 -3.64453392
v -0.23612637 6.58897961 -3.60259217
v -0.46623052 6.58897961 -3.54137239
v -0.68887156 6.58897961 -3.46319120
v -0.90310861 6.58897961 -3.37044720
v -1.10844719 6.58897961 -3.26538013
v -1.30471985 6.58897961 -3.14987234
v -1.49192284 6.58897961 -3.02532024
v -1.67003905 6.58897961 -2.89259249
v -1.83887980 6.58897961 -2.75207811
v -1.99797624 6.58897961 -2.60381333
v -2.14654324 6.58897961 -2.44766346
v -2.28352703 6.58897961 -2.28352703
v -2.40773369 6.58897961 -2.11152578
v -2.51802132 6.58897961 -1.93214571
v -2.61352636 6.58897961 -1.74630248
v -2.69388662 6.58897961 -1.55531617
v -2.75942077 6.58897961 -1.36079573
v -2.81122800 6.58897961 -1.16444877
v -2.85118121 6.58897961 -0.96784561
v -2.88180148 6.58897961 -0.77217638
v -2.90601884 6.58897961 -0.57804309
v -2.92684201 6.58897961 -0.38532606
v -2.94697490 6.58897961 -0.19315494
v -2.96842823 6.58897961 -0.00000000
v -2.99217917 6.58897961 0.19611778
v -3.01792827 6.58897961 0.39731779
v -3.04399338 6.58897961 0.60548793
v -3.06736354 6.58897961 0.82189758
v -3.08391642 6.58897961 1.04684856
v -3.08878118 6.58897961 1.27941506
v -3.07680958 6.58897961 1.51731457
v -3.04310279 6.58897961 1.75693621
v -2.98353304 6.58897961 1.99353304
v -2.89519836 6.58897961 2.22156384
v -2.77675623 6.58897961 2.43514986
v -2.62859598 6.58897961 2.62859598
v -2.45282984 6.58897961 2.79691639
v -2.25310445 6.58897961 2.93630289
v -2.03425665 6.58897961 3.04448023
v -1.80185596 6.58897961 3.12090608
v -1.56168919 6.58897961 3.16679241
v -1.31924811 6.58897961 3.18494668
v -1.07927890 6.58897961 3.17945310
v -0.84544224 6.58897961 3.15523341
v -0.62011728 6.58897961 3.11754008
v -0.40436297 6.58897961 3.07144169
v -0.19803032 6.58897961 3.02135878
v -0.00000000 6.58897961 2.97070034
v 0.19149415 6.58897961 2.92163608
v 0.37850373 6.58897961 2.87502125
v 0.56301571 6.58897961 2.83047109
v 0.74665739 6.58897961 2.78656333
v 0.93048924 6.58897961 2.74113291
v 1.11490306 6.58897961 2.69161409
v 1.29962703 6.58897961 2.63538292
v 1.48382325 6.58897961 2.57005726
v 1.66625144 6.58897961 2.49372151
v 1.84546496 6.58897961 2.40505677
v 2.02000354 6.58897961 2.30337258
v 2.18855099 6.58897961 2.18855099
v 2.35003496 6.58897961 2.06092535
v 2.50365731 6.58897961 1.92112383
v 2.64885692 6.58897961 1.76990961
v 2.78521828 6.58897961 1.60804652
v 2.91234860 6.58897961 1.43621139
v 3.02975085 6.58897961 1.25496389
v 3.13671983 6.58897961 1.06477290
v 3.23228396 6.58897961 0.86608788
v 3.31520663 6.58897961 0.65943560
v 3.38404996 6.58897961 0.44551863
v 3.43729275 6.58897961 0.22529207
v 3.48728415 7.09582419 0.00000000
v 3.50406393 7.09582419 -0.22966848
v 3.50158627 7.09582419 -0.46099258
v 3.47959301 7.09582419 -0.69213408
v 3.43836609 7.09582419 -0.92130742
v 3.37869511 7.09582419 -1.14691244
v 3.30177830 7.09582419 -1.36764135
v 3.20907159 7.09582419 -1.58253897
v 3.10210853 7.09582419 -1.79100319
v 2.98231946 7.09582419 -1.99272216
v 2.85087826 7.09582419 -2.18755583
v 2.70860124 7.09582419 -2.37537953
v 2.55591443 7.09582419 -2.55591443
v 2.39289489 7.09582419 -2.72857367
v 2.21937951 7.09582419 -2.89235169
v 2.03512416 7.09582419 -3.04577855
v 1.83998760 7.09582419 -3.18695201
v 1.63411039 7.09582419 -3.31364806
v 1.41805945 7.09582419 -3.42349836
v 1.19291430 7.09582419 -3.51421220
v 0.96027975 7.09582419 -3.58381282
v 0.72222184 7.09582419 -3.63085439
v 0.48113565 7.09582419 -3.65458811
v 0.23956478 7.09582419 -3.65505219
v 0.00000000 7.09582419 -3.63307148
v -0.23531187 7.09582419 -3.59016534
v -0.46451952 7.09582419 -3.52837605
v -0.68625596 7.09582419 -3.45004167
v -0.89965171 7.09582419 -3.35754588
v -1.10427201 7.09582419 -3.25308043
v -1.29999025 7.09582419 -3.13845410
v -1.48682099 7.09582419 -3.01497471
v -1.66474293 7.09582419 -2.88341934
v -1.83354497 7.09582419 -2.74409396
v -1.99272502 7.09582419 -2.59696981
v -2.14146347 7.09582419 -2.44187109
v -2.27868065 7.09582419 -2.27868065
v -2.40317391 7.09582419 -2.10752696
v -2.51381520 7.09582419 -1.92891825
v -2.60977857 7.09582419 -1.74379829
v -2.69075948 7.09582419 -1.55351071
v -2.75714592 7.09582419 -1.35967390
v -2.81010595 7.09582419 -1.16398400
v -2.85156676 7.09582419 -0.96797648
v -2.88407491 7.09582419 -0.77278554
v -2.91054529 7.09582419 -0.57894345
v -2.93392328 7.09582419 -0.38625833
v -2.95679964 7.09582419 -0.19379889
v -2.98102731 7.09582419 -0.00000000
v -3.00739281 7.09582419 0.19711494
v -3.03539068 7.09582419 0.39961676
v -3.06313848 7.09582419 0.60929613
v -3.08745313 7.09582419 0.82728057
v -3.10408917 7.09582419 1.05369629
v -3.10811819 7.09582419 1.28742471
v -3.09440988 7.09582419 1.52599408
v -3.05816087 7.09582419 1.76563000
v -2.99540968 7.09582419 2.00146876
v -2.90347691 7.09582419 2.22791619
v -2.78127777 7.09582419 2.43911515
v -2.62946949 7.09582419 2.62946949
v -2.45041613 7.09582419 2.79416408
v -2.24797590 7.09582419 2.92961923
v -2.02713739 7.09582419 3.03382550
v -1.79354945 7.09582419 3.10651878
v -1.55300140 7.09582419 3.14917531
v -1.31091465 7.09582419 3.16482792
v -1.07190380 7.09582419 3.15772678
v -0.83945433 7.09582419 3.13288623
v -0.61574757 7.09582419 3.09557208
v -0.40164405 7.09582419 3.05078944
v -0.19681580 7.09582419 3.00282883
v -0.00000000 7.09582419 2.95491913
v 0.19066726 7.09582419 2.90902023
v 0.37728573 7.09582419 2.86576966
v 0.56184339 7.09582419 2.82457744
v 0.74592917 7.09582419 2.78384556
v 0.93053724 7.09582419 2.74127432
v 1.11597833 7.09582419 2.69421002
v 1.30189748 7.09582419 2.63998692
v 1.48738218 7.09582419 2.57622150
v 1.67113317 7.09582419 2.50102753
v 1.85166339 7.09582419 2.41313471
v 2.02748956 7.09582419 2.31190875
v 2.19728551 7.09582419 2.19728551
v 2.35997529 7.09582419 2.06964278
v 2.51475643 7.09582419 1.92964048
v 2.66105648 7.09582419 1.77806110
v 2.79843756 7.09582419 1.61567868
v 2.92647242 7.09582419 1.44317649
v 3.04461961 7.09582419 1.26112273
v 3.15212472 7.09582419 1.07000216
v 3.24796924 7.09582419 0.87029073
v 3.33087969 7.09582419 0.66255316
v 3.39939862 7.09582419 0.44753932
v 3.45200775 7.09582419 0.22625654
v 3.50068021 7.60266878 0.00000000
v 3.51625743 7.60266878 -0.23046769
v 3.51243246 7.60266878 -0.46242051
v 3.48902861 7.60266878 -0.69401094
v 3.44640946 7.60266878 -0.92346263
v 3.38543678 7.60266878 -1.14920093
v 3.30736325 7.60266878 -1.36995472
v 3.21367589 7.60266878 -1.58480957
v 3.10591380 7.60266878 -1.79320017
v 2.98548897 7.60266878 -1.99483995
v 2.85353821 7.60266878 -2.18959688
v 2.71082994 7.60266878 -2.37733405
v 2.55774091 7.60266878 -2.55774091
v 2.39430675 7.60266878 -2.73018359
v 2.22033863 7.60266878 -2.89360163
v 2.03558739 7.60266878 -3.04647182
v 1.83992894 7.60266878 -3.18685040
v 1.63354070 7.60266878 -3.31249284
v 1.41704038 7.60266878 -3.42103810
v 1.19156380 7.60266878 -3.51023376
v 0.95876809 7.60266878 -3.57817121
v 0.72075841 7.60266878 -3.62349724
v 0.47994851 7.60266878 -3.64557087
v 0.23887588 7.60266878 -3.64454167
v 0.00000000 7.60266878 -3.62133675
v -0.23448546 7.60266878 -3.57755684
v -0.46279742 7.60266878 -3.51529540
v -0.68364314 7.60266878 -3.43690616
v -0.89622362 7.60266878 -3.34475209
v -1.10016170 7.60266878 -3.24097186
v -1.29536875 7.60266878 -3.12729681
v -1.48187432 7.60266878 -3.00494387
v -1.65964983 7.60266878 -2.87459783
v -1.82845921 7.60266878 -2.73648259
v -1.98776554 7.60266878 -2.59050648
v -2.13671413 7.60266878 -2.43645551
v -2.27419996 7.60266878 -2.27419996
v -2.39901285 7.60266878 -2.10387780
v -2.51004015 7.60266878 -1.92602155
v -2.60649486 7.60266878 -1.74160419
v -2.68813064 7.60266878 -1.55199295
v -2.75540412 7.60266878 -1.35881494
v -2.80955008 7.60266878 -1.16375375
v -2.85254622 7.60266878 -0.96830896
v -2.88695958 7.60266878 -0.77355849
v -2.91568403 7.60266878 -0.57996561
v -2.94159570 7.60266878 -0.38726842
v -2.96716702 7.60266878 -0.19447840
v -2.99408963 7.60266878 -0.00000000
v -3.02295828 7.60266878 0.19813515
v -3.05306326 7.60266878 0.40194340
v -3.08232673 7.60266878 0.61311291
v -3.10740140 7.60266878 0.83262569
v -3.12392897 7.60266878 1.06043099
v -3.12693534 7.60266878 1.29521903
v -3.11132052 7.60266878 1.53433348
v -3.07238816 7.60266878 1.77384413
v -3.00635275 7.60266878 2.00878068
v -2.91076413 7.60266878 2.23350787
v -2.78479827 7.60266878 2.44220254
v -2.62937930 7.60266878 2.62937930
v -2.44711821 7.60266878 2.79040352
v -2.24207647 7.60266878 2.92193094
v -2.01938358 7.60266878 3.02222110
v -1.78475551 7.60266878 3.09128722
v -1.54397166 7.60266878 3.13086481
v -1.30237172 7.60266878 3.14420346
v -1.06442941 7.60266878 3.13570794
v -0.83344850 7.60266878 3.11047214
v -0.61140922 7.60266878 3.07376170
v -0.39897362 7.60266878 3.03050550
v -0.19563761 7.60266878 2.98485320
v -0.00000000 7.60266878 2.93984534
v 0.18989429 7.60266878 2.89722696
v 0.37618596 7.60266878 2.85741607
v 0.56085704 7.60266878 2.81961875
v 0.74545207 7.60266878 2.78206498
v 0.93089422 7.60266878 2.74232594
v 1.11741003 7.60266878 2.69766646
v 1.30455983 7.60266878 2.64538565
v 1.49135619 7.60266878 2.58310469
v 1.67644140 7.60266878 2.50897187
v 1.85828897 7.60266878 2.42176934
v 2.03539363 7.60266878 2.32092162
v 2.20641990 7.60266878 2.20641990
v 2.37028847 7.60266878 2.07868720
v 2.52619239 7.60266878 1.93841559
v 2.67354740 7.60266878 1.78640726
v 2.81189284 7.60266878 1.62344709
v 2.94076691 7.60266878 1.45022575
v 3.05958436 7.60266878 1.26732134
v 3.16754309 7.60266878 1.07523599
v 3.26358012 7.60266878 0.87447366
v 3.34638855 7.60266878 0.66563807
v 3.41449542 7.60266878 0.44952685
v 3.46638971 7.60266878 0.22719919
v 3.51364181 8.10951336 0.00000000
v 3.52796401 8.10951336 -0.23123498
v 3.52275607 8.10951336 -0.46377964
v 3.49792349 8.10951336 -0.69578024
v 3.45391069 8.10951336 -0.92547258
v 3.39164942 8.10951336 -1.15130984
v 3.31244359 8.10951336 -1.37205906
v 3.21780740 8.10951336 -1.58684700
v 3.10928152 8.10951336 -1.79514452
v 2.98825600 8.10951336 -1.99668883
v 2.85582785 8.10951336 -2.19135379
v 2.71271606 8.10951336 -2.37898814
v 2.55924775 8.10951336 -2.55924775
v 2.39541801 8.10951336 -2.73145074
v 2.22101404 8.10951336 -2.89448185
v 2.03578395 8.10951336 -3.04676599
v 1.83962302 8.10951336 -3.18632053
v 1.63274732 8.10951336 -3.31088404
v 1.41582624 8.10951336 -3.41810692
v 1.19005169 8.10951336 -3.50577924
v 0.95713169 8.10951336 -3.57206412
v 0.71920811 8.10951336 -3.61570335
v 0.47871016 8.10951336 -3.63616465
v 0.23816581 8.10951336 -3.63370803
v 0.00000000 8.10951336 -3.60936013
v -0.23364925 8.10951336 -3.56479876
v -0.46106853 8.10951336 -3.50216322
v -0.68103954 8.10951336 -3.42381699
v -0.89283260 8.10951336 -3.33209664
v -1.09612590 8.10951336 -3.22908279
v -1.29086577 8.10951336 -3.11642565
v -1.47709343 8.10951336 -2.99524918
v -1.65476990 8.10951336 -2.86614554
v -1.82363165 8.10951336 -2.72925763
v -1.98310539 8.10951336 -2.58443326
v -2.13230099 8.10951336 -2.43142328
v -2.27008857 8.10951336 -2.27008857
v -2.39525180 8.10951336 -2.10057945
v -2.50669497 8.10951336 -1.92345470
v -2.60367130 8.10951336 -1.73971755
v -2.68599316 8.10951336 -1.55075888
v -2.75418504 8.10951336 -1.35821376
v -2.80954612 8.10951336 -1.16375211
v -2.85410084 8.10951336 -0.96883668
v -2.89043161 8.10951336 -0.77448882
v -2.92140555 8.10951336 -0.58110369
v -2.94982374 8.10951336 -0.38835166
v -2.97803544 8.10951336 -0.19519076
v -3.00756781 8.10951336 -0.00000000
v -3.03882315 8.10951336 0.19917499
v -3.07088969 8.10951336 0.40429030
v -3.10149959 8.10951336 0.61692663
v -3.12714953 8.10951336 0.83791719
v -3.14337895 8.10951336 1.06703337
v -3.14518000 8.10951336 1.30277621
v -3.12749521 8.10951336 1.54230996
v -3.08574658 8.10951336 1.78155662
v -3.01633374 8.10951336 2.01544977
v -2.91704187 8.10951336 2.23832495
v -2.78731007 8.10951336 2.44440532
v -2.62832766 8.10951336 2.62832766
v -2.44294705 8.10951336 2.78564723
v -2.23542414 8.10951336 2.91326146
v -2.01101818 8.10951336 3.00970140
v -1.77549986 8.10951336 3.07525596
v -1.53462627 8.10951336 3.11191423
v -1.29364423 8.10951336 3.12313343
v -1.05687764 8.10951336 3.11346113
v -0.82744251 8.10951336 3.08805749
v -0.60711524 8.10951336 3.05217443
v -0.39635987 8.10951336 3.01065209
v -0.19449948 8.10951336 2.96748865
v -0.00000000 8.10951336 2.92552861
v 0.18917794 8.10951336 2.88629762
v 0.37520869 8.10951336 2.84999295
v 0.56006134 8.10951336 2.81561849
v 0.74523005 8.10951336 2.78123642
v 0.93156251 8.10951336 2.74429467
v 1.11919813 8.10951336 2.70198331
v 1.30761112 8.10951336 2.65157305
v 1.49573899 8.10951336 2.59069592
v 1.68216631 8.10951336 2.51753980
v 1.86532824 8.10951336 2.43094309
v 2.04369858 8.10951336 2.33039160
v 2.21593332 8.10951336 2.21593332
v 2.38095012 8.10951336 2.08803722
v 2.53793736 8.10951336 1.94742783
v 2.68629867 8.10951336 1.79492739
v 2.82555023 8.10951336 1.63133219
v 2.95519576 8.10951336 1.45734127
v 3.07460699 8.10951336 1.27354391
v 3.18293574 8.10951336 1.08046109
v 3.27907723 8.10951336 0.87862610
v 3.36169458 8.10951336 0.66868263
v 3.42930346 8.10951336 0.45147636
v 3.48040436 8.10951336 0.22811775
v 3.52613936 8.61635795 0.00000000
v 3.53915828 8.61635795 -0.23196869
v 3.53253621 8.61635795 -0.46506721
v 3.50626128 8.61635795 -0.69743873
v 3.46085771 8.61635795 -0.92733403
v 3.39732485 8.61635795 -1.15323639
v 3.31701440 8.61635795 -1.37395235
v 3.22146381 8.61635795 -1.58865014
v 3.11221128 8.61635795 -1.79683602
v 2.99062141 8.61635795 -1.99826934
v 2.85774882 8.61635795 -2.19282779
v 2.71426162 8.61635795 -2.38034356
v 2.56043720 8.61635795 -2.56043720
v 2.39623111 8.61635795 -2.73237791
v 2.22140848 8.61635795 -2.89499590
v 2.03571697 8.61635795 -3.04666575
v 1.83907348 8.61635795 -3.18536871
v 1.63173445 8.61635795 -3.30883014
v 1.41442171 8.61635795 -3.41471608
v 1.18838291 8.61635795 -3.50086315
v 0.95537542 8.61635795 -3.56550962
v 0.71757527 8.61635795 -3.60749450
v 0.47742393 8.61635795 -3.62639479
v 0.23743642 8.61635795 -3.62257970
v 0.00000000 8.61635795 -3.59717242
v -0.23280536 8.61635795 -3.55192336
v -0.45933716 8.61635795 -3.48901215
v -0.67845152 8.61635795 -3.41080610
v -0.88948674 8.61635795 -3.31960969
v -1.09217394 8.61635795 -3.21744068
v -1.28649129 8.61635795 -3.10586471
v -1.47248831 8.61635795 -2.98591091
v -1.65011249 8.61635795 -2.85807867
v -1.81907045 8.61635795 -2.72243132
v -1.97875112 8.61635795 -2.57875867
v -2.12822856 8.61635795 -2.42677957
v -2.26634879 8.61635795 -2.26634879
v -2.39189062 8.61635795 -2.09763177
v -2.50377691 8.61635795 -1.92121559
v -2.60130237 8.61635795 -1.73813467
v -2.68433845 8.61635795 -1.54980353
v -2.75347663 8.61635795 -1.35786440
v -2.81007809 8.61635795 -1.16397246
v -2.85621011 8.61635795 -0.96955269
v -2.89446545 8.61635795 -0.77556968
v -2.92767873 8.61635795 -0.58235151
v -2.95857044 8.61635795 -0.38950319
v -2.98936207 8.61635795 -0.19593314
v -3.02141353 8.61635795 -0.00000000
v -3.05493437 8.61635795 0.20023098
v -3.08881352 8.61635795 0.40665001
v -3.12059884 8.61635795 0.62072570
v -3.14663958 8.61635795 0.84313953
v -3.16238363 8.61635795 1.07348459
v -3.16280137 8.61635795 1.31007522
v -3.14288997 8.61635795 1.54990181
v -3.09820071 8.61635795 1.78874701
v -3.02532705 8.61635795 2.02145891
v -2.92229502 8.61635795 2.24235583
v -2.78880849 8.61635795 2.44571940
v -2.62631966 8.61635795 2.62631966
v -2.43791621 8.61635795 2.77991065
v -2.22803915 8.61635795 2.90363715
v -2.00206600 8.61635795 2.99630352
v -1.76580962 8.61635795 3.05847198
v -1.52499252 8.61635795 3.09237891
v -1.28475769 8.61635795 3.10167944
v -1.04927069 8.61635795 3.09105177
v -0.82145421 8.61635795 3.06570885
v -0.60287860 8.61635795 3.03087539
v -0.39381085 8.61635795 2.99129038
v -0.19340502 8.61635795 2.95079039
v -0.00000000 8.61635795 2.91201657
v 0.18852078 8.61635795 2.87627121
v 0.37435785 8.61635795 2.84353016
v 0.55946041 8.61635795 2.81259740
v 0.74526637 8.61635795 2.78137196
v 0.93254355 8.61635795 2.74718470
v 1.12134151 8.61635795 2.70715787
v 1.31104715 8.61635795 2.65854063
v 1.50052299 8.61635795 2.59898205
v 1.68829671 8.61635795 2.52671459
v 1.87276633 8.61635795 2.44063659
v 2.05238591 8.61635795 2.34029759
v 2.22580368 8.61635795 2.22580368
v 2.39193465 8.61635795 2.09767039
v 2.54996247 8.61635795 1.95665502
v 2.69927833 8.61635795 1.80360012
v 2.83937509 8.61635795 1.63931397
v 2.96972214 8.61635795 1.46450489
v 3.08964909 8.61635795 1.27977455
v 3.19826348 8.61635795 1.08566416
v 3.29442143 8.61635795 0.88273756
v 3.37675970 8.61635795 0.67167927
v 3.44378662 8.61635795 0.45338311
v 3.49401845 8.61635795 0.22901007
v 3.53814460 9.12320254 0.00000000
v 3.54981629 9.12320254 -0.23266725
v 3.54175350 9.12320254 -0.46628069
v 3.51402718 9.12320254 -0.69898346
v 3.46724001 9.12320254 -0.92904416
v 3.40245636 9.12320254 -1.15497830
v 3.32107217 9.12320254 -1.37563313
v 3.22464405 9.12320254 -1.59021846
v 3.11470377 9.12320254 -1.79827506
v 2.99258703 9.12320254 -1.99958272
v 2.85930357 9.12320254 -2.19402079
v 2.71546941 9.12320254 -2.38140276
v 2.56131221 9.12320254 -2.56131221
v 2.39674914 9.12320254 -2.73296861
v 2.22152527 9.12320254 -2.89514809
v 2.03539012 9.12320254 -3.04617658
v 1.83828446 9.12320254 -3.18400209
v 1.63050671 9.12320254 -3.30634054
v 1.41283184 9.12320254 -3.41087778
v 1.18656269 9.12320254 -3.49550096
v 0.95350437 9.12320254 -3.55852675
v 0.71586439 9.12320254 -3.59889334
v 0.47609326 9.12320254 -3.61628733
v 0.23668961 9.12320254 -3.61118564
v 0.00000000 9.12320254 -3.58480474
v -0.23195589 9.12320254 -3.53896297
v -0.45760758 9.12320254 -3.47587462
v -0.67588531 9.12320254 -3.39790493
v -0.88619390 9.12320254 -3.30732066
v -1.08831481 9.12320254 -3.20607205
v -1.28225479 9.12320254 -3.09563691
v -1.46806828 9.12320254 -2.97694799
v -1.64568616 9.12320254 -2.85041204
v -1.81478283 9.12320254 -2.71601444
v -1.97470814 9.12320254 -2.57348975
v -2.12450016 9.12320254 -2.42252814
v -2.26298155 9.12320254 -2.26298155
v -2.38892773 9.12320254 -2.09503339
v -2.50128173 9.12320254 -1.91930097
v -2.59938095 9.12320254 -1.73685082
v -2.68315627 9.12320254 -1.54912099
v -2.75326515 9.12320254 -1.35776012
v -2.81112830 9.12320254 -1.16440747
v -2.85885188 9.12320254 -0.97044945
v -2.89903390 9.12320254 -0.77679379
v -2.93447093 9.12320254 -0.58370256
v -2.96779746 9.12320254 -0.39071795
v -3.00110294 9.12320254 -0.19670268
v -3.03557762 9.12320254 -0.00000000
v -3.07123851 9.12320254 0.20129961
v -3.10677831 9.12320254 0.40901512
v -3.13956680 9.12320254 0.62449866
v -3.16581462 9.12320254 0.84827747
v -3.18088907 9.12320254 1.07976634
v -3.17975073 9.12320254 1.31709588
v -3.15746327 9.12320254 1.55708857
v -3.10971789 9.12320254 1.79539646
v -3.03331006 9.12320254 2.02679298
v -2.92651149 9.12320254 2.24559125
v -2.78929186 9.12320254 2.44614331
v -2.62336322 9.12320254 2.62336322
v -2.43204177 9.12320254 2.77321213
v -2.21994391 9.12320254 2.89308723
v -1.99255360 9.12320254 2.98206720
v -1.75571326 9.12320254 3.04098457
v -1.51509860 9.12320254 3.07231603
v -1.27573817 9.12320254 3.07990439
v -1.04163099 9.12320254 3.06854595
v -0.81550145 9.12320254 3.04349286
v -0.59871212 9.12320254 3.00992910
v -0.39133447 9.12320254 2.97248041
v -0.19235774 9.12320254 2.93481194
v -0.00000000 9.12320254 2.89935472
v 0.18792519 9.12320254 2.86718428
v 0.37363701 9.12320254 2.83805489
v 0.55905782 9.12320254 2.81057345
v 0.74556350 9.12320254 2.78248086
v 0.93383781 9.12320254 2.75099748
v 1.12383795 9.12320254 2.71318482
v 1.31486255 9.12320254 2.66627749
v 1.50569932 9.12320254 2.60794772
v 1.69482010 9.12320254 2.53647752
v 1.88058707 9.12320254 2.45082879
v 2.06143579 9.12320254 2.35061701
v 2.23600764 9.12320254 2.23600764
v 2.40321533 9.12320254 2.10756328
v 2.56223780 9.12320254 1.96607422
v 2.71245361 9.12320254 1.81240356
v 2.85333214 9.12320254 1.64737208
v 2.98430881 9.12320254 1.47169824
v 3.10467209 9.12320254 1.28599729
v 3.21348721 9.12320254 1.09083192
v 3.30957401 9.12320254 0.88679768
v 3.39154648 9.12320254 0.67462054
v 3.45790973 9.12320254 0.45524245
v 3.50719994 9.12320254 0.22987403
v 3.54963070 9.63004712 0.00000000
v 3.55991564 9.63004712 -0.23332920
v 3.55039017 9.63004712 -0.46741773
v 3.52120797 9.63004712 -0.70041181
v 3.47304864 9.63004712 -0.93060058
v 3.40703873 9.63004712 -1.15653381
v 3.32461471 9.63004712 -1.37710050
v 3.22734828 9.63004712 -1.59155204
v 3.11676077 9.63004712 -1.79946267
v 2.99415563 9.63004712 -2.00063083
v 2.86049542 9.63004712 -2.19493533
v 2.71634295 9.63004712 -2.38216883
v 2.56187636 9.63004712 -2.56187636
v 2.39697579 9.63004712 -2.73322705
v 2.22136825 9.63004712 -2.89494347
v 2.03480758 9.63004712 -3.04530476
v 1.83726058 9.63004712 -3.18222868
v 1.62906919 9.63004712 -3.30342553
v 1.41106204 9.63004712 -3.40660511
v 1.18459659 9.63004712 -3.48970901
v 0.95152385 9.63004712 -3.55113536
v 0.71408014 9.63004712 -3.58992327
v 0.47472165 9.63004712 -3.60586894
v 0.23592731 9.63004712 -3.59955524
v 0.00000000 9.63004712 -3.57228842
v -0.23110296 9.63004712 -3.52594984
v -0.45588400 9.63004712 -3.46278277
v -0.67334708 9.63004712 -3.38514435
v -0.88296175 9.63004712 -3.29525813
v -1.08455715 9.63004712 -3.19500234
v -1.27816527 9.63004712 -3.08576393
v -1.46384203 9.63004712 -2.96837799
v -1.64149862 9.63004712 -2.84315902
v -1.81077501 9.63004712 -2.71001631
v -1.97098073 9.63004712 -2.56863210
v -2.12111781 9.63004712 -2.41867130
v -2.25998643 9.63004712 -2.25998643
v -2.38636011 9.63004712 -2.09278165
v -2.49920366 9.63004712 -1.91770642
v -2.59789838 9.63004712 -1.73586020
v -2.68243480 9.63004712 -1.54870445
v -2.75353528 9.63004712 -1.35789333
v -2.81267745 9.63004712 -1.16504915
v -2.86200237 9.63004712 -0.97151889
v -2.90410826 9.63004712 -0.77815346
v -2.94174810 9.63004712 -0.58515008
v -2.97746526 9.63004712 -0.39199074
v -3.01321312 9.63004712 -0.19749642
v -3.05001031 9.63004712 -0.00000000
v -3.08768185 9.63004712 0.20237736
v -3.12472784 9.63004712 0.41137822
v -3.15834646 9.63004712 0.62823417
v -3.18461895 9.63004712 0.85331608
v -3.19884304 9.63004712 1.08586089
v -3.19598147 9.63004712 1.32381887
v -3.17117614 9.63004712 1.56385101
v -3.12026832 9.63004712 1.80148775
v -3.04026316 9.63004712 2.03143890
v -2.92968231 9.63004712 2.24802430
v -2.78876152 9.63004712 2.44567821
v -2.61946905 9.63004712 2.61946905
v -2.42534232 9.63004712 2.76557288
v -2.21116293 9.63004712 2.88164363
v -1.98250922 9.63004712 2.96703472
v -1.74524048 9.63004712 3.02284518
v -1.50497354 9.63004712 3.05178444
v -1.26661216 9.63004712 3.05787227
v -1.03398115 9.63004712 3.04601025
v -0.80960204 9.63004712 3.02147594
v -0.59462848 9.63004712 2.98939925
v -0.38893844 9.63004712 2.95428078
v -0.19136102 9.63004712 2.91960490
v -0.00000000 9.63004712 2.88758625
v 0.18739340 9.63004712 2.85907074
v 0.37304940 9.63004712 2.83359153
v 0.55885657 9.63004712 2.80956170
v 0.74612315 9.63004712 2.78456952
v 0.93544484 9.63004712 2.75573165
v 1.12668417 9.63004712 2.72005621
v 1.31905072 9.63004712 2.67477027
v 1.51125785 9.63004712 2.61757538
v 1.70172267 9.63004712 2.54680796
v 1.88877301 9.63004712 2.46149691
v 2.07082719 9.63004712 2.36132585
v 2.24652068 9.63004712 2.24652068
v 2.41476438 9.63004712 2.11769152
v 2.57473255 9.63004712 1.97566177
v 2.72579097 9.63004712 1.82131530
v 2.86738557 9.63004712 1.65548583
v 2.99891820 9.63004712 1.47890279
v 3.11963740 9.63004712 1.29219612
v 3.22856807 9.63004712 1.09595118
v 3.32449674 9.63004712 0.89079622
v 3.40601827 9.63004712 0.67749916
v 3.47163863 9.63004712 0.45704990
v 3.51991797 9.63004712 0.23070761
v 3.56057229 10.13689171 0.00000000
v 3.56943552 10.13689171 -0.23395316
v 3.55843011 10.13689171 -0.46847621
v 3.52779209 10.13689171 -0.70172148
v 3.47827621 10.13689171 -0.93200130
v 3.41106820 10.13689171 -1.15790163
v 3.32764122 10.13689171 -1.37835412
v 3.22957788 10.13689171 -1.59265156
v 3.11838514 10.13689171 -1.80040050
v 2.99533095 10.13689171 -2.00141616
v 2.86132849 10.13689171 -2.19557457
v 2.71688649 10.13689171 -2.38264550
v 2.56213392 10.13689171 -2.56213392
v 2.39691532 10.13689171 -2.73315810
v 2.22094186 10.13689171 -2.89438778
v 2.03397406 10.13689171 -3.04405730
v 1.83600692 10.13689171 -3.18005727
v 1.62742736 10.13689171 -3.30009623
v 1.40911810 10.13689171 -3.40191204
v 1.18249045 10.13689171 -3.48350452
v 0.94943942 10.13689171 -3.54335615
v 0.71222729 10.13689171 -3.58060839
v 0.47331270 10.13689171 -3.59516686
v 0.23515148 10.13689171 -3.58771826
v 0.00000000 10.13689171 -3.55965490
v -0.23024869 10.13689171 -3.51291612
v -0.45417061 10.13689171 -3.44976829
v -0.67084281 10.13689171 -3.37255453
v -0.87979771 10.13689171 -3.28344974
v -1.08090920 10.13689171 -3.18425583
v -1.27423116 10.13689171 -3.07626614
v -1.45981749 10.13689171 -2.96021703
v -1.63755672 10.13689171 -2.83633143
v -1.80705217 10.13689171 -2.70444469
v -1.96757203 10.13689171 -2.56418979
v -2.11808228 10.13689171 -2.41520995
v -2.25736165 10.13689171 -2.25736165
v -2.38418331 10.13689171 -2.09087264
v -2.49753546 10.13689171 -1.91642636
v -2.59684447 10.13689171 -1.73515600
v -2.68216065 10.13689171 -1.54854617
v -2.75427010 10.13689171 -1.35825570
v -2.81470469 10.13689171 -1.16588886
v -2.86563632 10.13689171 -0.97275245
v -2.90965839 10.13689171 -0.77964062
v -2.94947492 10.13689171 -0.58668704
v -2.98753318 10.13689171 -0.39331621
v -3.02564685 10.13689171 -0.19831137
v -3.06466129 10.13689171 -0.00000000
v -3.10421058 10.13689171 0.20346071
v -3.14260620 10.13689171 0.41373195
v -3.17688166 10.13689171 0.63192105
v -3.20299821 10.13689171 0.85824078
v -3.21619516 10.13689171 1.09175114
v -3.21144933 10.13689171 1.33022587
v -3.18399227 10.13689171 1.57017122
v -3.12982514 10.13689171 1.80700539
v -3.04616986 10.13689171 2.03538563
v -2.93180158 10.13689171 2.24965047
v -2.78722179 10.13689171 2.44432791
v -2.61465063 10.13689171 2.61465063
v -2.41783891 10.13689171 2.75701687
v -2.20172277 10.13689171 2.86934097
v -1.97196270 10.13689171 2.95125074
v -1.73442213 10.13689171 3.00410726
v -1.49464710 10.13689171 3.03084449
v -1.25740657 10.13689171 3.03564800
v -1.02634386 10.13689171 3.02351150
v -0.80377367 10.13689171 2.99972418
v -0.59064015 10.13689171 2.96934855
v -0.38663028 10.13689171 2.93674856
v -0.19041810 10.13689171 2.90521882
v -0.00000000 10.13689171 2.87675191
v 0.18692745 10.13689171 2.85196182
v 0.37259784 10.13689171 2.83016158
v 0.55885907 10.13689171 2.80957428
v 0.74694627 10.13689171 2.78764142
v 0.93736325 10.13689171 2.76138308
v 1.12987580 10.13689171 2.72776149
v 1.32360392 10.13689171 2.68400324
v 1.51718721 10.13689171 2.62784533
v 1.70898939 10.13689171 2.55768337
v 1.89730543 10.13689171 2.47261658
v 2.08053786 10.13689171 2.37239874
v 2.25731720 10.13689171 2.25731720
v 2.42655303 10.13689171 2.12802989
v 2.58741507 10.13689171 1.98539341
v 2.73925625 10.13689171 1.83031251
v 2.88149913 10.13689171 1.66363430
v 3.01351259 10.13689171 1.48609995
v 3.13450647 10.13689171 1.29835509
v 3.24346753 10.13689171 1.10100887
v 3.33915200 10.13689171 0.89472308
v 3.42013931 10.13689171 0.68030801
v 3.48494030 10.13689171 0.45880109
v 3.53214304 10.13689171 0.23150889
v 3.57094556 10.64373629 0.00000000
v 3.57835675 10.64373629 -0.23453789
v 3.56585885 10.64373629 -0.46945422
v 3.53376963 10.64373629 -0.70291048
v 3.48291695 10.64373629 -0.93324478
v 3.41454251 10.64373629 -1.15908100
v 3.33015221 10.64373629 -1.37939421
v 3.23133541 10.64373629 -1.59351828
v 3.11958078 10.64373629 -1.80109080
v 2.99611762 10.64373629 -2.00194179
v 2.86180771 10.64373629 -2.19594229
v 2.71710497 10.64373629 -2.38283710
v 2.56208975 10.64373629 -2.56208975
v 2.39657259 10.64373629 -2.73276728
v 2.22025103 10.64373629 -2.89348747
v 2.03289472 10.64373629 -3.04244196
v 1.83452900 10.64373629 -3.17749744
v 1.62558711 10.64373629 -3.29636456
v 1.40700616 10.64373629 -3.39681335
v 1.18025038 10.64373629 -3.47690550
v 0.94725680 10.64373629 -3.53521050
v 0.71031078 10.64373629 -3.57097343
v 0.47187004 10.64373629 -3.58420876
v 0.23436407 10.64373629 -3.57570471
v 0.00000000 10.64373629 -3.54693566
v -0.22939515 10.64373629 -3.49989369
v -0.45247152 10.64373629 -3.43686237
v -0.66837835 10.64373629 -3.36016488
v -0.87670889 10.64373629 -3.27192212
v -1.07737880 10.64373629 -3.17385561
v -1.27046031 10.64373629 -3.06716251
v -1.45600188 10.64373629 -2.95247973
v -1.63386639 10.64373629 -2.82993959
v -1.80361847 10.64373629 -2.69930580
v -1.96448399 10.64373629 -2.56016538
v -2.11539308 10.64373629 -2.41214350
v -2.25510408 10.64373629 -2.25510408
v -2.38239144 10.64373629 -2.08930122
v -2.49626841 10.64373629 -1.91545412
v -2.59620750 10.64373629 -1.73473039
v -2.68231891 10.64373629 -1.54863755
v -2.75545119 10.64373629 -1.35883815
v -2.81718768 10.64373629 -1.16691734
v -2.86972702 10.64373629 -0.97414106
v -2.91565281 10.64373629 -0.78124682
v -2.95761484 10.64373629 -0.58830617
v -2.99795960 10.64373629 -0.39468887
v -3.03835766 10.64373629 -0.19914448
v -3.07947991 10.64373629 -0.00000000
v -3.12077097 10.64373629 0.20454614
v -3.16035804 10.64373629 0.41606903
v -3.19511728 10.64373629 0.63554834
v -3.22089955 10.64373629 0.86303743
v -3.23289705 10.64373629 1.09742067
v -3.22611245 10.64373629 1.33629953
v -3.19587813 10.64373629 1.57603268
v -3.13836451 10.64373629 1.81193560
v -3.05101679 10.64373629 2.03862424
v -2.93286654 10.64373629 2.25046765
v -2.78467999 10.64373629 2.44209881
v -2.60892418 10.64373629 2.60892418
v -2.40955492 10.64373629 2.74757080
v -2.19165195 10.64373629 2.85621643
v -1.96094540 10.64373629 2.93476218
v -1.72329015 10.64373629 2.98482609
v -1.48414969 10.64373629 3.00955786
v -1.24814857 10.64373629 3.01329720
v -1.01874182 10.64373629 3.00111664
v -0.79803390 10.64373629 2.97830305
v -0.58675936 10.64373629 2.94983851
v -0.38441727 10.64373629 2.91993903
v -0.18953210 10.64373629 2.89170103
v -0.00000000 10.64373629 2.86688985
v 0.18652921 10.64373629 2.84588587
v 0.37228477 10.64373629 2.82778356
v 0.55906714 10.64373629 2.81062029
v 0.74803298 10.64373629 2.79169709
v 0.93959066 10.64373629 2.76794484
v 1.13340738 10.64373629 2.73628748
v 1.32851321 10.64373629 2.69395830
v 1.52347481 10.64373629 2.63873577
v 1.71660396 10.64373629 2.56907937
v 1.90616444 10.64373629 2.48416186
v 2.09054443 10.64373629 2.38380905
v 2.26837055 10.64373629 2.26837055
v 2.43855162 10.64373629 2.13855237
v 2.60025296 10.64373629 1.99524427
v 2.75281472 10.64373629 1.83937199
v 2.89563626 10.64373629 1.67179637
v 3.02805414 10.64373629 1.49327105
v 3.14924094 10.64373629 1.30445831
v 3.25814753 10.64373629 1.10599205
v 3.35350291 10.64373629 0.89856840
v 3.43387479 10.64373629 0.68304016
v 3.49778290 10.64373629 0.46049185
v 3.54384705 10.64373629 0.23227601
v 3.58072833 11.15058088 0.00000000
v 3.58666186 11.15058088 -0.23508224
v 3.57266367 11.15058088 -0.47035010
v 3.53913237 11.15058088 -0.70397720
v 3.48696666 11.15058088 -0.93432990
v 3.41746085 11.15058088 -1.16007164
v 3.33214956 11.15058088 -1.38022154
v 3.23262464 11.15058088 -1.59415406
v 3.12035263 11.15058088 -1.80153643
v 2.99652117 11.15058088 -2.00221143
v 2.86193878 11.15058088 -2.19604286
v 2.71700402 11.15058088 -2.38274857
v 2.56174934 11.15058088 -2.56174934
v 2.39595298 11.15058088 -2.73206075
v 2.21930120 11.15058088 -2.89224963
v 2.03157523 11.15058088 -3.04046719
v 1.83283278 11.15058088 -3.17455949
v 1.62355469 11.15058088 -3.29224324
v 1.40473265 11.15058088 -3.39132461
v 1.17788276 11.15058088 -3.46993071
v 0.94498192 11.15058088 -3.52672052
v 0.70833563 11.15058088 -3.56104368
v 0.47039737 11.15058088 -3.57302273
v 0.23356707 11.15058088 -3.56354479
v 0.00000000 11.15058088 -3.53416210
v -0.22854442 11.15058088 -3.48691410
v -0.45079074 11.15058088 -3.42409560
v -0.66595938 11.15058088 -3.34800390
v -0.87370214 11.15058088 -3.26070078
v -1.07397333 11.15058088 -3.16382340
v -1.26685998 11.15058088 -3.05847056
v -1.45240164 11.15058088 -2.94517918
v -1.63043266 11.15058088 -2.82399220
v -1.80047700 11.15058088 -2.69460426
v -1.96171739 11.15058088 -2.55655988
v -2.11304842 11.15058088 -2.40946993
v -2.25320923 11.15058088 -2.25320923
v -2.38097722 11.15058088 -2.08806098
v -2.49539235 11.15058088 -1.91478189
v -2.59597431 11.15058088 -1.73457458
v -2.68289323 11.15058088 -1.54896913
v -2.75705868 11.15058088 -1.35963088
v -2.82010265 11.15058088 -1.16812476
v -2.87424642 11.15058088 -0.97567519
v -2.92205881 11.15058088 -0.78296330
v -2.96613029 11.15058088 -0.59000000
v -3.00870204 11.15058088 -0.39610314
v -3.05129854 11.15058088 -0.19999267
v -3.09441535 11.15058088 -0.00000000
v -3.13730948 11.15058088 0.20563013
v -3.17792870 11.15058088 0.41838225
v -3.21299935 11.15058088 0.63910531
v -3.23827182 11.15058088 0.86769232
v -3.24890246 11.15058088 1.10285378
v -3.23993153 11.15058088 1.34202358
v -3.20680306 11.15058088 1.58142026
v -3.14586567 11.15058088 1.81626639
v -3.05479374 11.15058088 2.04114792
v -2.93287758 11.15058088 2.25047612
v -2.78114639 11.15058088 2.43899992
v -2.60230859 11.15058088 2.60230859
v -2.40051609 11.15058088 2.73726399
v -2.18098086 11.15058088 2.84230960
v -1.94949009 11.15058088 2.91761811
v -1.71187741 11.15058088 2.96505864
v -1.47351228 11.15058088 2.98798733
v -1.23886555 11.15058088 2.99088601
v -1.01119772 11.15058088 2.97889242
v -0.79240006 11.15058088 2.95727727
v -0.58299807 11.15058088 2.93092923
v -0.38230642 11.15058088 2.90390554
v -0.18870595 11.15058088 2.87909646
v -0.00000000 11.15058088 2.85803549
v 0.18620035 11.15058088 2.84086829
v 0.37211222 11.15058088 2.82647291
v 0.55948196 11.15058088 2.81270578
v 0.74938264 11.15058088 2.79673408
v 0.94212378 11.15058088 2.77540716
v 1.13727239 11.15058088 2.74561842
v 1.33376852 11.15058088 2.70461500
v 1.53010687 11.15058088 2.65022284
v 1.72454892 11.15058088 2.58096985
v 1.91532900 11.15058088 2.49610535
v 2.10082246 11.15058088 2.39552890
v 2.27965314 11.15058088 2.27965314
v 2.45072965 11.15058088 2.14923222
v 2.61321320 11.15058088 2.00518901
v 2.76643121 11.15058088 1.84847024
v 2.90976015 11.15058088 1.67995081
v 3.04250506 11.15058088 1.50039745
v 3.16380274 11.15058088 1.31049000
v 3.27257055 11.15058088 1.11088801
v 3.36751340 11.15058088 0.90232250
v 3.44719102 11.15058088 0.68568893
v 3.51013591 11.15058088 0.46211816
v 3.55500339 11.15058088 0.23300723
v 3.58990008 11.65742546 0.00000000
v 3.59433513 11.65742546 -0.23558517
v 3.57883358 11.65742546 -0.47116238
v 3.54387376 11.65742546 -0.70492032
v 3.49042274 11.65742546 -0.93525596
v 3.41982392 11.65742546 -1.16087379
v 3.33363645 11.65742546 -1.38083743
v 3.23345047 11.65742546 -1.59456131
v 3.12070662 11.65742546 -1.80174081
v 2.99654798 11.65742546 -2.00222935
v 2.86172813 11.65742546 -2.19588123
v 2.71658991 11.65742546 -2.38238541
v 2.56111874 11.65742546 -2.56111874
v 2.39506241 11.65742546 -2.73104526
v 2.21809830 11.65742546 -2.89068198
v 2.03002167 11.65742546 -3.03814213
v 1.83092461 11.65742546 -3.17125445
v 1.62133674 11.65742546 -3.28774568
v 1.40230431 11.65742546 -3.38546208
v 1.17539418 11.65742546 -3.46259959
v 0.94262085 11.65742546 -3.51790889
v 0.70630697 11.65742546 -3.55084490
v 0.46889842 11.65742546 -3.56163714
v 0.23276245 11.65742546 -3.55126876
v 0.00000000 11.65742546 -3.52136545
v -0.22769854 11.65742546 -3.47400847
v -0.44913221 11.65742546 -3.41149785
v -0.66359138 11.65742546 -3.33609916
v -0.87078397 11.65742546 -3.24981003
v -1.07069970 11.65742546 -3.15417960
v -1.26343680 11.65742546 -3.05020627
v -1.44902244 11.65742546 -2.93832685
v -1.62725961 11.65742546 -2.81849631
v -1.79762977 11.65742546 -2.69034308
v -1.95927183 11.65742546 -2.55337276
v -2.11104523 11.65742546 -2.40718574
v -2.25167125 11.65742546 -2.25167125
v -2.37993198 11.65742546 -2.08714433
v -2.49489569 11.65742546 -1.91440080
v -2.59613033 11.65742546 -1.73467883
v -2.68386581 11.65742546 -1.54953065
v -2.75907130 11.65742546 -1.36062339
v -2.82342451 11.65742546 -1.16950073
v -2.87916522 11.65742546 -0.97734490
v -2.92884257 11.65742546 -0.78478100
v -2.97498273 11.65742546 -0.59176086
v -3.01971734 11.65742546 -0.39755333
v -3.06442208 11.65742546 -0.20085283
v -3.10941673 11.65742546 -0.00000000
v -3.15377298 11.65742546 0.20670920
v -3.19526436 11.65742546 0.42066453
v -3.23047527 11.65742546 0.64258148
v -3.25506568 11.65742546 0.87219222
v -3.26416745 11.65742546 1.10803554
v -3.25286991 11.65742546 1.34738283
v -3.21673936 11.65742546 1.58632030
v -3.15231099 11.65742546 1.81998760
v -3.05749373 11.65742546 2.04295199
v -2.93183818 11.65742546 2.24967856
v -2.77663419 11.65742546 2.43504283
v -2.59482538 11.65742546 2.59482538
v -2.39075035 11.65742546 2.72612830
v -2.16974170 11.65742546 2.82766244
v -1.93763088 11.65742546 2.89986954
v -1.70021767 11.65742546 2.94486339
v -1.46276631 11.65742546 2.96619664
v -1.22958504 11.65742546 2.96848089
v -1.00373409 11.65742546 2.95690528
v -0.78688922 11.65742546 2.93671053
v -0.57936792 11.65742546 2.91267921
v -0.38030448 11.65742546 2.88869932
v -0.18794244 11.65742546 2.86744749
v -0.00000000 11.65742546 2.85022138
v 0.18594231 11.65742546 2.83693144
v 0.37208181 11.65742546 2.82624195
v 0.56010414 11.65742546 2.81583368
v 0.75099379 11.65742546 2.80274697
v 0.94495833 11.65742546 2.78375747
v 1.14146322 11.65742546 2.75573599
v 1.33935862 11.65742546 2.71595061
v 1.53706847 11.65742546 2.66228069
v 1.73280567 11.65742546 2.59332695
v 1.92477697 11.65742546 2.50841819
v 2.11134652 11.65742546 2.40752929
v 2.29113647 11.65742546 2.29113647
v 2.46305593 11.65742546 2.16004208
v 2.62626221 11.65742546 2.01520187
v 2.78007022 11.65742546 1.85758353
v 2.92383392 11.65742546 1.68807630
v 3.05682769 11.65742546 1.50746059
v 3.17815422 11.65742546 1.31643458
v 3.28669977 11.65742546 1.11568423
v 3.38114838 11.65742546 0.90597598
v 3.46005546 11.65742546 0.68824782
v 3.52197021 11.65742546 0.46367618
v 3.56558699 11.65742546 0.23370092
v 3.59844204 12.16427005 0.00000000
v 3.60136259 12.16427005 -0.23604577
v 3.58435934 12.16427005 -0.47188986
v 3.54798898 12.16427005 -0.70573889
v 3.49328421 12.16427005 -0.93602268
v 3.42163383 12.16427005 -1.16148818
v 3.33461734 12.16427005 -1.38124373
v 3.23381895 12.16427005 -1.59474302
v 3.12064966 12.16427005 -1.80170792
v 2.99620528 12.16427005 -2.00200036
v 2.86118293 12.16427005 -2.19546288
v 2.71586954 12.16427005 -2.38175366
v 2.56020457 12.16427005 -2.56020457
v 2.39390731 12.16427005 -2.72972812
v 2.21664873 12.16427005 -2.88879287
v 2.02824056 12.16427005 -3.03547652
v 1.82881125 12.16427005 -3.16759401
v 1.61894021 12.16427005 -3.28288599
v 1.39972817 12.16427005 -3.37924273
v 1.17279145 12.16427005 -3.45493219
v 0.94017981 12.16427005 -3.50879882
v 0.70422999 12.16427005 -3.54040325
v 0.46737698 12.16427005 -3.55008058
v 0.23195221 12.16427005 -3.53890689
v 0.00000000 12.16427005 -3.50857667
v -0.22685952 12.16427005 -3.46120736
v -0.44749976 12.16427005 -3.39909816
v -0.66127962 12.16427005 -3.32447715
v -0.86796056 12.16427005 -3.23927290
v -1.06756433 12.16427005 -3.14494310
v -1.26019674 12.16427005 -3.04238406
v -1.44586912 12.16427005 -2.93193254
v -1.62435036 12.16427005 -2.81345735
v -1.79507771 12.16427005 -2.68652365
v -1.95714569 12.16427005 -2.55060192
v -2.10937919 12.16427005 -2.40528598
v -2.25048300 12.16427005 -2.25048300
v -2.37924568 12.16427005 -2.08654246
v -2.49476550 12.16427005 -1.91430090
v -2.59665960 12.16427005 -1.73503247
v -2.68521753 12.16427005 -1.55031106
v -2.76146648 12.16427005 -1.36180457
v -2.82712694 12.16427005 -1.17103432
v -2.88445298 12.16427005 -0.97913985
v -2.93596926 12.16427005 -0.78669059
v -2.98413282 12.16427005 -0.59358092
v -3.03096176 12.16427005 -0.39903369
v -3.07768061 12.16427005 -0.20172184
v -3.12443331 12.16427005 -0.00000000
v -3.17010890 12.16427005 0.20777991
v -3.21231223 12.16427005 0.42290893
v -3.24749393 12.16427005 0.64596671
v -3.27123377 12.16427005 0.87652445
v -3.27865043 12.16427005 1.11295185
v -3.26489372 12.16427005 1.35236326
v -3.22566237 12.16427005 1.59072064
v -3.15768605 12.16427005 1.82309089
v -3.05911296 12.16427005 2.04403393
v -2.92975495 12.16427005 2.24808004
v -2.77115949 12.16427005 2.43024165
v -2.58649861 12.16427005 2.58649861
v -2.38028780 12.16427005 2.71419805
v -2.15796833 12.16427005 2.81231908
v -1.92540306 12.16427005 2.88156931
v -1.68834546 12.16427005 2.92430012
v -1.45194356 12.16427005 2.94425028
v -1.22033461 12.16427005 2.94614837
v -0.99637330 12.16427005 2.93522109
v -0.78151813 12.16427005 2.91666536
v -0.57588018 12.16427005 2.89514519
v -0.37841790 12.16427005 2.87436931
v -0.18724416 12.16427005 2.85679381
v -0.00000000 12.16427005 2.84347710
v 0.18575637 12.16427005 2.83409451
v 0.37219475 12.16427005 2.82709981
v 0.56093363 12.16427005 2.82000378
v 0.75286416 12.16427005 2.80972731
v 0.94808911 12.16427005 2.79298045
v 1.14597124 12.16427005 2.76661932
v 1.34527121 12.16427005 2.72794016
v 1.54434356 12.16427005 2.67488151
v 1.74135451 12.16427005 2.60612119
v 1.93448521 12.16427005 2.52107021
v 2.12209025 12.16427005 2.41978016
v 2.30279129 12.16427005 2.30279129
v 2.47549860 12.16427005 2.17095400
v 2.63936596 12.16427005 2.02525673
v 2.79369601 12.16427005 1.86668799
v 2.93782065 12.16427005 1.69615154
v 3.07098463 12.16427005 1.51444202
v 3.19225823 12.16427005 1.32227665
v 3.30049914 12.16427005 1.12036849
v 3.39437374 12.16427005 0.90951970
v 3.47243686 12.16427005 0.69071064
v 3.53325815 12.16427005 0.46516226
v 3.57557443 12.16427005 0.23435553
v 3.60633720 12.67111463 0.00000000
v 3.60773209 12.67111463 -0.23646325
v 3.58923354 12.67111463 -0.47253156
v 3.55147490 12.67111463 -0.70643228
v 3.49555166 12.67111463 -0.93663024
v 3.42289417 12.67111463 -1.16191600
v 3.33509799 12.67111463 -1.38144282
v 3.23373721 12.67111463 -1.59470272
v 3.12018961 12.67111463 -1.80144231
v 2.99550110 12.67111463 -2.00152984
v 2.86031101 12.67111463 -2.19479384
v 2.71485040 12.67111463 -2.38085990
v 2.55901396 12.67111463 -2.55901396
v 2.39249458 12.67111463 -2.72811721
v 2.21495932 12.67111463 -2.88659119
v 2.02623884 12.67111463 -3.03248073
v 1.82649980 12.67111463 -3.16359046
v 1.61637236 12.67111463 -3.27767891
v 1.39701151 12.67111463 -3.37268414
v 1.17008157 12.67111463 -3.44694917
v 0.93766516 12.67111463 -3.49941402
v 0.70210997 12.67111463 -3.52974520
v 0.46583680 12.67111463 -3.53838177
v 0.23113832 12.67111463 -3.52648934
v 0.00000000 12.67111463 -3.49582636
v -0.22602930 12.67111463 -3.44854072
v -0.44589710 12.67111463 -3.38692471
v -0.65902914 12.67111463 -3.31316320
v -0.86523770 12.67111463 -3.22911106
v -1.06457313 12.67111463 -3.13613131
v -1.25714508 12.67111463 -3.03501671
v -1.44294569 12.67111463 -2.92600441
v -1.62170706 12.67111463 -2.80887903
v -1.79282065 12.67111463 -2.68314572
v -1.95533618 12.67111463 -2.54824372
v -2.10804470 12.67111463 -2.40376429
v -2.24963599 12.67111463 -2.24963599
v -2.37890695 12.67111463 -2.08624540
v -2.49498748 12.67111463 -1.91447123
v -2.59754483 12.67111463 -1.73562397
v -2.68692795 12.67111463 -1.55129858
v -2.76422043 12.67111463 -1.36316266
v -2.83118243 12.67111463 -1.17271416
v -2.89007821 12.67111463 -0.98104936
v -2.94340315 12.67111463 -0.78868250
v -2.99354051 12.67111463 -0.59545223
v -3.04239114 12.67111463 -0.40053839
v -3.09102637 12.67111463 -0.20259657
v -3.13941461 12.67111463 -0.00000000
v -3.18626537 12.67111463 0.20883887
v -3.22902067 12.67111463 0.42510864
v -3.26400586 12.67111463 0.64925113
v -3.28673082 12.67111463 0.88067687
v -3.29231238 12.67111463 1.11758946
v -3.27597195 12.67111463 1.35695201
v -3.23355052 12.67111463 1.59461065
v -3.16197964 12.67111463 1.82556980
v -3.05965088 12.67111463 2.04439336
v -2.92663762 12.67111463 2.24568803
v -2.76474122 12.67111463 2.42461298
v -2.57735485 12.67111463 2.57735485
v -2.36916059 12.67111463 2.70150990
v -2.14569620 12.67111463 2.79632573
v -1.91284306 12.67111463 2.86277195
v -1.67629596 12.67111463 2.90342978
v -1.44107610 12.67111463 2.92221326
v -1.21114178 12.67111463 2.92395492
v -0.98913745 12.67111463 2.91390496
v -0.77630317 12.67111463 2.89720285
v -0.57254576 12.67111463 2.87838193
v -0.37665279 12.67111463 2.86096200
v -0.18661353 12.67111463 2.84717227
v -0.00000000 12.67111463 2.83782914
v 0.18564357 12.67111463 2.83237349
v 0.37245181 12.67111463 2.82905236
v 0.56196975 12.67111463 2.82521272
v 0.75499070 12.67111463 2.81766367
v 0.95150996 12.67111463 2.80305795
v 1.15078679 12.67111463 2.77824507
v 1.35149289 12.67111463 2.74055648
v 1.55191500 12.67111463 2.68799563
v 1.75017471 12.67111463 2.61932156
v 1.94442960 12.67111463 2.53402999
v 2.13302642 12.67111463 2.43225048
v 2.31458759 12.67111463 2.31458759
v 2.48802527 12.67111463 2.18193960
v 2.65249008 12.67111463 2.03532723
v 2.80727270 12.67111463 1.87575965
v 2.95168357 12.67111463 1.70415530
v 3.08493885 12.67111463 1.52132349
v 3.20607825 12.67111463 1.32800110
v 3.31393349 12.67111463 1.12492884
v 3.40715655 12.67111463 0.91294485
v 3.48430533 12.67111463 0.69307142
v 3.54397362 12.67111463 0.46657298
v 3.58494398 12.67111463 0.23496964
v 3.61357040 13.17795922 0.00000000
v 3.61343334 13.17795922 -0.23683693
v 3.59345051 13.17795922 -0.47308673
v 3.55433010 13.17795922 -0.70700022
v 3.49722724 13.17795922 -0.93707922
v 3.42360991 13.17795922 -1.16215896
v 3.33508539 13.17795922 -1.38143760
v 3.23321348 13.17795922 -1.59444444
v 3.11933523 13.17795922 -1.80094903
v 2.99444422 13.17795922 -2.00082366
v 2.85912088 13.17795922 -2.19388061
v 2.71354055 13.17795922 -2.37971120
v 2.55755455 13.17795922 -2.55755455
v 2.39083156 13.17795922 -2.72622090
v 2.21303732 13.17795922 -2.88408639
v 2.02402380 13.17795922 -3.02916569
v 1.82399772 13.17795922 -3.15925672
v 1.61364077 13.17795922 -3.27213978
v 1.39416184 13.17795922 -3.36580443
v 1.16727173 13.17795922 -3.43867163
v 0.93508335 13.17795922 -3.48977856
v 0.69995222 13.17795922 -3.51889746
v 0.46428168 13.17795922 -3.52656946
v 0.23032275 13.17795922 -3.51404605
v 0.00000000 13.17795922 -3.48314466
v -0.22520981 13.17795922 -3.43603776
v -0.44432779 13.17795922 -3.37500464
v -0.65684473 13.17795922 -3.30218144
v -0.86262083 13.17795922 -3.21934475
v -1.06173146 13.17795922 -3.12776002
v -1.25428644 13.17795922 -3.02811532
v -1.44025531 13.17795922 -2.92054886
v -1.61933088 13.17795922 -2.80476335
v -1.79085732 13.17795922 -2.68020738
v -1.95383932 13.17795922 -2.54629297
v -2.10703491 13.17795922 -2.40261284
v -2.24912047 13.17795922 -2.24912047
v -2.37890312 13.17795922 -2.08624204
v -2.49554606 13.17795922 -1.91489984
v -2.59876749 13.17795922 -1.73644092
v -2.68897545 13.17795922 -1.55248070
v -2.76730816 13.17795922 -1.36468536
v -2.83556242 13.17795922 -1.17452841
v -2.89600847 13.17795922 -0.98306241
v -2.95110773 13.17795922 -0.79074693
v -3.00316521 13.17795922 -0.59736670
v -3.05396103 13.17795922 -0.40206160
v -3.10441162 13.17795922 -0.20347389
v -3.15431060 13.17795922 -0.00000000
v -3.20219136 13.17795922 0.20988271
v -3.24533939 13.17795922 0.42725704
v -3.27996339 13.17795922 0.65242528
v -3.30151380 13.17795922 0.88463796
v -3.30511688 13.17795922 1.12193600
v -3.28607652 13.17795922 1.36113746
v -3.24038541 13.17795922 1.59798124
v -3.16518383 13.17795922 1.82741974
v -3.05911016 13.17795922 2.04403206
v -2.92249892 13.17795922 2.24251230
v -2.75740109 13.17795922 2.41817586
v -2.56742305 13.17795922 2.56742305
v -2.35740283 13.17795922 2.68810274
v -2.13296226 13.17795922 2.77973054
v -1.89998831 13.17795922 2.84353345
v -1.66410492 13.17795922 2.88231427
v -1.43019618 13.17795922 2.90015096
v -1.20203395 13.17795922 2.90196667
v -0.98204832 13.17795922 2.89302105
v -0.77126028 13.17795922 2.87838255
v -0.56937512 13.17795922 2.86244201
v -0.37501494 13.17795922 2.84852125
v -0.18605277 13.17795922 2.83861678
v -0.00000000 13.17795922 2.83330078
v 0.18560474 13.17795922 2.83178105
v 0.37285333 13.17795922 2.83210218
v 0.56321120 13.17795922 2.83145393
v 0.75736955 13.17795922 2.82654162
v 0.95521381 13.17795922 2.81396914
v 1.15589918 13.17795922 2.79058747
v 1.35800923 13.17795922 2.75377030
v 1.55976464 13.17795922 2.70159160
v 1.75924455 13.17795922 2.63289553
v 1.95458512 13.17795922 2.54726492
v 2.14412705 13.17795922 2.44490832
v 2.32649477 13.17795922 2.32649477
v 2.50060310 13.17795922 2.19297006
v 2.66559995 13.17795922 2.04538678
v 2.82076441 13.17795922 1.88477452
v 2.96538610 13.17795922 1.71206646
v 3.09865380 13.17795922 1.52808695
v 3.21957853 13.17795922 1.33359309
v 3.32696867 13.17795922 1.12935369
v 3.41946511 13.17795922 0.91624291
v 3.49563242 13.17795922 0.69532452
v 3.55409214 13.17795922 0.46790511
v 3.59367565 13.17795922 0.23554195
v 3.62012831 13.68480380 0.00000000
v 3.61845787 13.68480380 -0.23716626
v 3.59700642 13.68480380 -0.47355488
v 3.55655486 13.68480380 -0.70744275
v 3.49831469 13.68480380 -0.93737060
v 3.42378742 13.68480380 -1.16221922
v 3.33458773 13.68480380 -1.38123146
v 3.23225700 13.68480380 -1.59397275
v 3.11809615 13.68480380 -1.80023365
v 2.99304417 13.68480380 -1.99988818
v 2.85762163 13.68480380 -2.19273020
v 2.71194858 13.68480380 -2.37831508
v 2.55583445 13.68480380 -2.55583445
v 2.38892604 13.68480380 -2.72404807
v 2.21089035 13.68480380 -2.88128840
v 2.02160310 13.68480380 -3.02554285
v 1.82131275 13.68480380 -3.15460622
v 1.61075325 13.68480380 -3.26628448
v 1.39118689 13.68480380 -3.35862225
v 1.16436924 13.68480380 -3.43012117
v 0.93244091 13.68480380 -3.47991684
v 0.69776209 13.68480380 -3.50788691
v 0.46271539 13.68480380 -3.51467236
v 0.22950743 13.68480380 -3.50160669
v 0.00000000 13.68480380 -3.47056117
v -0.22440291 13.68480380 -3.42372685
v -0.44279528 13.68480380 -3.36336406
v -0.65473093 13.68480380 -3.29155465
v -0.86011496 13.68480380 -3.20999272
v -1.05904413 13.68480380 -3.11984339
v -1.25162468 13.68480380 -3.02168927
v -1.43780029 13.68480380 -2.91557056
v -1.61722197 13.68480380 -2.80111062
v -1.78918533 13.68480380 -2.67770508
v -1.95264993 13.68480380 -2.54474294
v -2.10634174 13.68480380 -2.40182243
v -2.24892542 13.68480380 -2.24892542
v -2.37922028 13.68480380 -2.08652018
v -2.49642442 13.68480380 -1.91557383
v -2.60030783 13.68480380 -1.73747014
v -2.69133722 13.68480380 -1.55384427
v -2.77070366 13.68480380 -1.36635984
v -2.84023738 13.68480380 -1.17646484
v -2.90221049 13.68480380 -0.98516771
v -2.95904585 13.68480380 -0.79287394
v -3.01296590 13.68480380 -0.59931618
v -3.06562683 13.68480380 -0.40359743
v -3.11778885 13.68480380 -0.20435068
v -3.16907183 13.68480380 -0.00000000
v -3.21783691 13.68480380 0.21090817
v -3.26121955 13.68480380 0.42934770
v -3.29532077 13.68480380 0.65548006
v -3.31554206 13.68480380 0.88839682
v -3.31703024 13.68480380 1.12598004
v -3.29518240 13.68480380 1.36490924
v -3.24615185 13.68480380 1.60082494
v -3.16729393 13.68480380 1.82863801
v -3.05749668 13.68480380 2.04295396
v -2.91735466 13.68480380 2.23856496
v -2.74916351 13.68480380 2.41095169
v -2.55673448 13.68480380 2.55673448
v -2.34505048 13.68480380 2.67401758
v -2.11980480 13.68480380 2.76258340
v -1.88687710 13.68480380 2.82391114
v -1.65180851 13.68480380 2.86101626
v -1.41933610 13.68480380 2.87812890
v -1.19303830 13.68480380 2.88024924
v -0.97512727 13.68480380 2.87263232
v -0.76640494 13.68480380 2.86026219
v -0.56637825 13.68480380 2.84737574
v -0.37350974 13.68480380 2.83708816
v -0.18556391 13.68480380 2.83115812
v -0.00000000 13.68480380 2.82991204
v 0.18564049 13.68480380 2.83232650
v 0.37339920 13.68480380 2.83624852
v 0.56465605 13.68480380 2.83871768
v 0.75999603 13.68480380 2.83634378
v 0.95919267 13.68480380 2.82569048
v 1.16129674 13.68480380 2.80361834
v 1.36480477 13.68480380 2.76755030
v 1.56787333 13.68480380 2.71563626
v 1.76854139 13.68480380 2.64680923
v 1.96492593 13.68480380 2.56074133
v 2.15536345 13.68480380 2.45772098
v 2.33848169 13.68480380 2.33848169
v 2.51319890 13.68480380 2.20401629
v 2.67866080 13.68480380 2.05540872
v 2.83413533 13.68480380 1.89370869
v 2.97889201 13.68480380 1.71986410
v 3.11209351 13.68480380 1.53471468
v 3.23272412 13.68480380 1.33903817
v 3.33957161 13.68480380 1.13363181
v 3.43126904 13.68480380 0.91940577
v 3.50639123 13.68480380 0.69746458
v 3.56359093 13.68480380 0.46915565
v 3.60175127 13.68480380 0.23607125
v 3.62599952 14.19164839 0.00000000
v 3.62279912 14.19164839 -0.23745080
v 3.59989923 14.19164839 -0.47393573
v 3.55815114 14.19164839 -0.70776027
v 3.49881924 14.19164839 -0.93750579
v 3.42343443 14.19164839 -1.16209940
v 3.33361439 14.19164839 -1.38082829
v 3.23087799 14.19164839 -1.59329271
v 3.11648282 14.19164839 -1.79930220
v 2.99131116 14.19164839 -1.99873022
v 2.85582297 14.19164839 -2.19135004
v 2.71008357 14.19164839 -2.37667950
v 2.55386220 14.19164839 -2.55386220
v 2.38678618 14.19164839 -2.72160802
v 2.20852641 14.19164839 -2.87820766
v 2.01898472 14.19164839 -3.02162417
v 1.81845295 14.19164839 -3.14965291
v 1.60771789 14.19164839 -3.26012937
v 1.38809456 14.19164839 -3.35115670
v 1.16138154 14.19164839 -3.42131970
v 0.92974444 14.19164839 -3.46985350
v 0.69554493 14.19164839 -3.49674048
v 0.46114171 14.19164839 -3.50271902
v 0.22869429 14.19164839 -3.48920055
v 0.00000000 14.19164839 -3.45810480
v -0.22361040 14.19164839 -3.41163548
v -0.44130284 14.19164839 -3.35202787
v -0.65269200 14.19164839 -3.28130425
v -0.85772469 14.19164839 -3.20107211
v -1.05651536 14.19164839 -3.11239390
v -1.24916296 14.19164839 -3.01574616
v -1.43558204 14.19164839 -2.91107239
v -1.61537950 14.19164839 -2.79791937
v -1.78780123 14.19164839 -2.67563362
v -1.95176168 14.19164839 -2.54358535
v -2.10595588 14.19164839 -2.40138244
v -2.24903860 14.19164839 -2.24903860
v -2.37984328 14.19164839 -2.08706654
v -2.49760456 14.19164839 -1.91647938
v -2.60214497 14.19164839 -1.73869768
v -2.69398941 14.19164839 -1.55537551
v -2.77437989 14.19164839 -1.36817275
v -2.84517691 14.19164839 -1.17851087
v -2.90865028 14.19164839 -0.98735373
v -2.96717980 14.19164839 -0.79505343
v -3.02290125 14.19164839 -0.60129244
v -3.07734395 14.19164839 -0.40514002
v -3.13111086 14.19164839 -0.20522385
v -3.18364959 14.19164839 -0.00000000
v -3.23315318 14.19164839 0.21191206
v -3.27661397 14.19164839 0.43137441
v -3.31003433 14.19164839 0.65840676
v -3.32877741 14.19164839 0.89194322
v -3.32802164 14.19164839 1.12971112
v -3.30326762 14.19164839 1.36825825
v -3.25083790 14.19164839 1.60313584
v -3.16830857 14.19164839 1.82922381
v -3.05481948 14.19164839 2.04116512
v -2.91122355 14.19164839 2.23386040
v -2.74005555 14.19164839 2.40296422
v -2.54532262 14.19164839 2.54532262
v -2.33214123 14.19164839 2.65929741
v -2.10626337 14.19164839 2.74493586
v -1.87354852 14.19164839 2.80396350
v -1.63944325 14.19164839 2.83959901
v -1.40852814 14.19164839 2.85621252
v -1.18418171 14.19164839 2.85886755
v -0.96839524 14.19164839 2.85280037
v -0.76175210 14.19164839 2.84289752
v -0.56356466 14.19164839 2.83323088
v -0.37214224 14.19164839 2.82670093
v -0.18514874 14.19164839 2.82482390
v -0.00000000 14.19164839 2.82767953
v 0.18575120 14.19164839 2.83401572
v 0.37408890 14.19164839 2.84148729
v 0.56630173 14.19164839 2.84699104
v 0.76286470 14.19164839 2.84704982
v 0.96343765 14.19164839 2.83819580
v 1.16696687 14.19164839 2.81730724
v 1.37186312 14.19164839 2.78186321
v 1.57622098 14.19164839 2.73009481
v 1.77804172 14.19164839 2.66102748
v 1.97542544 14.19164839 2.57442455
v 2.16670631 14.19164839 2.47065504
v 2.35051673 14.19164839 2.35051673
v 2.52577924 14.19164839 2.21504894
v 2.69163783 14.19164839 2.06536635
v 2.84734986 14.19164839 1.90253835
v 2.99216551 14.19164839 1.72752756
v 3.12522270 14.19164839 1.54118928
v 3.24548104 14.19164839 1.34432226
v 3.35171044 14.19164839 1.13775238
v 3.44253936 14.19164839 0.92242564
v 3.51655645 14.19164839 0.69948657
v 3.57244895 14.19164839 0.47032183
v 3.60915450 14.19164839 0.23655648
v 3.63117452 14.69849297 0.00000000
v 3.62645239 14.69849297 -0.23769025
v 3.60212871 14.69849297 -0.47422924
v 3.55912257 14.69849297 -0.70795350
v 3.49874765 14.69849297 -0.93748661
v 3.42256000 14.69849297 -1.16180257
v 3.33217585 14.69849297 -1.38023243
v 3.22908766 14.69849297 -1.59240981
v 3.11450650 14.69849297 -1.79816116
v 2.98925605 14.69849297 -1.99735704
v 2.85373512 14.69849297 -2.18974797
v 2.70795505 14.69849297 -2.37481284
v 2.55164674 14.69849297 -2.55164674
v 2.38442050 14.69849297 -2.71891049
v 2.20595382 14.69849297 -2.87485499
v 2.01617695 14.69849297 -3.01742204
v 1.81542664 14.69849297 -3.14441118
v 1.60454296 14.69849297 -3.25369126
v 1.38489292 14.69849297 -3.34342727
v 1.15831619 14.69849297 -3.41228947
v 0.92700061 14.69849297 -3.45961337
v 0.69330610 14.69849297 -3.48548511
v 0.45956435 14.69849297 -3.49073778
v 0.22788521 14.69849297 -3.47685643
v 0.00000000 14.69849297 -3.44580378
v -0.22283402 14.69849297 -3.39979011
v -0.43985359 14.69849297 -3.34101974
v -0.65073190 14.69849297 -3.27145018
v -0.85545418 14.69849297 -3.19259848
v -1.05414881 14.69849297 -3.10542225
v -1.24690369 14.69849297 -3.01029179
v -1.43360110 14.69849297 -2.90705545
v -1.61380164 14.69849297 -2.79518643
v -1.78670043 14.69849297 -2.67398616
v -1.95116707 14.69849297 -2.54281044
v -2.10586687 14.69849297 -2.40128095
v -2.24944658 14.69849297 -2.24944658
v -2.38075581 14.69849297 -2.08786681
v -2.49906735 14.69849297 -1.91760183
v -2.60425697 14.69849297 -1.74010887
v -2.69690717 14.69849297 -1.55706008
v -2.77830896 14.69849297 -1.37011036
v -2.85034986 14.69849297 -1.18065357
v -2.91529324 14.69849297 -0.98960871
v -2.97547149 14.69849297 -0.79727518
v -3.03292978 14.69849297 -0.60328724
v -3.08906793 14.69849297 -0.40668351
v -3.14433097 14.69849297 -0.20609034
v -3.19799605 14.69849297 -0.00000000
v -3.24809269 14.69849297 0.21289124
v -3.29147719 14.69849297 0.43333119
v -3.32406258 14.69849297 0.66119716
v -3.34118425 14.69849297 0.89526762
v -3.33806312 14.69849297 1.13311974
v -3.31031341 14.69849297 1.37117671
v -3.25443491 14.69849297 1.60490969
v -3.16822964 14.69849297 1.82917823
v -3.05109079 14.69849297 2.03867369
v -2.90412727 14.69849297 2.22841523
v -2.73010679 14.69849297 2.39423940
v -2.53322309 14.69849297 2.53322309
v -2.31871443 14.69849297 2.64398708
v -2.09237865 14.69849297 2.72684095
v -1.86004227 14.69849297 2.78374998
v -1.62704588 14.69849297 2.81812612
v -1.39780445 14.69849297 2.83446702
v -1.17549069 14.69849297 2.83788557
v -0.96187258 14.69849297 2.83358525
v -0.75731610 14.69849297 2.82634217
v -0.56094333 14.69849297 2.82005257
v -0.37091705 14.69849297 2.81739469
v -0.18480886 14.69849297 2.81963838
v -0.00000000 14.69849297 2.82661643
v 0.18593705 14.69849297 2.83685116
v 0.37492144 14.69849297 2.84781104
v 0.56814503 14.69849297 2.85625793
v 0.76596934 14.69849297 2.85863651
v 0.96793899 14.69849297 2.85145632
v 1.17289601 14.69849297 2.83162145
v 1.37916693 14.69849297 2.79667387
v 1.58478663 14.69849297 2.74493096
v 1.78772124 14.69849297 2.67551391
v 1.98605638 14.69849297 2.58827906
v 2.17812582 14.69849297 2.48367649
v 2.36256797 14.69849297 2.36256797
v 2.53831051 14.69849297 2.22603857
v 2.70449632 14.69849297 2.07523301
v 2.86037268 14.69849297 1.91123992
v 3.00517134 14.69849297 1.73503648
v 3.13800689 14.69849297 1.54749375
v 3.25781637 14.69849297 1.34943172
v 3.36335456 14.69849297 1.14170503
v 3.45324864 14.69849297 0.92529518
v 3.52610445 14.69849297 0.70138578
v 3.58064698 14.69849297 0.47140112
v 3.61587091 14.69849297 0.23699670
v 3.63564574 15.20533756 0.00000000
v 3.62941489 15.20533756 -0.23788442
v 3.60369641 15.20533756 -0.47443563
v 3.55947442 15.20533756 -0.70802348
v 3.49810816 15.20533756 -0.93731526
v 3.42117443 15.20533756 -1.16133223
v 3.33028372 15.20533756 -1.37944868
v 3.22689808 15.20533756 -1.59133003
v 3.11217916 15.20533756 -1.79681748
v 2.98689031 15.20533756 -1.99577630
v 2.85136881 15.20533756 -2.18793224
v 2.70557300 15.20533756 -2.37272384
v 2.54919739 15.20533756 -2.54919739
v 2.38183788 15.20533756 -2.71596557
v 2.20318121 15.20533756 -2.87124165
v 2.01318832 15.20533756 -3.01294925
v 1.81224235 15.20533756 -3.13889583
v 1.60123695 15.20533756 -3.24698733
v 1.38159018 15.20533756 -3.33545376
v 1.15518082 15.20533756 -3.40305296
v 0.92421607 15.20533756 -3.44922133
v 0.69105093 15.20533756 -3.47414764
v 0.45798700 15.20533756 -3.47875667
v 0.22708205 15.20533756 -3.46460257
v 0.00000000 15.20533756 -3.43368546
v -0.22207542 15.20533756 -3.38821611
v -0.43845048 15.20533756 -3.33036200
v -0.64885430 15.20533756 -3.26201085
v -0.85330715 15.20533756 -3.18458565
v -1.05194750 15.20533756 -3.09893739
v -1.24484851 15.20533756 -3.00533016
v -1.43185712 15.20533756 -2.90351901
v -1.61248554 15.20533756 -2.79290688
v -1.78587729 15.20533756 -2.67275425
v -1.95085748 15.20533756 -2.54240697
v -2.10606308 15.20533756 -2.40150467
v -2.25013478 15.20533756 -2.25013478
v -2.38194045 15.20533756 -2.08890571
v -2.50079261 15.20533756 -1.91892566
v -2.60662088 15.20533756 -1.74168839
v -2.70006474 15.20533756 -1.55888311
v -2.78246216 15.20533756 -1.37215848
v -2.85572438 15.20533756 -1.18287977
v -2.92210429 15.20533756 -0.99192075
v -2.98388253 15.20533756 -0.79952891
v -3.04300998 15.20533756 -0.60529232
v -3.10075458 15.20533756 -0.40822209
v -3.15740311 15.20533756 -0.20694713
v -3.21206443 15.20533756 -0.00000000
v -3.26260938 15.20533756 0.21384272
v -3.30576567 15.20533756 0.43521231
v -3.33736635 15.20533756 0.66384344
v -3.35272968 15.20533756 0.89836121
v -3.34712977 15.20533756 1.13619746
v -3.31630416 15.20533756 1.37365816
v -3.25693752 15.20533756 1.60614384
v -3.16706230 15.20533756 1.82850427
v -3.04632593 15.20533756 2.03548991
v -2.89609028 15.20533756 2.22224823
v -2.71934930 15.20533756 2.38480533
v -2.52047348 15.20533756 2.52047348
v -2.30481091 15.20533756 2.62813315
v -2.07819232 15.20533756 2.70835296
v -1.84639861 15.20533756 2.76333080
v -1.61465322 15.20533756 2.79666142
v -1.38719694 15.20533756 2.81295713
v -1.16699127 15.20533756 2.81736615
v -0.95557909 15.20533756 2.81504521
v -0.75311070 15.20533756 2.81064740
v -0.55852268 15.20533756 2.80788313
v -0.36983838 15.20533756 2.80920143
v -0.18454565 15.20533756 2.81562245
v -0.00000000 15.20533756 2.82673242
v 0.18619795 15.20533756 2.84083174
v 0.37589539 15.20533756 2.85520896
v 0.57018213 15.20533756 2.86649912
v 0.76930297 15.20533756 2.87107778
v 0.97268608 15.20533756 2.86544079
v 1.17906973 15.20533756 2.84652614
v 1.38669798 15.20533756 2.81194533
v 1.59354849 15.20533756 2.76010695
v 1.79755493 15.20533756 2.69023107
v 1.99679088 15.20533756 2.60226854
v 2.18959171 15.20533756 2.49675083
v 2.37460320 15.20533756 2.37460320
v 2.55075908 15.20533756 2.23695567
v 2.71720169 15.20533756 2.08498219
v 2.87316890 15.20533756 1.91979008
v 3.01787493 15.20533756 1.74237091
v 3.15041253 15.20533756 1.55361153
v 3.26969832 15.20533756 1.35435339
v 3.37447476 15.20533756 1.14547983
v 3.46337097 15.20533756 0.92800745
v 3.53501334 15.20533756 0.70315787
v 3.58816766 15.20533756 0.47239123
v 3.62188799 15.20533756 0.23739108
v 3.63940756 15.71218214 0.00000000
v 3.63168569 15.71218214 -0.23803326
v 3.60460564 15.71218214 -0.47455534
v 3.55921359 15.71218214 -0.70797160
v 3.49691042 15.71218214 -0.93699432
v 3.41928930 15.71218214 -1.16069231
v 3.32795060 15.71218214 -1.37848227
v 3.22432221 15.71218214 -1.59005975
v 3.10951349 15.71218214 -1.79527845
v 2.98422596 15.71218214 -1.99399604
v 2.84873524 15.71218214 -2.18591143
v 2.70294778 15.71218214 -2.37042158
v 2.54652380 15.71218214 -2.54652380
v 2.37904747 15.71218214 -2.71278372
v 2.20021746 15.71218214 -2.86737922
v 2.01002765 15.71218214 -3.00821896
v 1.80890885 15.71218214 -3.13312203
v 1.59780849 15.71218214 -3.24003509
v 1.37819467 15.71218214 -3.32725625
v 1.15198310 15.71218214 -3.39363279
v 0.92139751 15.71218214 -3.43870231
v 0.68878474 15.71218214 -3.46275473
v 0.45641331 15.71218214 -3.46680328
v 0.22628661 15.71218214 -3.45246654
v 0.00000000 15.71218214 -3.42177628
v -0.22133619 15.71218214 -3.37693769
v -0.43709624 15.71218214 -3.32007558
v -0.64706254 15.71218214 -3.25300307
v -0.85128684 15.71218214 -3.17704574
v -1.04991384 15.71218214 -3.09294642
v -1.24299832 15.71218214 -3.00086339
v -1.43034886 15.71218214 -2.90046055
v -1.61142737 15.71218214 -2.79107407
v -1.78532509 15.71218214 -2.67192781
v -1.95082316 15.71218214 -2.54236224
v -2.10653173 15.71218214 -2.40203908
v -2.25108753 15.71218214 -2.25108753
v -2.38337872 15.71218214 -2.09016704
v -2.50275914 15.71218214 -1.92043464
v -2.60921285 15.71218214 -1.74342029
v -2.70343557 15.71218214 -1.56082925
v -2.78681008 15.71218214 -1.37430264
v -2.86126810 15.71218214 -1.18517605
v -2.92904795 15.71218214 -0.99427780
v -2.99237438 15.71218214 -0.80180430
v -3.05310047 15.71218214 -0.60729944
v -3.11236017 15.71218214 -0.40974999
v -3.17028201 15.71218214 -0.20779126
v -3.22580912 15.71218214 -0.00000000
v -3.27665883 15.71218214 0.21476357
v -3.31943787 15.71218214 0.43701229
v -3.34990889 15.71218214 0.66633831
v -3.36338355 15.71218214 0.90121591
v -3.35519971 15.71218214 1.13893683
v -3.32122754 15.71218214 1.37569749
v -3.25834368 15.71218214 1.60683728
v -3.16481496 15.71218214 1.82720677
v -3.04054328 15.71218214 2.03162607
v -2.88713983 15.71218214 2.21538031
v -2.70781750 15.71218214 2.37469221
v -2.50711328 15.71218214 2.50711328
v -2.29047289 15.71218214 2.61178377
v -2.06374692 15.71218214 2.68952735
v -1.83265818 15.71218214 2.74276679
v -1.60230212 15.71218214 2.77526869
v -1.37673720 15.71218214 2.79174688
v -1.15870892 15.71218214 2.79737079
v -0.94953387 15.71218214 2.79723657
v -0.74914896 15.71218214 2.79586199
v -0.55631053 15.71218214 2.79676191
v -0.36891002 15.71218214 2.80214980
v -0.18436022 15.71218214 2.81279348
v -0.00000000 15.71218214 2.82803358
v 0.18653361 15.71218214 2.84595290
v 0.37700890 15.71218214 2.86366687
v 0.57240858 15.71218214 2.87769228
v 0.77285785 15.71218214 2.88434477
v 0.97766747 15.71218214 2.88011551
v 1.18547275 15.71218214 2.86198439
v 1.39443723 15.71218214 2.82763898
v 1.60248401 15.71218214 2.77558373
v 1.80751710 15.71218214 2.70514051
v 2.00760057 15.71218214 2.61635600
v 2.20107336 15.71218214 2.50984314
v 2.38659006 15.71218214 2.38659006
v 2.56309134 15.71218214 2.24777078
v 2.72971967 15.71218214 2.09458757
v 2.88570413 15.71218214 1.92816585
v 3.03024245 15.71218214 1.74951129
v 3.16240705 15.71218214 1.55952657
v 3.28109635 15.71218214 1.35907461
v 3.38504330 15.71218214 1.14906736
v 3.47288213 15.71218214 0.93055596
v 3.54326305 15.71218214 0.70479884
v 3.59499555 15.71218214 0.47329014
v 3.62719520 15.71218214 0.23773893
v 3.64245631 16.21902673 0.00000000
v 3.63326577 16.21902673 -0.23813682
v 3.60486148 16.21902673 -0.47458902
v 3.55834856 16.21902673 -0.70779954
v 3.49516547 16.21902673 -0.93652677
v 3.41691735 16.21902673 -1.15988715
v 3.32519011 16.21902673 -1.37733884
v 3.22137378 16.21902673 -1.58860574
v 3.10652281 16.21902673 -1.79355178
v 2.98127554 16.21902673 -1.99202463
v 2.84584600 16.21902673 -2.18369444
v 2.70009007 16.21902673 -2.36791544
v 2.54363593 16.21902673 -2.54363593
v 2.37605871 16.21902673 -2.70937569
v 2.19707172 16.21902673 -2.86327962
v 2.00670393 16.21902673 -3.00324466
v 1.80543506 16.21902673 -3.12710525
v 1.59426635 16.21902673 -3.23285235
v 1.37471477 16.21902673 -3.31885504
v 1.14873076 16.21902673 -3.38405169
v 0.91855158 16.21902673 -3.42808117
v 0.68651277 16.21902673 -3.45133277
v 0.45484684 16.21902673 -3.45490475
v 0.22550066 16.21902673 -3.44047518
v 0.00000000 16.21902673 -3.41010171
v -0.22061784 16.21902673 -3.36597780
v -0.43579346 16.21902673 -3.31017994
v -0.64535964 16.21902673 -3.24444199
v -0.84939601 16.21902673 -3.16998906
v -1.04804961 16.21902673 -3.08745460
v -1.24135321 16.21902673 -2.99689177
v -1.42907416 16.21902673 -2.89787574
v -1.61062229 16.21902673 -2.78967964
v -1.78503604 16.21902673 -2.67149523
v -1.95105329 16.21902673 -2.54266216
v -2.10725901 16.21902673 -2.40286838
v -2.25228809 16.21902673 -2.25228809
v -2.38505114 16.21902673 -2.09163372
v -2.50494485 16.21902673 -1.92211178
v -2.61200820 16.21902673 -1.74528808
v -2.70699234 16.21902673 -1.56288276
v -2.79132274 16.21902673 -1.37652804
v -2.86694821 16.21902673 -1.18752883
v -2.93608852 16.21902673 -0.99666775
v -3.00090848 16.21902673 -0.80409100
v -3.06316007 16.21902673 -0.60930042
v -3.12384149 16.21902673 -0.41126153
v -3.18292333 16.21902673 -0.20861982
v -3.23918582 16.21902673 -0.00000000
v -3.29019831 16.21902673 0.21565099
v -3.33245442 16.21902673 0.43872595
v -3.36165600 16.21902673 0.66867495
v -3.37311861 16.21902673 0.90382441
v -3.36225417 16.21902673 1.14133150
v -3.32507446 16.21902673 1.37729094
v -3.25865463 16.21902673 1.60699063
v -3.16149924 16.21902673 1.82529244
v -3.03376424 16.21902673 2.02709646
v -2.87730582 16.21902673 2.20783441
v -2.69554804 16.21902673 2.36393218
v -2.49318375 16.21902673 2.49318375
v -2.27574383 16.21902673 2.59498849
v -2.04908576 16.21902673 2.67042055
v -1.81886189 16.21902673 2.72211918
v -1.59002928 16.21902673 2.75401150
v -1.36645639 16.21902673 2.77089944
v -1.15066849 16.21902673 2.77795948
v -0.94375532 16.21902673 2.78021351
v -0.74544323 16.21902673 2.78203202
v -0.55431410 16.21902673 2.78672517
v -0.36813529 16.21902673 2.79626511
v -0.18425351 16.21902673 2.81116528
v -0.00000000 16.21902673 2.83052241
v 0.18694349 16.21902673 2.85220654
v 0.37825965 16.21902673 2.87316729
v 0.57481935 16.21902673 2.88981203
v 0.77662552 16.21902673 2.89840588
v 0.98287094 16.21902673 2.89544441
v 1.19208896 16.21902673 2.87795735
v 1.40236485 16.21902673 2.84371461
v 1.61156995 16.21902673 2.79132104
v 1.81758149 16.21902673 2.72020293
v 2.01845662 16.21902673 2.63050388
v 2.21253990 16.21902673 2.52291823
v 2.39849614 16.21902673 2.39849614
v 2.57527387 16.21902673 2.25845457
v 2.74201635 16.21902673 2.10402315
v 2.89794461 16.21902673 1.93634468
v 3.04224092 16.21902673 1.75643861
v 3.17395899 16.21902673 1.56522336
v 3.29198126 16.21902673 1.36358329
v 3.39503397 16.21902673 1.15245874
v 3.48175962 16.21902673 0.93293468
v 3.55083537 16.21902673 0.70630507
v 3.60111714 16.21902673 0.47409607
v 3.63178398 16.21902673 0.23803970
v 3.64479031 16.72587131 0.00000000
v 3.63415794 16.72587131 -0.23819530
v 3.60447072 16.72587131 -0.47453757
v 3.55688934 16.72587131 -0.70750928
v 3.49288572 16.72587131 -0.93591591
v 3.41407248 16.72587131 -1.15892144
v 3.32201679 16.72587131 -1.37602441
v 3.21806728 16.72587131 -1.58697516
v 3.10322103 16.72587131 -1.79164550
v 2.97805206 16.72587131 -1.98987077
v 2.84271308 16.72587131 -2.18129047
v 2.69701088 16.72587131 -2.36521506
v 2.54054397 16.72587131 -2.54054397
v 2.37288125 16.72587131 -2.70575249
v 2.19375334 16.72587131 -2.85895501
v 2.00322635 16.72587131 -2.99804010
v 1.80183006 16.72587131 -3.12086120
v 1.59061941 16.72587131 -3.22545709
v 1.37115895 16.72587131 -3.31027054
v 1.14543150 16.72587131 -3.37433240
v 0.91568491 16.72587131 -3.41738262
v 0.68424021 16.72587131 -3.43990783
v 0.45329109 16.72587131 -3.44308762
v 0.22472589 16.72587131 -3.42865450
v 0.00000000 16.72587131 -3.39868608
v -0.21992179 16.72587131 -3.35535804
v -0.43454447 16.72587131 -3.30069298
v -0.64374826 16.72587131 -3.23634105
v -0.84763693 16.72587131 -3.16342410
v -1.04635597 16.72587131 -3.08246529
v -1.23991254 16.72587131 -2.99341368
v -1.42803001 16.72587131 -2.89575841
v -1.61006451 16.72587131 -2.78871353
v -1.78500134 16.72587131 -2.67144330
v -1.95153600 16.72587131 -2.54329123
v -2.10823003 16.72587131 -2.40397561
v -2.25371873 16.72587131 -2.25371873
v -2.38693730 16.72587131 -2.09328783
v -2.50732675 16.72587131 -1.92393948
v -2.61498147 16.72587131 -1.74727476
v -2.71070714 16.72587131 -1.56502750
v -2.79596963 16.72587131 -1.37881964
v -2.87273156 16.72587131 -1.18992437
v -2.94319013 16.72587131 -0.99907842
v -3.00944635 16.72587131 -0.80637872
v -3.07314802 16.72587131 -0.61128715
v -3.13515604 16.72587131 -0.41275112
v -3.19528375 16.72587131 -0.20942996
v -3.25215168 16.72587131 -0.00000000
v -3.30318697 16.72587131 0.21650231
v -3.34477819 16.72587131 0.44034840
v -3.37257608 16.72587131 0.67084709
v -3.38191054 16.72587131 0.90618020
v -3.36827757 16.72587131 1.14337617
v -3.32783914 16.72587131 1.37843610
v -3.25787494 16.72587131 1.60660613
v -3.15712995 16.72587131 1.82276983
v -3.02601310 16.72587131 2.02191731
v -2.86662073 16.72587131 2.19963545
v -2.68257971 16.72587131 2.35255926
v -2.47872776 16.72587131 2.47872776
v -2.26066831 16.72587131 2.57779816
v -2.03425272 16.72587131 2.65108976
v -1.80505080 16.72587131 2.70144943
v -1.57787115 16.72587131 2.73295300
v -1.35638511 16.72587131 2.75047692
v -1.14289412 16.72587131 2.75919049
v -0.93826104 16.72587131 2.76402788
v -0.74200511 16.72587131 2.76920077
v -0.55253996 16.72587131 2.77780594
v -0.36751705 16.72587131 2.79156911
v -0.18422616 16.72587131 2.81074802
v -0.00000000 16.72587131 2.83419776
v 0.18742684 16.72587131 2.85958103
v 0.37964491 16.72587131 2.88368939
v 0.57740878 16.72587131 2.90282996
v 0.78059679 16.72587131 2.91322690
v 0.98828346 16.72587131 2.91138918
v 1.19890150 16.72587131 2.89440427
v 1.41046030 16.72587131 2.86013056
v 1.62078243 16.72587131 2.80727751
v 1.82772133 16.72587131 2.73537827
v 2.02932988 16.72587131 2.64467419
v 2.22396030 16.72587131 2.53594070
v 2.41028905 16.72587131 2.41028905
v 2.58727349 16.72587131 2.26897795
v 2.75405832 16.72587131 2.11326328
v 2.90985731 16.72587131 1.94430449
v 3.05383835 16.72587131 1.76313439
v 3.18503810 16.72587131 1.57068697
v 3.30232527 16.72587131 1.36786792
v 3.40442219 16.72587131 1.15564561
v 3.48998271 16.72587131 0.93513805
v 3.55771398 16.72587131 0.70767331
v 3.60652093 16.72587131 0.47480749
v 3.63564774 16.72587131 0.23829294
v 3.64640978 17.23271590 0.00000000
v 3.63436688 17.23271590 -0.23820899
v 3.60344184 17.23271590 -0.47440212
v 3.55484745 17.23271590 -0.70710312
v 3.49008485 17.23271590 -0.93516542
v 3.41076963 17.23271590 -1.15780028
v 3.31844607 17.23271590 -1.37454537
v 3.21441792 17.23271590 -1.58517549
v 3.09962261 17.23271590 -1.78956795
v 2.97456894 17.23271590 -1.98754343
v 2.83934878 17.23271590 -2.17870895
v 2.69372147 17.23271590 -2.36233033
v 2.53725838 17.23271590 -2.53725838
v 2.36952496 17.23271590 -2.70192538
v 2.19027183 17.23271590 -2.85441782
v 1.99960426 17.23271590 -2.99261926
v 1.79810305 17.23271590 -3.11440583
v 1.58687664 17.23271590 -3.21786750
v 1.36753570 17.23271590 -3.30152324
v 1.14209305 17.23271590 -3.36449763
v 0.91280406 17.23271590 -3.40663114
v 0.68197215 17.23271590 -3.42850555
v 0.45174946 17.23271590 -3.43137778
v 0.22396395 17.23271590 -3.41702960
v 0.00000000 17.23271590 -3.38755260
v -0.21924935 17.23271590 -3.34509864
v -0.43335144 17.23271590 -3.29163099
v -0.64223073 17.23271590 -3.22871192
v -0.84601139 17.23271590 -3.15735747
v -1.04483340 17.23271590 -3.07797995
v -1.23867486 17.23271590 -2.99042564
v -1.42721248 17.23271590 -2.89410062
v -1.60974725 17.23271590 -2.78816402
v -1.78521117 17.23271590 -2.67175733
v -1.95225838 17.23271590 -2.54423266
v -2.10942892 17.23271590 -2.40534268
v -2.25536078 17.23271590 -2.25536078
v -2.38901590 17.23271590 -2.09511071
v -2.50988112 17.23271590 -1.92589952
v -2.61810658 17.23271590 -1.74936289
v -2.71455151 17.23271590 -1.56724704
v -2.80071990 17.23271590 -1.38116221
v -2.87858478 17.23271590 -1.19234885
v -2.95031693 17.23271590 -1.00149765
v -3.01794977 17.23271590 -0.80865720
v -3.08302404 17.23271590 -0.61325161
v -3.14626216 17.23271590 -0.41421327
v -3.20732118 17.23271590 -0.21021894
v -3.26466546 17.23271590 -0.00000000
v -3.31558595 17.23271590 0.21731498
v -3.35637443 17.23271590 0.44187508
v -3.38264027 17.23271590 0.67284898
v -3.38973800 17.23271590 0.90827756
v -3.37325753 17.23271590 1.14506663
v -3.32951909 17.23271590 1.37913196
v -3.25601242 17.23271590 1.60568763
v -3.15172500 17.23271590 1.81964927
v -3.01731703 17.23271590 2.01610678
v -2.85511950 17.23271590 2.19081025
v -2.66895331 17.23271590 2.34060924
v -2.46378969 17.23271590 2.46378969
v -2.24529188 17.23271590 2.56026469
v -2.01929217 17.23271590 2.63159278
v -1.79126599 17.23271590 2.68081901
v -1.56586384 17.23271590 2.71215573
v -1.34655337 17.23271590 2.73054013
v -1.13540915 17.23271590 2.74112016
v -0.93306778 17.23271590 2.74872905
v -0.73884539 17.23271590 2.75740852
v -0.55099400 17.23271590 2.77003392
v -0.36705770 17.23271590 2.78808001
v -0.18427860 17.23271590 2.81154818
v -0.00000000 17.23271590 2.83905482
v 0.18798266 17.23271590 2.86806123
v 0.38116151 17.23271590 2.89520912
v 0.58017064 17.23271590 2.91671475
v 0.78476183 17.23271590 2.92877101
v 0.99389131 17.23271590 2.92790937
v 1.20589277 17.23271590 2.91128268
v 1.41870237 17.23271590 2.87684381
v 1.63009699 17.23271590 2.82341081
v 1.83790941 17.23271590 2.75062582
v 2.04019091 17.23271590 2.65882856
v 2.23530345 17.23271590 2.54887507
v 2.42193655 17.23271590 2.42193655
v 2.59905735 17.23271590 2.27931212
v 2.76581276 17.23271590 2.12228277
v 2.92141001 17.23271590 1.95202376
v 3.06500380 17.23271590 1.76958077
v 3.19561540 17.23271590 1.57590312
v 3.31210210 17.23271590 1.37191761
v 3.41318506 17.23271590 1.15862021
v 3.49753252 17.23271590 0.93716101
v 3.56388452 17.23271590 0.70890071
v 3.61119738 17.23271590 0.47542315
v 3.63878193 17.23271590 0.23849837
v 3.64731692 17.73956049 0.00000000
v 3.63389906 17.73956049 -0.23817833
v 3.60178498 17.73956049 -0.47418399
v 3.55223587 17.73956049 -0.70658365
v 3.48677778 17.73956049 -0.93427929
v 3.40702482 17.73956049 -1.15652908
v 3.31449419 17.73956049 -1.37290844
v 3.21044150 17.73956049 -1.58321454
v 3.09574246 17.73956049 -1.78732774
v 2.97083997 17.73956049 -1.98505180
v 2.83576568 17.73956049 -2.17595954
v 2.69023335 17.73956049 -2.35927133
v 2.53378977 17.73956049 -2.53378977
v 2.36599986 17.73956049 -2.69790578
v 2.18663685 17.73956049 -2.84968063
v 1.99584712 17.73956049 -2.98699630
v 1.79426332 17.73956049 -3.10775523
v 1.58304704 17.73956049 -3.21010184
v 1.36385352 17.73956049 -3.29263367
v 1.13872305 17.73956049 -3.35456995
v 0.90991552 17.73956049 -3.39585096
v 0.67971360 17.73956049 -3.41715104
v 0.45022526 17.73956049 -3.41980038
v 0.22321643 17.73956049 -3.40562457
v 0.00000000 17.73956049 -3.37672320
v -0.21860176 17.73956049 -3.33521834
v -0.43221628 17.73956049 -3.28300861
v -0.64080901 17.73956049 -3.22156446
v -0.84452064 17.73956049 -3.15179392
v -1.04348177 17.73956049 -3.07399816
v -1.23763794 17.73956049 -2.98792230
v -1.42661677 17.73956049 -2.89289263
v -1.60966278 17.73956049 -2.78801772
v -1.78565473 17.73956049 -2.67242117
v -1.95320657 17.73956049 -2.54546836
v -2.11083886 17.73956049 -2.40695041
v -2.25719468 17.73956049 -2.25719468
v -2.39126487 17.73956049 -2.09708301
v -2.51258353 17.73956049 -1.92797315
v -2.62135684 17.73956049 -1.75153464
v -2.71849653 17.73956049 -1.56952471
v -2.80554236 17.73956049 -1.38354038
v -2.88447440 17.73956049 -1.19478842
v -2.95743315 17.73956049 -1.00391328
v -3.02638084 17.73956049 -0.81091630
v -3.09274851 17.73956049 -0.61518593
v -3.15711916 17.73956049 -0.41564262
v -3.21899485 17.73956049 -0.21098407
v -3.27668758 17.73956049 -0.00000000
v -3.32735846 17.73956049 0.21808660
v -3.36721083 17.73956049 0.44330172
v -3.39182248 17.73956049 0.67467544
v -3.39658275 17.73956049 0.91011160
v -3.37718488 17.73956049 1.14639979
v -3.33011511 17.73956049 1.37937884
v -3.25307812 17.73956049 1.60424060
v -3.14530535 17.73956049 1.81594289
v -3.00770592 17.73956049 2.00968485
v -2.84283944 17.73956049 2.18138743
v -2.65471152 17.73956049 2.32811952
v -2.44841529 17.73956049 2.44841529
v -2.22966091 17.73956049 2.54244100
v -2.00424879 17.73956049 2.61198788
v -1.77754842 17.73956049 2.66028921
v -1.55404298 17.73956049 2.69168141
v -1.33699043 17.73956049 2.71114840
v -1.12823604 17.73956049 2.72380274
v -0.92819141 17.73956049 2.73436372
v -0.73597403 17.73956049 2.74669246
v -0.54968146 17.73956049 2.76343531
v -0.36675915 17.73956049 2.78581233
v -0.18441102 17.73956049 2.81356851
v -0.00000000 17.73956049 2.84508510
v 0.18860974 17.73956049 2.87762853
v 0.38280586 17.73956049 2.90769919
v 0.58309812 17.73956049 2.93143220
v 0.78911010 17.73956049 2.94499897
v 0.99968005 17.73956049 2.94496245
v 1.21304450 17.73956049 2.92854849
v 1.42706922 17.73956049 2.89381011
v 1.63948870 17.73956049 2.83967773
v 1.84811820 17.73956049 2.76590435
v 2.05101013 17.73956049 2.67292844
v 2.24653825 17.73956049 2.56168591
v 2.43340663 17.73956049 2.43340663
v 2.61059310 17.73956049 2.28942871
v 2.77724751 17.73956049 2.13105697
v 2.93257142 17.73956049 1.95948158
v 3.07570748 17.73956049 1.77576054
v 3.20566332 17.73956049 1.58085820
v 3.32128705 17.73956049 1.37572214
v 3.42130145 17.73956049 1.16137535
v 3.50439208 17.73956049 0.93899903
v 3.56933463 17.73956049 0.70998480
v 3.61513903 17.73956049 0.47594208
v 3.64118400 17.73956049 0.23865581
v -0.05958840 -17.73956049 -0.07570009
v 0.07902697 17.73956049 -0.05510008
f 97 98 1
f 98 2 1
f 98 99 2
f 99 3 2
f 99 100 3
f 100 4 3
f 100 101 4
f 101 5 4
f 101 102 5
f 102 6 5
f 102 103 6
f 103 7 6
f 103 104 7
f 104 8 7
f 104 105 8
f 105 9 8
f 105 106 9
f 106 10 9
f 106 107 10
f 107 11 10
f 107 108 11
f 108 12 11
f 108 109 12
f 109 13 12
f 109 110 13
f 110 14 13
f 110 111 14
f 111 15 14
f 111 112 15
f 112 16 15
f 112 113 16
f 113 17 16
f 113 114 17
f 114 18 17
f 114 115 18
f 115 19 18
f 115 116 19
f 116 20 19
f 116 117 20
f 117 21 20
f 117 118 21
f 118 22 21
f 118 119 22
f 119 23 22
f 119 120 23
f 120 24 23
f 120 121 24
f 121 25 24
f 121 122 25
f 122 26 25
f 122 123 26
f 123 27 26
f 123 124 27
f 124 28 27
f 124 125 28
f 125 29 28
f 125 126 29
f 126 30 29
f 126 127 30
f 127 31 30
f 127 128 31
f 128 32 31
f 128 129 32
f 129 33 32
f 129 130 33
f 130 34 33
f 130 131 34
f 131 35 34
f 131 132 35
f 132 36 35
f 132 133 36
f 133 37 36
f 133 134 37
f 134 38 37
f 134 135 38
f 135 39 38
f 135 136 39
f 136 40 39
f 136 137 40
f 137 41 40
f 137 138 41
f 138 42 41
f 138 139 42
f 139 43 42
f 139 140 43
f 140 44 43
f 140 141 44
f 141 45 44
f 141 142 45
f 142 46 45
f 142 143 46
f 143 47 46
f 143 144 47
f 144 48 47
f 144 145 48
f 145 49 48
f 145 146 49
f 146 50 49
f 146 147 50
f 147 51 50
f 147 148 51
f 148 52 51
f 148 149 52
f 149 53 52
f 149 150 53
f 150 54 53
f 150 151 54
f 151 55 54
f 151 152 55
f 152 56 55
f 152 153 56
f 153 57 56
f 153 154 57
f 154 58 57
f 154 155 58
f 155 59 58
f 155 156 59
f 156 60 59
f 156 157 60
f 157 61 60
f 157 158 61
f 158 62 61
f 158 159 62
f 159 63 62
f 159 160 63
f 160 64 63
f 160 161 64
f 161 65 64
f 161 162 65
f 162 66 65
f 162 163 66
f 163 67 66
f 163 164 67
f 164 68 67
f 164 165 68
f 165 69 68
f 165 166 69
f 166 70 69
f 166 167 70
f 167 71 70
f 167 168 71
f 168 72 71
f 168 169 72
f 169 73 72
f 169 170 73
f 170 74 73
f 170 171 74
f 171 75 74
f 171 172 75
f 172 76 75
f 172 173 76
f 173 77 76
f 173 174 77
f 174 78 77
f 174 175 78
f 175 79 78
f 175 176 79
f 176 80 79
f 176 177 80
f 177 81 80
f 177 178 81
f 178 82 81
f 178 179 82
f 179 83 82
f 179 180 83
f 180 84 83
f 180 181 84
f 181 85 84
f 181 182 85
f 182 86 85
f 182 183 86
f 183 87 86
f 183 184 87
f 184 88 87
f 184 185 88
f 185 89 88
f 185 186 89
f 186 90 89
f 186 187 90
f 187 91 90
f 187 188 91
f 188 92 91
f 188 189 92
f 189 93 92
f 189 190 93
f 190 94 93
f 190 191 94
f 191 95 94
f 191 192 95
f 192 96 95
f 192 97 96
f 97 1 96
f 193 194 97
f 194 98 97
f 194 195 98
f 195 99 98
f 195 196 99
f 196 100 99
f 196 197 100
f 197 101 100
f 197 198 101
f 198 102 101
f 198 199 102
f 199 103 102
f 199 200 103
f 200 104 103
f 200 201 104
f 201 105 104
f 201 202 105
f 202 106 105
f 202 203 106
f 203 107 106
f 203 204 107
f 204 108 107
f 204 205 108
f 205 109 108
f 205 206 109
f 206 110 109
f 206 207 110
f 207 111 110
f 207 208 111
f 208 112 111
f 208 209 112
f 209 113 112
f 209 210 113
f 210 114 113
f 210 211 114
f 211 115 114
f 211 212 115
f 212 116 115
f 212 213 116
f 213 117 116
f 213 214 117
f 214 118 117
f 214 215 118
f 215 119 118
f 215 216 119
f 216 120 119
f 216 217 120
f 217 121 120
f 217 218 121
f 218 122 121
f 218 219 122
f 219 123 122
f 219 220 123
f 220 124 123
f 220 221 124
f 221 125 124
f 221 222 125
f 222 126 125
f 222 223 126
f 223 127 126
f 223 224 127
f 224 128 127
f 224 225 128
f 225 129 128
f 225 226 129
f 226 130 129
f 226 227 130
f 227 131 130
f 227 228 131
f 228 132 131
f 228 229 132
f 229 133 132
f 229 230 133
f 230 134 133
f 230 231 134
f 231 135 134
f 231 232 135
f 232 136 135
f 232 233 136
f 233 137 136
f 233 234 137
f 234 138 137
f 234 235 138
f 235 139 138
f 235 236 139
f 236 140 139
f 236 237 140
f 237 141 140
f 237 238 141
f 238 142 141
f 238 239 142
f 239 143 142
f 239 240 143
f 240 144 143
f 240 241 144
f 241 145 144
f 241 242 145
f 242 146 145
f 242 243 146
f 243 147 146
f 243 244 147
f 244 148 147
f 244 245 148
f 245 149 148
f 245 246 149
f 246 150 149
f 246 247 150
f 247 151 150
f 247 248 151
f 248 152 151
f 248 249 152
f 249 153 152
f 249 250 153
f 250 154 153
f 250 251 154
f 251 155 154
f 251 252 155
f 252 156 155
f 252 253 156
f 253 157 156
f 253 254 157
f 254 158 157
f 254 255 158
f 255 159 158
f 255 256 159
f 256 160 159
f 256 257 160
f 257 161 160
f 257 258 161
f 258 162 161
f 258 259 162
f 259 163 162
f 259 260 163
f 260 164 163
f 260 261 164
f 261 165 164
f 261 262 165
f 262 166 165
f 262 263 166
f 263 167 166
f 263 264 167
f 264 168 167
f 264 265 168
f 265 169 168
f 265 266 169
f 266 170 169
f 266 267 170
f 267 171 170
f 267 268 171
f 268 172 171
f 268 269 172
f 269 173 172
f 269 270 173
f 270 174 173
f 270 271 174
f 271 175 174
f 271 272 175
f 272 176 175
f 272 273 176
f 273 177 176
f 273 274 177
f 274 178 177
f 274 275 178
f 275 179 178
f 275 276 179
f 276 180 179
f 276 277 180
f 277 181 180
f 277 278 181
f 278 182 181
f 278 279 182
f 279 183 182
f 279 280 183
f 280 184 183
f 280 281 184
f 281 185 184
f 281 282 185
f 282 186 185
f 282 283 186
f 283 187 186
f 283 284 187
f 284 188 187
f 284 285 188
f 285 189 188
f 285 286 189
f 286 190 189
f 286 287 190
f 287 191 190
f 287 288 191
f 288 192 191
f 288 193 192
f 193 97 192
f 289 290 193
f 290 194 193
f 290 291 194
f 291 195 194
f 291 292 195
f 292 196 195
f 292 293 196
f 293 197 196
f 293 294 197
f 294 198 197
f 294 295 198
f 295 199 198
f 295 296 199
f 296 200 199
f 296 297 200
f 297 201 200
f 297 298 201
f 298 202 201
f 298 299 202
f 299 203 202
f 299 300 203
f 300 204 203
f 300 301 204
f 301 205 204
f 301 302 205
f 302 206 205
f 302 303 206
f 303 207 206
f 303 304 207
f 304 208 207
f 304 305 208
f 305 209 208
f 305 306 209
f 306 210 209
f 306 307 210
f 307 211 210
f 307 308 211
f 308 212 211
f 308 309 212
f 309 213 212
f 309 310 213
f 310 214 213
f 310 311 214
f 311 215 214
f 311 312 215
f 312 216 215
f 312 313 216
f 313 217 216
f 313 314 217
f 314 218 217
f 314 315 218
f 315 219 218
f 315 316 219
f 316 220 219
f 316 317 220
f 317 221 220
f 317 318 221
f 318 222 221
f 318 319 222
f 319 223 222
f 319 320 223
f 320 224 223
f 320 321 224
f 321 225 224
f 321 322 225
f 322 226 225
f 322 323 226
f 323 227 226
f 323 324 227
f 324 228 227
f 324 325 228
f 325 229 228
f 325 326 229
f 326 230 229
f 326 327 230
f 327 231 230
f 327 328 231
f 328 232 231
f 328 329 232
f 329 233 232
f 329 330 233
f 330 234 233
f 330 331 234
f 331 235 234
f 331 332 235
f 332 236 235
f 332 333 236
f 333 237 236
f 333 334 237
f 334 238 237
f 334 335 238
f 335 239 238
f 335 336 239
f 336 240 239
f 336 337 240
f 337 241 240
f 337 338 241
f 338 242 241
f 338 339 242
f 339 243 242
f 339 340 243
f 340 244 243
f 340 341 244
f 341 245 244
f 341 342 245
f 342 246 245
f 342 343 246
f 343 247 246
f 343 344 247
f 344 248 247
f 344 345 248
f 345 249 248
f 345 346 249
f 346 250 249
f 346 347 250
f 347 251 250
f 347 348 251
f 348 252 251
f 348 349 252
f 349 253 252
f 349 350 253
f 350 254 253
f 350 351 254
f 351 255 254
f 351 352 255
f 352 256 255
f 352 353 256
f 353 257 256
f 353 354 257
f 354 258 257
f 354 355 258
f 355 259 258
f 355 356 259
f 356 260 259
f 356 357 260
f 357 261 260
f 357 358 261
f 358 262 261
f 358 359 262
f 359 263 262
f 359 360 263
f 360 264 263
f 360 361 264
f 361 265 264
f 361 362 265
f 362 266 265
f 362 363 266
f 363 267 266
f 363 364 267
f 364 268 267
f 364 365 268
f 365 269 268
f 365 366 269
f 366 270 269
f 366 367 270
f 367 271 270
f 367 368 271
f 368 272 271
f 368 369 272
f 369 273 272
f 369 370 273
f 370 274 273
f 370 371 274
f 371 275 274
f 371 372 275
f 372 276 275
f 372 373 276
f 373 277 276
f 373 374 277
f 374 278 277
f 374 375 278
f 375 279 278
f 375 376 279
f 376 280 279
f 376 377 280
f 377 281 280
f 377 378 281
f 378 282 281
f 378 379 282
f 379 283 282
f 379 380 283
f 380 284 283
f 380 381 284
f 381 285 284
f 381 382 285
f 382 286 285
f 382 383 286
f 383 287 286
f 383 384 287
f 384 288 287
f 384 289 288
f 289 193 288
f 385 386 289
f 386 290 289
f 386 387 290
f 387 291 290
f 387 388 291
f 388 292 291
f 388 389 292
f 389 293 292
f 389 390 293
f 390 294 293
f 390 391 294
f 391 295 294
f 391 392 295
f 392 296 295
f 392 393 296
f 393 297 296
f 393 394 297
f 394 298 297
f 394 395 298
f 395 299 298
f 395 396 299
f 396 300 299
f 396 397 300
f 397 301 300
f 397 398 301
f 398 302 301
f 398 399 302
f 399 303 302
f 399 400 303
f 400 304 303
f 400 401 304
f 401 305 304
f 401 402 305
f 402 306 305
f 402 403 306
f 403 307 306
f 403 404 307
f 404 308 307
f 404 405 308
f 405 309 308
f 405 406 309
f 406 310 309
f 406 407 310
f 407 311 310
f 407 408 311
f 408 312 311
f 408 409 312
f 409 313 312
f 409 410 313
f 410 314 313
f 410 411 314
f 411 315 314
f 411 412 315
f 412 316 315
f 412 413 316
f 413 317 316
f 413 414 317
f 414 318 317
f 414 415 318
f 415 319 318
f 415 416 319
f 416 320 319
f 416 417 320
f 417 321 320
f 417 418 321
f 418 322 321
f 418 419 322
f 419 323 322
f 419 420 323
f 420 324 323
f 420 421 324
f 421 325 324
f 421 422 325
f 422 326 325
f 422 423 326
f 423 327 326
f 423 424 327
f 424 328 327
f 424 425 328
f 425 329 328
f 425 426 329
f 426 330 329
f 426 427 330
f 427 331 330
f 427 428 331
f 428 332 331
f 428 429 332
f 429 333 332
f 429 430 333
f 430 334 333
f 430 431 334
f 431 335 334
f 431 432 335
f 432 336 335
f 432 433 336
f 433 337 336
f 433 434 337
f 434 338 337
f 434 435 338
f 435 339 338
f 435 436 339
f 436 340 339
f 436 437 340
f 437 341 340
f 437 438 341
f 438 342 341
f 438 439 342
f 439 343 342
f 439 440 343
f 440 344 343
f 440 441 344
f 441 345 344
f 441 442 345
f 442 346 345
f 442 443 346
f 443 347 346
f 443 444 347
f 444 348 347
f 444 445 348
f 445 349 348
f 445 446 349
f 446 350 349
f 446 447 350
f 447 351 350
f 447 448 351
f 448 352 351
f 448 449 352
f 449 353 352
f 449 450 353
f 450 354 353
f 450 451 354
f 451 355 354
f 451 452 355
f 452 356 355
f 452 453 356
f 453 357 356
f 453 454 357
f 454 358 357
f 454 455 358
f 455 359 358
f 455 456 359
f 456 360 359
f 456 457 360
f 457 361 360
f 457 458 361
f 458 362 361
f 458 459 362
f 459 363 362
f 459 460 363
f 460 364 363
f 460 461 364
f 461 365 364
f 461 462 365
f 462 366 365
f 462 463 366
f 463 367 366
f 463 464 367
f 464 368 367
f 464 465 368
f 465 369 368
f 465 466 369
f 466 370 369
f 466 467 370
f 467 371 370
f 467 468 371
f 468 372 371
f 468 469 372
f 469 373 372
f 469 470 373
f 470 374 373
f 470 471 374
f 471 375 374
f 471 472 375
f 472 376 375
f 472 473 376
f 473 377 376
f 473 474 377
f 474 378 377
f 474 475 378
f 475 379 378
f 475 476 379
f 476 380 379
f 476 477 380
f 477 381 380
f 477 478 381
f 478 382 381
f 478 479 382
f 479 383 382
f 479 480 383
f 480 384 383
f 480 385 384
f 385 289 384
f 481 482 385
f 482 386 385
f 482 483 386
f 483 387 386
f 483 484 387
f 484 388 387
f 484 485 388
f 485 389 388
f 485 486 389
f 486 390 389
f 486 487 390
f 487 391 390
f 487 488 391
f 488 392 391
f 488 489 392
f 489 393 392
f 489 490 393
f 490 394 393
f 490 491 394
f 491 395 394
f 491 492 395
f 492 396 395
f 492 493 396
f 493 397 396
f 493 494 397
f 494 398 397
f 494 495 398
f 495 399 398
f 495 496 399
f 496 400 399
f 496 497 400
f 497 401 400
f 497 498 401
f 498 402 401
f 498 499 402
f 499 403 402
f 499 500 403
f 500 404 403
f 500 501 404
f 501 405 404
f 501 502 405
f 502 406 405
f 502 503 406
f 503 407 406
f 503 504 407
f 504 408 407
f 504 505 408
f 505 409 408
f 505 506 409
f 506 410 409
f 506 507 410
f 507 411 410
f 507 508 411
f 508 412 411
f 508 509 412
f 509 413 412
f 509 510 413
f 510 414 413
f 510 511 414
f 511 415 414
f 511 512 415
f 512 416 415
f 512 513 416
f 513 417 416
f 513 514 417
f 514 418 417
f 514 515 418
f 515 419 418
f 515 516 419
f 516 420 419
f 516 517 420
f 517 421 420
f 517 518 421
f 518 422 421
f 518 519 422
f 519 423 422
f 519 520 423
f 520 424 423
f 520 521 424
f 521 425 424
f 521 522 425
f 522 426 425
f 522 523 426
f 523 427 426
f 523 524 427
f 524 428 427
f 524 525 428
f 525 429 428
f 525 526 429
f 526 430 429
f 526 527 430
f 527 431 430
f 527 528 431
f 528 432 431
f 528 529 432
f 529 433 432
f 529 530 433
f 530 434 433
f 530 531 434
f 531 435 434
f 531 532 435
f 532 436 435
f 532 533 436
f 533 437 436
f 533 534 437
f 534 438 437
f 534 535 438
f 535 439 438
f 535 536 439
f 536 440 439
f 536 537 440
f 537 441 440
f 537 538 441
f 538 442 441
f 538 539 442
f 539 443 442
f 539 540 443
f 540 444 443
f 540 541 444
f 541 445 444
f 541 542 445
f 542 446 445
f 542 543 446
f 543 447 446
f 543 544 447
f 544 448 447
f 544 545 448
f 545 449 448
f 545 546 449
f 546 450 449
f 546 547 450
f 547 451 450
f 547 548 451
f 548 452 451
f 548 549 452
f 549 453 452
f 549 550 453
f 550 454 453
f 550 551 454
f 551 455 454
f 551 552 455
f 552 456 455
f 552 553 456
f 553 457 456
f 553 554 457
f 554 458 457
f 554 555 458
f 555 459 458
f 555 556 459
f 556 460 459
f 556 557 460
f 557 461 460
f 557 558 461
f 558 462 461
f 558 559 462
f 559 463 462
f 559 560 463
f 560 464 463
f 560 561 464
f 561 465 464
f 561 562 465
f 562 466 465
f 562 563 466
f 563 467 466
f 563 564 467
f 564 468 467
f 564 565 468
f 565 469 468
f 565 566 469
f 566 470 469
f 566 567 470
f 567 471 470
f 567 568 471
f 568 472 471
f 568 569 472
f 569 473 472
f 569 570 473
f 570 474 473
f 570 571 474
f 571 475 474
f 571 572 475
f 572 476 475
f 572 573 476
f 573 477 476
f 573 574 477
f 574 478 477
f 574 575 478
f 575 479 478
f 575 576 479
f 576 480 479
f 576 481 480
f 481 385 480
f 577 578 481
f 578 482 481
f 578 579 482
f 579 483 482
f 579 580 483
f 580 484 483
f 580 581 484
f 581 485 484
f 581 582 485
f 582 486 485
f 582 583 486
f 583 487 486
f 583 584 487
f 584 488 487
f 584 585 488
f 585 489 488
f 585 586 489
f 586 490 489
f 586 587 490
f 587 491 490
f 587 588 491
f 588 492 491
f 588 589 492
f 589 493 492
f 589 590 493
f 590 494 493
f 590 591 494
f 591 495 494
f 591 592 495
f 592 496 495
f 592 593 496
f 593 497 496
f 593 594 497
f 594 498 497
f 594 595 498
f 595 499 498
f 595 596 499
f 596 500 499
f 596 597 500
f 597 501 500
f 597 598 501
f 598 502 501
f 598 599 502
f 599 503 502
f 599 600 503
f 600 504 503
f 600 601 504
f 601 505 504
f 601 602 505
f 602 506 505
f 602 603 506
f 603 507 506
f 603 604 507
f 604 508 507
f 604 605 508
f 605 509 508
f 605 606 509
f 606 510 509
f 606 607 510
f 607 511 510
f 607 608 511
f 608 512 511
f 608 609 512
f 609 513 512
f 609 610 513
f 610 514 513
f 610 611 514
f 611 515 514
f 611 612 515
f 612 516 515
f 612 613 516
f 613 517 516
f 613 614 517
f 614 518 517
f 614 615 518
f 615 519 518
f 615 616 519
f 616 520 519
f 616 617 520
f 617 521 520
f 617 618 521
f 618 522 521
f 618 619 522
f 619 523 522
f 619 620 523
f 620 524 523
f 620 621 524
f 621 525 524
f 621 622 525
f 622 526 525
f 622 623 526
f 623 527 526
f 623 624 527
f 624 528 527
f 624 625 528
f 625 529 528
f 625 626 529
f 626 530 529
f 626 627 530
f 627 531 530
f 627 628 531
f 628 532 531
f 628 629 532
f 629 533 532
f 629 630 533
f 630 534 533
f 630 631 534
f 631 535 534
f 631 632 535
f 632 536 535
f 632 633 536
f 633 537 536
f 633 634 537
f 634 538 537
f 634 635 538
f 635 539 538
f 635 636 539
f 636 540 539
f 636 637 540
f 637 541 540
f 637 638 541
f 638 542 541
f 638 639 542
f 639 543 542
f 639 640 543
f 640 544 543
f 640 641 544
f 641 545 544
f 641 642 545
f 642 546 545
f 642 643 546
f 643 547 546
f 643 644 547
f 644 548 547
f 644 645 548
f 645 549 548
f 645 646 549
f 646 550 549
f 646 647 550
f 647 551 550
f 647 648 551
f 648 552 551
f 648 649 552
f 649 553 552
f 649 650 553
f 650 554 553
f 650 651 554
f 651 555 554
f 651 652 555
f 652 556 555
f 652 653 556
f 653 557 556
f 653 654 557
f 654 558 557
f 654 655 558
f 655 559 558
f 655 656 559
f 656 560 559
f 656 657 560
f 657 561 560
f 657 658 561
f 658 562 561
f 658 659 562
f 659 563 562
f 659 660 563
f 660 564 563
f 660 661 564
f 661 565 564
f 661 662 565
f 662 566 565
f 662 663 566
f 663 567 566
f 663 664 567
f 664 568 567
f 664 665 568
f 665 569 568
f 665 666 569
f 666 570 569
f 666 667 570
f 667 571 570
f 667 668 571
f 668 572 571
f 668 669 572
f 669 573 572
f 669 670 573
f 670 574 573
f 670 671 574
f 671 575 574
f 671 672 575
f 672 576 575
f 672 577 576
f 577 481 576
f 673 674 577
f 674 578 577
f 674 675 578
f 675 579 578
f 675 676 579
f 676 580 579
f 676 677 580
f 677 581 580
f 677 678 581
f 678 582 581
f 678 679 582
f 679 583 582
f 679 680 583
f 680 584 583
f 680 681 584
f 681 585 584
f 681 682 585
f 682 586 585
f 682 683 586
f 683 587 586
f 683 684 587
f 684 588 587
f 684 685 588
f 685 589 588
f 685 686 589
f 686 590 589
f 686 687 590
f 687 591 590
f 687 688 591
f 688 592 591
f 688 689 592
f 689 593 592
f 689 690 593
f 690 594 593
f 690 691 594
f 691 595 594
f 691 692 595
f 692 596 595
f 692 693 596
f 693 597 596
f 693 694 597
f 694 598 597
f 694 695 598
f 695 599 598
f 695 696 599
f 696 600 599
f 696 697 600
f 697 601 600
f 697 698 601
f 698 602 601
f 698 699 602
f 699 603 602
f 699 700 603
f 700 604 603
f 700 701 604
f 701 605 604
f 701 702 605
f 702 606 605
f 702 703 606
f 703 607 606
f 703 704 607
f 704 608 607
f 704 705 608
f 705 609 608
f 705 706 609
f 706 610 609
f 706 707 610
f 707 611 610
f 707 708 611
f 708 612 611
f 708 709 612
f 709 613 612
f 709 710 613
f 710 614 613
f 710 711 614
f 711 615 614
f 711 712 615
f 712 616 615
f 712 713 616
f 713 617 616
f 713 714 617
f 714 618 617
f 714 715 618
f 715 619 618
f 715 716 619
f 716 620 619
f 716 717 620
f 717 621 620
f 717 718 621
f 718 622 621
f 718 719 622
f 719 623 622
f 719 720 623
f 720 624 623
f 720 721 624
f 721 625 624
f 721 722 625
f 722 626 625
f 722 723 626
f 723 627 626
f 723 724 627
f 724 628 627
f 724 725 628
f 725 629 628
f 725 726 629
f 726 630 629
f 726 727 630
f 727 631 630
f 727 728 631
f 728 632 631
f 728 729 632
f 729 633 632
f 729 730 633
f 730 634 633
f 730 731 634
f 731 635 634
f 731 732 635
f 732 636 635
f 732 733 636
f 733 637 636
f 733 734 637
f 734 638 637
f 734 735 638
f 735 639 638
f 735 736 639
f 736 640 639
f 736 737 640
f 737 641 640
f 737 738 641
f 738 642 641
f 738 739 642
f 739 643 642
f 739 740 643
f 740 644 643
f 740 741 644
f 741 645 644
f 741 742 645
f 742 646 645
f 742 743 646
f 743 647 646
f 743 744 647
f 744 648 647
f 744 745 648
f 745 649 648
f 745 746 649
f 746 650 649
f 746 747 650
f 747 651 650
f 747 748 651
f 748 652 651
f 748 749 652
f 749 653 652
f 749 750 653
f 750 654 653
f 750 751 654
f 751 655 654
f 751 752 655
f 752 656 655
f 752 753 656
f 753 657 656
f 753 754 657
f 754 658 657
f 754 755 658
f 755 659 658
f 755 756 659
f 756 660 659
f 756 757 660
f 757 661 660
f 757 758 661
f 758 662 661
f 758 759 662
f 759 663 662
f 759 760 663
f 760 664 663
f 760 761 664
f 761 665 664
f 761 762 665
f 762 666 665
f 762 763 666
f 763 667 666
f 763 764 667
f 764 668 667
f 764 765 668
f 765 669 668
f 765 766 669
f 766 670 669
f 766 767 670
f 767 671 670
f 767 768 671
f 768 672 671
f 768 673 672
f 673 577 672
f 769 770 673
f 770 674 673
f 770 771 674
f 771 675 674
f 771 772 675
f 772 676 675
f 772 773 676
f 773 677 676
f 773 774 677
f 774 678 677
f 774 775 678
f 775 679 678
f 775 776 679
f 776 680 679
f 776 777 680
f 777 681 680
f 777 778 681
f 778 682 681
f 778 779 682
f 779 683 682
f 779 780 683
f 780 684 683
f 780 781 684
f 781 685 684
f 781 782 685
f 782 686 685
f 782 783 686
f 783 687 686
f 783 784 687
f 784 688 687
f 784 785 688
f 785 689 688
f 785 786 689
f 786 690 689
f 786 787 690
f 787 691 690
f 787 788 691
f 788 692 691
f 788 789 692
f 789 693 692
f 789 790 693
f 790 694 693
f 790 791 694
f 791 695 694
f 791 792 695
f 792 696 695
f 792 793 696
f 793 697 696
f 793 794 697
f 794 698 697
f 794 795 698
f 795 699 698
f 795 796 699
f 796 700 699
f 796 797 700
f 797 701 700
f 797 798 701
f 798 702 701
f 798 799 702
f 799 703 702
f 799 800 703
f 800 704 703
f 800 801 704
f 801 705 704
f 801 802 705
f 802 706 705
f 802 803 706
f 803 707 706
f 803 804 707
f 804 708 707
f 804 805 708
f 805 709 708
f 805 806 709
f 806 710 709
f 806 807 710
f 807 711 710
f 807 808 711
f 808 712 711
f 808 809 712
f 809 713 712
f 809 810 713
f 810 714 713
f 810 811 714
f 811 715 714
f 811 812 715
f 812 716 715
f 812 813 716
f 813 717 716
f 813 814 717
f 814 718 717
f 814 815 718
f 815 719 718
f 815 816 719
f 816 720 719
f 816 817 720
f 817 721 720
f 817 818 721
f 818 722 721
f 818 819 722
f 819 723 722
f 819 820 723
f 820 724 723
f 820 821 724
f 821 725 724
f 821 822 725
f 822 726 725
f 822 823 726
f 823 727 726
f 823 824 727
f 824 728 727
f 824 825 728
f 825 729 728
f 825 826 729
f 826 730 729
f 826 827 730
f 827 731 730
f 827 828 731
f 828 732 731
f 828 829 732
f 829 733 732
f 829 830 733
f 830 734 733
f 830 831 734
f 831 735 734
f 831 832 735
f 832 736 735
f 832 833 736
f 833 737 736
f 833 834 737
f 834 738 737
f 834 835 738
f 835 739 738
f 835 836 739
f 836 740 739
f 836 837 740
f 837 741 740
f 837 838 741
f 838 742 741
f 838 839 742
f 839 743 742
f 839 840 743
f 840 744 743
f 840 841 744
f 841 745 744
f 841 842 745
f 842 746 745
f 842 843 746
f 843 747 746
f 843 844 747
f 844 748 747
f 844 845 748
f 845 749 748
f 845 846 749
f 846 750 749
f 846 847 750
f 847 751 750
f 847 848 751
f 848 752 751
f 848 849 752
f 849 753 752
f 849 850 753
f 850 754 753
f 850 851 754
f 851 755 754
f 851 852 755
f 852 756 755
f 852 853 756
f 853 757 756
f 853 854 757
f 854 758 757
f 854 855 758
f 855 759 758
f 855 856 759
f 856 760 759
f 856 857 760
f 857 761 760
f 857 858 761
f 858 762 761
f 858 859 762
f 859 763 762
f 859 860 763
f 860 764 763
f 860 861 764
f 861 765 764
f 861 862 765
f 862 766 765
f 862 863 766
f 863 767 766
f 863 864 767
f 864 768 767
f 864 769 768
f 769 673 768
f 865 866 769
f 866 770 769
f 866 867 770
f 867 771 770
f 867 868 771
f 868 772 771
f 868 869 772
f 869 773 772
f 869 870 773
f 870 774 773
f 870 871 774
f 871 775 774
f 871 872 775
f 872 776 775
f 872 873 776
f 873 777 776
f 873 874 777
f 874 778 777
f 874 875 778
f 875 779 778
f 875 876 779
f 876 780 779
f 876 877 780
f 877 781 780
f 877 878 781
f 878 782 781
f 878 879 782
f 879 783 782
f 879 880 783
f 880 784 783
f 880 881 784
f 881 785 784
f 881 882 785
f 882 786 785
f 882 883 786
f 883 787 786
f 883 884 787
f 884 788 787
f 884 885 788
f 885 789 788
f 885 886 789
f 886 790 789
f 886 887 790
f 887 791 790
f 887 888 791
f 888 792 791
f 888 889 792
f 889 793 792
f 889 890 793
f 890 794 793
f 890 891 794
f 891 795 794
f 891 892 795
f 892 796 795
f 892 893 796
f 893 797 796
f 893 894 797
f 894 798 797
f 894 895 798
f 895 799 798
f 895 896 799
f 896 800 799
f 896 897 800
f 897 801 800
f 897 898 801
f 898 802 801
f 898 899 802
f 899 803 802
f 899 900 803
f 900 804 803
f 900 901 804
f 901 805 804
f 901 902 805
f 902 806 805
f 902 903 806
f 903 807 806
f 903 904 807
f 904 808 807
f 904 905 808
f 905 809 808
f 905 906 809
f 906 810 809
f 906 907 810
f 907 811 810
f 907 908 811
f 908 812 811
f 908 909 812
f 909 813 812
f 909 910 813
f 910 814 813
f 910 911 814
f 911 815 814
f 911 912 815
f 912 816 815
f 912 913 816
f 913 817 816
f 913 914 817
f 914 818 817
f 914 915 818
f 915 819 818
f 915 916 819
f 916 820 819
f 916 917 820
f 917 821 820
f 917 918 821
f 918 822 821
f 918 919 822
f 919 823 822
f 919 920 823
f 920 824 823
f 920 921 824
f 921 825 824
f 921 922 825
f 922 826 825
f 922 923 826
f 923 827 826
f 923 924 827
f 924 828 827
f 924 925 828
f 925 829 828
f 925 926 829
f 926 830 829
f 926 927 830
f 927 831 830
f 927 928 831
f 928 832 831
f 928 929 832
f 929 833 832
f 929 930 833
f 930 834 833
f 930 931 834
f 931 835 834
f 931 932 835
f 932 836 835
f 932 933 836
f 933 837 836
f 933 934 837
f 934 838 837
f 934 935 838
f 935 839 838
f 935 936 839
f 936 840 839
f 936 937 840
f 937 841 840
f 937 938 841
f 938 842 841
f 938 939 842
f 939 843 842
f 939 940 843
f 940 844 843
f 940 941 844
f 941 845 844
f 941 942 845
f 942 846 845
f 942 943 846
f 943 847 846
f 943 944 847
f 944 848 847
f 944 945 848
f 945 849 848
f 945 946 849
f 946 850 849
f 946 947 850
f 947 851 850
f 947 948 851
f 948 852 851
f 948 949 852
f 949 853 852
f 949 950 853
f 950 854 853
f 950 951 854
f 951 855 854
f 951 952 855
f 952 856 855
f 952 953 856
f 953 857 856
f 953 954 857
f 954 858 857
f 954 955 858
f 955 859 858
f 955 956 859
f 956 860 859
f 956 957 860
f 957 861 860
f 957 958 861
f 958 862 861
f 958 959 862
f 959 863 862
f 959 960 863
f 960 864 863
f 960 865 864
f 865 769 864
f 961 962 865
f 962 866 865
f 962 963 866
f 963 867 866
f 963 964 867
f 964 868 867
f 964 965 868
f 965 869 868
f 965 966 869
f 966 870 869
f 966 967 870
f 967 871 870
f 967 968 871
f 968 872 871
f 968 969 872
f 969 873 872
f 969 970 873
f 970 874 873
f 970 971 874
f 971 875 874
f 971 972 875
f 972 876 875
f 972 973 876
f 973 877 876
f 973 974 877
f 974 878 877
f 974 975 878
f 975 879 878
f 975 976 879
f 976 880 879
f 976 977 880
f 977 881 880
f 977 978 881
f 978 882 881
f 978 979 882
f 979 883 882
f 979 980 883
f 980 884 883
f 980 981 884
f 981 885 884
f 981 982 885
f 982 886 885
f 982 983 886
f 983 887 886
f 983 984 887
f 984 888 887
f 984 985 888
f 985 889 888
f 985 986 889
f 986 890 889
f 986 987 890
f 987 891 890
f 987 988 891
f 988 892 891
f 988 989 892
f 989 893 892
f 989 990 893
f 990 894 893
f 990 991 894
f 991 895 894
f 991 992 895
f 992 896 895
f 992 993 896
f 993 897 896
f 993 994 897
f 994 898 897
f 994 995 898
f 995 899 898
f 995 996 899
f 996 900 899
f 996 997 900
f 997 901 900
f 997 998 901
f 998 902 901
f 998 999 902
f 999 903 902
f 999 1000 903
f 1000 904 903
f 1000 1001 904
f 1001 905 904
f 1001 1002 905
f 1002 906 905
f 1002 1003 906
f 1003 907 906
f 1003 1004 907
f 1004 908 907
f 1004 1005 908
f 1005 909 908
f 1005 1006 909
f 1006 910 909
f 1006 1007 910
f 1007 911 910
f 1007 1008 911
f 1008 912 911
f 1008 1009 912
f 1009 913 912
f 1009 1010 913
f 1010 914 913
f 1010 1011 914
f 1011 915 914
f 1011 1012 915
f 1012 916 915
f 1012 1013 916
f 1013 917 916
f 1013 1014 917
f 1014 918 917
f 1014 1015 918
f 1015 919 918
f 1015 1016 919
f 1016 920 919
f 1016 1017 920
f 1017 921 920
f 1017 1018 921
f 1018 922 921
f 1018 1019 922
f 1019 923 922
f 1019 1020 923
f 1020 924 923
f 1020 1021 924
f 1021 925 924
f 1021 1022 925
f 1022 926 925
f 1022 1023 926
f 1023 927 926
f 1023 1024 927
f 1024 928 927
f 1024 1025 928
f 1025 929 928
f 1025 1026 929
f 1026 930 929
f 1026 1027 930
f 1027 931 930
f 1027 1028 931
f 1028 932 931
f 1028 1029 932
f 1029 933 932
f 1029 1030 933
f 1030 934 933
f 1030 1031 934
f 1031 935 934
f 1031 1032 935
f 1032 936 935
f 1032 1033 936
f 1033 937 936
f 1033 1034 937
f 1034 938 937
f 1034 1035 938
f 1035 939 938
f 1035 1036 939
f 1036 940 939
f 1036 1037 940
f 1037 941 940
f 1037 1038 941
f 1038 942 941
f 1038 1039 942
f 1039 943 942
f 1039 1040 943
f 1040 944 943
f 1040 1041 944
f 1041 945 944
f 1041 1042 945
f 1042 946 945
f 1042 1043 946
f 1043 947 946
f 1043 1044 947
f 1044 948 947
f 1044 1045 948
f 1045 949 948
f 1045 1046 949
f 1046 950 949
f 1046 1047 950
f 1047 951 950
f 1047 1048 951
f 1048 952 951
f 1048 1049 952
f 1049 953 952
f 1049 1050 953
f 1050 954 953
f 1050 1051 954
f 1051 955 954
f 1051 1052 955
f 1052 956 955
f 1052 1053 956
f 1053 957 956
f 1053 1054 957
f 1054 958 957
f 1054 1055 958
f 1055 959 958
f 1055 1056 959
f 1056 960 959
f 1056 961 960
f 961 865 960
f 1057 1058 961
f 1058 962 961
f 1058 1059 962
f 1059 963 962
f 1059 1060 963
f 1060 964 963
f 1060 1061 964
f 1061 965 964
f 1061 1062 965
f 1062 966 965
f 1062 1063 966
f 1063 967 966
f 1063 1064 967
f 1064 968 967
f 1064 1065 968
f 1065 969 968
f 1065 1066 969
f 1066 970 969
f 1066 1067 970
f 1067 971 970
f 1067 1068 971
f 1068 972 971
f 1068 1069 972
f 1069 973 972
f 1069 1070 973
f 1070 974 973
f 1070 1071 974
f 1071 975 974
f 1071 1072 975
f 1072 976 975
f 1072 1073 976
f 1073 977 976
f 1073 1074 977
f 1074 978 977
f 1074 1075 978
f 1075 979 978
f 1075 1076 979
f 1076 980 979
f 1076 1077 980
f 1077 981 980
f 1077 1078 981
f 1078 982 981
f 1078 1079 982
f 1079 983 982
f 1079 1080 983
f 1080 984 983
f 1080 1081 984
f 1081 985 984
f 1081 1082 985
f 1082 986 985
f 1082 1083 986
f 1083 987 986
f 1083 1084 987
f 1084 988 987
f 1084 1085 988
f 1085 989 988
f 1085 1086 989
f 1086 990 989
f 1086 1087 990
f 1087 991 990
f 1087 1088 991
f 1088 992 991
f 1088 1089 992
f 1089 993 992
f 1089 1090 993
f 1090 994 993
f 1090 1091 994
f 1091 995 994
f 1091 1092 995
f 1092 996 995
f 1092 1093 996
f 1093 997 996
f 1093 1094 997
f 1094 998 997
f 1094 1095 998
f 1095 999 998
f 1095 1096 999
f 1096 1000 999
f 1096 1097 1000
f 1097 1001 1000
f 1097 1098 1001
f 1098 1002 1001
f 1098 1099 1002
f 1099 1003 1002
f 1099 1100 1003
f 1100 1004 1003
f 1100 1101 1004
f 1101 1005 1004
f 1101 1102 1005
f 1102 1006 1005
f 1102 1103 1006
f 1103 1007 1006
f 1103 1104 1007
f 1104 1008 1007
f 1104 1105 1008
f 1105 1009 1008
f 1105 1106 1009
f 1106 1010 1009
f 1106 1107 1010
f 1107 1011 1010
f 1107 1108 1011
f 1108 1012 1011
f 1108 1109 1012
f 1109 1013 1012
f 1109 1110 1013
f 1110 1014 1013
f 1110 1111 1014
f 1111 1015 1014
f 1111 1112 1015
f 1112 1016 1015
f 1112 1113 1016
f 1113 1017 1016
f 1113 1114 1017
f 1114 1018 1017
f 1114 1115 1018
f 1115 1019 1018
f 1115 1116 1019
f 1116 1020 1019
f 1116 1117 1020
f 1117 1021 1020
f 1117 1118 1021
f 1118 1022 1021
f 1118 1119 1022
f 1119 1023 1022
f 1119 1120 1023
f 1120 1024 1023
f 1120 1121 1024
f 1121 1025 1024
f 1121 1122 1025
f 1122 1026 1025
f 1122 1123 1026
f 1123 1027 1026
f 1123 1124 1027
f 1124 1028 1027
f 1124 1125 1028
f 1125 1029 1028
f 1125 1126 1029
f 1126 1030 1029
f 1126 1127 1030
f 1127 1031 1030
f 1127 1128 1031
f 1128 1032 1031
f 1128 1129 1032
f 1129 1033 1032
f 1129 1130 1033
f 1130 1034 1033
f 1130 1131 1034
f 1131 1035 1034
f 1131 1132 1035
f 1132 1036 1035
f 1132 1133 1036
f 1133 1037 1036
f 1133 1134 1037
f 1134 1038 1037
f 1134 1135 1038
f 1135 1039 1038
f 1135 1136 1039
f 1136 1040 1039
f 1136 1137 1040
f 1137 1041 1040
f 1137 1138 1041
f 1138 1042 1041
f 1138 1139 1042
f 1139 1043 1042
f 1139 1140 1043
f 1140 1044 1043
f 1140 1141 1044
f 1141 1045 1044
f 1141 1142 1045
f 1142 1046 1045
f 1142 1143 1046
f 1143 1047 1046
f 1143 1144 1047
f 1144 1048 1047
f 1144 1145 1048
f 1145 1049 1048
f 1145 1146 1049
f 1146 1050 1049
f 1146 1147 1050
f 1147 1051 1050
f 1147 1148 1051
f 1148 1052 1051
f 1148 1149 1052
f 1149 1053 1052
f 1149 1150 1053
f 1150 1054 1053
f 1150 1151 1054
f 1151 1055 1054
f 1151 1152 1055
f 1152 1056 1055
f 1152 1057 1056
f 1057 961 1056
f 1153 1154 1057
f 1154 1058 1057
f 1154 1155 1058
f 1155 1059 1058
f 1155 1156 1059
f 1156 1060 1059
f 1156 1157 1060
f 1157 1061 1060
f 1157 1158 1061
f 1158 1062 1061
f 1158 1159 1062
f 1159 1063 1062
f 1159 1160 1063
f 1160 1064 1063
f 1160 1161 1064
f 1161 1065 1064
f 1161 1162 1065
f 1162 1066 1065
f 1162 1163 1066
f 1163 1067 1066
f 1163 1164 1067
f 1164 1068 1067
f 1164 1165 1068
f 1165 1069 1068
f 1165 1166 1069
f 1166 1070 1069
f 1166 1167 1070
f 1167 1071 1070
f 1167 1168 1071
f 1168 1072 1071
f 1168 1169 1072
f 1169 1073 1072
f 1169 1170 1073
f 1170 1074 1073
f 1170 1171 1074
f 1171 1075 1074
f 1171 1172 1075
f 1172 1076 1075
f 1172 1173 1076
f 1173 1077 1076
f 1173 1174 1077
f 1174 1078 1077
f 1174 1175 1078
f 1175 1079 1078
f 1175 1176 1079
f 1176 1080 1079
f 1176 1177 1080
f 1177 1081 1080
f 1177 1178 1081
f 1178 1082 1081
f 1178 1179 1082
f 1179 1083 1082
f 1179 1180 1083
f 1180 1084 1083
f 1180 1181 1084
f 1181 1085 1084
f 1181 1182 1085
f 1182 1086 1085
f 1182 1183 1086
f 1183 1087 1086
f 1183 1184 1087
f 1184 1088 1087
f 1184 1185 1088
f 1185 1089 1088
f 1185 1186 1089
f 1186 1090 1089
f 1186 1187 1090
f 1187 1091 1090
f 1187 1188 1091
f 1188 1092 1091
f 1188 1189 1092
f 1189 1093 1092
f 1189 1190 1093
f 1190 1094 1093
f 1190 1191 1094
f 1191 1095 1094
f 1191 1192 1095
f 1192 1096 1095
f 1192 1193 1096
f 1193 1097 1096
f 1193 1194 1097
f 1194 1098 1097
f 1194 1195 1098
f 1195 1099 1098
f 1195 1196 1099
f 1196 1100 1099
f 1196 1197 1100
f 1197 1101 1100
f 1197 1198 1101
f 1198 1102 1101
f 1198 1199 1102
f 1199 1103 1102
f 1199 1200 1103
f 1200 1104 1103
f 1200 1201 1104
f 1201 1105 1104
f 1201 1202 1105
f 1202 1106 1105
f 1202 1203 1106
f 1203 1107 1106
f 1203 1204 1107
f 1204 1108 1107
f 1204 1205 1108
f 1205 1109 1108
f 1205 1206 1109
f 1206 1110 1109
f 1206 1207 1110
f 1207 1111 1110
f 1207 1208 1111
f 1208 1112 1111
f 1208 1209 1112
f 1209 1113 1112
f 1209 1210 1113
f 1210 1114 1113
f 1210 1211 1114
f 1211 1115 1114
f 1211 1212 1115
f 1212 1116 1115
f 1212 1213 1116
f 1213 1117 1116
f 1213 1214 1117
f 1214 1118 1117
f 1214 1215 1118
f 1215 1119 1118
f 1215 1216 1119
f 1216 1120 1119
f 1216 1217 1120
f 1217 1121 1120
f 1217 1218 1121
f 1218 1122 1121
f 1218 1219 1122
f 1219 1123 1122
f 1219 1220 1123
f 1220 1124 1123
f 1220 1221 1124
f 1221 1125 1124
f 1221 1222 1125
f 1222 1126 1125
f 1222 1223 1126
f 1223 1127 1126
f 1223 1224 1127
f 1224 1128 1127
f 1224 1225 1128
f 1225 1129 1128
f 1225 1226 1129
f 1226 1130 1129
f 1226 1227 1130
f 1227 1131 1130
f 1227 1228 1131
f 1228 1132 1131
f 1228 1229 1132
f 1229 1133 1132
f 1229 1230 1133
f 1230 1134 1133
f 1230 1231 1134
f 1231 1135 1134
f 1231 1232 1135
f 1232 1136 1135
f 1232 1233 1136
f 1233 1137 1136
f 1233 1234 1137
f 1234 1138 1137
f 1234 1235 1138
f 1235 1139 1138
f 1235 1236 1139
f 1236 1140 1139
f 1236 1237 1140
f 1237 1141 1140
f 1237 1238 1141
f 1238 1142 1141
f 1238 1239 1142
f 1239 1143 1142
f 1239 1240 1143
f 1240 1144 1143
f 1240 1241 1144
f 1241 1145 1144
f 1241 1242 1145
f 1242 1146 1145
f 1242 1243 1146
f 1243 1147 1146
f 1243 1244 1147
f 1244 1148 1147
f 1244 1245 1148
f 1245 1149 1148
f 1245 1246 1149
f 1246 1150 1149
f 1246 1247 1150
f 1247 1151 1150
f 1247 1248 1151
f 1248 1152 1151
f 1248 1153 1152
f 1153 1057 1152
f 1249 1250 1153
f 1250 1154 1153
f 1250 1251 1154
f 1251 1155 1154
f 1251 1252 1155
f 1252 1156 1155
f 1252 1253 1156
f 1253 1157 1156
f 1253 1254 1157
f 1254 1158 1157
f 1254 1255 1158
f 1255 1159 1158
f 1255 1256 1159
f 1256 1160 1159
f 1256 1257 1160
f 1257 1161 1160
f 1257 1258 1161
f 1258 1162 1161
f 1258 1259 1162
f 1259 1163 1162
f 1259 1260 1163
f 1260 1164 1163
f 1260 1261 1164
f 1261 1165 1164
f 1261 1262 1165
f 1262 1166 1165
f 1262 1263 1166
f 1263 1167 1166
f 1263 1264 1167
f 1264 1168 1167
f 1264 1265 1168
f 1265 1169 1168
f 1265 1266 1169
f 1266 1170 1169
f 1266 1267 1170
f 1267 1171 1170
f 1267 1268 1171
f 1268 1172 1171
f 1268 1269 1172
f 1269 1173 1172
f 1269 1270 1173
f 1270 1174 1173
f 1270 1271 1174
f 1271 1175 1174
f 1271 1272 1175
f 1272 1176 1175
f 1272 1273 1176
f 1273 1177 1176
f 1273 1274 1177
f 1274 1178 1177
f 1274 1275 1178
f 1275 1179 1178
f 1275 1276 1179
f 1276 1180 1179
f 1276 1277 1180
f 1277 1181 1180
f 1277 1278 1181
f 1278 1182 1181
f 1278 1279 1182
f 1279 1183 1182
f 1279 1280 1183
f 1280 1184 1183
f 1280 1281 1184
f 1281 1185 1184
f 1281 1282 1185
f 1282 1186 1185
f 1282 1283 1186
f 1283 1187 1186
f 1283 1284 1187
f 1284 1188 1187
f 1284 1285 1188
f 1285 1189 1188
f 1285 1286 1189
f 1286 1190 1189
f 1286 1287 1190
f 1287 1191 1190
f 1287 1288 1191
f 1288 1192 1191
f 1288 1289 1192
f 1289 1193 1192
f 1289 1290 1193
f 1290 1194 1193
f 1290 1291 1194
f 1291 1195 1194
f 1291 1292 1195
f 1292 1196 1195
f 1292 1293 1196
f 1293 1197 1196
f 1293 1294 1197
f 1294 1198 1197
f 1294 1295 1198
f 1295 1199 1198
f 1295 1296 1199
f 1296 1200 1199
f 1296 1297 1200
f 1297 1201 1200
f 1297 1298 1201
f 1298 1202 1201
f 1298 1299 1202
f 1299 1203 1202
f 1299 1300 1203
f 1300 1204 1203
f 1300 1301 1204
f 1301 1205 1204
f 1301 1302 1205
f 1302 1206 1205
f 1302 1303 1206
f 1303 1207 1206
f 1303 1304 1207
f 1304 1208 1207
f 1304 1305 1208
f 1305 1209 1208
f 1305 1306 1209
f 1306 1210 1209
f 1306 1307 1210
f 1307 1211 1210
f 1307 1308 1211
f 1308 1212 1211
f 1308 1309 1212
f 1309 1213 1212
f 1309 1310 1213
f 1310 1214 1213
f 1310 1311 1214
f 1311 1215 1214
f 1311 1312 1215
f 1312 1216 1215
f 1312 1313 1216
f 1313 1217 1216
f 1313 1314 1217
f 1314 1218 1217
f 1314 1315 1218
f 1315 1219 1218
f 1315 1316 1219
f 1316 1220 1219
f 1316 1317 1220
f 1317 1221 1220
f 1317 1318 1221
f 1318 1222 1221
f 1318 1319 1222
f 1319 1223 1222
f 1319 1320 1223
f 1320 1224 1223
f 1320 1321 1224
f 1321 1225 1224
f 1321 1322 1225
f 1322 1226 1225
f 1322 1323 1226
f 1323 1227 1226
f 1323 1324 1227
f 1324 1228 1227
f 1324 1325 1228
f 1325 1229 1228
f 1325 1326 1229
f 1326 1230 1229
f 1326 1327 1230
f 1327 1231 1230
f 1327 1328 1231
f 1328 1232 1231
f 1328 1329 1232
f 1329 1233 1232
f 1329 1330 1233
f 1330 1234 1233
f 1330 1331 1234
f 1331 1235 1234
f 1331 1332 1235
f 1332 1236 1235
f 1332 1333 1236
f 1333 1237 1236
f 1333 1334 1237
f 1334 1238 1237
f 1334 1335 1238
f 1335 1239 1238
f 1335 1336 1239
f 1336 1240 1239
f 1336 1337 1240
f 1337 1241 1240
f 1337 1338 1241
f 1338 1242 1241
f 1338 1339 1242
f 1339 1243 1242
f 1339 1340 1243
f 1340 1244 1243
f 1340 1341 1244
f 1341 1245 1244
f 1341 1342 1245
f 1342 1246 1245
f 1342 1343 1246
f 1343 1247 1246
f 1343 1344 1247
f 1344 1248 1247
f 1344 1249 1248
f 1249 1153 1248
f 1345 1346 1249
f 1346 1250 1249
f 1346 1347 1250
f 1347 1251 1250
f 1347 1348 1251
f 1348 1252 1251
f 1348 1349 1252
f 1349 1253 1252
f 1349 1350 1253
f 1350 1254 1253
f 1350 1351 1254
f 1351 1255 1254
f 1351 1352 1255
f 1352 1256 1255
f 1352 1353 1256
f 1353 1257 1256
f 1353 1354 1257
f 1354 1258 1257
f 1354 1355 1258
f 1355 1259 1258
f 1355 1356 1259
f 1356 1260 1259
f 1356 1357 1260
f 1357 1261 1260
f 1357 1358 1261
f 1358 1262 1261
f 1358 1359 1262
f 1359 1263 1262
f 1359 1360 1263
f 1360 1264 1263
f 1360 1361 1264
f 1361 1265 1264
f 1361 1362 1265
f 1362 1266 1265
f 1362 1363 1266
f 1363 1267 1266
f 1363 1364 1267
f 1364 1268 1267
f 1364 1365 1268
f 1365 1269 1268
f 1365 1366 1269
f 1366 1270 1269
f 1366 1367 1270
f 1367 1271 1270
f 1367 1368 1271
f 1368 1272 1271
f 1368 1369 1272
f 1369 1273 1272
f 1369 1370 1273
f 1370 1274 1273
f 1370 1371 1274
f 1371 1275 1274
f 1371 1372 1275
f 1372 1276 1275
f 1372 1373 1276
f 1373 1277 1276
f 1373 1374 1277
f 1374 1278 1277
f 1374 1375 1278
f 1375 1279 1278
f 1375 1376 1279
f 1376 1280 1279
f 1376 1377 1280
f 1377 1281 1280
f 1377 1378 1281
f 1378 1282 1281
f 1378 1379 1282
f 1379 1283 1282
f 1379 1380 1283
f 1380 1284 1283
f 1380 1381 1284
f 1381 1285 1284
f 1381 1382 1285
f 1382 1286 1285
f 1382 1383 1286
f 1383 1287 1286
f 1383 1384 1287
f 1384 1288 1287
f 1384 1385 1288
f 1385 1289 1288
f 1385 1386 1289
f 1386 1290 1289
f 1386 1387 1290
f 1387 1291 1290
f 1387 1388 1291
f 1388 1292 1291
f 1388 1389 1292
f 1389 1293 1292
f 1389 1390 1293
f 1390 1294 1293
f 1390 1391 1294
f 1391 1295 1294
f 1391 1392 1295
f 1392 1296 1295
f 1392 1393 1296
f 1393 1297 1296
f 1393 1394 1297
f 1394 1298 1297
f 1394 1395 1298
f 1395 1299 1298
f 1395 1396 1299
f 1396 1300 1299
f 1396 1397 1300
f 1397 1301 1300
f 1397 1398 1301
f 1398 1302 1301
f 1398 1399 1302
f 1399 1303 1302
f 1399 1400 1303
f 1400 1304 1303
f 1400 1401 1304
f 1401 1305 1304
f 1401 1402 1305
f 1402 1306 1305
f 1402 1403 1306
f 1403 1307 1306
f 1403 1404 1307
f 1404 1308 1307
f 1404 1405 1308
f 1405 1309 1308
f 1405 1406 1309
f 1406 1310 1309
f 1406 1407 1310
f 1407 1311 1310
f 1407 1408 1311
f 1408 1312 1311
f 1408 1409 1312
f 1409 1313 1312
f 1409 1410 1313
f 1410 1314 1313
f 1410 1411 1314
f 1411 1315 1314
f 1411 1412 1315
f 1412 1316 1315
f 1412 1413 1316
f 1413 1317 1316
f 1413 1414 1317
f 1414 1318 1317
f 1414 1415 1318
f 1415 1319 1318
f 1415 1416 1319
f 1416 1320 1319
f 1416 1417 1320
f 1417 1321 1320
f 1417 1418 1321
f 1418 1322 1321
f 1418 1419 1322
f 1419 1323 1322
f 1419 1420 1323
f 1420 1324 1323
f 1420 1421 1324
f 1421 1325 1324
f 1421 1422 1325
f 1422 1326 1325
f 1422 1423 1326
f 1423 1327 1326
f 1423 1424 1327
f 1424 1328 1327
f 1424 1425 1328
f 1425 1329 1328
f 1425 1426 1329
f 1426 1330 1329
f 1426 1427 1330
f 1427 1331 1330
f 1427 1428 1331
f 1428 1332 1331
f 1428 1429 1332
f 1429 1333 1332
f 1429 1430 1333
f 1430 1334 1333
f 1430 1431 1334
f 1431 1335 1334
f 1431 1432 1335
f 1432 1336 1335
f 1432 1433 1336
f 1433 1337 1336
f 1433 1434 1337
f 1434 1338 1337
f 1434 1435 1338
f 1435 1339 1338
f 1435 1436 1339
f 1436 1340 1339
f 1436 1437 1340
f 1437 1341 1340
f 1437 1438 1341
f 1438 1342 1341
f 1438 1439 1342
f 1439 1343 1342
f 1439 1440 1343
f 1440 1344 1343
f 1440 1345 1344
f 1345 1249 1344
f 1441 1442 1345
f 1442 1346 1345
f 1442 1443 1346
f 1443 1347 1346
f 1443 1444 1347
f 1444 1348 1347
f 1444 1445 1348
f 1445 1349 1348
f 1445 1446 1349
f 1446 1350 1349
f 1446 1447 1350
f 1447 1351 1350
f 1447 1448 1351
f 1448 1352 1351
f 1448 1449 1352
f 1449 1353 1352
f 1449 1450 1353
f 1450 1354 1353
f 1450 1451 1354
f 1451 1355 1354
f 1451 1452 1355
f 1452 1356 1355
f 1452 1453 1356
f 1453 1357 1356
f 1453 1454 1357
f 1454 1358 1357
f 1454 1455 1358
f 1455 1359 1358
f 1455 1456 1359
f 1456 1360 1359
f 1456 1457 1360
f 1457 1361 1360
f 1457 1458 1361
f 1458 1362 1361
f 1458 1459 1362
f 1459 1363 1362
f 1459 1460 1363
f 1460 1364 1363
f 1460 1461 1364
f 1461 1365 1364
f 1461 1462 1365
f 1462 1366 1365
f 1462 1463 1366
f 1463 1367 1366
f 1463 1464 1367
f 1464 1368 1367
f 1464 1465 1368
f 1465 1369 1368
f 1465 1466 1369
f 1466 1370 1369
f 1466 1467 1370
f 1467 1371 1370
f 1467 1468 1371
f 1468 1372 1371
f 1468 1469 1372
f 1469 1373 1372
f 1469 1470 1373
f 1470 1374 1373
f 1470 1471 1374
f 1471 1375 1374
f 1471 1472 1375
f 1472 1376 1375
f 1472 1473 1376
f 1473 1377 1376
f 1473 1474 1377
f 1474 1378 1377
f 1474 1475 1378
f 1475 1379 1378
f 1475 1476 1379
f 1476 1380 1379
f 1476 1477 1380
f 1477 1381 1380
f 1477 1478 1381
f 1478 1382 1381
f 1478 1479 1382
f 1479 1383 1382
f 1479 1480 1383
f 1480 1384 1383
f 1480 1481 1384
f 1481 1385 1384
f 1481 1482 1385
f 1482 1386 1385
f 1482 1483 1386
f 1483 1387 1386
f 1483 1484 1387
f 1484 1388 1387
f 1484 1485 1388
f 1485 1389 1388
f 1485 1486 1389
f 1486 1390 1389
f 1486 1487 1390
f 1487 1391 1390
f 1487 1488 1391
f 1488 1392 1391
f 1488 1489 1392
f 1489 1393 1392
f 1489 1490 1393
f 1490 1394 1393
f 1490 1491 1394
f 1491 1395 1394
f 1491 1492 1395
f 1492 1396 1395
f 1492 1493 1396
f 1493 1397 1396
f 1493 1494 1397
f 1494 1398 1397
f 1494 1495 1398
f 1495 1399 1398
f 1495 1496 1399
f 1496 1400 1399
f 1496 1497 1400
f 1497 1401 1400
f 1497 1498 1401
f 1498 1402 1401
f 1498 1499 1402
f 1499 1403 1402
f 1499 1500 1403
f 1500 1404 1403
f 1500 1501 1404
f 1501 1405 1404
f 1501 1502 1405
f 1502 1406 1405
f 1502 1503 1406
f 1503 1407 1406
f 1503 1504 1407
f 1504 1408 1407
f 1504 1505 1408
f 1505 1409 1408
f 1505 1506 1409
f 1506 1410 1409
f 1506 1507 1410
f 1507 1411 1410
f 1507 1508 1411
f 1508 1412 1411
f 1508 1509 1412
f 1509 1413 1412
f 1509 1510 1413
f 1510 1414 1413
f 1510 1511 1414
f 1511 1415 1414
f 1511 1512 1415
f 1512 1416 1415
f 1512 1513 1416
f 1513 1417 1416
f 1513 1514 1417
f 1514 1418 1417
f 1514 1515 1418
f 1515 1419 1418
f 1515 1516 1419
f 1516 1420 1419
f 1516 1517 1420
f 1517 1421 1420
f 1517 1518 1421
f 1518 1422 1421
f 1518 1519 1422
f 1519 1423 1422
f 1519 1520 1423
f 1520 1424 1423
f 1520 1521 1424
f 1521 1425 1424
f 1521 1522 1425
f 1522 1426 1425
f 1522 1523 1426
f 1523 1427 1426
f 1523 1524 1427
f 1524 1428 1427
f 1524 1525 1428
f 1525 1429 1428
f 1525 1526 1429
f 1526 1430 1429
f 1526 1527 1430
f 1527 1431 1430
f 1527 1528 1431
f 1528 1432 1431
f 1528 1529 1432
f 1529 1433 1432
f 1529 1530 1433
f 1530 1434 1433
f 1530 1531 1434
f 1531 1435 1434
f 1531 1532 1435
f 1532 1436 1435
f 1532 1533 1436
f 1533 1437 1436
f 1533 1534 1437
f 1534 1438 1437
f 1534 1535 1438
f 1535 1439 1438
f 1535 1536 1439
f 1536 1440 1439
f 1536 1441 1440
f 1441 1345 1440
f 1537 1538 1441
f 1538 1442 1441
f 1538 1539 1442
f 1539 1443 1442
f 1539 1540 1443
f 1540 1444 1443
f 1540 1541 1444
f 1541 1445 1444
f 1541 1542 1445
f 1542 1446 1445
f 1542 1543 1446
f 1543 1447 1446
f 1543 1544 1447
f 1544 1448 1447
f 1544 1545 1448
f 1545 1449 1448
f 1545 1546 1449
f 1546 1450 1449
f 1546 1547 1450
f 1547 1451 1450
f 1547 1548 1451
f 1548 1452 1451
f 1548 1549 1452
f 1549 1453 1452
f 1549 1550 1453
f 1550 1454 1453
f 1550 1551 1454
f 1551 1455 1454
f 1551 1552 1455
f 1552 1456 1455
f 1552 1553 1456
f 1553 1457 1456
f 1553 1554 1457
f 1554 1458 1457
f 1554 1555 1458
f 1555 1459 1458
f 1555 1556 1459
f 1556 1460 1459
f 1556 1557 1460
f 1557 1461 1460
f 1557 1558 1461
f 1558 1462 1461
f 1558 1559 1462
f 1559 1463 1462
f 1559 1560 1463
f 1560 1464 1463
f 1560 1561 1464
f 1561 1465 1464
f 1561 1562 1465
f 1562 1466 1465
f 1562 1563 1466
f 1563 1467 1466
f 1563 1564 1467
f 1564 1468 1467
f 1564 1565 1468
f 1565 1469 1468
f 1565 1566 1469
f 1566 1470 1469
f 1566 1567 1470
f 1567 1471 1470
f 1567 1568 1471
f 1568 1472 1471
f 1568 1569 1472
f 1569 1473 1472
f 1569 1570 1473
f 1570 1474 1473
f 1570 1571 1474
f 1571 1475 1474
f 1571 1572 1475
f 1572 1476 1475
f 1572 1573 1476
f 1573 1477 1476
f 1573 1574 1477
f 1574 1478 1477
f 1574 1575 1478
f 1575 1479 1478
f 1575 1576 1479
f 1576 1480 1479
f 1576 1577 1480
f 1577 1481 1480
f 1577 1578 1481
f 1578 1482 1481
f 1578 1579 1482
f 1579 1483 1482
f 1579 1580 1483
f 1580 1484 1483
f 1580 1581 1484
f 1581 1485 1484
f 1581 1582 1485
f 1582 1486 1485
f 1582 1583 1486
f 1583 1487 1486
f 1583 1584 1487
f 1584 1488 1487
f 1584 1585 1488
f 1585 1489 1488
f 1585 1586 1489
f 1586 1490 1489
f 1586 1587 1490
f 1587 1491 1490
f 1587 1588 1491
f 1588 1492 1491
f 1588 1589 1492
f 1589 1493 1492
f 1589 1590 1493
f 1590 1494 1493
f 1590 1591 1494
f 1591 1495 1494
f 1591 1592 1495
f 1592 1496 1495
f 1592 1593 1496
f 1593 1497 1496
f 1593 1594 1497
f 1594 1498 1497
f 1594 1595 1498
f 1595 1499 1498
f 1595 1596 1499
f 1596 1500 1499
f 1596 1597 1500
f 1597 1501 1500
f 1597 1598 1501
f 1598 1502 1501
f 1598 1599 1502
f 1599 1503 1502
f 1599 1600 1503
f 1600 1504 1503
f 1600 1601 1504
f 1601 1505 1504
f 1601 1602 1505
f 1602 1506 1505
f 1602 1603 1506
f 1603 1507 1506
f 1603 1604 1507
f 1604 1508 1507
f 1604 1605 1508
f 1605 1509 1508
f 1605 1606 1509
f 1606 1510 1509
f 1606 1607 1510
f 1607 1511 1510
f 1607 1608 1511
f 1608 1512 1511
f 1608 1609 1512
f 1609 1513 1512
f 1609 1610 1513
f 1610 1514 1513
f 1610 1611 1514
f 1611 1515 1514
f 1611 1612 1515
f 1612 1516 1515
f 1612 1613 1516
f 1613 1517 1516
f 1613 1614 1517
f 1614 1518 1517
f 1614 1615 1518
f 1615 1519 1518
f 1615 1616 1519
f 1616 1520 1519
f 1616 1617 1520
f 1617 1521 1520
f 1617 1618 1521
f 1618 1522 1521
f 1618 1619 1522
f 1619 1523 1522
f 1619 1620 1523
f 1620 1524 1523
f 1620 1621 1524
f 1621 1525 1524
f 1621 1622 1525
f 1622 1526 1525
f 1622 1623 1526
f 1623 1527 1526
f 1623 1624 1527
f 1624 1528 1527
f 1624 1625 1528
f 1625 1529 1528
f 1625 1626 1529
f 1626 1530 1529
f 1626 1627 1530
f 1627 1531 1530
f 1627 1628 1531
f 1628 1532 1531
f 1628 1629 1532
f 1629 1533 1532
f 1629 1630 1533
f 1630 1534 1533
f 1630 1631 1534
f 1631 1535 1534
f 1631 1632 1535
f 1632 1536 1535
f 1632 1537 1536
f 1537 1441 1536
f 1633 1634 1537
f 1634 1538 1537
f 1634 1635 1538
f 1635 1539 1538
f 1635 1636 1539
f 1636 1540 1539
f 1636 1637 1540
f 1637 1541 1540
f 1637 1638 1541
f 1638 1542 1541
f 1638 1639 1542
f 1639 1543 1542
f 1639 1640 1543
f 1640 1544 1543
f 1640 1641 1544
f 1641 1545 1544
f 1641 1642 1545
f 1642 1546 1545
f 1642 1643 1546
f 1643 1547 1546
f 1643 1644 1547
f 1644 1548 1547
f 1644 1645 1548
f 1645 1549 1548
f 1645 1646 1549
f 1646 1550 1549
f 1646 1647 1550
f 1647 1551 1550
f 1647 1648 1551
f 1648 1552 1551
f 1648 1649 1552
f 1649 1553 1552
f 1649 1650 1553
f 1650 1554 1553
f 1650 1651 1554
f 1651 1555 1554
f 1651 1652 1555
f 1652 1556 1555
f 1652 1653 1556
f 1653 1557 1556
f 1653 1654 1557
f 1654 1558 1557
f 1654 1655 1558
f 1655 1559 1558
f 1655 1656 1559
f 1656 1560 1559
f 1656 1657 1560
f 1657 1561 1560
f 1657 1658 1561
f 1658 1562 1561
f 1658 1659 1562
f 1659 1563 1562
f 1659 1660 1563
f 1660 1564 1563
f 1660 1661 1564
f 1661 1565 1564
f 1661 1662 1565
f 1662 1566 1565
f 1662 1663 1566
f 1663 1567 1566
f 1663 1664 1567
f 1664 1568 1567
f 1664 1665 1568
f 1665 1569 1568
f 1665 1666 1569
f 1666 1570 1569
f 1666 1667 1570
f 1667 1571 1570
f 1667 1668 1571
f 1668 1572 1571
f 1668 1669 1572
f 1669 1573 1572
f 1669 1670 1573
f 1670 1574 1573
f 1670 1671 1574
f 1671 1575 1574
f 1671 1672 1575
f 1672 1576 1575
f 1672 1673 1576
f 1673 1577 1576
f 1673 1674 1577
f 1674 1578 1577
f 1674 1675 1578
f 1675 1579 1578
f 1675 1676 1579
f 1676 1580 1579
f 1676 1677 1580
f 1677 1581 1580
f 1677 1678 1581
f 1678 1582 1581
f 1678 1679 1582
f 1679 1583 1582
f 1679 1680 1583
f 1680 1584 1583
f 1680 1681 1584
f 1681 1585 1584
f 1681 1682 1585
f 1682 1586 1585
f 1682 1683 1586
f 1683 1587 1586
f 1683 1684 1587
f 1684 1588 1587
f 1684 1685 1588
f 1685 1589 1588
f 1685 1686 1589
f 1686 1590 1589
f 1686 1687 1590
f 1687 1591 1590
f 1687 1688 1591
f 1688 1592 1591
f 1688 1689 1592
f 1689 1593 1592
f 1689 1690 1593
f 1690 1594 1593
f 1690 1691 1594
f 1691 1595 1594
f 1691 1692 1595
f 1692 1596 1595
f 1692 1693 1596
f 1693 1597 1596
f 1693 1694 1597
f 1694 1598 1597
f 1694 1695 1598
f 1695 1599 1598
f 1695 1696 1599
f 1696 1600 1599
f 1696 1697 1600
f 1697 1601 1600
f 1697 1698 1601
f 1698 1602 1601
f 1698 1699 1602
f 1699 1603 1602
f 1699 1700 1603
f 1700 1604 1603
f 1700 1701 1604
f 1701 1605 1604
f 1701 1702 1605
f 1702 1606 1605
f 1702 1703 1606
f 1703 1607 1606
f 1703 1704 1607
f 1704 1608 1607
f 1704 1705 1608
f 1705 1609 1608
f 1705 1706 1609
f 1706 1610 1609
f 1706 1707 1610
f 1707 1611 1610
f 1707 1708 1611
f 1708 1612 1611
f 1708 1709 1612
f 1709 1613 1612
f 1709 1710 1613
f 1710 1614 1613
f 1710 1711 1614
f 1711 1615 1614
f 1711 1712 1615
f 1712 1616 1615
f 1712 1713 1616
f 1713 1617 1616
f 1713 1714 1617
f 1714 1618 1617
f 1714 1715 1618
f 1715 1619 1618
f 1715 1716 1619
f 1716 1620 1619
f 1716 1717 1620
f 1717 1621 1620
f 1717 1718 1621
f 1718 1622 1621
f 1718 1719 1622
f 1719 1623 1622
f 1719 1720 1623
f 1720 1624 1623
f 1720 1721 1624
f 1721 1625 1624
f 1721 1722 1625
f 1722 1626 1625
f 1722 1723 1626
f 1723 1627 1626
f 1723 1724 1627
f 1724 1628 1627
f 1724 1725 1628
f 1725 1629 1628
f 1725 1726 1629
f 1726 1630 1629
f 1726 1727 1630
f 1727 1631 1630
f 1727 1728 1631
f 1728 1632 1631
f 1728 1633 1632
f 1633 1537 1632
f 1729 1730 1633
f 1730 1634 1633
f 1730 1731 1634
f 1731 1635 1634
f 1731 1732 1635
f 1732 1636 1635
f 1732 1733 1636
f 1733 1637 1636
f 1733 1734 1637
f 1734 1638 1637
f 1734 1735 1638
f 1735 1639 1638
f 1735 1736 1639
f 1736 1640 1639
f 1736 1737 1640
f 1737 1641 1640
f 1737 1738 1641
f 1738 1642 1641
f 1738 1739 1642
f 1739 1643 1642
f 1739 1740 1643
f 1740 1644 1643
f 1740 1741 1644
f 1741 1645 1644
f 1741 1742 1645
f 1742 1646 1645
f 1742 1743 1646
f 1743 1647 1646
f 1743 1744 1647
f 1744 1648 1647
f 1744 1745 1648
f 1745 1649 1648
f 1745 1746 1649
f 1746 1650 1649
f 1746 1747 1650
f 1747 1651 1650
f 1747 1748 1651
f 1748 1652 1651
f 1748 1749 1652
f 1749 1653 1652
f 1749 1750 1653
f 1750 1654 1653
f 1750 1751 1654
f 1751 1655 1654
f 1751 1752 1655
f 1752 1656 1655
f 1752 1753 1656
f 1753 1657 1656
f 1753 1754 1657
f 1754 1658 1657
f 1754 1755 1658
f 1755 1659 1658
f 1755 1756 1659
f 1756 1660 1659
f 1756 1757 1660
f 1757 1661 1660
f 1757 1758 1661
f 1758 1662 1661
f 1758 1759 1662
f 1759 1663 1662
f 1759 1760 1663
f 1760 1664 1663
f 1760 1761 1664
f 1761 1665 1664
f 1761 1762 1665
f 1762 1666 1665
f 1762 1763 1666
f 1763 1667 1666
f 1763 1764 1667
f 1764 1668 1667
f 1764 1765 1668
f 1765 1669 1668
f 1765 1766 1669
f 1766 1670 1669
f 1766 1767 1670
f 1767 1671 1670
f 1767 1768 1671
f 1768 1672 1671
f 1768 1769 1672
f 1769 1673 1672
f 1769 1770 1673
f 1770 1674 1673
f 1770 1771 1674
f 1771 1675 1674
f 1771 1772 1675
f 1772 1676 1675
f 1772 1773 1676
f 1773 1677 1676
f 1773 1774 1677
f 1774 1678 1677
f 1774 1775 1678
f 1775 1679 1678
f 1775 1776 1679
f 1776 1680 1679
f 1776 1777 1680
f 1777 1681 1680
f 1777 1778 1681
f 1778 1682 1681
f 1778 1779 1682
f 1779 1683 1682
f 1779 1780 1683
f 1780 1684 1683
f 1780 1781 1684
f 1781 1685 1684
f 1781 1782 1685
f 1782 1686 1685
f 1782 1783 1686
f 1783 1687 1686
f 1783 1784 1687
f 1784 1688 1687
f 1784 1785 1688
f 1785 1689 1688
f 1785 1786 1689
f 1786 1690 1689
f 1786 1787 1690
f 1787 1691 1690
f 1787 1788 1691
f 1788 1692 1691
f 1788 1789 1692
f 1789 1693 1692
f 1789 1790 1693
f 1790 1694 1693
f 1790 1791 1694
f 1791 1695 1694
f 1791 1792 1695
f 1792 1696 1695
f 1792 1793 1696
f 1793 1697 1696
f 1793 1794 1697
f 1794 1698 1697
f 1794 1795 1698
f 1795 1699 1698
f 1795 1796 1699
f 1796 1700 1699
f 1796 1797 1700
f 1797 1701 1700
f 1797 1798 1701
f 1798 1702 1701
f 1798 1799 1702
f 1799 1703 1702
f 1799 1800 1703
f 1800 1704 1703
f 1800 1801 1704
f 1801 1705 1704
f 1801 1802 1705
f 1802 1706 1705
f 1802 1803 1706
f 1803 1707 1706
f 1803 1804 1707
f 1804 1708 1707
f 1804 1805 1708
f 1805 1709 1708
f 1805 1806 1709
f 1806 1710 1709
f 1806 1807 1710
f 1807 1711 1710
f 1807 1808 1711
f 1808 1712 1711
f 1808 1809 1712
f 1809 1713 1712
f 1809 1810 1713
f 1810 1714 1713
f 1810 1811 1714
f 1811 1715 1714
f 1811 1812 1715
f 1812 1716 1715
f 1812 1813 1716
f 1813 1717 1716
f 1813 1814 1717
f 1814 1718 1717
f 1814 1815 1718
f 1815 1719 1718
f 1815 1816 1719
f 1816 1720 1719
f 1816 1817 1720
f 1817 1721 1720
f 1817 1818 1721
f 1818 1722 1721
f 1818 1819 1722
f 1819 1723 1722
f 1819 1820 1723
f 1820 1724 1723
f 1820 1821 1724
f 1821 1725 1724
f 1821 1822 1725
f 1822 1726 1725
f 1822 1823 1726
f 1823 1727 1726
f 1823 1824 1727
f 1824 1728 1727
f 1824 1729 1728
f 1729 1633 1728
f 1825 1826 1729
f 1826 1730 1729
f 1826 1827 1730
f 1827 1731 1730
f 1827 1828 1731
f 1828 1732 1731
f 1828 1829 1732
f 1829 1733 1732
f 1829 1830 1733
f 1830 1734 1733
f 1830 1831 1734
f 1831 1735 1734
f 1831 1832 1735
f 1832 1736 1735
f 1832 1833 1736
f 1833 1737 1736
f 1833 1834 1737
f 1834 1738 1737
f 1834 1835 1738
f 1835 1739 1738
f 1835 1836 1739
f 1836 1740 1739
f 1836 1837 1740
f 1837 1741 1740
f 1837 1838 1741
f 1838 1742 1741
f 1838 1839 1742
f 1839 1743 1742
f 1839 1840 1743
f 1840 1744 1743
f 1840 1841 1744
f 1841 1745 1744
f 1841 1842 1745
f 1842 1746 1745
f 1842 1843 1746
f 1843 1747 1746
f 1843 1844 1747
f 1844 1748 1747
f 1844 1845 1748
f 1845 1749 1748
f 1845 1846 1749
f 1846 1750 1749
f 1846 1847 1750
f 1847 1751 1750
f 1847 1848 1751
f 1848 1752 1751
f 1848 1849 1752
f 1849 1753 1752
f 1849 1850 1753
f 1850 1754 1753
f 1850 1851 1754
f 1851 1755 1754
f 1851 1852 1755
f 1852 1756 1755
f 1852 1853 1756
f 1853 1757 1756
f 1853 1854 1757
f 1854 1758 1757
f 1854 1855 1758
f 1855 1759 1758
f 1855 1856 1759
f 1856 1760 1759
f 1856 1857 1760
f 1857 1761 1760
f 1857 1858 1761
f 1858 1762 1761
f 1858 1859 1762
f 1859 1763 1762
f 1859 1860 1763
f 1860 1764 1763
f 1860 1861 1764
f 1861 1765 1764
f 1861 1862 1765
f 1862 1766 1765
f 1862 1863 1766
f 1863 1767 1766
f 1863 1864 1767
f 1864 1768 1767
f 1864 1865 1768
f 1865 1769 1768
f 1865 1866 1769
f 1866 1770 1769
f 1866 1867 1770
f 1867 1771 1770
f 1867 1868 1771
f 1868 1772 1771
f 1868 1869 1772
f 1869 1773 1772
f 1869 1870 1773
f 1870 1774 1773
f 1870 1871 1774
f 1871 1775 1774
f 1871 1872 1775
f 1872 1776 1775
f 1872 1873 1776
f 1873 1777 1776
f 1873 1874 1777
f 1874 1778 1777
f 1874 1875 1778
f 1875 1779 1778
f 1875 1876 1779
f 1876 1780 1779
f 1876 1877 1780
f 1877 1781 1780
f 1877 1878 1781
f 1878 1782 1781
f 1878 1879 1782
f 1879 1783 1782
f 1879 1880 1783
f 1880 1784 1783
f 1880 1881 1784
f 1881 1785 1784
f 1881 1882 1785
f 1882 1786 1785
f 1882 1883 1786
f 1883 1787 1786
f 1883 1884 1787
f 1884 1788 1787
f 1884 1885 1788
f 1885 1789 1788
f 1885 1886 1789
f 1886 1790 1789
f 1886 1887 1790
f 1887 1791 1790
f 1887 1888 1791
f 1888 1792 1791
f 1888 1889 1792
f 1889 1793 1792
f 1889 1890 1793
f 1890 1794 1793
f 1890 1891 1794
f 1891 1795 1794
f 1891 1892 1795
f 1892 1796 1795
f 1892 1893 1796
f 1893 1797 1796
f 1893 1894 1797
f 1894 1798 1797
f 1894 1895 1798
f 1895 1799 1798
f 1895 1896 1799
f 1896 1800 1799
f 1896 1897 1800
f 1897 1801 1800
f 1897 1898 1801
f 1898 1802 1801
f 1898 1899 1802
f 1899 1803 1802
f 1899 1900 1803
f 1900 1804 1803
f 1900 1901 1804
f 1901 1805 1804
f 1901 1902 1805
f 1902 1806 1805
f 1902 1903 1806
f 1903 1807 1806
f 1903 1904 1807
f 1904 1808 1807
f 1904 1905 1808
f 1905 1809 1808
f 1905 1906 1809
f 1906 1810 1809
f 1906 1907 1810
f 1907 1811 1810
f 1907 1908 1811
f 1908 1812 1811
f 1908 1909 1812
f 1909 1813 1812
f 1909 1910 1813
f 1910 1814 1813
f 1910 1911 1814
f 1911 1815 1814
f 1911 1912 1815
f 1912 1816 1815
f 1912 1913 1816
f 1913 1817 1816
f 1913 1914 1817
f 1914 1818 1817
f 1914 1915 1818
f 1915 1819 1818
f 1915 1916 1819
f 1916 1820 1819
f 1916 1917 1820
f 1917 1821 1820
f 1917 1918 1821
f 1918 1822 1821
f 1918 1919 1822
f 1919 1823 1822
f 1919 1920 1823
f 1920 1824 1823
f 1920 1825 1824
f 1825 1729 1824
f 1921 1922 1825
f 1922 1826 1825
f 1922 1923 1826
f 1923 1827 1826
f 1923 1924 1827
f 1924 1828 1827
f 1924 1925 1828
f 1925 1829 1828
f 1925 1926 1829
f 1926 1830 1829
f 1926 1927 1830
f 1927 1831 1830
f 1927 1928 1831
f 1928 1832 1831
f 1928 1929 1832
f 1929 1833 1832
f 1929 1930 1833
f 1930 1834 1833
f 1930 1931 1834
f 1931 1835 1834
f 1931 1932 1835
f 1932 1836 1835
f 1932 1933 1836
f 1933 1837 1836
f 1933 1934 1837
f 1934 1838 1837
f 1934 1935 1838
f 1935 1839 1838
f 1935 1936 1839
f 1936 1840 1839
f 1936 1937 1840
f 1937 1841 1840
f 1937 1938 1841
f 1938 1842 1841
f 1938 1939 1842
f 1939 1843 1842
f 1939 1940 1843
f 1940 1844 1843
f 1940 1941 1844
f 1941 1845 1844
f 1941 1942 1845
f 1942 1846 1845
f 1942 1943 1846
f 1943 1847 1846
f 1943 1944 1847
f 1944 1848 1847
f 1944 1945 1848
f 1945 1849 1848
f 1945 1946 1849
f 1946 1850 1849
f 1946 1947 1850
f 1947 1851 1850
f 1947 1948 1851
f 1948 1852 1851
f 1948 1949 1852
f 1949 1853 1852
f 1949 1950 1853
f 1950 1854 1853
f 1950 1951 1854
f 1951 1855 1854
f 1951 1952 1855
f 1952 1856 1855
f 1952 1953 1856
f 1953 1857 1856
f 1953 1954 1857
f 1954 1858 1857
f 1954 1955 1858
f 1955 1859 1858
f 1955 1956 1859
f 1956 1860 1859
f 1956 1957 1860
f 1957 1861 1860
f 1957 1958 1861
f 1958 1862 1861
f 1958 1959 1862
f 1959 1863 1862
f 1959 1960 1863
f 1960 1864 1863
f 1960 1961 1864
f 1961 1865 1864
f 1961 1962 1865
f 1962 1866 1865
f 1962 1963 1866
f 1963 1867 1866
f 1963 1964 1867
f 1964 1868 1867
f 1964 1965 1868
f 1965 1869 1868
f 1965 1966 1869
f 1966 1870 1869
f 1966 1967 1870
f 1967 1871 1870
f 1967 1968 1871
f 1968 1872 1871
f 1968 1969 1872
f 1969 1873 1872
f 1969 1970 1873
f 1970 1874 1873
f 1970 1971 1874
f 1971 1875 1874
f 1971 1972 1875
f 1972 1876 1875
f 1972 1973 1876
f 1973 1877 1876
f 1973 1974 1877
f 1974 1878 1877
f 1974 1975 1878
f 1975 1879 1878
f 1975 1976 1879
f 1976 1880 1879
f 1976 1977 1880
f 1977 1881 1880
f 1977 1978 1881
f 1978 1882 1881
f 1978 1979 1882
f 1979 1883 1882
f 1979 1980 1883
f 1980 1884 1883
f 1980 1981 1884
f 1981 1885 1884
f 1981 1982 1885
f 1982 1886 1885
f 1982 1983 1886
f 1983 1887 1886
f 1983 1984 1887
f 1984 1888 1887
f 1984 1985 1888
f 1985 1889 1888
f 1985 1986 1889
f 1986 1890 1889
f 1986 1987 1890
f 1987 1891 1890
f 1987 1988 1891
f 1988 1892 1891
f 1988 1989 1892
f 1989 1893 1892
f 1989 1990 1893
f 1990 1894 1893
f 1990 1991 1894
f 1991 1895 1894
f 1991 1992 1895
f 1992 1896 1895
f 1992 1993 1896
f 1993 1897 1896
f 1993 1994 1897
f 1994 1898 1897
f 1994 1995 1898
f 1995 1899 1898
f 1995 1996 1899
f 1996 1900 1899
f 1996 1997 1900
f 1997 1901 1900
f 1997 1998 1901
f 1998 1902 1901
f 1998 1999 1902
f 1999 1903 1902
f 1999 2000 1903
f 2000 1904 1903
f 2000 2001 1904
f 2001 1905 1904
f 2001 2002 1905
f 2002 1906 1905
f 2002 2003 1906
f 2003 1907 1906
f 2003 2004 1907
f 2004 1908 1907
f 2004 2005 1908
f 2005 1909 1908
f 2005 2006 1909
f 2006 1910 1909
f 2006 2007 1910
f 2007 1911 1910
f 2007 2008 1911
f 2008 1912 1911
f 2008 2009 1912
f 2009 1913 1912
f 2009 2010 1913
f 2010 1914 1913
f 2010 2011 1914
f 2011 1915 1914
f 2011 2012 1915
f 2012 1916 1915
f 2012 2013 1916
f 2013 1917 1916
f 2013 2014 1917
f 2014 1918 1917
f 2014 2015 1918
f 2015 1919 1918
f 2015 2016 1919
f 2016 1920 1919
f 2016 1921 1920
f 1921 1825 1920
f 2017 2018 1921
f 2018 1922 1921
f 2018 2019 1922
f 2019 1923 1922
f 2019 2020 1923
f 2020 1924 1923
f 2020 2021 1924
f 2021 1925 1924
f 2021 2022 1925
f 2022 1926 1925
f 2022 2023 1926
f 2023 1927 1926
f 2023 2024 1927
f 2024 1928 1927
f 2024 2025 1928
f 2025 1929 1928
f 2025 2026 1929
f 2026 1930 1929
f 2026 2027 1930
f 2027 1931 1930
f 2027 2028 1931
f 2028 1932 1931
f 2028 2029 1932
f 2029 1933 1932
f 2029 2030 1933
f 2030 1934 1933
f 2030 2031 1934
f 2031 1935 1934
f 2031 2032 1935
f 2032 1936 1935
f 2032 2033 1936
f 2033 1937 1936
f 2033 2034 1937
f 2034 1938 1937
f 2034 2035 1938
f 2035 1939 1938
f 2035 2036 1939
f 2036 1940 1939
f 2036 2037 1940
f 2037 1941 1940
f 2037 2038 1941
f 2038 1942 1941
f 2038 2039 1942
f 2039 1943 1942
f 2039 2040 1943
f 2040 1944 1943
f 2040 2041 1944
f 2041 1945 1944
f 2041 2042 1945
f 2042 1946 1945
f 2042 2043 1946
f 2043 1947 1946
f 2043 2044 1947
f 2044 1948 1947
f 2044 2045 1948
f 2045 1949 1948
f 2045 2046 1949
f 2046 1950 1949
f 2046 2047 1950
f 2047 1951 1950
f 2047 2048 1951
f 2048 1952 1951
f 2048 2049 1952
f 2049 1953 1952
f 2049 2050 1953
f 2050 1954 1953
f 2050 2051 1954
f 2051 1955 1954
f 2051 2052 1955
f 2052 1956 1955
f 2052 2053 1956
f 2053 1957 1956
f 2053 2054 1957
f 2054 1958 1957
f 2054 2055 1958
f 2055 1959 1958
f 2055 2056 1959
f 2056 1960 1959
f 2056 2057 1960
f 2057 1961 1960
f 2057 2058 1961
f 2058 1962 1961
f 2058 2059 1962
f 2059 1963 1962
f 2059 2060 1963
f 2060 1964 1963
f 2060 2061 1964
f 2061 1965 1964
f 2061 2062 1965
f 2062 1966 1965
f 2062 2063 1966
f 2063 1967 1966
f 2063 2064 1967
f 2064 1968 1967
f 2064 2065 1968
f 2065 1969 1968
f 2065 2066 1969
f 2066 1970 1969
f 2066 2067 1970
f 2067 1971 1970
f 2067 2068 1971
f 2068 1972 1971
f 2068 2069 1972
f 2069 1973 1972
f 2069 2070 1973
f 2070 1974 1973
f 2070 2071 1974
f 2071 1975 1974
f 2071 2072 1975
f 2072 1976 1975
f 2072 2073 1976
f 2073 1977 1976
f 2073 2074 1977
f 2074 1978 1977
f 2074 2075 1978
f 2075 1979 1978
f 2075 2076 1979
f 2076 1980 1979
f 2076 2077 1980
f 2077 1981 1980
f 2077 2078 1981
f 2078 1982 1981
f 2078 2079 1982
f 2079 1983 1982
f 2079 2080 1983
f 2080 1984 1983
f 2080 2081 1984
f 2081 1985 1984
f 2081 2082 1985
f 2082 1986 1985
f 2082 2083 1986
f 2083 1987 1986
f 2083 2084 1987
f 2084 1988 1987
f 2084 2085 1988
f 2085 1989 1988
f 2085 2086 1989
f 2086 1990 1989
f 2086 2087 1990
f 2087 1991 1990
f 2087 2088 1991
f 2088 1992 1991
f 2088 2089 1992
f 2089 1993 1992
f 2089 2090 1993
f 2090 1994 1993
f 2090 2091 1994
f 2091 1995 1994
f 2091 2092 1995
f 2092 1996 1995
f 2092 2093 1996
f 2093 1997 1996
f 2093 2094 1997
f 2094 1998 1997
f 2094 2095 1998
f 2095 1999 1998
f 2095 2096 1999
f 2096 2000 1999
f 2096 2097 2000
f 2097 2001 2000
f 2097 2098 2001
f 2098 2002 2001
f 2098 2099 2002
f 2099 2003 2002
f 2099 2100 2003
f 2100 2004 2003
f 2100 2101 2004
f 2101 2005 2004
f 2101 2102 2005
f 2102 2006 2005
f 2102 2103 2006
f 2103 2007 2006
f 2103 2104 2007
f 2104 2008 2007
f 2104 2105 2008
f 2105 2009 2008
f 2105 2106 2009
f 2106 2010 2009
f 2106 2107 2010
f 2107 2011 2010
f 2107 2108 2011
f 2108 2012 2011
f 2108 2109 2012
f 2109 2013 2012
f 2109 2110 2013
f 2110 2014 2013
f 2110 2111 2014
f 2111 2015 2014
f 2111 2112 2015
f 2112 2016 2015
f 2112 2017 2016
f 2017 1921 2016
f 2113 2114 2017
f 2114 2018 2017
f 2114 2115 2018
f 2115 2019 2018
f 2115 2116 2019
f 2116 2020 2019
f 2116 2117 2020
f 2117 2021 2020
f 2117 2118 2021
f 2118 2022 2021
f 2118 2119 2022
f 2119 2023 2022
f 2119 2120 2023
f 2120 2024 2023
f 2120 2121 2024
f 2121 2025 2024
f 2121 2122 2025
f 2122 2026 2025
f 2122 2123 2026
f 2123 2027 2026
f 2123 2124 2027
f 2124 2028 2027
f 2124 2125 2028
f 2125 2029 2028
f 2125 2126 2029
f 2126 2030 2029
f 2126 2127 2030
f 2127 2031 2030
f 2127 2128 2031
f 2128 2032 2031
f 2128 2129 2032
f 2129 2033 2032
f 2129 2130 2033
f 2130 2034 2033
f 2130 2131 2034
f 2131 2035 2034
f 2131 2132 2035
f 2132 2036 2035
f 2132 2133 2036
f 2133 2037 2036
f 2133 2134 2037
f 2134 2038 2037
f 2134 2135 2038
f 2135 2039 2038
f 2135 2136 2039
f 2136 2040 2039
f 2136 2137 2040
f 2137 2041 2040
f 2137 2138 2041
f 2138 2042 2041
f 2138 2139 2042
f 2139 2043 2042
f 2139 2140 2043
f 2140 2044 2043
f 2140 2141 2044
f 2141 2045 2044
f 2141 2142 2045
f 2142 2046 2045
f 2142 2143 2046
f 2143 2047 2046
f 2143 2144 2047
f 2144 2048 2047
f 2144 2145 2048
f 2145 2049 2048
f 2145 2146 2049
f 2146 2050 2049
f 2146 2147 2050
f 2147 2051 2050
f 2147 2148 2051
f 2148 2052 2051
f 2148 2149 2052
f 2149 2053 2052
f 2149 2150 2053
f 2150 2054 2053
f 2150 2151 2054
f 2151 2055 2054
f 2151 2152 2055
f 2152 2056 2055
f 2152 2153 2056
f 2153 2057 2056
f 2153 2154 2057
f 2154 2058 2057
f 2154 2155 2058
f 2155 2059 2058
f 2155 2156 2059
f 2156 2060 2059
f 2156 2157 2060
f 2157 2061 2060
f 2157 2158 2061
f 2158 2062 2061
f 2158 2159 2062
f 2159 2063 2062
f 2159 2160 2063
f 2160 2064 2063
f 2160 2161 2064
f 2161 2065 2064
f 2161 2162 2065
f 2162 2066 2065
f 2162 2163 2066
f 2163 2067 2066
f 2163 2164 2067
f 2164 2068 2067
f 2164 2165 2068
f 2165 2069 2068
f 2165 2166 2069
f 2166 2070 2069
f 2166 2167 2070
f 2167 2071 2070
f 2167 2168 2071
f 2168 2072 2071
f 2168 2169 2072
f 2169 2073 2072
f 2169 2170 2073
f 2170 2074 2073
f 2170 2171 2074
f 2171 2075 2074
f 2171 2172 2075
f 2172 2076 2075
f 2172 2173 2076
f 2173 2077 2076
f 2173 2174 2077
f 2174 2078 2077
f 2174 2175 2078
f 2175 2079 2078
f 2175 2176 2079
f 2176 2080 2079
f 2176 2177 2080
f 2177 2081 2080
f 2177 2178 2081
f 2178 2082 2081
f 2178 2179 2082
f 2179 2083 2082
f 2179 2180 2083
f 2180 2084 2083
f 2180 2181 2084
f 2181 2085 2084
f 2181 2182 2085
f 2182 2086 2085
f 2182 2183 2086
f 2183 2087 2086
f 2183 2184 2087
f 2184 2088 2087
f 2184 2185 2088
f 2185 2089 2088
f 2185 2186 2089
f 2186 2090 2089
f 2186 2187 2090
f 2187 2091 2090
f 2187 2188 2091
f 2188 2092 2091
f 2188 2189 2092
f 2189 2093 2092
f 2189 2190 2093
f 2190 2094 2093
f 2190 2191 2094
f 2191 2095 2094
f 2191 2192 2095
f 2192 2096 2095
f 2192 2193 2096
f 2193 2097 2096
f 2193 2194 2097
f 2194 2098 2097
f 2194 2195 2098
f 2195 2099 2098
f 2195 2196 2099
f 2196 2100 2099
f 2196 2197 2100
f 2197 2101 2100
f 2197 2198 2101
f 2198 2102 2101
f 2198 2199 2102
f 2199 2103 2102
f 2199 2200 2103
f 2200 2104 2103
f 2200 2201 2104
f 2201 2105 2104
f 2201 2202 2105
f 2202 2106 2105
f 2202 2203 2106
f 2203 2107 2106
f 2203 2204 2107
f 2204 2108 2107
f 2204 2205 2108
f 2205 2109 2108
f 2205 2206 2109
f 2206 2110 2109
f 2206 2207 2110
f 2207 2111 2110
f 2207 2208 2111
f 2208 2112 2111
f 2208 2113 2112
f 2113 2017 2112
f 2209 2210 2113
f 2210 2114 2113
f 2210 2211 2114
f 2211 2115 2114
f 2211 2212 2115
f 2212 2116 2115
f 2212 2213 2116
f 2213 2117 2116
f 2213 2214 2117
f 2214 2118 2117
f 2214 2215 2118
f 2215 2119 2118
f 2215 2216 2119
f 2216 2120 2119
f 2216 2217 2120
f 2217 2121 2120
f 2217 2218 2121
f 2218 2122 2121
f 2218 2219 2122
f 2219 2123 2122
f 2219 2220 2123
f 2220 2124 2123
f 2220 2221 2124
f 2221 2125 2124
f 2221 2222 2125
f 2222 2126 2125
f 2222 2223 2126
f 2223 2127 2126
f 2223 2224 2127
f 2224 2128 2127
f 2224 2225 2128
f 2225 2129 2128
f 2225 2226 2129
f 2226 2130 2129
f 2226 2227 2130
f 2227 2131 2130
f 2227 2228 2131
f 2228 2132 2131
f 2228 2229 2132
f 2229 2133 2132
f 2229 2230 2133
f 2230 2134 2133
f 2230 2231 2134
f 2231 2135 2134
f 2231 2232 2135
f 2232 2136 2135
f 2232 2233 2136
f 2233 2137 2136
f 2233 2234 2137
f 2234 2138 2137
f 2234 2235 2138
f 2235 2139 2138
f 2235 2236 2139
f 2236 2140 2139
f 2236 2237 2140
f 2237 2141 2140
f 2237 2238 2141
f 2238 2142 2141
f 2238 2239 2142
f 2239 2143 2142
f 2239 2240 2143
f 2240 2144 2143
f 2240 2241 2144
f 2241 2145 2144
f 2241 2242 2145
f 2242 2146 2145
f 2242 2243 2146
f 2243 2147 2146
f 2243 2244 2147
f 2244 2148 2147
f 2244 2245 2148
f 2245 2149 2148
f 2245 2246 2149
f 2246 2150 2149
f 2246 2247 2150
f 2247 2151 2150
f 2247 2248 2151
f 2248 2152 2151
f 2248 2249 2152
f 2249 2153 2152
f 2249 2250 2153
f 2250 2154 2153
f 2250 2251 2154
f 2251 2155 2154
f 2251 2252 2155
f 2252 2156 2155
f 2252 2253 2156
f 2253 2157 2156
f 2253 2254 2157
f 2254 2158 2157
f 2254 2255 2158
f 2255 2159 2158
f 2255 2256 2159
f 2256 2160 2159
f 2256 2257 2160
f 2257 2161 2160
f 2257 2258 2161
f 2258 2162 2161
f 2258 2259 2162
f 2259 2163 2162
f 2259 2260 2163
f 2260 2164 2163
f 2260 2261 2164
f 2261 2165 2164
f 2261 2262 2165
f 2262 2166 2165
f 2262 2263 2166
f 2263 2167 2166
f 2263 2264 2167
f 2264 2168 2167
f 2264 2265 2168
f 2265 2169 2168
f 2265 2266 2169
f 2266 2170 2169
f 2266 2267 2170
f 2267 2171 2170
f 2267 2268 2171
f 2268 2172 2171
f 2268 2269 2172
f 2269 2173 2172
f 2269 2270 2173
f 2270 2174 2173
f 2270 2271 2174
f 2271 2175 2174
f 2271 2272 2175
f 2272 2176 2175
f 2272 2273 2176
f 2273 2177 2176
f 2273 2274 2177
f 2274 2178 2177
f 2274 2275 2178
f 2275 2179 2178
f 2275 2276 2179
f 2276 2180 2179
f 2276 2277 2180
f 2277 2181 2180
f 2277 2278 2181
f 2278 2182 2181
f 2278 2279 2182
f 2279 2183 2182
f 2279 2280 2183
f 2280 2184 2183
f 2280 2281 2184
f 2281 2185 2184
f 2281 2282 2185
f 2282 2186 2185
f 2282 2283 2186
f 2283 2187 2186
f 2283 2284 2187
f 2284 2188 2187
f 2284 2285 2188
f 2285 2189 2188
f 2285 2286 2189
f 2286 2190 2189
f 2286 2287 2190
f 2287 2191 2190
f 2287 2288 2191
f 2288 2192 2191
f 2288 2289 2192
f 2289 2193 2192
f 2289 2290 2193
f 2290 2194 2193
f 2290 2291 2194
f 2291 2195 2194
f 2291 2292 2195
f 2292 2196 2195
f 2292 2293 2196
f 2293 2197 2196
f 2293 2294 2197
f 2294 2198 2197
f 2294 2295 2198
f 2295 2199 2198
f 2295 2296 2199
f 2296 2200 2199
f 2296 2297 2200
f 2297 2201 2200
f 2297 2298 2201
f 2298 2202 2201
f 2298 2299 2202
f 2299 2203 2202
f 2299 2300 2203
f 2300 2204 2203
f 2300 2301 2204
f 2301 2205 2204
f 2301 2302 2205
f 2302 2206 2205
f 2302 2303 2206
f 2303 2207 2206
f 2303 2304 2207
f 2304 2208 2207
f 2304 2209 2208
f 2209 2113 2208
f 2305 2306 2209
f 2306 2210 2209
f 2306 2307 2210
f 2307 2211 2210
f 2307 2308 2211
f 2308 2212 2211
f 2308 2309 2212
f 2309 2213 2212
f 2309 2310 2213
f 2310 2214 2213
f 2310 2311 2214
f 2311 2215 2214
f 2311 2312 2215
f 2312 2216 2215
f 2312 2313 2216
f 2313 2217 2216
f 2313 2314 2217
f 2314 2218 2217
f 2314 2315 2218
f 2315 2219 2218
f 2315 2316 2219
f 2316 2220 2219
f 2316 2317 2220
f 2317 2221 2220
f 2317 2318 2221
f 2318 2222 2221
f 2318 2319 2222
f 2319 2223 2222
f 2319 2320 2223
f 2320 2224 2223
f 2320 2321 2224
f 2321 2225 2224
f 2321 2322 2225
f 2322 2226 2225
f 2322 2323 2226
f 2323 2227 2226
f 2323 2324 2227
f 2324 2228 2227
f 2324 2325 2228
f 2325 2229 2228
f 2325 2326 2229
f 2326 2230 2229
f 2326 2327 2230
f 2327 2231 2230
f 2327 2328 2231
f 2328 2232 2231
f 2328 2329 2232
f 2329 2233 2232
f 2329 2330 2233
f 2330 2234 2233
f 2330 2331 2234
f 2331 2235 2234
f 2331 2332 2235
f 2332 2236 2235
f 2332 2333 2236
f 2333 2237 2236
f 2333 2334 2237
f 2334 2238 2237
f 2334 2335 2238
f 2335 2239 2238
f 2335 2336 2239
f 2336 2240 2239
f 2336 2337 2240
f 2337 2241 2240
f 2337 2338 2241
f 2338 2242 2241
f 2338 2339 2242
f 2339 2243 2242
f 2339 2340 2243
f 2340 2244 2243
f 2340 2341 2244
f 2341 2245 2244
f 2341 2342 2245
f 2342 2246 2245
f 2342 2343 2246
f 2343 2247 2246
f 2343 2344 2247
f 2344 2248 2247
f 2344 2345 2248
f 2345 2249 2248
f 2345 2346 2249
f 2346 2250 2249
f 2346 2347 2250
f 2347 2251 2250
f 2347 2348 2251
f 2348 2252 2251
f 2348 2349 2252
f 2349 2253 2252
f 2349 2350 2253
f 2350 2254 2253
f 2350 2351 2254
f 2351 2255 2254
f 2351 2352 2255
f 2352 2256 2255
f 2352 2353 2256
f 2353 2257 2256
f 2353 2354 2257
f 2354 2258 2257
f 2354 2355 2258
f 2355 2259 2258
f 2355 2356 2259
f 2356 2260 2259
f 2356 2357 2260
f 2357 2261 2260
f 2357 2358 2261
f 2358 2262 2261
f 2358 2359 2262
f 2359 2263 2262
f 2359 2360 2263
f 2360 2264 2263
f 2360 2361 2264
f 2361 2265 2264
f 2361 2362 2265
f 2362 2266 2265
f 2362 2363 2266
f 2363 2267 2266
f 2363 2364 2267
f 2364 2268 2267
f 2364 2365 2268
f 2365 2269 2268
f 2365 2366 2269
f 2366 2270 2269
f 2366 2367 2270
f 2367 2271 2270
f 2367 2368 2271
f 2368 2272 2271
f 2368 2369 2272
f 2369 2273 2272
f 2369 2370 2273
f 2370 2274 2273
f 2370 2371 2274
f 2371 2275 2274
f 2371 2372 2275
f 2372 2276 2275
f 2372 2373 2276
f 2373 2277 2276
f 2373 2374 2277
f 2374 2278 2277
f 2374 2375 2278
f 2375 2279 2278
f 2375 2376 2279
f 2376 2280 2279
f 2376 2377 2280
f 2377 2281 2280
f 2377 2378 2281
f 2378 2282 2281
f 2378 2379 2282
f 2379 2283 2282
f 2379 2380 2283
f 2380 2284 2283
f 2380 2381 2284
f 2381 2285 2284
f 2381 2382 2285
f 2382 2286 2285
f 2382 2383 2286
f 2383 2287 2286
f 2383 2384 2287
f 2384 2288 2287
f 2384 2385 2288
f 2385 2289 2288
f 2385 2386 2289
f 2386 2290 2289
f 2386 2387 2290
f 2387 2291 2290
f 2387 2388 2291
f 2388 2292 2291
f 2388 2389 2292
f 2389 2293 2292
f 2389 2390 2293
f 2390 2294 2293
f 2390 2391 2294
f 2391 2295 2294
f 2391 2392 2295
f 2392 2296 2295
f 2392 2393 2296
f 2393 2297 2296
f 2393 2394 2297
f 2394 2298 2297
f 2394 2395 2298
f 2395 2299 2298
f 2395 2396 2299
f 2396 2300 2299
f 2396 2397 2300
f 2397 2301 2300
f 2397 2398 2301
f 2398 2302 2301
f 2398 2399 2302
f 2399 2303 2302
f 2399 2400 2303
f 2400 2304 2303
f 2400 2305 2304
f 2305 2209 2304
f 2401 2402 2305
f 2402 2306 2305
f 2402 2403 2306
f 2403 2307 2306
f 2403 2404 2307
f 2404 2308 2307
f 2404 2405 2308
f 2405 2309 2308
f 2405 2406 2309
f 2406 2310 2309
f 2406 2407 2310
f 2407 2311 2310
f 2407 2408 2311
f 2408 2312 2311
f 2408 2409 2312
f 2409 2313 2312
f 2409 2410 2313
f 2410 2314 2313
f 2410 2411 2314
f 2411 2315 2314
f 2411 2412 2315
f 2412 2316 2315
f 2412 2413 2316
f 2413 2317 2316
f 2413 2414 2317
f 2414 2318 2317
f 2414 2415 2318
f 2415 2319 2318
f 2415 2416 2319
f 2416 2320 2319
f 2416 2417 2320
f 2417 2321 2320
f 2417 2418 2321
f 2418 2322 2321
f 2418 2419 2322
f 2419 2323 2322
f 2419 2420 2323
f 2420 2324 2323
f 2420 2421 2324
f 2421 2325 2324
f 2421 2422 2325
f 2422 2326 2325
f 2422 2423 2326
f 2423 2327 2326
f 2423 2424 2327
f 2424 2328 2327
f 2424 2425 2328
f 2425 2329 2328
f 2425 2426 2329
f 2426 2330 2329
f 2426 2427 2330
f 2427 2331 2330
f 2427 2428 2331
f 2428 2332 2331
f 2428 2429 2332
f 2429 2333 2332
f 2429 2430 2333
f 2430 2334 2333
f 2430 2431 2334
f 2431 2335 2334
f 2431 2432 2335
f 2432 2336 2335
f 2432 2433 2336
f 2433 2337 2336
f 2433 2434 2337
f 2434 2338 2337
f 2434 2435 2338
f 2435 2339 2338
f 2435 2436 2339
f 2436 2340 2339
f 2436 2437 2340
f 2437 2341 2340
f 2437 2438 2341
f 2438 2342 2341
f 2438 2439 2342
f 2439 2343 2342
f 2439 2440 2343
f 2440 2344 2343
f 2440 2441 2344
f 2441 2345 2344
f 2441 2442 2345
f 2442 2346 2345
f 2442 2443 2346
f 2443 2347 2346
f 2443 2444 2347
f 2444 2348 2347
f 2444 2445 2348
f 2445 2349 2348
f 2445 2446 2349
f 2446 2350 2349
f 2446 2447 2350
f 2447 2351 2350
f 2447 2448 2351
f 2448 2352 2351
f 2448 2449 2352
f 2449 2353 2352
f 2449 2450 2353
f 2450 2354 2353
f 2450 2451 2354
f 2451 2355 2354
f 2451 2452 2355
f 2452 2356 2355
f 2452 2453 2356
f 2453 2357 2356
f 2453 2454 2357
f 2454 2358 2357
f 2454 2455 2358
f 2455 2359 2358
f 2455 2456 2359
f 2456 2360 2359
f 2456 2457 2360
f 2457 2361 2360
f 2457 2458 2361
f 2458 2362 2361
f 2458 2459 2362
f 2459 2363 2362
f 2459 2460 2363
f 2460 2364 2363
f 2460 2461 2364
f 2461 2365 2364
f 2461 2462 2365
f 2462 2366 2365
f 2462 2463 2366
f 2463 2367 2366
f 2463 2464 2367
f 2464 2368 2367
f 2464 2465 2368
f 2465 2369 2368
f 2465 2466 2369
f 2466 2370 2369
f 2466 2467 2370
f 2467 2371 2370
f 2467 2468 2371
f 2468 2372 2371
f 2468 2469 2372
f 2469 2373 2372
f 2469 2470 2373
f 2470 2374 2373
f 2470 2471 2374
f 2471 2375 2374
f 2471 2472 2375
f 2472 2376 2375
f 2472 2473 2376
f 2473 2377 2376
f 2473 2474 2377
f 2474 2378 2377
f 2474 2475 2378
f 2475 2379 2378
f 2475 2476 2379
f 2476 2380 2379
f 2476 2477 2380
f 2477 2381 2380
f 2477 2478 2381
f 2478 2382 2381
f 2478 2479 2382
f 2479 2383 2382
f 2479 2480 2383
f 2480 2384 2383
f 2480 2481 2384
f 2481 2385 2384
f 2481 2482 2385
f 2482 2386 2385
f 2482 2483 2386
f 2483 2387 2386
f 2483 2484 2387
f 2484 2388 2387
f 2484 2485 2388
f 2485 2389 2388
f 2485 2486 2389
f 2486 2390 2389
f 2486 2487 2390
f 2487 2391 2390
f 2487 2488 2391
f 2488 2392 2391
f 2488 2489 2392
f 2489 2393 2392
f 2489 2490 2393
f 2490 2394 2393
f 2490 2491 2394
f 2491 2395 2394
f 2491 2492 2395
f 2492 2396 2395
f 2492 2493 2396
f 2493 2397 2396
f 2493 2494 2397
f 2494 2398 2397
f 2494 2495 2398
f 2495 2399 2398
f 2495 2496 2399
f 2496 2400 2399
f 2496 2401 2400
f 2401 2305 2400
f 2497 2498 2401
f 2498 2402 2401
f 2498 2499 2402
f 2499 2403 2402
f 2499 2500 2403
f 2500 2404 2403
f 2500 2501 2404
f 2501 2405 2404
f 2501 2502 2405
f 2502 2406 2405
f 2502 2503 2406
f 2503 2407 2406
f 2503 2504 2407
f 2504 2408 2407
f 2504 2505 2408
f 2505 2409 2408
f 2505 2506 2409
f 2506 2410 2409
f 2506 2507 2410
f 2507 2411 2410
f 2507 2508 2411
f 2508 2412 2411
f 2508 2509 2412
f 2509 2413 2412
f 2509 2510 2413
f 2510 2414 2413
f 2510 2511 2414
f 2511 2415 2414
f 2511 2512 2415
f 2512 2416 2415
f 2512 2513 2416
f 2513 2417 2416
f 2513 2514 2417
f 2514 2418 2417
f 2514 2515 2418
f 2515 2419 2418
f 2515 2516 2419
f 2516 2420 2419
f 2516 2517 2420
f 2517 2421 2420
f 2517 2518 2421
f 2518 2422 2421
f 2518 2519 2422
f 2519 2423 2422
f 2519 2520 2423
f 2520 2424 2423
f 2520 2521 2424
f 2521 2425 2424
f 2521 2522 2425
f 2522 2426 2425
f 2522 2523 2426
f 2523 2427 2426
f 2523 2524 2427
f 2524 2428 2427
f 2524 2525 2428
f 2525 2429 2428
f 2525 2526 2429
f 2526 2430 2429
f 2526 2527 2430
f 2527 2431 2430
f 2527 2528 2431
f 2528 2432 2431
f 2528 2529 2432
f 2529 2433 2432
f 2529 2530 2433
f 2530 2434 2433
f 2530 2531 2434
f 2531 2435 2434
f 2531 2532 2435
f 2532 2436 2435
f 2532 2533 2436
f 2533 2437 2436
f 2533 2534 2437
f 2534 2438 2437
f 2534 2535 2438
f 2535 2439 2438
f 2535 2536 2439
f 2536 2440 2439
f 2536 2537 2440
f 2537 2441 2440
f 2537 2538 2441
f 2538 2442 2441
f 2538 2539 2442
f 2539 2443 2442
f 2539 2540 2443
f 2540 2444 2443
f 2540 2541 2444
f 2541 2445 2444
f 2541 2542 2445
f 2542 2446 2445
f 2542 2543 2446
f 2543 2447 2446
f 2543 2544 2447
f 2544 2448 2447
f 2544 2545 2448
f 2545 2449 2448
f 2545 2546 2449
f 2546 2450 2449
f 2546 2547 2450
f 2547 2451 2450
f 2547 2548 2451
f 2548 2452 2451
f 2548 2549 2452
f 2549 2453 2452
f 2549 2550 2453
f 2550 2454 2453
f 2550 2551 2454
f 2551 2455 2454
f 2551 2552 2455
f 2552 2456 2455
f 2552 2553 2456
f 2553 2457 2456
f 2553 2554 2457
f 2554 2458 2457
f 2554 2555 2458
f 2555 2459 2458
f 2555 2556 2459
f 2556 2460 2459
f 2556 2557 2460
f 2557 2461 2460
f 2557 2558 2461
f 2558 2462 2461
f 2558 2559 2462
f 2559 2463 2462
f 2559 2560 2463
f 2560 2464 2463
f 2560 2561 2464
f 2561 2465 2464
f 2561 2562 2465
f 2562 2466 2465
f 2562 2563 2466
f 2563 2467 2466
f 2563 2564 2467
f 2564 2468 2467
f 2564 2565 2468
f 2565 2469 2468
f 2565 2566 2469
f 2566 2470 2469
f 2566 2567 2470
f 2567 2471 2470
f 2567 2568 2471
f 2568 2472 2471
f 2568 2569 2472
f 2569 2473 2472
f 2569 2570 2473
f 2570 2474 2473
f 2570 2571 2474
f 2571 2475 2474
f 2571 2572 2475
f 2572 2476 2475
f 2572 2573 2476
f 2573 2477 2476
f 2573 2574 2477
f 2574 2478 2477
f 2574 2575 2478
f 2575 2479 2478
f 2575 2576 2479
f 2576 2480 2479
f 2576 2577 2480
f 2577 2481 2480
f 2577 2578 2481
f 2578 2482 2481
f 2578 2579 2482
f 2579 2483 2482
f 2579 2580 2483
f 2580 2484 2483
f 2580 2581 2484
f 2581 2485 2484
f 2581 2582 2485
f 2582 2486 2485
f 2582 2583 2486
f 2583 2487 2486
f 2583 2584 2487
f 2584 2488 2487
f 2584 2585 2488
f 2585 2489 2488
f 2585 2586 2489
f 2586 2490 2489
f 2586 2587 2490
f 2587 2491 2490
f 2587 2588 2491
f 2588 2492 2491
f 2588 2589 2492
f 2589 2493 2492
f 2589 2590 2493
f 2590 2494 2493
f 2590 2591 2494
f 2591 2495 2494
f 2591 2592 2495
f 2592 2496 2495
f 2592 2497 2496
f 2497 2401 2496
f 2593 2594 2497
f 2594 2498 2497
f 2594 2595 2498
f 2595 2499 2498
f 2595 2596 2499
f 2596 2500 2499
f 2596 2597 2500
f 2597 2501 2500
f 2597 2598 2501
f 2598 2502 2501
f 2598 2599 2502
f 2599 2503 2502
f 2599 2600 2503
f 2600 2504 2503
f 2600 2601 2504
f 2601 2505 2504
f 2601 2602 2505
f 2602 2506 2505
f 2602 2603 2506
f 2603 2507 2506
f 2603 2604 2507
f 2604 2508 2507
f 2604 2605 2508
f 2605 2509 2508
f 2605 2606 2509
f 2606 2510 2509
f 2606 2607 2510
f 2607 2511 2510
f 2607 2608 2511
f 2608 2512 2511
f 2608 2609 2512
f 2609 2513 2512
f 2609 2610 2513
f 2610 2514 2513
f 2610 2611 2514
f 2611 2515 2514
f 2611 2612 2515
f 2612 2516 2515
f 2612 2613 2516
f 2613 2517 2516
f 2613 2614 2517
f 2614 2518 2517
f 2614 2615 2518
f 2615 2519 2518
f 2615 2616 2519
f 2616 2520 2519
f 2616 2617 2520
f 2617 2521 2520
f 2617 2618 2521
f 2618 2522 2521
f 2618 2619 2522
f 2619 2523 2522
f 2619 2620 2523
f 2620 2524 2523
f 2620 2621 2524
f 2621 2525 2524
f 2621 2622 2525
f 2622 2526 2525
f 2622 2623 2526
f 2623 2527 2526
f 2623 2624 2527
f 2624 2528 2527
f 2624 2625 2528
f 2625 2529 2528
f 2625 2626 2529
f 2626 2530 2529
f 2626 2627 2530
f 2627 2531 2530
f 2627 2628 2531
f 2628 2532 2531
f 2628 2629 2532
f 2629 2533 2532
f 2629 2630 2533
f 2630 2534 2533
f 2630 2631 2534
f 2631 2535 2534
f 2631 2632 2535
f 2632 2536 2535
f 2632 2633 2536
f 2633 2537 2536
f 2633 2634 2537
f 2634 2538 2537
f 2634 2635 2538
f 2635 2539 2538
f 2635 2636 2539
f 2636 2540 2539
f 2636 2637 2540
f 2637 2541 2540
f 2637 2638 2541
f 2638 2542 2541
f 2638 2639 2542
f 2639 2543 2542
f 2639 2640 2543
f 2640 2544 2543
f 2640 2641 2544
f 2641 2545 2544
f 2641 2642 2545
f 2642 2546 2545
f 2642 2643 2546
f 2643 2547 2546
f 2643 2644 2547
f 2644 2548 2547
f 2644 2645 2548
f 2645 2549 2548
f 2645 2646 2549
f 2646 2550 2549
f 2646 2647 2550
f 2647 2551 2550
f 2647 2648 2551
f 2648 2552 2551
f 2648 2649 2552
f 2649 2553 2552
f 2649 2650 2553
f 2650 2554 2553
f 2650 2651 2554
f 2651 2555 2554
f 2651 2652 2555
f 2652 2556 2555
f 2652 2653 2556
f 2653 2557 2556
f 2653 2654 2557
f 2654 2558 2557
f 2654 2655 2558
f 2655 2559 2558
f 2655 2656 2559
f 2656 2560 2559
f 2656 2657 2560
f 2657 2561 2560
f 2657 2658 2561
f 2658 2562 2561
f 2658 2659 2562
f 2659 2563 2562
f 2659 2660 2563
f 2660 2564 2563
f 2660 2661 2564
f 2661 2565 2564
f 2661 2662 2565
f 2662 2566 2565
f 2662 2663 2566
f 2663 2567 2566
f 2663 2664 2567
f 2664 2568 2567
f 2664 2665 2568
f 2665 2569 2568
f 2665 2666 2569
f 2666 2570 2569
f 2666 2667 2570
f 2667 2571 2570
f 2667 2668 2571
f 2668 2572 2571
f 2668 2669 2572
f 2669 2573 2572
f 2669 2670 2573
f 2670 2574 2573
f 2670 2671 2574
f 2671 2575 2574
f 2671 2672 2575
f 2672 2576 2575
f 2672 2673 2576
f 2673 2577 2576
f 2673 2674 2577
f 2674 2578 2577
f 2674 2675 2578
f 2675 2579 2578
f 2675 2676 2579
f 2676 2580 2579
f 2676 2677 2580
f 2677 2581 2580
f 2677 2678 2581
f 2678 2582 2581
f 2678 2679 2582
f 2679 2583 2582
f 2679 2680 2583
f 2680 2584 2583
f 2680 2681 2584
f 2681 2585 2584
f 2681 2682 2585
f 2682 2586 2585
f 2682 2683 2586
f 2683 2587 2586
f 2683 2684 2587
f 2684 2588 2587
f 2684 2685 2588
f 2685 2589 2588
f 2685 2686 2589
f 2686 2590 2589
f 2686 2687 2590
f 2687 2591 2590
f 2687 2688 2591
f 2688 2592 2591
f 2688 2593 2592
f 2593 2497 2592
f 2689 2690 2593
f 2690 2594 2593
f 2690 2691 2594
f 2691 2595 2594
f 2691 2692 2595
f 2692 2596 2595
f 2692 2693 2596
f 2693 2597 2596
f 2693 2694 2597
f 2694 2598 2597
f 2694 2695 2598
f 2695 2599 2598
f 2695 2696 2599
f 2696 2600 2599
f 2696 2697 2600
f 2697 2601 2600
f 2697 2698 2601
f 2698 2602 2601
f 2698 2699 2602
f 2699 2603 2602
f 2699 2700 2603
f 2700 2604 2603
f 2700 2701 2604
f 2701 2605 2604
f 2701 2702 2605
f 2702 2606 2605
f 2702 2703 2606
f 2703 2607 2606
f 2703 2704 2607
f 2704 2608 2607
f 2704 2705 2608
f 2705 2609 2608
f 2705 2706 2609
f 2706 2610 2609
f 2706 2707 2610
f 2707 2611 2610
f 2707 2708 2611
f 2708 2612 2611
f 2708 2709 2612
f 2709 2613 2612
f 2709 2710 2613
f 2710 2614 2613
f 2710 2711 2614
f 2711 2615 2614
f 2711 2712 2615
f 2712 2616 2615
f 2712 2713 2616
f 2713 2617 2616
f 2713 2714 2617
f 2714 2618 2617
f 2714 2715 2618
f 2715 2619 2618
f 2715 2716 2619
f 2716 2620 2619
f 2716 2717 2620
f 2717 2621 2620
f 2717 2718 2621
f 2718 2622 2621
f 2718 2719 2622
f 2719 2623 2622
f 2719 2720 2623
f 2720 2624 2623
f 2720 2721 2624
f 2721 2625 2624
f 2721 2722 2625
f 2722 2626 2625
f 2722 2723 2626
f 2723 2627 2626
f 2723 2724 2627
f 2724 2628 2627
f 2724 2725 2628
f 2725 2629 2628
f 2725 2726 2629
f 2726 2630 2629
f 2726 2727 2630
f 2727 2631 2630
f 2727 2728 2631
f 2728 2632 2631
f 2728 2729 2632
f 2729 2633 2632
f 2729 2730 2633
f 2730 2634 2633
f 2730 2731 2634
f 2731 2635 2634
f 2731 2732 2635
f 2732 2636 2635
f 2732 2733 2636
f 2733 2637 2636
f 2733 2734 2637
f 2734 2638 2637
f 2734 2735 2638
f 2735 2639 2638
f 2735 2736 2639
f 2736 2640 2639
f 2736 2737 2640
f 2737 2641 2640
f 2737 2738 2641
f 2738 2642 2641
f 2738 2739 2642
f 2739 2643 2642
f 2739 2740 2643
f 2740 2644 2643
f 2740 2741 2644
f 2741 2645 2644
f 2741 2742 2645
f 2742 2646 2645
f 2742 2743 2646
f 2743 2647 2646
f 2743 2744 2647
f 2744 2648 2647
f 2744 2745 2648
f 2745 2649 2648
f 2745 2746 2649
f 2746 2650 2649
f 2746 2747 2650
f 2747 2651 2650
f 2747 2748 2651
f 2748 2652 2651
f 2748 2749 2652
f 2749 2653 2652
f 2749 2750 2653
f 2750 2654 2653
f 2750 2751 2654
f 2751 2655 2654
f 2751 2752 2655
f 2752 2656 2655
f 2752 2753 2656
f 2753 2657 2656
f 2753 2754 2657
f 2754 2658 2657
f 2754 2755 2658
f 2755 2659 2658
f 2755 2756 2659
f 2756 2660 2659
f 2756 2757 2660
f 2757 2661 2660
f 2757 2758 2661
f 2758 2662 2661
f 2758 2759 2662
f 2759 2663 2662
f 2759 2760 2663
f 2760 2664 2663
f 2760 2761 2664
f 2761 2665 2664
f 2761 2762 2665
f 2762 2666 2665
f 2762 2763 2666
f 2763 2667 2666
f 2763 2764 2667
f 2764 2668 2667
f 2764 2765 2668
f 2765 2669 2668
f 2765 2766 2669
f 2766 2670 2669
f 2766 2767 2670
f 2767 2671 2670
f 2767 2768 2671
f 2768 2672 2671
f 2768 2769 2672
f 2769 2673 2672
f 2769 2770 2673
f 2770 2674 2673
f 2770 2771 2674
f 2771 2675 2674
f 2771 2772 2675
f 2772 2676 2675
f 2772 2773 2676
f 2773 2677 2676
f 2773 2774 2677
f 2774 2678 2677
f 2774 2775 2678
f 2775 2679 2678
f 2775 2776 2679
f 2776 2680 2679
f 2776 2777 2680
f 2777 2681 2680
f 2777 2778 2681
f 2778 2682 2681
f 2778 2779 2682
f 2779 2683 2682
f 2779 2780 2683
f 2780 2684 2683
f 2780 2781 2684
f 2781 2685 2684
f 2781 2782 2685
f 2782 2686 2685
f 2782 2783 2686
f 2783 2687 2686
f 2783 2784 2687
f 2784 2688 2687
f 2784 2689 2688
f 2689 2593 2688
f 2785 2786 2689
f 2786 2690 2689
f 2786 2787 2690
f 2787 2691 2690
f 2787 2788 2691
f 2788 2692 2691
f 2788 2789 2692
f 2789 2693 2692
f 2789 2790 2693
f 2790 2694 2693
f 2790 2791 2694
f 2791 2695 2694
f 2791 2792 2695
f 2792 2696 2695
f 2792 2793 2696
f 2793 2697 2696
f 2793 2794 2697
f 2794 2698 2697
f 2794 2795 2698
f 2795 2699 2698
f 2795 2796 2699
f 2796 2700 2699
f 2796 2797 2700
f 2797 2701 2700
f 2797 2798 2701
f 2798 2702 2701
f 2798 2799 2702
f 2799 2703 2702
f 2799 2800 2703
f 2800 2704 2703
f 2800 2801 2704
f 2801 2705 2704
f 2801 2802 2705
f 2802 2706 2705
f 2802 2803 2706
f 2803 2707 2706
f 2803 2804 2707
f 2804 2708 2707
f 2804 2805 2708
f 2805 2709 2708
f 2805 2806 2709
f 2806 2710 2709
f 2806 2807 2710
f 2807 2711 2710
f 2807 2808 2711
f 2808 2712 2711
f 2808 2809 2712
f 2809 2713 2712
f 2809 2810 2713
f 2810 2714 2713
f 2810 2811 2714
f 2811 2715 2714
f 2811 2812 2715
f 2812 2716 2715
f 2812 2813 2716
f 2813 2717 2716
f 2813 2814 2717
f 2814 2718 2717
f 2814 2815 2718
f 2815 2719 2718
f 2815 2816 2719
f 2816 2720 2719
f 2816 2817 2720
f 2817 2721 2720
f 2817 2818 2721
f 2818 2722 2721
f 2818 2819 2722
f 2819 2723 2722
f 2819 2820 2723
f 2820 2724 2723
f 2820 2821 2724
f 2821 2725 2724
f 2821 2822 2725
f 2822 2726 2725
f 2822 2823 2726
f 2823 2727 2726
f 2823 2824 2727
f 2824 2728 2727
f 2824 2825 2728
f 2825 2729 2728
f 2825 2826 2729
f 2826 2730 2729
f 2826 2827 2730
f 2827 2731 2730
f 2827 2828 2731
f 2828 2732 2731
f 2828 2829 2732
f 2829 2733 2732
f 2829 2830 2733
f 2830 2734 2733
f 2830 2831 2734
f 2831 2735 2734
f 2831 2832 2735
f 2832 2736 2735
f 2832 2833 2736
f 2833 2737 2736
f 2833 2834 2737
f 2834 2738 2737
f 2834 2835 2738
f 2835 2739 2738
f 2835 2836 2739
f 2836 2740 2739
f 2836 2837 2740
f 2837 2741 2740
f 2837 2838 2741
f 2838 2742 2741
f 2838 2839 2742
f 2839 2743 2742
f 2839 2840 2743
f 2840 2744 2743
f 2840 2841 2744
f 2841 2745 2744
f 2841 2842 2745
f 2842 2746 2745
f 2842 2843 2746
f 2843 2747 2746
f 2843 2844 2747
f 2844 2748 2747
f 2844 2845 2748
f 2845 2749 2748
f 2845 2846 2749
f 2846 2750 2749
f 2846 2847 2750
f 2847 2751 2750
f 2847 2848 2751
f 2848 2752 2751
f 2848 2849 2752
f 2849 2753 2752
f 2849 2850 2753
f 2850 2754 2753
f 2850 2851 2754
f 2851 2755 2754
f 2851 2852 2755
f 2852 2756 2755
f 2852 2853 2756
f 2853 2757 2756
f 2853 2854 2757
f 2854 2758 2757
f 2854 2855 2758
f 2855 2759 2758
f 2855 2856 2759
f 2856 2760 2759
f 2856 2857 2760
f 2857 2761 2760
f 2857 2858 2761
f 2858 2762 2761
f 2858 2859 2762
f 2859 2763 2762
f 2859 2860 2763
f 2860 2764 2763
f 2860 2861 2764
f 2861 2765 2764
f 2861 2862 2765
f 2862 2766 2765
f 2862 2863 2766
f 2863 2767 2766
f 2863 2864 2767
f 2864 2768 2767
f 2864 2865 2768
f 2865 2769 2768
f 2865 2866 2769
f 2866 2770 2769
f 2866 2867 2770
f 2867 2771 2770
f 2867 2868 2771
f 2868 2772 2771
f 2868 2869 2772
f 2869 2773 2772
f 2869 2870 2773
f 2870 2774 2773
f 2870 2871 2774
f 2871 2775 2774
f 2871 2872 2775
f 2872 2776 2775
f 2872 2873 2776
f 2873 2777 2776
f 2873 2874 2777
f 2874 2778 2777
f 2874 2875 2778
f 2875 2779 2778
f 2875 2876 2779
f 2876 2780 2779
f 2876 2877 2780
f 2877 2781 2780
f 2877 2878 2781
f 2878 2782 2781
f 2878 2879 2782
f 2879 2783 2782
f 2879 2880 2783
f 2880 2784 2783
f 2880 2785 2784
f 2785 2689 2784
f 2881 2882 2785
f 2882 2786 2785
f 2882 2883 2786
f 2883 2787 2786
f 2883 2884 2787
f 2884 2788 2787
f 2884 2885 2788
f 2885 2789 2788
f 2885 2886 2789
f 2886 2790 2789
f 2886 2887 2790
f 2887 2791 2790
f 2887 2888 2791
f 2888 2792 2791
f 2888 2889 2792
f 2889 2793 2792
f 2889 2890 2793
f 2890 2794 2793
f 2890 2891 2794
f 2891 2795 2794
f 2891 2892 2795
f 2892 2796 2795
f 2892 2893 2796
f 2893 2797 2796
f 2893 2894 2797
f 2894 2798 2797
f 2894 2895 2798
f 2895 2799 2798
f 2895 2896 2799
f 2896 2800 2799
f 2896 2897 2800
f 2897 2801 2800
f 2897 2898 2801
f 2898 2802 2801
f 2898 2899 2802
f 2899 2803 2802
f 2899 2900 2803
f 2900 2804 2803
f 2900 2901 2804
f 2901 2805 2804
f 2901 2902 2805
f 2902 2806 2805
f 2902 2903 2806
f 2903 2807 2806
f 2903 2904 2807
f 2904 2808 2807
f 2904 2905 2808
f 2905 2809 2808
f 2905 2906 2809
f 2906 2810 2809
f 2906 2907 2810
f 2907 2811 2810
f 2907 2908 2811
f 2908 2812 2811
f 2908 2909 2812
f 2909 2813 2812
f 2909 2910 2813
f 2910 2814 2813
f 2910 2911 2814
f 2911 2815 2814
f 2911 2912 2815
f 2912 2816 2815
f 2912 2913 2816
f 2913 2817 2816
f 2913 2914 2817
f 2914 2818 2817
f 2914 2915 2818
f 2915 2819 2818
f 2915 2916 2819
f 2916 2820 2819
f 2916 2917 2820
f 2917 2821 2820
f 2917 2918 2821
f 2918 2822 2821
f 2918 2919 2822
f 2919 2823 2822
f 2919 2920 2823
f 2920 2824 2823
f 2920 2921 2824
f 2921 2825 2824
f 2921 2922 2825
f 2922 2826 2825
f 2922 2923 2826
f 2923 2827 2826
f 2923 2924 2827
f 2924 2828 2827
f 2924 2925 2828
f 2925 2829 2828
f 2925 2926 2829
f 2926 2830 2829
f 2926 2927 2830
f 2927 2831 2830
f 2927 2928 2831
f 2928 2832 2831
f 2928 2929 2832
f 2929 2833 2832
f 2929 2930 2833
f 2930 2834 2833
f 2930 2931 2834
f 2931 2835 2834
f 2931 2932 2835
f 2932 2836 2835
f 2932 2933 2836
f 2933 2837 2836
f 2933 2934 2837
f 2934 2838 2837
f 2934 2935 2838
f 2935 2839 2838
f 2935 2936 2839
f 2936 2840 2839
f 2936 2937 2840
f 2937 2841 2840
f 2937 2938 2841
f 2938 2842 2841
f 2938 2939 2842
f 2939 2843 2842
f 2939 2940 2843
f 2940 2844 2843
f 2940 2941 2844
f 2941 2845 2844
f 2941 2942 2845
f 2942 2846 2845
f 2942 2943 2846
f 2943 2847 2846
f 2943 2944 2847
f 2944 2848 2847
f 2944 2945 2848
f 2945 2849 2848
f 2945 2946 2849
f 2946 2850 2849
f 2946 2947 2850
f 2947 2851 2850
f 2947 2948 2851
f 2948 2852 2851
f 2948 2949 2852
f 2949 2853 2852
f 2949 2950 2853
f 2950 2854 2853
f 2950 2951 2854
f 2951 2855 2854
f 2951 2952 2855
f 2952 2856 2855
f 2952 2953 2856
f 2953 2857 2856
f 2953 2954 2857
f 2954 2858 2857
f 2954 2955 2858
f 2955 2859 2858
f 2955 2956 2859
f 2956 2860 2859
f 2956 2957 2860
f 2957 2861 2860
f 2957 2958 2861
f 2958 2862 2861
f 2958 2959 2862
f 2959 2863 2862
f 2959 2960 2863
f 2960 2864 2863
f 2960 2961 2864
f 2961 2865 2864
f 2961 2962 2865
f 2962 2866 2865
f 2962 2963 2866
f 2963 2867 2866
f 2963 2964 2867
f 2964 2868 2867
f 2964 2965 2868
f 2965 2869 2868
f 2965 2966 2869
f 2966 2870 2869
f 2966 2967 2870
f 2967 2871 2870
f 2967 2968 2871
f 2968 2872 2871
f 2968 2969 2872
f 2969 2873 2872
f 2969 2970 2873
f 2970 2874 2873
f 2970 2971 2874
f 2971 2875 2874
f 2971 2972 2875
f 2972 2876 2875
f 2972 2973 2876
f 2973 2877 2876
f 2973 2974 2877
f 2974 2878 2877
f 2974 2975 2878
f 2975 2879 2878
f 2975 2976 2879
f 2976 2880 2879
f 2976 2881 2880
f 2881 2785 2880
f 2977 2978 2881
f 2978 2882 2881
f 2978 2979 2882
f 2979 2883 2882
f 2979 2980 2883
f 2980 2884 2883
f 2980 2981 2884
f 2981 2885 2884
f 2981 2982 2885
f 2982 2886 2885
f 2982 2983 2886
f 2983 2887 2886
f 2983 2984 2887
f 2984 2888 2887
f 2984 2985 2888
f 2985 2889 2888
f 2985 2986 2889
f 2986 2890 2889
f 2986 2987 2890
f 2987 2891 2890
f 2987 2988 2891
f 2988 2892 2891
f 2988 2989 2892
f 2989 2893 2892
f 2989 2990 2893
f 2990 2894 2893
f 2990 2991 2894
f 2991 2895 2894
f 2991 2992 2895
f 2992 2896 2895
f 2992 2993 2896
f 2993 2897 2896
f 2993 2994 2897
f 2994 2898 2897
f 2994 2995 2898
f 2995 2899 2898
f 2995 2996 2899
f 2996 2900 2899
f 2996 2997 2900
f 2997 2901 2900
f 2997 2998 2901
f 2998 2902 2901
f 2998 2999 2902
f 2999 2903 2902
f 2999 3000 2903
f 3000 2904 2903
f 3000 3001 2904
f 3001 2905 2904
f 3001 3002 2905
f 3002 2906 2905
f 3002 3003 2906
f 3003 2907 2906
f 3003 3004 2907
f 3004 2908 2907
f 3004 3005 2908
f 3005 2909 2908
f 3005 3006 2909
f 3006 2910 2909
f 3006 3007 2910
f 3007 2911 2910
f 3007 3008 2911
f 3008 2912 2911
f 3008 3009 2912
f 3009 2913 2912
f 3009 3010 2913
f 3010 2914 2913
f 3010 3011 2914
f 3011 2915 2914
f 3011 3012 2915
f 3012 2916 2915
f 3012 3013 2916
f 3013 2917 2916
f 3013 3014 2917
f 3014 2918 2917
f 3014 3015 2918
f 3015 2919 2918
f 3015 3016 2919
f 3016 2920 2919
f 3016 3017 2920
f 3017 2921 2920
f 3017 3018 2921
f 3018 2922 2921
f 3018 3019 2922
f 3019 2923 2922
f 3019 3020 2923
f 3020 2924 2923
f 3020 3021 2924
f 3021 2925 2924
f 3021 3022 2925
f 3022 2926 2925
f 3022 3023 2926
f 3023 2927 2926
f 3023 3024 2927
f 3024 2928 2927
f 3024 3025 2928
f 3025 2929 2928
f 3025 3026 2929
f 3026 2930 2929
f 3026 3027 2930
f 3027 2931 2930
f 3027 3028 2931
f 3028 2932 2931
f 3028 3029 2932
f 3029 2933 2932
f 3029 3030 2933
f 3030 2934 2933
f 3030 3031 2934
f 3031 2935 2934
f 3031 3032 2935
f 3032 2936 2935
f 3032 3033 2936
f 3033 2937 2936
f 3033 3034 2937
f 3034 2938 2937
f 3034 3035 2938
f 3035 2939 2938
f 3035 3036 2939
f 3036 2940 2939
f 3036 3037 2940
f 3037 2941 2940
f 3037 3038 2941
f 3038 2942 2941
f 3038 3039 2942
f 3039 2943 2942
f 3039 3040 2943
f 3040 2944 2943
f 3040 3041 2944
f 3041 2945 2944
f 3041 3042 2945
f 3042 2946 2945
f 3042 3043 2946
f 3043 2947 2946
f 3043 3044 2947
f 3044 2948 2947
f 3044 3045 2948
f 3045 2949 2948
f 3045 3046 2949
f 3046 2950 2949
f 3046 3047 2950
f 3047 2951 2950
f 3047 3048 2951
f 3048 2952 2951
f 3048 3049 2952
f 3049 2953 2952
f 3049 3050 2953
f 3050 2954 2953
f 3050 3051 2954
f 3051 2955 2954
f 3051 3052 2955
f 3052 2956 2955
f 3052 3053 2956
f 3053 2957 2956
f 3053 3054 2957
f 3054 2958 2957
f 3054 3055 2958
f 3055 2959 2958
f 3055 3056 2959
f 3056 2960 2959
f 3056 3057 2960
f 3057 2961 2960
f 3057 3058 2961
f 3058 2962 2961
f 3058 3059 2962
f 3059 2963 2962
f 3059 3060 2963
f 3060 2964 2963
f 3060 3061 2964
f 3061 2965 2964
f 3061 3062 2965
f 3062 2966 2965
f 3062 3063 2966
f 3063 2967 2966
f 3063 3064 2967
f 3064 2968 2967
f 3064 3065 2968
f 3065 2969 2968
f 3065 3066 2969
f 3066 2970 2969
f 3066 3067 2970
f 3067 2971 2970
f 3067 3068 2971
f 3068 2972 2971
f 3068 3069 2972
f 3069 2973 2972
f 3069 3070 2973
f 3070 2974 2973
f 3070 3071 2974
f 3071 2975 2974
f 3071 3072 2975
f 3072 2976 2975
f 3072 2977 2976
f 2977 2881 2976
f 3073 3074 2977
f 3074 2978 2977
f 3074 3075 2978
f 3075 2979 2978
f 3075 3076 2979
f 3076 2980 2979
f 3076 3077 2980
f 3077 2981 2980
f 3077 3078 2981
f 3078 2982 2981
f 3078 3079 2982
f 3079 2983 2982
f 3079 3080 2983
f 3080 2984 2983
f 3080 3081 2984
f 3081 2985 2984
f 3081 3082 2985
f 3082 2986 2985
f 3082 3083 2986
f 3083 2987 2986
f 3083 3084 2987
f 3084 2988 2987
f 3084 3085 2988
f 3085 2989 2988
f 3085 3086 2989
f 3086 2990 2989
f 3086 3087 2990
f 3087 2991 2990
f 3087 3088 2991
f 3088 2992 2991
f 3088 3089 2992
f 3089 2993 2992
f 3089 3090 2993
f 3090 2994 2993
f 3090 3091 2994
f 3091 2995 2994
f 3091 3092 2995
f 3092 2996 2995
f 3092 3093 2996
f 3093 2997 2996
f 3093 3094 2997
f 3094 2998 2997
f 3094 3095 2998
f 3095 2999 2998
f 3095 3096 2999
f 3096 3000 2999
f 3096 3097 3000
f 3097 3001 3000
f 3097 3098 3001
f 3098 3002 3001
f 3098 3099 3002
f 3099 3003 3002
f 3099 3100 3003
f 3100 3004 3003
f 3100 3101 3004
f 3101 3005 3004
f 3101 3102 3005
f 3102 3006 3005
f 3102 3103 3006
f 3103 3007 3006
f 3103 3104 3007
f 3104 3008 3007
f 3104 3105 3008
f 3105 3009 3008
f 3105 3106 3009
f 3106 3010 3009
f 3106 3107 3010
f 3107 3011 3010
f 3107 3108 3011
f 3108 3012 3011
f 3108 3109 3012
f 3109 3013 3012
f 3109 3110 3013
f 3110 3014 3013
f 3110 3111 3014
f 3111 3015 3014
f 3111 3112 3015
f 3112 3016 3015
f 3112 3113 3016
f 3113 3017 3016
f 3113 3114 3017
f 3114 3018 3017
f 3114 3115 3018
f 3115 3019 3018
f 3115 3116 3019
f 3116 3020 3019
f 3116 3117 3020
f 3117 3021 3020
f 3117 3118 3021
f 3118 3022 3021
f 3118 3119 3022
f 3119 3023 3022
f 3119 3120 3023
f 3120 3024 3023
f 3120 3121 3024
f 3121 3025 3024
f 3121 3122 3025
f 3122 3026 3025
f 3122 3123 3026
f 3123 3027 3026
f 3123 3124 3027
f 3124 3028 3027
f 3124 3125 3028
f 3125 3029 3028
f 3125 3126 3029
f 3126 3030 3029
f 3126 3127 3030
f 3127 3031 3030
f 3127 3128 3031
f 3128 3032 3031
f 3128 3129 3032
f 3129 3033 3032
f 3129 3130 3033
f 3130 3034 3033
f 3130 3131 3034
f 3131 3035 3034
f 3131 3132 3035
f 3132 3036 3035
f 3132 3133 3036
f 3133 3037 3036
f 3133 3134 3037
f 3134 3038 3037
f 3134 3135 3038
f 3135 3039 3038
f 3135 3136 3039
f 3136 3040 3039
f 3136 3137 3040
f 3137 3041 3040
f 3137 3138 3041
f 3138 3042 3041
f 3138 3139 3042
f 3139 3043 3042
f 3139 3140 3043
f 3140 3044 3043
f 3140 3141 3044
f 3141 3045 3044
f 3141 3142 3045
f 3142 3046 3045
f 3142 3143 3046
f 3143 3047 3046
f 3143 3144 3047
f 3144 3048 3047
f 3144 3145 3048
f 3145 3049 3048
f 3145 3146 3049
f 3146 3050 3049
f 3146 3147 3050
f 3147 3051 3050
f 3147 3148 3051
f 3148 3052 3051
f 3148 3149 3052
f 3149 3053 3052
f 3149 3150 3053
f 3150 3054 3053
f 3150 3151 3054
f 3151 3055 3054
f 3151 3152 3055
f 3152 3056 3055
f 3152 3153 3056
f 3153 3057 3056
f 3153 3154 3057
f 3154 3058 3057
f 3154 3155 3058
f 3155 3059 3058
f 3155 3156 3059
f 3156 3060 3059
f 3156 3157 3060
f 3157 3061 3060
f 3157 3158 3061
f 3158 3062 3061
f 3158 3159 3062
f 3159 3063 3062
f 3159 3160 3063
f 3160 3064 3063
f 3160 3161 3064
f 3161 3065 3064
f 3161 3162 3065
f 3162 3066 3065
f 3162 3163 3066
f 3163 3067 3066
f 3163 3164 3067
f 3164 3068 3067
f 3164 3165 3068
f 3165 3069 3068
f 3165 3166 3069
f 3166 3070 3069
f 3166 3167 3070
f 3167 3071 3070
f 3167 3168 3071
f 3168 3072 3071
f 3168 3073 3072
f 3073 2977 3072
f 3169 3170 3073
f 3170 3074 3073
f 3170 3171 3074
f 3171 3075 3074
f 3171 3172 3075
f 3172 3076 3075
f 3172 3173 3076
f 3173 3077 3076
f 3173 3174 3077
f 3174 3078 3077
f 3174 3175 3078
f 3175 3079 3078
f 3175 3176 3079
f 3176 3080 3079
f 3176 3177 3080
f 3177 3081 3080
f 3177 3178 3081
f 3178 3082 3081
f 3178 3179 3082
f 3179 3083 3082
f 3179 3180 3083
f 3180 3084 3083
f 3180 3181 3084
f 3181 3085 3084
f 3181 3182 3085
f 3182 3086 3085
f 3182 3183 3086
f 3183 3087 3086
f 3183 3184 3087
f 3184 3088 3087
f 3184 3185 3088
f 3185 3089 3088
f 3185 3186 3089
f 3186 3090 3089
f 3186 3187 3090
f 3187 3091 3090
f 3187 3188 3091
f 3188 3092 3091
f 3188 3189 3092
f 3189 3093 3092
f 3189 3190 3093
f 3190 3094 3093
f 3190 3191 3094
f 3191 3095 3094
f 3191 3192 3095
f 3192 3096 3095
f 3192 3193 3096
f 3193 3097 3096
f 3193 3194 3097
f 3194 3098 3097
f 3194 3195 3098
f 3195 3099 3098
f 3195 3196 3099
f 3196 3100 3099
f 3196 3197 3100
f 3197 3101 3100
f 3197 3198 3101
f 3198 3102 3101
f 3198 3199 3102
f 3199 3103 3102
f 3199 3200 3103
f 3200 3104 3103
f 3200 3201 3104
f 3201 3105 3104
f 3201 3202 3105
f 3202 3106 3105
f 3202 3203 3106
f 3203 3107 3106
f 3203 3204 3107
f 3204 3108 3107
f 3204 3205 3108
f 3205 3109 3108
f 3205 3206 3109
f 3206 3110 3109
f 3206 3207 3110
f 3207 3111 3110
f 3207 3208 3111
f 3208 3112 3111
f 3208 3209 3112
f 3209 3113 3112
f 3209 3210 3113
f 3210 3114 3113
f 3210 3211 3114
f 3211 3115 3114
f 3211 3212 3115
f 3212 3116 3115
f 3212 3213 3116
f 3213 3117 3116
f 3213 3214 3117
f 3214 3118 3117
f 3214 3215 3118
f 3215 3119 3118
f 3215 3216 3119
f 3216 3120 3119
f 3216 3217 3120
f 3217 3121 3120
f 3217 3218 3121
f 3218 3122 3121
f 3218 3219 3122
f 3219 3123 3122
f 3219 3220 3123
f 3220 3124 3123
f 3220 3221 3124
f 3221 3125 3124
f 3221 3222 3125
f 3222 3126 3125
f 3222 3223 3126
f 3223 3127 3126
f 3223 3224 3127
f 3224 3128 3127
f 3224 3225 3128
f 3225 3129 3128
f 3225 3226 3129
f 3226 3130 3129
f 3226 3227 3130
f 3227 3131 3130
f 3227 3228 3131
f 3228 3132 3131
f 3228 3229 3132
f 3229 3133 3132
f 3229 3230 3133
f 3230 3134 3133
f 3230 3231 3134
f 3231 3135 3134
f 3231 3232 3135
f 3232 3136 3135
f 3232 3233 3136
f 3233 3137 3136
f 3233 3234 3137
f 3234 3138 3137
f 3234 3235 3138
f 3235 3139 3138
f 3235 3236 3139
f 3236 3140 3139
f 3236 3237 3140
f 3237 3141 3140
f 3237 3238 3141
f 3238 3142 3141
f 3238 3239 3142
f 3239 3143 3142
f 3239 3240 3143
f 3240 3144 3143
f 3240 3241 3144
f 3241 3145 3144
f 3241 3242 3145
f 3242 3146 3145
f 3242 3243 3146
f 3243 3147 3146
f 3243 3244 3147
f 3244 3148 3147
f 3244 3245 3148
f 3245 3149 3148
f 3245 3246 3149
f 3246 3150 3149
f 3246 3247 3150
f 3247 3151 3150
f 3247 3248 3151
f 3248 3152 3151
f 3248 3249 3152
f 3249 3153 3152
f 3249 3250 3153
f 3250 3154 3153
f 3250 3251 3154
f 3251 3155 3154
f 3251 3252 3155
f 3252 3156 3155
f 3252 3253 3156
f 3253 3157 3156
f 3253 3254 3157
f 3254 3158 3157
f 3254 3255 3158
f 3255 3159 3158
f 3255 3256 3159
f 3256 3160 3159
f 3256 3257 3160
f 3257 3161 3160
f 3257 3258 3161
f 3258 3162 3161
f 3258 3259 3162
f 3259 3163 3162
f 3259 3260 3163
f 3260 3164 3163
f 3260 3261 3164
f 3261 3165 3164
f 3261 3262 3165
f 3262 3166 3165
f 3262 3263 3166
f 3263 3167 3166
f 3263 3264 3167
f 3264 3168 3167
f 3264 3169 3168
f 3169 3073 3168
f 3265 3266 3169
f 3266 3170 3169
f 3266 3267 3170
f 3267 3171 3170
f 3267 3268 3171
f 3268 3172 3171
f 3268 3269 3172
f 3269 3173 3172
f 3269 3270 3173
f 3270 3174 3173
f 3270 3271 3174
f 3271 3175 3174
f 3271 3272 3175
f 3272 3176 3175
f 3272 3273 3176
f 3273 3177 3176
f 3273 3274 3177
f 3274 3178 3177
f 3274 3275 3178
f 3275 3179 3178
f 3275 3276 3179
f 3276 3180 3179
f 3276 3277 3180
f 3277 3181 3180
f 3277 3278 3181
f 3278 3182 3181
f 3278 3279 3182
f 3279 3183 3182
f 3279 3280 3183
f 3280 3184 3183
f 3280 3281 3184
f 3281 3185 3184
f 3281 3282 3185
f 3282 3186 3185
f 3282 3283 3186
f 3283 3187 3186
f 3283 3284 3187
f 3284 3188 3187
f 3284 3285 3188
f 3285 3189 3188
f 3285 3286 3189
f 3286 3190 3189
f 3286 3287 3190
f 3287 3191 3190
f 3287 3288 3191
f 3288 3192 3191
f 3288 3289 3192
f 3289 3193 3192
f 3289 3290 3193
f 3290 3194 3193
f 3290 3291 3194
f 3291 3195 3194
f 3291 3292 3195
f 3292 3196 3195
f 3292 3293 3196
f 3293 3197 3196
f 3293 3294 3197
f 3294 3198 3197
f 3294 3295 3198
f 3295 3199 3198
f 3295 3296 3199
f 3296 3200 3199
f 3296 3297 3200
f 3297 3201 3200
f 3297 3298 3201
f 3298 3202 3201
f 3298 3299 3202
f 3299 3203 3202
f 3299 3300 3203
f 3300 3204 3203
f 3300 3301 3204
f 3301 3205 3204
f 3301 3302 3205
f 3302 3206 3205
f 3302 3303 3206
f 3303 3207 3206
f 3303 3304 3207
f 3304 3208 3207
f 3304 3305 3208
f 3305 3209 3208
f 3305 3306 3209
f 3306 3210 3209
f 3306 3307 3210
f 3307 3211 3210
f 3307 3308 3211
f 3308 3212 3211
f 3308 3309 3212
f 3309 3213 3212
f 3309 3310 3213
f 3310 3214 3213
f 3310 3311 3214
f 3311 3215 3214
f 3311 3312 3215
f 3312 3216 3215
f 3312 3313 3216
f 3313 3217 3216
f 3313 3314 3217
f 3314 3218 3217
f 3314 3315 3218
f 3315 3219 3218
f 3315 3316 3219
f 3316 3220 3219
f 3316 3317 3220
f 3317 3221 3220
f 3317 3318 3221
f 3318 3222 3221
f 3318 3319 3222
f 3319 3223 3222
f 3319 3320 3223
f 3320 3224 3223
f 3320 3321 3224
f 3321 3225 3224
f 3321 3322 3225
f 3322 3226 3225
f 3322 3323 3226
f 3323 3227 3226
f 3323 3324 3227
f 3324 3228 3227
f 3324 3325 3228
f 3325 3229 3228
f 3325 3326 3229
f 3326 3230 3229
f 3326 3327 3230
f 3327 3231 3230
f 3327 3328 3231
f 3328 3232 3231
f 3328 3329 3232
f 3329 3233 3232
f 3329 3330 3233
f 3330 3234 3233
f 3330 3331 3234
f 3331 3235 3234
f 3331 3332 3235
f 3332 3236 3235
f 3332 3333 3236
f 3333 3237 3236
f 3333 3334 3237
f 3334 3238 3237
f 3334 3335 3238
f 3335 3239 3238
f 3335 3336 3239
f 3336 3240 3239
f 3336 3337 3240
f 3337 3241 3240
f 3337 3338 3241
f 3338 3242 3241
f 3338 3339 3242
f 3339 3243 3242
f 3339 3340 3243
f 3340 3244 3243
f 3340 3341 3244
f 3341 3245 3244
f 3341 3342 3245
f 3342 3246 3245
f 3342 3343 3246
f 3343 3247 3246
f 3343 3344 3247
f 3344 3248 3247
f 3344 3345 3248
f 3345 3249 3248
f 3345 3346 3249
f 3346 3250 3249
f 3346 3347 3250
f 3347 3251 3250
f 3347 3348 3251
f 3348 3252 3251
f 3348 3349 3252
f 3349 3253 3252
f 3349 3350 3253
f 3350 3254 3253
f 3350 3351 3254
f 3351 3255 3254
f 3351 3352 3255
f 3352 3256 3255
f 3352 3353 3256
f 3353 3257 3256
f 3353 3354 3257
f 3354 3258 3257
f 3354 3355 3258
f 3355 3259 3258
f 3355 3356 3259
f 3356 3260 3259
f 3356 3357 3260
f 3357 3261 3260
f 3357 3358 3261
f 3358 3262 3261
f 3358 3359 3262
f 3359 3263 3262
f 3359 3360 3263
f 3360 3264 3263
f 3360 3265 3264
f 3265 3169 3264
f 3361 3362 3265
f 3362 3266 3265
f 3362 3363 3266
f 3363 3267 3266
f 3363 3364 3267
f 3364 3268 3267
f 3364 3365 3268
f 3365 3269 3268
f 3365 3366 3269
f 3366 3270 3269
f 3366 3367 3270
f 3367 3271 3270
f 3367 3368 3271
f 3368 3272 3271
f 3368 3369 3272
f 3369 3273 3272
f 3369 3370 3273
f 3370 3274 3273
f 3370 3371 3274
f 3371 3275 3274
f 3371 3372 3275
f 3372 3276 3275
f 3372 3373 3276
f 3373 3277 3276
f 3373 3374 3277
f 3374 3278 3277
f 3374 3375 3278
f 3375 3279 3278
f 3375 3376 3279
f 3376 3280 3279
f 3376 3377 3280
f 3377 3281 3280
f 3377 3378 3281
f 3378 3282 3281
f 3378 3379 3282
f 3379 3283 3282
f 3379 3380 3283
f 3380 3284 3283
f 3380 3381 3284
f 3381 3285 3284
f 3381 3382 3285
f 3382 3286 3285
f 3382 3383 3286
f 3383 3287 3286
f 3383 3384 3287
f 3384 3288 3287
f 3384 3385 3288
f 3385 3289 3288
f 3385 3386 3289
f 3386 3290 3289
f 3386 3387 3290
f 3387 3291 3290
f 3387 3388 3291
f 3388 3292 3291
f 3388 3389 3292
f 3389 3293 3292
f 3389 3390 3293
f 3390 3294 3293
f 3390 3391 3294
f 3391 3295 3294
f 3391 3392 3295
f 3392 3296 3295
f 3392 3393 3296
f 3393 3297 3296
f 3393 3394 3297
f 3394 3298 3297
f 3394 3395 3298
f 3395 3299 3298
f 3395 3396 3299
f 3396 3300 3299
f 3396 3397 3300
f 3397 3301 3300
f 3397 3398 3301
f 3398 3302 3301
f 3398 3399 3302
f 3399 3303 3302
f 3399 3400 3303
f 3400 3304 3303
f 3400 3401 3304
f 3401 3305 3304
f 3401 3402 3305
f 3402 3306 3305
f 3402 3403 3306
f 3403 3307 3306
f 3403 3404 3307
f 3404 3308 3307
f 3404 3405 3308
f 3405 3309 3308
f 3405 3406 3309
f 3406 3310 3309
f 3406 3407 3310
f 3407 3311 3310
f 3407 3408 3311
f 3408 3312 3311
f 3408 3409 3312
f 3409 3313 3312
f 3409 3410 3313
f 3410 3314 3313
f 3410 3411 3314
f 3411 3315 3314
f 3411 3412 3315
f 3412 3316 3315
f 3412 3413 3316
f 3413 3317 3316
f 3413 3414 3317
f 3414 3318 3317
f 3414 3415 3318
f 3415 3319 3318
f 3415 3416 3319
f 3416 3320 3319
f 3416 3417 3320
f 3417 3321 3320
f 3417 3418 3321
f 3418 3322 3321
f 3418 3419 3322
f 3419 3323 3322
f 3419 3420 3323
f 3420 3324 3323
f 3420 3421 3324
f 3421 3325 3324
f 3421 3422 3325
f 3422 3326 3325
f 3422 3423 3326
f 3423 3327 3326
f 3423 3424 3327
f 3424 3328 3327
f 3424 3425 3328
f 3425 3329 3328
f 3425 3426 3329
f 3426 3330 3329
f 3426 3427 3330
f 3427 3331 3330
f 3427 3428 3331
f 3428 3332 3331
f 3428 3429 3332
f 3429 3333 3332
f 3429 3430 3333
f 3430 3334 3333
f 3430 3431 3334
f 3431 3335 3334
f 3431 3432 3335
f 3432 3336 3335
f 3432 3433 3336
f 3433 3337 3336
f 3433 3434 3337
f 3434 3338 3337
f 3434 3435 3338
f 3435 3339 3338
f 3435 3436 3339
f 3436 3340 3339
f 3436 3437 3340
f 3437 3341 3340
f 3437 3438 3341
f 3438 3342 3341
f 3438 3439 3342
f 3439 3343 3342
f 3439 3440 3343
f 3440 3344 3343
f 3440 3441 3344
f 3441 3345 3344
f 3441 3442 3345
f 3442 3346 3345
f 3442 3443 3346
f 3443 3347 3346
f 3443 3444 3347
f 3444 3348 3347
f 3444 3445 3348
f 3445 3349 3348
f 3445 3446 3349
f 3446 3350 3349
f 3446 3447 3350
f 3447 3351 3350
f 3447 3448 3351
f 3448 3352 3351
f 3448 3449 3352
f 3449 3353 3352
f 3449 3450 3353
f 3450 3354 3353
f 3450 3451 3354
f 3451 3355 3354
f 3451 3452 3355
f 3452 3356 3355
f 3452 3453 3356
f 3453 3357 3356
f 3453 3454 3357
f 3454 3358 3357
f 3454 3455 3358
f 3455 3359 3358
f 3455 3456 3359
f 3456 3360 3359
f 3456 3361 3360
f 3361 3265 3360
f 3457 3458 3361
f 3458 3362 3361
f 3458 3459 3362
f 3459 3363 3362
f 3459 3460 3363
f 3460 3364 3363
f 3460 3461 3364
f 3461 3365 3364
f 3461 3462 3365
f 3462 3366 3365
f 3462 3463 3366
f 3463 3367 3366
f 3463 3464 3367
f 3464 3368 3367
f 3464 3465 3368
f 3465 3369 3368
f 3465 3466 3369
f 3466 3370 3369
f 3466 3467 3370
f 3467 3371 3370
f 3467 3468 3371
f 3468 3372 3371
f 3468 3469 3372
f 3469 3373 3372
f 3469 3470 3373
f 3470 3374 3373
f 3470 3471 3374
f 3471 3375 3374
f 3471 3472 3375
f 3472 3376 3375
f 3472 3473 3376
f 3473 3377 3376
f 3473 3474 3377
f 3474 3378 3377
f 3474 3475 3378
f 3475 3379 3378
f 3475 3476 3379
f 3476 3380 3379
f 3476 3477 3380
f 3477 3381 3380
f 3477 3478 3381
f 3478 3382 3381
f 3478 3479 3382
f 3479 3383 3382
f 3479 3480 3383
f 3480 3384 3383
f 3480 3481 3384
f 3481 3385 3384
f 3481 3482 3385
f 3482 3386 3385
f 3482 3483 3386
f 3483 3387 3386
f 3483 3484 3387
f 3484 3388 3387
f 3484 3485 3388
f 3485 3389 3388
f 3485 3486 3389
f 3486 3390 3389
f 3486 3487 3390
f 3487 3391 3390
f 3487 3488 3391
f 3488 3392 3391
f 3488 3489 3392
f 3489 3393 3392
f 3489 3490 3393
f 3490 3394 3393
f 3490 3491 3394
f 3491 3395 3394
f 3491 3492 3395
f 3492 3396 3395
f 3492 3493 3396
f 3493 3397 3396
f 3493 3494 3397
f 3494 3398 3397
f 3494 3495 3398
f 3495 3399 3398
f 3495 3496 3399
f 3496 3400 3399
f 3496 3497 3400
f 3497 3401 3400
f 3497 3498 3401
f 3498 3402 3401
f 3498 3499 3402
f 3499 3403 3402
f 3499 3500 3403
f 3500 3404 3403
f 3500 3501 3404
f 3501 3405 3404
f 3501 3502 3405
f 3502 3406 3405
f 3502 3503 3406
f 3503 3407 3406
f 3503 3504 3407
f 3504 3408 3407
f 3504 3505 3408
f 3505 3409 3408
f 3505 3506 3409
f 3506 3410 3409
f 3506 3507 3410
f 3507 3411 3410
f 3507 3508 3411
f 3508 3412 3411
f 3508 3509 3412
f 3509 3413 3412
f 3509 3510 3413
f 3510 3414 3413
f 3510 3511 3414
f 3511 3415 3414
f 3511 3512 3415
f 3512 3416 3415
f 3512 3513 3416
f 3513 3417 3416
f 3513 3514 3417
f 3514 3418 3417
f 3514 3515 3418
f 3515 3419 3418
f 3515 3516 3419
f 3516 3420 3419
f 3516 3517 3420
f 3517 3421 3420
f 3517 3518 3421
f 3518 3422 3421
f 3518 3519 3422
f 3519 3423 3422
f 3519 3520 3423
f 3520 3424 3423
f 3520 3521 3424
f 3521 3425 3424
f 3521 3522 3425
f 3522 3426 3425
f 3522 3523 3426
f 3523 3427 3426
f 3523 3524 3427
f 3524 3428 3427
f 3524 3525 3428
f 3525 3429 3428
f 3525 3526 3429
f 3526 3430 3429
f 3526 3527 3430
f 3527 3431 3430
f 3527 3528 3431
f 3528 3432 3431
f 3528 3529 3432
f 3529 3433 3432
f 3529 3530 3433
f 3530 3434 3433
f 3530 3531 3434
f 3531 3435 3434
f 3531 3532 3435
f 3532 3436 3435
f 3532 3533 3436
f 3533 3437 3436
f 3533 3534 3437
f 3534 3438 3437
f 3534 3535 3438
f 3535 3439 3438
f 3535 3536 3439
f 3536 3440 3439
f 3536 3537 3440
f 3537 3441 3440
f 3537 3538 3441
f 3538 3442 3441
f 3538 3539 3442
f 3539 3443 3442
f 3539 3540 3443
f 3540 3444 3443
f 3540 3541 3444
f 3541 3445 3444
f 3541 3542 3445
f 3542 3446 3445
f 3542 3543 3446
f 3543 3447 3446
f 3543 3544 3447
f 3544 3448 3447
f 3544 3545 3448
f 3545 3449 3448
f 3545 3546 3449
f 3546 3450 3449
f 3546 3547 3450
f 3547 3451 3450
f 3547 3548 3451
f 3548 3452 3451
f 3548 3549 3452
f 3549 3453 3452
f 3549 3550 3453
f 3550 3454 3453
f 3550 3551 3454
f 3551 3455 3454
f 3551 3552 3455
f 3552 3456 3455
f 3552 3457 3456
f 3457 3361 3456
f 3553 3554 3457
f 3554 3458 3457
f 3554 3555 3458
f 3555 3459 3458
f 3555 3556 3459
f 3556 3460 3459
f 3556 3557 3460
f 3557 3461 3460
f 3557 3558 3461
f 3558 3462 3461
f 3558 3559 3462
f 3559 3463 3462
f 3559 3560 3463
f 3560 3464 3463
f 3560 3561 3464
f 3561 3465 3464
f 3561 3562 3465
f 3562 3466 3465
f 3562 3563 3466
f 3563 3467 3466
f 3563 3564 3467
f 3564 3468 3467
f 3564 3565 3468
f 3565 3469 3468
f 3565 3566 3469
f 3566 3470 3469
f 3566 3567 3470
f 3567 3471 3470
f 3567 3568 3471
f 3568 3472 3471
f 3568 3569 3472
f 3569 3473 3472
f 3569 3570 3473
f 3570 3474 3473
f 3570 3571 3474
f 3571 3475 3474
f 3571 3572 3475
f 3572 3476 3475
f 3572 3573 3476
f 3573 3477 3476
f 3573 3574 3477
f 3574 3478 3477
f 3574 3575 3478
f 3575 3479 3478
f 3575 3576 3479
f 3576 3480 3479
f 3576 3577 3480
f 3577 3481 3480
f 3577 3578 3481
f 3578 3482 3481
f 3578 3579 3482
f 3579 3483 3482
f 3579 3580 3483
f 3580 3484 3483
f 3580 3581 3484
f 3581 3485 3484
f 3581 3582 3485
f 3582 3486 3485
f 3582 3583 3486
f 3583 3487 3486
f 3583 3584 3487
f 3584 3488 3487
f 3584 3585 3488
f 3585 3489 3488
f 3585 3586 3489
f 3586 3490 3489
f 3586 3587 3490
f 3587 3491 3490
f 3587 3588 3491
f 3588 3492 3491
f 3588 3589 3492
f 3589 3493 3492
f 3589 3590 3493
f 3590 3494 3493
f 3590 3591 3494
f 3591 3495 3494
f 3591 3592 3495
f 3592 3496 3495
f 3592 3593 3496
f 3593 3497 3496
f 3593 3594 3497
f 3594 3498 3497
f 3594 3595 3498
f 3595 3499 3498
f 3595 3596 3499
f 3596 3500 3499
f 3596 3597 3500
f 3597 3501 3500
f 3597 3598 3501
f 3598 3502 3501
f 3598 3599 3502
f 3599 3503 3502
f 3599 3600 3503
f 3600 3504 3503
f 3600 3601 3504
f 3601 3505 3504
f 3601 3602 3505
f 3602 3506 3505
f 3602 3603 3506
f 3603 3507 3506
f 3603 3604 3507
f 3604 3508 3507
f 3604 3605 3508
f 3605 3509 3508
f 3605 3606 3509
f 3606 3510 3509
f 3606 3607 3510
f 3607 3511 3510
f 3607 3608 3511
f 3608 3512 3511
f 3608 3609 3512
f 3609 3513 3512
f 3609 3610 3513
f 3610 3514 3513
f 3610 3611 3514
f 3611 3515 3514
f 3611 3612 3515
f 3612 3516 3515
f 3612 3613 3516
f 3613 3517 3516
f 3613 3614 3517
f 3614 3518 3517
f 3614 3615 3518
f 3615 3519 3518
f 3615 3616 3519
f 3616 3520 3519
f 3616 3617 3520
f 3617 3521 3520
f 3617 3618 3521
f 3618 3522 3521
f 3618 3619 3522
f 3619 3523 3522
f 3619 3620 3523
f 3620 3524 3523
f 3620 3621 3524
f 3621 3525 3524
f 3621 3622 3525
f 3622 3526 3525
f 3622 3623 3526
f 3623 3527 3526
f 3623 3624 3527
f 3624 3528 3527
f 3624 3625 3528
f 3625 3529 3528
f 3625 3626 3529
f 3626 3530 3529
f 3626 3627 3530
f 3627 3531 3530
f 3627 3628 3531
f 3628 3532 3531
f 3628 3629 3532
f 3629 3533 3532
f 3629 3630 3533
f 3630 3534 3533
f 3630 3631 3534
f 3631 3535 3534
f 3631 3632 3535
f 3632 3536 3535
f 3632 3633 3536
f 3633 3537 3536
f 3633 3634 3537
f 3634 3538 3537
f 3634 3635 3538
f 3635 3539 3538
f 3635 3636 3539
f 3636 3540 3539
f 3636 3637 3540
f 3637 3541 3540
f 3637 3638 3541
f 3638 3542 3541
f 3638 3639 3542
f 3639 3543 3542
f 3639 3640 3543
f 3640 3544 3543
f 3640 3641 3544
f 3641 3545 3544
f 3641 3642 3545
f 3642 3546 3545
f 3642 3643 3546
f 3643 3547 3546
f 3643 3644 3547
f 3644 3548 3547
f 3644 3645 3548
f 3645 3549 3548
f 3645 3646 3549
f 3646 3550 3549
f 3646 3647 3550
f 3647 3551 3550
f 3647 3648 3551
f 3648 3552 3551
f 3648 3553 3552
f 3553 3457 3552
f 3649 3650 3553
f 3650 3554 3553
f 3650 3651 3554
f 3651 3555 3554
f 3651 3652 3555
f 3652 3556 3555
f 3652 3653 3556
f 3653 3557 3556
f 3653 3654 3557
f 3654 3558 3557
f 3654 3655 3558
f 3655 3559 3558
f 3655 3656 3559
f 3656 3560 3559
f 3656 3657 3560
f 3657 3561 3560
f 3657 3658 3561
f 3658 3562 3561
f 3658 3659 3562
f 3659 3563 3562
f 3659 3660 3563
f 3660 3564 3563
f 3660 3661 3564
f 3661 3565 3564
f 3661 3662 3565
f 3662 3566 3565
f 3662 3663 3566
f 3663 3567 3566
f 3663 3664 3567
f 3664 3568 3567
f 3664 3665 3568
f 3665 3569 3568
f 3665 3666 3569
f 3666 3570 3569
f 3666 3667 3570
f 3667 3571 3570
f 3667 3668 3571
f 3668 3572 3571
f 3668 3669 3572
f 3669 3573 3572
f 3669 3670 3573
f 3670 3574 3573
f 3670 3671 3574
f 3671 3575 3574
f 3671 3672 3575
f 3672 3576 3575
f 3672 3673 3576
f 3673 3577 3576
f 3673 3674 3577
f 3674 3578 3577
f 3674 3675 3578
f 3675 3579 3578
f 3675 3676 3579
f 3676 3580 3579
f 3676 3677 3580
f 3677 3581 3580
f 3677 3678 3581
f 3678 3582 3581
f 3678 3679 3582
f 3679 3583 3582
f 3679 3680 3583
f 3680 3584 3583
f 3680 3681 3584
f 3681 3585 3584
f 3681 3682 3585
f 3682 3586 3585
f 3682 3683 3586
f 3683 3587 3586
f 3683 3684 3587
f 3684 3588 3587
f 3684 3685 3588
f 3685 3589 3588
f 3685 3686 3589
f 3686 3590 3589
f 3686 3687 3590
f 3687 3591 3590
f 3687 3688 3591
f 3688 3592 3591
f 3688 3689 3592
f 3689 3593 3592
f 3689 3690 3593
f 3690 3594 3593
f 3690 3691 3594
f 3691 3595 3594
f 3691 3692 3595
f 3692 3596 3595
f 3692 3693 3596
f 3693 3597 3596
f 3693 3694 3597
f 3694 3598 3597
f 3694 3695 3598
f 3695 3599 3598
f 3695 3696 3599
f 3696 3600 3599
f 3696 3697 3600
f 3697 3601 3600
f 3697 3698 3601
f 3698 3602 3601
f 3698 3699 3602
f 3699 3603 3602
f 3699 3700 3603
f 3700 3604 3603
f 3700 3701 3604
f 3701 3605 3604
f 3701 3702 3605
f 3702 3606 3605
f 3702 3703 3606
f 3703 3607 3606
f 3703 3704 3607
f 3704 3608 3607
f 3704 3705 3608
f 3705 3609 3608
f 3705 3706 3609
f 3706 3610 3609
f 3706 3707 3610
f 3707 3611 3610
f 3707 3708 3611
f 3708 3612 3611
f 3708 3709 3612
f 3709 3613 3612
f 3709 3710 3613
f 3710 3614 3613
f 3710 3711 3614
f 3711 3615 3614
f 3711 3712 3615
f 3712 3616 3615
f 3712 3713 3616
f 3713 3617 3616
f 3713 3714 3617
f 3714 3618 3617
f 3714 3715 3618
f 3715 3619 3618
f 3715 3716 3619
f 3716 3620 3619
f 3716 3717 3620
f 3717 3621 3620
f 3717 3718 3621
f 3718 3622 3621
f 3718 3719 3622
f 3719 3623 3622
f 3719 3720 3623
f 3720 3624 3623
f 3720 3721 3624
f 3721 3625 3624
f 3721 3722 3625
f 3722 3626 3625
f 3722 3723 3626
f 3723 3627 3626
f 3723 3724 3627
f 3724 3628 3627
f 3724 3725 3628
f 3725 3629 3628
f 3725 3726 3629
f 3726 3630 3629
f 3726 3727 3630
f 3727 3631 3630
f 3727 3728 3631
f 3728 3632 3631
f 3728 3729 3632
f 3729 3633 3632
f 3729 3730 3633
f 3730 3634 3633
f 3730 3731 3634
f 3731 3635 3634
f 3731 3732 3635
f 3732 3636 3635
f 3732 3733 3636
f 3733 3637 3636
f 3733 3734 3637
f 3734 3638 3637
f 3734 3735 3638
f 3735 3639 3638
f 3735 3736 3639
f 3736 3640 3639
f 3736 3737 3640
f 3737 3641 3640
f 3737 3738 3641
f 3738 3642 3641
f 3738 3739 3642
f 3739 3643 3642
f 3739 3740 3643
f 3740 3644 3643
f 3740 3741 3644
f 3741 3645 3644
f 3741 3742 3645
f 3742 3646 3645
f 3742 3743 3646
f 3743 3647 3646
f 3743 3744 3647
f 3744 3648 3647
f 3744 3649 3648
f 3649 3553 3648
f 3745 3746 3649
f 3746 3650 3649
f 3746 3747 3650
f 3747 3651 3650
f 3747 3748 3651
f 3748 3652 3651
f 3748 3749 3652
f 3749 3653 3652
f 3749 3750 3653
f 3750 3654 3653
f 3750 3751 3654
f 3751 3655 3654
f 3751 3752 3655
f 3752 3656 3655
f 3752 3753 3656
f 3753 3657 3656
f 3753 3754 3657
f 3754 3658 3657
f 3754 3755 3658
f 3755 3659 3658
f 3755 3756 3659
f 3756 3660 3659
f 3756 3757 3660
f 3757 3661 3660
f 3757 3758 3661
f 3758 3662 3661
f 3758 3759 3662
f 3759 3663 3662
f 3759 3760 3663
f 3760 3664 3663
f 3760 3761 3664
f 3761 3665 3664
f 3761 3762 3665
f 3762 3666 3665
f 3762 3763 3666
f 3763 3667 3666
f 3763 3764 3667
f 3764 3668 3667
f 3764 3765 3668
f 3765 3669 3668
f 3765 3766 3669
f 3766 3670 3669
f 3766 3767 3670
f 3767 3671 3670
f 3767 3768 3671
f 3768 3672 3671
f 3768 3769 3672
f 3769 3673 3672
f 3769 3770 3673
f 3770 3674 3673
f 3770 3771 3674
f 3771 3675 3674
f 3771 3772 3675
f 3772 3676 3675
f 3772 3773 3676
f 3773 3677 3676
f 3773 3774 3677
f 3774 3678 3677
f 3774 3775 3678
f 3775 3679 3678
f 3775 3776 3679
f 3776 3680 3679
f 3776 3777 3680
f 3777 3681 3680
f 3777 3778 3681
f 3778 3682 3681
f 3778 3779 3682
f 3779 3683 3682
f 3779 3780 3683
f 3780 3684 3683
f 3780 3781 3684
f 3781 3685 3684
f 3781 3782 3685
f 3782 3686 3685
f 3782 3783 3686
f 3783 3687 3686
f 3783 3784 3687
f 3784 3688 3687
f 3784 3785 3688
f 3785 3689 3688
f 3785 3786 3689
f 3786 3690 3689
f 3786 3787 3690
f 3787 3691 3690
f 3787 3788 3691
f 3788 3692 3691
f 3788 3789 3692
f 3789 3693 3692
f 3789 3790 3693
f 3790 3694 3693
f 3790 3791 3694
f 3791 3695 3694
f 3791 3792 3695
f 3792 3696 3695
f 3792 3793 3696
f 3793 3697 3696
f 3793 3794 3697
f 3794 3698 3697
f 3794 3795 3698
f 3795 3699 3698
f 3795 3796 3699
f 3796 3700 3699
f 3796 3797 3700
f 3797 3701 3700
f 3797 3798 3701
f 3798 3702 3701
f 3798 3799 3702
f 3799 3703 3702
f 3799 3800 3703
f 3800 3704 3703
f 3800 3801 3704
f 3801 3705 3704
f 3801 3802 3705
f 3802 3706 3705
f 3802 3803 3706
f 3803 3707 3706
f 3803 3804 3707
f 3804 3708 3707
f 3804 3805 3708
f 3805 3709 3708
f 3805 3806 3709
f 3806 3710 3709
f 3806 3807 3710
f 3807 3711 3710
f 3807 3808 3711
f 3808 3712 3711
f 3808 3809 3712
f 3809 3713 3712
f 3809 3810 3713
f 3810 3714 3713
f 3810 3811 3714
f 3811 3715 3714
f 3811 3812 3715
f 3812 3716 3715
f 3812 3813 3716
f 3813 3717 3716
f 3813 3814 3717
f 3814 3718 3717
f 3814 3815 3718
f 3815 3719 3718
f 3815 3816 3719
f 3816 3720 3719
f 3816 3817 3720
f 3817 3721 3720
f 3817 3818 3721
f 3818 3722 3721
f 3818 3819 3722
f 3819 3723 3722
f 3819 3820 3723
f 3820 3724 3723
f 3820 3821 3724
f 3821 3725 3724
f 3821 3822 3725
f 3822 3726 3725
f 3822 3823 3726
f 3823 3727 3726
f 3823 3824 3727
f 3824 3728 3727
f 3824 3825 3728
f 3825 3729 3728
f 3825 3826 3729
f 3826 3730 3729
f 3826 3827 3730
f 3827 3731 3730
f 3827 3828 3731
f 3828 3732 3731
f 3828 3829 3732
f 3829 3733 3732
f 3829 3830 3733
f 3830 3734 3733
f 3830 3831 3734
f 3831 3735 3734
f 3831 3832 3735
f 3832 3736 3735
f 3832 3833 3736
f 3833 3737 3736
f 3833 3834 3737
f 3834 3738 3737
f 3834 3835 3738
f 3835 3739 3738
f 3835 3836 3739
f 3836 3740 3739
f 3836 3837 3740
f 3837 3741 3740
f 3837 3838 3741
f 3838 3742 3741
f 3838 3839 3742
f 3839 3743 3742
f 3839 3840 3743
f 3840 3744 3743
f 3840 3745 3744
f 3745 3649 3744
f 3841 3842 3745
f 3842 3746 3745
f 3842 3843 3746
f 3843 3747 3746
f 3843 3844 3747
f 3844 3748 3747
f 3844 3845 3748
f 3845 3749 3748
f 3845 3846 3749
f 3846 3750 3749
f 3846 3847 3750
f 3847 3751 3750
f 3847 3848 3751
f 3848 3752 3751
f 3848 3849 3752
f 3849 3753 3752
f 3849 3850 3753
f 3850 3754 3753
f 3850 3851 3754
f 3851 3755 3754
f 3851 3852 3755
f 3852 3756 3755
f 3852 3853 3756
f 3853 3757 3756
f 3853 3854 3757
f 3854 3758 3757
f 3854 3855 3758
f 3855 3759 3758
f 3855 3856 3759
f 3856 3760 3759
f 3856 3857 3760
f 3857 3761 3760
f 3857 3858 3761
f 3858 3762 3761
f 3858 3859 3762
f 3859 3763 3762
f 3859 3860 3763
f 3860 3764 3763
f 3860 3861 3764
f 3861 3765 3764
f 3861 3862 3765
f 3862 3766 3765
f 3862 3863 3766
f 3863 3767 3766
f 3863 3864 3767
f 3864 3768 3767
f 3864 3865 3768
f 3865 3769 3768
f 3865 3866 3769
f 3866 3770 3769
f 3866 3867 3770
f 3867 3771 3770
f 3867 3868 3771
f 3868 3772 3771
f 3868 3869 3772
f 3869 3773 3772
f 3869 3870 3773
f 3870 3774 3773
f 3870 3871 3774
f 3871 3775 3774
f 3871 3872 3775
f 3872 3776 3775
f 3872 3873 3776
f 3873 3777 3776
f 3873 3874 3777
f 3874 3778 3777
f 3874 3875 3778
f 3875 3779 3778
f 3875 3876 3779
f 3876 3780 3779
f 3876 3877 3780
f 3877 3781 3780
f 3877 3878 3781
f 3878 3782 3781
f 3878 3879 3782
f 3879 3783 3782
f 3879 3880 3783
f 3880 3784 3783
f 3880 3881 3784
f 3881 3785 3784
f 3881 3882 3785
f 3882 3786 3785
f 3882 3883 3786
f 3883 3787 3786
f 3883 3884 3787
f 3884 3788 3787
f 3884 3885 3788
f 3885 3789 3788
f 3885 3886 3789
f 3886 3790 3789
f 3886 3887 3790
f 3887 3791 3790
f 3887 3888 3791
f 3888 3792 3791
f 3888 3889 3792
f 3889 3793 3792
f 3889 3890 3793
f 3890 3794 3793
f 3890 3891 3794
f 3891 3795 3794
f 3891 3892 3795
f 3892 3796 3795
f 3892 3893 3796
f 3893 3797 3796
f 3893 3894 3797
f 3894 3798 3797
f 3894 3895 3798
f 3895 3799 3798
f 3895 3896 3799
f 3896 3800 3799
f 3896 3897 3800
f 3897 3801 3800
f 3897 3898 3801
f 3898 3802 3801
f 3898 3899 3802
f 3899 3803 3802
f 3899 3900 3803
f 3900 3804 3803
f 3900 3901 3804
f 3901 3805 3804
f 3901 3902 3805
f 3902 3806 3805
f 3902 3903 3806
f 3903 3807 3806
f 3903 3904 3807
f 3904 3808 3807
f 3904 3905 3808
f 3905 3809 3808
f 3905 3906 3809
f 3906 3810 3809
f 3906 3907 3810
f 3907 3811 3810
f 3907 3908 3811
f 3908 3812 3811
f 3908 3909 3812
f 3909 3813 3812
f 3909 3910 3813
f 3910 3814 3813
f 3910 3911 3814
f 3911 3815 3814
f 3911 3912 3815
f 3912 3816 3815
f 3912 3913 3816
f 3913 3817 3816
f 3913 3914 3817
f 3914 3818 3817
f 3914 3915 3818
f 3915 3819 3818
f 3915 3916 3819
f 3916 3820 3819
f 3916 3917 3820
f 3917 3821 3820
f 3917 3918 3821
f 3918 3822 3821
f 3918 3919 3822
f 3919 3823 3822
f 3919 3920 3823
f 3920 3824 3823
f 3920 3921 3824
f 3921 3825 3824
f 3921 3922 3825
f 3922 3826 3825
f 3922 3923 3826
f 3923 3827 3826
f 3923 3924 3827
f 3924 3828 3827
f 3924 3925 3828
f 3925 3829 3828
f 3925 3926 3829
f 3926 3830 3829
f 3926 3927 3830
f 3927 3831 3830
f 3927 3928 3831
f 3928 3832 3831
f 3928 3929 3832
f 3929 3833 3832
f 3929 3930 3833
f 3930 3834 3833
f 3930 3931 3834
f 3931 3835 3834
f 3931 3932 3835
f 3932 3836 3835
f 3932 3933 3836
f 3933 3837 3836
f 3933 3934 3837
f 3934 3838 3837
f 3934 3935 3838
f 3935 3839 3838
f 3935 3936 3839
f 3936 3840 3839
f 3936 3841 3840
f 3841 3745 3840
f 3937 3938 3841
f 3938 3842 3841
f 3938 3939 3842
f 3939 3843 3842
f 3939 3940 3843
f 3940 3844 3843
f 3940 3941 3844
f 3941 3845 3844
f 3941 3942 3845
f 3942 3846 3845
f 3942 3943 3846
f 3943 3847 3846
f 3943 3944 3847
f 3944 3848 3847
f 3944 3945 3848
f 3945 3849 3848
f 3945 3946 3849
f 3946 3850 3849
f 3946 3947 3850
f 3947 3851 3850
f 3947 3948 3851
f 3948 3852 3851
f 3948 3949 3852
f 3949 3853 3852
f 3949 3950 3853
f 3950 3854 3853
f 3950 3951 3854
f 3951 3855 3854
f 3951 3952 3855
f 3952 3856 3855
f 3952 3953 3856
f 3953 3857 3856
f 3953 3954 3857
f 3954 3858 3857
f 3954 3955 3858
f 3955 3859 3858
f 3955 3956 3859
f 3956 3860 3859
f 3956 3957 3860
f 3957 3861 3860
f 3957 3958 3861
f 3958 3862 3861
f 3958 3959 3862
f 3959 3863 3862
f 3959 3960 3863
f 3960 3864 3863
f 3960 3961 3864
f 3961 3865 3864
f 3961 3962 3865
f 3962 3866 3865
f 3962 3963 3866
f 3963 3867 3866
f 3963 3964 3867
f 3964 3868 3867
f 3964 3965 3868
f 3965 3869 3868
f 3965 3966 3869
f 3966 3870 3869
f 3966 3967 3870
f 3967 3871 3870
f 3967 3968 3871
f 3968 3872 3871
f 3968 3969 3872
f 3969 3873 3872
f 3969 3970 3873
f 3970 3874 3873
f 3970 3971 3874
f 3971 3875 3874
f 3971 3972 3875
f 3972 3876 3875
f 3972 3973 3876
f 3973 3877 3876
f 3973 3974 3877
f 3974 3878 3877
f 3974 3975 3878
f 3975 3879 3878
f 3975 3976 3879
f 3976 3880 3879
f 3976 3977 3880
f 3977 3881 3880
f 3977 3978 3881
f 3978 3882 3881
f 3978 3979 3882
f 3979 3883 3882
f 3979 3980 3883
f 3980 3884 3883
f 3980 3981 3884
f 3981 3885 3884
f 3981 3982 3885
f 3982 3886 3885
f 3982 3983 3886
f 3983 3887 3886
f 3983 3984 3887
f 3984 3888 3887
f 3984 3985 3888
f 3985 3889 3888
f 3985 3986 3889
f 3986 3890 3889
f 3986 3987 3890
f 3987 3891 3890
f 3987 3988 3891
f 3988 3892 3891
f 3988 3989 3892
f 3989 3893 3892
f 3989 3990 3893
f 3990 3894 3893
f 3990 3991 3894
f 3991 3895 3894
f 3991 3992 3895
f 3992 3896 3895
f 3992 3993 3896
f 3993 3897 3896
f 3993 3994 3897
f 3994 3898 3897
f 3994 3995 3898
f 3995 3899 3898
f 3995 3996 3899
f 3996 3900 3899
f 3996 3997 3900
f 3997 3901 3900
f 3997 3998 3901
f 3998 3902 3901
f 3998 3999 3902
f 3999 3903 3902
f 3999 4000 3903
f 4000 3904 3903
f 4000 4001 3904
f 4001 3905 3904
f 4001 4002 3905
f 4002 3906 3905
f 4002 4003 3906
f 4003 3907 3906
f 4003 4004 3907
f 4004 3908 3907
f 4004 4005 3908
f 4005 3909 3908
f 4005 4006 3909
f 4006 3910 3909
f 4006 4007 3910
f 4007 3911 3910
f 4007 4008 3911
f 4008 3912 3911
f 4008 4009 3912
f 4009 3913 3912
f 4009 4010 3913
f 4010 3914 3913
f 4010 4011 3914
f 4011 3915 3914
f 4011 4012 3915
f 4012 3916 3915
f 4012 4013 3916
f 4013 3917 3916
f 4013 4014 3917
f 4014 3918 3917
f 4014 4015 3918
f 4015 3919 3918
f 4015 4016 3919
f 4016 3920 3919
f 4016 4017 3920
f 4017 3921 3920
f 4017 4018 3921
f 4018 3922 3921
f 4018 4019 3922
f 4019 3923 3922
f 4019 4020 3923
f 4020 3924 3923
f 4020 4021 3924
f 4021 3925 3924
f 4021 4022 3925
f 4022 3926 3925
f 4022 4023 3926
f 4023 3927 3926
f 4023 4024 3927
f 4024 3928 3927
f 4024 4025 3928
f 4025 3929 3928
f 4025 4026 3929
f 4026 3930 3929
f 4026 4027 3930
f 4027 3931 3930
f 4027 4028 3931
f 4028 3932 3931
f 4028 4029 3932
f 4029 3933 3932
f 4029 4030 3933
f 4030 3934 3933
f 4030 4031 3934
f 4031 3935 3934
f 4031 4032 3935
f 4032 3936 3935
f 4032 3937 3936
f 3937 3841 3936
f 4033 4034 3937
f 4034 3938 3937
f 4034 4035 3938
f 4035 3939 3938
f 4035 4036 3939
f 4036 3940 3939
f 4036 4037 3940
f 4037 3941 3940
f 4037 4038 3941
f 4038 3942 3941
f 4038 4039 3942
f 4039 3943 3942
f 4039 4040 3943
f 4040 3944 3943
f 4040 4041 3944
f 4041 3945 3944
f 4041 4042 3945
f 4042 3946 3945
f 4042 4043 3946
f 4043 3947 3946
f 4043 4044 3947
f 4044 3948 3947
f 4044 4045 3948
f 4045 3949 3948
f 4045 4046 3949
f 4046 3950 3949
f 4046 4047 3950
f 4047 3951 3950
f 4047 4048 3951
f 4048 3952 3951
f 4048 4049 3952
f 4049 3953 3952
f 4049 4050 3953
f 4050 3954 3953
f 4050 4051 3954
f 4051 3955 3954
f 4051 4052 3955
f 4052 3956 3955
f 4052 4053 3956
f 4053 3957 3956
f 4053 4054 3957
f 4054 3958 3957
f 4054 4055 3958
f 4055 3959 3958
f 4055 4056 3959
f 4056 3960 3959
f 4056 4057 3960
f 4057 3961 3960
f 4057 4058 3961
f 4058 3962 3961
f 4058 4059 3962
f 4059 3963 3962
f 4059 4060 3963
f 4060 3964 3963
f 4060 4061 3964
f 4061 3965 3964
f 4061 4062 3965
f 4062 3966 3965
f 4062 4063 3966
f 4063 3967 3966
f 4063 4064 3967
f 4064 3968 3967
f 4064 4065 3968
f 4065 3969 3968
f 4065 4066 3969
f 4066 3970 3969
f 4066 4067 3970
f 4067 3971 3970
f 4067 4068 3971
f 4068 3972 3971
f 4068 4069 3972
f 4069 3973 3972
f 4069 4070 3973
f 4070 3974 3973
f 4070 4071 3974
f 4071 3975 3974
f 4071 4072 3975
f 4072 3976 3975
f 4072 4073 3976
f 4073 3977 3976
f 4073 4074 3977
f 4074 3978 3977
f 4074 4075 3978
f 4075 3979 3978
f 4075 4076 3979
f 4076 3980 3979
f 4076 4077 3980
f 4077 3981 3980
f 4077 4078 3981
f 4078 3982 3981
f 4078 4079 3982
f 4079 3983 3982
f 4079 4080 3983
f 4080 3984 3983
f 4080 4081 3984
f 4081 3985 3984
f 4081 4082 3985
f 4082 3986 3985
f 4082 4083 3986
f 4083 3987 3986
f 4083 4084 3987
f 4084 3988 3987
f 4084 4085 3988
f 4085 3989 3988
f 4085 4086 3989
f 4086 3990 3989
f 4086 4087 3990
f 4087 3991 3990
f 4087 4088 3991
f 4088 3992 3991
f 4088 4089 3992
f 4089 3993 3992
f 4089 4090 3993
f 4090 3994 3993
f 4090 4091 3994
f 4091 3995 3994
f 4091 4092 3995
f 4092 3996 3995
f 4092 4093 3996
f 4093 3997 3996
f 4093 4094 3997
f 4094 3998 3997
f 4094 4095 3998
f 4095 3999 3998
f 4095 4096 3999
f 4096 4000 3999
f 4096 4097 4000
f 4097 4001 4000
f 4097 4098 4001
f 4098 4002 4001
f 4098 4099 4002
f 4099 4003 4002
f 4099 4100 4003
f 4100 4004 4003
f 4100 4101 4004
f 4101 4005 4004
f 4101 4102 4005
f 4102 4006 4005
f 4102 4103 4006
f 4103 4007 4006
f 4103 4104 4007
f 4104 4008 4007
f 4104 4105 4008
f 4105 4009 4008
f 4105 4106 4009
f 4106 4010 4009
f 4106 4107 4010
f 4107 4011 4010
f 4107 4108 4011
f 4108 4012 4011
f 4108 4109 4012
f 4109 4013 4012
f 4109 4110 4013
f 4110 4014 4013
f 4110 4111 4014
f 4111 4015 4014
f 4111 4112 4015
f 4112 4016 4015
f 4112 4113 4016
f 4113 4017 4016
f 4113 4114 4017
f 4114 4018 4017
f 4114 4115 4018
f 4115 4019 4018
f 4115 4116 4019
f 4116 4020 4019
f 4116 4117 4020
f 4117 4021 4020
f 4117 4118 4021
f 4118 4022 4021
f 4118 4119 4022
f 4119 4023 4022
f 4119 4120 4023
f 4120 4024 4023
f 4120 4121 4024
f 4121 4025 4024
f 4121 4122 4025
f 4122 4026 4025
f 4122 4123 4026
f 4123 4027 4026
f 4123 4124 4027
f 4124 4028 4027
f 4124 4125 4028
f 4125 4029 4028
f 4125 4126 4029
f 4126 4030 4029
f 4126 4127 4030
f 4127 4031 4030
f 4127 4128 4031
f 4128 4032 4031
f 4128 4033 4032
f 4033 3937 4032
f 4129 4130 4033
f 4130 4034 4033
f 4130 4131 4034
f 4131 4035 4034
f 4131 4132 4035
f 4132 4036 4035
f 4132 4133 4036
f 4133 4037 4036
f 4133 4134 4037
f 4134 4038 4037
f 4134 4135 4038
f 4135 4039 4038
f 4135 4136 4039
f 4136 4040 4039
f 4136 4137 4040
f 4137 4041 4040
f 4137 4138 4041
f 4138 4042 4041
f 4138 4139 4042
f 4139 4043 4042
f 4139 4140 4043
f 4140 4044 4043
f 4140 4141 4044
f 4141 4045 4044
f 4141 4142 4045
f 4142 4046 4045
f 4142 4143 4046
f 4143 4047 4046
f 4143 4144 4047
f 4144 4048 4047
f 4144 4145 4048
f 4145 4049 4048
f 4145 4146 4049
f 4146 4050 4049
f 4146 4147 4050
f 4147 4051 4050
f 4147 4148 4051
f 4148 4052 4051
f 4148 4149 4052
f 4149 4053 4052
f 4149 4150 4053
f 4150 4054 4053
f 4150 4151 4054
f 4151 4055 4054
f 4151 4152 4055
f 4152 4056 4055
f 4152 4153 4056
f 4153 4057 4056
f 4153 4154 4057
f 4154 4058 4057
f 4154 4155 4058
f 4155 4059 4058
f 4155 4156 4059
f 4156 4060 4059
f 4156 4157 4060
f 4157 4061 4060
f 4157 4158 4061
f 4158 4062 4061
f 4158 4159 4062
f 4159 4063 4062
f 4159 4160 4063
f 4160 4064 4063
f 4160 4161 4064
f 4161 4065 4064
f 4161 4162 4065
f 4162 4066 4065
f 4162 4163 4066
f 4163 4067 4066
f 4163 4164 4067
f 4164 4068 4067
f 4164 4165 4068
f 4165 4069 4068
f 4165 4166 4069
f 4166 4070 4069
f 4166 4167 4070
f 4167 4071 4070
f 4167 4168 4071
f 4168 4072 4071
f 4168 4169 4072
f 4169 4073 4072
f 4169 4170 4073
f 4170 4074 4073
f 4170 4171 4074
f 4171 4075 4074
f 4171 4172 4075
f 4172 4076 4075
f 4172 4173 4076
f 4173 4077 4076
f 4173 4174 4077
f 4174 4078 4077
f 4174 4175 4078
f 4175 4079 4078
f 4175 4176 4079
f 4176 4080 4079
f 4176 4177 4080
f 4177 4081 4080
f 4177 4178 4081
f 4178 4082 4081
f 4178 4179 4082
f 4179 4083 4082
f 4179 4180 4083
f 4180 4084 4083
f 4180 4181 4084
f 4181 4085 4084
f 4181 4182 4085
f 4182 4086 4085
f 4182 4183 4086
f 4183 4087 4086
f 4183 4184 4087
f 4184 4088 4087
f 4184 4185 4088
f 4185 4089 4088
f 4185 4186 4089
f 4186 4090 4089
f 4186 4187 4090
f 4187 4091 4090
f 4187 4188 4091
f 4188 4092 4091
f 4188 4189 4092
f 4189 4093 4092
f 4189 4190 4093
f 4190 4094 4093
f 4190 4191 4094
f 4191 4095 4094
f 4191 4192 4095
f 4192 4096 4095
f 4192 4193 4096
f 4193 4097 4096
f 4193 4194 4097
f 4194 4098 4097
f 4194 4195 4098
f 4195 4099 4098
f 4195 4196 4099
f 4196 4100 4099
f 4196 4197 4100
f 4197 4101 4100
f 4197 4198 4101
f 4198 4102 4101
f 4198 4199 4102
f 4199 4103 4102
f 4199 4200 4103
f 4200 4104 4103
f 4200 4201 4104
f 4201 4105 4104
f 4201 4202 4105
f 4202 4106 4105
f 4202 4203 4106
f 4203 4107 4106
f 4203 4204 4107
f 4204 4108 4107
f 4204 4205 4108
f 4205 4109 4108
f 4205 4206 4109
f 4206 4110 4109
f 4206 4207 4110
f 4207 4111 4110
f 4207 4208 4111
f 4208 4112 4111
f 4208 4209 4112
f 4209 4113 4112
f 4209 4210 4113
f 4210 4114 4113
f 4210 4211 4114
f 4211 4115 4114
f 4211 4212 4115
f 4212 4116 4115
f 4212 4213 4116
f 4213 4117 4116
f 4213 4214 4117
f 4214 4118 4117
f 4214 4215 4118
f 4215 4119 4118
f 4215 4216 4119
f 4216 4120 4119
f 4216 4217 4120
f 4217 4121 4120
f 4217 4218 4121
f 4218 4122 4121
f 4218 4219 4122
f 4219 4123 4122
f 4219 4220 4123
f 4220 4124 4123
f 4220 4221 4124
f 4221 4125 4124
f 4221 4222 4125
f 4222 4126 4125
f 4222 4223 4126
f 4223 4127 4126
f 4223 4224 4127
f 4224 4128 4127
f 4224 4129 4128
f 4129 4033 4128
f 4225 4226 4129
f 4226 4130 4129
f 4226 4227 4130
f 4227 4131 4130
f 4227 4228 4131
f 4228 4132 4131
f 4228 4229 4132
f 4229 4133 4132
f 4229 4230 4133
f 4230 4134 4133
f 4230 4231 4134
f 4231 4135 4134
f 4231 4232 4135
f 4232 4136 4135
f 4232 4233 4136
f 4233 4137 4136
f 4233 4234 4137
f 4234 4138 4137
f 4234 4235 4138
f 4235 4139 4138
f 4235 4236 4139
f 4236 4140 4139
f 4236 4237 4140
f 4237 4141 4140
f 4237 4238 4141
f 4238 4142 4141
f 4238 4239 4142
f 4239 4143 4142
f 4239 4240 4143
f 4240 4144 4143
f 4240 4241 4144
f 4241 4145 4144
f 4241 4242 4145
f 4242 4146 4145
f 4242 4243 4146
f 4243 4147 4146
f 4243 4244 4147
f 4244 4148 4147
f 4244 4245 4148
f 4245 4149 4148
f 4245 4246 4149
f 4246 4150 4149
f 4246 4247 4150
f 4247 4151 4150
f 4247 4248 4151
f 4248 4152 4151
f 4248 4249 4152
f 4249 4153 4152
f 4249 4250 4153
f 4250 4154 4153
f 4250 4251 4154
f 4251 4155 4154
f 4251 4252 4155
f 4252 4156 4155
f 4252 4253 4156
f 4253 4157 4156
f 4253 4254 4157
f 4254 4158 4157
f 4254 4255 4158
f 4255 4159 4158
f 4255 4256 4159
f 4256 4160 4159
f 4256 4257 4160
f 4257 4161 4160
f 4257 4258 4161
f 4258 4162 4161
f 4258 4259 4162
f 4259 4163 4162
f 4259 4260 4163
f 4260 4164 4163
f 4260 4261 4164
f 4261 4165 4164
f 4261 4262 4165
f 4262 4166 4165
f 4262 4263 4166
f 4263 4167 4166
f 4263 4264 4167
f 4264 4168 4167
f 4264 4265 4168
f 4265 4169 4168
f 4265 4266 4169
f 4266 4170 4169
f 4266 4267 4170
f 4267 4171 4170
f 4267 4268 4171
f 4268 4172 4171
f 4268 4269 4172
f 4269 4173 4172
f 4269 4270 4173
f 4270 4174 4173
f 4270 4271 4174
f 4271 4175 4174
f 4271 4272 4175
f 4272 4176 4175
f 4272 4273 4176
f 4273 4177 4176
f 4273 4274 4177
f 4274 4178 4177
f 4274 4275 4178
f 4275 4179 4178
f 4275 4276 4179
f 4276 4180 4179
f 4276 4277 4180
f 4277 4181 4180
f 4277 4278 4181
f 4278 4182 4181
f 4278 4279 4182
f 4279 4183 4182
f 4279 4280 4183
f 4280 4184 4183
f 4280 4281 4184
f 4281 4185 4184
f 4281 4282 4185
f 4282 4186 4185
f 4282 4283 4186
f 4283 4187 4186
f 4283 4284 4187
f 4284 4188 4187
f 4284 4285 4188
f 4285 4189 4188
f 4285 4286 4189
f 4286 4190 4189
f 4286 4287 4190
f 4287 4191 4190
f 4287 4288 4191
f 4288 4192 4191
f 4288 4289 4192
f 4289 4193 4192
f 4289 4290 4193
f 4290 4194 4193
f 4290 4291 4194
f 4291 4195 4194
f 4291 4292 4195
f 4292 4196 4195
f 4292 4293 4196
f 4293 4197 4196
f 4293 4294 4197
f 4294 4198 4197
f 4294 4295 4198
f 4295 4199 4198
f 4295 4296 4199
f 4296 4200 4199
f 4296 4297 4200
f 4297 4201 4200
f 4297 4298 4201
f 4298 4202 4201
f 4298 4299 4202
f 4299 4203 4202
f 4299 4300 4203
f 4300 4204 4203
f 4300 4301 4204
f 4301 4205 4204
f 4301 4302 4205
f 4302 4206 4205
f 4302 4303 4206
f 4303 4207 4206
f 4303 4304 4207
f 4304 4208 4207
f 4304 4305 4208
f 4305 4209 4208
f 4305 4306 4209
f 4306 4210 4209
f 4306 4307 4210
f 4307 4211 4210
f 4307 4308 4211
f 4308 4212 4211
f 4308 4309 4212
f 4309 4213 4212
f 4309 4310 4213
f 4310 4214 4213
f 4310 4311 4214
f 4311 4215 4214
f 4311 4312 4215
f 4312 4216 4215
f 4312 4313 4216
f 4313 4217 4216
f 4313 4314 4217
f 4314 4218 4217
f 4314 4315 4218
f 4315 4219 4218
f 4315 4316 4219
f 4316 4220 4219
f 4316 4317 4220
f 4317 4221 4220
f 4317 4318 4221
f 4318 4222 4221
f 4318 4319 4222
f 4319 4223 4222
f 4319 4320 4223
f 4320 4224 4223
f 4320 4225 4224
f 4225 4129 4224
f 4321 4322 4225
f 4322 4226 4225
f 4322 4323 4226
f 4323 4227 4226
f 4323 4324 4227
f 4324 4228 4227
f 4324 4325 4228
f 4325 4229 4228
f 4325 4326 4229
f 4326 4230 4229
f 4326 4327 4230
f 4327 4231 4230
f 4327 4328 4231
f 4328 4232 4231
f 4328 4329 4232
f 4329 4233 4232
f 4329 4330 4233
f 4330 4234 4233
f 4330 4331 4234
f 4331 4235 4234
f 4331 4332 4235
f 4332 4236 4235
f 4332 4333 4236
f 4333 4237 4236
f 4333 4334 4237
f 4334 4238 4237
f 4334 4335 4238
f 4335 4239 4238
f 4335 4336 4239
f 4336 4240 4239
f 4336 4337 4240
f 4337 4241 4240
f 4337 4338 4241
f 4338 4242 4241
f 4338 4339 4242
f 4339 4243 4242
f 4339 4340 4243
f 4340 4244 4243
f 4340 4341 4244
f 4341 4245 4244
f 4341 4342 4245
f 4342 4246 4245
f 4342 4343 4246
f 4343 4247 4246
f 4343 4344 4247
f 4344 4248 4247
f 4344 4345 4248
f 4345 4249 4248
f 4345 4346 4249
f 4346 4250 4249
f 4346 4347 4250
f 4347 4251 4250
f 4347 4348 4251
f 4348 4252 4251
f 4348 4349 4252
f 4349 4253 4252
f 4349 4350 4253
f 4350 4254 4253
f 4350 4351 4254
f 4351 4255 4254
f 4351 4352 4255
f 4352 4256 4255
f 4352 4353 4256
f 4353 4257 4256
f 4353 4354 4257
f 4354 4258 4257
f 4354 4355 4258
f 4355 4259 4258
f 4355 4356 4259
f 4356 4260 4259
f 4356 4357 4260
f 4357 4261 4260
f 4357 4358 4261
f 4358 4262 4261
f 4358 4359 4262
f 4359 4263 4262
f 4359 4360 4263
f 4360 4264 4263
f 4360 4361 4264
f 4361 4265 4264
f 4361 4362 4265
f 4362 4266 4265
f 4362 4363 4266
f 4363 4267 4266
f 4363 4364 4267
f 4364 4268 4267
f 4364 4365 4268
f 4365 4269 4268
f 4365 4366 4269
f 4366 4270 4269
f 4366 4367 4270
f 4367 4271 4270
f 4367 4368 4271
f 4368 4272 4271
f 4368 4369 4272
f 4369 4273 4272
f 4369 4370 4273
f 4370 4274 4273
f 4370 4371 4274
f 4371 4275 4274
f 4371 4372 4275
f 4372 4276 4275
f 4372 4373 4276
f 4373 4277 4276
f 4373 4374 4277
f 4374 4278 4277
f 4374 4375 4278
f 4375 4279 4278
f 4375 4376 4279
f 4376 4280 4279
f 4376 4377 4280
f 4377 4281 4280
f 4377 4378 4281
f 4378 4282 4281
f 4378 4379 4282
f 4379 4283 4282
f 4379 4380 4283
f 4380 4284 4283
f 4380 4381 4284
f 4381 4285 4284
f 4381 4382 4285
f 4382 4286 4285
f 4382 4383 4286
f 4383 4287 4286
f 4383 4384 4287
f 4384 4288 4287
f 4384 4385 4288
f 4385 4289 4288
f 4385 4386 4289
f 4386 4290 4289
f 4386 4387 4290
f 4387 4291 4290
f 4387 4388 4291
f 4388 4292 4291
f 4388 4389 4292
f 4389 4293 4292
f 4389 4390 4293
f 4390 4294 4293
f 4390 4391 4294
f 4391 4295 4294
f 4391 4392 4295
f 4392 4296 4295
f 4392 4393 4296
f 4393 4297 4296
f 4393 4394 4297
f 4394 4298 4297
f 4394 4395 4298
f 4395 4299 4298
f 4395 4396 4299
f 4396 4300 4299
f 4396 4397 4300
f 4397 4301 4300
f 4397 4398 4301
f 4398 4302 4301
f 4398 4399 4302
f 4399 4303 4302
f 4399 4400 4303
f 4400 4304 4303
f 4400 4401 4304
f 4401 4305 4304
f 4401 4402 4305
f 4402 4306 4305
f 4402 4403 4306
f 4403 4307 4306
f 4403 4404 4307
f 4404 4308 4307
f 4404 4405 4308
f 4405 4309 4308
f 4405 4406 4309
f 4406 4310 4309
f 4406 4407 4310
f 4407 4311 4310
f 4407 4408 4311
f 4408 4312 4311
f 4408 4409 4312
f 4409 4313 4312
f 4409 4410 4313
f 4410 4314 4313
f 4410 4411 4314
f 4411 4315 4314
f 4411 4412 4315
f 4412 4316 4315
f 4412 4413 4316
f 4413 4317 4316
f 4413 4414 4317
f 4414 4318 4317
f 4414 4415 4318
f 4415 4319 4318
f 4415 4416 4319
f 4416 4320 4319
f 4416 4321 4320
f 4321 4225 4320
f 4417 4418 4321
f 4418 4322 4321
f 4418 4419 4322
f 4419 4323 4322
f 4419 4420 4323
f 4420 4324 4323
f 4420 4421 4324
f 4421 4325 4324
f 4421 4422 4325
f 4422 4326 4325
f 4422 4423 4326
f 4423 4327 4326
f 4423 4424 4327
f 4424 4328 4327
f 4424 4425 4328
f 4425 4329 4328
f 4425 4426 4329
f 4426 4330 4329
f 4426 4427 4330
f 4427 4331 4330
f 4427 4428 4331
f 4428 4332 4331
f 4428 4429 4332
f 4429 4333 4332
f 4429 4430 4333
f 4430 4334 4333
f 4430 4431 4334
f 4431 4335 4334
f 4431 4432 4335
f 4432 4336 4335
f 4432 4433 4336
f 4433 4337 4336
f 4433 4434 4337
f 4434 4338 4337
f 4434 4435 4338
f 4435 4339 4338
f 4435 4436 4339
f 4436 4340 4339
f 4436 4437 4340
f 4437 4341 4340
f 4437 4438 4341
f 4438 4342 4341
f 4438 4439 4342
f 4439 4343 4342
f 4439 4440 4343
f 4440 4344 4343
f 4440 4441 4344
f 4441 4345 4344
f 4441 4442 4345
f 4442 4346 4345
f 4442 4443 4346
f 4443 4347 4346
f 4443 4444 4347
f 4444 4348 4347
f 4444 4445 4348
f 4445 4349 4348
f 4445 4446 4349
f 4446 4350 4349
f 4446 4447 4350
f 4447 4351 4350
f 4447 4448 4351
f 4448 4352 4351
f 4448 4449 4352
f 4449 4353 4352
f 4449 4450 4353
f 4450 4354 4353
f 4450 4451 4354
f 4451 4355 4354
f 4451 4452 4355
f 4452 4356 4355
f 4452 4453 4356
f 4453 4357 4356
f 4453 4454 4357
f 4454 4358 4357
f 4454 4455 4358
f 4455 4359 4358
f 4455 4456 4359
f 4456 4360 4359
f 4456 4457 4360
f 4457 4361 4360
f 4457 4458 4361
f 4458 4362 4361
f 4458 4459 4362
f 4459 4363 4362
f 4459 4460 4363
f 4460 4364 4363
f 4460 4461 4364
f 4461 4365 4364
f 4461 4462 4365
f 4462 4366 4365
f 4462 4463 4366
f 4463 4367 4366
f 4463 4464 4367
f 4464 4368 4367
f 4464 4465 4368
f 4465 4369 4368
f 4465 4466 4369
f 4466 4370 4369
f 4466 4467 4370
f 4467 4371 4370
f 4467 4468 4371
f 4468 4372 4371
f 4468 4469 4372
f 4469 4373 4372
f 4469 4470 4373
f 4470 4374 4373
f 4470 4471 4374
f 4471 4375 4374
f 4471 4472 4375
f 4472 4376 4375
f 4472 4473 4376
f 4473 4377 4376
f 4473 4474 4377
f 4474 4378 4377
f 4474 4475 4378
f 4475 4379 4378
f 4475 4476 4379
f 4476 4380 4379
f 4476 4477 4380
f 4477 4381 4380
f 4477 4478 4381
f 4478 4382 4381
f 4478 4479 4382
f 4479 4383 4382
f 4479 4480 4383
f 4480 4384 4383
f 4480 4481 4384
f 4481 4385 4384
f 4481 4482 4385
f 4482 4386 4385
f 4482 4483 4386
f 4483 4387 4386
f 4483 4484 4387
f 4484 4388 4387
f 4484 4485 4388
f 4485 4389 4388
f 4485 4486 4389
f 4486 4390 4389
f 4486 4487 4390
f 4487 4391 4390
f 4487 4488 4391
f 4488 4392 4391
f 4488 4489 4392
f 4489 4393 4392
f 4489 4490 4393
f 4490 4394 4393
f 4490 4491 4394
f 4491 4395 4394
f 4491 4492 4395
f 4492 4396 4395
f 4492 4493 4396
f 4493 4397 4396
f 4493 4494 4397
f 4494 4398 4397
f 4494 4495 4398
f 4495 4399 4398
f 4495 4496 4399
f 4496 4400 4399
f 4496 4497 4400
f 4497 4401 4400
f 4497 4498 4401
f 4498 4402 4401
f 4498 4499 4402
f 4499 4403 4402
f 4499 4500 4403
f 4500 4404 4403
f 4500 4501 4404
f 4501 4405 4404
f 4501 4502 4405
f 4502 4406 4405
f 4502 4503 4406
f 4503 4407 4406
f 4503 4504 4407
f 4504 4408 4407
f 4504 4505 4408
f 4505 4409 4408
f 4505 4506 4409
f 4506 4410 4409
f 4506 4507 4410
f 4507 4411 4410
f 4507 4508 4411
f 4508 4412 4411
f 4508 4509 4412
f 4509 4413 4412
f 4509 4510 4413
f 4510 4414 4413
f 4510 4511 4414
f 4511 4415 4414
f 4511 4512 4415
f 4512 4416 4415
f 4512 4417 4416
f 4417 4321 4416
f 4513 4514 4417
f 4514 4418 4417
f 4514 4515 4418
f 4515 4419 4418
f 4515 4516 4419
f 4516 4420 4419
f 4516 4517 4420
f 4517 4421 4420
f 4517 4518 4421
f 4518 4422 4421
f 4518 4519 4422
f 4519 4423 4422
f 4519 4520 4423
f 4520 4424 4423
f 4520 4521 4424
f 4521 4425 4424
f 4521 4522 4425
f 4522 4426 4425
f 4522 4523 4426
f 4523 4427 4426
f 4523 4524 4427
f 4524 4428 4427
f 4524 4525 4428
f 4525 4429 4428
f 4525 4526 4429
f 4526 4430 4429
f 4526 4527 4430
f 4527 4431 4430
f 4527 4528 4431
f 4528 4432 4431
f 4528 4529 4432
f 4529 4433 4432
f 4529 4530 4433
f 4530 4434 4433
f 4530 4531 4434
f 4531 4435 4434
f 4531 4532 4435
f 4532 4436 4435
f 4532 4533 4436
f 4533 4437 4436
f 4533 4534 4437
f 4534 4438 4437
f 4534 4535 4438
f 4535 4439 4438
f 4535 4536 4439
f 4536 4440 4439
f 4536 4537 4440
f 4537 4441 4440
f 4537 4538 4441
f 4538 4442 4441
f 4538 4539 4442
f 4539 4443 4442
f 4539 4540 4443
f 4540 4444 4443
f 4540 4541 4444
f 4541 4445 4444
f 4541 4542 4445
f 4542 4446 4445
f 4542 4543 4446
f 4543 4447 4446
f 4543 4544 4447
f 4544 4448 4447
f 4544 4545 4448
f 4545 4449 4448
f 4545 4546 4449
f 4546 4450 4449
f 4546 4547 4450
f 4547 4451 4450
f 4547 4548 4451
f 4548 4452 4451
f 4548 4549 4452
f 4549 4453 4452
f 4549 4550 4453
f 4550 4454 4453
f 4550 4551 4454
f 4551 4455 4454
f 4551 4552 4455
f 4552 4456 4455
f 4552 4553 4456
f 4553 4457 4456
f 4553 4554 4457
f 4554 4458 4457
f 4554 4555 4458
f 4555 4459 4458
f 4555 4556 4459
f 4556 4460 4459
f 4556 4557 4460
f 4557 4461 4460
f 4557 4558 4461
f 4558 4462 4461
f 4558 4559 4462
f 4559 4463 4462
f 4559 4560 4463
f 4560 4464 4463
f 4560 4561 4464
f 4561 4465 4464
f 4561 4562 4465
f 4562 4466 4465
f 4562 4563 4466
f 4563 4467 4466
f 4563 4564 4467
f 4564 4468 4467
f 4564 4565 4468
f 4565 4469 4468
f 4565 4566 4469
f 4566 4470 4469
f 4566 4567 4470
f 4567 4471 4470
f 4567 4568 4471
f 4568 4472 4471
f 4568 4569 4472
f 4569 4473 4472
f 4569 4570 4473
f 4570 4474 4473
f 4570 4571 4474
f 4571 4475 4474
f 4571 4572 4475
f 4572 4476 4475
f 4572 4573 4476
f 4573 4477 4476
f 4573 4574 4477
f 4574 4478 4477
f 4574 4575 4478
f 4575 4479 4478
f 4575 4576 4479
f 4576 4480 4479
f 4576 4577 4480
f 4577 4481 4480
f 4577 4578 4481
f 4578 4482 4481
f 4578 4579 4482
f 4579 4483 4482
f 4579 4580 4483
f 4580 4484 4483
f 4580 4581 4484
f 4581 4485 4484
f 4581 4582 4485
f 4582 4486 4485
f 4582 4583 4486
f 4583 4487 4486
f 4583 4584 4487
f 4584 4488 4487
f 4584 4585 4488
f 4585 4489 4488
f 4585 4586 4489
f 4586 4490 4489
f 4586 4587 4490
f 4587 4491 4490
f 4587 4588 4491
f 4588 4492 4491
f 4588 4589 4492
f 4589 4493 4492
f 4589 4590 4493
f 4590 4494 4493
f 4590 4591 4494
f 4591 4495 4494
f 4591 4592 4495
f 4592 4496 4495
f 4592 4593 4496
f 4593 4497 4496
f 4593 4594 4497
f 4594 4498 4497
f 4594 4595 4498
f 4595 4499 4498
f 4595 4596 4499
f 4596 4500 4499
f 4596 4597 4500
f 4597 4501 4500
f 4597 4598 4501
f 4598 4502 4501
f 4598 4599 4502
f 4599 4503 4502
f 4599 4600 4503
f 4600 4504 4503
f 4600 4601 4504
f 4601 4505 4504
f 4601 4602 4505
f 4602 4506 4505
f 4602 4603 4506
f 4603 4507 4506
f 4603 4604 4507
f 4604 4508 4507
f 4604 4605 4508
f 4605 4509 4508
f 4605 4606 4509
f 4606 4510 4509
f 4606 4607 4510
f 4607 4511 4510
f 4607 4608 4511
f 4608 4512 4511
f 4608 4513 4512
f 4513 4417 4512
f 4609 4610 4513
f 4610 4514 4513
f 4610 4611 4514
f 4611 4515 4514
f 4611 4612 4515
f 4612 4516 4515
f 4612 4613 4516
f 4613 4517 4516
f 4613 4614 4517
f 4614 4518 4517
f 4614 4615 4518
f 4615 4519 4518
f 4615 4616 4519
f 4616 4520 4519
f 4616 4617 4520
f 4617 4521 4520
f 4617 4618 4521
f 4618 4522 4521
f 4618 4619 4522
f 4619 4523 4522
f 4619 4620 4523
f 4620 4524 4523
f 4620 4621 4524
f 4621 4525 4524
f 4621 4622 4525
f 4622 4526 4525
f 4622 4623 4526
f 4623 4527 4526
f 4623 4624 4527
f 4624 4528 4527
f 4624 4625 4528
f 4625 4529 4528
f 4625 4626 4529
f 4626 4530 4529
f 4626 4627 4530
f 4627 4531 4530
f 4627 4628 4531
f 4628 4532 4531
f 4628 4629 4532
f 4629 4533 4532
f 4629 4630 4533
f 4630 4534 4533
f 4630 4631 4534
f 4631 4535 4534
f 4631 4632 4535
f 4632 4536 4535
f 4632 4633 4536
f 4633 4537 4536
f 4633 4634 4537
f 4634 4538 4537
f 4634 4635 4538
f 4635 4539 4538
f 4635 4636 4539
f 4636 4540 4539
f 4636 4637 4540
f 4637 4541 4540
f 4637 4638 4541
f 4638 4542 4541
f 4638 4639 4542
f 4639 4543 4542
f 4639 4640 4543
f 4640 4544 4543
f 4640 4641 4544
f 4641 4545 4544
f 4641 4642 4545
f 4642 4546 4545
f 4642 4643 4546
f 4643 4547 4546
f 4643 4644 4547
f 4644 4548 4547
f 4644 4645 4548
f 4645 4549 4548
f 4645 4646 4549
f 4646 4550 4549
f 4646 4647 4550
f 4647 4551 4550
f 4647 4648 4551
f 4648 4552 4551
f 4648 4649 4552
f 4649 4553 4552
f 4649 4650 4553
f 4650 4554 4553
f 4650 4651 4554
f 4651 4555 4554
f 4651 4652 4555
f 4652 4556 4555
f 4652 4653 4556
f 4653 4557 4556
f 4653 4654 4557
f 4654 4558 4557
f 4654 4655 4558
f 4655 4559 4558
f 4655 4656 4559
f 4656 4560 4559
f 4656 4657 4560
f 4657 4561 4560
f 4657 4658 4561
f 4658 4562 4561
f 4658 4659 4562
f 4659 4563 4562
f 4659 4660 4563
f 4660 4564 4563
f 4660 4661 4564
f 4661 4565 4564
f 4661 4662 4565
f 4662 4566 4565
f 4662 4663 4566
f 4663 4567 4566
f 4663 4664 4567
f 4664 4568 4567
f 4664 4665 4568
f 4665 4569 4568
f 4665 4666 4569
f 4666 4570 4569
f 4666 4667 4570
f 4667 4571 4570
f 4667 4668 4571
f 4668 4572 4571
f 4668 4669 4572
f 4669 4573 4572
f 4669 4670 4573
f 4670 4574 4573
f 4670 4671 4574
f 4671 4575 4574
f 4671 4672 4575
f 4672 4576 4575
f 4672 4673 4576
f 4673 4577 4576
f 4673 4674 4577
f 4674 4578 4577
f 4674 4675 4578
f 4675 4579 4578
f 4675 4676 4579
f 4676 4580 4579
f 4676 4677 4580
f 4677 4581 4580
f 4677 4678 4581
f 4678 4582 4581
f 4678 4679 4582
f 4679 4583 4582
f 4679 4680 4583
f 4680 4584 4583
f 4680 4681 4584
f 4681 4585 4584
f 4681 4682 4585
f 4682 4586 4585
f 4682 4683 4586
f 4683 4587 4586
f 4683 4684 4587
f 4684 4588 4587
f 4684 4685 4588
f 4685 4589 4588
f 4685 4686 4589
f 4686 4590 4589
f 4686 4687 4590
f 4687 4591 4590
f 4687 4688 4591
f 4688 4592 4591
f 4688 4689 4592
f 4689 4593 4592
f 4689 4690 4593
f 4690 4594 4593
f 4690 4691 4594
f 4691 4595 4594
f 4691 4692 4595
f 4692 4596 4595
f 4692 4693 4596
f 4693 4597 4596
f 4693 4694 4597
f 4694 4598 4597
f 4694 4695 4598
f 4695 4599 4598
f 4695 4696 4599
f 4696 4600 4599
f 4696 4697 4600
f 4697 4601 4600
f 4697 4698 4601
f 4698 4602 4601
f 4698 4699 4602
f 4699 4603 4602
f 4699 4700 4603
f 4700 4604 4603
f 4700 4701 4604
f 4701 4605 4604
f 4701 4702 4605
f 4702 4606 4605
f 4702 4703 4606
f 4703 4607 4606
f 4703 4704 4607
f 4704 4608 4607
f 4704 4609 4608
f 4609 4513 4608
f 4705 4706 4609
f 4706 4610 4609
f 4706 4707 4610
f 4707 4611 4610
f 4707 4708 4611
f 4708 4612 4611
f 4708 4709 4612
f 4709 4613 4612
f 4709 4710 4613
f 4710 4614 4613
f 4710 4711 4614
f 4711 4615 4614
f 4711 4712 4615
f 4712 4616 4615
f 4712 4713 4616
f 4713 4617 4616
f 4713 4714 4617
f 4714 4618 4617
f 4714 4715 4618
f 4715 4619 4618
f 4715 4716 4619
f 4716 4620 4619
f 4716 4717 4620
f 4717 4621 4620
f 4717 4718 4621
f 4718 4622 4621
f 4718 4719 4622
f 4719 4623 4622
f 4719 4720 4623
f 4720 4624 4623
f 4720 4721 4624
f 4721 4625 4624
f 4721 4722 4625
f 4722 4626 4625
f 4722 4723 4626
f 4723 4627 4626
f 4723 4724 4627
f 4724 4628 4627
f 4724 4725 4628
f 4725 4629 4628
f 4725 4726 4629
f 4726 4630 4629
f 4726 4727 4630
f 4727 4631 4630
f 4727 4728 4631
f 4728 4632 4631
f 4728 4729 4632
f 4729 4633 4632
f 4729 4730 4633
f 4730 4634 4633
f 4730 4731 4634
f 4731 4635 4634
f 4731 4732 4635
f 4732 4636 4635
f 4732 4733 4636
f 4733 4637 4636
f 4733 4734 4637
f 4734 4638 4637
f 4734 4735 4638
f 4735 4639 4638
f 4735 4736 4639
f 4736 4640 4639
f 4736 4737 4640
f 4737 4641 4640
f 4737 4738 4641
f 4738 4642 4641
f 4738 4739 4642
f 4739 4643 4642
f 4739 4740 4643
f 4740 4644 4643
f 4740 4741 4644
f 4741 4645 4644
f 4741 4742 4645
f 4742 4646 4645
f 4742 4743 4646
f 4743 4647 4646
f 4743 4744 4647
f 4744 4648 4647
f 4744 4745 4648
f 4745 4649 4648
f 4745 4746 4649
f 4746 4650 4649
f 4746 4747 4650
f 4747 4651 4650
f 4747 4748 4651
f 4748 4652 4651
f 4748 4749 4652
f 4749 4653 4652
f 4749 4750 4653
f 4750 4654 4653
f 4750 4751 4654
f 4751 4655 4654
f 4751 4752 4655
f 4752 4656 4655
f 4752 4753 4656
f 4753 4657 4656
f 4753 4754 4657
f 4754 4658 4657
f 4754 4755 4658
f 4755 4659 4658
f 4755 4756 4659
f 4756 4660 4659
f 4756 4757 4660
f 4757 4661 4660
f 4757 4758 4661
f 4758 4662 4661
f 4758 4759 4662
f 4759 4663 4662
f 4759 4760 4663
f 4760 4664 4663
f 4760 4761 4664
f 4761 4665 4664
f 4761 4762 4665
f 4762 4666 4665
f 4762 4763 4666
f 4763 4667 4666
f 4763 4764 4667
f 4764 4668 4667
f 4764 4765 4668
f 4765 4669 4668
f 4765 4766 4669
f 4766 4670 4669
f 4766 4767 4670
f 4767 4671 4670
f 4767 4768 4671
f 4768 4672 4671
f 4768 4769 4672
f 4769 4673 4672
f 4769 4770 4673
f 4770 4674 4673
f 4770 4771 4674
f 4771 4675 4674
f 4771 4772 4675
f 4772 4676 4675
f 4772 4773 4676
f 4773 4677 4676
f 4773 4774 4677
f 4774 4678 4677
f 4774 4775 4678
f 4775 4679 4678
f 4775 4776 4679
f 4776 4680 4679
f 4776 4777 4680
f 4777 4681 4680
f 4777 4778 4681
f 4778 4682 4681
f 4778 4779 4682
f 4779 4683 4682
f 4779 4780 4683
f 4780 4684 4683
f 4780 4781 4684
f 4781 4685 4684
f 4781 4782 4685
f 4782 4686 4685
f 4782 4783 4686
f 4783 4687 4686
f 4783 4784 4687
f 4784 4688 4687
f 4784 4785 4688
f 4785 4689 4688
f 4785 4786 4689
f 4786 4690 4689
f 4786 4787 4690
f 4787 4691 4690
f 4787 4788 4691
f 4788 4692 4691
f 4788 4789 4692
f 4789 4693 4692
f 4789 4790 4693
f 4790 4694 4693
f 4790 4791 4694
f 4791 4695 4694
f 4791 4792 4695
f 4792 4696 4695
f 4792 4793 4696
f 4793 4697 4696
f 4793 4794 4697
f 4794 4698 4697
f 4794 4795 4698
f 4795 4699 4698
f 4795 4796 4699
f 4796 4700 4699
f 4796 4797 4700
f 4797 4701 4700
f 4797 4798 4701
f 4798 4702 4701
f 4798 4799 4702
f 4799 4703 4702
f 4799 4800 4703
f 4800 4704 4703
f 4800 4705 4704
f 4705 4609 4704
f 4801 4802 4705
f 4802 4706 4705
f 4802 4803 4706
f 4803 4707 4706
f 4803 4804 4707
f 4804 4708 4707
f 4804 4805 4708
f 4805 4709 4708
f 4805 4806 4709
f 4806 4710 4709
f 4806 4807 4710
f 4807 4711 4710
f 4807 4808 4711
f 4808 4712 4711
f 4808 4809 4712
f 4809 4713 4712
f 4809 4810 4713
f 4810 4714 4713
f 4810 4811 4714
f 4811 4715 4714
f 4811 4812 4715
f 4812 4716 4715
f 4812 4813 4716
f 4813 4717 4716
f 4813 4814 4717
f 4814 4718 4717
f 4814 4815 4718
f 4815 4719 4718
f 4815 4816 4719
f 4816 4720 4719
f 4816 4817 4720
f 4817 4721 4720
f 4817 4818 4721
f 4818 4722 4721
f 4818 4819 4722
f 4819 4723 4722
f 4819 4820 4723
f 4820 4724 4723
f 4820 4821 4724
f 4821 4725 4724
f 4821 4822 4725
f 4822 4726 4725
f 4822 4823 4726
f 4823 4727 4726
f 4823 4824 4727
f 4824 4728 4727
f 4824 4825 4728
f 4825 4729 4728
f 4825 4826 4729
f 4826 4730 4729
f 4826 4827 4730
f 4827 4731 4730
f 4827 4828 4731
f 4828 4732 4731
f 4828 4829 4732
f 4829 4733 4732
f 4829 4830 4733
f 4830 4734 4733
f 4830 4831 4734
f 4831 4735 4734
f 4831 4832 4735
f 4832 4736 4735
f 4832 4833 4736
f 4833 4737 4736
f 4833 4834 4737
f 4834 4738 4737
f 4834 4835 4738
f 4835 4739 4738
f 4835 4836 4739
f 4836 4740 4739
f 4836 4837 4740
f 4837 4741 4740
f 4837 4838 4741
f 4838 4742 4741
f 4838 4839 4742
f 4839 4743 4742
f 4839 4840 4743
f 4840 4744 4743
f 4840 4841 4744
f 4841 4745 4744
f 4841 4842 4745
f 4842 4746 4745
f 4842 4843 4746
f 4843 4747 4746
f 4843 4844 4747
f 4844 4748 4747
f 4844 4845 4748
f 4845 4749 4748
f 4845 4846 4749
f 4846 4750 4749
f 4846 4847 4750
f 4847 4751 4750
f 4847 4848 4751
f 4848 4752 4751
f 4848 4849 4752
f 4849 4753 4752
f 4849 4850 4753
f 4850 4754 4753
f 4850 4851 4754
f 4851 4755 4754
f 4851 4852 4755
f 4852 4756 4755
f 4852 4853 4756
f 4853 4757 4756
f 4853 4854 4757
f 4854 4758 4757
f 4854 4855 4758
f 4855 4759 4758
f 4855 4856 4759
f 4856 4760 4759
f 4856 4857 4760
f 4857 4761 4760
f 4857 4858 4761
f 4858 4762 4761
f 4858 4859 4762
f 4859 4763 4762
f 4859 4860 4763
f 4860 4764 4763
f 4860 4861 4764
f 4861 4765 4764
f 4861 4862 4765
f 4862 4766 4765
f 4862 4863 4766
f 4863 4767 4766
f 4863 4864 4767
f 4864 4768 4767
f 4864 4865 4768
f 4865 4769 4768
f 4865 4866 4769
f 4866 4770 4769
f 4866 4867 4770
f 4867 4771 4770
f 4867 4868 4771
f 4868 4772 4771
f 4868 4869 4772
f 4869 4773 4772
f 4869 4870 4773
f 4870 4774 4773
f 4870 4871 4774
f 4871 4775 4774
f 4871 4872 4775
f 4872 4776 4775
f 4872 4873 4776
f 4873 4777 4776
f 4873 4874 4777
f 4874 4778 4777
f 4874 4875 4778
f 4875 4779 4778
f 4875 4876 4779
f 4876 4780 4779
f 4876 4877 4780
f 4877 4781 4780
f 4877 4878 4781
f 4878 4782 4781
f 4878 4879 4782
f 4879 4783 4782
f 4879 4880 4783
f 4880 4784 4783
f 4880 4881 4784
f 4881 4785 4784
f 4881 4882 4785
f 4882 4786 4785
f 4882 4883 4786
f 4883 4787 4786
f 4883 4884 4787
f 4884 4788 4787
f 4884 4885 4788
f 4885 4789 4788
f 4885 4886 4789
f 4886 4790 4789
f 4886 4887 4790
f 4887 4791 4790
f 4887 4888 4791
f 4888 4792 4791
f 4888 4889 4792
f 4889 4793 4792
f 4889 4890 4793
f 4890 4794 4793
f 4890 4891 4794
f 4891 4795 4794
f 4891 4892 4795
f 4892 4796 4795
f 4892 4893 4796
f 4893 4797 4796
f 4893 4894 4797
f 4894 4798 4797
f 4894 4895 4798
f 4895 4799 4798
f 4895 4896 4799
f 4896 4800 4799
f 4896 4801 4800
f 4801 4705 4800
f 4897 4898 4801
f 4898 4802 4801
f 4898 4899 4802
f 4899 4803 4802
f 4899 4900 4803
f 4900 4804 4803
f 4900 4901 4804
f 4901 4805 4804
f 4901 4902 4805
f 4902 4806 4805
f 4902 4903 4806
f 4903 4807 4806
f 4903 4904 4807
f 4904 4808 4807
f 4904 4905 4808
f 4905 4809 4808
f 4905 4906 4809
f 4906 4810 4809
f 4906 4907 4810
f 4907 4811 4810
f 4907 4908 4811
f 4908 4812 4811
f 4908 4909 4812
f 4909 4813 4812
f 4909 4910 4813
f 4910 4814 4813
f 4910 4911 4814
f 4911 4815 4814
f 4911 4912 4815
f 4912 4816 4815
f 4912 4913 4816
f 4913 4817 4816
f 4913 4914 4817
f 4914 4818 4817
f 4914 4915 4818
f 4915 4819 4818
f 4915 4916 4819
f 4916 4820 4819
f 4916 4917 4820
f 4917 4821 4820
f 4917 4918 4821
f 4918 4822 4821
f 4918 4919 4822
f 4919 4823 4822
f 4919 4920 4823
f 4920 4824 4823
f 4920 4921 4824
f 4921 4825 4824
f 4921 4922 4825
f 4922 4826 4825
f 4922 4923 4826
f 4923 4827 4826
f 4923 4924 4827
f 4924 4828 4827
f 4924 4925 4828
f 4925 4829 4828
f 4925 4926 4829
f 4926 4830 4829
f 4926 4927 4830
f 4927 4831 4830
f 4927 4928 4831
f 4928 4832 4831
f 4928 4929 4832
f 4929 4833 4832
f 4929 4930 4833
f 4930 4834 4833
f 4930 4931 4834
f 4931 4835 4834
f 4931 4932 4835
f 4932 4836 4835
f 4932 4933 4836
f 4933 4837 4836
f 4933 4934 4837
f 4934 4838 4837
f 4934 4935 4838
f 4935 4839 4838
f 4935 4936 4839
f 4936 4840 4839
f 4936 4937 4840
f 4937 4841 4840
f 4937 4938 4841
f 4938 4842 4841
f 4938 4939 4842
f 4939 4843 4842
f 4939 4940 4843
f 4940 4844 4843
f 4940 4941 4844
f 4941 4845 4844
f 4941 4942 4845
f 4942 4846 4845
f 4942 4943 4846
f 4943 4847 4846
f 4943 4944 4847
f 4944 4848 4847
f 4944 4945 4848
f 4945 4849 4848
f 4945 4946 4849
f 4946 4850 4849
f 4946 4947 4850
f 4947 4851 4850
f 4947 4948 4851
f 4948 4852 4851
f 4948 4949 4852
f 4949 4853 4852
f 4949 4950 4853
f 4950 4854 4853
f 4950 4951 4854
f 4951 4855 4854
f 4951 4952 4855
f 4952 4856 4855
f 4952 4953 4856
f 4953 4857 4856
f 4953 4954 4857
f 4954 4858 4857
f 4954 4955 4858
f 4955 4859 4858
f 4955 4956 4859
f 4956 4860 4859
f 4956 4957 4860
f 4957 4861 4860
f 4957 4958 4861
f 4958 4862 4861
f 4958 4959 4862
f 4959 4863 4862
f 4959 4960 4863
f 4960 4864 4863
f 4960 4961 4864
f 4961 4865 4864
f 4961 4962 4865
f 4962 4866 4865
f 4962 4963 4866
f 4963 4867 4866
f 4963 4964 4867
f 4964 4868 4867
f 4964 4965 4868
f 4965 4869 4868
f 4965 4966 4869
f 4966 4870 4869
f 4966 4967 4870
f 4967 4871 4870
f 4967 4968 4871
f 4968 4872 4871
f 4968 4969 4872
f 4969 4873 4872
f 4969 4970 4873
f 4970 4874 4873
f 4970 4971 4874
f 4971 4875 4874
f 4971 4972 4875
f 4972 4876 4875
f 4972 4973 4876
f 4973 4877 4876
f 4973 4974 4877
f 4974 4878 4877
f 4974 4975 4878
f 4975 4879 4878
f 4975 4976 4879
f 4976 4880 4879
f 4976 4977 4880
f 4977 4881 4880
f 4977 4978 4881
f 4978 4882 4881
f 4978 4979 4882
f 4979 4883 4882
f 4979 4980 4883
f 4980 4884 4883
f 4980 4981 4884
f 4981 4885 4884
f 4981 4982 4885
f 4982 4886 4885
f 4982 4983 4886
f 4983 4887 4886
f 4983 4984 4887
f 4984 4888 4887
f 4984 4985 4888
f 4985 4889 4888
f 4985 4986 4889
f 4986 4890 4889
f 4986 4987 4890
f 4987 4891 4890
f 4987 4988 4891
f 4988 4892 4891
f 4988 4989 4892
f 4989 4893 4892
f 4989 4990 4893
f 4990 4894 4893
f 4990 4991 4894
f 4991 4895 4894
f 4991 4992 4895
f 4992 4896 4895
f 4992 4897 4896
f 4897 4801 4896
f 4993 4994 4897
f 4994 4898 4897
f 4994 4995 4898
f 4995 4899 4898
f 4995 4996 4899
f 4996 4900 4899
f 4996 4997 4900
f 4997 4901 4900
f 4997 4998 4901
f 4998 4902 4901
f 4998 4999 4902
f 4999 4903 4902
f 4999 5000 4903
f 5000 4904 4903
f 5000 5001 4904
f 5001 4905 4904
f 5001 5002 4905
f 5002 4906 4905
f 5002 5003 4906
f 5003 4907 4906
f 5003 5004 4907
f 5004 4908 4907
f 5004 5005 4908
f 5005 4909 4908
f 5005 5006 4909
f 5006 4910 4909
f 5006 5007 4910
f 5007 4911 4910
f 5007 5008 4911
f 5008 4912 4911
f 5008 5009 4912
f 5009 4913 4912
f 5009 5010 4913
f 5010 4914 4913
f 5010 5011 4914
f 5011 4915 4914
f 5011 5012 4915
f 5012 4916 4915
f 5012 5013 4916
f 5013 4917 4916
f 5013 5014 4917
f 5014 4918 4917
f 5014 5015 4918
f 5015 4919 4918
f 5015 5016 4919
f 5016 4920 4919
f 5016 5017 4920
f 5017 4921 4920
f 5017 5018 4921
f 5018 4922 4921
f 5018 5019 4922
f 5019 4923 4922
f 5019 5020 4923
f 5020 4924 4923
f 5020 5021 4924
f 5021 4925 4924
f 5021 5022 4925
f 5022 4926 4925
f 5022 5023 4926
f 5023 4927 4926
f 5023 5024 4927
f 5024 4928 4927
f 5024 5025 4928
f 5025 4929 4928
f 5025 5026 4929
f 5026 4930 4929
f 5026 5027 4930
f 5027 4931 4930
f 5027 5028 4931
f 5028 4932 4931
f 5028 5029 4932
f 5029 4933 4932
f 5029 5030 4933
f 5030 4934 4933
f 5030 5031 4934
f 5031 4935 4934
f 5031 5032 4935
f 5032 4936 4935
f 5032 5033 4936
f 5033 4937 4936
f 5033 5034 4937
f 5034 4938 4937
f 5034 5035 4938
f 5035 4939 4938
f 5035 5036 4939
f 5036 4940 4939
f 5036 5037 4940
f 5037 4941 4940
f 5037 5038 4941
f 5038 4942 4941
f 5038 5039 4942
f 5039 4943 4942
f 5039 5040 4943
f 5040 4944 4943
f 5040 5041 4944
f 5041 4945 4944
f 5041 5042 4945
f 5042 4946 4945
f 5042 5043 4946
f 5043 4947 4946
f 5043 5044 4947
f 5044 4948 4947
f 5044 5045 4948
f 5045 4949 4948
f 5045 5046 4949
f 5046 4950 4949
f 5046 5047 4950
f 5047 4951 4950
f 5047 5048 4951
f 5048 4952 4951
f 5048 5049 4952
f 5049 4953 4952
f 5049 5050 4953
f 5050 4954 4953
f 5050 5051 4954
f 5051 4955 4954
f 5051 5052 4955
f 5052 4956 4955
f 5052 5053 4956
f 5053 4957 4956
f 5053 5054 4957
f 5054 4958 4957
f 5054 5055 4958
f 5055 4959 4958
f 5055 5056 4959
f 5056 4960 4959
f 5056 5057 4960
f 5057 4961 4960
f 5057 5058 4961
f 5058 4962 4961
f 5058 5059 4962
f 5059 4963 4962
f 5059 5060 4963
f 5060 4964 4963
f 5060 5061 4964
f 5061 4965 4964
f 5061 5062 4965
f 5062 4966 4965
f 5062 5063 4966
f 5063 4967 4966
f 5063 5064 4967
f 5064 4968 4967
f 5064 5065 4968
f 5065 4969 4968
f 5065 5066 4969
f 5066 4970 4969
f 5066 5067 4970
f 5067 4971 4970
f 5067 5068 4971
f 5068 4972 4971
f 5068 5069 4972
f 5069 4973 4972
f 5069 5070 4973
f 5070 4974 4973
f 5070 5071 4974
f 5071 4975 4974
f 5071 5072 4975
f 5072 4976 4975
f 5072 5073 4976
f 5073 4977 4976
f 5073 5074 4977
f 5074 4978 4977
f 5074 5075 4978
f 5075 4979 4978
f 5075 5076 4979
f 5076 4980 4979
f 5076 5077 4980
f 5077 4981 4980
f 5077 5078 4981
f 5078 4982 4981
f 5078 5079 4982
f 5079 4983 4982
f 5079 5080 4983
f 5080 4984 4983
f 5080 5081 4984
f 5081 4985 4984
f 5081 5082 4985
f 5082 4986 4985
f 5082 5083 4986
f 5083 4987 4986
f 5083 5084 4987
f 5084 4988 4987
f 5084 5085 4988
f 5085 4989 4988
f 5085 5086 4989
f 5086 4990 4989
f 5086 5087 4990
f 5087 4991 4990
f 5087 5088 4991
f 5088 4992 4991
f 5088 4993 4992
f 4993 4897 4992
f 5089 5090 4993
f 5090 4994 4993
f 5090 5091 4994
f 5091 4995 4994
f 5091 5092 4995
f 5092 4996 4995
f 5092 5093 4996
f 5093 4997 4996
f 5093 5094 4997
f 5094 4998 4997
f 5094 5095 4998
f 5095 4999 4998
f 5095 5096 4999
f 5096 5000 4999
f 5096 5097 5000
f 5097 5001 5000
f 5097 5098 5001
f 5098 5002 5001
f 5098 5099 5002
f 5099 5003 5002
f 5099 5100 5003
f 5100 5004 5003
f 5100 5101 5004
f 5101 5005 5004
f 5101 5102 5005
f 5102 5006 5005
f 5102 5103 5006
f 5103 5007 5006
f 5103 5104 5007
f 5104 5008 5007
f 5104 5105 5008
f 5105 5009 5008
f 5105 5106 5009
f 5106 5010 5009
f 5106 5107 5010
f 5107 5011 5010
f 5107 5108 5011
f 5108 5012 5011
f 5108 5109 5012
f 5109 5013 5012
f 5109 5110 5013
f 5110 5014 5013
f 5110 5111 5014
f 5111 5015 5014
f 5111 5112 5015
f 5112 5016 5015
f 5112 5113 5016
f 5113 5017 5016
f 5113 5114 5017
f 5114 5018 5017
f 5114 5115 5018
f 5115 5019 5018
f 5115 5116 5019
f 5116 5020 5019
f 5116 5117 5020
f 5117 5021 5020
f 5117 5118 5021
f 5118 5022 5021
f 5118 5119 5022
f 5119 5023 5022
f 5119 5120 5023
f 5120 5024 5023
f 5120 5121 5024
f 5121 5025 5024
f 5121 5122 5025
f 5122 5026 5025
f 5122 5123 5026
f 5123 5027 5026
f 5123 5124 5027
f 5124 5028 5027
f 5124 5125 5028
f 5125 5029 5028
f 5125 5126 5029
f 5126 5030 5029
f 5126 5127 5030
f 5127 5031 5030
f 5127 5128 5031
f 5128 5032 5031
f 5128 5129 5032
f 5129 5033 5032
f 5129 5130 5033
f 5130 5034 5033
f 5130 5131 5034
f 5131 5035 5034
f 5131 5132 5035
f 5132 5036 5035
f 5132 5133 5036
f 5133 5037 5036
f 5133 5134 5037
f 5134 5038 5037
f 5134 5135 5038
f 5135 5039 5038
f 5135 5136 5039
f 5136 5040 5039
f 5136 5137 5040
f 5137 5041 5040
f 5137 5138 5041
f 5138 5042 5041
f 5138 5139 5042
f 5139 5043 5042
f 5139 5140 5043
f 5140 5044 5043
f 5140 5141 5044
f 5141 5045 5044
f 5141 5142 5045
f 5142 5046 5045
f 5142 5143 5046
f 5143 5047 5046
f 5143 5144 5047
f 5144 5048 5047
f 5144 5145 5048
f 5145 5049 5048
f 5145 5146 5049
f 5146 5050 5049
f 5146 5147 5050
f 5147 5051 5050
f 5147 5148 5051
f 5148 5052 5051
f 5148 5149 5052
f 5149 5053 5052
f 5149 5150 5053
f 5150 5054 5053
f 5150 5151 5054
f 5151 5055 5054
f 5151 5152 5055
f 5152 5056 5055
f 5152 5153 5056
f 5153 5057 5056
f 5153 5154 5057
f 5154 5058 5057
f 5154 5155 5058
f 5155 5059 5058
f 5155 5156 5059
f 5156 5060 5059
f 5156 5157 5060
f 5157 5061 5060
f 5157 5158 5061
f 5158 5062 5061
f 5158 5159 5062
f 5159 5063 5062
f 5159 5160 5063
f 5160 5064 5063
f 5160 5161 5064
f 5161 5065 5064
f 5161 5162 5065
f 5162 5066 5065
f 5162 5163 5066
f 5163 5067 5066
f 5163 5164 5067
f 5164 5068 5067
f 5164 5165 5068
f 5165 5069 5068
f 5165 5166 5069
f 5166 5070 5069
f 5166 5167 5070
f 5167 5071 5070
f 5167 5168 5071
f 5168 5072 5071
f 5168 5169 5072
f 5169 5073 5072
f 5169 5170 5073
f 5170 5074 5073
f 5170 5171 5074
f 5171 5075 5074
f 5171 5172 5075
f 5172 5076 5075
f 5172 5173 5076
f 5173 5077 5076
f 5173 5174 5077
f 5174 5078 5077
f 5174 5175 5078
f 5175 5079 5078
f 5175 5176 5079
f 5176 5080 5079
f 5176 5177 5080
f 5177 5081 5080
f 5177 5178 5081
f 5178 5082 5081
f 5178 5179 5082
f 5179 5083 5082
f 5179 5180 5083
f 5180 5084 5083
f 5180 5181 5084
f 5181 5085 5084
f 5181 5182 5085
f 5182 5086 5085
f 5182 5183 5086
f 5183 5087 5086
f 5183 5184 5087
f 5184 5088 5087
f 5184 5089 5088
f 5089 4993 5088
f 5185 5186 5089
f 5186 5090 5089
f 5186 5187 5090
f 5187 5091 5090
f 5187 5188 5091
f 5188 5092 5091
f 5188 5189 5092
f 5189 5093 5092
f 5189 5190 5093
f 5190 5094 5093
f 5190 5191 5094
f 5191 5095 5094
f 5191 5192 5095
f 5192 5096 5095
f 5192 5193 5096
f 5193 5097 5096
f 5193 5194 5097
f 5194 5098 5097
f 5194 5195 5098
f 5195 5099 5098
f 5195 5196 5099
f 5196 5100 5099
f 5196 5197 5100
f 5197 5101 5100
f 5197 5198 5101
f 5198 5102 5101
f 5198 5199 5102
f 5199 5103 5102
f 5199 5200 5103
f 5200 5104 5103
f 5200 5201 5104
f 5201 5105 5104
f 5201 5202 5105
f 5202 5106 5105
f 5202 5203 5106
f 5203 5107 5106
f 5203 5204 5107
f 5204 5108 5107
f 5204 5205 5108
f 5205 5109 5108
f 5205 5206 5109
f 5206 5110 5109
f 5206 5207 5110
f 5207 5111 5110
f 5207 5208 5111
f 5208 5112 5111
f 5208 5209 5112
f 5209 5113 5112
f 5209 5210 5113
f 5210 5114 5113
f 5210 5211 5114
f 5211 5115 5114
f 5211 5212 5115
f 5212 5116 5115
f 5212 5213 5116
f 5213 5117 5116
f 5213 5214 5117
f 5214 5118 5117
f 5214 5215 5118
f 5215 5119 5118
f 5215 5216 5119
f 5216 5120 5119
f 5216 5217 5120
f 5217 5121 5120
f 5217 5218 5121
f 5218 5122 5121
f 5218 5219 5122
f 5219 5123 5122
f 5219 5220 5123
f 5220 5124 5123
f 5220 5221 5124
f 5221 5125 5124
f 5221 5222 5125
f 5222 5126 5125
f 5222 5223 5126
f 5223 5127 5126
f 5223 5224 5127
f 5224 5128 5127
f 5224 5225 5128
f 5225 5129 5128
f 5225 5226 5129
f 5226 5130 5129
f 5226 5227 5130
f 5227 5131 5130
f 5227 5228 5131
f 5228 5132 5131
f 5228 5229 5132
f 5229 5133 5132
f 5229 5230 5133
f 5230 5134 5133
f 5230 5231 5134
f 5231 5135 5134
f 5231 5232 5135
f 5232 5136 5135
f 5232 5233 5136
f 5233 5137 5136
f 5233 5234 5137
f 5234 5138 5137
f 5234 5235 5138
f 5235 5139 5138
f 5235 5236 5139
f 5236 5140 5139
f 5236 5237 5140
f 5237 5141 5140
f 5237 5238 5141
f 5238 5142 5141
f 5238 5239 5142
f 5239 5143 5142
f 5239 5240 5143
f 5240 5144 5143
f 5240 5241 5144
f 5241 5145 5144
f 5241 5242 5145
f 5242 5146 5145
f 5242 5243 5146
f 5243 5147 5146
f 5243 5244 5147
f 5244 5148 5147
f 5244 5245 5148
f 5245 5149 5148
f 5245 5246 5149
f 5246 5150 5149
f 5246 5247 5150
f 5247 5151 5150
f 5247 5248 5151
f 5248 5152 5151
f 5248 5249 5152
f 5249 5153 5152
f 5249 5250 5153
f 5250 5154 5153
f 5250 5251 5154
f 5251 5155 5154
f 5251 5252 5155
f 5252 5156 5155
f 5252 5253 5156
f 5253 5157 5156
f 5253 5254 5157
f 5254 5158 5157
f 5254 5255 5158
f 5255 5159 5158
f 5255 5256 5159
f 5256 5160 5159
f 5256 5257 5160
f 5257 5161 5160
f 5257 5258 5161
f 5258 5162 5161
f 5258 5259 5162
f 5259 5163 5162
f 5259 5260 5163
f 5260 5164 5163
f 5260 5261 5164
f 5261 5165 5164
f 5261 5262 5165
f 5262 5166 5165
f 5262 5263 5166
f 5263 5167 5166
f 5263 5264 5167
f 5264 5168 5167
f 5264 5265 5168
f 5265 5169 5168
f 5265 5266 5169
f 5266 5170 5169
f 5266 5267 5170
f 5267 5171 5170
f 5267 5268 5171
f 5268 5172 5171
f 5268 5269 5172
f 5269 5173 5172
f 5269 5270 5173
f 5270 5174 5173
f 5270 5271 5174
f 5271 5175 5174
f 5271 5272 5175
f 5272 5176 5175
f 5272 5273 5176
f 5273 5177 5176
f 5273 5274 5177
f 5274 5178 5177
f 5274 5275 5178
f 5275 5179 5178
f 5275 5276 5179
f 5276 5180 5179
f 5276 5277 5180
f 5277 5181 5180
f 5277 5278 5181
f 5278 5182 5181
f 5278 5279 5182
f 5279 5183 5182
f 5279 5280 5183
f 5280 5184 5183
f 5280 5185 5184
f 5185 5089 5184
f 5281 5282 5185
f 5282 5186 5185
f 5282 5283 5186
f 5283 5187 5186
f 5283 5284 5187
f 5284 5188 5187
f 5284 5285 5188
f 5285 5189 5188
f 5285 5286 5189
f 5286 5190 5189
f 5286 5287 5190
f 5287 5191 5190
f 5287 5288 5191
f 5288 5192 5191
f 5288 5289 5192
f 5289 5193 5192
f 5289 5290 5193
f 5290 5194 5193
f 5290 5291 5194
f 5291 5195 5194
f 5291 5292 5195
f 5292 5196 5195
f 5292 5293 5196
f 5293 5197 5196
f 5293 5294 5197
f 5294 5198 5197
f 5294 5295 5198
f 5295 5199 5198
f 5295 5296 5199
f 5296 5200 5199
f 5296 5297 5200
f 5297 5201 5200
f 5297 5298 5201
f 5298 5202 5201
f 5298 5299 5202
f 5299 5203 5202
f 5299 5300 5203
f 5300 5204 5203
f 5300 5301 5204
f 5301 5205 5204
f 5301 5302 5205
f 5302 5206 5205
f 5302 5303 5206
f 5303 5207 5206
f 5303 5304 5207
f 5304 5208 5207
f 5304 5305 5208
f 5305 5209 5208
f 5305 5306 5209
f 5306 5210 5209
f 5306 5307 5210
f 5307 5211 5210
f 5307 5308 5211
f 5308 5212 5211
f 5308 5309 5212
f 5309 5213 5212
f 5309 5310 5213
f 5310 5214 5213
f 5310 5311 5214
f 5311 5215 5214
f 5311 5312 5215
f 5312 5216 5215
f 5312 5313 5216
f 5313 5217 5216
f 5313 5314 5217
f 5314 5218 5217
f 5314 5315 5218
f 5315 5219 5218
f 5315 5316 5219
f 5316 5220 5219
f 5316 5317 5220
f 5317 5221 5220
f 5317 5318 5221
f 5318 5222 5221
f 5318 5319 5222
f 5319 5223 5222
f 5319 5320 5223
f 5320 5224 5223
f 5320 5321 5224
f 5321 5225 5224
f 5321 5322 5225
f 5322 5226 5225
f 5322 5323 5226
f 5323 5227 5226
f 5323 5324 5227
f 5324 5228 5227
f 5324 5325 5228
f 5325 5229 5228
f 5325 5326 5229
f 5326 5230 5229
f 5326 5327 5230
f 5327 5231 5230
f 5327 5328 5231
f 5328 5232 5231
f 5328 5329 5232
f 5329 5233 5232
f 5329 5330 5233
f 5330 5234 5233
f 5330 5331 5234
f 5331 5235 5234
f 5331 5332 5235
f 5332 5236 5235
f 5332 5333 5236
f 5333 5237 5236
f 5333 5334 5237
f 5334 5238 5237
f 5334 5335 5238
f 5335 5239 5238
f 5335 5336 5239
f 5336 5240 5239
f 5336 5337 5240
f 5337 5241 5240
f 5337 5338 5241
f 5338 5242 5241
f 5338 5339 5242
f 5339 5243 5242
f 5339 5340 5243
f 5340 5244 5243
f 5340 5341 5244
f 5341 5245 5244
f 5341 5342 5245
f 5342 5246 5245
f 5342 5343 5246
f 5343 5247 5246
f 5343 5344 5247
f 5344 5248 5247
f 5344 5345 5248
f 5345 5249 5248
f 5345 5346 5249
f 5346 5250 5249
f 5346 5347 5250
f 5347 5251 5250
f 5347 5348 5251
f 5348 5252 5251
f 5348 5349 5252
f 5349 5253 5252
f 5349 5350 5253
f 5350 5254 5253
f 5350 5351 5254
f 5351 5255 5254
f 5351 5352 5255
f 5352 5256 5255
f 5352 5353 5256
f 5353 5257 5256
f 5353 5354 5257
f 5354 5258 5257
f 5354 5355 5258
f 5355 5259 5258
f 5355 5356 5259
f 5356 5260 5259
f 5356 5357 5260
f 5357 5261 5260
f 5357 5358 5261
f 5358 5262 5261
f 5358 5359 5262
f 5359 5263 5262
f 5359 5360 5263
f 5360 5264 5263
f 5360 5361 5264
f 5361 5265 5264
f 5361 5362 5265
f 5362 5266 5265
f 5362 5363 5266
f 5363 5267 5266
f 5363 5364 5267
f 5364 5268 5267
f 5364 5365 5268
f 5365 5269 5268
f 5365 5366 5269
f 5366 5270 5269
f 5366 5367 5270
f 5367 5271 5270
f 5367 5368 5271
f 5368 5272 5271
f 5368 5369 5272
f 5369 5273 5272
f 5369 5370 5273
f 5370 5274 5273
f 5370 5371 5274
f 5371 5275 5274
f 5371 5372 5275
f 5372 5276 5275
f 5372 5373 5276
f 5373 5277 5276
f 5373 5374 5277
f 5374 5278 5277
f 5374 5375 5278
f 5375 5279 5278
f 5375 5376 5279
f 5376 5280 5279
f 5376 5281 5280
f 5281 5185 5280
f 5377 5378 5281
f 5378 5282 5281
f 5378 5379 5282
f 5379 5283 5282
f 5379 5380 5283
f 5380 5284 5283
f 5380 5381 5284
f 5381 5285 5284
f 5381 5382 5285
f 5382 5286 5285
f 5382 5383 5286
f 5383 5287 5286
f 5383 5384 5287
f 5384 5288 5287
f 5384 5385 5288
f 5385 5289 5288
f 5385 5386 5289
f 5386 5290 5289
f 5386 5387 5290
f 5387 5291 5290
f 5387 5388 5291
f 5388 5292 5291
f 5388 5389 5292
f 5389 5293 5292
f 5389 5390 5293
f 5390 5294 5293
f 5390 5391 5294
f 5391 5295 5294
f 5391 5392 5295
f 5392 5296 5295
f 5392 5393 5296
f 5393 5297 5296
f 5393 5394 5297
f 5394 5298 5297
f 5394 5395 5298
f 5395 5299 5298
f 5395 5396 5299
f 5396 5300 5299
f 5396 5397 5300
f 5397 5301 5300
f 5397 5398 5301
f 5398 5302 5301
f 5398 5399 5302
f 5399 5303 5302
f 5399 5400 5303
f 5400 5304 5303
f 5400 5401 5304
f 5401 5305 5304
f 5401 5402 5305
f 5402 5306 5305
f 5402 5403 5306
f 5403 5307 5306
f 5403 5404 5307
f 5404 5308 5307
f 5404 5405 5308
f 5405 5309 5308
f 5405 5406 5309
f 5406 5310 5309
f 5406 5407 5310
f 5407 5311 5310
f 5407 5408 5311
f 5408 5312 5311
f 5408 5409 5312
f 5409 5313 5312
f 5409 5410 5313
f 5410 5314 5313
f 5410 5411 5314
f 5411 5315 5314
f 5411 5412 5315
f 5412 5316 5315
f 5412 5413 5316
f 5413 5317 5316
f 5413 5414 5317
f 5414 5318 5317
f 5414 5415 5318
f 5415 5319 5318
f 5415 5416 5319
f 5416 5320 5319
f 5416 5417 5320
f 5417 5321 5320
f 5417 5418 5321
f 5418 5322 5321
f 5418 5419 5322
f 5419 5323 5322
f 5419 5420 5323
f 5420 5324 5323
f 5420 5421 5324
f 5421 5325 5324
f 5421 5422 5325
f 5422 5326 5325
f 5422 5423 5326
f 5423 5327 5326
f 5423 5424 5327
f 5424 5328 5327
f 5424 5425 5328
f 5425 5329 5328
f 5425 5426 5329
f 5426 5330 5329
f 5426 5427 5330
f 5427 5331 5330
f 5427 5428 5331
f 5428 5332 5331
f 5428 5429 5332
f 5429 5333 5332
f 5429 5430 5333
f 5430 5334 5333
f 5430 5431 5334
f 5431 5335 5334
f 5431 5432 5335
f 5432 5336 5335
f 5432 5433 5336
f 5433 5337 5336
f 5433 5434 5337
f 5434 5338 5337
f 5434 5435 5338
f 5435 5339 5338
f 5435 5436 5339
f 5436 5340 5339
f 5436 5437 5340
f 5437 5341 5340
f 5437 5438 5341
f 5438 5342 5341
f 5438 5439 5342
f 5439 5343 5342
f 5439 5440 5343
f 5440 5344 5343
f 5440 5441 5344
f 5441 5345 5344
f 5441 5442 5345
f 5442 5346 5345
f 5442 5443 5346
f 5443 5347 5346
f 5443 5444 5347
f 5444 5348 5347
f 5444 5445 5348
f 5445 5349 5348
f 5445 5446 5349
f 5446 5350 5349
f 5446 5447 5350
f 5447 5351 5350
f 5447 5448 5351
f 5448 5352 5351
f 5448 5449 5352
f 5449 5353 5352
f 5449 5450 5353
f 5450 5354 5353
f 5450 5451 5354
f 5451 5355 5354
f 5451 5452 5355
f 5452 5356 5355
f 5452 5453 5356
f 5453 5357 5356
f 5453 5454 5357
f 5454 5358 5357
f 5454 5455 5358
f 5455 5359 5358
f 5455 5456 5359
f 5456 5360 5359
f 5456 5457 5360
f 5457 5361 5360
f 5457 5458 5361
f 5458 5362 5361
f 5458 5459 5362
f 5459 5363 5362
f 5459 5460 5363
f 5460 5364 5363
f 5460 5461 5364
f 5461 5365 5364
f 5461 5462 5365
f 5462 5366 5365
f 5462 5463 5366
f 5463 5367 5366
f 5463 5464 5367
f 5464 5368 5367
f 5464 5465 5368
f 5465 5369 5368
f 5465 5466 5369
f 5466 5370 5369
f 5466 5467 5370
f 5467 5371 5370
f 5467 5468 5371
f 5468 5372 5371
f 5468 5469 5372
f 5469 5373 5372
f 5469 5470 5373
f 5470 5374 5373
f 5470 5471 5374
f 5471 5375 5374
f 5471 5472 5375
f 5472 5376 5375
f 5472 5377 5376
f 5377 5281 5376
f 5473 5474 5377
f 5474 5378 5377
f 5474 5475 5378
f 5475 5379 5378
f 5475 5476 5379
f 5476 5380 5379
f 5476 5477 5380
f 5477 5381 5380
f 5477 5478 5381
f 5478 5382 5381
f 5478 5479 5382
f 5479 5383 5382
f 5479 5480 5383
f 5480 5384 5383
f 5480 5481 5384
f 5481 5385 5384
f 5481 5482 5385
f 5482 5386 5385
f 5482 5483 5386
f 5483 5387 5386
f 5483 5484 5387
f 5484 5388 5387
f 5484 5485 5388
f 5485 5389 5388
f 5485 5486 5389
f 5486 5390 5389
f 5486 5487 5390
f 5487 5391 5390
f 5487 5488 5391
f 5488 5392 5391
f 5488 5489 5392
f 5489 5393 5392
f 5489 5490 5393
f 5490 5394 5393
f 5490 5491 5394
f 5491 5395 5394
f 5491 5492 5395
f 5492 5396 5395
f 5492 5493 5396
f 5493 5397 5396
f 5493 5494 5397
f 5494 5398 5397
f 5494 5495 5398
f 5495 5399 5398
f 5495 5496 5399
f 5496 5400 5399
f 5496 5497 5400
f 5497 5401 5400
f 5497 5498 5401
f 5498 5402 5401
f 5498 5499 5402
f 5499 5403 5402
f 5499 5500 5403
f 5500 5404 5403
f 5500 5501 5404
f 5501 5405 5404
f 5501 5502 5405
f 5502 5406 5405
f 5502 5503 5406
f 5503 5407 5406
f 5503 5504 5407
f 5504 5408 5407
f 5504 5505 5408
f 5505 5409 5408
f 5505 5506 5409
f 5506 5410 5409
f 5506 5507 5410
f 5507 5411 5410
f 5507 5508 5411
f 5508 5412 5411
f 5508 5509 5412
f 5509 5413 5412
f 5509 5510 5413
f 5510 5414 5413
f 5510 5511 5414
f 5511 5415 5414
f 5511 5512 5415
f 5512 5416 5415
f 5512 5513 5416
f 5513 5417 5416
f 5513 5514 5417
f 5514 5418 5417
f 5514 5515 5418
f 5515 5419 5418
f 5515 5516 5419
f 5516 5420 5419
f 5516 5517 5420
f 5517 5421 5420
f 5517 5518 5421
f 5518 5422 5421
f 5518 5519 5422
f 5519 5423 5422
f 5519 5520 5423
f 5520 5424 5423
f 5520 5521 5424
f 5521 5425 5424
f 5521 5522 5425
f 5522 5426 5425
f 5522 5523 5426
f 5523 5427 5426
f 5523 5524 5427
f 5524 5428 5427
f 5524 5525 5428
f 5525 5429 5428
f 5525 5526 5429
f 5526 5430 5429
f 5526 5527 5430
f 5527 5431 5430
f 5527 5528 5431
f 5528 5432 5431
f 5528 5529 5432
f 5529 5433 5432
f 5529 5530 5433
f 5530 5434 5433
f 5530 5531 5434
f 5531 5435 5434
f 5531 5532 5435
f 5532 5436 5435
f 5532 5533 5436
f 5533 5437 5436
f 5533 5534 5437
f 5534 5438 5437
f 5534 5535 5438
f 5535 5439 5438
f 5535 5536 5439
f 5536 5440 5439
f 5536 5537 5440
f 5537 5441 5440
f 5537 5538 5441
f 5538 5442 5441
f 5538 5539 5442
f 5539 5443 5442
f 5539 5540 5443
f 5540 5444 5443
f 5540 5541 5444
f 5541 5445 5444
f 5541 5542 5445
f 5542 5446 5445
f 5542 5543 5446
f 5543 5447 5446
f 5543 5544 5447
f 5544 5448 5447
f 5544 5545 5448
f 5545 5449 5448
f 5545 5546 5449
f 5546 5450 5449
f 5546 5547 5450
f 5547 5451 5450
f 5547 5548 5451
f 5548 5452 5451
f 5548 5549 5452
f 5549 5453 5452
f 5549 5550 5453
f 5550 5454 5453
f 5550 5551 5454
f 5551 5455 5454
f 5551 5552 5455
f 5552 5456 5455
f 5552 5553 5456
f 5553 5457 5456
f 5553 5554 5457
f 5554 5458 5457
f 5554 5555 5458
f 5555 5459 5458
f 5555 5556 5459
f 5556 5460 5459
f 5556 5557 5460
f 5557 5461 5460
f 5557 5558 5461
f 5558 5462 5461
f 5558 5559 5462
f 5559 5463 5462
f 5559 5560 5463
f 5560 5464 5463
f 5560 5561 5464
f 5561 5465 5464
f 5561 5562 5465
f 5562 5466 5465
f 5562 5563 5466
f 5563 5467 5466
f 5563 5564 5467
f 5564 5468 5467
f 5564 5565 5468
f 5565 5469 5468
f 5565 5566 5469
f 5566 5470 5469
f 5566 5567 5470
f 5567 5471 5470
f 5567 5568 5471
f 5568 5472 5471
f 5568 5473 5472
f 5473 5377 5472
f 5569 5570 5473
f 5570 5474 5473
f 5570 5571 5474
f 5571 5475 5474
f 5571 5572 5475
f 5572 5476 5475
f 5572 5573 5476
f 5573 5477 5476
f 5573 5574 5477
f 5574 5478 5477
f 5574 5575 5478
f 5575 5479 5478
f 5575 5576 5479
f 5576 5480 5479
f 5576 5577 5480
f 5577 5481 5480
f 5577 5578 5481
f 5578 5482 5481
f 5578 5579 5482
f 5579 5483 5482
f 5579 5580 5483
f 5580 5484 5483
f 5580 5581 5484
f 5581 5485 5484
f 5581 5582 5485
f 5582 5486 5485
f 5582 5583 5486
f 5583 5487 5486
f 5583 5584 5487
f 5584 5488 5487
f 5584 5585 5488
f 5585 5489 5488
f 5585 5586 5489
f 5586 5490 5489
f 5586 5587 5490
f 5587 5491 5490
f 5587 5588 5491
f 5588 5492 5491
f 5588 5589 5492
f 5589 5493 5492
f 5589 5590 5493
f 5590 5494 5493
f 5590 5591 5494
f 5591 5495 5494
f 5591 5592 5495
f 5592 5496 5495
f 5592 5593 5496
f 5593 5497 5496
f 5593 5594 5497
f 5594 5498 5497
f 5594 5595 5498
f 5595 5499 5498
f 5595 5596 5499
f 5596 5500 5499
f 5596 5597 5500
f 5597 5501 5500
f 5597 5598 5501
f 5598 5502 5501
f 5598 5599 5502
f 5599 5503 5502
f 5599 5600 5503
f 5600 5504 5503
f 5600 5601 5504
f 5601 5505 5504
f 5601 5602 5505
f 5602 5506 5505
f 5602 5603 5506
f 5603 5507 5506
f 5603 5604 5507
f 5604 5508 5507
f 5604 5605 5508
f 5605 5509 5508
f 5605 5606 5509
f 5606 5510 5509
f 5606 5607 5510
f 5607 5511 5510
f 5607 5608 5511
f 5608 5512 5511
f 5608 5609 5512
f 5609 5513 5512
f 5609 5610 5513
f 5610 5514 5513
f 5610 5611 5514
f 5611 5515 5514
f 5611 5612 5515
f 5612 5516 5515
f 5612 5613 5516
f 5613 5517 5516
f 5613 5614 5517
f 5614 5518 5517
f 5614 5615 5518
f 5615 5519 5518
f 5615 5616 5519
f 5616 5520 5519
f 5616 5617 5520
f 5617 5521 5520
f 5617 5618 5521
f 5618 5522 5521
f 5618 5619 5522
f 5619 5523 5522
f 5619 5620 5523
f 5620 5524 5523
f 5620 5621 5524
f 5621 5525 5524
f 5621 5622 5525
f 5622 5526 5525
f 5622 5623 5526
f 5623 5527 5526
f 5623 5624 5527
f 5624 5528 5527
f 5624 5625 5528
f 5625 5529 5528
f 5625 5626 5529
f 5626 5530 5529
f 5626 5627 5530
f 5627 5531 5530
f 5627 5628 5531
f 5628 5532 5531
f 5628 5629 5532
f 5629 5533 5532
f 5629 5630 5533
f 5630 5534 5533
f 5630 5631 5534
f 5631 5535 5534
f 5631 5632 5535
f 5632 5536 5535
f 5632 5633 5536
f 5633 5537 5536
f 5633 5634 5537
f 5634 5538 5537
f 5634 5635 5538
f 5635 5539 5538
f 5635 5636 5539
f 5636 5540 5539
f 5636 5637 5540
f 5637 5541 5540
f 5637 5638 5541
f 5638 5542 5541
f 5638 5639 5542
f 5639 5543 5542
f 5639 5640 5543
f 5640 5544 5543
f 5640 5641 5544
f 5641 5545 5544
f 5641 5642 5545
f 5642 5546 5545
f 5642 5643 5546
f 5643 5547 5546
f 5643 5644 5547
f 5644 5548 5547
f 5644 5645 5548
f 5645 5549 5548
f 5645 5646 5549
f 5646 5550 5549
f 5646 5647 5550
f 5647 5551 5550
f 5647 5648 5551
f 5648 5552 5551
f 5648 5649 5552
f 5649 5553 5552
f 5649 5650 5553
f 5650 5554 5553
f 5650 5651 5554
f 5651 5555 5554
f 5651 5652 5555
f 5652 5556 5555
f 5652 5653 5556
f 5653 5557 5556
f 5653 5654 5557
f 5654 5558 5557
f 5654 5655 5558
f 5655 5559 5558
f 5655 5656 5559
f 5656 5560 5559
f 5656 5657 5560
f 5657 5561 5560
f 5657 5658 5561
f 5658 5562 5561
f 5658 5659 5562
f 5659 5563 5562
f 5659 5660 5563
f 5660 5564 5563
f 5660 5661 5564
f 5661 5565 5564
f 5661 5662 5565
f 5662 5566 5565
f 5662 5663 5566
f 5663 5567 5566
f 5663 5664 5567
f 5664 5568 5567
f 5664 5569 5568
f 5569 5473 5568
f 5665 5666 5569
f 5666 5570 5569
f 5666 5667 5570
f 5667 5571 5570
f 5667 5668 5571
f 5668 5572 5571
f 5668 5669 5572
f 5669 5573 5572
f 5669 5670 5573
f 5670 5574 5573
f 5670 5671 5574
f 5671 5575 5574
f 5671 5672 5575
f 5672 5576 5575
f 5672 5673 5576
f 5673 5577 5576
f 5673 5674 5577
f 5674 5578 5577
f 5674 5675 5578
f 5675 5579 5578
f 5675 5676 5579
f 5676 5580 5579
f 5676 5677 5580
f 5677 5581 5580
f 5677 5678 5581
f 5678 5582 5581
f 5678 5679 5582
f 5679 5583 5582
f 5679 5680 5583
f 5680 5584 5583
f 5680 5681 5584
f 5681 5585 5584
f 5681 5682 5585
f 5682 5586 5585
f 5682 5683 5586
f 5683 5587 5586
f 5683 5684 5587
f 5684 5588 5587
f 5684 5685 5588
f 5685 5589 5588
f 5685 5686 5589
f 5686 5590 5589
f 5686 5687 5590
f 5687 5591 5590
f 5687 5688 5591
f 5688 5592 5591
f 5688 5689 5592
f 5689 5593 5592
f 5689 5690 5593
f 5690 5594 5593
f 5690 5691 5594
f 5691 5595 5594
f 5691 5692 5595
f 5692 5596 5595
f 5692 5693 5596
f 5693 5597 5596
f 5693 5694 5597
f 5694 5598 5597
f 5694 5695 5598
f 5695 5599 5598
f 5695 5696 5599
f 5696 5600 5599
f 5696 5697 5600
f 5697 5601 5600
f 5697 5698 5601
f 5698 5602 5601
f 5698 5699 5602
f 5699 5603 5602
f 5699 5700 5603
f 5700 5604 5603
f 5700 5701 5604
f 5701 5605 5604
f 5701 5702 5605
f 5702 5606 5605
f 5702 5703 5606
f 5703 5607 5606
f 5703 5704 5607
f 5704 5608 5607
f 5704 5705 5608
f 5705 5609 5608
f 5705 5706 5609
f 5706 5610 5609
f 5706 5707 5610
f 5707 5611 5610
f 5707 5708 5611
f 5708 5612 5611
f 5708 5709 5612
f 5709 5613 5612
f 5709 5710 5613
f 5710 5614 5613
f 5710 5711 5614
f 5711 5615 5614
f 5711 5712 5615
f 5712 5616 5615
f 5712 5713 5616
f 5713 5617 5616
f 5713 5714 5617
f 5714 5618 5617
f 5714 5715 5618
f 5715 5619 5618
f 5715 5716 5619
f 5716 5620 5619
f 5716 5717 5620
f 5717 5621 5620
f 5717 5718 5621
f 5718 5622 5621
f 5718 5719 5622
f 5719 5623 5622
f 5719 5720 5623
f 5720 5624 5623
f 5720 5721 5624
f 5721 5625 5624
f 5721 5722 5625
f 5722 5626 5625
f 5722 5723 5626
f 5723 5627 5626
f 5723 5724 5627
f 5724 5628 5627
f 5724 5725 5628
f 5725 5629 5628
f 5725 5726 5629
f 5726 5630 5629
f 5726 5727 5630
f 5727 5631 5630
f 5727 5728 5631
f 5728 5632 5631
f 5728 5729 5632
f 5729 5633 5632
f 5729 5730 5633
f 5730 5634 5633
f 5730 5731 5634
f 5731 5635 5634
f 5731 5732 5635
f 5732 5636 5635
f 5732 5733 5636
f 5733 5637 5636
f 5733 5734 5637
f 5734 5638 5637
f 5734 5735 5638
f 5735 5639 5638
f 5735 5736 5639
f 5736 5640 5639
f 5736 5737 5640
f 5737 5641 5640
f 5737 5738 5641
f 5738 5642 5641
f 5738 5739 5642
f 5739 5643 5642
f 5739 5740 5643
f 5740 5644 5643
f 5740 5741 5644
f 5741 5645 5644
f 5741 5742 5645
f 5742 5646 5645
f 5742 5743 5646
f 5743 5647 5646
f 5743 5744 5647
f 5744 5648 5647
f 5744 5745 5648
f 5745 5649 5648
f 5745 5746 5649
f 5746 5650 5649
f 5746 5747 5650
f 5747 5651 5650
f 5747 5748 5651
f 5748 5652 5651
f 5748 5749 5652
f 5749 5653 5652
f 5749 5750 5653
f 5750 5654 5653
f 5750 5751 5654
f 5751 5655 5654
f 5751 5752 5655
f 5752 5656 5655
f 5752 5753 5656
f 5753 5657 5656
f 5753 5754 5657
f 5754 5658 5657
f 5754 5755 5658
f 5755 5659 5658
f 5755 5756 5659
f 5756 5660 5659
f 5756 5757 5660
f 5757 5661 5660
f 5757 5758 5661
f 5758 5662 5661
f 5758 5759 5662
f 5759 5663 5662
f 5759 5760 5663
f 5760 5664 5663
f 5760 5665 5664
f 5665 5569 5664
f 5761 5762 5665
f 5762 5666 5665
f 5762 5763 5666
f 5763 5667 5666
f 5763 5764 5667
f 5764 5668 5667
f 5764 5765 5668
f 5765 5669 5668
f 5765 5766 5669
f 5766 5670 5669
f 5766 5767 5670
f 5767 5671 5670
f 5767 5768 5671
f 5768 5672 5671
f 5768 5769 5672
f 5769 5673 5672
f 5769 5770 5673
f 5770 5674 5673
f 5770 5771 5674
f 5771 5675 5674
f 5771 5772 5675
f 5772 5676 5675
f 5772 5773 5676
f 5773 5677 5676
f 5773 5774 5677
f 5774 5678 5677
f 5774 5775 5678
f 5775 5679 5678
f 5775 5776 5679
f 5776 5680 5679
f 5776 5777 5680
f 5777 5681 5680
f 5777 5778 5681
f 5778 5682 5681
f 5778 5779 5682
f 5779 5683 5682
f 5779 5780 5683
f 5780 5684 5683
f 5780 5781 5684
f 5781 5685 5684
f 5781 5782 5685
f 5782 5686 5685
f 5782 5783 5686
f 5783 5687 5686
f 5783 5784 5687
f 5784 5688 5687
f 5784 5785 5688
f 5785 5689 5688
f 5785 5786 5689
f 5786 5690 5689
f 5786 5787 5690
f 5787 5691 5690
f 5787 5788 5691
f 5788 5692 5691
f 5788 5789 5692
f 5789 5693 5692
f 5789 5790 5693
f 5790 5694 5693
f 5790 5791 5694
f 5791 5695 5694
f 5791 5792 5695
f 5792 5696 5695
f 5792 5793 5696
f 5793 5697 5696
f 5793 5794 5697
f 5794 5698 5697
f 5794 5795 5698
f 5795 5699 5698
f 5795 5796 5699
f 5796 5700 5699
f 5796 5797 5700
f 5797 5701 5700
f 5797 5798 5701
f 5798 5702 5701
f 5798 5799 5702
f 5799 5703 5702
f 5799 5800 5703
f 5800 5704 5703
f 5800 5801 5704
f 5801 5705 5704
f 5801 5802 5705
f 5802 5706 5705
f 5802 5803 5706
f 5803 5707 5706
f 5803 5804 5707
f 5804 5708 5707
f 5804 5805 5708
f 5805 5709 5708
f 5805 5806 5709
f 5806 5710 5709
f 5806 5807 5710
f 5807 5711 5710
f 5807 5808 5711
f 5808 5712 5711
f 5808 5809 5712
f 5809 5713 5712
f 5809 5810 5713
f 5810 5714 5713
f 5810 5811 5714
f 5811 5715 5714
f 5811 5812 5715
f 5812 5716 5715
f 5812 5813 5716
f 5813 5717 5716
f 5813 5814 5717
f 5814 5718 5717
f 5814 5815 5718
f 5815 5719 5718
f 5815 5816 5719
f 5816 5720 5719
f 5816 5817 5720
f 5817 5721 5720
f 5817 5818 5721
f 5818 5722 5721
f 5818 5819 5722
f 5819 5723 5722
f 5819 5820 5723
f 5820 5724 5723
f 5820 5821 5724
f 5821 5725 5724
f 5821 5822 5725
f 5822 5726 5725
f 5822 5823 5726
f 5823 5727 5726
f 5823 5824 5727
f 5824 5728 5727
f 5824 5825 5728
f 5825 5729 5728
f 5825 5826 5729
f 5826 5730 5729
f 5826 5827 5730
f 5827 5731 5730
f 5827 5828 5731
f 5828 5732 5731
f 5828 5829 5732
f 5829 5733 5732
f 5829 5830 5733
f 5830 5734 5733
f 5830 5831 5734
f 5831 5735 5734
f 5831 5832 5735
f 5832 5736 5735
f 5832 5833 5736
f 5833 5737 5736
f 5833 5834 5737
f 5834 5738 5737
f 5834 5835 5738
f 5835 5739 5738
f 5835 5836 5739
f 5836 5740 5739
f 5836 5837 5740
f 5837 5741 5740
f 5837 5838 5741
f 5838 5742 5741
f 5838 5839 5742
f 5839 5743 5742
f 5839 5840 5743
f 5840 5744 5743
f 5840 5841 5744
f 5841 5745 5744
f 5841 5842 5745
f 5842 5746 5745
f 5842 5843 5746
f 5843 5747 5746
f 5843 5844 5747
f 5844 5748 5747
f 5844 5845 5748
f 5845 5749 5748
f 5845 5846 5749
f 5846 5750 5749
f 5846 5847 5750
f 5847 5751 5750
f 5847 5848 5751
f 5848 5752 5751
f 5848 5849 5752
f 5849 5753 5752
f 5849 5850 5753
f 5850 5754 5753
f 5850 5851 5754
f 5851 5755 5754
f 5851 5852 5755
f 5852 5756 5755
f 5852 5853 5756
f 5853 5757 5756
f 5853 5854 5757
f 5854 5758 5757
f 5854 5855 5758
f 5855 5759 5758
f 5855 5856 5759
f 5856 5760 5759
f 5856 5761 5760
f 5761 5665 5760
f 5857 5858 5761
f 5858 5762 5761
f 5858 5859 5762
f 5859 5763 5762
f 5859 5860 5763
f 5860 5764 5763
f 5860 5861 5764
f 5861 5765 5764
f 5861 5862 5765
f 5862 5766 5765
f 5862 5863 5766
f 5863 5767 5766
f 5863 5864 5767
f 5864 5768 5767
f 5864 5865 5768
f 5865 5769 5768
f 5865 5866 5769
f 5866 5770 5769
f 5866 5867 5770
f 5867 5771 5770
f 5867 5868 5771
f 5868 5772 5771
f 5868 5869 5772
f 5869 5773 5772
f 5869 5870 5773
f 5870 5774 5773
f 5870 5871 5774
f 5871 5775 5774
f 5871 5872 5775
f 5872 5776 5775
f 5872 5873 5776
f 5873 5777 5776
f 5873 5874 5777
f 5874 5778 5777
f 5874 5875 5778
f 5875 5779 5778
f 5875 5876 5779
f 5876 5780 5779
f 5876 5877 5780
f 5877 5781 5780
f 5877 5878 5781
f 5878 5782 5781
f 5878 5879 5782
f 5879 5783 5782
f 5879 5880 5783
f 5880 5784 5783
f 5880 5881 5784
f 5881 5785 5784
f 5881 5882 5785
f 5882 5786 5785
f 5882 5883 5786
f 5883 5787 5786
f 5883 5884 5787
f 5884 5788 5787
f 5884 5885 5788
f 5885 5789 5788
f 5885 5886 5789
f 5886 5790 5789
f 5886 5887 5790
f 5887 5791 5790
f 5887 5888 5791
f 5888 5792 5791
f 5888 5889 5792
f 5889 5793 5792
f 5889 5890 5793
f 5890 5794 5793
f 5890 5891 5794
f 5891 5795 5794
f 5891 5892 5795
f 5892 5796 5795
f 5892 5893 5796
f 5893 5797 5796
f 5893 5894 5797
f 5894 5798 5797
f 5894 5895 5798
f 5895 5799 5798
f 5895 5896 5799
f 5896 5800 5799
f 5896 5897 5800
f 5897 5801 5800
f 5897 5898 5801
f 5898 5802 5801
f 5898 5899 5802
f 5899 5803 5802
f 5899 5900 5803
f 5900 5804 5803
f 5900 5901 5804
f 5901 5805 5804
f 5901 5902 5805
f 5902 5806 5805
f 5902 5903 5806
f 5903 5807 5806
f 5903 5904 5807
f 5904 5808 5807
f 5904 5905 5808
f 5905 5809 5808
f 5905 5906 5809
f 5906 5810 5809
f 5906 5907 5810
f 5907 5811 5810
f 5907 5908 5811
f 5908 5812 5811
f 5908 5909 5812
f 5909 5813 5812
f 5909 5910 5813
f 5910 5814 5813
f 5910 5911 5814
f 5911 5815 5814
f 5911 5912 5815
f 5912 5816 5815
f 5912 5913 5816
f 5913 5817 5816
f 5913 5914 5817
f 5914 5818 5817
f 5914 5915 5818
f 5915 5819 5818
f 5915 5916 5819
f 5916 5820 5819
f 5916 5917 5820
f 5917 5821 5820
f 5917 5918 5821
f 5918 5822 5821
f 5918 5919 5822
f 5919 5823 5822
f 5919 5920 5823
f 5920 5824 5823
f 5920 5921 5824
f 5921 5825 5824
f 5921 5922 5825
f 5922 5826 5825
f 5922 5923 5826
f 5923 5827 5826
f 5923 5924 5827
f 5924 5828 5827
f 5924 5925 5828
f 5925 5829 5828
f 5925 5926 5829
f 5926 5830 5829
f 5926 5927 5830
f 5927 5831 5830
f 5927 5928 5831
f 5928 5832 5831
f 5928 5929 5832
f 5929 5833 5832
f 5929 5930 5833
f 5930 5834 5833
f 5930 5931 5834
f 5931 5835 5834
f 5931 5932 5835
f 5932 5836 5835
f 5932 5933 5836
f 5933 5837 5836
f 5933 5934 5837
f 5934 5838 5837
f 5934 5935 5838
f 5935 5839 5838
f 5935 5936 5839
f 5936 5840 5839
f 5936 5937 5840
f 5937 5841 5840
f 5937 5938 5841
f 5938 5842 5841
f 5938 5939 5842
f 5939 5843 5842
f 5939 5940 5843
f 5940 5844 5843
f 5940 5941 5844
f 5941 5845 5844
f 5941 5942 5845
f 5942 5846 5845
f 5942 5943 5846
f 5943 5847 5846
f 5943 5944 5847
f 5944 5848 5847
f 5944 5945 5848
f 5945 5849 5848
f 5945 5946 5849
f 5946 5850 5849
f 5946 5947 5850
f 5947 5851 5850
f 5947 5948 5851
f 5948 5852 5851
f 5948 5949 5852
f 5949 5853 5852
f 5949 5950 5853
f 5950 5854 5853
f 5950 5951 5854
f 5951 5855 5854
f 5951 5952 5855
f 5952 5856 5855
f 5952 5857 5856
f 5857 5761 5856
f 5953 5954 5857
f 5954 5858 5857
f 5954 5955 5858
f 5955 5859 5858
f 5955 5956 5859
f 5956 5860 5859
f 5956 5957 5860
f 5957 5861 5860
f 5957 5958 5861
f 5958 5862 5861
f 5958 5959 5862
f 5959 5863 5862
f 5959 5960 5863
f 5960 5864 5863
f 5960 5961 5864
f 5961 5865 5864
f 5961 5962 5865
f 5962 5866 5865
f 5962 5963 5866
f 5963 5867 5866
f 5963 5964 5867
f 5964 5868 5867
f 5964 5965 5868
f 5965 5869 5868
f 5965 5966 5869
f 5966 5870 5869
f 5966 5967 5870
f 5967 5871 5870
f 5967 5968 5871
f 5968 5872 5871
f 5968 5969 5872
f 5969 5873 5872
f 5969 5970 5873
f 5970 5874 5873
f 5970 5971 5874
f 5971 5875 5874
f 5971 5972 5875
f 5972 5876 5875
f 5972 5973 5876
f 5973 5877 5876
f 5973 5974 5877
f 5974 5878 5877
f 5974 5975 5878
f 5975 5879 5878
f 5975 5976 5879
f 5976 5880 5879
f 5976 5977 5880
f 5977 5881 5880
f 5977 5978 5881
f 5978 5882 5881
f 5978 5979 5882
f 5979 5883 5882
f 5979 5980 5883
f 5980 5884 5883
f 5980 5981 5884
f 5981 5885 5884
f 5981 5982 5885
f 5982 5886 5885
f 5982 5983 5886
f 5983 5887 5886
f 5983 5984 5887
f 5984 5888 5887
f 5984 5985 5888
f 5985 5889 5888
f 5985 5986 5889
f 5986 5890 5889
f 5986 5987 5890
f 5987 5891 5890
f 5987 5988 5891
f 5988 5892 5891
f 5988 5989 5892
f 5989 5893 5892
f 5989 5990 5893
f 5990 5894 5893
f 5990 5991 5894
f 5991 5895 5894
f 5991 5992 5895
f 5992 5896 5895
f 5992 5993 5896
f 5993 5897 5896
f 5993 5994 5897
f 5994 5898 5897
f 5994 5995 5898
f 5995 5899 5898
f 5995 5996 5899
f 5996 5900 5899
f 5996 5997 5900
f 5997 5901 5900
f 5997 5998 5901
f 5998 5902 5901
f 5998 5999 5902
f 5999 5903 5902
f 5999 6000 5903
f 6000 5904 5903
f 6000 6001 5904
f 6001 5905 5904
f 6001 6002 5905
f 6002 5906 5905
f 6002 6003 5906
f 6003 5907 5906
f 6003 6004 5907
f 6004 5908 5907
f 6004 6005 5908
f 6005 5909 5908
f 6005 6006 5909
f 6006 5910 5909
f 6006 6007 5910
f 6007 5911 5910
f 6007 6008 5911
f 6008 5912 5911
f 6008 6009 5912
f 6009 5913 5912
f 6009 6010 5913
f 6010 5914 5913
f 6010 6011 5914
f 6011 5915 5914
f 6011 6012 5915
f 6012 5916 5915
f 6012 6013 5916
f 6013 5917 5916
f 6013 6014 5917
f 6014 5918 5917
f 6014 6015 5918
f 6015 5919 5918
f 6015 6016 5919
f 6016 5920 5919
f 6016 6017 5920
f 6017 5921 5920
f 6017 6018 5921
f 6018 5922 5921
f 6018 6019 5922
f 6019 5923 5922
f 6019 6020 5923
f 6020 5924 5923
f 6020 6021 5924
f 6021 5925 5924
f 6021 6022 5925
f 6022 5926 5925
f 6022 6023 5926
f 6023 5927 5926
f 6023 6024 5927
f 6024 5928 5927
f 6024 6025 5928
f 6025 5929 5928
f 6025 6026 5929
f 6026 5930 5929
f 6026 6027 5930
f 6027 5931 5930
f 6027 6028 5931
f 6028 5932 5931
f 6028 6029 5932
f 6029 5933 5932
f 6029 6030 5933
f 6030 5934 5933
f 6030 6031 5934
f 6031 5935 5934
f 6031 6032 5935
f 6032 5936 5935
f 6032 6033 5936
f 6033 5937 5936
f 6033 6034 5937
f 6034 5938 5937
f 6034 6035 5938
f 6035 5939 5938
f 6035 6036 5939
f 6036 5940 5939
f 6036 6037 5940
f 6037 5941 5940
f 6037 6038 5941
f 6038 5942 5941
f 6038 6039 5942
f 6039 5943 5942
f 6039 6040 5943
f 6040 5944 5943
f 6040 6041 5944
f 6041 5945 5944
f 6041 6042 5945
f 6042 5946 5945
f 6042 6043 5946
f 6043 5947 5946
f 6043 6044 5947
f 6044 5948 5947
f 6044 6045 5948
f 6045 5949 5948
f 6045 6046 5949
f 6046 5950 5949
f 6046 6047 5950
f 6047 5951 5950
f 6047 6048 5951
f 6048 5952 5951
f 6048 5953 5952
f 5953 5857 5952
f 6049 6050 5953
f 6050 5954 5953
f 6050 6051 5954
f 6051 5955 5954
f 6051 6052 5955
f 6052 5956 5955
f 6052 6053 5956
f 6053 5957 5956
f 6053 6054 5957
f 6054 5958 5957
f 6054 6055 5958
f 6055 5959 5958
f 6055 6056 5959
f 6056 5960 5959
f 6056 6057 5960
f 6057 5961 5960
f 6057 6058 5961
f 6058 5962 5961
f 6058 6059 5962
f 6059 5963 5962
f 6059 6060 5963
f 6060 5964 5963
f 6060 6061 5964
f 6061 5965 5964
f 6061 6062 5965
f 6062 5966 5965
f 6062 6063 5966
f 6063 5967 5966
f 6063 6064 5967
f 6064 5968 5967
f 6064 6065 5968
f 6065 5969 5968
f 6065 6066 5969
f 6066 5970 5969
f 6066 6067 5970
f 6067 5971 5970
f 6067 6068 5971
f 6068 5972 5971
f 6068 6069 5972
f 6069 5973 5972
f 6069 6070 5973
f 6070 5974 5973
f 6070 6071 5974
f 6071 5975 5974
f 6071 6072 5975
f 6072 5976 5975
f 6072 6073 5976
f 6073 5977 5976
f 6073 6074 5977
f 6074 5978 5977
f 6074 6075 5978
f 6075 5979 5978
f 6075 6076 5979
f 6076 5980 5979
f 6076 6077 5980
f 6077 5981 5980
f 6077 6078 5981
f 6078 5982 5981
f 6078 6079 5982
f 6079 5983 5982
f 6079 6080 5983
f 6080 5984 5983
f 6080 6081 5984
f 6081 5985 5984
f 6081 6082 5985
f 6082 5986 5985
f 6082 6083 5986
f 6083 5987 5986
f 6083 6084 5987
f 6084 5988 5987
f 6084 6085 5988
f 6085 5989 5988
f 6085 6086 5989
f 6086 5990 5989
f 6086 6087 5990
f 6087 5991 5990
f 6087 6088 5991
f 6088 5992 5991
f 6088 6089 5992
f 6089 5993 5992
f 6089 6090 5993
f 6090 5994 5993
f 6090 6091 5994
f 6091 5995 5994
f 6091 6092 5995
f 6092 5996 5995
f 6092 6093 5996
f 6093 5997 5996
f 6093 6094 5997
f 6094 5998 5997
f 6094 6095 5998
f 6095 5999 5998
f 6095 6096 5999
f 6096 6000 5999
f 6096 6097 6000
f 6097 6001 6000
f 6097 6098 6001
f 6098 6002 6001
f 6098 6099 6002
f 6099 6003 6002
f 6099 6100 6003
f 6100 6004 6003
f 6100 6101 6004
f 6101 6005 6004
f 6101 6102 6005
f 6102 6006 6005
f 6102 6103 6006
f 6103 6007 6006
f 6103 6104 6007
f 6104 6008 6007
f 6104 6105 6008
f 6105 6009 6008
f 6105 6106 6009
f 6106 6010 6009
f 6106 6107 6010
f 6107 6011 6010
f 6107 6108 6011
f 6108 6012 6011
f 6108 6109 6012
f 6109 6013 6012
f 6109 6110 6013
f 6110 6014 6013
f 6110 6111 6014
f 6111 6015 6014
f 6111 6112 6015
f 6112 6016 6015
f 6112 6113 6016
f 6113 6017 6016
f 6113 6114 6017
f 6114 6018 6017
f 6114 6115 6018
f 6115 6019 6018
f 6115 6116 6019
f 6116 6020 6019
f 6116 6117 6020
f 6117 6021 6020
f 6117 6118 6021
f 6118 6022 6021
f 6118 6119 6022
f 6119 6023 6022
f 6119 6120 6023
f 6120 6024 6023
f 6120 6121 6024
f 6121 6025 6024
f 6121 6122 6025
f 6122 6026 6025
f 6122 6123 6026
f 6123 6027 6026
f 6123 6124 6027
f 6124 6028 6027
f 6124 6125 6028
f 6125 6029 6028
f 6125 6126 6029
f 6126 6030 6029
f 6126 6127 6030
f 6127 6031 6030
f 6127 6128 6031
f 6128 6032 6031
f 6128 6129 6032
f 6129 6033 6032
f 6129 6130 6033
f 6130 6034 6033
f 6130 6131 6034
f 6131 6035 6034
f 6131 6132 6035
f 6132 6036 6035
f 6132 6133 6036
f 6133 6037 6036
f 6133 6134 6037
f 6134 6038 6037
f 6134 6135 6038
f 6135 6039 6038
f 6135 6136 6039
f 6136 6040 6039
f 6136 6137 6040
f 6137 6041 6040
f 6137 6138 6041
f 6138 6042 6041
f 6138 6139 6042
f 6139 6043 6042
f 6139 6140 6043
f 6140 6044 6043
f 6140 6141 6044
f 6141 6045 6044
f 6141 6142 6045
f 6142 6046 6045
f 6142 6143 6046
f 6143 6047 6046
f 6143 6144 6047
f 6144 6048 6047
f 6144 6049 6048
f 6049 5953 6048
f 6145 6146 6049
f 6146 6050 6049
f 6146 6147 6050
f 6147 6051 6050
f 6147 6148 6051
f 6148 6052 6051
f 6148 6149 6052
f 6149 6053 6052
f 6149 6150 6053
f 6150 6054 6053
f 6150 6151 6054
f 6151 6055 6054
f 6151 6152 6055
f 6152 6056 6055
f 6152 6153 6056
f 6153 6057 6056
f 6153 6154 6057
f 6154 6058 6057
f 6154 6155 6058
f 6155 6059 6058
f 6155 6156 6059
f 6156 6060 6059
f 6156 6157 6060
f 6157 6061 6060
f 6157 6158 6061
f 6158 6062 6061
f 6158 6159 6062
f 6159 6063 6062
f 6159 6160 6063
f 6160 6064 6063
f 6160 6161 6064
f 6161 6065 6064
f 6161 6162 6065
f 6162 6066 6065
f 6162 6163 6066
f 6163 6067 6066
f 6163 6164 6067
f 6164 6068 6067
f 6164 6165 6068
f 6165 6069 6068
f 6165 6166 6069
f 6166 6070 6069
f 6166 6167 6070
f 6167 6071 6070
f 6167 6168 6071
f 6168 6072 6071
f 6168 6169 6072
f 6169 6073 6072
f 6169 6170 6073
f 6170 6074 6073
f 6170 6171 6074
f 6171 6075 6074
f 6171 6172 6075
f 6172 6076 6075
f 6172 6173 6076
f 6173 6077 6076
f 6173 6174 6077
f 6174 6078 6077
f 6174 6175 6078
f 6175 6079 6078
f 6175 6176 6079
f 6176 6080 6079
f 6176 6177 6080
f 6177 6081 6080
f 6177 6178 6081
f 6178 6082 6081
f 6178 6179 6082
f 6179 6083 6082
f 6179 6180 6083
f 6180 6084 6083
f 6180 6181 6084
f 6181 6085 6084
f 6181 6182 6085
f 6182 6086 6085
f 6182 6183 6086
f 6183 6087 6086
f 6183 6184 6087
f 6184 6088 6087
f 6184 6185 6088
f 6185 6089 6088
f 6185 6186 6089
f 6186 6090 6089
f 6186 6187 6090
f 6187 6091 6090
f 6187 6188 6091
f 6188 6092 6091
f 6188 6189 6092
f 6189 6093 6092
f 6189 6190 6093
f 6190 6094 6093
f 6190 6191 6094
f 6191 6095 6094
f 6191 6192 6095
f 6192 6096 6095
f 6192 6193 6096
f 6193 6097 6096
f 6193 6194 6097
f 6194 6098 6097
f 6194 6195 6098
f 6195 6099 6098
f 6195 6196 6099
f 6196 6100 6099
f 6196 6197 6100
f 6197 6101 6100
f 6197 6198 6101
f 6198 6102 6101
f 6198 6199 6102
f 6199 6103 6102
f 6199 6200 6103
f 6200 6104 6103
f 6200 6201 6104
f 6201 6105 6104
f 6201 6202 6105
f 6202 6106 6105
f 6202 6203 6106
f 6203 6107 6106
f 6203 6204 6107
f 6204 6108 6107
f 6204 6205 6108
f 6205 6109 6108
f 6205 6206 6109
f 6206 6110 6109
f 6206 6207 6110
f 6207 6111 6110
f 6207 6208 6111
f 6208 6112 6111
f 6208 6209 6112
f 6209 6113 6112
f 6209 6210 6113
f 6210 6114 6113
f 6210 6211 6114
f 6211 6115 6114
f 6211 6212 6115
f 6212 6116 6115
f 6212 6213 6116
f 6213 6117 6116
f 6213 6214 6117
f 6214 6118 6117
f 6214 6215 6118
f 6215 6119 6118
f 6215 6216 6119
f 6216 6120 6119
f 6216 6217 6120
f 6217 6121 6120
f 6217 6218 6121
f 6218 6122 6121
f 6218 6219 6122
f 6219 6123 6122
f 6219 6220 6123
f 6220 6124 6123
f 6220 6221 6124
f 6221 6125 6124
f 6221 6222 6125
f 6222 6126 6125
f 6222 6223 6126
f 6223 6127 6126
f 6223 6224 6127
f 6224 6128 6127
f 6224 6225 6128
f 6225 6129 6128
f 6225 6226 6129
f 6226 6130 6129
f 6226 6227 6130
f 6227 6131 6130
f 6227 6228 6131
f 6228 6132 6131
f 6228 6229 6132
f 6229 6133 6132
f 6229 6230 6133
f 6230 6134 6133
f 6230 6231 6134
f 6231 6135 6134
f 6231 6232 6135
f 6232 6136 6135
f 6232 6233 6136
f 6233 6137 6136
f 6233 6234 6137
f 6234 6138 6137
f 6234 6235 6138
f 6235 6139 6138
f 6235 6236 6139
f 6236 6140 6139
f 6236 6237 6140
f 6237 6141 6140
f 6237 6238 6141
f 6238 6142 6141
f 6238 6239 6142
f 6239 6143 6142
f 6239 6240 6143
f 6240 6144 6143
f 6240 6145 6144
f 6145 6049 6144
f 6241 6242 6145
f 6242 6146 6145
f 6242 6243 6146
f 6243 6147 6146
f 6243 6244 6147
f 6244 6148 6147
f 6244 6245 6148
f 6245 6149 6148
f 6245 6246 6149
f 6246 6150 6149
f 6246 6247 6150
f 6247 6151 6150
f 6247 6248 6151
f 6248 6152 6151
f 6248 6249 6152
f 6249 6153 6152
f 6249 6250 6153
f 6250 6154 6153
f 6250 6251 6154
f 6251 6155 6154
f 6251 6252 6155
f 6252 6156 6155
f 6252 6253 6156
f 6253 6157 6156
f 6253 6254 6157
f 6254 6158 6157
f 6254 6255 6158
f 6255 6159 6158
f 6255 6256 6159
f 6256 6160 6159
f 6256 6257 6160
f 6257 6161 6160
f 6257 6258 6161
f 6258 6162 6161
f 6258 6259 6162
f 6259 6163 6162
f 6259 6260 6163
f 6260 6164 6163
f 6260 6261 6164
f 6261 6165 6164
f 6261 6262 6165
f 6262 6166 6165
f 6262 6263 6166
f 6263 6167 6166
f 6263 6264 6167
f 6264 6168 6167
f 6264 6265 6168
f 6265 6169 6168
f 6265 6266 6169
f 6266 6170 6169
f 6266 6267 6170
f 6267 6171 6170
f 6267 6268 6171
f 6268 6172 6171
f 6268 6269 6172
f 6269 6173 6172
f 6269 6270 6173
f 6270 6174 6173
f 6270 6271 6174
f 6271 6175 6174
f 6271 6272 6175
f 6272 6176 6175
f 6272 6273 6176
f 6273 6177 6176
f 6273 6274 6177
f 6274 6178 6177
f 6274 6275 6178
f 6275 6179 6178
f 6275 6276 6179
f 6276 6180 6179
f 6276 6277 6180
f 6277 6181 6180
f 6277 6278 6181
f 6278 6182 6181
f 6278 6279 6182
f 6279 6183 6182
f 6279 6280 6183
f 6280 6184 6183
f 6280 6281 6184
f 6281 6185 6184
f 6281 6282 6185
f 6282 6186 6185
f 6282 6283 6186
f 6283 6187 6186
f 6283 6284 6187
f 6284 6188 6187
f 6284 6285 6188
f 6285 6189 6188
f 6285 6286 6189
f 6286 6190 6189
f 6286 6287 6190
f 6287 6191 6190
f 6287 6288 6191
f 6288 6192 6191
f 6288 6289 6192
f 6289 6193 6192
f 6289 6290 6193
f 6290 6194 6193
f 6290 6291 6194
f 6291 6195 6194
f 6291 6292 6195
f 6292 6196 6195
f 6292 6293 6196
f 6293 6197 6196
f 6293 6294 6197
f 6294 6198 6197
f 6294 6295 6198
f 6295 6199 6198
f 6295 6296 6199
f 6296 6200 6199
f 6296 6297 6200
f 6297 6201 6200
f 6297 6298 6201
f 6298 6202 6201
f 6298 6299 6202
f 6299 6203 6202
f 6299 6300 6203
f 6300 6204 6203
f 6300 6301 6204
f 6301 6205 6204
f 6301 6302 6205
f 6302 6206 6205
f 6302 6303 6206
f 6303 6207 6206
f 6303 6304 6207
f 6304 6208 6207
f 6304 6305 6208
f 6305 6209 6208
f 6305 6306 6209
f 6306 6210 6209
f 6306 6307 6210
f 6307 6211 6210
f 6307 6308 6211
f 6308 6212 6211
f 6308 6309 6212
f 6309 6213 6212
f 6309 6310 6213
f 6310 6214 6213
f 6310 6311 6214
f 6311 6215 6214
f 6311 6312 6215
f 6312 6216 6215
f 6312 6313 6216
f 6313 6217 6216
f 6313 6314 6217
f 6314 6218 6217
f 6314 6315 6218
f 6315 6219 6218
f 6315 6316 6219
f 6316 6220 6219
f 6316 6317 6220
f 6317 6221 6220
f 6317 6318 6221
f 6318 6222 6221
f 6318 6319 6222
f 6319 6223 6222
f 6319 6320 6223
f 6320 6224 6223
f 6320 6321 6224
f 6321 6225 6224
f 6321 6322 6225
f 6322 6226 6225
f 6322 6323 6226
f 6323 6227 6226
f 6323 6324 6227
f 6324 6228 6227
f 6324 6325 6228
f 6325 6229 6228
f 6325 6326 6229
f 6326 6230 6229
f 6326 6327 6230
f 6327 6231 6230
f 6327 6328 6231
f 6328 6232 6231
f 6328 6329 6232
f 6329 6233 6232
f 6329 6330 6233
f 6330 6234 6233
f 6330 6331 6234
f 6331 6235 6234
f 6331 6332 6235
f 6332 6236 6235
f 6332 6333 6236
f 6333 6237 6236
f 6333 6334 6237
f 6334 6238 6237
f 6334 6335 6238
f 6335 6239 6238
f 6335 6336 6239
f 6336 6240 6239
f 6336 6241 6240
f 6241 6145 6240
f 6337 6338 6241
f 6338 6242 6241
f 6338 6339 6242
f 6339 6243 6242
f 6339 6340 6243
f 6340 6244 6243
f 6340 6341 6244
f 6341 6245 6244
f 6341 6342 6245
f 6342 6246 6245
f 6342 6343 6246
f 6343 6247 6246
f 6343 6344 6247
f 6344 6248 6247
f 6344 6345 6248
f 6345 6249 6248
f 6345 6346 6249
f 6346 6250 6249
f 6346 6347 6250
f 6347 6251 6250
f 6347 6348 6251
f 6348 6252 6251
f 6348 6349 6252
f 6349 6253 6252
f 6349 6350 6253
f 6350 6254 6253
f 6350 6351 6254
f 6351 6255 6254
f 6351 6352 6255
f 6352 6256 6255
f 6352 6353 6256
f 6353 6257 6256
f 6353 6354 6257
f 6354 6258 6257
f 6354 6355 6258
f 6355 6259 6258
f 6355 6356 6259
f 6356 6260 6259
f 6356 6357 6260
f 6357 6261 6260
f 6357 6358 6261
f 6358 6262 6261
f 6358 6359 6262
f 6359 6263 6262
f 6359 6360 6263
f 6360 6264 6263
f 6360 6361 6264
f 6361 6265 6264
f 6361 6362 6265
f 6362 6266 6265
f 6362 6363 6266
f 6363 6267 6266
f 6363 6364 6267
f 6364 6268 6267
f 6364 6365 6268
f 6365 6269 6268
f 6365 6366 6269
f 6366 6270 6269
f 6366 6367 6270
f 6367 6271 6270
f 6367 6368 6271
f 6368 6272 6271
f 6368 6369 6272
f 6369 6273 6272
f 6369 6370 6273
f 6370 6274 6273
f 6370 6371 6274
f 6371 6275 6274
f 6371 6372 6275
f 6372 6276 6275
f 6372 6373 6276
f 6373 6277 6276
f 6373 6374 6277
f 6374 6278 6277
f 6374 6375 6278
f 6375 6279 6278
f 6375 6376 6279
f 6376 6280 6279
f 6376 6377 6280
f 6377 6281 6280
f 6377 6378 6281
f 6378 6282 6281
f 6378 6379 6282
f 6379 6283 6282
f 6379 6380 6283
f 6380 6284 6283
f 6380 6381 6284
f 6381 6285 6284
f 6381 6382 6285
f 6382 6286 6285
f 6382 6383 6286
f 6383 6287 6286
f 6383 6384 6287
f 6384 6288 6287
f 6384 6385 6288
f 6385 6289 6288
f 6385 6386 6289
f 6386 6290 6289
f 6386 6387 6290
f 6387 6291 6290
f 6387 6388 6291
f 6388 6292 6291
f 6388 6389 6292
f 6389 6293 6292
f 6389 6390 6293
f 6390 6294 6293
f 6390 6391 6294
f 6391 6295 6294
f 6391 6392 6295
f 6392 6296 6295
f 6392 6393 6296
f 6393 6297 6296
f 6393 6394 6297
f 6394 6298 6297
f 6394 6395 6298
f 6395 6299 6298
f 6395 6396 6299
f 6396 6300 6299
f 6396 6397 6300
f 6397 6301 6300
f 6397 6398 6301
f 6398 6302 6301
f 6398 6399 6302
f 6399 6303 6302
f 6399 6400 6303
f 6400 6304 6303
f 6400 6401 6304
f 6401 6305 6304
f 6401 6402 6305
f 6402 6306 6305
f 6402 6403 6306
f 6403 6307 6306
f 6403 6404 6307
f 6404 6308 6307
f 6404 6405 6308
f 6405 6309 6308
f 6405 6406 6309
f 6406 6310 6309
f 6406 6407 6310
f 6407 6311 6310
f 6407 6408 6311
f 6408 6312 6311
f 6408 6409 6312
f 6409 6313 6312
f 6409 6410 6313
f 6410 6314 6313
f 6410 6411 6314
f 6411 6315 6314
f 6411 6412 6315
f 6412 6316 6315
f 6412 6413 6316
f 6413 6317 6316
f 6413 6414 6317
f 6414 6318 6317
f 6414 6415 6318
f 6415 6319 6318
f 6415 6416 6319
f 6416 6320 6319
f 6416 6417 6320
f 6417 6321 6320
f 6417 6418 6321
f 6418 6322 6321
f 6418 6419 6322
f 6419 6323 6322
f 6419 6420 6323
f 6420 6324 6323
f 6420 6421 6324
f 6421 6325 6324
f 6421 6422 6325
f 6422 6326 6325
f 6422 6423 6326
f 6423 6327 6326
f 6423 6424 6327
f 6424 6328 6327
f 6424 6425 6328
f 6425 6329 6328
f 6425 6426 6329
f 6426 6330 6329
f 6426 6427 6330
f 6427 6331 6330
f 6427 6428 6331
f 6428 6332 6331
f 6428 6429 6332
f 6429 6333 6332
f 6429 6430 6333
f 6430 6334 6333
f 6430 6431 6334
f 6431 6335 6334
f 6431 6432 6335
f 6432 6336 6335
f 6432 6337 6336
f 6337 6241 6336
f 6433 6434 6337
f 6434 6338 6337
f 6434 6435 6338
f 6435 6339 6338
f 6435 6436 6339
f 6436 6340 6339
f 6436 6437 6340
f 6437 6341 6340
f 6437 6438 6341
f 6438 6342 6341
f 6438 6439 6342
f 6439 6343 6342
f 6439 6440 6343
f 6440 6344 6343
f 6440 6441 6344
f 6441 6345 6344
f 6441 6442 6345
f 6442 6346 6345
f 6442 6443 6346
f 6443 6347 6346
f 6443 6444 6347
f 6444 6348 6347
f 6444 6445 6348
f 6445 6349 6348
f 6445 6446 6349
f 6446 6350 6349
f 6446 6447 6350
f 6447 6351 6350
f 6447 6448 6351
f 6448 6352 6351
f 6448 6449 6352
f 6449 6353 6352
f 6449 6450 6353
f 6450 6354 6353
f 6450 6451 6354
f 6451 6355 6354
f 6451 6452 6355
f 6452 6356 6355
f 6452 6453 6356
f 6453 6357 6356
f 6453 6454 6357
f 6454 6358 6357
f 6454 6455 6358
f 6455 6359 6358
f 6455 6456 6359
f 6456 6360 6359
f 6456 6457 6360
f 6457 6361 6360
f 6457 6458 6361
f 6458 6362 6361
f 6458 6459 6362
f 6459 6363 6362
f 6459 6460 6363
f 6460 6364 6363
f 6460 6461 6364
f 6461 6365 6364
f 6461 6462 6365
f 6462 6366 6365
f 6462 6463 6366
f 6463 6367 6366
f 6463 6464 6367
f 6464 6368 6367
f 6464 6465 6368
f 6465 6369 6368
f 6465 6466 6369
f 6466 6370 6369
f 6466 6467 6370
f 6467 6371 6370
f 6467 6468 6371
f 6468 6372 6371
f 6468 6469 6372
f 6469 6373 6372
f 6469 6470 6373
f 6470 6374 6373
f 6470 6471 6374
f 6471 6375 6374
f 6471 6472 6375
f 6472 6376 6375
f 6472 6473 6376
f 6473 6377 6376
f 6473 6474 6377
f 6474 6378 6377
f 6474 6475 6378
f 6475 6379 6378
f 6475 6476 6379
f 6476 6380 6379
f 6476 6477 6380
f 6477 6381 6380
f 6477 6478 6381
f 6478 6382 6381
f 6478 6479 6382
f 6479 6383 6382
f 6479 6480 6383
f 6480 6384 6383
f 6480 6481 6384
f 6481 6385 6384
f 6481 6482 6385
f 6482 6386 6385
f 6482 6483 6386
f 6483 6387 6386
f 6483 6484 6387
f 6484 6388 6387
f 6484 6485 6388
f 6485 6389 6388
f 6485 6486 6389
f 6486 6390 6389
f 6486 6487 6390
f 6487 6391 6390
f 6487 6488 6391
f 6488 6392 6391
f 6488 6489 6392
f 6489 6393 6392
f 6489 6490 6393
f 6490 6394 6393
f 6490 6491 6394
f 6491 6395 6394
f 6491 6492 6395
f 6492 6396 6395
f 6492 6493 6396
f 6493 6397 6396
f 6493 6494 6397
f 6494 6398 6397
f 6494 6495 6398
f 6495 6399 6398
f 6495 6496 6399
f 6496 6400 6399
f 6496 6497 6400
f 6497 6401 6400
f 6497 6498 6401
f 6498 6402 6401
f 6498 6499 6402
f 6499 6403 6402
f 6499 6500 6403
f 6500 6404 6403
f 6500 6501 6404
f 6501 6405 6404
f 6501 6502 6405
f 6502 6406 6405
f 6502 6503 6406
f 6503 6407 6406
f 6503 6504 6407
f 6504 6408 6407
f 6504 6505 6408
f 6505 6409 6408
f 6505 6506 6409
f 6506 6410 6409
f 6506 6507 6410
f 6507 6411 6410
f 6507 6508 6411
f 6508 6412 6411
f 6508 6509 6412
f 6509 6413 6412
f 6509 6510 6413
f 6510 6414 6413
f 6510 6511 6414
f 6511 6415 6414
f 6511 6512 6415
f 6512 6416 6415
f 6512 6513 6416
f 6513 6417 6416
f 6513 6514 6417
f 6514 6418 6417
f 6514 6515 6418
f 6515 6419 6418
f 6515 6516 6419
f 6516 6420 6419
f 6516 6517 6420
f 6517 6421 6420
f 6517 6518 6421
f 6518 6422 6421
f 6518 6519 6422
f 6519 6423 6422
f 6519 6520 6423
f 6520 6424 6423
f 6520 6521 6424
f 6521 6425 6424
f 6521 6522 6425
f 6522 6426 6425
f 6522 6523 6426
f 6523 6427 6426
f 6523 6524 6427
f 6524 6428 6427
f 6524 6525 6428
f 6525 6429 6428
f 6525 6526 6429
f 6526 6430 6429
f 6526 6527 6430
f 6527 6431 6430
f 6527 6528 6431
f 6528 6432 6431
f 6528 6433 6432
f 6433 6337 6432
f 6529 6530 6433
f 6530 6434 6433
f 6530 6531 6434
f 6531 6435 6434
f 6531 6532 6435
f 6532 6436 6435
f 6532 6533 6436
f 6533 6437 6436
f 6533 6534 6437
f 6534 6438 6437
f 6534 6535 6438
f 6535 6439 6438
f 6535 6536 6439
f 6536 6440 6439
f 6536 6537 6440
f 6537 6441 6440
f 6537 6538 6441
f 6538 6442 6441
f 6538 6539 6442
f 6539 6443 6442
f 6539 6540 6443
f 6540 6444 6443
f 6540 6541 6444
f 6541 6445 6444
f 6541 6542 6445
f 6542 6446 6445
f 6542 6543 6446
f 6543 6447 6446
f 6543 6544 6447
f 6544 6448 6447
f 6544 6545 6448
f 6545 6449 6448
f 6545 6546 6449
f 6546 6450 6449
f 6546 6547 6450
f 6547 6451 6450
f 6547 6548 6451
f 6548 6452 6451
f 6548 6549 6452
f 6549 6453 6452
f 6549 6550 6453
f 6550 6454 6453
f 6550 6551 6454
f 6551 6455 6454
f 6551 6552 6455
f 6552 6456 6455
f 6552 6553 6456
f 6553 6457 6456
f 6553 6554 6457
f 6554 6458 6457
f 6554 6555 6458
f 6555 6459 6458
f 6555 6556 6459
f 6556 6460 6459
f 6556 6557 6460
f 6557 6461 6460
f 6557 6558 6461
f 6558 6462 6461
f 6558 6559 6462
f 6559 6463 6462
f 6559 6560 6463
f 6560 6464 6463
f 6560 6561 6464
f 6561 6465 6464
f 6561 6562 6465
f 6562 6466 6465
f 6562 6563 6466
f 6563 6467 6466
f 6563 6564 6467
f 6564 6468 6467
f 6564 6565 6468
f 6565 6469 6468
f 6565 6566 6469
f 6566 6470 6469
f 6566 6567 6470
f 6567 6471 6470
f 6567 6568 6471
f 6568 6472 6471
f 6568 6569 6472
f 6569 6473 6472
f 6569 6570 6473
f 6570 6474 6473
f 6570 6571 6474
f 6571 6475 6474
f 6571 6572 6475
f 6572 6476 6475
f 6572 6573 6476
f 6573 6477 6476
f 6573 6574 6477
f 6574 6478 6477
f 6574 6575 6478
f 6575 6479 6478
f 6575 6576 6479
f 6576 6480 6479
f 6576 6577 6480
f 6577 6481 6480
f 6577 6578 6481
f 6578 6482 6481
f 6578 6579 6482
f 6579 6483 6482
f 6579 6580 6483
f 6580 6484 6483
f 6580 6581 6484
f 6581 6485 6484
f 6581 6582 6485
f 6582 6486 6485
f 6582 6583 6486
f 6583 6487 6486
f 6583 6584 6487
f 6584 6488 6487
f 6584 6585 6488
f 6585 6489 6488
f 6585 6586 6489
f 6586 6490 6489
f 6586 6587 6490
f 6587 6491 6490
f 6587 6588 6491
f 6588 6492 6491
f 6588 6589 6492
f 6589 6493 6492
f 6589 6590 6493
f 6590 6494 6493
f 6590 6591 6494
f 6591 6495 6494
f 6591 6592 6495
f 6592 6496 6495
f 6592 6593 6496
f 6593 6497 6496
f 6593 6594 6497
f 6594 6498 6497
f 6594 6595 6498
f 6595 6499 6498
f 6595 6596 6499
f 6596 6500 6499
f 6596 6597 6500
f 6597 6501 6500
f 6597 6598 6501
f 6598 6502 6501
f 6598 6599 6502
f 6599 6503 6502
f 6599 6600 6503
f 6600 6504 6503
f 6600 6601 6504
f 6601 6505 6504
f 6601 6602 6505
f 6602 6506 6505
f 6602 6603 6506
f 6603 6507 6506
f 6603 6604 6507
f 6604 6508 6507
f 6604 6605 6508
f 6605 6509 6508
f 6605 6606 6509
f 6606 6510 6509
f 6606 6607 6510
f 6607 6511 6510
f 6607 6608 6511
f 6608 6512 6511
f 6608 6609 6512
f 6609 6513 6512
f 6609 6610 6513
f 6610 6514 6513
f 6610 6611 6514
f 6611 6515 6514
f 6611 6612 6515
f 6612 6516 6515
f 6612 6613 6516
f 6613 6517 6516
f 6613 6614 6517
f 6614 6518 6517
f 6614 6615 6518
f 6615 6519 6518
f 6615 6616 6519
f 6616 6520 6519
f 6616 6617 6520
f 6617 6521 6520
f 6617 6618 6521
f 6618 6522 6521
f 6618 6619 6522
f 6619 6523 6522
f 6619 6620 6523
f 6620 6524 6523
f 6620 6621 6524
f 6621 6525 6524
f 6621 6622 6525
f 6622 6526 6525
f 6622 6623 6526
f 6623 6527 6526
f 6623 6624 6527
f 6624 6528 6527
f 6624 6529 6528
f 6529 6433 6528
f 6625 6626 6529
f 6626 6530 6529
f 6626 6627 6530
f 6627 6531 6530
f 6627 6628 6531
f 6628 6532 6531
f 6628 6629 6532
f 6629 6533 6532
f 6629 6630 6533
f 6630 6534 6533
f 6630 6631 6534
f 6631 6535 6534
f 6631 6632 6535
f 6632 6536 6535
f 6632 6633 6536
f 6633 6537 6536
f 6633 6634 6537
f 6634 6538 6537
f 6634 6635 6538
f 6635 6539 6538
f 6635 6636 6539
f 6636 6540 6539
f 6636 6637 6540
f 6637 6541 6540
f 6637 6638 6541
f 6638 6542 6541
f 6638 6639 6542
f 6639 6543 6542
f 6639 6640 6543
f 6640 6544 6543
f 6640 6641 6544
f 6641 6545 6544
f 6641 6642 6545
f 6642 6546 6545
f 6642 6643 6546
f 6643 6547 6546
f 6643 6644 6547
f 6644 6548 6547
f 6644 6645 6548
f 6645 6549 6548
f 6645 6646 6549
f 6646 6550 6549
f 6646 6647 6550
f 6647 6551 6550
f 6647 6648 6551
f 6648 6552 6551
f 6648 6649 6552
f 6649 6553 6552
f 6649 6650 6553
f 6650 6554 6553
f 6650 6651 6554
f 6651 6555 6554
f 6651 6652 6555
f 6652 6556 6555
f 6652 6653 6556
f 6653 6557 6556
f 6653 6654 6557
f 6654 6558 6557
f 6654 6655 6558
f 6655 6559 6558
f 6655 6656 6559
f 6656 6560 6559
f 6656 6657 6560
f 6657 6561 6560
f 6657 6658 6561
f 6658 6562 6561
f 6658 6659 6562
f 6659 6563 6562
f 6659 6660 6563
f 6660 6564 6563
f 6660 6661 6564
f 6661 6565 6564
f 6661 6662 6565
f 6662 6566 6565
f 6662 6663 6566
f 6663 6567 6566
f 6663 6664 6567
f 6664 6568 6567
f 6664 6665 6568
f 6665 6569 6568
f 6665 6666 6569
f 6666 6570 6569
f 6666 6667 6570
f 6667 6571 6570
f 6667 6668 6571
f 6668 6572 6571
f 6668 6669 6572
f 6669 6573 6572
f 6669 6670 6573
f 6670 6574 6573
f 6670 6671 6574
f 6671 6575 6574
f 6671 6672 6575
f 6672 6576 6575
f 6672 6673 6576
f 6673 6577 6576
f 6673 6674 6577
f 6674 6578 6577
f 6674 6675 6578
f 6675 6579 6578
f 6675 6676 6579
f 6676 6580 6579
f 6676 6677 6580
f 6677 6581 6580
f 6677 6678 6581
f 6678 6582 6581
f 6678 6679 6582
f 6679 6583 6582
f 6679 6680 6583
f 6680 6584 6583
f 6680 6681 6584
f 6681 6585 6584
f 6681 6682 6585
f 6682 6586 6585
f 6682 6683 6586
f 6683 6587 6586
f 6683 6684 6587
f 6684 6588 6587
f 6684 6685 6588
f 6685 6589 6588
f 6685 6686 6589
f 6686 6590 6589
f 6686 6687 6590
f 6687 6591 6590
f 6687 6688 6591
f 6688 6592 6591
f 6688 6689 6592
f 6689 6593 6592
f 6689 6690 6593
f 6690 6594 6593
f 6690 6691 6594
f 6691 6595 6594
f 6691 6692 6595
f 6692 6596 6595
f 6692 6693 6596
f 6693 6597 6596
f 6693 6694 6597
f 6694 6598 6597
f 6694 6695 6598
f 6695 6599 6598
f 6695 6696 6599
f 6696 6600 6599
f 6696 6697 6600
f 6697 6601 6600
f 6697 6698 6601
f 6698 6602 6601
f 6698 6699 6602
f 6699 6603 6602
f 6699 6700 6603
f 6700 6604 6603
f 6700 6701 6604
f 6701 6605 6604
f 6701 6702 6605
f 6702 6606 6605
f 6702 6703 6606
f 6703 6607 6606
f 6703 6704 6607
f 6704 6608 6607
f 6704 6705 6608
f 6705 6609 6608
f 6705 6706 6609
f 6706 6610 6609
f 6706 6707 6610
f 6707 6611 6610
f 6707 6708 6611
f 6708 6612 6611
f 6708 6709 6612
f 6709 6613 6612
f 6709 6710 6613
f 6710 6614 6613
f 6710 6711 6614
f 6711 6615 6614
f 6711 6712 6615
f 6712 6616 6615
f 6712 6713 6616
f 6713 6617 6616
f 6713 6714 6617
f 6714 6618 6617
f 6714 6715 6618
f 6715 6619 6618
f 6715 6716 6619
f 6716 6620 6619
f 6716 6717 6620
f 6717 6621 6620
f 6717 6718 6621
f 6718 6622 6621
f 6718 6719 6622
f 6719 6623 6622
f 6719 6720 6623
f 6720 6624 6623
f 6720 6625 6624
f 6625 6529 6624
f 6721 6722 6625
f 6722 6626 6625
f 6722 6723 6626
f 6723 6627 6626
f 6723 6724 6627
f 6724 6628 6627
f 6724 6725 6628
f 6725 6629 6628
f 6725 6726 6629
f 6726 6630 6629
f 6726 6727 6630
f 6727 6631 6630
f 6727 6728 6631
f 6728 6632 6631
f 6728 6729 6632
f 6729 6633 6632
f 6729 6730 6633
f 6730 6634 6633
f 6730 6731 6634
f 6731 6635 6634
f 6731 6732 6635
f 6732 6636 6635
f 6732 6733 6636
f 6733 6637 6636
f 6733 6734 6637
f 6734 6638 6637
f 6734 6735 6638
f 6735 6639 6638
f 6735 6736 6639
f 6736 6640 6639
f 6736 6737 6640
f 6737 6641 6640
f 6737 6738 6641
f 6738 6642 6641
f 6738 6739 6642
f 6739 6643 6642
f 6739 6740 6643
f 6740 6644 6643
f 6740 6741 6644
f 6741 6645 6644
f 6741 6742 6645
f 6742 6646 6645
f 6742 6743 6646
f 6743 6647 6646
f 6743 6744 6647
f 6744 6648 6647
f 6744 6745 6648
f 6745 6649 6648
f 6745 6746 6649
f 6746 6650 6649
f 6746 6747 6650
f 6747 6651 6650
f 6747 6748 6651
f 6748 6652 6651
f 6748 6749 6652
f 6749 6653 6652
f 6749 6750 6653
f 6750 6654 6653
f 6750 6751 6654
f 6751 6655 6654
f 6751 6752 6655
f 6752 6656 6655
f 6752 6753 6656
f 6753 6657 6656
f 6753 6754 6657
f 6754 6658 6657
f 6754 6755 6658
f 6755 6659 6658
f 6755 6756 6659
f 6756 6660 6659
f 6756 6757 6660
f 6757 6661 6660
f 6757 6758 6661
f 6758 6662 6661
f 6758 6759 6662
f 6759 6663 6662
f 6759 6760 6663
f 6760 6664 6663
f 6760 6761 6664
f 6761 6665 6664
f 6761 6762 6665
f 6762 6666 6665
f 6762 6763 6666
f 6763 6667 6666
f 6763 6764 6667
f 6764 6668 6667
f 6764 6765 6668
f 6765 6669 6668
f 6765 6766 6669
f 6766 6670 6669
f 6766 6767 6670
f 6767 6671 6670
f 6767 6768 6671
f 6768 6672 6671
f 6768 6769 6672
f 6769 6673 6672
f 6769 6770 6673
f 6770 6674 6673
f 6770 6771 6674
f 6771 6675 6674
f 6771 6772 6675
f 6772 6676 6675
f 6772 6773 6676
f 6773 6677 6676
f 6773 6774 6677
f 6774 6678 6677
f 6774 6775 6678
f 6775 6679 6678
f 6775 6776 6679
f 6776 6680 6679
f 6776 6777 6680
f 6777 6681 6680
f 6777 6778 6681
f 6778 6682 6681
f 6778 6779 6682
f 6779 6683 6682
f 6779 6780 6683
f 6780 6684 6683
f 6780 6781 6684
f 6781 6685 6684
f 6781 6782 6685
f 6782 6686 6685
f 6782 6783 6686
f 6783 6687 6686
f 6783 6784 6687
f 6784 6688 6687
f 6784 6785 6688
f 6785 6689 6688
f 6785 6786 6689
f 6786 6690 6689
f 6786 6787 6690
f 6787 6691 6690
f 6787 6788 6691
f 6788 6692 6691
f 6788 6789 6692
f 6789 6693 6692
f 6789 6790 6693
f 6790 6694 6693
f 6790 6791 6694
f 6791 6695 6694
f 6791 6792 6695
f 6792 6696 6695
f 6792 6793 6696
f 6793 6697 6696
f 6793 6794 6697
f 6794 6698 6697
f 6794 6795 6698
f 6795 6699 6698
f 6795 6796 6699
f 6796 6700 6699
f 6796 6797 6700
f 6797 6701 6700
f 6797 6798 6701
f 6798 6702 6701
f 6798 6799 6702
f 6799 6703 6702
f 6799 6800 6703
f 6800 6704 6703
f 6800 6801 6704
f 6801 6705 6704
f 6801 6802 6705
f 6802 6706 6705
f 6802 6803 6706
f 6803 6707 6706
f 6803 6804 6707
f 6804 6708 6707
f 6804 6805 6708
f 6805 6709 6708
f 6805 6806 6709
f 6806 6710 6709
f 6806 6807 6710
f 6807 6711 6710
f 6807 6808 6711
f 6808 6712 6711
f 6808 6809 6712
f 6809 6713 6712
f 6809 6810 6713
f 6810 6714 6713
f 6810 6811 6714
f 6811 6715 6714
f 6811 6812 6715
f 6812 6716 6715
f 6812 6813 6716
f 6813 6717 6716
f 6813 6814 6717
f 6814 6718 6717
f 6814 6815 6718
f 6815 6719 6718
f 6815 6816 6719
f 6816 6720 6719
f 6816 6721 6720
f 6721 6625 6720
f 1 2 6817
f 2 3 6817
f 3 4 6817
f 4 5 6817
f 5 6 6817
f 6 7 6817
f 7 8 6817
f 8 9 6817
f 9 10 6817
f 10 11 6817
f 11 12 6817
f 12 13 6817
f 13 14 6817
f 14 15 6817
f 15 16 6817
f 16 17 6817
f 17 18 6817
f 18 19 6817
f 19 20 6817
f 20 21 6817
f 21 22 6817
f 22 23 6817
f 23 24 6817
f 24 25 6817
f 25 26 6817
f 26 27 6817
f 27 28 6817
f 28 29 6817
f 29 30 6817
f 30 31 6817
f 31 32 6817
f 32 33 6817
f 33 34 6817
f 34 35 6817
f 35 36 6817
f 36 37 6817
f 37 38 6817
f 38 39 6817
f 39 40 6817
f 40 41 6817
f 41 42 6817
f 42 43 6817
f 43 44 6817
f 44 45 6817
f 45 46 6817
f 46 47 6817
f 47 48 6817
f 48 49 6817
f 49 50 6817
f 50 51 6817
f 51 52 6817
f 52 53 6817
f 53 54 6817
f 54 55 6817
f 55 56 6817
f 56 57 6817
f 57 58 6817
f 58 59 6817
f 59 60 6817
f 60 61 6817
f 61 62 6817
f 62 63 6817
f 63 64 6817
f 64 65 6817
f 65 66 6817
f 66 67 6817
f 67 68 6817
f 68 69 6817
f 69 70 6817
f 70 71 6817
f 71 72 6817
f 72 73 6817
f 73 74 6817
f 74 75 6817
f 75 76 6817
f 76 77 6817
f 77 78 6817
f 78 79 6817
f 79 80 6817
f 80 81 6817
f 81 82 6817
f 82 83 6817
f 83 84 6817
f 84 85 6817
f 85 86 6817
f 86 87 6817
f 87 88 6817
f 88 89 6817
f 89 90 6817
f 90 91 6817
f 91 92 6817
f 92 93 6817
f 93 94 6817
f 94 95 6817
f 95 96 6817
f 96 1 6817
f 6722 6721 6818
f 6723 6722 6818
f 6724 6723 6818
f 6725 6724 6818
f 6726 6725 6818
f 6727 6726 6818
f 6728 6727 6818
f 6729 6728 6818
f 6730 6729 6818
f 6731 6730 6818
f 6732 6731 6818
f 6733 6732 6818
f 6734 6733 6818
f 6735 6734 6818
f 6736 6735 6818
f 6737 6736 6818
f 6738 6737 6818
f 6739 6738 6818
f 6740 6739 6818
f 6741 6740 6818
f 6742 6741 6818
f 6743 6742 6818
f 6744 6743 6818
f 6745 6744 6818
f 6746 6745 6818
f 6747 6746 6818
f 6748 6747 6818
f 6749 6748 6818
f 6750 6749 6818
f 6751 6750 6818
f 6752 6751 6818
f 6753 6752 6818
f 6754 6753 6818
f 6755 6754 6818
f 6756 6755 6818
f 6757 6756 6818
f 6758 6757 6818
f 6759 6758 6818
f 6760 6759 6818
f 6761 6760 6818
f 6762 6761 6818
f 6763 6762 6818
f 6764 6763 6818
f 6765 6764 6818
f 6766 6765 6818
f 6767 6766 6818
f 6768 6767 6818
f 6769 6768 6818
f 6770 6769 6818
f 6771 6770 6818
f 6772 6771 6818
f 6773 6772 6818
f 6774 6773 6818
f 6775 6774 6818
f 6776 6775 6818
f 6777 6776 6818
f 6778 6777 6818
f 6779 6778 6818
f 6780 6779 6818
f 6781 6780 6818
f 6782 6781 6818
f 6783 6782 6818
f 6784 6783 6818
f 6785 6784 6818
f 6786 6785 6818
f 6787 6786 6818
f 6788 6787 6818
f 6789 6788 6818
f 6790 6789 6818
f 6791 6790 6818
f 6792 6791 6818
f 6793 6792 6818
f 6794 6793 6818
f 6795 6794 6818
f 6796 6795 6818
f 6797 6796 6818
f 6798 6797 6818
f 6799 6798 6818
f 6800 6799 6818
f 6801 6800 6818
f 6802 6801 6818
f 6803 6802 6818
f 6804 6803 6818
f 6805 6804 6818
f 6806 6805 6818
f 6807 6806 6818
f 6808 6807 6818
f 6809 6808 6818
f 6810 6809 6818
f 6811 6810 6818
f 6812 6811 6818
f 6813 6812 6818
f 6814 6813 6818
f 6815 6814 6818
f 6816 6815 6818
f 6721 6816 6818

