# https://github.com/mikedh/trimesh
v 4.72223380 -13.44913106 0.00000000
v 4.75190077 -13.44913106 -0.31145603
v 4.74347618 -13.44913106 -0.62449049
v 4.69607232 -13.44913106 -0.93410686
v 4.61088088 -13.44913106 -1.23548181
v 4.49103220 -13.44913106 -1.52450001
v 4.34122641 -13.44913106 -1.79819486
v 4.16718607 -13.44913106 -2.05502875
v 3.97500407 -13.44913106 -2.29496967
v 3.77047363 -13.44913106 -2.51934994
v 3.55848925 -13.44913106 -2.73052484
v 3.34259572 -13.44913106 -2.93137777
v 3.12474159 -13.44913106 -3.12474159
v 2.90526383 -13.44913106 -3.31281848
v 2.68309845 -13.44913106 -3.49668197
v 2.45618044 -13.44913106 -3.67593381
v 2.22197143 -13.44913106 -3.84856740
v 1.97803642 -13.44913106 -4.01106107
v 1.72258680 -13.44913106 -4.15869242
v 1.45491279 -13.44913106 -4.28603488
v 1.17564642 -13.44913106 -4.38757217
v 0.88682106 -13.44913106 -4.45835055
v 0.59172315 -13.44913106 -4.49458356
v 0.29456091 -13.44913106 -4.49413097
v 0.00000000 -13.44913106 -4.45679068
v -0.28736664 -13.44913106 -4.38436773
v -0.56354038 -13.44913106 -4.28051413
v -0.82555851 -13.44913106 -4.15036291
v -1.07179825 -13.44913106 -4.00000551
v -1.30210587 -13.44913106 -3.83588019
v -1.51773951 -13.44913106 -3.66414732
v -1.72113974 -13.44913106 -3.49012613
v -1.91556476 -13.44913106 -3.31785548
v -2.10464369 -13.44913106 -3.14982187
v -2.29190904 -13.44913106 -2.98687401
v -2.48036858 -13.44913106 -2.82831830
v -2.67216684 -13.44913106 -2.67216684
v -2.86837042 -13.44913106 -2.51549334
v -3.06889084 -13.44913106 -2.35484276
v -3.27253841 -13.44913106 -2.18664026
v -3.47718240 -13.44913106 -2.00755220
v -3.67998040 -13.44913106 -1.81476550
v -3.87763419 -13.44913106 -1.60616867
v -4.06663150 -13.44913106 -1.38043538
v -4.24344150 -13.44913106 -1.13702672
v -4.40464567 -13.44913106 -0.87613850
v -4.54700112 -13.44913106 -0.59862405
v -4.66744884 -13.44913106 -0.30592076
v -4.76309066 -13.44913106 -0.00000000
v -4.83116533 -13.44913106 0.31665131
v -4.86905335 -13.44913106 0.64102303
v -4.87433374 -13.44913106 0.96956526
v -4.84490357 -13.44913106 1.29818800
v -4.77915635 -13.44913106 1.62230498
v -4.67619941 -13.44913106 1.93694522
v -4.53607822 -13.44913106 2.23694623
v -4.35996723 -13.44913106 2.51722826
v -4.15028633 -13.44913106 2.77313267
v -3.91070798 -13.44913106 3.00079177
v -3.64603360 -13.44913106 3.19748565
v -3.36193565 -13.44913106 3.36193565
v -3.06458212 -13.44913106 3.49448617
v -2.76017973 -13.44913106 3.59713626
v -2.45448701 -13.44913106 3.67339940
v -2.15235705 -13.44913106 3.72799176
v -1.85736951 -13.44913106 3.76637278
v -1.57160247 -13.44913106 3.79418401
v -1.29557771 -13.44913106 3.81664885
v -1.02839038 -13.44913106 3.83800514
v -0.76800890 -13.44913106 3.86104148
v -0.51170666 -13.44913106 3.88679797
v -0.25656806 -13.44913106 3.91447220
v -0.00000000 -13.44913106 3.94154569
v 0.25982197 -13.44913106 3.96411720
v 0.52363483 -13.44913106 3.97740139
v 0.79094108 -13.44913106 3.97632933
v 1.06005332 -13.44913106 3.95617284
v 1.32832227 -13.44913106 3.91311124
v 1.59251323 -13.44913106 3.84466705
v 1.84927321 -13.44913106 3.74995510
v 2.09561716 -13.44913106 3.62971540
v 2.32935787 -13.44913106 3.48613041
v 2.54941121 -13.44913106 3.32245737
v 2.75592663 -13.44913106 3.14253204
v 2.95021777 -13.44913106 2.95021777
v 3.13449793 -13.44913106 2.74888091
v 3.31145484 -13.44913106 2.54096867
v 3.48372382 -13.44913106 2.32774983
v 3.65333564 -13.44913106 2.10925432
v 3.82122124 -13.44913106 1.88441777
v 3.98684915 -13.44913106 1.65140699
v 4.14805509 -13.44913106 1.40807497
v 4.30109622 -13.44913106 1.15247526
v 4.44093202 -13.44913106 0.88335630
v 4.56170120 -13.44913106 0.60055936
v 4.65733583 -13.44913106 0.30525792
v 4.73524712 -12.94161668 0.00000000
v 4.76141355 -12.94161668 -0.31207953
v 4.74919861 -12.94161668 -0.62524386
v 4.69799797 -12.94161668 -0.93448990
v 4.60928178 -12.94161668 -1.23505333
v 4.48642290 -12.94161668 -1.52293536
v 4.33430176 -12.94161668 -1.79532657
v 4.15874084 -12.94161668 -2.05086402
v 3.96584499 -12.94161668 -2.28968167
v 3.76133519 -12.94161668 -2.51324383
v 3.54996373 -12.94161668 -2.72398297
v 3.33508608 -12.94161668 -2.92479199
v 3.11844229 -12.94161668 -3.11844229
v 2.90017080 -12.94161668 -3.30701098
v 2.67904532 -12.94161668 -3.49139984
v 2.45289481 -12.94161668 -3.67101651
v 2.21914191 -12.94161668 -3.84366654
v 1.97538040 -12.94161668 -4.00567519
v 1.71990866 -12.94161668 -4.15222681
v 1.45214422 -12.94161668 -4.27787893
v 1.17286305 -12.94161668 -4.37718450
v 0.88423328 -12.94161668 -4.44534090
v 0.58964267 -12.94161668 -4.47878073
v 0.29334814 -12.94161668 -4.47562773
v 0.00000000 -12.94161668 -4.43595969
v -0.28589049 -12.94161668 -4.36184592
v -0.56046538 -12.94161668 -4.25715720
v -0.82094617 -12.94161668 -4.12717512
v -1.06591607 -12.94161668 -3.97805294
v -1.29542446 -12.94161668 -3.81619741
v -1.51090521 -12.94161668 -3.64764786
v -1.71492623 -12.94161668 -3.47752638
v -1.91080969 -12.94161668 -3.30961947
v -2.10217796 -12.94161668 -3.14613165
v -2.29248690 -12.94161668 -2.98762709
v -2.48460613 -12.94161668 -2.83315030
v -2.68049495 -12.94161668 -2.68049495
v -2.88100571 -12.94161668 -2.52657420
v -3.08582593 -12.94161668 -2.36783751
v -3.29355001 -12.94161668 -2.20067976
v -3.50185395 -12.94161668 -2.02179632
v -3.70773459 -12.94161668 -1.82845235
v -3.90777026 -12.94161668 -1.61865144
v -4.09836278 -12.94161668 -1.39120670
v -4.27592966 -12.94161668 -1.14573190
v -4.43702978 -12.94161668 -0.88258010
v -4.57842149 -12.94161668 -0.60276062
v -4.69706667 -12.94161668 -0.30786201
v -4.79010612 -12.94161668 -0.00000000
v -4.85483636 -12.94161668 0.31820279
v -4.88871745 -12.94161668 0.64361186
v -4.88943382 -12.94161668 0.97256886
v -4.85501733 -12.94161668 1.30089797
v -4.78402707 -12.94161668 1.62395836
v -4.67576458 -12.94161668 1.93676510
v -4.53049142 -12.94161668 2.23419112
v -4.34960857 -12.94161668 2.51124768
v -4.13575721 -12.94161668 2.76342462
v -3.89280765 -12.94161668 2.98705637
v -3.62571701 -12.94161668 3.17966848
v -3.34025456 -12.94161668 3.34025456
v -3.04261399 -12.94161668 3.46943631
v -2.73895095 -12.94161668 3.56947038
v -2.43489837 -12.94161668 3.64408294
v -2.13511957 -12.94161668 3.69813558
v -1.84295802 -12.94161668 3.73714918
v -1.56023233 -12.94161668 3.76673406
v -1.28720746 -12.94161668 3.79199091
v -1.02274981 -12.94161668 3.81695425
v -0.76464876 -12.94161668 3.84414890
v -0.51006357 -12.94161668 3.87431749
v -0.25603617 -12.94161668 3.90635709
v -0.00000000 -12.94161668 3.93747615
v 0.25978509 -12.94161668 3.96355459
v 0.52393247 -12.94161668 3.97966218
v 0.79180435 -12.94161668 3.98066929
v 1.06158005 -12.94161668 3.96187068
v 1.33050510 -12.94161668 3.91954164
v 1.59528311 -12.94161668 3.85135411
v 1.85255039 -12.94161668 3.75660058
v 2.09936069 -12.94161668 3.63619939
v 2.33360465 -12.94161668 3.49248617
v 2.55429764 -12.94161668 3.32882550
v 2.76168831 -12.94161668 3.14910198
v 2.95716622 -12.94161668 2.95716622
v 3.14297711 -12.94161668 2.75631695
v 3.32178332 -12.94161668 2.54889399
v 3.49613124 -12.94161668 2.33604021
v 3.66790320 -12.94161668 2.11766490
v 3.83783574 -12.94161668 1.89261114
v 4.00517886 -12.94161668 1.65899940
v 4.16755244 -12.94161668 1.41469342
v 4.32102899 -12.94161668 1.15781623
v 4.46044058 -12.94161668 0.88723680
v 4.57987556 -12.94161668 0.60295206
v 4.67330345 -12.94161668 0.30630449
v 4.74656329 -12.43410230 0.00000000
v 4.76914246 -12.43410230 -0.31258611
v 4.75310116 -12.43410230 -0.62575764
v 4.69811970 -12.43410230 -0.93451411
v 4.60594342 -12.43410230 -1.23415882
v 4.48018025 -12.43410230 -1.52081627
v 4.32588015 -12.43410230 -1.79183823
v 4.14895297 -12.43410230 -2.04603718
v 3.95550252 -12.43410230 -2.28371044
v 3.75116568 -12.43410230 -2.50644878
v 3.54054323 -12.43410230 -2.71675437
v 3.32679540 -12.43410230 -2.91752127
v 3.11145167 -12.43410230 -3.11145167
v 2.89445358 -12.43410230 -3.30049175
v 2.67441740 -12.43410230 -3.48536861
v 2.44907286 -12.43410230 -3.66529655
v 2.21581128 -12.43410230 -3.83789771
v 1.97226226 -12.43410230 -3.99935224
v 1.71681648 -12.43410230 -4.14476164
v 1.44902133 -12.43410230 -4.26867919
v 1.16979609 -12.43410230 -4.36573846
v 0.88143988 -12.43410230 -4.43129750
v 0.58743533 -12.43410230 -4.46201431
v 0.29207995 -12.43410230 -4.45627882
v 0.00000000 -12.43410230 -4.41444615
v -0.28438278 -12.43410230 -4.33884274
v -0.55735702 -12.43410230 -4.23354689
v -0.81633129 -12.43410230 -4.10397455
v -1.06009410 -12.43410230 -3.95632504
v -1.28889350 -12.43410230 -3.79695782
v -1.50433129 -12.43410230 -3.63177699
v -1.70909222 -12.43410230 -3.46569618
v -1.90655034 -12.43410230 -3.30224206
v -2.10030873 -12.43410230 -3.14333415
v -2.29373487 -12.43410230 -2.98925348
v -2.48955037 -12.43410230 -2.83878812
v -2.68952210 -12.43410230 -2.68952210
v -2.89428412 -12.43410230 -2.53821905
v -3.10329913 -12.43410230 -2.38124518
v -3.31494791 -12.43410230 -2.21497738
v -3.52671801 -12.43410230 -2.03615159
v -3.73545226 -12.43410230 -1.84212120
v -3.93761360 -12.43410230 -1.63101296
v -4.12952657 -12.43410230 -1.40178538
v -4.30756579 -12.43410230 -1.15420878
v -4.46827623 -12.43410230 -0.88879540
v -4.60842566 -12.43410230 -0.60671075
v -4.72500488 -12.43410230 -0.30969318
v -4.81520130 -12.43410230 -0.00000000
v -4.87637662 -12.43410230 0.31961461
v -4.90607768 -12.43410230 0.64589738
v -4.90210106 -12.43410230 0.97508853
v -4.86261940 -12.43410230 1.30293494
v -4.78636210 -12.43410230 1.62475100
v -4.67282784 -12.43410230 1.93554866
v -4.52249478 -12.43410230 2.23024761
v -4.33698801 -12.43410230 2.50396120
v -4.11916444 -12.43410230 2.75233769
v -3.87308351 -12.43410230 2.97192150
v -3.60384645 -12.43410230 3.16048851
v -3.31730562 -12.43410230 3.31730562
v -3.01966561 -12.43410230 3.44326871
v -2.71701623 -12.43410230 3.54088449
v -2.41485138 -12.43410230 3.61408049
v -2.11763373 -12.43410230 3.66784922
v -1.82846318 -12.43410230 3.70775654
v -1.54889560 -12.43410230 3.73936475
v -1.27894010 -12.43410230 3.76763604
v -1.01723923 -12.43410230 3.79638849
v -0.76141144 -12.43410230 3.82787379
v -0.50851204 -12.43410230 3.86253242
v -0.25555141 -12.43410230 3.89896114
v -0.00000000 -12.43410230 3.93410024
v 0.25978935 -12.43410230 3.96361960
v 0.52430023 -12.43410230 3.98245564
v 0.79275146 -12.43410230 3.98543072
v 1.06318893 -12.43410230 3.96787510
v 1.33275538 -12.43410230 3.92617075
v 1.59809685 -12.43410230 3.85814708
v 1.85584370 -12.43410230 3.76327875
v 2.10309269 -12.43410230 3.64266340
v 2.33781509 -12.43410230 3.49878754
v 2.55912634 -12.43410230 3.33511838
v 2.76737227 -12.43410230 3.15558329
v 2.96401406 -12.43410230 2.96401406
v 3.15132372 -12.43410230 2.76363673
v 3.33193129 -12.43410230 2.55668080
v 3.50828763 -12.43410230 2.34416285
v 3.68212162 -12.43410230 2.12587391
v 3.85397315 -12.43410230 1.90056923
v 4.02287484 -12.43410230 1.66632932
v 4.18623566 -12.43410230 1.42103552
v 4.33995208 -12.43410230 1.16288665
v 4.47874018 -12.43410230 0.89087681
v 4.59665117 -12.43410230 0.60516061
v 4.68770549 -12.43410230 0.30724845
v 4.75617299 -11.92658792 0.00000000
v 4.77508886 -11.92658792 -0.31297586
v 4.75519618 -11.92658792 -0.62603345
v 4.69646053 -11.92658792 -0.93418408
v 4.60089839 -11.92658792 -1.23280701
v 4.47234467 -11.92658792 -1.51815645
v 4.31600778 -11.92658792 -1.78774896
v 4.13787209 -11.92658792 -2.04057269
v 3.94402746 -11.92658792 -2.27708531
v 3.74001513 -11.92658792 -2.49899821
v 3.53027541 -11.92658792 -2.70887560
v 3.31776791 -11.92658792 -2.90960437
v 3.10380999 -11.92658792 -3.10380999
v 2.88814851 -11.92658792 -3.29330219
v 2.66924738 -11.92658792 -3.47863092
v 2.44474424 -11.92658792 -3.65881831
v 2.21200673 -11.92658792 -3.83130805
v 1.96870723 -11.92658792 -3.99214335
v 1.71333369 -11.92658792 -4.13635343
v 1.44556558 -11.92658792 -4.25849886
v 1.16646452 -11.92658792 -4.35330485
v 0.87845652 -11.92658792 -4.41629913
v 0.58511252 -11.92658792 -4.44437080
v 0.29076243 -11.92658792 -4.43617737
v 0.00000000 -11.92658792 -4.39234802
v -0.28285009 -11.92658792 -4.31545846
v -0.55422842 -11.92658792 -4.20978280
v -0.81173290 -11.92658792 -4.08085688
v -1.05435604 -11.92658792 -3.93491031
v -1.28253957 -11.92658792 -3.77823974
v -1.49804492 -11.92658792 -3.61660037
v -1.70366295 -11.92658792 -3.45468672
v -1.90280737 -11.92658792 -3.29575905
v -2.09904958 -11.92658792 -3.14144969
v -2.29565726 -11.92658792 -2.99175878
v -2.49519466 -11.92658792 -2.84522420
v -2.69922964 -11.92658792 -2.69922964
v -2.90817460 -11.92658792 -2.55040067
v -3.12126734 -11.92658792 -2.39503267
v -3.33667789 -11.92658792 -2.22949688
v -3.55171074 -11.92658792 -2.05058115
v -3.76306194 -11.92658792 -1.85573678
v -3.96708738 -11.92658792 -1.64322140
v -4.16004320 -11.92658792 -1.41214438
v -4.33827006 -11.92658792 -1.16243596
v -4.49830758 -11.92658792 -0.89476901
v -4.63694127 -11.92658792 -0.61046490
v -4.75119863 -11.92658792 -0.31141001
v -4.83832117 -11.92658792 -0.00000000
v -4.89574303 -11.92658792 0.32088395
v -4.92110468 -11.92658792 0.64787572
v -4.91232124 -11.92658792 0.97712145
v -4.86771165 -11.92658792 1.30429940
v -4.78617982 -11.92658792 1.62468913
v -4.66742386 -11.92658792 1.93331027
v -4.51213838 -11.92658792 2.22514040
v -4.32216949 -11.92658792 2.49540572
v -4.10058361 -11.92658792 2.73992237
v -3.85161998 -11.92658792 2.95545196
v -3.58051196 -11.92658792 3.14002472
v -3.29318110 -11.92658792 3.29318110
v -2.99582798 -11.92658792 3.41608710
v -2.69446206 -11.92658792 3.51149132
v -2.39442521 -11.92658792 3.58351056
v -2.09996920 -11.92658792 3.63725335
v -1.81394372 -11.92658792 3.67831398
v -1.53763943 -11.92658792 3.71218997
v -1.27081139 -11.92658792 3.74368963
v -1.01188389 -11.92658792 3.77640209
v -0.75831309 -11.92658792 3.81229735
v -0.50706090 -11.92658792 3.85150994
v -0.25511727 -11.92658792 3.89233742
v -0.00000000 -11.92658792 3.93145763
v 0.25983656 -11.92658792 3.96433990
v 0.52474042 -11.92658792 3.98579922
v 0.79378426 -11.92658792 3.99062296
v 1.06488081 -11.92658792 3.97418928
v 1.33507274 -11.92658792 3.93299748
v 1.60095282 -11.92658792 3.86504201
v 1.85915029 -11.92658792 3.76998384
v 2.10680910 -11.92658792 3.64910040
v 2.34198377 -11.92658792 3.50502641
v 2.56389014 -11.92658792 3.34132669
v 2.77296911 -11.92658792 3.16196525
v 2.97074893 -11.92658792 2.97074893
v 3.15952177 -11.92658792 2.77082623
v 3.34187851 -11.92658792 2.56431357
v 3.52016821 -11.92658792 2.35210120
v 3.69596169 -11.92658792 2.13386448
v 3.86960040 -11.92658792 1.90827574
v 4.03990130 -11.92658792 1.67338191
v 4.20406797 -11.92658792 1.42708878
v 4.35782974 -11.92658792 1.16767696
v 4.49579845 -11.92658792 0.89426991
v 4.61200134 -11.92658792 0.60718149
v 4.70052308 -11.92658792 0.30808856
v 4.76407080 -11.41907354 0.00000000
v 4.77925810 -11.41907354 -0.31324913
v 4.75550010 -11.41907354 -0.62607347
v 4.69304739 -11.41907354 -0.93350517
v 4.59418290 -11.41907354 -1.23100760
v 4.46295987 -11.41907354 -1.51497073
v 4.30473367 -11.41907354 -1.78307907
v 4.12555022 -11.41907354 -2.03449622
v 3.93147259 -11.41907354 -2.26983676
v 3.72793510 -11.41907354 -2.49092660
v 3.51920914 -11.41907354 -2.70038415
v 3.30804880 -11.41907354 -2.90108093
v 3.09555835 -11.41907354 -3.09555835
v 2.88129258 -11.41907354 -3.28548450
v 2.66356862 -11.41907354 -3.47123021
v 2.43993921 -11.41907354 -3.65162708
v 2.20775604 -11.41907354 -3.82394564
v 1.96474104 -11.41907354 -3.98410070
v 1.70948412 -11.41907354 -4.12705975
v 1.44179873 -11.41907354 -4.24740209
v 1.16288750 -11.41907354 -4.33995522
v 0.87529896 -11.41907354 -4.40042502
v 0.58268562 -11.41907354 -4.42593667
v 0.28940165 -11.41907354 -4.41541590
v 0.00000000 -11.41907354 -4.36976196
v -0.28129886 -11.41907354 -4.29179130
v -0.55109232 -11.41907354 -4.18596172
v -0.80716932 -11.41907354 -4.05791422
v -1.04872446 -11.41907354 -3.91389297
v -1.27638762 -11.41907354 -3.76011667
v -1.49207115 -11.41907354 -3.60217842
v -1.69866101 -11.41907354 -3.44454377
v -1.89959832 -11.41907354 -3.29020080
v -2.09841057 -11.41907354 -3.14049335
v -2.29825464 -11.41907354 -2.99514376
v -2.50152855 -11.41907354 -2.85244662
v -2.70959520 -11.41907354 -2.70959520
v -2.92264266 -11.41907354 -2.56308882
v -3.13968441 -11.41907354 -2.40916458
v -3.35868326 -11.41907354 -2.24420040
v -3.57676657 -11.41907354 -2.06504714
v -3.79049127 -11.41907354 -1.86926343
v -3.99611481 -11.41907354 -1.65524495
v -4.18983402 -11.41907354 -1.42225700
v -4.36796455 -11.41907354 -1.17039257
v -4.52704933 -11.41907354 -0.90048610
v -4.66389973 -11.41907354 -0.61401405
v -4.77558768 -11.41907354 -0.31300855
v -4.85941608 -11.41907354 -0.00000000
v -4.91289845 -11.41907354 0.32200838
v -4.93377549 -11.41907354 0.64954387
v -4.92008683 -11.41907354 0.97866612
v -4.87030276 -11.41907354 1.30499369
v -4.78350537 -11.41907354 1.62378127
v -4.65959383 -11.41907354 1.93006696
v -4.49947838 -11.41907354 2.21889718
v -4.30522241 -11.41907354 2.48562132
v -4.08009500 -11.41907354 2.72623232
v -3.82850535 -11.41907354 2.93771548
v -3.55580658 -11.41907354 3.11835868
v -3.26797529 -11.41907354 3.26797529
v -2.97119326 -11.41907354 3.38799658
v -2.67137528 -11.41907354 3.48140405
v -2.37369871 -11.41907354 3.55249117
v -2.08219481 -11.41907354 3.60646720
v -1.79945718 -11.41907354 3.64893819
v -1.52650964 -11.41907354 3.68532028
v -1.26285572 -11.41907354 3.72025300
v -1.00670779 -11.41907354 3.75708460
v -0.75536886 -11.41907354 3.79749570
v -0.50571831 -11.41907354 3.84131193
v -0.25473687 -11.41907354 3.88653366
v -0.00000000 -11.41907354 3.92958280
v 0.25992821 -11.41907354 3.96573820
v 0.52525474 -11.41907354 3.98970583
v 0.79490378 -11.41907354 3.99625119
v 1.06665557 -11.41907354 3.98081279
v 1.33745573 -11.41907354 3.94001753
v 1.60384825 -11.41907354 3.87203220
v 1.86246613 -11.41907354 3.77670771
v 2.11050466 -11.41907354 3.65550131
v 2.34610407 -11.41907354 3.51119288
v 2.56858075 -11.41907354 3.34743960
v 2.77846827 -11.41907354 3.16823586
v 2.97735742 -11.41907354 2.97735742
v 3.16755433 -11.41907354 2.77787059
v 3.35160404 -11.41907354 2.57177623
v 3.53174774 -11.41907354 2.35983840
v 3.70939409 -11.41907354 2.14161968
v 3.88468480 -11.41907354 1.91571454
v 4.05622340 -11.41907354 1.68014274
v 4.22101405 -11.41907354 1.43284120
v 4.37462831 -11.41907354 1.17217812
v 4.51158562 -11.41907354 0.89741018
v 4.62590252 -11.41907354 0.60901162
v 4.71174097 -11.41907354 0.30882382
v 4.77025524 -10.91155916 0.00000000
v 4.78165966 -10.91155916 -0.31340653
v 4.75403337 -10.91155916 -0.62588037
v 4.68791106 -10.91155916 -0.93248349
v 4.58583671 -10.91155916 -1.22877124
v 4.45207271 -10.91155916 -1.51127504
v 4.29210953 -10.91155916 -1.77784998
v 4.11204162 -10.91155916 -2.02783452
v 3.91789251 -10.91155916 -2.26199630
v 3.71497862 -10.91155916 -2.48226935
v 3.50739440 -10.91155916 -2.69131838
v 3.29768412 -10.91155916 -2.89199136
v 3.08673852 -10.91155916 -3.08673852
v 2.87392342 -10.91155916 -3.27708159
v 2.65741499 -10.91155916 -3.46321064
v 2.43468853 -10.91155916 -3.64376888
v 2.20308746 -10.91155916 -3.81585941
v 1.96038981 -10.91155916 -3.97527729
v 1.70529197 -10.91155916 -4.11693900
v 1.43774281 -10.91155916 -4.23545374
v 1.15908434 -10.91155916 -4.32576164
v 0.87198300 -10.91155916 -4.38375460
v 0.58016598 -10.91155916 -4.40679813
v 0.28800362 -10.91155916 -4.39408611
v 0.00000000 -10.91155916 -4.34678307
v -0.27973538 -10.91155916 -4.26793722
v -0.54796105 -10.91155916 -4.16217737
v -0.80265812 -10.91155916 -4.03523489
v -1.04322075 -10.91155916 -3.89335285
v -1.27046092 -10.91155916 -3.74265717
v -1.48643283 -10.91155916 -3.58856630
v -1.69410629 -10.91155916 -3.43530771
v -1.89693761 -10.91155916 -3.28559233
v -2.09839837 -10.91155916 -3.14047509
v -2.30152397 -10.91155916 -2.99940444
v -2.50853793 -10.91155916 -2.86043929
v -2.72059290 -10.91155916 -2.72059290
v -2.93765061 -10.91155916 -2.57625044
v -3.15850149 -10.91155916 -2.42360344
v -3.38090528 -10.91155916 -2.25904868
v -3.60181865 -10.91155916 -2.07951097
v -3.81766740 -10.91155916 -1.88266522
v -4.02461954 -10.91155916 -1.66705200
v -4.21882172 -10.91155916 -1.43209700
v -4.39657367 -10.91155916 -1.17805836
v -4.55443019 -10.91155916 -0.90593249
v -4.68923656 -10.91155916 -0.61734971
v -4.79811667 -10.91155916 -0.31448518
v -4.87844189 -10.91155916 -0.00000000
v -4.92781184 -10.91155916 0.32298585
v -4.94407364 -10.91155916 0.65089964
v -4.92539702 -10.91155916 0.97972238
v -4.87040821 -10.91155916 1.30502195
v -4.77837051 -10.91155916 1.62203822
v -4.64938525 -10.91155916 1.92583843
v -4.48457677 -10.91155916 2.21154852
v -4.28622138 -10.91155916 2.47465106
v -4.05778333 -10.91155916 2.71132414
v -3.80383147 -10.91155916 2.91878255
v -3.52982598 -10.91155916 3.09557430
v -3.24178422 -10.91155916 3.24178422
v -2.94585446 -10.91155916 3.35910322
v -2.64784284 -10.91155916 3.45073597
v -2.35275021 -10.91155916 3.52113952
v -2.06437836 -10.91155916 3.57560821
v -1.78505977 -10.91155916 3.61974313
v -1.51555055 -10.91155916 3.65886268
v -1.25510603 -10.91155916 3.69742314
v -1.00173361 -10.91155916 3.73852072
v -0.75259284 -10.91155916 3.78353971
v -0.50449169 -10.91155916 3.83199485
v -0.25441299 -10.91155916 3.88159220
v -0.00000000 -10.91155916 3.92850502
v 0.26006547 -10.91155916 3.96783236
v 0.52584429 -10.91155916 3.99418391
v 0.79611027 -10.91155916 4.00231662
v 1.06851215 -10.91155916 3.98774165
v 1.33990185 -10.91155916 3.94722357
v 1.60677928 -10.91155916 3.87910833
v 1.86578610 -10.91155916 3.78343994
v 2.11417304 -10.91155916 3.66185512
v 2.35016831 -10.91155916 3.51727543
v 2.57318880 -10.91155916 3.35344493
v 2.78385826 -10.91155916 3.17438196
v 2.98382525 -10.91155916 2.98382525
v 3.17540375 -10.91155916 2.78475435
v 3.36108638 -10.91155916 2.57905229
v 3.54300077 -10.91155916 2.36735743
v 3.72238965 -10.91155916 2.14912267
v 3.89919422 -10.91155916 1.92286980
v 4.07180738 -10.91155916 1.68659784
v 4.23704027 -10.91155916 1.43828137
v 4.39031638 -10.91155916 1.17638173
v 4.52607480 -10.91155916 0.90029225
v 4.63833452 -10.91155916 0.61064832
v 4.72134756 -10.91155916 0.30945347
v 4.77472884 -10.40404478 0.00000000
v 4.78230704 -10.40404478 -0.31344896
v 4.75082044 -10.40404478 -0.62545738
v 4.68108611 -10.40404478 -0.93112592
v 4.57590304 -10.40404478 -1.22610952
v 4.43973308 -10.40404478 -1.50708630
v 4.27818970 -10.40404478 -1.77208420
v 4.09740269 -10.40404478 -2.02061540
v 3.90334348 -10.40404478 -2.25359641
v 3.70119997 -10.40404478 -2.47306275
v 3.49488218 -10.40404478 -2.68171741
v 3.28672072 -10.40404478 -2.88237671
v 3.07739291 -10.40404478 -3.07739291
v 2.86607915 -10.40404478 -3.26813691
v 2.65082084 -10.40404478 -3.45461698
v 2.42902340 -10.40404478 -3.63529043
v 2.19802962 -10.40404478 -3.80709897
v 1.95568007 -10.40404478 -3.96572688
v 1.70078171 -10.40404478 -4.10605026
v 1.43342004 -10.40404478 -4.22271928
v 1.15507445 -10.40404478 -4.31079654
v 0.86852445 -10.40404478 -4.36636725
v 0.57756489 -10.40404478 -4.38704086
v 0.28657428 -10.40404478 -4.37227854
v 0.00000000 -10.40404478 -4.32350470
v -0.27816578 -10.40404478 -4.24398962
v -0.54484652 -10.40404478 -4.13852022
v -0.79821609 -10.40404478 -4.01290325
v -1.03786508 -10.40404478 -3.87336521
v -1.26478105 -10.40404478 -3.72592482
v -1.48115062 -10.40404478 -3.57581392
v -1.69001604 -10.40404478 -3.42701353
v -1.89483665 -10.40404478 -3.28195336
v -2.09901630 -10.40404478 -3.14139990
v -2.30545874 -10.40404478 -3.00453233
v -2.51620524 -10.40404478 -2.86918218
v -2.73219357 -10.40404478 -2.73219357
v -2.95315784 -10.40404478 -2.58984992
v -3.17766734 -10.40404478 -2.43830991
v -3.40328346 -10.40404478 -2.27400131
v -3.62679912 -10.40404478 -2.09393345
v -3.84451740 -10.40404478 -1.89590617
v -4.05252600 -10.40404478 -1.67861123
v -4.24693076 -10.40404478 -1.44163873
v -4.42402450 -10.40404478 -1.18541379
v -4.58038242 -10.40404478 -0.91109471
v -4.71289165 -10.40404478 -0.62046396
v -4.81873534 -10.40404478 -0.31583660
v -4.89536023 -10.40404478 -0.00000000
v -4.94045837 -10.40404478 0.32381475
v -4.95198922 -10.40404478 0.65194175
v -4.92825775 -10.40404478 0.98029142
v -4.86805018 -10.40404478 1.30439011
v -4.77081357 -10.40404478 1.61947298
v -4.63685180 -10.40404478 1.92064690
v -4.46750120 -10.40404478 2.20312778
v -4.26524593 -10.40404478 2.46254089
v -4.03373746 -10.40404478 2.69525720
v -3.77769346 -10.40404478 2.89872614
v -3.50266816 -10.40404478 3.07175753
v -3.21470536 -10.40404478 3.21470536
v -2.91990518 -10.40404478 3.32951373
v -2.62395150 -10.40404478 3.41960018
v -2.33165721 -10.40404478 3.48957162
v -2.04658643 -10.40404478 3.54479167
v -1.77080618 -10.40404478 3.59083971
v -1.50480486 -10.40404478 3.63292030
v -1.24759370 -10.40404478 3.67529253
v -0.99698270 -10.40404478 3.72079009
v -0.74999807 -10.40404478 3.77049492
v -0.50338777 -10.40404478 3.82360973
v -0.25414806 -10.40404478 3.87755002
v -0.00000000 -10.40404478 3.92824841
v 0.26024920 -10.40404478 3.97063544
v 0.52650961 -10.40404478 3.99923757
v 0.79740320 -10.40404478 4.00881661
v 1.07044860 -10.40404478 3.99496856
v 1.34240765 -10.40404478 3.95460540
v 1.60974103 -10.40404478 3.88625863
v 1.86910407 -10.40404478 3.79016811
v 2.11780687 -10.40404478 3.66814910
v 2.35416781 -10.40404478 3.52326111
v 2.57770403 -10.40404478 3.35932929
v 2.78912671 -10.40404478 3.18038947
v 2.99013741 -10.40404478 2.99013741
v 3.18305178 -10.40404478 2.79146149
v 3.37030370 -10.40404478 2.58612498
v 3.55390179 -10.40404478 2.37464126
v 3.73491955 -10.40404478 2.15635681
v 3.91309740 -10.40404478 1.92972608
v 4.08662085 -10.40404478 1.69273378
v 4.25211491 -10.40404478 1.44339852
v 4.40486498 -10.40404478 1.18028002
v 4.53924203 -10.40404478 0.90291138
v 4.64928054 -10.40404478 0.61208939
v 4.72933509 -10.40404478 0.30997700
v 4.77749819 -9.89653040 0.00000000
v 4.78121786 -9.89653040 -0.31337757
v 4.74588971 -9.89653040 -0.62480823
v 4.67261081 -9.89653040 -0.92944008
v 4.56442846 -9.89653040 -1.22303492
v 4.42599383 -9.89653040 -1.50242245
v 4.26303094 -9.89653040 -1.76580523
v 4.08169180 -9.89653040 -2.01286764
v 3.88788331 -9.89653040 -2.24467048
v 3.68665464 -9.89653040 -2.46334387
v 3.48172430 -9.89653040 -2.67162102
v 3.27520606 -9.89653040 -2.87227863
v 3.06756440 -9.89653040 -3.06756440
v 2.85779833 -9.89653040 -3.25869445
v 2.64382091 -9.89653040 -3.44549449
v 2.42297539 -9.89653040 -3.62623893
v 2.19261150 -9.89653040 -3.79771451
v 1.95063860 -9.89653040 -3.95550378
v 1.69597802 -9.89653040 -4.09445314
v 1.42885277 -9.89653040 -4.20926453
v 1.15087727 -9.89653040 -4.29513244
v 0.86493902 -9.89653040 -4.34834212
v 0.57489352 -9.89653040 -4.36674981
v 0.28511946 -9.89653040 -4.35008241
v 0.00000000 -9.89653040 -4.30001813
v -0.27659598 -9.89653040 -4.22003916
v -0.54176020 -9.89653040 -4.11507728
v -0.79385917 -9.89653040 -3.99099957
v -1.03267637 -9.89653040 -3.85400068
v -1.25936788 -9.89653040 -3.70997813
v -1.47624300 -9.89653040 -3.56396587
v -1.68640492 -9.89653040 -3.41969088
v -1.89330385 -9.89653040 -3.27929847
v -2.10026447 -9.89653040 -3.14326791
v -2.31004910 -9.89653040 -3.01051460
v -2.52450964 -9.89653040 -2.87865154
v -2.74436502 -9.89653040 -2.74436502
v -2.96912110 -9.89653040 -2.60384932
v -3.19712861 -9.89653040 -2.45324307
v -3.42575591 -9.89653040 -2.28901692
v -3.65163954 -9.89653040 -2.10827507
v -3.87096860 -9.89653040 -1.90895046
v -4.07975984 -9.89653040 -1.68989186
v -4.27408770 -9.89653040 -1.45085727
v -4.45024713 -9.89653040 -1.19244012
v -4.60484217 -9.89653040 -0.91596006
v -4.73480954 -9.89653040 -0.62334950
v -4.83739879 -9.89653040 -0.31705987
v -4.91013860 -9.89653040 -0.00000000
v -4.95081955 -9.89653040 0.32449386
v -4.95751893 -9.89653040 0.65266975
v -4.92868166 -9.89653040 0.98037574
v -4.86325752 -9.89653040 1.30310593
v -4.76087926 -9.89653040 1.61610074
v -4.62205313 -9.89653040 1.91451709
v -4.44832469 -9.89653040 2.19367097
v -4.24238030 -9.89653040 2.44933941
v -4.00805007 -9.89653040 2.67809344
v -3.75018934 -9.89653040 2.87762149
v -3.47443312 -9.89653040 3.04699607
v -3.18683724 -9.89653040 3.18683724
v -2.89343928 -9.89653040 3.29933516
v -2.59978759 -9.89653040 3.38810915
v -2.31049623 -9.89653040 3.45790198
v -2.02888416 -9.89653040 3.51413044
v -1.75674946 -9.89653040 3.56233550
v -1.49431360 -9.89653040 3.60759215
v -1.24034852 -9.89653040 3.65394890
v -0.99247502 -9.89653040 3.70396718
v -0.74759651 -9.89653040 3.75842144
v -0.50241254 -9.89653040 3.81620210
v -0.25394413 -9.89653040 3.87443873
v -0.00000000 -9.89653040 3.92883204
v 0.26047993 -9.89653040 3.97415582
v 0.52725071 -9.89653040 4.00486672
v 0.79878131 -9.89653040 4.01574483
v 1.07246210 -9.89653040 4.00248303
v 1.34496873 -9.89653040 3.96215011
v 1.61272770 -9.89653040 3.89346909
v 1.87241296 -9.89653040 3.79687787
v 2.12139792 -9.89653040 3.67436898
v 2.35809307 -9.89653040 3.52913567
v 2.58211536 -9.89653040 3.36507825
v 2.79426055 -9.89653040 3.18624350
v 2.99627827 -9.89653040 2.99627827
v 3.19047978 -9.89653040 2.79797567
v 3.37923400 -9.89653040 2.59297745
v 3.56442546 -9.89653040 2.38167295
v 3.74695552 -9.89653040 2.16330578
v 3.92636404 -9.89653040 1.93626847
v 4.10063291 -9.89653040 1.69853777
v 4.26620830 -9.89653040 1.44818258
v 4.41824780 -9.89653040 1.18386593
v 4.55106649 -9.89653040 0.90526341
v 4.65872734 -9.89653040 0.61333309
v 4.73569961 -9.89653040 0.31039415
v 4.77857390 -9.38901602 0.00000000
v 4.77841374 -9.38901602 -0.31319378
v 4.73927349 -9.38901602 -0.62393719
v 4.66252707 -9.38901602 -0.92743430
v 4.55146279 -9.38901602 -1.21956078
v 4.41091055 -9.38901602 -1.49730237
v 4.24669231 -9.38901602 -1.75903755
v 4.06496914 -9.38901602 -2.00462094
v 3.87157122 -9.38901602 -2.23525269
v 3.67139912 -9.38901602 -2.45315047
v 3.46797337 -9.38901602 -2.66106956
v 3.26318817 -9.38901602 -2.86173922
v 3.05729632 -9.38901602 -3.05729632
v 2.84911985 -9.38901602 -3.24879854
v 2.63645022 -9.38901602 -3.43588882
v 2.41657631 -9.38901602 -3.61666203
v 2.18686232 -9.38901602 -3.78775664
v 1.94529238 -9.38901602 -3.94466272
v 1.69090575 -9.38901602 -4.08220760
v 1.42406340 -9.38901602 -4.19515550
v 1.14651221 -9.38901602 -4.27884182
v 0.86124239 -9.38901602 -4.32975789
v 0.57216293 -9.38901602 -4.34600896
v 0.28364493 -9.38901602 -4.32758538
v 0.00000000 -9.38901602 -4.27641242
v -0.27503175 -9.38901602 -4.19617358
v -0.53871306 -9.38901602 -4.09193195
v -0.78960251 -9.38901602 -3.96959987
v -1.02767227 -9.38901602 -3.83532513
v -1.25423954 -9.38901602 -3.69487053
v -1.47172626 -9.38901602 -3.55306150
v -1.68328495 -9.38901602 -3.41336421
v -1.89234471 -9.38901602 -3.27763719
v -2.10213986 -9.38901602 -3.14607463
v -2.31528204 -9.38901602 -3.01733431
v -2.53342725 -9.38901602 -2.88882012
v -2.75707227 -9.38901602 -2.75707227
v -2.98549480 -9.38901602 -2.61820867
v -3.21683021 -9.38901602 -2.46836064
v -3.44825970 -9.38901602 -2.30405347
v -3.67627122 -9.38901602 -2.12249618
v -3.89694895 -9.38901602 -1.92176255
v -4.10624822 -9.38901602 -1.70086370
v -4.30022155 -9.38901602 -1.45972852
v -4.47517498 -9.38901602 -1.19911952
v -4.62774973 -9.38901602 -0.92051665
v -4.75493965 -9.38901602 -0.62599968
v -4.85406763 -9.38901602 -0.31815240
v -4.92275054 -9.38901602 -0.00000000
v -4.95888328 -9.38901602 0.32502238
v -4.96066606 -9.38901602 0.65308408
v -4.92668804 -9.38901602 0.97997918
v -4.85606559 -9.38901602 1.30117885
v -4.74861851 -9.38901602 1.61193878
v -4.60505464 -9.38901602 1.90747609
v -4.42712537 -9.38901602 2.18321663
v -4.21771305 -9.38901602 2.43509777
v -3.98081738 -9.38901602 2.65989713
v -3.72141976 -9.38901602 2.85554581
v -3.44522255 -9.38901602 3.02137909
v -3.15827924 -9.38901602 3.15827924
v -2.86655061 -9.38901602 3.26867450
v -2.57543672 -9.38901602 3.35637448
v -2.28934255 -9.38901602 3.42624326
v -2.01133511 -9.38901602 3.48373460
v -1.74294089 -9.38901602 3.53433449
v -1.48411598 -9.38901602 3.58297293
v -1.23339859 -9.38901602 3.63347508
v -0.98822909 -9.38901602 3.68812118
v -0.74539901 -9.38901602 3.74737387
v -0.50157126 -9.38901602 3.80981200
v -0.25380294 -9.38901602 3.87228461
v -0.00000000 -9.38901602 3.93026995
v 0.26075794 -9.38901602 3.97839733
v 0.52806702 -9.38901602 4.01106722
v 0.80024264 -9.38901602 4.02309143
v 1.07454903 -9.38901602 4.01027158
v 1.34757987 -9.38901602 3.96984229
v 1.61573262 -9.38901602 3.90072361
v 1.87570487 -9.38901602 3.80355321
v 2.12493715 -9.38901602 3.68049911
v 2.36193383 -9.38901602 3.53488379
v 2.58641108 -9.38901602 3.37067655
v 2.79924616 -9.38901602 3.19192849
v 3.00223182 -9.38901602 3.00223182
v 3.19766890 -9.38901602 2.80428036
v 3.38785533 -9.38901602 2.59959283
v 3.57454678 -9.38901602 2.38843580
v 3.75847004 -9.38901602 2.16995369
v 3.93896509 -9.38901602 1.94248262
v 4.11381442 -9.38901602 1.70399772
v 4.27929304 -9.38901602 1.45262425
v 4.43044126 -9.38901602 1.18713316
v 4.56153062 -9.38901602 0.90734486
v 4.66666533 -9.38901602 0.61437815
v 4.74044111 -9.38901602 0.31070493
v 4.77797066 -8.88150164 0.00000000
v 4.77392035 -8.88150164 -0.31289927
v 4.73100790 -8.88150164 -0.62284901
v 4.65088027 -8.88150164 -0.92511761
v 4.53705893 -8.88150164 -1.21570128
v 4.39454149 -8.88150164 -1.49174583
v 4.22923506 -8.88150164 -1.75180652
v 4.04729660 -8.88150164 -1.99590580
v 3.85446767 -8.88150164 -2.22537795
v 3.65549083 -8.88150164 -2.44252089
v 3.45368258 -8.88150164 -2.65010385
v 3.25071548 -8.88150164 -2.85080096
v 3.04663227 -8.88150164 -3.04663227
v 2.84008284 -8.88150164 -3.23849380
v 2.62874402 -8.88150164 -3.42584590
v 2.40985820 -8.88150164 -3.60660767
v 2.18081148 -8.88150164 -3.77727628
v 1.93966855 -8.88150164 -3.93325873
v 1.68558981 -8.88150164 -4.06937379
v 1.41907435 -8.88150164 -4.18045823
v 1.14199862 -8.88150164 -4.26199685
v 0.85745006 -8.88150164 -4.31069257
v 0.56938403 -8.88150164 -4.32490110
v 0.28215630 -8.88150164 -4.30487331
v 0.00000000 -8.88150164 -4.25277419
v -0.27347862 -8.88150164 -4.17247748
v -0.53571558 -8.88150164 -4.06916383
v -0.78546035 -8.88150164 -3.94877584
v -1.02286915 -8.88150164 -3.81739964
v -1.24941244 -8.88150164 -3.68065035
v -1.46761454 -8.88150164 -3.54313492
v -1.68066564 -8.88150164 -3.40805278
v -1.89196192 -8.88150164 -3.27697417
v -2.10463649 -8.88150164 -3.14981109
v -2.32114155 -8.88150164 -3.02497057
v -2.54293131 -8.88150164 -2.89965742
v -2.77027779 -8.88150164 -2.77027779
v -3.00223127 -8.88150164 -2.63288616
v -3.23671561 -8.88150164 -2.48361924
v -3.47073117 -8.88150164 -2.31906842
v -3.70062559 -8.88150164 -2.13655718
v -3.92238741 -8.88150164 -1.93430741
v -4.13192020 -8.88150164 -1.71149739
v -4.32526407 -8.88150164 -1.46822931
v -4.49874509 -8.88150164 -1.20543511
v -4.64904977 -8.88150164 -0.92475350
v -4.77323651 -8.88150164 -0.62840851
v -4.86870813 -8.88150164 -0.31911199
v -4.93317574 -8.88150164 -0.00000000
v -4.96464391 -8.88150164 0.32539995
v -4.96144053 -8.88150164 0.65318604
v -4.92230277 -8.88150164 0.97910690
v -4.84651613 -8.88150164 1.29862008
v -4.73408828 -8.88150164 1.60700643
v -4.58592724 -8.88150164 1.89955326
v -4.40398622 -8.88150164 2.17180566
v -4.19133681 -8.88150164 2.41986944
v -3.95213874 -8.88150164 2.64073468
v -3.69148760 -8.88150164 2.83257806
v -3.41513949 -8.88150164 2.99499695
v -3.12913116 -8.88150164 3.12913116
v -2.83933272 -8.88150164 3.23763846
v -2.55098358 -8.88150164 3.32450653
v -2.26827002 -8.88150164 3.39470598
v -1.99400109 -8.88150164 3.45371119
v -1.72942983 -8.88150164 3.50693678
v -1.47424935 -8.88150164 3.55915277
v -1.22677032 -8.88150164 3.61394882
v -0.98426202 -8.88150164 3.67331585
v -0.74341534 -8.88150164 3.73740129
v -0.50086850 -8.88150164 3.80447399
v -0.25372587 -8.88150164 3.87110871
v -0.00000000 -8.88150164 3.93257133
v 0.26108317 -8.88150164 3.98335937
v 0.52895749 -8.88150164 4.01783101
v 0.80178457 -8.88150164 4.03084322
v 1.07670504 -8.88150164 4.01831792
v 1.35023506 -8.88150164 3.97766423
v 1.61874835 -8.88150164 3.90800423
v 1.87897116 -8.88150164 3.81017660
v 2.12841483 -8.88150164 3.68652263
v 2.36567925 -8.88150164 3.54048919
v 2.59057893 -8.88150164 3.37610819
v 2.80406949 -8.88150164 3.19742845
v 3.00798177 -8.88150164 3.00798177
v 3.20460018 -8.88150164 2.81035893
v 3.39614590 -8.88150164 2.60595440
v 3.58424127 -8.88150164 2.39491345
v 3.76943651 -8.88150164 2.17628518
v 3.95087286 -8.88150164 1.94835488
v 4.12613810 -8.88150164 1.70910236
v 4.29134414 -8.88150164 1.45671505
v 4.44142472 -8.88150164 1.19007617
v 4.57062020 -8.88150164 0.90915288
v 4.67308862 -8.88150164 0.61522379
v 4.74356352 -8.88150164 0.31090958
v 4.77570715 -8.37398726 0.00000000
v 4.76776728 -8.37398726 -0.31249598
v 4.72113279 -8.37398726 -0.62154892
v 4.63771922 -8.37398726 -0.92249971
v 4.52127277 -8.37398726 -1.21147139
v 4.37694741 -8.37398726 -1.48577344
v 4.21072240 -8.37398726 -1.74413832
v 4.02873758 -8.37398726 -1.98675351
v 3.83663425 -8.37398726 -2.21508181
v 3.63898793 -8.37398726 -2.43149400
v 3.43890566 -8.37398726 -2.63876512
v 3.23783675 -8.37398726 -2.83950662
v 3.03561608 -8.37398726 -3.03561608
v 2.83072657 -8.37398726 -3.22782502
v 2.62073767 -8.37398726 -3.41541182
v 2.40285320 -8.37398726 -3.59612395
v 2.17448848 -8.37398726 -3.76632453
v 1.93379432 -8.37398726 -3.92134696
v 1.68005513 -8.37398726 -4.05601189
v 1.41390798 -8.37398726 -4.16523859
v 1.13735571 -8.37398726 -4.24466928
v 0.85357739 -8.37398726 -4.29122330
v 0.56656753 -8.37398726 -4.30350764
v 0.28065908 -8.37398726 -4.28203006
v 0.00000000 -8.37398726 -4.22918741
v -0.27194194 -8.37398726 -4.14903217
v -0.53277773 -8.37398726 -4.04684865
v -0.78144608 -8.37398726 -3.92859473
v -1.01828208 -8.37398726 -3.80028047
v -1.24490126 -8.37398726 -3.66736084
v -1.46391984 -8.37398726 -3.53421513
v -1.67855403 -8.37398726 -3.40377086
v -1.89215542 -8.37398726 -3.27730932
v -2.10774549 -8.37398726 -3.15446405
v -2.32760880 -8.37398726 -3.03339884
v -2.55299245 -8.37398726 -2.91112996
v -2.78394181 -8.37398726 -2.78394181
v -3.01928111 -8.37398726 -2.64783846
v -3.25672712 -8.37398726 -2.49897461
v -3.49310630 -8.37398726 -2.33401901
v -3.72463453 -8.37398726 -2.15041875
v -3.94721423 -8.37398726 -1.94655064
v -4.15670705 -8.37398726 -1.72176444
v -4.34915012 -8.37398726 -1.47633753
v -4.52089839 -8.37398726 -1.21137107
v -4.66869164 -8.37398726 -0.92866051
v -4.78965993 -8.37398726 -0.63057069
v -4.88129240 -8.37398726 -0.31993681
v -4.94140008 -8.37398726 -0.00000000
v -4.96810227 -8.37398726 0.32562663
v -4.95985880 -8.37398726 0.65297780
v -4.91555821 -8.37398726 0.97776532
v -4.83465715 -8.37398726 1.29544248
v -4.71735138 -8.37398726 1.60132502
v -4.56474709 -8.37398726 1.89078015
v -4.37899479 -8.37398726 2.15948125
v -4.16334795 -8.37398726 2.40371006
v -3.92211641 -8.37398726 2.62067440
v -3.66049771 -8.37398726 2.80879868
v -3.38428798 -8.37398726 2.96794090
v -3.09949303 -8.37398726 3.09949303
v -2.81187862 -8.37398726 3.20633305
v -2.52651167 -8.37398726 3.29261411
v -2.24735083 -8.37398726 3.36339821
v -1.97694199 -8.37398726 3.42416397
v -1.71626366 -8.37398726 3.48023842
v -1.46474908 -8.37398726 3.53621709
v -1.22048834 -8.37398726 3.59544270
v -0.98058941 -8.37398726 3.65960951
v -0.74165416 -8.37398726 3.72854723
v -0.50030808 -8.37398726 3.80021718
v -0.25371395 -8.37398726 3.87092689
v -0.00000000 -8.37398726 3.93574057
v 0.26145531 -8.37398726 3.98903710
v 0.52992057 -8.37398726 4.02514635
v 0.80340384 -8.37398726 4.03898385
v 1.07892506 -8.37398726 4.02660314
v 1.35292756 -8.37398726 3.98559608
v 1.62176675 -8.37398726 3.91529129
v 1.88220254 -8.37398726 3.81672919
v 2.13182065 -8.37398726 3.69242169
v 2.36931793 -8.37398726 3.54593487
v 2.59460625 -8.37398726 3.38135670
v 2.80871622 -8.37398726 3.20272702
v 3.01351169 -8.37398726 3.01351169
v 3.21125477 -8.37398726 2.81619485
v 3.40408429 -8.37398726 2.61204575
v 3.59348516 -8.37398726 2.40109002
v 3.77982943 -8.37398726 2.18228554
v 3.96206124 -8.37398726 1.95387238
v 4.13757877 -8.37398726 1.71384124
v 4.30233917 -8.37398726 1.46044736
v 4.45118057 -8.37398726 1.19269024
v 4.57832445 -8.37398726 0.91068536
v 4.67799508 -8.37398726 0.61586974
v 4.74507474 -8.37398726 0.31100863
v 4.77180608 -7.86647288 0.00000000
v 4.75998798 -7.86647288 -0.31198610
v 4.70969163 -7.86647288 -0.62004267
v 4.62309598 -7.86647288 -0.91959097
v 4.50416301 -7.86647288 -1.20688684
v 4.35819136 -7.86647288 -1.47940662
v 4.19121939 -7.86647288 -1.73605991
v 4.00935687 -7.86647288 -1.97719600
v 3.81813347 -7.86647288 -2.20440039
v 3.62194919 -7.86647288 -2.42010907
v 3.42369666 -7.86647288 -2.62709484
v 3.22460093 -7.86647288 -2.82789912
v 3.02429166 -7.86647288 -3.02429166
v 2.82109038 -7.86647288 -3.21683705
v 2.61246658 -7.86647288 -3.40463273
v 2.39559349 -7.86647288 -3.58525903
v 2.16792286 -7.86647288 -3.75495254
v 1.92769688 -7.86647288 -3.90898258
v 1.67432660 -7.86647288 -4.04218198
v 1.40858654 -7.86647288 -4.14956213
v 1.13260253 -7.86647288 -4.22693019
v 0.84963949 -7.86647288 -4.27142614
v 0.56372394 -7.86647288 -4.28190841
v 0.27915861 -7.86647288 -4.25913735
v 0.00000000 -7.86647288 -4.20573326
v -0.27042679 -7.86647288 -4.12591554
v -0.52990895 -7.86647288 -4.02505810
v -0.77757217 -7.86647288 -3.90911929
v -1.01392483 -7.86647288 -3.78401898
v -1.24071896 -7.86647288 -3.65504019
v -1.46065206 -7.86647288 -3.52632602
v -1.67695473 -7.86647288 -3.40052780
v -1.89292254 -7.86647288 -3.27863802
v -2.11145533 -7.86647288 -3.16001621
v -2.33466231 -7.86647288 -3.04259116
v -2.56357890 -7.86647288 -2.92320148
v -2.79802249 -7.86647288 -2.79802249
v -3.03659339 -7.86647288 -2.66302093
v -3.27680627 -7.86647288 -2.51438189
v -3.51532102 -7.86647288 -2.34886241
v -3.74823069 -7.86647288 -2.16404200
v -3.97136135 -7.86647288 -1.95845868
v -4.18054255 -7.86647288 -1.73163742
v -4.37181792 -7.86647288 -1.48403221
v -4.54157995 -7.86647288 -1.21691268
v -4.68662949 -7.86647288 -0.93222857
v -4.80417515 -7.86647288 -0.63248166
v -4.89179846 -7.86647288 -0.32062541
v -4.94741572 -7.86647288 -0.00000000
v -4.96926562 -7.86647288 0.32570288
v -4.95594381 -7.86647288 0.65246238
v -4.90649308 -7.86647288 0.97596215
v -4.82054269 -7.86647288 1.29166052
v -4.69847616 -7.86647288 1.59491774
v -4.54159533 -7.86647288 1.88119038
v -4.35224284 -7.86647288 2.14628865
v -4.13384625 -7.86647288 2.38667724
v -3.89085511 -7.86647288 2.59978627
v -3.62855651 -7.86647288 2.78428933
v -3.35277279 -7.86647288 2.94030283
v -3.06946473 -7.86647288 3.06946473
v -2.78428043 -7.86647288 3.17486334
v -2.50210306 -7.86647288 3.26080419
v -2.22665539 -7.86647288 3.33242529
v -1.96021565 -7.86647288 3.39519310
v -1.70348760 -7.86647288 3.45433115
v -1.45564854 -7.86647288 3.51424644
v -1.21457548 -7.86647288 3.57802399
v -0.97722542 -7.86647288 3.64705493
v -0.74012301 -7.86647288 3.72084966
v -0.49989313 -7.86647288 3.79706532
v -0.25376790 -7.86647288 3.87174996
v -0.00000000 -7.86647288 3.93977747
v 0.26187377 -7.86647288 3.99542158
v 0.53095426 -7.86647288 4.03299798
v 0.80509662 -7.86647288 4.04749403
v 1.08120338 -7.86647288 4.03510596
v 1.35564999 -7.86647288 3.99361609
v 1.62477907 -7.86647288 3.92256367
v 1.88538917 -7.86647288 3.82319103
v 2.13514383 -7.86647288 3.69817760
v 2.37283814 -7.86647288 3.55120323
v 2.59848010 -7.86647288 3.38640520
v 2.81317188 -7.86647288 3.20780773
v 3.01880521 -7.86647288 3.01880521
v 3.21761409 -7.86647288 2.82177183
v 3.41164963 -7.86647288 2.61785084
v 3.60225557 -7.86647288 2.40695022
v 3.78962461 -7.86647288 2.18794079
v 3.97250585 -7.86647288 1.95902309
v 4.14811342 -7.86647288 1.71820484
v 4.31225840 -7.86647288 1.46381448
v 4.45969433 -7.86647288 1.19497149
v 4.58463613 -7.86647288 0.91194083
v 4.68138640 -7.86647288 0.61631621
v 4.74498663 -7.86647288 0.31100285
v 4.76629408 -7.35895850 0.00000000
v 4.75061973 -7.35895850 -0.31137207
v 4.69673140 -7.35895850 -0.61833642
v 4.60706572 -7.35895850 -0.91640235
v 4.48579101 -7.35895850 -1.20196408
v 4.33833858 -7.35895850 -1.47266751
v 4.17079276 -7.35895850 -1.72759893
v 3.98922043 -7.35895850 -1.96726581
v 3.79902867 -7.35895850 -2.19337023
v 3.60443387 -7.35895850 -2.40840571
v 3.40810990 -7.35895850 -2.61513470
v 3.21105708 -7.35895850 -2.81602148
v 3.01270293 -7.35895850 -3.01270293
v 2.81121358 -7.35895850 -3.20557472
v 2.60396614 -7.35895850 -3.39355474
v 2.38811123 -7.35895850 -3.57406103
v 2.16114410 -7.35895850 -3.74321139
v 1.92140337 -7.35895850 -3.89622060
v 1.66842897 -7.35895850 -4.02794385
v 1.40313211 -7.35895850 -4.13349390
v 1.12775792 -7.35895850 -4.20884984
v 0.84565125 -7.35895850 -4.25137592
v 0.56086353 -7.35895850 -4.26018145
v 0.27766010 -7.35895850 -4.23627453
v 0.00000000 -7.35895850 -4.18248997
v -0.26893806 -7.35895850 -4.10320193
v -0.52711814 -7.35895850 -4.00385979
v -0.77385020 -7.35895850 -3.89040769
v -1.00980986 -7.35895850 -3.76866171
v -1.23687681 -7.35895850 -3.64372158
v -1.45781905 -7.35895850 -3.51948653
v -1.67587001 -7.35895850 -3.39832820
v -1.89425809 -7.35895850 -3.28095125
v -2.11575188 -7.35895850 -3.16644646
v -2.34227817 -7.35895850 -3.05251634
v -2.57465669 -7.35895850 -2.93583328
v -2.81247630 -7.35895850 -2.81247630
v -3.05411604 -7.35895850 -2.67838789
v -3.29689409 -7.35895850 -2.52979581
v -3.53731154 -7.35895850 -2.36355601
v -3.77134786 -7.35895850 -2.17738870
v -3.99476266 -7.35895850 -1.96999893
v -4.20336331 -7.35895850 -1.74109009
v -4.39320931 -7.35895850 -1.49129361
v -4.56073922 -7.35895850 -1.22204639
v -4.70282254 -7.35895850 -0.93544956
v -4.81675303 -7.35895850 -0.63413757
v -4.90021036 -7.35895850 -0.32117676
v -4.95122111 -7.35895850 -0.00000000
v -4.96814765 -7.35895850 0.32562960
v -4.94972491 -7.35895850 0.65164365
v -4.89515229 -7.35895850 0.97370633
v -4.80423264 -7.35895850 1.28729026
v -4.67753637 -7.35895850 1.58780964
v -4.51655781 -7.35895850 1.87081950
v -4.32382608 -7.35895850 2.13227506
v -4.10293455 -7.35895850 2.36883037
v -3.85846176 -7.35895850 2.57814173
v -3.59577167 -7.35895850 2.75913265
v -3.32069907 -7.35895850 2.91217492
v -3.03914572 -7.35895850 3.03914572
v -2.75662920 -7.35895850 3.14333317
v -2.47783822 -7.35895850 3.22918164
v -2.20625208 -7.35895850 3.30188957
v -1.94387772 -7.35895850 3.36689498
v -1.69114471 -7.35895850 3.42930223
v -1.44697900 -7.35895850 3.49331634
v -1.20905276 -7.35895850 3.56175458
v -0.97418271 -7.35895850 3.63569936
v -0.73882837 -7.35895850 3.71434107
v -0.49962608 -7.35895850 3.79503682
v -0.25388809 -7.35895850 3.87358377
v -0.00000000 -7.35895850 3.94467736
v 0.26233771 -7.35895850 4.00249994
v 0.53205610 -7.35895850 4.04136731
v 0.80685853 -7.35895850 4.05635174
v 1.08353371 -7.35895850 4.04380287
v 1.35839439 -7.35895850 4.00170084
v 1.62777603 -7.35895850 3.92979896
v 1.88852073 -7.35895850 3.82954121
v 2.13837322 -7.35895850 3.70377106
v 2.37622785 -7.35895850 3.55627629
v 2.60218741 -7.35895850 3.39123666
v 2.81742200 -7.35895850 3.21265406
v 3.02384612 -7.35895850 3.02384612
v 3.22365994 -7.35895850 2.82707390
v 3.41882173 -7.35895850 2.62335418
v 3.61053063 -7.35895850 2.41247944
v 3.79879926 -7.35895850 2.19323777
v 3.98218420 -7.35895850 1.96379592
v 4.15772143 -7.35895850 1.72218460
v 4.32108489 -7.35895850 1.46681067
v 4.46695476 -7.35895850 1.19691692
v 4.58955159 -7.35895850 0.91291857
v 4.68326811 -7.35895850 0.61656394
v 4.74331503 -7.35895850 0.31089329
v 4.75920168 -6.85144412 0.00000000
v 4.73970346 -6.85144412 -0.31065658
v 4.68230247 -6.85144412 -0.61643681
v 4.58968659 -6.85144412 -0.91294543
v 4.46622062 -6.85144412 -1.19672021
v 4.31745631 -6.85144412 -1.46557893
v 4.14951073 -6.85144412 -1.71878362
v 3.96839530 -6.85144412 -1.95699599
v 3.77938384 -6.85144412 -2.18202828
v 3.58650158 -6.85144412 -2.39642374
v 3.39219981 -6.85144412 -2.60292646
v 3.19725420 -6.85144412 -2.80391668
v 3.00089372 -6.85144412 -3.00089372
v 2.80113535 -6.85144412 -3.19408270
v 2.59527159 -6.85144412 -3.38222378
v 2.38043846 -6.85144412 -3.56257791
v 2.15418158 -6.85144412 -3.73115194
v 1.91494079 -6.85144412 -3.88311578
v 1.66238685 -6.85144412 -4.01335688
v 1.39756655 -6.85144412 -4.11709828
v 1.12284043 -6.85144412 -4.19049752
v 0.84162728 -6.85144412 -4.23114605
v 0.55799633 -6.85144412 -4.23840292
v 0.27616859 -6.85144412 -4.21351848
v 0.00000000 -6.85144412 -4.15953265
v -0.26748038 -6.85144412 -4.08096198
v -0.52441365 -6.85144412 -3.98331714
v -0.77029084 -6.85144412 -3.87251358
v -1.00594835 -6.85144412 -3.75425034
v -1.23338441 -6.85144412 -3.63343329
v -1.45542666 -6.85144412 -3.51371078
v -1.67529988 -6.85144412 -3.39717210
v -1.89615448 -6.85144412 -3.28423590
v -2.12061864 -6.85144412 -3.17373008
v -2.35043021 -6.85144412 -3.06314029
v -2.58618992 -6.85144412 -2.94898442
v -2.82725818 -6.85144412 -2.82725818
v -3.07179609 -6.85144412 -2.69389287
v -3.31693141 -6.85144412 -2.54517099
v -3.55901465 -6.85144412 -2.37805756
v -3.79392122 -6.85144412 -2.19042143
v -4.01735430 -6.85144412 -1.98113990
v -4.22510902 -6.85144412 -1.75009746
v -4.41327000 -6.85144412 -1.49810330
v -4.57833023 -6.85144412 -1.22675989
v -4.71723518 -6.85144412 -0.93831642
v -4.82737007 -6.85144412 -0.63553533
v -4.90651818 -6.85144412 -0.32159019
v -4.95282099 -6.85144412 -0.00000000
v -4.96476842 -6.85144412 0.32540811
v -4.94123771 -6.85144412 0.65052629
v -4.88158678 -6.85144412 0.97100798
v -4.78579252 -6.85144412 1.28234924
v -4.65461079 -6.85144412 1.58002746
v -4.48972476 -6.85144412 1.85970489
v -4.29384383 -6.85144412 2.11748944
v -4.07071844 -6.85144412 2.35023039
v -3.82504511 -6.85144412 2.55581343
v -3.56225181 -6.85144412 2.73341195
v -3.28817201 -6.85144412 2.88364945
v -3.00863476 -6.85144412 3.00863476
v -2.72901465 -6.85144412 3.11184480
v -2.45379575 -6.85144412 3.19784888
v -2.18620712 -6.85144412 3.27189018
v -1.92798155 -6.85144412 3.33936199
v -1.67927571 -6.85144412 3.40523428
v -1.43876964 -6.85144412 3.47349717
v -1.20393935 -6.85144412 3.54669095
v -0.97147244 -6.85144412 3.62558451
v -0.73777561 -6.85144412 3.70904845
v -0.49950865 -6.85144412 3.79414491
v -0.25407461 -6.85144412 3.87642941
v -0.00000000 -6.85144412 3.95043127
v 0.26284604 -6.85144412 4.01025563
v 0.53322324 -6.85144412 4.05023264
v 0.80868469 -6.85144412 4.06553246
v 1.08590923 -6.85144412 4.05266843
v 1.36115231 -6.85144412 4.00982539
v 1.63074789 -6.85144412 3.93697367
v 1.89158656 -6.85144412 3.83575810
v 2.14149739 -6.85144412 3.70918228
v 2.37947489 -6.85144412 3.56113583
v 2.60571506 -6.85144412 3.39583398
v 2.82145223 -6.85144412 3.21724966
v 3.02861853 -6.85144412 3.02861853
v 3.22937468 -6.85144412 2.83208558
v 3.42558122 -6.85144412 2.62854092
v 3.61828967 -6.85144412 2.41766386
v 3.80733219 -6.85144412 2.19816427
v 3.99107581 -6.85144412 1.96818078
v 4.16638461 -6.85144412 1.72577301
v 4.32880465 -6.85144412 1.46943117
v 4.47295395 -6.85144412 1.19852440
v 4.59307080 -6.85144412 0.91361859
v 4.68364955 -6.85144412 0.61661416
v 4.74007969 -6.85144412 0.31068124
v 4.75056317 -6.34392974 0.00000000
v 4.72728371 -6.34392974 -0.30984254
v 4.66645844 -6.34392974 -0.61435091
v 4.57101957 -6.34392974 -0.90923232
v 4.44551805 -6.34392974 -1.19117297
v 4.29561360 -6.34392974 -1.45816433
v 4.12744285 -6.34392974 -1.70964281
v 3.94694936 -6.34392974 -1.94642002
v 3.75926344 -6.34392974 -2.17041176
v 3.56821211 -6.34392974 -2.38420311
v 3.37602082 -6.34392974 -2.59051189
v 3.18324119 -6.34392974 -2.79162760
v 2.98890768 -6.34392974 -2.98890768
v 2.79089466 -6.34392974 -3.18240544
v 2.58641800 -6.34392974 -3.37068556
v 2.37260702 -6.34392974 -3.55085733
v 2.14706448 -6.34392974 -3.71882477
v 1.90833593 -6.34392974 -3.86972245
v 1.65622460 -6.34392974 -3.99847988
v 1.39191145 -6.34392974 -4.10043889
v 1.11786832 -6.34392974 -4.17194137
v 0.83758186 -6.34392974 -4.21080838
v 0.55513209 -6.34392974 -4.21664687
v 0.27468894 -6.34392974 -4.19094340
v 0.00000000 -6.34392974 -4.13693322
v -0.26605813 -6.34392974 -4.05926261
v -0.52180327 -6.34392974 -3.96348934
v -0.76690385 -6.34392974 -3.85548599
v -1.00235018 -6.34392974 -3.74082178
v -1.23024970 -6.34392974 -3.62419874
v -1.45347877 -6.34392974 -3.50900817
v -1.67524220 -6.34392974 -3.39705514
v -1.89860185 -6.34392974 -3.28847487
v -2.12603687 -6.34392974 -3.18183903
v -2.35909023 -6.34392974 -3.07442624
v -2.59814100 -6.34392974 -2.96261201
v -2.84232187 -6.34392974 -2.84232187
v -3.08957993 -6.34392974 -2.70948888
v -3.33685916 -6.34392974 -2.56046209
v -3.58036804 -6.34392974 -2.39232544
v -3.81588767 -6.34392974 -2.20310378
v -4.03907500 -6.34392974 -1.99185136
v -4.24572273 -6.34392974 -1.75863594
v -4.43194980 -6.34392974 -1.50444424
v -4.59431178 -6.34392974 -1.23104213
v -4.72983713 -6.34392974 -0.94082310
v -4.83600859 -6.34392974 -0.63667261
v -4.91071809 -6.34392974 -0.32186547
v -4.95222633 -6.34392974 -0.00000000
v -4.95915425 -6.34392974 0.32504014
v -4.93052396 -6.34392974 0.64911579
v -4.86585334 -6.34392974 0.96787841
v -4.76529324 -6.34392974 1.27685648
v -4.62978303 -6.34392974 1.57159957
v -4.46119049 -6.34392974 1.84788560
v -4.26239866 -6.34392974 2.10198240
v -4.03730591 -6.34392974 2.33093965
v -3.79071538 -6.34392974 2.53287504
v -3.52810614 -6.34392974 2.70721106
v -3.25529658 -6.34392974 2.85481848
v -2.97802964 -6.34392974 2.97802964
v -2.70152487 -6.34392974 3.08049872
v -2.43005224 -6.34392974 3.16690574
v -2.16658445 -6.34392974 3.24252277
v -1.91257805 -6.34392974 3.31268235
v -1.66791900 -6.34392974 3.38220515
v -1.43104743 -6.34392974 3.45485412
v -1.19925255 -6.34392974 3.53288407
v -0.96910432 -6.34392974 3.61674656
v -0.73696901 -6.34392974 3.70499342
v -0.49954194 -6.34392974 3.79439774
v -0.25432720 -6.34392974 3.88028328
v -0.00000000 -6.34392974 3.95702615
v 0.26339746 -6.34392974 4.01866859
v 0.53445245 -6.34392974 4.05956940
v 0.81056976 -6.34392974 4.07500935
v 1.08832265 -6.34392974 4.06167544
v 1.36391484 -6.34392974 4.01796354
v 1.63368457 -6.34392974 3.94406345
v 1.89457574 -6.34392974 3.84181956
v 2.14450477 -6.34392974 3.71439121
v 2.38256704 -6.34392974 3.56576357
v 2.60905004 -6.34392974 3.40018021
v 2.82524850 -6.34392974 3.22157847
v 3.03310699 -6.34392974 3.03310699
v 3.23474135 -6.34392974 2.83679202
v 3.43190974 -6.34392974 2.63339697
v 3.62551334 -6.34392974 2.42249056
v 3.81520395 -6.34392974 2.20270903
v 3.99916236 -6.34392974 1.97216863
v 4.17408741 -6.34392974 1.72896362
v 4.33540667 -6.34392974 1.47167226
v 4.47768734 -6.34392974 1.19979271
v 4.59519737 -6.34392974 0.91404159
v 4.68254394 -6.34392974 0.61646860
v 4.73530425 -6.34392974 0.31036824
v 4.74041658 -5.83641536 0.00000000
v 4.71340846 -5.83641536 -0.30893311
v 4.64925601 -5.83641536 -0.61208617
v 4.55112826 -5.83641536 -0.90527570
v 4.42375163 -5.83641536 -1.18534068
v 4.27288113 -5.83641536 -1.45044770
v 4.10465981 -5.83641536 -1.70020576
v 3.92495122 -5.83641536 -1.93557174
v 3.73873229 -5.83641536 -2.15855810
v 3.54962534 -5.83641536 -2.37178382
v 3.35962724 -5.83641536 -2.57793265
v 3.16906669 -5.83641536 -2.77919690
v 2.97678815 -5.83641536 -2.97678815
v 2.78053022 -5.83641536 -3.17058705
v 2.57744015 -5.83641536 -3.35898540
v 2.36464852 -5.83641536 -3.53894660
v 2.13982176 -5.83641536 -3.70628002
v 1.90161534 -5.83641536 -3.85609445
v 1.64996629 -5.83641536 -3.98337100
v 1.38618807 -5.83641536 -4.08357838
v 1.11285951 -5.83641536 -4.15324824
v 0.83352895 -5.83641536 -4.19043301
v 0.55228027 -5.83641536 -4.19498511
v 0.27322584 -5.83641536 -4.16862075
v 0.00000000 -5.83641536 -4.11476029
v -0.26467544 -5.83641536 -4.03816690
v -0.51929424 -5.83641536 -3.94443134
v -0.76369805 -5.83641536 -3.83936938
v -0.99902396 -5.83641536 -3.72840819
v -1.22747903 -5.83641536 -3.61603663
v -1.45197740 -5.83641536 -3.50538354
v -1.67569275 -5.83641536 -3.39796876
v -1.90158821 -5.83641536 -3.29364740
v -2.13198574 -5.83641536 -3.19074215
v -2.36822815 -5.83641536 -3.08633502
v -2.61047084 -5.83641536 -2.97667150
v -2.85762015 -5.83641536 -2.85762015
v -3.10741367 -5.83641536 -2.72512865
v -3.35661868 -5.83641536 -2.57562410
v -3.60131059 -5.83641536 -2.40631881
v -3.83718614 -5.83641536 -2.21540045
v -4.05986624 -5.83641536 -2.00210447
v -4.26515106 -5.83641536 -1.76668342
v -4.44920282 -5.83641536 -1.51030085
v -4.60864757 -5.83641536 -1.23488339
v -4.74060356 -5.83641536 -0.94296468
v -4.84265670 -5.83641536 -0.63754785
v -4.91281236 -5.83641536 -0.32200273
v -4.94945433 -5.83641536 -0.00000000
v -4.95133763 -5.83641536 0.32452781
v -4.91763139 -5.83641536 0.64741845
v -4.84801438 -5.83641536 0.96433002
v -4.74281086 -5.83641536 1.27083234
v -4.60314120 -5.83641536 1.56255588
v -4.43105309 -5.83641536 1.83540228
v -4.22959609 -5.83641536 2.08580597
v -4.00280697 -5.83641536 2.31102168
v -3.75558395 -5.83641536 2.50940097
v -3.49344412 -5.83641536 2.68061396
v -3.22217722 -5.83641536 2.82577358
v -2.94742690 -5.83641536 2.94742690
v -2.67424618 -5.83641536 3.04939334
v -2.40668205 -5.83641536 3.13644911
v -2.14744551 -5.83641536 3.21387933
v -1.89771564 -5.83641536 3.28693991
v -1.65711054 -5.83641536 3.36028776
v -1.42383720 -5.83641536 3.43744707
v -1.19500781 -5.83641536 3.52037947
v -0.96708656 -5.83641536 3.60921619
v -0.73641184 -5.83641536 3.70219232
v -0.49972635 -5.83641536 3.79579849
v -0.25464536 -5.83641536 3.88513735
v -0.00000000 -5.83641536 3.96444504
v 0.26399042 -5.83641536 4.02771548
v 0.53574014 -5.83641536 4.06935036
v 0.81250800 -5.83641536 4.08475353
v 1.09076628 -5.83641536 4.07079519
v 1.36667274 -5.83641536 4.02608806
v 1.63657572 -5.83641536 3.95104329
v 1.89747716 -5.83641536 3.84770306
v 2.14738372 -5.83641536 3.71937771
v 2.38549218 -5.83641536 3.57014134
v 2.61217955 -5.83641536 3.40425867
v 2.82879708 -5.83641536 3.22562486
v 3.03729664 -5.83641536 3.03729664
v 3.23974382 -5.83641536 2.84117908
v 3.43779005 -5.83641536 2.63790908
v 3.63218377 -5.83641536 2.42694760
v 3.82239693 -5.83641536 2.20686190
v 4.00642780 -5.83641536 1.97575155
v 4.18081693 -5.83641536 1.73175108
v 4.34088302 -5.83641536 1.47353123
v 4.48115379 -5.83641536 1.20072154
v 4.59593862 -5.83641536 0.91418903
v 4.67996827 -5.83641536 0.61612951
v 4.72901616 -5.83641536 0.30995609
v 4.72880353 -5.32890099 0.00000000
v 4.69812900 -5.32890099 -0.30793164
v 4.63075482 -5.32890099 -0.60965044
v 4.53007876 -5.32890099 -0.90108869
v 4.40099166 -5.32890099 -1.17924216
v 4.24933104 -5.32890099 -1.44245352
v 4.08123329 -5.32890099 -1.69050218
v 3.90247002 -5.32890099 -1.92448524
v 3.71785542 -5.32890099 -2.14650483
v 3.53080105 -5.32890099 -2.35920584
v 3.34307311 -5.32890099 -2.56523022
v 3.15477903 -5.32890099 -2.76666696
v 2.96457811 -5.32890099 -2.96457811
v 2.77008034 -5.32890099 -3.15867125
v 2.56837250 -5.32890099 -3.34716820
v 2.35659425 -5.32890099 -3.52689253
v 2.13248206 -5.32890099 -3.69356727
v 1.89480525 -5.32890099 -3.84228496
v 1.64363567 -5.32890099 -3.96808754
v 1.38041733 -5.32890099 -4.06657831
v 1.10783153 -5.32890099 -4.13448356
v 0.82948212 -5.32890099 -4.17008820
v 0.54945000 -5.32890099 -4.17348713
v 0.27178378 -5.32890099 -4.14661911
v 0.00000000 -5.32890099 -4.09307905
v -0.26333620 -5.32890099 -4.01773405
v -0.51689322 -5.32890099 -3.92619382
v -0.76068141 -5.32890099 -3.82420370
v -0.99597708 -5.32890099 -3.71703708
v -1.22507720 -5.32890099 -3.60896107
v -1.45092276 -5.32890099 -3.50283740
v -1.67664534 -5.32890099 -3.39990042
v -1.90509956 -5.32890099 -3.29972923
v -2.13844257 -5.32890099 -3.20040547
v -2.37781230 -5.32890099 -3.09882533
v -2.62313914 -5.32890099 -2.99111692
v -2.87310508 -5.32890099 -2.87310508
v -3.12524333 -5.32890099 -2.74076484
v -3.37615198 -5.32890099 -2.59061253
v -3.62178263 -5.32890099 -2.41999779
v -3.85775780 -5.32890099 -2.22727750
v -4.07967261 -5.32890099 -2.01187189
v -4.28334445 -5.32890099 -1.77421936
v -4.46498763 -5.32890099 -1.51565907
v -4.62130637 -5.32890099 -1.23827531
v -4.74951514 -5.32890099 -0.94473730
v -4.84730841 -5.32890099 -0.63816026
v -4.91280933 -5.32890099 -0.32200254
v -4.94452830 -5.32890099 -0.00000000
v -4.94135708 -5.32890099 0.32387365
v -4.90261351 -5.32890099 0.64544131
v -4.82813771 -5.32890099 0.96037630
v -4.71842626 -5.32890099 1.26429851
v -4.57477758 -5.32890099 1.55292773
v -4.39941407 -5.32890099 1.82229697
v -4.19554423 -5.32890099 2.06901345
v -3.96733338 -5.32890099 2.29054099
v -3.71976300 -5.32890099 2.48546618
v -3.45837519 -5.32890099 2.65370462
v -3.18891752 -5.32890099 2.79660561
v -2.91692160 -5.32890099 2.91692160
v -2.64726287 -5.32890099 3.01862476
v -2.38375715 -5.32890099 3.10657280
v -2.12884922 -5.32890099 3.18604800
v -1.88344014 -5.32890099 3.26221402
v -1.64688383 -5.32890099 3.33955005
v -1.41716152 -5.32890099 3.42133057
v -1.19121872 -5.32890099 3.50921719
v -0.96542595 -5.32890099 3.60301870
v -0.73610630 -5.32890099 3.70065628
v -0.50006168 -5.32890099 3.79834558
v -0.25502826 -5.32890099 3.89097929
v -0.00000000 -5.32890099 3.97266731
v 0.26462321 -5.32890099 4.03736993
v 0.53708240 -5.32890099 4.07954588
v 0.81449329 -5.32890099 4.09473430
v 1.09323208 -5.32890099 4.07999766
v 1.36941648 -5.32890099 4.03417086
v 1.63941078 -5.32890099 3.95788773
v 1.90027965 -5.32890099 3.85338593
v 2.15012268 -5.32890099 3.72412172
v 2.38823834 -5.32890099 3.57425126
v 2.61509113 -5.32890099 3.40805312
v 2.83208479 -5.32890099 3.22937377
v 3.04117334 -5.32890099 3.04117334
v 3.24436694 -5.32890099 2.84523344
v 3.44320614 -5.32890099 2.64206500
v 3.63828468 -5.32890099 2.43102410
v 3.82889549 -5.32890099 2.21061384
v 4.01285845 -5.32890099 1.97892279
v 4.18656306 -5.32890099 1.73413120
v 4.34522893 -5.32890099 1.47500647
v 4.48335563 -5.32890099 1.20131152
v 4.59530551 -5.32890099 0.91406310
v 4.67594334 -5.32890099 0.61559962
v 4.72124664 -5.32890099 0.30944685
v 4.71576910 -4.82138661 0.00000000
v 4.68149981 -4.82138661 -0.30684171
v 4.61101726 -4.82138661 -0.60705194
v 4.50793944 -4.82138661 -0.89668491
v 4.37731024 -4.82138661 -1.17289674
v 4.22503676 -4.82138661 -1.43420672
v 4.05723574 -4.82138661 -1.68056207
v 3.87957529 -4.82138661 -1.91319481
v 3.69669787 -4.82138661 -2.13428951
v 3.51179884 -4.82138661 -2.34650897
v 3.32641214 -4.82138661 -2.55244581
v 3.14042608 -4.82138661 -2.75407976
v 2.95232008 -4.82138661 -2.95232008
v 2.75958290 -4.82138661 -3.14670121
v 2.55924906 -4.82138661 -3.33527831
v 2.34847510 -4.82138661 -3.51474136
v 2.12507364 -4.82138661 -3.68073551
v 1.88793152 -4.82138661 -3.82834641
v 1.63725610 -4.82138661 -3.95268588
v 1.37461970 -4.82138661 -4.04949906
v 1.10280149 -4.82138661 -4.11571120
v 0.82545454 -4.82138661 -4.14984023
v 0.54665013 -4.82138661 -4.15221994
v 0.27036705 -4.82138661 -4.12500407
v 0.00000000 -4.82138661 -4.07195122
v -0.26204403 -4.82138661 -3.99801935
v -0.51460633 -4.82138661 -3.90882318
v -0.75786097 -4.82138661 -3.81002439
v -0.99321569 -4.82138661 -3.70673142
v -1.22304748 -4.82138661 -3.60298169
v -1.45031329 -4.82138661 -3.50136601
v -1.67809192 -4.82138661 -3.40283379
v -1.90912004 -4.82138661 -3.30669291
v -2.14538292 -4.82138661 -3.21079244
v -2.38780955 -4.82138661 -3.11185399
v -2.63610458 -4.82138661 -3.00590117
v -2.88872832 -4.82138661 -2.88872832
v -3.14301517 -4.82138661 -2.75635033
v -3.39540204 -4.82138661 -2.60538362
v -3.64172624 -4.82138661 -2.43332368
v -3.87754634 -4.82138661 -2.23870242
v -4.09844195 -4.82138661 -2.02112790
v -4.30025731 -4.82138661 -1.78122490
v -4.47926744 -4.82138661 -1.52050641
v -4.63226209 -4.82138661 -1.24121089
v -4.75655813 -4.82138661 -0.94613824
v -4.84996357 -4.82138661 -0.63850982
v -4.91072334 -4.82138661 -0.32186581
v -4.93747758 -4.82138661 -0.00000000
v -4.92925702 -4.82138661 0.32308057
v -4.88552942 -4.82138661 0.64319215
v -4.80629629 -4.82138661 0.95603177
v -4.69222494 -4.82138661 1.25727788
v -4.54478839 -4.82138661 1.54274777
v -4.36637806 -4.82138661 1.80861301
v -4.16035343 -4.82138661 2.05165926
v -3.93099821 -4.82138661 2.26956288
v -3.68336521 -4.82138661 2.46114595
v -3.42300841 -4.82138661 2.62656673
v -3.15561998 -4.82138661 2.76740444
v -2.88660702 -4.82138661 2.88660702
v -2.62065697 -4.82138661 2.98828655
v -2.36134697 -4.82138661 3.07736729
v -2.11085175 -4.82138661 3.15911290
v -1.86979469 -4.82138661 3.23857939
v -1.63726987 -4.82138661 3.32005487
v -1.41104080 -4.82138661 3.40655383
v -1.18789704 -4.82138661 3.49943184
v -0.96412782 -4.82138661 3.59817403
v -0.73605361 -4.82138661 3.70039140
v -0.50054711 -4.82138661 3.80203280
v -0.25547483 -4.82138661 3.89779271
v -0.00000000 -4.82138661 3.98166886
v 0.26529390 -4.82138661 4.04760272
v 0.53847506 -4.82138661 4.09012413
v 0.81651923 -4.82138661 4.10491936
v 1.09571171 -4.82138661 4.08925179
v 1.37213632 -4.82138661 4.04218326
v 1.64217909 -4.82138661 3.96457104
v 1.90297203 -4.82138661 3.85884554
v 2.15271018 -4.82138661 3.72860341
v 2.39079384 -4.82138661 3.57807584
v 2.61777275 -4.82138661 3.41154787
v 2.83509902 -4.82138661 3.23281085
v 3.04472374 -4.82138661 3.04472374
v 3.24859659 -4.82138661 2.84894274
v 3.44814338 -4.82138661 2.64585348
v 3.64380148 -4.82138661 2.43471031
v 3.83468607 -4.82138661 2.21395703
v 4.01844309 -4.82138661 1.98167683
v 4.19131852 -4.82138661 1.73610098
v 4.34844281 -4.82138661 1.47609743
v 4.48429862 -4.82138661 1.20156419
v 4.59331265 -4.82138661 0.91366669
v 4.67049363 -4.82138661 0.61488215
v 4.71203057 -4.82138661 0.30884280
v 4.70136173 -4.31387223 0.00000000
v 4.66357840 -4.31387223 -0.30566708
v 4.59010835 -4.31387223 -0.60429923
v 4.48478082 -4.31387223 -0.89207837
v 4.35278107 -4.31387223 -1.16632417
v 4.20007280 -4.31387223 -1.42573260
v 4.03274026 -4.31387223 -1.67041571
v 3.85633678 -4.31387223 -1.90173484
v 3.67532461 -4.31387223 -2.12194966
v 3.49267799 -4.31387223 -2.33373282
v 3.30969754 -4.31387223 -2.53962025
v 3.12605516 -4.31387223 -2.74147680
v 2.94005602 -4.31387223 -2.94005602
v 2.74907524 -4.31387223 -3.13471952
v 2.55010339 -4.31387223 -3.32335944
v 2.34032151 -4.31387223 -3.50253866
v 2.11762434 -4.31387223 -3.66783295
v 1.88101957 -4.31387223 -3.81433037
v 1.63085048 -4.31387223 -3.93722135
v 1.36881525 -4.31387223 -4.03239969
v 1.09778606 -4.31387223 -4.09699335
v 0.82145900 -4.31387223 -4.12975327
v 0.54388911 -4.31387223 -4.13124796
v 0.26897976 -4.31387223 -4.10383817
v 0.00000000 -4.31387223 -4.05143501
v -0.26080230 -4.31387223 -3.97907415
v -0.51243913 -4.31387223 -3.89236159
v -0.75524291 -4.31387223 -3.79686249
v -0.99074474 -4.31387223 -3.69750972
v -1.22139168 -4.31387223 -3.59810386
v -1.45014581 -4.31387223 -3.50096169
v -1.68002269 -4.31387223 -3.40674901
v -1.91363209 -4.31387223 -3.31450801
v -2.15278085 -4.31387223 -3.22186422
v -2.39818556 -4.31387223 -3.12537627
v -2.64932509 -4.31387223 -3.02097627
v -2.90444131 -4.31387223 -2.90444131
v -3.16067593 -4.31387223 -2.77183840
v -3.41431304 -4.31387223 -2.61989454
v -3.66108547 -4.31387223 -2.44625910
v -3.89649821 -4.31387223 -2.24964429
v -4.11612561 -4.31387223 -2.02984852
v -4.31584824 -4.31387223 -1.78768287
v -4.49201021 -4.31387223 -1.52483200
v -4.64149392 -4.31387223 -1.24368455
v -4.76172442 -4.31387223 -0.94716588
v -4.85062789 -4.31387223 -0.63859728
v -4.90657470 -4.31387223 -0.32159390
v -4.92833741 -4.31387223 -0.00000000
v -4.91508754 -4.31387223 0.32215186
v -4.86644358 -4.31387223 0.64067945
v -4.78256794 -4.31387223 0.95131191
v -4.66429667 -4.31387223 1.24979453
v -4.51327337 -4.31387223 1.53204987
v -4.33205244 -4.31387223 1.79439487
v -4.12413595 -4.31387223 2.03379878
v -3.89391560 -4.31387223 2.24815322
v -3.64650339 -4.31387223 2.43651567
v -3.38745220 -4.31387223 2.59928350
v -3.12238570 -4.31387223 2.73825877
v -2.85657451 -4.31387223 2.85657451
v -2.59450815 -4.31387223 2.95846953
v -2.33951828 -4.31387223 3.04891958
v -2.09350653 -4.31387223 3.13315394
v -1.85681969 -4.31387223 3.21610605
v -1.62829713 -4.31387223 3.30185996
v -1.40549319 -4.31387223 3.39316071
v -1.18505269 -4.31387223 3.49105264
v -0.96319613 -4.31387223 3.59469691
v -0.73625401 -4.31387223 3.70139888
v -0.50118124 -4.31387223 3.80684949
v -0.25598375 -4.31387223 3.90555735
v -0.00000000 -4.31387223 3.99142236
v 0.26600042 -4.31387223 4.05838209
v 0.53991365 -4.31387223 4.10105135
v 0.81857911 -4.31387223 4.11527507
v 1.09819664 -4.31387223 4.09852567
v 1.37482238 -4.31387223 4.05009613
v 1.64486999 -4.31387223 3.97106744
v 1.90554324 -4.31387223 3.86405945
v 2.15513505 -4.31387223 3.73280340
v 2.39314740 -4.31387223 3.58159819
v 2.62021292 -4.31387223 3.41472796
v 2.83782792 -4.31387223 3.23592256
v 3.04793547 -4.31387223 3.04793547
v 3.25241986 -4.31387223 2.85229567
v 3.45258863 -4.31387223 2.64926443
v 3.64872141 -4.31387223 2.43799770
v 3.83975727 -4.31387223 2.21688489
v 4.02317305 -4.31387223 1.98400939
v 4.19507894 -4.31387223 1.73765859
v 4.35052627 -4.31387223 1.47680467
v 4.48399202 -4.31387223 1.20148204
v 4.58997828 -4.31387223 0.91300345
v 4.66364732 -4.31387223 0.61398082
v 4.70140639 -4.31387223 0.30814646
v 4.68563310 -3.80635785 0.00000000
v 4.64442510 -3.80635785 -0.30441170
v 4.56809551 -3.80635785 -0.60140118
v 4.46067531 -3.80635785 -0.88728349
v 4.32747924 -3.80635785 -1.15954457
v 4.17451456 -3.80635785 -1.41705675
v 4.00782037 -3.80635785 -1.66009355
v 3.83282429 -3.80635785 -1.89013977
v 3.65380035 -3.80635785 -2.10952262
v 3.47349730 -3.80635785 -2.32091669
v 3.29298198 -3.80635785 -2.52679395
v 3.11171299 -3.80635785 -2.72889905
v 2.92782727 -3.80635785 -2.92782727
v 2.73859414 -3.80635785 -3.12276812
v 2.54096849 -3.80635785 -3.31145461
v 2.33216345 -3.80635785 -3.49032925
v 2.11016153 -3.80635785 -3.65490698
v 1.87409437 -3.80635785 -3.80028745
v 1.62444126 -3.80635785 -3.92174811
v 1.36302352 -3.80635785 -4.01533781
v 1.09280142 -3.80635785 -4.07839043
v 0.81750781 -3.80635785 -4.10988930
v 0.54117510 -3.80635785 -4.11063301
v 0.26762581 -3.80635785 -4.08318083
v 0.00000000 -3.80635785 -4.03158507
v -0.25961411 -3.80635785 -3.96094589
v -0.51039659 -3.80635785 -3.87684703
v -0.75283253 -3.80635785 -3.78474469
v -0.98856805 -3.80635785 -3.68938619
v -1.22011021 -3.80635785 -3.59432878
v -1.45041557 -3.80635785 -3.50161293
v -1.68242624 -3.80635785 -3.41162292
v -1.91861658 -3.80635785 -3.32314140
v -2.16060903 -3.80635785 -3.23357992
v -2.40890498 -3.80635785 -3.13934609
v -2.66275806 -3.80635785 -3.03629365
v -2.92019554 -3.80635785 -2.92019554
v -3.17817307 -3.80635785 -2.78718298
v -3.43283065 -3.80635785 -2.63410360
v -3.67980660 -3.80635785 -2.45876816
v -3.91456285 -3.80635785 -2.26007391
v -4.13267861 -3.80635785 -2.03801156
v -4.33008014 -3.80635785 -1.79357792
v -4.50318879 -3.80635785 -1.52862661
v -4.64898635 -3.80635785 -1.24569214
v -4.76501151 -3.80635785 -0.94781972
v -4.84931291 -3.80635785 -0.63842416
v -4.90038958 -3.80635785 -0.32118850
v -4.91714879 -3.80635785 -0.00000000
v -4.89890428 -3.80635785 0.32109115
v -4.84542559 -3.80635785 0.63791238
v -4.75703515 -3.80635785 0.94623312
v -4.63473519 -3.80635785 1.24187355
v -4.48033554 -3.80635785 1.52086898
v -4.29654701 -3.80635785 1.77968804
v -4.08700561 -3.80635785 2.01548812
v -3.85620032 -3.80635785 2.22637829
v -3.60929020 -3.80635785 2.41165061
v -3.35181402 -3.80635785 2.57193736
v -3.08931417 -3.80635785 2.70925581
v -2.82691320 -3.80635785 2.82691320
v -2.56889345 -3.80635785 2.92926157
v -2.31833499 -3.80635785 3.02131298
v -2.07686410 -3.80635785 3.10824678
v -1.84455280 -3.80635785 3.19485916
v -1.61999154 -3.80635785 3.28501788
v -1.40053465 -3.80635785 3.38118974
v -1.18269378 -3.80635785 3.48410351
v -0.96263346 -3.80635785 3.59259697
v -0.73670680 -3.80635785 3.70367517
v -0.50196211 -3.80635785 3.81278077
v -0.25655345 -3.80635785 3.91424932
v -0.00000000 -3.80635785 4.00189751
v 0.26674052 -3.80635785 4.06967395
v 0.54139352 -3.80635785 4.11229208
v 0.82066602 -3.80635785 4.12576667
v 1.10067815 -3.80635785 4.10778680
v 1.37746472 -3.80635785 4.05788020
v 1.64747284 -3.80635785 3.97735128
v 1.90798243 -3.80635785 3.86900563
v 2.15738641 -3.80635785 3.73670287
v 2.39528822 -3.80635785 3.58480216
v 2.62240081 -3.80635785 3.41757928
v 2.84026046 -3.80635785 3.23869633
v 3.05079716 -3.80635785 3.05079716
v 3.25582515 -3.80635785 2.85528202
v 3.45653030 -3.80635785 2.65228899
v 3.65303360 -3.80635785 2.44087901
v 3.84409996 -3.80635785 2.21939214
v 4.02704225 -3.80635785 1.98591747
v 4.19784289 -3.80635785 1.73880346
v 4.35148418 -3.80635785 1.47712984
v 4.48244853 -3.80635785 1.20106846
v 4.58532420 -3.80635785 0.91207769
v 4.65543613 -3.80635785 0.61289979
v 4.68941601 -3.80635785 0.30736056
v 4.66863790 -3.29884347 0.00000000
v 4.62410298 -3.29884347 -0.30307972
v 4.54504839 -3.29884347 -0.59836697
v 4.43569707 -3.29884347 -0.88231500
v 4.30148107 -3.29884347 -1.15257838
v 4.14843819 -3.29884347 -1.40820501
v 3.98254989 -3.29884347 -1.64962618
v 3.80910753 -3.29884347 -1.87844395
v 3.63218943 -3.29884347 -2.09704555
v 3.45431501 -3.29884347 -2.30809950
v 3.27631742 -3.29884347 -2.51400678
v 3.09744555 -3.29884347 -2.71638684
v 2.91567449 -3.29884347 -2.91567449
v 2.72817569 -3.29884347 -3.11088815
v 2.53187675 -3.29884347 -3.29960602
v 2.32403028 -3.29884347 -3.47815712
v 2.10271204 -3.29884347 -3.64200409
v 1.86718036 -3.29884347 -3.78626722
v 1.61805035 -3.29884347 -3.90631910
v 1.35726356 -3.29884347 -3.99836951
v 1.08786327 -3.29884347 -4.05996098
v 0.81361285 -3.29884347 -4.09030802
v 0.53851587 -3.29884347 -4.09043412
v 0.26630888 -3.29884347 -4.06308832
v 0.00000000 -3.29884347 -4.01245245
v -0.25848232 -3.29884347 -3.94367807
v -0.50848320 -3.29884347 -3.86231333
v -0.75063430 -3.29884347 -3.77369344
v -0.98668830 -3.29884347 -3.68237086
v -1.21920215 -3.29884347 -3.59165371
v -1.45111631 -3.29884347 -3.50330467
v -1.68528962 -3.29884347 -3.41742929
v -1.92405297 -3.29884347 -3.33255750
v -2.16883897 -3.29884347 -3.24589691
v -2.41993165 -3.29884347 -3.15371633
v -2.67636058 -3.29884347 -3.05180435
v -2.93594281 -3.29884347 -2.93594281
v -3.19545504 -3.29884347 -2.80233886
v -3.45090221 -3.29884347 -2.64797040
v -3.69783836 -3.29884347 -2.47081660
v -3.93169283 -3.29884347 -2.26996391
v -4.14805983 -3.29884347 -2.04559673
v -4.34292040 -3.29884347 -1.79889653
v -4.51278098 -3.29884347 -1.53188272
v -4.65472921 -3.29884347 -1.24723093
v -4.76642253 -3.29884347 -0.94810039
v -4.84603591 -3.29884347 -0.63799273
v -4.89219987 -3.29884347 -0.32065172
v -4.90395832 -3.29884347 -0.00000000
v -4.88076816 -3.29884347 0.31990245
v -4.82254993 -3.29884347 0.63490074
v -4.72978468 -3.29884347 0.94081267
v -4.60363790 -3.29884347 1.23354106
v -4.44608080 -3.29884347 1.50924106
v -4.25997367 -3.29884347 1.76453887
v -4.04907745 -3.29884347 1.99678402
v -3.81796755 -3.29884347 2.20430459
v -3.57183782 -3.29884347 2.38662573
v -3.31620010 -3.29884347 2.54460983
v -3.05650298 -3.29884347 2.68048118
v -2.79770987 -3.29884347 2.79770987
v -2.54388721 -3.29884347 2.90074741
v -2.29785812 -3.29884347 2.99462700
v -2.06097205 -3.29884347 3.08446264
v -1.83302883 -3.29884347 3.17489907
v -1.61237647 -3.29884347 3.26957603
v -1.39617895 -3.29884347 3.37067415
v -1.18082666 -3.29884347 3.47860317
v -0.96244104 -3.29884347 3.59187886
v -0.73741035 -3.29884347 3.70721218
v -0.50288723 -3.29884347 3.81980776
v -0.25718215 -3.29884347 3.92384133
v -0.00000000 -3.29884347 4.01306127
v 0.26751185 -3.29884347 4.08144211
v 0.54290981 -3.29884347 4.12380944
v 0.82277287 -3.29884347 4.13635854
v 1.10314743 -3.29884347 4.11700226
v 1.38005339 -3.29884347 4.06550619
v 1.64997716 -3.29884347 3.98339724
v 1.91027899 -3.29884347 3.87366260
v 2.15945381 -3.29884347 3.74028372
v 2.39720608 -3.29884347 3.58767243
v 2.62432633 -3.29884347 3.42008865
v 2.84238651 -3.29884347 3.24112064
v 3.05329862 -3.29884347 3.05329862
v 3.25880221 -3.29884347 2.85789283
v 3.45995850 -3.29884347 2.65491953
v 3.65672916 -3.29884347 2.44334831
v 3.84770731 -3.29884347 2.22147485
v 4.03004729 -3.29884347 1.98739939
v 4.19961192 -3.29884347 1.73953621
v 4.35132463 -3.29884347 1.47707568
v 4.47968426 -3.29884347 1.20032778
v 4.57937574 -3.29884347 0.91089447
v 4.64589528 -3.29884347 0.61164372
v 4.67610465 -3.29884347 0.30648809
v 4.65043378 -2.79132909 0.00000000
v 4.60267758 -2.79132909 -0.30167543
v 4.52103871 -2.79132909 -0.59520604
v 4.40992178 -2.79132909 -0.87718798
v 4.27486390 -2.79132909 -1.14544633
v 4.12192036 -2.79132909 -1.39920342
v 3.95700272 -2.79132909 -1.63904419
v 3.78525596 -2.79132909 -1.86668166
v 3.61055566 -2.79132909 -2.08455528
v 3.43518868 -2.79132909 -2.29531969
v 3.25975506 -2.79132909 -2.50129803
v 3.08329803 -2.79132909 -2.70397980
v 2.90363752 -2.79132909 -2.90363752
v 2.71785528 -2.79132909 -3.09911998
v 2.52285991 -2.79132909 -3.28785505
v 2.31595080 -2.79132909 -3.46606531
v 2.09530214 -2.79132909 -3.62916976
v 1.86030142 -2.79132909 -3.77231811
v 1.61169913 -2.79132909 -3.89098590
v 1.35155386 -2.79132909 -3.98154927
v 1.08298675 -2.79132909 -4.04176157
v 0.80978553 -2.79132909 -4.07106676
v 0.53591882 -2.79132909 -4.07070760
v 0.26503244 -2.79132909 -4.04361368
v 0.00000000 -2.79132909 -3.99408465
v -0.25740952 -2.79132909 -3.92731033
v -0.50670285 -2.79132909 -3.84879024
v -0.74865187 -2.79132909 -3.76372711
v -0.98510710 -2.79132909 -3.67646973
v -1.21866529 -2.79132909 -3.59007217
v -1.45224041 -2.79132909 -3.50601849
v -1.68859853 -2.79132909 -3.42413908
v -1.92991945 -2.79132909 -3.34271855
v -2.17744120 -2.79132909 -3.25877104
v -2.43122881 -2.79132909 -3.16843907
v -2.69008965 -2.79132909 -3.06745935
v -2.95163545 -2.79132909 -2.95163545
v -3.21247148 -2.79132909 -2.81726188
v -3.46847701 -2.79132909 -2.66145602
v -3.71513213 -2.79132909 -2.48237193
v -3.94784411 -2.79132909 -2.27928886
v -4.16223212 -2.79132909 -2.05258573
v -4.35434092 -2.79132909 -1.80362706
v -4.52076958 -2.79132909 -1.53459449
v -4.65871770 -2.79132909 -1.24829965
v -4.76596619 -2.79132909 -0.94800962
v -4.84081984 -2.79132909 -0.63730602
v -4.88204309 -2.79132909 -0.31998601
v -4.88881801 -2.79132909 -0.00000000
v -4.86074519 -2.79132909 0.31859007
v -4.79789569 -2.79132909 0.63165495
v -4.70090737 -2.79132909 0.93506861
v -4.57110557 -2.79132909 1.22482404
v -4.41061762 -2.79132909 1.49720293
v -4.22244603 -2.79132909 1.74899441
v -4.01046739 -2.79132909 1.97774365
v -3.77933247 -2.79132909 2.18199862
v -3.53425767 -2.79132909 2.36151547
v -3.28071517 -2.79132909 2.51738129
v -3.02404764 -2.79132909 2.65201860
v -2.76904868 -2.79132909 2.76904868
v -2.51956085 -2.79132909 2.87300852
v -2.27814565 -2.79132909 2.96893721
v -2.04587496 -2.79132909 3.06186826
v -1.82227978 -2.79132909 3.15628116
v -1.60547275 -2.79132909 3.25557667
v -1.39243770 -2.79132909 3.36164198
v -1.17945596 -2.79132909 3.47456522
v -0.96261885 -2.79132909 3.59254245
v -0.73836220 -2.79132909 3.71199745
v -0.50395361 -2.79132909 3.82790774
v -0.25786784 -2.79132909 3.93430292
v -0.00000000 -2.79132909 4.02487810
v 0.26831191 -2.79132909 4.09364861
v 0.54445751 -2.79132909 4.13556536
v 0.82489246 -2.79132909 4.14701443
v 1.10559562 -2.79132909 4.12613902
v 1.38257853 -2.79132909 4.07294502
v 1.65237267 -2.79132909 3.98918051
v 1.91242270 -2.79132909 3.87800960
v 2.16132734 -2.79132909 3.74352876
v 2.39889140 -2.79132909 3.59019470
v 2.62598020 -2.79132909 3.42224402
v 2.84419700 -2.79132909 3.24318510
v 3.05543084 -2.79132909 3.05543084
v 3.26134228 -2.79132909 2.86012041
v 3.46286507 -2.79132909 2.65714983
v 3.65980129 -2.79132909 2.44540104
v 3.85057491 -2.79132909 2.22313046
v 4.03218746 -2.79132909 1.98845480
v 4.20039055 -2.79132909 1.73985873
v 4.35005894 -2.79132909 1.47664603
v 4.47571872 -2.79132909 1.19926522
v 4.57216165 -2.79132909 0.90945950
v 4.63506336 -2.79132909 0.61021767
v 4.66152075 -2.79132909 0.30553221
v 4.63108109 -2.28381471 0.00000000
v 4.58021680 -2.28381471 -0.30020327
v 4.49614002 -2.28381471 -0.59192806
v 4.38342650 -2.28381471 -0.87191774
v 4.24770590 -2.28381471 -1.13816937
v 4.09503809 -2.28381471 -1.39007812
v 3.93125271 -2.28381471 -1.62837819
v 3.76133865 -2.28381471 -1.85488695
v 3.58896223 -2.28381471 -2.07208831
v 3.41617505 -2.28381471 -2.28261520
v 3.24334520 -2.28381471 -2.48870631
v 3.06931475 -2.28381471 -2.69171679
v 2.89175541 -2.28381471 -2.89175541
v 2.70766752 -2.28381471 -3.08750307
v 2.51394900 -2.28381471 -3.27624212
v 2.30795312 -2.28381471 -3.45409594
v 2.08795745 -2.28381471 -3.61644839
v 1.85348084 -2.28381471 -3.75848734
v 1.60540837 -2.28381471 -3.87579866
v 1.34591234 -2.28381471 -3.96492988
v 1.07818649 -2.28381471 -4.02384674
v 0.80603676 -2.28381471 -4.05222046
v 0.53339100 -2.28381471 -4.05150688
v 0.26379977 -2.28381471 -4.02480673
v 0.00000000 -2.28381471 -3.97652559
v -0.25639806 -2.28381471 -3.91187845
v -0.50505894 -2.28381471 -3.83630354
v -0.74688810 -2.28381471 -3.75486003
v -0.98382503 -2.28381471 -3.67168499
v -1.21849622 -2.28381471 -3.58957411
v -1.45377895 -2.28381471 -3.50973286
v -1.69233736 -2.28381471 -3.43172069
v -1.93619313 -2.28381471 -3.35358487
v -2.18638539 -2.28381471 -3.27215698
v -2.44275930 -2.28381471 -3.18346591
v -2.70390238 -2.28381471 -3.08320974
v -2.96722651 -2.28381471 -2.96722651
v -3.22917347 -2.28381471 -2.83190913
v -3.48550647 -2.28381471 -2.67452318
v -3.73164214 -2.28381471 -2.49340356
v -3.96297616 -2.28381471 -2.28802535
v -4.17516249 -2.28381471 -2.05896229
v -4.36431829 -2.28381471 -1.80775983
v -4.52714249 -2.28381471 -1.53675780
v -4.66095241 -2.28381471 -1.24889843
v -4.76365674 -2.28381471 -0.94755024
v -4.83369321 -2.28381471 -0.63636778
v -4.86996222 -2.28381471 -0.31919419
v -4.87178508 -2.28381471 -0.00000000
v -4.83890624 -2.28381471 0.31715867
v -4.77154632 -2.28381471 0.62818599
v -4.67049776 -2.28381471 0.92901977
v -4.53724196 -2.28381471 1.21575032
v -4.37405672 -2.28381471 1.48479218
v -4.18407915 -2.28381471 1.73310233
v -3.97129190 -2.28381471 1.95842444
v -3.74040998 -2.28381471 2.15952671
v -3.49666007 -2.28381471 2.33639356
v -3.24546222 -2.28381471 2.49033075
v -2.99204131 -2.28381471 2.62394981
v -2.74101109 -2.28381471 2.74101109
v -2.49598280 -2.28381471 2.84612290
v -2.25925245 -2.28381471 2.94431512
v -2.03161438 -2.28381471 3.04052579
v -1.81233479 -2.28381471 3.13905594
v -1.59929869 -2.28381471 3.24305692
v -1.38932038 -2.28381471 3.35411612
v -1.17858461 -2.28381471 3.47199830
v -0.96316560 -2.28381471 3.59458295
v -0.73955904 -2.28381471 3.71801438
v -0.50515780 -2.28381471 3.83705446
v -0.25860834 -2.28381471 3.94560073
v -0.00000000 -2.28381471 4.03731025
v 0.26913810 -2.28381471 4.10625390
v 0.54603147 -2.28381471 4.14752079
v 0.82701749 -2.28381471 4.15769766
v 1.10801387 -2.28381471 4.13516404
v 1.38503042 -2.28381471 4.08016804
v 1.65464937 -2.28381471 3.99467695
v 1.91440373 -2.28381471 3.88202675
v 2.16299764 -2.28381471 3.74642180
v 2.40033538 -2.28381471 3.59235576
v 2.62735408 -2.28381471 3.42403451
v 2.84568393 -2.28381471 3.24488062
v 3.05718617 -2.28381471 3.05718617
v 3.26343815 -2.28381471 2.86195845
v 3.46524370 -2.28381471 2.65897501
v 3.66224527 -2.28381471 2.44703406
v 3.85270073 -2.28381471 2.22435780
v 4.03346477 -2.28381471 1.98908470
v 4.20018632 -2.28381471 1.73977414
v 4.34770165 -2.28381471 1.47584584
v 4.47057476 -2.28381471 1.19788690
v 4.56371404 -2.28381471 0.90777916
v 4.62298225 -2.28381471 0.60862716
v 4.64571580 -2.28381471 0.30449630
v 4.61064279 -1.77630033 0.00000000
v 4.55679068 -1.77630033 -0.29866784
v 4.47042755 -1.77630033 -0.58854295
v 4.35628942 -1.77630033 -0.86651984
v 4.22008591 -1.77630033 -1.13076861
v 4.06786859 -1.77630033 -1.38085532
v 3.90537352 -1.77630033 -1.61765868
v 3.73742412 -1.77630033 -1.84309361
v 3.56747155 -1.77630033 -2.05968066
v 3.39733000 -1.77630033 -2.27002333
v 3.22713723 -1.77630033 -2.47626949
v 3.05553907 -1.77630033 -2.67963585
v 2.88006628 -1.77630033 -2.88006628
v 2.69764618 -1.77630033 -3.07607592
v 2.50517428 -1.77630033 -3.26480668
v 2.30006466 -1.77630033 -3.44229003
v 2.08070297 -1.77630033 -3.60388326
v 1.84674126 -1.77630033 -3.74482083
v 1.59919823 -1.77630033 -3.86080606
v 1.34035631 -1.77630033 -3.94856236
v 1.07347653 -1.77630033 -4.00626895
v 0.80237699 -1.77630033 -4.03382155
v 0.53093906 -1.77630033 -4.03288257
v 0.26261392 -1.77630033 -4.00671409
v 0.00000000 -1.77630033 -3.95981562
v -0.25545004 -1.77630033 -3.89741448
v -0.50355436 -1.77630033 -3.82487512
v -0.74534507 -1.77630033 -3.74710271
v -0.98284169 -1.77630033 -3.66801513
v -1.21869040 -1.77630033 -3.59014615
v -1.45572183 -1.77630033 -3.51442339
v -1.69648942 -1.77630033 -3.44014023
v -1.94285013 -1.77630033 -3.36511514
v -2.19564062 -1.77630033 -3.28600840
v -2.45448576 -1.77630033 -3.19874812
v -2.71775623 -1.77630033 -3.09900703
v -2.98267003 -1.77630033 -2.98267003
v -3.24551372 -1.77630033 -2.84623914
v -3.50194435 -1.77630033 -2.68713641
v -3.74732562 -1.77630033 -2.50388293
v -3.97705210 -1.77630033 -2.29615210
v -4.18682217 -1.77630033 -2.06471220
v -4.37283379 -1.77630033 -1.81128706
v -4.53189269 -1.77630033 -1.53837027
v -4.66143923 -1.77630033 -1.24902888
v -4.75951387 -1.77630033 -0.94672617
v -4.82468996 -1.77630033 -0.63518248
v -4.85600552 -1.77630033 -0.31827942
v -4.85292177 -1.77630033 -0.00000000
v -4.81532675 -1.77630033 0.31561319
v -4.74358931 -1.77630033 0.62450538
v -4.63865383 -1.77630033 0.92268562
v -4.50215355 -1.77630033 1.20634841
v -4.33651072 -1.77630033 1.47204703
v -4.14498911 -1.77630033 1.71691071
v -3.93166769 -1.77630033 1.93888394
v -3.70131440 -1.77630033 2.13695487
v -3.45915406 -1.77630033 2.31133285
v -3.21054224 -1.77630033 2.46353571
v -2.96057465 -1.77630033 2.59635428
v -2.71367561 -1.77630033 2.71367561
v -2.47321836 -1.77630033 2.82016504
v -2.24123022 -1.77630033 2.92082809
v -2.01822877 -1.77630033 3.02049281
v -1.80322017 -1.77630033 3.12326895
v -1.59387009 -1.77630033 3.23204881
v -1.38683439 -1.77630033 3.34811440
v -1.17821390 -1.77630033 3.47090622
v -0.96407882 -1.77630033 3.59799114
v -0.74099679 -1.77630033 3.72524242
v -0.50649590 -1.77630033 3.84721833
v -0.25940128 -1.77630033 3.95769876
v -0.00000000 -1.77630033 4.05031800
v 0.26998775 -1.77630033 4.11921712
v 0.54762647 -1.77630033 4.15963602
v 0.82914063 -1.77630033 4.16837142
v 1.11039340 -1.77630033 4.14404459
v 1.38739953 -1.77630033 4.08714721
v 1.65679762 -1.77630033 3.99986330
v 1.91621282 -1.77630033 3.88569520
v 2.16445603 -1.77630033 3.74894781
v 2.40153003 -1.77630033 3.59414368
v 2.62844062 -1.77630033 3.42545051
v 2.84684049 -1.77630033 3.24619942
v 3.05855832 -1.77630033 3.05855832
v 3.26508425 -1.77630033 2.86340204
v 3.46708994 -1.77630033 2.66039168
v 3.66405859 -1.77630033 2.44824568
v 3.85408523 -1.77630033 2.22515715
v 4.03388400 -1.77630033 1.98929144
v 4.19900975 -1.77630033 1.73928679
v 4.34427045 -1.77630033 1.47468111
v 4.46427848 -1.77630033 1.19619981
v 4.55406831 -1.77630033 0.90586051
v 4.60969696 -1.77630033 0.60687812
v 4.62874421 -1.77630033 0.30338392
v 4.58918421 -1.26878595 0.00000000
v 4.53247123 -1.26878595 -0.29707386
v 4.44397801 -1.26878595 -0.58506080
v 4.32858969 -1.26878595 -0.86101002
v 4.19208321 -1.26878595 -1.12326531
v 4.04048909 -1.26878595 -1.37156123
v 3.87943838 -1.26878595 -1.60691599
v 3.71358022 -1.26878595 -1.83133510
v 3.54614515 -1.26878595 -2.04736786
v 3.37870837 -1.26878595 -2.25758076
v 3.21117947 -1.26878595 -2.46402467
v 3.04201334 -1.26878595 -2.66777410
v 2.86860731 -1.26878595 -2.86860731
v 2.68782417 -1.26878595 -3.06487606
v 2.49656522 -1.26878595 -3.25358713
v 2.29231212 -1.26878595 -3.43068753
v 2.07356299 -1.26878595 -3.59151645
v 1.84010469 -1.26878595 -3.73136319
v 1.59308823 -1.26878595 -3.84605522
v 1.33490248 -1.26878595 -3.93249589
v 1.06887036 -1.26878595 -3.98907850
v 0.79881615 -1.26878595 -4.01591997
v 0.52856929 -1.26878595 -4.01488238
v 0.26147772 -1.26878595 -3.98937913
v 0.00000000 -1.26878595 -3.94399162
v -0.25456732 -1.26878595 -3.88394673
v -0.50219150 -1.26878595 -3.81452312
v -0.74402414 -1.26878595 -3.74046195
v -0.98215575 -1.26878595 -3.66545516
v -1.21924223 -1.26878595 -3.59177178
v -1.45805785 -1.26878595 -3.52006303
v -1.70103697 -1.26878595 -3.44936175
v -1.94986581 -1.26878595 -3.37726666
v -2.20517546 -1.26878595 -3.30027831
v -2.46637081 -1.26878595 -3.21423702
v -2.73160919 -1.26878595 -3.11480331
v -2.99792117 -1.26878595 -2.99792117
v -3.26144677 -1.26878595 -2.86021205
v -3.51774690 -1.26878595 -2.69926213
v -3.76214300 -1.26878595 -2.51378358
v -3.99003884 -1.26878595 -2.30365000
v -4.19718671 -1.26878595 -2.06982343
v -4.37987348 -1.26878595 -1.81420300
v -4.53501822 -1.26878595 -1.53943125
v -4.66018936 -1.26878595 -1.24869398
v -4.75356265 -1.26878595 -0.94554240
v -4.81384936 -1.26878595 -0.63375529
v -4.84022636 -1.26878595 -0.31724520
v -4.83229507 -1.26878595 -0.00000000
v -4.79008649 -1.26878595 0.31395886
v -4.71411592 -1.26878595 0.62062513
v -4.60547667 -1.26878595 0.91608627
v -4.46594918 -1.26878595 1.19664748
v -4.29809380 -1.26878595 1.45900625
v -4.10529275 -1.26878595 1.70046794
v -3.89171137 -1.26878595 1.91917966
v -3.66215919 -1.26878595 2.11434859
v -3.42184703 -1.26878595 2.28640509
v -3.17605401 -1.26878595 2.43707195
v -2.92973559 -1.26878595 2.56930915
v -2.68711774 -1.26878595 2.68711774
v -2.45132962 -1.26878595 2.79520571
v -2.22412742 -1.26878595 2.89853928
v -2.00575349 -1.26878595 3.00182223
v -1.79495938 -1.26878595 3.10896085
v -1.58920029 -1.26878595 3.22257941
v -1.38498507 -1.26878595 3.34364975
v -1.17834354 -1.26878595 3.47128813
v -0.96535490 -1.26878595 3.60275354
v -0.74267062 -1.26878595 3.73365733
v -0.50796361 -1.26878595 3.85836669
v -0.26024416 -1.26878595 3.97055859
v -0.00000000 -1.26878595 4.06385990
v 0.27085812 -1.26878595 4.13249638
v 0.54923722 -1.26878595 4.17187086
v 0.83125457 -1.26878595 4.17899890
v 1.11272558 -1.26878595 4.15274838
v 1.38967660 -1.26878595 4.09385526
v 1.65880821 -1.26878595 4.00471727
v 1.91784123 -1.26878595 3.88899729
v 2.16569457 -1.26878595 3.75109303
v 2.40246825 -1.26878595 3.59554782
v 2.62923353 -1.26878595 3.42648385
v 2.84766111 -1.26878595 3.24713516
v 3.05954246 -1.26878595 3.05954246
v 3.26627667 -1.26878595 2.86444776
v 3.46840129 -1.26878595 2.66139791
v 3.66524092 -1.26878595 2.44903569
v 3.85473137 -1.26878595 2.22553020
v 4.03345265 -1.26878595 1.98907872
v 4.19687434 -1.26878595 1.73840227
v 4.33978617 -1.26878595 1.47315890
v 4.45685918 -1.26878595 1.19421182
v 4.54326299 -1.26878595 0.90371120
v 4.59525550 -1.26878595 0.60497686
v 4.61066313 -1.26878595 0.30219883
v 4.56677291 -0.76127157 0.00000000
v 4.50733220 -0.76127157 -0.29542616
v 4.41686936 -0.76127157 -0.58149188
v 4.30040723 -0.76127157 -0.85540418
v 4.16377737 -0.76127157 -1.11568078
v 4.01297665 -0.76127157 -1.36222202
v 3.85352004 -0.76127157 -1.59618026
v 3.68987401 -0.76127157 -1.81964449
v 3.52504358 -0.76127157 -2.03518486
v 3.36036394 -0.76127157 -2.24532340
v 3.19551912 -0.76127157 -2.45200806
v 3.02877883 -0.76127157 -2.65616774
v 2.85741466 -0.76127157 -2.85741466
v 2.67823346 -0.76127157 -3.05393995
v 2.48815044 -0.76127157 -3.24262078
v 2.28472141 -0.76127157 -3.41932722
v 2.06656107 -0.76127157 -3.57938878
v 1.83359242 -0.76127157 -3.71815761
v 1.58709723 -0.76127157 -3.83159165
v 1.32956690 -0.76127157 -3.91677779
v 1.06438087 -0.76127157 -3.97232348
v 0.79536366 -0.76127157 -3.99856314
v 0.52628759 -0.76127157 -3.99755114
v 0.26039382 -0.76127157 -3.97284202
v 0.00000000 -0.76127157 -3.92908700
v -0.25375151 -0.76127157 -3.87149993
v -0.50097225 -0.76127157 -3.80526202
v -0.74292596 -0.76127157 -3.73494102
v -0.98176498 -0.76127157 -3.66399680
v -1.22014512 -0.76127157 -3.59443160
v -1.46077480 -0.76127157 -3.52662234
v -1.70596141 -0.76127157 -3.45934752
v -1.95721486 -0.76127157 -3.38999558
v -2.21495822 -0.76127157 -3.31491923
v -2.47837723 -0.76127157 -3.22988409
v -2.74541999 -0.76127157 -3.13055151
v -3.01293648 -0.76127157 -3.01293648
v -3.27692916 -0.76127157 -2.87378974
v -3.53287307 -0.76127157 -2.71086885
v -3.77605799 -0.76127157 -2.52308128
v -4.00190717 -0.76127157 -2.31050218
v -4.20623605 -0.76127157 -2.07428607
v -4.38542820 -0.76127157 -1.81650384
v -4.53652222 -0.76127157 -1.53994179
v -4.65721923 -0.76127157 -1.24789813
v -4.74583339 -0.76127157 -0.94400495
v -4.80121580 -0.76127157 -0.63209205
v -4.82268301 -0.76127157 -0.31609534
v -4.80997655 -0.76127157 -0.00000000
v -4.76326930 -0.76127157 0.31220116
v -4.68322090 -0.76127157 0.61655773
v -4.57107013 -0.76127157 0.90924238
v -4.42873971 -0.76127157 1.18667723
v -4.25892138 -0.76127157 1.44570900
v -4.06510734 -0.76127157 1.68382259
v -3.85153915 -0.76127157 1.89936892
v -3.62305660 -0.76127157 2.09177271
v -3.38484455 -0.76127157 2.26168082
v -3.14209385 -0.76127157 2.41101341
v -2.89960921 -0.76127157 2.54288903
v -2.66140979 -0.76127157 2.66140979
v -2.43037534 -0.76127157 2.77131194
v -2.20798922 -0.76127157 2.87750757
v -1.99422080 -0.76127157 2.98456234
v -1.78757309 -0.76127157 3.09616742
v -1.58530021 -0.76127157 3.21467082
v -1.38377581 -0.76127157 3.34073032
v -1.17897172 -0.76127157 3.47313870
v -0.96698915 -0.76127157 3.60885265
v -0.74457502 -0.76127157 3.74323138
v -0.50955626 -0.76127157 3.87046405
v -0.26113431 -0.76127157 3.98413968
v -0.00000000 -0.76127157 4.07789308
v 0.27174641 -0.76127157 4.14604896
v 0.55085839 -0.76127157 4.18418491
v 0.83335204 -0.76127157 4.18954361
v 1.11500192 -0.76127157 4.16124380
v 1.39185271 -0.76127157 4.10026587
v 1.66067239 -0.76127157 4.00921780
v 1.91928089 -0.76127157 3.89191665
v 2.16670613 -0.76127157 3.75284509
v 2.40314391 -0.76127157 3.59655902
v 2.62972764 -0.76127157 3.42712778
v 2.84814154 -0.76127157 3.24768299
v 3.06013527 -0.76127157 3.06013527
v 3.26701325 -0.76127157 2.86509372
v 3.46917724 -0.76127157 2.66199332
v 3.66579420 -0.76127157 2.44940538
v 3.85464460 -0.76127157 2.22548010
v 4.03218097 -0.76127157 1.98845160
v 4.19379649 -0.76127157 1.73712738
v 4.33427270 -0.76127157 1.47128733
v 4.44834928 -0.76127157 1.19193160
v 4.53133967 -0.76127157 0.90133950
v 4.57970878 -0.76127157 0.60293010
v 4.59153233 -0.76127157 0.30094493
v 4.54347847 -0.25375719 0.00000000
v 4.48144894 -0.25375719 -0.29372968
v 4.38918066 -0.25375719 -0.57784660
v 4.27182254 -0.25375719 -0.84971833
v 4.13524805 -0.25375719 -1.10803638
v 3.98540801 -0.25375719 -1.35286372
v 3.82769056 -0.25375719 -1.58548134
v 3.66637159 -0.25375719 -1.80805438
v 3.50422627 -0.25375719 -2.02316598
v 3.34234928 -0.25375719 -2.23328639
v 3.18020224 -0.25375719 -2.44025501
v 3.01587567 -0.25375719 -2.64485198
v 2.84652343 -0.25375719 -2.84652343
v 2.66890506 -0.25375719 -3.04330295
v 2.47995770 -0.25375719 -3.23194380
v 2.27731763 -0.25375719 -3.40824669
v 2.05972005 -0.25375719 -3.56753977
v 1.82722503 -0.25375719 -3.70524583
v 1.58124338 -0.25375719 -3.81745922
v 1.32436500 -0.25375719 -3.90145349
v 1.06002035 -0.25375719 -3.95604980
v 0.79202845 -0.25375719 -3.98179590
v 0.52409949 -0.25375719 -3.98093083
v 0.25936465 -0.25375719 -3.95713980
v 0.00000000 -0.25375719 -3.91513179
v -0.25300401 -0.25375719 -3.86009529
v -0.49989807 -0.25375719 -3.79710280
v -0.74205050 -0.25375719 -3.73053980
v -0.98166635 -0.25375719 -3.66362871
v -1.22139157 -0.25375719 -3.59810354
v -1.46385963 -0.25375719 -3.53406978
v -1.71124338 -0.25375719 -3.47005830
v -1.96487147 -0.25375719 -3.40325722
v -2.22495705 -0.25375719 -3.32988354
v -2.49046816 -0.25375719 -3.24564130
v -2.75914826 -0.25375719 -3.14620560
v -3.02767403 -0.25375719 -3.02767403
v -3.29191963 -0.25375719 -2.88693603
v -3.54728462 -0.25375719 -2.72192722
v -3.78903775 -0.25375719 -2.53175409
v -4.01263188 -0.25375719 -2.31669410
v -4.21395456 -0.25375719 -2.07809242
v -4.38949356 -0.25375719 -1.81818776
v -4.53641285 -0.25375719 -1.53990466
v -4.65255038 -0.25375719 -1.24664712
v -4.73636150 -0.25375719 -0.94212088
v -4.78683862 -0.25375719 -0.63019926
v -4.80343842 -0.25375719 -0.31483399
v -4.78604204 -0.25375719 -0.00000000
v -4.73496278 -0.25375719 0.31034586
v -4.65100214 -0.25375719 0.61231605
v -4.53554056 -0.25375719 0.90217511
v -4.39063773 -0.25375719 1.17646783
v -4.21910979 -0.25375719 1.43219479
v -4.02455021 -0.25375719 1.66702328
v -3.81126657 -0.25375719 1.87950868
v -3.58411751 -0.25375719 2.06929121
v -3.34825010 -0.25375719 2.23722919
v -3.10875551 -0.25375719 2.38543200
v -2.87027755 -0.25375719 2.51716585
v -2.63662082 -0.25375719 2.63662082
v -2.41041095 -0.25375719 2.74854691
v -2.19285751 -0.25375719 2.85778755
v -1.98365985 -0.25375719 2.96875677
v -1.78107917 -0.25375719 3.08491962
v -1.58217838 -0.25375719 3.20834038
v -1.38320804 -0.25375719 3.33935961
v -1.18009518 -0.25375719 3.47644829
v -0.96897586 -0.25375719 3.61626713
v -0.74670382 -0.25375719 3.75393362
v -0.51126884 -0.25375719 3.88347237
v -0.26206896 -0.25375719 3.99839961
v -0.00000000 -0.25375719 4.09237346
v 0.27264977 -0.25375719 4.15983161
v 0.55248468 -0.25375719 4.19653776
v 0.83542587 -0.25375719 4.19996949
v 1.11721418 -0.25375719 4.16950007
v 1.39391930 -0.25375719 4.10635386
v 1.66238196 -0.25375719 4.01334508
v 1.92052445 -0.25375719 3.89443834
v 2.16748442 -0.25375719 3.75419313
v 2.40355191 -0.25375719 3.59716963
v 2.62991898 -0.25375719 3.42737714
v 2.84827889 -0.25375719 3.24783961
v 3.06033498 -0.25375719 3.06033498
v 3.26729360 -0.25375719 2.86533958
v 3.46941930 -0.25375719 2.66217906
v 3.66572262 -0.25375719 2.44935755
v 3.85383286 -0.25375719 2.22501144
v 4.03008196 -0.25375719 1.98741648
v 4.18979553 -0.25375719 1.73547013
v 4.32775692 -0.25375719 1.46907552
v 4.43878418 -0.25375719 1.18936864
v 4.51834284 -0.25375719 0.89875427
v 4.56311042 -0.25375719 0.60074488
v 4.57141398 -0.25375719 0.29962630
v 4.51937234 0.25375719 0.00000000
v 4.45489820 0.25375719 -0.29198945
v 4.36099184 0.25375719 -0.57413547
v 4.24291652 0.25375719 -0.84396857
v 4.10657486 0.25375719 -1.10035342
v 3.95785943 0.25375719 -1.34351224
v 3.80202120 0.25375719 -1.57484875
v 3.64313805 0.25375719 -1.79659686
v 3.48375151 0.25375719 -2.01134487
v 3.32471576 0.25375719 -2.22150405
v 3.16527362 0.25375719 -2.42879987
v 3.00334282 0.25375719 -2.63386096
v 2.83596767 0.25375719 -2.83596767
v 2.65986900 0.25375719 -3.03299930
v 2.47201385 0.25375719 -3.22159117
v 2.27012509 0.25375719 -3.39748229
v 2.05306197 0.25375719 -3.55600764
v 1.82102239 0.25375719 -3.69266812
v 1.57554417 0.25375719 -3.80370011
v 1.31931153 0.25375719 -3.88656643
v 1.05580050 0.25375719 -3.94030110
v 0.78881893 0.25375719 -3.96566057
v 0.52201012 0.25375719 -3.96506054
v 0.25839241 0.25375719 -3.94230635
v 0.00000000 0.25375719 -3.90215272
v -0.25232599 0.25375719 -3.84975064
v -0.49896996 0.25375719 -3.79005309
v -0.74139712 0.25375719 -3.72725503
v -0.98185605 0.25375719 -3.66433665
v -1.22297327 0.25375719 -3.60276308
v -1.46729847 0.25375719 -3.54237186
v -1.71686289 0.25375719 -3.48145353
v -1.97280948 0.25375719 -3.41700625
v -2.23514016 0.25375719 -3.34512365
v -2.50260727 0.25375719 -3.26146129
v -2.77275472 0.25375719 -3.16172080
v -3.04209358 0.25375719 -3.04209358
v -3.30637924 0.25375719 -2.89961677
v -3.56094626 0.25375719 -2.73241017
v -3.80105299 0.25375719 -2.53978241
v -4.02219180 0.25375719 -2.32221352
v -4.22033109 0.25375719 -2.08123697
v -4.39206998 0.25375719 -1.81925495
v -4.53470322 0.25375719 -1.53932432
v -4.64620941 0.25375719 -1.24494806
v -4.72518738 0.25375719 -0.93989821
v -4.77077196 0.25375719 -0.62808404
v -4.78256001 0.25375719 -0.31346554
v -4.76057139 0.25375719 -0.00000000
v -4.70525804 0.25375719 0.30839891
v -4.61756040 0.25375719 0.60791336
v -4.49899645 0.25375719 0.89490604
v -4.35175721 0.25375719 1.16604983
v -4.17877596 0.25375719 1.41850330
v -3.98373854 0.25375719 1.65011853
v -3.77100818 0.25375719 1.85965543
v -3.54545108 0.25375719 2.04696714
v -3.31216486 0.25375719 2.21311781
v -3.07612989 0.25375719 2.36039748
v -2.84181949 0.25375719 2.49220880
v -2.61281648 0.25375719 2.61281648
v -2.39148843 0.25375719 2.72696991
v -2.17877085 0.25375719 2.83942946
v -1.97409673 0.25375719 2.95444455
v -1.77549277 0.25375719 3.07524369
v -1.57984103 0.25375719 3.20360070
v -1.38328137 0.25375719 3.33953664
v -1.18170924 0.25375719 3.48120316
v -0.97130834 0.25375719 3.62497206
v -0.74905030 0.25375719 3.76573013
v -0.51309603 0.25375719 3.89735130
v -0.26304521 0.25375719 4.01329435
v -0.00000000 0.25375719 4.10725604
v 0.27356535 0.25375719 4.17380075
v 0.55411078 0.25375719 4.20888924
v 0.83746904 0.25375719 4.21024120
v 1.11935439 0.25375719 4.17748744
v 1.39586827 0.25375719 4.11209532
v 1.66392935 0.25375719 4.01708079
v 1.92156530 0.25375719 3.89654897
v 2.16802409 0.25375719 3.75512787
v 2.40368821 0.25375719 3.59737363
v 2.62980481 0.25375719 3.42722835
v 2.84807168 0.25375719 3.24760333
v 3.06014144 0.25375719 3.06014144
v 3.26711915 0.25375719 2.86518659
v 3.46913099 0.25375719 2.66195783
v 3.66503265 0.25375719 2.44889652
v 3.85230662 0.25375719 2.22413026
v 4.02717126 0.25375719 1.98598109
v 4.18489363 0.25375719 1.73343970
v 4.32026864 0.25375719 1.46653359
v 4.42820222 0.25375719 1.18653321
v 4.50431980 0.25375719 0.89596492
v 4.54551660 0.25375719 0.59842861
v 4.55037251 0.25375719 0.29824717
v 4.49452763 0.76127157 0.00000000
v 4.42775787 0.76127157 -0.29021058
v 4.33238356 0.76127157 -0.57036912
v 4.21377027 0.76127157 -0.83817102
v 4.07783714 0.76127157 -1.09265317
v 3.93040655 0.76127157 -1.33419324
v 3.77658228 0.76127157 -1.56431160
v 3.62023730 0.76127157 -1.78530346
v 3.46367625 0.76127157 -1.99975441
v 3.30751339 0.76127157 -2.21000979
v 3.15077674 0.76127157 -2.41767602
v 2.99121801 0.76127157 -2.62322779
v 2.82578024 0.76127157 -2.82578024
v 2.65115428 0.76127157 -3.02306207
v 2.46434482 0.76127157 -3.21159670
v 2.26316722 0.76127157 -3.38706910
v 2.04660809 0.76127157 -3.54482919
v 1.81500360 0.76127157 -3.68046322
v 1.57001635 0.76127157 -3.79035477
v 1.31442057 0.76127157 -3.87215813
v 1.05173241 0.76127157 -3.92511879
v 0.78574302 0.76127157 -3.95019691
v 0.52002428 0.76127157 -3.94997657
v 0.25747914 0.76127157 -3.92837252
v 0.00000000 0.76127157 -3.89017329
v -0.25171839 0.76127157 -3.84048052
v -0.49818850 0.76127157 -3.78411731
v -0.74096457 0.76127157 -3.72508042
v -0.98232953 0.76127157 -3.66610373
v -1.22488115 0.76127157 -3.60838352
v -1.47107677 0.76127157 -3.55149348
v -1.72279945 0.76127157 -3.49349169
v -1.98100252 0.76127157 -3.43119702
v -2.24547595 0.76127157 -3.36059224
v -2.51475889 0.76127157 -3.27729760
v -2.78620133 0.76127157 -3.17705372
v -3.05615676 0.76127157 -3.05615676
v -3.32027153 0.76127157 -2.91179999
v -3.57382580 0.76127157 -2.74229299
v -3.81207802 0.76127157 -2.54714910
v -4.03056986 0.76127157 -2.32705059
v -4.22535897 0.76127157 -2.08371645
v -4.39316261 0.76127157 -1.81970753
v -4.53141135 0.76127157 -1.53820688
v -4.63822782 0.76127157 -1.24280940
v -4.71235624 0.76127157 -0.93734594
v -4.75307453 0.76127157 -0.62575413
v -4.76011941 0.76127157 -0.31199471
v -4.73364823 0.76127157 -0.00000000
v -4.67424936 0.76127157 0.30636649
v -4.58299898 0.76127157 0.60336326
v -4.46154813 0.76127157 0.88745710
v -4.31221319 0.76127157 1.15545404
v -4.13803709 0.76127157 1.40467431
v -3.94278896 0.76127157 1.63315666
v -3.73087729 0.76127157 1.83986507
v -3.50716456 0.76127157 2.02486240
v -3.27668750 0.76127157 2.18941259
v -3.04430495 0.76127157 2.33597735
v -2.81431063 0.76127157 2.46808418
v -2.59005902 0.76127157 2.59005902
v -2.37365633 0.76127157 2.70663630
v -2.16576450 0.76127157 2.82247925
v -1.96555447 0.76127157 2.94166015
v -1.77082636 0.76127157 3.06716122
v -1.57829214 0.76127157 3.20045986
v -1.38399361 0.76127157 3.34125614
v -1.18380792 0.76127157 3.48738568
v -0.97397901 0.76127157 3.63493917
v -0.75160714 0.76127157 3.77858425
v -0.51503226 0.76127157 3.91205843
v -0.26406010 0.76127157 4.02877854
v -0.00000000 0.76127157 4.12249513
v 0.27449030 0.76127157 4.18791275
v 0.55573148 0.76127157 4.22119966
v 0.83947469 0.76127157 4.22032426
v 1.12141490 0.76127157 4.18517739
v 1.39769198 0.76127157 4.11746780
v 1.66530759 0.76127157 4.02040817
v 1.92239765 0.76127157 3.89823680
v 2.16832075 0.76127157 3.75564171
v 2.40354992 0.76127157 3.59716666
v 2.62938369 0.76127157 3.42667954
v 2.84751989 0.76127157 3.24697413
v 3.05955614 0.76127157 3.05955614
v 3.26649316 0.76127157 2.86463762
v 3.46831792 0.76127157 2.66133394
v 3.66373301 0.76127157 2.44802813
v 3.85007880 0.76127157 2.22284403
v 4.02346723 0.76127157 1.98415446
v 4.17911572 0.76127157 1.73104641
v 4.31184049 0.76127157 1.46367262
v 4.41664450 0.76127157 1.18343633
v 4.48932050 0.76127157 0.89298137
v 4.52698593 0.76127157 0.59598900
v 4.52847442 0.76127157 0.29681190
v 4.46901890 1.26878595 0.00000000
v 4.40010691 1.26878595 -0.28839824
v 4.30343696 1.26878595 -0.56655822
v 4.18446492 1.26878595 -0.83234182
v 4.04911386 1.26878595 -1.08495679
v 3.90312421 1.26878595 -1.32493214
v 3.75144305 1.26878595 -1.55389859
v 3.59773201 1.26878595 -1.77420508
v 3.44405611 1.26878595 -1.98842672
v 3.29079079 1.26878595 -2.19883611
v 3.13675375 1.26878595 -2.40691581
v 2.97953771 1.26878595 -2.61298444
v 2.81599290 1.26878595 -2.81599290
v 2.64278885 1.26878595 -3.01352313
v 2.45697559 1.26878595 -3.20199293
v 2.25646660 1.26878595 -3.37704092
v 2.04037887 1.26878595 -3.53403987
v 1.80918702 1.26878595 -3.66866835
v 1.56467596 1.26878595 -3.77746193
v 1.30970554 1.26878595 -3.85826811
v 1.04782658 1.26878595 -3.91054203
v 0.78280811 1.26878595 -3.93544214
v 0.51814637 1.26878595 -3.93571240
v 0.25662666 1.26878595 -3.91536617
v 0.00000000 1.26878595 -3.87921390
v -0.25118197 1.26878595 -3.83229636
v -0.49755387 1.26878595 -3.77929686
v -0.74075103 1.26878595 -3.72400689
v -0.98308164 1.26878595 -3.66891062
v -1.22710548 1.26878595 -3.61493616
v -1.47517941 1.26878595 -3.56139814
v -1.72903219 1.26878595 -3.50613043
v -1.98942415 1.26878595 -3.44578370
v -2.25593313 1.26878595 -3.37624252
v -2.52688822 1.26878595 -3.29310485
v -2.79945147 1.26878595 -3.19216260
v -3.06982718 1.26878595 -3.06982718
v -3.33356265 1.26878595 -2.92345598
v -3.58589420 1.26878595 -2.75155340
v -3.82209085 1.26878595 -2.55383946
v -4.03775310 1.26878595 -2.33119784
v -4.22903599 1.26878595 -2.08552975
v -4.39278130 1.26878595 -1.81954959
v -4.52656007 1.26878595 -1.53656009
v -4.62864189 1.26878595 -1.24024086
v -4.69791790 1.26878595 -0.93447397
v -4.73380940 1.26878595 -0.62321783
v -4.73619225 1.26878595 -0.31042644
v -4.70535967 1.26878595 -0.00000000
v -4.64203397 1.26878595 0.30425498
v -4.54742345 1.26878595 0.59867966
v -4.42330743 1.26878595 0.87985055
v -4.27212147 1.26878595 1.14471150
v -4.09701038 1.26878595 1.39074762
v -3.90181735 1.26878595 1.61618566
v -3.69098571 1.26878595 1.82019272
v -3.46936305 1.26878595 2.00303769
v -3.24191400 1.26878595 2.16617768
v -3.01336553 1.26878595 2.31223670
v -2.78782318 1.26878595 2.44485531
v -2.56840716 1.26878595 2.56840716
v -2.35695971 1.26878595 2.68759745
v -2.15387039 1.26878595 2.80697854
v -1.95805310 1.26878595 2.93043355
v -1.76708977 1.26878595 3.06068927
v -1.57753350 1.26878595 3.19892150
v -1.38534087 1.26878595 3.34450871
v -1.18638399 1.26878595 3.49497454
v -0.97697948 1.26878595 3.64613705
v -0.75436657 1.26878595 3.79245686
v -0.51707171 1.26878595 3.92754959
v -0.26511057 1.26878595 4.04480570
v -0.00000000 1.26878595 4.13804461
v 0.27542177 1.26878595 4.20212412
v 0.55734163 1.26878595 4.23342995
v 0.84143616 1.26878595 4.23018526
v 1.12338844 1.26878595 4.19254273
v 1.39938333 1.26878595 4.12245037
v 1.66651046 1.26878595 4.02331215
v 1.92301657 1.26878595 3.89949184
v 2.16837105 1.26878595 3.75572884
v 2.40313530 1.26878595 3.59654614
v 2.62865549 1.26878595 3.42573053
v 2.84662498 1.26878595 3.24595368
v 3.05858221 1.26878595 3.05858221
v 3.26542077 1.26878595 2.86369716
v 3.46698774 1.26878595 2.66031326
v 3.66183472 1.26878595 2.44675973
v 3.84716479 1.26878595 2.22116163
v 4.01899078 1.26878595 1.98194692
v 4.17248945 1.26878595 1.72830172
v 4.30250784 1.26878595 1.46050461
v 4.40415482 1.26878595 1.18008973
v 4.47339740 1.26878595 0.88981407
v 4.50757926 1.26878595 0.59343407
v 4.50578812 1.26878595 0.29532496
v 4.44292202 1.77630033 0.00000000
v 4.37202504 1.77630033 -0.28655766
v 4.27423353 1.77630033 -0.56271352
v 4.15508149 1.77630033 -0.82649710
v 4.02048342 1.77630033 -1.07728529
v 3.87608638 1.77630033 -1.31575403
v 3.72667161 1.77630033 -1.54363793
v 3.57568350 1.77630033 -1.76333196
v 3.42494529 1.77630033 -1.97739308
v 3.27459517 1.77630033 -2.18801454
v 3.12324543 1.77630033 -2.39655051
v 2.96833709 1.77630033 -2.60316176
v 2.80663620 1.77630033 -2.80663620
v 2.63479962 1.77630033 -3.00441315
v 2.44993017 1.77630033 -3.19281116
v 2.25004492 1.77630033 -3.36743020
v 2.03439396 1.77630033 -3.52367370
v 1.80359022 1.77630033 -3.65731917
v 1.55953832 1.77630033 -3.76505857
v 1.30517919 1.77630033 -3.84493391
v 1.04409290 1.77630033 -3.89660773
v 0.78002113 1.77630033 -3.92143103
v 0.51638043 1.77630033 -3.92229881
v 0.25583660 1.77630033 -3.90331221
v 0.00000000 1.77630033 -3.86929191
v -0.25071728 1.77630033 -3.82520655
v -0.49706589 1.77630033 -3.77559024
v -0.74075418 1.77630033 -3.72402274
v -0.98410658 1.77630033 -3.67273576
v -1.22963592 1.77630033 -3.62239061
v -1.47959079 1.77630033 -3.57204816
v -1.73553997 1.77630033 -3.51932691
v -1.99804798 1.77630033 -3.46072062
v -2.26648093 1.77630033 -3.39202842
v -2.53896142 1.77630033 -3.30883895
v -2.81247004 1.77630033 -3.20700744
v -3.08307061 1.77630033 -3.08307061
v -3.34622145 1.77630033 -2.93455745
v -3.59712569 1.77630033 -2.76017162
v -3.83107324 1.77630033 -2.55984130
v -4.04373273 1.77630033 -2.33465018
v -4.23136438 1.77630033 -2.08667799
v -4.39094052 1.77630033 -1.81878712
v -4.52017687 1.77630033 -1.53439329
v -4.61749253 1.77630033 -1.23725339
v -4.68192663 1.77630033 -0.93129311
v -4.71304377 1.77630033 -0.62048398
v -4.71085786 1.77630033 -0.30876594
v -4.67579604 1.77630033 -0.00000000
v -4.60871166 1.77630033 0.30207092
v -4.51094129 1.77630033 0.59387669
v -4.38438741 1.77630033 0.87210888
v -4.23159829 1.77630033 1.13385334
v -4.05581269 1.77630033 1.37676289
v -3.86093853 1.77630033 1.59925310
v -3.65144352 1.77630033 1.80069267
v -3.43214929 1.77630033 1.98155231
v -3.20793749 1.77630033 2.14347530
v -2.98339325 1.77630033 2.28923816
v -2.76242590 1.77630033 2.42258249
v -2.54791606 1.77630033 2.54791606
v -2.34144015 1.77630033 2.66990079
v -2.14311720 1.77630033 2.79296471
v -1.95160966 1.77630033 2.92079026
v -1.76429030 1.77630033 3.05584044
v -1.57756484 1.77630033 3.19898503
v -1.38731764 1.77630033 3.34928106
v -1.18942906 1.77630033 3.50394501
v -0.98030055 1.77630033 3.65853146
v -0.75732037 1.77630033 3.80730662
v -0.51920837 1.77630033 3.94377908
v -0.26619354 1.77630033 4.06132853
v -0.00000000 1.77630033 4.15385817
v 0.27635692 1.77630033 4.21639175
v 0.55893620 1.77630033 4.24554191
v 0.84334707 1.77630033 4.23979202
v 1.12526812 1.77630033 4.19955781
v 1.40093581 1.77630033 4.12702381
v 1.66753244 1.77630033 4.02577944
v 1.92341803 1.77630033 3.90030593
v 2.16817267 1.77630033 3.75538523
v 2.40244382 1.77630033 3.59551126
v 2.62762143 1.77630033 3.42438292
v 2.84538992 1.77630033 3.24454537
v 3.05722449 1.77630033 3.05722449
v 3.26390897 1.77630033 2.86237134
v 3.46515016 1.77630033 2.65890324
v 3.65935101 1.77630033 2.44510017
v 3.84358240 1.77630033 2.21909333
v 4.01376542 1.77630033 1.97937006
v 4.16504510 1.77630033 1.72521817
v 4.29230869 1.77630033 1.45704246
v 4.39077949 1.77630033 1.17650582
v 4.45660531 1.77630033 0.88647391
v 4.48735952 1.77630033 0.59077209
v 4.48238373 1.77630033 0.29379095
v 4.41631396 2.28381471 0.00000000
v 4.34359263 2.28381471 -0.28469410
v 4.24485491 2.28381471 -0.55884575
v 4.12570067 2.28381471 -0.82065289
v 3.99202351 2.28381471 -1.06965947
v 3.84936597 2.28381471 -1.30668367
v 3.70233477 2.28381471 -1.53355728
v 3.55415164 2.28381471 -1.75271363
v 3.40639645 2.28381471 -1.96668391
v 3.25897223 2.28381471 -2.17757562
v 3.11029110 2.28381471 -2.38661030
v 2.95765000 2.28381471 -2.59378944
v 2.79773951 2.28381471 -2.79773951
v 2.62721238 2.28381471 -2.99576156
v 2.44323163 2.28381471 -3.18408145
v 2.24392301 2.28381471 -3.35826811
v 2.02867217 2.28381471 -3.51376327
v 1.79823002 2.28381471 -3.64644975
v 1.55461802 2.28381471 -3.75317991
v 1.30085359 2.28381471 -3.83219112
v 1.04054066 2.28381471 -3.88335062
v 0.77738849 2.28381471 -3.90819584
v 0.51473018 2.28381471 -3.90976389
v 0.25511041 2.28381471 -3.89223278
v 0.00000000 2.28381471 -3.86042183
v -0.25032469 2.28381471 -3.81921666
v -0.49672399 2.28381471 -3.77299329
v -0.74097122 2.28381471 -3.72511386
v -0.98539805 2.28381471 -3.67755559
v -1.23246165 2.28381471 -3.63071494
v -1.48429493 2.28381471 -3.58340495
v -1.74230151 2.28381471 -3.53303796
v -2.00684783 2.28381471 -3.47596240
v -2.27708918 2.28381471 -3.40790479
v -2.55094579 2.28381471 -3.32445728
v -2.82522364 2.28381471 -3.22155013
v -3.09585504 2.28381471 -3.09585504
v -3.35821957 2.28381471 -2.94507952
v -3.60749782 2.28381471 -2.76813044
v -3.83901073 2.28381471 -2.56514496
v -4.04850410 2.28381471 -2.33740493
v -4.23235079 2.28381471 -2.08716443
v -4.38765931 2.28381471 -1.81742799
v -4.51229384 2.28381471 -1.53171736
v -4.60482511 2.28381471 -1.23385917
v -4.66444096 2.28381471 -0.92781499
v -4.69084877 2.28381471 -0.61756196
v -4.68419907 2.28381471 -0.30701863
v -4.64505059 2.28381471 -0.00000000
v -4.57438456 2.28381471 0.29982100
v -4.47366162 2.28381471 0.58896873
v -4.34490203 2.28381471 0.86425475
v -4.19076007 2.28381471 1.12291078
v -4.01456031 2.28381471 1.36275960
v -3.82026600 2.28381471 1.58240599
v -3.61235879 2.28381471 1.78141821
v -3.39562347 2.28381471 1.96046413
v -3.17484807 2.28381471 2.12136566
v -2.95446637 2.28381471 2.26704178
v -2.73818399 2.28381471 2.40132291
v -2.52863733 2.28381471 2.52863733
v -2.32713577 2.28381471 2.65358977
v -2.13353035 2.28381471 2.78047088
v -1.94623834 2.28381471 2.91275151
v -1.76243277 2.28381471 3.05262310
v -1.57838383 2.28381471 3.20064579
v -1.38991686 2.28381471 3.35555614
v -1.19293361 2.28381471 3.51426909
v -0.98393235 2.28381471 3.67208552
v -0.76045993 2.28381471 3.82309025
v -0.52143604 2.28381471 3.96069993
v -0.26730585 2.28381471 4.07829916
v -0.00000000 2.28381471 4.16988954
v 0.27729297 2.28381471 4.23067314
v 0.56051030 2.28381471 4.25749842
v 0.84520128 2.28381471 4.24911377
v 1.12704752 2.28381471 4.20619860
v 1.40234350 2.28381471 4.13117074
v 1.66836883 2.28381471 4.02779865
v 1.92359896 2.28381471 3.90067282
v 2.16772440 2.28381471 3.75460879
v 2.40147618 2.28381471 3.59406309
v 2.62628413 2.28381471 3.42264011
v 2.84381923 2.28381471 3.24275433
v 3.05548951 2.28381471 3.05548951
v 3.26196660 2.28381471 2.86066793
v 3.46281695 2.28381471 2.65711290
v 3.65629736 2.28381471 2.44305979
v 3.83935179 2.28381471 2.21665079
v 4.00781710 2.28381471 1.97643667
v 4.15681549 2.28381471 1.72180935
v 4.28128355 2.28381471 1.45329993
v 4.37656725 2.28381471 1.17269766
v 4.43900125 2.28381471 0.88297225
v 4.46639155 2.28381471 0.58801160
v 4.45833290 2.28381471 0.29221458
v 4.38927260 2.79132909 0.00000000
v 4.31489052 2.79132909 -0.28281287
v 4.21538271 2.79132909 -0.55496566
v 4.09640270 2.79132909 -0.81482516
v 3.96381097 2.79132909 -1.06209995
v 3.82303475 2.79132909 -1.29774543
v 3.67849796 2.79132909 -1.52368374
v 3.53319483 2.79132909 -1.74237887
v 3.38846074 2.79132909 -1.95632872
v 3.24396613 2.79132909 -2.16754887
v 3.09792866 2.79132909 -2.37712426
v 2.94750896 2.79132909 -2.58489598
v 2.78933095 2.79132909 -2.78933095
v 2.62005187 2.79132909 -2.98759656
v 2.43690201 2.79132909 -3.17583254
v 2.23812077 2.79132909 -3.34958444
v 2.02323150 2.79132909 -3.50433975
v 1.79312245 2.79132909 -3.63609263
v 1.54992893 2.79132909 -3.74185945
v 1.29674016 2.79132909 -3.82007333
v 1.03717859 2.79132909 -3.87080319
v 0.77491613 2.79132909 -3.89576645
v 0.51319896 2.79132909 -3.89813314
v 0.25444937 2.79132909 -3.88214726
v 0.00000000 2.79132909 -3.85261536
v -0.25000437 2.79132909 -3.81432955
v -0.49652730 2.79132909 -3.77149932
v -0.74139890 2.79132909 -3.72726397
v -0.98694926 2.79132909 -3.68334476
v -1.23557140 2.79132909 -3.63987598
v -1.48927556 2.79132909 -3.59542926
v -1.74929550 2.79132909 -3.54722036
v -2.01579782 2.79132909 -3.49146424
v -2.28772847 2.79132909 -3.42382762
v -2.56280988 2.79132909 -3.33991886
v -2.83768065 2.79132909 -3.23575463
v -3.10815083 2.79132909 -3.10815083
v -3.36953158 2.79132909 -2.95499989
v -3.61699153 2.79132909 -2.77541521
v -3.84589265 2.79132909 -2.56974332
v -4.05206668 2.79132909 -2.33946179
v -4.23200621 2.79132909 -2.08699450
v -4.38296113 2.79132909 -1.81548194
v -4.50294748 2.79132909 -1.52854470
v -4.59068931 2.79132909 -1.23007149
v -4.64552342 2.79132909 -0.92405206
v -4.66729916 2.79132909 -0.61446159
v -4.65630187 2.79132909 -0.30519015
v -4.61321923 2.79132909 -0.00000000
v -4.53915682 2.79132909 0.29751206
v -4.43569490 2.79132909 0.58397031
v -4.30496586 2.79132909 0.85631095
v -4.14972307 2.79132909 1.11191495
v -3.97336868 2.79132909 1.34877692
v -3.77991173 2.79132909 1.56569070
v -3.57383744 2.79132909 1.76242159
v -3.35988308 2.79132909 1.93982940
v -3.14273271 2.79132909 2.09990686
v -2.92665970 2.79132909 2.24570497
v -2.71515906 2.79132909 2.38113059
v -2.51061896 2.79132909 2.51061896
v -2.31408121 2.79132909 2.63870389
v -2.12513208 2.79132909 2.76952605
v -1.94195047 2.79132909 2.90633426
v -1.76151959 2.79132909 3.05104143
v -1.57998627 2.79132909 3.20389522
v -1.39313005 2.79132909 3.36331345
v -1.19688715 2.79132909 3.52591586
v -0.98786436 2.79132909 3.68675998
v -0.76377630 2.79132909 3.83976275
v -0.52374841 2.79132909 3.97826417
v -0.26844435 2.79132909 4.09566934
v -0.00000000 2.79132909 4.18609271
v 0.27822719 2.79132909 4.24492658
v 0.56205921 2.79132909 4.26926355
v 0.84699299 2.79132909 4.25812130
v 1.12872067 2.79132909 4.21244290
v 1.40360115 2.79132909 4.13487564
v 1.66901571 2.79132909 4.02936037
v 1.92355724 2.79132909 3.90058822
v 2.16702612 2.79132909 3.75339933
v 2.40023435 2.79132909 3.59220456
v 2.62464759 2.79132909 3.42050733
v 2.84191895 2.79132909 3.24058748
v 3.05338547 2.79132909 3.05338547
v 3.25960440 2.79132909 2.85859634
v 3.46000188 2.79132909 2.65495282
v 3.65269142 2.79132909 2.44065038
v 3.83449546 2.79132909 2.21384698
v 4.00117421 2.79132909 1.97316076
v 4.14783587 2.79132909 1.71808987
v 4.26947535 2.79132909 1.44929159
v 4.36156913 2.79132909 1.16867892
v 4.42064430 2.79132909 0.87932082
v 4.44474195 2.79132909 0.58516138
v 4.43370865 2.79132909 0.29060062
v 4.36187655 3.29884347 0.00000000
v 4.28599979 3.29884347 -0.28091927
v 4.18589836 3.29884347 -0.55108397
v 4.06726723 3.29884347 -0.80902975
v 3.93592169 3.29884347 -1.05462704
v 3.79716321 3.29884347 -1.28896322
v 3.65522513 3.29884347 -1.51404382
v 3.51286983 3.29884347 -1.73235569
v 3.37118765 3.29884347 -1.94635610
v 3.22961947 3.29884347 -2.15796274
v 3.08619450 3.29884347 -2.36812033
v 2.93794513 3.29884347 -2.57650873
v 2.78143748 3.29884347 -2.78143748
v 2.61334172 3.29884347 -2.97994510
v 2.43096243 3.29884347 -3.16809191
v 2.23265724 3.29884347 -3.34140769
v 2.01808912 3.29884347 -3.49543288
v 1.78828279 3.29884347 -3.62627877
v 1.54548420 3.29884347 -3.73112891
v 1.29284964 3.29884347 -3.80861223
v 1.03401481 3.29884347 -3.85899582
v 0.77260952 3.29884347 -3.88417037
v 0.51178981 3.29884347 -3.88742953
v 0.25385458 3.29884347 -3.87307240
v 0.00000000 3.29884347 -3.84588160
v -0.24975635 3.29884347 -3.81054553
v -0.49647464 3.29884347 -3.77109931
v -0.74203358 3.29884347 -3.73045474
v -0.98875298 3.29884347 -3.69007638
v -1.23895356 3.29884347 -3.64983951
v -1.49451623 3.29884347 -3.60808134
v -1.75650068 3.29884347 -3.56183104
v -2.02487250 3.29884347 -3.50718205
v -2.29837027 3.29884347 -3.43975419
v -2.57452361 3.29884347 -3.35518449
v -2.84981137 3.29884347 -3.24958707
v -3.11993077 3.29884347 -3.11993077
v -3.38013498 3.29884347 -2.96429882
v -3.62559116 3.29884347 -2.78201395
v -3.85171215 3.29884347 -2.57363178
v -4.05442405 3.29884347 -2.34082282
v -4.23034589 3.29884347 -2.08617573
v -4.37687380 3.29884347 -1.81296049
v -4.49217857 3.29884347 -1.52488915
v -4.57513888 3.29884347 -1.22590477
v -4.62524040 3.29884347 -0.92001752
v -4.64247317 3.29884347 -0.61119319
v -4.62725521 3.29884347 -0.30328633
v -4.58040021 3.29884347 -0.00000000
v -4.50313431 3.29884347 0.29515102
v -4.39715261 3.29884347 0.57889612
v -4.26469379 3.29884347 0.84830034
v -4.10860318 3.29884347 1.10089690
v -3.93235208 3.29884347 1.33485366
v -3.73998587 3.29884347 1.54915287
v -3.53598301 3.29884347 1.74375385
v -3.32502271 3.29884347 1.91970275
v -3.11167508 3.29884347 2.07915482
v -2.90004454 3.29884347 2.22528244
v -2.69340910 3.29884347 2.36205639
v -2.49390537 3.29884347 2.49390537
v -2.30230770 3.29884347 2.62527879
v -2.11794150 3.29884347 2.76015510
v -1.93875464 3.29884347 2.90155137
v -1.76155089 3.29884347 3.05109564
v -1.58236610 3.29884347 3.20872103
v -1.39694732 3.29884347 3.37252917
v -1.20127825 3.29884347 3.53885160
v -0.99208549 3.29884347 3.70251347
v -0.76726024 3.29884347 3.85727769
v -0.52613908 3.29884347 3.99642307
v -0.26960587 3.29884347 4.11339073
v -0.00000000 3.29884347 4.20242217
v 0.27915691 3.29884347 4.25911134
v 0.56357838 3.29884347 4.28080281
v 0.84871672 3.29884347 4.26678710
v 1.13028214 3.29884347 4.21827036
v 1.40470417 3.29884347 4.13812506
v 1.66947004 3.29884347 4.03045721
v 1.92329176 3.29884347 3.90004989
v 2.16607888 3.29884347 3.75175867
v 2.39872158 3.29884347 3.58994053
v 2.62271722 3.29884347 3.41799163
v 2.83969668 3.29884347 3.23805347
v 3.05092231 3.29884347 3.05092231
v 3.25683492 3.29884347 2.85616757
v 3.45672073 3.29884347 2.65243511
v 3.64855297 3.29884347 2.43788516
v 3.82903816 3.29884347 2.21069621
v 3.99386747 3.29884347 1.96955748
v 4.13814385 3.29884347 1.71407531
v 4.25692927 3.29884347 1.44503277
v 4.34583824 3.29884347 1.16446385
v 4.40159542 3.29884347 0.87553176
v 4.42247887 3.29884347 0.58223039
v 4.40858518 3.29884347 0.28895394
v 4.33420501 3.80635785 0.00000000
v 4.25700165 3.80635785 -0.27901863
v 4.15648297 3.80635785 -0.54721136
v 4.03837311 3.80635785 -0.80328236
v 3.90843043 3.80635785 -1.04726078
v 3.77182048 3.80635785 -1.28036052
v 3.63257869 3.80635785 -1.50466336
v 3.49323182 3.80635785 -1.72267129
v 3.35462506 3.80635785 -1.93679368
v 3.21597326 3.80635785 -2.14884463
v 3.07512355 3.80635785 -2.35962529
v 2.92898831 3.80635785 -2.56865381
v 2.77408480 3.80635785 -2.77408480
v 2.60710447 3.80635785 -2.97283289
v 2.42543297 3.80635785 -3.16088579
v 2.22755055 3.80635785 -3.33376499
v 2.01326137 3.80635785 -3.48707098
v 1.78372553 3.80635785 -3.61703756
v 1.54129626 3.80635785 -3.72101833
v 1.28919214 3.80635785 -3.79783758
v 1.03105690 3.80635785 -3.84795675
v 0.77047369 3.80635785 -3.87343282
v 0.51050542 3.80635785 -3.87767361
v 0.25332696 3.80635785 -3.86502246
v 0.00000000 3.80635785 -3.84022712
v -0.24958050 3.80635785 -3.80786255
v -0.49656453 3.80635785 -3.77178210
v -0.74287127 3.80635785 -3.73466609
v -0.99080167 3.80635785 -3.69772217
v -1.24259624 3.80635785 -3.66057049
v -1.50000037 3.80635785 -3.62132124
v -1.76389601 3.80635785 -3.57682728
v -2.03404699 3.80635785 -3.52307272
v -2.30898700 3.80635785 -3.45564326
v -2.58605837 3.80635785 -3.37021688
v -2.86158810 3.80635785 -3.26301585
v -3.13117017 3.80635785 -3.13117017
v -3.39001028 3.80635785 -2.97295922
v -3.63328452 3.80635785 -2.78791727
v -3.85646615 3.80635785 -2.57680830
v -4.05558381 3.80635785 -2.34149240
v -4.22738930 3.80635785 -2.08471770
v -4.36942933 3.80635785 -1.80987689
v -4.48003203 3.80635785 -1.52076595
v -4.55823153 3.80635785 -1.22137446
v -4.60366184 3.80635785 -0.91572528
v -4.61645217 3.80635785 -0.60776746
v -4.59715071 3.80635785 -0.30131318
v -4.54669389 3.80635785 -0.00000000
v -4.46642434 3.80635785 0.29274492
v -4.35814700 3.80635785 0.57376094
v -4.22420075 3.80635785 0.84024577
v -4.06751558 3.80635785 1.08988751
v -3.89162349 3.80635785 1.32102817
v -3.70059660 3.80635785 1.53283730
v -3.49889646 3.80635785 1.72546478
v -3.29113390 3.80635785 1.90013704
v -3.08175552 3.80635785 2.05916321
v -2.87468861 3.80635785 2.20582615
v -2.67298845 3.80635785 2.34414796
v -2.47853736 3.80635785 2.47853736
v -2.29184311 3.80635785 2.61334620
v -2.11197464 3.80635785 2.75237894
v -1.93665679 3.80635785 2.89841171
v -1.76252458 3.80635785 3.05278212
v -1.58551553 3.80635785 3.21510745
v -1.40135756 3.80635785 3.38317643
v -1.20609460 3.80635785 3.55304012
v -0.99658417 3.80635785 3.71930276
v -0.77090227 3.80635785 3.87558745
v -0.52860155 3.80635785 4.01512737
v -0.27078725 3.80635785 4.13141513
v -0.00000000 3.80635785 4.21883311
v 0.28007953 3.80635785 4.27318791
v 0.56506348 3.80635785 4.29208325
v 0.85036738 3.80635785 4.27508550
v 1.13172700 3.80635785 4.22366268
v 1.40564872 3.80635785 4.14090759
v 1.66972963 3.80635785 4.03108393
v 1.92280244 3.80635785 3.89905765
v 2.16488489 3.80635785 3.74969061
v 2.39694238 3.80635785 3.58727778
v 2.62049987 3.80635785 3.41510193
v 2.83716157 3.80635785 3.23516273
v 3.04811161 3.80635785 3.04811161
v 3.25367257 3.80635785 2.85339426
v 3.45299128 3.80635785 2.64957339
v 3.64390392 3.80635785 2.43477876
v 3.82300683 3.80635785 2.20721403
v 3.98592984 3.80635785 1.96564307
v 4.12777928 3.80635785 1.70978216
v 4.24369269 3.80635785 1.44053956
v 4.32942973 3.80635785 1.16006720
v 4.38191731 3.80635785 0.87161755
v 4.39967186 3.80635785 0.57922779
v 4.38303768 3.80635785 0.28727947
v 4.30633755 4.31387223 0.00000000
v 4.22797723 4.31387223 -0.27711627
v 4.12721711 4.31387223 -0.54335844
v 4.00979836 4.31387223 -0.79759848
v 3.88141075 4.31387223 -1.04002088
v 3.74707422 4.31387223 -1.27196030
v 3.61061945 4.31387223 -1.49556755
v 3.47433425 4.31387223 -1.71335204
v 3.33881916 4.31387223 -1.92766814
v 3.20306690 4.31387223 -2.14022088
v 3.06474922 4.31387223 -2.35166479
v 2.92066694 4.31387223 -2.56135616
v 2.76729738 4.31387223 -2.76729738
v 2.60136159 4.31387223 -2.96628438
v 2.42033279 4.31387223 -3.15423910
v 2.22281796 4.31387223 -3.32668217
v 2.00876380 4.31387223 -3.47928096
v 1.77946442 4.31387223 -3.60839690
v 1.53737685 4.31387223 -3.71155604
v 1.28577713 4.31387223 -3.78777728
v 1.02831188 4.31387223 -3.83771219
v 0.76851321 4.31387223 -3.86357679
v 0.50934818 4.31387223 -3.86888355
v 0.25286729 4.31387223 -3.85800928
v 0.00000000 4.31387223 -3.83565615
v -0.24947653 4.31387223 -3.80627632
v -0.49679525 4.31387223 -3.77353459
v -0.74390765 4.31387223 -3.73987632
v -0.99308744 4.31387223 -3.70625277
v -1.24648734 4.31387223 -3.67203329
v -1.50571143 4.31387223 -3.63510895
v -1.77146069 4.31387223 -3.59216692
v -2.04329702 4.31387223 -3.53909425
v -2.31955222 4.31387223 -3.47145523
v -2.59738715 4.31387223 -3.38498084
v -2.87298521 4.31387223 -3.27601176
v -3.14184695 4.31387223 -3.14184695
v -3.39914104 4.31387223 -2.98096669
v -3.64006285 4.31387223 -2.79311846
v -3.86015536 4.31387223 -2.57927335
v -4.05555756 4.31387223 -2.34147725
v -4.22315996 4.31387223 -2.08263202
v -4.36066384 4.31387223 -1.80624610
v -4.46655671 4.31387223 -1.51619170
v -4.54002863 4.31387223 -1.21649700
v -4.58086109 4.31387223 -0.91118992
v -4.58932048 4.31387223 -0.60419550
v -4.56608238 4.31387223 -0.29927685
v -4.51220242 4.31387223 -0.00000000
v -4.42913538 4.31387223 0.29030087
v -4.31879079 4.31387223 0.56857959
v -4.18360144 4.31387223 0.83217007
v -4.02657456 4.31387223 1.07891740
v -3.85129426 4.31387223 1.30733824
v -3.66184990 4.31387223 1.51678789
v -3.46267603 4.31387223 1.70760285
v -3.25830509 4.31387223 1.88118332
v -3.05305088 4.31387223 2.03998338
v -2.85065599 4.31387223 2.18738527
v -2.65394778 4.31387223 2.32744974
v -2.46455222 4.31387223 2.46455222
v -2.28271195 4.31387223 2.60293411
v -2.10724457 4.31387223 2.74621459
v -1.93566027 4.31387223 2.89692032
v -1.76443647 4.31387223 3.05609361
v -1.58942516 4.31387223 3.22303539
v -1.40634846 4.31387223 3.39522553
v -1.21132316 4.31387223 3.56844295
v -1.00134837 4.31387223 3.73708300
v -0.77469275 4.31387223 3.89464346
v -0.53112930 4.31387223 4.03432754
v -0.27198536 4.31387223 4.14969467
v -0.00000000 4.31387223 4.23528160
v 0.28099256 4.31387223 4.28711808
v 0.56651039 4.31387223 4.30307363
v 0.85194023 4.31387223 4.28299277
v 1.13305093 4.31387223 4.22860364
v 1.40643165 4.31387223 4.14321402
v 1.66979321 4.31387223 4.03123741
v 1.92209024 4.31387223 3.89761343
v 2.16344751 4.31387223 3.74720102
v 2.39490260 4.31387223 3.58422503
v 2.61800379 4.31387223 3.41184897
v 2.83432432 4.31387223 3.23192747
v 3.04496666 4.31387223 3.04496666
v 3.25013353 4.31387223 2.85029061
v 3.44883318 4.31387223 2.64638277
v 3.63876818 4.31387223 2.43134716
v 3.81643055 4.31387223 2.20341720
v 3.97739643 4.31387223 1.96143486
v 4.11678412 4.31387223 1.70522781
v 4.22981497 4.31387223 1.43582871
v 4.31240056 4.31387223 1.15550425
v 4.36167425 4.31387223 0.86759095
v 4.37639171 4.31387223 0.57616290
v 4.35714218 4.31387223 0.28558219
v 4.27835396 4.82138661 0.00000000
v 4.19900744 4.82138661 -0.27521749
v 4.09818074 4.82138661 -0.53953573
v 3.98161994 4.82138661 -0.79199345
v 3.85493490 4.82138661 -1.03292669
v 3.72299057 4.82138661 -1.26378500
v 3.58940652 4.82138661 -1.48678086
v 3.45622884 4.82138661 -1.70442344
v 3.32381440 4.82138661 -1.91900514
v 3.19093814 4.82138661 -2.13211670
v 3.05510344 4.82138661 -2.34426332
v 2.91300811 4.82138661 -2.55463955
v 2.76109852 4.82138661 -2.76109852
v 2.59613345 4.82138661 -2.96032283
v 2.41568004 4.82138661 -3.14817552
v 2.21847584 4.82138661 -3.32018373
v 2.00461113 4.82138661 -3.47208832
v 1.77551247 4.82138661 -3.60038312
v 1.53373702 4.82138661 -3.70276872
v 1.28261345 4.82138661 -3.77845737
v 1.02578623 4.82138661 -3.82828632
v 0.76673221 4.82138661 -3.85462313
v 0.50832021 4.82138661 -3.86107529
v 0.25247620 4.82138661 -3.85204244
v 0.00000000 4.82138661 -3.83217070
v -0.24944404 4.82138661 -3.80578054
v -0.49716484 4.82138661 -3.77634188
v -0.74513813 4.82138661 -3.74606235
v -0.99560216 4.82138661 -3.71563786
v -1.25061463 4.82138661 -3.68419188
v -1.51163291 4.82138661 -3.64940467
v -1.77917430 4.82138661 -3.60780859
v -2.05259911 4.82138661 -3.55520594
v -2.33004065 4.82138661 -3.48715226
v -2.60848460 4.82138661 -3.39944331
v -2.88397924 4.82138661 -3.28854805
v -3.15194164 4.82138661 -3.15194164
v -3.40751392 4.82138661 -2.98830951
v -3.64592084 4.82138661 -2.79761345
v -3.86278420 4.82138661 -2.58102989
v -4.05436081 4.82138661 -2.34078630
v -4.21768539 4.82138661 -2.07993226
v -4.35061735 4.82138661 -1.80208471
v -4.45180523 4.82138661 -1.51118425
v -4.52059508 4.82138661 -1.21128980
v -4.55691459 4.82138661 -0.90642667
v -4.56116506 4.82138661 -0.60048877
v -4.53414637 4.82138661 -0.29718365
v -4.47702950 4.82138661 -0.00000000
v -4.39137679 4.82138661 0.28782604
v -4.27919690 4.82138661 0.56336696
v -4.14301010 4.82138661 0.82409595
v -3.98589325 4.82138661 1.06801688
v -3.81147397 4.82138661 1.29382107
v -3.62384939 4.82138661 1.50104756
v -3.42741711 4.82138661 1.69021507
v -3.22662143 4.82138661 1.86289075
v -3.02563451 4.82138661 2.02166435
v -2.82800711 4.82138661 2.17000618
v -2.63633411 4.82138661 2.31200296
v -2.45198371 4.82138661 2.45198371
v -2.27493550 4.82138661 2.59406677
v -2.10376144 4.82138661 2.74167529
v -1.93576598 4.82138661 2.89707852
v -1.76728036 4.82138661 3.06101938
v -1.59408404 4.82138661 3.23248266
v -1.41190663 4.82138661 3.40864415
v -1.21695018 4.82138661 3.58501962
v -1.00636571 4.82138661 3.75580797
v -0.77862186 4.82138661 3.91439643
v -0.53371580 4.82138661 4.05397399
v -0.27319708 4.82138661 4.16818201
v -0.00000000 4.82138661 4.25172479
v 0.28189360 4.82138661 4.30086520
v 0.56791524 4.82138661 4.31374454
v 0.85343098 4.82138661 4.29048727
v 1.13425016 4.82138661 4.23307921
v 1.40705059 4.82138661 4.14503736
v 1.66966039 4.82138661 4.03091676
v 1.92115716 4.82138661 3.89572133
v 2.16177133 4.82138661 3.74429777
v 2.39260936 4.82138661 3.58079295
v 2.61523864 4.82138661 3.40824536
v 2.83119713 4.82138661 3.22836160
v 3.04150237 4.82138661 3.04150237
v 3.24623576 4.82138661 2.84687236
v 3.44426800 4.82138661 2.64287979
v 3.63317165 4.82138661 2.42760768
v 3.80934040 4.82138661 2.19932371
v 3.96830441 4.82138661 1.95695117
v 4.10520235 4.82138661 1.70043049
v 4.21534738 4.82138661 1.43091762
v 4.29480938 4.82138661 1.15079070
v 4.34093190 4.82138661 0.86346504
v 4.35271028 4.82138661 0.57304518
v 4.33097536 4.82138661 0.28386712
v 4.25033409 5.32890099 0.00000000
v 4.17017285 5.32890099 -0.27332757
v 4.06945305 5.32890099 -0.53575366
v 3.95391371 5.32890099 -0.78648234
v 3.82907369 5.32890099 -1.02599720
v 3.69963401 5.32890099 -1.25585652
v 3.56899726 5.32890099 -1.47832707
v 3.43896555 5.32890099 -1.69591013
v 3.30965353 5.32890099 -1.91082936
v 3.17962312 5.32890099 -2.12455625
v 3.04621660 5.32890099 -2.33744421
v 2.90603754 5.32890099 -2.54852652
v 2.75551029 5.32890099 -2.75551029
v 2.59143936 5.32890099 -2.95497025
v 2.41149195 5.32890099 -3.14271749
v 2.21453971 5.32890099 -3.31429290
v 2.00081729 5.32890099 -3.46551721
v 1.77188193 5.32890099 -3.59302111
v 1.53038714 5.32890099 -3.69468140
v 1.27970934 5.32890099 -3.76990214
v 1.02348590 5.32890099 -3.81970139
v 0.76513445 5.32890099 -3.84659062
v 0.50742330 5.32890099 -3.85426265
v 0.25215418 5.32890099 -3.84712937
v 0.00000000 5.32890099 -3.82977073
v -0.24948247 5.32890099 -3.80636700
v -0.49767113 5.32890099 -3.78018751
v -0.74655788 5.32890099 -3.75319992
v -0.99833754 5.32890099 -3.72584642
v -1.25496581 5.32890099 -3.69701006
v -1.51774848 5.32890099 -3.66416897
v -1.78701690 5.32890099 -3.62371180
v -2.06193058 5.32890099 -3.57136853
v -2.34042828 5.32890099 -3.50269845
v -2.61932711 5.32890099 -3.41357355
v -2.89454897 5.32890099 -3.30060052
v -3.16143748 5.32890099 -3.16143748
v -3.41511865 5.32890099 -2.99497867
v -3.65085660 5.32890099 -2.80140080
v -3.86436078 5.32890099 -2.58208332
v -4.05201287 5.32890099 -2.33943072
v -4.21099697 5.32890099 -2.07663390
v -4.33933367 5.32890099 -1.79741086
v -4.43583382 5.32890099 -1.50576268
v -4.49999907 5.32890099 -1.20577112
v -4.53190171 5.32890099 -0.90145130
v -4.53207531 5.32890099 -0.59665903
v -4.50144068 5.32890099 -0.29504001
v -4.44128006 5.32890099 -0.00000000
v -4.35325853 5.32890099 0.28532764
v -4.23947821 5.32890099 0.55813790
v -4.10254020 5.32890099 0.81604598
v -3.94558338 5.32890099 1.05721588
v -3.77227020 5.32890099 1.28051318
v -3.58669612 5.32890099 1.48565818
v -3.39321208 5.32890099 1.67334702
v -3.19616473 5.32890099 1.84530657
v -2.99957616 5.32890099 2.00425272
v -2.80679873 5.32890099 2.15373242
v -2.62019084 5.32890099 2.29784570
v -2.44086211 5.32890099 2.44086211
v -2.26853185 5.32890099 2.58676481
v -2.10153260 5.32890099 2.73877061
v -1.93697244 5.32890099 2.89888411
v -1.77104817 5.32890099 3.06754542
v -1.59947981 5.32890099 3.24342420
v -1.41801771 5.32890099 3.42339760
v -1.22296132 5.32890099 3.60272786
v -1.01162350 5.32890099 3.77543029
v -0.78267971 5.32890099 3.93479662
v -0.53635455 5.32890099 4.07401730
v -0.27441938 5.32890099 4.18683060
v -0.00000000 5.32890099 4.26812111
v 0.28278034 5.32890099 4.31439427
v 0.56927443 5.32890099 4.32406857
v 0.85483574 5.32890099 4.29754949
v 1.13532153 5.32890099 4.23707763
v 1.40750394 5.32890099 4.14637291
v 1.66933174 5.32890099 4.03012334
v 1.92000627 5.32890099 3.89338757
v 2.15986206 5.32890099 3.74099083
v 2.39007108 5.32890099 3.57699415
v 2.61221550 5.32890099 3.40430552
v 2.82779375 5.32890099 3.22448078
v 3.03773528 5.32890099 3.03773528
v 3.24199896 5.32890099 2.84315678
v 3.43931912 5.32890099 2.63908238
v 3.62714214 5.32890099 2.42357889
v 3.80176945 5.32890099 2.19495262
v 3.95869291 5.32890099 1.95221130
v 4.09307984 5.32890099 1.69540918
v 4.20034295 5.32890099 1.42582430
v 4.27671639 5.32890099 1.14594270
v 4.31975721 5.32890099 0.85925313
v 4.32870029 5.32890099 0.56988420
v 4.30461440 5.32890099 0.28213933
v 4.22235771 5.83641536 0.00000000
v 4.14155348 5.83641536 -0.27145176
v 4.04111230 5.83641536 -0.53202253
v 3.92675427 5.83641536 -0.78107999
v 3.80389645 5.83641536 -1.01925098
v 3.67706737 5.83641536 -1.24819618
v 3.54944727 5.83641536 -1.47022920
v 3.42259255 5.83641536 -1.68783586
v 3.29637754 5.83641536 -1.90316446
v 3.16915633 5.83641536 -2.11756256
v 3.03811764 5.83641536 -2.33122966
v 2.89977962 5.83641536 -2.54303847
v 2.75055356 5.83641536 -2.75055356
v 2.58729759 5.83641536 -2.95024746
v 2.40778479 5.83641536 -3.13788623
v 2.21102424 5.83641536 -3.30903162
v 1.99739546 5.83641536 -3.45959042
v 1.76858435 5.83641536 -3.58633429
v 1.52733693 5.83641536 -3.68731754
v 1.27707245 5.83641536 -3.76213413
v 1.02141637 5.83641536 -3.81197779
v 0.76372325 5.83641536 -3.83949606
v 0.50665902 5.83641536 -3.84845736
v 0.25190158 5.83641536 -3.84327546
v 0.00000000 5.83641536 -3.82845427
v -0.24959120 5.83641536 -3.80802580
v -0.49831176 5.83641536 -3.78505362
v -0.74816188 5.83641536 -3.76126376
v -1.00128511 5.83641536 -3.73684691
v -1.25952861 5.83641536 -3.71045163
v -1.52404204 5.83641536 -3.67936297
v -1.79496906 5.83641536 -3.63983719
v -2.07126971 5.83641536 -3.58754437
v -2.35069248 5.83641536 -3.51805991
v -2.62989289 5.83641536 -3.42734314
v -2.90467543 5.83641536 -3.31214753
v -3.17032038 5.83641536 -3.17032038
v -3.42194804 5.83641536 -3.00096789
v -3.65487166 5.83641536 -2.80448166
v -3.86489682 5.83641536 -2.58244149
v -4.04853681 5.83641536 -2.33742382
v -4.20312979 5.83641536 -2.07275423
v -4.32686022 5.83641536 -1.79224419
v -4.41870207 5.83641536 -1.49994724
v -4.47831184 5.83641536 -1.19996004
v -4.50590444 5.83641536 -0.89628012
v -4.50214279 5.83641536 -0.59271834
v -4.46806495 5.83641536 -0.29285245
v -4.40506007 5.83641536 -0.00000000
v -4.31489092 5.83641536 0.28281289
v -4.19974728 5.83641536 0.55290722
v -4.06230429 5.83641536 0.80804256
v -3.90575511 5.83641536 1.04654393
v -3.73378835 5.83641536 1.26745036
v -3.55048849 5.83641536 1.47066049
v -3.36015021 5.83641536 1.65704271
v -3.16701339 5.83641536 1.82847603
v -2.97494200 5.83641536 1.98779269
v -2.78708395 5.83641536 2.13860473
v -2.60555776 5.83641536 2.28501283
v -2.43121433 5.83641536 2.43121433
v -2.26351601 5.83641536 2.58104533
v -2.10056270 5.83641536 2.73750661
v -1.93927591 5.83641536 2.90233151
v -1.77573003 5.83641536 3.07565463
v -1.60559878 5.83641536 3.25583225
v -1.42466644 5.83641536 3.43944904
v -1.22934170 5.83641536 3.62152386
v -1.01710879 5.83641536 3.79590170
v -0.78685635 5.83641536 3.95579401
v -0.53903910 5.83641536 4.09440842
v -0.27564925 5.83641536 4.20559481
v -0.00000000 5.83641536 4.28443038
v 0.28365061 5.83641536 4.32767207
v 0.57058460 5.83641536 4.33402035
v 0.85615109 5.83641536 4.30416219
v 1.13626252 5.83641536 4.24058947
v 1.40779090 5.83641536 4.14721826
v 1.66880876 5.83641536 4.02886073
v 1.91864173 5.83641536 3.89062055
v 2.15772665 5.83641536 3.73729219
v 2.38729749 5.83641536 3.57284318
v 2.60894682 5.83641536 3.40004569
v 2.82412939 5.83641536 3.22030237
v 3.03368350 5.83641536 3.03368350
v 3.23744448 5.83641536 2.83916261
v 3.43401170 5.83641536 2.63500986
v 3.62070929 5.83641536 2.41928060
v 3.79375263 5.83641536 2.19032410
v 3.94860291 5.83641536 1.94723546
v 4.08046424 5.83641536 1.69018363
v 4.18485630 5.83641536 1.42056730
v 4.25818317 5.83641536 1.14097674
v 4.29821820 5.83641536 0.85496876
v 4.30443524 5.83641536 0.56668965
v 4.27813680 5.83641536 0.28040390
v 4.19450435 6.34392974 0.00000000
v 4.11322872 6.34392974 -0.26959525
v 4.01323576 6.34392974 -0.52835251
v 3.90021490 6.34392974 -0.77580098
v 3.77947090 6.34392974 -1.01270618
v 3.65535172 6.34392974 -1.24082471
v 3.53081031 6.34392974 -1.46250952
v 3.40715617 6.34392974 -1.68022348
v 3.28402568 6.34392974 -1.89603311
v 3.15957063 6.34392974 -2.11115760
v 3.03083398 6.34392974 -2.32564071
v 2.89425742 6.34392974 -2.53819563
v 2.74624806 6.34392974 -2.74624806
v 2.58372536 6.34392974 -2.94617412
v 2.40457393 6.34392974 -3.13370176
v 2.20794327 6.34392974 -3.30442062
v 1.99435803 6.34392974 -3.45432944
v 1.76563059 6.34392974 -3.58034466
v 1.52459546 6.34392974 -3.68069905
v 1.27470987 6.34392974 -3.75517419
v 1.01958261 6.34392974 -3.80513409
v 0.76250159 6.34392974 -3.83335434
v 0.50602866 6.34392974 -3.84366927
v 0.25171864 6.34392974 -3.84048423
v 0.00000000 6.34392974 -3.82821758
v -0.24976946 6.34392974 -3.81074551
v -0.49908423 6.34392974 -3.79092112
v -0.74994493 6.34392974 -3.77022779
v -1.00443634 6.34392974 -3.74860746
v -1.26429079 6.34392974 -3.72448058
v -1.53049780 6.34392974 -3.69494854
v -1.80301200 6.34392974 -3.65614666
v -2.08059575 6.34392974 -3.60369755
v -2.36081202 6.34392974 -3.53320487
v -2.64016202 6.34392974 -3.44072613
v -2.91434198 6.34392974 -3.32317012
v -3.17857902 6.34392974 -3.17857902
v -3.42799799 6.34392974 -3.00627355
v -3.65797088 6.34392974 -2.80685978
v -3.86440756 6.34392974 -2.58211458
v -4.04395928 6.34392974 -2.33478098
v -4.19412253 6.34392974 -2.06831234
v -4.31324787 6.34392974 -1.78660577
v -4.40047278 6.34392974 -1.49375923
v -4.45560751 6.34392974 -1.19387643
v -4.47900722 6.34392974 -0.89092993
v -4.47146099 6.34392974 -0.58867901
v -4.43412014 6.34392974 -0.29062759
v -4.36847620 6.34392974 -0.00000000
v -4.27638439 6.34392974 0.28028904
v -4.16011612 6.34392974 0.54768968
v -4.02241372 6.34392974 0.80010784
v -3.86651680 6.34392974 1.03603006
v -3.69613149 6.34392974 1.25466758
v -3.51532205 6.34392974 1.45609407
v -3.32831757 6.34392974 1.64134459
v -3.13924229 6.34392974 1.81244238
v -2.95179454 6.34392974 1.97232606
v -2.76891219 6.34392974 2.12466105
v -2.59247112 6.34392974 2.27353615
v -2.42306392 6.34392974 2.42306392
v -2.25989996 6.34392974 2.57692202
v -2.10085379 6.34392974 2.73788597
v -1.94267052 6.34392974 2.90741190
v -1.78131438 6.34392974 3.08532701
v -1.61242606 6.34392974 3.26967661
v -1.43183676 6.34392974 3.45675971
v -1.23607600 6.34392974 3.64136248
v -1.02280849 6.34392974 3.81717325
v -0.79114183 6.34392974 3.97733858
v -0.54176305 6.34392974 4.11509890
v -0.27688378 6.34392974 4.22443012
v -0.00000000 6.34392974 4.30061402
v 0.28450237 6.34392974 4.34066735
v 0.57184272 6.34392974 4.34357670
v 0.85737405 6.34392974 4.31031043
v 1.13707124 6.34392974 4.24360763
v 1.40791145 6.34392974 4.14757338
v 1.66809387 6.34392974 4.02713484
v 1.91706874 6.34392974 3.88743084
v 2.15537320 6.34392974 3.73321589
v 2.38429956 6.34392974 3.56835647
v 2.60544643 6.34392974 3.39548389
v 2.82022071 6.34392974 3.21584539
v 3.02936673 6.34392974 3.02936673
v 3.23259535 6.34392974 2.83491003
v 3.42837261 6.34392974 2.63068283
v 3.61390452 6.34392974 2.41473380
v 3.78532664 6.34392974 2.18545935
v 3.93807711 6.34392974 1.94204472
v 4.06740483 6.34392974 1.68477424
v 4.16894358 6.34392974 1.41516565
v 4.23927256 6.34392974 1.13590966
v 4.27638383 6.34392974 0.85062563
v 4.27998917 6.34392974 0.56347126
v 4.25162025 6.34392974 0.27866591
v 4.16685314 6.85144412 0.00000000
v 4.08527719 6.85144412 -0.26776321
v 3.98589956 6.85144412 -0.52475363
v 3.87436745 6.85144412 -0.77065960
v 3.75586315 6.85144412 -1.00638050
v 3.63454633 6.85144412 -1.23376223
v 3.51313832 6.85144412 -1.45518954
v 3.39270092 6.85144412 -1.67309494
v 3.27263546 6.85144412 -1.88945696
v 3.15089727 6.85144412 -2.10536224
v 3.02439160 6.85144412 -2.32069730
v 2.88949271 6.85144412 -2.53401709
v 2.74261237 6.85144412 -2.74261237
v 2.58073890 6.85144412 -2.94276871
v 2.40187384 6.85144412 -3.13018293
v 2.20530983 6.85144412 -3.30047940
v 1.99171667 6.85144412 -3.44975446
v 1.76303082 6.85144412 -3.57507285
v 1.52217120 6.85144412 -3.67484635
v 1.27262813 6.85144412 -3.74904158
v 1.01798913 6.85144412 -3.79918717
v 0.76147207 6.85144412 -3.82817859
v 0.50553327 6.85144412 -3.83990638
v 0.25160546 6.85144412 -3.83875744
v 0.00000000 6.85144412 -3.82905534
v -0.25001641 6.85144412 -3.81451332
v -0.49998590 6.85144412 -3.79776992
v -0.75190174 6.85144412 -3.78006532
v -1.00778265 6.85144412 -3.76109606
v -1.26924028 6.85144412 -3.73906129
v -1.53710032 6.85144412 -3.71088844
v -1.81112762 6.85144412 -3.67260351
v -2.08988904 6.85144412 -3.61979400
v -2.37076717 6.85144412 -3.54810381
v -2.65011650 6.85144412 -3.45369906
v -2.92353432 6.85144412 -3.33365198
v -3.18620478 6.85144412 -3.18620478
v -3.43326746 6.85144412 -3.01089476
v -3.66016243 6.85144412 -2.80854142
v -3.86291172 6.85144412 -2.58111509
v -4.03831045 6.85144412 -2.33151962
v -4.18401729 6.85144412 -2.06332899
v -4.29855074 6.85144412 -1.78051801
v -4.38121175 6.85144412 -1.48722099
v -4.43196281 6.85144412 -1.18754086
v -4.45129668 6.85144412 -0.88541796
v -4.44012504 6.85144412 -0.58455355
v -4.39970834 6.85144412 -0.28837212
v -4.33163564 6.85144412 -0.00000000
v -4.23784924 6.85144412 0.27776331
v -4.12069601 6.85144412 0.54249992
v -3.98297848 6.85144412 0.79226368
v -3.82797487 6.85144412 1.02570277
v -3.65940021 6.85144412 1.24219898
v -3.48128945 6.85144412 1.44199730
v -3.29779695 6.85144412 1.62629348
v -3.11292284 6.85144412 1.79724684
v -2.93019266 6.85144412 1.95789214
v -2.75232926 6.85144412 2.11193652
v -2.58096365 6.85144412 2.26344437
v -2.41643121 6.85144412 2.41643121
v -2.25769280 6.85144412 2.57440523
v -2.10240543 6.85144412 2.73990811
v -1.94714837 6.85144412 2.91411347
v -1.78778813 6.85144412 3.09653987
v -1.61994565 6.85144412 3.28492482
v -1.43951190 6.85144412 3.47528915
v -1.24314854 6.85144412 3.66219749
v -1.02870935 6.85144412 3.83919557
v -0.79552624 6.85144412 3.99938047
v -0.54452013 6.85144412 4.13604102
v -0.27812014 6.85144412 4.24329333
v -0.00000000 6.85144412 4.31663516
v 0.28533369 6.85144412 4.35335086
v 0.57304603 6.85144412 4.35271671
v 0.85850213 6.85144412 4.31598168
v 1.13774643 6.85144412 4.24612748
v 1.40786638 6.85144412 4.14744061
v 1.66719046 6.85144412 4.02495382
v 1.91529358 6.85144412 3.88383117
v 2.15281098 6.85144412 3.72877800
v 2.38108956 6.85144412 3.56355236
v 2.60172950 6.85144412 3.39063990
v 2.81608583 6.85144412 3.21113046
v 3.02480612 6.85144412 3.02480612
v 3.22747613 6.85144412 2.83042060
v 3.42243034 6.85144412 2.62612317
v 3.60676091 6.85144412 2.40996059
v 3.77652985 6.85144412 2.18038053
v 3.92715989 6.85144412 1.93666093
v 4.05395242 6.85144412 1.67920207
v 4.15266223 6.85144412 1.40963888
v 4.22004848 6.85144412 1.13075858
v 4.25432386 6.85144412 0.84623763
v 4.25543657 6.85144412 0.56023885
v 4.22514245 6.85144412 0.27693047
v 4.13948273 7.35895850 0.00000000
v 4.05777662 7.35895850 -0.26596073
v 3.95917859 7.35895850 -0.52123575
v 3.84928225 7.35895850 -0.76566984
v 3.73313756 7.35895850 -1.00029120
v 3.61470868 7.35895850 -1.22702826
v 3.49648135 7.35895850 -1.44829000
v 3.37926949 7.35895850 -1.66647129
v 3.26224262 7.35895850 -1.88345666
v 3.14316589 7.35895850 -2.10019630
v 3.01881503 7.35895850 -2.31641824
v 2.88550597 7.35895850 -2.53052082
v 2.73966394 7.35895850 -2.73966394
v 2.57835344 7.35895850 -2.94004862
v 2.39969811 7.35895850 -3.12734746
v 2.20313616 7.35895850 -3.29722628
v 1.98948232 7.35895850 -3.44588446
v 1.76079456 7.35895850 -3.57053815
v 1.52007200 7.35895850 -3.66977843
v 1.27083324 7.35895850 -3.74375401
v 1.01664003 7.35895850 -3.79415223
v 0.76063696 7.35895850 -3.82398021
v 0.50517368 7.35895850 -3.83717503
v 0.25156205 7.35895850 -3.83809521
v 0.00000000 7.35895850 -3.83096075
v -0.25033115 7.35895850 -3.81931522
v -0.50101398 7.35895850 -3.80557903
v -0.75402690 7.35895850 -3.79074923
v -1.01131548 7.35895850 -3.77428075
v -1.27436515 7.35895850 -3.75415868
v -1.54383463 7.35895850 -3.72714649
v -1.81929858 7.35895850 -3.68917258
v -2.09913105 7.35895850 -3.63580163
v -2.38053975 7.35895850 -3.56272951
v -2.65974030 7.35895850 -3.46624105
v -2.93224051 7.35895850 -3.34357948
v -3.19319177 7.35895850 -3.19319177
v -3.43775843 7.35895850 -3.01483323
v -3.66145773 7.35895850 -2.80953533
v -3.86043136 7.35895850 -2.57945777
v -4.03162384 7.35895850 -2.32765911
v -4.17285947 7.35895850 -2.05782656
v -4.28282604 7.35895850 -1.77400463
v -4.36098757 7.35895850 -1.48035580
v -4.40745689 7.35895850 -1.18097451
v -4.42286138 7.35895850 -0.87976183
v -4.40823154 7.35895850 -0.58035469
v -4.36493248 7.35895850 -0.28609279
v -4.29464585 7.35895850 -0.00000000
v -4.19939540 7.35895850 0.27524292
v -4.08159722 7.35895850 0.53735247
v -3.94410697 7.35895850 0.78453165
v -3.79023359 7.35895850 1.01559003
v -3.62369246 7.35895850 1.23007784
v -3.44848027 7.35895850 1.42840730
v -3.26866778 7.35895850 1.61192856
v -3.08812287 7.35895850 1.78292857
v -2.91019161 7.35895850 1.94452787
v -2.73737738 7.35895850 2.10046354
v -2.57106469 7.35895850 2.25476322
v -2.41133337 7.35895850 2.41133337
v -2.25690082 7.35895850 2.57350216
v -2.10521481 7.35895850 2.74356936
v -1.95269963 7.35895850 2.92242152
v -1.79513672 7.35895850 3.10926801
v -1.62814053 7.35895850 3.30154240
v -1.44767450 7.35895850 3.49499540
v -1.25054332 7.35895850 3.68398182
v -1.03479808 7.35895850 3.86191900
v -0.79999972 7.35895850 4.02187019
v -0.54730419 7.35895850 4.15718802
v -0.27935559 7.35895850 4.26214263
v -0.00000000 7.35895850 4.33245876
v 0.28614280 7.35895850 4.36569552
v 0.57419207 7.35895850 4.36142178
v 0.85953332 7.35895850 4.32116580
v 1.13828750 7.35895850 4.24814678
v 1.40765729 7.35895850 4.14682467
v 1.66610286 7.35895850 4.02232811
v 1.91332358 7.35895850 3.87983640
v 2.15005042 7.35895850 3.72399657
v 2.37768097 7.35895850 3.55845103
v 2.59781252 7.35895850 3.38553519
v 2.81174424 7.35895850 3.20617982
v 3.02002433 7.35895850 3.02002433
v 3.22211294 7.35895850 2.82571721
v 3.41621499 7.35895850 2.62135396
v 3.59931313 7.35895850 2.40498415
v 3.76740225 7.35895850 2.17511070
v 3.91589709 7.35895850 1.93110674
v 4.04015922 7.35895850 1.67348874
v 4.13607094 7.35895850 1.40400690
v 4.20057582 7.35895850 1.12554090
v 4.23210866 7.35895850 0.84181875
v 4.23085218 7.35895850 0.55700226
v 4.19878101 7.35895850 0.27520265
v 4.11247109 7.86647288 0.00000000
v 4.03080372 7.86647288 -0.26419283
v 3.93314643 7.86647288 -0.51780855
v 3.82502806 7.86647288 -0.76084539
v 3.71135677 7.86647288 -0.99445505
v 3.59589435 7.86647288 -1.22064165
v 3.48088758 7.86647288 -1.44183084
v 3.36690272 7.86647288 -1.66037267
v 3.25288122 7.86647288 -1.87805185
v 3.13640455 7.86647288 -2.09567852
v 3.01412738 7.86647288 -2.31282129
v 2.88231646 7.86647288 -2.52772370
v 2.73741912 7.86647288 -2.73741912
v 2.57658327 7.86647288 -2.93803013
v 2.39805948 7.86647288 -3.12521195
v 2.20143376 7.86647288 -3.29467845
v 1.98766524 7.86647288 -3.44273719
v 1.75893068 7.86647288 -3.56675858
v 1.51830516 7.86647288 -3.66551290
v 1.26933071 7.86647288 -3.73932770
v 1.01553895 7.86647288 -3.79004295
v 0.75999821 7.86647288 -3.82076901
v 0.50495051 7.86647288 -3.83547994
v 0.25158833 7.86647288 -3.83849621
v 0.00000000 7.86647288 -3.83392570
v -0.25071267 7.86647288 -3.82513615
v -0.50216565 7.86647288 -3.81432678
v -0.75631497 7.86647288 -3.80225213
v -1.01502631 7.86647288 -3.78812977
v -1.27965375 7.86647288 -3.76973839
v -1.55068623 7.86647288 -3.74368772
v -1.82750836 7.86647288 -3.70582035
v -2.10830444 7.86647288 -3.65169040
v -2.39011316 7.86647288 -3.57705713
v -2.66901938 7.86647288 -3.47833377
v -2.94045099 7.86647288 -3.35294174
v -3.19953681 7.86647288 -3.19953681
v -3.44147586 7.86647288 -3.01809333
v -3.66187135 7.86647288 -2.80985271
v -3.85699178 7.86647288 -2.57715951
v -4.02393624 7.86647288 -2.32322067
v -4.16069760 7.86647288 -2.05182899
v -4.26613389 7.86647288 -1.76709052
v -4.33987140 7.86647288 -1.47318783
v -4.38217107 7.86647288 -1.17419920
v -4.39379161 7.86647288 -0.87397949
v -4.37587825 7.86647288 -0.57609530
v -4.32989614 7.86647288 -0.28379639
v -4.25761430 7.86647288 -0.00000000
v -4.16113225 7.86647288 0.27273502
v -4.04292888 7.86647288 0.53226168
v -3.90590586 7.86647288 0.77693298
v -3.75339498 7.86647288 1.00571915
v -3.58910349 7.86647288 1.21833647
v -3.41698101 7.86647288 1.41535988
v -3.24100611 7.86647288 1.59828734
v -3.06490666 7.86647288 1.76952469
v -2.89184303 7.86647288 1.93226774
v -2.72409522 7.86647288 2.09027178
v -2.56280020 7.86647288 2.24751545
v -2.40778449 7.86647288 2.40778449
v -2.25752765 7.86647288 2.57421692
v -2.10927688 7.86647288 2.74886314
v -1.95931270 7.86647288 2.93231868
v -1.80334428 7.86647288 3.12348392
v -1.63699281 7.86647288 3.31949304
v -1.45630665 7.86647288 3.51583526
v -1.25824414 7.86647288 3.70666770
v -1.04106135 7.86647288 3.88529386
v -0.80455255 7.86647288 4.04475882
v -0.55010920 7.86647288 4.17849425
v -0.28058749 7.86647288 4.28093784
v -0.00000000 7.86647288 4.34805175
v 0.28692807 7.86647288 4.37767646
v 0.57527872 7.86647288 4.36967574
v 0.86046609 7.86647288 4.32585515
v 1.13869451 7.86647288 4.24966578
v 1.40728660 7.86647288 4.14573265
v 1.66483632 7.86647288 4.01927043
v 1.91116712 7.86647288 3.87546354
v 2.14710309 7.86647288 3.71889164
v 2.37408848 7.86647288 3.55307450
v 2.59371326 7.86647288 3.38019293
v 2.80721676 7.86647288 3.20101722
v 3.01504539 7.86647288 3.01504539
v 3.21653336 7.86647288 2.82082405
v 3.40975812 7.86647288 2.61639943
v 3.59159740 7.86647288 2.39982866
v 3.75798529 7.86647288 2.16967382
v 3.90433602 7.86647288 1.92540545
v 4.02607871 7.86647288 1.66765641
v 4.11922946 7.86647288 1.39828998
v 4.18092027 7.86647288 1.12027421
v 4.20980912 7.86647288 0.83738310
v 4.20631090 7.86647288 0.55377134
v 4.17261325 7.86647288 0.27348752
v 4.08589547 8.37398726 0.00000000
v 4.00443413 8.37398726 -0.26246448
v 3.90787525 8.37398726 -0.51448154
v 3.80167203 8.37398726 -0.75619958
v 3.69058159 8.37398726 -0.98888836
v 3.57815705 8.37398726 -1.21462065
v 3.46640330 8.37398726 -1.43583126
v 3.35563964 8.37398726 -1.65481834
v 3.24458358 8.37398726 -1.87326120
v 3.13063976 8.37398726 -2.09182661
v 3.01035040 8.37398726 -2.30992310
v 2.87994221 8.37398726 -2.52564153
v 2.73589322 8.37398726 -2.73589322
v 2.57544174 8.37398726 -2.93672846
v 2.39696987 8.37398726 -3.12379196
v 2.20021336 8.37398726 -3.29285200
v 1.98627503 8.37398726 -3.44032926
v 1.75744747 8.37398726 -3.56375093
v 1.51687741 8.37398726 -3.66206602
v 1.26812557 8.37398726 -3.73577747
v 1.01468916 8.37398726 -3.78687150
v 0.75955748 8.37398726 -3.81855333
v 0.50486421 8.37398726 -3.83482440
v 0.25168413 8.37398726 -3.83995771
v 0.00000000 8.37398726 -3.83794092
v -0.25115994 8.37398726 -3.83196018
v -0.50343797 8.37398726 -3.82399100
v -0.75876047 8.37398726 -3.81454649
v -1.01890673 8.37398726 -3.80261170
v -1.28509469 8.37398726 -3.78576688
v -1.55764118 8.37398726 -3.76047846
v -1.83574129 8.37398726 -3.72251509
v -2.11739308 8.37398726 -3.66743240
v -2.39947242 8.37398726 -3.59106424
v -2.67794168 8.37398726 -3.48996155
v -2.94815856 8.37398726 -3.36173054
v -3.20523940 8.37398726 -3.20523940
v -3.44442762 8.37398726 -3.02068195
v -3.66142093 8.37398726 -2.80950709
v -3.85262145 8.37398726 -2.57423935
v -4.01528751 8.37398726 -2.31822733
v -4.14758313 8.37398726 -2.04536165
v -4.24853711 8.37398726 -1.75980169
v -4.31793681 8.37398726 -1.46574204
v -4.35618868 8.37398726 -1.16723724
v -4.36417917 8.37398726 -0.86808921
v -4.34316393 8.37398726 -0.57178838
v -4.29470327 8.37398726 -0.28148972
v -4.22064830 8.37398726 -0.00000000
v -4.12316837 8.37398726 0.27024673
v -4.00479874 8.37398726 0.52724176
v -3.86847990 8.37398726 0.76948849
v -3.71755865 8.37398726 0.99611684
v -3.55572570 8.37398726 1.20700623
v -3.38687498 8.37398726 1.40288955
v -3.21488458 8.37398726 1.58540562
v -3.04333492 8.37398726 1.75707024
v -2.87519499 8.37398726 1.92114387
v -2.71251798 8.37398726 2.08138825
v -2.55619289 8.37398726 2.24172100
v -2.40579572 8.37398726 2.40579572
v -2.25957431 8.37398726 2.57655069
v -2.11458442 8.37398726 2.75578008
v -1.96697431 8.37398726 2.94378509
v -1.81239372 8.37398726 3.13915801
v -1.64648377 8.37398726 3.33873881
v -1.46539002 8.37398726 3.53776446
v -1.26623462 8.37398726 3.73020691
v -1.04748591 8.37398726 3.90927064
v -0.80917514 8.37398726 4.06799816
v -0.55292934 8.37398726 4.19991532
v -0.28181332 8.37398726 4.29964044
v -0.00000000 8.37398726 4.36338310
v 0.28768803 8.37398726 4.38927113
v 0.57630418 8.37398726 4.37746484
v 0.86129942 8.37398726 4.33004458
v 1.13896820 8.37398726 4.25068720
v 1.40675753 8.37398726 4.14417404
v 1.66339706 8.37398726 4.01579573
v 1.90883362 8.37398726 3.87073167
v 2.14398166 8.37398726 3.71348516
v 2.37032799 8.37398726 3.54744653
v 2.58945074 8.37398726 3.37463790
v 2.80252556 8.37398726 3.19566793
v 3.00989472 8.37398726 3.00989472
v 3.21076635 8.37398726 2.81576652
v 3.40309276 8.37398726 2.61128491
v 3.58365132 8.37398726 2.39451926
v 3.74832180 8.37398726 2.16409460
v 3.89252524 8.37398726 1.91958102
v 4.01176553 8.37398726 1.66172769
v 4.10219847 8.37398726 1.39250874
v 4.16114820 8.37398726 1.11497630
v 4.18749649 8.37398726 0.83294484
v 4.18188760 8.37398726 0.55055595
v 4.14671616 8.37398726 0.27179014
v 4.05983227 8.88150164 0.00000000
v 3.97874227 8.88150164 -0.26078055
v 3.88343578 8.88150164 -0.51126402
v 3.77927957 8.88150164 -0.75174545
v 3.67087102 8.88150164 -0.98360692
v 3.56154861 8.88150164 -1.20898284
v 3.45307291 8.88150164 -1.43030963
v 3.34551747 8.88150164 -1.64982664
v 3.23738035 8.88150164 -1.86910242
v 3.12589652 8.88150164 -2.08865728
v 3.00750445 8.88150164 -2.30773933
v 2.87840005 8.88150164 -2.52428910
v 2.73510053 8.88150164 -2.73510053
v 2.57494131 8.88150164 -2.93615783
v 2.39644044 8.88150164 -3.12310198
v 2.19948502 8.88150164 -3.29176195
v 1.98532061 8.88150164 -3.43867617
v 1.75635261 8.88150164 -3.56153078
v 1.51579499 8.88150164 -3.65945283
v 1.26722240 8.88150164 -3.73311681
v 1.01409356 8.88150164 -3.78464869
v 0.75931615 8.88150164 -3.81734006
v 0.50491502 8.88150164 -3.83521032
v 0.25184917 8.88150164 -3.84247579
v 0.00000000 8.88150164 -3.84299612
v -0.25167186 8.88150164 -3.83977064
v -0.50482797 8.88150164 -3.83454911
v -0.76135795 8.88150164 -3.82760490
v -1.02294847 8.88150164 -3.81769567
v -1.29067693 8.88150164 -3.80221162
v -1.56468614 8.88150164 -3.77748651
v -1.84398266 8.88150164 -3.73922693
v -2.12638216 8.88150164 -3.68300194
v -2.40860419 8.88150164 -3.60473091
v -2.68649721 8.88150164 -3.50111133
v -2.95535839 8.88150164 -3.36994038
v -3.21030170 8.88150164 -3.21030170
v -3.44662446 8.88150164 -3.02260853
v -3.66012714 8.88150164 -2.80851433
v -3.84735185 8.88150164 -2.57071832
v -4.00572049 8.88150164 -2.31270380
v -4.13357033 8.88150164 -2.03845130
v -4.23010108 8.88150164 -1.75216524
v -4.29525953 8.88150164 -1.45804414
v -4.32959479 8.88150164 -1.16011143
v -4.33411712 8.88150164 -0.86210950
v -4.31018807 8.88150164 -0.56744702
v -4.25945805 8.88150164 -0.27917963
v -4.18385475 8.88150164 -0.00000000
v -4.08561140 8.88150164 0.26778512
v -3.96731304 8.88150164 0.52230667
v -3.83193182 8.88150164 0.76221863
v -3.68282170 8.88150164 0.98680910
v -3.52364856 8.88150164 1.19611751
v -3.35824226 8.88150164 1.39102949
v -3.19037235 8.88150164 1.57331753
v -3.02346483 8.88150164 1.74559823
v -2.86029201 8.88150164 1.91118602
v -2.70267747 8.88150164 2.07383736
v -2.55126231 8.88150164 2.23739699
v -2.40537537 8.88150164 2.40537537
v -2.26303942 8.88150164 2.58050189
v -2.12112826 8.88150164 2.76430817
v -1.97566962 8.88150164 2.95679854
v -1.82226683 8.88150164 3.15625874
v -1.65659402 8.88150164 3.35924036
v -1.47490592 8.88150164 3.56073788
v -1.27449833 8.88150164 3.75455100
v -1.05405857 8.88150164 3.93380014
v -0.81385809 8.88150164 4.09154092
v -0.55575894 8.88150164 4.22140824
v -0.28303068 8.88150164 4.31821377
v -0.00000000 8.88150164 4.37842395
v 0.28842134 8.88150164 4.40045934
v 0.57726695 8.88150164 4.38477783
v 0.86203278 8.88150164 4.33373146
v 1.13910995 8.88150164 4.25121619
v 1.40607408 8.88150164 4.14216068
v 1.66179217 8.88150164 4.01192119
v 1.90633350 8.88150164 3.86566193
v 2.14069991 8.88150164 3.70780100
v 2.36641654 8.88150164 3.54159263
v 2.58504518 8.88150164 3.36889647
v 2.79769403 8.88150164 3.19015863
v 3.00459903 8.88150164 3.00459903
v 3.20484222 8.88150164 2.81057120
v 3.39625324 8.88150164 2.60603677
v 3.57551387 8.88150164 2.38908199
v 3.73845592 8.88150164 2.15839853
v 3.88051453 8.88150164 1.91365799
v 3.99727533 8.88150164 1.65572565
v 4.08503950 8.88150164 1.38668405
v 4.14132652 8.88150164 1.10966510
v 4.16524221 8.88150164 0.82851819
v 4.15765704 8.88150164 0.54736593
v 4.12116619 8.88150164 0.27011550
v 4.03435690 9.38901602 0.00000000
v 3.95380132 9.38901602 -0.25914583
v 3.85989718 9.38901602 -0.50816510
v 3.75791441 9.38901602 -0.74749565
v 3.65228219 9.38901602 -0.97862606
v 3.54611896 9.38901602 -1.20374518
v 3.44093896 9.38901602 -1.42528359
v 3.33657165 9.38901602 -1.64541505
v 3.23130055 9.38901602 -1.86559224
v 3.12219833 9.38901602 -2.08618623
v 3.00560862 9.38901602 -2.30628461
v 2.87770570 9.38901602 -2.52368017
v 2.73505431 9.38901602 -2.73505431
v 2.57509357 9.38901602 -2.93633145
v 2.39648154 9.38901602 -3.12315555
v 2.19925809 9.38901602 -3.29142233
v 1.98481034 9.38901602 -3.43779235
v 1.75565325 9.38901602 -3.56011261
v 1.51506362 9.38901602 -3.65768715
v 1.26662534 9.38901602 -3.73135792
v 1.01375469 9.38901602 -3.78338402
v 0.75927533 9.38901602 -3.81713485
v 0.50510303 9.38901602 -3.83663842
v 0.25208314 9.38901602 -3.84604543
v 0.00000000 9.38901602 -3.84908015
v -0.25224731 9.38901602 -3.84855028
v -0.50633266 9.38901602 -3.84597836
v -0.76410199 9.38901602 -3.84140009
v -1.02714342 9.38901602 -3.83335145
v -1.29638980 9.38901602 -3.81904119
v -1.57180843 9.38901602 -3.79468122
v -1.85221867 9.38901602 -3.75592792
v -2.13525815 9.38901602 -3.69837560
v -2.41749684 9.38901602 -3.61803970
v -2.69467796 9.38901602 -3.51177269
v -2.96204799 9.38901602 -3.37756841
v -3.21472847 9.38901602 -3.21472847
v -3.44807994 9.38901602 -3.02388495
v -3.65801351 9.38901602 -2.80689249
v -3.84121738 9.38901602 -2.56661940
v -3.99528083 9.38901602 -2.30667646
v -4.11871609 9.38901602 -2.03112600
v -4.21089348 9.38901602 -1.74420919
v -4.27191730 9.38901602 -1.45012052
v -4.30247601 9.38901602 -1.15284497
v -4.30369960 9.38901602 -0.85605908
v -4.27705070 9.38901602 -0.56308441
v -4.22426462 9.38901602 -0.27687293
v -4.14733997 9.38901602 -0.00000000
v -4.04856782 9.38901602 0.26535715
v -3.93057635 9.38901602 0.51747019
v -3.79636215 9.38901602 0.75514338
v -3.64927860 9.38901602 0.97782125
v -3.49295858 9.38901602 1.18569967
v -3.33115968 9.38901602 1.37981152
v -3.16753516 9.38901602 1.56205547
v -3.00535004 9.38901602 1.73513965
v -2.84717516 9.38901602 1.90242162
v -2.69460216 9.38901602 2.06764096
v -2.54802492 9.38901602 2.23455788
v -2.40652903 9.38901602 2.40652903
v -2.26791923 9.38901602 2.58606625
v -2.12889731 9.38901602 2.77443299
v -1.98538238 9.38901602 2.97133472
v -1.83294443 9.38901602 3.17475288
v -1.66730354 9.38901602 3.38095713
v -1.48483538 9.38901602 3.58470972
v -1.28301877 9.38901602 3.77965142
v -1.06076629 9.38901602 3.95883368
v -0.81859219 9.38901602 4.11534086
v -0.55859254 9.38901602 4.24293155
v -0.28423729 9.38901602 4.33662308
v -0.00000000 9.38901602 4.39314765
v 0.28912685 9.38901602 4.41122333
v 0.57816590 9.38901602 4.39160599
v 0.86266616 9.38901602 4.33691567
v 1.13912180 9.38901602 4.25126042
v 1.40524109 9.38901602 4.13970676
v 1.66002969 9.38901602 4.00766618
v 1.90367819 9.38901602 3.86027749
v 2.13727267 9.38901602 3.70186486
v 2.36237229 9.38901602 3.53553999
v 2.58051799 9.38901602 3.36299652
v 2.79274679 9.38901602 3.18451738
v 2.99918626 9.38901602 2.99918626
v 3.19879255 9.38901602 2.80526578
v 3.38927522 9.38901602 2.60068234
v 3.56722524 9.38901602 2.38354370
v 3.72843295 9.38901602 2.15261177
v 3.86835471 9.38901602 1.90766143
v 3.98266469 9.38901602 1.64967373
v 4.06781472 9.38901602 1.38083703
v 4.12152256 9.38901602 1.10435864
v 4.14311784 9.38901602 0.82411738
v 4.13369373 9.38901602 0.54421110
v 4.09603920 9.38901602 0.26846859
v 4.00954376 9.89653040 0.00000000
v 3.92968309 9.89653040 -0.25756504
v 3.83732703 9.89653040 -0.50519369
v 3.73763847 9.89653040 -0.74346252
v 3.63487039 9.89653040 -0.97396059
v 3.53191612 9.89653040 -1.19892397
v 3.43004213 9.89653040 -1.42076997
v 3.32883587 9.89653040 -1.64160018
v 3.22637155 9.89653040 -1.86274648
v 3.11956723 9.89653040 -2.08442819
v 3.00468070 9.89653040 -2.30557259
v 2.87787376 9.89653040 -2.52382755
v 2.73576691 9.89653040 -2.73576691
v 2.57590929 9.89653040 -2.93726160
v 2.39710284 9.89653040 -3.12396525
v 2.19954130 9.89653040 -3.29184619
v 1.98475195 9.89653040 -3.43769122
v 1.75535600 9.89653040 -3.55950984
v 1.51468856 9.89653040 -3.65678167
v 1.26633814 9.89653040 -3.73051186
v 1.01367478 9.89653040 -3.78308579
v 0.75943590 9.89653040 -3.81794212
v 0.50542819 9.89653040 -3.83910828
v 0.25238563 9.89653040 -3.85066064
v 0.00000000 9.89653040 -3.85618112
v -0.25288513 9.89653040 -3.85828143
v -0.50794903 9.89653040 -3.85825590
v -0.76698723 9.89653040 -3.85590518
v -1.03148371 9.89653040 -3.84954960
v -1.30222305 9.89653040 -3.83622541
v -1.57899601 9.89653040 -3.81203359
v -1.86043657 9.89653040 -3.77259216
v -2.14400885 9.89653040 -3.71353226
v -2.42614038 9.89653040 -3.63097567
v -2.70247798 9.89653040 -3.52193787
v -2.96822720 9.89653040 -3.38461444
v -3.21852703 9.89653040 -3.21852703
v -3.44881030 9.89653040 -3.02452546
v -3.65510641 9.89653040 -2.80466179
v -3.83425519 9.89653040 -2.56196741
v -3.98401682 9.89653040 -2.30017318
v -4.10307975 9.89653040 -2.02341501
v -4.19098418 9.89653040 -1.73596249
v -4.24798960 9.89653040 -1.44199816
v -4.27492032 9.89653040 -1.14546145
v -4.27302160 9.89653040 -0.84995684
v -4.24385220 9.89653040 -0.55871374
v -4.18922692 9.89653040 -0.27457644
v -4.11120955 9.89653040 -0.00000000
v -4.01214281 9.89653040 0.26296973
v -3.89469142 9.89653040 0.51274585
v -3.76186916 9.89653040 0.74828230
v -3.61702114 9.89653040 0.96917789
v -3.46373923 9.89653040 1.17578103
v -3.30570075 9.89653040 1.36926608
v -3.14643531 9.89653040 1.55165018
v -2.98904073 9.89653040 1.72572347
v -2.83588209 9.89653040 1.89487583
v -2.68831730 9.89653040 2.06281842
v -2.54649423 9.89653040 2.23321550
v -2.40925965 9.89653040 2.40925965
v -2.27420782 9.89653040 2.59323701
v -2.13787871 9.89653040 2.78613778
v -1.99609503 9.89653040 2.98736732
v -1.84440643 9.89653040 3.19460564
v -1.67859183 9.89653040 3.40384752
v -1.49515925 9.89653040 3.60963374
v -1.29177951 9.89653040 3.80545971
v -1.06759619 9.89653040 3.98432324
v -0.82336849 9.89653040 4.13935292
v -0.56142489 9.89653040 4.26444543
v -0.28543101 9.89653040 4.35483565
v -0.00000000 9.89653040 4.40752984
v 0.28980355 9.89653040 4.42154777
v 0.57900019 9.89653040 4.39794310
v 0.86320004 9.89653040 4.33959963
v 1.13900645 9.89653040 4.25082996
v 1.40426415 9.89653040 4.13682879
v 1.65811852 9.89653040 4.00305221
v 1.90088008 9.89653040 3.85460349
v 2.13371583 9.89653040 3.69570422
v 2.35821451 9.89653040 3.52931742
v 2.57589169 9.89653040 3.35696741
v 2.78770962 9.89653040 3.17877359
v 2.99368557 9.89653040 2.99368557
v 3.19265012 9.89653040 2.79987901
v 3.38219550 9.89653040 2.59524988
v 3.55882680 9.89653040 2.37793204
v 3.71829930 9.89653040 2.14676110
v 3.85609761 9.89653040 1.90161690
v 3.96799098 9.89653040 1.64359568
v 4.05058690 9.89653040 1.37498898
v 4.10180393 9.89653040 1.09907505
v 4.12119492 9.89653040 0.81975664
v 4.11007179 9.89653040 0.54110122
v 4.07141034 9.89653040 0.26685433
v 3.98546609 10.40404478 0.00000000
v 3.90645801 10.40404478 -0.25604279
v 3.81579130 10.40404478 -0.50235845
v 3.71851193 10.40404478 -0.73965801
v 3.61868900 10.40404478 -0.96962480
v 3.51898622 10.40404478 -1.19453486
v 3.42042126 10.40404478 -1.41678488
v 3.32234206 10.40404478 -1.63839779
v 3.22261916 10.40404478 -1.86058004
v 3.11802388 10.40404478 -2.08339695
v 3.00473725 10.40404478 -2.30561598
v 2.87891776 10.40404478 -2.52474311
v 2.73724973 10.40404478 -2.73724973
v 2.57739845 10.40404478 -2.93895967
v 2.39831329 10.40404478 -3.12554274
v 2.20034274 10.40404478 -3.29304563
v 1.98515265 10.40404478 -3.43838525
v 1.75546696 10.40404478 -3.55973485
v 1.51467462 10.40404478 -3.65674800
v 1.26636417 10.40404478 -3.73058855
v 1.01385575 10.40404478 -3.78376116
v 0.75979854 10.40404478 -3.81976521
v 0.50589032 10.40404478 -3.84261848
v 0.25275621 10.40404478 -3.85631460
v 0.00000000 10.40404478 -3.86428651
v -0.25358412 10.40404478 -3.86894609
v -0.50967407 10.40404478 -3.87135895
v -0.77000842 10.40404478 -3.87109375
v -1.03596167 10.40404478 -3.86626158
v -1.30816690 10.40404478 -3.85373542
v -1.58623761 10.40404478 -3.82951634
v -1.86862458 10.40404478 -3.78919580
v -2.15262345 10.40404478 -3.72845318
v -2.43452655 10.40404478 -3.64352646
v -2.70989329 10.40404478 -3.53160169
v -2.97389811 10.40404478 -3.39108088
v -3.22170718 10.40404478 -3.22170718
v -3.44883445 10.40404478 -3.02454664
v -3.65143484 10.40404478 -2.80184450
v -3.82650511 10.40404478 -2.55678897
v -3.97197930 10.40404478 -2.29322332
v -4.08672293 10.40404478 -2.01534872
v -4.17044501 10.40404478 -1.72745489
v -4.22355756 10.40404478 -1.43370460
v -4.24701684 10.40404478 -1.13798473
v -4.24217879 10.40404478 -0.84382183
v -4.21069308 10.40404478 -0.55434826
v -4.15444849 10.40404478 -0.27229694
v -4.07556813 10.40404478 -0.00000000
v -3.97644013 10.40404478 0.26062966
v -3.85975905 10.40404478 0.50814692
v -3.72854872 10.40404478 0.74165445
v -3.58613833 10.40404478 0.96090287
v -3.43607089 10.40404478 1.16638890
v -3.28193572 10.40404478 1.35942228
v -3.12713170 10.40404478 1.54213070
v -2.97458366 10.40404478 1.71737668
v -2.82644712 10.40404478 1.88857159
v -2.68384500 10.40404478 2.05938670
v -2.54668090 10.40404478 2.23337921
v -2.41356771 10.40404478 2.41356771
v -2.28189718 10.40404478 2.60200504
v -2.14805800 10.40404478 2.79940369
v -2.00778878 10.40404478 3.00486826
v -1.85663196 10.40404478 3.21578088
v -1.69043795 10.40404478 3.42786907
v -1.50585823 10.40404478 3.63546336
v -1.30076418 10.40404478 3.83192771
v -1.07453564 10.40404478 4.01022161
v -0.82817828 10.40404478 4.16353338
v -0.56425100 10.40404478 4.28591183
v -0.28660982 10.40404478 4.37282083
v -0.00000000 10.40404478 4.42154851
v 0.29045060 10.40404478 4.43141987
v 0.57976936 10.40404478 4.40378553
v 0.86363539 10.40404478 4.34178828
v 1.13876727 10.40404478 4.24993731
v 1.40314963 10.40404478 4.13354553
v 1.65606845 10.40404478 3.99810292
v 1.89795253 10.40404478 3.84866700
v 2.13004626 10.40404478 3.68934834
v 2.35396349 10.40404478 3.52295532
v 2.57118990 10.40404478 3.35083991
v 2.78260940 10.40404478 3.17295790
v 2.98812720 10.40404478 2.98812720
v 3.18644882 10.40404478 2.79444061
v 3.37505202 10.40404478 2.58976850
v 3.55036098 10.40404478 2.37227536
v 3.70810234 10.40404478 2.14087388
v 3.84379586 10.40404478 1.89555035
v 3.95331223 10.40404478 1.63751554
v 4.03341926 10.40404478 1.36916134
v 4.08223842 10.40404478 1.09383249
v 4.09954483 10.40404478 0.81545017
v 4.08686490 10.40404478 0.53804597
v 4.04735395 10.40404478 0.26527759
v 3.96219596 10.91155916 0.00000000
v 3.88419503 10.91155916 -0.25458359
v 3.79535427 10.91155916 -0.49966787
v 3.70059312 10.91155916 -0.73609374
v 3.60378955 10.91155916 -0.96563250
v 3.50737353 10.91155916 -1.19059288
v 3.41211339 10.91155916 -1.41334364
v 3.31712050 10.91155916 -1.63582280
v 3.22006766 10.91155916 -1.85910693
v 3.11758755 10.91155916 -2.08310541
v 3.00579364 10.91155916 -2.30642658
v 2.88085021 10.91155916 -2.52643783
v 2.73951332 10.91155916 -2.73951332
v 2.57957027 10.91155916 -2.94143615
v 2.40012119 10.91155916 -3.12789884
v 2.20166993 10.91155916 -3.29503190
v 1.98601910 10.91155916 -3.43988598
v 1.75599177 10.91155916 -3.56079907
v 1.51502620 10.91155916 -3.65759679
v 1.26670646 10.91155916 -3.73159689
v 1.01429923 10.91155916 -3.78541627
v 0.76036371 10.91155916 -3.82260649
v 0.50648911 10.91155916 -3.84716673
v 0.25319438 10.91155916 -3.86299977
v 0.00000000 10.91155916 -3.87338335
v -0.25434312 10.91155916 -3.88052612
v -0.51150483 10.91155916 -3.88526493
v -0.77316043 10.91155916 -3.88693996
v -1.04056994 10.91155916 -3.88345989
v -1.31421203 10.91155916 -3.87154380
v -1.59352266 10.91155916 -3.84710401
v -1.87677201 10.91155916 -3.80571716
v -2.16109247 10.91155916 -3.74312197
v -2.44264875 10.91155916 -3.65568220
v -2.71692192 10.91155916 -3.54076159
v -2.97906510 10.91155916 -3.39697269
v -3.22428119 10.91155916 -3.22428119
v -3.44817386 10.91155916 -3.02396731
v -3.64703045 10.91155916 -2.79846489
v -3.81800947 10.91155916 -2.55111236
v -3.95922143 10.91155916 -2.28585756
v -4.06970937 10.91155916 -2.00695856
v -4.14934961 10.91155916 -1.71871689
v -4.19870367 10.91155916 -1.42526784
v -4.21885566 10.91155916 -1.13043897
v -4.21126729 10.91155916 -0.83767315
v -4.17767383 10.91155916 -0.55000119
v -4.12003232 10.91155916 -0.27004119
v -4.04051928 10.91155916 -0.00000000
v -3.94156194 10.91155916 0.25834362
v -3.82587801 10.91155916 0.50368640
v -3.69649424 10.91155916 0.73527842
v -3.55671637 10.91155916 0.95301928
v -3.41003085 10.91155916 1.15754949
v -3.25993153 10.91155916 1.35030785
v -3.10967983 10.91155916 1.53352439
v -2.96202222 10.91155916 1.71012433
v -2.81890131 10.91155916 1.88352964
v -2.68120433 10.91155916 2.05736044
v -2.54859286 10.91155916 2.23505595
v -2.41945132 10.91155916 2.41945132
v -2.29097735 10.91155916 2.61235899
v -2.15941919 10.91155916 2.81420987
v -2.02044380 10.91155916 3.02380783
v -1.86959948 10.91155916 3.23824129
v -1.70282064 10.91155916 3.45297868
v -1.51691298 10.91155916 3.66215190
v -1.30995658 10.91155916 3.85900764
v -1.08157224 10.91155916 4.03648254
v -0.83301315 10.91155916 4.18783992
v -0.56706608 10.91155916 4.30729452
v -0.28777186 10.91155916 4.39055015
v -0.00000000 10.91155916 4.43518404
v 0.29106733 10.91155916 4.44082931
v 0.58047326 10.91155916 4.40913216
v 0.86397369 10.91155916 4.34348904
v 1.13840824 10.91155916 4.24859738
v 1.40190468 10.91155916 4.12987801
v 1.65389013 10.91155916 3.99284398
v 1.89490980 10.91155916 3.84249696
v 2.12628182 10.91155916 3.68282814
v 2.34964054 10.91155916 3.51648557
v 2.56643725 10.91155916 3.34464615
v 2.77747407 10.91155916 3.16710219
v 2.98254250 10.91155916 2.98254250
v 3.18022362 10.91155916 2.78898126
v 3.36788375 10.91155916 2.58426809
v 3.54187120 10.91155916 2.36660267
v 3.69789034 10.91155916 2.13497799
v 3.83150291 10.91155916 1.88948813
v 3.93868706 10.91155916 1.63145760
v 4.01637533 10.91155916 1.36337571
v 4.06289388 10.91155916 1.08864913
v 4.07823871 10.91155916 0.81121212
v 4.06414615 10.91155916 0.53505499
v 4.02394347 10.91155916 0.26374319
v 3.93980419 11.41907354 0.00000000
v 3.86296161 11.41907354 -0.25319188
v 3.77607854 11.41907354 -0.49713017
v 3.68393857 11.41907354 -0.73278094
v 3.59022168 11.41907354 -0.96199700
v 3.49712046 11.41907354 -1.18711243
v 3.40515379 11.41907354 -1.41046088
v 3.31319980 11.41907354 -1.63388933
v 3.21873982 11.41907354 -1.85834030
v 3.11827621 11.41907354 -2.08356555
v 3.00786412 11.41907354 -2.30801532
v 2.88368266 11.41907354 -2.52892182
v 2.74256738 11.41907354 -2.74256738
v 2.58243325 11.41907354 -2.94470076
v 2.40253420 11.41907354 -3.13104353
v 2.20352982 11.41907354 -3.29781543
v 1.98735747 11.41907354 -3.44220411
v 1.75693564 11.41907354 -3.56271304
v 1.51574731 11.41907354 -3.65933771
v 1.26736769 11.41907354 -3.73354481
v 1.01500663 11.41907354 -3.78805631
v 0.76113169 11.41907354 -3.82646742
v 0.50722415 11.41907354 -3.85274995
v 0.25369961 11.41907354 -3.87070801
v 0.00000000 11.41907354 -3.88345831
v -0.25516092 11.41907354 -3.89300332
v -0.51343837 11.41907354 -3.89995158
v -0.77643826 11.41907354 -3.90341872
v -1.04530145 11.41907354 -3.90111812
v -1.32034965 11.41907354 -3.88962463
v -1.60084140 11.41907354 -3.86477302
v -1.88486922 11.41907354 -3.82213668
v -2.16940785 11.41907354 -3.75752462
v -2.45050210 11.41907354 -3.66743556
v -2.72356388 11.41907354 -3.54941755
v -2.98373471 11.41907354 -3.40229736
v -3.22626368 11.41907354 -3.22626368
v -3.44685242 11.41907354 -3.02280845
v -3.64192730 11.41907354 -2.79454910
v -3.80881297 11.41907354 -2.54496746
v -3.94579862 11.41907354 -2.27810789
v -4.05210477 11.41907354 -1.99827693
v -4.12777323 11.41907354 -1.70977966
v -4.17351167 11.41907354 -1.41671631
v -4.19052765 11.41907354 -1.12284850
v -4.18038355 11.41907354 -0.83152999
v -4.14489472 11.41907354 -0.54568574
v -4.08608070 11.41907354 -0.26781588
v -4.00616534 11.41907354 -0.00000000
v -3.90760869 11.41907354 0.25611821
v -3.79314492 11.41907354 0.49937700
v -3.66579658 11.41907354 0.72917228
v -3.52883857 11.41907354 0.94554945
v -3.38569327 11.41907354 1.14928800
v -3.23975185 11.41907354 1.34194916
v -3.09413187 11.41907354 1.52585698
v -2.95139649 11.41907354 1.70398956
v -2.81327259 11.41907354 1.87976864
v -2.68041142 11.41907354 2.05675203
v -2.55223541 11.41907354 2.23825039
v -2.42690635 11.41907354 2.42690635
v -2.30143654 11.41907354 2.62428541
v -2.17194487 11.41907354 2.83053366
v -2.03403926 11.41907354 3.04415487
v -1.88328687 11.41907354 3.26194854
v -1.71571837 11.41907354 3.47913269
v -1.52830418 11.41907354 3.68965269
v -1.31934068 11.41907354 3.88665231
v -1.08869387 11.41907354 4.06306084
v -0.83786499 11.41907354 4.21223177
v -0.56986563 11.41907354 4.32855919
v -0.28891541 11.41907354 4.40799736
v -0.00000000 11.41907354 4.44841921
v 0.29165322 11.41907354 4.44976830
v 0.58111207 11.41907354 4.41398442
v 0.86421691 11.41907354 4.34471182
v 1.13793397 11.41907354 4.24682740
v 1.40053716 11.41907354 4.12584944
v 1.65159502 11.41907354 3.98730310
v 1.89176706 11.41907354 3.83612411
v 2.12244131 11.41907354 3.67617618
v 2.34526795 11.41907354 3.50994153
v 2.56165940 11.41907354 3.33841953
v 2.77233259 11.41907354 3.16123945
v 2.97696380 11.41907354 2.97696380
v 3.17401048 11.41907354 2.78353249
v 3.36073063 11.41907354 2.57877931
v 3.53340177 11.41907354 2.36094358
v 3.68771239 11.41907354 2.12910174
v 3.81927280 11.41907354 1.88345691
v 3.92417455 11.41907354 1.62544632
v 3.99951889 11.41907354 1.35765372
v 4.04383811 11.41907354 1.08354316
v 4.05734737 11.41907354 0.80705657
v 4.04198797 11.41907354 0.53213781
v 4.00125138 11.41907354 0.26225587
v 3.91836025 11.92658792 0.00000000
v 3.84282367 11.92658792 -0.25187197
v 3.75802501 11.92658792 -0.49475338
v 3.66860299 11.92658792 -0.72973051
v 3.57803319 11.92658792 -0.95873110
v 3.48826760 11.92658792 -1.18410729
v 3.39957597 11.92658792 -1.40815047
v 3.31060695 11.92658792 -1.63261068
v 3.21865697 11.92658792 -1.85829247
v 3.12010655 11.92658792 -2.08478855
v 3.01096182 11.92658792 -2.31039227
v 2.88742569 11.92658792 -2.53220437
v 2.74642081 11.92658792 -2.74642081
v 2.58599521 11.92658792 -2.94876239
v 2.40555940 11.92658792 -3.13498605
v 2.20592884 11.92658792 -3.30140582
v 1.98917346 11.92658792 -3.44534950
v 1.75830334 11.92658792 -3.56548646
v 1.51684161 11.92658792 -3.66197959
v 1.26835026 11.92658792 -3.73643938
v 1.01597910 11.92658792 -3.79168561
v 0.76210263 11.92658792 -3.83134864
v 0.50809496 11.92658792 -3.85936438
v 0.25427132 11.92658792 -3.87943068
v 0.00000000 11.92658792 -3.89449782
v -0.25603633 11.92658792 -3.90635958
v -0.51547180 11.92658792 -3.91539706
v -0.77983707 11.92658792 -3.92050572
v -1.05014944 11.92658792 -3.91921107
v -1.32657149 11.92658792 -3.90795359
v -1.60818485 11.92658792 -3.88250167
v -1.89290765 11.92658792 -3.83843701
v -2.17756288 11.92658792 -3.77164954
v -2.45808335 11.92658792 -3.67878171
v -2.72982108 11.92658792 -3.55757209
v -2.98791564 11.92658792 -3.40706481
v -3.22767155 11.92658792 -3.22767155
v -3.44489644 11.92658792 -3.02109309
v -3.63616183 11.92658792 -2.79012510
v -3.79896259 11.92658792 -2.53838565
v -3.93176831 11.92658792 -2.27000749
v -4.03397662 11.92658792 -1.98933712
v -4.10579257 11.92658792 -1.70067497
v -4.14806634 11.92658792 -1.40807879
v -4.16212428 11.92658792 -1.11523784
v -4.14962414 11.92658792 -0.82541156
v -4.11245567 11.92658792 -0.54141506
v -4.05269504 11.92658792 -0.26562767
v -3.97260733 11.92658792 -0.00000000
v -3.87467906 11.92658792 0.25395988
v -3.76165417 11.92658792 0.49523117
v -3.63654403 11.92658792 0.72335358
v -3.50258538 11.92658792 0.93851492
v -3.36312923 11.92658792 1.14162854
v -3.22145713 11.92658792 1.33437123
v -3.08053671 11.92658792 1.51915259
v -2.94274336 11.92658792 1.69899367
v -2.80958578 11.92658792 1.87730520
v -2.68147962 11.92658792 2.05757168
v -2.55761137 11.92658792 2.24296497
v -2.43592655 11.92658792 2.43592655
v -2.31326126 11.92658792 2.63776892
v -2.18561638 11.92658792 2.84835072
v -2.04855347 11.92658792 3.06587692
v -1.89767148 11.92658792 3.28686343
v -1.72910946 11.92658792 3.50628713
v -1.54001257 11.92658792 3.71791922
v -1.32890070 11.92658792 3.91481522
v -1.09588876 11.92658792 4.08991251
v -0.84272602 11.92658792 4.23666979
v -0.57264539 11.92658792 4.34967354
v -0.29003890 11.92658792 4.42513846
v -0.00000000 11.92658792 4.46123925
v 0.29220794 11.92658792 4.45823160
v 0.58168632 11.92658792 4.41834625
v 0.86436752 11.92658792 4.34546895
v 1.13734972 11.92658792 4.24464693
v 1.39905569 11.92658792 4.12148516
v 1.64919541 11.92658792 3.98150992
v 1.88854034 11.92658792 3.82958097
v 2.11854443 11.92658792 3.66942659
v 2.34086895 11.92658792 3.50335795
v 2.55688293 11.92658792 3.33219470
v 2.76721484 11.92658792 3.15540377
v 2.97142438 11.92658792 2.97142438
v 3.16784628 11.92658792 2.77812663
v 3.35363345 11.92658792 2.57333346
v 3.52499781 11.92658792 2.35532824
v 3.67761824 11.92658792 2.12327388
v 3.80716017 11.92658792 1.87748362
v 3.90983413 11.92658792 1.61950632
v 3.98291386 11.92658792 1.35201707
v 4.02513878 11.92658792 1.07853268
v 4.03694117 11.92658792 0.80299752
v 4.02046204 11.92658792 0.52930387
v 3.97934910 11.92658792 0.26082032
v 3.89793229 12.43410230 0.00000000
v 3.82384555 12.43410230 -0.25062808
v 3.74125282 12.43410230 -0.49254528
v 3.65463929 12.43410230 -0.72695295
v 3.56727005 12.43410230 -0.95584713
v 3.48085373 12.43410230 -1.18159062
v 3.39541175 12.43410230 -1.40642560
v 3.30936741 12.43410230 -1.63199940
v 3.21983905 12.43410230 -1.85897494
v 3.12309403 12.43410230 -2.08678472
v 3.01509883 12.43410230 -2.31356670
v 2.89208902 12.43410230 -2.53629400
v 2.75108175 12.43410230 -2.75108175
v 2.59026330 12.43410230 -2.95362922
v 2.40920331 12.43410230 -3.13973488
v 2.20887294 12.43410230 -3.30581197
v 1.99147234 12.43410230 -3.44933128
v 1.76009926 12.43410230 -3.56912823
v 1.51831242 12.43410230 -3.66553043
v 1.26965630 12.43410230 -3.74028684
v 1.01721758 12.43410230 -3.79630770
v 0.76327651 12.43410230 -3.83725013
v 0.50910096 12.43410230 -3.86700569
v 0.25490893 12.43410230 -3.88915877
v 0.00000000 12.43410230 -3.90648818
v -0.25696819 12.43410230 -3.92057694
v -0.51760234 12.43410230 -3.93158006
v -0.78335222 12.43410230 -3.93817756
v -1.05510751 12.43410230 -3.93771485
v -1.33286985 12.43410230 -3.92650797
v -1.61554484 12.43410230 -3.90027025
v -1.90087985 12.43410230 -3.85460303
v -2.18555223 12.43410230 -3.78548751
v -2.46539095 12.43410230 -3.68971830
v -2.73569734 12.43410230 -3.56523019
v -2.99161870 12.43410230 -3.41128734
v -3.22852396 12.43410230 -3.22852396
v -3.44233445 12.43410230 -3.01884629
v -3.62977271 12.43410230 -2.78522256
v -3.78850741 12.43410230 -2.53139972
v -3.91718986 12.43410230 -2.26159062
v -4.01539403 12.43410230 -1.98017320
v -4.08348563 12.43410230 -1.69143513
v -4.12245337 12.43410230 -1.39938435
v -4.13373748 12.43410230 -1.10763162
v -4.11908560 12.43410230 -0.81933707
v -4.08045610 12.43410230 -0.53720224
v -4.01997577 12.43410230 -0.26348313
v -3.93994480 12.43410230 -0.00000000
v -3.84286982 12.43410230 0.25187499
v -3.73149788 12.43410230 0.49126102
v -3.60882223 12.43410230 0.71783937
v -3.47803432 12.43410230 0.93193649
v -3.34240669 12.43410230 1.13459418
v -3.20510457 12.43410230 1.32759778
v -3.06894003 12.43410230 1.51343374
v -2.93609653 12.43410230 1.69515612
v -2.80786278 12.43410230 1.87615392
v -2.68441954 12.43410230 2.05982756
v -2.56472115 12.43410230 2.24920009
v -2.44650367 12.43410230 2.44650367
v -2.32643643 12.43410230 2.65279233
v -2.20041389 12.43410230 2.86763521
v -2.06396397 12.43410230 3.08894037
v -1.91273031 12.43410230 3.31294608
v -1.74297210 12.43410230 3.53439778
v -1.55201900 12.43410230 3.74690531
v -1.33862112 12.43410230 3.94345066
v -1.10314545 12.43410230 4.11699486
v -0.84758877 12.43410230 4.26111652
v -0.57540136 12.43410230 4.37060728
v -0.29114090 12.43410230 4.44195175
v -0.00000000 12.43410230 4.47363183
v 0.29273129 12.43410230 4.46621643
v 0.58219685 12.43410230 4.42222409
v 0.86442843 12.43410230 4.34577520
v 1.13666132 12.43410230 4.24207781
v 1.39746958 12.43410230 4.11681263
v 1.64670435 12.43410230 3.97549597
v 1.88524651 12.43410230 3.82290175
v 2.11461176 12.43410230 3.66261500
v 2.33646762 12.43410230 3.49677091
v 2.55213530 12.43410230 3.32600748
v 2.76215161 12.43410230 3.14963026
v 2.96595839 12.43410230 2.96595839
v 3.16176874 12.43410230 2.77279677
v 3.34663384 12.43410230 2.56796246
v 3.51670517 12.43410230 2.34978727
v 3.66765829 12.43410230 2.11752350
v 3.79522010 12.43410230 1.87159543
v 3.89572551 12.43410230 1.61366234
v 3.96662415 12.43410230 1.34648746
v 4.00686330 12.43410230 1.07363579
v 4.01708993 12.43410230 0.79904887
v 3.99963925 12.43410230 0.52656250
v 3.95830697 12.43410230 0.25944115
v 3.87858706 12.94161668 0.00000000
v 3.80609002 12.94161668 -0.24946432
v 3.72581943 12.94161668 -0.49051343
v 3.64209857 12.94161668 -0.72445845
v 3.55797640 12.94161668 -0.95335690
v 3.47491588 12.94161668 -1.17957499
v 3.39269131 12.94161668 -1.40529875
v 3.30950509 12.94161668 -1.63206730
v 3.22230465 12.94161668 -1.86039846
v 3.12725296 12.94161668 -2.08956362
v 3.02028622 12.94161668 -2.31754713
v 2.89768149 12.94161668 -2.54119846
v 2.75655764 12.94161668 -2.75655764
v 2.59524410 12.94161668 -2.95930873
v 2.41347189 12.94161668 -3.14529780
v 2.21236759 12.94161668 -3.31104208
v 1.99425897 12.94161668 -3.45415787
v 1.76232745 12.94161668 -3.57364655
v 1.52016274 12.94161668 -3.66999750
v 1.27128767 12.94161668 -3.74509270
v 1.01872285 12.94161668 -3.80192543
v 0.76465320 12.94161668 -3.84417123
v 0.51024151 12.94161668 -3.87566907
v 0.25561184 12.94161668 -3.89988300
v 0.00000000 12.94161668 -3.91941567
v -0.25795533 12.94161668 -3.93563775
v -0.51982724 12.94161668 -3.94847993
v -0.78697925 12.94161668 -3.95641186
v -1.06016962 12.94161668 -3.95660689
v -1.33923761 12.94161668 -3.94526679
v -1.62291402 12.94161668 -3.91806104
v -1.90877944 12.94161668 -3.87062181
v -2.19337196 12.94161668 -3.79903168
v -2.47242493 12.94161668 -3.70024540
v -2.74119836 12.94161668 -3.57239926
v -2.99485671 12.94161668 -3.41497958
v -3.22884216 12.94161668 -3.22884216
v -3.43919717 12.94161668 -3.01609497
v -3.62280072 12.94161668 -2.77987277
v -3.77749849 12.94161668 -2.52404379
v -3.90212441 12.94161668 -2.25289258
v -3.99642761 12.94161668 -1.97082000
v -4.06093152 12.94161668 -1.68209291
v -4.09675914 12.94161668 -1.39066234
v -4.10545945 12.94161668 -1.10005454
v -4.08886430 12.94161668 -0.81332568
v -4.04899477 12.94161668 -0.53306027
v -3.98802221 12.94161668 -0.26138879
v -3.90827575 12.94161668 -0.00000000
v -3.81227574 12.94161668 0.24986975
v -3.70276580 12.94161668 0.48747837
v -3.58271417 12.94161668 0.71264616
v -3.45526002 12.94161668 0.92583413
v -3.32359052 12.94161668 1.12820696
v -3.19074824 12.94161668 1.32165119
v -3.05938434 12.94161668 1.50872139
v -2.93148671 12.94161668 1.69249464
v -2.80812260 12.94161668 1.87632753
v -2.68923921 12.94161668 2.06352582
v -2.57356295 12.94161668 2.25695413
v -2.45862760 12.94161668 2.45862760
v -2.34094552 12.94161668 2.66933677
v -2.21631651 12.94161668 2.88835990
v -2.08024765 12.94161668 3.11331061
v -1.92843999 12.94161668 3.34015605
v -1.75728446 12.94161668 3.56342038
v -1.56430452 12.94161668 3.77656518
v -1.34848675 12.94161668 3.97251387
v -1.11045287 12.94161668 4.14426653
v -0.85244617 12.94161668 4.28553629
v -0.57812986 12.94161668 4.39133223
v -0.29222014 12.94161668 4.45841782
v -0.00000000 12.94161668 4.48558707
v 0.29322327 12.94161668 4.47372255
v 0.58264483 12.94161668 4.42562684
v 0.86440307 12.94161668 4.34564768
v 1.13587523 12.94161668 4.23914406
v 1.39578883 12.94161668 4.11186130
v 1.64413568 12.94161668 3.96929465
v 1.88190326 12.94161668 3.81612231
v 2.11066470 12.94161668 3.65577849
v 2.33208893 12.94161668 3.49021773
v 2.54744486 12.94161668 3.31989478
v 2.75717452 12.94161668 3.14395498
v 2.96060081 12.94161668 2.96060081
v 3.15581638 12.94161668 2.76757669
v 3.33977413 12.94161668 2.56269882
v 3.50857032 12.94161668 2.34435174
v 3.65788345 12.94161668 2.11187999
v 3.78350805 12.94161668 1.86581969
v 3.88190857 12.94161668 1.60793918
v 3.95071365 12.94161668 1.34108658
v 3.98907880 12.94161668 1.06887044
v 3.99786291 12.94161668 0.79522438
v 3.97958959 12.94161668 0.52392291
v 3.93819417 12.94161668 0.25812288
v 3.86038988 13.44913106 0.00000000
v 3.78961823 13.44913106 -0.24838470
v 3.71178055 13.44913106 -0.48866518
v 3.63103015 13.44913106 -0.72225680
v 3.55019461 13.44913106 -0.95127178
v 3.47048937 13.44913106 -1.17807240
v 3.39144319 13.44913106 -1.40478176
v 3.31104246 13.44913106 -1.63282544
v 3.22607104 13.44913106 -1.86257298
v 3.13259650 13.44913106 -2.09313406
v 3.02653413 13.44913106 -2.32234132
v 2.90421116 13.44913106 -2.54692483
v 2.76285522 13.44913106 -2.76285522
v 2.60094357 13.44913106 -2.96580773
v 2.41837065 13.44913106 -3.15168199
v 2.21641782 13.44913106 -3.31710369
v 1.99753783 13.44913106 -3.45983701
v 1.76499160 13.44913106 -3.57904892
v 1.52239531 13.44913106 -3.67538740
v 1.27324601 13.44913106 -3.75086181
v 1.02049550 13.44913106 -3.80854104
v 0.76623247 13.44913106 -3.85211075
v 0.51151595 13.44913106 -3.88534935
v 0.25637941 13.44913106 -3.91159388
v 0.00000000 13.44913106 -3.93326664
v -0.25899661 13.44913106 -3.95152473
v -0.52214390 13.44913106 -3.96607668
v -0.79071391 13.44913106 -3.97518729
v -1.06533010 13.44913106 -3.97586606
v -1.34566824 13.44913106 -3.96421079
v -1.63028589 13.44913106 -3.93585831
v -1.91660115 13.44913106 -3.88648266
v -2.20101948 13.44913106 -3.81227756
v -2.47918696 13.44913106 -3.71036549
v -2.74633162 13.44913106 -3.57908905
v -2.99764445 13.44913106 -3.41815839
v -3.22864950 13.44913106 -3.22864950
v -3.43551741 13.44913106 -3.01286791
v -3.61528867 13.44913106 -2.77410856
v -3.76598874 13.44913106 -2.51635323
v -3.88663471 13.44913106 -2.24394960
v -3.97714929 13.44913106 -1.96131298
v -4.03821035 13.44913106 -1.67268150
v -4.07107065 13.44913106 -1.38194227
v -4.07738255 13.44913106 -1.09253136
v -4.05905632 13.44913106 -0.80739650
v -4.01816969 13.44913106 -0.52900208
v -3.95693248 13.44913106 -0.25935106
v -3.87769653 13.44913106 -0.00000000
v -3.78298961 13.44913106 0.24795024
v -3.67554532 13.44913106 0.48389472
v -3.55830016 13.44913106 0.70778991
v -3.43433421 13.44913106 0.92022708
v -3.30674257 13.44913106 1.12248785
v -3.17843909 13.44913106 1.31655258
v -3.05190908 13.44913106 1.50503500
v -2.92894162 13.44913106 1.69102523
v -2.81038152 13.44913106 1.87783689
v -2.69594417 13.44913106 2.06867072
v -2.58413280 13.44913106 2.26622364
v -2.47228644 13.44913106 2.47228644
v -2.35677063 13.44913106 2.68738185
v -2.23330238 13.44913106 2.91049633
v -2.09738079 13.44913106 3.13895218
v -1.94477694 13.44913106 3.36845247
v -1.77202474 13.44913106 3.59331072
v -1.57685040 13.44913106 3.80685361
v -1.35848273 13.44913106 4.00196107
v -1.11780034 13.44913106 4.17168765
v -0.85729147 13.44913106 4.30989524
v -0.58082743 13.44913106 4.41182231
v -0.29327551 13.44913106 4.47451963
v -0.00000000 13.44913106 4.49709755
v 0.29368401 13.44913106 4.48075218
v 0.58303175 13.44913106 4.42856583
v 0.86429528 13.44913106 4.34510582
v 1.13499845 13.44913106 4.23587190
v 1.39402412 13.44913106 4.10666265
v 1.64150395 13.44913106 3.96294111
v 1.87852903 13.44913106 3.80928005
v 2.10672546 13.44913106 3.64895554
v 2.32775863 13.44913106 3.48373698
v 2.54284074 13.44913106 3.31389457
v 2.75231600 13.44913106 3.13841490
v 2.95538737 13.44913106 2.95538737
v 3.15002844 13.44913106 2.76250080
v 3.33309732 13.44913106 2.55757553
v 3.50064035 13.44913106 2.33905310
v 3.64834506 13.44913106 2.10637300
v 3.77207975 13.44913106 1.86018388
v 3.86844328 13.44913106 1.60236167
v 3.93524610 13.44913106 1.33583605
v 3.97185198 13.44913106 1.06425453
v 3.97932866 13.44913106 0.79153769
v 3.96038209 13.44913106 0.52139419
v 3.91907868 13.44913106 0.25686999
v -0.00000000 -13.44913106 0.00000000
v -0.00000000 13.44913106 0.00000000
f 97 98 1
f 98 2 1
f 98 99 2
f 99 3 2
f 99 100 3
f 100 4 3
f 100 101 4
f 101 5 4
f 101 102 5
f 102 6 5
f 102 103 6
f 103 7 6
f 103 104 7
f 104 8 7
f 104 105 8
f 105 9 8
f 105 106 9
f 106 10 9
f 106 107 10
f 107 11 10
f 107 108 11
f 108 12 11
f 108 109 12
f 109 13 12
f 109 110 13
f 110 14 13
f 110 111 14
f 111 15 14
f 111 112 15
f 112 16 15
f 112 113 16
f 113 17 16
f 113 114 17
f 114 18 17
f 114 115 18
f 115 19 18
f 115 116 19
f 116 20 19
f 116 117 20
f 117 21 20
f 117 118 21
f 118 22 21
f 118 119 22
f 119 23 22
f 119 120 23
f 120 24 23
f 120 121 24
f 121 25 24
f 121 122 25
f 122 26 25
f 122 123 26
f 123 27 26
f 123 124 27
f 124 28 27
f 124 125 28
f 125 29 28
f 125 126 29
f 126 30 29
f 126 127 30
f 127 31 30
f 127 128 31
f 128 32 31
f 128 129 32
f 129 33 32
f 129 130 33
f 130 34 33
f 130 131 34
f 131 35 34
f 131 132 35
f 132 36 35
f 132 133 36
f 133 37 36
f 133 134 37
f 134 38 37
f 134 135 38
f 135 39 38
f 135 136 39
f 136 40 39
f 136 137 40
f 137 41 40
f 137 138 41
f 138 42 41
f 138 139 42
f 139 43 42
f 139 140 43
f 140 44 43
f 140 141 44
f 141 45 44
f 141 142 45
f 142 46 45
f 142 143 46
f 143 47 46
f 143 144 47
f 144 48 47
f 144 145 48
f 145 49 48
f 145 146 49
f 146 50 49
f 146 147 50
f 147 51 50
f 147 148 51
f 148 52 51
f 148 149 52
f 149 53 52
f 149 150 53
f 150 54 53
f 150 151 54
f 151 55 54
f 151 152 55
f 152 56 55
f 152 153 56
f 153 57 56
f 153 154 57
f 154 58 57
f 154 155 58
f 155 59 58
f 155 156 59
f 156 60 59
f 156 157 60
f 157 61 60
f 157 158 61
f 158 62 61
f 158 159 62
f 159 63 62
f 159 160 63
f 160 64 63
f 160 161 64
f 161 65 64
f 161 162 65
f 162 66 65
f 162 163 66
f 163 67 66
f 163 164 67
f 164 68 67
f 164 165 68
f 165 69 68
f 165 166 69
f 166 70 69
f 166 167 70
f 167 71 70
f 167 168 71
f 168 72 71
f 168 169 72
f 169 73 72
f 169 170 73
f 170 74 73
f 170 171 74
f 171 75 74
f 171 172 75
f 172 76 75
f 172 173 76
f 173 77 76
f 173 174 77
f 174 78 77
f 174 175 78
f 175 79 78
f 175 176 79
f 176 80 79
f 176 177 80
f 177 81 80
f 177 178 81
f 178 82 81
f 178 179 82
f 179 83 82
f 179 180 83
f 180 84 83
f 180 181 84
f 181 85 84
f 181 182 85
f 182 86 85
f 182 183 86
f 183 87 86
f 183 184 87
f 184 88 87
f 184 185 88
f 185 89 88
f 185 186 89
f 186 90 89
f 186 187 90
f 187 91 90
f 187 188 91
f 188 92 91
f 188 189 92
f 189 93 92
f 189 190 93
f 190 94 93
f 190 191 94
f 191 95 94
f 191 192 95
f 192 96 95
f 192 97 96
f 97 1 96
f 193 194 97
f 194 98 97
f 194 195 98
f 195 99 98
f 195 196 99
f 196 100 99
f 196 197 100
f 197 101 100
f 197 198 101
f 198 102 101
f 198 199 102
f 199 103 102
f 199 200 103
f 200 104 103
f 200 201 104
f 201 105 104
f 201 202 105
f 202 106 105
f 202 203 106
f 203 107 106
f 203 204 107
f 204 108 107
f 204 205 108
f 205 109 108
f 205 206 109
f 206 110 109
f 206 207 110
f 207 111 110
f 207 208 111
f 208 112 111
f 208 209 112
f 209 113 112
f 209 210 113
f 210 114 113
f 210 211 114
f 211 115 114
f 211 212 115
f 212 116 115
f 212 213 116
f 213 117 116
f 213 214 117
f 214 118 117
f 214 215 118
f 215 119 118
f 215 216 119
f 216 120 119
f 216 217 120
f 217 121 120
f 217 218 121
f 218 122 121
f 218 219 122
f 219 123 122
f 219 220 123
f 220 124 123
f 220 221 124
f 221 125 124
f 221 222 125
f 222 126 125
f 222 223 126
f 223 127 126
f 223 224 127
f 224 128 127
f 224 225 128
f 225 129 128
f 225 226 129
f 226 130 129
f 226 227 130
f 227 131 130
f 227 228 131
f 228 132 131
f 228 229 132
f 229 133 132
f 229 230 133
f 230 134 133
f 230 231 134
f 231 135 134
f 231 232 135
f 232 136 135
f 232 233 136
f 233 137 136
f 233 234 137
f 234 138 137
f 234 235 138
f 235 139 138
f 235 236 139
f 236 140 139
f 236 237 140
f 237 141 140
f 237 238 141
f 238 142 141
f 238 239 142
f 239 143 142
f 239 240 143
f 240 144 143
f 240 241 144
f 241 145 144
f 241 242 145
f 242 146 145
f 242 243 146
f 243 147 146
f 243 244 147
f 244 148 147
f 244 245 148
f 245 149 148
f 245 246 149
f 246 150 149
f 246 247 150
f 247 151 150
f 247 248 151
f 248 152 151
f 248 249 152
f 249 153 152
f 249 250 153
f 250 154 153
f 250 251 154
f 251 155 154
f 251 252 155
f 252 156 155
f 252 253 156
f 253 157 156
f 253 254 157
f 254 158 157
f 254 255 158
f 255 159 158
f 255 256 159
f 256 160 159
f 256 257 160
f 257 161 160
f 257 258 161
f 258 162 161
f 258 259 162
f 259 163 162
f 259 260 163
f 260 164 163
f 260 261 164
f 261 165 164
f 261 262 165
f 262 166 165
f 262 263 166
f 263 167 166
f 263 264 167
f 264 168 167
f 264 265 168
f 265 169 168
f 265 266 169
f 266 170 169
f 266 267 170
f 267 171 170
f 267 268 171
f 268 172 171
f 268 269 172
f 269 173 172
f 269 270 173
f 270 174 173
f 270 271 174
f 271 175 174
f 271 272 175
f 272 176 175
f 272 273 176
f 273 177 176
f 273 274 177
f 274 178 177
f 274 275 178
f 275 179 178
f 275 276 179
f 276 180 179
f 276 277 180
f 277 181 180
f 277 278 181
f 278 182 181
f 278 279 182
f 279 183 182
f 279 280 183
f 280 184 183
f 280 281 184
f 281 185 184
f 281 282 185
f 282 186 185
f 282 283 186
f 283 187 186
f 283 284 187
f 284 188 187
f 284 285 188
f 285 189 188
f 285 286 189
f 286 190 189
f 286 287 190
f 287 191 190
f 287 288 191
f 288 192 191
f 288 193 192
f 193 97 192
f 289 290 193
f 290 194 193
f 290 291 194
f 291 195 194
f 291 292 195
f 292 196 195
f 292 293 196
f 293 197 196
f 293 294 197
f 294 198 197
f 294 295 198
f 295 199 198
f 295 296 199
f 296 200 199
f 296 297 200
f 297 201 200
f 297 298 201
f 298 202 201
f 298 299 202
f 299 203 202
f 299 300 203
f 300 204 203
f 300 301 204
f 301 205 204
f 301 302 205
f 302 206 205
f 302 303 206
f 303 207 206
f 303 304 207
f 304 208 207
f 304 305 208
f 305 209 208
f 305 306 209
f 306 210 209
f 306 307 210
f 307 211 210
f 307 308 211
f 308 212 211
f 308 309 212
f 309 213 212
f 309 310 213
f 310 214 213
f 310 311 214
f 311 215 214
f 311 312 215
f 312 216 215
f 312 313 216
f 313 217 216
f 313 314 217
f 314 218 217
f 314 315 218
f 315 219 218
f 315 316 219
f 316 220 219
f 316 317 220
f 317 221 220
f 317 318 221
f 318 222 221
f 318 319 222
f 319 223 222
f 319 320 223
f 320 224 223
f 320 321 224
f 321 225 224
f 321 322 225
f 322 226 225
f 322 323 226
f 323 227 226
f 323 324 227
f 324 228 227
f 324 325 228
f 325 229 228
f 325 326 229
f 326 230 229
f 326 327 230
f 327 231 230
f 327 328 231
f 328 232 231
f 328 329 232
f 329 233 232
f 329 330 233
f 330 234 233
f 330 331 234
f 331 235 234
f 331 332 235
f 332 236 235
f 332 333 236
f 333 237 236
f 333 334 237
f 334 238 237
f 334 335 238
f 335 239 238
f 335 336 239
f 336 240 239
f 336 337 240
f 337 241 240
f 337 338 241
f 338 242 241
f 338 339 242
f 339 243 242
f 339 340 243
f 340 244 243
f 340 341 244
f 341 245 244
f 341 342 245
f 342 246 245
f 342 343 246
f 343 247 246
f 343 344 247
f 344 248 247
f 344 345 248
f 345 249 248
f 345 346 249
f 346 250 249
f 346 347 250
f 347 251 250
f 347 348 251
f 348 252 251
f 348 349 252
f 349 253 252
f 349 350 253
f 350 254 253
f 350 351 254
f 351 255 254
f 351 352 255
f 352 256 255
f 352 353 256
f 353 257 256
f 353 354 257
f 354 258 257
f 354 355 258
f 355 259 258
f 355 356 259
f 356 260 259
f 356 357 260
f 357 261 260
f 357 358 261
f 358 262 261
f 358 359 262
f 359 263 262
f 359 360 263
f 360 264 263
f 360 361 264
f 361 265 264
f 361 362 265
f 362 266 265
f 362 363 266
f 363 267 266
f 363 364 267
f 364 268 267
f 364 365 268
f 365 269 268
f 365 366 269
f 366 270 269
f 366 367 270
f 367 271 270
f 367 368 271
f 368 272 271
f 368 369 272
f 369 273 272
f 369 370 273
f 370 274 273
f 370 371 274
f 371 275 274
f 371 372 275
f 372 276 275
f 372 373 276
f 373 277 276
f 373 374 277
f 374 278 277
f 374 375 278
f 375 279 278
f 375 376 279
f 376 280 279
f 376 377 280
f 377 281 280
f 377 378 281
f 378 282 281
f 378 379 282
f 379 283 282
f 379 380 283
f 380 284 283
f 380 381 284
f 381 285 284
f 381 382 285
f 382 286 285
f 382 383 286
f 383 287 286
f 383 384 287
f 384 288 287
f 384 289 288
f 289 193 288
f 385 386 289
f 386 290 289
f 386 387 290
f 387 291 290
f 387 388 291
f 388 292 291
f 388 389 292
f 389 293 292
f 389 390 293
f 390 294 293
f 390 391 294
f 391 295 294
f 391 392 295
f 392 296 295
f 392 393 296
f 393 297 296
f 393 394 297
f 394 298 297
f 394 395 298
f 395 299 298
f 395 396 299
f 396 300 299
f 396 397 300
f 397 301 300
f 397 398 301
f 398 302 301
f 398 399 302
f 399 303 302
f 399 400 303
f 400 304 303
f 400 401 304
f 401 305 304
f 401 402 305
f 402 306 305
f 402 403 306
f 403 307 306
f 403 404 307
f 404 308 307
f 404 405 308
f 405 309 308
f 405 406 309
f 406 310 309
f 406 407 310
f 407 311 310
f 407 408 311
f 408 312 311
f 408 409 312
f 409 313 312
f 409 410 313
f 410 314 313
f 410 411 314
f 411 315 314
f 411 412 315
f 412 316 315
f 412 413 316
f 413 317 316
f 413 414 317
f 414 318 317
f 414 415 318
f 415 319 318
f 415 416 319
f 416 320 319
f 416 417 320
f 417 321 320
f 417 418 321
f 418 322 321
f 418 419 322
f 419 323 322
f 419 420 323
f 420 324 323
f 420 421 324
f 421 325 324
f 421 422 325
f 422 326 325
f 422 423 326
f 423 327 326
f 423 424 327
f 424 328 327
f 424 425 328
f 425 329 328
f 425 426 329
f 426 330 329
f 426 427 330
f 427 331 330
f 427 428 331
f 428 332 331
f 428 429 332
f 429 333 332
f 429 430 333
f 430 334 333
f 430 431 334
f 431 335 334
f 431 432 335
f 432 336 335
f 432 433 336
f 433 337 336
f 433 434 337
f 434 338 337
f 434 435 338
f 435 339 338
f 435 436 339
f 436 340 339
f 436 437 340
f 437 341 340
f 437 438 341
f 438 342 341
f 438 439 342
f 439 343 342
f 439 440 343
f 440 344 343
f 440 441 344
f 441 345 344
f 441 442 345
f 442 346 345
f 442 443 346
f 443 347 346
f 443 444 347
f 444 348 347
f 444 445 348
f 445 349 348
f 445 446 349
f 446 350 349
f 446 447 350
f 447 351 350
f 447 448 351
f 448 352 351
f 448 449 352
f 449 353 352
f 449 450 353
f 450 354 353
f 450 451 354
f 451 355 354
f 451 452 355
f 452 356 355
f 452 453 356
f 453 357 356
f 453 454 357
f 454 358 357
f 454 455 358
f 455 359 358
f 455 456 359
f 456 360 359
f 456 457 360
f 457 361 360
f 457 458 361
f 458 362 361
f 458 459 362
f 459 363 362
f 459 460 363
f 460 364 363
f 460 461 364
f 461 365 364
f 461 462 365
f 462 366 365
f 462 463 366
f 463 367 366
f 463 464 367
f 464 368 367
f 464 465 368
f 465 369 368
f 465 466 369
f 466 370 369
f 466 467 370
f 467 371 370
f 467 468 371
f 468 372 371
f 468 469 372
f 469 373 372
f 469 470 373
f 470 374 373
f 470 471 374
f 471 375 374
f 471 472 375
f 472 376 375
f 472 473 376
f 473 377 376
f 473 474 377
f 474 378 377
f 474 475 378
f 475 379 378
f 475 476 379
f 476 380 379
f 476 477 380
f 477 381 380
f 477 478 381
f 478 382 381
f 478 479 382
f 479 383 382
f 479 480 383
f 480 384 383
f 480 385 384
f 385 289 384
f 481 482 385
f 482 386 385
f 482 483 386
f 483 387 386
f 483 484 387
f 484 388 387
f 484 485 388
f 485 389 388
f 485 486 389
f 486 390 389
f 486 487 390
f 487 391 390
f 487 488 391
f 488 392 391
f 488 489 392
f 489 393 392
f 489 490 393
f 490 394 393
f 490 491 394
f 491 395 394
f 491 492 395
f 492 396 395
f 492 493 396
f 493 397 396
f 493 494 397
f 494 398 397
f 494 495 398
f 495 399 398
f 495 496 399
f 496 400 399
f 496 497 400
f 497 401 400
f 497 498 401
f 498 402 401
f 498 499 402
f 499 403 402
f 499 500 403
f 500 404 403
f 500 501 404
f 501 405 404
f 501 502 405
f 502 406 405
f 502 503 406
f 503 407 406
f 503 504 407
f 504 408 407
f 504 505 408
f 505 409 408
f 505 506 409
f 506 410 409
f 506 507 410
f 507 411 410
f 507 508 411
f 508 412 411
f 508 509 412
f 509 413 412
f 509 510 413
f 510 414 413
f 510 511 414
f 511 415 414
f 511 512 415
f 512 416 415
f 512 513 416
f 513 417 416
f 513 514 417
f 514 418 417
f 514 515 418
f 515 419 418
f 515 516 419
f 516 420 419
f 516 517 420
f 517 421 420
f 517 518 421
f 518 422 421
f 518 519 422
f 519 423 422
f 519 520 423
f 520 424 423
f 520 521 424
f 521 425 424
f 521 522 425
f 522 426 425
f 522 523 426
f 523 427 426
f 523 524 427
f 524 428 427
f 524 525 428
f 525 429 428
f 525 526 429
f 526 430 429
f 526 527 430
f 527 431 430
f 527 528 431
f 528 432 431
f 528 529 432
f 529 433 432
f 529 530 433
f 530 434 433
f 530 531 434
f 531 435 434
f 531 532 435
f 532 436 435
f 532 533 436
f 533 437 436
f 533 534 437
f 534 438 437
f 534 535 438
f 535 439 438
f 535 536 439
f 536 440 439
f 536 537 440
f 537 441 440
f 537 538 441
f 538 442 441
f 538 539 442
f 539 443 442
f 539 540 443
f 540 444 443
f 540 541 444
f 541 445 444
f 541 542 445
f 542 446 445
f 542 543 446
f 543 447 446
f 543 544 447
f 544 448 447
f 544 545 448
f 545 449 448
f 545 546 449
f 546 450 449
f 546 547 450
f 547 451 450
f 547 548 451
f 548 452 451
f 548 549 452
f 549 453 452
f 549 550 453
f 550 454 453
f 550 551 454
f 551 455 454
f 551 552 455
f 552 456 455
f 552 553 456
f 553 457 456
f 553 554 457
f 554 458 457
f 554 555 458
f 555 459 458
f 555 556 459
f 556 460 459
f 556 557 460
f 557 461 460
f 557 558 461
f 558 462 461
f 558 559 462
f 559 463 462
f 559 560 463
f 560 464 463
f 560 561 464
f 561 465 464
f 561 562 465
f 562 466 465
f 562 563 466
f 563 467 466
f 563 564 467
f 564 468 467
f 564 565 468
f 565 469 468
f 565 566 469
f 566 470 469
f 566 567 470
f 567 471 470
f 567 568 471
f 568 472 471
f 568 569 472
f 569 473 472
f 569 570 473
f 570 474 473
f 570 571 474
f 571 475 474
f 571 572 475
f 572 476 475
f 572 573 476
f 573 477 476
f 573 574 477
f 574 478 477
f 574 575 478
f 575 479 478
f 575 576 479
f 576 480 479
f 576 481 480
f 481 385 480
f 577 578 481
f 578 482 481
f 578 579 482
f 579 483 482
f 579 580 483
f 580 484 483
f 580 581 484
f 581 485 484
f 581 582 485
f 582 486 485
f 582 583 486
f 583 487 486
f 583 584 487
f 584 488 487
f 584 585 488
f 585 489 488
f 585 586 489
f 586 490 489
f 586 587 490
f 587 491 490
f 587 588 491
f 588 492 491
f 588 589 492
f 589 493 492
f 589 590 493
f 590 494 493
f 590 591 494
f 591 495 494
f 591 592 495
f 592 496 495
f 592 593 496
f 593 497 496
f 593 594 497
f 594 498 497
f 594 595 498
f 595 499 498
f 595 596 499
f 596 500 499
f 596 597 500
f 597 501 500
f 597 598 501
f 598 502 501
f 598 599 502
f 599 503 502
f 599 600 503
f 600 504 503
f 600 601 504
f 601 505 504
f 601 602 505
f 602 506 505
f 602 603 506
f 603 507 506
f 603 604 507
f 604 508 507
f 604 605 508
f 605 509 508
f 605 606 509
f 606 510 509
f 606 607 510
f 607 511 510
f 607 608 511
f 608 512 511
f 608 609 512
f 609 513 512
f 609 610 513
f 610 514 513
f 610 611 514
f 611 515 514
f 611 612 515
f 612 516 515
f 612 613 516
f 613 517 516
f 613 614 517
f 614 518 517
f 614 615 518
f 615 519 518
f 615 616 519
f 616 520 519
f 616 617 520
f 617 521 520
f 617 618 521
f 618 522 521
f 618 619 522
f 619 523 522
f 619 620 523
f 620 524 523
f 620 621 524
f 621 525 524
f 621 622 525
f 622 526 525
f 622 623 526
f 623 527 526
f 623 624 527
f 624 528 527
f 624 625 528
f 625 529 528
f 625 626 529
f 626 530 529
f 626 627 530
f 627 531 530
f 627 628 531
f 628 532 531
f 628 629 532
f 629 533 532
f 629 630 533
f 630 534 533
f 630 631 534
f 631 535 534
f 631 632 535
f 632 536 535
f 632 633 536
f 633 537 536
f 633 634 537
f 634 538 537
f 634 635 538
f 635 539 538
f 635 636 539
f 636 540 539
f 636 637 540
f 637 541 540
f 637 638 541
f 638 542 541
f 638 639 542
f 639 543 542
f 639 640 543
f 640 544 543
f 640 641 544
f 641 545 544
f 641 642 545
f 642 546 545
f 642 643 546
f 643 547 546
f 643 644 547
f 644 548 547
f 644 645 548
f 645 549 548
f 645 646 549
f 646 550 549
f 646 647 550
f 647 551 550
f 647 648 551
f 648 552 551
f 648 649 552
f 649 553 552
f 649 650 553
f 650 554 553
f 650 651 554
f 651 555 554
f 651 652 555
f 652 556 555
f 652 653 556
f 653 557 556
f 653 654 557
f 654 558 557
f 654 655 558
f 655 559 558
f 655 656 559
f 656 560 559
f 656 657 560
f 657 561 560
f 657 658 561
f 658 562 561
f 658 659 562
f 659 563 562
f 659 660 563
f 660 564 563
f 660 661 564
f 661 565 564
f 661 662 565
f 662 566 565
f 662 663 566
f 663 567 566
f 663 664 567
f 664 568 567
f 664 665 568
f 665 569 568
f 665 666 569
f 666 570 569
f 666 667 570
f 667 571 570
f 667 668 571
f 668 572 571
f 668 669 572
f 669 573 572
f 669 670 573
f 670 574 573
f 670 671 574
f 671 575 574
f 671 672 575
f 672 576 575
f 672 577 576
f 577 481 576
f 673 674 577
f 674 578 577
f 674 675 578
f 675 579 578
f 675 676 579
f 676 580 579
f 676 677 580
f 677 581 580
f 677 678 581
f 678 582 581
f 678 679 582
f 679 583 582
f 679 680 583
f 680 584 583
f 680 681 584
f 681 585 584
f 681 682 585
f 682 586 585
f 682 683 586
f 683 587 586
f 683 684 587
f 684 588 587
f 684 685 588
f 685 589 588
f 685 686 589
f 686 590 589
f 686 687 590
f 687 591 590
f 687 688 591
f 688 592 591
f 688 689 592
f 689 593 592
f 689 690 593
f 690 594 593
f 690 691 594
f 691 595 594
f 691 692 595
f 692 596 595
f 692 693 596
f 693 597 596
f 693 694 597
f 694 598 597
f 694 695 598
f 695 599 598
f 695 696 599
f 696 600 599
f 696 697 600
f 697 601 600
f 697 698 601
f 698 602 601
f 698 699 602
f 699 603 602
f 699 700 603
f 700 604 603
f 700 701 604
f 701 605 604
f 701 702 605
f 702 606 605
f 702 703 606
f 703 607 606
f 703 704 607
f 704 608 607
f 704 705 608
f 705 609 608
f 705 706 609
f 706 610 609
f 706 707 610
f 707 611 610
f 707 708 611
f 708 612 611
f 708 709 612
f 709 613 612
f 709 710 613
f 710 614 613
f 710 711 614
f 711 615 614
f 711 712 615
f 712 616 615
f 712 713 616
f 713 617 616
f 713 714 617
f 714 618 617
f 714 715 618
f 715 619 618
f 715 716 619
f 716 620 619
f 716 717 620
f 717 621 620
f 717 718 621
f 718 622 621
f 718 719 622
f 719 623 622
f 719 720 623
f 720 624 623
f 720 721 624
f 721 625 624
f 721 722 625
f 722 626 625
f 722 723 626
f 723 627 626
f 723 724 627
f 724 628 627
f 724 725 628
f 725 629 628
f 725 726 629
f 726 630 629
f 726 727 630
f 727 631 630
f 727 728 631
f 728 632 631
f 728 729 632
f 729 633 632
f 729 730 633
f 730 634 633
f 730 731 634
f 731 635 634
f 731 732 635
f 732 636 635
f 732 733 636
f 733 637 636
f 733 734 637
f 734 638 637
f 734 735 638
f 735 639 638
f 735 736 639
f 736 640 639
f 736 737 640
f 737 641 640
f 737 738 641
f 738 642 641
f 738 739 642
f 739 643 642
f 739 740 643
f 740 644 643
f 740 741 644
f 741 645 644
f 741 742 645
f 742 646 645
f 742 743 646
f 743 647 646
f 743 744 647
f 744 648 647
f 744 745 648
f 745 649 648
f 745 746 649
f 746 650 649
f 746 747 650
f 747 651 650
f 747 748 651
f 748 652 651
f 748 749 652
f 749 653 652
f 749 750 653
f 750 654 653
f 750 751 654
f 751 655 654
f 751 752 655
f 752 656 655
f 752 753 656
f 753 657 656
f 753 754 657
f 754 658 657
f 754 755 658
f 755 659 658
f 755 756 659
f 756 660 659
f 756 757 660
f 757 661 660
f 757 758 661
f 758 662 661
f 758 759 662
f 759 663 662
f 759 760 663
f 760 664 663
f 760 761 664
f 761 665 664
f 761 762 665
f 762 666 665
f 762 763 666
f 763 667 666
f 763 764 667
f 764 668 667
f 764 765 668
f 765 669 668
f 765 766 669
f 766 670 669
f 766 767 670
f 767 671 670
f 767 768 671
f 768 672 671
f 768 673 672
f 673 577 672
f 769 770 673
f 770 674 673
f 770 771 674
f 771 675 674
f 771 772 675
f 772 676 675
f 772 773 676
f 773 677 676
f 773 774 677
f 774 678 677
f 774 775 678
f 775 679 678
f 775 776 679
f 776 680 679
f 776 777 680
f 777 681 680
f 777 778 681
f 778 682 681
f 778 779 682
f 779 683 682
f 779 780 683
f 780 684 683
f 780 781 684
f 781 685 684
f 781 782 685
f 782 686 685
f 782 783 686
f 783 687 686
f 783 784 687
f 784 688 687
f 784 785 688
f 785 689 688
f 785 786 689
f 786 690 689
f 786 787 690
f 787 691 690
f 787 788 691
f 788 692 691
f 788 789 692
f 789 693 692
f 789 790 693
f 790 694 693
f 790 791 694
f 791 695 694
f 791 792 695
f 792 696 695
f 792 793 696
f 793 697 696
f 793 794 697
f 794 698 697
f 794 795 698
f 795 699 698
f 795 796 699
f 796 700 699
f 796 797 700
f 797 701 700
f 797 798 701
f 798 702 701
f 798 799 702
f 799 703 702
f 799 800 703
f 800 704 703
f 800 801 704
f 801 705 704
f 801 802 705
f 802 706 705
f 802 803 706
f 803 707 706
f 803 804 707
f 804 708 707
f 804 805 708
f 805 709 708
f 805 806 709
f 806 710 709
f 806 807 710
f 807 711 710
f 807 808 711
f 808 712 711
f 808 809 712
f 809 713 712
f 809 810 713
f 810 714 713
f 810 811 714
f 811 715 714
f 811 812 715
f 812 716 715
f 812 813 716
f 813 717 716
f 813 814 717
f 814 718 717
f 814 815 718
f 815 719 718
f 815 816 719
f 816 720 719
f 816 817 720
f 817 721 720
f 817 818 721
f 818 722 721
f 818 819 722
f 819 723 722
f 819 820 723
f 820 724 723
f 820 821 724
f 821 725 724
f 821 822 725
f 822 726 725
f 822 823 726
f 823 727 726
f 823 824 727
f 824 728 727
f 824 825 728
f 825 729 728
f 825 826 729
f 826 730 729
f 826 827 730
f 827 731 730
f 827 828 731
f 828 732 731
f 828 829 732
f 829 733 732
f 829 830 733
f 830 734 733
f 830 831 734
f 831 735 734
f 831 832 735
f 832 736 735
f 832 833 736
f 833 737 736
f 833 834 737
f 834 738 737
f 834 835 738
f 835 739 738
f 835 836 739
f 836 740 739
f 836 837 740
f 837 741 740
f 837 838 741
f 838 742 741
f 838 839 742
f 839 743 742
f 839 840 743
f 840 744 743
f 840 841 744
f 841 745 744
f 841 842 745
f 842 746 745
f 842 843 746
f 843 747 746
f 843 844 747
f 844 748 747
f 844 845 748
f 845 749 748
f 845 846 749
f 846 750 749
f 846 847 750
f 847 751 750
f 847 848 751
f 848 752 751
f 848 849 752
f 849 753 752
f 849 850 753
f 850 754 753
f 850 851 754
f 851 755 754
f 851 852 755
f 852 756 755
f 852 853 756
f 853 757 756
f 853 854 757
f 854 758 757
f 854 855 758
f 855 759 758
f 855 856 759
f 856 760 759
f 856 857 760
f 857 761 760
f 857 858 761
f 858 762 761
f 858 859 762
f 859 763 762
f 859 860 763
f 860 764 763
f 860 861 764
f 861 765 764
f 861 862 765
f 862 766 765
f 862 863 766
f 863 767 766
f 863 864 767
f 864 768 767
f 864 769 768
f 769 673 768
f 865 866 769
f 866 770 769
f 866 867 770
f 867 771 770
f 867 868 771
f 868 772 771
f 868 869 772
f 869 773 772
f 869 870 773
f 870 774 773
f 870 871 774
f 871 775 774
f 871 872 775
f 872 776 775
f 872 873 776
f 873 777 776
f 873 874 777
f 874 778 777
f 874 875 778
f 875 779 778
f 875 876 779
f 876 780 779
f 876 877 780
f 877 781 780
f 877 878 781
f 878 782 781
f 878 879 782
f 879 783 782
f 879 880 783
f 880 784 783
f 880 881 784
f 881 785 784
f 881 882 785
f 882 786 785
f 882 883 786
f 883 787 786
f 883 884 787
f 884 788 787
f 884 885 788
f 885 789 788
f 885 886 789
f 886 790 789
f 886 887 790
f 887 791 790
f 887 888 791
f 888 792 791
f 888 889 792
f 889 793 792
f 889 890 793
f 890 794 793
f 890 891 794
f 891 795 794
f 891 892 795
f 892 796 795
f 892 893 796
f 893 797 796
f 893 894 797
f 894 798 797
f 894 895 798
f 895 799 798
f 895 896 799
f 896 800 799
f 896 897 800
f 897 801 800
f 897 898 801
f 898 802 801
f 898 899 802
f 899 803 802
f 899 900 803
f 900 804 803
f 900 901 804
f 901 805 804
f 901 902 805
f 902 806 805
f 902 903 806
f 903 807 806
f 903 904 807
f 904 808 807
f 904 905 808
f 905 809 808
f 905 906 809
f 906 810 809
f 906 907 810
f 907 811 810
f 907 908 811
f 908 812 811
f 908 909 812
f 909 813 812
f 909 910 813
f 910 814 813
f 910 911 814
f 911 815 814
f 911 912 815
f 912 816 815
f 912 913 816
f 913 817 816
f 913 914 817
f 914 818 817
f 914 915 818
f 915 819 818
f 915 916 819
f 916 820 819
f 916 917 820
f 917 821 820
f 917 918 821
f 918 822 821
f 918 919 822
f 919 823 822
f 919 920 823
f 920 824 823
f 920 921 824
f 921 825 824
f 921 922 825
f 922 826 825
f 922 923 826
f 923 827 826
f 923 924 827
f 924 828 827
f 924 925 828
f 925 829 828
f 925 926 829
f 926 830 829
f 926 927 830
f 927 831 830
f 927 928 831
f 928 832 831
f 928 929 832
f 929 833 832
f 929 930 833
f 930 834 833
f 930 931 834
f 931 835 834
f 931 932 835
f 932 836 835
f 932 933 836
f 933 837 836
f 933 934 837
f 934 838 837
f 934 935 838
f 935 839 838
f 935 936 839
f 936 840 839
f 936 937 840
f 937 841 840
f 937 938 841
f 938 842 841
f 938 939 842
f 939 843 842
f 939 940 843
f 940 844 843
f 940 941 844
f 941 845 844
f 941 942 845
f 942 846 845
f 942 943 846
f 943 847 846
f 943 944 847
f 944 848 847
f 944 945 848
f 945 849 848
f 945 946 849
f 946 850 849
f 946 947 850
f 947 851 850
f 947 948 851
f 948 852 851
f 948 949 852
f 949 853 852
f 949 950 853
f 950 854 853
f 950 951 854
f 951 855 854
f 951 952 855
f 952 856 855
f 952 953 856
f 953 857 856
f 953 954 857
f 954 858 857
f 954 955 858
f 955 859 858
f 955 956 859
f 956 860 859
f 956 957 860
f 957 861 860
f 957 958 861
f 958 862 861
f 958 959 862
f 959 863 862
f 959 960 863
f 960 864 863
f 960 865 864
f 865 769 864
f 961 962 865
f 962 866 865
f 962 963 866
f 963 867 866
f 963 964 867
f 964 868 867
f 964 965 868
f 965 869 868
f 965 966 869
f 966 870 869
f 966 967 870
f 967 871 870
f 967 968 871
f 968 872 871
f 968 969 872
f 969 873 872
f 969 970 873
f 970 874 873
f 970 971 874
f 971 875 874
f 971 972 875
f 972 876 875
f 972 973 876
f 973 877 876
f 973 974 877
f 974 878 877
f 974 975 878
f 975 879 878
f 975 976 879
f 976 880 879
f 976 977 880
f 977 881 880
f 977 978 881
f 978 882 881
f 978 979 882
f 979 883 882
f 979 980 883
f 980 884 883
f 980 981 884
f 981 885 884
f 981 982 885
f 982 886 885
f 982 983 886
f 983 887 886
f 983 984 887
f 984 888 887
f 984 985 888
f 985 889 888
f 985 986 889
f 986 890 889
f 986 987 890
f 987 891 890
f 987 988 891
f 988 892 891
f 988 989 892
f 989 893 892
f 989 990 893
f 990 894 893
f 990 991 894
f 991 895 894
f 991 992 895
f 992 896 895
f 992 993 896
f 993 897 896
f 993 994 897
f 994 898 897
f 994 995 898
f 995 899 898
f 995 996 899
f 996 900 899
f 996 997 900
f 997 901 900
f 997 998 901
f 998 902 901
f 998 999 902
f 999 903 902
f 999 1000 903
f 1000 904 903
f 1000 1001 904
f 1001 905 904
f 1001 1002 905
f 1002 906 905
f 1002 1003 906
f 1003 907 906
f 1003 1004 907
f 1004 908 907
f 1004 1005 908
f 1005 909 908
f 1005 1006 909
f 1006 910 909
f 1006 1007 910
f 1007 911 910
f 1007 1008 911
f 1008 912 911
f 1008 1009 912
f 1009 913 912
f 1009 1010 913
f 1010 914 913
f 1010 1011 914
f 1011 915 914
f 1011 1012 915
f 1012 916 915
f 1012 1013 916
f 1013 917 916
f 1013 1014 917
f 1014 918 917
f 1014 1015 918
f 1015 919 918
f 1015 1016 919
f 1016 920 919
f 1016 1017 920
f 1017 921 920
f 1017 1018 921
f 1018 922 921
f 1018 1019 922
f 1019 923 922
f 1019 1020 923
f 1020 924 923
f 1020 1021 924
f 1021 925 924
f 1021 1022 925
f 1022 926 925
f 1022 1023 926
f 1023 927 926
f 1023 1024 927
f 1024 928 927
f 1024 1025 928
f 1025 929 928
f 1025 1026 929
f 1026 930 929
f 1026 1027 930
f 1027 931 930
f 1027 1028 931
f 1028 932 931
f 1028 1029 932
f 1029 933 932
f 1029 1030 933
f 1030 934 933
f 1030 1031 934
f 1031 935 934
f 1031 1032 935
f 1032 936 935
f 1032 1033 936
f 1033 937 936
f 1033 1034 937
f 1034 938 937
f 1034 1035 938
f 1035 939 938
f 1035 1036 939
f 1036 940 939
f 1036 1037 940
f 1037 941 940
f 1037 1038 941
f 1038 942 941
f 1038 1039 942
f 1039 943 942
f 1039 1040 943
f 1040 944 943
f 1040 1041 944
f 1041 945 944
f 1041 1042 945
f 1042 946 945
f 1042 1043 946
f 1043 947 946
f 1043 1044 947
f 1044 948 947
f 1044 1045 948
f 1045 949 948
f 1045 1046 949
f 1046 950 949
f 1046 1047 950
f 1047 951 950
f 1047 1048 951
f 1048 952 951
f 1048 1049 952
f 1049 953 952
f 1049 1050 953
f 1050 954 953
f 1050 1051 954
f 1051 955 954
f 1051 1052 955
f 1052 956 955
f 1052 1053 956
f 1053 957 956
f 1053 1054 957
f 1054 958 957
f 1054 1055 958
f 1055 959 958
f 1055 1056 959
f 1056 960 959
f 1056 961 960
f 961 865 960
f 1057 1058 961
f 1058 962 961
f 1058 1059 962
f 1059 963 962
f 1059 1060 963
f 1060 964 963
f 1060 1061 964
f 1061 965 964
f 1061 1062 965
f 1062 966 965
f 1062 1063 966
f 1063 967 966
f 1063 1064 967
f 1064 968 967
f 1064 1065 968
f 1065 969 968
f 1065 1066 969
f 1066 970 969
f 1066 1067 970
f 1067 971 970
f 1067 1068 971
f 1068 972 971
f 1068 1069 972
f 1069 973 972
f 1069 1070 973
f 1070 974 973
f 1070 1071 974
f 1071 975 974
f 1071 1072 975
f 1072 976 975
f 1072 1073 976
f 1073 977 976
f 1073 1074 977
f 1074 978 977
f 1074 1075 978
f 1075 979 978
f 1075 1076 979
f 1076 980 979
f 1076 1077 980
f 1077 981 980
f 1077 1078 981
f 1078 982 981
f 1078 1079 982
f 1079 983 982
f 1079 1080 983
f 1080 984 983
f 1080 1081 984
f 1081 985 984
f 1081 1082 985
f 1082 986 985
f 1082 1083 986
f 1083 987 986
f 1083 1084 987
f 1084 988 987
f 1084 1085 988
f 1085 989 988
f 1085 1086 989
f 1086 990 989
f 1086 1087 990
f 1087 991 990
f 1087 1088 991
f 1088 992 991
f 1088 1089 992
f 1089 993 992
f 1089 1090 993
f 1090 994 993
f 1090 1091 994
f 1091 995 994
f 1091 1092 995
f 1092 996 995
f 1092 1093 996
f 1093 997 996
f 1093 1094 997
f 1094 998 997
f 1094 1095 998
f 1095 999 998
f 1095 1096 999
f 1096 1000 999
f 1096 1097 1000
f 1097 1001 1000
f 1097 1098 1001
f 1098 1002 1001
f 1098 1099 1002
f 1099 1003 1002
f 1099 1100 1003
f 1100 1004 1003
f 1100 1101 1004
f 1101 1005 1004
f 1101 1102 1005
f 1102 1006 1005
f 1102 1103 1006
f 1103 1007 1006
f 1103 1104 1007
f 1104 1008 1007
f 1104 1105 1008
f 1105 1009 1008
f 1105 1106 1009
f 1106 1010 1009
f 1106 1107 1010
f 1107 1011 1010
f 1107 1108 1011
f 1108 1012 1011
f 1108 1109 1012
f 1109 1013 1012
f 1109 1110 1013
f 1110 1014 1013
f 1110 1111 1014
f 1111 1015 1014
f 1111 1112 1015
f 1112 1016 1015
f 1112 1113 1016
f 1113 1017 1016
f 1113 1114 1017
f 1114 1018 1017
f 1114 1115 1018
f 1115 1019 1018
f 1115 1116 1019
f 1116 1020 1019
f 1116 1117 1020
f 1117 1021 1020
f 1117 1118 1021
f 1118 1022 1021
f 1118 1119 1022
f 1119 1023 1022
f 1119 1120 1023
f 1120 1024 1023
f 1120 1121 1024
f 1121 1025 1024
f 1121 1122 1025
f 1122 1026 1025
f 1122 1123 1026
f 1123 1027 1026
f 1123 1124 1027
f 1124 1028 1027
f 1124 1125 1028
f 1125 1029 1028
f 1125 1126 1029
f 1126 1030 1029
f 1126 1127 1030
f 1127 1031 1030
f 1127 1128 1031
f 1128 1032 1031
f 1128 1129 1032
f 1129 1033 1032
f 1129 1130 1033
f 1130 1034 1033
f 1130 1131 1034
f 1131 1035 1034
f 1131 1132 1035
f 1132 1036 1035
f 1132 1133 1036
f 1133 1037 1036
f 1133 1134 1037
f 1134 1038 1037
f 1134 1135 1038
f 1135 1039 1038
f 1135 1136 1039
f 1136 1040 1039
f 1136 1137 1040
f 1137 1041 1040
f 1137 1138 1041
f 1138 1042 1041
f 1138 1139 1042
f 1139 1043 1042
f 1139 1140 1043
f 1140 1044 1043
f 1140 1141 1044
f 1141 1045 1044
f 1141 1142 1045
f 1142 1046 1045
f 1142 1143 1046
f 1143 1047 1046
f 1143 1144 1047
f 1144 1048 1047
f 1144 1145 1048
f 1145 1049 1048
f 1145 1146 1049
f 1146 1050 1049
f 1146 1147 1050
f 1147 1051 1050
f 1147 1148 1051
f 1148 1052 1051
f 1148 1149 1052
f 1149 1053 1052
f 1149 1150 1053
f 1150 1054 1053
f 1150 1151 1054
f 1151 1055 1054
f 1151 1152 1055
f 1152 1056 1055
f 1152 1057 1056
f 1057 961 1056
f 1153 1154 1057
f 1154 1058 1057
f 1154 1155 1058
f 1155 1059 1058
f 1155 1156 1059
f 1156 1060 1059
f 1156 1157 1060
f 1157 1061 1060
f 1157 1158 1061
f 1158 1062 1061
f 1158 1159 1062
f 1159 1063 1062
f 1159 1160 1063
f 1160 1064 1063
f 1160 1161 1064
f 1161 1065 1064
f 1161 1162 1065
f 1162 1066 1065
f 1162 1163 1066
f 1163 1067 1066
f 1163 1164 1067
f 1164 1068 1067
f 1164 1165 1068
f 1165 1069 1068
f 1165 1166 1069
f 1166 1070 1069
f 1166 1167 1070
f 1167 1071 1070
f 1167 1168 1071
f 1168 1072 1071
f 1168 1169 1072
f 1169 1073 1072
f 1169 1170 1073
f 1170 1074 1073
f 1170 1171 1074
f 1171 1075 1074
f 1171 1172 1075
f 1172 1076 1075
f 1172 1173 1076
f 1173 1077 1076
f 1173 1174 1077
f 1174 1078 1077
f 1174 1175 1078
f 1175 1079 1078
f 1175 1176 1079
f 1176 1080 1079
f 1176 1177 1080
f 1177 1081 1080
f 1177 1178 1081
f 1178 1082 1081
f 1178 1179 1082
f 1179 1083 1082
f 1179 1180 1083
f 1180 1084 1083
f 1180 1181 1084
f 1181 1085 1084
f 1181 1182 1085
f 1182 1086 1085
f 1182 1183 1086
f 1183 1087 1086
f 1183 1184 1087
f 1184 1088 1087
f 1184 1185 1088
f 1185 1089 1088
f 1185 1186 1089
f 1186 1090 1089
f 1186 1187 1090
f 1187 1091 1090
f 1187 1188 1091
f 1188 1092 1091
f 1188 1189 1092
f 1189 1093 1092
f 1189 1190 1093
f 1190 1094 1093
f 1190 1191 1094
f 1191 1095 1094
f 1191 1192 1095
f 1192 1096 1095
f 1192 1193 1096
f 1193 1097 1096
f 1193 1194 1097
f 1194 1098 1097
f 1194 1195 1098
f 1195 1099 1098
f 1195 1196 1099
f 1196 1100 1099
f 1196 1197 1100
f 1197 1101 1100
f 1197 1198 1101
f 1198 1102 1101
f 1198 1199 1102
f 1199 1103 1102
f 1199 1200 1103
f 1200 1104 1103
f 1200 1201 1104
f 1201 1105 1104
f 1201 1202 1105
f 1202 1106 1105
f 1202 1203 1106
f 1203 1107 1106
f 1203 1204 1107
f 1204 1108 1107
f 1204 1205 1108
f 1205 1109 1108
f 1205 1206 1109
f 1206 1110 1109
f 1206 1207 1110
f 1207 1111 1110
f 1207 1208 1111
f 1208 1112 1111
f 1208 1209 1112
f 1209 1113 1112
f 1209 1210 1113
f 1210 1114 1113
f 1210 1211 1114
f 1211 1115 1114
f 1211 1212 1115
f 1212 1116 1115
f 1212 1213 1116
f 1213 1117 1116
f 1213 1214 1117
f 1214 1118 1117
f 1214 1215 1118
f 1215 1119 1118
f 1215 1216 1119
f 1216 1120 1119
f 1216 1217 1120
f 1217 1121 1120
f 1217 1218 1121
f 1218 1122 1121
f 1218 1219 1122
f 1219 1123 1122
f 1219 1220 1123
f 1220 1124 1123
f 1220 1221 1124
f 1221 1125 1124
f 1221 1222 1125
f 1222 1126 1125
f 1222 1223 1126
f 1223 1127 1126
f 1223 1224 1127
f 1224 1128 1127
f 1224 1225 1128
f 1225 1129 1128
f 1225 1226 1129
f 1226 1130 1129
f 1226 1227 1130
f 1227 1131 1130
f 1227 1228 1131
f 1228 1132 1131
f 1228 1229 1132
f 1229 1133 1132
f 1229 1230 1133
f 1230 1134 1133
f 1230 1231 1134
f 1231 1135 1134
f 1231 1232 1135
f 1232 1136 1135
f 1232 1233 1136
f 1233 1137 1136
f 1233 1234 1137
f 1234 1138 1137
f 1234 1235 1138
f 1235 1139 1138
f 1235 1236 1139
f 1236 1140 1139
f 1236 1237 1140
f 1237 1141 1140
f 1237 1238 1141
f 1238 1142 1141
f 1238 1239 1142
f 1239 1143 1142
f 1239 1240 1143
f 1240 1144 1143
f 1240 1241 1144
f 1241 1145 1144
f 1241 1242 1145
f 1242 1146 1145
f 1242 1243 1146
f 1243 1147 1146
f 1243 1244 1147
f 1244 1148 1147
f 1244 1245 1148
f 1245 1149 1148
f 1245 1246 1149
f 1246 1150 1149
f 1246 1247 1150
f 1247 1151 1150
f 1247 1248 1151
f 1248 1152 1151
f 1248 1153 1152
f 1153 1057 1152
f 1249 1250 1153
f 1250 1154 1153
f 1250 1251 1154
f 1251 1155 1154
f 1251 1252 1155
f 1252 1156 1155
f 1252 1253 1156
f 1253 1157 1156
f 1253 1254 1157
f 1254 1158 1157
f 1254 1255 1158
f 1255 1159 1158
f 1255 1256 1159
f 1256 1160 1159
f 1256 1257 1160
f 1257 1161 1160
f 1257 1258 1161
f 1258 1162 1161
f 1258 1259 1162
f 1259 1163 1162
f 1259 1260 1163
f 1260 1164 1163
f 1260 1261 1164
f 1261 1165 1164
f 1261 1262 1165
f 1262 1166 1165
f 1262 1263 1166
f 1263 1167 1166
f 1263 1264 1167
f 1264 1168 1167
f 1264 1265 1168
f 1265 1169 1168
f 1265 1266 1169
f 1266 1170 1169
f 1266 1267 1170
f 1267 1171 1170
f 1267 1268 1171
f 1268 1172 1171
f 1268 1269 1172
f 1269 1173 1172
f 1269 1270 1173
f 1270 1174 1173
f 1270 1271 1174
f 1271 1175 1174
f 1271 1272 1175
f 1272 1176 1175
f 1272 1273 1176
f 1273 1177 1176
f 1273 1274 1177
f 1274 1178 1177
f 1274 1275 1178
f 1275 1179 1178
f 1275 1276 1179
f 1276 1180 1179
f 1276 1277 1180
f 1277 1181 1180
f 1277 1278 1181
f 1278 1182 1181
f 1278 1279 1182
f 1279 1183 1182
f 1279 1280 1183
f 1280 1184 1183
f 1280 1281 1184
f 1281 1185 1184
f 1281 1282 1185
f 1282 1186 1185
f 1282 1283 1186
f 1283 1187 1186
f 1283 1284 1187
f 1284 1188 1187
f 1284 1285 1188
f 1285 1189 1188
f 1285 1286 1189
f 1286 1190 1189
f 1286 1287 1190
f 1287 1191 1190
f 1287 1288 1191
f 1288 1192 1191
f 1288 1289 1192
f 1289 1193 1192
f 1289 1290 1193
f 1290 1194 1193
f 1290 1291 1194
f 1291 1195 1194
f 1291 1292 1195
f 1292 1196 1195
f 1292 1293 1196
f 1293 1197 1196
f 1293 1294 1197
f 1294 1198 1197
f 1294 1295 1198
f 1295 1199 1198
f 1295 1296 1199
f 1296 1200 1199
f 1296 1297 1200
f 1297 1201 1200
f 1297 1298 1201
f 1298 1202 1201
f 1298 1299 1202
f 1299 1203 1202
f 1299 1300 1203
f 1300 1204 1203
f 1300 1301 1204
f 1301 1205 1204
f 1301 1302 1205
f 1302 1206 1205
f 1302 1303 1206
f 1303 1207 1206
f 1303 1304 1207
f 1304 1208 1207
f 1304 1305 1208
f 1305 1209 1208
f 1305 1306 1209
f 1306 1210 1209
f 1306 1307 1210
f 1307 1211 1210
f 1307 1308 1211
f 1308 1212 1211
f 1308 1309 1212
f 1309 1213 1212
f 1309 1310 1213
f 1310 1214 1213
f 1310 1311 1214
f 1311 1215 1214
f 1311 1312 1215
f 1312 1216 1215
f 1312 1313 1216
f 1313 1217 1216
f 1313 1314 1217
f 1314 1218 1217
f 1314 1315 1218
f 1315 1219 1218
f 1315 1316 1219
f 1316 1220 1219
f 1316 1317 1220
f 1317 1221 1220
f 1317 1318 1221
f 1318 1222 1221
f 1318 1319 1222
f 1319 1223 1222
f 1319 1320 1223
f 1320 1224 1223
f 1320 1321 1224
f 1321 1225 1224
f 1321 1322 1225
f 1322 1226 1225
f 1322 1323 1226
f 1323 1227 1226
f 1323 1324 1227
f 1324 1228 1227
f 1324 1325 1228
f 1325 1229 1228
f 1325 1326 1229
f 1326 1230 1229
f 1326 1327 1230
f 1327 1231 1230
f 1327 1328 1231
f 1328 1232 1231
f 1328 1329 1232
f 1329 1233 1232
f 1329 1330 1233
f 1330 1234 1233
f 1330 1331 1234
f 1331 1235 1234
f 1331 1332 1235
f 1332 1236 1235
f 1332 1333 1236
f 1333 1237 1236
f 1333 1334 1237
f 1334 1238 1237
f 1334 1335 1238
f 1335 1239 1238
f 1335 1336 1239
f 1336 1240 1239
f 1336 1337 1240
f 1337 1241 1240
f 1337 1338 1241
f 1338 1242 1241
f 1338 1339 1242
f 1339 1243 1242
f 1339 1340 1243
f 1340 1244 1243
f 1340 1341 1244
f 1341 1245 1244
f 1341 1342 1245
f 1342 1246 1245
f 1342 1343 1246
f 1343 1247 1246
f 1343 1344 1247
f 1344 1248 1247
f 1344 1249 1248
f 1249 1153 1248
f 1345 1346 1249
f 1346 1250 1249
f 1346 1347 1250
f 1347 1251 1250
f 1347 1348 1251
f 1348 1252 1251
f 1348 1349 1252
f 1349 1253 1252
f 1349 1350 1253
f 1350 1254 1253
f 1350 1351 1254
f 1351 1255 1254
f 1351 1352 1255
f 1352 1256 1255
f 1352 1353 1256
f 1353 1257 1256
f 1353 1354 1257
f 1354 1258 1257
f 1354 1355 1258
f 1355 1259 1258
f 1355 1356 1259
f 1356 1260 1259
f 1356 1357 1260
f 1357 1261 1260
f 1357 1358 1261
f 1358 1262 1261
f 1358 1359 1262
f 1359 1263 1262
f 1359 1360 1263
f 1360 1264 1263
f 1360 1361 1264
f 1361 1265 1264
f 1361 1362 1265
f 1362 1266 1265
f 1362 1363 1266
f 1363 1267 1266
f 1363 1364 1267
f 1364 1268 1267
f 1364 1365 1268
f 1365 1269 1268
f 1365 1366 1269
f 1366 1270 1269
f 1366 1367 1270
f 1367 1271 1270
f 1367 1368 1271
f 1368 1272 1271
f 1368 1369 1272
f 1369 1273 1272
f 1369 1370 1273
f 1370 1274 1273
f 1370 1371 1274
f 1371 1275 1274
f 1371 1372 1275
f 1372 1276 1275
f 1372 1373 1276
f 1373 1277 1276
f 1373 1374 1277
f 1374 1278 1277
f 1374 1375 1278
f 1375 1279 1278
f 1375 1376 1279
f 1376 1280 1279
f 1376 1377 1280
f 1377 1281 1280
f 1377 1378 1281
f 1378 1282 1281
f 1378 1379 1282
f 1379 1283 1282
f 1379 1380 1283
f 1380 1284 1283
f 1380 1381 1284
f 1381 1285 1284
f 1381 1382 1285
f 1382 1286 1285
f 1382 1383 1286
f 1383 1287 1286
f 1383 1384 1287
f 1384 1288 1287
f 1384 1385 1288
f 1385 1289 1288
f 1385 1386 1289
f 1386 1290 1289
f 1386 1387 1290
f 1387 1291 1290
f 1387 1388 1291
f 1388 1292 1291
f 1388 1389 1292
f 1389 1293 1292
f 1389 1390 1293
f 1390 1294 1293
f 1390 1391 1294
f 1391 1295 1294
f 1391 1392 1295
f 1392 1296 1295
f 1392 1393 1296
f 1393 1297 1296
f 1393 1394 1297
f 1394 1298 1297
f 1394 1395 1298
f 1395 1299 1298
f 1395 1396 1299
f 1396 1300 1299
f 1396 1397 1300
f 1397 1301 1300
f 1397 1398 1301
f 1398 1302 1301
f 1398 1399 1302
f 1399 1303 1302
f 1399 1400 1303
f 1400 1304 1303
f 1400 1401 1304
f 1401 1305 1304
f 1401 1402 1305
f 1402 1306 1305
f 1402 1403 1306
f 1403 1307 1306
f 1403 1404 1307
f 1404 1308 1307
f 1404 1405 1308
f 1405 1309 1308
f 1405 1406 1309
f 1406 1310 1309
f 1406 1407 1310
f 1407 1311 1310
f 1407 1408 1311
f 1408 1312 1311
f 1408 1409 1312
f 1409 1313 1312
f 1409 1410 1313
f 1410 1314 1313
f 1410 1411 1314
f 1411 1315 1314
f 1411 1412 1315
f 1412 1316 1315
f 1412 1413 1316
f 1413 1317 1316
f 1413 1414 1317
f 1414 1318 1317
f 1414 1415 1318
f 1415 1319 1318
f 1415 1416 1319
f 1416 1320 1319
f 1416 1417 1320
f 1417 1321 1320
f 1417 1418 1321
f 1418 1322 1321
f 1418 1419 1322
f 1419 1323 1322
f 1419 1420 1323
f 1420 1324 1323
f 1420 1421 1324
f 1421 1325 1324
f 1421 1422 1325
f 1422 1326 1325
f 1422 1423 1326
f 1423 1327 1326
f 1423 1424 1327
f 1424 1328 1327
f 1424 1425 1328
f 1425 1329 1328
f 1425 1426 1329
f 1426 1330 1329
f 1426 1427 1330
f 1427 1331 1330
f 1427 1428 1331
f 1428 1332 1331
f 1428 1429 1332
f 1429 1333 1332
f 1429 1430 1333
f 1430 1334 1333
f 1430 1431 1334
f 1431 1335 1334
f 1431 1432 1335
f 1432 1336 1335
f 1432 1433 1336
f 1433 1337 1336
f 1433 1434 1337
f 1434 1338 1337
f 1434 1435 1338
f 1435 1339 1338
f 1435 1436 1339
f 1436 1340 1339
f 1436 1437 1340
f 1437 1341 1340
f 1437 1438 1341
f 1438 1342 1341
f 1438 1439 1342
f 1439 1343 1342
f 1439 1440 1343
f 1440 1344 1343
f 1440 1345 1344
f 1345 1249 1344
f 1441 1442 1345
f 1442 1346 1345
f 1442 1443 1346
f 1443 1347 1346
f 1443 1444 1347
f 1444 1348 1347
f 1444 1445 1348
f 1445 1349 1348
f 1445 1446 1349
f 1446 1350 1349
f 1446 1447 1350
f 1447 1351 1350
f 1447 1448 1351
f 1448 1352 1351
f 1448 1449 1352
f 1449 1353 1352
f 1449 1450 1353
f 1450 1354 1353
f 1450 1451 1354
f 1451 1355 1354
f 1451 1452 1355
f 1452 1356 1355
f 1452 1453 1356
f 1453 1357 1356
f 1453 1454 1357
f 1454 1358 1357
f 1454 1455 1358
f 1455 1359 1358
f 1455 1456 1359
f 1456 1360 1359
f 1456 1457 1360
f 1457 1361 1360
f 1457 1458 1361
f 1458 1362 1361
f 1458 1459 1362
f 1459 1363 1362
f 1459 1460 1363
f 1460 1364 1363
f 1460 1461 1364
f 1461 1365 1364
f 1461 1462 1365
f 1462 1366 1365
f 1462 1463 1366
f 1463 1367 1366
f 1463 1464 1367
f 1464 1368 1367
f 1464 1465 1368
f 1465 1369 1368
f 1465 1466 1369
f 1466 1370 1369
f 1466 1467 1370
f 1467 1371 1370
f 1467 1468 1371
f 1468 1372 1371
f 1468 1469 1372
f 1469 1373 1372
f 1469 1470 1373
f 1470 1374 1373
f 1470 1471 1374
f 1471 1375 1374
f 1471 1472 1375
f 1472 1376 1375
f 1472 1473 1376
f 1473 1377 1376
f 1473 1474 1377
f 1474 1378 1377
f 1474 1475 1378
f 1475 1379 1378
f 1475 1476 1379
f 1476 1380 1379
f 1476 1477 1380
f 1477 1381 1380
f 1477 1478 1381
f 1478 1382 1381
f 1478 1479 1382
f 1479 1383 1382
f 1479 1480 1383
f 1480 1384 1383
f 1480 1481 1384
f 1481 1385 1384
f 1481 1482 1385
f 1482 1386 1385
f 1482 1483 1386
f 1483 1387 1386
f 1483 1484 1387
f 1484 1388 1387
f 1484 1485 1388
f 1485 1389 1388
f 1485 1486 1389
f 1486 1390 1389
f 1486 1487 1390
f 1487 1391 1390
f 1487 1488 1391
f 1488 1392 1391
f 1488 1489 1392
f 1489 1393 1392
f 1489 1490 1393
f 1490 1394 1393
f 1490 1491 1394
f 1491 1395 1394
f 1491 1492 1395
f 1492 1396 1395
f 1492 1493 1396
f 1493 1397 1396
f 1493 1494 1397
f 1494 1398 1397
f 1494 1495 1398
f 1495 1399 1398
f 1495 1496 1399
f 1496 1400 1399
f 1496 1497 1400
f 1497 1401 1400
f 1497 1498 1401
f 1498 1402 1401
f 1498 1499 1402
f 1499 1403 1402
f 1499 1500 1403
f 1500 1404 1403
f 1500 1501 1404
f 1501 1405 1404
f 1501 1502 1405
f 1502 1406 1405
f 1502 1503 1406
f 1503 1407 1406
f 1503 1504 1407
f 1504 1408 1407
f 1504 1505 1408
f 1505 1409 1408
f 1505 1506 1409
f 1506 1410 1409
f 1506 1507 1410
f 1507 1411 1410
f 1507 1508 1411
f 1508 1412 1411
f 1508 1509 1412
f 1509 1413 1412
f 1509 1510 1413
f 1510 1414 1413
f 1510 1511 1414
f 1511 1415 1414
f 1511 1512 1415
f 1512 1416 1415
f 1512 1513 1416
f 1513 1417 1416
f 1513 1514 1417
f 1514 1418 1417
f 1514 1515 1418
f 1515 1419 1418
f 1515 1516 1419
f 1516 1420 1419
f 1516 1517 1420
f 1517 1421 1420
f 1517 1518 1421
f 1518 1422 1421
f 1518 1519 1422
f 1519 1423 1422
f 1519 1520 1423
f 1520 1424 1423
f 1520 1521 1424
f 1521 1425 1424
f 1521 1522 1425
f 1522 1426 1425
f 1522 1523 1426
f 1523 1427 1426
f 1523 1524 1427
f 1524 1428 1427
f 1524 1525 1428
f 1525 1429 1428
f 1525 1526 1429
f 1526 1430 1429
f 1526 1527 1430
f 1527 1431 1430
f 1527 1528 1431
f 1528 1432 1431
f 1528 1529 1432
f 1529 1433 1432
f 1529 1530 1433
f 1530 1434 1433
f 1530 1531 1434
f 1531 1435 1434
f 1531 1532 1435
f 1532 1436 1435
f 1532 1533 1436
f 1533 1437 1436
f 1533 1534 1437
f 1534 1438 1437
f 1534 1535 1438
f 1535 1439 1438
f 1535 1536 1439
f 1536 1440 1439
f 1536 1441 1440
f 1441 1345 1440
f 1537 1538 1441
f 1538 1442 1441
f 1538 1539 1442
f 1539 1443 1442
f 1539 1540 1443
f 1540 1444 1443
f 1540 1541 1444
f 1541 1445 1444
f 1541 1542 1445
f 1542 1446 1445
f 1542 1543 1446
f 1543 1447 1446
f 1543 1544 1447
f 1544 1448 1447
f 1544 1545 1448
f 1545 1449 1448
f 1545 1546 1449
f 1546 1450 1449
f 1546 1547 1450
f 1547 1451 1450
f 1547 1548 1451
f 1548 1452 1451
f 1548 1549 1452
f 1549 1453 1452
f 1549 1550 1453
f 1550 1454 1453
f 1550 1551 1454
f 1551 1455 1454
f 1551 1552 1455
f 1552 1456 1455
f 1552 1553 1456
f 1553 1457 1456
f 1553 1554 1457
f 1554 1458 1457
f 1554 1555 1458
f 1555 1459 1458
f 1555 1556 1459
f 1556 1460 1459
f 1556 1557 1460
f 1557 1461 1460
f 1557 1558 1461
f 1558 1462 1461
f 1558 1559 1462
f 1559 1463 1462
f 1559 1560 1463
f 1560 1464 1463
f 1560 1561 1464
f 1561 1465 1464
f 1561 1562 1465
f 1562 1466 1465
f 1562 1563 1466
f 1563 1467 1466
f 1563 1564 1467
f 1564 1468 1467
f 1564 1565 1468
f 1565 1469 1468
f 1565 1566 1469
f 1566 1470 1469
f 1566 1567 1470
f 1567 1471 1470
f 1567 1568 1471
f 1568 1472 1471
f 1568 1569 1472
f 1569 1473 1472
f 1569 1570 1473
f 1570 1474 1473
f 1570 1571 1474
f 1571 1475 1474
f 1571 1572 1475
f 1572 1476 1475
f 1572 1573 1476
f 1573 1477 1476
f 1573 1574 1477
f 1574 1478 1477
f 1574 1575 1478
f 1575 1479 1478
f 1575 1576 1479
f 1576 1480 1479
f 1576 1577 1480
f 1577 1481 1480
f 1577 1578 1481
f 1578 1482 1481
f 1578 1579 1482
f 1579 1483 1482
f 1579 1580 1483
f 1580 1484 1483
f 1580 1581 1484
f 1581 1485 1484
f 1581 1582 1485
f 1582 1486 1485
f 1582 1583 1486
f 1583 1487 1486
f 1583 1584 1487
f 1584 1488 1487
f 1584 1585 1488
f 1585 1489 1488
f 1585 1586 1489
f 1586 1490 1489
f 1586 1587 1490
f 1587 1491 1490
f 1587 1588 1491
f 1588 1492 1491
f 1588 1589 1492
f 1589 1493 1492
f 1589 1590 1493
f 1590 1494 1493
f 1590 1591 1494
f 1591 1495 1494
f 1591 1592 1495
f 1592 1496 1495
f 1592 1593 1496
f 1593 1497 1496
f 1593 1594 1497
f 1594 1498 1497
f 1594 1595 1498
f 1595 1499 1498
f 1595 1596 1499
f 1596 1500 1499
f 1596 1597 1500
f 1597 1501 1500
f 1597 1598 1501
f 1598 1502 1501
f 1598 1599 1502
f 1599 1503 1502
f 1599 1600 1503
f 1600 1504 1503
f 1600 1601 1504
f 1601 1505 1504
f 1601 1602 1505
f 1602 1506 1505
f 1602 1603 1506
f 1603 1507 1506
f 1603 1604 1507
f 1604 1508 1507
f 1604 1605 1508
f 1605 1509 1508
f 1605 1606 1509
f 1606 1510 1509
f 1606 1607 1510
f 1607 1511 1510
f 1607 1608 1511
f 1608 1512 1511
f 1608 1609 1512
f 1609 1513 1512
f 1609 1610 1513
f 1610 1514 1513
f 1610 1611 1514
f 1611 1515 1514
f 1611 1612 1515
f 1612 1516 1515
f 1612 1613 1516
f 1613 1517 1516
f 1613 1614 1517
f 1614 1518 1517
f 1614 1615 1518
f 1615 1519 1518
f 1615 1616 1519
f 1616 1520 1519
f 1616 1617 1520
f 1617 1521 1520
f 1617 1618 1521
f 1618 1522 1521
f 1618 1619 1522
f 1619 1523 1522
f 1619 1620 1523
f 1620 1524 1523
f 1620 1621 1524
f 1621 1525 1524
f 1621 1622 1525
f 1622 1526 1525
f 1622 1623 1526
f 1623 1527 1526
f 1623 1624 1527
f 1624 1528 1527
f 1624 1625 1528
f 1625 1529 1528
f 1625 1626 1529
f 1626 1530 1529
f 1626 1627 1530
f 1627 1531 1530
f 1627 1628 1531
f 1628 1532 1531
f 1628 1629 1532
f 1629 1533 1532
f 1629 1630 1533
f 1630 1534 1533
f 1630 1631 1534
f 1631 1535 1534
f 1631 1632 1535
f 1632 1536 1535
f 1632 1537 1536
f 1537 1441 1536
f 1633 1634 1537
f 1634 1538 1537
f 1634 1635 1538
f 1635 1539 1538
f 1635 1636 1539
f 1636 1540 1539
f 1636 1637 1540
f 1637 1541 1540
f 1637 1638 1541
f 1638 1542 1541
f 1638 1639 1542
f 1639 1543 1542
f 1639 1640 1543
f 1640 1544 1543
f 1640 1641 1544
f 1641 1545 1544
f 1641 1642 1545
f 1642 1546 1545
f 1642 1643 1546
f 1643 1547 1546
f 1643 1644 1547
f 1644 1548 1547
f 1644 1645 1548
f 1645 1549 1548
f 1645 1646 1549
f 1646 1550 1549
f 1646 1647 1550
f 1647 1551 1550
f 1647 1648 1551
f 1648 1552 1551
f 1648 1649 1552
f 1649 1553 1552
f 1649 1650 1553
f 1650 1554 1553
f 1650 1651 1554
f 1651 1555 1554
f 1651 1652 1555
f 1652 1556 1555
f 1652 1653 1556
f 1653 1557 1556
f 1653 1654 1557
f 1654 1558 1557
f 1654 1655 1558
f 1655 1559 1558
f 1655 1656 1559
f 1656 1560 1559
f 1656 1657 1560
f 1657 1561 1560
f 1657 1658 1561
f 1658 1562 1561
f 1658 1659 1562
f 1659 1563 1562
f 1659 1660 1563
f 1660 1564 1563
f 1660 1661 1564
f 1661 1565 1564
f 1661 1662 1565
f 1662 1566 1565
f 1662 1663 1566
f 1663 1567 1566
f 1663 1664 1567
f 1664 1568 1567
f 1664 1665 1568
f 1665 1569 1568
f 1665 1666 1569
f 1666 1570 1569
f 1666 1667 1570
f 1667 1571 1570
f 1667 1668 1571
f 1668 1572 1571
f 1668 1669 1572
f 1669 1573 1572
f 1669 1670 1573
f 1670 1574 1573
f 1670 1671 1574
f 1671 1575 1574
f 1671 1672 1575
f 1672 1576 1575
f 1672 1673 1576
f 1673 1577 1576
f 1673 1674 1577
f 1674 1578 1577
f 1674 1675 1578
f 1675 1579 1578
f 1675 1676 1579
f 1676 1580 1579
f 1676 1677 1580
f 1677 1581 1580
f 1677 1678 1581
f 1678 1582 1581
f 1678 1679 1582
f 1679 1583 1582
f 1679 1680 1583
f 1680 1584 1583
f 1680 1681 1584
f 1681 1585 1584
f 1681 1682 1585
f 1682 1586 1585
f 1682 1683 1586
f 1683 1587 1586
f 1683 1684 1587
f 1684 1588 1587
f 1684 1685 1588
f 1685 1589 1588
f 1685 1686 1589
f 1686 1590 1589
f 1686 1687 1590
f 1687 1591 1590
f 1687 1688 1591
f 1688 1592 1591
f 1688 1689 1592
f 1689 1593 1592
f 1689 1690 1593
f 1690 1594 1593
f 1690 1691 1594
f 1691 1595 1594
f 1691 1692 1595
f 1692 1596 1595
f 1692 1693 1596
f 1693 1597 1596
f 1693 1694 1597
f 1694 1598 1597
f 1694 1695 1598
f 1695 1599 1598
f 1695 1696 1599
f 1696 1600 1599
f 1696 1697 1600
f 1697 1601 1600
f 1697 1698 1601
f 1698 1602 1601
f 1698 1699 1602
f 1699 1603 1602
f 1699 1700 1603
f 1700 1604 1603
f 1700 1701 1604
f 1701 1605 1604
f 1701 1702 1605
f 1702 1606 1605
f 1702 1703 1606
f 1703 1607 1606
f 1703 1704 1607
f 1704 1608 1607
f 1704 1705 1608
f 1705 1609 1608
f 1705 1706 1609
f 1706 1610 1609
f 1706 1707 1610
f 1707 1611 1610
f 1707 1708 1611
f 1708 1612 1611
f 1708 1709 1612
f 1709 1613 1612
f 1709 1710 1613
f 1710 1614 1613
f 1710 1711 1614
f 1711 1615 1614
f 1711 1712 1615
f 1712 1616 1615
f 1712 1713 1616
f 1713 1617 1616
f 1713 1714 1617
f 1714 1618 1617
f 1714 1715 1618
f 1715 1619 1618
f 1715 1716 1619
f 1716 1620 1619
f 1716 1717 1620
f 1717 1621 1620
f 1717 1718 1621
f 1718 1622 1621
f 1718 1719 1622
f 1719 1623 1622
f 1719 1720 1623
f 1720 1624 1623
f 1720 1721 1624
f 1721 1625 1624
f 1721 1722 1625
f 1722 1626 1625
f 1722 1723 1626
f 1723 1627 1626
f 1723 1724 1627
f 1724 1628 1627
f 1724 1725 1628
f 1725 1629 1628
f 1725 1726 1629
f 1726 1630 1629
f 1726 1727 1630
f 1727 1631 1630
f 1727 1728 1631
f 1728 1632 1631
f 1728 1633 1632
f 1633 1537 1632
f 1729 1730 1633
f 1730 1634 1633
f 1730 1731 1634
f 1731 1635 1634
f 1731 1732 1635
f 1732 1636 1635
f 1732 1733 1636
f 1733 1637 1636
f 1733 1734 1637
f 1734 1638 1637
f 1734 1735 1638
f 1735 1639 1638
f 1735 1736 1639
f 1736 1640 1639
f 1736 1737 1640
f 1737 1641 1640
f 1737 1738 1641
f 1738 1642 1641
f 1738 1739 1642
f 1739 1643 1642
f 1739 1740 1643
f 1740 1644 1643
f 1740 1741 1644
f 1741 1645 1644
f 1741 1742 1645
f 1742 1646 1645
f 1742 1743 1646
f 1743 1647 1646
f 1743 1744 1647
f 1744 1648 1647
f 1744 1745 1648
f 1745 1649 1648
f 1745 1746 1649
f 1746 1650 1649
f 1746 1747 1650
f 1747 1651 1650
f 1747 1748 1651
f 1748 1652 1651
f 1748 1749 1652
f 1749 1653 1652
f 1749 1750 1653
f 1750 1654 1653
f 1750 1751 1654
f 1751 1655 1654
f 1751 1752 1655
f 1752 1656 1655
f 1752 1753 1656
f 1753 1657 1656
f 1753 1754 1657
f 1754 1658 1657
f 1754 1755 1658
f 1755 1659 1658
f 1755 1756 1659
f 1756 1660 1659
f 1756 1757 1660
f 1757 1661 1660
f 1757 1758 1661
f 1758 1662 1661
f 1758 1759 1662
f 1759 1663 1662
f 1759 1760 1663
f 1760 1664 1663
f 1760 1761 1664
f 1761 1665 1664
f 1761 1762 1665
f 1762 1666 1665
f 1762 1763 1666
f 1763 1667 1666
f 1763 1764 1667
f 1764 1668 1667
f 1764 1765 1668
f 1765 1669 1668
f 1765 1766 1669
f 1766 1670 1669
f 1766 1767 1670
f 1767 1671 1670
f 1767 1768 1671
f 1768 1672 1671
f 1768 1769 1672
f 1769 1673 1672
f 1769 1770 1673
f 1770 1674 1673
f 1770 1771 1674
f 1771 1675 1674
f 1771 1772 1675
f 1772 1676 1675
f 1772 1773 1676
f 1773 1677 1676
f 1773 1774 1677
f 1774 1678 1677
f 1774 1775 1678
f 1775 1679 1678
f 1775 1776 1679
f 1776 1680 1679
f 1776 1777 1680
f 1777 1681 1680
f 1777 1778 1681
f 1778 1682 1681
f 1778 1779 1682
f 1779 1683 1682
f 1779 1780 1683
f 1780 1684 1683
f 1780 1781 1684
f 1781 1685 1684
f 1781 1782 1685
f 1782 1686 1685
f 1782 1783 1686
f 1783 1687 1686
f 1783 1784 1687
f 1784 1688 1687
f 1784 1785 1688
f 1785 1689 1688
f 1785 1786 1689
f 1786 1690 1689
f 1786 1787 1690
f 1787 1691 1690
f 1787 1788 1691
f 1788 1692 1691
f 1788 1789 1692
f 1789 1693 1692
f 1789 1790 1693
f 1790 1694 1693
f 1790 1791 1694
f 1791 1695 1694
f 1791 1792 1695
f 1792 1696 1695
f 1792 1793 1696
f 1793 1697 1696
f 1793 1794 1697
f 1794 1698 1697
f 1794 1795 1698
f 1795 1699 1698
f 1795 1796 1699
f 1796 1700 1699
f 1796 1797 1700
f 1797 1701 1700
f 1797 1798 1701
f 1798 1702 1701
f 1798 1799 1702
f 1799 1703 1702
f 1799 1800 1703
f 1800 1704 1703
f 1800 1801 1704
f 1801 1705 1704
f 1801 1802 1705
f 1802 1706 1705
f 1802 1803 1706
f 1803 1707 1706
f 1803 1804 1707
f 1804 1708 1707
f 1804 1805 1708
f 1805 1709 1708
f 1805 1806 1709
f 1806 1710 1709
f 1806 1807 1710
f 1807 1711 1710
f 1807 1808 1711
f 1808 1712 1711
f 1808 1809 1712
f 1809 1713 1712
f 1809 1810 1713
f 1810 1714 1713
f 1810 1811 1714
f 1811 1715 1714
f 1811 1812 1715
f 1812 1716 1715
f 1812 1813 1716
f 1813 1717 1716
f 1813 1814 1717
f 1814 1718 1717
f 1814 1815 1718
f 1815 1719 1718
f 1815 1816 1719
f 1816 1720 1719
f 1816 1817 1720
f 1817 1721 1720
f 1817 1818 1721
f 1818 1722 1721
f 1818 1819 1722
f 1819 1723 1722
f 1819 1820 1723
f 1820 1724 1723
f 1820 1821 1724
f 1821 1725 1724
f 1821 1822 1725
f 1822 1726 1725
f 1822 1823 1726
f 1823 1727 1726
f 1823 1824 1727
f 1824 1728 1727
f 1824 1729 1728
f 1729 1633 1728
f 1825 1826 1729
f 1826 1730 1729
f 1826 1827 1730
f 1827 1731 1730
f 1827 1828 1731
f 1828 1732 1731
f 1828 1829 1732
f 1829 1733 1732
f 1829 1830 1733
f 1830 1734 1733
f 1830 1831 1734
f 1831 1735 1734
f 1831 1832 1735
f 1832 1736 1735
f 1832 1833 1736
f 1833 1737 1736
f 1833 1834 1737
f 1834 1738 1737
f 1834 1835 1738
f 1835 1739 1738
f 1835 1836 1739
f 1836 1740 1739
f 1836 1837 1740
f 1837 1741 1740
f 1837 1838 1741
f 1838 1742 1741
f 1838 1839 1742
f 1839 1743 1742
f 1839 1840 1743
f 1840 1744 1743
f 1840 1841 1744
f 1841 1745 1744
f 1841 1842 1745
f 1842 1746 1745
f 1842 1843 1746
f 1843 1747 1746
f 1843 1844 1747
f 1844 1748 1747
f 1844 1845 1748
f 1845 1749 1748
f 1845 1846 1749
f 1846 1750 1749
f 1846 1847 1750
f 1847 1751 1750
f 1847 1848 1751
f 1848 1752 1751
f 1848 1849 1752
f 1849 1753 1752
f 1849 1850 1753
f 1850 1754 1753
f 1850 1851 1754
f 1851 1755 1754
f 1851 1852 1755
f 1852 1756 1755
f 1852 1853 1756
f 1853 1757 1756
f 1853 1854 1757
f 1854 1758 1757
f 1854 1855 1758
f 1855 1759 1758
f 1855 1856 1759
f 1856 1760 1759
f 1856 1857 1760
f 1857 1761 1760
f 1857 1858 1761
f 1858 1762 1761
f 1858 1859 1762
f 1859 1763 1762
f 1859 1860 1763
f 1860 1764 1763
f 1860 1861 1764
f 1861 1765 1764
f 1861 1862 1765
f 1862 1766 1765
f 1862 1863 1766
f 1863 1767 1766
f 1863 1864 1767
f 1864 1768 1767
f 1864 1865 1768
f 1865 1769 1768
f 1865 1866 1769
f 1866 1770 1769
f 1866 1867 1770
f 1867 1771 1770
f 1867 1868 1771
f 1868 1772 1771
f 1868 1869 1772
f 1869 1773 1772
f 1869 1870 1773
f 1870 1774 1773
f 1870 1871 1774
f 1871 1775 1774
f 1871 1872 1775
f 1872 1776 1775
f 1872 1873 1776
f 1873 1777 1776
f 1873 1874 1777
f 1874 1778 1777
f 1874 1875 1778
f 1875 1779 1778
f 1875 1876 1779
f 1876 1780 1779
f 1876 1877 1780
f 1877 1781 1780
f 1877 1878 1781
f 1878 1782 1781
f 1878 1879 1782
f 1879 1783 1782
f 1879 1880 1783
f 1880 1784 1783
f 1880 1881 1784
f 1881 1785 1784
f 1881 1882 1785
f 1882 1786 1785
f 1882 1883 1786
f 1883 1787 1786
f 1883 1884 1787
f 1884 1788 1787
f 1884 1885 1788
f 1885 1789 1788
f 1885 1886 1789
f 1886 1790 1789
f 1886 1887 1790
f 1887 1791 1790
f 1887 1888 1791
f 1888 1792 1791
f 1888 1889 1792
f 1889 1793 1792
f 1889 1890 1793
f 1890 1794 1793
f 1890 1891 1794
f 1891 1795 1794
f 1891 1892 1795
f 1892 1796 1795
f 1892 1893 1796
f 1893 1797 1796
f 1893 1894 1797
f 1894 1798 1797
f 1894 1895 1798
f 1895 1799 1798
f 1895 1896 1799
f 1896 1800 1799
f 1896 1897 1800
f 1897 1801 1800
f 1897 1898 1801
f 1898 1802 1801
f 1898 1899 1802
f 1899 1803 1802
f 1899 1900 1803
f 1900 1804 1803
f 1900 1901 1804
f 1901 1805 1804
f 1901 1902 1805
f 1902 1806 1805
f 1902 1903 1806
f 1903 1807 1806
f 1903 1904 1807
f 1904 1808 1807
f 1904 1905 1808
f 1905 1809 1808
f 1905 1906 1809
f 1906 1810 1809
f 1906 1907 1810
f 1907 1811 1810
f 1907 1908 1811
f 1908 1812 1811
f 1908 1909 1812
f 1909 1813 1812
f 1909 1910 1813
f 1910 1814 1813
f 1910 1911 1814
f 1911 1815 1814
f 1911 1912 1815
f 1912 1816 1815
f 1912 1913 1816
f 1913 1817 1816
f 1913 1914 1817
f 1914 1818 1817
f 1914 1915 1818
f 1915 1819 1818
f 1915 1916 1819
f 1916 1820 1819
f 1916 1917 1820
f 1917 1821 1820
f 1917 1918 1821
f 1918 1822 1821
f 1918 1919 1822
f 1919 1823 1822
f 1919 1920 1823
f 1920 1824 1823
f 1920 1825 1824
f 1825 1729 1824
f 1921 1922 1825
f 1922 1826 1825
f 1922 1923 1826
f 1923 1827 1826
f 1923 1924 1827
f 1924 1828 1827
f 1924 1925 1828
f 1925 1829 1828
f 1925 1926 1829
f 1926 1830 1829
f 1926 1927 1830
f 1927 1831 1830
f 1927 1928 1831
f 1928 1832 1831
f 1928 1929 1832
f 1929 1833 1832
f 1929 1930 1833
f 1930 1834 1833
f 1930 1931 1834
f 1931 1835 1834
f 1931 1932 1835
f 1932 1836 1835
f 1932 1933 1836
f 1933 1837 1836
f 1933 1934 1837
f 1934 1838 1837
f 1934 1935 1838
f 1935 1839 1838
f 1935 1936 1839
f 1936 1840 1839
f 1936 1937 1840
f 1937 1841 1840
f 1937 1938 1841
f 1938 1842 1841
f 1938 1939 1842
f 1939 1843 1842
f 1939 1940 1843
f 1940 1844 1843
f 1940 1941 1844
f 1941 1845 1844
f 1941 1942 1845
f 1942 1846 1845
f 1942 1943 1846
f 1943 1847 1846
f 1943 1944 1847
f 1944 1848 1847
f 1944 1945 1848
f 1945 1849 1848
f 1945 1946 1849
f 1946 1850 1849
f 1946 1947 1850
f 1947 1851 1850
f 1947 1948 1851
f 1948 1852 1851
f 1948 1949 1852
f 1949 1853 1852
f 1949 1950 1853
f 1950 1854 1853
f 1950 1951 1854
f 1951 1855 1854
f 1951 1952 1855
f 1952 1856 1855
f 1952 1953 1856
f 1953 1857 1856
f 1953 1954 1857
f 1954 1858 1857
f 1954 1955 1858
f 1955 1859 1858
f 1955 1956 1859
f 1956 1860 1859
f 1956 1957 1860
f 1957 1861 1860
f 1957 1958 1861
f 1958 1862 1861
f 1958 1959 1862
f 1959 1863 1862
f 1959 1960 1863
f 1960 1864 1863
f 1960 1961 1864
f 1961 1865 1864
f 1961 1962 1865
f 1962 1866 1865
f 1962 1963 1866
f 1963 1867 1866
f 1963 1964 1867
f 1964 1868 1867
f 1964 1965 1868
f 1965 1869 1868
f 1965 1966 1869
f 1966 1870 1869
f 1966 1967 1870
f 1967 1871 1870
f 1967 1968 1871
f 1968 1872 1871
f 1968 1969 1872
f 1969 1873 1872
f 1969 1970 1873
f 1970 1874 1873
f 1970 1971 1874
f 1971 1875 1874
f 1971 1972 1875
f 1972 1876 1875
f 1972 1973 1876
f 1973 1877 1876
f 1973 1974 1877
f 1974 1878 1877
f 1974 1975 1878
f 1975 1879 1878
f 1975 1976 1879
f 1976 1880 1879
f 1976 1977 1880
f 1977 1881 1880
f 1977 1978 1881
f 1978 1882 1881
f 1978 1979 1882
f 1979 1883 1882
f 1979 1980 1883
f 1980 1884 1883
f 1980 1981 1884
f 1981 1885 1884
f 1981 1982 1885
f 1982 1886 1885
f 1982 1983 1886
f 1983 1887 1886
f 1983 1984 1887
f 1984 1888 1887
f 1984 1985 1888
f 1985 1889 1888
f 1985 1986 1889
f 1986 1890 1889
f 1986 1987 1890
f 1987 1891 1890
f 1987 1988 1891
f 1988 1892 1891
f 1988 1989 1892
f 1989 1893 1892
f 1989 1990 1893
f 1990 1894 1893
f 1990 1991 1894
f 1991 1895 1894
f 1991 1992 1895
f 1992 1896 1895
f 1992 1993 1896
f 1993 1897 1896
f 1993 1994 1897
f 1994 1898 1897
f 1994 1995 1898
f 1995 1899 1898
f 1995 1996 1899
f 1996 1900 1899
f 1996 1997 1900
f 1997 1901 1900
f 1997 1998 1901
f 1998 1902 1901
f 1998 1999 1902
f 1999 1903 1902
f 1999 2000 1903
f 2000 1904 1903
f 2000 2001 1904
f 2001 1905 1904
f 2001 2002 1905
f 2002 1906 1905
f 2002 2003 1906
f 2003 1907 1906
f 2003 2004 1907
f 2004 1908 1907
f 2004 2005 1908
f 2005 1909 1908
f 2005 2006 1909
f 2006 1910 1909
f 2006 2007 1910
f 2007 1911 1910
f 2007 2008 1911
f 2008 1912 1911
f 2008 2009 1912
f 2009 1913 1912
f 2009 2010 1913
f 2010 1914 1913
f 2010 2011 1914
f 2011 1915 1914
f 2011 2012 1915
f 2012 1916 1915
f 2012 2013 1916
f 2013 1917 1916
f 2013 2014 1917
f 2014 1918 1917
f 2014 2015 1918
f 2015 1919 1918
f 2015 2016 1919
f 2016 1920 1919
f 2016 1921 1920
f 1921 1825 1920
f 2017 2018 1921
f 2018 1922 1921
f 2018 2019 1922
f 2019 1923 1922
f 2019 2020 1923
f 2020 1924 1923
f 2020 2021 1924
f 2021 1925 1924
f 2021 2022 1925
f 2022 1926 1925
f 2022 2023 1926
f 2023 1927 1926
f 2023 2024 1927
f 2024 1928 1927
f 2024 2025 1928
f 2025 1929 1928
f 2025 2026 1929
f 2026 1930 1929
f 2026 2027 1930
f 2027 1931 1930
f 2027 2028 1931
f 2028 1932 1931
f 2028 2029 1932
f 2029 1933 1932
f 2029 2030 1933
f 2030 1934 1933
f 2030 2031 1934
f 2031 1935 1934
f 2031 2032 1935
f 2032 1936 1935
f 2032 2033 1936
f 2033 1937 1936
f 2033 2034 1937
f 2034 1938 1937
f 2034 2035 1938
f 2035 1939 1938
f 2035 2036 1939
f 2036 1940 1939
f 2036 2037 1940
f 2037 1941 1940
f 2037 2038 1941
f 2038 1942 1941
f 2038 2039 1942
f 2039 1943 1942
f 2039 2040 1943
f 2040 1944 1943
f 2040 2041 1944
f 2041 1945 1944
f 2041 2042 1945
f 2042 1946 1945
f 2042 2043 1946
f 2043 1947 1946
f 2043 2044 1947
f 2044 1948 1947
f 2044 2045 1948
f 2045 1949 1948
f 2045 2046 1949
f 2046 1950 1949
f 2046 2047 1950
f 2047 1951 1950
f 2047 2048 1951
f 2048 1952 1951
f 2048 2049 1952
f 2049 1953 1952
f 2049 2050 1953
f 2050 1954 1953
f 2050 2051 1954
f 2051 1955 1954
f 2051 2052 1955
f 2052 1956 1955
f 2052 2053 1956
f 2053 1957 1956
f 2053 2054 1957
f 2054 1958 1957
f 2054 2055 1958
f 2055 1959 1958
f 2055 2056 1959
f 2056 1960 1959
f 2056 2057 1960
f 2057 1961 1960
f 2057 2058 1961
f 2058 1962 1961
f 2058 2059 1962
f 2059 1963 1962
f 2059 2060 1963
f 2060 1964 1963
f 2060 2061 1964
f 2061 1965 1964
f 2061 2062 1965
f 2062 1966 1965
f 2062 2063 1966
f 2063 1967 1966
f 2063 2064 1967
f 2064 1968 1967
f 2064 2065 1968
f 2065 1969 1968
f 2065 2066 1969
f 2066 1970 1969
f 2066 2067 1970
f 2067 1971 1970
f 2067 2068 1971
f 2068 1972 1971
f 2068 2069 1972
f 2069 1973 1972
f 2069 2070 1973
f 2070 1974 1973
f 2070 2071 1974
f 2071 1975 1974
f 2071 2072 1975
f 2072 1976 1975
f 2072 2073 1976
f 2073 1977 1976
f 2073 2074 1977
f 2074 1978 1977
f 2074 2075 1978
f 2075 1979 1978
f 2075 2076 1979
f 2076 1980 1979
f 2076 2077 1980
f 2077 1981 1980
f 2077 2078 1981
f 2078 1982 1981
f 2078 2079 1982
f 2079 1983 1982
f 2079 2080 1983
f 2080 1984 1983
f 2080 2081 1984
f 2081 1985 1984
f 2081 2082 1985
f 2082 1986 1985
f 2082 2083 1986
f 2083 1987 1986
f 2083 2084 1987
f 2084 1988 1987
f 2084 2085 1988
f 2085 1989 1988
f 2085 2086 1989
f 2086 1990 1989
f 2086 2087 1990
f 2087 1991 1990
f 2087 2088 1991
f 2088 1992 1991
f 2088 2089 1992
f 2089 1993 1992
f 2089 2090 1993
f 2090 1994 1993
f 2090 2091 1994
f 2091 1995 1994
f 2091 2092 1995
f 2092 1996 1995
f 2092 2093 1996
f 2093 1997 1996
f 2093 2094 1997
f 2094 1998 1997
f 2094 2095 1998
f 2095 1999 1998
f 2095 2096 1999
f 2096 2000 1999
f 2096 2097 2000
f 2097 2001 2000
f 2097 2098 2001
f 2098 2002 2001
f 2098 2099 2002
f 2099 2003 2002
f 2099 2100 2003
f 2100 2004 2003
f 2100 2101 2004
f 2101 2005 2004
f 2101 2102 2005
f 2102 2006 2005
f 2102 2103 2006
f 2103 2007 2006
f 2103 2104 2007
f 2104 2008 2007
f 2104 2105 2008
f 2105 2009 2008
f 2105 2106 2009
f 2106 2010 2009
f 2106 2107 2010
f 2107 2011 2010
f 2107 2108 2011
f 2108 2012 2011
f 2108 2109 2012
f 2109 2013 2012
f 2109 2110 2013
f 2110 2014 2013
f 2110 2111 2014
f 2111 2015 2014
f 2111 2112 2015
f 2112 2016 2015
f 2112 2017 2016
f 2017 1921 2016
f 2113 2114 2017
f 2114 2018 2017
f 2114 2115 2018
f 2115 2019 2018
f 2115 2116 2019
f 2116 2020 2019
f 2116 2117 2020
f 2117 2021 2020
f 2117 2118 2021
f 2118 2022 2021
f 2118 2119 2022
f 2119 2023 2022
f 2119 2120 2023
f 2120 2024 2023
f 2120 2121 2024
f 2121 2025 2024
f 2121 2122 2025
f 2122 2026 2025
f 2122 2123 2026
f 2123 2027 2026
f 2123 2124 2027
f 2124 2028 2027
f 2124 2125 2028
f 2125 2029 2028
f 2125 2126 2029
f 2126 2030 2029
f 2126 2127 2030
f 2127 2031 2030
f 2127 2128 2031
f 2128 2032 2031
f 2128 2129 2032
f 2129 2033 2032
f 2129 2130 2033
f 2130 2034 2033
f 2130 2131 2034
f 2131 2035 2034
f 2131 2132 2035
f 2132 2036 2035
f 2132 2133 2036
f 2133 2037 2036
f 2133 2134 2037
f 2134 2038 2037
f 2134 2135 2038
f 2135 2039 2038
f 2135 2136 2039
f 2136 2040 2039
f 2136 2137 2040
f 2137 2041 2040
f 2137 2138 2041
f 2138 2042 2041
f 2138 2139 2042
f 2139 2043 2042
f 2139 2140 2043
f 2140 2044 2043
f 2140 2141 2044
f 2141 2045 2044
f 2141 2142 2045
f 2142 2046 2045
f 2142 2143 2046
f 2143 2047 2046
f 2143 2144 2047
f 2144 2048 2047
f 2144 2145 2048
f 2145 2049 2048
f 2145 2146 2049
f 2146 2050 2049
f 2146 2147 2050
f 2147 2051 2050
f 2147 2148 2051
f 2148 2052 2051
f 2148 2149 2052
f 2149 2053 2052
f 2149 2150 2053
f 2150 2054 2053
f 2150 2151 2054
f 2151 2055 2054
f 2151 2152 2055
f 2152 2056 2055
f 2152 2153 2056
f 2153 2057 2056
f 2153 2154 2057
f 2154 2058 2057
f 2154 2155 2058
f 2155 2059 2058
f 2155 2156 2059
f 2156 2060 2059
f 2156 2157 2060
f 2157 2061 2060
f 2157 2158 2061
f 2158 2062 2061
f 2158 2159 2062
f 2159 2063 2062
f 2159 2160 2063
f 2160 2064 2063
f 2160 2161 2064
f 2161 2065 2064
f 2161 2162 2065
f 2162 2066 2065
f 2162 2163 2066
f 2163 2067 2066
f 2163 2164 2067
f 2164 2068 2067
f 2164 2165 2068
f 2165 2069 2068
f 2165 2166 2069
f 2166 2070 2069
f 2166 2167 2070
f 2167 2071 2070
f 2167 2168 2071
f 2168 2072 2071
f 2168 2169 2072
f 2169 2073 2072
f 2169 2170 2073
f 2170 2074 2073
f 2170 2171 2074
f 2171 2075 2074
f 2171 2172 2075
f 2172 2076 2075
f 2172 2173 2076
f 2173 2077 2076
f 2173 2174 2077
f 2174 2078 2077
f 2174 2175 2078
f 2175 2079 2078
f 2175 2176 2079
f 2176 2080 2079
f 2176 2177 2080
f 2177 2081 2080
f 2177 2178 2081
f 2178 2082 2081
f 2178 2179 2082
f 2179 2083 2082
f 2179 2180 2083
f 2180 2084 2083
f 2180 2181 2084
f 2181 2085 2084
f 2181 2182 2085
f 2182 2086 2085
f 2182 2183 2086
f 2183 2087 2086
f 2183 2184 2087
f 2184 2088 2087
f 2184 2185 2088
f 2185 2089 2088
f 2185 2186 2089
f 2186 2090 2089
f 2186 2187 2090
f 2187 2091 2090
f 2187 2188 2091
f 2188 2092 2091
f 2188 2189 2092
f 2189 2093 2092
f 2189 2190 2093
f 2190 2094 2093
f 2190 2191 2094
f 2191 2095 2094
f 2191 2192 2095
f 2192 2096 2095
f 2192 2193 2096
f 2193 2097 2096
f 2193 2194 2097
f 2194 2098 2097
f 2194 2195 2098
f 2195 2099 2098
f 2195 2196 2099
f 2196 2100 2099
f 2196 2197 2100
f 2197 2101 2100
f 2197 2198 2101
f 2198 2102 2101
f 2198 2199 2102
f 2199 2103 2102
f 2199 2200 2103
f 2200 2104 2103
f 2200 2201 2104
f 2201 2105 2104
f 2201 2202 2105
f 2202 2106 2105
f 2202 2203 2106
f 2203 2107 2106
f 2203 2204 2107
f 2204 2108 2107
f 2204 2205 2108
f 2205 2109 2108
f 2205 2206 2109
f 2206 2110 2109
f 2206 2207 2110
f 2207 2111 2110
f 2207 2208 2111
f 2208 2112 2111
f 2208 2113 2112
f 2113 2017 2112
f 2209 2210 2113
f 2210 2114 2113
f 2210 2211 2114
f 2211 2115 2114
f 2211 2212 2115
f 2212 2116 2115
f 2212 2213 2116
f 2213 2117 2116
f 2213 2214 2117
f 2214 2118 2117
f 2214 2215 2118
f 2215 2119 2118
f 2215 2216 2119
f 2216 2120 2119
f 2216 2217 2120
f 2217 2121 2120
f 2217 2218 2121
f 2218 2122 2121
f 2218 2219 2122
f 2219 2123 2122
f 2219 2220 2123
f 2220 2124 2123
f 2220 2221 2124
f 2221 2125 2124
f 2221 2222 2125
f 2222 2126 2125
f 2222 2223 2126
f 2223 2127 2126
f 2223 2224 2127
f 2224 2128 2127
f 2224 2225 2128
f 2225 2129 2128
f 2225 2226 2129
f 2226 2130 2129
f 2226 2227 2130
f 2227 2131 2130
f 2227 2228 2131
f 2228 2132 2131
f 2228 2229 2132
f 2229 2133 2132
f 2229 2230 2133
f 2230 2134 2133
f 2230 2231 2134
f 2231 2135 2134
f 2231 2232 2135
f 2232 2136 2135
f 2232 2233 2136
f 2233 2137 2136
f 2233 2234 2137
f 2234 2138 2137
f 2234 2235 2138
f 2235 2139 2138
f 2235 2236 2139
f 2236 2140 2139
f 2236 2237 2140
f 2237 2141 2140
f 2237 2238 2141
f 2238 2142 2141
f 2238 2239 2142
f 2239 2143 2142
f 2239 2240 2143
f 2240 2144 2143
f 2240 2241 2144
f 2241 2145 2144
f 2241 2242 2145
f 2242 2146 2145
f 2242 2243 2146
f 2243 2147 2146
f 2243 2244 2147
f 2244 2148 2147
f 2244 2245 2148
f 2245 2149 2148
f 2245 2246 2149
f 2246 2150 2149
f 2246 2247 2150
f 2247 2151 2150
f 2247 2248 2151
f 2248 2152 2151
f 2248 2249 2152
f 2249 2153 2152
f 2249 2250 2153
f 2250 2154 2153
f 2250 2251 2154
f 2251 2155 2154
f 2251 2252 2155
f 2252 2156 2155
f 2252 2253 2156
f 2253 2157 2156
f 2253 2254 2157
f 2254 2158 2157
f 2254 2255 2158
f 2255 2159 2158
f 2255 2256 2159
f 2256 2160 2159
f 2256 2257 2160
f 2257 2161 2160
f 2257 2258 2161
f 2258 2162 2161
f 2258 2259 2162
f 2259 2163 2162
f 2259 2260 2163
f 2260 2164 2163
f 2260 2261 2164
f 2261 2165 2164
f 2261 2262 2165
f 2262 2166 2165
f 2262 2263 2166
f 2263 2167 2166
f 2263 2264 2167
f 2264 2168 2167
f 2264 2265 2168
f 2265 2169 2168
f 2265 2266 2169
f 2266 2170 2169
f 2266 2267 2170
f 2267 2171 2170
f 2267 2268 2171
f 2268 2172 2171
f 2268 2269 2172
f 2269 2173 2172
f 2269 2270 2173
f 2270 2174 2173
f 2270 2271 2174
f 2271 2175 2174
f 2271 2272 2175
f 2272 2176 2175
f 2272 2273 2176
f 2273 2177 2176
f 2273 2274 2177
f 2274 2178 2177
f 2274 2275 2178
f 2275 2179 2178
f 2275 2276 2179
f 2276 2180 2179
f 2276 2277 2180
f 2277 2181 2180
f 2277 2278 2181
f 2278 2182 2181
f 2278 2279 2182
f 2279 2183 2182
f 2279 2280 2183
f 2280 2184 2183
f 2280 2281 2184
f 2281 2185 2184
f 2281 2282 2185
f 2282 2186 2185
f 2282 2283 2186
f 2283 2187 2186
f 2283 2284 2187
f 2284 2188 2187
f 2284 2285 2188
f 2285 2189 2188
f 2285 2286 2189
f 2286 2190 2189
f 2286 2287 2190
f 2287 2191 2190
f 2287 2288 2191
f 2288 2192 2191
f 2288 2289 2192
f 2289 2193 2192
f 2289 2290 2193
f 2290 2194 2193
f 2290 2291 2194
f 2291 2195 2194
f 2291 2292 2195
f 2292 2196 2195
f 2292 2293 2196
f 2293 2197 2196
f 2293 2294 2197
f 2294 2198 2197
f 2294 2295 2198
f 2295 2199 2198
f 2295 2296 2199
f 2296 2200 2199
f 2296 2297 2200
f 2297 2201 2200
f 2297 2298 2201
f 2298 2202 2201
f 2298 2299 2202
f 2299 2203 2202
f 2299 2300 2203
f 2300 2204 2203
f 2300 2301 2204
f 2301 2205 2204
f 2301 2302 2205
f 2302 2206 2205
f 2302 2303 2206
f 2303 2207 2206
f 2303 2304 2207
f 2304 2208 2207
f 2304 2209 2208
f 2209 2113 2208
f 2305 2306 2209
f 2306 2210 2209
f 2306 2307 2210
f 2307 2211 2210
f 2307 2308 2211
f 2308 2212 2211
f 2308 2309 2212
f 2309 2213 2212
f 2309 2310 2213
f 2310 2214 2213
f 2310 2311 2214
f 2311 2215 2214
f 2311 2312 2215
f 2312 2216 2215
f 2312 2313 2216
f 2313 2217 2216
f 2313 2314 2217
f 2314 2218 2217
f 2314 2315 2218
f 2315 2219 2218
f 2315 2316 2219
f 2316 2220 2219
f 2316 2317 2220
f 2317 2221 2220
f 2317 2318 2221
f 2318 2222 2221
f 2318 2319 2222
f 2319 2223 2222
f 2319 2320 2223
f 2320 2224 2223
f 2320 2321 2224
f 2321 2225 2224
f 2321 2322 2225
f 2322 2226 2225
f 2322 2323 2226
f 2323 2227 2226
f 2323 2324 2227
f 2324 2228 2227
f 2324 2325 2228
f 2325 2229 2228
f 2325 2326 2229
f 2326 2230 2229
f 2326 2327 2230
f 2327 2231 2230
f 2327 2328 2231
f 2328 2232 2231
f 2328 2329 2232
f 2329 2233 2232
f 2329 2330 2233
f 2330 2234 2233
f 2330 2331 2234
f 2331 2235 2234
f 2331 2332 2235
f 2332 2236 2235
f 2332 2333 2236
f 2333 2237 2236
f 2333 2334 2237
f 2334 2238 2237
f 2334 2335 2238
f 2335 2239 2238
f 2335 2336 2239
f 2336 2240 2239
f 2336 2337 2240
f 2337 2241 2240
f 2337 2338 2241
f 2338 2242 2241
f 2338 2339 2242
f 2339 2243 2242
f 2339 2340 2243
f 2340 2244 2243
f 2340 2341 2244
f 2341 2245 2244
f 2341 2342 2245
f 2342 2246 2245
f 2342 2343 2246
f 2343 2247 2246
f 2343 2344 2247
f 2344 2248 2247
f 2344 2345 2248
f 2345 2249 2248
f 2345 2346 2249
f 2346 2250 2249
f 2346 2347 2250
f 2347 2251 2250
f 2347 2348 2251
f 2348 2252 2251
f 2348 2349 2252
f 2349 2253 2252
f 2349 2350 2253
f 2350 2254 2253
f 2350 2351 2254
f 2351 2255 2254
f 2351 2352 2255
f 2352 2256 2255
f 2352 2353 2256
f 2353 2257 2256
f 2353 2354 2257
f 2354 2258 2257
f 2354 2355 2258
f 2355 2259 2258
f 2355 2356 2259
f 2356 2260 2259
f 2356 2357 2260
f 2357 2261 2260
f 2357 2358 2261
f 2358 2262 2261
f 2358 2359 2262
f 2359 2263 2262
f 2359 2360 2263
f 2360 2264 2263
f 2360 2361 2264
f 2361 2265 2264
f 2361 2362 2265
f 2362 2266 2265
f 2362 2363 2266
f 2363 2267 2266
f 2363 2364 2267
f 2364 2268 2267
f 2364 2365 2268
f 2365 2269 2268
f 2365 2366 2269
f 2366 2270 2269
f 2366 2367 2270
f 2367 2271 2270
f 2367 2368 2271
f 2368 2272 2271
f 2368 2369 2272
f 2369 2273 2272
f 2369 2370 2273
f 2370 2274 2273
f 2370 2371 2274
f 2371 2275 2274
f 2371 2372 2275
f 2372 2276 2275
f 2372 2373 2276
f 2373 2277 2276
f 2373 2374 2277
f 2374 2278 2277
f 2374 2375 2278
f 2375 2279 2278
f 2375 2376 2279
f 2376 2280 2279
f 2376 2377 2280
f 2377 2281 2280
f 2377 2378 2281
f 2378 2282 2281
f 2378 2379 2282
f 2379 2283 2282
f 2379 2380 2283
f 2380 2284 2283
f 2380 2381 2284
f 2381 2285 2284
f 2381 2382 2285
f 2382 2286 2285
f 2382 2383 2286
f 2383 2287 2286
f 2383 2384 2287
f 2384 2288 2287
f 2384 2385 2288
f 2385 2289 2288
f 2385 2386 2289
f 2386 2290 2289
f 2386 2387 2290
f 2387 2291 2290
f 2387 2388 2291
f 2388 2292 2291
f 2388 2389 2292
f 2389 2293 2292
f 2389 2390 2293
f 2390 2294 2293
f 2390 2391 2294
f 2391 2295 2294
f 2391 2392 2295
f 2392 2296 2295
f 2392 2393 2296
f 2393 2297 2296
f 2393 2394 2297
f 2394 2298 2297
f 2394 2395 2298
f 2395 2299 2298
f 2395 2396 2299
f 2396 2300 2299
f 2396 2397 2300
f 2397 2301 2300
f 2397 2398 2301
f 2398 2302 2301
f 2398 2399 2302
f 2399 2303 2302
f 2399 2400 2303
f 2400 2304 2303
f 2400 2305 2304
f 2305 2209 2304
f 2401 2402 2305
f 2402 2306 2305
f 2402 2403 2306
f 2403 2307 2306
f 2403 2404 2307
f 2404 2308 2307
f 2404 2405 2308
f 2405 2309 2308
f 2405 2406 2309
f 2406 2310 2309
f 2406 2407 2310
f 2407 2311 2310
f 2407 2408 2311
f 2408 2312 2311
f 2408 2409 2312
f 2409 2313 2312
f 2409 2410 2313
f 2410 2314 2313
f 2410 2411 2314
f 2411 2315 2314
f 2411 2412 2315
f 2412 2316 2315
f 2412 2413 2316
f 2413 2317 2316
f 2413 2414 2317
f 2414 2318 2317
f 2414 2415 2318
f 2415 2319 2318
f 2415 2416 2319
f 2416 2320 2319
f 2416 2417 2320
f 2417 2321 2320
f 2417 2418 2321
f 2418 2322 2321
f 2418 2419 2322
f 2419 2323 2322
f 2419 2420 2323
f 2420 2324 2323
f 2420 2421 2324
f 2421 2325 2324
f 2421 2422 2325
f 2422 2326 2325
f 2422 2423 2326
f 2423 2327 2326
f 2423 2424 2327
f 2424 2328 2327
f 2424 2425 2328
f 2425 2329 2328
f 2425 2426 2329
f 2426 2330 2329
f 2426 2427 2330
f 2427 2331 2330
f 2427 2428 2331
f 2428 2332 2331
f 2428 2429 2332
f 2429 2333 2332
f 2429 2430 2333
f 2430 2334 2333
f 2430 2431 2334
f 2431 2335 2334
f 2431 2432 2335
f 2432 2336 2335
f 2432 2433 2336
f 2433 2337 2336
f 2433 2434 2337
f 2434 2338 2337
f 2434 2435 2338
f 2435 2339 2338
f 2435 2436 2339
f 2436 2340 2339
f 2436 2437 2340
f 2437 2341 2340
f 2437 2438 2341
f 2438 2342 2341
f 2438 2439 2342
f 2439 2343 2342
f 2439 2440 2343
f 2440 2344 2343
f 2440 2441 2344
f 2441 2345 2344
f 2441 2442 2345
f 2442 2346 2345
f 2442 2443 2346
f 2443 2347 2346
f 2443 2444 2347
f 2444 2348 2347
f 2444 2445 2348
f 2445 2349 2348
f 2445 2446 2349
f 2446 2350 2349
f 2446 2447 2350
f 2447 2351 2350
f 2447 2448 2351
f 2448 2352 2351
f 2448 2449 2352
f 2449 2353 2352
f 2449 2450 2353
f 2450 2354 2353
f 2450 2451 2354
f 2451 2355 2354
f 2451 2452 2355
f 2452 2356 2355
f 2452 2453 2356
f 2453 2357 2356
f 2453 2454 2357
f 2454 2358 2357
f 2454 2455 2358
f 2455 2359 2358
f 2455 2456 2359
f 2456 2360 2359
f 2456 2457 2360
f 2457 2361 2360
f 2457 2458 2361
f 2458 2362 2361
f 2458 2459 2362
f 2459 2363 2362
f 2459 2460 2363
f 2460 2364 2363
f 2460 2461 2364
f 2461 2365 2364
f 2461 2462 2365
f 2462 2366 2365
f 2462 2463 2366
f 2463 2367 2366
f 2463 2464 2367
f 2464 2368 2367
f 2464 2465 2368
f 2465 2369 2368
f 2465 2466 2369
f 2466 2370 2369
f 2466 2467 2370
f 2467 2371 2370
f 2467 2468 2371
f 2468 2372 2371
f 2468 2469 2372
f 2469 2373 2372
f 2469 2470 2373
f 2470 2374 2373
f 2470 2471 2374
f 2471 2375 2374
f 2471 2472 2375
f 2472 2376 2375
f 2472 2473 2376
f 2473 2377 2376
f 2473 2474 2377
f 2474 2378 2377
f 2474 2475 2378
f 2475 2379 2378
f 2475 2476 2379
f 2476 2380 2379
f 2476 2477 2380
f 2477 2381 2380
f 2477 2478 2381
f 2478 2382 2381
f 2478 2479 2382
f 2479 2383 2382
f 2479 2480 2383
f 2480 2384 2383
f 2480 2481 2384
f 2481 2385 2384
f 2481 2482 2385
f 2482 2386 2385
f 2482 2483 2386
f 2483 2387 2386
f 2483 2484 2387
f 2484 2388 2387
f 2484 2485 2388
f 2485 2389 2388
f 2485 2486 2389
f 2486 2390 2389
f 2486 2487 2390
f 2487 2391 2390
f 2487 2488 2391
f 2488 2392 2391
f 2488 2489 2392
f 2489 2393 2392
f 2489 2490 2393
f 2490 2394 2393
f 2490 2491 2394
f 2491 2395 2394
f 2491 2492 2395
f 2492 2396 2395
f 2492 2493 2396
f 2493 2397 2396
f 2493 2494 2397
f 2494 2398 2397
f 2494 2495 2398
f 2495 2399 2398
f 2495 2496 2399
f 2496 2400 2399
f 2496 2401 2400
f 2401 2305 2400
f 2497 2498 2401
f 2498 2402 2401
f 2498 2499 2402
f 2499 2403 2402
f 2499 2500 2403
f 2500 2404 2403
f 2500 2501 2404
f 2501 2405 2404
f 2501 2502 2405
f 2502 2406 2405
f 2502 2503 2406
f 2503 2407 2406
f 2503 2504 2407
f 2504 2408 2407
f 2504 2505 2408
f 2505 2409 2408
f 2505 2506 2409
f 2506 2410 2409
f 2506 2507 2410
f 2507 2411 2410
f 2507 2508 2411
f 2508 2412 2411
f 2508 2509 2412
f 2509 2413 2412
f 2509 2510 2413
f 2510 2414 2413
f 2510 2511 2414
f 2511 2415 2414
f 2511 2512 2415
f 2512 2416 2415
f 2512 2513 2416
f 2513 2417 2416
f 2513 2514 2417
f 2514 2418 2417
f 2514 2515 2418
f 2515 2419 2418
f 2515 2516 2419
f 2516 2420 2419
f 2516 2517 2420
f 2517 2421 2420
f 2517 2518 2421
f 2518 2422 2421
f 2518 2519 2422
f 2519 2423 2422
f 2519 2520 2423
f 2520 2424 2423
f 2520 2521 2424
f 2521 2425 2424
f 2521 2522 2425
f 2522 2426 2425
f 2522 2523 2426
f 2523 2427 2426
f 2523 2524 2427
f 2524 2428 2427
f 2524 2525 2428
f 2525 2429 2428
f 2525 2526 2429
f 2526 2430 2429
f 2526 2527 2430
f 2527 2431 2430
f 2527 2528 2431
f 2528 2432 2431
f 2528 2529 2432
f 2529 2433 2432
f 2529 2530 2433
f 2530 2434 2433
f 2530 2531 2434
f 2531 2435 2434
f 2531 2532 2435
f 2532 2436 2435
f 2532 2533 2436
f 2533 2437 2436
f 2533 2534 2437
f 2534 2438 2437
f 2534 2535 2438
f 2535 2439 2438
f 2535 2536 2439
f 2536 2440 2439
f 2536 2537 2440
f 2537 2441 2440
f 2537 2538 2441
f 2538 2442 2441
f 2538 2539 2442
f 2539 2443 2442
f 2539 2540 2443
f 2540 2444 2443
f 2540 2541 2444
f 2541 2445 2444
f 2541 2542 2445
f 2542 2446 2445
f 2542 2543 2446
f 2543 2447 2446
f 2543 2544 2447
f 2544 2448 2447
f 2544 2545 2448
f 2545 2449 2448
f 2545 2546 2449
f 2546 2450 2449
f 2546 2547 2450
f 2547 2451 2450
f 2547 2548 2451
f 2548 2452 2451
f 2548 2549 2452
f 2549 2453 2452
f 2549 2550 2453
f 2550 2454 2453
f 2550 2551 2454
f 2551 2455 2454
f 2551 2552 2455
f 2552 2456 2455
f 2552 2553 2456
f 2553 2457 2456
f 2553 2554 2457
f 2554 2458 2457
f 2554 2555 2458
f 2555 2459 2458
f 2555 2556 2459
f 2556 2460 2459
f 2556 2557 2460
f 2557 2461 2460
f 2557 2558 2461
f 2558 2462 2461
f 2558 2559 2462
f 2559 2463 2462
f 2559 2560 2463
f 2560 2464 2463
f 2560 2561 2464
f 2561 2465 2464
f 2561 2562 2465
f 2562 2466 2465
f 2562 2563 2466
f 2563 2467 2466
f 2563 2564 2467
f 2564 2468 2467
f 2564 2565 2468
f 2565 2469 2468
f 2565 2566 2469
f 2566 2470 2469
f 2566 2567 2470
f 2567 2471 2470
f 2567 2568 2471
f 2568 2472 2471
f 2568 2569 2472
f 2569 2473 2472
f 2569 2570 2473
f 2570 2474 2473
f 2570 2571 2474
f 2571 2475 2474
f 2571 2572 2475
f 2572 2476 2475
f 2572 2573 2476
f 2573 2477 2476
f 2573 2574 2477
f 2574 2478 2477
f 2574 2575 2478
f 2575 2479 2478
f 2575 2576 2479
f 2576 2480 2479
f 2576 2577 2480
f 2577 2481 2480
f 2577 2578 2481
f 2578 2482 2481
f 2578 2579 2482
f 2579 2483 2482
f 2579 2580 2483
f 2580 2484 2483
f 2580 2581 2484
f 2581 2485 2484
f 2581 2582 2485
f 2582 2486 2485
f 2582 2583 2486
f 2583 2487 2486
f 2583 2584 2487
f 2584 2488 2487
f 2584 2585 2488
f 2585 2489 2488
f 2585 2586 2489
f 2586 2490 2489
f 2586 2587 2490
f 2587 2491 2490
f 2587 2588 2491
f 2588 2492 2491
f 2588 2589 2492
f 2589 2493 2492
f 2589 2590 2493
f 2590 2494 2493
f 2590 2591 2494
f 2591 2495 2494
f 2591 2592 2495
f 2592 2496 2495
f 2592 2497 2496
f 2497 2401 2496
f 2593 2594 2497
f 2594 2498 2497
f 2594 2595 2498
f 2595 2499 2498
f 2595 2596 2499
f 2596 2500 2499
f 2596 2597 2500
f 2597 2501 2500
f 2597 2598 2501
f 2598 2502 2501
f 2598 2599 2502
f 2599 2503 2502
f 2599 2600 2503
f 2600 2504 2503
f 2600 2601 2504
f 2601 2505 2504
f 2601 2602 2505
f 2602 2506 2505
f 2602 2603 2506
f 2603 2507 2506
f 2603 2604 2507
f 2604 2508 2507
f 2604 2605 2508
f 2605 2509 2508
f 2605 2606 2509
f 2606 2510 2509
f 2606 2607 2510
f 2607 2511 2510
f 2607 2608 2511
f 2608 2512 2511
f 2608 2609 2512
f 2609 2513 2512
f 2609 2610 2513
f 2610 2514 2513
f 2610 2611 2514
f 2611 2515 2514
f 2611 2612 2515
f 2612 2516 2515
f 2612 2613 2516
f 2613 2517 2516
f 2613 2614 2517
f 2614 2518 2517
f 2614 2615 2518
f 2615 2519 2518
f 2615 2616 2519
f 2616 2520 2519
f 2616 2617 2520
f 2617 2521 2520
f 2617 2618 2521
f 2618 2522 2521
f 2618 2619 2522
f 2619 2523 2522
f 2619 2620 2523
f 2620 2524 2523
f 2620 2621 2524
f 2621 2525 2524
f 2621 2622 2525
f 2622 2526 2525
f 2622 2623 2526
f 2623 2527 2526
f 2623 2624 2527
f 2624 2528 2527
f 2624 2625 2528
f 2625 2529 2528
f 2625 2626 2529
f 2626 2530 2529
f 2626 2627 2530
f 2627 2531 2530
f 2627 2628 2531
f 2628 2532 2531
f 2628 2629 2532
f 2629 2533 2532
f 2629 2630 2533
f 2630 2534 2533
f 2630 2631 2534
f 2631 2535 2534
f 2631 2632 2535
f 2632 2536 2535
f 2632 2633 2536
f 2633 2537 2536
f 2633 2634 2537
f 2634 2538 2537
f 2634 2635 2538
f 2635 2539 2538
f 2635 2636 2539
f 2636 2540 2539
f 2636 2637 2540
f 2637 2541 2540
f 2637 2638 2541
f 2638 2542 2541
f 2638 2639 2542
f 2639 2543 2542
f 2639 2640 2543
f 2640 2544 2543
f 2640 2641 2544
f 2641 2545 2544
f 2641 2642 2545
f 2642 2546 2545
f 2642 2643 2546
f 2643 2547 2546
f 2643 2644 2547
f 2644 2548 2547
f 2644 2645 2548
f 2645 2549 2548
f 2645 2646 2549
f 2646 2550 2549
f 2646 2647 2550
f 2647 2551 2550
f 2647 2648 2551
f 2648 2552 2551
f 2648 2649 2552
f 2649 2553 2552
f 2649 2650 2553
f 2650 2554 2553
f 2650 2651 2554
f 2651 2555 2554
f 2651 2652 2555
f 2652 2556 2555
f 2652 2653 2556
f 2653 2557 2556
f 2653 2654 2557
f 2654 2558 2557
f 2654 2655 2558
f 2655 2559 2558
f 2655 2656 2559
f 2656 2560 2559
f 2656 2657 2560
f 2657 2561 2560
f 2657 2658 2561
f 2658 2562 2561
f 2658 2659 2562
f 2659 2563 2562
f 2659 2660 2563
f 2660 2564 2563
f 2660 2661 2564
f 2661 2565 2564
f 2661 2662 2565
f 2662 2566 2565
f 2662 2663 2566
f 2663 2567 2566
f 2663 2664 2567
f 2664 2568 2567
f 2664 2665 2568
f 2665 2569 2568
f 2665 2666 2569
f 2666 2570 2569
f 2666 2667 2570
f 2667 2571 2570
f 2667 2668 2571
f 2668 2572 2571
f 2668 2669 2572
f 2669 2573 2572
f 2669 2670 2573
f 2670 2574 2573
f 2670 2671 2574
f 2671 2575 2574
f 2671 2672 2575
f 2672 2576 2575
f 2672 2673 2576
f 2673 2577 2576
f 2673 2674 2577
f 2674 2578 2577
f 2674 2675 2578
f 2675 2579 2578
f 2675 2676 2579
f 2676 2580 2579
f 2676 2677 2580
f 2677 2581 2580
f 2677 2678 2581
f 2678 2582 2581
f 2678 2679 2582
f 2679 2583 2582
f 2679 2680 2583
f 2680 2584 2583
f 2680 2681 2584
f 2681 2585 2584
f 2681 2682 2585
f 2682 2586 2585
f 2682 2683 2586
f 2683 2587 2586
f 2683 2684 2587
f 2684 2588 2587
f 2684 2685 2588
f 2685 2589 2588
f 2685 2686 2589
f 2686 2590 2589
f 2686 2687 2590
f 2687 2591 2590
f 2687 2688 2591
f 2688 2592 2591
f 2688 2593 2592
f 2593 2497 2592
f 2689 2690 2593
f 2690 2594 2593
f 2690 2691 2594
f 2691 2595 2594
f 2691 2692 2595
f 2692 2596 2595
f 2692 2693 2596
f 2693 2597 2596
f 2693 2694 2597
f 2694 2598 2597
f 2694 2695 2598
f 2695 2599 2598
f 2695 2696 2599
f 2696 2600 2599
f 2696 2697 2600
f 2697 2601 2600
f 2697 2698 2601
f 2698 2602 2601
f 2698 2699 2602
f 2699 2603 2602
f 2699 2700 2603
f 2700 2604 2603
f 2700 2701 2604
f 2701 2605 2604
f 2701 2702 2605
f 2702 2606 2605
f 2702 2703 2606
f 2703 2607 2606
f 2703 2704 2607
f 2704 2608 2607
f 2704 2705 2608
f 2705 2609 2608
f 2705 2706 2609
f 2706 2610 2609
f 2706 2707 2610
f 2707 2611 2610
f 2707 2708 2611
f 2708 2612 2611
f 2708 2709 2612
f 2709 2613 2612
f 2709 2710 2613
f 2710 2614 2613
f 2710 2711 2614
f 2711 2615 2614
f 2711 2712 2615
f 2712 2616 2615
f 2712 2713 2616
f 2713 2617 2616
f 2713 2714 2617
f 2714 2618 2617
f 2714 2715 2618
f 2715 2619 2618
f 2715 2716 2619
f 2716 2620 2619
f 2716 2717 2620
f 2717 2621 2620
f 2717 2718 2621
f 2718 2622 2621
f 2718 2719 2622
f 2719 2623 2622
f 2719 2720 2623
f 2720 2624 2623
f 2720 2721 2624
f 2721 2625 2624
f 2721 2722 2625
f 2722 2626 2625
f 2722 2723 2626
f 2723 2627 2626
f 2723 2724 2627
f 2724 2628 2627
f 2724 2725 2628
f 2725 2629 2628
f 2725 2726 2629
f 2726 2630 2629
f 2726 2727 2630
f 2727 2631 2630
f 2727 2728 2631
f 2728 2632 2631
f 2728 2729 2632
f 2729 2633 2632
f 2729 2730 2633
f 2730 2634 2633
f 2730 2731 2634
f 2731 2635 2634
f 2731 2732 2635
f 2732 2636 2635
f 2732 2733 2636
f 2733 2637 2636
f 2733 2734 2637
f 2734 2638 2637
f 2734 2735 2638
f 2735 2639 2638
f 2735 2736 2639
f 2736 2640 2639
f 2736 2737 2640
f 2737 2641 2640
f 2737 2738 2641
f 2738 2642 2641
f 2738 2739 2642
f 2739 2643 2642
f 2739 2740 2643
f 2740 2644 2643
f 2740 2741 2644
f 2741 2645 2644
f 2741 2742 2645
f 2742 2646 2645
f 2742 2743 2646
f 2743 2647 2646
f 2743 2744 2647
f 2744 2648 2647
f 2744 2745 2648
f 2745 2649 2648
f 2745 2746 2649
f 2746 2650 2649
f 2746 2747 2650
f 2747 2651 2650
f 2747 2748 2651
f 2748 2652 2651
f 2748 2749 2652
f 2749 2653 2652
f 2749 2750 2653
f 2750 2654 2653
f 2750 2751 2654
f 2751 2655 2654
f 2751 2752 2655
f 2752 2656 2655
f 2752 2753 2656
f 2753 2657 2656
f 2753 2754 2657
f 2754 2658 2657
f 2754 2755 2658
f 2755 2659 2658
f 2755 2756 2659
f 2756 2660 2659
f 2756 2757 2660
f 2757 2661 2660
f 2757 2758 2661
f 2758 2662 2661
f 2758 2759 2662
f 2759 2663 2662
f 2759 2760 2663
f 2760 2664 2663
f 2760 2761 2664
f 2761 2665 2664
f 2761 2762 2665
f 2762 2666 2665
f 2762 2763 2666
f 2763 2667 2666
f 2763 2764 2667
f 2764 2668 2667
f 2764 2765 2668
f 2765 2669 2668
f 2765 2766 2669
f 2766 2670 2669
f 2766 2767 2670
f 2767 2671 2670
f 2767 2768 2671
f 2768 2672 2671
f 2768 2769 2672
f 2769 2673 2672
f 2769 2770 2673
f 2770 2674 2673
f 2770 2771 2674
f 2771 2675 2674
f 2771 2772 2675
f 2772 2676 2675
f 2772 2773 2676
f 2773 2677 2676
f 2773 2774 2677
f 2774 2678 2677
f 2774 2775 2678
f 2775 2679 2678
f 2775 2776 2679
f 2776 2680 2679
f 2776 2777 2680
f 2777 2681 2680
f 2777 2778 2681
f 2778 2682 2681
f 2778 2779 2682
f 2779 2683 2682
f 2779 2780 2683
f 2780 2684 2683
f 2780 2781 2684
f 2781 2685 2684
f 2781 2782 2685
f 2782 2686 2685
f 2782 2783 2686
f 2783 2687 2686
f 2783 2784 2687
f 2784 2688 2687
f 2784 2689 2688
f 2689 2593 2688
f 2785 2786 2689
f 2786 2690 2689
f 2786 2787 2690
f 2787 2691 2690
f 2787 2788 2691
f 2788 2692 2691
f 2788 2789 2692
f 2789 2693 2692
f 2789 2790 2693
f 2790 2694 2693
f 2790 2791 2694
f 2791 2695 2694
f 2791 2792 2695
f 2792 2696 2695
f 2792 2793 2696
f 2793 2697 2696
f 2793 2794 2697
f 2794 2698 2697
f 2794 2795 2698
f 2795 2699 2698
f 2795 2796 2699
f 2796 2700 2699
f 2796 2797 2700
f 2797 2701 2700
f 2797 2798 2701
f 2798 2702 2701
f 2798 2799 2702
f 2799 2703 2702
f 2799 2800 2703
f 2800 2704 2703
f 2800 2801 2704
f 2801 2705 2704
f 2801 2802 2705
f 2802 2706 2705
f 2802 2803 2706
f 2803 2707 2706
f 2803 2804 2707
f 2804 2708 2707
f 2804 2805 2708
f 2805 2709 2708
f 2805 2806 2709
f 2806 2710 2709
f 2806 2807 2710
f 2807 2711 2710
f 2807 2808 2711
f 2808 2712 2711
f 2808 2809 2712
f 2809 2713 2712
f 2809 2810 2713
f 2810 2714 2713
f 2810 2811 2714
f 2811 2715 2714
f 2811 2812 2715
f 2812 2716 2715
f 2812 2813 2716
f 2813 2717 2716
f 2813 2814 2717
f 2814 2718 2717
f 2814 2815 2718
f 2815 2719 2718
f 2815 2816 2719
f 2816 2720 2719
f 2816 2817 2720
f 2817 2721 2720
f 2817 2818 2721
f 2818 2722 2721
f 2818 2819 2722
f 2819 2723 2722
f 2819 2820 2723
f 2820 2724 2723
f 2820 2821 2724
f 2821 2725 2724
f 2821 2822 2725
f 2822 2726 2725
f 2822 2823 2726
f 2823 2727 2726
f 2823 2824 2727
f 2824 2728 2727
f 2824 2825 2728
f 2825 2729 2728
f 2825 2826 2729
f 2826 2730 2729
f 2826 2827 2730
f 2827 2731 2730
f 2827 2828 2731
f 2828 2732 2731
f 2828 2829 2732
f 2829 2733 2732
f 2829 2830 2733
f 2830 2734 2733
f 2830 2831 2734
f 2831 2735 2734
f 2831 2832 2735
f 2832 2736 2735
f 2832 2833 2736
f 2833 2737 2736
f 2833 2834 2737
f 2834 2738 2737
f 2834 2835 2738
f 2835 2739 2738
f 2835 2836 2739
f 2836 2740 2739
f 2836 2837 2740
f 2837 2741 2740
f 2837 2838 2741
f 2838 2742 2741
f 2838 2839 2742
f 2839 2743 2742
f 2839 2840 2743
f 2840 2744 2743
f 2840 2841 2744
f 2841 2745 2744
f 2841 2842 2745
f 2842 2746 2745
f 2842 2843 2746
f 2843 2747 2746
f 2843 2844 2747
f 2844 2748 2747
f 2844 2845 2748
f 2845 2749 2748
f 2845 2846 2749
f 2846 2750 2749
f 2846 2847 2750
f 2847 2751 2750
f 2847 2848 2751
f 2848 2752 2751
f 2848 2849 2752
f 2849 2753 2752
f 2849 2850 2753
f 2850 2754 2753
f 2850 2851 2754
f 2851 2755 2754
f 2851 2852 2755
f 2852 2756 2755
f 2852 2853 2756
f 2853 2757 2756
f 2853 2854 2757
f 2854 2758 2757
f 2854 2855 2758
f 2855 2759 2758
f 2855 2856 2759
f 2856 2760 2759
f 2856 2857 2760
f 2857 2761 2760
f 2857 2858 2761
f 2858 2762 2761
f 2858 2859 2762
f 2859 2763 2762
f 2859 2860 2763
f 2860 2764 2763
f 2860 2861 2764
f 2861 2765 2764
f 2861 2862 2765
f 2862 2766 2765
f 2862 2863 2766
f 2863 2767 2766
f 2863 2864 2767
f 2864 2768 2767
f 2864 2865 2768
f 2865 2769 2768
f 2865 2866 2769
f 2866 2770 2769
f 2866 2867 2770
f 2867 2771 2770
f 2867 2868 2771
f 2868 2772 2771
f 2868 2869 2772
f 2869 2773 2772
f 2869 2870 2773
f 2870 2774 2773
f 2870 2871 2774
f 2871 2775 2774
f 2871 2872 2775
f 2872 2776 2775
f 2872 2873 2776
f 2873 2777 2776
f 2873 2874 2777
f 2874 2778 2777
f 2874 2875 2778
f 2875 2779 2778
f 2875 2876 2779
f 2876 2780 2779
f 2876 2877 2780
f 2877 2781 2780
f 2877 2878 2781
f 2878 2782 2781
f 2878 2879 2782
f 2879 2783 2782
f 2879 2880 2783
f 2880 2784 2783
f 2880 2785 2784
f 2785 2689 2784
f 2881 2882 2785
f 2882 2786 2785
f 2882 2883 2786
f 2883 2787 2786
f 2883 2884 2787
f 2884 2788 2787
f 2884 2885 2788
f 2885 2789 2788
f 2885 2886 2789
f 2886 2790 2789
f 2886 2887 2790
f 2887 2791 2790
f 2887 2888 2791
f 2888 2792 2791
f 2888 2889 2792
f 2889 2793 2792
f 2889 2890 2793
f 2890 2794 2793
f 2890 2891 2794
f 2891 2795 2794
f 2891 2892 2795
f 2892 2796 2795
f 2892 2893 2796
f 2893 2797 2796
f 2893 2894 2797
f 2894 2798 2797
f 2894 2895 2798
f 2895 2799 2798
f 2895 2896 2799
f 2896 2800 2799
f 2896 2897 2800
f 2897 2801 2800
f 2897 2898 2801
f 2898 2802 2801
f 2898 2899 2802
f 2899 2803 2802
f 2899 2900 2803
f 2900 2804 2803
f 2900 2901 2804
f 2901 2805 2804
f 2901 2902 2805
f 2902 2806 2805
f 2902 2903 2806
f 2903 2807 2806
f 2903 2904 2807
f 2904 2808 2807
f 2904 2905 2808
f 2905 2809 2808
f 2905 2906 2809
f 2906 2810 2809
f 2906 2907 2810
f 2907 2811 2810
f 2907 2908 2811
f 2908 2812 2811
f 2908 2909 2812
f 2909 2813 2812
f 2909 2910 2813
f 2910 2814 2813
f 2910 2911 2814
f 2911 2815 2814
f 2911 2912 2815
f 2912 2816 2815
f 2912 2913 2816
f 2913 2817 2816
f 2913 2914 2817
f 2914 2818 2817
f 2914 2915 2818
f 2915 2819 2818
f 2915 2916 2819
f 2916 2820 2819
f 2916 2917 2820
f 2917 2821 2820
f 2917 2918 2821
f 2918 2822 2821
f 2918 2919 2822
f 2919 2823 2822
f 2919 2920 2823
f 2920 2824 2823
f 2920 2921 2824
f 2921 2825 2824
f 2921 2922 2825
f 2922 2826 2825
f 2922 2923 2826
f 2923 2827 2826
f 2923 2924 2827
f 2924 2828 2827
f 2924 2925 2828
f 2925 2829 2828
f 2925 2926 2829
f 2926 2830 2829
f 2926 2927 2830
f 2927 2831 2830
f 2927 2928 2831
f 2928 2832 2831
f 2928 2929 2832
f 2929 2833 2832
f 2929 2930 2833
f 2930 2834 2833
f 2930 2931 2834
f 2931 2835 2834
f 2931 2932 2835
f 2932 2836 2835
f 2932 2933 2836
f 2933 2837 2836
f 2933 2934 2837
f 2934 2838 2837
f 2934 2935 2838
f 2935 2839 2838
f 2935 2936 2839
f 2936 2840 2839
f 2936 2937 2840
f 2937 2841 2840
f 2937 2938 2841
f 2938 2842 2841
f 2938 2939 2842
f 2939 2843 2842
f 2939 2940 2843
f 2940 2844 2843
f 2940 2941 2844
f 2941 2845 2844
f 2941 2942 2845
f 2942 2846 2845
f 2942 2943 2846
f 2943 2847 2846
f 2943 2944 2847
f 2944 2848 2847
f 2944 2945 2848
f 2945 2849 2848
f 2945 2946 2849
f 2946 2850 2849
f 2946 2947 2850
f 2947 2851 2850
f 2947 2948 2851
f 2948 2852 2851
f 2948 2949 2852
f 2949 2853 2852
f 2949 2950 2853
f 2950 2854 2853
f 2950 2951 2854
f 2951 2855 2854
f 2951 2952 2855
f 2952 2856 2855
f 2952 2953 2856
f 2953 2857 2856
f 2953 2954 2857
f 2954 2858 2857
f 2954 2955 2858
f 2955 2859 2858
f 2955 2956 2859
f 2956 2860 2859
f 2956 2957 2860
f 2957 2861 2860
f 2957 2958 2861
f 2958 2862 2861
f 2958 2959 2862
f 2959 2863 2862
f 2959 2960 2863
f 2960 2864 2863
f 2960 2961 2864
f 2961 2865 2864
f 2961 2962 2865
f 2962 2866 2865
f 2962 2963 2866
f 2963 2867 2866
f 2963 2964 2867
f 2964 2868 2867
f 2964 2965 2868
f 2965 2869 2868
f 2965 2966 2869
f 2966 2870 2869
f 2966 2967 2870
f 2967 2871 2870
f 2967 2968 2871
f 2968 2872 2871
f 2968 2969 2872
f 2969 2873 2872
f 2969 2970 2873
f 2970 2874 2873
f 2970 2971 2874
f 2971 2875 2874
f 2971 2972 2875
f 2972 2876 2875
f 2972 2973 2876
f 2973 2877 2876
f 2973 2974 2877
f 2974 2878 2877
f 2974 2975 2878
f 2975 2879 2878
f 2975 2976 2879
f 2976 2880 2879
f 2976 2881 2880
f 2881 2785 2880
f 2977 2978 2881
f 2978 2882 2881
f 2978 2979 2882
f 2979 2883 2882
f 2979 2980 2883
f 2980 2884 2883
f 2980 2981 2884
f 2981 2885 2884
f 2981 2982 2885
f 2982 2886 2885
f 2982 2983 2886
f 2983 2887 2886
f 2983 2984 2887
f 2984 2888 2887
f 2984 2985 2888
f 2985 2889 2888
f 2985 2986 2889
f 2986 2890 2889
f 2986 2987 2890
f 2987 2891 2890
f 2987 2988 2891
f 2988 2892 2891
f 2988 2989 2892
f 2989 2893 2892
f 2989 2990 2893
f 2990 2894 2893
f 2990 2991 2894
f 2991 2895 2894
f 2991 2992 2895
f 2992 2896 2895
f 2992 2993 2896
f 2993 2897 2896
f 2993 2994 2897
f 2994 2898 2897
f 2994 2995 2898
f 2995 2899 2898
f 2995 2996 2899
f 2996 2900 2899
f 2996 2997 2900
f 2997 2901 2900
f 2997 2998 2901
f 2998 2902 2901
f 2998 2999 2902
f 2999 2903 2902
f 2999 3000 2903
f 3000 2904 2903
f 3000 3001 2904
f 3001 2905 2904
f 3001 3002 2905
f 3002 2906 2905
f 3002 3003 2906
f 3003 2907 2906
f 3003 3004 2907
f 3004 2908 2907
f 3004 3005 2908
f 3005 2909 2908
f 3005 3006 2909
f 3006 2910 2909
f 3006 3007 2910
f 3007 2911 2910
f 3007 3008 2911
f 3008 2912 2911
f 3008 3009 2912
f 3009 2913 2912
f 3009 3010 2913
f 3010 2914 2913
f 3010 3011 2914
f 3011 2915 2914
f 3011 3012 2915
f 3012 2916 2915
f 3012 3013 2916
f 3013 2917 2916
f 3013 3014 2917
f 3014 2918 2917
f 3014 3015 2918
f 3015 2919 2918
f 3015 3016 2919
f 3016 2920 2919
f 3016 3017 2920
f 3017 2921 2920
f 3017 3018 2921
f 3018 2922 2921
f 3018 3019 2922
f 3019 2923 2922
f 3019 3020 2923
f 3020 2924 2923
f 3020 3021 2924
f 3021 2925 2924
f 3021 3022 2925
f 3022 2926 2925
f 3022 3023 2926
f 3023 2927 2926
f 3023 3024 2927
f 3024 2928 2927
f 3024 3025 2928
f 3025 2929 2928
f 3025 3026 2929
f 3026 2930 2929
f 3026 3027 2930
f 3027 2931 2930
f 3027 3028 2931
f 3028 2932 2931
f 3028 3029 2932
f 3029 2933 2932
f 3029 3030 2933
f 3030 2934 2933
f 3030 3031 2934
f 3031 2935 2934
f 3031 3032 2935
f 3032 2936 2935
f 3032 3033 2936
f 3033 2937 2936
f 3033 3034 2937
f 3034 2938 2937
f 3034 3035 2938
f 3035 2939 2938
f 3035 3036 2939
f 3036 2940 2939
f 3036 3037 2940
f 3037 2941 2940
f 3037 3038 2941
f 3038 2942 2941
f 3038 3039 2942
f 3039 2943 2942
f 3039 3040 2943
f 3040 2944 2943
f 3040 3041 2944
f 3041 2945 2944
f 3041 3042 2945
f 3042 2946 2945
f 3042 3043 2946
f 3043 2947 2946
f 3043 3044 2947
f 3044 2948 2947
f 3044 3045 2948
f 3045 2949 2948
f 3045 3046 2949
f 3046 2950 2949
f 3046 3047 2950
f 3047 2951 2950
f 3047 3048 2951
f 3048 2952 2951
f 3048 3049 2952
f 3049 2953 2952
f 3049 3050 2953
f 3050 2954 2953
f 3050 3051 2954
f 3051 2955 2954
f 3051 3052 2955
f 3052 2956 2955
f 3052 3053 2956
f 3053 2957 2956
f 3053 3054 2957
f 3054 2958 2957
f 3054 3055 2958
f 3055 2959 2958
f 3055 3056 2959
f 3056 2960 2959
f 3056 3057 2960
f 3057 2961 2960
f 3057 3058 2961
f 3058 2962 2961
f 3058 3059 2962
f 3059 2963 2962
f 3059 3060 2963
f 3060 2964 2963
f 3060 3061 2964
f 3061 2965 2964
f 3061 3062 2965
f 3062 2966 2965
f 3062 3063 2966
f 3063 2967 2966
f 3063 3064 2967
f 3064 2968 2967
f 3064 3065 2968
f 3065 2969 2968
f 3065 3066 2969
f 3066 2970 2969
f 3066 3067 2970
f 3067 2971 2970
f 3067 3068 2971
f 3068 2972 2971
f 3068 3069 2972
f 3069 2973 2972
f 3069 3070 2973
f 3070 2974 2973
f 3070 3071 2974
f 3071 2975 2974
f 3071 3072 2975
f 3072 2976 2975
f 3072 2977 2976
f 2977 2881 2976
f 3073 3074 2977
f 3074 2978 2977
f 3074 3075 2978
f 3075 2979 2978
f 3075 3076 2979
f 3076 2980 2979
f 3076 3077 2980
f 3077 2981 2980
f 3077 3078 2981
f 3078 2982 2981
f 3078 3079 2982
f 3079 2983 2982
f 3079 3080 2983
f 3080 2984 2983
f 3080 3081 2984
f 3081 2985 2984
f 3081 3082 2985
f 3082 2986 2985
f 3082 3083 2986
f 3083 2987 2986
f 3083 3084 2987
f 3084 2988 2987
f 3084 3085 2988
f 3085 2989 2988
f 3085 3086 2989
f 3086 2990 2989
f 3086 3087 2990
f 3087 2991 2990
f 3087 3088 2991
f 3088 2992 2991
f 3088 3089 2992
f 3089 2993 2992
f 3089 3090 2993
f 3090 2994 2993
f 3090 3091 2994
f 3091 2995 2994
f 3091 3092 2995
f 3092 2996 2995
f 3092 3093 2996
f 3093 2997 2996
f 3093 3094 2997
f 3094 2998 2997
f 3094 3095 2998
f 3095 2999 2998
f 3095 3096 2999
f 3096 3000 2999
f 3096 3097 3000
f 3097 3001 3000
f 3097 3098 3001
f 3098 3002 3001
f 3098 3099 3002
f 3099 3003 3002
f 3099 3100 3003
f 3100 3004 3003
f 3100 3101 3004
f 3101 3005 3004
f 3101 3102 3005
f 3102 3006 3005
f 3102 3103 3006
f 3103 3007 3006
f 3103 3104 3007
f 3104 3008 3007
f 3104 3105 3008
f 3105 3009 3008
f 3105 3106 3009
f 3106 3010 3009
f 3106 3107 3010
f 3107 3011 3010
f 3107 3108 3011
f 3108 3012 3011
f 3108 3109 3012
f 3109 3013 3012
f 3109 3110 3013
f 3110 3014 3013
f 3110 3111 3014
f 3111 3015 3014
f 3111 3112 3015
f 3112 3016 3015
f 3112 3113 3016
f 3113 3017 3016
f 3113 3114 3017
f 3114 3018 3017
f 3114 3115 3018
f 3115 3019 3018
f 3115 3116 3019
f 3116 3020 3019
f 3116 3117 3020
f 3117 3021 3020
f 3117 3118 3021
f 3118 3022 3021
f 3118 3119 3022
f 3119 3023 3022
f 3119 3120 3023
f 3120 3024 3023
f 3120 3121 3024
f 3121 3025 3024
f 3121 3122 3025
f 3122 3026 3025
f 3122 3123 3026
f 3123 3027 3026
f 3123 3124 3027
f 3124 3028 3027
f 3124 3125 3028
f 3125 3029 3028
f 3125 3126 3029
f 3126 3030 3029
f 3126 3127 3030
f 3127 3031 3030
f 3127 3128 3031
f 3128 3032 3031
f 3128 3129 3032
f 3129 3033 3032
f 3129 3130 3033
f 3130 3034 3033
f 3130 3131 3034
f 3131 3035 3034
f 3131 3132 3035
f 3132 3036 3035
f 3132 3133 3036
f 3133 3037 3036
f 3133 3134 3037
f 3134 3038 3037
f 3134 3135 3038
f 3135 3039 3038
f 3135 3136 3039
f 3136 3040 3039
f 3136 3137 3040
f 3137 3041 3040
f 3137 3138 3041
f 3138 3042 3041
f 3138 3139 3042
f 3139 3043 3042
f 3139 3140 3043
f 3140 3044 3043
f 3140 3141 3044
f 3141 3045 3044
f 3141 3142 3045
f 3142 3046 3045
f 3142 3143 3046
f 3143 3047 3046
f 3143 3144 3047
f 3144 3048 3047
f 3144 3145 3048
f 3145 3049 3048
f 3145 3146 3049
f 3146 3050 3049
f 3146 3147 3050
f 3147 3051 3050
f 3147 3148 3051
f 3148 3052 3051
f 3148 3149 3052
f 3149 3053 3052
f 3149 3150 3053
f 3150 3054 3053
f 3150 3151 3054
f 3151 3055 3054
f 3151 3152 3055
f 3152 3056 3055
f 3152 3153 3056
f 3153 3057 3056
f 3153 3154 3057
f 3154 3058 3057
f 3154 3155 3058
f 3155 3059 3058
f 3155 3156 3059
f 3156 3060 3059
f 3156 3157 3060
f 3157 3061 3060
f 3157 3158 3061
f 3158 3062 3061
f 3158 3159 3062
f 3159 3063 3062
f 3159 3160 3063
f 3160 3064 3063
f 3160 3161 3064
f 3161 3065 3064
f 3161 3162 3065
f 3162 3066 3065
f 3162 3163 3066
f 3163 3067 3066
f 3163 3164 3067
f 3164 3068 3067
f 3164 3165 3068
f 3165 3069 3068
f 3165 3166 3069
f 3166 3070 3069
f 3166 3167 3070
f 3167 3071 3070
f 3167 3168 3071
f 3168 3072 3071
f 3168 3073 3072
f 3073 2977 3072
f 3169 3170 3073
f 3170 3074 3073
f 3170 3171 3074
f 3171 3075 3074
f 3171 3172 3075
f 3172 3076 3075
f 3172 3173 3076
f 3173 3077 3076
f 3173 3174 3077
f 3174 3078 3077
f 3174 3175 3078
f 3175 3079 3078
f 3175 3176 3079
f 3176 3080 3079
f 3176 3177 3080
f 3177 3081 3080
f 3177 3178 3081
f 3178 3082 3081
f 3178 3179 3082
f 3179 3083 3082
f 3179 3180 3083
f 3180 3084 3083
f 3180 3181 3084
f 3181 3085 3084
f 3181 3182 3085
f 3182 3086 3085
f 3182 3183 3086
f 3183 3087 3086
f 3183 3184 3087
f 3184 3088 3087
f 3184 3185 3088
f 3185 3089 3088
f 3185 3186 3089
f 3186 3090 3089
f 3186 3187 3090
f 3187 3091 3090
f 3187 3188 3091
f 3188 3092 3091
f 3188 3189 3092
f 3189 3093 3092
f 3189 3190 3093
f 3190 3094 3093
f 3190 3191 3094
f 3191 3095 3094
f 3191 3192 3095
f 3192 3096 3095
f 3192 3193 3096
f 3193 3097 3096
f 3193 3194 3097
f 3194 3098 3097
f 3194 3195 3098
f 3195 3099 3098
f 3195 3196 3099
f 3196 3100 3099
f 3196 3197 3100
f 3197 3101 3100
f 3197 3198 3101
f 3198 3102 3101
f 3198 3199 3102
f 3199 3103 3102
f 3199 3200 3103
f 3200 3104 3103
f 3200 3201 3104
f 3201 3105 3104
f 3201 3202 3105
f 3202 3106 3105
f 3202 3203 3106
f 3203 3107 3106
f 3203 3204 3107
f 3204 3108 3107
f 3204 3205 3108
f 3205 3109 3108
f 3205 3206 3109
f 3206 3110 3109
f 3206 3207 3110
f 3207 3111 3110
f 3207 3208 3111
f 3208 3112 3111
f 3208 3209 3112
f 3209 3113 3112
f 3209 3210 3113
f 3210 3114 3113
f 3210 3211 3114
f 3211 3115 3114
f 3211 3212 3115
f 3212 3116 3115
f 3212 3213 3116
f 3213 3117 3116
f 3213 3214 3117
f 3214 3118 3117
f 3214 3215 3118
f 3215 3119 3118
f 3215 3216 3119
f 3216 3120 3119
f 3216 3217 3120
f 3217 3121 3120
f 3217 3218 3121
f 3218 3122 3121
f 3218 3219 3122
f 3219 3123 3122
f 3219 3220 3123
f 3220 3124 3123
f 3220 3221 3124
f 3221 3125 3124
f 3221 3222 3125
f 3222 3126 3125
f 3222 3223 3126
f 3223 3127 3126
f 3223 3224 3127
f 3224 3128 3127
f 3224 3225 3128
f 3225 3129 3128
f 3225 3226 3129
f 3226 3130 3129
f 3226 3227 3130
f 3227 3131 3130
f 3227 3228 3131
f 3228 3132 3131
f 3228 3229 3132
f 3229 3133 3132
f 3229 3230 3133
f 3230 3134 3133
f 3230 3231 3134
f 3231 3135 3134
f 3231 3232 3135
f 3232 3136 3135
f 3232 3233 3136
f 3233 3137 3136
f 3233 3234 3137
f 3234 3138 3137
f 3234 3235 3138
f 3235 3139 3138
f 3235 3236 3139
f 3236 3140 3139
f 3236 3237 3140
f 3237 3141 3140
f 3237 3238 3141
f 3238 3142 3141
f 3238 3239 3142
f 3239 3143 3142
f 3239 3240 3143
f 3240 3144 3143
f 3240 3241 3144
f 3241 3145 3144
f 3241 3242 3145
f 3242 3146 3145
f 3242 3243 3146
f 3243 3147 3146
f 3243 3244 3147
f 3244 3148 3147
f 3244 3245 3148
f 3245 3149 3148
f 3245 3246 3149
f 3246 3150 3149
f 3246 3247 3150
f 3247 3151 3150
f 3247 3248 3151
f 3248 3152 3151
f 3248 3249 3152
f 3249 3153 3152
f 3249 3250 3153
f 3250 3154 3153
f 3250 3251 3154
f 3251 3155 3154
f 3251 3252 3155
f 3252 3156 3155
f 3252 3253 3156
f 3253 3157 3156
f 3253 3254 3157
f 3254 3158 3157
f 3254 3255 3158
f 3255 3159 3158
f 3255 3256 3159
f 3256 3160 3159
f 3256 3257 3160
f 3257 3161 3160
f 3257 3258 3161
f 3258 3162 3161
f 3258 3259 3162
f 3259 3163 3162
f 3259 3260 3163
f 3260 3164 3163
f 3260 3261 3164
f 3261 3165 3164
f 3261 3262 3165
f 3262 3166 3165
f 3262 3263 3166
f 3263 3167 3166
f 3263 3264 3167
f 3264 3168 3167
f 3264 3169 3168
f 3169 3073 3168
f 3265 3266 3169
f 3266 3170 3169
f 3266 3267 3170
f 3267 3171 3170
f 3267 3268 3171
f 3268 3172 3171
f 3268 3269 3172
f 3269 3173 3172
f 3269 3270 3173
f 3270 3174 3173
f 3270 3271 3174
f 3271 3175 3174
f 3271 3272 3175
f 3272 3176 3175
f 3272 3273 3176
f 3273 3177 3176
f 3273 3274 3177
f 3274 3178 3177
f 3274 3275 3178
f 3275 3179 3178
f 3275 3276 3179
f 3276 3180 3179
f 3276 3277 3180
f 3277 3181 3180
f 3277 3278 3181
f 3278 3182 3181
f 3278 3279 3182
f 3279 3183 3182
f 3279 3280 3183
f 3280 3184 3183
f 3280 3281 3184
f 3281 3185 3184
f 3281 3282 3185
f 3282 3186 3185
f 3282 3283 3186
f 3283 3187 3186
f 3283 3284 3187
f 3284 3188 3187
f 3284 3285 3188
f 3285 3189 3188
f 3285 3286 3189
f 3286 3190 3189
f 3286 3287 3190
f 3287 3191 3190
f 3287 3288 3191
f 3288 3192 3191
f 3288 3289 3192
f 3289 3193 3192
f 3289 3290 3193
f 3290 3194 3193
f 3290 3291 3194
f 3291 3195 3194
f 3291 3292 3195
f 3292 3196 3195
f 3292 3293 3196
f 3293 3197 3196
f 3293 3294 3197
f 3294 3198 3197
f 3294 3295 3198
f 3295 3199 3198
f 3295 3296 3199
f 3296 3200 3199
f 3296 3297 3200
f 3297 3201 3200
f 3297 3298 3201
f 3298 3202 3201
f 3298 3299 3202
f 3299 3203 3202
f 3299 3300 3203
f 3300 3204 3203
f 3300 3301 3204
f 3301 3205 3204
f 3301 3302 3205
f 3302 3206 3205
f 3302 3303 3206
f 3303 3207 3206
f 3303 3304 3207
f 3304 3208 3207
f 3304 3305 3208
f 3305 3209 3208
f 3305 3306 3209
f 3306 3210 3209
f 3306 3307 3210
f 3307 3211 3210
f 3307 3308 3211
f 3308 3212 3211
f 3308 3309 3212
f 3309 3213 3212
f 3309 3310 3213
f 3310 3214 3213
f 3310 3311 3214
f 3311 3215 3214
f 3311 3312 3215
f 3312 3216 3215
f 3312 3313 3216
f 3313 3217 3216
f 3313 3314 3217
f 3314 3218 3217
f 3314 3315 3218
f 3315 3219 3218
f 3315 3316 3219
f 3316 3220 3219
f 3316 3317 3220
f 3317 3221 3220
f 3317 3318 3221
f 3318 3222 3221
f 3318 3319 3222
f 3319 3223 3222
f 3319 3320 3223
f 3320 3224 3223
f 3320 3321 3224
f 3321 3225 3224
f 3321 3322 3225
f 3322 3226 3225
f 3322 3323 3226
f 3323 3227 3226
f 3323 3324 3227
f 3324 3228 3227
f 3324 3325 3228
f 3325 3229 3228
f 3325 3326 3229
f 3326 3230 3229
f 3326 3327 3230
f 3327 3231 3230
f 3327 3328 3231
f 3328 3232 3231
f 3328 3329 3232
f 3329 3233 3232
f 3329 3330 3233
f 3330 3234 3233
f 3330 3331 3234
f 3331 3235 3234
f 3331 3332 3235
f 3332 3236 3235
f 3332 3333 3236
f 3333 3237 3236
f 3333 3334 3237
f 3334 3238 3237
f 3334 3335 3238
f 3335 3239 3238
f 3335 3336 3239
f 3336 3240 3239
f 3336 3337 3240
f 3337 3241 3240
f 3337 3338 3241
f 3338 3242 3241
f 3338 3339 3242
f 3339 3243 3242
f 3339 3340 3243
f 3340 3244 3243
f 3340 3341 3244
f 3341 3245 3244
f 3341 3342 3245
f 3342 3246 3245
f 3342 3343 3246
f 3343 3247 3246
f 3343 3344 3247
f 3344 3248 3247
f 3344 3345 3248
f 3345 3249 3248
f 3345 3346 3249
f 3346 3250 3249
f 3346 3347 3250
f 3347 3251 3250
f 3347 3348 3251
f 3348 3252 3251
f 3348 3349 3252
f 3349 3253 3252
f 3349 3350 3253
f 3350 3254 3253
f 3350 3351 3254
f 3351 3255 3254
f 3351 3352 3255
f 3352 3256 3255
f 3352 3353 3256
f 3353 3257 3256
f 3353 3354 3257
f 3354 3258 3257
f 3354 3355 3258
f 3355 3259 3258
f 3355 3356 3259
f 3356 3260 3259
f 3356 3357 3260
f 3357 3261 3260
f 3357 3358 3261
f 3358 3262 3261
f 3358 3359 3262
f 3359 3263 3262
f 3359 3360 3263
f 3360 3264 3263
f 3360 3265 3264
f 3265 3169 3264
f 3361 3362 3265
f 3362 3266 3265
f 3362 3363 3266
f 3363 3267 3266
f 3363 3364 3267
f 3364 3268 3267
f 3364 3365 3268
f 3365 3269 3268
f 3365 3366 3269
f 3366 3270 3269
f 3366 3367 3270
f 3367 3271 3270
f 3367 3368 3271
f 3368 3272 3271
f 3368 3369 3272
f 3369 3273 3272
f 3369 3370 3273
f 3370 3274 3273
f 3370 3371 3274
f 3371 3275 3274
f 3371 3372 3275
f 3372 3276 3275
f 3372 3373 3276
f 3373 3277 3276
f 3373 3374 3277
f 3374 3278 3277
f 3374 3375 3278
f 3375 3279 3278
f 3375 3376 3279
f 3376 3280 3279
f 3376 3377 3280
f 3377 3281 3280
f 3377 3378 3281
f 3378 3282 3281
f 3378 3379 3282
f 3379 3283 3282
f 3379 3380 3283
f 3380 3284 3283
f 3380 3381 3284
f 3381 3285 3284
f 3381 3382 3285
f 3382 3286 3285
f 3382 3383 3286
f 3383 3287 3286
f 3383 3384 3287
f 3384 3288 3287
f 3384 3385 3288
f 3385 3289 3288
f 3385 3386 3289
f 3386 3290 3289
f 3386 3387 3290
f 3387 3291 3290
f 3387 3388 3291
f 3388 3292 3291
f 3388 3389 3292
f 3389 3293 3292
f 3389 3390 3293
f 3390 3294 3293
f 3390 3391 3294
f 3391 3295 3294
f 3391 3392 3295
f 3392 3296 3295
f 3392 3393 3296
f 3393 3297 3296
f 3393 3394 3297
f 3394 3298 3297
f 3394 3395 3298
f 3395 3299 3298
f 3395 3396 3299
f 3396 3300 3299
f 3396 3397 3300
f 3397 3301 3300
f 3397 3398 3301
f 3398 3302 3301
f 3398 3399 3302
f 3399 3303 3302
f 3399 3400 3303
f 3400 3304 3303
f 3400 3401 3304
f 3401 3305 3304
f 3401 3402 3305
f 3402 3306 3305
f 3402 3403 3306
f 3403 3307 3306
f 3403 3404 3307
f 3404 3308 3307
f 3404 3405 3308
f 3405 3309 3308
f 3405 3406 3309
f 3406 3310 3309
f 3406 3407 3310
f 3407 3311 3310
f 3407 3408 3311
f 3408 3312 3311
f 3408 3409 3312
f 3409 3313 3312
f 3409 3410 3313
f 3410 3314 3313
f 3410 3411 3314
f 3411 3315 3314
f 3411 3412 3315
f 3412 3316 3315
f 3412 3413 3316
f 3413 3317 3316
f 3413 3414 3317
f 3414 3318 3317
f 3414 3415 3318
f 3415 3319 3318
f 3415 3416 3319
f 3416 3320 3319
f 3416 3417 3320
f 3417 3321 3320
f 3417 3418 3321
f 3418 3322 3321
f 3418 3419 3322
f 3419 3323 3322
f 3419 3420 3323
f 3420 3324 3323
f 3420 3421 3324
f 3421 3325 3324
f 3421 3422 3325
f 3422 3326 3325
f 3422 3423 3326
f 3423 3327 3326
f 3423 3424 3327
f 3424 3328 3327
f 3424 3425 3328
f 3425 3329 3328
f 3425 3426 3329
f 3426 3330 3329
f 3426 3427 3330
f 3427 3331 3330
f 3427 3428 3331
f 3428 3332 3331
f 3428 3429 3332
f 3429 3333 3332
f 3429 3430 3333
f 3430 3334 3333
f 3430 3431 3334
f 3431 3335 3334
f 3431 3432 3335
f 3432 3336 3335
f 3432 3433 3336
f 3433 3337 3336
f 3433 3434 3337
f 3434 3338 3337
f 3434 3435 3338
f 3435 3339 3338
f 3435 3436 3339
f 3436 3340 3339
f 3436 3437 3340
f 3437 3341 3340
f 3437 3438 3341
f 3438 3342 3341
f 3438 3439 3342
f 3439 3343 3342
f 3439 3440 3343
f 3440 3344 3343
f 3440 3441 3344
f 3441 3345 3344
f 3441 3442 3345
f 3442 3346 3345
f 3442 3443 3346
f 3443 3347 3346
f 3443 3444 3347
f 3444 3348 3347
f 3444 3445 3348
f 3445 3349 3348
f 3445 3446 3349
f 3446 3350 3349
f 3446 3447 3350
f 3447 3351 3350
f 3447 3448 3351
f 3448 3352 3351
f 3448 3449 3352
f 3449 3353 3352
f 3449 3450 3353
f 3450 3354 3353
f 3450 3451 3354
f 3451 3355 3354
f 3451 3452 3355
f 3452 3356 3355
f 3452 3453 3356
f 3453 3357 3356
f 3453 3454 3357
f 3454 3358 3357
f 3454 3455 3358
f 3455 3359 3358
f 3455 3456 3359
f 3456 3360 3359
f 3456 3361 3360
f 3361 3265 3360
f 3457 3458 3361
f 3458 3362 3361
f 3458 3459 3362
f 3459 3363 3362
f 3459 3460 3363
f 3460 3364 3363
f 3460 3461 3364
f 3461 3365 3364
f 3461 3462 3365
f 3462 3366 3365
f 3462 3463 3366
f 3463 3367 3366
f 3463 3464 3367
f 3464 3368 3367
f 3464 3465 3368
f 3465 3369 3368
f 3465 3466 3369
f 3466 3370 3369
f 3466 3467 3370
f 3467 3371 3370
f 3467 3468 3371
f 3468 3372 3371
f 3468 3469 3372
f 3469 3373 3372
f 3469 3470 3373
f 3470 3374 3373
f 3470 3471 3374
f 3471 3375 3374
f 3471 3472 3375
f 3472 3376 3375
f 3472 3473 3376
f 3473 3377 3376
f 3473 3474 3377
f 3474 3378 3377
f 3474 3475 3378
f 3475 3379 3378
f 3475 3476 3379
f 3476 3380 3379
f 3476 3477 3380
f 3477 3381 3380
f 3477 3478 3381
f 3478 3382 3381
f 3478 3479 3382
f 3479 3383 3382
f 3479 3480 3383
f 3480 3384 3383
f 3480 3481 3384
f 3481 3385 3384
f 3481 3482 3385
f 3482 3386 3385
f 3482 3483 3386
f 3483 3387 3386
f 3483 3484 3387
f 3484 3388 3387
f 3484 3485 3388
f 3485 3389 3388
f 3485 3486 3389
f 3486 3390 3389
f 3486 3487 3390
f 3487 3391 3390
f 3487 3488 3391
f 3488 3392 3391
f 3488 3489 3392
f 3489 3393 3392
f 3489 3490 3393
f 3490 3394 3393
f 3490 3491 3394
f 3491 3395 3394
f 3491 3492 3395
f 3492 3396 3395
f 3492 3493 3396
f 3493 3397 3396
f 3493 3494 3397
f 3494 3398 3397
f 3494 3495 3398
f 3495 3399 3398
f 3495 3496 3399
f 3496 3400 3399
f 3496 3497 3400
f 3497 3401 3400
f 3497 3498 3401
f 3498 3402 3401
f 3498 3499 3402
f 3499 3403 3402
f 3499 3500 3403
f 3500 3404 3403
f 3500 3501 3404
f 3501 3405 3404
f 3501 3502 3405
f 3502 3406 3405
f 3502 3503 3406
f 3503 3407 3406
f 3503 3504 3407
f 3504 3408 3407
f 3504 3505 3408
f 3505 3409 3408
f 3505 3506 3409
f 3506 3410 3409
f 3506 3507 3410
f 3507 3411 3410
f 3507 3508 3411
f 3508 3412 3411
f 3508 3509 3412
f 3509 3413 3412
f 3509 3510 3413
f 3510 3414 3413
f 3510 3511 3414
f 3511 3415 3414
f 3511 3512 3415
f 3512 3416 3415
f 3512 3513 3416
f 3513 3417 3416
f 3513 3514 3417
f 3514 3418 3417
f 3514 3515 3418
f 3515 3419 3418
f 3515 3516 3419
f 3516 3420 3419
f 3516 3517 3420
f 3517 3421 3420
f 3517 3518 3421
f 3518 3422 3421
f 3518 3519 3422
f 3519 3423 3422
f 3519 3520 3423
f 3520 3424 3423
f 3520 3521 3424
f 3521 3425 3424
f 3521 3522 3425
f 3522 3426 3425
f 3522 3523 3426
f 3523 3427 3426
f 3523 3524 3427
f 3524 3428 3427
f 3524 3525 3428
f 3525 3429 3428
f 3525 3526 3429
f 3526 3430 3429
f 3526 3527 3430
f 3527 3431 3430
f 3527 3528 3431
f 3528 3432 3431
f 3528 3529 3432
f 3529 3433 3432
f 3529 3530 3433
f 3530 3434 3433
f 3530 3531 3434
f 3531 3435 3434
f 3531 3532 3435
f 3532 3436 3435
f 3532 3533 3436
f 3533 3437 3436
f 3533 3534 3437
f 3534 3438 3437
f 3534 3535 3438
f 3535 3439 3438
f 3535 3536 3439
f 3536 3440 3439
f 3536 3537 3440
f 3537 3441 3440
f 3537 3538 3441
f 3538 3442 3441
f 3538 3539 3442
f 3539 3443 3442
f 3539 3540 3443
f 3540 3444 3443
f 3540 3541 3444
f 3541 3445 3444
f 3541 3542 3445
f 3542 3446 3445
f 3542 3543 3446
f 3543 3447 3446
f 3543 3544 3447
f 3544 3448 3447
f 3544 3545 3448
f 3545 3449 3448
f 3545 3546 3449
f 3546 3450 3449
f 3546 3547 3450
f 3547 3451 3450
f 3547 3548 3451
f 3548 3452 3451
f 3548 3549 3452
f 3549 3453 3452
f 3549 3550 3453
f 3550 3454 3453
f 3550 3551 3454
f 3551 3455 3454
f 3551 3552 3455
f 3552 3456 3455
f 3552 3457 3456
f 3457 3361 3456
f 3553 3554 3457
f 3554 3458 3457
f 3554 3555 3458
f 3555 3459 3458
f 3555 3556 3459
f 3556 3460 3459
f 3556 3557 3460
f 3557 3461 3460
f 3557 3558 3461
f 3558 3462 3461
f 3558 3559 3462
f 3559 3463 3462
f 3559 3560 3463
f 3560 3464 3463
f 3560 3561 3464
f 3561 3465 3464
f 3561 3562 3465
f 3562 3466 3465
f 3562 3563 3466
f 3563 3467 3466
f 3563 3564 3467
f 3564 3468 3467
f 3564 3565 3468
f 3565 3469 3468
f 3565 3566 3469
f 3566 3470 3469
f 3566 3567 3470
f 3567 3471 3470
f 3567 3568 3471
f 3568 3472 3471
f 3568 3569 3472
f 3569 3473 3472
f 3569 3570 3473
f 3570 3474 3473
f 3570 3571 3474
f 3571 3475 3474
f 3571 3572 3475
f 3572 3476 3475
f 3572 3573 3476
f 3573 3477 3476
f 3573 3574 3477
f 3574 3478 3477
f 3574 3575 3478
f 3575 3479 3478
f 3575 3576 3479
f 3576 3480 3479
f 3576 3577 3480
f 3577 3481 3480
f 3577 3578 3481
f 3578 3482 3481
f 3578 3579 3482
f 3579 3483 3482
f 3579 3580 3483
f 3580 3484 3483
f 3580 3581 3484
f 3581 3485 3484
f 3581 3582 3485
f 3582 3486 3485
f 3582 3583 3486
f 3583 3487 3486
f 3583 3584 3487
f 3584 3488 3487
f 3584 3585 3488
f 3585 3489 3488
f 3585 3586 3489
f 3586 3490 3489
f 3586 3587 3490
f 3587 3491 3490
f 3587 3588 3491
f 3588 3492 3491
f 3588 3589 3492
f 3589 3493 3492
f 3589 3590 3493
f 3590 3494 3493
f 3590 3591 3494
f 3591 3495 3494
f 3591 3592 3495
f 3592 3496 3495
f 3592 3593 3496
f 3593 3497 3496
f 3593 3594 3497
f 3594 3498 3497
f 3594 3595 3498
f 3595 3499 3498
f 3595 3596 3499
f 3596 3500 3499
f 3596 3597 3500
f 3597 3501 3500
f 3597 3598 3501
f 3598 3502 3501
f 3598 3599 3502
f 3599 3503 3502
f 3599 3600 3503
f 3600 3504 3503
f 3600 3601 3504
f 3601 3505 3504
f 3601 3602 3505
f 3602 3506 3505
f 3602 3603 3506
f 3603 3507 3506
f 3603 3604 3507
f 3604 3508 3507
f 3604 3605 3508
f 3605 3509 3508
f 3605 3606 3509
f 3606 3510 3509
f 3606 3607 3510
f 3607 3511 3510
f 3607 3608 3511
f 3608 3512 3511
f 3608 3609 3512
f 3609 3513 3512
f 3609 3610 3513
f 3610 3514 3513
f 3610 3611 3514
f 3611 3515 3514
f 3611 3612 3515
f 3612 3516 3515
f 3612 3613 3516
f 3613 3517 3516
f 3613 3614 3517
f 3614 3518 3517
f 3614 3615 3518
f 3615 3519 3518
f 3615 3616 3519
f 3616 3520 3519
f 3616 3617 3520
f 3617 3521 3520
f 3617 3618 3521
f 3618 3522 3521
f 3618 3619 3522
f 3619 3523 3522
f 3619 3620 3523
f 3620 3524 3523
f 3620 3621 3524
f 3621 3525 3524
f 3621 3622 3525
f 3622 3526 3525
f 3622 3623 3526
f 3623 3527 3526
f 3623 3624 3527
f 3624 3528 3527
f 3624 3625 3528
f 3625 3529 3528
f 3625 3626 3529
f 3626 3530 3529
f 3626 3627 3530
f 3627 3531 3530
f 3627 3628 3531
f 3628 3532 3531
f 3628 3629 3532
f 3629 3533 3532
f 3629 3630 3533
f 3630 3534 3533
f 3630 3631 3534
f 3631 3535 3534
f 3631 3632 3535
f 3632 3536 3535
f 3632 3633 3536
f 3633 3537 3536
f 3633 3634 3537
f 3634 3538 3537
f 3634 3635 3538
f 3635 3539 3538
f 3635 3636 3539
f 3636 3540 3539
f 3636 3637 3540
f 3637 3541 3540
f 3637 3638 3541
f 3638 3542 3541
f 3638 3639 3542
f 3639 3543 3542
f 3639 3640 3543
f 3640 3544 3543
f 3640 3641 3544
f 3641 3545 3544
f 3641 3642 3545
f 3642 3546 3545
f 3642 3643 3546
f 3643 3547 3546
f 3643 3644 3547
f 3644 3548 3547
f 3644 3645 3548
f 3645 3549 3548
f 3645 3646 3549
f 3646 3550 3549
f 3646 3647 3550
f 3647 3551 3550
f 3647 3648 3551
f 3648 3552 3551
f 3648 3553 3552
f 3553 3457 3552
f 3649 3650 3553
f 3650 3554 3553
f 3650 3651 3554
f 3651 3555 3554
f 3651 3652 3555
f 3652 3556 3555
f 3652 3653 3556
f 3653 3557 3556
f 3653 3654 3557
f 3654 3558 3557
f 3654 3655 3558
f 3655 3559 3558
f 3655 3656 3559
f 3656 3560 3559
f 3656 3657 3560
f 3657 3561 3560
f 3657 3658 3561
f 3658 3562 3561
f 3658 3659 3562
f 3659 3563 3562
f 3659 3660 3563
f 3660 3564 3563
f 3660 3661 3564
f 3661 3565 3564
f 3661 3662 3565
f 3662 3566 3565
f 3662 3663 3566
f 3663 3567 3566
f 3663 3664 3567
f 3664 3568 3567
f 3664 3665 3568
f 3665 3569 3568
f 3665 3666 3569
f 3666 3570 3569
f 3666 3667 3570
f 3667 3571 3570
f 3667 3668 3571
f 3668 3572 3571
f 3668 3669 3572
f 3669 3573 3572
f 3669 3670 3573
f 3670 3574 3573
f 3670 3671 3574
f 3671 3575 3574
f 3671 3672 3575
f 3672 3576 3575
f 3672 3673 3576
f 3673 3577 3576
f 3673 3674 3577
f 3674 3578 3577
f 3674 3675 3578
f 3675 3579 3578
f 3675 3676 3579
f 3676 3580 3579
f 3676 3677 3580
f 3677 3581 3580
f 3677 3678 3581
f 3678 3582 3581
f 3678 3679 3582
f 3679 3583 3582
f 3679 3680 3583
f 3680 3584 3583
f 3680 3681 3584
f 3681 3585 3584
f 3681 3682 3585
f 3682 3586 3585
f 3682 3683 3586
f 3683 3587 3586
f 3683 3684 3587
f 3684 3588 3587
f 3684 3685 3588
f 3685 3589 3588
f 3685 3686 3589
f 3686 3590 3589
f 3686 3687 3590
f 3687 3591 3590
f 3687 3688 3591
f 3688 3592 3591
f 3688 3689 3592
f 3689 3593 3592
f 3689 3690 3593
f 3690 3594 3593
f 3690 3691 3594
f 3691 3595 3594
f 3691 3692 3595
f 3692 3596 3595
f 3692 3693 3596
f 3693 3597 3596
f 3693 3694 3597
f 3694 3598 3597
f 3694 3695 3598
f 3695 3599 3598
f 3695 3696 3599
f 3696 3600 3599
f 3696 3697 3600
f 3697 3601 3600
f 3697 3698 3601
f 3698 3602 3601
f 3698 3699 3602
f 3699 3603 3602
f 3699 3700 3603
f 3700 3604 3603
f 3700 3701 3604
f 3701 3605 3604
f 3701 3702 3605
f 3702 3606 3605
f 3702 3703 3606
f 3703 3607 3606
f 3703 3704 3607
f 3704 3608 3607
f 3704 3705 3608
f 3705 3609 3608
f 3705 3706 3609
f 3706 3610 3609
f 3706 3707 3610
f 3707 3611 3610
f 3707 3708 3611
f 3708 3612 3611
f 3708 3709 3612
f 3709 3613 3612
f 3709 3710 3613
f 3710 3614 3613
f 3710 3711 3614
f 3711 3615 3614
f 3711 3712 3615
f 3712 3616 3615
f 3712 3713 3616
f 3713 3617 3616
f 3713 3714 3617
f 3714 3618 3617
f 3714 3715 3618
f 3715 3619 3618
f 3715 3716 3619
f 3716 3620 3619
f 3716 3717 3620
f 3717 3621 3620
f 3717 3718 3621
f 3718 3622 3621
f 3718 3719 3622
f 3719 3623 3622
f 3719 3720 3623
f 3720 3624 3623
f 3720 3721 3624
f 3721 3625 3624
f 3721 3722 3625
f 3722 3626 3625
f 3722 3723 3626
f 3723 3627 3626
f 3723 3724 3627
f 3724 3628 3627
f 3724 3725 3628
f 3725 3629 3628
f 3725 3726 3629
f 3726 3630 3629
f 3726 3727 3630
f 3727 3631 3630
f 3727 3728 3631
f 3728 3632 3631
f 3728 3729 3632
f 3729 3633 3632
f 3729 3730 3633
f 3730 3634 3633
f 3730 3731 3634
f 3731 3635 3634
f 3731 3732 3635
f 3732 3636 3635
f 3732 3733 3636
f 3733 3637 3636
f 3733 3734 3637
f 3734 3638 3637
f 3734 3735 3638
f 3735 3639 3638
f 3735 3736 3639
f 3736 3640 3639
f 3736 3737 3640
f 3737 3641 3640
f 3737 3738 3641
f 3738 3642 3641
f 3738 3739 3642
f 3739 3643 3642
f 3739 3740 3643
f 3740 3644 3643
f 3740 3741 3644
f 3741 3645 3644
f 3741 3742 3645
f 3742 3646 3645
f 3742 3743 3646
f 3743 3647 3646
f 3743 3744 3647
f 3744 3648 3647
f 3744 3649 3648
f 3649 3553 3648
f 3745 3746 3649
f 3746 3650 3649
f 3746 3747 3650
f 3747 3651 3650
f 3747 3748 3651
f 3748 3652 3651
f 3748 3749 3652
f 3749 3653 3652
f 3749 3750 3653
f 3750 3654 3653
f 3750 3751 3654
f 3751 3655 3654
f 3751 3752 3655
f 3752 3656 3655
f 3752 3753 3656
f 3753 3657 3656
f 3753 3754 3657
f 3754 3658 3657
f 3754 3755 3658
f 3755 3659 3658
f 3755 3756 3659
f 3756 3660 3659
f 3756 3757 3660
f 3757 3661 3660
f 3757 3758 3661
f 3758 3662 3661
f 3758 3759 3662
f 3759 3663 3662
f 3759 3760 3663
f 3760 3664 3663
f 3760 3761 3664
f 3761 3665 3664
f 3761 3762 3665
f 3762 3666 3665
f 3762 3763 3666
f 3763 3667 3666
f 3763 3764 3667
f 3764 3668 3667
f 3764 3765 3668
f 3765 3669 3668
f 3765 3766 3669
f 3766 3670 3669
f 3766 3767 3670
f 3767 3671 3670
f 3767 3768 3671
f 3768 3672 3671
f 3768 3769 3672
f 3769 3673 3672
f 3769 3770 3673
f 3770 3674 3673
f 3770 3771 3674
f 3771 3675 3674
f 3771 3772 3675
f 3772 3676 3675
f 3772 3773 3676
f 3773 3677 3676
f 3773 3774 3677
f 3774 3678 3677
f 3774 3775 3678
f 3775 3679 3678
f 3775 3776 3679
f 3776 3680 3679
f 3776 3777 3680
f 3777 3681 3680
f 3777 3778 3681
f 3778 3682 3681
f 3778 3779 3682
f 3779 3683 3682
f 3779 3780 3683
f 3780 3684 3683
f 3780 3781 3684
f 3781 3685 3684
f 3781 3782 3685
f 3782 3686 3685
f 3782 3783 3686
f 3783 3687 3686
f 3783 3784 3687
f 3784 3688 3687
f 3784 3785 3688
f 3785 3689 3688
f 3785 3786 3689
f 3786 3690 3689
f 3786 3787 3690
f 3787 3691 3690
f 3787 3788 3691
f 3788 3692 3691
f 3788 3789 3692
f 3789 3693 3692
f 3789 3790 3693
f 3790 3694 3693
f 3790 3791 3694
f 3791 3695 3694
f 3791 3792 3695
f 3792 3696 3695
f 3792 3793 3696
f 3793 3697 3696
f 3793 3794 3697
f 3794 3698 3697
f 3794 3795 3698
f 3795 3699 3698
f 3795 3796 3699
f 3796 3700 3699
f 3796 3797 3700
f 3797 3701 3700
f 3797 3798 3701
f 3798 3702 3701
f 3798 3799 3702
f 3799 3703 3702
f 3799 3800 3703
f 3800 3704 3703
f 3800 3801 3704
f 3801 3705 3704
f 3801 3802 3705
f 3802 3706 3705
f 3802 3803 3706
f 3803 3707 3706
f 3803 3804 3707
f 3804 3708 3707
f 3804 3805 3708
f 3805 3709 3708
f 3805 3806 3709
f 3806 3710 3709
f 3806 3807 3710
f 3807 3711 3710
f 3807 3808 3711
f 3808 3712 3711
f 3808 3809 3712
f 3809 3713 3712
f 3809 3810 3713
f 3810 3714 3713
f 3810 3811 3714
f 3811 3715 3714
f 3811 3812 3715
f 3812 3716 3715
f 3812 3813 3716
f 3813 3717 3716
f 3813 3814 3717
f 3814 3718 3717
f 3814 3815 3718
f 3815 3719 3718
f 3815 3816 3719
f 3816 3720 3719
f 3816 3817 3720
f 3817 3721 3720
f 3817 3818 3721
f 3818 3722 3721
f 3818 3819 3722
f 3819 3723 3722
f 3819 3820 3723
f 3820 3724 3723
f 3820 3821 3724
f 3821 3725 3724
f 3821 3822 3725
f 3822 3726 3725
f 3822 3823 3726
f 3823 3727 3726
f 3823 3824 3727
f 3824 3728 3727
f 3824 3825 3728
f 3825 3729 3728
f 3825 3826 3729
f 3826 3730 3729
f 3826 3827 3730
f 3827 3731 3730
f 3827 3828 3731
f 3828 3732 3731
f 3828 3829 3732
f 3829 3733 3732
f 3829 3830 3733
f 3830 3734 3733
f 3830 3831 3734
f 3831 3735 3734
f 3831 3832 3735
f 3832 3736 3735
f 3832 3833 3736
f 3833 3737 3736
f 3833 3834 3737
f 3834 3738 3737
f 3834 3835 3738
f 3835 3739 3738
f 3835 3836 3739
f 3836 3740 3739
f 3836 3837 3740
f 3837 3741 3740
f 3837 3838 3741
f 3838 3742 3741
f 3838 3839 3742
f 3839 3743 3742
f 3839 3840 3743
f 3840 3744 3743
f 3840 3745 3744
f 3745 3649 3744
f 3841 3842 3745
f 3842 3746 3745
f 3842 3843 3746
f 3843 3747 3746
f 3843 3844 3747
f 3844 3748 3747
f 3844 3845 3748
f 3845 3749 3748
f 3845 3846 3749
f 3846 3750 3749
f 3846 3847 3750
f 3847 3751 3750
f 3847 3848 3751
f 3848 3752 3751
f 3848 3849 3752
f 3849 3753 3752
f 3849 3850 3753
f 3850 3754 3753
f 3850 3851 3754
f 3851 3755 3754
f 3851 3852 3755
f 3852 3756 3755
f 3852 3853 3756
f 3853 3757 3756
f 3853 3854 3757
f 3854 3758 3757
f 3854 3855 3758
f 3855 3759 3758
f 3855 3856 3759
f 3856 3760 3759
f 3856 3857 3760
f 3857 3761 3760
f 3857 3858 3761
f 3858 3762 3761
f 3858 3859 3762
f 3859 3763 3762
f 3859 3860 3763
f 3860 3764 3763
f 3860 3861 3764
f 3861 3765 3764
f 3861 3862 3765
f 3862 3766 3765
f 3862 3863 3766
f 3863 3767 3766
f 3863 3864 3767
f 3864 3768 3767
f 3864 3865 3768
f 3865 3769 3768
f 3865 3866 3769
f 3866 3770 3769
f 3866 3867 3770
f 3867 3771 3770
f 3867 3868 3771
f 3868 3772 3771
f 3868 3869 3772
f 3869 3773 3772
f 3869 3870 3773
f 3870 3774 3773
f 3870 3871 3774
f 3871 3775 3774
f 3871 3872 3775
f 3872 3776 3775
f 3872 3873 3776
f 3873 3777 3776
f 3873 3874 3777
f 3874 3778 3777
f 3874 3875 3778
f 3875 3779 3778
f 3875 3876 3779
f 3876 3780 3779
f 3876 3877 3780
f 3877 3781 3780
f 3877 3878 3781
f 3878 3782 3781
f 3878 3879 3782
f 3879 3783 3782
f 3879 3880 3783
f 3880 3784 3783
f 3880 3881 3784
f 3881 3785 3784
f 3881 3882 3785
f 3882 3786 3785
f 3882 3883 3786
f 3883 3787 3786
f 3883 3884 3787
f 3884 3788 3787
f 3884 3885 3788
f 3885 3789 3788
f 3885 3886 3789
f 3886 3790 3789
f 3886 3887 3790
f 3887 3791 3790
f 3887 3888 3791
f 3888 3792 3791
f 3888 3889 3792
f 3889 3793 3792
f 3889 3890 3793
f 3890 3794 3793
f 3890 3891 3794
f 3891 3795 3794
f 3891 3892 3795
f 3892 3796 3795
f 3892 3893 3796
f 3893 3797 3796
f 3893 3894 3797
f 3894 3798 3797
f 3894 3895 3798
f 3895 3799 3798
f 3895 3896 3799
f 3896 3800 3799
f 3896 3897 3800
f 3897 3801 3800
f 3897 3898 3801
f 3898 3802 3801
f 3898 3899 3802
f 3899 3803 3802
f 3899 3900 3803
f 3900 3804 3803
f 3900 3901 3804
f 3901 3805 3804
f 3901 3902 3805
f 3902 3806 3805
f 3902 3903 3806
f 3903 3807 3806
f 3903 3904 3807
f 3904 3808 3807
f 3904 3905 3808
f 3905 3809 3808
f 3905 3906 3809
f 3906 3810 3809
f 3906 3907 3810
f 3907 3811 3810
f 3907 3908 3811
f 3908 3812 3811
f 3908 3909 3812
f 3909 3813 3812
f 3909 3910 3813
f 3910 3814 3813
f 3910 3911 3814
f 3911 3815 3814
f 3911 3912 3815
f 3912 3816 3815
f 3912 3913 3816
f 3913 3817 3816
f 3913 3914 3817
f 3914 3818 3817
f 3914 3915 3818
f 3915 3819 3818
f 3915 3916 3819
f 3916 3820 3819
f 3916 3917 3820
f 3917 3821 3820
f 3917 3918 3821
f 3918 3822 3821
f 3918 3919 3822
f 3919 3823 3822
f 3919 3920 3823
f 3920 3824 3823
f 3920 3921 3824
f 3921 3825 3824
f 3921 3922 3825
f 3922 3826 3825
f 3922 3923 3826
f 3923 3827 3826
f 3923 3924 3827
f 3924 3828 3827
f 3924 3925 3828
f 3925 3829 3828
f 3925 3926 3829
f 3926 3830 3829
f 3926 3927 3830
f 3927 3831 3830
f 3927 3928 3831
f 3928 3832 3831
f 3928 3929 3832
f 3929 3833 3832
f 3929 3930 3833
f 3930 3834 3833
f 3930 3931 3834
f 3931 3835 3834
f 3931 3932 3835
f 3932 3836 3835
f 3932 3933 3836
f 3933 3837 3836
f 3933 3934 3837
f 3934 3838 3837
f 3934 3935 3838
f 3935 3839 3838
f 3935 3936 3839
f 3936 3840 3839
f 3936 3841 3840
f 3841 3745 3840
f 3937 3938 3841
f 3938 3842 3841
f 3938 3939 3842
f 3939 3843 3842
f 3939 3940 3843
f 3940 3844 3843
f 3940 3941 3844
f 3941 3845 3844
f 3941 3942 3845
f 3942 3846 3845
f 3942 3943 3846
f 3943 3847 3846
f 3943 3944 3847
f 3944 3848 3847
f 3944 3945 3848
f 3945 3849 3848
f 3945 3946 3849
f 3946 3850 3849
f 3946 3947 3850
f 3947 3851 3850
f 3947 3948 3851
f 3948 3852 3851
f 3948 3949 3852
f 3949 3853 3852
f 3949 3950 3853
f 3950 3854 3853
f 3950 3951 3854
f 3951 3855 3854
f 3951 3952 3855
f 3952 3856 3855
f 3952 3953 3856
f 3953 3857 3856
f 3953 3954 3857
f 3954 3858 3857
f 3954 3955 3858
f 3955 3859 3858
f 3955 3956 3859
f 3956 3860 3859
f 3956 3957 3860
f 3957 3861 3860
f 3957 3958 3861
f 3958 3862 3861
f 3958 3959 3862
f 3959 3863 3862
f 3959 3960 3863
f 3960 3864 3863
f 3960 3961 3864
f 3961 3865 3864
f 3961 3962 3865
f 3962 3866 3865
f 3962 3963 3866
f 3963 3867 3866
f 3963 3964 3867
f 3964 3868 3867
f 3964 3965 3868
f 3965 3869 3868
f 3965 3966 3869
f 3966 3870 3869
f 3966 3967 3870
f 3967 3871 3870
f 3967 3968 3871
f 3968 3872 3871
f 3968 3969 3872
f 3969 3873 3872
f 3969 3970 3873
f 3970 3874 3873
f 3970 3971 3874
f 3971 3875 3874
f 3971 3972 3875
f 3972 3876 3875
f 3972 3973 3876
f 3973 3877 3876
f 3973 3974 3877
f 3974 3878 3877
f 3974 3975 3878
f 3975 3879 3878
f 3975 3976 3879
f 3976 3880 3879
f 3976 3977 3880
f 3977 3881 3880
f 3977 3978 3881
f 3978 3882 3881
f 3978 3979 3882
f 3979 3883 3882
f 3979 3980 3883
f 3980 3884 3883
f 3980 3981 3884
f 3981 3885 3884
f 3981 3982 3885
f 3982 3886 3885
f 3982 3983 3886
f 3983 3887 3886
f 3983 3984 3887
f 3984 3888 3887
f 3984 3985 3888
f 3985 3889 3888
f 3985 3986 3889
f 3986 3890 3889
f 3986 3987 3890
f 3987 3891 3890
f 3987 3988 3891
f 3988 3892 3891
f 3988 3989 3892
f 3989 3893 3892
f 3989 3990 3893
f 3990 3894 3893
f 3990 3991 3894
f 3991 3895 3894
f 3991 3992 3895
f 3992 3896 3895
f 3992 3993 3896
f 3993 3897 3896
f 3993 3994 3897
f 3994 3898 3897
f 3994 3995 3898
f 3995 3899 3898
f 3995 3996 3899
f 3996 3900 3899
f 3996 3997 3900
f 3997 3901 3900
f 3997 3998 3901
f 3998 3902 3901
f 3998 3999 3902
f 3999 3903 3902
f 3999 4000 3903
f 4000 3904 3903
f 4000 4001 3904
f 4001 3905 3904
f 4001 4002 3905
f 4002 3906 3905
f 4002 4003 3906
f 4003 3907 3906
f 4003 4004 3907
f 4004 3908 3907
f 4004 4005 3908
f 4005 3909 3908
f 4005 4006 3909
f 4006 3910 3909
f 4006 4007 3910
f 4007 3911 3910
f 4007 4008 3911
f 4008 3912 3911
f 4008 4009 3912
f 4009 3913 3912
f 4009 4010 3913
f 4010 3914 3913
f 4010 4011 3914
f 4011 3915 3914
f 4011 4012 3915
f 4012 3916 3915
f 4012 4013 3916
f 4013 3917 3916
f 4013 4014 3917
f 4014 3918 3917
f 4014 4015 3918
f 4015 3919 3918
f 4015 4016 3919
f 4016 3920 3919
f 4016 4017 3920
f 4017 3921 3920
f 4017 4018 3921
f 4018 3922 3921
f 4018 4019 3922
f 4019 3923 3922
f 4019 4020 3923
f 4020 3924 3923
f 4020 4021 3924
f 4021 3925 3924
f 4021 4022 3925
f 4022 3926 3925
f 4022 4023 3926
f 4023 3927 3926
f 4023 4024 3927
f 4024 3928 3927
f 4024 4025 3928
f 4025 3929 3928
f 4025 4026 3929
f 4026 3930 3929
f 4026 4027 3930
f 4027 3931 3930
f 4027 4028 3931
f 4028 3932 3931
f 4028 4029 3932
f 4029 3933 3932
f 4029 4030 3933
f 4030 3934 3933
f 4030 4031 3934
f 4031 3935 3934
f 4031 4032 3935
f 4032 3936 3935
f 4032 3937 3936
f 3937 3841 3936
f 4033 4034 3937
f 4034 3938 3937
f 4034 4035 3938
f 4035 3939 3938
f 4035 4036 3939
f 4036 3940 3939
f 4036 4037 3940
f 4037 3941 3940
f 4037 4038 3941
f 4038 3942 3941
f 4038 4039 3942
f 4039 3943 3942
f 4039 4040 3943
f 4040 3944 3943
f 4040 4041 3944
f 4041 3945 3944
f 4041 4042 3945
f 4042 3946 3945
f 4042 4043 3946
f 4043 3947 3946
f 4043 4044 3947
f 4044 3948 3947
f 4044 4045 3948
f 4045 3949 3948
f 4045 4046 3949
f 4046 3950 3949
f 4046 4047 3950
f 4047 3951 3950
f 4047 4048 3951
f 4048 3952 3951
f 4048 4049 3952
f 4049 3953 3952
f 4049 4050 3953
f 4050 3954 3953
f 4050 4051 3954
f 4051 3955 3954
f 4051 4052 3955
f 4052 3956 3955
f 4052 4053 3956
f 4053 3957 3956
f 4053 4054 3957
f 4054 3958 3957
f 4054 4055 3958
f 4055 3959 3958
f 4055 4056 3959
f 4056 3960 3959
f 4056 4057 3960
f 4057 3961 3960
f 4057 4058 3961
f 4058 3962 3961
f 4058 4059 3962
f 4059 3963 3962
f 4059 4060 3963
f 4060 3964 3963
f 4060 4061 3964
f 4061 3965 3964
f 4061 4062 3965
f 4062 3966 3965
f 4062 4063 3966
f 4063 3967 3966
f 4063 4064 3967
f 4064 3968 3967
f 4064 4065 3968
f 4065 3969 3968
f 4065 4066 3969
f 4066 3970 3969
f 4066 4067 3970
f 4067 3971 3970
f 4067 4068 3971
f 4068 3972 3971
f 4068 4069 3972
f 4069 3973 3972
f 4069 4070 3973
f 4070 3974 3973
f 4070 4071 3974
f 4071 3975 3974
f 4071 4072 3975
f 4072 3976 3975
f 4072 4073 3976
f 4073 3977 3976
f 4073 4074 3977
f 4074 3978 3977
f 4074 4075 3978
f 4075 3979 3978
f 4075 4076 3979
f 4076 3980 3979
f 4076 4077 3980
f 4077 3981 3980
f 4077 4078 3981
f 4078 3982 3981
f 4078 4079 3982
f 4079 3983 3982
f 4079 4080 3983
f 4080 3984 3983
f 4080 4081 3984
f 4081 3985 3984
f 4081 4082 3985
f 4082 3986 3985
f 4082 4083 3986
f 4083 3987 3986
f 4083 4084 3987
f 4084 3988 3987
f 4084 4085 3988
f 4085 3989 3988
f 4085 4086 3989
f 4086 3990 3989
f 4086 4087 3990
f 4087 3991 3990
f 4087 4088 3991
f 4088 3992 3991
f 4088 4089 3992
f 4089 3993 3992
f 4089 4090 3993
f 4090 3994 3993
f 4090 4091 3994
f 4091 3995 3994
f 4091 4092 3995
f 4092 3996 3995
f 4092 4093 3996
f 4093 3997 3996
f 4093 4094 3997
f 4094 3998 3997
f 4094 4095 3998
f 4095 3999 3998
f 4095 4096 3999
f 4096 4000 3999
f 4096 4097 4000
f 4097 4001 4000
f 4097 4098 4001
f 4098 4002 4001
f 4098 4099 4002
f 4099 4003 4002
f 4099 4100 4003
f 4100 4004 4003
f 4100 4101 4004
f 4101 4005 4004
f 4101 4102 4005
f 4102 4006 4005
f 4102 4103 4006
f 4103 4007 4006
f 4103 4104 4007
f 4104 4008 4007
f 4104 4105 4008
f 4105 4009 4008
f 4105 4106 4009
f 4106 4010 4009
f 4106 4107 4010
f 4107 4011 4010
f 4107 4108 4011
f 4108 4012 4011
f 4108 4109 4012
f 4109 4013 4012
f 4109 4110 4013
f 4110 4014 4013
f 4110 4111 4014
f 4111 4015 4014
f 4111 4112 4015
f 4112 4016 4015
f 4112 4113 4016
f 4113 4017 4016
f 4113 4114 4017
f 4114 4018 4017
f 4114 4115 4018
f 4115 4019 4018
f 4115 4116 4019
f 4116 4020 4019
f 4116 4117 4020
f 4117 4021 4020
f 4117 4118 4021
f 4118 4022 4021
f 4118 4119 4022
f 4119 4023 4022
f 4119 4120 4023
f 4120 4024 4023
f 4120 4121 4024
f 4121 4025 4024
f 4121 4122 4025
f 4122 4026 4025
f 4122 4123 4026
f 4123 4027 4026
f 4123 4124 4027
f 4124 4028 4027
f 4124 4125 4028
f 4125 4029 4028
f 4125 4126 4029
f 4126 4030 4029
f 4126 4127 4030
f 4127 4031 4030
f 4127 4128 4031
f 4128 4032 4031
f 4128 4033 4032
f 4033 3937 4032
f 4129 4130 4033
f 4130 4034 4033
f 4130 4131 4034
f 4131 4035 4034
f 4131 4132 4035
f 4132 4036 4035
f 4132 4133 4036
f 4133 4037 4036
f 4133 4134 4037
f 4134 4038 4037
f 4134 4135 4038
f 4135 4039 4038
f 4135 4136 4039
f 4136 4040 4039
f 4136 4137 4040
f 4137 4041 4040
f 4137 4138 4041
f 4138 4042 4041
f 4138 4139 4042
f 4139 4043 4042
f 4139 4140 4043
f 4140 4044 4043
f 4140 4141 4044
f 4141 4045 4044
f 4141 4142 4045
f 4142 4046 4045
f 4142 4143 4046
f 4143 4047 4046
f 4143 4144 4047
f 4144 4048 4047
f 4144 4145 4048
f 4145 4049 4048
f 4145 4146 4049
f 4146 4050 4049
f 4146 4147 4050
f 4147 4051 4050
f 4147 4148 4051
f 4148 4052 4051
f 4148 4149 4052
f 4149 4053 4052
f 4149 4150 4053
f 4150 4054 4053
f 4150 4151 4054
f 4151 4055 4054
f 4151 4152 4055
f 4152 4056 4055
f 4152 4153 4056
f 4153 4057 4056
f 4153 4154 4057
f 4154 4058 4057
f 4154 4155 4058
f 4155 4059 4058
f 4155 4156 4059
f 4156 4060 4059
f 4156 4157 4060
f 4157 4061 4060
f 4157 4158 4061
f 4158 4062 4061
f 4158 4159 4062
f 4159 4063 4062
f 4159 4160 4063
f 4160 4064 4063
f 4160 4161 4064
f 4161 4065 4064
f 4161 4162 4065
f 4162 4066 4065
f 4162 4163 4066
f 4163 4067 4066
f 4163 4164 4067
f 4164 4068 4067
f 4164 4165 4068
f 4165 4069 4068
f 4165 4166 4069
f 4166 4070 4069
f 4166 4167 4070
f 4167 4071 4070
f 4167 4168 4071
f 4168 4072 4071
f 4168 4169 4072
f 4169 4073 4072
f 4169 4170 4073
f 4170 4074 4073
f 4170 4171 4074
f 4171 4075 4074
f 4171 4172 4075
f 4172 4076 4075
f 4172 4173 4076
f 4173 4077 4076
f 4173 4174 4077
f 4174 4078 4077
f 4174 4175 4078
f 4175 4079 4078
f 4175 4176 4079
f 4176 4080 4079
f 4176 4177 4080
f 4177 4081 4080
f 4177 4178 4081
f 4178 4082 4081
f 4178 4179 4082
f 4179 4083 4082
f 4179 4180 4083
f 4180 4084 4083
f 4180 4181 4084
f 4181 4085 4084
f 4181 4182 4085
f 4182 4086 4085
f 4182 4183 4086
f 4183 4087 4086
f 4183 4184 4087
f 4184 4088 4087
f 4184 4185 4088
f 4185 4089 4088
f 4185 4186 4089
f 4186 4090 4089
f 4186 4187 4090
f 4187 4091 4090
f 4187 4188 4091
f 4188 4092 4091
f 4188 4189 4092
f 4189 4093 4092
f 4189 4190 4093
f 4190 4094 4093
f 4190 4191 4094
f 4191 4095 4094
f 4191 4192 4095
f 4192 4096 4095
f 4192 4193 4096
f 4193 4097 4096
f 4193 4194 4097
f 4194 4098 4097
f 4194 4195 4098
f 4195 4099 4098
f 4195 4196 4099
f 4196 4100 4099
f 4196 4197 4100
f 4197 4101 4100
f 4197 4198 4101
f 4198 4102 4101
f 4198 4199 4102
f 4199 4103 4102
f 4199 4200 4103
f 4200 4104 4103
f 4200 4201 4104
f 4201 4105 4104
f 4201 4202 4105
f 4202 4106 4105
f 4202 4203 4106
f 4203 4107 4106
f 4203 4204 4107
f 4204 4108 4107
f 4204 4205 4108
f 4205 4109 4108
f 4205 4206 4109
f 4206 4110 4109
f 4206 4207 4110
f 4207 4111 4110
f 4207 4208 4111
f 4208 4112 4111
f 4208 4209 4112
f 4209 4113 4112
f 4209 4210 4113
f 4210 4114 4113
f 4210 4211 4114
f 4211 4115 4114
f 4211 4212 4115
f 4212 4116 4115
f 4212 4213 4116
f 4213 4117 4116
f 4213 4214 4117
f 4214 4118 4117
f 4214 4215 4118
f 4215 4119 4118
f 4215 4216 4119
f 4216 4120 4119
f 4216 4217 4120
f 4217 4121 4120
f 4217 4218 4121
f 4218 4122 4121
f 4218 4219 4122
f 4219 4123 4122
f 4219 4220 4123
f 4220 4124 4123
f 4220 4221 4124
f 4221 4125 4124
f 4221 4222 4125
f 4222 4126 4125
f 4222 4223 4126
f 4223 4127 4126
f 4223 4224 4127
f 4224 4128 4127
f 4224 4129 4128
f 4129 4033 4128
f 4225 4226 4129
f 4226 4130 4129
f 4226 4227 4130
f 4227 4131 4130
f 4227 4228 4131
f 4228 4132 4131
f 4228 4229 4132
f 4229 4133 4132
f 4229 4230 4133
f 4230 4134 4133
f 4230 4231 4134
f 4231 4135 4134
f 4231 4232 4135
f 4232 4136 4135
f 4232 4233 4136
f 4233 4137 4136
f 4233 4234 4137
f 4234 4138 4137
f 4234 4235 4138
f 4235 4139 4138
f 4235 4236 4139
f 4236 4140 4139
f 4236 4237 4140
f 4237 4141 4140
f 4237 4238 4141
f 4238 4142 4141
f 4238 4239 4142
f 4239 4143 4142
f 4239 4240 4143
f 4240 4144 4143
f 4240 4241 4144
f 4241 4145 4144
f 4241 4242 4145
f 4242 4146 4145
f 4242 4243 4146
f 4243 4147 4146
f 4243 4244 4147
f 4244 4148 4147
f 4244 4245 4148
f 4245 4149 4148
f 4245 4246 4149
f 4246 4150 4149
f 4246 4247 4150
f 4247 4151 4150
f 4247 4248 4151
f 4248 4152 4151
f 4248 4249 4152
f 4249 4153 4152
f 4249 4250 4153
f 4250 4154 4153
f 4250 4251 4154
f 4251 4155 4154
f 4251 4252 4155
f 4252 4156 4155
f 4252 4253 4156
f 4253 4157 4156
f 4253 4254 4157
f 4254 4158 4157
f 4254 4255 4158
f 4255 4159 4158
f 4255 4256 4159
f 4256 4160 4159
f 4256 4257 4160
f 4257 4161 4160
f 4257 4258 4161
f 4258 4162 4161
f 4258 4259 4162
f 4259 4163 4162
f 4259 4260 4163
f 4260 4164 4163
f 4260 4261 4164
f 4261 4165 4164
f 4261 4262 4165
f 4262 4166 4165
f 4262 4263 4166
f 4263 4167 4166
f 4263 4264 4167
f 4264 4168 4167
f 4264 4265 4168
f 4265 4169 4168
f 4265 4266 4169
f 4266 4170 4169
f 4266 4267 4170
f 4267 4171 4170
f 4267 4268 4171
f 4268 4172 4171
f 4268 4269 4172
f 4269 4173 4172
f 4269 4270 4173
f 4270 4174 4173
f 4270 4271 4174
f 4271 4175 4174
f 4271 4272 4175
f 4272 4176 4175
f 4272 4273 4176
f 4273 4177 4176
f 4273 4274 4177
f 4274 4178 4177
f 4274 4275 4178
f 4275 4179 4178
f 4275 4276 4179
f 4276 4180 4179
f 4276 4277 4180
f 4277 4181 4180
f 4277 4278 4181
f 4278 4182 4181
f 4278 4279 4182
f 4279 4183 4182
f 4279 4280 4183
f 4280 4184 4183
f 4280 4281 4184
f 4281 4185 4184
f 4281 4282 4185
f 4282 4186 4185
f 4282 4283 4186
f 4283 4187 4186
f 4283 4284 4187
f 4284 4188 4187
f 4284 4285 4188
f 4285 4189 4188
f 4285 4286 4189
f 4286 4190 4189
f 4286 4287 4190
f 4287 4191 4190
f 4287 4288 4191
f 4288 4192 4191
f 4288 4289 4192
f 4289 4193 4192
f 4289 4290 4193
f 4290 4194 4193
f 4290 4291 4194
f 4291 4195 4194
f 4291 4292 4195
f 4292 4196 4195
f 4292 4293 4196
f 4293 4197 4196
f 4293 4294 4197
f 4294 4198 4197
f 4294 4295 4198
f 4295 4199 4198
f 4295 4296 4199
f 4296 4200 4199
f 4296 4297 4200
f 4297 4201 4200
f 4297 4298 4201
f 4298 4202 4201
f 4298 4299 4202
f 4299 4203 4202
f 4299 4300 4203
f 4300 4204 4203
f 4300 4301 4204
f 4301 4205 4204
f 4301 4302 4205
f 4302 4206 4205
f 4302 4303 4206
f 4303 4207 4206
f 4303 4304 4207
f 4304 4208 4207
f 4304 4305 4208
f 4305 4209 4208
f 4305 4306 4209
f 4306 4210 4209
f 4306 4307 4210
f 4307 4211 4210
f 4307 4308 4211
f 4308 4212 4211
f 4308 4309 4212
f 4309 4213 4212
f 4309 4310 4213
f 4310 4214 4213
f 4310 4311 4214
f 4311 4215 4214
f 4311 4312 4215
f 4312 4216 4215
f 4312 4313 4216
f 4313 4217 4216
f 4313 4314 4217
f 4314 4218 4217
f 4314 4315 4218
f 4315 4219 4218
f 4315 4316 4219
f 4316 4220 4219
f 4316 4317 4220
f 4317 4221 4220
f 4317 4318 4221
f 4318 4222 4221
f 4318 4319 4222
f 4319 4223 4222
f 4319 4320 4223
f 4320 4224 4223
f 4320 4225 4224
f 4225 4129 4224
f 4321 4322 4225
f 4322 4226 4225
f 4322 4323 4226
f 4323 4227 4226
f 4323 4324 4227
f 4324 4228 4227
f 4324 4325 4228
f 4325 4229 4228
f 4325 4326 4229
f 4326 4230 4229
f 4326 4327 4230
f 4327 4231 4230
f 4327 4328 4231
f 4328 4232 4231
f 4328 4329 4232
f 4329 4233 4232
f 4329 4330 4233
f 4330 4234 4233
f 4330 4331 4234
f 4331 4235 4234
f 4331 4332 4235
f 4332 4236 4235
f 4332 4333 4236
f 4333 4237 4236
f 4333 4334 4237
f 4334 4238 4237
f 4334 4335 4238
f 4335 4239 4238
f 4335 4336 4239
f 4336 4240 4239
f 4336 4337 4240
f 4337 4241 4240
f 4337 4338 4241
f 4338 4242 4241
f 4338 4339 4242
f 4339 4243 4242
f 4339 4340 4243
f 4340 4244 4243
f 4340 4341 4244
f 4341 4245 4244
f 4341 4342 4245
f 4342 4246 4245
f 4342 4343 4246
f 4343 4247 4246
f 4343 4344 4247
f 4344 4248 4247
f 4344 4345 4248
f 4345 4249 4248
f 4345 4346 4249
f 4346 4250 4249
f 4346 4347 4250
f 4347 4251 4250
f 4347 4348 4251
f 4348 4252 4251
f 4348 4349 4252
f 4349 4253 4252
f 4349 4350 4253
f 4350 4254 4253
f 4350 4351 4254
f 4351 4255 4254
f 4351 4352 4255
f 4352 4256 4255
f 4352 4353 4256
f 4353 4257 4256
f 4353 4354 4257
f 4354 4258 4257
f 4354 4355 4258
f 4355 4259 4258
f 4355 4356 4259
f 4356 4260 4259
f 4356 4357 4260
f 4357 4261 4260
f 4357 4358 4261
f 4358 4262 4261
f 4358 4359 4262
f 4359 4263 4262
f 4359 4360 4263
f 4360 4264 4263
f 4360 4361 4264
f 4361 4265 4264
f 4361 4362 4265
f 4362 4266 4265
f 4362 4363 4266
f 4363 4267 4266
f 4363 4364 4267
f 4364 4268 4267
f 4364 4365 4268
f 4365 4269 4268
f 4365 4366 4269
f 4366 4270 4269
f 4366 4367 4270
f 4367 4271 4270
f 4367 4368 4271
f 4368 4272 4271
f 4368 4369 4272
f 4369 4273 4272
f 4369 4370 4273
f 4370 4274 4273
f 4370 4371 4274
f 4371 4275 4274
f 4371 4372 4275
f 4372 4276 4275
f 4372 4373 4276
f 4373 4277 4276
f 4373 4374 4277
f 4374 4278 4277
f 4374 4375 4278
f 4375 4279 4278
f 4375 4376 4279
f 4376 4280 4279
f 4376 4377 4280
f 4377 4281 4280
f 4377 4378 4281
f 4378 4282 4281
f 4378 4379 4282
f 4379 4283 4282
f 4379 4380 4283
f 4380 4284 4283
f 4380 4381 4284
f 4381 4285 4284
f 4381 4382 4285
f 4382 4286 4285
f 4382 4383 4286
f 4383 4287 4286
f 4383 4384 4287
f 4384 4288 4287
f 4384 4385 4288
f 4385 4289 4288
f 4385 4386 4289
f 4386 4290 4289
f 4386 4387 4290
f 4387 4291 4290
f 4387 4388 4291
f 4388 4292 4291
f 4388 4389 4292
f 4389 4293 4292
f 4389 4390 4293
f 4390 4294 4293
f 4390 4391 4294
f 4391 4295 4294
f 4391 4392 4295
f 4392 4296 4295
f 4392 4393 4296
f 4393 4297 4296
f 4393 4394 4297
f 4394 4298 4297
f 4394 4395 4298
f 4395 4299 4298
f 4395 4396 4299
f 4396 4300 4299
f 4396 4397 4300
f 4397 4301 4300
f 4397 4398 4301
f 4398 4302 4301
f 4398 4399 4302
f 4399 4303 4302
f 4399 4400 4303
f 4400 4304 4303
f 4400 4401 4304
f 4401 4305 4304
f 4401 4402 4305
f 4402 4306 4305
f 4402 4403 4306
f 4403 4307 4306
f 4403 4404 4307
f 4404 4308 4307
f 4404 4405 4308
f 4405 4309 4308
f 4405 4406 4309
f 4406 4310 4309
f 4406 4407 4310
f 4407 4311 4310
f 4407 4408 4311
f 4408 4312 4311
f 4408 4409 4312
f 4409 4313 4312
f 4409 4410 4313
f 4410 4314 4313
f 4410 4411 4314
f 4411 4315 4314
f 4411 4412 4315
f 4412 4316 4315
f 4412 4413 4316
f 4413 4317 4316
f 4413 4414 4317
f 4414 4318 4317
f 4414 4415 4318
f 4415 4319 4318
f 4415 4416 4319
f 4416 4320 4319
f 4416 4321 4320
f 4321 4225 4320
f 4417 4418 4321
f 4418 4322 4321
f 4418 4419 4322
f 4419 4323 4322
f 4419 4420 4323
f 4420 4324 4323
f 4420 4421 4324
f 4421 4325 4324
f 4421 4422 4325
f 4422 4326 4325
f 4422 4423 4326
f 4423 4327 4326
f 4423 4424 4327
f 4424 4328 4327
f 4424 4425 4328
f 4425 4329 4328
f 4425 4426 4329
f 4426 4330 4329
f 4426 4427 4330
f 4427 4331 4330
f 4427 4428 4331
f 4428 4332 4331
f 4428 4429 4332
f 4429 4333 4332
f 4429 4430 4333
f 4430 4334 4333
f 4430 4431 4334
f 4431 4335 4334
f 4431 4432 4335
f 4432 4336 4335
f 4432 4433 4336
f 4433 4337 4336
f 4433 4434 4337
f 4434 4338 4337
f 4434 4435 4338
f 4435 4339 4338
f 4435 4436 4339
f 4436 4340 4339
f 4436 4437 4340
f 4437 4341 4340
f 4437 4438 4341
f 4438 4342 4341
f 4438 4439 4342
f 4439 4343 4342
f 4439 4440 4343
f 4440 4344 4343
f 4440 4441 4344
f 4441 4345 4344
f 4441 4442 4345
f 4442 4346 4345
f 4442 4443 4346
f 4443 4347 4346
f 4443 4444 4347
f 4444 4348 4347
f 4444 4445 4348
f 4445 4349 4348
f 4445 4446 4349
f 4446 4350 4349
f 4446 4447 4350
f 4447 4351 4350
f 4447 4448 4351
f 4448 4352 4351
f 4448 4449 4352
f 4449 4353 4352
f 4449 4450 4353
f 4450 4354 4353
f 4450 4451 4354
f 4451 4355 4354
f 4451 4452 4355
f 4452 4356 4355
f 4452 4453 4356
f 4453 4357 4356
f 4453 4454 4357
f 4454 4358 4357
f 4454 4455 4358
f 4455 4359 4358
f 4455 4456 4359
f 4456 4360 4359
f 4456 4457 4360
f 4457 4361 4360
f 4457 4458 4361
f 4458 4362 4361
f 4458 4459 4362
f 4459 4363 4362
f 4459 4460 4363
f 4460 4364 4363
f 4460 4461 4364
f 4461 4365 4364
f 4461 4462 4365
f 4462 4366 4365
f 4462 4463 4366
f 4463 4367 4366
f 4463 4464 4367
f 4464 4368 4367
f 4464 4465 4368
f 4465 4369 4368
f 4465 4466 4369
f 4466 4370 4369
f 4466 4467 4370
f 4467 4371 4370
f 4467 4468 4371
f 4468 4372 4371
f 4468 4469 4372
f 4469 4373 4372
f 4469 4470 4373
f 4470 4374 4373
f 4470 4471 4374
f 4471 4375 4374
f 4471 4472 4375
f 4472 4376 4375
f 4472 4473 4376
f 4473 4377 4376
f 4473 4474 4377
f 4474 4378 4377
f 4474 4475 4378
f 4475 4379 4378
f 4475 4476 4379
f 4476 4380 4379
f 4476 4477 4380
f 4477 4381 4380
f 4477 4478 4381
f 4478 4382 4381
f 4478 4479 4382
f 4479 4383 4382
f 4479 4480 4383
f 4480 4384 4383
f 4480 4481 4384
f 4481 4385 4384
f 4481 4482 4385
f 4482 4386 4385
f 4482 4483 4386
f 4483 4387 4386
f 4483 4484 4387
f 4484 4388 4387
f 4484 4485 4388
f 4485 4389 4388
f 4485 4486 4389
f 4486 4390 4389
f 4486 4487 4390
f 4487 4391 4390
f 4487 4488 4391
f 4488 4392 4391
f 4488 4489 4392
f 4489 4393 4392
f 4489 4490 4393
f 4490 4394 4393
f 4490 4491 4394
f 4491 4395 4394
f 4491 4492 4395
f 4492 4396 4395
f 4492 4493 4396
f 4493 4397 4396
f 4493 4494 4397
f 4494 4398 4397
f 4494 4495 4398
f 4495 4399 4398
f 4495 4496 4399
f 4496 4400 4399
f 4496 4497 4400
f 4497 4401 4400
f 4497 4498 4401
f 4498 4402 4401
f 4498 4499 4402
f 4499 4403 4402
f 4499 4500 4403
f 4500 4404 4403
f 4500 4501 4404
f 4501 4405 4404
f 4501 4502 4405
f 4502 4406 4405
f 4502 4503 4406
f 4503 4407 4406
f 4503 4504 4407
f 4504 4408 4407
f 4504 4505 4408
f 4505 4409 4408
f 4505 4506 4409
f 4506 4410 4409
f 4506 4507 4410
f 4507 4411 4410
f 4507 4508 4411
f 4508 4412 4411
f 4508 4509 4412
f 4509 4413 4412
f 4509 4510 4413
f 4510 4414 4413
f 4510 4511 4414
f 4511 4415 4414
f 4511 4512 4415
f 4512 4416 4415
f 4512 4417 4416
f 4417 4321 4416
f 4513 4514 4417
f 4514 4418 4417
f 4514 4515 4418
f 4515 4419 4418
f 4515 4516 4419
f 4516 4420 4419
f 4516 4517 4420
f 4517 4421 4420
f 4517 4518 4421
f 4518 4422 4421
f 4518 4519 4422
f 4519 4423 4422
f 4519 4520 4423
f 4520 4424 4423
f 4520 4521 4424
f 4521 4425 4424
f 4521 4522 4425
f 4522 4426 4425
f 4522 4523 4426
f 4523 4427 4426
f 4523 4524 4427
f 4524 4428 4427
f 4524 4525 4428
f 4525 4429 4428
f 4525 4526 4429
f 4526 4430 4429
f 4526 4527 4430
f 4527 4431 4430
f 4527 4528 4431
f 4528 4432 4431
f 4528 4529 4432
f 4529 4433 4432
f 4529 4530 4433
f 4530 4434 4433
f 4530 4531 4434
f 4531 4435 4434
f 4531 4532 4435
f 4532 4436 4435
f 4532 4533 4436
f 4533 4437 4436
f 4533 4534 4437
f 4534 4438 4437
f 4534 4535 4438
f 4535 4439 4438
f 4535 4536 4439
f 4536 4440 4439
f 4536 4537 4440
f 4537 4441 4440
f 4537 4538 4441
f 4538 4442 4441
f 4538 4539 4442
f 4539 4443 4442
f 4539 4540 4443
f 4540 4444 4443
f 4540 4541 4444
f 4541 4445 4444
f 4541 4542 4445
f 4542 4446 4445
f 4542 4543 4446
f 4543 4447 4446
f 4543 4544 4447
f 4544 4448 4447
f 4544 4545 4448
f 4545 4449 4448
f 4545 4546 4449
f 4546 4450 4449
f 4546 4547 4450
f 4547 4451 4450
f 4547 4548 4451
f 4548 4452 4451
f 4548 4549 4452
f 4549 4453 4452
f 4549 4550 4453
f 4550 4454 4453
f 4550 4551 4454
f 4551 4455 4454
f 4551 4552 4455
f 4552 4456 4455
f 4552 4553 4456
f 4553 4457 4456
f 4553 4554 4457
f 4554 4458 4457
f 4554 4555 4458
f 4555 4459 4458
f 4555 4556 4459
f 4556 4460 4459
f 4556 4557 4460
f 4557 4461 4460
f 4557 4558 4461
f 4558 4462 4461
f 4558 4559 4462
f 4559 4463 4462
f 4559 4560 4463
f 4560 4464 4463
f 4560 4561 4464
f 4561 4465 4464
f 4561 4562 4465
f 4562 4466 4465
f 4562 4563 4466
f 4563 4467 4466
f 4563 4564 4467
f 4564 4468 4467
f 4564 4565 4468
f 4565 4469 4468
f 4565 4566 4469
f 4566 4470 4469
f 4566 4567 4470
f 4567 4471 4470
f 4567 4568 4471
f 4568 4472 4471
f 4568 4569 4472
f 4569 4473 4472
f 4569 4570 4473
f 4570 4474 4473
f 4570 4571 4474
f 4571 4475 4474
f 4571 4572 4475
f 4572 4476 4475
f 4572 4573 4476
f 4573 4477 4476
f 4573 4574 4477
f 4574 4478 4477
f 4574 4575 4478
f 4575 4479 4478
f 4575 4576 4479
f 4576 4480 4479
f 4576 4577 4480
f 4577 4481 4480
f 4577 4578 4481
f 4578 4482 4481
f 4578 4579 4482
f 4579 4483 4482
f 4579 4580 4483
f 4580 4484 4483
f 4580 4581 4484
f 4581 4485 4484
f 4581 4582 4485
f 4582 4486 4485
f 4582 4583 4486
f 4583 4487 4486
f 4583 4584 4487
f 4584 4488 4487
f 4584 4585 4488
f 4585 4489 4488
f 4585 4586 4489
f 4586 4490 4489
f 4586 4587 4490
f 4587 4491 4490
f 4587 4588 4491
f 4588 4492 4491
f 4588 4589 4492
f 4589 4493 4492
f 4589 4590 4493
f 4590 4494 4493
f 4590 4591 4494
f 4591 4495 4494
f 4591 4592 4495
f 4592 4496 4495
f 4592 4593 4496
f 4593 4497 4496
f 4593 4594 4497
f 4594 4498 4497
f 4594 4595 4498
f 4595 4499 4498
f 4595 4596 4499
f 4596 4500 4499
f 4596 4597 4500
f 4597 4501 4500
f 4597 4598 4501
f 4598 4502 4501
f 4598 4599 4502
f 4599 4503 4502
f 4599 4600 4503
f 4600 4504 4503
f 4600 4601 4504
f 4601 4505 4504
f 4601 4602 4505
f 4602 4506 4505
f 4602 4603 4506
f 4603 4507 4506
f 4603 4604 4507
f 4604 4508 4507
f 4604 4605 4508
f 4605 4509 4508
f 4605 4606 4509
f 4606 4510 4509
f 4606 4607 4510
f 4607 4511 4510
f 4607 4608 4511
f 4608 4512 4511
f 4608 4513 4512
f 4513 4417 4512
f 4609 4610 4513
f 4610 4514 4513
f 4610 4611 4514
f 4611 4515 4514
f 4611 4612 4515
f 4612 4516 4515
f 4612 4613 4516
f 4613 4517 4516
f 4613 4614 4517
f 4614 4518 4517
f 4614 4615 4518
f 4615 4519 4518
f 4615 4616 4519
f 4616 4520 4519
f 4616 4617 4520
f 4617 4521 4520
f 4617 4618 4521
f 4618 4522 4521
f 4618 4619 4522
f 4619 4523 4522
f 4619 4620 4523
f 4620 4524 4523
f 4620 4621 4524
f 4621 4525 4524
f 4621 4622 4525
f 4622 4526 4525
f 4622 4623 4526
f 4623 4527 4526
f 4623 4624 4527
f 4624 4528 4527
f 4624 4625 4528
f 4625 4529 4528
f 4625 4626 4529
f 4626 4530 4529
f 4626 4627 4530
f 4627 4531 4530
f 4627 4628 4531
f 4628 4532 4531
f 4628 4629 4532
f 4629 4533 4532
f 4629 4630 4533
f 4630 4534 4533
f 4630 4631 4534
f 4631 4535 4534
f 4631 4632 4535
f 4632 4536 4535
f 4632 4633 4536
f 4633 4537 4536
f 4633 4634 4537
f 4634 4538 4537
f 4634 4635 4538
f 4635 4539 4538
f 4635 4636 4539
f 4636 4540 4539
f 4636 4637 4540
f 4637 4541 4540
f 4637 4638 4541
f 4638 4542 4541
f 4638 4639 4542
f 4639 4543 4542
f 4639 4640 4543
f 4640 4544 4543
f 4640 4641 4544
f 4641 4545 4544
f 4641 4642 4545
f 4642 4546 4545
f 4642 4643 4546
f 4643 4547 4546
f 4643 4644 4547
f 4644 4548 4547
f 4644 4645 4548
f 4645 4549 4548
f 4645 4646 4549
f 4646 4550 4549
f 4646 4647 4550
f 4647 4551 4550
f 4647 4648 4551
f 4648 4552 4551
f 4648 4649 4552
f 4649 4553 4552
f 4649 4650 4553
f 4650 4554 4553
f 4650 4651 4554
f 4651 4555 4554
f 4651 4652 4555
f 4652 4556 4555
f 4652 4653 4556
f 4653 4557 4556
f 4653 4654 4557
f 4654 4558 4557
f 4654 4655 4558
f 4655 4559 4558
f 4655 4656 4559
f 4656 4560 4559
f 4656 4657 4560
f 4657 4561 4560
f 4657 4658 4561
f 4658 4562 4561
f 4658 4659 4562
f 4659 4563 4562
f 4659 4660 4563
f 4660 4564 4563
f 4660 4661 4564
f 4661 4565 4564
f 4661 4662 4565
f 4662 4566 4565
f 4662 4663 4566
f 4663 4567 4566
f 4663 4664 4567
f 4664 4568 4567
f 4664 4665 4568
f 4665 4569 4568
f 4665 4666 4569
f 4666 4570 4569
f 4666 4667 4570
f 4667 4571 4570
f 4667 4668 4571
f 4668 4572 4571
f 4668 4669 4572
f 4669 4573 4572
f 4669 4670 4573
f 4670 4574 4573
f 4670 4671 4574
f 4671 4575 4574
f 4671 4672 4575
f 4672 4576 4575
f 4672 4673 4576
f 4673 4577 4576
f 4673 4674 4577
f 4674 4578 4577
f 4674 4675 4578
f 4675 4579 4578
f 4675 4676 4579
f 4676 4580 4579
f 4676 4677 4580
f 4677 4581 4580
f 4677 4678 4581
f 4678 4582 4581
f 4678 4679 4582
f 4679 4583 4582
f 4679 4680 4583
f 4680 4584 4583
f 4680 4681 4584
f 4681 4585 4584
f 4681 4682 4585
f 4682 4586 4585
f 4682 4683 4586
f 4683 4587 4586
f 4683 4684 4587
f 4684 4588 4587
f 4684 4685 4588
f 4685 4589 4588
f 4685 4686 4589
f 4686 4590 4589
f 4686 4687 4590
f 4687 4591 4590
f 4687 4688 4591
f 4688 4592 4591
f 4688 4689 4592
f 4689 4593 4592
f 4689 4690 4593
f 4690 4594 4593
f 4690 4691 4594
f 4691 4595 4594
f 4691 4692 4595
f 4692 4596 4595
f 4692 4693 4596
f 4693 4597 4596
f 4693 4694 4597
f 4694 4598 4597
f 4694 4695 4598
f 4695 4599 4598
f 4695 4696 4599
f 4696 4600 4599
f 4696 4697 4600
f 4697 4601 4600
f 4697 4698 4601
f 4698 4602 4601
f 4698 4699 4602
f 4699 4603 4602
f 4699 4700 4603
f 4700 4604 4603
f 4700 4701 4604
f 4701 4605 4604
f 4701 4702 4605
f 4702 4606 4605
f 4702 4703 4606
f 4703 4607 4606
f 4703 4704 4607
f 4704 4608 4607
f 4704 4609 4608
f 4609 4513 4608
f 4705 4706 4609
f 4706 4610 4609
f 4706 4707 4610
f 4707 4611 4610
f 4707 4708 4611
f 4708 4612 4611
f 4708 4709 4612
f 4709 4613 4612
f 4709 4710 4613
f 4710 4614 4613
f 4710 4711 4614
f 4711 4615 4614
f 4711 4712 4615
f 4712 4616 4615
f 4712 4713 4616
f 4713 4617 4616
f 4713 4714 4617
f 4714 4618 4617
f 4714 4715 4618
f 4715 4619 4618
f 4715 4716 4619
f 4716 4620 4619
f 4716 4717 4620
f 4717 4621 4620
f 4717 4718 4621
f 4718 4622 4621
f 4718 4719 4622
f 4719 4623 4622
f 4719 4720 4623
f 4720 4624 4623
f 4720 4721 4624
f 4721 4625 4624
f 4721 4722 4625
f 4722 4626 4625
f 4722 4723 4626
f 4723 4627 4626
f 4723 4724 4627
f 4724 4628 4627
f 4724 4725 4628
f 4725 4629 4628
f 4725 4726 4629
f 4726 4630 4629
f 4726 4727 4630
f 4727 4631 4630
f 4727 4728 4631
f 4728 4632 4631
f 4728 4729 4632
f 4729 4633 4632
f 4729 4730 4633
f 4730 4634 4633
f 4730 4731 4634
f 4731 4635 4634
f 4731 4732 4635
f 4732 4636 4635
f 4732 4733 4636
f 4733 4637 4636
f 4733 4734 4637
f 4734 4638 4637
f 4734 4735 4638
f 4735 4639 4638
f 4735 4736 4639
f 4736 4640 4639
f 4736 4737 4640
f 4737 4641 4640
f 4737 4738 4641
f 4738 4642 4641
f 4738 4739 4642
f 4739 4643 4642
f 4739 4740 4643
f 4740 4644 4643
f 4740 4741 4644
f 4741 4645 4644
f 4741 4742 4645
f 4742 4646 4645
f 4742 4743 4646
f 4743 4647 4646
f 4743 4744 4647
f 4744 4648 4647
f 4744 4745 4648
f 4745 4649 4648
f 4745 4746 4649
f 4746 4650 4649
f 4746 4747 4650
f 4747 4651 4650
f 4747 4748 4651
f 4748 4652 4651
f 4748 4749 4652
f 4749 4653 4652
f 4749 4750 4653
f 4750 4654 4653
f 4750 4751 4654
f 4751 4655 4654
f 4751 4752 4655
f 4752 4656 4655
f 4752 4753 4656
f 4753 4657 4656
f 4753 4754 4657
f 4754 4658 4657
f 4754 4755 4658
f 4755 4659 4658
f 4755 4756 4659
f 4756 4660 4659
f 4756 4757 4660
f 4757 4661 4660
f 4757 4758 4661
f 4758 4662 4661
f 4758 4759 4662
f 4759 4663 4662
f 4759 4760 4663
f 4760 4664 4663
f 4760 4761 4664
f 4761 4665 4664
f 4761 4762 4665
f 4762 4666 4665
f 4762 4763 4666
f 4763 4667 4666
f 4763 4764 4667
f 4764 4668 4667
f 4764 4765 4668
f 4765 4669 4668
f 4765 4766 4669
f 4766 4670 4669
f 4766 4767 4670
f 4767 4671 4670
f 4767 4768 4671
f 4768 4672 4671
f 4768 4769 4672
f 4769 4673 4672
f 4769 4770 4673
f 4770 4674 4673
f 4770 4771 4674
f 4771 4675 4674
f 4771 4772 4675
f 4772 4676 4675
f 4772 4773 4676
f 4773 4677 4676
f 4773 4774 4677
f 4774 4678 4677
f 4774 4775 4678
f 4775 4679 4678
f 4775 4776 4679
f 4776 4680 4679
f 4776 4777 4680
f 4777 4681 4680
f 4777 4778 4681
f 4778 4682 4681
f 4778 4779 4682
f 4779 4683 4682
f 4779 4780 4683
f 4780 4684 4683
f 4780 4781 4684
f 4781 4685 4684
f 4781 4782 4685
f 4782 4686 4685
f 4782 4783 4686
f 4783 4687 4686
f 4783 4784 4687
f 4784 4688 4687
f 4784 4785 4688
f 4785 4689 4688
f 4785 4786 4689
f 4786 4690 4689
f 4786 4787 4690
f 4787 4691 4690
f 4787 4788 4691
f 4788 4692 4691
f 4788 4789 4692
f 4789 4693 4692
f 4789 4790 4693
f 4790 4694 4693
f 4790 4791 4694
f 4791 4695 4694
f 4791 4792 4695
f 4792 4696 4695
f 4792 4793 4696
f 4793 4697 4696
f 4793 4794 4697
f 4794 4698 4697
f 4794 4795 4698
f 4795 4699 4698
f 4795 4796 4699
f 4796 4700 4699
f 4796 4797 4700
f 4797 4701 4700
f 4797 4798 4701
f 4798 4702 4701
f 4798 4799 4702
f 4799 4703 4702
f 4799 4800 4703
f 4800 4704 4703
f 4800 4705 4704
f 4705 4609 4704
f 4801 4802 4705
f 4802 4706 4705
f 4802 4803 4706
f 4803 4707 4706
f 4803 4804 4707
f 4804 4708 4707
f 4804 4805 4708
f 4805 4709 4708
f 4805 4806 4709
f 4806 4710 4709
f 4806 4807 4710
f 4807 4711 4710
f 4807 4808 4711
f 4808 4712 4711
f 4808 4809 4712
f 4809 4713 4712
f 4809 4810 4713
f 4810 4714 4713
f 4810 4811 4714
f 4811 4715 4714
f 4811 4812 4715
f 4812 4716 4715
f 4812 4813 4716
f 4813 4717 4716
f 4813 4814 4717
f 4814 4718 4717
f 4814 4815 4718
f 4815 4719 4718
f 4815 4816 4719
f 4816 4720 4719
f 4816 4817 4720
f 4817 4721 4720
f 4817 4818 4721
f 4818 4722 4721
f 4818 4819 4722
f 4819 4723 4722
f 4819 4820 4723
f 4820 4724 4723
f 4820 4821 4724
f 4821 4725 4724
f 4821 4822 4725
f 4822 4726 4725
f 4822 4823 4726
f 4823 4727 4726
f 4823 4824 4727
f 4824 4728 4727
f 4824 4825 4728
f 4825 4729 4728
f 4825 4826 4729
f 4826 4730 4729
f 4826 4827 4730
f 4827 4731 4730
f 4827 4828 4731
f 4828 4732 4731
f 4828 4829 4732
f 4829 4733 4732
f 4829 4830 4733
f 4830 4734 4733
f 4830 4831 4734
f 4831 4735 4734
f 4831 4832 4735
f 4832 4736 4735
f 4832 4833 4736
f 4833 4737 4736
f 4833 4834 4737
f 4834 4738 4737
f 4834 4835 4738
f 4835 4739 4738
f 4835 4836 4739
f 4836 4740 4739
f 4836 4837 4740
f 4837 4741 4740
f 4837 4838 4741
f 4838 4742 4741
f 4838 4839 4742
f 4839 4743 4742
f 4839 4840 4743
f 4840 4744 4743
f 4840 4841 4744
f 4841 4745 4744
f 4841 4842 4745
f 4842 4746 4745
f 4842 4843 4746
f 4843 4747 4746
f 4843 4844 4747
f 4844 4748 4747
f 4844 4845 4748
f 4845 4749 4748
f 4845 4846 4749
f 4846 4750 4749
f 4846 4847 4750
f 4847 4751 4750
f 4847 4848 4751
f 4848 4752 4751
f 4848 4849 4752
f 4849 4753 4752
f 4849 4850 4753
f 4850 4754 4753
f 4850 4851 4754
f 4851 4755 4754
f 4851 4852 4755
f 4852 4756 4755
f 4852 4853 4756
f 4853 4757 4756
f 4853 4854 4757
f 4854 4758 4757
f 4854 4855 4758
f 4855 4759 4758
f 4855 4856 4759
f 4856 4760 4759
f 4856 4857 4760
f 4857 4761 4760
f 4857 4858 4761
f 4858 4762 4761
f 4858 4859 4762
f 4859 4763 4762
f 4859 4860 4763
f 4860 4764 4763
f 4860 4861 4764
f 4861 4765 4764
f 4861 4862 4765
f 4862 4766 4765
f 4862 4863 4766
f 4863 4767 4766
f 4863 4864 4767
f 4864 4768 4767
f 4864 4865 4768
f 4865 4769 4768
f 4865 4866 4769
f 4866 4770 4769
f 4866 4867 4770
f 4867 4771 4770
f 4867 4868 4771
f 4868 4772 4771
f 4868 4869 4772
f 4869 4773 4772
f 4869 4870 4773
f 4870 4774 4773
f 4870 4871 4774
f 4871 4775 4774
f 4871 4872 4775
f 4872 4776 4775
f 4872 4873 4776
f 4873 4777 4776
f 4873 4874 4777
f 4874 4778 4777
f 4874 4875 4778
f 4875 4779 4778
f 4875 4876 4779
f 4876 4780 4779
f 4876 4877 4780
f 4877 4781 4780
f 4877 4878 4781
f 4878 4782 4781
f 4878 4879 4782
f 4879 4783 4782
f 4879 4880 4783
f 4880 4784 4783
f 4880 4881 4784
f 4881 4785 4784
f 4881 4882 4785
f 4882 4786 4785
f 4882 4883 4786
f 4883 4787 4786
f 4883 4884 4787
f 4884 4788 4787
f 4884 4885 4788
f 4885 4789 4788
f 4885 4886 4789
f 4886 4790 4789
f 4886 4887 4790
f 4887 4791 4790
f 4887 4888 4791
f 4888 4792 4791
f 4888 4889 4792
f 4889 4793 4792
f 4889 4890 4793
f 4890 4794 4793
f 4890 4891 4794
f 4891 4795 4794
f 4891 4892 4795
f 4892 4796 4795
f 4892 4893 4796
f 4893 4797 4796
f 4893 4894 4797
f 4894 4798 4797
f 4894 4895 4798
f 4895 4799 4798
f 4895 4896 4799
f 4896 4800 4799
f 4896 4801 4800
f 4801 4705 4800
f 4897 4898 4801
f 4898 4802 4801
f 4898 4899 4802
f 4899 4803 4802
f 4899 4900 4803
f 4900 4804 4803
f 4900 4901 4804
f 4901 4805 4804
f 4901 4902 4805
f 4902 4806 4805
f 4902 4903 4806
f 4903 4807 4806
f 4903 4904 4807
f 4904 4808 4807
f 4904 4905 4808
f 4905 4809 4808
f 4905 4906 4809
f 4906 4810 4809
f 4906 4907 4810
f 4907 4811 4810
f 4907 4908 4811
f 4908 4812 4811
f 4908 4909 4812
f 4909 4813 4812
f 4909 4910 4813
f 4910 4814 4813
f 4910 4911 4814
f 4911 4815 4814
f 4911 4912 4815
f 4912 4816 4815
f 4912 4913 4816
f 4913 4817 4816
f 4913 4914 4817
f 4914 4818 4817
f 4914 4915 4818
f 4915 4819 4818
f 4915 4916 4819
f 4916 4820 4819
f 4916 4917 4820
f 4917 4821 4820
f 4917 4918 4821
f 4918 4822 4821
f 4918 4919 4822
f 4919 4823 4822
f 4919 4920 4823
f 4920 4824 4823
f 4920 4921 4824
f 4921 4825 4824
f 4921 4922 4825
f 4922 4826 4825
f 4922 4923 4826
f 4923 4827 4826
f 4923 4924 4827
f 4924 4828 4827
f 4924 4925 4828
f 4925 4829 4828
f 4925 4926 4829
f 4926 4830 4829
f 4926 4927 4830
f 4927 4831 4830
f 4927 4928 4831
f 4928 4832 4831
f 4928 4929 4832
f 4929 4833 4832
f 4929 4930 4833
f 4930 4834 4833
f 4930 4931 4834
f 4931 4835 4834
f 4931 4932 4835
f 4932 4836 4835
f 4932 4933 4836
f 4933 4837 4836
f 4933 4934 4837
f 4934 4838 4837
f 4934 4935 4838
f 4935 4839 4838
f 4935 4936 4839
f 4936 4840 4839
f 4936 4937 4840
f 4937 4841 4840
f 4937 4938 4841
f 4938 4842 4841
f 4938 4939 4842
f 4939 4843 4842
f 4939 4940 4843
f 4940 4844 4843
f 4940 4941 4844
f 4941 4845 4844
f 4941 4942 4845
f 4942 4846 4845
f 4942 4943 4846
f 4943 4847 4846
f 4943 4944 4847
f 4944 4848 4847
f 4944 4945 4848
f 4945 4849 4848
f 4945 4946 4849
f 4946 4850 4849
f 4946 4947 4850
f 4947 4851 4850
f 4947 4948 4851
f 4948 4852 4851
f 4948 4949 4852
f 4949 4853 4852
f 4949 4950 4853
f 4950 4854 4853
f 4950 4951 4854
f 4951 4855 4854
f 4951 4952 4855
f 4952 4856 4855
f 4952 4953 4856
f 4953 4857 4856
f 4953 4954 4857
f 4954 4858 4857
f 4954 4955 4858
f 4955 4859 4858
f 4955 4956 4859
f 4956 4860 4859
f 4956 4957 4860
f 4957 4861 4860
f 4957 4958 4861
f 4958 4862 4861
f 4958 4959 4862
f 4959 4863 4862
f 4959 4960 4863
f 4960 4864 4863
f 4960 4961 4864
f 4961 4865 4864
f 4961 4962 4865
f 4962 4866 4865
f 4962 4963 4866
f 4963 4867 4866
f 4963 4964 4867
f 4964 4868 4867
f 4964 4965 4868
f 4965 4869 4868
f 4965 4966 4869
f 4966 4870 4869
f 4966 4967 4870
f 4967 4871 4870
f 4967 4968 4871
f 4968 4872 4871
f 4968 4969 4872
f 4969 4873 4872
f 4969 4970 4873
f 4970 4874 4873
f 4970 4971 4874
f 4971 4875 4874
f 4971 4972 4875
f 4972 4876 4875
f 4972 4973 4876
f 4973 4877 4876
f 4973 4974 4877
f 4974 4878 4877
f 4974 4975 4878
f 4975 4879 4878
f 4975 4976 4879
f 4976 4880 4879
f 4976 4977 4880
f 4977 4881 4880
f 4977 4978 4881
f 4978 4882 4881
f 4978 4979 4882
f 4979 4883 4882
f 4979 4980 4883
f 4980 4884 4883
f 4980 4981 4884
f 4981 4885 4884
f 4981 4982 4885
f 4982 4886 4885
f 4982 4983 4886
f 4983 4887 4886
f 4983 4984 4887
f 4984 4888 4887
f 4984 4985 4888
f 4985 4889 4888
f 4985 4986 4889
f 4986 4890 4889
f 4986 4987 4890
f 4987 4891 4890
f 4987 4988 4891
f 4988 4892 4891
f 4988 4989 4892
f 4989 4893 4892
f 4989 4990 4893
f 4990 4894 4893
f 4990 4991 4894
f 4991 4895 4894
f 4991 4992 4895
f 4992 4896 4895
f 4992 4897 4896
f 4897 4801 4896
f 4993 4994 4897
f 4994 4898 4897
f 4994 4995 4898
f 4995 4899 4898
f 4995 4996 4899
f 4996 4900 4899
f 4996 4997 4900
f 4997 4901 4900
f 4997 4998 4901
f 4998 4902 4901
f 4998 4999 4902
f 4999 4903 4902
f 4999 5000 4903
f 5000 4904 4903
f 5000 5001 4904
f 5001 4905 4904
f 5001 5002 4905
f 5002 4906 4905
f 5002 5003 4906
f 5003 4907 4906
f 5003 5004 4907
f 5004 4908 4907
f 5004 5005 4908
f 5005 4909 4908
f 5005 5006 4909
f 5006 4910 4909
f 5006 5007 4910
f 5007 4911 4910
f 5007 5008 4911
f 5008 4912 4911
f 5008 5009 4912
f 5009 4913 4912
f 5009 5010 4913
f 5010 4914 4913
f 5010 5011 4914
f 5011 4915 4914
f 5011 5012 4915
f 5012 4916 4915
f 5012 5013 4916
f 5013 4917 4916
f 5013 5014 4917
f 5014 4918 4917
f 5014 5015 4918
f 5015 4919 4918
f 5015 5016 4919
f 5016 4920 4919
f 5016 5017 4920
f 5017 4921 4920
f 5017 5018 4921
f 5018 4922 4921
f 5018 5019 4922
f 5019 4923 4922
f 5019 5020 4923
f 5020 4924 4923
f 5020 5021 4924
f 5021 4925 4924
f 5021 5022 4925
f 5022 4926 4925
f 5022 5023 4926
f 5023 4927 4926
f 5023 5024 4927
f 5024 4928 4927
f 5024 5025 4928
f 5025 4929 4928
f 5025 5026 4929
f 5026 4930 4929
f 5026 5027 4930
f 5027 4931 4930
f 5027 5028 4931
f 5028 4932 4931
f 5028 5029 4932
f 5029 4933 4932
f 5029 5030 4933
f 5030 4934 4933
f 5030 5031 4934
f 5031 4935 4934
f 5031 5032 4935
f 5032 4936 4935
f 5032 5033 4936
f 5033 4937 4936
f 5033 5034 4937
f 5034 4938 4937
f 5034 5035 4938
f 5035 4939 4938
f 5035 5036 4939
f 5036 4940 4939
f 5036 5037 4940
f 5037 4941 4940
f 5037 5038 4941
f 5038 4942 4941
f 5038 5039 4942
f 5039 4943 4942
f 5039 5040 4943
f 5040 4944 4943
f 5040 5041 4944
f 5041 4945 4944
f 5041 5042 4945
f 5042 4946 4945
f 5042 5043 4946
f 5043 4947 4946
f 5043 5044 4947
f 5044 4948 4947
f 5044 5045 4948
f 5045 4949 4948
f 5045 5046 4949
f 5046 4950 4949
f 5046 5047 4950
f 5047 4951 4950
f 5047 5048 4951
f 5048 4952 4951
f 5048 5049 4952
f 5049 4953 4952
f 5049 5050 4953
f 5050 4954 4953
f 5050 5051 4954
f 5051 4955 4954
f 5051 5052 4955
f 5052 4956 4955
f 5052 5053 4956
f 5053 4957 4956
f 5053 5054 4957
f 5054 4958 4957
f 5054 5055 4958
f 5055 4959 4958
f 5055 5056 4959
f 5056 4960 4959
f 5056 5057 4960
f 5057 4961 4960
f 5057 5058 4961
f 5058 4962 4961
f 5058 5059 4962
f 5059 4963 4962
f 5059 5060 4963
f 5060 4964 4963
f 5060 5061 4964
f 5061 4965 4964
f 5061 5062 4965
f 5062 4966 4965
f 5062 5063 4966
f 5063 4967 4966
f 5063 5064 4967
f 5064 4968 4967
f 5064 5065 4968
f 5065 4969 4968
f 5065 5066 4969
f 5066 4970 4969
f 5066 5067 4970
f 5067 4971 4970
f 5067 5068 4971
f 5068 4972 4971
f 5068 5069 4972
f 5069 4973 4972
f 5069 5070 4973
f 5070 4974 4973
f 5070 5071 4974
f 5071 4975 4974
f 5071 5072 4975
f 5072 4976 4975
f 5072 5073 4976
f 5073 4977 4976
f 5073 5074 4977
f 5074 4978 4977
f 5074 5075 4978
f 5075 4979 4978
f 5075 5076 4979
f 5076 4980 4979
f 5076 5077 4980
f 5077 4981 4980
f 5077 5078 4981
f 5078 4982 4981
f 5078 5079 4982
f 5079 4983 4982
f 5079 5080 4983
f 5080 4984 4983
f 5080 5081 4984
f 5081 4985 4984
f 5081 5082 4985
f 5082 4986 4985
f 5082 5083 4986
f 5083 4987 4986
f 5083 5084 4987
f 5084 4988 4987
f 5084 5085 4988
f 5085 4989 4988
f 5085 5086 4989
f 5086 4990 4989
f 5086 5087 4990
f 5087 4991 4990
f 5087 5088 4991
f 5088 4992 4991
f 5088 4993 4992
f 4993 4897 4992
f 5089 5090 4993
f 5090 4994 4993
f 5090 5091 4994
f 5091 4995 4994
f 5091 5092 4995
f 5092 4996 4995
f 5092 5093 4996
f 5093 4997 4996
f 5093 5094 4997
f 5094 4998 4997
f 5094 5095 4998
f 5095 4999 4998
f 5095 5096 4999
f 5096 5000 4999
f 5096 5097 5000
f 5097 5001 5000
f 5097 5098 5001
f 5098 5002 5001
f 5098 5099 5002
f 5099 5003 5002
f 5099 5100 5003
f 5100 5004 5003
f 5100 5101 5004
f 5101 5005 5004
f 5101 5102 5005
f 5102 5006 5005
f 5102 5103 5006
f 5103 5007 5006
f 5103 5104 5007
f 5104 5008 5007
f 5104 5105 5008
f 5105 5009 5008
f 5105 5106 5009
f 5106 5010 5009
f 5106 5107 5010
f 5107 5011 5010
f 5107 5108 5011
f 5108 5012 5011
f 5108 5109 5012
f 5109 5013 5012
f 5109 5110 5013
f 5110 5014 5013
f 5110 5111 5014
f 5111 5015 5014
f 5111 5112 5015
f 5112 5016 5015
f 5112 5113 5016
f 5113 5017 5016
f 5113 5114 5017
f 5114 5018 5017
f 5114 5115 5018
f 5115 5019 5018
f 5115 5116 5019
f 5116 5020 5019
f 5116 5117 5020
f 5117 5021 5020
f 5117 5118 5021
f 5118 5022 5021
f 5118 5119 5022
f 5119 5023 5022
f 5119 5120 5023
f 5120 5024 5023
f 5120 5121 5024
f 5121 5025 5024
f 5121 5122 5025
f 5122 5026 5025
f 5122 5123 5026
f 5123 5027 5026
f 5123 5124 5027
f 5124 5028 5027
f 5124 5125 5028
f 5125 5029 5028
f 5125 5126 5029
f 5126 5030 5029
f 5126 5127 5030
f 5127 5031 5030
f 5127 5128 5031
f 5128 5032 5031
f 5128 5129 5032
f 5129 5033 5032
f 5129 5130 5033
f 5130 5034 5033
f 5130 5131 5034
f 5131 5035 5034
f 5131 5132 5035
f 5132 5036 5035
f 5132 5133 5036
f 5133 5037 5036
f 5133 5134 5037
f 5134 5038 5037
f 5134 5135 5038
f 5135 5039 5038
f 5135 5136 5039
f 5136 5040 5039
f 5136 5137 5040
f 5137 5041 5040
f 5137 5138 5041
f 5138 5042 5041
f 5138 5139 5042
f 5139 5043 5042
f 5139 5140 5043
f 5140 5044 5043
f 5140 5141 5044
f 5141 5045 5044
f 5141 5142 5045
f 5142 5046 5045
f 5142 5143 5046
f 5143 5047 5046
f 5143 5144 5047
f 5144 5048 5047
f 5144 5145 5048
f 5145 5049 5048
f 5145 5146 5049
f 5146 5050 5049
f 5146 5147 5050
f 5147 5051 5050
f 5147 5148 5051
f 5148 5052 5051
f 5148 5149 5052
f 5149 5053 5052
f 5149 5150 5053
f 5150 5054 5053
f 5150 5151 5054
f 5151 5055 5054
f 5151 5152 5055
f 5152 5056 5055
f 5152 5153 5056
f 5153 5057 5056
f 5153 5154 5057
f 5154 5058 5057
f 5154 5155 5058
f 5155 5059 5058
f 5155 5156 5059
f 5156 5060 5059
f 5156 5157 5060
f 5157 5061 5060
f 5157 5158 5061
f 5158 5062 5061
f 5158 5159 5062
f 5159 5063 5062
f 5159 5160 5063
f 5160 5064 5063
f 5160 5161 5064
f 5161 5065 5064
f 5161 5162 5065
f 5162 5066 5065
f 5162 5163 5066
f 5163 5067 5066
f 5163 5164 5067
f 5164 5068 5067
f 5164 5165 5068
f 5165 5069 5068
f 5165 5166 5069
f 5166 5070 5069
f 5166 5167 5070
f 5167 5071 5070
f 5167 5168 5071
f 5168 5072 5071
f 5168 5169 5072
f 5169 5073 5072
f 5169 5170 5073
f 5170 5074 5073
f 5170 5171 5074
f 5171 5075 5074
f 5171 5172 5075
f 5172 5076 5075
f 5172 5173 5076
f 5173 5077 5076
f 5173 5174 5077
f 5174 5078 5077
f 5174 5175 5078
f 5175 5079 5078
f 5175 5176 5079
f 5176 5080 5079
f 5176 5177 5080
f 5177 5081 5080
f 5177 5178 5081
f 5178 5082 5081
f 5178 5179 5082
f 5179 5083 5082
f 5179 5180 5083
f 5180 5084 5083
f 5180 5181 5084
f 5181 5085 5084
f 5181 5182 5085
f 5182 5086 5085
f 5182 5183 5086
f 5183 5087 5086
f 5183 5184 5087
f 5184 5088 5087
f 5184 5089 5088
f 5089 4993 5088
f 1 2 5185
f 2 3 5185
f 3 4 5185
f 4 5 5185
f 5 6 5185
f 6 7 5185
f 7 8 5185
f 8 9 5185
f 9 10 5185
f 10 11 5185
f 11 12 5185
f 12 13 5185
f 13 14 5185
f 14 15 5185
f 15 16 5185
f 16 17 5185
f 17 18 5185
f 18 19 5185
f 19 20 5185
f 20 21 5185
f 21 22 5185
f 22 23 5185
f 23 24 5185
f 24 25 5185
f 25 26 5185
f 26 27 5185
f 27 28 5185
f 28 29 5185
f 29 30 5185
f 30 31 5185
f 31 32 5185
f 32 33 5185
f 33 34 5185
f 34 35 5185
f 35 36 5185
f 36 37 5185
f 37 38 5185
f 38 39 5185
f 39 40 5185
f 40 41 5185
f 41 42 5185
f 42 43 5185
f 43 44 5185
f 44 45 5185
f 45 46 5185
f 46 47 5185
f 47 48 5185
f 48 49 5185
f 49 50 5185
f 50 51 5185
f 51 52 5185
f 52 53 5185
f 53 54 5185
f 54 55 5185
f 55 56 5185
f 56 57 5185
f 57 58 5185
f 58 59 5185
f 59 60 5185
f 60 61 5185
f 61 62 5185
f 62 63 5185
f 63 64 5185
f 64 65 5185
f 65 66 5185
f 66 67 5185
f 67 68 5185
f 68 69 5185
f 69 70 5185
f 70 71 5185
f 71 72 5185
f 72 73 5185
f 73 74 5185
f 74 75 5185
f 75 76 5185
f 76 77 5185
f 77 78 5185
f 78 79 5185
f 79 80 5185
f 80 81 5185
f 81 82 5185
f 82 83 5185
f 83 84 5185
f 84 85 5185
f 85 86 5185
f 86 87 5185
f 87 88 5185
f 88 89 5185
f 89 90 5185
f 90 91 5185
f 91 92 5185
f 92 93 5185
f 93 94 5185
f 94 95 5185
f 95 96 5185
f 96 1 5185
f 5090 5089 5186
f 5091 5090 5186
f 5092 5091 5186
f 5093 5092 5186
f 5094 5093 5186
f 5095 5094 5186
f 5096 5095 5186
f 5097 5096 5186
f 5098 5097 5186
f 5099 5098 5186
f 5100 5099 5186
f 5101 5100 5186
f 5102 5101 5186
f 5103 5102 5186
f 5104 5103 5186
f 5105 5104 5186
f 5106 5105 5186
f 5107 5106 5186
f 5108 5107 5186
f 5109 5108 5186
f 5110 5109 5186
f 5111 5110 5186
f 5112 5111 5186
f 5113 5112 5186
f 5114 5113 5186
f 5115 5114 5186
f 5116 5115 5186
f 5117 5116 5186
f 5118 5117 5186
f 5119 5118 5186
f 5120 5119 5186
f 5121 5120 5186
f 5122 5121 5186
f 5123 5122 5186
f 5124 5123 5186
f 5125 5124 5186
f 5126 5125 5186
f 5127 5126 5186
f 5128 5127 5186
f 5129 5128 5186
f 5130 5129 5186
f 5131 5130 5186
f 5132 5131 5186
f 5133 5132 5186
f 5134 5133 5186
f 5135 5134 5186
f 5136 5135 5186
f 5137 5136 5186
f 5138 5137 5186
f 5139 5138 5186
f 5140 5139 5186
f 5141 5140 5186
f 5142 5141 5186
f 5143 5142 5186
f 5144 5143 5186
f 5145 5144 5186
f 5146 5145 5186
f 5147 5146 5186
f 5148 5147 5186
f 5149 5148 5186
f 5150 5149 5186
f 5151 5150 5186
f 5152 5151 5186
f 5153 5152 5186
f 5154 5153 5186
f 5155 5154 5186
f 5156 5155 5186
f 5157 5156 5186
f 5158 5157 5186
f 5159 5158 5186
f 5160 5159 5186
f 5161 5160 5186
f 5162 5161 5186
f 5163 5162 5186
f 5164 5163 5186
f 5165 5164 5186
f 5166 5165 5186
f 5167 5166 5186
f 5168 5167 5186
f 5169 5168 5186
f 5170 5169 5186
f 5171 5170 5186
f 5172 5171 5186
f 5173 5172 5186
f 5174 5173 5186
f 5175 5174 5186
f 5176 5175 5186
f 5177 5176 5186
f 5178 5177 5186
f 5179 5178 5186
f 5180 5179 5186
f 5181 5180 5186
f 5182 5181 5186
f 5183 5182 5186
f 5184 5183 5186
f 5089 5184 5186

