# https://github.com/mikedh/trimesh
v 2.42852443 -13.57408482 0.00000000
v 2.42333356 -13.57408482 -0.15883367
v 2.40889875 -13.57408482 -0.31713754
v 2.38600858 -13.57408482 -0.47460662
v 2.35556649 -13.57408482 -0.63117214
v 2.31842493 -13.57408482 -0.78699922
v 2.27522183 -13.57408482 -0.94242774
v 2.22624678 -13.57408482 -1.09786341
v 2.17135979 -13.57408482 -1.25363516
v 2.10997717 -13.57408482 -1.40984167
v 2.04112842 -13.57408482 -1.56621293
v 1.96357704 -13.57408482 -1.72201084
v 1.87598785 -13.57408482 -1.87598785
v 1.77711690 -13.57408482 -2.02641345
v 1.66599596 -13.57408482 -2.17116820
v 1.54208556 -13.57408482 -2.30789413
v 1.40537523 -13.57408482 -2.43418129
v 1.25641849 -13.57408482 -2.54776466
v 1.09630045 -13.57408482 -2.64670341
v 0.92654638 -13.57408482 -2.72951761
v 0.74898866 -13.57408482 -2.79526373
v 0.56561534 -13.57408482 -2.84354036
v 0.37842541 -13.57408482 -2.87442636
v 0.18931342 -13.57408482 -2.88836470
v 0.00000000 -13.57408482 -2.88601377
v -0.18798476 -13.57408482 -2.86809316
v -0.37326794 -13.57408482 -2.83525146
v -0.55456367 -13.57408482 -2.78797986
v -0.73058682 -13.57408482 -2.72658714
v -0.89997501 -13.57408482 -2.65124088
v -1.06124326 -13.57408482 -2.56206786
v -1.21279026 -13.57408482 -2.45929537
v -1.35296658 -13.57408482 -2.34340687
v -1.48020360 -13.57408482 -2.21528123
v -1.59319002 -13.57408482 -2.07628566
v -1.69107194 -13.57408482 -1.92829798
v -1.77364476 -13.57408482 -1.77364476
v -1.84150240 -13.57408482 -1.61495426
v -1.89611172 -13.57408482 -1.45493769
v -1.93978781 -13.57408482 -1.29612477
v -1.97555830 -13.57408482 -1.14058912
v -2.00692002 -13.57408482 -0.98970343
v -2.03750729 -13.57408482 -0.84396315
v -2.07070564 -13.57408482 -0.70290985
v -2.10925505 -13.57408482 -0.56517319
v -2.15489196 -13.57408482 -0.42863466
v -2.20807753 -13.57408482 -0.29069892
v -2.26785133 -13.57408482 -0.14864283
v -2.33183580 -13.57408482 -0.00000000
v -2.39639831 -13.57408482 0.15706824
v -2.45695854 -13.57408482 0.32346473
v -2.50840951 -13.57408482 0.49895367
v -2.54560613 -13.57408482 0.68209311
v -2.56386524 -13.57408482 0.87031497
v -2.55941922 -13.57408482 1.06014615
v -2.52977032 -13.57408482 1.24754466
v -2.47390512 -13.57408482 1.42830979
v -2.39234597 -13.57408482 1.59851447
v -2.28703666 -13.57408482 1.75490495
v -2.16108037 -13.57408482 1.89521662
v -2.01836598 -13.57408482 2.01836598
v -1.86313202 -13.57408482 2.12449490
v -1.69952402 -13.57408482 2.21486282
v -1.53120011 -13.57408482 2.29160291
v -1.36103135 -13.57408482 2.35737545
v -1.19092921 -13.57408482 2.41496554
v -1.02181445 -13.57408482 2.46687830
v -0.85372224 -13.57408482 2.51498463
v -0.68602032 -13.57408482 2.56026269
v -0.51770256 -13.57408482 2.60266654
v -0.34771215 -13.57408482 2.64113599
v -0.17524632 -13.57408482 2.67374223
v -0.00000000 -13.57408482 2.69794614
v 0.17768386 -13.57408482 2.71093184
v 0.35677419 -13.57408482 2.70996899
v 0.53562239 -13.57408482 2.69275561
v 0.71212782 -13.57408482 2.65769722
v 0.88396909 -13.57408482 2.60408896
v 1.04886395 -13.57408482 2.53218158
v 1.20481786 -13.57408482 2.44312894
v 1.35032466 -13.57408482 2.33883091
v 1.48449183 -13.57408482 2.22169902
v 1.60707510 -13.57408482 2.09438104
v 1.71842154 -13.57408482 1.95948422
v 1.81933426 -13.57408482 1.81933426
v 1.91088317 -13.57408482 1.67579957
v 1.99419332 -13.57408482 1.53019835
v 2.07024457 -13.57408482 1.38329319
v 2.13971306 -13.57408482 1.23536391
v 2.20287697 -13.57408482 1.08633870
v 2.25959798 -13.57408482 0.93595613
v 2.30937745 -13.57408482 0.78392801
v 2.35147398 -13.57408482 0.63007555
v 2.38505976 -13.57408482 0.47441788
v 2.40938743 -13.57408482 0.31720187
v 2.42393798 -13.57408482 0.15887329
v 2.42996579 -13.06185520 0.00000000
v 2.42589039 -13.06185520 -0.15900126
v 2.41261456 -13.06185520 -0.31762673
v 2.39091660 -13.06185520 -0.47558288
v 2.36167416 -13.06185520 -0.63280868
v 2.32569812 -13.06185520 -0.78946813
v 2.28357164 -13.06185520 -0.94588634
v 2.23552162 -13.06185520 -1.10243726
v 2.18134468 -13.06185520 -1.25939994
v 2.12040106 -13.06185520 -1.41680669
v 2.05167928 -13.06185520 -1.57430888
v 1.97392310 -13.06185520 -1.73108410
v 1.88580274 -13.06185520 -1.88580274
v 1.78610536 -13.06185520 -2.03666282
v 1.67391733 -13.06185520 -2.18149153
v 1.54877204 -13.06185520 -2.31790116
v 1.41074302 -13.06185520 -2.44347858
v 1.26047078 -13.06185520 -2.55598190
v 1.09912253 -13.06185520 -2.65351653
v 0.92829404 -13.06185520 -2.73466607
v 0.74987204 -13.06185520 -2.79856055
v 0.56588068 -13.06185520 -2.84487430
v 0.37833729 -13.06185520 -2.87375704
v 0.18913958 -13.06185520 -2.88571236
v 0.00000000 -13.06185520 -2.88144627
v -0.18756657 -13.06185520 -2.86171278
v -0.37220587 -13.06185520 -2.82718424
v -0.55265200 -13.06185520 -2.77836925
v -0.72764091 -13.06185520 -2.71559286
v -0.89583432 -13.06185520 -2.63904280
v -1.05577788 -13.06185520 -2.54887328
v -1.20591189 -13.06185520 -2.44534741
v -1.34464366 -13.06185520 -2.32899114
v -1.47047926 -13.06185520 -2.20072774
v -1.58220032 -13.06185520 -2.06196360
v -1.67906104 -13.06185520 -1.91460217
v -1.76097353 -13.06185520 -1.76097353
v -1.82864717 -13.06185520 -1.60368053
v -1.88365062 -13.06185520 -1.44537595
v -1.92837380 -13.06185520 -1.28849818
v -1.96587952 -13.06185520 -1.13500107
v -1.99965000 -13.06185520 -0.98611825
v -2.03324933 -13.06185520 -0.84219945
v -2.06993681 -13.06185520 -0.70264887
v -2.11227605 -13.06185520 -0.56598266
v -2.16178887 -13.06185520 -0.43000654
v -2.21870055 -13.06185520 -0.29209747
v -2.28181412 -13.06185520 -0.14955800
v -2.34853651 -13.06185520 -0.00000000
v -2.41506135 -13.06185520 0.15829148
v -2.47669327 -13.06185520 0.32606286
v -2.52828042 -13.06185520 0.50290624
v -2.56470714 -13.06185520 0.68721121
v -2.58139061 -13.06185520 0.87626404
v -2.57472362 -13.06185520 1.06648544
v -2.54241195 -13.06185520 1.25377882
v -2.48366771 -13.06185520 1.43394622
v -2.39923802 -13.06185520 1.60311959
v -2.29126895 -13.06185520 1.75815250
v -2.16302517 -13.06185520 1.89692216
v -2.01850356 -13.06185520 2.01850356
v -1.86199119 -13.06185520 2.12319403
v -1.69762397 -13.06185520 2.21238663
v -1.52900018 -13.06185520 2.28831048
v -1.35889403 -13.06185520 2.35367351
v -1.18909976 -13.06185520 2.41125579
v -1.02041810 -13.06185520 2.46350722
v -0.85277767 -13.06185520 2.51220202
v -0.68546599 -13.06185520 2.55819389
v -0.51743105 -13.06185520 2.60130156
v -0.34760686 -13.06185520 2.64033624
v -0.17521494 -13.06185520 2.67326343
v -0.00000000 -13.06185520 2.69747390
v 0.17763096 -13.06185520 2.71012478
v 0.35658129 -13.06185520 2.70850379
v 0.53514746 -13.06185520 2.69036797
v 0.71119448 -13.06185520 2.65421394
v 0.88239350 -13.06185520 2.59944744
v 1.04648365 -13.06185520 2.52643502
v 1.20151801 -13.06185520 2.43643750
v 1.34605799 -13.06185520 2.33144083
v 1.47928947 -13.06185520 2.21391315
v 1.60104706 -13.06185520 2.08652515
v 1.71174726 -13.06185520 1.95187367
v 1.81224508 -13.06185520 1.81224508
v 1.90363956 -13.06185520 1.66944709
v 1.98706055 -13.06185520 1.52472518
v 2.06347030 -13.06185520 1.37876677
v 2.13350995 -13.06185520 1.23178254
v 2.19741229 -13.06185520 1.08364382
v 2.25499111 -13.06185520 0.93404790
v 2.30570465 -13.06185520 0.78268126
v 2.34877869 -13.06185520 0.62935335
v 2.38336599 -13.06185520 0.47408097
v 2.40871305 -13.06185520 0.31711309
v 2.42430533 -13.06185520 0.15889737
v 2.43175621 -12.54962559 0.00000000
v 2.42879389 -12.54962559 -0.15919156
v 2.41666733 -12.54962559 -0.31816029
v 2.39614320 -12.54962559 -0.47662252
v 2.36807215 -12.54962559 -0.63452302
v 2.33322260 -12.54962559 -0.79202235
v 2.29212275 -12.54962559 -0.94942833
v 2.24493752 -12.54962559 -1.10708067
v 2.19140183 -12.54962559 -1.26520644
v 2.13082256 -12.54962559 -1.42377012
v 2.06215080 -12.54962559 -1.58234397
v 1.98411472 -12.54962559 -1.74002191
v 1.89539414 -12.54962559 -1.89539414
v 1.79481147 -12.54962559 -2.04659024
v 1.68151113 -12.54962559 -2.19138797
v 1.55510189 -12.54962559 -2.32737446
v 1.41574267 -12.54962559 -2.45213823
v 1.26416115 -12.54962559 -2.56346523
v 1.10160561 -12.54962559 -2.65951120
v 0.92974032 -12.54962559 -2.73892665
v 0.75050358 -12.54962559 -2.80091748
v 0.56595243 -12.54962559 -2.84523501
v 0.37811916 -12.54962559 -2.87210016
v 0.18890129 -12.54962559 -2.88207671
v 0.00000000 -12.54962559 -2.87591728
v -0.18708785 -12.54962559 -2.85440906
v -0.37102924 -12.54962559 -2.81824684
v -0.55058056 -12.54962559 -2.76795540
v -0.72450111 -12.54962559 -2.70387496
v -0.89147893 -12.54962559 -2.62621225
v -1.05009256 -12.54962559 -2.53514770
v -1.19882601 -12.54962559 -2.43097867
v -1.33614521 -12.54962559 -2.31427139
v -1.46063220 -12.54962559 -2.18599056
v -1.57116189 -12.54962559 -2.04757803
v -1.66709570 -12.54962559 -1.90095831
v -1.74846001 -12.54962559 -1.74846001
v -1.81607537 -12.54962559 -1.59265536
v -1.87160627 -12.54962559 -1.43613400
v -1.91750985 -12.54962559 -1.28123912
v -1.95687536 -12.54962559 -1.12980252
v -1.99316117 -12.54962559 -0.98291831
v -2.02985211 -12.54962559 -0.84079228
v -2.07007341 -12.54962559 -0.70269524
v -2.11620640 -12.54962559 -0.56703580
v -2.16955503 -12.54962559 -0.43155133
v -2.23010870 -12.54962559 -0.29359938
v -2.29643719 -12.54962559 -0.15051645
v -2.36573854 -12.54962559 -0.00000000
v -2.43404199 -12.54962559 0.15953554
v -2.49654856 -12.54962559 0.32867685
v -2.54807388 -12.54962559 0.50684341
v -2.58354408 -12.54962559 0.69225855
v -2.59848779 -12.54962559 0.88206775
v -2.58946716 -12.54962559 1.07259242
v -2.55439751 -12.54962559 1.25968945
v -2.49271917 -12.54962559 1.43917208
v -2.40540329 -12.54962559 1.60723909
v -2.29479435 -12.54962559 1.76085763
v -2.16431215 -12.54962559 1.89805081
v -2.01805353 -12.54962559 2.01805353
v -1.86034539 -12.54962559 2.12131736
v -1.69530559 -12.54962559 2.20936526
v -1.52646527 -12.54962559 2.28451671
v -1.35649630 -12.54962559 2.34952051
v -1.18707240 -12.54962559 2.40714470
v -1.01887320 -12.54962559 2.45977750
v -0.85172177 -12.54962559 2.50909142
v -0.68482793 -12.54962559 2.55581264
v -0.51709731 -12.54962559 2.59962374
v -0.34745843 -12.54962559 2.63920881
v -0.17516039 -12.54962559 2.67243109
v -0.00000000 -12.54962559 2.69661617
v 0.17755068 -12.54962559 2.70889993
v 0.35632984 -12.54962559 2.70659386
v 0.53458078 -12.54962559 2.68751909
v 0.71013693 -12.54962559 2.65026711
v 0.88066531 -12.54962559 2.59435635
v 1.04392976 -12.54962559 2.52026939
v 1.19803392 -12.54962559 2.42937247
v 1.34160876 -12.54962559 2.32373453
v 1.47391937 -12.54962559 2.20587623
v 1.59487884 -12.54962559 2.07848657
v 1.70497151 -12.54962559 1.94414740
v 1.80510173 -12.54962559 1.80510173
v 1.89639456 -12.54962559 1.66309339
v 1.97998135 -12.54962559 1.51929313
v 2.05680368 -12.54962559 1.37431228
v 2.12746511 -12.54962559 1.22829255
v 2.19215123 -12.54962559 1.08104935
v 2.25062691 -12.54962559 0.93224019
v 2.30230694 -12.54962559 0.78152790
v 2.34638454 -12.54962559 0.62871184
v 2.38199346 -12.54962559 0.47380796
v 2.40837455 -12.54962559 0.31706853
v 2.42501791 -12.54962559 0.15894407
v 2.43389753 -12.03739597 0.00000000
v 2.43204231 -12.03739597 -0.15940447
v 2.42105161 -12.03739597 -0.31873749
v 2.40167922 -12.03739597 -0.47772370
v 2.37474764 -12.03739597 -0.63631171
v 2.34098212 -12.03739597 -0.79465635
v 2.30085583 -12.03739597 -0.95304569
v 2.25447256 -12.03739597 -1.11178283
v 2.20150740 -12.03739597 -1.27104089
v 2.14121672 -12.03739597 -1.43071527
v 2.07251780 -12.03739597 -1.59029884
v 1.99412730 -12.03739597 -1.74880271
v 1.90473897 -12.03739597 -1.90473897
v 1.80321440 -12.03739597 -2.05617194
v 1.68875935 -12.03739597 -2.20083403
v 1.56106034 -12.03739597 -2.33629190
v 1.42036282 -12.03739597 -2.46014057
v 1.26748159 -12.03739597 -2.57019841
v 1.10374476 -12.03739597 -2.66467558
v 0.93088291 -12.03739597 -2.74229262
v 0.75088298 -12.03739597 -2.80233343
v 0.56583158 -12.03739597 -2.84462746
v 0.37777248 -12.03739597 -2.86946689
v 0.18859968 -12.03739597 -2.87747510
v 0.00000000 -12.03739597 -2.86945015
v -0.18655053 -12.03739597 -2.84621104
v -0.36974256 -12.03739597 -2.80847354
v -0.54835709 -12.03739597 -2.75677726
v -0.72117892 -12.03739597 -2.69147636
v -0.88692453 -12.03739597 -2.61279541
v -1.04420740 -12.03739597 -2.52093967
v -1.19155725 -12.03739597 -2.41623908
v -1.32750024 -12.03739597 -2.29929785
v -1.45069543 -12.03739597 -2.17111913
v -1.56011111 -12.03739597 -2.03317638
v -1.65521474 -12.03739597 -1.88741067
v -1.73614417 -12.03739597 -1.73614417
v -1.80382668 -12.03739597 -1.58191354
v -1.86001632 -12.03739597 -1.42724072
v -1.90722980 -12.03739597 -1.27437021
v -1.94857404 -12.03739597 -1.12500975
v -1.98747443 -12.03739597 -0.98011392
v -2.02732783 -12.03739597 -0.83974668
v -2.07111791 -12.03739597 -0.70304979
v -2.12103830 -12.03739597 -0.56833050
v -2.17817247 -12.03739597 -0.43326544
v -2.24227446 -12.03739597 -0.29520103
v -2.31168475 -12.03739597 -0.15151582
v -2.38339958 -12.03739597 -0.00000000
v -2.45329355 -12.03739597 0.16079735
v -2.51647568 -12.03739597 0.33130031
v -2.56774156 -12.03739597 0.51075555
v -2.60207127 -12.03739597 0.69722290
v -2.61511574 -12.03739597 0.88771218
v -2.60361498 -12.03739597 1.07845263
v -2.56569933 -12.03739597 1.26526289
v -2.50103943 -12.03739597 1.44397579
v -2.41082917 -12.03739597 1.61086455
v -2.29760709 -12.03739597 1.76301593
v -2.16494136 -12.03739597 1.89860262
v -2.01702049 -12.03739597 2.01702049
v -1.85820238 -12.03739597 2.11887372
v -1.69257844 -12.03739597 2.20581116
v -1.52360550 -12.03739597 2.28023677
v -1.35384790 -12.03739597 2.34493336
v -1.18485578 -12.03739597 2.40264985
v -1.01718696 -12.03739597 2.45570656
v -0.85056014 -12.03739597 2.50566939
v -0.68411026 -12.03739597 2.55313425
v -0.51670413 -12.03739597 2.59764706
v -0.34726855 -12.03739597 2.63776652
v -0.17508346 -12.03739597 2.67125737
v -0.00000000 -12.03739597 2.69538506
v 0.17744385 -12.03739597 2.70727003
v 0.35602169 -12.03739597 2.70425325
v 0.53392552 -12.03739597 2.68422488
v 0.70896003 -12.03739597 2.64587486
v 0.87879145 -12.03739597 2.58883614
v 1.04121168 -12.03739597 2.51370735
v 1.19437766 -12.03739597 2.42195830
v 1.33699180 -12.03739597 2.31573773
v 1.46839909 -12.03739597 2.19761454
v 1.58859046 -12.03739597 2.07029139
v 1.69811634 -12.03739597 1.93633057
v 1.79792774 -12.03739597 1.79792774
v 1.88917258 -12.03739597 1.65675988
v 1.97298035 -12.03739597 1.51392107
v 2.05026887 -12.03739597 1.36994586
v 2.12160165 -12.03739597 1.22490728
v 2.18711532 -12.03739597 1.07856592
v 2.24652491 -12.03739597 0.93054109
v 2.29920151 -12.03739597 0.78047374
v 2.34430604 -12.03739597 0.62815491
v 2.38095380 -12.03739597 0.47360116
v 2.40838048 -12.03739597 0.31706930
v 2.42608099 -12.03739597 0.15901375
v 2.43638994 -11.52516636 0.00000000
v 2.43563229 -11.52516636 -0.15963977
v 2.42576040 -11.52516636 -0.31935742
v 2.40751404 -11.52516636 -0.47888432
v 2.38168651 -11.52516636 -0.63817098
v 2.34895925 -11.52516636 -0.79736422
v 2.30975054 -11.52516636 -0.95673000
v 2.26410404 -11.52516636 -1.11653255
v 2.21163704 -11.52516636 -1.27688924
v 2.15155832 -11.52516636 -1.43762531
v 2.08275503 -11.52516636 -1.59815415
v 2.00393652 -11.52516636 -1.75740516
v 1.91381459 -11.52516636 -1.91381459
v 1.81129392 -11.52516636 -2.06538487
v 1.69564475 -11.52516636 -2.20980727
v 1.56663348 -11.52516636 -2.34463269
v 1.42459303 -11.52516636 -2.46746751
v 1.27042501 -11.52516636 -2.57616708
v 1.10553595 -11.52516636 -2.66899987
v 0.93172029 -11.52516636 -2.74475947
v 0.75101060 -11.52516636 -2.80280972
v 0.56551961 -11.52516636 -2.84305905
v 0.37729906 -11.52516636 -2.86587089
v 0.18823606 -11.52516636 -2.87192733
v 0.00000000 -11.52516636 -2.86207059
v -0.18595663 -11.52516636 -2.83714993
v -0.36835060 -11.52516636 -2.79790057
v -0.54598968 -11.52516636 -2.74487548
v -0.71768622 -11.52516636 -2.67844145
v -0.88218716 -11.52516636 -2.59883956
v -1.03814283 -11.52516636 -2.50629851
v -1.18413043 -11.52516636 -2.40117898
v -1.31873778 -11.52516636 -2.28412084
v -1.44070177 -11.52516636 -2.15616257
v -1.54908387 -11.52516636 -2.01880541
v -1.64345611 -11.52516636 -1.87400253
v -1.72406479 -11.52516636 -1.72406479
v -1.79193915 -11.52516636 -1.57148846
v -1.84891644 -11.52516636 -1.41872348
v -1.89756511 -11.52516636 -1.26791247
v -1.94100107 -11.52516636 -1.12063749
v -1.98260773 -11.52516636 -0.97771393
v -2.02568557 -11.52516636 -0.83906644
v -2.07306959 -11.52516636 -0.70371230
v -2.12676089 -11.52516636 -0.56986386
v -2.18762034 -11.52516636 -0.43514474
v -2.25516781 -11.52516636 -0.29689847
v -2.32751893 -11.52516636 -0.15255365
v -2.40147572 -11.52516636 -0.00000000
v -2.47276828 -11.52516636 0.16207380
v -2.53642543 -11.52516636 0.33392674
v -2.58723520 -11.52516636 0.51463308
v -2.62024364 -11.52516636 0.70209217
v -2.63123446 -11.52516636 0.89318374
v -2.61713358 -11.52516636 1.08405222
v -2.57629132 -11.52516636 1.27048628
v -2.50861014 -11.52516636 1.44834674
v -2.41550483 -11.52516636 1.61398873
v -2.29970311 -11.52516636 1.76462426
v -2.16491441 -11.52516636 1.89857898
v -2.01541039 -11.52516636 2.01541039
v -1.85557105 -11.52516636 2.11587326
v -1.68945296 -11.52516636 2.20173797
v -1.52043173 -11.52516636 2.27548688
v -1.35095911 -11.52516636 2.33992981
v -1.18245897 -11.52516636 2.39778960
v -1.01536684 -11.52516636 2.45131240
v -0.84929860 -11.52516636 2.50195299
v -0.68331719 -11.52516636 2.55017446
v -0.51625435 -11.52516636 2.59538589
v -0.34703897 -11.52516636 2.63602266
v -0.17498498 -11.52516636 2.66975490
v -0.00000000 -11.52516636 2.69379321
v 0.17731135 -11.52516636 2.70524842
v 0.35565878 -11.52516636 2.70149664
v 0.53318498 -11.52516636 2.68050189
v 0.70766881 -11.52516636 2.64105594
v 0.87677908 -11.52516636 2.58290787
v 1.03833898 -11.52516636 2.50677204
v 1.19056149 -11.52516636 2.41421987
v 1.33222212 -11.52516636 2.30747640
v 1.46274626 -11.52516636 2.18915448
v 1.58220190 -11.52516636 2.06196566
v 1.69120364 -11.52516636 1.92844815
v 1.79074637 -11.52516636 1.79074637
v 1.88199755 -11.52516636 1.65046756
v 1.96608150 -11.52516636 1.50862739
v 2.04388922 -11.52516636 1.36568311
v 2.11594170 -11.52516636 1.22163951
v 2.18232498 -11.52516636 1.07620358
v 2.24270336 -11.52516636 0.92895815
v 2.29640412 -11.52516636 0.77952416
v 2.34255624 -11.52516636 0.62768605
v 2.38025710 -11.52516636 0.47346258
v 2.40873777 -11.52516636 0.31711634
v 2.42749822 -11.52516636 0.15910664
v 2.43923208 -11.01293674 0.00000000
v 2.43955893 -11.01293674 -0.15989714
v 2.43078525 -11.01293674 -0.32001895
v 2.41363567 -11.01293674 -0.48010199
v 2.38887336 -11.01293674 -0.64009669
v 2.35713549 -11.01293674 -0.80013968
v 2.31878568 -11.01293674 -0.96047248
v 2.27380865 -11.01293674 -1.12131834
v 2.22176599 -11.01293674 -1.28273719
v 2.16182198 -11.01293674 -1.44448326
v 2.09283738 -11.01293674 -1.60589060
v 2.01351834 -11.01293674 -1.76580819
v 1.92259891 -11.01293674 -1.92259891
v 1.81903054 -11.01293674 -2.07420680
v 1.70215097 -11.01293674 -2.21828633
v 1.57180835 -11.01293674 -2.35237744
v 1.42842383 -11.01293674 -2.47410264
v 1.27298528 -11.01293674 -2.58135878
v 1.10697598 -11.01293674 -2.67247642
v 0.93225171 -11.01293674 -2.74632499
v 0.75088743 -11.01293674 -2.80235005
v 0.56501847 -11.01293674 -2.84053967
v 0.37670101 -11.01293674 -2.86132823
v 0.18781188 -11.01293674 -2.86545555
v 0.00000000 -11.01293674 -2.85380654
v -0.18530835 -11.01293674 -2.82725904
v -0.36685838 -11.01293674 -2.78656604
v -0.54348674 -11.01293674 -2.73229234
v -0.71403527 -11.01293674 -2.66481590
v -0.87728320 -11.01293674 -2.58439298
v -1.03191954 -11.01293674 -2.49127415
v -1.17657051 -11.01293674 -2.38584899
v -1.30988684 -11.01293674 -2.26879056
v -1.43068374 -11.01293674 -2.14116953
v -1.53811547 -11.01293674 -2.00451111
v -1.63185684 -11.01293674 -1.86077610
v -1.71225932 -11.01293674 -1.71225932
v -1.78044913 -11.01293674 -1.56141198
v -1.83834018 -11.01293674 -1.41060804
v -1.88854481 -11.01293674 -1.26188530
v -1.93417922 -11.01293674 -1.11669889
v -1.97857608 -11.01293674 -0.97572574
v -2.02493131 -11.01293674 -0.83875401
v -2.07592468 -11.01293674 -0.70468147
v -2.13336031 -11.01293674 -0.57163217
v -2.19787504 -11.01293674 -0.43718453
v -2.26875628 -11.01293674 -0.29868743
v -2.34389986 -11.01293674 -0.15362731
v -2.41992161 -11.01293674 -0.00000000
v -2.49241755 -11.01293674 0.16336168
v -2.55634830 -11.01293674 0.33654964
v -2.60650677 -11.01293674 0.51846643
v -2.63801683 -11.01293674 0.70685448
v -2.64680510 -11.01293674 0.89846926
v -2.62999096 -11.01293674 1.08937792
v -2.58614911 -11.01293674 1.27534761
v -2.51541478 -11.01293674 1.45227540
v -2.41942121 -11.01293674 1.61660557
v -2.30108004 -11.01293674 1.76568082
v -2.16423446 -11.01293674 1.89798268
v -2.01323056 -11.01293674 2.01323056
v -1.85246142 -11.01293674 2.11232741
v -1.68594053 -11.01293674 2.19716047
v -1.51695546 -11.01293674 2.27028428
v -1.34784067 -11.01293674 2.33452853
v -1.17989135 -11.01293674 2.39258297
v -1.01342055 -11.01293674 2.44661363
v -0.84794308 -11.01293674 2.49795977
v -0.68245305 -11.01293674 2.54694944
v -0.51575093 -11.01293674 2.59285501
v -0.34677148 -11.01293674 2.63399086
v -0.17486581 -11.01293674 2.66793673
v -0.00000000 -11.01293674 2.69185372
v 0.17715408 -11.01293674 2.70284894
v 0.35524311 -11.01293674 2.69833929
v 0.53236255 -11.01293674 2.67636729
v 0.70626844 -11.01293674 2.63582970
v 0.87463550 -11.01293674 2.57659311
v 1.03532145 -11.01293674 2.49948708
v 1.18659783 -11.01293674 2.40618238
v 1.32731485 -11.01293674 2.29897676
v 1.45697856 -11.01293674 2.18052251
v 1.57573309 -11.01293674 2.05353534
v 1.68425510 -11.01293674 1.92052487
v 1.78358049 -11.01293674 1.78358049
v 1.87489289 -11.01293674 1.64423694
v 1.95930807 -11.01293674 1.50342996
v 2.03768719 -11.01293674 1.36153905
v 2.11050637 -11.01293674 1.21850142
v 2.17779945 -11.01293674 1.07397184
v 2.23917925 -11.01293674 0.92749842
v 2.29392919 -11.01293674 0.77868403
v 2.34114670 -11.01293674 0.62730837
v 2.37991192 -11.01293674 0.47339391
v 2.40945180 -11.01293674 0.31721035
v 2.42927165 -11.01293674 0.15922288
v 2.44242101 -10.50070712 0.00000000
v 2.44381583 -10.50070712 -0.16017615
v 2.43611625 -10.50070712 -0.32072079
v 2.42003080 -10.50070712 -0.48137405
v 2.39629163 -10.50070712 -0.64208441
v 2.36549134 -10.50070712 -0.80297611
v 2.32793927 -10.50070712 -0.96426402
v 2.28356248 -10.50070712 -1.12612839
v 2.23186918 -10.50070712 -1.28857027
v 2.17198224 -10.50070712 -1.45127214
v 2.10273988 -10.50070712 -1.61348906
v 2.02284916 -10.50070712 -1.77399110
v 1.93107044 -10.50070712 -1.93107044
v 1.82640555 -10.50070712 -2.08261639
v 1.70826251 -10.50070712 -2.22625104
v 1.57657296 -10.50070712 -2.35950817
v 1.43184672 -10.50070712 -2.48003127
v 1.27515720 -10.50070712 -2.58576302
v 1.10806258 -10.50070712 -2.67509970
v 0.93247721 -10.50070712 -2.74698927
v 0.75051510 -10.50070712 -2.80096050
v 0.56433062 -10.50070712 -2.83708159
v 0.37598076 -10.50070712 -2.85585737
v 0.18732874 -10.50070712 -2.85808422
v 0.00000000 -10.50070712 -2.84468811
v -0.18460799 -10.50070712 -2.81657364
v -0.36527114 -10.50070712 -2.77450980
v -0.54085696 -10.50070712 -2.71907156
v -0.71023861 -10.50070712 -2.65064657
v -0.87222934 -10.50070712 -2.56950476
v -1.02555841 -10.50070712 -2.47591702
v -1.16890252 -10.50070712 -2.37029983
v -1.30097625 -10.50070712 -2.25335697
v -1.42067348 -10.50070712 -2.12618812
v -1.52724051 -10.50070712 -1.99033858
v -1.62045293 -10.50070712 -1.84777243
v -1.70076380 -10.50070712 -1.70076380
v -1.76939120 -10.50070712 -1.55171444
v -1.82831897 -10.50070712 -1.40291849
v -1.88019542 -10.50070712 -1.25630641
v -1.92812850 -10.50070712 -1.11320551
v -1.97539149 -10.50070712 -0.97415528
v -2.02506801 -10.50070712 -0.83881064
v -2.07967633 -10.50070712 -0.70595499
v -2.14081982 -10.50070712 -0.57363094
v -2.20891033 -10.50070712 -0.43937958
v -2.28300515 -10.50070712 -0.30056333
v -2.36078586 -10.50070712 -0.15473408
v -2.43869058 -10.50070712 -0.00000000
v -2.51219201 -10.50070712 0.16465776
v -2.57619463 -10.50070712 0.33916246
v -2.62550867 -10.50070712 0.52224615
v -2.65534739 -10.50070712 0.71149819
v -2.66179010 -10.50070712 0.90355599
v -2.64215671 -10.50070712 1.09441715
v -2.59525012 -10.50070712 1.27983572
v -2.52143866 -10.50070712 1.45575329
v -2.42257111 -10.50070712 1.61871027
v -2.30173726 -10.50070712 1.76618512
v -2.16290623 -10.50070712 1.89681786
v -2.01048963 -10.50070712 2.01048963
v -1.84888460 -10.50070712 2.10824883
v -1.68205336 -10.50070712 2.19209461
v -1.51318886 -10.50070712 2.26464716
v -1.34450383 -10.50070712 2.32874894
v -1.17716263 -10.50070712 2.38704967
v -1.01135600 -10.50070712 2.44162936
v -0.84649969 -10.50070712 2.49370766
v -0.68152226 -10.50070712 2.54347569
v -0.51519686 -10.50070712 2.59006951
v -0.34646792 -10.50070712 2.63168516
v -0.17472683 -10.50070712 2.66581631
v -0.00000000 -10.50070712 2.68958016
v 0.17697298 -10.50070712 2.70008598
v 0.35477676 -10.50070712 2.69479701
v 0.53146178 -10.50070712 2.67183879
v 0.70476426 -10.50070712 2.63021603
v 0.87236823 -10.50070712 2.56991393
v 1.03216904 -10.50070712 2.49187649
v 1.18249928 -10.50070712 2.39787133
v 1.32228520 -10.50070712 2.29026515
v 1.45111367 -10.50070712 2.17174508
v 1.56920383 -10.50070712 2.04502625
v 1.67729218 -10.50070712 1.91258517
v 1.77645257 -10.50070712 1.77645257
v 1.86788143 -10.50070712 1.63808805
v 1.95268258 -10.50070712 1.49834604
v 2.03168438 -10.50070712 1.35752810
v 2.10531571 -10.50070712 1.21550459
v 2.17355678 -10.50070712 1.07187959
v 2.23596825 -10.50070712 0.92616837
v 2.29178969 -10.50070712 0.77795777
v 2.34008751 -10.50070712 0.62702456
v 2.37992526 -10.50070712 0.47339657
v 2.41052637 -10.50070712 0.31735182
v 2.43140177 -10.50070712 0.15936249
v 2.44595230 -9.98847751 0.00000000
v 2.44839513 -9.98847751 -0.16047630
v 2.44174217 -9.98847751 -0.32146146
v 2.42668486 -9.98847751 -0.48269763
v 2.40392369 -9.98847751 -0.64412941
v 2.37400640 -9.98847751 -0.80586658
v 2.33718861 -9.98847751 -0.96809522
v 2.29334119 -9.98847751 -1.13095072
v 2.24192131 -9.98847751 -1.29437387
v 2.18201372 -9.98847751 -1.45797495
v 2.11243788 -9.98847751 -1.62093059
v 2.03190589 -9.98847751 -1.78193364
v 1.93920839 -9.98847751 -1.93920839
v 1.83340109 -9.98847751 -2.09059327
v 1.71396485 -9.98847751 -2.23368248
v 1.58091633 -9.98847751 -2.36600849
v 1.43485426 -9.98847751 -2.48524047
v 1.27693660 -9.98847751 -2.58937128
v 1.10879436 -9.98847751 -2.67686638
v 0.93239757 -9.98847751 -2.74675468
v 0.74989588 -9.98847751 -2.79864953
v 0.56345896 -9.98847751 -2.83269947
v 0.37514104 -9.98847751 -2.84947913
v 0.18678839 -9.98847751 -2.84984005
v 0.00000000 -9.98847751 -2.83474749
v -0.18385799 -9.98847751 -2.80513088
v -0.36359435 -9.98847751 -2.76177332
v -0.53810932 -9.98847751 -2.70525821
v -0.70630907 -9.98847751 -2.63598132
v -0.86704246 -9.98847751 -2.55422472
v -1.01908047 -9.98847751 -2.46027789
v -1.16115146 -9.98847751 -2.35458224
v -1.29203466 -9.98847751 -2.23786967
v -1.41070264 -9.98847751 -2.11126571
v -1.51649281 -9.98847751 -1.97633190
v -1.60927924 -9.98847751 -1.83503128
v -1.68961283 -9.98847751 -1.68961283
v -1.75879809 -9.98847751 -1.54242453
v -1.81888201 -9.98847751 -1.39567725
v -1.87254097 -9.98847751 -1.25119188
v -1.92286615 -9.98847751 -1.11016729
v -1.97306308 -9.98847751 -0.97300704
v -2.02609559 -9.98847751 -0.83923627
v -2.08431476 -9.98847751 -0.70752952
v -2.14911987 -9.98847751 -0.57585493
v -2.22069746 -9.98847751 -0.44172419
v -2.29787757 -9.98847751 -0.30252132
v -2.37813362 -9.98847751 -0.15587111
v -2.45773491 -9.98847751 -0.00000000
v -2.53204178 -9.98847751 0.16595879
v -2.59591481 -9.98847751 0.34175867
v -2.64419385 -9.98847751 0.52596286
v -2.67219292 -9.98847751 0.71601194
v -2.67615334 -9.98847751 0.90843165
v -2.65360213 -9.98847751 1.09915799
v -2.60357360 -9.98847751 1.28394041
v -2.52666902 -9.98847751 1.45877304
v -2.42494921 -9.98847751 1.62029926
v -2.30167588 -9.98847751 1.76613802
v -2.16093600 -9.98847751 1.89509001
v -2.00719756 -9.98847751 2.00719756
v -1.84485279 -9.98847751 2.10365142
v -1.67780451 -9.98847751 2.18655740
v -1.50914472 -9.98847751 2.25859469
v -1.34096024 -9.98847751 2.32261127
v -1.17428282 -9.98847751 2.38121000
v -1.00918130 -9.98847751 2.43637918
v -0.84497463 -9.98847751 2.48921500
v -0.68052933 -9.98847751 2.53977005
v -0.51459521 -9.98847751 2.58704483
v -0.34613020 -9.98847751 2.62911989
v -0.17456895 -9.98847751 2.66340750
v -0.00000000 -9.98847751 2.68698652
v 0.17676904 -9.98847751 2.69697437
v 0.35426188 -9.98847751 2.69088611
v 0.53048628 -9.98847751 2.66693463
v 0.70316174 -9.98847751 2.62423532
v 0.86998489 -9.98847751 2.56289285
v 1.02889184 -9.98847751 2.48396463
v 1.17827850 -9.98847751 2.38931244
v 1.31714842 -9.98847751 2.28136799
v 1.44516924 -9.98847751 2.16284861
v 1.56263377 -9.98847751 2.03646398
v 1.67033600 -9.98847751 1.90465317
v 1.76938462 -9.98847751 1.76938462
v 1.86098538 -9.98847751 1.63204038
v 1.94622678 -9.98847751 1.49339233
v 2.02590139 -9.98847751 1.35366403
v 2.10038869 -9.98847751 1.21265997
v 2.16961380 -9.98847751 1.06993512
v 2.23308469 -9.98847751 0.92497396
v 2.28999720 -9.98847751 0.77734930
v 2.33938727 -9.98847751 0.62683693
v 2.38030261 -9.98847751 0.47347163
v 2.41196376 -9.98847751 0.31754105
v 2.43388753 -9.98847751 0.15952542
v 2.44982004 -9.47624789 0.00000000
v 2.45328759 -9.47624789 -0.16079696
v 2.44765046 -9.47624789 -0.32223930
v 2.43358217 -9.47624789 -0.48406959
v 2.41175090 -9.47624789 -0.64622671
v 2.38265946 -9.47624789 -0.80880390
v 2.34651042 -9.47624789 -0.97195644
v 2.30312004 -9.47624789 -1.13577312
v 2.25189698 -9.47624789 -1.30013333
v 2.19189113 -9.47624789 -1.46457483
v 2.12190707 -9.47624789 -1.62819656
v 2.04066600 -9.47624789 -1.78961606
v 1.94699275 -9.47624789 -1.94699275
v 1.84000020 -9.47624789 -2.09811811
v 1.71924450 -9.47624789 -2.24056305
v 1.58482854 -9.47624789 -2.37186353
v 1.43744003 -9.47624789 -2.48971916
v 1.27832027 -9.47624789 -2.59217709
v 1.10917085 -9.47624789 -2.67777530
v 0.93201441 -9.47624789 -2.74562591
v 0.74903266 -9.47624789 -2.79542794
v 0.56240688 -9.47624789 -2.82741032
v 0.37418491 -9.47624789 -2.84221657
v 0.18619272 -9.47624789 -2.84075188
v 0.00000000 -9.47624789 -2.82401883
v -0.18306090 -9.47624789 -2.79296966
v -0.36183367 -9.47624789 -2.74839956
v -0.53525301 -9.47624789 -2.69089859
v -0.70225971 -9.47624789 -2.62086893
v -0.86173966 -9.47624789 -2.53860318
v -1.01250683 -9.47624789 -2.44440772
v -1.15334227 -9.47624789 -2.33874677
v -1.28309040 -9.47624789 -2.22237776
v -1.40080234 -9.47624789 -2.09644885
v -1.50590533 -9.47624789 -1.96253404
v -1.59836946 -9.47624789 -1.82259106
v -1.67883940 -9.47624789 -1.67883940
v -1.74870059 -9.47624789 -1.53356926
v -1.81005626 -9.47624789 -1.38890502
v -1.86560294 -9.47624789 -1.24655603
v -1.91840662 -9.47624789 -1.10759258
v -1.97159702 -9.47624789 -0.97228405
v -2.02801103 -9.47624789 -0.84002968
v -2.08982729 -9.47624789 -0.70940077
v -2.15823823 -9.47624789 -0.57829819
v -2.23320528 -9.47624789 -0.44421215
v -2.31333472 -9.47624789 -0.30455629
v -2.39589835 -9.47624789 -0.15703547
v -2.47700590 -9.47624789 -0.00000000
v -2.55191663 -9.47624789 0.16726145
v -2.61545942 -9.47624789 0.34433177
v -2.66251600 -9.47624789 0.52960736
v -2.68851217 -9.47624789 0.72038466
v -2.68986021 -9.47624789 0.91308450
v -2.66430026 -9.47624789 1.10358930
v -2.61110075 -9.47624789 1.28765239
v -2.53109506 -9.47624789 1.46132841
v -2.42655205 -9.47624789 1.62137025
v -2.30089876 -9.47624789 1.76554171
v -2.15833155 -9.47624789 1.89280597
v -2.00336564 -9.47624789 2.00336564
v -1.84037921 -9.47624789 2.09855029
v -1.67320784 -9.47624789 2.18056692
v -1.50483643 -9.47624789 2.25214687
v -1.33722200 -9.47624789 2.31613644
v -1.17126221 -9.47624789 2.37508482
v -1.00690476 -9.47624789 2.43088312
v -0.84337427 -9.47624789 2.48450048
v -0.67947887 -9.47624789 2.53584966
v -0.51394911 -9.47624789 2.58379665
v -0.34576023 -9.47624789 2.62630971
v -0.17439309 -9.47624789 2.66072444
v -0.00000000 -9.47624789 2.68408719
v 0.17654325 -9.47624789 2.69352942
v 0.35370068 -9.47624789 2.68662339
v 0.52943978 -9.47624789 2.66167352
v 0.70146644 -9.47624789 2.61790841
v 0.86749327 -9.47624789 2.55555277
v 1.02550006 -9.47624789 2.47577616
v 1.17394828 -9.47624789 2.38053162
v 1.31191980 -9.47624789 2.27231175
v 1.43916281 -9.47624789 2.15385936
v 1.55604236 -9.47624789 2.02787388
v 1.66340736 -9.47624789 1.89675257
v 1.76239815 -9.47624789 1.76239815
v 1.85422630 -9.47624789 1.62611282
v 1.93996156 -9.47624789 1.48858486
v 2.02035788 -9.47624789 1.34995998
v 2.09574313 -9.47624789 1.20997786
v 2.16598610 -9.47624789 1.06814614
v 2.23054156 -9.47624789 0.92392056
v 2.28856185 -9.47624789 0.77686207
v 2.33905311 -9.47624789 0.62674739
v 2.38104796 -9.47624789 0.47361989
v 2.41376470 -9.47624789 0.31777815
v 2.43672637 -9.47624789 0.15971148
v 2.45401694 -8.96401828 0.00000000
v 2.45848263 -8.96401828 -0.16113747
v 2.45382736 -8.96401828 -0.32305250
v 2.44070592 -8.96401828 -0.48548659
v 2.41975369 -8.96401828 -0.64837105
v 2.39142859 -8.96401828 -0.81178062
v 2.35588093 -8.96401828 -0.97583783
v 2.31287409 -8.96401828 -1.14058328
v 2.26177077 -8.96401828 -1.30583396
v 2.20158943 -8.96401828 -1.47105503
v 2.13112361 -8.96401828 -1.63526866
v 2.04910767 -8.96401828 -1.79701919
v 1.95440435 -8.96401828 -1.95440435
v 1.84618691 -8.96401828 -2.10517271
v 1.72408899 -8.96401828 -2.24687652
v 1.58830077 -8.96401828 -2.37706009
v 1.43959871 -8.96401828 -2.49345810
v 1.27930604 -8.96401828 -2.59417603
v 1.10919247 -8.96401828 -2.67782751
v 0.93133007 -8.96401828 -2.74360993
v 0.74792895 -8.96401828 -2.79130886
v 0.56117822 -8.96401828 -2.82123343
v 0.37311568 -8.96401828 -2.83409498
v 0.18554375 -8.96401828 -2.83085062
v 0.00000000 -8.96401828 -2.81253819
v -0.18221938 -8.96401828 -2.78013053
v -0.35999492 -8.96401828 -2.73443289
v -0.53229746 -8.96401828 -2.67604003
v -0.69810381 -8.96401828 -2.60535888
v -0.85633817 -8.96401828 -2.52269089
v -1.00585862 -8.96401828 -2.42835752
v -1.14549973 -8.96401828 -2.32284366
v -1.27417145 -8.96401828 -2.20692968
v -1.39100302 -8.96401828 -2.08178314
v -1.49551010 -8.96401828 -1.94898671
v -1.58775598 -8.96401828 -1.81048870
v -1.66847490 -8.96401828 -1.66847490
v -1.73912755 -8.96401828 -1.52517392
v -1.80186639 -8.96401828 -1.38262071
v -1.85940021 -8.96401828 -1.24241150
v -1.91476162 -8.96401828 -1.10548814
v -1.97099659 -8.96401828 -0.97198795
v -2.03080842 -8.96401828 -0.84118839
v -2.09619846 -8.96401828 -0.71156349
v -2.16815009 -8.96401828 -0.58095406
v -2.24640044 -8.96401828 -0.44683683
v -2.32933599 -8.96401828 -0.30666290
v -2.41403397 -8.96401828 -0.15822415
v -2.49645415 -8.96401828 -0.00000000
v -2.57176613 -8.96401828 0.16856246
v -2.63477943 -8.96401828 0.34687529
v -2.68042967 -8.96401828 0.53317061
v -2.70426520 -8.96401828 0.72460568
v -2.70287775 -8.96401828 0.91750336
v -2.67422606 -8.96401828 1.10770070
v -2.61781476 -8.96401828 1.29096337
v -2.53470796 -8.96401828 1.46341433
v -2.42737810 -8.96401828 1.62192219
v -2.29941048 -8.96401828 1.76439972
v -2.15510222 -8.96401828 1.88997392
v -1.99900637 -8.96401828 1.99900637
v -1.83547814 -8.96401828 2.09296169
v -1.66827801 -8.96401828 2.17414223
v -1.50027792 -8.96401828 2.24532458
v -1.33330157 -8.96401828 2.30934606
v -1.16811136 -8.96401828 2.36869551
v -1.00453482 -8.96401828 2.42516158
v -0.84170503 -8.96401828 2.47958307
v -0.67837552 -8.96401828 2.53173190
v -0.51326172 -8.96401828 2.58034093
v -0.34535998 -8.96401828 2.62326953
v -0.17420021 -8.96401828 2.65778165
v -0.00000000 -8.96401828 2.68089693
v 0.17629663 -8.96401828 2.68976683
v 0.35309543 -8.96401828 2.68202608
v 0.52832609 -8.96401828 2.65607464
v 0.69968408 -8.96401828 2.61125654
v 0.86490125 -8.96401828 2.54791693
v 1.02200402 -8.96401828 2.46733597
v 1.16952144 -8.96401828 2.37155488
v 1.30661461 -8.96401828 2.26312289
v 1.43311186 -8.96401828 2.14480347
v 1.54944881 -8.96401828 2.01928100
v 1.65652669 -8.96401828 1.88890667
v 1.75551414 -8.96401828 1.75551414
v 1.84762502 -8.96401828 1.62032365
v 1.93390698 -8.96401828 1.48393902
v 2.01507248 -8.96401828 1.34642838
v 2.09139573 -8.96401828 1.20746789
v 2.16268798 -8.96401828 1.06651968
v 2.22835048 -8.96401828 0.92301299
v 2.28749237 -8.96401828 0.77649903
v 2.33909068 -8.96401828 0.62675746
v 2.38216377 -8.96401828 0.47384184
v 2.41592844 -8.96401828 0.31806301
v 2.43991427 -8.96401828 0.15992043
v 2.45853431 -8.45178866 0.00000000
v 2.46396842 -8.45178866 -0.16149702
v 2.46025794 -8.45178866 -0.32389910
v 2.44803832 -8.45178866 -0.48694510
v 2.42791169 -8.45178866 -0.65055698
v 2.40029124 -8.45178866 -0.81478908
v 2.36527598 -8.45178866 -0.97972939
v 2.32257818 -8.45178866 -1.14536881
v 2.27151736 -8.45178866 -1.31146116
v 2.21108391 -8.45178866 -1.47739903
v 2.14006423 -8.45178866 -1.64212904
v 2.05720978 -8.45178866 -1.80412455
v 1.96142493 -8.45178866 -1.96142493
v 1.85194630 -8.45178866 -2.11174002
v 1.72848699 -8.45178866 -2.25260810
v 1.59132533 -8.45178866 -2.38158666
v 1.44132606 -8.45178866 -2.49644997
v 1.27989275 -8.45178866 -2.59536575
v 1.10886059 -8.45178866 -2.67702627
v 0.93034771 -8.45178866 -2.74071597
v 0.74658889 -8.45178866 -2.78630768
v 0.55977726 -8.45178866 -2.81419033
v 0.37193697 -8.45178866 -2.82514179
v 0.18484365 -8.45178866 -2.82016917
v 0.00000000 -8.45178866 -2.80034338
v -0.18133619 -8.45178866 -2.76665558
v -0.35808411 -8.45178866 -2.71991888
v -0.52925227 -8.45178866 -2.66073083
v -0.69385478 -8.45178866 -2.58950129
v -0.85085529 -8.45178866 -2.50653884
v -0.99915692 -8.45178866 -2.41217819
v -1.13764840 -8.45178866 -2.30692274
v -1.26530534 -8.45178866 -2.19157313
v -1.38133446 -8.45178866 -2.06731311
v -1.48533811 -8.45178866 -1.93573031
v -1.57746983 -8.45178866 -1.79875960
v -1.65854901 -8.45178866 -1.65854901
v -1.73010575 -8.45178866 -1.51726202
v -1.79433473 -8.45178866 -1.37684146
v -1.85394912 -8.45178866 -1.23876920
v -1.91194007 -8.45178866 -1.10385912
v -1.97126224 -8.45178866 -0.97211896
v -2.03447899 -8.45178866 -0.84270879
v -2.10341010 -8.45178866 -0.71401152
v -2.17882820 -8.45178866 -0.58381526
v -2.26024748 -8.45178866 -0.44959118
v -2.34583910 -8.45178866 -0.30883558
v -2.43249325 -8.45178866 -0.15943403
v -2.51602966 -8.45178866 -0.00000000
v -2.59153987 -8.45178866 0.16985850
v -2.65382634 -8.45178866 0.34938287
v -2.69789045 -8.45178866 0.53664378
v -2.71941354 -8.45178866 0.72866466
v -2.71517476 -8.45178866 0.92167764
v -2.68335642 -8.45178866 1.11148262
v -2.62370083 -8.45178866 1.29386606
v -2.53750094 -8.45178866 1.46502685
v -2.42742772 -8.45178866 1.62195535
v -2.29721737 -8.45178866 1.76271688
v -2.15125882 -8.45178866 1.88660335
v -1.99413355 -8.45178866 1.99413355
v -1.83016480 -8.45178866 2.08690298
v -1.66303038 -8.45178866 2.16730338
v -1.49548367 -8.45178866 2.23814948
v -1.32921178 -8.45178866 2.30226234
v -1.16484102 -8.45178866 2.36206392
v -1.00208008 -8.45178866 2.41923533
v -0.83997346 -8.45178866 2.47448201
v -0.67722400 -8.45178866 2.52743438
v -0.51253627 -8.45178866 2.57669381
v -0.34493145 -8.45178866 2.62001449
v -0.17399127 -8.45178866 2.65459387
v -0.00000000 -8.45178866 2.67743080
v 0.17603025 -8.45178866 2.68570267
v 0.35244846 -8.45178866 2.67711181
v 0.52714911 -8.45178866 2.65015754
v 0.69782044 -8.45178866 2.60430134
v 0.86221683 -8.45178866 2.54000887
v 1.01841412 -8.45178866 2.45866918
v 1.16501085 -8.45178866 2.36240830
v 1.30124806 -8.45178866 2.25382776
v 1.42703367 -8.45178866 2.13570681
v 1.54287205 -8.45178866 2.01071000
v 1.64971396 -8.45178866 1.88113824
v 1.74875297 -8.45178866 1.74875297
v 1.84120164 -8.45178866 1.61469050
v 1.92808217 -8.45178866 1.47946948
v 2.01006275 -8.45178866 1.34308099
v 2.08736199 -8.45178866 1.20513901
v 2.15973249 -8.45178866 1.06506220
v 2.22652174 -8.45178866 0.92225550
v 2.28679606 -8.45178866 0.77626266
v 2.33950416 -8.45178866 0.62686825
v 2.38365108 -8.45178866 0.47413768
v 2.41845278 -8.45178866 0.31839535
v 2.44344578 -8.45178866 0.16015190
v 2.46336221 -7.93955904 0.00000000
v 2.46973190 -7.93955904 -0.16187478
v 2.46692625 -7.93955904 -0.32477700
v 2.45556067 -7.93955904 -0.48844139
v 2.43620378 -7.93955904 -0.65277884
v 2.40922434 -7.93955904 -0.81782146
v 2.37467108 -7.93955904 -0.98362097
v 2.33220713 -7.93955904 -1.15011728
v 2.28111160 -7.93955904 -1.31700040
v 2.22035026 -7.93955904 -1.48359062
v 2.14870628 -7.93955904 -1.64876032
v 2.06495207 -7.93955904 -1.81091437
v 1.96803722 -7.93955904 -1.96803722
v 1.85726449 -7.93955904 -2.11780426
v 1.73242829 -7.93955904 -2.25774451
v 1.59389566 -7.93955904 -2.38543343
v 1.44261897 -7.93955904 -2.49868935
v 1.28008026 -7.93955904 -2.59574600
v 1.10817744 -7.93955904 -2.67537699
v 0.92907120 -7.93955904 -2.73695551
v 0.74501721 -7.93955904 -2.78044206
v 0.55820872 -7.93955904 -2.80630473
v 0.37065266 -7.93955904 -2.81538646
v 0.18409470 -7.93955904 -2.80874230
v 0.00000000 -7.93955904 -2.78747388
v -0.18041417 -7.93955904 -2.75258827
v -0.35610740 -7.93955904 -2.70490424
v -0.52612720 -7.93955904 -2.64502007
v -0.68952618 -7.93955904 -2.57334672
v -0.84530837 -7.93955904 -2.49019816
v -0.99242273 -7.93955904 -2.39592042
v -1.12981257 -7.93955904 -2.29103326
v -1.25651909 -7.93955904 -2.17635491
v -1.37182561 -7.93955904 -2.05308211
v -1.47541927 -7.93955904 -1.92280382
v -1.56754063 -7.93955904 -1.78743752
v -1.64908967 -7.93955904 -1.64908967
v -1.72165994 -7.93955904 -1.50985524
v -1.78748125 -7.93955904 -1.37158260
v -1.84926340 -7.93955904 -1.23563830
v -1.90994817 -7.93955904 -1.10270909
v -1.97239162 -7.93955904 -0.97267590
v -2.03901126 -7.93955904 -0.84458612
v -2.11144148 -7.93955904 -0.71673780
v -2.19024300 -7.93955904 -0.58687384
v -2.27470898 -7.93955904 -0.45246775
v -2.36280033 -7.93955904 -0.31106856
v -2.45122802 -7.93955904 -0.16066197
v -2.53568203 -7.93955904 -0.00000000
v -2.61118759 -7.93955904 0.17114628
v -2.67255234 -7.93955904 0.35184819
v -2.71485511 -7.93955904 0.54001826
v -2.73392025 -7.93955904 0.73255172
v -2.72672189 -7.93955904 0.92559736
v -2.69167026 -7.93955904 1.11492633
v -2.62874628 -7.93955904 1.29635421
v -2.53946925 -7.93955904 1.46616326
v -2.42670320 -7.93955904 1.62147124
v -2.29432746 -7.93955904 1.76049938
v -2.14681364 -7.93955904 1.88270504
v -1.98876214 -7.93955904 1.98876214
v -1.82445536 -7.93955904 2.08039262
v -1.65748103 -7.93955904 2.16007133
v -1.49046864 -7.93955904 2.23064395
v -1.32496579 -7.93955904 2.29490806
v -1.16146218 -7.93955904 2.35521231
v -0.99954927 -7.93955904 2.41312540
v -0.83818613 -7.93955904 2.46921673
v -0.67602907 -7.93955904 2.52297485
v -0.51177598 -7.93955904 2.57287162
v -0.34447665 -7.93955904 2.61655996
v -0.17376726 -7.93955904 2.65117614
v -0.00000000 -7.93955904 2.67370422
v 0.17574518 -7.93955904 2.68135337
v 0.35176212 -7.93955904 2.67189860
v 0.52591279 -7.93955904 2.64394213
v 0.69588140 -7.93955904 2.59706473
v 0.85944807 -7.93955904 2.53185238
v 1.01474080 -7.93955904 2.44980099
v 1.16042936 -7.93955904 2.35311796
v 1.29583532 -7.93955904 2.24445260
v 1.42094536 -7.93955904 2.12659502
v 1.53633069 -7.93955904 2.00218514
v 1.64298870 -7.93955904 1.87346955
v 1.74213441 -7.93955904 1.74213441
v 1.83497547 -7.93955904 1.60923030
v 1.92250534 -7.93955904 1.47519023
v 2.00534523 -7.93955904 1.33992884
v 2.08365624 -7.93955904 1.20299949
v 2.15713138 -7.93955904 1.06377947
v 2.22506422 -7.93955904 0.92165178
v 2.28647877 -7.93955904 0.77615496
v 2.34029630 -7.93955904 0.62708050
v 2.38550943 -7.93955904 0.47450733
v 2.42133408 -7.93955904 0.31877468
v 2.44731409 -7.93955904 0.16040544
v 2.46848942 -7.42732943 0.00000000
v 2.47575892 -7.42732943 -0.16226981
v 2.47381530 -7.42732943 -0.32568396
v 2.46325344 -7.42732943 -0.48997157
v 2.44460824 -7.42732943 -0.65503080
v 2.41820439 -7.42732943 -0.82086978
v 2.38404157 -7.42732943 -0.98750235
v 2.34173580 -7.42732943 -1.15481630
v 2.29052862 -7.42732943 -1.32243731
v 2.22936471 -7.42732943 -1.48961388
v 2.15702781 -7.42732943 -1.65514565
v 2.07231518 -7.42732943 -1.81737164
v 1.97422498 -7.42732943 -1.97422498
v 1.86212878 -7.42732943 -2.12335092
v 1.73590388 -7.42732943 -2.26227399
v 1.59600639 -7.42732943 -2.38859236
v 1.44347543 -7.42732943 -2.50017279
v 1.27986949 -7.42732943 -2.59531859
v 1.10714618 -7.42732943 -2.67288732
v 0.92750522 -7.42732943 -2.73234226
v 0.74321920 -7.42732943 -2.77373183
v 0.55647772 -7.42732943 -2.79760243
v 0.36926688 -7.42732943 -2.80486042
v 0.18329928 -7.42732943 -2.79660657
v 0.00000000 -7.42732943 -2.77397071
v -0.17945626 -7.42732943 -2.73797338
v -0.35407105 -7.42732943 -2.68943665
v -0.52293216 -7.42732943 -2.62895748
v -0.68513163 -7.42732943 -2.55694606
v -0.83971476 -7.42732943 -2.47371992
v -0.98567690 -7.42732943 -2.37963453
v -1.12201619 -7.42732943 -2.27522376
v -1.24783915 -7.42732943 -2.16132080
v -1.36250459 -7.42732943 -2.03913222
v -1.46578231 -7.42732943 -1.91024470
v -1.55799653 -7.42732943 -1.77655455
v -1.64012301 -7.42732943 -1.64012301
v -1.71381274 -7.42732943 -1.50297343
v -1.78132356 -7.42732943 -1.36685764
v -1.84535420 -7.42732943 -1.23302626
v -1.90878941 -7.42732943 -1.10204008
v -1.97437963 -7.42732943 -0.97365629
v -2.04439107 -7.42732943 -0.84681451
v -2.12026937 -7.42732943 -0.71973447
v -2.20236275 -7.42732943 -0.59012132
v -2.28974577 -7.42732943 -0.45545875
v -2.38017459 -7.42732943 -0.31335593
v -2.47018932 -7.42732943 -0.16190476
v -2.55536065 -7.42732943 -0.00000000
v -2.63065937 -7.42732943 0.17242252
v -2.69091048 -7.42732943 0.35426509
v -2.73128171 -7.42732943 0.54328571
v -2.74775008 -7.42732943 0.73625741
v -2.73749171 -7.42732943 0.92925322
v -2.69914858 -7.42732943 1.11802395
v -2.63294054 -7.42732943 1.29842259
v -2.54061021 -7.42732943 1.46682199
v -2.42520875 -7.42732943 1.62047268
v -2.29075050 -7.42732943 1.75775468
v -2.14178043 -7.42732943 1.87829103
v -1.98290831 -7.42732943 1.98290831
v -1.81836691 -7.42732943 2.07345007
v -1.65164670 -7.42732943 2.15246788
v -1.48524824 -7.42732943 2.22283107
v -1.32057703 -7.42732943 2.28730651
v -1.15798598 -7.42732943 2.34816327
v -0.99695119 -7.42732943 2.40685309
v -0.83634973 -7.42732943 2.46380685
v -0.67479554 -7.42732943 2.51837123
v -0.51098415 -7.42732943 2.56889082
v -0.34399763 -7.42732943 2.61292145
v -0.17352918 -7.42732943 2.64754367
v -0.00000000 -7.42732943 2.66973282
v 0.17544252 -7.42732943 2.67673566
v 0.35103885 -7.42732943 2.66640477
v 0.52462116 -7.42732943 2.63744866
v 0.69387290 -7.42732943 2.58956890
v 0.85660312 -7.42732943 2.52347142
v 1.01099454 -7.42732943 2.44075673
v 1.15578983 -7.42732943 2.34370992
v 1.29039140 -7.42732943 2.23502347
v 1.41486383 -7.42732943 2.11749337
v 1.52984301 -7.42732943 1.99373023
v 1.63636994 -7.42732943 1.86592230
v 1.73567757 -7.42732943 1.73567757
v 1.82896504 -7.42732943 1.60395929
v 1.91719375 -7.42732943 1.47111450
v 2.00093532 -7.42732943 1.33698224
v 2.08029158 -7.42732943 1.20105690
v 2.15489509 -7.42732943 1.06267666
v 2.22398546 -7.42732943 0.92120494
v 2.28654499 -7.42732943 0.77617744
v 2.34146843 -7.42732943 0.62739457
v 2.38773699 -7.42732943 0.47495042
v 2.42456734 -7.42732943 0.31920035
v 2.45151106 -7.42732943 0.16068052
v 2.47390357 -6.91509981 0.00000000
v 2.48203426 -6.91509981 -0.16268112
v 2.48090722 -6.91509981 -0.32661763
v 2.47109636 -6.91509981 -0.49153163
v 2.45310275 -6.91509981 -0.65730690
v 2.42720756 -6.91509981 -0.82392594
v 2.39336267 -6.91509981 -0.99136328
v 2.35113916 -6.91509981 -1.15945352
v 2.29974391 -6.91509981 -1.32775776
v 2.23810405 -6.91509981 -1.49545331
v 2.16500770 -6.91509981 -1.66126884
v 2.07928069 -6.91509981 -1.82348023
v 1.97997305 -6.91509981 -1.97997305
v 1.86652762 -6.91509981 -2.12836684
v 1.73890595 -6.91509981 -2.26618635
v 1.59765335 -6.91509981 -2.39105721
v 1.44389459 -6.91509981 -2.50089879
v 1.27926235 -6.91509981 -2.59408743
v 1.10577086 -6.91509981 -2.66956701
v 0.92565513 -6.91509981 -2.72689208
v 0.74120077 -6.91509981 -2.76619894
v 0.55458982 -6.91509981 -2.78811129
v 0.36778402 -6.91509981 -2.79359700
v 0.18245990 -6.91509981 -2.78380019
v 0.00000000 -6.91509981 -2.75987632
v -0.17846546 -6.91509981 -2.72285680
v -0.35198146 -6.91509981 -2.67356463
v -0.51967712 -6.91509981 -2.61259332
v -0.68068483 -6.91509981 -2.54035036
v -0.83409174 -6.91509981 -2.45715504
v -0.97894005 -6.91509981 -2.36337033
v -1.11428280 -6.91509981 -2.25954199
v -1.23929130 -6.91509981 -2.14651549
v -1.35339859 -6.91509981 -2.02550413
v -1.45645477 -6.91509981 -1.89808882
v -1.54886412 -6.91509981 -1.76614104
v -1.63167332 -6.91509981 -1.63167332
v -1.70658463 -6.91509981 -1.49663455
v -1.77587688 -6.91509981 -1.36267826
v -1.84223013 -6.91509981 -1.23093882
v -1.90846460 -6.91509981 -1.10185255
v -1.97721853 -6.91509981 -0.97505628
v -2.05060169 -6.91509981 -0.84938703
v -2.12986818 -6.91509981 -0.72299282
v -2.21515365 -6.91509981 -0.59354863
v -2.30531702 -6.91509981 -0.45855607
v -2.39791570 -6.91509981 -0.31569159
v -2.48932759 -6.91509981 -0.16315915
v -2.57501486 -6.91509981 -0.00000000
v -2.64990578 -6.91509981 0.17368400
v -2.70885482 -6.91509981 0.35662750
v -2.74712976 -6.91509981 0.54643808
v -2.76086955 -6.91509981 0.73977277
v -2.74745884 -6.91509981 0.93263660
v -2.70577454 -6.91509981 1.12076851
v -2.63627521 -6.91509981 1.30006706
v -2.54092322 -6.91509981 1.46700270
v -2.42295046 -6.91509981 1.61896374
v -2.28649790 -6.91509981 1.75449154
v -2.13617432 -6.91509981 1.87337460
v -1.97658932 -6.91509981 1.97658932
v -1.81191738 -6.91509981 2.06609580
v -1.64554474 -6.91509981 2.14451566
v -1.47983831 -6.91509981 2.21473454
v -1.31605922 -6.91509981 2.27948144
v -1.15442372 -6.91509981 2.34093974
v -0.99429475 -6.91509981 2.40043986
v -0.83447093 -6.91509981 2.45827209
v -0.67352821 -6.91509981 2.51364152
v -0.51016407 -6.91509981 2.56476798
v -0.34349646 -6.91509981 2.60911462
v -0.17327803 -6.91509981 2.64371191
v -0.00000000 -6.91509981 2.66553250
v 0.17512339 -6.91509981 2.67186656
v 0.35028108 -6.91509981 2.66064893
v 0.52327829 -6.91509981 2.63069763
v 0.69180095 -6.91509981 2.58183629
v 0.85369015 -6.91509981 2.51489010
v 1.00718585 -6.91509981 2.43156173
v 1.15110504 -6.91509981 2.33421011
v 1.28493122 -6.91509981 2.22556616
v 1.40880573 -6.91509981 2.10842677
v 1.52342688 -6.91509981 1.98536857
v 1.62987616 -6.91509981 1.85851757
v 1.72940087 -6.91509981 1.72940087
v 1.82318799 -6.91509981 1.59889295
v 1.91216365 -6.91509981 1.46725477
v 1.99684732 -6.91509981 1.33425072
v 2.07727991 -6.91509981 1.19931811
v 2.15303277 -6.91509981 1.06175826
v 2.22329164 -6.91509981 0.92091755
v 2.28699779 -6.91509981 0.77633114
v 2.34302047 -6.91509981 0.62781044
v 2.39033054 -6.91509981 0.47546631
v 2.42814622 -6.91509981 0.31967151
v 2.45602730 -6.91509981 0.16097653
v 2.47959120 -6.40287020 0.00000000
v 2.48854173 -6.40287020 -0.16310764
v 2.48818330 -6.40287020 -0.32757555
v 2.47906850 -6.40287020 -0.49311738
v 2.46166459 -6.40287020 -0.65960104
v 2.43620979 -6.40287020 -0.82698179
v 2.40260962 -6.40287020 -0.99519349
v 2.36039242 -6.40287020 -1.16401673
v 2.30873343 -6.40287020 -1.33294787
v 2.24654576 -6.40287020 -1.50109388
v 2.17262568 -6.40287020 -1.66711432
v 2.08583124 -6.40287020 -1.82922490
v 1.98526745 -6.40287020 -1.98526745
v 1.87045069 -6.40287020 -2.13284024
v 1.74142791 -6.40287020 -2.26947304
v 1.59883356 -6.40287020 -2.39282352
v 1.44387671 -6.40287020 -2.50086782
v 1.27826181 -6.40287020 -2.59205854
v 1.10405643 -6.40287020 -2.66542800
v 0.92352706 -6.40287020 -2.72062298
v 0.73896835 -6.40287020 -2.75786744
v 0.55255093 -6.40287020 -2.77786110
v 0.36620871 -6.40287020 -2.78163129
v 0.18157918 -6.40287020 -2.77036297
v 0.00000000 -6.40287020 -2.74523448
v -0.17744486 -6.40287020 -2.70728546
v -0.34984511 -6.40287020 -2.65733740
v -0.51637217 -6.40287020 -2.59597820
v -0.67619946 -6.40287020 -2.52361073
v -0.82845650 -6.40287020 -2.44055416
v -0.97223255 -6.40287020 -2.34717701
v -1.10663546 -6.40287020 -2.24403472
v -1.23090062 -6.40287020 -2.13198241
v -1.34453381 -6.40287020 -2.01223705
v -1.44746289 -6.40287020 -1.88637036
v -1.54016842 -6.40287020 -1.75622549
v -1.62376298 -6.40287020 -1.62376298
v -1.69999396 -6.40287020 -1.49085469
v -1.77115406 -6.40287020 -1.35905431
v -1.83989725 -6.40287020 -1.22938004
v -1.90897197 -6.40287020 -1.10214548
v -1.98089796 -6.40287020 -0.97687077
v -2.05762392 -6.40287020 -0.85229574
v -2.14021009 -6.40287020 -0.72650343
v -2.22858000 -6.40287020 -0.59714621
v -2.32138043 -6.40287020 -0.46175128
v -2.41597646 -6.40287020 -0.31806933
v -2.50859283 -6.40287020 -0.16442186
v -2.59459412 -6.40287020 -0.00000000
v -2.66887806 -6.40287020 0.17492751
v -2.72634055 -6.40287020 0.35892954
v -2.76236032 -6.40287020 0.54946763
v -2.77324708 -6.40287020 0.74308932
v -2.75659996 -6.40287020 0.93573960
v -2.71153348 -6.40287020 1.12315394
v -2.63874407 -6.40287020 1.30128457
v -2.54040974 -6.40287020 1.46670625
v -2.41993634 -6.40287020 1.61694976
v -2.28158270 -6.40287020 1.75071998
v -2.13001182 -6.40287020 1.86797024
v -1.96982354 -6.40287020 1.96982354
v -1.80512555 -6.40287020 2.05835119
v -1.63919310 -6.40287020 2.13623804
v -1.47425506 -6.40287020 2.20637862
v -1.31142629 -6.40287020 2.27145697
v -1.15078684 -6.40287020 2.33356487
v -0.99158889 -6.40287020 2.39390736
v -0.83255648 -6.40287020 2.45263229
v -0.67223194 -6.40287020 2.50880376
v -0.50931904 -6.40287020 2.56051973
v -0.34297519 -6.40287020 2.60515523
v -0.17301484 -6.40287020 2.63969641
v -0.00000000 -6.40287020 2.66111936
v 0.17478890 -6.40287020 2.66676330
v 0.34949130 -6.40287020 2.65464996
v 0.52188832 -6.40287020 2.62370977
v 0.68967161 -6.40287020 2.57388950
v 0.85071739 -6.40287020 2.50613263
v 1.00332521 -6.40287020 2.42224133
v 1.14638772 -6.40287020 2.32464434
v 1.27946951 -6.40287020 2.21610620
v 1.40278742 -6.40287020 2.09941973
v 1.51709977 -6.40287020 1.97712291
v 1.62352530 -6.40287020 1.85127579
v 1.72332201 -6.40287020 1.72332201
v 1.81766112 -6.40287020 1.59404602
v 1.90743030 -6.40287020 1.46362275
v 1.99309442 -6.40287020 1.33174311
v 2.07463189 -6.40287020 1.19778928
v 2.15155226 -6.40287020 1.06102816
v 2.22298759 -6.40287020 0.92079161
v 2.28783889 -6.40287020 0.77661666
v 2.34495100 -6.40287020 0.62832773
v 2.39328552 -6.40287020 0.47605409
v 2.43206309 -6.40287020 0.32018718
v 2.46085220 -6.40287020 0.16129277
v 2.48553778 -5.89064058 0.00000000
v 2.49526422 -5.89064058 -0.16354826
v 2.49562411 -5.89064058 -0.32855515
v 2.48714839 -5.89064058 -0.49472457
v 2.47027064 -5.89064058 -0.66190702
v 2.44518688 -5.89064058 -0.83002910
v 2.41175773 -5.89064058 -0.99898276
v 2.36947113 -5.89064058 -1.16849385
v 2.31747371 -5.89064058 -1.33799407
v 2.25466808 -5.89064058 -1.50652105
v 2.17986242 -5.89064058 -1.67266727
v 2.09195052 -5.89064058 -1.83459137
v 1.99009535 -5.89064058 -1.99009535
v 1.87388890 -5.89064058 -2.13676077
v 1.74346447 -5.89064058 -2.27212713
v 1.59954528 -5.89064058 -2.39388869
v 1.44342320 -5.89064058 -2.50008232
v 1.27687183 -5.89064058 -2.58923994
v 1.10200867 -5.89064058 -2.66048428
v 0.92112781 -5.89064058 -2.71355504
v 0.73652892 -5.89064058 -2.74876337
v 0.55036735 -5.89064058 -2.76688351
v 0.36454577 -5.89064058 -2.76900006
v 0.18065981 -5.89064058 -2.75633613
v 0.00000000 -5.89064058 -2.73009012
v -0.17639759 -5.89064058 -2.69130717
v -0.34766854 -5.89064058 -2.64080476
v -0.51302742 -5.89064058 -2.57916299
v -0.67168918 -5.89064058 -2.50677816
v -0.82282607 -5.89064058 -2.42396745
v -0.96557448 -5.89064058 -2.33110300
v -1.09909672 -5.89064058 -2.22874768
v -1.22269144 -5.89064058 -2.11776370
v -1.33593542 -5.89064058 -1.99936865
v -1.43883156 -5.89064058 -1.87512180
v -1.53193280 -5.89064058 -1.74683457
v -1.61641250 -5.89064058 -1.61641250
v -1.69405688 -5.89064058 -1.48564801
v -1.76716556 -5.89064058 -1.35599383
v -1.83835908 -5.89064058 -1.22835227
v -1.91030714 -5.89064058 -1.10291634
v -1.98540502 -5.89064058 -0.97909341
v -2.06543620 -5.89064058 -0.85553168
v -2.15126517 -5.89064058 -0.73025612
v -2.24260437 -5.89064058 -0.60090403
v -2.33789240 -5.89064058 -0.46503571
v -2.43430889 -5.89064058 -0.32048285
v -2.52793478 -5.89064058 -0.16568960
v -2.61404817 -5.89064058 -0.00000000
v -2.68752826 -5.89064058 0.17614991
v -2.74332418 -5.89064058 0.36116548
v -2.77693617 -5.89064058 0.55236695
v -2.78485307 -5.89064058 0.74619913
v -2.76489394 -5.89064058 0.93855502
v -2.71641299 -5.89064058 1.12517510
v -2.64034309 -5.89064058 1.30207312
v -2.53907332 -5.89064058 1.46593466
v -2.41617624 -5.89064058 1.61443735
v -2.27601959 -5.89064058 1.74645125
v -2.12331078 -5.89064058 1.86209358
v -1.96263038 -5.89064058 1.96263038
v -1.79801092 -5.89064058 2.05023852
v -1.63261025 -5.89064058 2.12765910
v -1.46851506 -5.89064058 2.19778810
v -1.30669238 -5.89064058 2.26325760
v -1.14708686 -5.89064058 2.32606205
v -0.98884263 -5.89064058 2.38727728
v -0.83061310 -5.89064058 2.44690728
v -0.67091156 -5.89064058 2.50387604
v -0.50845238 -5.89064058 2.55616272
v -0.34243593 -5.89064058 2.60105912
v -0.17274064 -5.89064058 2.63551288
v -0.00000000 -5.89064058 2.65650966
v 0.17444021 -5.89064058 2.66144334
v 0.34867202 -5.89064058 2.64842694
v 0.52045541 -5.89064058 2.61650603
v 0.68749098 -5.89064058 2.56575127
v 0.84769307 -5.89064058 2.49722326
v 0.99942309 -5.89064058 2.41282078
v 1.14165050 -5.89064058 2.31503819
v 1.27402082 -5.89064058 2.20666878
v 1.39682494 -5.89064058 2.09049625
v 1.51087867 -5.89064058 1.96901542
v 1.61733466 -5.89064058 1.84421673
v 1.71745793 -5.89064058 1.71745793
v 1.81240033 -5.89064058 1.58943243
v 1.90300793 -5.89064058 1.46022934
v 1.98968864 -5.89064058 1.32946745
v 2.07235696 -5.89064058 1.19647585
v 2.15046012 -5.89064058 1.06048957
v 2.22307679 -5.89064058 0.92082856
v 2.28906865 -5.89064058 0.77703410
v 2.34725724 -5.89064058 0.62894568
v 2.39659607 -5.89064058 0.47671260
v 2.43630910 -5.89064058 0.32074618
v 2.46597401 -5.89064058 0.16162848
v 2.49172785 -5.37841097 0.00000000
v 2.50218382 -5.37841097 -0.16400179
v 2.50320954 -5.37841097 -0.32955379
v 2.49531409 -5.37841097 -0.49634883
v 2.47889756 -5.37841097 -0.66421860
v 2.45411457 -5.37841097 -0.83305964
v 2.42078249 -5.37841097 -1.00272094
v 2.37835123 -5.37841097 -1.17287303
v 2.32594187 -5.37841097 -1.34288317
v 2.26245009 -5.37841097 -1.51172082
v 2.18669961 -5.37841097 -1.67791363
v 2.09762340 -5.37841097 -1.83956635
v 1.99444520 -5.37841097 -1.99444520
v 1.87683447 -5.37841097 -2.14011955
v 1.74501157 -5.37841097 -2.27414336
v 1.59978799 -5.37841097 -2.39425193
v 1.44253660 -5.37841097 -2.49854669
v 1.27509740 -5.37841097 -2.58564175
v 1.09963426 -5.37841097 -2.65475194
v 0.91846491 -5.37841097 -2.70571037
v 0.73388997 -5.37841097 -2.73891467
v 0.54804573 -5.37841097 -2.75521196
v 0.36280027 -5.37841097 -2.75574167
v 0.17970459 -5.37841097 -2.74176225
v 0.00000000 -5.37841097 -2.71448925
v -0.17532683 -5.37841097 -2.67497048
v -0.34545838 -5.37841097 -2.62401693
v -0.50965300 -5.37841097 -2.56219865
v -0.66716761 -5.37841097 -2.48990340
v -0.81721730 -5.37841097 -2.40744453
v -0.95898551 -5.37841097 -2.31519583
v -1.09168857 -5.37841097 -2.21372543
v -1.21468725 -5.37841097 -2.10390004
v -1.32762749 -5.37841097 -1.98693496
v -1.43058432 -5.37841097 -1.86437378
v -1.52417900 -5.37841097 -1.73799305
v -1.60964040 -5.37841097 -1.60964040
v -1.68878738 -5.37841097 -1.48102678
v -1.76391950 -5.37841097 -1.35350304
v -1.83761671 -5.37841097 -1.22785623
v -1.91246327 -5.37841097 -1.10416118
v -1.99072444 -5.37841097 -0.98171665
v -2.07401469 -5.37841097 -0.85908501
v -2.16300152 -5.37841097 -0.73424008
v -2.25718771 -5.37841097 -0.60481162
v -2.35480818 -5.37841097 -0.46840047
v -2.45286438 -5.37841097 -0.32292572
v -2.54730308 -5.37841097 -0.16695906
v -2.63332722 -5.37841097 -0.00000000
v -2.70580940 -5.37841097 0.17734812
v -2.75976361 -5.37841097 0.36332977
v -2.79082185 -5.37841097 0.55512898
v -2.79565998 -5.37841097 0.74909483
v -2.77232188 -5.37841097 0.94107647
v -2.72040292 -5.37841097 1.12682779
v -2.64107048 -5.37841097 1.30243183
v -2.53691956 -5.37841097 1.46469119
v -2.41168186 -5.37841097 1.61143430
v -2.26982479 -5.37841097 1.74169782
v -2.11609031 -5.37841097 1.85576140
v -1.95503024 -5.37841097 1.95503024
v -1.79059376 -5.37841097 2.04178087
v -1.62581513 -5.37841097 2.11880353
v -1.46263515 -5.37841097 2.18898819
v -1.30187178 -5.37841097 2.25490808
v -1.14333537 -5.37841097 2.31845478
v -0.98606497 -5.37841097 2.38057142
v -0.82864753 -5.37841097 2.44111690
v -0.66957191 -5.37841097 2.49887638
v -0.50756740 -5.37841097 2.55171362
v -0.34188075 -5.37841097 2.59684215
v -0.17245646 -5.37841097 2.63117710
v -0.00000000 -5.37841097 2.65171980
v 0.17407848 -5.37841097 2.65592430
v 0.34782578 -5.37841097 2.64199912
v 0.51898375 -5.37841097 2.60910748
v 0.68526516 -5.37841097 2.55744441
v 0.84462541 -5.37841097 2.48818623
v 0.99548990 -5.37841097 2.40332522
v 1.13690586 -5.37841097 2.30541702
v 1.26859945 -5.37841097 2.19727870
v 1.39093401 -5.37841097 2.08167985
v 1.50478013 -5.37841097 1.96106764
v 1.61132096 -5.37841097 1.83735941
v 1.71182481 -5.37841097 1.71182481
v 1.80742060 -5.37841097 1.58506532
v 1.89890973 -5.37841097 1.45708468
v 1.98664087 -5.37841097 1.32743099
v 2.07046331 -5.37841097 1.19538255
v 2.14976159 -5.37841097 1.06014510
v 2.22356144 -5.37841097 0.92102931
v 2.29068611 -5.37841097 0.77758315
v 2.34993514 -5.37841097 0.62966322
v 2.40025510 -5.37841097 0.47744042
v 2.44087423 -5.37841097 0.32134719
v 2.47137990 -5.37841097 0.16198280
v 2.49814506 -4.86618135 0.00000000
v 2.50928190 -4.86618135 -0.16446702
v 2.51091892 -4.86618135 -0.33056875
v 2.50354328 -4.86618135 -0.49798572
v 2.48752180 -4.86618135 -0.66652946
v 2.46296869 -4.86618135 -0.83606521
v 2.42965970 -4.86618135 -1.00639800
v 2.38700917 -4.86618135 -1.17714265
v 2.33411579 -4.86618135 -1.34760238
v 2.26987176 -4.86618135 -1.51667982
v 2.19312000 -4.86618135 -1.68284016
v 2.10283593 -4.86618135 -1.84413761
v 1.99830670 -4.86618135 -1.99830670
v 1.87928093 -4.86618135 -2.14290919
v 1.74606649 -4.86618135 -2.27551816
v 1.59956240 -4.86618135 -2.39391431
v 1.44122059 -4.86618135 -2.49626728
v 1.27294449 -4.86618135 -2.58127607
v 1.09694068 -4.86618135 -2.64824906
v 0.91554650 -4.86618135 -2.69711302
v 0.73105949 -4.86618135 -2.72835117
v 0.54559306 -4.86618135 -2.74288156
v 0.36097745 -4.86618135 -2.74189593
v 0.17871638 -4.86618135 -2.72668511
v 0.00000000 -4.86618135 -2.69847879
v -0.17423580 -4.86618135 -2.65832459
v -0.34322128 -4.86618135 -2.60702443
v -0.50625905 -4.86618135 -2.54513611
v -0.66264823 -4.86618135 -2.47303686
v -0.81164679 -4.86618135 -2.39103434
v -0.95248495 -4.86618135 -2.29950208
v -1.08443235 -4.86618135 -2.19901127
v -1.20691068 -4.86618135 -2.09043061
v -1.31963295 -4.86618135 -1.97497028
v -1.42274326 -4.86618135 -1.85415512
v -1.51692701 -4.86618135 -1.72972375
v -1.60346328 -4.86618135 -1.60346328
v -1.68419728 -4.86618135 -1.47700137
v -1.76142163 -4.86618135 -1.35158636
v -1.83766876 -4.86618135 -1.22789101
v -1.91543106 -4.86618135 -1.10587464
v -1.99683855 -4.86618135 -0.98473180
v -2.08333344 -4.86618135 -0.86294497
v -2.17538538 -4.86618135 -0.73844383
v -2.27228953 -4.86618135 -0.60885814
v -2.37208202 -4.86618135 -0.47183645
v -2.47159383 -4.86618135 -0.32539150
v -2.56664746 -4.86618135 -0.16822696
v -2.65238206 -4.86618135 -0.00000000
v -2.72367560 -4.86618135 0.17851913
v -2.77561831 -4.86618135 0.36541708
v -2.80398381 -4.86618135 0.55774706
v -2.80564241 -4.86618135 0.75176962
v -2.77886715 -4.86618135 0.94329829
v -2.72349545 -4.86618135 1.12810875
v -2.64092665 -4.86618135 1.30236090
v -2.53395613 -4.86618135 1.46298025
v -2.40646674 -4.86618135 1.60794967
v -2.26301608 -4.86618135 1.73647331
v -2.10837077 -4.86618135 1.84899154
v -1.94704445 -4.86618135 1.94704445
v -1.78289498 -4.86618135 2.03300209
v -1.61882716 -4.86618135 2.10969663
v -1.45663246 -4.86618135 2.18000453
v -1.29697893 -4.86618135 2.24643340
v -1.13954401 -4.86618135 2.31076667
v -0.98326493 -4.86618135 2.37381152
v -0.82666649 -4.86618135 2.43528095
v -0.66821780 -4.86618135 2.49382279
v -0.50666740 -4.86618135 2.54718905
v -0.34131176 -4.86618135 2.59252021
v -0.17216334 -4.86618135 2.62670493
v -0.00000000 -4.86618135 2.64676630
v 0.17370485 -4.86618135 2.65022394
v 0.34695514 -4.86618135 2.63538591
v 0.51747755 -4.86618135 2.60153530
v 0.68300030 -4.86618135 2.54899180
v 0.84152264 -4.86618135 2.47904576
v 0.99153598 -4.86618135 2.39377962
v 1.13216617 -4.86618135 2.29580588
v 1.26321949 -4.86618135 2.18796033
v 1.38512996 -4.86618135 2.07299348
v 1.49882015 -4.86618135 1.95330045
v 1.60550022 -4.86618135 1.83072214
v 1.70643803 -4.86618135 1.70643803
v 1.80273598 -4.86618135 1.58095703
v 1.89514782 -4.86618135 1.45419807
v 1.98396085 -4.86618135 1.32564026
v 2.06895794 -4.86618135 1.19451342
v 2.14946068 -4.86618135 1.05999670
v 2.22444241 -4.86618135 0.92139421
v 2.29268903 -4.86618135 0.77826306
v 2.35297937 -4.86618135 0.63047892
v 2.40425432 -4.86618135 0.47823592
v 2.44574733 -4.86618135 0.32198875
v 2.47705604 -4.86618135 0.16235483
v 2.50477223 -4.35395173 0.00000000
v 2.51653914 -4.35395173 -0.16494269
v 2.51873113 -4.35395173 -0.33159724
v 2.51181334 -4.35395173 -0.49963074
v 2.49611978 -4.35395173 -0.66883328
v 2.47172518 -4.35395173 -0.83903764
v 2.43836549 -4.35395173 -1.01000405
v 2.39542200 -4.35395173 -1.18129140
v 2.34197411 -4.35395173 -1.35213938
v 2.27691407 -4.35395173 -1.52138534
v 2.19910748 -4.35395173 -1.68743452
v 2.10757540 -4.35395173 -1.84829402
v 2.00167088 -4.35395173 -2.00167088
v 1.88122310 -4.35395173 -2.14512382
v 1.74662779 -4.35395173 -2.27624965
v 1.59887045 -4.35395173 -2.39287873
v 1.43947994 -4.35395173 -2.49325240
v 1.27042003 -4.35395173 -2.57615698
v 1.09393624 -4.35395173 -2.64099570
v 0.91238141 -4.35395173 -2.68778897
v 0.72804594 -4.35395173 -2.71710442
v 0.54301664 -4.35395173 -2.72992901
v 0.35908272 -4.35395173 -2.72750402
v 0.17769813 -4.35395173 -2.71114960
v 0.00000000 -4.35395173 -2.68210647
v -0.17312776 -4.35395173 -2.64141916
v -0.34096390 -4.35395173 -2.58987793
v -0.50285566 -4.35395173 -2.52802610
v -0.65814442 -4.35395173 -2.45622842
v -0.80613088 -4.35395173 -2.37478500
v -0.94609160 -4.35395173 -2.28406718
v -1.07734873 -4.35395173 -2.18464711
v -1.19938341 -4.35395173 -2.07739301
v -1.31197354 -4.35395173 -1.96350716
v -1.41532904 -4.35395173 -1.84449271
v -1.51019514 -4.35395173 -1.72204751
v -1.59789576 -4.35395173 -1.59789576
v -1.68029621 -4.35395173 -1.47358023
v -1.75967542 -4.35395173 -1.35024644
v -1.83851151 -4.35395173 -1.22845412
v -1.91919886 -4.35395173 -1.10804998
v -2.00372748 -4.35395173 -0.98812904
v -2.09336448 -4.35395173 -0.86709996
v -2.18838131 -4.35395173 -0.74285536
v -2.28786803 -4.35395173 -0.61303239
v -2.38966736 -4.35395173 -0.47533439
v -2.49044785 -4.35395173 -0.32787368
v -2.58591787 -4.35395173 -0.16949001
v -2.67116428 -4.35395173 -0.00000000
v -2.74108224 -4.35395173 0.17966002
v -2.79084941 -4.35395173 0.36742229
v -2.81639050 -4.35395173 0.56021490
v -2.81477719 -4.35395173 0.75421727
v -2.78451545 -4.35395173 0.94521563
v -2.72568505 -4.35395173 1.12901571
v -2.63991424 -4.35395173 1.30186163
v -2.53019271 -4.35395173 1.46080744
v -2.40054615 -4.35395173 1.60399366
v -2.25561272 -4.35395173 1.73079252
v -2.10017368 -4.35395173 1.84180289
v -1.93869522 -4.35395173 1.93869522
v -1.77493613 -4.35395173 2.02392676
v -1.61166612 -4.35395173 2.10036418
v -1.45052432 -4.35395173 2.17086306
v -1.29202833 -4.35395173 2.23785871
v -1.13572445 -4.35395173 2.30302136
v -0.98045150 -4.35395173 2.36701932
v -0.82467667 -4.35395173 2.42941912
v -0.66685404 -4.35395173 2.48873315
v -0.50575569 -4.35395173 2.54260555
v -0.34073103 -4.35395173 2.58810914
v -0.17186231 -4.35395173 2.62211222
v -0.00000000 -4.35395173 2.64166573
v 0.17332052 -4.35395173 2.64436010
v 0.34606265 -4.35395173 2.62860678
v 0.51594104 -4.35395173 2.59381075
v 0.68070250 -4.35395173 2.54041631
v 0.83839293 -4.35395173 2.46982593
v 0.98757160 -4.35395173 2.38420874
v 1.12744361 -4.35395173 2.28622947
v 1.25789473 -4.35395173 2.17873758
v 1.37942773 -4.35395173 2.06445949
v 1.49301423 -4.35395173 1.94573403
v 1.59988783 -4.35395173 1.82432243
v 1.70131215 -4.35395173 1.70131215
v 1.79835958 -4.35395173 1.57711902
v 1.89173329 -4.35395173 1.45157800
v 1.98165716 -4.35395173 1.32410098
v 2.06784658 -4.35395173 1.19387178
v 2.14956012 -4.35395173 1.06004574
v 2.22571931 -4.35395173 0.92192313
v 2.29507392 -4.35395173 0.77907262
v 2.35638342 -4.35395173 0.63139103
v 2.40858429 -4.35395173 0.47909720
v 2.45091621 -4.35395173 0.32266924
v 2.48298764 -4.35395173 0.16274361
v 2.51159150 -3.84172212 0.00000000
v 2.52393568 -3.84172212 -0.16542748
v 2.52662463 -3.84172212 -0.33263644
v 2.52010149 -3.84172212 -0.50127935
v 2.50466788 -3.84172212 -0.67112374
v 2.48036022 -3.84172212 -0.84196884
v 2.44687646 -3.84172212 -1.01352942
v 2.40356742 -3.84172212 -1.18530828
v 2.34949635 -3.84172212 -1.35648235
v 2.28355901 -3.84172212 -1.52582535
v 2.20464712 -3.84172212 -1.69168523
v 2.11183041 -3.84172212 -1.85202556
v 2.00453008 -3.84172212 -2.00453008
v 1.88265720 -3.84172212 -2.14675910
v 1.74669532 -3.84172212 -2.27633766
v 1.59771530 -3.84172212 -2.39114993
v 1.43732056 -3.84172212 -2.48951224
v 1.26753194 -3.84172212 -2.57030051
v 1.09063003 -3.84172212 -2.63301382
v 0.90897906 -3.84172212 -2.67776597
v 0.72485821 -3.84172212 -2.70520768
v 0.54032406 -3.84172212 -2.71639249
v 0.35712166 -3.84172212 -2.71260836
v 0.17665284 -3.84172212 -2.69520156
v 0.00000000 -3.84172212 -2.66542068
v -0.17200599 -3.84172212 -2.62430421
v -0.33869292 -3.84172212 -2.57262815
v -0.49945286 -3.84172212 -2.51091909
v -0.65366939 -3.84172212 -2.43952736
v -0.80068559 -3.84172212 -2.35874370
v -0.93982381 -3.84172212 -2.26893538
v -1.07045766 -3.84172212 -2.17067341
v -1.19212620 -3.84172212 -2.06482314
v -1.30466976 -3.84172212 -1.95257629
v -1.40836079 -3.84172212 -1.83541152
v -1.50399992 -3.84172212 -1.71498322
v -1.59295048 -3.84172212 -1.59295048
v -1.67709167 -3.84172212 -1.47076992
v -1.75868204 -3.84172212 -1.34948420
v -1.84013888 -3.84172212 -1.22954149
v -1.92375274 -3.84172212 -1.11067916
v -2.01136921 -3.84172212 -0.99189753
v -2.10407792 -3.84172212 -0.87153761
v -2.20195231 -3.84172212 -0.74746209
v -2.30388028 -3.84172212 -0.61732286
v -2.40751701 -3.84172212 -0.47888491
v -2.50937693 -3.84172212 -0.33036574
v -2.60506469 -3.84172212 -0.17074496
v -2.68962638 -3.84172212 -0.00000000
v -2.75798609 -3.84172212 0.18076796
v -2.80541983 -3.84172212 0.36934053
v -2.82801244 -3.84172212 0.56252665
v -2.82304342 -3.84172212 0.75643221
v -2.78925483 -3.84172212 0.94682443
v -2.72696853 -3.84172212 1.12954735
v -2.63803807 -3.84172212 1.30093641
v -2.52564097 -3.84172212 1.45817949
v -2.39393712 -3.84172212 1.59957764
v -2.24763540 -3.84172212 1.72467130
v -2.09152172 -3.84172212 1.83421532
v -1.93000562 -3.84172212 1.93000562
v -1.76673930 -3.84172212 2.01458007
v -1.60435217 -3.84172212 2.09083245
v -1.44432827 -3.84172212 2.16159001
v -1.28703458 -3.84172212 2.22920929
v -1.13188834 -3.84172212 2.29524249
v -0.97763365 -3.84172212 2.36021642
v -0.82268470 -3.84172212 2.42355097
v -0.66548537 -3.84172212 2.48362522
v -0.50483553 -3.84172212 2.53797958
v -0.34014065 -3.84172212 2.58362475
v -0.17155443 -3.84172212 2.61741486
v -0.00000000 -3.84172212 2.63643472
v 0.17292664 -3.84172212 2.63835072
v 0.34515089 -3.84172212 2.62168131
v 0.51437845 -3.84172212 2.58595510
v 0.67837789 -3.84172212 2.53174076
v 0.83524442 -3.84172212 2.46055072
v 0.98360689 -3.84172212 2.37463709
v 1.12275017 -3.84172212 2.27671213
v 1.25263867 -3.84172212 2.16963383
v 1.37384185 -3.84172212 2.05609963
v 1.48737731 -3.84172212 1.93838785
v 1.59449845 -3.84172212 1.81817702
v 1.69646090 -3.84172212 1.69646090
v 1.79430353 -3.84172212 1.57356196
v 1.88867612 -3.84172212 1.44923216
v 1.97973721 -3.84172212 1.32281811
v 2.06713379 -3.84172212 1.19346025
v 2.15006138 -3.84172212 1.06029294
v 2.22739053 -3.84172212 0.92261537
v 2.29783609 -3.84172212 0.78001025
v 2.36013959 -3.84172212 0.63239750
v 2.41323449 -3.84172212 0.48002219
v 2.45636768 -3.84172212 0.32338694
v 2.48915905 -3.84172212 0.16314810
v 2.51858430 -3.32949250 0.00000000
v 2.53145116 -3.32949250 -0.16592007
v 2.53457759 -3.32949250 -0.33368347
v 2.52838482 -3.32949250 -0.50292701
v 2.51314265 -3.32949250 -0.67339454
v 2.48885033 -3.32949250 -0.84485085
v 2.45516976 -3.32949250 -1.01696461
v 2.41142390 -3.32949250 -1.18918267
v 2.35666297 -3.32949250 -1.36062000
v 2.28978970 -3.32949250 -1.52998856
v 2.20972522 -3.32949250 -1.69558179
v 2.11559085 -3.32949250 -1.85532338
v 2.00687805 -3.32949250 -2.00687805
v 1.88358077 -3.32949250 -2.14781223
v 1.74627028 -3.32949250 -2.27578374
v 1.59610134 -3.32949250 -2.38873446
v 1.43474943 -3.32949250 -2.48505890
v 1.26428905 -3.32949250 -2.56372459
v 1.08703192 -3.32949250 -2.62432722
v 0.90534948 -3.32949250 -2.66707355
v 0.72150566 -3.32949250 -2.69269577
v 0.53752319 -3.32949250 -2.70231155
v 0.35510002 -3.32949250 -2.69725247
v 0.17558358 -3.32949250 -2.67888768
v 0.00000000 -3.32949250 -2.64847035
v -0.17087377 -3.32949250 -2.60702997
v -0.33641501 -3.32949250 -2.55532566
v -0.49606061 -3.32949250 -2.49386509
v -0.64923612 -3.32949250 -2.42298220
v -0.79532659 -3.32949250 -2.34295658
v -0.93369933 -3.32949250 -2.25414959
v -1.06377833 -3.32949250 -2.15712907
v -1.18515875 -3.32949250 -2.05275518
v -1.29774088 -3.32949250 -1.94220648
v -1.40185616 -3.32949250 -1.82693451
v -1.49835614 -3.32949250 -1.70854772
v -1.58863812 -3.32949250 -1.58863812
v -1.67458899 -3.32949250 -1.46857513
v -1.75844044 -3.32949250 -1.34929881
v -1.84254256 -3.32949250 -1.23114758
v -1.92907660 -3.32949250 -1.11375290
v -2.01973971 -3.32949250 -0.99602540
v -2.11544215 -3.32949250 -0.87624483
v -2.21605997 -3.32949250 -0.75225100
v -2.32028239 -3.32949250 -0.62171779
v -2.42558325 -3.32949250 -0.48247851
v -2.52833158 -3.32949250 -0.33286117
v -2.62403883 -3.32949250 -0.17198859
v -2.70772191 -3.32949250 -0.00000000
v -2.77434544 -3.32949250 0.18184021
v -2.81929437 -3.32949250 0.37116715
v -2.83882235 -3.32949250 0.56467687
v -2.83042254 -3.32949250 0.75840943
v -2.79307574 -3.32949250 0.94812146
v -2.72734506 -3.32949250 1.12970331
v -2.63530520 -3.32949250 1.29958870
v -2.52031457 -3.32949250 1.45510430
v -2.38665836 -3.32949250 1.59471413
v -2.23910618 -3.32949250 1.71812660
v -2.08243859 -3.32949250 1.82624963
v -1.92099946 -3.32949250 1.92099946
v -1.75832713 -3.32949250 2.00498782
v -1.59690574 -3.32949250 2.08112808
v -1.43806195 -3.32949250 2.15221179
v -1.28201230 -3.32949250 2.22051044
v -1.12804729 -3.32949250 2.28745361
v -0.97482026 -3.32949250 2.35342430
v -0.82069716 -3.32949250 2.41769588
v -0.66411651 -3.32949250 2.47851657
v -0.50391016 -3.32949250 2.53332745
v -0.33954269 -3.32949250 2.57908276
v -0.17124073 -3.32949250 2.61262869
v -0.00000000 -3.32949250 2.63108991
v 0.17252440 -3.32949250 2.63221374
v 0.34422245 -3.32949250 2.61462907
v 0.51279402 -3.32949250 2.57798961
v 0.67603257 -3.32949250 2.52298790
v 0.83208519 -3.32949250 2.45124391
v 0.97965189 -3.32949250 2.36508887
v 1.11809765 -3.32949250 2.26727775
v 1.24746451 -3.32949250 2.16067192
v 1.36838639 -3.32949250 2.04793496
v 1.48192372 -3.32949250 1.93128060
v 1.58934603 -3.32949250 1.81230181
v 1.69189715 -3.32949250 1.69189715
v 1.79057900 -3.32949250 1.57029564
v 1.88598525 -3.32949250 1.44716738
v 1.97820729 -3.32949250 1.32179586
v 2.06682293 -3.32949250 1.19328077
v 2.15096475 -3.32949250 1.06073843
v 2.22945323 -3.32949250 0.92346977
v 2.30096964 -3.32949250 0.78107394
v 2.36423909 -3.32949250 0.63349595
v 2.41819337 -3.32949250 0.48100857
v 2.46208764 -3.32949250 0.32413999
v 2.49555384 -3.32949250 0.16356724
v 2.52573153 -2.81726289 0.00000000
v 2.53906482 -2.81726289 -0.16641910
v 2.54256796 -2.81726289 -0.33473542
v 2.53664042 -2.81726289 -0.50456915
v 2.52152079 -2.81726289 -0.67563946
v 2.49717243 -2.81726289 -0.84767582
v 2.46322316 -2.81726289 -1.02030044
v 2.41897071 -2.81726289 -1.19290434
v 2.36345545 -2.81726289 -1.36454164
v 2.29559039 -2.81726289 -1.53386446
v 2.21432936 -2.81726289 -1.69911468
v 2.11884798 -2.81726289 -1.85817980
v 2.00870988 -2.81726289 -2.00870988
v 1.88399275 -2.81726289 -2.14828200
v 1.74535515 -2.81726289 -2.27459111
v 1.59403414 -2.81726289 -2.38564068
v 1.43177458 -2.81726289 -2.47990632
v 1.26070111 -2.81726289 -2.55644896
v 1.08315251 -2.81726289 -2.61496148
v 0.90150323 -2.81726289 -2.65574287
v 0.71799799 -2.81726289 -2.67960499
v 0.53462214 -2.81726289 -2.68772701
v 0.35302366 -2.81726289 -2.68148093
v 0.17449344 -2.81726289 -2.66225538
v 0.00000000 -2.81726289 -2.63130485
v -0.16973442 -2.81726289 -2.58964679
v -0.33413678 -2.81726289 -2.53802085
v -0.49268874 -2.81726289 -2.47691357
v -0.64485741 -2.81726289 -2.40664061
v -0.79006914 -2.81726289 -2.32746864
v -0.92773538 -2.81726289 -2.23975135
v -1.05732913 -2.81726289 -2.14405137
v -1.17849977 -2.81726289 -2.04122147
v -1.29120485 -2.81726289 -1.93242462
v -1.39583123 -2.81726289 -1.81908267
v -1.49327681 -2.81726289 -1.70275586
v -1.58496740 -2.81726289 -1.58496740
v -1.67279144 -2.81726289 -1.46699872
v -1.75894738 -2.81726289 -1.34968779
v -1.84571205 -2.81726289 -1.23326536
v -1.93515223 -2.81726289 -1.11726066
v -2.02881304 -2.81726289 -1.00049987
v -2.12742389 -2.81726289 -0.88120783
v -2.23066461 -2.81726289 -0.75720860
v -2.33702962 -2.81726289 -0.62620520
v -2.44381804 -2.81726289 -0.48610563
v -2.54726250 -2.81726289 -0.33535347
v -2.64279193 -2.81726289 -0.17321773
v -2.72540563 -2.81726289 -0.00000000
v -2.79012021 -2.81726289 0.18287414
v -2.83243984 -2.81726289 0.37289778
v -2.84879516 -2.81726289 0.56666059
v -2.83689838 -2.81726289 0.76014463
v -2.79597104 -2.81726289 0.94910428
v -2.72681612 -2.81726289 1.12948422
v -2.63172480 -2.81726289 1.29782305
v -2.51422908 -2.81726289 1.45159084
v -2.37873022 -2.81726289 1.58941672
v -2.23004846 -2.81726289 1.71117637
v -2.07294904 -2.81726289 1.81792752
v -1.91170129 -2.81726289 1.91170129
v -1.74972268 -2.81726289 1.99517633
v -1.58934754 -2.81726289 2.07127804
v -1.43174312 -2.81726289 2.14275500
v -1.27697610 -2.81726289 2.21178748
v -1.12421287 -2.81726289 2.27967818
v -0.97202016 -2.81726289 2.34666426
v -0.81872057 -2.81726289 2.41187303
v -0.66275212 -2.81726289 2.47342459
v -0.50298280 -2.81726289 2.52866529
v -0.33893919 -2.81726289 2.57449876
v -0.17092224 -2.81726289 2.60776950
v -0.00000000 -2.81726289 2.62564793
v 0.17211498 -2.81726289 2.62596714
v 0.34327989 -2.81726289 2.60746965
v 0.51119196 -2.81726289 2.56993552
v 0.67367259 -2.81726289 2.51418035
v 0.82892322 -2.81726289 2.44192907
v 0.97571648 -2.81726289 2.35558795
v 1.11349761 -2.81726289 2.25794978
v 1.24238509 -2.81726289 2.15187410
v 1.36307496 -2.81726289 2.03998585
v 1.47666724 -2.81726289 1.92443021
v 1.58444379 -2.81726289 1.80671187
v 1.68763291 -2.81726289 1.68763291
v 1.78719619 -2.81726289 1.56732899
v 1.88366854 -2.81726289 1.44538971
v 1.97707255 -2.81726289 1.32103764
v 2.06691615 -2.81726289 1.19333459
v 2.15226932 -2.81726289 1.06138177
v 2.23190341 -2.81726289 0.92448466
v 2.30446757 -2.81726289 0.78226133
v 2.36867206 -2.81726289 0.63468377
v 2.42344840 -2.81726289 0.48205386
v 2.46806112 -2.81726289 0.32492641
v 2.50215483 -2.81726289 0.16399989
v 2.53301360 -2.30503327 0.00000000
v 2.54675561 -2.30503327 -0.16692318
v 2.55057357 -2.30503327 -0.33578938
v 2.54484545 -2.30503327 -0.50620123
v 2.52977929 -2.30503327 -0.67785232
v 2.50530394 -2.30503327 -0.85043609
v 2.47101511 -2.30503327 -1.02352797
v 2.42618802 -2.30503327 -1.19646353
v 2.36985632 -2.30503327 -1.36823718
v 2.30094658 -2.30503327 -1.53744335
v 2.21844844 -2.30503327 -1.70227536
v 2.12159444 -2.30503327 -1.86058839
v 2.01002210 -2.30503327 -2.01002210
v 1.88389344 -2.30503327 -2.14816876
v 1.74395371 -2.30503327 -2.27276472
v 1.59152048 -2.30503327 -2.38187872
v 1.42840512 -2.30503327 -2.47407025
v 1.25677875 -2.30503327 -2.54849519
v 1.07900309 -2.30503327 -2.60494390
v 0.89745144 -2.30503327 -2.64380668
v 0.71434532 -2.30503327 -2.66597304
v 0.53162927 -2.30503327 -2.67268082
v 0.35089856 -2.30503327 -2.66533915
v 0.17338557 -2.30503327 -2.64535266
v 0.00000000 -2.30503327 -2.61397378
v -0.16859122 -2.30503327 -2.57220493
v -0.33186484 -2.30503327 -2.52076370
v -0.48934696 -2.30503327 -2.46011330
v -0.64054575 -2.30503327 -2.39054927
v -0.78492811 -2.30503327 -2.31232365
v -0.92194854 -2.30503327 -2.22578066
v -1.05112759 -2.30503327 -2.13147589
v -1.17216684 -2.30503327 -2.03025253
v -1.28507830 -2.30503327 -1.92325559
v -1.39030054 -2.30503327 -1.81187494
v -1.48877319 -2.30503327 -1.69762047
v -1.58194507 -2.30503327 -1.58194507
v -1.67170017 -2.30503327 -1.46604170
v -1.76019747 -2.30503327 -1.35064702
v -1.84963473 -2.30503327 -1.23588641
v -1.94195942 -2.30503327 -1.12119079
v -2.03856144 -2.30503327 -1.00530725
v -2.13998839 -2.30503327 -0.88641221
v -2.24572544 -2.30503327 -0.76232106
v -2.35407657 -2.30503327 -0.63077292
v -2.46217318 -2.30503327 -0.48975670
v -2.56612073 -2.30503327 -0.33783620
v -2.66127648 -2.30503327 -0.17442928
v -2.74263364 -2.30503327 -0.00000000
v -2.80527206 -2.30503327 0.18386725
v -2.84482509 -2.30503327 0.37452833
v -2.85790811 -2.30503327 0.56847327
v -2.84245716 -2.30503327 0.76163410
v -2.79793603 -2.30503327 0.94977130
v -2.72538553 -2.30503327 1.12889165
v -2.62730823 -2.30503327 1.29564503
v -2.50740197 -2.30503327 1.44764920
v -2.37017462 -2.30503327 1.58370005
v -2.22048688 -2.30503327 1.70383951
v -2.06307875 -2.30503327 1.80927150
v -1.90213630 -2.30503327 1.90213630
v -1.74094945 -2.30503327 1.98517238
v -1.58169846 -2.30503327 2.06130956
v -1.42538960 -2.30503327 2.13324629
v -1.27194055 -2.30503327 2.20306566
v -1.12039656 -2.30503327 2.27193946
v -0.96924207 -2.30503327 2.33995735
v -0.81676134 -2.30503327 2.40610133
v -0.66139679 -2.30503327 2.46836643
v -0.50205662 -2.30503327 2.52400907
v -0.33833220 -2.30503327 2.56988821
v -0.17060000 -2.30503327 2.60285297
v -0.00000000 -2.30503327 2.62012534
v 0.17169955 -2.30503327 2.61962885
v 0.34232580 -2.30503327 2.60022258
v 0.50957648 -2.30503327 2.56181394
v 0.67130398 -2.30503327 2.50534056
v 0.82576643 -2.30503327 2.43262947
v 0.97181039 -2.30503327 2.34615782
v 1.10896134 -2.30503327 2.24875114
v 1.23741290 -2.30503327 2.14326202
v 1.35792070 -2.30503327 2.03227195
v 1.47162098 -2.30503327 1.91785380
v 1.57980419 -2.30503327 1.80142143
v 1.68367931 -2.30503327 1.68367931
v 1.78416430 -2.30503327 1.56467010
v 1.88173279 -2.30503327 1.44390436
v 1.97633700 -2.30503327 1.32054616
v 2.06741448 -2.30503327 1.19362231
v 2.15397301 -2.30503327 1.06222194
v 2.23473594 -2.30503327 0.92565793
v 2.30832180 -2.30503327 0.78356966
v 2.37342764 -2.30503327 0.63595802
v 2.42898617 -2.30503327 0.48315539
v 2.47427238 -2.30503327 0.32574414
v 2.50894420 -2.30503327 0.16444489
v 2.54041049 -1.79280366 0.00000000
v 2.55450222 -1.79280366 -0.16743092
v 2.55857221 -1.79280366 -0.33684242
v 2.55297722 -1.79280366 -0.50781874
v 2.53789554 -1.79280366 -0.68002706
v 2.51322283 -1.79280366 -0.85312419
v 2.47852487 -1.79280366 -1.02663861
v 2.43305699 -1.79280366 -1.19985093
v 2.37584923 -1.79280366 -1.37169719
v 2.30584499 -1.79280366 -1.54071637
v 2.22207273 -1.79280366 -1.70505638
v 2.12382430 -1.79280366 -1.86254392
v 2.01081262 -1.79280366 -2.01081262
v 1.88328450 -1.79280366 -2.14747439
v 1.74207103 -1.79280366 -2.27031117
v 1.58856831 -1.79280366 -2.37746048
v 1.42465117 -1.79280366 -2.46756820
v 1.25253344 -1.79280366 -2.53988655
v 1.07459565 -1.79280366 -2.59430340
v 0.89320572 -1.79280366 -2.63129921
v 0.71055809 -1.79280366 -2.65183890
v 0.52855313 -1.79280366 -2.65721601
v 0.34873079 -1.79280366 -2.64887335
v 0.17226316 -1.79280366 -2.62822799
v 0.00000000 -1.79280366 -2.59652693
v -0.16744746 -1.79280366 -2.55475453
v -0.32960568 -1.79280366 -2.50360373
v -0.48604481 -1.79280366 -2.44351228
v -0.63631336 -1.79280366 -2.37475379
v -0.77991788 -1.79280366 -2.29756398
v -0.91635472 -1.79280366 -2.21227599
v -1.04519039 -1.79280366 -2.11943644
v -1.16617648 -1.79280366 -2.01987692
v -1.27937654 -1.79280366 -1.91472231
v -1.38527708 -1.79280366 -1.80532824
v -1.48485475 -1.79280366 -1.69315234
v -1.57957598 -1.79280366 -1.57957598
v -1.67131432 -1.79280366 -1.46570332
v -1.76218328 -1.79280366 -1.35217079
v -1.85429595 -1.79280366 -1.23900094
v -1.94947605 -1.79280366 -1.12553052
v -2.04895550 -1.79280366 -1.01043303
v -2.15309953 -1.79280366 -0.89184303
v -2.26120070 -1.79280366 -0.76757421
v -2.37137734 -1.79280366 -0.63540864
v -2.48060046 -1.79280366 -0.49342211
v -2.58485783 -1.79280366 -0.34030299
v -2.67944598 -1.79280366 -0.17562017
v -2.75936350 -1.79280366 -0.00000000
v -2.81976453 -1.79280366 0.18481713
v -2.85642117 -1.79280366 0.37605498
v -2.86614081 -1.79280366 0.57011085
v -2.84708760 -1.79280366 0.76287482
v -2.79896842 -1.79280366 0.95012175
v -2.72305943 -1.79280366 1.12792815
v -2.62206892 -1.79280366 1.29306130
v -2.49985253 -1.79280366 1.44329053
v -2.36101503 -1.79280366 1.57757981
v -2.21044731 -1.79280366 1.69613587
v -2.05285426 -1.79280366 1.80030487
v -1.89233026 -1.79280366 1.89233026
v -1.73203126 -1.79280366 1.97500313
v -1.57397956 -1.79280366 2.05125010
v -1.41901923 -1.79280366 2.12371236
v -1.26692018 -1.79280366 2.19437012
v -1.11660972 -1.79280366 2.26426053
v -0.96649460 -1.79280366 2.33332436
v -0.81482580 -1.79280366 2.40039941
v -0.66005504 -1.79280366 2.46335895
v -0.50113474 -1.79280366 2.51937449
v -0.33772373 -1.79280366 2.56526641
v -0.17027501 -1.79280366 2.59789469
v -0.00000000 -1.79280366 2.61453865
v 0.17127927 -1.79280366 2.61321672
v 0.34136272 -1.79280366 2.59290731
v 0.50795175 -1.79280366 2.55364589
v 0.66893269 -1.79280366 2.49649079
v 0.82262263 -1.79280366 2.42336813
v 0.96794317 -1.79280366 2.33682153
v 1.10449989 -1.79280366 2.23970422
v 1.23256005 -1.79280366 2.13485663
v 1.35293624 -1.79280366 2.02481217
v 1.46679746 -1.79280366 1.91156767
v 1.57543895 -1.79280366 1.79644383
v 1.68004662 -1.79280366 1.68004662
v 1.78149157 -1.79280366 1.56232618
v 1.88018373 -1.79280366 1.44271572
v 1.97600353 -1.79280366 1.32032335
v 2.06831780 -1.79280366 1.19414384
v 2.15607263 -1.79280366 1.06325735
v 2.23794458 -1.79280366 0.92698700
v 2.31252320 -1.79280366 0.78499585
v 2.37849401 -1.79280366 0.63731555
v 2.43479242 -1.79280366 0.48431032
v 2.48070496 -1.79280366 0.32659100
v 2.51590359 -1.79280366 0.16490103
v 2.54790189 -1.28057404 0.00000000
v 2.56228321 -1.28057404 -0.16794091
v 2.56654172 -1.28057404 -0.33789163
v 2.56101331 -1.28057404 -0.50941722
v 2.54584733 -1.28057404 -0.68215774
v 2.52090776 -1.28057404 -0.85573288
v 2.48573251 -1.28057404 -1.02962412
v 2.43955978 -1.28057404 -1.20305775
v 2.38141904 -1.28057404 -1.37491292
v 2.31027369 -1.28057404 -1.54367553
v 2.22519387 -1.28057404 -1.70745131
v 2.12553302 -1.28057404 -1.86404243
v 2.01108081 -1.28057404 -2.01108081
v 1.88216897 -1.28057404 -2.14620238
v 1.73971348 -1.28057404 -2.26723874
v 1.58518671 -1.28057404 -2.37239956
v 1.42052382 -1.28057404 -2.46041942
v 1.24797748 -1.28057404 -2.53064798
v 1.06994282 -1.28057404 -2.58307046
v 0.88877817 -1.28057404 -2.61825606
v 0.70664706 -1.28057404 -2.63724273
v 0.52540246 -1.28057404 -2.64137651
v 0.34652654 -1.28057404 -2.63213037
v 0.17112941 -1.28057404 -2.61093019
v 0.00000000 -1.28057404 -2.57901412
v -0.16630640 -1.28057404 -2.53734541
v -0.32736576 -1.28057404 -2.48658984
v -0.48279166 -1.28057404 -2.42715760
v -0.63217215 -1.28057404 -2.35929858
v -0.77505236 -1.28057404 -2.28323062
v -0.91096916 -1.28057404 -2.19927410
v -1.03953329 -1.28057404 -2.10796499
v -1.16054406 -1.28057404 -2.01012128
v -1.27411351 -1.28057404 -1.90684563
v -1.38077223 -1.28057404 -1.79945740
v -1.48152922 -1.28057404 -1.68936030
v -1.57786306 -1.28057404 -1.57786306
v -1.67163104 -1.28057404 -1.46598107
v -1.76489534 -1.28057404 -1.35425183
v -1.85967914 -1.28057404 -1.24259787
v -1.95767825 -1.28057404 -1.13026607
v -2.05996427 -1.28057404 -1.01586196
v -2.16671997 -1.28057404 -0.89748480
v -2.27704782 -1.28057404 -0.77295358
v -2.38888566 -1.28057404 -0.64009998
v -2.49905180 -1.28057404 -0.49709231
v -2.60342601 -1.28057404 -0.34274754
v -2.69725506 -1.28057404 -0.17678744
v -2.77555436 -1.28057404 -0.00000000
v -2.83356309 -1.28057404 0.18572154
v -2.86720135 -1.28057404 0.37747422
v -2.87347529 -1.28057404 0.57156977
v -2.85078087 -1.28057404 0.76386443
v -2.79906838 -1.28057404 0.95015568
v -2.71984623 -1.28057404 1.12659720
v -2.61602240 -1.28057404 1.29007948
v -2.49160183 -1.28057404 1.43852699
v -2.35127636 -1.28057404 1.57107264
v -2.19995671 -1.28057404 1.68808615
v -2.04230296 -1.28057404 1.79105162
v -1.88230950 -1.28057404 1.88230950
v -1.72299223 -1.28057404 1.96469609
v -1.56621200 -1.28057404 2.04112722
v -1.41264982 -1.28057404 2.11417986
v -1.26192939 -1.28057404 2.18572582
v -1.11286361 -1.28057404 2.25666416
v -0.96378622 -1.28057404 2.32678575
v -0.81292017 -1.28057404 2.39478559
v -0.65873131 -1.28057404 2.45841872
v -0.50022026 -1.28057404 2.51477705
v -0.33711576 -1.28057404 2.56064845
v -0.16994831 -1.28057404 2.59291011
v -0.00000000 -1.28057404 2.60890427
v 0.17085533 -1.28057404 2.60674856
v 0.34039322 -1.28057404 2.58554322
v 0.50632192 -1.28057404 2.54545220
v 0.66656463 -1.28057404 2.48765307
v 0.81949951 -1.28057404 2.41416769
v 0.96412419 -1.28057404 2.32760170
v 1.10012403 -1.28057404 2.23083085
v 1.22783826 -1.28057404 2.12667825
v 1.34813367 -1.28057404 2.01762462
v 1.46220854 -1.28057404 1.90558727
v 1.57135900 -1.28057404 1.79179154
v 1.67674422 -1.28057404 1.67674422
v 1.77918525 -1.28057404 1.56030359
v 1.87902604 -1.28057404 1.44182739
v 1.97607397 -1.28057404 1.32037041
v 2.06962489 -1.28057404 1.19489849
v 2.15856387 -1.28057404 1.06448590
v 2.24152206 -1.28057404 0.92846884
v 2.31706169 -1.28057404 0.78653646
v 2.38385850 -1.28057404 0.63875296
v 2.44085211 -1.28057404 0.48551567
v 2.48734176 -1.28057404 0.32746476
v 2.52301412 -1.28057404 0.16536708
v 2.55546721 -0.76834442 0.00000000
v 2.57007707 -0.76834442 -0.16845175
v 2.57446007 -0.76834442 -0.33893410
v 2.56893161 -0.76834442 -0.51099227
v 2.55361303 -0.76834442 -0.68423855
v 2.52833811 -0.76834442 -0.85825514
v 2.49261906 -0.76834442 -1.03247662
v 2.44567964 -0.76834442 -1.20607573
v 2.38655182 -0.76834442 -1.37787634
v 2.31422205 -0.76834442 -1.54631374
v 2.22780492 -0.76834442 -1.70945484
v 2.12671752 -0.76834442 -1.86508121
v 2.01082741 -0.76834442 -2.01082741
v 1.88055126 -0.76834442 -2.14435773
v 1.73688865 -0.76834442 -2.26355736
v 1.58138589 -0.76834442 -2.36671124
v 1.41603514 -0.76834442 -2.45264480
v 1.24312396 -0.76834442 -2.52080601
v 1.06505782 -0.76834442 -2.57127703
v 0.88418131 -0.76834442 -2.60471415
v 0.70262327 -0.76834442 -2.62222575
v 0.52218616 -0.76834442 -2.62520709
v 0.34429203 -0.76834442 -2.61515759
v 0.16998751 -0.76834442 -2.59350829
v 0.00000000 -0.76834442 -2.56148504
v -0.16517130 -0.76834442 -2.52002699
v -0.32515142 -0.76834442 -2.46977022
v -0.47959668 -0.76834442 -2.41109532
v -0.62813368 -0.76834442 -2.34422679
v -0.77034494 -0.76834442 -2.26936301
v -0.90580639 -0.76834442 -2.18681008
v -1.03417115 -0.76834442 -2.09709163
v -1.15528380 -0.76834442 -2.00101024
v -1.26930178 -0.76834442 -1.89964436
v -1.37679583 -0.76834442 -1.79427526
v -1.47880257 -0.76834442 -1.68625115
v -1.57680736 -0.76834442 -1.57680736
v -1.67264552 -0.76834442 -1.46687075
v -1.76832227 -0.76834442 -1.35688140
v -1.86576584 -0.76834442 -1.24666488
v -1.96654043 -0.76834442 -1.13538265
v -2.07155535 -0.76834442 -1.02157805
v -2.18081129 -0.76834442 -0.90332161
v -2.29322356 -0.76834442 -0.77844450
v -2.40655508 -0.76834442 -0.64483449
v -2.51747943 -0.76834442 -0.50075779
v -2.62177826 -0.76834442 -0.34516366
v -2.71465965 -0.76834442 -0.17792819
v -2.79116705 -0.76834442 -0.00000000
v -2.84663527 -0.76834442 0.18657833
v -2.87714121 -0.76834442 0.37878283
v -2.87989603 -0.76834442 0.57284694
v -2.85353064 -0.76834442 0.76460123
v -2.79823849 -0.76834442 0.94987397
v -2.71575664 -0.76834442 1.12490323
v -2.60918619 -0.76834442 1.28670824
v -2.48267268 -0.76834442 1.43337174
v -2.34098492 -0.76834442 1.56419612
v -2.18904313 -0.76834442 1.67971187
v -2.03145296 -0.76834442 1.78153643
v -1.87210079 -0.76834442 1.87210079
v -1.71385672 -0.76834442 1.95427904
v -1.55841701 -0.76834442 2.03096858
v -1.40629912 -0.76834442 2.10467537
v -1.25698248 -0.76834442 2.17715751
v -1.10916930 -0.76834442 2.24917285
v -0.96112526 -0.76834442 2.32036164
v -0.81105052 -0.76834442 2.38927779
v -0.65742996 -0.76834442 2.45356200
v -0.49931617 -0.76834442 2.51023192
v -0.33651026 -0.76834442 2.55604921
v -0.16962088 -0.76834442 2.58791449
v -0.00000000 -0.76834442 2.60323845
v 0.17042887 -0.76834442 2.60024202
v 0.33941982 -0.76834442 2.57814950
v 0.50469111 -0.76834442 2.53725355
v 0.66420562 -0.76834442 2.47884913
v 0.81640462 -0.76834442 2.40505044
v 0.96036261 -0.76834442 2.31852045
v 1.09584421 -0.76834442 2.22215224
v 1.22325884 -0.76834442 2.11874645
v 1.34352459 -0.76834442 2.01072664
v 1.45786542 -0.76834442 1.89992720
v 1.56757451 -0.76834442 1.78747614
v 1.67378058 -0.76834442 1.67378058
v 1.77725161 -0.76834442 1.55860783
v 1.87826336 -0.76834442 1.44124217
v 1.97654905 -0.76834442 1.32068785
v 2.07133343 -0.76834442 1.19588492
v 2.16144140 -0.76834442 1.06590494
v 2.24546010 -0.76834442 0.93010003
v 2.32192625 -0.76834442 0.78818775
v 2.38950758 -0.76834442 0.64026663
v 2.44714951 -0.76834442 0.48676830
v 2.49416512 -0.76834442 0.32836307
v 2.53025651 -0.76834442 0.16584177
v 2.56308572 -0.25611481 0.00000000
v 2.57786232 -0.25611481 -0.16896202
v 2.58230543 -0.25611481 -0.33996696
v 2.57671044 -0.25611481 -0.51253957
v 2.56117159 -0.25611481 -0.68626386
v 2.53549404 -0.25611481 -0.86068425
v 2.49916649 -0.25611481 -1.03518866
v 2.45140097 -0.25611481 -1.20889718
v 2.39123493 -0.25611481 -1.38058013
v 2.31768084 -0.25611481 -1.54862483
v 2.22990037 -0.25611481 -1.71106273
v 2.12737617 -0.25611481 -1.86565883
v 2.01005463 -0.25611481 -2.01005463
v 1.87843711 -0.25611481 -2.14194701
v 1.73360539 -0.25611481 -2.25927853
v 1.57717716 -0.25611481 -2.36041243
v 1.41119813 -0.25611481 -2.44426685
v 1.23798671 -0.25611481 -2.51038871
v 1.05995446 -0.25611481 -2.55895642
v 0.87942808 -0.25611481 -2.59071159
v 0.69849804 -0.25611481 -2.60683016
v 0.51891327 -0.25611481 -2.60875318
v 0.34203356 -0.25611481 -2.59800279
v 0.16884071 -0.25611481 -2.57601142
v 0.00000000 -0.25611481 -2.54398918
v -0.16404533 -0.25611481 -2.50284814
v -0.32296888 -0.25611481 -2.45319222
v -0.47646880 -0.25611481 -2.39537041
v -0.62420912 -0.25611481 -2.32958017
v -0.76580846 -0.25611481 -2.25599897
v -0.90088020 -0.25611481 -2.17491720
v -1.02911784 -0.25611481 -2.08684454
v -1.15040876 -0.25611481 -1.99256641
v -1.26495255 -0.25611481 -1.89313528
v -1.37335614 -0.25611481 -1.78979257
v -1.47667905 -0.25611481 -1.68382974
v -1.57640812 -0.25611481 -1.57640812
v -1.67435109 -0.25611481 -1.46836650
v -1.77245080 -0.25611481 -1.36004934
v -1.87253586 -0.25611481 -1.25118846
v -1.97603545 -0.25611481 -1.14086460
v -2.08369508 -0.25611481 -1.02756470
v -2.19533414 -0.25611481 -0.90933718
v -2.30968416 -0.25611481 -0.78403212
v -2.42433908 -0.25611481 -0.64959970
v -2.53583601 -0.25611481 -0.50440914
v -2.63986852 -0.25611481 -0.34754528
v -2.73161703 -0.25611481 -0.17903964
v -2.80616423 -0.25611481 -0.00000000
v -2.85895075 -0.25611481 0.18738553
v -2.88621868 -0.25611481 0.37997790
v -2.88538998 -0.25611481 0.57393975
v -2.85533309 -0.25611481 0.76508419
v -2.79648374 -0.25611481 0.94927831
v -2.71080355 -0.25611481 1.12285160
v -2.60157980 -0.25611481 1.28295718
v -2.47308953 -0.25611481 1.42783891
v -2.33016835 -0.25611481 1.55696872
v -2.17773562 -0.25611481 1.67103531
v -2.02033306 -0.25611481 1.77178454
v -1.86173131 -0.25611481 1.86173131
v -1.70464926 -0.25611481 1.94377994
v -1.55061581 -0.25611481 2.02080187
v -1.39998479 -0.25611481 2.09522530
v -1.25209356 -0.25611481 2.16868967
v -1.10553772 -0.25611481 2.24180872
v -0.95851990 -0.25611481 2.31407174
v -0.80922283 -0.25611481 2.38389357
v -0.65615524 -0.25611481 2.44880468
v -0.49842546 -0.25611481 2.50575401
v -0.33590915 -0.25611481 2.55148333
v -0.16929371 -0.25611481 2.58292293
v -0.00000000 -0.25611481 2.59755732
v 0.17000104 -0.25611481 2.59371463
v 0.33844503 -0.25611481 2.57074520
v 0.50306337 -0.25611481 2.52907037
v 0.66186141 -0.25611481 2.47010042
v 0.81334539 -0.25611481 2.39603826
v 0.95666739 -0.25611481 2.30959939
v 1.09167060 -0.25611481 2.21368898
v 1.21883266 -0.25611481 2.11108010
v 1.33912002 -0.25611481 2.00413475
v 1.45377862 -0.25611481 1.89460119
v 1.56409483 -0.25611481 1.78350834
v 1.67116331 -0.25611481 1.67116331
v 1.77569597 -0.25611481 1.55724357
v 1.87789833 -0.25611481 1.44096207
v 1.97742846 -0.25611481 1.32127545
v 2.07344009 -0.25611481 1.19710120
v 2.16469886 -0.25611481 1.06751134
v 2.24974946 -0.25611481 0.93187674
v 2.32710498 -0.25611481 0.78994569
v 2.39542697 -0.25611481 0.64185272
v 2.45366824 -0.25611481 0.48806496
v 2.50115689 -0.25611481 0.32928355
v 2.53761114 -0.25611481 0.16632382
v 2.57073660 0.25611481 0.00000000
v 2.58561757 0.25611481 -0.16947033
v 2.59005627 0.25611481 -0.34098738
v 2.58432857 0.25611481 -0.51405491
v 2.56850264 0.25611481 -0.68822821
v 2.54235659 0.25611481 -0.86301377
v 2.50535785 0.25611481 -1.03775320
v 2.45670937 0.25611481 -1.21151499
v 2.39545703 0.25611481 -1.38301776
v 2.32064223 0.25611481 -1.55060357
v 2.23147616 0.25611481 -1.71227188
v 2.12750880 0.25611481 -1.86577514
v 2.00876607 0.25611481 -2.00876607
v 1.87583361 0.25611481 -2.13897829
v 1.72987375 0.25611481 -2.25441537
v 1.57257288 0.25611481 -2.35352164
v 1.40602667 0.25611481 -2.43530963
v 1.23258029 0.25611481 -2.49942557
v 1.05464708 0.25611481 -2.54614328
v 0.87453178 0.25611481 -2.57628756
v 0.69428288 0.25611481 -2.59109900
v 0.51559295 0.25611481 -2.59206082
v 0.33975745 0.25611481 -2.58071404
v 0.16769221 0.25611481 -2.55848869
v 0.00000000 0.25611481 -2.52657571
v -0.16293168 0.25611481 -2.48585710
v -0.32082427 0.25611481 -2.43690224
v -0.47341673 0.25611481 -2.38002660
v -0.62040930 0.25611481 -2.31539902
v -0.76145520 0.25611481 -2.24317469
v -0.89620361 0.25611481 -2.16362690
v -1.02438629 0.25611481 -2.07724990
v -1.14593080 0.25611481 -1.98481036
v -1.26107563 0.25611481 -1.88733306
v -1.37045987 0.25611481 -1.78601808
v -1.47516121 0.25611481 -1.68209898
v -1.57666277 0.25611481 -1.57666277
v -1.67673924 0.25611481 -1.47046085
v -1.77726590 0.25611481 -1.36374409
v -1.87996734 0.25611481 -1.25615401
v -1.98613470 0.25611481 -1.14669540
v -2.09634860 0.25611481 -1.03380472
v -2.21024837 0.25611481 -0.91551485
v -2.32638549 0.25611481 -0.78970146
v -2.44219125 0.25611481 -0.65438317
v -2.55407479 0.25611481 -0.50803706
v -2.65765179 0.25611481 -0.34988650
v -2.74808605 0.25611481 -0.18011908
v -2.82051045 0.25611481 -0.00000000
v -2.87048140 0.25611481 0.18814129
v -2.89441413 0.25611481 0.38105685
v -2.88994664 0.25611481 0.57484613
v -2.85618688 0.25611481 0.76531297
v -2.79381152 0.25611481 0.94837122
v -2.70500209 0.25611481 1.12044855
v -2.59322465 0.25611481 1.27883687
v -2.46287846 0.25611481 1.42194354
v -2.31885556 0.25611481 1.54940975
v -2.16606412 0.25611481 1.66207946
v -2.00897267 0.25611481 1.76182174
v -1.85122860 0.25611481 1.85122860
v -1.69539452 0.25611481 1.93322693
v -1.54282961 0.25611481 2.01065470
v -1.39372434 0.25611481 2.08585589
v -1.24727659 0.25611481 2.16034643
v -1.10197956 0.25611481 2.23459350
v -0.95597812 0.25611481 2.30793534
v -0.80744290 0.25611481 2.37865007
v -0.65491130 0.25611481 2.44416225
v -0.49755102 0.25611481 2.50135788
v -0.33531433 0.25611481 2.54696519
v -0.16896779 0.25611481 2.57795031
v -0.00000000 0.25611481 2.59187681
v 0.16957298 0.25611481 2.58718372
v 0.33747132 0.25611481 2.56334918
v 0.50144273 0.25611481 2.52092283
v 0.65953766 0.25611481 2.46142805
v 0.81032910 0.25611481 2.38715256
v 0.95304724 0.25611481 2.30085956
v 1.08761300 0.25611481 2.20546099
v 1.21457019 0.25611481 2.10369728
v 1.33493045 0.25611481 1.99786461
v 1.44995803 0.25611481 1.88962209
v 1.56092857 0.25611481 1.77989791
v 1.66889914 0.25611481 1.66889914
v 1.77452267 0.25611481 1.55621462
v 1.87793256 0.25611481 1.44098834
v 1.97871086 0.25611481 1.32213233
v 2.07594050 0.25611481 1.19854481
v 2.16832891 0.25611481 1.06930148
v 2.25438002 0.25611481 0.93379478
v 2.33258517 0.25611481 0.79180597
v 2.40160169 0.25611481 0.64350723
v 2.46039135 0.25611481 0.48940227
v 2.50829848 0.25611481 0.33022376
v 2.54505814 0.25611481 0.16681192
v 2.57839904 0.76834442 0.00000000
v 2.59332163 0.76834442 -0.16997528
v 2.59769144 0.76834442 -0.34199257
v 2.59176538 0.76834442 -0.51553419
v 2.57558657 0.76834442 -0.69012634
v 2.54890775 0.76834442 -0.86523759
v 2.51117725 0.76834442 -1.04016368
v 2.46159166 0.76834442 -1.21392267
v 2.39920816 0.76834442 -1.38518347
v 2.32309982 0.76834442 -1.55224567
v 2.23252971 0.76834442 -1.71308030
v 2.12711668 0.76834442 -1.86543126
v 2.00696674 0.76834442 -2.00696674
v 1.87274914 0.76834442 -2.13546112
v 1.72570498 0.76834442 -2.24898252
v 1.56758645 0.76834442 -2.34605891
v 1.40053551 0.76834442 -2.42579866
v 1.22691992 0.76834442 -2.48794747
v 1.04915052 0.76834442 -2.53287342
v 0.86950606 0.76834442 -2.56148226
v 0.68998955 0.76834442 -2.57507606
v 0.51223446 0.76834442 -2.57517651
v 0.33747006 0.76834442 -2.56333956
v 0.16654522 0.76834442 -2.54098906
v 0.00000000 0.76834442 -2.50929331
v -0.16183345 0.76834442 -2.46910136
v -0.31872354 0.76834442 -2.42094565
v -0.47044890 0.76834442 -2.36510632
v -0.61674458 0.76834442 -2.30172210
v -0.75729686 0.76834442 -2.23092461
v -0.89178885 0.76834442 -2.15296873
v -1.01998843 0.76834442 -2.06833192
v -1.14186061 0.76834442 -1.97776059
v -1.25767946 0.76834442 -1.88225032
v -1.36811217 0.76834442 -1.78295849
v -1.47424994 0.76834442 -1.68105987
v -1.57756698 0.76834442 -1.57756698
v -1.67979968 0.76834442 -1.47314479
v -1.78275081 0.76834442 -1.36795281
v -1.88803684 0.76834442 -1.26154588
v -1.99680824 0.76834442 -1.15285777
v -2.10948005 0.76834442 -1.04028044
v -2.22551315 0.76834442 -0.92183773
v -2.34328319 0.76834442 -0.79543746
v -2.46006541 0.76834442 -0.65917254
v -2.57214976 0.76834442 -0.51163240
v -2.67508428 0.76834442 -0.35218153
v -2.76402715 0.76834442 -0.18116391
v -2.83417226 0.76834442 -0.00000000
v -2.88120136 0.76834442 0.18884391
v -2.90171038 0.76834442 0.38201742
v -2.89355801 0.76834442 0.57556447
v -2.85609321 0.76834442 0.76528787
v -2.79023159 0.76834442 0.94715600
v -2.69836948 0.76834442 1.11770124
v -2.58414401 0.76834442 1.27435880
v -2.45206704 0.76834442 1.41570157
v -2.30707661 0.76834442 1.54153930
v -2.15405945 0.76834442 1.65286795
v -1.99740173 0.76834442 1.75167431
v -1.84062045 0.76834442 1.84062045
v -1.68611722 0.76834442 1.92264820
v -1.53507954 0.76834442 2.00055460
v -1.38753513 0.76834442 2.07659308
v -1.24254529 0.76834442 2.15215158
v -1.09850534 0.76834442 2.22754848
v -0.95350772 0.76834442 2.30197127
v -0.80571640 0.76834442 2.37356397
v -0.65370220 0.76834442 2.43964981
v -0.49669567 0.76834442 2.49705775
v -0.33472764 0.76834442 2.54250887
v -0.16864407 0.76834442 2.57301127
v -0.00000000 0.76834442 2.58621268
v 0.16914582 0.76834442 2.58066646
v 0.33650116 0.76834442 2.55598007
v 0.49983313 0.76834442 2.51283083
v 0.65723991 0.76834442 2.45285275
v 0.80736287 0.76834442 2.37841433
v 0.94951064 0.76834442 2.29232145
v 1.08368092 0.76834442 2.19748752
v 1.21048142 0.76834442 2.09661532
v 1.33096580 0.76834442 1.99193108
v 1.44641280 0.76834442 1.88500185
v 1.55808353 0.76834442 1.77665376
v 1.66699390 0.76834442 1.66699390
v 1.77373513 0.76834442 1.55552396
v 1.87836668 0.76834442 1.44132145
v 1.98039393 0.76834442 1.32325692
v 2.07882932 0.76834442 1.20021267
v 2.17232330 0.76834442 1.07127130
v 2.25934078 0.76834442 0.93584959
v 2.33835339 0.76834442 0.79376402
v 2.40801614 0.76834442 0.64522598
v 2.46730142 0.76834442 0.49077677
v 2.51557098 0.76834442 0.33118120
v 2.55257746 0.76834442 0.16730477
v 2.58605228 1.28057404 0.00000000
v 2.60095355 1.28057404 -0.17047550
v 2.60519022 1.28057404 -0.34297980
v 2.59900085 1.28057404 -0.51697341
v 2.58240460 1.28057404 -0.69195323
v 2.55513048 1.28057404 -0.86734992
v 2.51660999 1.28057404 -1.04241399
v 2.46603596 1.28057404 -1.21611435
v 2.40247970 1.28057404 -1.38707230
v 2.32504865 1.28057404 -1.55354784
v 2.23305989 1.28057404 -1.71348712
v 2.12620255 1.28057404 -1.86462959
v 2.00466303 1.28057404 -2.00466303
v 1.86919338 1.28057404 -2.13140656
v 1.72111146 1.28057404 -2.24299612
v 1.56223224 1.28057404 -2.33804577
v 1.39474019 1.28057404 -2.41576088
v 1.22102145 1.28057404 -2.47598657
v 1.04348009 1.28057404 -2.51918379
v 0.86436487 1.28057404 -2.54633679
v 0.68562994 1.28057404 -2.55880578
v 0.50884709 1.28057404 -2.55814709
v 0.33517773 1.28057404 -2.54592763
v 0.16540294 1.28057404 -2.52356122
v 0.00000000 1.28057404 -2.49219010
v -0.16075370 1.28057404 -2.45262751
v -0.31667253 1.28057404 -2.40536667
v -0.46757348 1.28057404 -2.35065061
v -0.61322492 1.28057404 -2.28858655
v -0.75334450 1.28057404 -2.21928134
v -0.88764735 1.28057404 -2.14297028
v -1.01593518 1.28057404 -2.06011276
v -1.13820769 1.28057404 -1.97143354
v -1.25477109 1.28057404 -1.87789765
v -1.36631667 1.28057404 -1.78061856
v -1.47394447 1.28057404 -1.68071155
v -1.57911474 1.28057404 -1.57911474
v -1.68352046 1.28057404 -1.47640782
v -1.78888717 1.28057404 -1.37266141
v -1.89671949 1.28057404 -1.26734745
v -2.00802492 1.28057404 -1.15933373
v -2.12305263 1.28057404 -1.04697369
v -2.24108715 1.28057404 -0.92828869
v -2.36033283 1.28057404 -0.80122503
v -2.47791580 1.28057404 -0.66395554
v -2.59001576 1.28057404 -0.51518617
v -2.69212350 1.28057404 -0.35442478
v -2.77940252 1.28057404 -0.18217167
v -2.84711828 1.28057404 -0.00000000
v -2.89108714 1.28057404 0.18949186
v -2.90809273 1.28057404 0.38285767
v -2.89621866 1.28057404 0.57609371
v -2.85505572 1.28057404 0.76500987
v -2.78575602 1.28057404 0.94563674
v -2.69092508 1.28057404 1.11461766
v -2.57436295 1.28057404 1.26953532
v -2.44068432 1.28057404 1.40912975
v -2.29486269 1.28057404 1.53337823
v -2.14175318 1.28057404 1.64342502
v -1.98565067 1.28057404 1.74136890
v -1.82993487 1.28057404 1.82993487
v -1.67684211 1.28057404 1.91207196
v -1.52738657 1.28057404 1.99052893
v -1.38143429 1.28057404 2.06746253
v -1.23791315 1.28057404 2.14412847
v -1.09512532 1.28057404 2.22069447
v -0.95111629 1.28057404 2.29619784
v -0.80404883 1.28057404 2.36865147
v -0.65253186 1.28057404 2.43528204
v -0.49586217 1.28057404 2.49286748
v -0.33415091 1.28057404 2.53812815
v -0.16832349 1.28057404 2.56812021
v -0.00000000 1.28057404 2.58058043
v 0.16872066 1.28057404 2.57417979
v 0.33553696 1.28057404 2.54865623
v 0.49823848 1.28057404 2.50481398
v 0.65497363 1.28057404 2.44439488
v 0.80445365 1.28057404 2.36984404
v 0.94606582 1.28057404 2.28400494
v 1.07988350 1.28057404 2.18978711
v 1.20657589 1.28057404 2.08985075
v 1.32723539 1.28057404 1.98634813
v 1.44315143 1.28057404 1.88075156
v 1.55556672 1.28057404 1.77378388
v 1.66545257 1.28057404 1.66545257
v 1.77333582 1.28057404 1.55517378
v 1.87920037 1.28057404 1.44196116
v 1.98247436 1.28057404 1.32464702
v 2.08210028 1.28057404 1.20210116
v 2.17667288 1.28057404 1.07341628
v 2.26461996 1.28057404 0.93803630
v 2.34439548 1.28057404 0.79581503
v 2.41465413 1.28057404 0.64700462
v 2.47438059 1.28057404 0.49218490
v 2.52295520 1.28057404 0.33215335
v 2.56014894 1.28057404 0.16780103
v 2.59367574 1.79280366 0.00000000
v 2.60849272 1.79280366 -0.17096965
v 2.61253242 1.79280366 -0.34394642
v 2.60601567 1.79280366 -0.51836875
v 2.58893880 1.79280366 -0.69370406
v 2.56100881 1.79280366 -0.86934535
v 2.52164253 1.79280366 -1.04449854
v 2.47003170 1.79280366 -1.21808484
v 2.40526449 1.79280366 -1.38868010
v 2.32648523 1.79280366 -1.55450773
v 2.23306708 1.79280366 -1.71349264
v 2.12477059 1.79280366 -1.86337380
v 2.00186271 1.79280366 -2.00186271
v 1.86517727 1.79280366 -2.12682706
v 1.71610670 1.79280366 -2.23647379
v 1.55652559 1.79280366 -2.32950517
v 1.38865706 1.79280366 -2.40522459
v 1.21490135 1.79280366 -2.46357622
v 1.03765151 1.79280366 -2.50511234
v 0.85912241 1.79280366 -2.53089300
v 0.68121610 1.79280366 -2.54233310
v 0.50544023 1.79280366 -2.54101964
v 0.33288682 1.79280366 -2.52852646
v 0.16426853 1.79280366 -2.50625350
v 0.00000000 1.79280366 -2.47531355
v -0.15969541 1.79280366 -2.43648120
v -0.31467689 1.79280366 -2.39020829
v -0.46479833 1.79280366 -2.33669902
v -0.60985982 1.79280366 -2.27602784
v -0.74960859 1.79280366 -2.20827569
v -0.88378975 1.79280366 -2.13365719
v -1.01223648 1.79280366 -2.05261253
v -1.13498032 1.79280366 -1.96584357
v -1.25235623 1.79280366 -1.87428355
v -1.36507551 1.79280366 -1.77900104
v -1.47424243 1.79280366 -1.68105131
v -1.58129838 1.79280366 -1.58129838
v -1.68788799 1.79280366 -1.48023804
v -1.79565511 1.79280366 -1.37785463
v -1.90598905 1.79280366 -1.27354117
v -2.01975247 1.79280366 -1.16610463
v -2.13702880 1.79280366 -1.05386598
v -2.25692866 1.79280366 -0.93485046
v -2.37749003 1.79280366 -0.80704912
v -2.49569714 1.79280366 -0.66872003
v -2.60762863 1.79280366 -0.51868958
v -2.70872841 1.79280366 -0.35661086
v -2.79417619 1.79280366 -0.18313998
v -2.85931930 1.79280366 -0.00000000
v -2.90011761 1.79280366 0.19008375
v -2.91354904 1.79280366 0.38357601
v -2.89792570 1.79280366 0.57643326
v -2.85308055 1.79280366 0.76448063
v -2.78039917 1.79280366 0.94381834
v -2.68269024 1.79280366 1.11120668
v -2.56390827 1.79280366 1.26437963
v -2.42876073 1.79280366 1.40224566
v -2.28224604 1.79280366 1.52494805
v -2.12917759 1.79280366 1.63377543
v -1.97375029 1.79280366 1.73093255
v -1.81920004 1.79280366 1.81920004
v -1.66759388 1.79280366 1.90152638
v -1.51977155 1.79280366 1.98060484
v -1.37543873 1.79280366 2.05848952
v -1.23339339 1.79280366 2.13630001
v -1.09184950 1.79280366 2.21405176
v -0.94881120 1.79280366 2.29063287
v -0.80244552 1.79280366 2.36392828
v -0.65140409 1.79280366 2.43107315
v -0.49505320 1.79280366 2.48880052
v -0.33358591 1.79280366 2.53383652
v -0.16800699 1.79280366 2.56329126
v -0.00000000 1.79280366 2.57499534
v 0.16829860 1.79280366 2.56774037
v 0.33458110 1.79280366 2.54139577
v 0.49666260 1.79280366 2.49689151
v 0.65274415 1.79280366 2.43607435
v 0.80160821 1.79280366 2.36146163
v 0.94272077 1.79280366 2.27592926
v 1.07622952 1.79280366 2.18237757
v 1.20286269 1.79280366 2.08341930
v 1.32374800 1.79280366 1.98112889
v 1.44018174 1.79280366 1.87688139
v 1.55338437 1.79280366 1.77129539
v 1.66427926 1.79280366 1.66427926
v 1.77332631 1.79280366 1.55516544
v 1.88043236 1.79280366 1.44290650
v 1.98494794 1.79280366 1.32629981
v 2.08574621 1.79280366 1.20420613
v 2.18136771 1.79280366 1.07573151
v 2.27020504 1.79280366 0.94034972
v 2.35069667 1.79280366 0.79795400
v 2.42149899 1.79280366 0.64883870
v 2.48161064 1.79280366 0.49362305
v 2.53043177 1.79280366 0.33313766
v 2.56775241 1.79280366 0.16829938
v 2.60124904 2.30503327 0.00000000
v 2.61591894 2.30503327 -0.17145639
v 2.61969844 2.30503327 -0.34488984
v 2.61279133 2.30503327 -0.51971651
v 2.59517223 2.30503327 -0.69537430
v 2.56652784 2.30503327 -0.87121881
v 2.52626261 2.30503327 -1.04641223
v 2.47356968 2.30503327 -1.21982958
v 2.40755678 2.30503327 -1.39000356
v 2.32740755 2.30503327 -1.55512401
v 2.23255310 2.30503327 -1.71309825
v 2.12282640 2.30503327 -1.86166879
v 1.99857491 2.30503327 -1.99857491
v 1.86071298 2.30503327 -2.12173651
v 1.71070529 2.30503327 -2.22943453
v 1.55048275 2.30503327 -2.32046142
v 1.38230317 2.30503327 -2.39421932
v 1.20857660 2.30503327 -2.45075091
v 1.03168087 2.30503327 -2.49069795
v 0.85379313 2.30503327 -2.51519346
v 0.67676018 2.30503327 -2.52570337
v 0.50202326 2.30503327 -2.52384137
v 0.33060366 2.30503327 -2.51118408
v 0.16314513 2.30503327 -2.48911373
v 0.00000000 2.30503327 -2.45871030
v -0.15866152 2.30503327 -2.42070701
v -0.31274211 2.30503327 -2.37551216
v -0.46213103 2.30503327 -2.32328958
v -0.60665833 2.30503327 -2.26407969
v -0.74609892 2.30503327 -2.19793654
v -0.88022581 2.30503327 -2.12505310
v -1.00890122 2.30503327 -2.04584929
v -1.13218560 2.30503327 -1.96100299
v -1.25043921 2.30503327 -1.87141454
v -1.36438932 2.30503327 -1.77810678
v -1.47513991 2.30503327 -1.68207469
v -1.58410865 2.30503327 -1.58410865
v -1.69288712 2.30503327 -1.48462216
v -1.80303329 2.30503327 -1.38351610
v -1.91581804 2.30503327 -1.28010869
v -2.03195766 2.30503327 -1.17315130
v -2.15137038 2.30503327 -1.06093846
v -2.27299573 2.30503327 -0.94150566
v -2.39471059 2.30503327 -0.81289471
v -2.51336484 2.30503327 -0.67345408
v -2.62494531 2.30503327 -0.52213409
v -2.72485953 2.30503327 -0.35873456
v -2.80831410 2.30503327 -0.18406663
v -2.87074834 2.30503327 -0.00000000
v -2.90827410 2.30503327 0.19061836
v -2.91806967 2.30503327 0.38417116
v -2.89867876 2.30503327 0.57658306
v -2.85017627 2.30503327 0.76370243
v -2.77417767 2.30503327 0.94170643
v -2.67368831 2.30503327 1.10747796
v -2.55280839 2.30503327 1.25890578
v -2.41632798 2.30503327 1.39506761
v -2.26925981 2.30503327 1.51627093
v -2.11636556 2.30503327 1.62394441
v -1.96173175 2.30503327 1.72039257
v -1.80844419 2.30503327 1.80844419
v -1.65839716 2.30503327 1.89103953
v -1.51225507 2.30503327 1.97080918
v -1.36956505 2.30503327 2.04969894
v -1.22899893 2.30503327 2.12868858
v -1.08868761 2.30503327 2.20764009
v -0.94659960 2.30503327 2.28529359
v -0.80091163 2.30503327 2.35940957
v -0.65032258 2.30503327 2.42703690
v -0.49427137 2.30503327 2.48486995
v -0.33303436 2.30503327 2.52964708
v -0.16769546 2.30503327 2.55853824
v -0.00000000 2.30503327 2.56947244
v 0.16788071 2.30503327 2.56136466
v 0.33363593 2.30503327 2.53421650
v 0.49510926 2.30503327 2.48908233
v 0.65055670 2.30503327 2.42791064
v 0.79883313 2.30503327 2.35328651
v 0.93948318 2.30503327 2.26811303
v 1.07272740 2.30503327 2.17527598
v 1.19935043 2.30503327 2.07733587
v 1.32051182 2.30503327 1.97628560
v 1.43751085 2.30503327 1.87340061
v 1.55154194 2.30503327 1.76919450
v 1.66347723 2.30503327 1.66347723
v 1.77370727 2.30503327 1.55549953
v 1.88206048 2.30503327 1.44415580
v 1.98780954 2.30503327 1.32821187
v 2.08975908 2.30503327 1.20652297
v 2.18639701 2.30503327 1.07821168
v 2.27608279 2.30503327 0.94278436
v 2.35724161 2.30503327 0.80017570
v 2.42853361 2.30503327 0.65072362
v 2.48897307 2.30503327 0.49508752
v 2.53798116 2.30503327 0.33413156
v 2.57536774 2.30503327 0.16879852
v 2.60875212 2.81726289 0.00000000
v 2.62321249 2.81726289 -0.17193443
v 2.62666935 2.81726289 -0.34580758
v 2.61931011 2.81726289 -0.52101318
v 2.60108892 2.81726289 -0.69695968
v 2.57167386 2.81726289 -0.87296564
v 2.53045921 2.81726289 -1.04815052
v 2.47664208 2.81726289 -1.22134471
v 2.40935228 2.81726289 -1.39104019
v 2.32781509 2.81726289 -1.55539632
v 2.23152125 2.81726289 -1.71230648
v 2.12037702 2.81726289 -1.85952074
v 1.99481006 2.81726289 -1.99481006
v 1.85581388 2.81726289 -2.11615015
v 1.70492285 2.81726289 -2.22189872
v 1.54412084 2.81726289 -2.31094015
v 1.37569627 2.81726289 -2.38277583
v 1.20206473 2.81726289 -2.43754614
v 1.02558463 2.81726289 -2.47598032
v 0.84839168 2.81726289 -2.49928128
v 0.67227442 2.81726289 -2.50896228
v 0.49860557 2.81726289 -2.50665949
v 0.32833451 2.81726289 -2.49394822
v 0.16203584 2.81726289 -2.47218915
v 0.00000000 2.81726289 -2.44242615
v -0.15765486 2.81726289 -2.40534836
v -0.31087348 2.81726289 -2.36131855
v -0.45957880 2.81726289 -2.31045866
v -0.60362898 2.81726289 -2.25277402
v -0.74282465 2.81726289 -2.18829084
v -0.87696451 2.81726289 -2.11717961
v -1.00593729 2.81726289 -2.03983903
v -1.12982945 2.81726289 -1.95692201
v -1.24902305 2.81726289 -1.86929510
v -1.36425731 2.81726289 -1.77793474
v -1.47663146 2.81726289 -1.68377547
v -1.58753478 2.81726289 -1.58753478
v -1.69850125 2.81726289 -1.48954562
v -1.81099904 2.81726289 -1.38962844
v -1.92617784 2.81726289 -1.28703088
v -2.04460640 2.81726289 -1.18045406
v -2.16603864 2.81726289 -1.06817205
v -2.28924628 2.81726289 -0.94823686
v -2.41195067 2.81726289 -0.81874693
v -2.53087508 2.81726289 -0.67814593
v -2.64192400 2.81726289 -0.52551136
v -2.74047901 2.81726289 -0.36079091
v -2.82178421 2.81726289 -0.18494951
v -2.88138070 2.81726289 -0.00000000
v -2.91554041 2.81726289 0.19109461
v -2.92164757 2.81726289 0.38464220
v -2.89848004 2.81726289 0.57654353
v -2.84635384 2.81726289 0.76267821
v -2.76711032 2.81726289 0.93930738
v -2.66394454 2.81726289 1.10344196
v -2.54109334 2.81726289 1.25312856
v -2.40341902 2.81726289 1.38761462
v -2.25593804 2.81726289 1.50736961
v -2.10335054 2.81726289 1.61395764
v -1.94962643 2.81726289 1.70977649
v -1.79769562 2.81726289 1.79769562
v -1.64927640 2.81726289 1.88063930
v -1.50485751 2.81726289 1.96116850
v -1.36382958 2.81726289 2.04111521
v -1.22474239 2.81726289 2.12131604
v -1.08564911 2.81726289 2.20147862
v -0.94448838 2.81726289 2.28019666
v -0.79945211 2.81726289 2.35510997
v -0.64929087 2.81726289 2.42318653
v -0.49351917 2.81726289 2.48108842
v -0.33249794 2.81726289 2.52557261
v -0.16738979 2.81726289 2.55387470
v -0.00000000 2.81726289 2.56402646
v 0.16746806 2.81726289 2.55506878
v 0.33270375 2.81726289 2.52713589
v 0.49358213 2.81726289 2.48140494
v 0.64841635 2.81726289 2.41992277
v 0.79613481 2.81726289 2.34533753
v 0.93636049 2.81726289 2.26057419
v 1.06938520 2.81726289 2.16849866
v 1.19604722 2.81726289 2.07161456
v 1.31753443 2.81726289 1.97182963
v 1.43514520 2.81726289 1.87031763
v 1.55004411 2.81726289 1.76748656
v 1.66304892 2.81726289 1.66304892
v 1.77447849 2.81726289 1.55617587
v 1.88408166 2.81726289 1.44570670
v 1.99105318 2.81726289 1.33037920
v 2.09413007 2.81726289 1.20904656
v 2.19174931 2.81726289 1.08085115
v 2.28223939 2.81726289 0.94533451
v 2.36401446 2.81726289 0.80247478
v 2.43574051 2.81726289 0.65265470
v 2.49644917 2.81726289 0.49657461
v 2.54558384 2.81726289 0.33513247
v 2.58297492 2.81726289 0.16929712
v 2.61616528 3.32949250 0.00000000
v 2.63035420 3.32949250 -0.17240252
v 2.63342692 3.32949250 -0.34669723
v 2.62555522 3.32949250 -0.52225541
v 2.60667395 3.32949250 -0.69845618
v 2.57643434 3.32949250 -0.87458161
v 2.53422265 3.32949250 -1.04970939
v 2.47924246 3.32949250 -1.22262708
v 2.41064815 3.32949250 -1.39178836
v 2.32770879 3.32949250 -1.55532529
v 2.22997631 3.32949250 -1.71112101
v 2.11743087 3.32949250 -1.85693704
v 1.99057992 3.32949250 -1.99057992
v 1.85049448 3.32949250 -2.11008455
v 1.69877603 3.32949250 -2.21388803
v 1.53745780 3.32949250 -2.30096820
v 1.36885474 3.32949250 -2.37092596
v 1.19538370 3.32949250 -2.42399835
v 1.01937952 3.32949250 -2.46099986
v 0.84293285 3.32949250 -2.48320009
v 0.66777110 3.32949250 -2.49215568
v 0.49519654 3.32949250 -2.48952112
v 0.32608563 3.32949250 -2.47686624
v 0.16094370 3.32949250 -2.45552633
v 0.00000000 3.32949250 -2.42650589
v -0.15667820 3.32949250 -2.39044744
v -0.30907612 3.32949250 -2.34766623
v -0.45714855 3.32949250 -2.29824098
v -0.60077984 3.32949250 -2.24214090
v -0.73979426 3.32949250 -2.17936360
v -0.87401393 3.32949250 -2.11005629
v -1.00335155 3.32949250 -2.03459568
v -1.12791660 3.32949250 -1.95360885
v -1.24810944 3.32949250 -1.86792778
v -1.36467727 3.32949250 -1.77848204
v -1.47871018 3.32949250 -1.68614580
v -1.59156454 3.32949250 -1.59156454
v -1.70471238 3.32949250 -1.49499264
v -1.81952847 3.32949250 -1.39617330
v -1.93703881 3.32949250 -1.29428795
v -2.05766386 3.32949250 -1.18799278
v -2.18099451 3.32949250 -1.07554747
v -2.30563827 3.32949250 -0.95502664
v -2.42916687 3.32949250 -0.82459104
v -2.54818495 3.32949250 -0.68278410
v -2.65852422 3.32949250 -0.52881335
v -2.75555074 3.32949250 -0.36277514
v -2.83455656 3.32949250 -0.18578665
v -2.89119403 3.32949250 -0.00000000
v -2.92190282 3.32949250 0.19151163
v -2.92427823 3.32949250 0.38498853
v -2.89733423 3.32949250 0.57631561
v -2.84162661 3.32949250 0.76141155
v -2.75921804 3.32949250 0.93662831
v -2.65348602 3.32949250 1.09910990
v -2.52879463 3.32949250 1.24706350
v -2.39006795 3.32949250 1.37990637
v -2.24231557 3.32949250 1.49826736
v -2.09016643 3.32949250 1.60384111
v -1.93746593 3.32949250 1.69911202
v -1.78698256 3.32949250 1.78698256
v -1.64025588 3.32949250 1.87035337
v -1.49759894 3.32949250 1.95170894
v -1.35824830 3.32949250 2.03276223
v -1.22063604 3.32949250 2.11420364
v -1.08274313 3.32949250 2.19558588
v -0.94248420 3.32949250 2.27535813
v -0.79807174 3.32949250 2.35104354
v -0.64831240 3.32949250 2.41953482
v -0.49279905 3.32949250 2.47746813
v -0.33197830 3.32949250 2.52162553
v -0.16709086 3.32949250 2.54931385
v -0.00000000 3.32949250 2.55867185
v 0.16706167 3.32949250 2.54886859
v 0.33178682 3.32949250 2.52017110
v 0.49208482 3.32949250 2.47387744
v 0.64632808 3.32949250 2.41212925
v 0.79351946 3.32949250 2.33763294
v 0.93335984 3.32949250 2.25332998
v 1.06621058 3.32949250 2.16206117
v 1.19296073 3.32949250 2.06626859
v 1.31482287 3.32949250 1.96777148
v 1.43309054 3.32949250 1.86763995
v 1.54889482 3.32949250 1.76617605
v 1.66299593 3.32949250 1.66299593
v 1.77563893 3.32949250 1.55719355
v 1.88649199 3.32949250 1.44755622
v 1.99467204 3.32949250 1.33279725
v 2.09884958 3.32949250 1.21177137
v 2.19741245 3.32949250 1.08364390
v 2.28866041 3.32949250 0.94799418
v 2.37099891 3.32949250 0.80484568
v 2.44310192 3.32949250 0.65462719
v 2.50402008 3.32949250 0.49808056
v 2.55322027 3.32949250 0.33613783
v 2.59055413 3.32949250 0.16979389
v 2.62346926 3.84172212 0.00000000
v 2.63732551 3.84172212 -0.17285945
v 2.63995373 3.84172212 -0.34755650
v 2.63151081 3.84172212 -0.52344004
v 2.61191351 3.84172212 -0.69986012
v 2.58079797 3.84172212 -0.87606286
v 2.53754461 3.84172212 -1.05108539
v 2.48136584 3.84172212 -1.22367422
v 2.41144303 3.84172212 -1.39224728
v 2.32709108 3.84172212 -1.55491255
v 2.22792449 3.84172212 -1.70954659
v 2.11399775 3.84172212 -1.85392627
v 1.98589747 3.84172212 -1.98589747
v 1.84477046 3.84172212 -2.10355755
v 1.69228241 3.84172212 -2.20542538
v 1.53051233 3.84172212 -2.29057358
v 1.36179757 3.84172212 -2.35870258
v 1.18855191 3.84172212 -2.41014485
v 1.01308255 3.84172212 -2.44579764
v 0.83743157 3.84172212 -2.46699385
v 0.66326254 3.84172212 -2.47532951
v 0.49180549 3.84172212 -2.47247317
v 0.32386316 3.84172212 -2.45998495
v 0.15987171 3.84172212 -2.43917099
v 0.00000000 3.84172212 -2.41099325
v -0.15573422 3.84172212 -2.37604507
v -0.30735492 3.84172212 -2.33459242
v -0.45484684 3.84172212 -2.28666949
v -0.59811847 3.84172212 -2.23220852
v -0.73701555 3.84172212 -2.17117781
v -0.87138134 3.84172212 -2.10370066
v -1.00114986 3.84172212 -2.03013109
v -1.12645059 3.84172212 -1.95106966
v -1.24769877 3.84172212 -1.86731317
v -1.36564560 3.84172212 -1.77974399
v -1.48136774 3.84172212 -1.68917617
v -1.59618428 3.84172212 -1.59618428
v -1.71150122 3.84172212 -1.50094628
v -1.82859651 3.84172212 -1.40313145
v -1.94837038 3.84172212 -1.30185947
v -2.07109459 3.84172212 -1.19574702
v -2.19619865 3.84172212 -1.08304532
v -2.32212981 3.84172212 -0.96185766
v -2.44631638 3.84172212 -0.83041252
v -2.56525257 3.84172212 -0.68735735
v -2.67470697 3.84172212 -0.53203230
v -2.77004049 3.84172212 -0.36468275
v -2.84660335 3.84172212 -0.18657624
v -2.90016836 3.84172212 -0.00000000
v -2.92735018 3.84172212 0.19186867
v -2.92595972 3.84172212 0.38520991
v -2.89524850 3.84172212 0.57590073
v -2.83601023 3.84172212 0.75990665
v -2.75052385 3.84172212 0.93367704
v -2.64234160 3.84172212 1.09449373
v -2.51594520 3.84172212 1.24072687
v -2.37630990 3.84172212 1.37196316
v -2.22842793 3.84172212 1.48898794
v -2.07684752 3.84172212 1.59362115
v -1.92528195 3.84172212 1.68842696
v -1.77633317 3.84172212 1.77633317
v -1.63135964 3.84172212 1.86020915
v -1.49049908 3.84172212 1.94245622
v -1.35283681 3.84172212 2.02466337
v -1.21669182 3.84172212 2.10737205
v -1.07997851 3.84172212 2.18997977
v -0.94059344 3.84172212 2.27079343
v -0.79677511 3.84172212 2.34722378
v -0.64739044 3.84172212 2.41609401
v -0.49211335 3.84172212 2.47402085
v -0.33147701 3.84172212 2.51781786
v -0.16679950 3.84172212 2.54486859
v -0.00000000 3.84172212 2.55342275
v 0.16666258 3.84172212 2.54277961
v 0.33088734 3.84172212 2.51333891
v 0.49062084 3.84172212 2.46651753
v 0.64429672 3.84172212 2.40454810
v 0.79099305 3.84172212 2.33019040
v 0.93048810 3.84172212 2.24639698
v 1.06321082 3.84172212 2.15597827
v 1.19009811 3.84172212 2.06131040
v 1.31238355 3.84172212 1.96412078
v 1.43135196 3.84172212 1.86537419
v 1.54809725 3.84172212 1.76526658
v 1.66331908 3.84172212 1.66331908
v 1.77718672 3.84172212 1.55855092
v 1.88928676 3.84172212 1.44970072
v 1.99865855 3.84172212 1.33546095
v 2.10390730 3.84172212 1.21469144
v 2.20337364 3.84172212 1.08658363
v 2.29533094 3.84172212 0.95075720
v 2.37817831 3.84172212 0.80728276
v 2.45059983 3.84172212 0.65663624
v 2.51166689 3.84172212 0.49960161
v 2.56087100 3.84172212 0.33714506
v 2.59808583 3.84172212 0.17028754
v 2.63064530 4.35395173 0.00000000
v 2.64410853 4.35395173 -0.17330403
v 2.64623318 4.35395173 -0.34838321
v 2.63716201 4.35395173 -0.52456414
v 2.61679495 4.35395173 -0.70116809
v 2.58475474 4.35395173 -0.87740600
v 2.54041811 4.35395173 -1.05227563
v 2.48300867 4.35395173 -1.22448437
v 2.41173704 4.35395173 -1.39241703
v 2.32596588 4.35395173 -1.55416071
v 2.22537342 4.35395173 -1.70758908
v 2.11008881 4.35395173 -1.85049822
v 1.98077697 4.35395173 -1.98077697
v 1.83865853 4.35395173 -2.09658822
v 1.68546050 4.35395173 -2.19653489
v 1.52330390 4.35395173 -2.27978540
v 1.35454430 4.35395173 -2.34613954
v 1.18158812 4.35395173 -2.39602367
v 1.00671095 4.35395173 -2.43041522
v 0.83190286 4.35395173 -2.45070681
v 0.65876106 4.35395173 -2.45852973
v 0.48844170 4.35395173 -2.45556223
v 0.32167321 4.35395173 -2.44335058
v 0.15882282 4.35395173 -2.42316801
v 0.00000000 4.35395173 -2.39593079
v -0.15482550 4.35395173 -2.36218072
v -0.30571458 4.35395173 -2.32213274
v -0.45267987 4.35395173 -2.27577539
v -0.59565190 4.35395173 -2.22300314
v -0.73449566 4.35395173 -2.16375444
v -0.86907314 4.35395173 -2.09812815
v -0.99933705 4.35395173 -2.02645507
v -1.12543386 4.35395173 -1.94930863
v -1.24779019 4.35395173 -1.86744998
v -1.36715737 4.35395173 -1.78171418
v -1.48459448 4.35395173 -1.69285555
v -1.60137906 4.35395173 -1.60137906
v -1.71884723 4.35395173 -1.50738856
v -1.83817707 4.35395173 -1.41048287
v -1.96014121 4.35395173 -1.30972448
v -2.08486264 4.35395173 -1.20369601
v -2.21161159 4.35395173 -1.09064614
v -2.33867928 4.35395173 -0.96871268
v -2.46335711 4.35395173 -0.83619706
v -2.58203722 4.35395173 -0.69185479
v -2.69043478 4.35395173 -0.53516075
v -2.78391589 4.35395173 -0.36650948
v -2.85789898 4.35395173 -0.18731660
v -2.90828615 4.35395173 -0.00000000
v -2.93187384 4.35395173 0.19216516
v -2.92669264 4.35395173 0.38530640
v -2.89223250 4.35395173 0.57530081
v -2.82952264 4.35395173 0.75816831
v -2.74105278 4.35395173 0.93046204
v -2.63054183 4.35395173 1.08960610
v -2.50257930 4.35395173 1.23413554
v -2.36218100 4.35395173 1.36380584
v -2.21431129 4.35395173 1.47955550
v -2.06342842 4.35395173 1.58332431
v -1.91310626 4.35395173 1.67774916
v -1.76577545 4.35395173 1.76577545
v -1.62261141 4.35395173 1.85023371
v -1.48357732 4.35395173 1.93343560
v -1.34761034 4.35395173 2.01684141
v -1.21292125 4.35395173 2.10084124
v -1.07736373 4.35395173 2.18467752
v -0.93882222 4.35395173 2.26651733
v -0.79556658 4.35395173 2.34366356
v -0.64652812 4.35395173 2.41287580
v -0.49146431 4.35395173 2.47075791
v -0.33099561 4.35395173 2.51416124
v -0.16651654 4.35395173 2.54055145
v -0.00000000 4.35395173 2.54829296
v 0.16627177 4.35395173 2.53681703
v 0.33000749 4.35395173 2.50665574
v 0.48919363 4.35395173 2.45934245
v 0.64232695 4.35395173 2.39719681
v 0.78856139 4.35395173 2.32302694
v 0.92775182 4.35395173 2.23979104
v 1.06039284 4.35395173 2.15026397
v 1.18746605 4.35395173 2.05675153
v 1.31022233 4.35395173 1.96088629
v 1.42993388 4.35395173 1.86352612
v 1.54765382 4.35395173 1.76476095
v 1.66401840 4.35395173 1.66401840
v 1.77911917 4.35395173 1.56024564
v 1.89246044 4.35395173 1.45213597
v 2.00300438 4.35395173 1.33836474
v 2.10929223 4.35395173 1.21780044
v 2.20961952 4.35395173 1.08966376
v 2.30223559 4.35395173 0.95361721
v 2.38553566 4.35395173 0.80978024
v 2.45821606 4.35395173 0.65867701
v 2.51937066 4.35395173 0.50113398
v 2.56851677 4.35395173 0.33815165
v 2.60555080 4.35395173 0.17077682
v 2.63767522 4.86618135 0.00000000
v 2.65068612 4.86618135 -0.17373515
v 2.65224958 4.86618135 -0.34917528
v 2.64249502 4.86618135 -0.52562494
v 2.62130679 4.86618135 -0.70237704
v 2.58829592 4.86618135 -0.87860807
v 2.54283758 4.86618135 -1.05327781
v 2.48416886 4.86618135 -1.22505651
v 2.41153179 4.86618135 -1.39229853
v 2.32433854 4.86618135 -1.55307336
v 2.22233217 4.86618135 -1.70525545
v 2.10571652 4.86618135 -1.84666383
v 1.97523383 4.86618135 -1.97523383
v 1.83217646 4.86618135 -2.08919685
v 1.67832966 4.86618135 -2.18724179
v 1.51585264 4.86618135 -2.26863380
v 1.34711495 4.86618135 -2.33327153
v 1.17451142 4.86618135 -2.38167356
v 1.00028210 4.86618135 -2.41489461
v 0.82636180 4.86618135 -2.43438337
v 0.65427891 4.86618135 -2.44180213
v 0.48511434 4.86618135 -2.43883450
v 0.31952175 4.86618135 -2.42700866
v 0.15779990 4.86618135 -2.40756125
v 0.00000000 4.86618135 -2.38135982
v -0.15395454 4.86618135 -2.34889234
v -0.30415955 4.86618135 -2.31032112
v -0.45065347 4.86618135 -2.26558800
v -0.59338663 4.86618135 -2.21454907
v -0.73224101 4.86618135 -2.15711245
v -0.86709487 4.86618135 -2.09335219
v -0.99791695 4.86618135 -2.02357539
v -1.12486767 4.86618135 -1.94832796
v -1.24838159 4.86618135 -1.86833508
v -1.36920637 4.86618135 -1.78438449
v -1.48837940 4.86618135 -1.69717143
v -1.60713268 4.86618135 -1.60713268
v -1.72672877 4.86618135 -1.51430049
v -1.84824308 4.86618135 -1.41820680
v -1.97231922 4.86618135 -1.31786157
v -2.09893171 4.86618135 -1.21181879
v -2.22719384 4.86618135 -1.09833046
v -2.35524546 4.86618135 -0.97557461
v -2.48024779 4.86618135 -0.84193068
v -2.59849940 4.86618135 -0.69626582
v -2.70567185 4.86618135 -0.53819159
v -2.79714661 4.86618135 -0.36825134
v -2.86842015 4.86618135 -0.18800619
v -2.91553234 4.86618135 -0.00000000
v -2.93546773 4.86618135 0.19240072
v -2.92648014 4.86618135 0.38527842
v -2.88829829 4.86618135 0.57451825
v -2.82218398 4.86618135 0.75620192
v -2.73083178 4.86618135 0.92699248
v -2.61811886 4.86618135 1.08446034
v -2.48873247 4.86618135 1.22730703
v -2.34771825 4.86618135 1.35545576
v -2.20000233 4.86618135 1.46999456
v -2.04994395 4.86618135 1.57297732
v -1.90097058 4.86618135 1.66710646
v -1.75533719 4.86618135 1.75533719
v -1.61403461 4.86618135 1.84045373
v -1.47685261 4.86618135 1.92467179
v -1.34258370 4.86618135 2.00931850
v -1.20933550 4.86618135 2.09463053
v -1.07490694 4.86618135 2.17969566
v -0.93717639 4.86618135 2.26254394
v -0.79445032 4.86618135 2.34037516
v -0.64572845 4.86618135 2.40989138
v -0.49085409 4.86618135 2.46769016
v -0.33053557 4.86618135 2.51066692
v -0.16624278 4.86618135 2.53637463
v -0.00000000 4.86618135 2.54329597
v 0.16589022 4.86618135 2.53099569
v 0.32914936 4.86618135 2.50013761
v 0.48780652 4.86618135 2.45236898
v 0.64042331 4.86618135 2.39009232
v 0.78623003 4.86618135 2.31615897
v 0.92515730 4.86618135 2.23352729
v 1.05776314 4.86618135 2.14493147
v 1.18507073 4.86618135 2.05260271
v 1.30834447 4.86618135 1.95807588
v 1.42884006 4.86618135 1.86210062
v 1.54756626 4.86618135 1.76466112
v 1.66509317 4.86618135 1.66509317
v 1.78143285 4.86618135 1.56227468
v 1.89600678 4.86618135 1.45485717
v 2.00770049 4.86618135 1.34150258
v 2.11499278 4.86618135 1.22109165
v 2.21613621 4.86618135 1.09287744
v 2.30935860 4.86618135 0.95656765
v 2.39305372 4.86618135 0.81233228
v 2.46593234 4.86618135 0.66074458
v 2.52711251 4.86618135 0.50267393
v 2.57613853 4.86618135 0.33915507
v 2.61293022 4.86618135 0.17126049
v 2.64454147 5.37841097 0.00000000
v 2.65704192 5.37841097 -0.17415173
v 2.65798819 5.37841097 -0.34993078
v 2.64749715 5.37841097 -0.52661993
v 2.62543877 5.37841097 -0.70348420
v 2.59141413 5.37841097 -0.87966656
v 2.54479887 5.37841097 -1.05409020
v 2.48484576 5.37841097 -1.22539032
v 2.41083034 5.37841097 -1.39189355
v 2.32221590 5.37841097 -1.55165505
v 2.21881117 5.37841097 -1.70255369
v 2.10089462 5.37841097 -1.84243513
v 1.96928463 5.37841097 -1.96928463
v 1.82534303 5.37841097 -2.08140481
v 1.67091007 5.37841097 -2.17757240
v 1.50817930 5.37841097 -2.25714984
v 1.33953000 5.37841097 -2.32013402
v 1.16734120 5.37841097 -2.36713379
v 0.99381355 5.37841097 -2.39927816
v 0.82082348 5.37841097 -2.41806800
v 0.64982832 5.37841097 -2.42519232
v 0.48183252 5.37841097 -2.42233564
v 0.31741469 5.37841097 -2.41100390
v 0.15680576 5.37841097 -2.39239351
v 0.00000000 5.37841097 -2.36732035
v -0.15312371 5.37841097 -2.33621636
v -0.30269407 5.37841097 -2.29918976
v -0.44877311 5.37841097 -2.25613479
v -0.59132867 5.37841097 -2.20686863
v -0.73025734 5.37841097 -2.15126876
v -0.86545123 5.37841097 -2.08938411
v -0.99689240 5.37841097 -2.02149781
v -1.12475218 5.37841097 -1.94812793
v -1.24946969 5.37841097 -1.86996353
v -1.37178513 5.37841097 -1.78774519
v -1.49271030 5.37841097 -1.70210987
v -1.61342777 5.37841097 -1.61342777
v -1.73512314 5.37841097 -1.52166215
v -1.85876667 5.37841097 -1.42628183
v -1.98487178 5.37841097 -1.32624892
v -2.11326521 5.37841097 -1.22009424
v -2.24290605 5.37841097 -1.10607886
v -2.37178767 5.37841097 -0.98242662
v -2.49694808 5.37841097 -0.84759966
v -2.61460100 5.37841097 -0.70058023
v -2.72038409 5.37841097 -0.54111804
v -2.80970436 5.37841097 -0.36990460
v -2.87814585 5.37841097 -0.18864365
v -2.92189431 5.37841097 -0.00000000
v -2.93812831 5.37841097 0.19257510
v -2.92532787 5.37841097 0.38512672
v -2.88346030 5.37841097 0.57355592
v -2.81401656 5.37841097 0.75401347
v -2.71988968 5.37841097 0.92327813
v -2.60510635 5.37841097 1.07907038
v -2.47444137 5.37841097 1.22025945
v -2.33295944 5.37841097 1.34693476
v -2.18553824 5.37841097 1.46032997
v -2.03642914 5.37841097 1.56260704
v -1.88890659 5.37841097 1.65652662
v -1.74504593 5.37841097 1.74504593
v -1.60565224 5.37841097 1.83089548
v -1.47034348 5.37841097 1.91618893
v -1.33777122 5.37841097 2.00211612
v -1.20594529 5.37841097 2.08875852
v -1.07261596 5.37841097 2.17505000
v -0.93566150 5.37841097 2.25888668
v -0.79343028 5.37841097 2.33737023
v -0.64499427 5.37841097 2.40715137
v -0.49028477 5.37841097 2.46482798
v -0.33009833 5.37841097 2.50734574
v -0.16597899 5.37841097 2.53234996
v -0.00000000 5.37841097 2.53844491
v 0.16551888 5.37841097 2.52533008
v 0.32831502 5.37841097 2.49380016
v 0.48646276 5.37841097 2.44561344
v 0.63859019 5.37841097 2.38325104
v 0.78400432 5.37841097 2.30960225
v 0.92271048 5.37841097 2.22762016
v 1.05532784 5.37841097 2.13999316
v 1.18291786 5.37841097 2.04887384
v 1.30675468 5.37841097 1.95569659
v 1.42807360 5.37841097 1.86110174
v 1.54783560 5.37841097 1.76496823
v 1.66654191 5.37841097 1.66654191
v 1.78412357 5.37841097 1.56463438
v 1.89991880 5.37841097 1.45785897
v 2.01273720 5.37841097 1.34486800
v 2.12099678 5.37841097 1.22455806
v 2.22290938 5.37841097 1.09621759
v 2.31668386 5.37841097 0.95960187
v 2.40071505 5.37841097 0.81493295
v 2.47373037 5.37841097 0.66283405
v 2.53487369 5.37841097 0.50421773
v 2.58371751 5.37841097 0.34015286
v 2.62020574 5.37841097 0.17173736
v 2.65122718 5.89064058 0.00000000
v 2.66316044 5.89064058 -0.17455276
v 2.66343528 5.89064058 -0.35064791
v 2.65215681 5.89064058 -0.52754679
v 2.62918189 5.89064058 -0.70448716
v 2.59410333 5.89064058 -0.88057942
v 2.54629923 5.89064058 -1.05471168
v 2.48504021 5.89064058 -1.22548621
v 2.40963723 5.89064058 -1.39120470
v 2.31960619 5.89064058 -1.54991130
v 2.21482221 5.89064058 -1.69949286
v 2.09563812 5.89064058 -1.83782531
v 1.96294706 5.89064058 -1.96294706
v 1.81817793 5.89064058 -2.07323459
v 1.66322270 5.89064058 -2.16755402
v 1.50030525 5.89064058 -2.24536548
v 1.33181036 5.89064058 -2.30676320
v 1.16009708 5.89064058 -2.35244416
v 0.98732294 5.89064058 -2.38360844
v 0.81530298 5.89064058 -2.40180514
v 0.64542143 5.89064058 -2.40874558
v 0.47860518 5.89064058 -2.40611071
v 0.31535778 5.89064058 -2.39538015
v 0.15584311 5.89064058 -2.37770645
v 0.00000000 5.89064058 -2.35385098
v -0.15233530 5.89064058 -2.32418761
v -0.30132217 5.89064058 -2.28876910
v -0.44704387 5.89064058 -2.24744132
v -0.58948344 5.89064058 -2.19998215
v -0.72854971 5.89064058 -2.14623824
v -0.86414610 5.89064058 -2.08623324
v -0.99626527 5.89064058 -2.02022612
v -1.12508648 5.89064058 -1.94870695
v -1.25105001 5.89064058 -1.87232865
v -1.37488499 5.89064058 -1.79178500
v -1.49757377 5.89064058 -1.70765560
v -1.62024584 5.89064058 -1.62024584
v -1.74400668 5.89064058 -1.52945281
v -1.86971917 5.89064058 -1.43468598
v -1.99776577 5.89064058 -1.33486441
v -2.12782643 5.89064058 -1.22850116
v -2.25870908 5.89064058 -1.11387205
v -2.38826585 5.89064058 -0.98925210
v -2.51341871 5.89064058 -0.85319069
v -2.63030532 5.89064058 -0.70478819
v -2.73453925 5.89064058 -0.54393368
v -2.82156298 5.89064058 -0.37146581
v -2.88705743 5.89064058 -0.18922774
v -2.92736199 5.89064058 -0.00000000
v -2.93985458 5.89064058 0.19268825
v -2.92324396 5.89064058 0.38485237
v -2.87773531 5.89064058 0.57241714
v -2.80504478 5.89064058 0.75160948
v -2.70825708 5.89064058 0.91932940
v -2.59153943 5.89064058 1.07345078
v -2.45974377 5.89064058 1.21301139
v -2.31794310 5.89064058 1.33826507
v -2.17095655 5.89064058 1.45058679
v -2.02291906 5.89064058 1.55224039
v -1.87694578 5.89064058 1.64603727
v -1.73492887 5.89064058 1.73492887
v -1.59748693 5.89064058 1.82158473
v -1.46406800 5.89064058 1.90801056
v -1.33318681 5.89064058 1.99525507
v -1.20276095 5.89064058 2.08324308
v -1.07049820 5.89064058 2.17075561
v -0.93428283 5.89064058 2.25555828
v -0.79251021 5.89064058 2.33465980
v -0.64432827 5.89064058 2.40466586
v -0.48975831 5.89064058 2.46218128
v -0.32968525 5.89064058 2.50420812
v -0.16572592 5.89064058 2.52848891
v -0.00000000 5.89064058 2.53375257
v 0.16515867 5.89064058 2.51983433
v 0.32750646 5.89064058 2.48765857
v 0.48516550 5.89064058 2.43909166
v 0.63683184 5.89064058 2.37668879
v 0.78188940 5.89064058 2.30337191
v 0.92041705 5.89064058 2.22208332
v 1.05309266 5.89064058 2.13546067
v 1.18101267 5.89064058 2.04557395
v 1.30545709 5.89064058 1.95375460
v 1.42763697 5.89064058 1.86053272
v 1.54846214 5.89064058 1.76568267
v 1.66836245 5.89064058 1.66836245
v 1.78718645 5.89064058 1.56732045
v 1.90418886 5.89064058 1.46113550
v 2.01810422 5.89064058 1.34845413
v 2.12729151 5.89064058 1.22819233
v 2.22992427 5.89064058 1.09967695
v 2.32419498 5.89064058 0.96271308
v 2.40850210 5.89064058 0.81757630
v 2.48159185 5.89064058 0.66494053
v 2.54263566 5.89064058 0.50576168
v 2.59123532 5.89064058 0.34114260
v 2.62735952 5.89064058 0.17220624
v 2.65771622 6.40287020 0.00000000
v 2.66902706 6.40287020 -0.17493728
v 2.66857814 6.40287020 -0.35132498
v 2.65646361 6.40287020 -0.52840347
v 2.63252845 6.40287020 -0.70538387
v 2.59635885 6.40287020 -0.88134507
v 2.54733738 6.40287020 -1.05514169
v 2.48475450 6.40287020 -1.22534531
v 2.40795846 6.40287020 -1.39023546
v 2.31651908 6.40287020 -1.54784856
v 2.21037843 6.40287020 -1.69608302
v 2.08996322 6.40287020 -1.83284855
v 1.95623988 6.40287020 -1.95623988
v 1.81070178 6.40287020 -2.06470967
v 1.65528919 6.40287020 -2.15721487
v 1.49225234 6.40287020 -2.23331345
v 1.32397724 6.40287020 -2.29319586
v 1.15279886 6.40287020 -2.33764483
v 0.98082796 6.40287020 -2.36792818
v 0.80981535 6.40287020 -2.38563909
v 0.64107025 6.40287020 -2.39250675
v 0.47544116 6.40287020 -2.39020410
v 0.31335668 6.40287020 -2.38018027
v 0.15491463 6.40287020 -2.36354048
v 0.00000000 6.40287020 -2.34098886
v -0.15159149 6.40287020 -2.31283924
v -0.30004759 6.40287020 -2.27908774
v -0.44547046 6.40287020 -2.23953122
v -0.58785587 6.40287020 -2.19390797
v -0.72712248 6.40287020 -2.14203374
v -0.86318249 6.40287020 -2.08390687
v -0.99603646 6.40287020 -2.01976214
v -1.12586857 6.40287020 -1.95006157
v -1.25311697 6.40287020 -1.87542208
v -1.37849613 6.40287020 -1.79649113
v -1.50295530 6.40287020 -1.71379206
v -1.62756740 6.40287020 -1.62756740
v -1.75335488 6.40287020 -1.53765096
v -1.88107131 6.40287020 -1.44339679
v -2.01096773 6.40287020 -1.34368568
v -2.14257860 6.40287020 -1.23701833
v -2.27456414 6.40287020 -1.12169090
v -2.40464067 6.40287020 -0.99603478
v -2.52962155 6.40287020 -0.85869081
v -2.64557723 6.40287020 -0.70888028
v -2.74810696 6.40287020 -0.54663246
v -2.83269850 6.40287020 -0.37293183
v -2.89513865 6.40287020 -0.18975741
v -2.93192776 6.40287020 -0.00000000
v -2.94064807 6.40287020 0.19274026
v -2.92023901 6.40287020 0.38445676
v -2.87114235 6.40287020 0.57110572
v -2.79529505 6.40287020 0.74899705
v -2.69596630 6.40287020 0.91515724
v -2.57745456 6.40287020 1.06761664
v -2.44467839 6.40287020 1.20558197
v -2.30270837 6.40287020 1.32946930
v -2.15629510 6.40287020 1.44079032
v -2.00944882 6.40287020 1.54190431
v -1.86511948 6.40287020 1.63566588
v -1.72501286 6.40287020 1.72501286
v -1.58956081 6.40287020 1.81254672
v -1.45804372 6.40287020 1.90015957
v -1.32884388 6.40287020 1.98875540
v -1.19979234 6.40287020 2.07810129
v -1.06856074 6.40287020 2.16682684
v -0.93304535 6.40287020 2.25257075
v -0.79169363 6.40287020 2.33225423
v -0.64373302 6.40287020 2.40244435
v -0.48927658 6.40287020 2.45975948
v -0.32929766 6.40287020 2.50126407
v -0.16548430 6.40287020 2.52480257
v -0.00000000 6.40287020 2.52923136
v 0.16481049 6.40287020 2.51452215
v 0.32672564 6.40287020 2.48172765
v 0.48391778 6.40287020 2.43281899
v 0.63515235 6.40287020 2.37042083
v 0.77989018 6.40287020 2.29748239
v 0.91828236 6.40287020 2.21692973
v 1.05106295 6.40287020 2.13134482
v 1.17935991 6.40287020 2.04271128
v 1.30445526 6.40287020 1.95225526
v 1.42753202 6.40287020 1.86039595
v 1.54944556 6.40287020 1.76680404
v 1.67055192 6.40287020 1.67055192
v 1.79061592 6.40287020 1.57032801
v 1.90880866 6.40287020 1.46468040
v 2.02379067 6.40287020 1.35225370
v 2.13386383 6.40287020 1.23198685
v 2.23716578 6.40287020 1.10324807
v 2.33187537 6.40287020 0.96589440
v 2.41639723 6.40287020 0.82025633
v 2.48949859 6.40287020 0.66705914
v 2.55038012 6.40287020 0.50730215
v 2.59867398 6.40287020 0.34212192
v 2.63437432 6.40287020 0.17266602
v 2.66399328 6.91509981 0.00000000
v 2.67462813 6.91509981 -0.17530439
v 2.67340516 6.91509981 -0.35196047
v 2.66040835 6.91509981 -0.52918812
v 2.63547204 6.91509981 -0.70617260
v 2.59817743 6.91509981 -0.88196239
v 2.54791345 6.91509981 -1.05538030
v 2.48399236 6.91509981 -1.22496947
v 2.40580145 6.91509981 -1.38899011
v 2.31296561 6.91509981 -1.54547421
v 2.20549423 6.91509981 -1.69233524
v 2.08388731 6.91509981 -1.82752012
v 1.94918284 6.91509981 -1.94918284
v 1.80293603 6.91509981 -2.05585453
v 1.64713189 6.91509981 -2.14658407
v 1.48404295 6.91509981 -2.22102723
v 1.31605222 6.91509981 -2.27946930
v 1.14546650 6.91509981 -2.32277628
v 0.97434633 6.91509981 -2.35228013
v 0.80437554 6.91509981 -2.36961394
v 0.63678667 6.91509981 -2.37652019
v 0.47234912 6.91509981 -2.37465937
v 0.31141688 6.91509981 -2.36544606
v 0.15402286 6.91509981 -2.34993471
v 0.00000000 6.91509981 -2.32876960
v -0.15089434 6.91509981 -2.30220272
v -0.29887387 6.91509981 -2.27017245
v -0.44405717 6.91509981 -2.23242614
v -0.58645032 6.91509981 -2.18866240
v -0.72597931 6.91509981 -2.13866608
v -0.86256260 6.91509981 -2.08241033
v -0.99620593 6.91509981 -2.02010579
v -1.12709544 6.91509981 -1.95218657
v -1.25566390 6.91509981 -1.87923383
v -1.38260765 6.91509981 -1.80184937
v -1.50883934 6.91509981 -1.72050152
v -1.63537202 6.91509981 -1.63537202
v -1.76314243 6.91509981 -1.54623442
v -1.89279326 6.91509981 -1.45239135
v -2.02444391 6.91509981 -1.35269017
v -2.15748507 6.91509981 -1.24562459
v -2.29043290 6.91509981 -1.12951651
v -2.42087367 6.91509981 -1.00275871
v -2.54551970 6.91509981 -0.86408750
v -2.66038321 6.91509981 -0.71284753
v -2.76105880 6.91509981 -0.54920874
v -2.84308915 6.91509981 -0.37429979
v -2.90237567 6.91509981 -0.19023175
v -2.93558657 6.91509981 -0.00000000
v -2.94051283 6.91509981 0.19273139
v -2.91632600 6.91509981 0.38394160
v -2.86370268 6.91509981 0.56962588
v -2.78479574 6.91509981 0.74618377
v -2.68305129 6.91509981 0.91077319
v -2.56288948 6.91509981 1.06158358
v -2.42928488 6.91509981 1.19799073
v -2.28729493 6.91509981 1.32057035
v -2.14159194 6.91509981 1.43096598
v -1.99605346 6.91509981 1.53162569
v -1.85345870 6.91509981 1.62543966
v -1.71532433 6.91509981 1.71532433
v -1.58189553 6.91509981 1.80380614
v -1.45228768 6.91509981 1.89265816
v -1.32475531 6.91509981 1.98263643
v -1.19704888 6.91509981 2.07334949
v -1.06681027 6.91509981 2.16327723
v -0.93195376 6.91509981 2.24993541
v -0.79098385 6.91509981 2.33016328
v -0.64321091 6.91509981 2.40049581
v -0.48884137 6.91509981 2.45757154
v -0.32893682 6.91509981 2.49852320
v -0.16525484 6.91509981 2.52130164
v -0.00000000 6.91509981 2.52489334
v 0.16447522 6.91509981 2.50940691
v 0.32597444 6.91509981 2.47602173
v 0.48272257 6.91509981 2.42681026
v 0.63355564 6.91509981 2.36446184
v 0.77801134 6.91509981 2.29194750
v 0.91631147 6.91509981 2.21217159
v 1.04924365 6.91509981 2.12765564
v 1.17796384 6.91509981 2.04029322
v 1.30375222 6.91509981 1.95120308
v 1.42775999 6.91509981 1.86069305
v 1.55078485 6.91509981 1.76833121
v 1.67310680 6.91509981 1.67310680
v 1.79440575 6.91509981 1.57365161
v 1.91376933 6.91509981 1.46848685
v 2.02978519 6.91509981 1.35625910
v 2.14070012 6.91509981 1.23593379
v 2.24461851 6.91509981 1.10692335
v 2.33970826 6.91509981 0.96913889
v 2.42438280 6.91509981 0.82296707
v 2.49743255 6.91509981 0.66918504
v 2.55808906 6.91509981 0.50883555
v 2.60601598 6.91509981 0.34308851
v 2.64123353 6.91509981 0.17311559
v 2.67004387 7.42732943 0.00000000
v 2.67995096 7.42732943 -0.17565327
v 2.67790583 7.42732943 -0.35255299
v 2.66398307 7.42732943 -0.52989918
v 2.63800758 7.42732943 -0.70685200
v 2.59955718 7.42732943 -0.88243076
v 2.54802901 7.42732943 -1.05542817
v 2.48275901 7.42732943 -1.22436125
v 2.40317505 7.42732943 -1.38747376
v 2.30895818 7.42732943 -1.54279653
v 2.20018529 7.42732943 -1.68826155
v 2.07742888 7.42732943 -1.82185623
v 1.94179670 7.42732943 -1.94179670
v 1.79490292 7.42732943 -2.04669452
v 1.63877373 7.42732943 -2.13569150
v 1.47569985 7.42732943 -2.20854090
v 1.30805708 7.42732943 -2.26562132
v 1.13812008 7.42732943 -2.30787921
v 0.96789575 7.42732943 -2.33670704
v 0.79899842 7.42732943 -2.35377345
v 0.63258240 7.42732943 -2.36082966
v 0.46933756 7.42732943 -2.35951924
v 0.30954375 7.42732943 -2.35121819
v 0.15317028 7.42732943 -2.33692690
v 0.00000000 7.42732943 -2.31722726
v -0.15024579 7.42732943 -2.29230776
v -0.29780428 7.42732943 -2.26204812
v -0.44280793 7.42732943 -2.22614581
v -0.58527063 7.42732943 -2.18425973
v -0.72512320 7.42732943 -2.13614406
v -0.86228782 7.42732943 -2.08174696
v -0.99677272 7.42732943 -2.02125512
v -1.12876307 7.42732943 -1.95507499
v -1.25868308 7.42732943 -1.88375236
v -1.38720762 7.42732943 -1.80784416
v -1.51520935 7.42732943 -1.72776513
v -1.64363840 7.42732943 -1.64363840
v -1.77334338 7.42732943 -1.55518040
v -1.90485472 7.42732943 -1.46164644
v -2.03816042 7.42732943 -1.36185525
v -2.17250935 7.42732943 -1.25429886
v -2.30627759 7.42732943 -1.13733024
v -2.43692735 7.42732943 -1.00940836
v -2.56107763 7.42732943 -0.86936871
v -2.67469144 7.42732943 -0.71668141
v -2.77336836 7.42732943 -0.55165727
v -2.85271545 7.42732943 -0.37556711
v -2.90875707 7.42732943 -0.19065001
v -2.93833584 7.42732943 -0.00000000
v -2.93945538 7.42732943 0.19266208
v -2.91152029 7.42732943 0.38330892
v -2.85543971 7.42732943 0.56798227
v -2.77357709 7.42732943 0.74317774
v -2.66954753 7.42732943 0.90618928
v -2.54788311 7.42732943 1.05536774
v -2.41360367 7.42732943 1.19025761
v -2.27174292 7.42732943 1.31159138
v -2.12688526 7.42732943 1.42113930
v -1.98276792 7.42732943 1.52143134
v -1.84199416 7.42732943 1.61538553
v -1.70588925 7.42732943 1.70588925
v -1.57451218 7.42732943 1.79538705
v -1.44681637 7.42732943 1.88552780
v -1.32093348 7.42732943 1.97691666
v -1.19453954 7.42732943 2.06900317
v -1.06525308 7.42732943 2.16011957
v -0.93101243 7.42732943 2.24766283
v -0.79038395 7.42732943 2.32839603
v -0.64276419 7.42732943 2.39882863
v -0.48845436 7.42732943 2.45562592
v -0.32860393 7.42732943 2.49599468
v -0.16503821 7.42732943 2.51799647
v -0.00000000 7.42732943 2.52075019
v 0.16415370 7.42732943 2.50450155
v 0.32525470 7.42732943 2.47055471
v 0.48158271 7.42732943 2.42107980
v 0.63204550 7.42732943 2.35882590
v 0.77625733 7.42732943 2.28678035
v 0.91450915 7.42732943 2.20782038
v 1.04763931 7.42732943 2.12440236
v 1.17682827 7.42732943 2.03832635
v 1.30335045 7.42732943 1.95060180
v 1.42832152 7.42732943 1.86142485
v 1.55247841 7.42732943 1.77026234
v 1.67602292 7.42732943 1.67602292
v 1.79854914 7.42732943 1.57728526
v 1.91906142 7.42732943 1.47254762
v 2.03607590 7.42732943 1.36046242
v 2.14778645 7.42732943 1.24002508
v 2.25226681 7.42732943 1.11069508
v 2.34767681 7.42732943 0.97243957
v 2.43244123 7.42732943 0.82570253
v 2.50537591 7.42732943 0.67131345
v 2.56574488 7.42732943 0.51035839
v 2.61324437 7.42732943 0.34404015
v 2.64792123 7.42732943 0.17355393
v 2.67585440 7.93955904 0.00000000
v 2.68498393 7.93955904 -0.17598314
v 2.68207082 7.93955904 -0.35310132
v 2.66718108 7.93955904 -0.53053530
v 2.64013135 7.93955904 -0.70742106
v 2.60049765 7.93955904 -0.88275000
v 2.54768708 7.93955904 -1.05528654
v 2.48106105 7.93955904 -1.22352391
v 2.40008951 7.93955904 -1.38569232
v 2.30451051 7.93955904 -1.53982469
v 2.19446849 7.93955904 -1.68387490
v 2.07060752 7.93955904 -1.81587406
v 1.93410310 7.93955904 -1.93410310
v 1.78662544 7.93955904 -2.03725586
v 1.63023821 7.93955904 -2.12456780
v 1.46724622 7.93955904 -2.19588915
v 1.30001384 7.93955904 -2.25169002
v 1.13077972 7.93955904 -2.29299443
v 0.96149384 7.93955904 -2.32125148
v 0.79369870 7.93955904 -2.33816097
v 0.62846900 7.93955904 -2.34547823
v 0.46641478 7.93955904 -2.34482545
v 0.30774247 7.93955904 -2.33753613
v 0.15235928 7.93955904 -2.32455334
v 0.00000000 7.93955904 -2.30639425
v -0.14964767 7.93955904 -2.28318228
v -0.29684185 7.93955904 -2.25473772
v -0.44172627 7.93955904 -2.22070792
v -0.58432009 7.93955904 -2.18071226
v -0.72455646 7.93955904 -2.13447451
v -0.86235874 7.93955904 -2.08191818
v -0.99773496 7.93955904 -2.02320636
v -1.13086646 7.93955904 -1.95871817
v -1.26216580 7.93955904 -1.88896461
v -1.39228311 7.93955904 -1.81445867
v -1.52204789 7.93955904 -1.73556298
v -1.65234445 7.93955904 -1.65234445
v -1.78393113 7.93955904 -1.56446561
v -1.91722509 7.93955904 -1.47113855
v -2.05208333 7.93955904 -1.37115825
v -2.18761524 7.93955904 -1.26302025
v -2.32206109 7.93955904 -1.14511380
v -2.45276523 7.93955904 -1.01596862
v -2.57626121 7.93955904 -0.87452284
v -2.68847188 7.93955904 -0.72037387
v -2.78501133 7.93955904 -0.55397320
v -2.86156022 7.93955904 -0.37673155
v -2.91427391 7.93955904 -0.19101160
v -2.94017549 7.93955904 -0.00000000
v -2.93748470 7.93955904 0.19253292
v -2.90583955 7.93955904 0.38256104
v -2.84637893 7.93955904 0.56617997
v -2.76167112 7.93955904 0.73998755
v -2.65549195 7.93955904 0.90141805
v -2.53247542 7.93955904 1.04898567
v -2.39767592 7.93955904 1.18240291
v -2.25609282 7.93955904 1.30255580
v -2.11221331 7.93955904 1.41133582
v -1.96962691 7.93955904 1.51134788
v -1.83075619 7.93955904 1.60553009
v -1.69673308 7.93955904 1.69673308
v -1.56743131 7.93955904 1.78731286
v -1.44164569 7.93955904 1.87878924
v -1.31739023 7.93955904 1.97161380
v -1.19227279 7.93955904 2.06507705
v -1.06389510 7.93955904 2.15736584
v -0.93022544 7.93955904 2.24576286
v -0.78989680 7.93955904 2.32696092
v -0.64239496 7.93955904 2.39745064
v -0.48811714 7.93955904 2.45393059
v -0.32830016 7.93955904 2.49368727
v -0.16483506 7.93955904 2.51489699
v -0.00000000 7.93955904 2.51681320
v 0.16384677 7.93955904 2.49981864
v 0.32456818 7.93955904 2.46534007
v 0.48050095 7.93955904 2.41564141
v 0.63062553 7.93955904 2.35352651
v 0.77463238 7.93955904 2.28199342
v 0.91287983 7.93955904 2.20388686
v 1.04625411 7.93955904 2.12159345
v 1.17595654 7.93955904 2.03681648
v 1.30325191 7.93955904 1.95045431
v 1.42921667 7.93955904 1.86259143
v 1.55452400 7.93955904 1.77259489
v 1.67929552 7.93955904 1.67929552
v 1.80303868 7.93955904 1.58122249
v 1.92467497 7.93955904 1.47685505
v 2.04265051 7.93955904 1.36485543
v 2.15510851 7.93955904 1.24425248
v 2.26009485 7.93955904 1.11455544
v 2.35576408 7.93955904 0.97578943
v 2.44055503 7.93955904 0.82845680
v 2.51331108 7.93955904 0.67343967
v 2.57333039 7.93955904 0.51186724
v 2.62034276 7.93955904 0.34497467
v 2.65442224 7.93955904 0.17398003
v 2.68141222 8.45178866 0.00000000
v 2.68971644 8.45178866 -0.17629333
v 2.68589196 8.45178866 -0.35360438
v 2.66999695 8.45178866 -0.53109541
v 2.64184099 8.45178866 -0.70787916
v 2.60099976 8.45178866 -0.88292045
v 2.54689211 8.45178866 -1.05495725
v 2.47890655 8.45178866 -1.22246143
v 2.39655645 8.45178866 -1.38365251
v 2.29963760 8.45178866 -1.53656872
v 2.18836190 8.45178866 -1.67918915
v 2.06344386 8.45178866 -1.80959169
v 1.92612457 8.45178866 -1.92612457
v 1.77812727 8.45178866 -2.02756555
v 1.62154934 8.45178866 -2.11324424
v 1.45870554 8.45178866 -2.18310712
v 1.29194467 8.45178866 -2.23771381
v 1.12346556 8.45178866 -2.27816280
v 0.95515818 8.45178866 -2.30595583
v 0.78849093 8.45178866 -2.32281938
v 0.62445779 8.45178866 -2.33050821
v 0.46358889 8.45178866 -2.33061875
v 0.30601808 8.45178866 -2.32443808
v 0.15159212 8.45178866 -2.31284888
v 0.00000000 8.45178866 -2.29630131
v -0.14910170 8.45178866 -2.27485238
v -0.29598935 8.45178866 -2.24826230
v -0.44081532 8.45178866 -2.21612824
v -0.58360146 8.45178866 -2.17803029
v -0.72428075 8.45178866 -2.13366228
v -0.86277517 8.45178866 -2.08292352
v -0.99908993 8.45178866 -2.02595396
v -1.13339970 8.45178866 -1.96310587
v -1.26610239 8.45178866 -1.89485614
v -1.39782028 8.45178866 -1.82167485
v -1.52933666 8.45178866 -1.74387424
v -1.66146740 8.45178866 -1.66146740
v -1.79487862 8.45178866 -1.57406631
v -1.92987347 8.45178866 -1.48084400
v -2.06617876 8.45178866 -1.38057651
v -2.20276695 8.45178866 -1.27176809
v -2.33774706 8.45178866 -1.15284927
v -2.46835199 8.45178866 -1.02242487
v -2.59103783 8.45178866 -0.87953883
v -2.70169631 8.45178866 -0.72391735
v -2.79596548 8.45178866 -0.55615211
v -2.86960857 8.45178866 -0.37779114
v -2.91891966 8.45178866 -0.19131610
v -2.94110793 8.45178866 -0.00000000
v -2.93461218 8.45178866 0.19234464
v -2.89930370 8.45178866 0.38170057
v -2.83654787 8.45178866 0.56422445
v -2.74911158 8.45178866 0.73662223
v -2.64092285 8.45178866 0.89647251
v -2.51670742 8.45178866 1.04245435
v -2.38154340 8.45178866 1.17444724
v -2.24038544 8.45178866 1.29348714
v -2.09761433 8.45178866 1.40158109
v -1.95666489 8.45178866 1.50140178
v -1.81977465 8.45178866 1.59589954
v -1.68788071 8.45178866 1.68788071
v -1.56067285 8.45178866 1.77960631
v -1.43679094 8.45178866 1.87246241
v -1.31413683 8.45178866 1.96674475
v -1.19025664 8.45178866 2.06158497
v -1.06274183 8.45178866 2.15502725
v -0.92959656 8.45178866 2.24424463
v -0.78952504 8.45178866 2.32586576
v -0.64210517 8.45178866 2.39636912
v -0.48783120 8.45178866 2.45249306
v -0.32802659 8.45178866 2.49160929
v -0.16464602 8.45178866 2.51201277
v -0.00000000 8.45178866 2.51309331
v 0.16355521 8.45178866 2.49537031
v 0.32391659 8.45178866 2.46039079
v 0.47947993 8.45178866 2.41050841
v 0.62929919 8.45178866 2.34857657
v 0.77314050 8.45178866 2.27759847
v 0.91142766 8.45178866 2.20038102
v 1.04509184 8.45178866 2.11923661
v 1.17535154 8.45178866 2.03576859
v 1.30345802 8.45178866 1.95076279
v 1.43044494 8.45178866 1.86419214
v 1.55691881 8.45178866 1.77532566
v 1.68291925 8.45178866 1.68291925
v 1.80786644 8.45178866 1.58545631
v 1.93059957 8.45178866 1.48140115
v 2.04949635 8.45178866 1.36942968
v 2.16265178 8.45178866 1.24860759
v 2.26808666 8.45178866 1.11849656
v 2.36395320 8.45178866 0.97918148
v 2.44870688 8.45178866 0.83122398
v 2.52122084 8.45178866 0.67555909
v 2.58082889 8.45178866 0.51335878
v 2.62729541 8.45178866 0.34589000
v 2.66072220 8.45178866 0.17439295
v 2.68670565 8.96401828 0.00000000
v 2.69413902 8.96401828 -0.17658320
v 2.68936230 8.96401828 -0.35406126
v 2.67242658 8.96401828 -0.53157870
v 2.64313548 8.96401828 -0.70822602
v 2.60106588 8.96401828 -0.88294289
v 2.54564996 8.96401828 -1.05444274
v 2.47630495 8.96401828 -1.22117846
v 2.39258882 8.96401828 -1.38136180
v 2.29435573 8.96401828 -1.53303949
v 2.18188472 8.96401828 -1.67421903
v 2.05595947 8.96401828 -1.80302807
v 1.91788444 8.96401828 -1.91788444
v 1.76943271 8.96401828 -2.01765131
v 1.61273156 8.96401828 -2.10175269
v 1.45010157 8.96401828 -2.17023037
v 1.28387186 8.96401828 -2.22373130
v 1.11619775 8.96401828 -2.26342513
v 0.94890618 8.96401828 -2.29086216
v 0.78338947 8.96401828 -2.30779095
v 0.62055990 8.96401828 -2.31596106
v 0.46086777 8.96401828 -2.31693874
v 0.30437543 8.96401828 -2.31196089
v 0.15087101 8.96401828 -2.30184677
v 0.00000000 8.96401828 -2.28697746
v -0.14860947 8.96401828 -2.26734232
v -0.29524929 8.96401828 -2.24264098
v -0.44007780 8.96401828 -2.21242052
v -0.58311696 8.96401828 -2.17622213
v -0.72429704 8.96401828 -2.13371029
v -0.86353614 8.96401828 -2.08476067
v -1.00083403 8.96401828 -2.02949065
v -1.13635597 8.96401828 -1.96822627
v -1.27048229 8.96401828 -1.90141111
v -1.40380443 8.96401828 -1.82947355
v -1.53705663 8.96401828 -1.75267717
v -1.67098384 8.96401828 -1.67098384
v -1.80615837 8.96401828 -1.58395838
v -1.94276884 8.96401828 -1.49073896
v -2.08041298 8.96401828 -1.39008751
v -2.21792918 8.96401828 -1.28052201
v -2.35330003 8.96401828 -1.16051914
v -2.48365354 8.96401828 -1.02876298
v -2.60537645 8.96401828 -0.88440613
v -2.71433843 8.96401828 -0.72730479
v -2.80621077 8.96401828 -0.55819003
v -2.87684800 8.96401828 -0.37874422
v -2.92269027 8.96401828 -0.19156324
v -2.94113802 8.96401828 -0.00000000
v -2.93085156 8.96401828 0.19209816
v -2.89193485 8.96401828 0.38073045
v -2.82597597 8.96401828 0.56212157
v -2.73593385 8.96401828 0.73309126
v -2.62587979 8.96401828 0.89136608
v -2.50062099 8.96401828 1.03579113
v -2.36524844 8.96401828 1.16641145
v -2.22466174 8.96401828 1.28440905
v -2.08312646 8.96401828 1.39190060
v -1.94391602 8.96401828 1.49161922
v -1.80907894 8.96401828 1.58651965
v -1.67935647 8.96401828 1.67935647
v -1.55425609 8.96401828 1.77228940
v -1.43226681 8.96401828 1.86656645
v -1.31118400 8.96401828 1.96232553
v -1.18849860 8.96401828 2.05853996
v -1.06179841 8.96401828 2.15311419
v -0.92912929 8.96401828 2.24311652
v -0.78927110 8.96401828 2.32511770
v -0.64189661 8.96401828 2.39559078
v -0.48759793 8.96401828 2.45132035
v -0.32778426 8.96401828 2.48976867
v -0.16447168 8.96401828 2.50935299
v -0.00000000 8.96401828 2.50960104
v 0.16327980 8.96401828 2.49116831
v 0.32330160 8.96401828 2.45571943
v 0.47852220 8.96401828 2.40569354
v 0.62806979 8.96401828 2.34398837
v 0.77178546 8.96401828 2.27360666
v 0.91015650 8.96401828 2.19731217
v 1.04415593 8.96401828 2.11733877
v 1.17501572 8.96401828 2.03518692
v 1.30396973 8.96401828 1.95152861
v 1.43200529 8.96401828 1.86622562
v 1.55965949 8.96401828 1.77845080
v 1.68688824 8.96401828 1.68688824
v 1.81302396 8.96401828 1.58997934
v 1.93682432 8.96401828 1.48617758
v 2.05660040 8.96401828 1.37417645
v 2.17040146 8.96401828 1.25308187
v 2.27622618 8.96401828 1.12251053
v 2.37222732 8.96401828 0.98260873
v 2.45687969 8.96401828 0.83399827
v 2.52908832 8.96401828 0.67766717
v 2.58822421 8.96401828 0.51482981
v 2.63408728 8.96401828 0.34678417
v 2.66680755 8.96401828 0.17479180
v 2.69172401 9.47624789 0.00000000
v 2.69824333 9.47624789 -0.17685221
v 2.69247613 9.47624789 -0.35447121
v 2.67446715 9.47624789 -0.53198459
v 2.64401520 9.47624789 -0.70846174
v 2.60069975 9.47624789 -0.88281861
v 2.54396790 9.47624789 -1.05374601
v 2.47326706 9.47624789 -1.21968034
v 2.38820091 9.47624789 -1.37882844
v 2.28868237 9.47624789 -1.52924867
v 2.17505722 9.47624789 -1.66898011
v 2.04817691 9.47624789 -1.79620294
v 1.90940683 9.47624789 -1.90940683
v 1.76056665 9.47624789 -2.00754151
v 1.60380973 9.47624789 -2.09012553
v 1.44145830 9.47624789 -2.15729480
v 1.27581777 9.47624789 -2.20978120
v 1.10899633 9.47624789 -2.24882210
v 0.94275510 9.47624789 -2.27601215
v 0.77840844 9.47624789 -2.29311732
v 0.61678617 9.47624789 -2.30187732
v 0.45825906 9.47624789 -2.30382389
v 0.30281918 9.47624789 -2.30014002
v 0.15019800 9.47624789 -2.29157871
v 0.00000000 9.47624789 -2.27844999
v -0.14817243 9.47624789 -2.26067450
v -0.29462393 9.47624789 -2.23789095
v -0.43951608 9.47624789 -2.20959655
v -0.58286831 9.47624789 -2.17529416
v -0.72460570 9.47624789 -2.13461955
v -0.86463995 9.47624789 -2.08742551
v -1.00296287 9.47624789 -2.03380751
v -1.13972759 9.47624789 -1.97406609
v -1.27529406 9.47624789 -1.90861244
v -1.41022004 9.47624789 -1.83783454
v -1.54518803 9.47624789 -1.76194925
v -1.68086984 9.47624789 -1.68086984
v -1.81774255 9.47624789 -1.59411743
v -1.95588010 9.47624789 -1.50079959
v -2.09475249 9.47624789 -1.39966886
v -2.23306722 9.47624789 -1.28926196
v -2.36868544 9.47624789 -1.16810639
v -2.49863708 9.47624789 -1.03496937
v -2.61924768 9.47624789 -0.88911478
v -2.72637387 9.47624789 -0.73052968
v -2.81572931 9.47624789 -0.56008338
v -2.88326834 9.47624789 -0.37958948
v -2.92558410 9.47624789 -0.19175291
v -2.94027305 9.47624789 -0.00000000
v -2.92621894 9.47624789 0.19179452
v -2.88375724 9.47624789 0.37965384
v -2.81469455 9.47624789 0.55987756
v -2.72217481 9.47624789 0.72940454
v -2.61040351 9.47624789 0.88611259
v -2.48425881 9.47624789 1.02901369
v -2.34883380 9.47624789 1.15831664
v -2.20896282 9.47624789 1.27534528
v -2.06878765 9.47624789 1.38231972
v -1.93141403 9.47624789 1.48202611
v -1.79869791 9.47624789 1.57741573
v -1.67118402 9.47624789 1.67118402
v -1.54819968 9.47624789 1.76538339
v -1.42808736 9.47624789 1.86111968
v -1.30854188 9.47624789 1.95837131
v -1.18700570 9.47624789 2.05595418
v -1.06106957 9.47624789 2.15163624
v -0.92882677 9.47624789 2.24238619
v -0.78913720 9.47624789 2.32472323
v -0.64177095 9.47624789 2.39512178
v -0.48741865 9.47624789 2.45041902
v -0.32757418 9.47624789 2.48817292
v -0.16431264 9.47624789 2.50692645
v -0.00000000 9.47624789 2.50634657
v 0.16302127 9.47624789 2.48722399
v 0.32272478 9.47624789 2.45133807
v 0.47763018 9.47624789 2.40120907
v 0.62694045 9.47624789 2.33977363
v 0.77057081 9.47624789 2.27002842
v 0.90906990 9.47624789 2.19468887
v 1.04344942 9.47624789 2.11590610
v 1.17495107 9.47624789 2.03507495
v 1.30478747 9.47624789 1.95275245
v 1.43389614 9.47624789 1.86868984
v 1.56274213 9.47624789 1.78196588
v 1.69119607 9.47624789 1.69119607
v 1.81850234 9.47624789 1.59478375
v 1.94333799 9.47624789 1.49117569
v 2.06394935 9.47624789 1.37908687
v 2.17834263 9.47624789 1.25766670
v 2.28449732 9.47624789 1.12658940
v 2.38056973 9.47624789 0.98606427
v 2.46505664 9.47624789 0.83677397
v 2.53689708 9.47624789 0.67975952
v 2.59550077 9.47624789 0.51627720
v 2.64070405 9.47624789 0.34765528
v 2.67266564 9.47624789 0.17517576
v 2.69645769 9.98847751 0.00000000
v 2.70202217 9.98847751 -0.17709989
v 2.69522897 9.98847751 -0.35483363
v 2.67611720 9.98847751 -0.53231281
v 2.64448190 9.98847751 -0.70858679
v 2.59990653 9.98847751 -0.88254935
v 2.54185461 9.98847751 -1.05287065
v 2.46980505 9.98847751 -1.21797307
v 2.38340826 9.98847751 -1.37606140
v 2.28263617 9.98847751 -1.52520873
v 2.16790073 9.98847751 -1.66348874
v 2.04011957 9.98847751 -1.78913685
v 1.90071653 9.98847751 -1.90071653
v 1.75155451 9.98847751 -1.99726514
v 1.59480904 9.98847751 -2.07839561
v 1.43279989 9.98847751 -2.14433657
v 1.26780476 9.98847751 -2.19590227
v 1.10188127 9.98847751 -2.23439419
v 0.93672201 9.98847751 -2.26144699
v 0.77356174 9.98847751 -2.27883939
v 0.61314722 9.98847751 -2.28829656
v 0.45577018 9.98847751 -2.29131142
v 0.30135382 9.98847751 -2.28900950
v 0.14957508 9.98847751 -2.28207476
v 0.00000000 9.98847751 -2.27074439
v -0.14779195 9.98847751 -2.25486940
v -0.29411529 9.98847751 -2.23402743
v -0.43913210 9.98847751 -2.20766615
v -0.58285669 9.98847751 -2.17525078
v -0.72520642 9.98847751 -2.13638922
v -0.86608418 9.98847751 -2.09091217
v -1.00547125 9.98847751 -2.03889400
v -1.14350607 9.98847751 -1.98061062
v -1.28052550 9.98847751 -1.91644184
v -1.41705088 9.98847751 -1.84673666
v -1.55371047 9.98847751 -1.77166725
v -1.69110098 9.98847751 -1.69110098
v -1.82960311 9.98847751 -1.60451886
v -1.96917619 9.98847751 -1.51100204
v -2.10916415 9.98847751 -1.40929843
v -2.24814704 9.98847751 -1.29796830
v -2.38386979 9.98847751 -1.17559448
v -2.51327121 9.98847751 -1.04103102
v -2.63262385 9.98847751 -0.89365538
v -2.73778026 9.98847751 -0.73358601
v -2.82450548 9.98847751 -0.56182907
v -2.88886180 9.98847751 -0.38032587
v -2.92760196 9.98847751 -0.19188517
v -2.93852270 9.98847751 -0.00000000
v -2.92073266 9.98847751 0.19143493
v -2.87479719 9.98847751 0.37847423
v -2.80273670 9.98847751 0.55749899
v -2.70787284 9.98847751 0.72557234
v -2.59453585 9.98847751 0.88072625
v -2.46766431 9.98847751 1.02214002
v -2.33234258 9.98847751 1.15018407
v -2.19332982 9.98847751 1.26631956
v -2.05463567 9.98847751 1.37286366
v -1.91919224 9.98847751 1.47264800
v -1.78865982 9.98847751 1.56861256
v -1.66338639 9.98847751 1.66338639
v -1.54252157 9.98847751 1.75890874
v -1.42426597 9.98847751 1.85613955
v -1.30622001 9.98847751 1.95489639
v -1.18578447 9.98847751 2.05383894
v -1.06055963 9.98847751 2.15060217
v -0.92869190 9.98847751 2.24206057
v -0.78912532 9.98847751 2.32468823
v -0.64172967 9.98847751 2.39496775
v -0.48729455 9.98847751 2.44979514
v -0.32739727 9.98847751 2.48682912
v -0.16416943 9.98847751 2.50474155
v -0.00000000 9.98847751 2.50333967
v 0.16278035 9.98847751 2.48354826
v 0.32218767 9.98847751 2.44725835
v 0.47680621 9.98847751 2.39706670
v 0.62591416 9.98847751 2.33594346
v 0.76949989 9.98847751 2.26687356
v 0.90817110 9.98847751 2.19251900
v 1.04297499 9.98847751 2.11494406
v 1.17515918 9.98847751 2.03543541
v 1.30591121 9.98847751 1.95443425
v 1.43611544 9.98847751 1.87158208
v 1.56616232 9.98847751 1.78586586
v 1.69583585 9.98847751 1.69583585
v 1.82429224 9.98847751 1.59986136
v 1.95012895 9.98847751 1.49638658
v 2.07152966 9.98847751 1.38415187
v 2.18646021 9.98847751 1.26235339
v 2.29288400 9.98847751 1.13072526
v 2.38896387 9.98847751 0.98954123
v 2.47322122 9.98847751 0.83954548
v 2.54463118 9.98847751 0.68183187
v 2.60264363 9.98847751 0.51769800
v 2.64713219 9.98847751 0.34850156
v 2.67828471 9.98847751 0.17554405
v 2.70089814 10.50070712 0.00000000
v 2.70546954 10.50070712 -0.17732584
v 2.69761763 10.50070712 -0.35514810
v 2.67737657 10.50070712 -0.53256331
v 2.64453870 10.50070712 -0.70860201
v 2.59869277 10.50070712 -0.88213733
v 2.53932010 10.50070712 -1.05182083
v 2.46593243 10.50070712 -1.21606330
v 2.37822765 10.50070712 -1.37307037
v 2.27623691 10.50070712 -1.52093288
v 2.16043755 10.50070712 -1.65776204
v 2.03181171 10.50070712 -1.78185105
v 1.89183900 10.50070712 -1.89183900
v 1.74242217 10.50070712 -1.98685170
v 1.58575497 10.50070712 -2.06659611
v 1.42415062 10.50070712 -2.13139202
v 1.25985520 10.50070712 -2.18213321
v 1.09487239 10.50070712 -2.22018159
v 0.93082376 10.50070712 -2.24720736
v 0.76886297 10.50070712 -2.26499726
v 0.60965335 10.50070712 -2.27525726
v 0.45340827 10.50070712 -2.27943728
v 0.29998362 10.50070712 -2.27860184
v 0.14900410 10.50070712 -2.27336330
v 0.00000000 10.50070712 -2.26388438
v -0.14746923 10.50070712 -2.24994566
v -0.29372511 10.50070712 -2.23106372
v -0.43892743 10.50070712 -2.20663720
v -0.58308277 10.50070712 -2.17609453
v -0.72609831 10.50070712 -2.13901664
v -0.86786568 10.50070712 -2.09521308
v -1.00835323 10.50070712 -2.04473807
v -1.14768215 10.50070712 -1.98784380
v -1.28616361 10.50070712 -1.92487986
v -1.42428001 10.50070712 -1.85615784
v -1.56260304 10.50070712 -1.78180727
v -1.70165250 10.50070712 -1.70165250
v -1.84171184 10.50070712 -1.61513793
v -1.98262617 10.50070712 -1.52132257
v -2.12361525 10.50070712 -1.41895434
v -2.26313535 10.50070712 -1.30662180
v -2.39882069 10.50070712 -1.18296745
v -2.52752597 10.50070712 -1.04693553
v -2.64547903 10.50070712 -0.89801912
v -2.74853726 10.50070712 -0.73646834
v -2.83252585 10.50070712 -0.56342442
v -2.89362294 10.50070712 -0.38095269
v -2.92874706 10.50070712 -0.19196022
v -2.93589901 10.50070712 -0.00000000
v -2.91441329 10.50070712 0.19102074
v -2.86508298 10.50070712 0.37719533
v -2.79013723 10.50070712 0.55499280
v -2.69306766 10.50070712 0.72160530
v -2.57831964 10.50070712 0.87522158
v -2.45088150 10.50070712 1.01518836
v -2.31581819 10.50070712 1.14203515
v -2.17780383 10.50070712 1.25735563
v -2.04070792 10.50070712 1.36355744
v -1.90728344 10.50070712 1.46351006
v -1.77899228 10.50070712 1.56013436
v -1.65598588 10.50070712 1.65598588
v -1.53723900 10.50070712 1.75288513
v -1.42081537 10.50070712 1.85164264
v -1.30422735 10.50070712 1.95191417
v -1.18484092 10.50070712 2.05220468
v -1.06027252 10.50070712 2.15001998
v -0.92872723 10.50070712 2.24214587
v -0.78923724 10.50070712 2.32501794
v -0.64177416 10.50070712 2.39513376
v -0.48722676 10.50070712 2.44945435
v -0.32725440 10.50070712 2.48574398
v -0.16404259 10.50070712 2.50280634
v -0.00000000 10.50070712 2.50058975
v 0.16255773 10.50070712 2.48015165
v 0.32169175 10.50070712 2.44349144
v 0.47605252 10.50070712 2.39327765
v 0.62499374 10.50070712 2.33250839
v 0.76857578 10.50070712 2.26415125
v 0.90746309 10.50070712 2.19080971
v 1.04273498 10.50070712 2.11445737
v 1.17564121 10.50070712 2.03627031
v 1.30734047 10.50070712 1.95657328
v 1.43866063 10.50070712 1.87489904
v 1.56991518 10.50070712 1.79014517
v 1.70080025 10.50070712 1.70080025
v 1.83038392 10.50070712 1.60520362
v 1.95718529 10.50070712 1.50180109
v 2.07932756 10.50070712 1.38936226
v 2.19473907 10.50070712 1.26713319
v 2.30137022 10.50070712 1.13491020
v 2.39739341 10.50070712 0.99303286
v 2.48135730 10.50070712 0.84230730
v 2.55227518 10.50070712 0.68388007
v 2.60963850 10.50070712 0.51908937
v 2.65335899 10.50070712 0.34932134
v 2.68365397 10.50070712 0.17589597
v 2.70503790 11.01293674 0.00000000
v 2.70858060 11.01293674 -0.17752975
v 2.69964017 11.01293674 -0.35541437
v 2.67824645 11.01293674 -0.53273634
v 2.64419009 11.01293674 -0.70850860
v 2.59706636 11.01293674 -0.88158524
v 2.53637577 11.01293674 -1.05060124
v 2.46166398 11.01293674 -1.21395833
v 2.37267708 11.01293674 -1.36986575
v 2.26950545 11.01293674 -1.51643506
v 2.15269093 11.01293674 -1.65181785
v 2.02327833 11.01293674 -1.77436747
v 1.88280030 11.01293674 -1.88280030
v 1.73319593 11.01293674 -1.97633118
v 1.57667324 11.01293674 -2.05476057
v 1.41553483 11.01293674 -2.11849758
v 1.25199136 11.01293674 -2.16851264
v 1.08798933 11.01293674 -2.20622411
v 0.92507694 11.01293674 -2.23333329
v 0.76432544 11.01293674 -2.25163015
v 0.60631458 11.01293674 -2.26279681
v 0.45118020 11.01293674 -2.26823605
v 0.29871267 11.01293674 -2.26894803
v 0.14848682 11.01293674 -2.26547103
v 0.00000000 11.01293674 -2.25789181
v -0.14720537 11.01293674 -2.24591998
v -0.29345489 11.01293674 -2.22901117
v -0.43890326 11.01293674 -2.20651568
v -0.58354673 11.01293674 -2.17782606
v -0.72727985 11.01293674 -2.14249736
v -0.86998064 11.01293674 -2.10031905
v -1.01160212 11.01293674 -2.05132618
v -1.15224582 11.01293674 -1.99574830
v -1.29219472 11.01293674 -1.93390606
v -1.43188988 11.01293674 -1.86607522
v -1.57184429 11.01293674 -1.79234490
v -1.71249930 11.01293674 -1.71249930
v -1.85404046 11.01293674 -1.62594984
v -1.99619929 11.01293674 -1.53173759
v -2.13807358 11.01293674 -1.42861509
v -2.27799975 11.01293674 -1.31520377
v -2.41350693 11.01293674 -1.19020990
v -2.54137291 11.01293674 -1.05267113
v -2.65778913 11.01293674 -0.90219784
v -2.75862660 11.01293674 -0.73917177
v -2.83977928 11.01293674 -0.56486722
v -2.89754871 11.01293674 -0.38146952
v -2.92902497 11.01293674 -0.19197844
v -2.93241633 11.01293674 -0.00000000
v -2.90728354 11.01293674 0.19055343
v -2.85464484 11.01293674 0.37582112
v -2.77693255 11.01293674 0.55236623
v -2.67780024 11.01293674 0.71751441
v -2.56179860 11.01293674 0.86961345
v -2.43395496 11.01293674 1.00817716
v -2.29930419 11.01293674 1.13389134
v -2.16242581 11.01293674 1.24847712
v -2.02704149 11.01293674 1.35442582
v -1.89571988 11.01293674 1.45463703
v -1.76972224 11.01293674 1.55200475
v -1.64900407 11.01293674 1.64900407
v -1.53236850 11.01293674 1.74733139
v -1.41774761 11.01293674 1.84764466
v -1.30257226 11.01293674 1.94943715
v -1.18418060 11.01293674 2.05106097
v -1.06021178 11.01293674 2.14989681
v -0.92893504 11.01293674 2.24264756
v -0.78947453 11.01293674 2.32571697
v -0.64190561 11.01293674 2.39562436
v -0.48721631 11.01293674 2.44940182
v -0.32714642 11.01293674 2.48492378
v -0.16393262 11.01293674 2.50112849
v -0.00000000 11.01293674 2.49810584
v 0.16235406 11.01293674 2.47704428
v 0.32123842 11.01293674 2.44004805
v 0.47537123 11.01293674 2.38985258
v 0.62418184 11.01293674 2.32947834
v 0.76780139 11.01293674 2.26186997
v 0.90694855 11.01293674 2.18956749
v 1.04273137 11.01293674 2.11445005
v 1.17639793 11.01293674 2.03758099
v 1.30907430 11.01293674 1.95916814
v 1.44152869 11.01293674 1.87863676
v 1.57399536 11.01293674 1.79479772
v 1.70608151 11.01293674 1.70608151
v 1.83676728 11.01293674 1.61080167
v 1.96449480 11.01293674 1.50740988
v 2.08732913 11.01293674 1.39470874
v 2.20316404 11.01293674 1.27199735
v 2.30994008 11.01293674 1.13913639
v 2.40584228 11.01293674 0.99653250
v 2.48944918 11.01293674 0.84505413
v 2.55981424 11.01293674 0.68590016
v 2.61647185 11.01293674 0.52044861
v 2.65937260 11.01293674 0.35011304
v 2.68876362 11.01293674 0.17623088
v 2.70887065 11.52516636 0.00000000
v 2.71135178 11.52516636 -0.17771138
v 2.70129597 11.52516636 -0.35563236
v 2.67872938 11.52516636 -0.53283240
v 2.64344191 11.52516636 -0.70830813
v 2.59503659 11.52516636 -0.88089622
v 2.53303431 11.52516636 -1.04921716
v 2.45701572 11.52516636 -1.21166606
v 2.36677571 11.52516636 -1.36645859
v 2.26246367 11.52516636 -1.51172990
v 2.14468500 11.52516636 -1.64567468
v 2.01454516 11.52516636 -1.76670869
v 1.87362701 11.52516636 -1.87362701
v 1.72390243 11.52516636 -1.96573398
v 1.56758976 11.52516636 -2.04292274
v 1.40697691 11.52516636 -2.10568976
v 1.24423541 11.52516636 -2.15507895
v 1.08125151 11.52516636 -2.19256116
v 0.91949784 11.52516636 -2.21986415
v 0.75996216 11.52516636 -2.23877633
v 0.60314061 11.52516636 -2.25095141
v 0.44909259 11.52516636 -2.25774094
v 0.29754484 11.52516636 -2.26007746
v 0.14802486 11.52516636 -2.25842290
v 0.00000000 11.52516636 -2.25278673
v -0.14700135 11.52516636 -2.24280718
v -0.29330586 11.52516636 -2.22787922
v -0.43906039 11.52516636 -2.20730563
v -0.58424826 11.52516636 -2.18044419
v -0.72874897 11.52516636 -2.14682523
v -0.87242460 11.52516636 -2.10621929
v -1.01521057 11.52516636 -2.05864338
v -1.15718638 11.52516636 -2.00430560
v -1.29860450 11.52516636 -1.94349898
v -1.43986239 11.52516636 -1.87646520
v -1.58141240 11.52516636 -1.80325524
v -1.72361608 11.52516636 -1.72361608
v -1.86656071 11.52516636 -1.63692981
v -2.00986511 11.52516636 -1.54222374
v -2.15250755 11.52516636 -1.43825956
v -2.29270874 11.52516636 -1.32369601
v -2.42789857 11.52516636 -1.19730707
v -2.55478518 11.52516636 -1.05822667
v -2.66953191 11.52516636 -0.90618398
v -2.76803211 11.52516636 -0.74169197
v -2.84625687 11.52516636 -0.56615569
v -2.90063838 11.52516636 -0.38187629
v -2.92844366 11.52516636 -0.19194034
v -2.92809127 11.52516636 -0.00000000
v -2.89936821 11.52516636 0.19003463
v -2.84351481 11.52516636 0.37435583
v -2.76316060 11.52516636 0.54962682
v -2.66211275 11.52516636 0.71331096
v -2.54501727 11.52516636 0.86391695
v -2.41692969 11.52516636 1.00112506
v -2.28284427 11.52516636 1.12577421
v -2.14723654 11.52516636 1.23970759
v -2.01367298 11.52516636 1.34549327
v -1.88453320 11.52516636 1.44605319
v -1.76087593 11.52516636 1.54424674
v -1.64246177 11.52516636 1.64246177
v -1.52792582 11.52516636 1.74226549
v -1.41507404 11.52516636 1.84416039
v -1.30126248 11.52516636 1.94747693
v -1.18380852 11.52516636 2.05041651
v -1.06038055 11.52516636 2.15023905
v -0.92931730 11.52516636 2.24357044
v -0.78983855 11.52516636 2.32678935
v -0.64212512 11.52516636 2.39644359
v -0.48726414 11.52516636 2.44964227
v -0.32707410 11.52516636 2.48437444
v -0.16384000 11.52516636 2.49971531
v -0.00000000 11.52516636 2.49589659
v 0.16216999 11.52516636 2.47423585
v 0.32082903 11.52516636 2.43693845
v 0.47476437 11.52516636 2.38680167
v 0.62348098 11.52516636 2.32686268
v 0.76717939 11.52516636 2.26003761
v 0.90662988 11.52516636 2.18879815
v 1.04296580 11.52516636 2.11492542
v 1.17742971 11.52516636 2.03936807
v 1.31111134 11.52516636 1.96221679
v 1.44471616 11.52516636 1.88279076
v 1.57839708 11.52516636 1.79981693
v 1.71167146 11.52516636 1.71167146
v 1.84343189 11.52516636 1.61664638
v 1.97204507 11.52516636 1.51320340
v 2.09552036 11.52516636 1.40018194
v 2.21171997 11.52516636 1.27693712
v 2.31857787 11.52516636 1.14339607
v 2.41429475 11.52516636 1.00003363
v 2.49748162 11.52516636 0.84778077
v 2.56723413 11.52516636 0.68788831
v 2.62313088 11.52516636 0.52177317
v 2.66516206 11.52516636 0.35087524
v 2.69360488 11.52516636 0.17654819
v 2.71239121 12.03739597 0.00000000
v 2.71378070 12.03739597 -0.17787058
v 2.70258567 12.03739597 -0.35580215
v 2.67882921 12.03739597 -0.53285226
v 2.64230137 12.03739597 -0.70800252
v 2.59261406 12.03739597 -0.88007388
v 2.52930972 12.03739597 -1.04767439
v 2.45200492 12.03739597 -1.20919501
v 2.36054379 12.03739597 -1.36286059
v 2.25513448 12.03739597 -1.50683268
v 2.13644473 12.03739597 -1.63935170
v 2.00563861 12.03739597 -1.75889786
v 1.86434623 12.03739597 -1.86434623
v 1.71456865 12.03739597 -1.95509084
v 1.55853055 12.03739597 -2.03111656
v 1.39850122 12.03739597 -2.09300499
v 1.23660939 12.03739597 -2.14187029
v 1.07467810 12.03739597 -2.17923161
v 0.91410244 12.03739597 -2.20683852
v 0.75578577 12.03739597 -2.22647308
v 0.60014081 12.03739597 -2.23975601
v 0.44715176 12.03739597 -2.24798370
v 0.29648378 12.03739597 -2.25201792
v 0.14761975 12.03739597 -2.25224213
v 0.00000000 12.03739597 -2.24858735
v -0.14685800 12.03739597 -2.24062017
v -0.29327903 12.03739597 -2.22767541
v -0.43939926 12.03739597 -2.20900926
v -0.58518655 12.03739597 -2.18394595
v -0.73050299 12.03739597 -2.15199240
v -0.87519245 12.03739597 -2.11290149
v -1.01917054 12.03739597 -2.06667341
v -1.16249249 12.03739597 -2.01349606
v -1.30537804 12.03739597 -1.95363630
v -1.44817895 12.03739597 -1.88730355
v -1.59128517 12.03739597 -1.81451298
v -1.73497738 12.03739597 -1.73497738
v -1.87924440 12.03739597 -1.64805311
v -2.02359354 12.03739597 -1.55275794
v -2.16688622 12.03739597 -1.44786708
v -2.30723183 12.03739597 -1.33208092
v -2.44196698 12.03739597 -1.20424484
v -2.56773754 12.03739597 -1.06359171
v -2.68068704 12.03739597 -0.90997063
v -2.77673974 12.03739597 -0.74402517
v -2.85195199 12.03739597 -0.56728852
v -2.90289356 12.03739597 -0.38217319
v -2.92701337 12.03739597 -0.19184659
v -2.92294264 12.03739597 -0.00000000
v -2.89069414 12.03739597 0.18946610
v -2.83172671 12.03739597 0.37280389
v -2.74886076 12.03739597 0.54678240
v -2.64604845 12.03739597 0.70900655
v -2.52802090 12.03739597 0.85814746
v -2.39985106 12.03739597 0.99405086
v -2.26648211 12.03739597 1.11770529
v -2.13227651 12.03739597 1.23107042
v -2.00063853 12.03739597 1.33678393
v -1.87375437 12.03739597 1.43778230
v -1.75247881 12.03739597 1.53688267
v -1.63637903 12.03739597 1.63637903
v -1.52392598 12.03739597 1.73770454
v -1.41280531 12.03739597 1.84120373
v -1.30030516 12.03739597 1.94604420
v -1.18372921 12.03739597 2.05027913
v -1.06078159 12.03739597 2.15105228
v -0.92987572 12.03739597 2.24491857
v -0.79033046 12.03739597 2.32823846
v -0.64243364 12.03739597 2.39759497
v -0.48737111 12.03739597 2.45018001
v -0.32703816 12.03739597 2.48410148
v -0.16376518 12.03739597 2.49857375
v -0.00000000 12.03739597 2.49397031
v 0.16200612 12.03739597 2.47173570
v 0.32046488 12.03739597 2.43417245
v 0.47423385 12.03739597 2.38413456
v 0.62289350 12.03739597 2.32467020
v 0.76671223 12.03739597 2.25866140
v 0.90650921 12.03739597 2.18850683
v 1.04343958 12.03739597 2.11588615
v 1.17873653 12.03739597 2.04163155
v 1.31344983 12.03739597 1.96571658
v 1.44821918 12.03739597 1.88735598
v 1.58311417 12.03739597 1.80519574
v 1.71756161 12.03739597 1.71756161
v 1.85036706 12.03739597 1.62272836
v 1.97982348 12.03739597 1.51917199
v 2.10388712 12.03739597 1.40577243
v 2.22039178 12.03739597 1.28194379
v 2.32726806 12.03739597 1.14768160
v 2.42273540 12.03739597 1.00352986
v 2.50543989 12.03739597 0.85048224
v 2.57452126 12.03739597 0.68984089
v 2.62960361 12.03739597 0.52306068
v 2.67071735 12.03739597 0.35160661
v 2.69816999 12.03739597 0.17684740
v 2.71559557 12.54962559 0.00000000
v 2.71586623 12.54962559 -0.17800728
v 2.70351124 12.54962559 -0.35592401
v 2.67855113 12.54962559 -0.53279695
v 2.64077700 12.54962559 -0.70759407
v 2.58981068 12.54962559 -0.87912227
v 2.52521725 12.54962559 -1.04597923
v 2.44665003 12.54962559 -1.20655427
v 2.35400267 12.54962559 -1.35908407
v 2.24754168 12.54962559 -1.50175934
v 2.12799587 12.54962559 -1.63286866
v 1.99658568 12.54962559 -1.75095865
v 1.85498545 12.54962559 -1.85498545
v 1.70522178 12.54962559 -1.94443278
v 1.54952174 12.54962559 -2.01937605
v 1.39013205 12.54962559 -2.08047964
v 1.22913511 12.54962559 -2.12892446
v 1.06828800 12.54962559 -2.16627376
v 0.90890641 12.54962559 -2.19429418
v 0.75180856 12.54962559 -2.21475661
v 0.59732421 12.54962559 -2.22924431
v 0.44536372 12.54962559 -2.23899461
v 0.29553294 12.54962559 -2.24479557
v 0.14727289 12.54962559 -2.24695016
v 0.00000000 12.54962559 -2.24531000
v -0.14677606 12.54962559 -2.23936997
v -0.29337513 12.54962559 -2.22840538
v -0.43991995 12.54962559 -2.21162692
v -0.58636035 12.54962559 -2.18832663
v -0.73253870 12.54962559 -2.15798942
v -0.87827851 12.54962559 -2.12035189
v -1.02347339 12.54962559 -2.07539874
v -1.16815222 12.54962559 -2.02329899
v -1.31249988 12.54962559 -1.96429488
v -1.45682051 12.54962559 -1.89856545
v -1.60144015 12.54962559 -1.82609251
v -1.74655765 12.54962559 -1.74655765
v -1.89206354 12.54962559 -1.65929519
v -2.03735496 12.54962559 -1.56331744
v -2.18117944 12.54962559 -1.45741751
v -2.32153960 12.54962559 -1.34034151
v -2.45568492 12.54962559 -1.21100979
v -2.58020645 12.54962559 -1.06875650
v -2.69123612 12.54962559 -0.91355156
v -2.78473757 12.54962559 -0.74616818
v -2.85686029 12.54962559 -0.56826484
v -2.90431821 12.54962559 -0.38236075
v -2.92474663 12.54962559 -0.19169802
v -2.91699144 12.54962559 -0.00000000
v -2.88129010 12.54962559 0.18884973
v -2.81931601 12.54962559 0.37116999
v -2.73407377 12.54962559 0.54384109
v -2.62965158 12.54962559 0.70461302
v -2.51085536 12.54962559 0.85232055
v -2.38276468 12.54962559 0.98697345
v -2.25026137 12.54962559 1.10970610
v -2.11758591 12.54962559 1.22258879
v -1.98797372 12.54962559 1.32832157
v -1.86341365 12.54962559 1.42984758
v -1.74455557 12.54962559 1.52993417
v -1.63077505 12.54962559 1.63077505
v -1.52038318 12.54962559 1.73366475
v -1.41095136 12.54962559 1.83878762
v -1.29970683 12.54962559 1.94514873
v -1.18394669 12.54962559 2.05065582
v -1.06141725 12.54962559 2.15234127
v -0.93061168 12.54962559 2.24669534
v -0.79095121 12.54962559 2.33006713
v -0.64283196 12.54962559 2.39908153
v -0.48753798 12.54962559 2.45101893
v -0.32703929 12.54962559 2.48411005
v -0.16370859 12.54962559 2.49771040
v -0.00000000 12.54962559 2.49233492
v 0.16186304 12.54962559 2.46955274
v 0.32014720 12.54962559 2.43175942
v 0.47378149 12.54962559 2.38186041
v 0.62242162 12.54962559 2.32290912
v 0.76640217 12.54962559 2.25774798
v 0.90658841 12.54962559 2.18869802
v 1.04415369 12.54962559 2.11733423
v 1.18031802 12.54962559 2.04437078
v 1.31608759 12.54962559 1.96966427
v 1.45203346 12.54962559 1.89232684
v 1.58814008 12.54962559 1.81092669
v 1.72374312 12.54962559 1.72374312
v 1.85756183 12.54962559 1.62903801
v 1.98781728 12.54962559 1.52530584
v 2.11241531 12.54962559 1.41147078
v 2.22916448 12.54962559 1.28700871
v 2.33599539 12.54962559 1.15198544
v 2.43114925 12.54962559 1.00701499
v 2.51330981 12.54962559 0.85315372
v 2.58166275 12.54962559 0.69175445
v 2.63587887 12.54962559 0.52430891
v 2.67602939 12.54962559 0.35230595
v 2.70245228 12.54962559 0.17712808
v 2.71848090 13.06185520 0.00000000
v 2.71760850 13.06185520 -0.17812147
v 2.70407591 13.06185520 -0.35599835
v 2.67790166 13.06185520 -0.53266776
v 2.63887865 13.06185520 -0.70708540
v 2.58663967 13.06185520 -0.87804585
v 2.52077340 13.06185520 -1.04413853
v 2.44097063 13.06185520 -1.20375350
v 2.34717471 13.06185520 -1.35514195
v 2.23971000 13.06185520 -1.49652637
v 2.11936489 13.06185520 -1.62624588
v 1.98741393 13.06185520 -1.74291524
v 1.84557255 13.06185520 -1.84557255
v 1.69588924 13.06185520 -1.93379106
v 1.54058949 13.06185520 -2.00773531
v 1.38189357 13.06185520 -2.06814988
v 1.22183419 13.06185520 -2.11627889
v 1.06209977 13.06185520 -2.15372529
v 0.90392501 13.06185520 -2.18226802
v 0.74804246 13.06185520 -2.20366203
v 0.59469948 13.06185520 -2.21944866
v 0.44373419 13.06185520 -2.23080244
v 0.29469554 13.06185520 -2.23843488
v 0.14698558 13.06185520 -2.24256664
v 0.00000000 13.06185520 -2.24296917
v -0.14675612 13.06185520 -2.23906575
v -0.29359467 13.06185520 -2.23007292
v -0.44062216 13.06185520 -2.21515718
v -0.58776794 13.06185520 -2.19357982
v -0.73485238 13.06185520 -2.16480529
v -0.88167650 13.06185520 -2.12855536
v -1.02810989 13.06185520 -2.08480063
v -1.17415304 13.06185520 -2.03369273
v -1.31995406 13.06185520 -1.97545086
v -1.46576769 13.06185520 -1.91022564
v -1.61185466 13.06185520 -1.83796798
v -1.75833137 13.06185520 -1.75833137
v -1.90499036 13.06185520 -1.67063171
v -2.05112025 13.06185520 -1.57387992
v -2.19535785 13.06185520 -1.46689122
v -2.33560376 13.06185520 -1.34846146
v -2.46902661 13.06185520 -1.21758918
v -2.59217006 13.06185520 -1.07371200
v -2.70116271 13.06185520 -0.91692119
v -2.79201581 13.06185520 -0.74811838
v -2.86097966 13.06185520 -0.56908424
v -2.90491853 13.06185520 -0.38243978
v -2.92165823 13.06185520 -0.19149560
v -2.91026072 13.06185520 -0.00000000
v -2.87118674 13.06185520 0.18818752
v -2.80631981 13.06185520 0.36945901
v -2.71884161 13.06185520 0.54081122
v -2.61296727 13.06185520 0.70014247
v -2.49356706 13.06185520 0.84645196
v -2.36571637 13.06185520 0.97991180
v -2.23422553 13.06185520 1.10179810
v -2.10320448 13.06185520 1.21428567
v -1.97571349 13.06185520 1.32012955
v -1.85354056 13.06185520 1.42227169
v -1.73713006 13.06185520 1.52342218
v -1.62566822 13.06185520 1.62566822
v -1.51731086 13.06185520 1.73016144
v -1.40952143 13.06185520 1.83692409
v -1.29947341 13.06185520 1.94479940
v -1.18446450 13.06185520 2.05155269
v -1.06228952 13.06185520 2.15411006
v -0.93152632 13.06185520 2.24890348
v -0.79170157 13.06185520 2.33227761
v -0.64332078 13.06185520 2.40090582
v -0.48776545 13.06185520 2.45216249
v -0.32707812 13.06185520 2.48440496
v -0.16367065 13.06185520 2.49713151
v -0.00000000 13.06185520 2.49099802
v 0.16174131 13.06185520 2.46769551
v 0.31987717 13.06185520 2.42970831
v 0.47340902 13.06185520 2.37998787
v 0.62206739 13.06185520 2.32158709
v 0.76625125 13.06185520 2.25730339
v 0.90686907 13.06185520 2.18937562
v 1.04510882 13.06185520 2.11927105
v 1.18217346 13.06185520 2.04758450
v 1.31902209 13.06185520 1.97405607
v 1.45615436 13.06185520 1.89769731
v 1.59346791 13.06185520 1.81700191
v 1.73020686 13.06185520 1.73020686
v 1.86500503 13.06185520 1.63556551
v 1.99601358 13.06185520 1.53159509
v 2.12109078 13.06185520 1.41726755
v 2.23802324 13.06185520 1.29212332
v 2.34474488 13.06185520 1.15630021
v 2.43952176 13.06185520 1.01048300
v 2.52107779 13.06185520 0.85579059
v 2.58864645 13.06185520 0.69362573
v 2.64194637 13.06185520 0.52551581
v 2.68109010 13.06185520 0.35297221
v 2.70644617 13.06185520 0.17738985
v 2.72104554 13.57408482 0.00000000
v 2.71900887 13.57408482 -0.17821326
v 2.70428424 13.57408482 -0.35602577
v 2.67688860 13.57408482 -0.53246625
v 2.63661747 13.57408482 -0.70647952
v 2.58311548 13.57408482 -0.87684955
v 2.51599585 13.57408482 -1.04215960
v 2.43498739 13.57408482 -1.20080289
v 2.34008328 13.57408482 -1.35104771
v 2.23166496 13.57408482 -1.49115085
v 2.11057894 13.57408482 -1.61950418
v 1.97815142 13.57408482 -1.73479223
v 1.83613575 13.57408482 -1.83613575
v 1.68659859 13.57408482 -1.92319710
v 1.53175992 13.57408482 -1.99622840
v 1.37380981 13.57408482 -2.05605168
v 1.21472795 13.57408482 -2.10397053
v 1.05613166 13.57408482 -2.14162314
v 0.89917314 13.57408482 -2.17079599
v 0.74449898 13.57408482 -2.19322327
v 0.59227490 13.57408482 -2.21040004
v 0.44226860 13.57408482 -2.22343440
v 0.29397458 13.57408482 -2.23295863
v 0.14675899 13.57408482 -2.23910945
v 0.00000000 13.57408482 -2.24157753
v -0.14679866 13.57408482 -2.23971478
v -0.29393790 13.57408482 -2.23267999
v -0.44150526 13.57408482 -2.21959684
v -0.58940716 13.57408482 -2.19969747
v -0.73743976 13.57408482 -2.17242749
v -0.88537959 13.57408482 -2.13749541
v -1.03307026 13.57408482 -2.09485925
v -1.18048196 13.57408482 -2.04465472
v -1.32772421 13.57408482 -1.98707970
v -1.47500076 13.57408482 -1.92225841
v -1.62250588 13.57408482 -1.85011337
v -1.77027306 13.57408482 -1.77027306
v -1.91799741 13.57408482 -1.68203858
v -2.06486091 13.57408482 -1.58442350
v -2.20939301 13.57408482 -1.47626921
v -2.34939724 13.57408482 -1.35642513
v -2.48196775 13.57408482 -1.22397104
v -2.60360833 13.57408482 -1.07844988
v -2.71045235 13.57408482 -0.92007459
v -2.79856685 13.57408482 -0.74987373
v -2.86431025 13.57408482 -0.56974673
v -2.90470301 13.57408482 -0.38241141
v -2.91776511 13.57408482 -0.19124043
v -2.90277560 13.57408482 -0.00000000
v -2.86041652 13.57408482 0.18748160
v -2.79277668 13.57408482 0.36767603
v -2.70320746 13.57408482 0.53770140
v -2.59604148 13.57408482 0.69560722
v -2.47620284 13.57408482 0.84055760
v -2.34875202 13.57408482 0.97288494
v -2.21841788 13.57408482 1.09400263
v -2.08917151 13.57408482 1.20618374
v -1.96389215 13.57408482 1.31223078
v -1.84416382 13.57408482 1.41507667
v -1.73022530 13.57408482 1.51736686
v -1.62107606 13.57408482 1.62107606
v -1.51472164 13.57408482 1.72720900
v -1.40852402 13.57408482 1.83562424
v -1.29961022 13.57408482 1.94500414
v -1.18528567 13.57408482 2.05297500
v -1.06340000 13.57408482 2.15636189
v -0.93262048 13.57408482 2.25154502
v -0.79258210 13.57408482 2.33487157
v -0.64390064 13.57408482 2.40306992
v -0.48805412 13.57408482 2.45361376
v -0.32715523 13.57408482 2.48499066
v -0.16365174 13.57408482 2.49684302
v -0.00000000 13.57408482 2.48996685
v 0.16164146 13.57408482 2.46617218
v 0.31965590 13.57408482 2.42802760
v 0.47311806 13.57408482 2.37852510
v 0.62183271 13.57408482 2.32071125
v 0.76626132 13.57408482 2.25733306
v 0.90735256 13.57408482 2.19054287
v 1.04630535 13.57408482 2.12169735
v 1.18430179 13.57408482 2.05127086
v 1.32225044 13.57408482 1.97888763
v 1.46057689 13.57408482 1.90346086
v 1.59909043 13.57408482 1.82341317
v 1.73694343 13.57408482 1.73694343
v 1.87268530 13.57408482 1.64230093
v 2.00439945 13.57408482 1.53802979
v 2.12989949 13.57408482 1.42315334
v 2.24695343 13.57408482 1.29727917
v 2.35350189 13.57408482 1.16061869
v 2.44783886 13.57408482 1.01392806
v 2.52873087 13.57408482 0.85838846
v 2.59546100 13.57408482 0.69545168
v 2.64779673 13.57408482 0.52667951
v 2.68589240 13.57408482 0.35360444
v 2.71014719 13.57408482 0.17763243
v -0.00000000 -13.57408482 0.00000000
v -0.00000000 13.57408482 -0.00000000
f 97 98 1
f 98 2 1
f 98 99 2
f 99 3 2
f 99 100 3
f 100 4 3
f 100 101 4
f 101 5 4
f 101 102 5
f 102 6 5
f 102 103 6
f 103 7 6
f 103 104 7
f 104 8 7
f 104 105 8
f 105 9 8
f 105 106 9
f 106 10 9
f 106 107 10
f 107 11 10
f 107 108 11
f 108 12 11
f 108 109 12
f 109 13 12
f 109 110 13
f 110 14 13
f 110 111 14
f 111 15 14
f 111 112 15
f 112 16 15
f 112 113 16
f 113 17 16
f 113 114 17
f 114 18 17
f 114 115 18
f 115 19 18
f 115 116 19
f 116 20 19
f 116 117 20
f 117 21 20
f 117 118 21
f 118 22 21
f 118 119 22
f 119 23 22
f 119 120 23
f 120 24 23
f 120 121 24
f 121 25 24
f 121 122 25
f 122 26 25
f 122 123 26
f 123 27 26
f 123 124 27
f 124 28 27
f 124 125 28
f 125 29 28
f 125 126 29
f 126 30 29
f 126 127 30
f 127 31 30
f 127 128 31
f 128 32 31
f 128 129 32
f 129 33 32
f 129 130 33
f 130 34 33
f 130 131 34
f 131 35 34
f 131 132 35
f 132 36 35
f 132 133 36
f 133 37 36
f 133 134 37
f 134 38 37
f 134 135 38
f 135 39 38
f 135 136 39
f 136 40 39
f 136 137 40
f 137 41 40
f 137 138 41
f 138 42 41
f 138 139 42
f 139 43 42
f 139 140 43
f 140 44 43
f 140 141 44
f 141 45 44
f 141 142 45
f 142 46 45
f 142 143 46
f 143 47 46
f 143 144 47
f 144 48 47
f 144 145 48
f 145 49 48
f 145 146 49
f 146 50 49
f 146 147 50
f 147 51 50
f 147 148 51
f 148 52 51
f 148 149 52
f 149 53 52
f 149 150 53
f 150 54 53
f 150 151 54
f 151 55 54
f 151 152 55
f 152 56 55
f 152 153 56
f 153 57 56
f 153 154 57
f 154 58 57
f 154 155 58
f 155 59 58
f 155 156 59
f 156 60 59
f 156 157 60
f 157 61 60
f 157 158 61
f 158 62 61
f 158 159 62
f 159 63 62
f 159 160 63
f 160 64 63
f 160 161 64
f 161 65 64
f 161 162 65
f 162 66 65
f 162 163 66
f 163 67 66
f 163 164 67
f 164 68 67
f 164 165 68
f 165 69 68
f 165 166 69
f 166 70 69
f 166 167 70
f 167 71 70
f 167 168 71
f 168 72 71
f 168 169 72
f 169 73 72
f 169 170 73
f 170 74 73
f 170 171 74
f 171 75 74
f 171 172 75
f 172 76 75
f 172 173 76
f 173 77 76
f 173 174 77
f 174 78 77
f 174 175 78
f 175 79 78
f 175 176 79
f 176 80 79
f 176 177 80
f 177 81 80
f 177 178 81
f 178 82 81
f 178 179 82
f 179 83 82
f 179 180 83
f 180 84 83
f 180 181 84
f 181 85 84
f 181 182 85
f 182 86 85
f 182 183 86
f 183 87 86
f 183 184 87
f 184 88 87
f 184 185 88
f 185 89 88
f 185 186 89
f 186 90 89
f 186 187 90
f 187 91 90
f 187 188 91
f 188 92 91
f 188 189 92
f 189 93 92
f 189 190 93
f 190 94 93
f 190 191 94
f 191 95 94
f 191 192 95
f 192 96 95
f 192 97 96
f 97 1 96
f 193 194 97
f 194 98 97
f 194 195 98
f 195 99 98
f 195 196 99
f 196 100 99
f 196 197 100
f 197 101 100
f 197 198 101
f 198 102 101
f 198 199 102
f 199 103 102
f 199 200 103
f 200 104 103
f 200 201 104
f 201 105 104
f 201 202 105
f 202 106 105
f 202 203 106
f 203 107 106
f 203 204 107
f 204 108 107
f 204 205 108
f 205 109 108
f 205 206 109
f 206 110 109
f 206 207 110
f 207 111 110
f 207 208 111
f 208 112 111
f 208 209 112
f 209 113 112
f 209 210 113
f 210 114 113
f 210 211 114
f 211 115 114
f 211 212 115
f 212 116 115
f 212 213 116
f 213 117 116
f 213 214 117
f 214 118 117
f 214 215 118
f 215 119 118
f 215 216 119
f 216 120 119
f 216 217 120
f 217 121 120
f 217 218 121
f 218 122 121
f 218 219 122
f 219 123 122
f 219 220 123
f 220 124 123
f 220 221 124
f 221 125 124
f 221 222 125
f 222 126 125
f 222 223 126
f 223 127 126
f 223 224 127
f 224 128 127
f 224 225 128
f 225 129 128
f 225 226 129
f 226 130 129
f 226 227 130
f 227 131 130
f 227 228 131
f 228 132 131
f 228 229 132
f 229 133 132
f 229 230 133
f 230 134 133
f 230 231 134
f 231 135 134
f 231 232 135
f 232 136 135
f 232 233 136
f 233 137 136
f 233 234 137
f 234 138 137
f 234 235 138
f 235 139 138
f 235 236 139
f 236 140 139
f 236 237 140
f 237 141 140
f 237 238 141
f 238 142 141
f 238 239 142
f 239 143 142
f 239 240 143
f 240 144 143
f 240 241 144
f 241 145 144
f 241 242 145
f 242 146 145
f 242 243 146
f 243 147 146
f 243 244 147
f 244 148 147
f 244 245 148
f 245 149 148
f 245 246 149
f 246 150 149
f 246 247 150
f 247 151 150
f 247 248 151
f 248 152 151
f 248 249 152
f 249 153 152
f 249 250 153
f 250 154 153
f 250 251 154
f 251 155 154
f 251 252 155
f 252 156 155
f 252 253 156
f 253 157 156
f 253 254 157
f 254 158 157
f 254 255 158
f 255 159 158
f 255 256 159
f 256 160 159
f 256 257 160
f 257 161 160
f 257 258 161
f 258 162 161
f 258 259 162
f 259 163 162
f 259 260 163
f 260 164 163
f 260 261 164
f 261 165 164
f 261 262 165
f 262 166 165
f 262 263 166
f 263 167 166
f 263 264 167
f 264 168 167
f 264 265 168
f 265 169 168
f 265 266 169
f 266 170 169
f 266 267 170
f 267 171 170
f 267 268 171
f 268 172 171
f 268 269 172
f 269 173 172
f 269 270 173
f 270 174 173
f 270 271 174
f 271 175 174
f 271 272 175
f 272 176 175
f 272 273 176
f 273 177 176
f 273 274 177
f 274 178 177
f 274 275 178
f 275 179 178
f 275 276 179
f 276 180 179
f 276 277 180
f 277 181 180
f 277 278 181
f 278 182 181
f 278 279 182
f 279 183 182
f 279 280 183
f 280 184 183
f 280 281 184
f 281 185 184
f 281 282 185
f 282 186 185
f 282 283 186
f 283 187 186
f 283 284 187
f 284 188 187
f 284 285 188
f 285 189 188
f 285 286 189
f 286 190 189
f 286 287 190
f 287 191 190
f 287 288 191
f 288 192 191
f 288 193 192
f 193 97 192
f 289 290 193
f 290 194 193
f 290 291 194
f 291 195 194
f 291 292 195
f 292 196 195
f 292 293 196
f 293 197 196
f 293 294 197
f 294 198 197
f 294 295 198
f 295 199 198
f 295 296 199
f 296 200 199
f 296 297 200
f 297 201 200
f 297 298 201
f 298 202 201
f 298 299 202
f 299 203 202
f 299 300 203
f 300 204 203
f 300 301 204
f 301 205 204
f 301 302 205
f 302 206 205
f 302 303 206
f 303 207 206
f 303 304 207
f 304 208 207
f 304 305 208
f 305 209 208
f 305 306 209
f 306 210 209
f 306 307 210
f 307 211 210
f 307 308 211
f 308 212 211
f 308 309 212
f 309 213 212
f 309 310 213
f 310 214 213
f 310 311 214
f 311 215 214
f 311 312 215
f 312 216 215
f 312 313 216
f 313 217 216
f 313 314 217
f 314 218 217
f 314 315 218
f 315 219 218
f 315 316 219
f 316 220 219
f 316 317 220
f 317 221 220
f 317 318 221
f 318 222 221
f 318 319 222
f 319 223 222
f 319 320 223
f 320 224 223
f 320 321 224
f 321 225 224
f 321 322 225
f 322 226 225
f 322 323 226
f 323 227 226
f 323 324 227
f 324 228 227
f 324 325 228
f 325 229 228
f 325 326 229
f 326 230 229
f 326 327 230
f 327 231 230
f 327 328 231
f 328 232 231
f 328 329 232
f 329 233 232
f 329 330 233
f 330 234 233
f 330 331 234
f 331 235 234
f 331 332 235
f 332 236 235
f 332 333 236
f 333 237 236
f 333 334 237
f 334 238 237
f 334 335 238
f 335 239 238
f 335 336 239
f 336 240 239
f 336 337 240
f 337 241 240
f 337 338 241
f 338 242 241
f 338 339 242
f 339 243 242
f 339 340 243
f 340 244 243
f 340 341 244
f 341 245 244
f 341 342 245
f 342 246 245
f 342 343 246
f 343 247 246
f 343 344 247
f 344 248 247
f 344 345 248
f 345 249 248
f 345 346 249
f 346 250 249
f 346 347 250
f 347 251 250
f 347 348 251
f 348 252 251
f 348 349 252
f 349 253 252
f 349 350 253
f 350 254 253
f 350 351 254
f 351 255 254
f 351 352 255
f 352 256 255
f 352 353 256
f 353 257 256
f 353 354 257
f 354 258 257
f 354 355 258
f 355 259 258
f 355 356 259
f 356 260 259
f 356 357 260
f 357 261 260
f 357 358 261
f 358 262 261
f 358 359 262
f 359 263 262
f 359 360 263
f 360 264 263
f 360 361 264
f 361 265 264
f 361 362 265
f 362 266 265
f 362 363 266
f 363 267 266
f 363 364 267
f 364 268 267
f 364 365 268
f 365 269 268
f 365 366 269
f 366 270 269
f 366 367 270
f 367 271 270
f 367 368 271
f 368 272 271
f 368 369 272
f 369 273 272
f 369 370 273
f 370 274 273
f 370 371 274
f 371 275 274
f 371 372 275
f 372 276 275
f 372 373 276
f 373 277 276
f 373 374 277
f 374 278 277
f 374 375 278
f 375 279 278
f 375 376 279
f 376 280 279
f 376 377 280
f 377 281 280
f 377 378 281
f 378 282 281
f 378 379 282
f 379 283 282
f 379 380 283
f 380 284 283
f 380 381 284
f 381 285 284
f 381 382 285
f 382 286 285
f 382 383 286
f 383 287 286
f 383 384 287
f 384 288 287
f 384 289 288
f 289 193 288
f 385 386 289
f 386 290 289
f 386 387 290
f 387 291 290
f 387 388 291
f 388 292 291
f 388 389 292
f 389 293 292
f 389 390 293
f 390 294 293
f 390 391 294
f 391 295 294
f 391 392 295
f 392 296 295
f 392 393 296
f 393 297 296
f 393 394 297
f 394 298 297
f 394 395 298
f 395 299 298
f 395 396 299
f 396 300 299
f 396 397 300
f 397 301 300
f 397 398 301
f 398 302 301
f 398 399 302
f 399 303 302
f 399 400 303
f 400 304 303
f 400 401 304
f 401 305 304
f 401 402 305
f 402 306 305
f 402 403 306
f 403 307 306
f 403 404 307
f 404 308 307
f 404 405 308
f 405 309 308
f 405 406 309
f 406 310 309
f 406 407 310
f 407 311 310
f 407 408 311
f 408 312 311
f 408 409 312
f 409 313 312
f 409 410 313
f 410 314 313
f 410 411 314
f 411 315 314
f 411 412 315
f 412 316 315
f 412 413 316
f 413 317 316
f 413 414 317
f 414 318 317
f 414 415 318
f 415 319 318
f 415 416 319
f 416 320 319
f 416 417 320
f 417 321 320
f 417 418 321
f 418 322 321
f 418 419 322
f 419 323 322
f 419 420 323
f 420 324 323
f 420 421 324
f 421 325 324
f 421 422 325
f 422 326 325
f 422 423 326
f 423 327 326
f 423 424 327
f 424 328 327
f 424 425 328
f 425 329 328
f 425 426 329
f 426 330 329
f 426 427 330
f 427 331 330
f 427 428 331
f 428 332 331
f 428 429 332
f 429 333 332
f 429 430 333
f 430 334 333
f 430 431 334
f 431 335 334
f 431 432 335
f 432 336 335
f 432 433 336
f 433 337 336
f 433 434 337
f 434 338 337
f 434 435 338
f 435 339 338
f 435 436 339
f 436 340 339
f 436 437 340
f 437 341 340
f 437 438 341
f 438 342 341
f 438 439 342
f 439 343 342
f 439 440 343
f 440 344 343
f 440 441 344
f 441 345 344
f 441 442 345
f 442 346 345
f 442 443 346
f 443 347 346
f 443 444 347
f 444 348 347
f 444 445 348
f 445 349 348
f 445 446 349
f 446 350 349
f 446 447 350
f 447 351 350
f 447 448 351
f 448 352 351
f 448 449 352
f 449 353 352
f 449 450 353
f 450 354 353
f 450 451 354
f 451 355 354
f 451 452 355
f 452 356 355
f 452 453 356
f 453 357 356
f 453 454 357
f 454 358 357
f 454 455 358
f 455 359 358
f 455 456 359
f 456 360 359
f 456 457 360
f 457 361 360
f 457 458 361
f 458 362 361
f 458 459 362
f 459 363 362
f 459 460 363
f 460 364 363
f 460 461 364
f 461 365 364
f 461 462 365
f 462 366 365
f 462 463 366
f 463 367 366
f 463 464 367
f 464 368 367
f 464 465 368
f 465 369 368
f 465 466 369
f 466 370 369
f 466 467 370
f 467 371 370
f 467 468 371
f 468 372 371
f 468 469 372
f 469 373 372
f 469 470 373
f 470 374 373
f 470 471 374
f 471 375 374
f 471 472 375
f 472 376 375
f 472 473 376
f 473 377 376
f 473 474 377
f 474 378 377
f 474 475 378
f 475 379 378
f 475 476 379
f 476 380 379
f 476 477 380
f 477 381 380
f 477 478 381
f 478 382 381
f 478 479 382
f 479 383 382
f 479 480 383
f 480 384 383
f 480 385 384
f 385 289 384
f 481 482 385
f 482 386 385
f 482 483 386
f 483 387 386
f 483 484 387
f 484 388 387
f 484 485 388
f 485 389 388
f 485 486 389
f 486 390 389
f 486 487 390
f 487 391 390
f 487 488 391
f 488 392 391
f 488 489 392
f 489 393 392
f 489 490 393
f 490 394 393
f 490 491 394
f 491 395 394
f 491 492 395
f 492 396 395
f 492 493 396
f 493 397 396
f 493 494 397
f 494 398 397
f 494 495 398
f 495 399 398
f 495 496 399
f 496 400 399
f 496 497 400
f 497 401 400
f 497 498 401
f 498 402 401
f 498 499 402
f 499 403 402
f 499 500 403
f 500 404 403
f 500 501 404
f 501 405 404
f 501 502 405
f 502 406 405
f 502 503 406
f 503 407 406
f 503 504 407
f 504 408 407
f 504 505 408
f 505 409 408
f 505 506 409
f 506 410 409
f 506 507 410
f 507 411 410
f 507 508 411
f 508 412 411
f 508 509 412
f 509 413 412
f 509 510 413
f 510 414 413
f 510 511 414
f 511 415 414
f 511 512 415
f 512 416 415
f 512 513 416
f 513 417 416
f 513 514 417
f 514 418 417
f 514 515 418
f 515 419 418
f 515 516 419
f 516 420 419
f 516 517 420
f 517 421 420
f 517 518 421
f 518 422 421
f 518 519 422
f 519 423 422
f 519 520 423
f 520 424 423
f 520 521 424
f 521 425 424
f 521 522 425
f 522 426 425
f 522 523 426
f 523 427 426
f 523 524 427
f 524 428 427
f 524 525 428
f 525 429 428
f 525 526 429
f 526 430 429
f 526 527 430
f 527 431 430
f 527 528 431
f 528 432 431
f 528 529 432
f 529 433 432
f 529 530 433
f 530 434 433
f 530 531 434
f 531 435 434
f 531 532 435
f 532 436 435
f 532 533 436
f 533 437 436
f 533 534 437
f 534 438 437
f 534 535 438
f 535 439 438
f 535 536 439
f 536 440 439
f 536 537 440
f 537 441 440
f 537 538 441
f 538 442 441
f 538 539 442
f 539 443 442
f 539 540 443
f 540 444 443
f 540 541 444
f 541 445 444
f 541 542 445
f 542 446 445
f 542 543 446
f 543 447 446
f 543 544 447
f 544 448 447
f 544 545 448
f 545 449 448
f 545 546 449
f 546 450 449
f 546 547 450
f 547 451 450
f 547 548 451
f 548 452 451
f 548 549 452
f 549 453 452
f 549 550 453
f 550 454 453
f 550 551 454
f 551 455 454
f 551 552 455
f 552 456 455
f 552 553 456
f 553 457 456
f 553 554 457
f 554 458 457
f 554 555 458
f 555 459 458
f 555 556 459
f 556 460 459
f 556 557 460
f 557 461 460
f 557 558 461
f 558 462 461
f 558 559 462
f 559 463 462
f 559 560 463
f 560 464 463
f 560 561 464
f 561 465 464
f 561 562 465
f 562 466 465
f 562 563 466
f 563 467 466
f 563 564 467
f 564 468 467
f 564 565 468
f 565 469 468
f 565 566 469
f 566 470 469
f 566 567 470
f 567 471 470
f 567 568 471
f 568 472 471
f 568 569 472
f 569 473 472
f 569 570 473
f 570 474 473
f 570 571 474
f 571 475 474
f 571 572 475
f 572 476 475
f 572 573 476
f 573 477 476
f 573 574 477
f 574 478 477
f 574 575 478
f 575 479 478
f 575 576 479
f 576 480 479
f 576 481 480
f 481 385 480
f 577 578 481
f 578 482 481
f 578 579 482
f 579 483 482
f 579 580 483
f 580 484 483
f 580 581 484
f 581 485 484
f 581 582 485
f 582 486 485
f 582 583 486
f 583 487 486
f 583 584 487
f 584 488 487
f 584 585 488
f 585 489 488
f 585 586 489
f 586 490 489
f 586 587 490
f 587 491 490
f 587 588 491
f 588 492 491
f 588 589 492
f 589 493 492
f 589 590 493
f 590 494 493
f 590 591 494
f 591 495 494
f 591 592 495
f 592 496 495
f 592 593 496
f 593 497 496
f 593 594 497
f 594 498 497
f 594 595 498
f 595 499 498
f 595 596 499
f 596 500 499
f 596 597 500
f 597 501 500
f 597 598 501
f 598 502 501
f 598 599 502
f 599 503 502
f 599 600 503
f 600 504 503
f 600 601 504
f 601 505 504
f 601 602 505
f 602 506 505
f 602 603 506
f 603 507 506
f 603 604 507
f 604 508 507
f 604 605 508
f 605 509 508
f 605 606 509
f 606 510 509
f 606 607 510
f 607 511 510
f 607 608 511
f 608 512 511
f 608 609 512
f 609 513 512
f 609 610 513
f 610 514 513
f 610 611 514
f 611 515 514
f 611 612 515
f 612 516 515
f 612 613 516
f 613 517 516
f 613 614 517
f 614 518 517
f 614 615 518
f 615 519 518
f 615 616 519
f 616 520 519
f 616 617 520
f 617 521 520
f 617 618 521
f 618 522 521
f 618 619 522
f 619 523 522
f 619 620 523
f 620 524 523
f 620 621 524
f 621 525 524
f 621 622 525
f 622 526 525
f 622 623 526
f 623 527 526
f 623 624 527
f 624 528 527
f 624 625 528
f 625 529 528
f 625 626 529
f 626 530 529
f 626 627 530
f 627 531 530
f 627 628 531
f 628 532 531
f 628 629 532
f 629 533 532
f 629 630 533
f 630 534 533
f 630 631 534
f 631 535 534
f 631 632 535
f 632 536 535
f 632 633 536
f 633 537 536
f 633 634 537
f 634 538 537
f 634 635 538
f 635 539 538
f 635 636 539
f 636 540 539
f 636 637 540
f 637 541 540
f 637 638 541
f 638 542 541
f 638 639 542
f 639 543 542
f 639 640 543
f 640 544 543
f 640 641 544
f 641 545 544
f 641 642 545
f 642 546 545
f 642 643 546
f 643 547 546
f 643 644 547
f 644 548 547
f 644 645 548
f 645 549 548
f 645 646 549
f 646 550 549
f 646 647 550
f 647 551 550
f 647 648 551
f 648 552 551
f 648 649 552
f 649 553 552
f 649 650 553
f 650 554 553
f 650 651 554
f 651 555 554
f 651 652 555
f 652 556 555
f 652 653 556
f 653 557 556
f 653 654 557
f 654 558 557
f 654 655 558
f 655 559 558
f 655 656 559
f 656 560 559
f 656 657 560
f 657 561 560
f 657 658 561
f 658 562 561
f 658 659 562
f 659 563 562
f 659 660 563
f 660 564 563
f 660 661 564
f 661 565 564
f 661 662 565
f 662 566 565
f 662 663 566
f 663 567 566
f 663 664 567
f 664 568 567
f 664 665 568
f 665 569 568
f 665 666 569
f 666 570 569
f 666 667 570
f 667 571 570
f 667 668 571
f 668 572 571
f 668 669 572
f 669 573 572
f 669 670 573
f 670 574 573
f 670 671 574
f 671 575 574
f 671 672 575
f 672 576 575
f 672 577 576
f 577 481 576
f 673 674 577
f 674 578 577
f 674 675 578
f 675 579 578
f 675 676 579
f 676 580 579
f 676 677 580
f 677 581 580
f 677 678 581
f 678 582 581
f 678 679 582
f 679 583 582
f 679 680 583
f 680 584 583
f 680 681 584
f 681 585 584
f 681 682 585
f 682 586 585
f 682 683 586
f 683 587 586
f 683 684 587
f 684 588 587
f 684 685 588
f 685 589 588
f 685 686 589
f 686 590 589
f 686 687 590
f 687 591 590
f 687 688 591
f 688 592 591
f 688 689 592
f 689 593 592
f 689 690 593
f 690 594 593
f 690 691 594
f 691 595 594
f 691 692 595
f 692 596 595
f 692 693 596
f 693 597 596
f 693 694 597
f 694 598 597
f 694 695 598
f 695 599 598
f 695 696 599
f 696 600 599
f 696 697 600
f 697 601 600
f 697 698 601
f 698 602 601
f 698 699 602
f 699 603 602
f 699 700 603
f 700 604 603
f 700 701 604
f 701 605 604
f 701 702 605
f 702 606 605
f 702 703 606
f 703 607 606
f 703 704 607
f 704 608 607
f 704 705 608
f 705 609 608
f 705 706 609
f 706 610 609
f 706 707 610
f 707 611 610
f 707 708 611
f 708 612 611
f 708 709 612
f 709 613 612
f 709 710 613
f 710 614 613
f 710 711 614
f 711 615 614
f 711 712 615
f 712 616 615
f 712 713 616
f 713 617 616
f 713 714 617
f 714 618 617
f 714 715 618
f 715 619 618
f 715 716 619
f 716 620 619
f 716 717 620
f 717 621 620
f 717 718 621
f 718 622 621
f 718 719 622
f 719 623 622
f 719 720 623
f 720 624 623
f 720 721 624
f 721 625 624
f 721 722 625
f 722 626 625
f 722 723 626
f 723 627 626
f 723 724 627
f 724 628 627
f 724 725 628
f 725 629 628
f 725 726 629
f 726 630 629
f 726 727 630
f 727 631 630
f 727 728 631
f 728 632 631
f 728 729 632
f 729 633 632
f 729 730 633
f 730 634 633
f 730 731 634
f 731 635 634
f 731 732 635
f 732 636 635
f 732 733 636
f 733 637 636
f 733 734 637
f 734 638 637
f 734 735 638
f 735 639 638
f 735 736 639
f 736 640 639
f 736 737 640
f 737 641 640
f 737 738 641
f 738 642 641
f 738 739 642
f 739 643 642
f 739 740 643
f 740 644 643
f 740 741 644
f 741 645 644
f 741 742 645
f 742 646 645
f 742 743 646
f 743 647 646
f 743 744 647
f 744 648 647
f 744 745 648
f 745 649 648
f 745 746 649
f 746 650 649
f 746 747 650
f 747 651 650
f 747 748 651
f 748 652 651
f 748 749 652
f 749 653 652
f 749 750 653
f 750 654 653
f 750 751 654
f 751 655 654
f 751 752 655
f 752 656 655
f 752 753 656
f 753 657 656
f 753 754 657
f 754 658 657
f 754 755 658
f 755 659 658
f 755 756 659
f 756 660 659
f 756 757 660
f 757 661 660
f 757 758 661
f 758 662 661
f 758 759 662
f 759 663 662
f 759 760 663
f 760 664 663
f 760 761 664
f 761 665 664
f 761 762 665
f 762 666 665
f 762 763 666
f 763 667 666
f 763 764 667
f 764 668 667
f 764 765 668
f 765 669 668
f 765 766 669
f 766 670 669
f 766 767 670
f 767 671 670
f 767 768 671
f 768 672 671
f 768 673 672
f 673 577 672
f 769 770 673
f 770 674 673
f 770 771 674
f 771 675 674
f 771 772 675
f 772 676 675
f 772 773 676
f 773 677 676
f 773 774 677
f 774 678 677
f 774 775 678
f 775 679 678
f 775 776 679
f 776 680 679
f 776 777 680
f 777 681 680
f 777 778 681
f 778 682 681
f 778 779 682
f 779 683 682
f 779 780 683
f 780 684 683
f 780 781 684
f 781 685 684
f 781 782 685
f 782 686 685
f 782 783 686
f 783 687 686
f 783 784 687
f 784 688 687
f 784 785 688
f 785 689 688
f 785 786 689
f 786 690 689
f 786 787 690
f 787 691 690
f 787 788 691
f 788 692 691
f 788 789 692
f 789 693 692
f 789 790 693
f 790 694 693
f 790 791 694
f 791 695 694
f 791 792 695
f 792 696 695
f 792 793 696
f 793 697 696
f 793 794 697
f 794 698 697
f 794 795 698
f 795 699 698
f 795 796 699
f 796 700 699
f 796 797 700
f 797 701 700
f 797 798 701
f 798 702 701
f 798 799 702
f 799 703 702
f 799 800 703
f 800 704 703
f 800 801 704
f 801 705 704
f 801 802 705
f 802 706 705
f 802 803 706
f 803 707 706
f 803 804 707
f 804 708 707
f 804 805 708
f 805 709 708
f 805 806 709
f 806 710 709
f 806 807 710
f 807 711 710
f 807 808 711
f 808 712 711
f 808 809 712
f 809 713 712
f 809 810 713
f 810 714 713
f 810 811 714
f 811 715 714
f 811 812 715
f 812 716 715
f 812 813 716
f 813 717 716
f 813 814 717
f 814 718 717
f 814 815 718
f 815 719 718
f 815 816 719
f 816 720 719
f 816 817 720
f 817 721 720
f 817 818 721
f 818 722 721
f 818 819 722
f 819 723 722
f 819 820 723
f 820 724 723
f 820 821 724
f 821 725 724
f 821 822 725
f 822 726 725
f 822 823 726
f 823 727 726
f 823 824 727
f 824 728 727
f 824 825 728
f 825 729 728
f 825 826 729
f 826 730 729
f 826 827 730
f 827 731 730
f 827 828 731
f 828 732 731
f 828 829 732
f 829 733 732
f 829 830 733
f 830 734 733
f 830 831 734
f 831 735 734
f 831 832 735
f 832 736 735
f 832 833 736
f 833 737 736
f 833 834 737
f 834 738 737
f 834 835 738
f 835 739 738
f 835 836 739
f 836 740 739
f 836 837 740
f 837 741 740
f 837 838 741
f 838 742 741
f 838 839 742
f 839 743 742
f 839 840 743
f 840 744 743
f 840 841 744
f 841 745 744
f 841 842 745
f 842 746 745
f 842 843 746
f 843 747 746
f 843 844 747
f 844 748 747
f 844 845 748
f 845 749 748
f 845 846 749
f 846 750 749
f 846 847 750
f 847 751 750
f 847 848 751
f 848 752 751
f 848 849 752
f 849 753 752
f 849 850 753
f 850 754 753
f 850 851 754
f 851 755 754
f 851 852 755
f 852 756 755
f 852 853 756
f 853 757 756
f 853 854 757
f 854 758 757
f 854 855 758
f 855 759 758
f 855 856 759
f 856 760 759
f 856 857 760
f 857 761 760
f 857 858 761
f 858 762 761
f 858 859 762
f 859 763 762
f 859 860 763
f 860 764 763
f 860 861 764
f 861 765 764
f 861 862 765
f 862 766 765
f 862 863 766
f 863 767 766
f 863 864 767
f 864 768 767
f 864 769 768
f 769 673 768
f 865 866 769
f 866 770 769
f 866 867 770
f 867 771 770
f 867 868 771
f 868 772 771
f 868 869 772
f 869 773 772
f 869 870 773
f 870 774 773
f 870 871 774
f 871 775 774
f 871 872 775
f 872 776 775
f 872 873 776
f 873 777 776
f 873 874 777
f 874 778 777
f 874 875 778
f 875 779 778
f 875 876 779
f 876 780 779
f 876 877 780
f 877 781 780
f 877 878 781
f 878 782 781
f 878 879 782
f 879 783 782
f 879 880 783
f 880 784 783
f 880 881 784
f 881 785 784
f 881 882 785
f 882 786 785
f 882 883 786
f 883 787 786
f 883 884 787
f 884 788 787
f 884 885 788
f 885 789 788
f 885 886 789
f 886 790 789
f 886 887 790
f 887 791 790
f 887 888 791
f 888 792 791
f 888 889 792
f 889 793 792
f 889 890 793
f 890 794 793
f 890 891 794
f 891 795 794
f 891 892 795
f 892 796 795
f 892 893 796
f 893 797 796
f 893 894 797
f 894 798 797
f 894 895 798
f 895 799 798
f 895 896 799
f 896 800 799
f 896 897 800
f 897 801 800
f 897 898 801
f 898 802 801
f 898 899 802
f 899 803 802
f 899 900 803
f 900 804 803
f 900 901 804
f 901 805 804
f 901 902 805
f 902 806 805
f 902 903 806
f 903 807 806
f 903 904 807
f 904 808 807
f 904 905 808
f 905 809 808
f 905 906 809
f 906 810 809
f 906 907 810
f 907 811 810
f 907 908 811
f 908 812 811
f 908 909 812
f 909 813 812
f 909 910 813
f 910 814 813
f 910 911 814
f 911 815 814
f 911 912 815
f 912 816 815
f 912 913 816
f 913 817 816
f 913 914 817
f 914 818 817
f 914 915 818
f 915 819 818
f 915 916 819
f 916 820 819
f 916 917 820
f 917 821 820
f 917 918 821
f 918 822 821
f 918 919 822
f 919 823 822
f 919 920 823
f 920 824 823
f 920 921 824
f 921 825 824
f 921 922 825
f 922 826 825
f 922 923 826
f 923 827 826
f 923 924 827
f 924 828 827
f 924 925 828
f 925 829 828
f 925 926 829
f 926 830 829
f 926 927 830
f 927 831 830
f 927 928 831
f 928 832 831
f 928 929 832
f 929 833 832
f 929 930 833
f 930 834 833
f 930 931 834
f 931 835 834
f 931 932 835
f 932 836 835
f 932 933 836
f 933 837 836
f 933 934 837
f 934 838 837
f 934 935 838
f 935 839 838
f 935 936 839
f 936 840 839
f 936 937 840
f 937 841 840
f 937 938 841
f 938 842 841
f 938 939 842
f 939 843 842
f 939 940 843
f 940 844 843
f 940 941 844
f 941 845 844
f 941 942 845
f 942 846 845
f 942 943 846
f 943 847 846
f 943 944 847
f 944 848 847
f 944 945 848
f 945 849 848
f 945 946 849
f 946 850 849
f 946 947 850
f 947 851 850
f 947 948 851
f 948 852 851
f 948 949 852
f 949 853 852
f 949 950 853
f 950 854 853
f 950 951 854
f 951 855 854
f 951 952 855
f 952 856 855
f 952 953 856
f 953 857 856
f 953 954 857
f 954 858 857
f 954 955 858
f 955 859 858
f 955 956 859
f 956 860 859
f 956 957 860
f 957 861 860
f 957 958 861
f 958 862 861
f 958 959 862
f 959 863 862
f 959 960 863
f 960 864 863
f 960 865 864
f 865 769 864
f 961 962 865
f 962 866 865
f 962 963 866
f 963 867 866
f 963 964 867
f 964 868 867
f 964 965 868
f 965 869 868
f 965 966 869
f 966 870 869
f 966 967 870
f 967 871 870
f 967 968 871
f 968 872 871
f 968 969 872
f 969 873 872
f 969 970 873
f 970 874 873
f 970 971 874
f 971 875 874
f 971 972 875
f 972 876 875
f 972 973 876
f 973 877 876
f 973 974 877
f 974 878 877
f 974 975 878
f 975 879 878
f 975 976 879
f 976 880 879
f 976 977 880
f 977 881 880
f 977 978 881
f 978 882 881
f 978 979 882
f 979 883 882
f 979 980 883
f 980 884 883
f 980 981 884
f 981 885 884
f 981 982 885
f 982 886 885
f 982 983 886
f 983 887 886
f 983 984 887
f 984 888 887
f 984 985 888
f 985 889 888
f 985 986 889
f 986 890 889
f 986 987 890
f 987 891 890
f 987 988 891
f 988 892 891
f 988 989 892
f 989 893 892
f 989 990 893
f 990 894 893
f 990 991 894
f 991 895 894
f 991 992 895
f 992 896 895
f 992 993 896
f 993 897 896
f 993 994 897
f 994 898 897
f 994 995 898
f 995 899 898
f 995 996 899
f 996 900 899
f 996 997 900
f 997 901 900
f 997 998 901
f 998 902 901
f 998 999 902
f 999 903 902
f 999 1000 903
f 1000 904 903
f 1000 1001 904
f 1001 905 904
f 1001 1002 905
f 1002 906 905
f 1002 1003 906
f 1003 907 906
f 1003 1004 907
f 1004 908 907
f 1004 1005 908
f 1005 909 908
f 1005 1006 909
f 1006 910 909
f 1006 1007 910
f 1007 911 910
f 1007 1008 911
f 1008 912 911
f 1008 1009 912
f 1009 913 912
f 1009 1010 913
f 1010 914 913
f 1010 1011 914
f 1011 915 914
f 1011 1012 915
f 1012 916 915
f 1012 1013 916
f 1013 917 916
f 1013 1014 917
f 1014 918 917
f 1014 1015 918
f 1015 919 918
f 1015 1016 919
f 1016 920 919
f 1016 1017 920
f 1017 921 920
f 1017 1018 921
f 1018 922 921
f 1018 1019 922
f 1019 923 922
f 1019 1020 923
f 1020 924 923
f 1020 1021 924
f 1021 925 924
f 1021 1022 925
f 1022 926 925
f 1022 1023 926
f 1023 927 926
f 1023 1024 927
f 1024 928 927
f 1024 1025 928
f 1025 929 928
f 1025 1026 929
f 1026 930 929
f 1026 1027 930
f 1027 931 930
f 1027 1028 931
f 1028 932 931
f 1028 1029 932
f 1029 933 932
f 1029 1030 933
f 1030 934 933
f 1030 1031 934
f 1031 935 934
f 1031 1032 935
f 1032 936 935
f 1032 1033 936
f 1033 937 936
f 1033 1034 937
f 1034 938 937
f 1034 1035 938
f 1035 939 938
f 1035 1036 939
f 1036 940 939
f 1036 1037 940
f 1037 941 940
f 1037 1038 941
f 1038 942 941
f 1038 1039 942
f 1039 943 942
f 1039 1040 943
f 1040 944 943
f 1040 1041 944
f 1041 945 944
f 1041 1042 945
f 1042 946 945
f 1042 1043 946
f 1043 947 946
f 1043 1044 947
f 1044 948 947
f 1044 1045 948
f 1045 949 948
f 1045 1046 949
f 1046 950 949
f 1046 1047 950
f 1047 951 950
f 1047 1048 951
f 1048 952 951
f 1048 1049 952
f 1049 953 952
f 1049 1050 953
f 1050 954 953
f 1050 1051 954
f 1051 955 954
f 1051 1052 955
f 1052 956 955
f 1052 1053 956
f 1053 957 956
f 1053 1054 957
f 1054 958 957
f 1054 1055 958
f 1055 959 958
f 1055 1056 959
f 1056 960 959
f 1056 961 960
f 961 865 960
f 1057 1058 961
f 1058 962 961
f 1058 1059 962
f 1059 963 962
f 1059 1060 963
f 1060 964 963
f 1060 1061 964
f 1061 965 964
f 1061 1062 965
f 1062 966 965
f 1062 1063 966
f 1063 967 966
f 1063 1064 967
f 1064 968 967
f 1064 1065 968
f 1065 969 968
f 1065 1066 969
f 1066 970 969
f 1066 1067 970
f 1067 971 970
f 1067 1068 971
f 1068 972 971
f 1068 1069 972
f 1069 973 972
f 1069 1070 973
f 1070 974 973
f 1070 1071 974
f 1071 975 974
f 1071 1072 975
f 1072 976 975
f 1072 1073 976
f 1073 977 976
f 1073 1074 977
f 1074 978 977
f 1074 1075 978
f 1075 979 978
f 1075 1076 979
f 1076 980 979
f 1076 1077 980
f 1077 981 980
f 1077 1078 981
f 1078 982 981
f 1078 1079 982
f 1079 983 982
f 1079 1080 983
f 1080 984 983
f 1080 1081 984
f 1081 985 984
f 1081 1082 985
f 1082 986 985
f 1082 1083 986
f 1083 987 986
f 1083 1084 987
f 1084 988 987
f 1084 1085 988
f 1085 989 988
f 1085 1086 989
f 1086 990 989
f 1086 1087 990
f 1087 991 990
f 1087 1088 991
f 1088 992 991
f 1088 1089 992
f 1089 993 992
f 1089 1090 993
f 1090 994 993
f 1090 1091 994
f 1091 995 994
f 1091 1092 995
f 1092 996 995
f 1092 1093 996
f 1093 997 996
f 1093 1094 997
f 1094 998 997
f 1094 1095 998
f 1095 999 998
f 1095 1096 999
f 1096 1000 999
f 1096 1097 1000
f 1097 1001 1000
f 1097 1098 1001
f 1098 1002 1001
f 1098 1099 1002
f 1099 1003 1002
f 1099 1100 1003
f 1100 1004 1003
f 1100 1101 1004
f 1101 1005 1004
f 1101 1102 1005
f 1102 1006 1005
f 1102 1103 1006
f 1103 1007 1006
f 1103 1104 1007
f 1104 1008 1007
f 1104 1105 1008
f 1105 1009 1008
f 1105 1106 1009
f 1106 1010 1009
f 1106 1107 1010
f 1107 1011 1010
f 1107 1108 1011
f 1108 1012 1011
f 1108 1109 1012
f 1109 1013 1012
f 1109 1110 1013
f 1110 1014 1013
f 1110 1111 1014
f 1111 1015 1014
f 1111 1112 1015
f 1112 1016 1015
f 1112 1113 1016
f 1113 1017 1016
f 1113 1114 1017
f 1114 1018 1017
f 1114 1115 1018
f 1115 1019 1018
f 1115 1116 1019
f 1116 1020 1019
f 1116 1117 1020
f 1117 1021 1020
f 1117 1118 1021
f 1118 1022 1021
f 1118 1119 1022
f 1119 1023 1022
f 1119 1120 1023
f 1120 1024 1023
f 1120 1121 1024
f 1121 1025 1024
f 1121 1122 1025
f 1122 1026 1025
f 1122 1123 1026
f 1123 1027 1026
f 1123 1124 1027
f 1124 1028 1027
f 1124 1125 1028
f 1125 1029 1028
f 1125 1126 1029
f 1126 1030 1029
f 1126 1127 1030
f 1127 1031 1030
f 1127 1128 1031
f 1128 1032 1031
f 1128 1129 1032
f 1129 1033 1032
f 1129 1130 1033
f 1130 1034 1033
f 1130 1131 1034
f 1131 1035 1034
f 1131 1132 1035
f 1132 1036 1035
f 1132 1133 1036
f 1133 1037 1036
f 1133 1134 1037
f 1134 1038 1037
f 1134 1135 1038
f 1135 1039 1038
f 1135 1136 1039
f 1136 1040 1039
f 1136 1137 1040
f 1137 1041 1040
f 1137 1138 1041
f 1138 1042 1041
f 1138 1139 1042
f 1139 1043 1042
f 1139 1140 1043
f 1140 1044 1043
f 1140 1141 1044
f 1141 1045 1044
f 1141 1142 1045
f 1142 1046 1045
f 1142 1143 1046
f 1143 1047 1046
f 1143 1144 1047
f 1144 1048 1047
f 1144 1145 1048
f 1145 1049 1048
f 1145 1146 1049
f 1146 1050 1049
f 1146 1147 1050
f 1147 1051 1050
f 1147 1148 1051
f 1148 1052 1051
f 1148 1149 1052
f 1149 1053 1052
f 1149 1150 1053
f 1150 1054 1053
f 1150 1151 1054
f 1151 1055 1054
f 1151 1152 1055
f 1152 1056 1055
f 1152 1057 1056
f 1057 961 1056
f 1153 1154 1057
f 1154 1058 1057
f 1154 1155 1058
f 1155 1059 1058
f 1155 1156 1059
f 1156 1060 1059
f 1156 1157 1060
f 1157 1061 1060
f 1157 1158 1061
f 1158 1062 1061
f 1158 1159 1062
f 1159 1063 1062
f 1159 1160 1063
f 1160 1064 1063
f 1160 1161 1064
f 1161 1065 1064
f 1161 1162 1065
f 1162 1066 1065
f 1162 1163 1066
f 1163 1067 1066
f 1163 1164 1067
f 1164 1068 1067
f 1164 1165 1068
f 1165 1069 1068
f 1165 1166 1069
f 1166 1070 1069
f 1166 1167 1070
f 1167 1071 1070
f 1167 1168 1071
f 1168 1072 1071
f 1168 1169 1072
f 1169 1073 1072
f 1169 1170 1073
f 1170 1074 1073
f 1170 1171 1074
f 1171 1075 1074
f 1171 1172 1075
f 1172 1076 1075
f 1172 1173 1076
f 1173 1077 1076
f 1173 1174 1077
f 1174 1078 1077
f 1174 1175 1078
f 1175 1079 1078
f 1175 1176 1079
f 1176 1080 1079
f 1176 1177 1080
f 1177 1081 1080
f 1177 1178 1081
f 1178 1082 1081
f 1178 1179 1082
f 1179 1083 1082
f 1179 1180 1083
f 1180 1084 1083
f 1180 1181 1084
f 1181 1085 1084
f 1181 1182 1085
f 1182 1086 1085
f 1182 1183 1086
f 1183 1087 1086
f 1183 1184 1087
f 1184 1088 1087
f 1184 1185 1088
f 1185 1089 1088
f 1185 1186 1089
f 1186 1090 1089
f 1186 1187 1090
f 1187 1091 1090
f 1187 1188 1091
f 1188 1092 1091
f 1188 1189 1092
f 1189 1093 1092
f 1189 1190 1093
f 1190 1094 1093
f 1190 1191 1094
f 1191 1095 1094
f 1191 1192 1095
f 1192 1096 1095
f 1192 1193 1096
f 1193 1097 1096
f 1193 1194 1097
f 1194 1098 1097
f 1194 1195 1098
f 1195 1099 1098
f 1195 1196 1099
f 1196 1100 1099
f 1196 1197 1100
f 1197 1101 1100
f 1197 1198 1101
f 1198 1102 1101
f 1198 1199 1102
f 1199 1103 1102
f 1199 1200 1103
f 1200 1104 1103
f 1200 1201 1104
f 1201 1105 1104
f 1201 1202 1105
f 1202 1106 1105
f 1202 1203 1106
f 1203 1107 1106
f 1203 1204 1107
f 1204 1108 1107
f 1204 1205 1108
f 1205 1109 1108
f 1205 1206 1109
f 1206 1110 1109
f 1206 1207 1110
f 1207 1111 1110
f 1207 1208 1111
f 1208 1112 1111
f 1208 1209 1112
f 1209 1113 1112
f 1209 1210 1113
f 1210 1114 1113
f 1210 1211 1114
f 1211 1115 1114
f 1211 1212 1115
f 1212 1116 1115
f 1212 1213 1116
f 1213 1117 1116
f 1213 1214 1117
f 1214 1118 1117
f 1214 1215 1118
f 1215 1119 1118
f 1215 1216 1119
f 1216 1120 1119
f 1216 1217 1120
f 1217 1121 1120
f 1217 1218 1121
f 1218 1122 1121
f 1218 1219 1122
f 1219 1123 1122
f 1219 1220 1123
f 1220 1124 1123
f 1220 1221 1124
f 1221 1125 1124
f 1221 1222 1125
f 1222 1126 1125
f 1222 1223 1126
f 1223 1127 1126
f 1223 1224 1127
f 1224 1128 1127
f 1224 1225 1128
f 1225 1129 1128
f 1225 1226 1129
f 1226 1130 1129
f 1226 1227 1130
f 1227 1131 1130
f 1227 1228 1131
f 1228 1132 1131
f 1228 1229 1132
f 1229 1133 1132
f 1229 1230 1133
f 1230 1134 1133
f 1230 1231 1134
f 1231 1135 1134
f 1231 1232 1135
f 1232 1136 1135
f 1232 1233 1136
f 1233 1137 1136
f 1233 1234 1137
f 1234 1138 1137
f 1234 1235 1138
f 1235 1139 1138
f 1235 1236 1139
f 1236 1140 1139
f 1236 1237 1140
f 1237 1141 1140
f 1237 1238 1141
f 1238 1142 1141
f 1238 1239 1142
f 1239 1143 1142
f 1239 1240 1143
f 1240 1144 1143
f 1240 1241 1144
f 1241 1145 1144
f 1241 1242 1145
f 1242 1146 1145
f 1242 1243 1146
f 1243 1147 1146
f 1243 1244 1147
f 1244 1148 1147
f 1244 1245 1148
f 1245 1149 1148
f 1245 1246 1149
f 1246 1150 1149
f 1246 1247 1150
f 1247 1151 1150
f 1247 1248 1151
f 1248 1152 1151
f 1248 1153 1152
f 1153 1057 1152
f 1249 1250 1153
f 1250 1154 1153
f 1250 1251 1154
f 1251 1155 1154
f 1251 1252 1155
f 1252 1156 1155
f 1252 1253 1156
f 1253 1157 1156
f 1253 1254 1157
f 1254 1158 1157
f 1254 1255 1158
f 1255 1159 1158
f 1255 1256 1159
f 1256 1160 1159
f 1256 1257 1160
f 1257 1161 1160
f 1257 1258 1161
f 1258 1162 1161
f 1258 1259 1162
f 1259 1163 1162
f 1259 1260 1163
f 1260 1164 1163
f 1260 1261 1164
f 1261 1165 1164
f 1261 1262 1165
f 1262 1166 1165
f 1262 1263 1166
f 1263 1167 1166
f 1263 1264 1167
f 1264 1168 1167
f 1264 1265 1168
f 1265 1169 1168
f 1265 1266 1169
f 1266 1170 1169
f 1266 1267 1170
f 1267 1171 1170
f 1267 1268 1171
f 1268 1172 1171
f 1268 1269 1172
f 1269 1173 1172
f 1269 1270 1173
f 1270 1174 1173
f 1270 1271 1174
f 1271 1175 1174
f 1271 1272 1175
f 1272 1176 1175
f 1272 1273 1176
f 1273 1177 1176
f 1273 1274 1177
f 1274 1178 1177
f 1274 1275 1178
f 1275 1179 1178
f 1275 1276 1179
f 1276 1180 1179
f 1276 1277 1180
f 1277 1181 1180
f 1277 1278 1181
f 1278 1182 1181
f 1278 1279 1182
f 1279 1183 1182
f 1279 1280 1183
f 1280 1184 1183
f 1280 1281 1184
f 1281 1185 1184
f 1281 1282 1185
f 1282 1186 1185
f 1282 1283 1186
f 1283 1187 1186
f 1283 1284 1187
f 1284 1188 1187
f 1284 1285 1188
f 1285 1189 1188
f 1285 1286 1189
f 1286 1190 1189
f 1286 1287 1190
f 1287 1191 1190
f 1287 1288 1191
f 1288 1192 1191
f 1288 1289 1192
f 1289 1193 1192
f 1289 1290 1193
f 1290 1194 1193
f 1290 1291 1194
f 1291 1195 1194
f 1291 1292 1195
f 1292 1196 1195
f 1292 1293 1196
f 1293 1197 1196
f 1293 1294 1197
f 1294 1198 1197
f 1294 1295 1198
f 1295 1199 1198
f 1295 1296 1199
f 1296 1200 1199
f 1296 1297 1200
f 1297 1201 1200
f 1297 1298 1201
f 1298 1202 1201
f 1298 1299 1202
f 1299 1203 1202
f 1299 1300 1203
f 1300 1204 1203
f 1300 1301 1204
f 1301 1205 1204
f 1301 1302 1205
f 1302 1206 1205
f 1302 1303 1206
f 1303 1207 1206
f 1303 1304 1207
f 1304 1208 1207
f 1304 1305 1208
f 1305 1209 1208
f 1305 1306 1209
f 1306 1210 1209
f 1306 1307 1210
f 1307 1211 1210
f 1307 1308 1211
f 1308 1212 1211
f 1308 1309 1212
f 1309 1213 1212
f 1309 1310 1213
f 1310 1214 1213
f 1310 1311 1214
f 1311 1215 1214
f 1311 1312 1215
f 1312 1216 1215
f 1312 1313 1216
f 1313 1217 1216
f 1313 1314 1217
f 1314 1218 1217
f 1314 1315 1218
f 1315 1219 1218
f 1315 1316 1219
f 1316 1220 1219
f 1316 1317 1220
f 1317 1221 1220
f 1317 1318 1221
f 1318 1222 1221
f 1318 1319 1222
f 1319 1223 1222
f 1319 1320 1223
f 1320 1224 1223
f 1320 1321 1224
f 1321 1225 1224
f 1321 1322 1225
f 1322 1226 1225
f 1322 1323 1226
f 1323 1227 1226
f 1323 1324 1227
f 1324 1228 1227
f 1324 1325 1228
f 1325 1229 1228
f 1325 1326 1229
f 1326 1230 1229
f 1326 1327 1230
f 1327 1231 1230
f 1327 1328 1231
f 1328 1232 1231
f 1328 1329 1232
f 1329 1233 1232
f 1329 1330 1233
f 1330 1234 1233
f 1330 1331 1234
f 1331 1235 1234
f 1331 1332 1235
f 1332 1236 1235
f 1332 1333 1236
f 1333 1237 1236
f 1333 1334 1237
f 1334 1238 1237
f 1334 1335 1238
f 1335 1239 1238
f 1335 1336 1239
f 1336 1240 1239
f 1336 1337 1240
f 1337 1241 1240
f 1337 1338 1241
f 1338 1242 1241
f 1338 1339 1242
f 1339 1243 1242
f 1339 1340 1243
f 1340 1244 1243
f 1340 1341 1244
f 1341 1245 1244
f 1341 1342 1245
f 1342 1246 1245
f 1342 1343 1246
f 1343 1247 1246
f 1343 1344 1247
f 1344 1248 1247
f 1344 1249 1248
f 1249 1153 1248
f 1345 1346 1249
f 1346 1250 1249
f 1346 1347 1250
f 1347 1251 1250
f 1347 1348 1251
f 1348 1252 1251
f 1348 1349 1252
f 1349 1253 1252
f 1349 1350 1253
f 1350 1254 1253
f 1350 1351 1254
f 1351 1255 1254
f 1351 1352 1255
f 1352 1256 1255
f 1352 1353 1256
f 1353 1257 1256
f 1353 1354 1257
f 1354 1258 1257
f 1354 1355 1258
f 1355 1259 1258
f 1355 1356 1259
f 1356 1260 1259
f 1356 1357 1260
f 1357 1261 1260
f 1357 1358 1261
f 1358 1262 1261
f 1358 1359 1262
f 1359 1263 1262
f 1359 1360 1263
f 1360 1264 1263
f 1360 1361 1264
f 1361 1265 1264
f 1361 1362 1265
f 1362 1266 1265
f 1362 1363 1266
f 1363 1267 1266
f 1363 1364 1267
f 1364 1268 1267
f 1364 1365 1268
f 1365 1269 1268
f 1365 1366 1269
f 1366 1270 1269
f 1366 1367 1270
f 1367 1271 1270
f 1367 1368 1271
f 1368 1272 1271
f 1368 1369 1272
f 1369 1273 1272
f 1369 1370 1273
f 1370 1274 1273
f 1370 1371 1274
f 1371 1275 1274
f 1371 1372 1275
f 1372 1276 1275
f 1372 1373 1276
f 1373 1277 1276
f 1373 1374 1277
f 1374 1278 1277
f 1374 1375 1278
f 1375 1279 1278
f 1375 1376 1279
f 1376 1280 1279
f 1376 1377 1280
f 1377 1281 1280
f 1377 1378 1281
f 1378 1282 1281
f 1378 1379 1282
f 1379 1283 1282
f 1379 1380 1283
f 1380 1284 1283
f 1380 1381 1284
f 1381 1285 1284
f 1381 1382 1285
f 1382 1286 1285
f 1382 1383 1286
f 1383 1287 1286
f 1383 1384 1287
f 1384 1288 1287
f 1384 1385 1288
f 1385 1289 1288
f 1385 1386 1289
f 1386 1290 1289
f 1386 1387 1290
f 1387 1291 1290
f 1387 1388 1291
f 1388 1292 1291
f 1388 1389 1292
f 1389 1293 1292
f 1389 1390 1293
f 1390 1294 1293
f 1390 1391 1294
f 1391 1295 1294
f 1391 1392 1295
f 1392 1296 1295
f 1392 1393 1296
f 1393 1297 1296
f 1393 1394 1297
f 1394 1298 1297
f 1394 1395 1298
f 1395 1299 1298
f 1395 1396 1299
f 1396 1300 1299
f 1396 1397 1300
f 1397 1301 1300
f 1397 1398 1301
f 1398 1302 1301
f 1398 1399 1302
f 1399 1303 1302
f 1399 1400 1303
f 1400 1304 1303
f 1400 1401 1304
f 1401 1305 1304
f 1401 1402 1305
f 1402 1306 1305
f 1402 1403 1306
f 1403 1307 1306
f 1403 1404 1307
f 1404 1308 1307
f 1404 1405 1308
f 1405 1309 1308
f 1405 1406 1309
f 1406 1310 1309
f 1406 1407 1310
f 1407 1311 1310
f 1407 1408 1311
f 1408 1312 1311
f 1408 1409 1312
f 1409 1313 1312
f 1409 1410 1313
f 1410 1314 1313
f 1410 1411 1314
f 1411 1315 1314
f 1411 1412 1315
f 1412 1316 1315
f 1412 1413 1316
f 1413 1317 1316
f 1413 1414 1317
f 1414 1318 1317
f 1414 1415 1318
f 1415 1319 1318
f 1415 1416 1319
f 1416 1320 1319
f 1416 1417 1320
f 1417 1321 1320
f 1417 1418 1321
f 1418 1322 1321
f 1418 1419 1322
f 1419 1323 1322
f 1419 1420 1323
f 1420 1324 1323
f 1420 1421 1324
f 1421 1325 1324
f 1421 1422 1325
f 1422 1326 1325
f 1422 1423 1326
f 1423 1327 1326
f 1423 1424 1327
f 1424 1328 1327
f 1424 1425 1328
f 1425 1329 1328
f 1425 1426 1329
f 1426 1330 1329
f 1426 1427 1330
f 1427 1331 1330
f 1427 1428 1331
f 1428 1332 1331
f 1428 1429 1332
f 1429 1333 1332
f 1429 1430 1333
f 1430 1334 1333
f 1430 1431 1334
f 1431 1335 1334
f 1431 1432 1335
f 1432 1336 1335
f 1432 1433 1336
f 1433 1337 1336
f 1433 1434 1337
f 1434 1338 1337
f 1434 1435 1338
f 1435 1339 1338
f 1435 1436 1339
f 1436 1340 1339
f 1436 1437 1340
f 1437 1341 1340
f 1437 1438 1341
f 1438 1342 1341
f 1438 1439 1342
f 1439 1343 1342
f 1439 1440 1343
f 1440 1344 1343
f 1440 1345 1344
f 1345 1249 1344
f 1441 1442 1345
f 1442 1346 1345
f 1442 1443 1346
f 1443 1347 1346
f 1443 1444 1347
f 1444 1348 1347
f 1444 1445 1348
f 1445 1349 1348
f 1445 1446 1349
f 1446 1350 1349
f 1446 1447 1350
f 1447 1351 1350
f 1447 1448 1351
f 1448 1352 1351
f 1448 1449 1352
f 1449 1353 1352
f 1449 1450 1353
f 1450 1354 1353
f 1450 1451 1354
f 1451 1355 1354
f 1451 1452 1355
f 1452 1356 1355
f 1452 1453 1356
f 1453 1357 1356
f 1453 1454 1357
f 1454 1358 1357
f 1454 1455 1358
f 1455 1359 1358
f 1455 1456 1359
f 1456 1360 1359
f 1456 1457 1360
f 1457 1361 1360
f 1457 1458 1361
f 1458 1362 1361
f 1458 1459 1362
f 1459 1363 1362
f 1459 1460 1363
f 1460 1364 1363
f 1460 1461 1364
f 1461 1365 1364
f 1461 1462 1365
f 1462 1366 1365
f 1462 1463 1366
f 1463 1367 1366
f 1463 1464 1367
f 1464 1368 1367
f 1464 1465 1368
f 1465 1369 1368
f 1465 1466 1369
f 1466 1370 1369
f 1466 1467 1370
f 1467 1371 1370
f 1467 1468 1371
f 1468 1372 1371
f 1468 1469 1372
f 1469 1373 1372
f 1469 1470 1373
f 1470 1374 1373
f 1470 1471 1374
f 1471 1375 1374
f 1471 1472 1375
f 1472 1376 1375
f 1472 1473 1376
f 1473 1377 1376
f 1473 1474 1377
f 1474 1378 1377
f 1474 1475 1378
f 1475 1379 1378
f 1475 1476 1379
f 1476 1380 1379
f 1476 1477 1380
f 1477 1381 1380
f 1477 1478 1381
f 1478 1382 1381
f 1478 1479 1382
f 1479 1383 1382
f 1479 1480 1383
f 1480 1384 1383
f 1480 1481 1384
f 1481 1385 1384
f 1481 1482 1385
f 1482 1386 1385
f 1482 1483 1386
f 1483 1387 1386
f 1483 1484 1387
f 1484 1388 1387
f 1484 1485 1388
f 1485 1389 1388
f 1485 1486 1389
f 1486 1390 1389
f 1486 1487 1390
f 1487 1391 1390
f 1487 1488 1391
f 1488 1392 1391
f 1488 1489 1392
f 1489 1393 1392
f 1489 1490 1393
f 1490 1394 1393
f 1490 1491 1394
f 1491 1395 1394
f 1491 1492 1395
f 1492 1396 1395
f 1492 1493 1396
f 1493 1397 1396
f 1493 1494 1397
f 1494 1398 1397
f 1494 1495 1398
f 1495 1399 1398
f 1495 1496 1399
f 1496 1400 1399
f 1496 1497 1400
f 1497 1401 1400
f 1497 1498 1401
f 1498 1402 1401
f 1498 1499 1402
f 1499 1403 1402
f 1499 1500 1403
f 1500 1404 1403
f 1500 1501 1404
f 1501 1405 1404
f 1501 1502 1405
f 1502 1406 1405
f 1502 1503 1406
f 1503 1407 1406
f 1503 1504 1407
f 1504 1408 1407
f 1504 1505 1408
f 1505 1409 1408
f 1505 1506 1409
f 1506 1410 1409
f 1506 1507 1410
f 1507 1411 1410
f 1507 1508 1411
f 1508 1412 1411
f 1508 1509 1412
f 1509 1413 1412
f 1509 1510 1413
f 1510 1414 1413
f 1510 1511 1414
f 1511 1415 1414
f 1511 1512 1415
f 1512 1416 1415
f 1512 1513 1416
f 1513 1417 1416
f 1513 1514 1417
f 1514 1418 1417
f 1514 1515 1418
f 1515 1419 1418
f 1515 1516 1419
f 1516 1420 1419
f 1516 1517 1420
f 1517 1421 1420
f 1517 1518 1421
f 1518 1422 1421
f 1518 1519 1422
f 1519 1423 1422
f 1519 1520 1423
f 1520 1424 1423
f 1520 1521 1424
f 1521 1425 1424
f 1521 1522 1425
f 1522 1426 1425
f 1522 1523 1426
f 1523 1427 1426
f 1523 1524 1427
f 1524 1428 1427
f 1524 1525 1428
f 1525 1429 1428
f 1525 1526 1429
f 1526 1430 1429
f 1526 1527 1430
f 1527 1431 1430
f 1527 1528 1431
f 1528 1432 1431
f 1528 1529 1432
f 1529 1433 1432
f 1529 1530 1433
f 1530 1434 1433
f 1530 1531 1434
f 1531 1435 1434
f 1531 1532 1435
f 1532 1436 1435
f 1532 1533 1436
f 1533 1437 1436
f 1533 1534 1437
f 1534 1438 1437
f 1534 1535 1438
f 1535 1439 1438
f 1535 1536 1439
f 1536 1440 1439
f 1536 1441 1440
f 1441 1345 1440
f 1537 1538 1441
f 1538 1442 1441
f 1538 1539 1442
f 1539 1443 1442
f 1539 1540 1443
f 1540 1444 1443
f 1540 1541 1444
f 1541 1445 1444
f 1541 1542 1445
f 1542 1446 1445
f 1542 1543 1446
f 1543 1447 1446
f 1543 1544 1447
f 1544 1448 1447
f 1544 1545 1448
f 1545 1449 1448
f 1545 1546 1449
f 1546 1450 1449
f 1546 1547 1450
f 1547 1451 1450
f 1547 1548 1451
f 1548 1452 1451
f 1548 1549 1452
f 1549 1453 1452
f 1549 1550 1453
f 1550 1454 1453
f 1550 1551 1454
f 1551 1455 1454
f 1551 1552 1455
f 1552 1456 1455
f 1552 1553 1456
f 1553 1457 1456
f 1553 1554 1457
f 1554 1458 1457
f 1554 1555 1458
f 1555 1459 1458
f 1555 1556 1459
f 1556 1460 1459
f 1556 1557 1460
f 1557 1461 1460
f 1557 1558 1461
f 1558 1462 1461
f 1558 1559 1462
f 1559 1463 1462
f 1559 1560 1463
f 1560 1464 1463
f 1560 1561 1464
f 1561 1465 1464
f 1561 1562 1465
f 1562 1466 1465
f 1562 1563 1466
f 1563 1467 1466
f 1563 1564 1467
f 1564 1468 1467
f 1564 1565 1468
f 1565 1469 1468
f 1565 1566 1469
f 1566 1470 1469
f 1566 1567 1470
f 1567 1471 1470
f 1567 1568 1471
f 1568 1472 1471
f 1568 1569 1472
f 1569 1473 1472
f 1569 1570 1473
f 1570 1474 1473
f 1570 1571 1474
f 1571 1475 1474
f 1571 1572 1475
f 1572 1476 1475
f 1572 1573 1476
f 1573 1477 1476
f 1573 1574 1477
f 1574 1478 1477
f 1574 1575 1478
f 1575 1479 1478
f 1575 1576 1479
f 1576 1480 1479
f 1576 1577 1480
f 1577 1481 1480
f 1577 1578 1481
f 1578 1482 1481
f 1578 1579 1482
f 1579 1483 1482
f 1579 1580 1483
f 1580 1484 1483
f 1580 1581 1484
f 1581 1485 1484
f 1581 1582 1485
f 1582 1486 1485
f 1582 1583 1486
f 1583 1487 1486
f 1583 1584 1487
f 1584 1488 1487
f 1584 1585 1488
f 1585 1489 1488
f 1585 1586 1489
f 1586 1490 1489
f 1586 1587 1490
f 1587 1491 1490
f 1587 1588 1491
f 1588 1492 1491
f 1588 1589 1492
f 1589 1493 1492
f 1589 1590 1493
f 1590 1494 1493
f 1590 1591 1494
f 1591 1495 1494
f 1591 1592 1495
f 1592 1496 1495
f 1592 1593 1496
f 1593 1497 1496
f 1593 1594 1497
f 1594 1498 1497
f 1594 1595 1498
f 1595 1499 1498
f 1595 1596 1499
f 1596 1500 1499
f 1596 1597 1500
f 1597 1501 1500
f 1597 1598 1501
f 1598 1502 1501
f 1598 1599 1502
f 1599 1503 1502
f 1599 1600 1503
f 1600 1504 1503
f 1600 1601 1504
f 1601 1505 1504
f 1601 1602 1505
f 1602 1506 1505
f 1602 1603 1506
f 1603 1507 1506
f 1603 1604 1507
f 1604 1508 1507
f 1604 1605 1508
f 1605 1509 1508
f 1605 1606 1509
f 1606 1510 1509
f 1606 1607 1510
f 1607 1511 1510
f 1607 1608 1511
f 1608 1512 1511
f 1608 1609 1512
f 1609 1513 1512
f 1609 1610 1513
f 1610 1514 1513
f 1610 1611 1514
f 1611 1515 1514
f 1611 1612 1515
f 1612 1516 1515
f 1612 1613 1516
f 1613 1517 1516
f 1613 1614 1517
f 1614 1518 1517
f 1614 1615 1518
f 1615 1519 1518
f 1615 1616 1519
f 1616 1520 1519
f 1616 1617 1520
f 1617 1521 1520
f 1617 1618 1521
f 1618 1522 1521
f 1618 1619 1522
f 1619 1523 1522
f 1619 1620 1523
f 1620 1524 1523
f 1620 1621 1524
f 1621 1525 1524
f 1621 1622 1525
f 1622 1526 1525
f 1622 1623 1526
f 1623 1527 1526
f 1623 1624 1527
f 1624 1528 1527
f 1624 1625 1528
f 1625 1529 1528
f 1625 1626 1529
f 1626 1530 1529
f 1626 1627 1530
f 1627 1531 1530
f 1627 1628 1531
f 1628 1532 1531
f 1628 1629 1532
f 1629 1533 1532
f 1629 1630 1533
f 1630 1534 1533
f 1630 1631 1534
f 1631 1535 1534
f 1631 1632 1535
f 1632 1536 1535
f 1632 1537 1536
f 1537 1441 1536
f 1633 1634 1537
f 1634 1538 1537
f 1634 1635 1538
f 1635 1539 1538
f 1635 1636 1539
f 1636 1540 1539
f 1636 1637 1540
f 1637 1541 1540
f 1637 1638 1541
f 1638 1542 1541
f 1638 1639 1542
f 1639 1543 1542
f 1639 1640 1543
f 1640 1544 1543
f 1640 1641 1544
f 1641 1545 1544
f 1641 1642 1545
f 1642 1546 1545
f 1642 1643 1546
f 1643 1547 1546
f 1643 1644 1547
f 1644 1548 1547
f 1644 1645 1548
f 1645 1549 1548
f 1645 1646 1549
f 1646 1550 1549
f 1646 1647 1550
f 1647 1551 1550
f 1647 1648 1551
f 1648 1552 1551
f 1648 1649 1552
f 1649 1553 1552
f 1649 1650 1553
f 1650 1554 1553
f 1650 1651 1554
f 1651 1555 1554
f 1651 1652 1555
f 1652 1556 1555
f 1652 1653 1556
f 1653 1557 1556
f 1653 1654 1557
f 1654 1558 1557
f 1654 1655 1558
f 1655 1559 1558
f 1655 1656 1559
f 1656 1560 1559
f 1656 1657 1560
f 1657 1561 1560
f 1657 1658 1561
f 1658 1562 1561
f 1658 1659 1562
f 1659 1563 1562
f 1659 1660 1563
f 1660 1564 1563
f 1660 1661 1564
f 1661 1565 1564
f 1661 1662 1565
f 1662 1566 1565
f 1662 1663 1566
f 1663 1567 1566
f 1663 1664 1567
f 1664 1568 1567
f 1664 1665 1568
f 1665 1569 1568
f 1665 1666 1569
f 1666 1570 1569
f 1666 1667 1570
f 1667 1571 1570
f 1667 1668 1571
f 1668 1572 1571
f 1668 1669 1572
f 1669 1573 1572
f 1669 1670 1573
f 1670 1574 1573
f 1670 1671 1574
f 1671 1575 1574
f 1671 1672 1575
f 1672 1576 1575
f 1672 1673 1576
f 1673 1577 1576
f 1673 1674 1577
f 1674 1578 1577
f 1674 1675 1578
f 1675 1579 1578
f 1675 1676 1579
f 1676 1580 1579
f 1676 1677 1580
f 1677 1581 1580
f 1677 1678 1581
f 1678 1582 1581
f 1678 1679 1582
f 1679 1583 1582
f 1679 1680 1583
f 1680 1584 1583
f 1680 1681 1584
f 1681 1585 1584
f 1681 1682 1585
f 1682 1586 1585
f 1682 1683 1586
f 1683 1587 1586
f 1683 1684 1587
f 1684 1588 1587
f 1684 1685 1588
f 1685 1589 1588
f 1685 1686 1589
f 1686 1590 1589
f 1686 1687 1590
f 1687 1591 1590
f 1687 1688 1591
f 1688 1592 1591
f 1688 1689 1592
f 1689 1593 1592
f 1689 1690 1593
f 1690 1594 1593
f 1690 1691 1594
f 1691 1595 1594
f 1691 1692 1595
f 1692 1596 1595
f 1692 1693 1596
f 1693 1597 1596
f 1693 1694 1597
f 1694 1598 1597
f 1694 1695 1598
f 1695 1599 1598
f 1695 1696 1599
f 1696 1600 1599
f 1696 1697 1600
f 1697 1601 1600
f 1697 1698 1601
f 1698 1602 1601
f 1698 1699 1602
f 1699 1603 1602
f 1699 1700 1603
f 1700 1604 1603
f 1700 1701 1604
f 1701 1605 1604
f 1701 1702 1605
f 1702 1606 1605
f 1702 1703 1606
f 1703 1607 1606
f 1703 1704 1607
f 1704 1608 1607
f 1704 1705 1608
f 1705 1609 1608
f 1705 1706 1609
f 1706 1610 1609
f 1706 1707 1610
f 1707 1611 1610
f 1707 1708 1611
f 1708 1612 1611
f 1708 1709 1612
f 1709 1613 1612
f 1709 1710 1613
f 1710 1614 1613
f 1710 1711 1614
f 1711 1615 1614
f 1711 1712 1615
f 1712 1616 1615
f 1712 1713 1616
f 1713 1617 1616
f 1713 1714 1617
f 1714 1618 1617
f 1714 1715 1618
f 1715 1619 1618
f 1715 1716 1619
f 1716 1620 1619
f 1716 1717 1620
f 1717 1621 1620
f 1717 1718 1621
f 1718 1622 1621
f 1718 1719 1622
f 1719 1623 1622
f 1719 1720 1623
f 1720 1624 1623
f 1720 1721 1624
f 1721 1625 1624
f 1721 1722 1625
f 1722 1626 1625
f 1722 1723 1626
f 1723 1627 1626
f 1723 1724 1627
f 1724 1628 1627
f 1724 1725 1628
f 1725 1629 1628
f 1725 1726 1629
f 1726 1630 1629
f 1726 1727 1630
f 1727 1631 1630
f 1727 1728 1631
f 1728 1632 1631
f 1728 1633 1632
f 1633 1537 1632
f 1729 1730 1633
f 1730 1634 1633
f 1730 1731 1634
f 1731 1635 1634
f 1731 1732 1635
f 1732 1636 1635
f 1732 1733 1636
f 1733 1637 1636
f 1733 1734 1637
f 1734 1638 1637
f 1734 1735 1638
f 1735 1639 1638
f 1735 1736 1639
f 1736 1640 1639
f 1736 1737 1640
f 1737 1641 1640
f 1737 1738 1641
f 1738 1642 1641
f 1738 1739 1642
f 1739 1643 1642
f 1739 1740 1643
f 1740 1644 1643
f 1740 1741 1644
f 1741 1645 1644
f 1741 1742 1645
f 1742 1646 1645
f 1742 1743 1646
f 1743 1647 1646
f 1743 1744 1647
f 1744 1648 1647
f 1744 1745 1648
f 1745 1649 1648
f 1745 1746 1649
f 1746 1650 1649
f 1746 1747 1650
f 1747 1651 1650
f 1747 1748 1651
f 1748 1652 1651
f 1748 1749 1652
f 1749 1653 1652
f 1749 1750 1653
f 1750 1654 1653
f 1750 1751 1654
f 1751 1655 1654
f 1751 1752 1655
f 1752 1656 1655
f 1752 1753 1656
f 1753 1657 1656
f 1753 1754 1657
f 1754 1658 1657
f 1754 1755 1658
f 1755 1659 1658
f 1755 1756 1659
f 1756 1660 1659
f 1756 1757 1660
f 1757 1661 1660
f 1757 1758 1661
f 1758 1662 1661
f 1758 1759 1662
f 1759 1663 1662
f 1759 1760 1663
f 1760 1664 1663
f 1760 1761 1664
f 1761 1665 1664
f 1761 1762 1665
f 1762 1666 1665
f 1762 1763 1666
f 1763 1667 1666
f 1763 1764 1667
f 1764 1668 1667
f 1764 1765 1668
f 1765 1669 1668
f 1765 1766 1669
f 1766 1670 1669
f 1766 1767 1670
f 1767 1671 1670
f 1767 1768 1671
f 1768 1672 1671
f 1768 1769 1672
f 1769 1673 1672
f 1769 1770 1673
f 1770 1674 1673
f 1770 1771 1674
f 1771 1675 1674
f 1771 1772 1675
f 1772 1676 1675
f 1772 1773 1676
f 1773 1677 1676
f 1773 1774 1677
f 1774 1678 1677
f 1774 1775 1678
f 1775 1679 1678
f 1775 1776 1679
f 1776 1680 1679
f 1776 1777 1680
f 1777 1681 1680
f 1777 1778 1681
f 1778 1682 1681
f 1778 1779 1682
f 1779 1683 1682
f 1779 1780 1683
f 1780 1684 1683
f 1780 1781 1684
f 1781 1685 1684
f 1781 1782 1685
f 1782 1686 1685
f 1782 1783 1686
f 1783 1687 1686
f 1783 1784 1687
f 1784 1688 1687
f 1784 1785 1688
f 1785 1689 1688
f 1785 1786 1689
f 1786 1690 1689
f 1786 1787 1690
f 1787 1691 1690
f 1787 1788 1691
f 1788 1692 1691
f 1788 1789 1692
f 1789 1693 1692
f 1789 1790 1693
f 1790 1694 1693
f 1790 1791 1694
f 1791 1695 1694
f 1791 1792 1695
f 1792 1696 1695
f 1792 1793 1696
f 1793 1697 1696
f 1793 1794 1697
f 1794 1698 1697
f 1794 1795 1698
f 1795 1699 1698
f 1795 1796 1699
f 1796 1700 1699
f 1796 1797 1700
f 1797 1701 1700
f 1797 1798 1701
f 1798 1702 1701
f 1798 1799 1702
f 1799 1703 1702
f 1799 1800 1703
f 1800 1704 1703
f 1800 1801 1704
f 1801 1705 1704
f 1801 1802 1705
f 1802 1706 1705
f 1802 1803 1706
f 1803 1707 1706
f 1803 1804 1707
f 1804 1708 1707
f 1804 1805 1708
f 1805 1709 1708
f 1805 1806 1709
f 1806 1710 1709
f 1806 1807 1710
f 1807 1711 1710
f 1807 1808 1711
f 1808 1712 1711
f 1808 1809 1712
f 1809 1713 1712
f 1809 1810 1713
f 1810 1714 1713
f 1810 1811 1714
f 1811 1715 1714
f 1811 1812 1715
f 1812 1716 1715
f 1812 1813 1716
f 1813 1717 1716
f 1813 1814 1717
f 1814 1718 1717
f 1814 1815 1718
f 1815 1719 1718
f 1815 1816 1719
f 1816 1720 1719
f 1816 1817 1720
f 1817 1721 1720
f 1817 1818 1721
f 1818 1722 1721
f 1818 1819 1722
f 1819 1723 1722
f 1819 1820 1723
f 1820 1724 1723
f 1820 1821 1724
f 1821 1725 1724
f 1821 1822 1725
f 1822 1726 1725
f 1822 1823 1726
f 1823 1727 1726
f 1823 1824 1727
f 1824 1728 1727
f 1824 1729 1728
f 1729 1633 1728
f 1825 1826 1729
f 1826 1730 1729
f 1826 1827 1730
f 1827 1731 1730
f 1827 1828 1731
f 1828 1732 1731
f 1828 1829 1732
f 1829 1733 1732
f 1829 1830 1733
f 1830 1734 1733
f 1830 1831 1734
f 1831 1735 1734
f 1831 1832 1735
f 1832 1736 1735
f 1832 1833 1736
f 1833 1737 1736
f 1833 1834 1737
f 1834 1738 1737
f 1834 1835 1738
f 1835 1739 1738
f 1835 1836 1739
f 1836 1740 1739
f 1836 1837 1740
f 1837 1741 1740
f 1837 1838 1741
f 1838 1742 1741
f 1838 1839 1742
f 1839 1743 1742
f 1839 1840 1743
f 1840 1744 1743
f 1840 1841 1744
f 1841 1745 1744
f 1841 1842 1745
f 1842 1746 1745
f 1842 1843 1746
f 1843 1747 1746
f 1843 1844 1747
f 1844 1748 1747
f 1844 1845 1748
f 1845 1749 1748
f 1845 1846 1749
f 1846 1750 1749
f 1846 1847 1750
f 1847 1751 1750
f 1847 1848 1751
f 1848 1752 1751
f 1848 1849 1752
f 1849 1753 1752
f 1849 1850 1753
f 1850 1754 1753
f 1850 1851 1754
f 1851 1755 1754
f 1851 1852 1755
f 1852 1756 1755
f 1852 1853 1756
f 1853 1757 1756
f 1853 1854 1757
f 1854 1758 1757
f 1854 1855 1758
f 1855 1759 1758
f 1855 1856 1759
f 1856 1760 1759
f 1856 1857 1760
f 1857 1761 1760
f 1857 1858 1761
f 1858 1762 1761
f 1858 1859 1762
f 1859 1763 1762
f 1859 1860 1763
f 1860 1764 1763
f 1860 1861 1764
f 1861 1765 1764
f 1861 1862 1765
f 1862 1766 1765
f 1862 1863 1766
f 1863 1767 1766
f 1863 1864 1767
f 1864 1768 1767
f 1864 1865 1768
f 1865 1769 1768
f 1865 1866 1769
f 1866 1770 1769
f 1866 1867 1770
f 1867 1771 1770
f 1867 1868 1771
f 1868 1772 1771
f 1868 1869 1772
f 1869 1773 1772
f 1869 1870 1773
f 1870 1774 1773
f 1870 1871 1774
f 1871 1775 1774
f 1871 1872 1775
f 1872 1776 1775
f 1872 1873 1776
f 1873 1777 1776
f 1873 1874 1777
f 1874 1778 1777
f 1874 1875 1778
f 1875 1779 1778
f 1875 1876 1779
f 1876 1780 1779
f 1876 1877 1780
f 1877 1781 1780
f 1877 1878 1781
f 1878 1782 1781
f 1878 1879 1782
f 1879 1783 1782
f 1879 1880 1783
f 1880 1784 1783
f 1880 1881 1784
f 1881 1785 1784
f 1881 1882 1785
f 1882 1786 1785
f 1882 1883 1786
f 1883 1787 1786
f 1883 1884 1787
f 1884 1788 1787
f 1884 1885 1788
f 1885 1789 1788
f 1885 1886 1789
f 1886 1790 1789
f 1886 1887 1790
f 1887 1791 1790
f 1887 1888 1791
f 1888 1792 1791
f 1888 1889 1792
f 1889 1793 1792
f 1889 1890 1793
f 1890 1794 1793
f 1890 1891 1794
f 1891 1795 1794
f 1891 1892 1795
f 1892 1796 1795
f 1892 1893 1796
f 1893 1797 1796
f 1893 1894 1797
f 1894 1798 1797
f 1894 1895 1798
f 1895 1799 1798
f 1895 1896 1799
f 1896 1800 1799
f 1896 1897 1800
f 1897 1801 1800
f 1897 1898 1801
f 1898 1802 1801
f 1898 1899 1802
f 1899 1803 1802
f 1899 1900 1803
f 1900 1804 1803
f 1900 1901 1804
f 1901 1805 1804
f 1901 1902 1805
f 1902 1806 1805
f 1902 1903 1806
f 1903 1807 1806
f 1903 1904 1807
f 1904 1808 1807
f 1904 1905 1808
f 1905 1809 1808
f 1905 1906 1809
f 1906 1810 1809
f 1906 1907 1810
f 1907 1811 1810
f 1907 1908 1811
f 1908 1812 1811
f 1908 1909 1812
f 1909 1813 1812
f 1909 1910 1813
f 1910 1814 1813
f 1910 1911 1814
f 1911 1815 1814
f 1911 1912 1815
f 1912 1816 1815
f 1912 1913 1816
f 1913 1817 1816
f 1913 1914 1817
f 1914 1818 1817
f 1914 1915 1818
f 1915 1819 1818
f 1915 1916 1819
f 1916 1820 1819
f 1916 1917 1820
f 1917 1821 1820
f 1917 1918 1821
f 1918 1822 1821
f 1918 1919 1822
f 1919 1823 1822
f 1919 1920 1823
f 1920 1824 1823
f 1920 1825 1824
f 1825 1729 1824
f 1921 1922 1825
f 1922 1826 1825
f 1922 1923 1826
f 1923 1827 1826
f 1923 1924 1827
f 1924 1828 1827
f 1924 1925 1828
f 1925 1829 1828
f 1925 1926 1829
f 1926 1830 1829
f 1926 1927 1830
f 1927 1831 1830
f 1927 1928 1831
f 1928 1832 1831
f 1928 1929 1832
f 1929 1833 1832
f 1929 1930 1833
f 1930 1834 1833
f 1930 1931 1834
f 1931 1835 1834
f 1931 1932 1835
f 1932 1836 1835
f 1932 1933 1836
f 1933 1837 1836
f 1933 1934 1837
f 1934 1838 1837
f 1934 1935 1838
f 1935 1839 1838
f 1935 1936 1839
f 1936 1840 1839
f 1936 1937 1840
f 1937 1841 1840
f 1937 1938 1841
f 1938 1842 1841
f 1938 1939 1842
f 1939 1843 1842
f 1939 1940 1843
f 1940 1844 1843
f 1940 1941 1844
f 1941 1845 1844
f 1941 1942 1845
f 1942 1846 1845
f 1942 1943 1846
f 1943 1847 1846
f 1943 1944 1847
f 1944 1848 1847
f 1944 1945 1848
f 1945 1849 1848
f 1945 1946 1849
f 1946 1850 1849
f 1946 1947 1850
f 1947 1851 1850
f 1947 1948 1851
f 1948 1852 1851
f 1948 1949 1852
f 1949 1853 1852
f 1949 1950 1853
f 1950 1854 1853
f 1950 1951 1854
f 1951 1855 1854
f 1951 1952 1855
f 1952 1856 1855
f 1952 1953 1856
f 1953 1857 1856
f 1953 1954 1857
f 1954 1858 1857
f 1954 1955 1858
f 1955 1859 1858
f 1955 1956 1859
f 1956 1860 1859
f 1956 1957 1860
f 1957 1861 1860
f 1957 1958 1861
f 1958 1862 1861
f 1958 1959 1862
f 1959 1863 1862
f 1959 1960 1863
f 1960 1864 1863
f 1960 1961 1864
f 1961 1865 1864
f 1961 1962 1865
f 1962 1866 1865
f 1962 1963 1866
f 1963 1867 1866
f 1963 1964 1867
f 1964 1868 1867
f 1964 1965 1868
f 1965 1869 1868
f 1965 1966 1869
f 1966 1870 1869
f 1966 1967 1870
f 1967 1871 1870
f 1967 1968 1871
f 1968 1872 1871
f 1968 1969 1872
f 1969 1873 1872
f 1969 1970 1873
f 1970 1874 1873
f 1970 1971 1874
f 1971 1875 1874
f 1971 1972 1875
f 1972 1876 1875
f 1972 1973 1876
f 1973 1877 1876
f 1973 1974 1877
f 1974 1878 1877
f 1974 1975 1878
f 1975 1879 1878
f 1975 1976 1879
f 1976 1880 1879
f 1976 1977 1880
f 1977 1881 1880
f 1977 1978 1881
f 1978 1882 1881
f 1978 1979 1882
f 1979 1883 1882
f 1979 1980 1883
f 1980 1884 1883
f 1980 1981 1884
f 1981 1885 1884
f 1981 1982 1885
f 1982 1886 1885
f 1982 1983 1886
f 1983 1887 1886
f 1983 1984 1887
f 1984 1888 1887
f 1984 1985 1888
f 1985 1889 1888
f 1985 1986 1889
f 1986 1890 1889
f 1986 1987 1890
f 1987 1891 1890
f 1987 1988 1891
f 1988 1892 1891
f 1988 1989 1892
f 1989 1893 1892
f 1989 1990 1893
f 1990 1894 1893
f 1990 1991 1894
f 1991 1895 1894
f 1991 1992 1895
f 1992 1896 1895
f 1992 1993 1896
f 1993 1897 1896
f 1993 1994 1897
f 1994 1898 1897
f 1994 1995 1898
f 1995 1899 1898
f 1995 1996 1899
f 1996 1900 1899
f 1996 1997 1900
f 1997 1901 1900
f 1997 1998 1901
f 1998 1902 1901
f 1998 1999 1902
f 1999 1903 1902
f 1999 2000 1903
f 2000 1904 1903
f 2000 2001 1904
f 2001 1905 1904
f 2001 2002 1905
f 2002 1906 1905
f 2002 2003 1906
f 2003 1907 1906
f 2003 2004 1907
f 2004 1908 1907
f 2004 2005 1908
f 2005 1909 1908
f 2005 2006 1909
f 2006 1910 1909
f 2006 2007 1910
f 2007 1911 1910
f 2007 2008 1911
f 2008 1912 1911
f 2008 2009 1912
f 2009 1913 1912
f 2009 2010 1913
f 2010 1914 1913
f 2010 2011 1914
f 2011 1915 1914
f 2011 2012 1915
f 2012 1916 1915
f 2012 2013 1916
f 2013 1917 1916
f 2013 2014 1917
f 2014 1918 1917
f 2014 2015 1918
f 2015 1919 1918
f 2015 2016 1919
f 2016 1920 1919
f 2016 1921 1920
f 1921 1825 1920
f 2017 2018 1921
f 2018 1922 1921
f 2018 2019 1922
f 2019 1923 1922
f 2019 2020 1923
f 2020 1924 1923
f 2020 2021 1924
f 2021 1925 1924
f 2021 2022 1925
f 2022 1926 1925
f 2022 2023 1926
f 2023 1927 1926
f 2023 2024 1927
f 2024 1928 1927
f 2024 2025 1928
f 2025 1929 1928
f 2025 2026 1929
f 2026 1930 1929
f 2026 2027 1930
f 2027 1931 1930
f 2027 2028 1931
f 2028 1932 1931
f 2028 2029 1932
f 2029 1933 1932
f 2029 2030 1933
f 2030 1934 1933
f 2030 2031 1934
f 2031 1935 1934
f 2031 2032 1935
f 2032 1936 1935
f 2032 2033 1936
f 2033 1937 1936
f 2033 2034 1937
f 2034 1938 1937
f 2034 2035 1938
f 2035 1939 1938
f 2035 2036 1939
f 2036 1940 1939
f 2036 2037 1940
f 2037 1941 1940
f 2037 2038 1941
f 2038 1942 1941
f 2038 2039 1942
f 2039 1943 1942
f 2039 2040 1943
f 2040 1944 1943
f 2040 2041 1944
f 2041 1945 1944
f 2041 2042 1945
f 2042 1946 1945
f 2042 2043 1946
f 2043 1947 1946
f 2043 2044 1947
f 2044 1948 1947
f 2044 2045 1948
f 2045 1949 1948
f 2045 2046 1949
f 2046 1950 1949
f 2046 2047 1950
f 2047 1951 1950
f 2047 2048 1951
f 2048 1952 1951
f 2048 2049 1952
f 2049 1953 1952
f 2049 2050 1953
f 2050 1954 1953
f 2050 2051 1954
f 2051 1955 1954
f 2051 2052 1955
f 2052 1956 1955
f 2052 2053 1956
f 2053 1957 1956
f 2053 2054 1957
f 2054 1958 1957
f 2054 2055 1958
f 2055 1959 1958
f 2055 2056 1959
f 2056 1960 1959
f 2056 2057 1960
f 2057 1961 1960
f 2057 2058 1961
f 2058 1962 1961
f 2058 2059 1962
f 2059 1963 1962
f 2059 2060 1963
f 2060 1964 1963
f 2060 2061 1964
f 2061 1965 1964
f 2061 2062 1965
f 2062 1966 1965
f 2062 2063 1966
f 2063 1967 1966
f 2063 2064 1967
f 2064 1968 1967
f 2064 2065 1968
f 2065 1969 1968
f 2065 2066 1969
f 2066 1970 1969
f 2066 2067 1970
f 2067 1971 1970
f 2067 2068 1971
f 2068 1972 1971
f 2068 2069 1972
f 2069 1973 1972
f 2069 2070 1973
f 2070 1974 1973
f 2070 2071 1974
f 2071 1975 1974
f 2071 2072 1975
f 2072 1976 1975
f 2072 2073 1976
f 2073 1977 1976
f 2073 2074 1977
f 2074 1978 1977
f 2074 2075 1978
f 2075 1979 1978
f 2075 2076 1979
f 2076 1980 1979
f 2076 2077 1980
f 2077 1981 1980
f 2077 2078 1981
f 2078 1982 1981
f 2078 2079 1982
f 2079 1983 1982
f 2079 2080 1983
f 2080 1984 1983
f 2080 2081 1984
f 2081 1985 1984
f 2081 2082 1985
f 2082 1986 1985
f 2082 2083 1986
f 2083 1987 1986
f 2083 2084 1987
f 2084 1988 1987
f 2084 2085 1988
f 2085 1989 1988
f 2085 2086 1989
f 2086 1990 1989
f 2086 2087 1990
f 2087 1991 1990
f 2087 2088 1991
f 2088 1992 1991
f 2088 2089 1992
f 2089 1993 1992
f 2089 2090 1993
f 2090 1994 1993
f 2090 2091 1994
f 2091 1995 1994
f 2091 2092 1995
f 2092 1996 1995
f 2092 2093 1996
f 2093 1997 1996
f 2093 2094 1997
f 2094 1998 1997
f 2094 2095 1998
f 2095 1999 1998
f 2095 2096 1999
f 2096 2000 1999
f 2096 2097 2000
f 2097 2001 2000
f 2097 2098 2001
f 2098 2002 2001
f 2098 2099 2002
f 2099 2003 2002
f 2099 2100 2003
f 2100 2004 2003
f 2100 2101 2004
f 2101 2005 2004
f 2101 2102 2005
f 2102 2006 2005
f 2102 2103 2006
f 2103 2007 2006
f 2103 2104 2007
f 2104 2008 2007
f 2104 2105 2008
f 2105 2009 2008
f 2105 2106 2009
f 2106 2010 2009
f 2106 2107 2010
f 2107 2011 2010
f 2107 2108 2011
f 2108 2012 2011
f 2108 2109 2012
f 2109 2013 2012
f 2109 2110 2013
f 2110 2014 2013
f 2110 2111 2014
f 2111 2015 2014
f 2111 2112 2015
f 2112 2016 2015
f 2112 2017 2016
f 2017 1921 2016
f 2113 2114 2017
f 2114 2018 2017
f 2114 2115 2018
f 2115 2019 2018
f 2115 2116 2019
f 2116 2020 2019
f 2116 2117 2020
f 2117 2021 2020
f 2117 2118 2021
f 2118 2022 2021
f 2118 2119 2022
f 2119 2023 2022
f 2119 2120 2023
f 2120 2024 2023
f 2120 2121 2024
f 2121 2025 2024
f 2121 2122 2025
f 2122 2026 2025
f 2122 2123 2026
f 2123 2027 2026
f 2123 2124 2027
f 2124 2028 2027
f 2124 2125 2028
f 2125 2029 2028
f 2125 2126 2029
f 2126 2030 2029
f 2126 2127 2030
f 2127 2031 2030
f 2127 2128 2031
f 2128 2032 2031
f 2128 2129 2032
f 2129 2033 2032
f 2129 2130 2033
f 2130 2034 2033
f 2130 2131 2034
f 2131 2035 2034
f 2131 2132 2035
f 2132 2036 2035
f 2132 2133 2036
f 2133 2037 2036
f 2133 2134 2037
f 2134 2038 2037
f 2134 2135 2038
f 2135 2039 2038
f 2135 2136 2039
f 2136 2040 2039
f 2136 2137 2040
f 2137 2041 2040
f 2137 2138 2041
f 2138 2042 2041
f 2138 2139 2042
f 2139 2043 2042
f 2139 2140 2043
f 2140 2044 2043
f 2140 2141 2044
f 2141 2045 2044
f 2141 2142 2045
f 2142 2046 2045
f 2142 2143 2046
f 2143 2047 2046
f 2143 2144 2047
f 2144 2048 2047
f 2144 2145 2048
f 2145 2049 2048
f 2145 2146 2049
f 2146 2050 2049
f 2146 2147 2050
f 2147 2051 2050
f 2147 2148 2051
f 2148 2052 2051
f 2148 2149 2052
f 2149 2053 2052
f 2149 2150 2053
f 2150 2054 2053
f 2150 2151 2054
f 2151 2055 2054
f 2151 2152 2055
f 2152 2056 2055
f 2152 2153 2056
f 2153 2057 2056
f 2153 2154 2057
f 2154 2058 2057
f 2154 2155 2058
f 2155 2059 2058
f 2155 2156 2059
f 2156 2060 2059
f 2156 2157 2060
f 2157 2061 2060
f 2157 2158 2061
f 2158 2062 2061
f 2158 2159 2062
f 2159 2063 2062
f 2159 2160 2063
f 2160 2064 2063
f 2160 2161 2064
f 2161 2065 2064
f 2161 2162 2065
f 2162 2066 2065
f 2162 2163 2066
f 2163 2067 2066
f 2163 2164 2067
f 2164 2068 2067
f 2164 2165 2068
f 2165 2069 2068
f 2165 2166 2069
f 2166 2070 2069
f 2166 2167 2070
f 2167 2071 2070
f 2167 2168 2071
f 2168 2072 2071
f 2168 2169 2072
f 2169 2073 2072
f 2169 2170 2073
f 2170 2074 2073
f 2170 2171 2074
f 2171 2075 2074
f 2171 2172 2075
f 2172 2076 2075
f 2172 2173 2076
f 2173 2077 2076
f 2173 2174 2077
f 2174 2078 2077
f 2174 2175 2078
f 2175 2079 2078
f 2175 2176 2079
f 2176 2080 2079
f 2176 2177 2080
f 2177 2081 2080
f 2177 2178 2081
f 2178 2082 2081
f 2178 2179 2082
f 2179 2083 2082
f 2179 2180 2083
f 2180 2084 2083
f 2180 2181 2084
f 2181 2085 2084
f 2181 2182 2085
f 2182 2086 2085
f 2182 2183 2086
f 2183 2087 2086
f 2183 2184 2087
f 2184 2088 2087
f 2184 2185 2088
f 2185 2089 2088
f 2185 2186 2089
f 2186 2090 2089
f 2186 2187 2090
f 2187 2091 2090
f 2187 2188 2091
f 2188 2092 2091
f 2188 2189 2092
f 2189 2093 2092
f 2189 2190 2093
f 2190 2094 2093
f 2190 2191 2094
f 2191 2095 2094
f 2191 2192 2095
f 2192 2096 2095
f 2192 2193 2096
f 2193 2097 2096
f 2193 2194 2097
f 2194 2098 2097
f 2194 2195 2098
f 2195 2099 2098
f 2195 2196 2099
f 2196 2100 2099
f 2196 2197 2100
f 2197 2101 2100
f 2197 2198 2101
f 2198 2102 2101
f 2198 2199 2102
f 2199 2103 2102
f 2199 2200 2103
f 2200 2104 2103
f 2200 2201 2104
f 2201 2105 2104
f 2201 2202 2105
f 2202 2106 2105
f 2202 2203 2106
f 2203 2107 2106
f 2203 2204 2107
f 2204 2108 2107
f 2204 2205 2108
f 2205 2109 2108
f 2205 2206 2109
f 2206 2110 2109
f 2206 2207 2110
f 2207 2111 2110
f 2207 2208 2111
f 2208 2112 2111
f 2208 2113 2112
f 2113 2017 2112
f 2209 2210 2113
f 2210 2114 2113
f 2210 2211 2114
f 2211 2115 2114
f 2211 2212 2115
f 2212 2116 2115
f 2212 2213 2116
f 2213 2117 2116
f 2213 2214 2117
f 2214 2118 2117
f 2214 2215 2118
f 2215 2119 2118
f 2215 2216 2119
f 2216 2120 2119
f 2216 2217 2120
f 2217 2121 2120
f 2217 2218 2121
f 2218 2122 2121
f 2218 2219 2122
f 2219 2123 2122
f 2219 2220 2123
f 2220 2124 2123
f 2220 2221 2124
f 2221 2125 2124
f 2221 2222 2125
f 2222 2126 2125
f 2222 2223 2126
f 2223 2127 2126
f 2223 2224 2127
f 2224 2128 2127
f 2224 2225 2128
f 2225 2129 2128
f 2225 2226 2129
f 2226 2130 2129
f 2226 2227 2130
f 2227 2131 2130
f 2227 2228 2131
f 2228 2132 2131
f 2228 2229 2132
f 2229 2133 2132
f 2229 2230 2133
f 2230 2134 2133
f 2230 2231 2134
f 2231 2135 2134
f 2231 2232 2135
f 2232 2136 2135
f 2232 2233 2136
f 2233 2137 2136
f 2233 2234 2137
f 2234 2138 2137
f 2234 2235 2138
f 2235 2139 2138
f 2235 2236 2139
f 2236 2140 2139
f 2236 2237 2140
f 2237 2141 2140
f 2237 2238 2141
f 2238 2142 2141
f 2238 2239 2142
f 2239 2143 2142
f 2239 2240 2143
f 2240 2144 2143
f 2240 2241 2144
f 2241 2145 2144
f 2241 2242 2145
f 2242 2146 2145
f 2242 2243 2146
f 2243 2147 2146
f 2243 2244 2147
f 2244 2148 2147
f 2244 2245 2148
f 2245 2149 2148
f 2245 2246 2149
f 2246 2150 2149
f 2246 2247 2150
f 2247 2151 2150
f 2247 2248 2151
f 2248 2152 2151
f 2248 2249 2152
f 2249 2153 2152
f 2249 2250 2153
f 2250 2154 2153
f 2250 2251 2154
f 2251 2155 2154
f 2251 2252 2155
f 2252 2156 2155
f 2252 2253 2156
f 2253 2157 2156
f 2253 2254 2157
f 2254 2158 2157
f 2254 2255 2158
f 2255 2159 2158
f 2255 2256 2159
f 2256 2160 2159
f 2256 2257 2160
f 2257 2161 2160
f 2257 2258 2161
f 2258 2162 2161
f 2258 2259 2162
f 2259 2163 2162
f 2259 2260 2163
f 2260 2164 2163
f 2260 2261 2164
f 2261 2165 2164
f 2261 2262 2165
f 2262 2166 2165
f 2262 2263 2166
f 2263 2167 2166
f 2263 2264 2167
f 2264 2168 2167
f 2264 2265 2168
f 2265 2169 2168
f 2265 2266 2169
f 2266 2170 2169
f 2266 2267 2170
f 2267 2171 2170
f 2267 2268 2171
f 2268 2172 2171
f 2268 2269 2172
f 2269 2173 2172
f 2269 2270 2173
f 2270 2174 2173
f 2270 2271 2174
f 2271 2175 2174
f 2271 2272 2175
f 2272 2176 2175
f 2272 2273 2176
f 2273 2177 2176
f 2273 2274 2177
f 2274 2178 2177
f 2274 2275 2178
f 2275 2179 2178
f 2275 2276 2179
f 2276 2180 2179
f 2276 2277 2180
f 2277 2181 2180
f 2277 2278 2181
f 2278 2182 2181
f 2278 2279 2182
f 2279 2183 2182
f 2279 2280 2183
f 2280 2184 2183
f 2280 2281 2184
f 2281 2185 2184
f 2281 2282 2185
f 2282 2186 2185
f 2282 2283 2186
f 2283 2187 2186
f 2283 2284 2187
f 2284 2188 2187
f 2284 2285 2188
f 2285 2189 2188
f 2285 2286 2189
f 2286 2190 2189
f 2286 2287 2190
f 2287 2191 2190
f 2287 2288 2191
f 2288 2192 2191
f 2288 2289 2192
f 2289 2193 2192
f 2289 2290 2193
f 2290 2194 2193
f 2290 2291 2194
f 2291 2195 2194
f 2291 2292 2195
f 2292 2196 2195
f 2292 2293 2196
f 2293 2197 2196
f 2293 2294 2197
f 2294 2198 2197
f 2294 2295 2198
f 2295 2199 2198
f 2295 2296 2199
f 2296 2200 2199
f 2296 2297 2200
f 2297 2201 2200
f 2297 2298 2201
f 2298 2202 2201
f 2298 2299 2202
f 2299 2203 2202
f 2299 2300 2203
f 2300 2204 2203
f 2300 2301 2204
f 2301 2205 2204
f 2301 2302 2205
f 2302 2206 2205
f 2302 2303 2206
f 2303 2207 2206
f 2303 2304 2207
f 2304 2208 2207
f 2304 2209 2208
f 2209 2113 2208
f 2305 2306 2209
f 2306 2210 2209
f 2306 2307 2210
f 2307 2211 2210
f 2307 2308 2211
f 2308 2212 2211
f 2308 2309 2212
f 2309 2213 2212
f 2309 2310 2213
f 2310 2214 2213
f 2310 2311 2214
f 2311 2215 2214
f 2311 2312 2215
f 2312 2216 2215
f 2312 2313 2216
f 2313 2217 2216
f 2313 2314 2217
f 2314 2218 2217
f 2314 2315 2218
f 2315 2219 2218
f 2315 2316 2219
f 2316 2220 2219
f 2316 2317 2220
f 2317 2221 2220
f 2317 2318 2221
f 2318 2222 2221
f 2318 2319 2222
f 2319 2223 2222
f 2319 2320 2223
f 2320 2224 2223
f 2320 2321 2224
f 2321 2225 2224
f 2321 2322 2225
f 2322 2226 2225
f 2322 2323 2226
f 2323 2227 2226
f 2323 2324 2227
f 2324 2228 2227
f 2324 2325 2228
f 2325 2229 2228
f 2325 2326 2229
f 2326 2230 2229
f 2326 2327 2230
f 2327 2231 2230
f 2327 2328 2231
f 2328 2232 2231
f 2328 2329 2232
f 2329 2233 2232
f 2329 2330 2233
f 2330 2234 2233
f 2330 2331 2234
f 2331 2235 2234
f 2331 2332 2235
f 2332 2236 2235
f 2332 2333 2236
f 2333 2237 2236
f 2333 2334 2237
f 2334 2238 2237
f 2334 2335 2238
f 2335 2239 2238
f 2335 2336 2239
f 2336 2240 2239
f 2336 2337 2240
f 2337 2241 2240
f 2337 2338 2241
f 2338 2242 2241
f 2338 2339 2242
f 2339 2243 2242
f 2339 2340 2243
f 2340 2244 2243
f 2340 2341 2244
f 2341 2245 2244
f 2341 2342 2245
f 2342 2246 2245
f 2342 2343 2246
f 2343 2247 2246
f 2343 2344 2247
f 2344 2248 2247
f 2344 2345 2248
f 2345 2249 2248
f 2345 2346 2249
f 2346 2250 2249
f 2346 2347 2250
f 2347 2251 2250
f 2347 2348 2251
f 2348 2252 2251
f 2348 2349 2252
f 2349 2253 2252
f 2349 2350 2253
f 2350 2254 2253
f 2350 2351 2254
f 2351 2255 2254
f 2351 2352 2255
f 2352 2256 2255
f 2352 2353 2256
f 2353 2257 2256
f 2353 2354 2257
f 2354 2258 2257
f 2354 2355 2258
f 2355 2259 2258
f 2355 2356 2259
f 2356 2260 2259
f 2356 2357 2260
f 2357 2261 2260
f 2357 2358 2261
f 2358 2262 2261
f 2358 2359 2262
f 2359 2263 2262
f 2359 2360 2263
f 2360 2264 2263
f 2360 2361 2264
f 2361 2265 2264
f 2361 2362 2265
f 2362 2266 2265
f 2362 2363 2266
f 2363 2267 2266
f 2363 2364 2267
f 2364 2268 2267
f 2364 2365 2268
f 2365 2269 2268
f 2365 2366 2269
f 2366 2270 2269
f 2366 2367 2270
f 2367 2271 2270
f 2367 2368 2271
f 2368 2272 2271
f 2368 2369 2272
f 2369 2273 2272
f 2369 2370 2273
f 2370 2274 2273
f 2370 2371 2274
f 2371 2275 2274
f 2371 2372 2275
f 2372 2276 2275
f 2372 2373 2276
f 2373 2277 2276
f 2373 2374 2277
f 2374 2278 2277
f 2374 2375 2278
f 2375 2279 2278
f 2375 2376 2279
f 2376 2280 2279
f 2376 2377 2280
f 2377 2281 2280
f 2377 2378 2281
f 2378 2282 2281
f 2378 2379 2282
f 2379 2283 2282
f 2379 2380 2283
f 2380 2284 2283
f 2380 2381 2284
f 2381 2285 2284
f 2381 2382 2285
f 2382 2286 2285
f 2382 2383 2286
f 2383 2287 2286
f 2383 2384 2287
f 2384 2288 2287
f 2384 2385 2288
f 2385 2289 2288
f 2385 2386 2289
f 2386 2290 2289
f 2386 2387 2290
f 2387 2291 2290
f 2387 2388 2291
f 2388 2292 2291
f 2388 2389 2292
f 2389 2293 2292
f 2389 2390 2293
f 2390 2294 2293
f 2390 2391 2294
f 2391 2295 2294
f 2391 2392 2295
f 2392 2296 2295
f 2392 2393 2296
f 2393 2297 2296
f 2393 2394 2297
f 2394 2298 2297
f 2394 2395 2298
f 2395 2299 2298
f 2395 2396 2299
f 2396 2300 2299
f 2396 2397 2300
f 2397 2301 2300
f 2397 2398 2301
f 2398 2302 2301
f 2398 2399 2302
f 2399 2303 2302
f 2399 2400 2303
f 2400 2304 2303
f 2400 2305 2304
f 2305 2209 2304
f 2401 2402 2305
f 2402 2306 2305
f 2402 2403 2306
f 2403 2307 2306
f 2403 2404 2307
f 2404 2308 2307
f 2404 2405 2308
f 2405 2309 2308
f 2405 2406 2309
f 2406 2310 2309
f 2406 2407 2310
f 2407 2311 2310
f 2407 2408 2311
f 2408 2312 2311
f 2408 2409 2312
f 2409 2313 2312
f 2409 2410 2313
f 2410 2314 2313
f 2410 2411 2314
f 2411 2315 2314
f 2411 2412 2315
f 2412 2316 2315
f 2412 2413 2316
f 2413 2317 2316
f 2413 2414 2317
f 2414 2318 2317
f 2414 2415 2318
f 2415 2319 2318
f 2415 2416 2319
f 2416 2320 2319
f 2416 2417 2320
f 2417 2321 2320
f 2417 2418 2321
f 2418 2322 2321
f 2418 2419 2322
f 2419 2323 2322
f 2419 2420 2323
f 2420 2324 2323
f 2420 2421 2324
f 2421 2325 2324
f 2421 2422 2325
f 2422 2326 2325
f 2422 2423 2326
f 2423 2327 2326
f 2423 2424 2327
f 2424 2328 2327
f 2424 2425 2328
f 2425 2329 2328
f 2425 2426 2329
f 2426 2330 2329
f 2426 2427 2330
f 2427 2331 2330
f 2427 2428 2331
f 2428 2332 2331
f 2428 2429 2332
f 2429 2333 2332
f 2429 2430 2333
f 2430 2334 2333
f 2430 2431 2334
f 2431 2335 2334
f 2431 2432 2335
f 2432 2336 2335
f 2432 2433 2336
f 2433 2337 2336
f 2433 2434 2337
f 2434 2338 2337
f 2434 2435 2338
f 2435 2339 2338
f 2435 2436 2339
f 2436 2340 2339
f 2436 2437 2340
f 2437 2341 2340
f 2437 2438 2341
f 2438 2342 2341
f 2438 2439 2342
f 2439 2343 2342
f 2439 2440 2343
f 2440 2344 2343
f 2440 2441 2344
f 2441 2345 2344
f 2441 2442 2345
f 2442 2346 2345
f 2442 2443 2346
f 2443 2347 2346
f 2443 2444 2347
f 2444 2348 2347
f 2444 2445 2348
f 2445 2349 2348
f 2445 2446 2349
f 2446 2350 2349
f 2446 2447 2350
f 2447 2351 2350
f 2447 2448 2351
f 2448 2352 2351
f 2448 2449 2352
f 2449 2353 2352
f 2449 2450 2353
f 2450 2354 2353
f 2450 2451 2354
f 2451 2355 2354
f 2451 2452 2355
f 2452 2356 2355
f 2452 2453 2356
f 2453 2357 2356
f 2453 2454 2357
f 2454 2358 2357
f 2454 2455 2358
f 2455 2359 2358
f 2455 2456 2359
f 2456 2360 2359
f 2456 2457 2360
f 2457 2361 2360
f 2457 2458 2361
f 2458 2362 2361
f 2458 2459 2362
f 2459 2363 2362
f 2459 2460 2363
f 2460 2364 2363
f 2460 2461 2364
f 2461 2365 2364
f 2461 2462 2365
f 2462 2366 2365
f 2462 2463 2366
f 2463 2367 2366
f 2463 2464 2367
f 2464 2368 2367
f 2464 2465 2368
f 2465 2369 2368
f 2465 2466 2369
f 2466 2370 2369
f 2466 2467 2370
f 2467 2371 2370
f 2467 2468 2371
f 2468 2372 2371
f 2468 2469 2372
f 2469 2373 2372
f 2469 2470 2373
f 2470 2374 2373
f 2470 2471 2374
f 2471 2375 2374
f 2471 2472 2375
f 2472 2376 2375
f 2472 2473 2376
f 2473 2377 2376
f 2473 2474 2377
f 2474 2378 2377
f 2474 2475 2378
f 2475 2379 2378
f 2475 2476 2379
f 2476 2380 2379
f 2476 2477 2380
f 2477 2381 2380
f 2477 2478 2381
f 2478 2382 2381
f 2478 2479 2382
f 2479 2383 2382
f 2479 2480 2383
f 2480 2384 2383
f 2480 2481 2384
f 2481 2385 2384
f 2481 2482 2385
f 2482 2386 2385
f 2482 2483 2386
f 2483 2387 2386
f 2483 2484 2387
f 2484 2388 2387
f 2484 2485 2388
f 2485 2389 2388
f 2485 2486 2389
f 2486 2390 2389
f 2486 2487 2390
f 2487 2391 2390
f 2487 2488 2391
f 2488 2392 2391
f 2488 2489 2392
f 2489 2393 2392
f 2489 2490 2393
f 2490 2394 2393
f 2490 2491 2394
f 2491 2395 2394
f 2491 2492 2395
f 2492 2396 2395
f 2492 2493 2396
f 2493 2397 2396
f 2493 2494 2397
f 2494 2398 2397
f 2494 2495 2398
f 2495 2399 2398
f 2495 2496 2399
f 2496 2400 2399
f 2496 2401 2400
f 2401 2305 2400
f 2497 2498 2401
f 2498 2402 2401
f 2498 2499 2402
f 2499 2403 2402
f 2499 2500 2403
f 2500 2404 2403
f 2500 2501 2404
f 2501 2405 2404
f 2501 2502 2405
f 2502 2406 2405
f 2502 2503 2406
f 2503 2407 2406
f 2503 2504 2407
f 2504 2408 2407
f 2504 2505 2408
f 2505 2409 2408
f 2505 2506 2409
f 2506 2410 2409
f 2506 2507 2410
f 2507 2411 2410
f 2507 2508 2411
f 2508 2412 2411
f 2508 2509 2412
f 2509 2413 2412
f 2509 2510 2413
f 2510 2414 2413
f 2510 2511 2414
f 2511 2415 2414
f 2511 2512 2415
f 2512 2416 2415
f 2512 2513 2416
f 2513 2417 2416
f 2513 2514 2417
f 2514 2418 2417
f 2514 2515 2418
f 2515 2419 2418
f 2515 2516 2419
f 2516 2420 2419
f 2516 2517 2420
f 2517 2421 2420
f 2517 2518 2421
f 2518 2422 2421
f 2518 2519 2422
f 2519 2423 2422
f 2519 2520 2423
f 2520 2424 2423
f 2520 2521 2424
f 2521 2425 2424
f 2521 2522 2425
f 2522 2426 2425
f 2522 2523 2426
f 2523 2427 2426
f 2523 2524 2427
f 2524 2428 2427
f 2524 2525 2428
f 2525 2429 2428
f 2525 2526 2429
f 2526 2430 2429
f 2526 2527 2430
f 2527 2431 2430
f 2527 2528 2431
f 2528 2432 2431
f 2528 2529 2432
f 2529 2433 2432
f 2529 2530 2433
f 2530 2434 2433
f 2530 2531 2434
f 2531 2435 2434
f 2531 2532 2435
f 2532 2436 2435
f 2532 2533 2436
f 2533 2437 2436
f 2533 2534 2437
f 2534 2438 2437
f 2534 2535 2438
f 2535 2439 2438
f 2535 2536 2439
f 2536 2440 2439
f 2536 2537 2440
f 2537 2441 2440
f 2537 2538 2441
f 2538 2442 2441
f 2538 2539 2442
f 2539 2443 2442
f 2539 2540 2443
f 2540 2444 2443
f 2540 2541 2444
f 2541 2445 2444
f 2541 2542 2445
f 2542 2446 2445
f 2542 2543 2446
f 2543 2447 2446
f 2543 2544 2447
f 2544 2448 2447
f 2544 2545 2448
f 2545 2449 2448
f 2545 2546 2449
f 2546 2450 2449
f 2546 2547 2450
f 2547 2451 2450
f 2547 2548 2451
f 2548 2452 2451
f 2548 2549 2452
f 2549 2453 2452
f 2549 2550 2453
f 2550 2454 2453
f 2550 2551 2454
f 2551 2455 2454
f 2551 2552 2455
f 2552 2456 2455
f 2552 2553 2456
f 2553 2457 2456
f 2553 2554 2457
f 2554 2458 2457
f 2554 2555 2458
f 2555 2459 2458
f 2555 2556 2459
f 2556 2460 2459
f 2556 2557 2460
f 2557 2461 2460
f 2557 2558 2461
f 2558 2462 2461
f 2558 2559 2462
f 2559 2463 2462
f 2559 2560 2463
f 2560 2464 2463
f 2560 2561 2464
f 2561 2465 2464
f 2561 2562 2465
f 2562 2466 2465
f 2562 2563 2466
f 2563 2467 2466
f 2563 2564 2467
f 2564 2468 2467
f 2564 2565 2468
f 2565 2469 2468
f 2565 2566 2469
f 2566 2470 2469
f 2566 2567 2470
f 2567 2471 2470
f 2567 2568 2471
f 2568 2472 2471
f 2568 2569 2472
f 2569 2473 2472
f 2569 2570 2473
f 2570 2474 2473
f 2570 2571 2474
f 2571 2475 2474
f 2571 2572 2475
f 2572 2476 2475
f 2572 2573 2476
f 2573 2477 2476
f 2573 2574 2477
f 2574 2478 2477
f 2574 2575 2478
f 2575 2479 2478
f 2575 2576 2479
f 2576 2480 2479
f 2576 2577 2480
f 2577 2481 2480
f 2577 2578 2481
f 2578 2482 2481
f 2578 2579 2482
f 2579 2483 2482
f 2579 2580 2483
f 2580 2484 2483
f 2580 2581 2484
f 2581 2485 2484
f 2581 2582 2485
f 2582 2486 2485
f 2582 2583 2486
f 2583 2487 2486
f 2583 2584 2487
f 2584 2488 2487
f 2584 2585 2488
f 2585 2489 2488
f 2585 2586 2489
f 2586 2490 2489
f 2586 2587 2490
f 2587 2491 2490
f 2587 2588 2491
f 2588 2492 2491
f 2588 2589 2492
f 2589 2493 2492
f 2589 2590 2493
f 2590 2494 2493
f 2590 2591 2494
f 2591 2495 2494
f 2591 2592 2495
f 2592 2496 2495
f 2592 2497 2496
f 2497 2401 2496
f 2593 2594 2497
f 2594 2498 2497
f 2594 2595 2498
f 2595 2499 2498
f 2595 2596 2499
f 2596 2500 2499
f 2596 2597 2500
f 2597 2501 2500
f 2597 2598 2501
f 2598 2502 2501
f 2598 2599 2502
f 2599 2503 2502
f 2599 2600 2503
f 2600 2504 2503
f 2600 2601 2504
f 2601 2505 2504
f 2601 2602 2505
f 2602 2506 2505
f 2602 2603 2506
f 2603 2507 2506
f 2603 2604 2507
f 2604 2508 2507
f 2604 2605 2508
f 2605 2509 2508
f 2605 2606 2509
f 2606 2510 2509
f 2606 2607 2510
f 2607 2511 2510
f 2607 2608 2511
f 2608 2512 2511
f 2608 2609 2512
f 2609 2513 2512
f 2609 2610 2513
f 2610 2514 2513
f 2610 2611 2514
f 2611 2515 2514
f 2611 2612 2515
f 2612 2516 2515
f 2612 2613 2516
f 2613 2517 2516
f 2613 2614 2517
f 2614 2518 2517
f 2614 2615 2518
f 2615 2519 2518
f 2615 2616 2519
f 2616 2520 2519
f 2616 2617 2520
f 2617 2521 2520
f 2617 2618 2521
f 2618 2522 2521
f 2618 2619 2522
f 2619 2523 2522
f 2619 2620 2523
f 2620 2524 2523
f 2620 2621 2524
f 2621 2525 2524
f 2621 2622 2525
f 2622 2526 2525
f 2622 2623 2526
f 2623 2527 2526
f 2623 2624 2527
f 2624 2528 2527
f 2624 2625 2528
f 2625 2529 2528
f 2625 2626 2529
f 2626 2530 2529
f 2626 2627 2530
f 2627 2531 2530
f 2627 2628 2531
f 2628 2532 2531
f 2628 2629 2532
f 2629 2533 2532
f 2629 2630 2533
f 2630 2534 2533
f 2630 2631 2534
f 2631 2535 2534
f 2631 2632 2535
f 2632 2536 2535
f 2632 2633 2536
f 2633 2537 2536
f 2633 2634 2537
f 2634 2538 2537
f 2634 2635 2538
f 2635 2539 2538
f 2635 2636 2539
f 2636 2540 2539
f 2636 2637 2540
f 2637 2541 2540
f 2637 2638 2541
f 2638 2542 2541
f 2638 2639 2542
f 2639 2543 2542
f 2639 2640 2543
f 2640 2544 2543
f 2640 2641 2544
f 2641 2545 2544
f 2641 2642 2545
f 2642 2546 2545
f 2642 2643 2546
f 2643 2547 2546
f 2643 2644 2547
f 2644 2548 2547
f 2644 2645 2548
f 2645 2549 2548
f 2645 2646 2549
f 2646 2550 2549
f 2646 2647 2550
f 2647 2551 2550
f 2647 2648 2551
f 2648 2552 2551
f 2648 2649 2552
f 2649 2553 2552
f 2649 2650 2553
f 2650 2554 2553
f 2650 2651 2554
f 2651 2555 2554
f 2651 2652 2555
f 2652 2556 2555
f 2652 2653 2556
f 2653 2557 2556
f 2653 2654 2557
f 2654 2558 2557
f 2654 2655 2558
f 2655 2559 2558
f 2655 2656 2559
f 2656 2560 2559
f 2656 2657 2560
f 2657 2561 2560
f 2657 2658 2561
f 2658 2562 2561
f 2658 2659 2562
f 2659 2563 2562
f 2659 2660 2563
f 2660 2564 2563
f 2660 2661 2564
f 2661 2565 2564
f 2661 2662 2565
f 2662 2566 2565
f 2662 2663 2566
f 2663 2567 2566
f 2663 2664 2567
f 2664 2568 2567
f 2664 2665 2568
f 2665 2569 2568
f 2665 2666 2569
f 2666 2570 2569
f 2666 2667 2570
f 2667 2571 2570
f 2667 2668 2571
f 2668 2572 2571
f 2668 2669 2572
f 2669 2573 2572
f 2669 2670 2573
f 2670 2574 2573
f 2670 2671 2574
f 2671 2575 2574
f 2671 2672 2575
f 2672 2576 2575
f 2672 2673 2576
f 2673 2577 2576
f 2673 2674 2577
f 2674 2578 2577
f 2674 2675 2578
f 2675 2579 2578
f 2675 2676 2579
f 2676 2580 2579
f 2676 2677 2580
f 2677 2581 2580
f 2677 2678 2581
f 2678 2582 2581
f 2678 2679 2582
f 2679 2583 2582
f 2679 2680 2583
f 2680 2584 2583
f 2680 2681 2584
f 2681 2585 2584
f 2681 2682 2585
f 2682 2586 2585
f 2682 2683 2586
f 2683 2587 2586
f 2683 2684 2587
f 2684 2588 2587
f 2684 2685 2588
f 2685 2589 2588
f 2685 2686 2589
f 2686 2590 2589
f 2686 2687 2590
f 2687 2591 2590
f 2687 2688 2591
f 2688 2592 2591
f 2688 2593 2592
f 2593 2497 2592
f 2689 2690 2593
f 2690 2594 2593
f 2690 2691 2594
f 2691 2595 2594
f 2691 2692 2595
f 2692 2596 2595
f 2692 2693 2596
f 2693 2597 2596
f 2693 2694 2597
f 2694 2598 2597
f 2694 2695 2598
f 2695 2599 2598
f 2695 2696 2599
f 2696 2600 2599
f 2696 2697 2600
f 2697 2601 2600
f 2697 2698 2601
f 2698 2602 2601
f 2698 2699 2602
f 2699 2603 2602
f 2699 2700 2603
f 2700 2604 2603
f 2700 2701 2604
f 2701 2605 2604
f 2701 2702 2605
f 2702 2606 2605
f 2702 2703 2606
f 2703 2607 2606
f 2703 2704 2607
f 2704 2608 2607
f 2704 2705 2608
f 2705 2609 2608
f 2705 2706 2609
f 2706 2610 2609
f 2706 2707 2610
f 2707 2611 2610
f 2707 2708 2611
f 2708 2612 2611
f 2708 2709 2612
f 2709 2613 2612
f 2709 2710 2613
f 2710 2614 2613
f 2710 2711 2614
f 2711 2615 2614
f 2711 2712 2615
f 2712 2616 2615
f 2712 2713 2616
f 2713 2617 2616
f 2713 2714 2617
f 2714 2618 2617
f 2714 2715 2618
f 2715 2619 2618
f 2715 2716 2619
f 2716 2620 2619
f 2716 2717 2620
f 2717 2621 2620
f 2717 2718 2621
f 2718 2622 2621
f 2718 2719 2622
f 2719 2623 2622
f 2719 2720 2623
f 2720 2624 2623
f 2720 2721 2624
f 2721 2625 2624
f 2721 2722 2625
f 2722 2626 2625
f 2722 2723 2626
f 2723 2627 2626
f 2723 2724 2627
f 2724 2628 2627
f 2724 2725 2628
f 2725 2629 2628
f 2725 2726 2629
f 2726 2630 2629
f 2726 2727 2630
f 2727 2631 2630
f 2727 2728 2631
f 2728 2632 2631
f 2728 2729 2632
f 2729 2633 2632
f 2729 2730 2633
f 2730 2634 2633
f 2730 2731 2634
f 2731 2635 2634
f 2731 2732 2635
f 2732 2636 2635
f 2732 2733 2636
f 2733 2637 2636
f 2733 2734 2637
f 2734 2638 2637
f 2734 2735 2638
f 2735 2639 2638
f 2735 2736 2639
f 2736 2640 2639
f 2736 2737 2640
f 2737 2641 2640
f 2737 2738 2641
f 2738 2642 2641
f 2738 2739 2642
f 2739 2643 2642
f 2739 2740 2643
f 2740 2644 2643
f 2740 2741 2644
f 2741 2645 2644
f 2741 2742 2645
f 2742 2646 2645
f 2742 2743 2646
f 2743 2647 2646
f 2743 2744 2647
f 2744 2648 2647
f 2744 2745 2648
f 2745 2649 2648
f 2745 2746 2649
f 2746 2650 2649
f 2746 2747 2650
f 2747 2651 2650
f 2747 2748 2651
f 2748 2652 2651
f 2748 2749 2652
f 2749 2653 2652
f 2749 2750 2653
f 2750 2654 2653
f 2750 2751 2654
f 2751 2655 2654
f 2751 2752 2655
f 2752 2656 2655
f 2752 2753 2656
f 2753 2657 2656
f 2753 2754 2657
f 2754 2658 2657
f 2754 2755 2658
f 2755 2659 2658
f 2755 2756 2659
f 2756 2660 2659
f 2756 2757 2660
f 2757 2661 2660
f 2757 2758 2661
f 2758 2662 2661
f 2758 2759 2662
f 2759 2663 2662
f 2759 2760 2663
f 2760 2664 2663
f 2760 2761 2664
f 2761 2665 2664
f 2761 2762 2665
f 2762 2666 2665
f 2762 2763 2666
f 2763 2667 2666
f 2763 2764 2667
f 2764 2668 2667
f 2764 2765 2668
f 2765 2669 2668
f 2765 2766 2669
f 2766 2670 2669
f 2766 2767 2670
f 2767 2671 2670
f 2767 2768 2671
f 2768 2672 2671
f 2768 2769 2672
f 2769 2673 2672
f 2769 2770 2673
f 2770 2674 2673
f 2770 2771 2674
f 2771 2675 2674
f 2771 2772 2675
f 2772 2676 2675
f 2772 2773 2676
f 2773 2677 2676
f 2773 2774 2677
f 2774 2678 2677
f 2774 2775 2678
f 2775 2679 2678
f 2775 2776 2679
f 2776 2680 2679
f 2776 2777 2680
f 2777 2681 2680
f 2777 2778 2681
f 2778 2682 2681
f 2778 2779 2682
f 2779 2683 2682
f 2779 2780 2683
f 2780 2684 2683
f 2780 2781 2684
f 2781 2685 2684
f 2781 2782 2685
f 2782 2686 2685
f 2782 2783 2686
f 2783 2687 2686
f 2783 2784 2687
f 2784 2688 2687
f 2784 2689 2688
f 2689 2593 2688
f 2785 2786 2689
f 2786 2690 2689
f 2786 2787 2690
f 2787 2691 2690
f 2787 2788 2691
f 2788 2692 2691
f 2788 2789 2692
f 2789 2693 2692
f 2789 2790 2693
f 2790 2694 2693
f 2790 2791 2694
f 2791 2695 2694
f 2791 2792 2695
f 2792 2696 2695
f 2792 2793 2696
f 2793 2697 2696
f 2793 2794 2697
f 2794 2698 2697
f 2794 2795 2698
f 2795 2699 2698
f 2795 2796 2699
f 2796 2700 2699
f 2796 2797 2700
f 2797 2701 2700
f 2797 2798 2701
f 2798 2702 2701
f 2798 2799 2702
f 2799 2703 2702
f 2799 2800 2703
f 2800 2704 2703
f 2800 2801 2704
f 2801 2705 2704
f 2801 2802 2705
f 2802 2706 2705
f 2802 2803 2706
f 2803 2707 2706
f 2803 2804 2707
f 2804 2708 2707
f 2804 2805 2708
f 2805 2709 2708
f 2805 2806 2709
f 2806 2710 2709
f 2806 2807 2710
f 2807 2711 2710
f 2807 2808 2711
f 2808 2712 2711
f 2808 2809 2712
f 2809 2713 2712
f 2809 2810 2713
f 2810 2714 2713
f 2810 2811 2714
f 2811 2715 2714
f 2811 2812 2715
f 2812 2716 2715
f 2812 2813 2716
f 2813 2717 2716
f 2813 2814 2717
f 2814 2718 2717
f 2814 2815 2718
f 2815 2719 2718
f 2815 2816 2719
f 2816 2720 2719
f 2816 2817 2720
f 2817 2721 2720
f 2817 2818 2721
f 2818 2722 2721
f 2818 2819 2722
f 2819 2723 2722
f 2819 2820 2723
f 2820 2724 2723
f 2820 2821 2724
f 2821 2725 2724
f 2821 2822 2725
f 2822 2726 2725
f 2822 2823 2726
f 2823 2727 2726
f 2823 2824 2727
f 2824 2728 2727
f 2824 2825 2728
f 2825 2729 2728
f 2825 2826 2729
f 2826 2730 2729
f 2826 2827 2730
f 2827 2731 2730
f 2827 2828 2731
f 2828 2732 2731
f 2828 2829 2732
f 2829 2733 2732
f 2829 2830 2733
f 2830 2734 2733
f 2830 2831 2734
f 2831 2735 2734
f 2831 2832 2735
f 2832 2736 2735
f 2832 2833 2736
f 2833 2737 2736
f 2833 2834 2737
f 2834 2738 2737
f 2834 2835 2738
f 2835 2739 2738
f 2835 2836 2739
f 2836 2740 2739
f 2836 2837 2740
f 2837 2741 2740
f 2837 2838 2741
f 2838 2742 2741
f 2838 2839 2742
f 2839 2743 2742
f 2839 2840 2743
f 2840 2744 2743
f 2840 2841 2744
f 2841 2745 2744
f 2841 2842 2745
f 2842 2746 2745
f 2842 2843 2746
f 2843 2747 2746
f 2843 2844 2747
f 2844 2748 2747
f 2844 2845 2748
f 2845 2749 2748
f 2845 2846 2749
f 2846 2750 2749
f 2846 2847 2750
f 2847 2751 2750
f 2847 2848 2751
f 2848 2752 2751
f 2848 2849 2752
f 2849 2753 2752
f 2849 2850 2753
f 2850 2754 2753
f 2850 2851 2754
f 2851 2755 2754
f 2851 2852 2755
f 2852 2756 2755
f 2852 2853 2756
f 2853 2757 2756
f 2853 2854 2757
f 2854 2758 2757
f 2854 2855 2758
f 2855 2759 2758
f 2855 2856 2759
f 2856 2760 2759
f 2856 2857 2760
f 2857 2761 2760
f 2857 2858 2761
f 2858 2762 2761
f 2858 2859 2762
f 2859 2763 2762
f 2859 2860 2763
f 2860 2764 2763
f 2860 2861 2764
f 2861 2765 2764
f 2861 2862 2765
f 2862 2766 2765
f 2862 2863 2766
f 2863 2767 2766
f 2863 2864 2767
f 2864 2768 2767
f 2864 2865 2768
f 2865 2769 2768
f 2865 2866 2769
f 2866 2770 2769
f 2866 2867 2770
f 2867 2771 2770
f 2867 2868 2771
f 2868 2772 2771
f 2868 2869 2772
f 2869 2773 2772
f 2869 2870 2773
f 2870 2774 2773
f 2870 2871 2774
f 2871 2775 2774
f 2871 2872 2775
f 2872 2776 2775
f 2872 2873 2776
f 2873 2777 2776
f 2873 2874 2777
f 2874 2778 2777
f 2874 2875 2778
f 2875 2779 2778
f 2875 2876 2779
f 2876 2780 2779
f 2876 2877 2780
f 2877 2781 2780
f 2877 2878 2781
f 2878 2782 2781
f 2878 2879 2782
f 2879 2783 2782
f 2879 2880 2783
f 2880 2784 2783
f 2880 2785 2784
f 2785 2689 2784
f 2881 2882 2785
f 2882 2786 2785
f 2882 2883 2786
f 2883 2787 2786
f 2883 2884 2787
f 2884 2788 2787
f 2884 2885 2788
f 2885 2789 2788
f 2885 2886 2789
f 2886 2790 2789
f 2886 2887 2790
f 2887 2791 2790
f 2887 2888 2791
f 2888 2792 2791
f 2888 2889 2792
f 2889 2793 2792
f 2889 2890 2793
f 2890 2794 2793
f 2890 2891 2794
f 2891 2795 2794
f 2891 2892 2795
f 2892 2796 2795
f 2892 2893 2796
f 2893 2797 2796
f 2893 2894 2797
f 2894 2798 2797
f 2894 2895 2798
f 2895 2799 2798
f 2895 2896 2799
f 2896 2800 2799
f 2896 2897 2800
f 2897 2801 2800
f 2897 2898 2801
f 2898 2802 2801
f 2898 2899 2802
f 2899 2803 2802
f 2899 2900 2803
f 2900 2804 2803
f 2900 2901 2804
f 2901 2805 2804
f 2901 2902 2805
f 2902 2806 2805
f 2902 2903 2806
f 2903 2807 2806
f 2903 2904 2807
f 2904 2808 2807
f 2904 2905 2808
f 2905 2809 2808
f 2905 2906 2809
f 2906 2810 2809
f 2906 2907 2810
f 2907 2811 2810
f 2907 2908 2811
f 2908 2812 2811
f 2908 2909 2812
f 2909 2813 2812
f 2909 2910 2813
f 2910 2814 2813
f 2910 2911 2814
f 2911 2815 2814
f 2911 2912 2815
f 2912 2816 2815
f 2912 2913 2816
f 2913 2817 2816
f 2913 2914 2817
f 2914 2818 2817
f 2914 2915 2818
f 2915 2819 2818
f 2915 2916 2819
f 2916 2820 2819
f 2916 2917 2820
f 2917 2821 2820
f 2917 2918 2821
f 2918 2822 2821
f 2918 2919 2822
f 2919 2823 2822
f 2919 2920 2823
f 2920 2824 2823
f 2920 2921 2824
f 2921 2825 2824
f 2921 2922 2825
f 2922 2826 2825
f 2922 2923 2826
f 2923 2827 2826
f 2923 2924 2827
f 2924 2828 2827
f 2924 2925 2828
f 2925 2829 2828
f 2925 2926 2829
f 2926 2830 2829
f 2926 2927 2830
f 2927 2831 2830
f 2927 2928 2831
f 2928 2832 2831
f 2928 2929 2832
f 2929 2833 2832
f 2929 2930 2833
f 2930 2834 2833
f 2930 2931 2834
f 2931 2835 2834
f 2931 2932 2835
f 2932 2836 2835
f 2932 2933 2836
f 2933 2837 2836
f 2933 2934 2837
f 2934 2838 2837
f 2934 2935 2838
f 2935 2839 2838
f 2935 2936 2839
f 2936 2840 2839
f 2936 2937 2840
f 2937 2841 2840
f 2937 2938 2841
f 2938 2842 2841
f 2938 2939 2842
f 2939 2843 2842
f 2939 2940 2843
f 2940 2844 2843
f 2940 2941 2844
f 2941 2845 2844
f 2941 2942 2845
f 2942 2846 2845
f 2942 2943 2846
f 2943 2847 2846
f 2943 2944 2847
f 2944 2848 2847
f 2944 2945 2848
f 2945 2849 2848
f 2945 2946 2849
f 2946 2850 2849
f 2946 2947 2850
f 2947 2851 2850
f 2947 2948 2851
f 2948 2852 2851
f 2948 2949 2852
f 2949 2853 2852
f 2949 2950 2853
f 2950 2854 2853
f 2950 2951 2854
f 2951 2855 2854
f 2951 2952 2855
f 2952 2856 2855
f 2952 2953 2856
f 2953 2857 2856
f 2953 2954 2857
f 2954 2858 2857
f 2954 2955 2858
f 2955 2859 2858
f 2955 2956 2859
f 2956 2860 2859
f 2956 2957 2860
f 2957 2861 2860
f 2957 2958 2861
f 2958 2862 2861
f 2958 2959 2862
f 2959 2863 2862
f 2959 2960 2863
f 2960 2864 2863
f 2960 2961 2864
f 2961 2865 2864
f 2961 2962 2865
f 2962 2866 2865
f 2962 2963 2866
f 2963 2867 2866
f 2963 2964 2867
f 2964 2868 2867
f 2964 2965 2868
f 2965 2869 2868
f 2965 2966 2869
f 2966 2870 2869
f 2966 2967 2870
f 2967 2871 2870
f 2967 2968 2871
f 2968 2872 2871
f 2968 2969 2872
f 2969 2873 2872
f 2969 2970 2873
f 2970 2874 2873
f 2970 2971 2874
f 2971 2875 2874
f 2971 2972 2875
f 2972 2876 2875
f 2972 2973 2876
f 2973 2877 2876
f 2973 2974 2877
f 2974 2878 2877
f 2974 2975 2878
f 2975 2879 2878
f 2975 2976 2879
f 2976 2880 2879
f 2976 2881 2880
f 2881 2785 2880
f 2977 2978 2881
f 2978 2882 2881
f 2978 2979 2882
f 2979 2883 2882
f 2979 2980 2883
f 2980 2884 2883
f 2980 2981 2884
f 2981 2885 2884
f 2981 2982 2885
f 2982 2886 2885
f 2982 2983 2886
f 2983 2887 2886
f 2983 2984 2887
f 2984 2888 2887
f 2984 2985 2888
f 2985 2889 2888
f 2985 2986 2889
f 2986 2890 2889
f 2986 2987 2890
f 2987 2891 2890
f 2987 2988 2891
f 2988 2892 2891
f 2988 2989 2892
f 2989 2893 2892
f 2989 2990 2893
f 2990 2894 2893
f 2990 2991 2894
f 2991 2895 2894
f 2991 2992 2895
f 2992 2896 2895
f 2992 2993 2896
f 2993 2897 2896
f 2993 2994 2897
f 2994 2898 2897
f 2994 2995 2898
f 2995 2899 2898
f 2995 2996 2899
f 2996 2900 2899
f 2996 2997 2900
f 2997 2901 2900
f 2997 2998 2901
f 2998 2902 2901
f 2998 2999 2902
f 2999 2903 2902
f 2999 3000 2903
f 3000 2904 2903
f 3000 3001 2904
f 3001 2905 2904
f 3001 3002 2905
f 3002 2906 2905
f 3002 3003 2906
f 3003 2907 2906
f 3003 3004 2907
f 3004 2908 2907
f 3004 3005 2908
f 3005 2909 2908
f 3005 3006 2909
f 3006 2910 2909
f 3006 3007 2910
f 3007 2911 2910
f 3007 3008 2911
f 3008 2912 2911
f 3008 3009 2912
f 3009 2913 2912
f 3009 3010 2913
f 3010 2914 2913
f 3010 3011 2914
f 3011 2915 2914
f 3011 3012 2915
f 3012 2916 2915
f 3012 3013 2916
f 3013 2917 2916
f 3013 3014 2917
f 3014 2918 2917
f 3014 3015 2918
f 3015 2919 2918
f 3015 3016 2919
f 3016 2920 2919
f 3016 3017 2920
f 3017 2921 2920
f 3017 3018 2921
f 3018 2922 2921
f 3018 3019 2922
f 3019 2923 2922
f 3019 3020 2923
f 3020 2924 2923
f 3020 3021 2924
f 3021 2925 2924
f 3021 3022 2925
f 3022 2926 2925
f 3022 3023 2926
f 3023 2927 2926
f 3023 3024 2927
f 3024 2928 2927
f 3024 3025 2928
f 3025 2929 2928
f 3025 3026 2929
f 3026 2930 2929
f 3026 3027 2930
f 3027 2931 2930
f 3027 3028 2931
f 3028 2932 2931
f 3028 3029 2932
f 3029 2933 2932
f 3029 3030 2933
f 3030 2934 2933
f 3030 3031 2934
f 3031 2935 2934
f 3031 3032 2935
f 3032 2936 2935
f 3032 3033 2936
f 3033 2937 2936
f 3033 3034 2937
f 3034 2938 2937
f 3034 3035 2938
f 3035 2939 2938
f 3035 3036 2939
f 3036 2940 2939
f 3036 3037 2940
f 3037 2941 2940
f 3037 3038 2941
f 3038 2942 2941
f 3038 3039 2942
f 3039 2943 2942
f 3039 3040 2943
f 3040 2944 2943
f 3040 3041 2944
f 3041 2945 2944
f 3041 3042 2945
f 3042 2946 2945
f 3042 3043 2946
f 3043 2947 2946
f 3043 3044 2947
f 3044 2948 2947
f 3044 3045 2948
f 3045 2949 2948
f 3045 3046 2949
f 3046 2950 2949
f 3046 3047 2950
f 3047 2951 2950
f 3047 3048 2951
f 3048 2952 2951
f 3048 3049 2952
f 3049 2953 2952
f 3049 3050 2953
f 3050 2954 2953
f 3050 3051 2954
f 3051 2955 2954
f 3051 3052 2955
f 3052 2956 2955
f 3052 3053 2956
f 3053 2957 2956
f 3053 3054 2957
f 3054 2958 2957
f 3054 3055 2958
f 3055 2959 2958
f 3055 3056 2959
f 3056 2960 2959
f 3056 3057 2960
f 3057 2961 2960
f 3057 3058 2961
f 3058 2962 2961
f 3058 3059 2962
f 3059 2963 2962
f 3059 3060 2963
f 3060 2964 2963
f 3060 3061 2964
f 3061 2965 2964
f 3061 3062 2965
f 3062 2966 2965
f 3062 3063 2966
f 3063 2967 2966
f 3063 3064 2967
f 3064 2968 2967
f 3064 3065 2968
f 3065 2969 2968
f 3065 3066 2969
f 3066 2970 2969
f 3066 3067 2970
f 3067 2971 2970
f 3067 3068 2971
f 3068 2972 2971
f 3068 3069 2972
f 3069 2973 2972
f 3069 3070 2973
f 3070 2974 2973
f 3070 3071 2974
f 3071 2975 2974
f 3071 3072 2975
f 3072 2976 2975
f 3072 2977 2976
f 2977 2881 2976
f 3073 3074 2977
f 3074 2978 2977
f 3074 3075 2978
f 3075 2979 2978
f 3075 3076 2979
f 3076 2980 2979
f 3076 3077 2980
f 3077 2981 2980
f 3077 3078 2981
f 3078 2982 2981
f 3078 3079 2982
f 3079 2983 2982
f 3079 3080 2983
f 3080 2984 2983
f 3080 3081 2984
f 3081 2985 2984
f 3081 3082 2985
f 3082 2986 2985
f 3082 3083 2986
f 3083 2987 2986
f 3083 3084 2987
f 3084 2988 2987
f 3084 3085 2988
f 3085 2989 2988
f 3085 3086 2989
f 3086 2990 2989
f 3086 3087 2990
f 3087 2991 2990
f 3087 3088 2991
f 3088 2992 2991
f 3088 3089 2992
f 3089 2993 2992
f 3089 3090 2993
f 3090 2994 2993
f 3090 3091 2994
f 3091 2995 2994
f 3091 3092 2995
f 3092 2996 2995
f 3092 3093 2996
f 3093 2997 2996
f 3093 3094 2997
f 3094 2998 2997
f 3094 3095 2998
f 3095 2999 2998
f 3095 3096 2999
f 3096 3000 2999
f 3096 3097 3000
f 3097 3001 3000
f 3097 3098 3001
f 3098 3002 3001
f 3098 3099 3002
f 3099 3003 3002
f 3099 3100 3003
f 3100 3004 3003
f 3100 3101 3004
f 3101 3005 3004
f 3101 3102 3005
f 3102 3006 3005
f 3102 3103 3006
f 3103 3007 3006
f 3103 3104 3007
f 3104 3008 3007
f 3104 3105 3008
f 3105 3009 3008
f 3105 3106 3009
f 3106 3010 3009
f 3106 3107 3010
f 3107 3011 3010
f 3107 3108 3011
f 3108 3012 3011
f 3108 3109 3012
f 3109 3013 3012
f 3109 3110 3013
f 3110 3014 3013
f 3110 3111 3014
f 3111 3015 3014
f 3111 3112 3015
f 3112 3016 3015
f 3112 3113 3016
f 3113 3017 3016
f 3113 3114 3017
f 3114 3018 3017
f 3114 3115 3018
f 3115 3019 3018
f 3115 3116 3019
f 3116 3020 3019
f 3116 3117 3020
f 3117 3021 3020
f 3117 3118 3021
f 3118 3022 3021
f 3118 3119 3022
f 3119 3023 3022
f 3119 3120 3023
f 3120 3024 3023
f 3120 3121 3024
f 3121 3025 3024
f 3121 3122 3025
f 3122 3026 3025
f 3122 3123 3026
f 3123 3027 3026
f 3123 3124 3027
f 3124 3028 3027
f 3124 3125 3028
f 3125 3029 3028
f 3125 3126 3029
f 3126 3030 3029
f 3126 3127 3030
f 3127 3031 3030
f 3127 3128 3031
f 3128 3032 3031
f 3128 3129 3032
f 3129 3033 3032
f 3129 3130 3033
f 3130 3034 3033
f 3130 3131 3034
f 3131 3035 3034
f 3131 3132 3035
f 3132 3036 3035
f 3132 3133 3036
f 3133 3037 3036
f 3133 3134 3037
f 3134 3038 3037
f 3134 3135 3038
f 3135 3039 3038
f 3135 3136 3039
f 3136 3040 3039
f 3136 3137 3040
f 3137 3041 3040
f 3137 3138 3041
f 3138 3042 3041
f 3138 3139 3042
f 3139 3043 3042
f 3139 3140 3043
f 3140 3044 3043
f 3140 3141 3044
f 3141 3045 3044
f 3141 3142 3045
f 3142 3046 3045
f 3142 3143 3046
f 3143 3047 3046
f 3143 3144 3047
f 3144 3048 3047
f 3144 3145 3048
f 3145 3049 3048
f 3145 3146 3049
f 3146 3050 3049
f 3146 3147 3050
f 3147 3051 3050
f 3147 3148 3051
f 3148 3052 3051
f 3148 3149 3052
f 3149 3053 3052
f 3149 3150 3053
f 3150 3054 3053
f 3150 3151 3054
f 3151 3055 3054
f 3151 3152 3055
f 3152 3056 3055
f 3152 3153 3056
f 3153 3057 3056
f 3153 3154 3057
f 3154 3058 3057
f 3154 3155 3058
f 3155 3059 3058
f 3155 3156 3059
f 3156 3060 3059
f 3156 3157 3060
f 3157 3061 3060
f 3157 3158 3061
f 3158 3062 3061
f 3158 3159 3062
f 3159 3063 3062
f 3159 3160 3063
f 3160 3064 3063
f 3160 3161 3064
f 3161 3065 3064
f 3161 3162 3065
f 3162 3066 3065
f 3162 3163 3066
f 3163 3067 3066
f 3163 3164 3067
f 3164 3068 3067
f 3164 3165 3068
f 3165 3069 3068
f 3165 3166 3069
f 3166 3070 3069
f 3166 3167 3070
f 3167 3071 3070
f 3167 3168 3071
f 3168 3072 3071
f 3168 3073 3072
f 3073 2977 3072
f 3169 3170 3073
f 3170 3074 3073
f 3170 3171 3074
f 3171 3075 3074
f 3171 3172 3075
f 3172 3076 3075
f 3172 3173 3076
f 3173 3077 3076
f 3173 3174 3077
f 3174 3078 3077
f 3174 3175 3078
f 3175 3079 3078
f 3175 3176 3079
f 3176 3080 3079
f 3176 3177 3080
f 3177 3081 3080
f 3177 3178 3081
f 3178 3082 3081
f 3178 3179 3082
f 3179 3083 3082
f 3179 3180 3083
f 3180 3084 3083
f 3180 3181 3084
f 3181 3085 3084
f 3181 3182 3085
f 3182 3086 3085
f 3182 3183 3086
f 3183 3087 3086
f 3183 3184 3087
f 3184 3088 3087
f 3184 3185 3088
f 3185 3089 3088
f 3185 3186 3089
f 3186 3090 3089
f 3186 3187 3090
f 3187 3091 3090
f 3187 3188 3091
f 3188 3092 3091
f 3188 3189 3092
f 3189 3093 3092
f 3189 3190 3093
f 3190 3094 3093
f 3190 3191 3094
f 3191 3095 3094
f 3191 3192 3095
f 3192 3096 3095
f 3192 3193 3096
f 3193 3097 3096
f 3193 3194 3097
f 3194 3098 3097
f 3194 3195 3098
f 3195 3099 3098
f 3195 3196 3099
f 3196 3100 3099
f 3196 3197 3100
f 3197 3101 3100
f 3197 3198 3101
f 3198 3102 3101
f 3198 3199 3102
f 3199 3103 3102
f 3199 3200 3103
f 3200 3104 3103
f 3200 3201 3104
f 3201 3105 3104
f 3201 3202 3105
f 3202 3106 3105
f 3202 3203 3106
f 3203 3107 3106
f 3203 3204 3107
f 3204 3108 3107
f 3204 3205 3108
f 3205 3109 3108
f 3205 3206 3109
f 3206 3110 3109
f 3206 3207 3110
f 3207 3111 3110
f 3207 3208 3111
f 3208 3112 3111
f 3208 3209 3112
f 3209 3113 3112
f 3209 3210 3113
f 3210 3114 3113
f 3210 3211 3114
f 3211 3115 3114
f 3211 3212 3115
f 3212 3116 3115
f 3212 3213 3116
f 3213 3117 3116
f 3213 3214 3117
f 3214 3118 3117
f 3214 3215 3118
f 3215 3119 3118
f 3215 3216 3119
f 3216 3120 3119
f 3216 3217 3120
f 3217 3121 3120
f 3217 3218 3121
f 3218 3122 3121
f 3218 3219 3122
f 3219 3123 3122
f 3219 3220 3123
f 3220 3124 3123
f 3220 3221 3124
f 3221 3125 3124
f 3221 3222 3125
f 3222 3126 3125
f 3222 3223 3126
f 3223 3127 3126
f 3223 3224 3127
f 3224 3128 3127
f 3224 3225 3128
f 3225 3129 3128
f 3225 3226 3129
f 3226 3130 3129
f 3226 3227 3130
f 3227 3131 3130
f 3227 3228 3131
f 3228 3132 3131
f 3228 3229 3132
f 3229 3133 3132
f 3229 3230 3133
f 3230 3134 3133
f 3230 3231 3134
f 3231 3135 3134
f 3231 3232 3135
f 3232 3136 3135
f 3232 3233 3136
f 3233 3137 3136
f 3233 3234 3137
f 3234 3138 3137
f 3234 3235 3138
f 3235 3139 3138
f 3235 3236 3139
f 3236 3140 3139
f 3236 3237 3140
f 3237 3141 3140
f 3237 3238 3141
f 3238 3142 3141
f 3238 3239 3142
f 3239 3143 3142
f 3239 3240 3143
f 3240 3144 3143
f 3240 3241 3144
f 3241 3145 3144
f 3241 3242 3145
f 3242 3146 3145
f 3242 3243 3146
f 3243 3147 3146
f 3243 3244 3147
f 3244 3148 3147
f 3244 3245 3148
f 3245 3149 3148
f 3245 3246 3149
f 3246 3150 3149
f 3246 3247 3150
f 3247 3151 3150
f 3247 3248 3151
f 3248 3152 3151
f 3248 3249 3152
f 3249 3153 3152
f 3249 3250 3153
f 3250 3154 3153
f 3250 3251 3154
f 3251 3155 3154
f 3251 3252 3155
f 3252 3156 3155
f 3252 3253 3156
f 3253 3157 3156
f 3253 3254 3157
f 3254 3158 3157
f 3254 3255 3158
f 3255 3159 3158
f 3255 3256 3159
f 3256 3160 3159
f 3256 3257 3160
f 3257 3161 3160
f 3257 3258 3161
f 3258 3162 3161
f 3258 3259 3162
f 3259 3163 3162
f 3259 3260 3163
f 3260 3164 3163
f 3260 3261 3164
f 3261 3165 3164
f 3261 3262 3165
f 3262 3166 3165
f 3262 3263 3166
f 3263 3167 3166
f 3263 3264 3167
f 3264 3168 3167
f 3264 3169 3168
f 3169 3073 3168
f 3265 3266 3169
f 3266 3170 3169
f 3266 3267 3170
f 3267 3171 3170
f 3267 3268 3171
f 3268 3172 3171
f 3268 3269 3172
f 3269 3173 3172
f 3269 3270 3173
f 3270 3174 3173
f 3270 3271 3174
f 3271 3175 3174
f 3271 3272 3175
f 3272 3176 3175
f 3272 3273 3176
f 3273 3177 3176
f 3273 3274 3177
f 3274 3178 3177
f 3274 3275 3178
f 3275 3179 3178
f 3275 3276 3179
f 3276 3180 3179
f 3276 3277 3180
f 3277 3181 3180
f 3277 3278 3181
f 3278 3182 3181
f 3278 3279 3182
f 3279 3183 3182
f 3279 3280 3183
f 3280 3184 3183
f 3280 3281 3184
f 3281 3185 3184
f 3281 3282 3185
f 3282 3186 3185
f 3282 3283 3186
f 3283 3187 3186
f 3283 3284 3187
f 3284 3188 3187
f 3284 3285 3188
f 3285 3189 3188
f 3285 3286 3189
f 3286 3190 3189
f 3286 3287 3190
f 3287 3191 3190
f 3287 3288 3191
f 3288 3192 3191
f 3288 3289 3192
f 3289 3193 3192
f 3289 3290 3193
f 3290 3194 3193
f 3290 3291 3194
f 3291 3195 3194
f 3291 3292 3195
f 3292 3196 3195
f 3292 3293 3196
f 3293 3197 3196
f 3293 3294 3197
f 3294 3198 3197
f 3294 3295 3198
f 3295 3199 3198
f 3295 3296 3199
f 3296 3200 3199
f 3296 3297 3200
f 3297 3201 3200
f 3297 3298 3201
f 3298 3202 3201
f 3298 3299 3202
f 3299 3203 3202
f 3299 3300 3203
f 3300 3204 3203
f 3300 3301 3204
f 3301 3205 3204
f 3301 3302 3205
f 3302 3206 3205
f 3302 3303 3206
f 3303 3207 3206
f 3303 3304 3207
f 3304 3208 3207
f 3304 3305 3208
f 3305 3209 3208
f 3305 3306 3209
f 3306 3210 3209
f 3306 3307 3210
f 3307 3211 3210
f 3307 3308 3211
f 3308 3212 3211
f 3308 3309 3212
f 3309 3213 3212
f 3309 3310 3213
f 3310 3214 3213
f 3310 3311 3214
f 3311 3215 3214
f 3311 3312 3215
f 3312 3216 3215
f 3312 3313 3216
f 3313 3217 3216
f 3313 3314 3217
f 3314 3218 3217
f 3314 3315 3218
f 3315 3219 3218
f 3315 3316 3219
f 3316 3220 3219
f 3316 3317 3220
f 3317 3221 3220
f 3317 3318 3221
f 3318 3222 3221
f 3318 3319 3222
f 3319 3223 3222
f 3319 3320 3223
f 3320 3224 3223
f 3320 3321 3224
f 3321 3225 3224
f 3321 3322 3225
f 3322 3226 3225
f 3322 3323 3226
f 3323 3227 3226
f 3323 3324 3227
f 3324 3228 3227
f 3324 3325 3228
f 3325 3229 3228
f 3325 3326 3229
f 3326 3230 3229
f 3326 3327 3230
f 3327 3231 3230
f 3327 3328 3231
f 3328 3232 3231
f 3328 3329 3232
f 3329 3233 3232
f 3329 3330 3233
f 3330 3234 3233
f 3330 3331 3234
f 3331 3235 3234
f 3331 3332 3235
f 3332 3236 3235
f 3332 3333 3236
f 3333 3237 3236
f 3333 3334 3237
f 3334 3238 3237
f 3334 3335 3238
f 3335 3239 3238
f 3335 3336 3239
f 3336 3240 3239
f 3336 3337 3240
f 3337 3241 3240
f 3337 3338 3241
f 3338 3242 3241
f 3338 3339 3242
f 3339 3243 3242
f 3339 3340 3243
f 3340 3244 3243
f 3340 3341 3244
f 3341 3245 3244
f 3341 3342 3245
f 3342 3246 3245
f 3342 3343 3246
f 3343 3247 3246
f 3343 3344 3247
f 3344 3248 3247
f 3344 3345 3248
f 3345 3249 3248
f 3345 3346 3249
f 3346 3250 3249
f 3346 3347 3250
f 3347 3251 3250
f 3347 3348 3251
f 3348 3252 3251
f 3348 3349 3252
f 3349 3253 3252
f 3349 3350 3253
f 3350 3254 3253
f 3350 3351 3254
f 3351 3255 3254
f 3351 3352 3255
f 3352 3256 3255
f 3352 3353 3256
f 3353 3257 3256
f 3353 3354 3257
f 3354 3258 3257
f 3354 3355 3258
f 3355 3259 3258
f 3355 3356 3259
f 3356 3260 3259
f 3356 3357 3260
f 3357 3261 3260
f 3357 3358 3261
f 3358 3262 3261
f 3358 3359 3262
f 3359 3263 3262
f 3359 3360 3263
f 3360 3264 3263
f 3360 3265 3264
f 3265 3169 3264
f 3361 3362 3265
f 3362 3266 3265
f 3362 3363 3266
f 3363 3267 3266
f 3363 3364 3267
f 3364 3268 3267
f 3364 3365 3268
f 3365 3269 3268
f 3365 3366 3269
f 3366 3270 3269
f 3366 3367 3270
f 3367 3271 3270
f 3367 3368 3271
f 3368 3272 3271
f 3368 3369 3272
f 3369 3273 3272
f 3369 3370 3273
f 3370 3274 3273
f 3370 3371 3274
f 3371 3275 3274
f 3371 3372 3275
f 3372 3276 3275
f 3372 3373 3276
f 3373 3277 3276
f 3373 3374 3277
f 3374 3278 3277
f 3374 3375 3278
f 3375 3279 3278
f 3375 3376 3279
f 3376 3280 3279
f 3376 3377 3280
f 3377 3281 3280
f 3377 3378 3281
f 3378 3282 3281
f 3378 3379 3282
f 3379 3283 3282
f 3379 3380 3283
f 3380 3284 3283
f 3380 3381 3284
f 3381 3285 3284
f 3381 3382 3285
f 3382 3286 3285
f 3382 3383 3286
f 3383 3287 3286
f 3383 3384 3287
f 3384 3288 3287
f 3384 3385 3288
f 3385 3289 3288
f 3385 3386 3289
f 3386 3290 3289
f 3386 3387 3290
f 3387 3291 3290
f 3387 3388 3291
f 3388 3292 3291
f 3388 3389 3292
f 3389 3293 3292
f 3389 3390 3293
f 3390 3294 3293
f 3390 3391 3294
f 3391 3295 3294
f 3391 3392 3295
f 3392 3296 3295
f 3392 3393 3296
f 3393 3297 3296
f 3393 3394 3297
f 3394 3298 3297
f 3394 3395 3298
f 3395 3299 3298
f 3395 3396 3299
f 3396 3300 3299
f 3396 3397 3300
f 3397 3301 3300
f 3397 3398 3301
f 3398 3302 3301
f 3398 3399 3302
f 3399 3303 3302
f 3399 3400 3303
f 3400 3304 3303
f 3400 3401 3304
f 3401 3305 3304
f 3401 3402 3305
f 3402 3306 3305
f 3402 3403 3306
f 3403 3307 3306
f 3403 3404 3307
f 3404 3308 3307
f 3404 3405 3308
f 3405 3309 3308
f 3405 3406 3309
f 3406 3310 3309
f 3406 3407 3310
f 3407 3311 3310
f 3407 3408 3311
f 3408 3312 3311
f 3408 3409 3312
f 3409 3313 3312
f 3409 3410 3313
f 3410 3314 3313
f 3410 3411 3314
f 3411 3315 3314
f 3411 3412 3315
f 3412 3316 3315
f 3412 3413 3316
f 3413 3317 3316
f 3413 3414 3317
f 3414 3318 3317
f 3414 3415 3318
f 3415 3319 3318
f 3415 3416 3319
f 3416 3320 3319
f 3416 3417 3320
f 3417 3321 3320
f 3417 3418 3321
f 3418 3322 3321
f 3418 3419 3322
f 3419 3323 3322
f 3419 3420 3323
f 3420 3324 3323
f 3420 3421 3324
f 3421 3325 3324
f 3421 3422 3325
f 3422 3326 3325
f 3422 3423 3326
f 3423 3327 3326
f 3423 3424 3327
f 3424 3328 3327
f 3424 3425 3328
f 3425 3329 3328
f 3425 3426 3329
f 3426 3330 3329
f 3426 3427 3330
f 3427 3331 3330
f 3427 3428 3331
f 3428 3332 3331
f 3428 3429 3332
f 3429 3333 3332
f 3429 3430 3333
f 3430 3334 3333
f 3430 3431 3334
f 3431 3335 3334
f 3431 3432 3335
f 3432 3336 3335
f 3432 3433 3336
f 3433 3337 3336
f 3433 3434 3337
f 3434 3338 3337
f 3434 3435 3338
f 3435 3339 3338
f 3435 3436 3339
f 3436 3340 3339
f 3436 3437 3340
f 3437 3341 3340
f 3437 3438 3341
f 3438 3342 3341
f 3438 3439 3342
f 3439 3343 3342
f 3439 3440 3343
f 3440 3344 3343
f 3440 3441 3344
f 3441 3345 3344
f 3441 3442 3345
f 3442 3346 3345
f 3442 3443 3346
f 3443 3347 3346
f 3443 3444 3347
f 3444 3348 3347
f 3444 3445 3348
f 3445 3349 3348
f 3445 3446 3349
f 3446 3350 3349
f 3446 3447 3350
f 3447 3351 3350
f 3447 3448 3351
f 3448 3352 3351
f 3448 3449 3352
f 3449 3353 3352
f 3449 3450 3353
f 3450 3354 3353
f 3450 3451 3354
f 3451 3355 3354
f 3451 3452 3355
f 3452 3356 3355
f 3452 3453 3356
f 3453 3357 3356
f 3453 3454 3357
f 3454 3358 3357
f 3454 3455 3358
f 3455 3359 3358
f 3455 3456 3359
f 3456 3360 3359
f 3456 3361 3360
f 3361 3265 3360
f 3457 3458 3361
f 3458 3362 3361
f 3458 3459 3362
f 3459 3363 3362
f 3459 3460 3363
f 3460 3364 3363
f 3460 3461 3364
f 3461 3365 3364
f 3461 3462 3365
f 3462 3366 3365
f 3462 3463 3366
f 3463 3367 3366
f 3463 3464 3367
f 3464 3368 3367
f 3464 3465 3368
f 3465 3369 3368
f 3465 3466 3369
f 3466 3370 3369
f 3466 3467 3370
f 3467 3371 3370
f 3467 3468 3371
f 3468 3372 3371
f 3468 3469 3372
f 3469 3373 3372
f 3469 3470 3373
f 3470 3374 3373
f 3470 3471 3374
f 3471 3375 3374
f 3471 3472 3375
f 3472 3376 3375
f 3472 3473 3376
f 3473 3377 3376
f 3473 3474 3377
f 3474 3378 3377
f 3474 3475 3378
f 3475 3379 3378
f 3475 3476 3379
f 3476 3380 3379
f 3476 3477 3380
f 3477 3381 3380
f 3477 3478 3381
f 3478 3382 3381
f 3478 3479 3382
f 3479 3383 3382
f 3479 3480 3383
f 3480 3384 3383
f 3480 3481 3384
f 3481 3385 3384
f 3481 3482 3385
f 3482 3386 3385
f 3482 3483 3386
f 3483 3387 3386
f 3483 3484 3387
f 3484 3388 3387
f 3484 3485 3388
f 3485 3389 3388
f 3485 3486 3389
f 3486 3390 3389
f 3486 3487 3390
f 3487 3391 3390
f 3487 3488 3391
f 3488 3392 3391
f 3488 3489 3392
f 3489 3393 3392
f 3489 3490 3393
f 3490 3394 3393
f 3490 3491 3394
f 3491 3395 3394
f 3491 3492 3395
f 3492 3396 3395
f 3492 3493 3396
f 3493 3397 3396
f 3493 3494 3397
f 3494 3398 3397
f 3494 3495 3398
f 3495 3399 3398
f 3495 3496 3399
f 3496 3400 3399
f 3496 3497 3400
f 3497 3401 3400
f 3497 3498 3401
f 3498 3402 3401
f 3498 3499 3402
f 3499 3403 3402
f 3499 3500 3403
f 3500 3404 3403
f 3500 3501 3404
f 3501 3405 3404
f 3501 3502 3405
f 3502 3406 3405
f 3502 3503 3406
f 3503 3407 3406
f 3503 3504 3407
f 3504 3408 3407
f 3504 3505 3408
f 3505 3409 3408
f 3505 3506 3409
f 3506 3410 3409
f 3506 3507 3410
f 3507 3411 3410
f 3507 3508 3411
f 3508 3412 3411
f 3508 3509 3412
f 3509 3413 3412
f 3509 3510 3413
f 3510 3414 3413
f 3510 3511 3414
f 3511 3415 3414
f 3511 3512 3415
f 3512 3416 3415
f 3512 3513 3416
f 3513 3417 3416
f 3513 3514 3417
f 3514 3418 3417
f 3514 3515 3418
f 3515 3419 3418
f 3515 3516 3419
f 3516 3420 3419
f 3516 3517 3420
f 3517 3421 3420
f 3517 3518 3421
f 3518 3422 3421
f 3518 3519 3422
f 3519 3423 3422
f 3519 3520 3423
f 3520 3424 3423
f 3520 3521 3424
f 3521 3425 3424
f 3521 3522 3425
f 3522 3426 3425
f 3522 3523 3426
f 3523 3427 3426
f 3523 3524 3427
f 3524 3428 3427
f 3524 3525 3428
f 3525 3429 3428
f 3525 3526 3429
f 3526 3430 3429
f 3526 3527 3430
f 3527 3431 3430
f 3527 3528 3431
f 3528 3432 3431
f 3528 3529 3432
f 3529 3433 3432
f 3529 3530 3433
f 3530 3434 3433
f 3530 3531 3434
f 3531 3435 3434
f 3531 3532 3435
f 3532 3436 3435
f 3532 3533 3436
f 3533 3437 3436
f 3533 3534 3437
f 3534 3438 3437
f 3534 3535 3438
f 3535 3439 3438
f 3535 3536 3439
f 3536 3440 3439
f 3536 3537 3440
f 3537 3441 3440
f 3537 3538 3441
f 3538 3442 3441
f 3538 3539 3442
f 3539 3443 3442
f 3539 3540 3443
f 3540 3444 3443
f 3540 3541 3444
f 3541 3445 3444
f 3541 3542 3445
f 3542 3446 3445
f 3542 3543 3446
f 3543 3447 3446
f 3543 3544 3447
f 3544 3448 3447
f 3544 3545 3448
f 3545 3449 3448
f 3545 3546 3449
f 3546 3450 3449
f 3546 3547 3450
f 3547 3451 3450
f 3547 3548 3451
f 3548 3452 3451
f 3548 3549 3452
f 3549 3453 3452
f 3549 3550 3453
f 3550 3454 3453
f 3550 3551 3454
f 3551 3455 3454
f 3551 3552 3455
f 3552 3456 3455
f 3552 3457 3456
f 3457 3361 3456
f 3553 3554 3457
f 3554 3458 3457
f 3554 3555 3458
f 3555 3459 3458
f 3555 3556 3459
f 3556 3460 3459
f 3556 3557 3460
f 3557 3461 3460
f 3557 3558 3461
f 3558 3462 3461
f 3558 3559 3462
f 3559 3463 3462
f 3559 3560 3463
f 3560 3464 3463
f 3560 3561 3464
f 3561 3465 3464
f 3561 3562 3465
f 3562 3466 3465
f 3562 3563 3466
f 3563 3467 3466
f 3563 3564 3467
f 3564 3468 3467
f 3564 3565 3468
f 3565 3469 3468
f 3565 3566 3469
f 3566 3470 3469
f 3566 3567 3470
f 3567 3471 3470
f 3567 3568 3471
f 3568 3472 3471
f 3568 3569 3472
f 3569 3473 3472
f 3569 3570 3473
f 3570 3474 3473
f 3570 3571 3474
f 3571 3475 3474
f 3571 3572 3475
f 3572 3476 3475
f 3572 3573 3476
f 3573 3477 3476
f 3573 3574 3477
f 3574 3478 3477
f 3574 3575 3478
f 3575 3479 3478
f 3575 3576 3479
f 3576 3480 3479
f 3576 3577 3480
f 3577 3481 3480
f 3577 3578 3481
f 3578 3482 3481
f 3578 3579 3482
f 3579 3483 3482
f 3579 3580 3483
f 3580 3484 3483
f 3580 3581 3484
f 3581 3485 3484
f 3581 3582 3485
f 3582 3486 3485
f 3582 3583 3486
f 3583 3487 3486
f 3583 3584 3487
f 3584 3488 3487
f 3584 3585 3488
f 3585 3489 3488
f 3585 3586 3489
f 3586 3490 3489
f 3586 3587 3490
f 3587 3491 3490
f 3587 3588 3491
f 3588 3492 3491
f 3588 3589 3492
f 3589 3493 3492
f 3589 3590 3493
f 3590 3494 3493
f 3590 3591 3494
f 3591 3495 3494
f 3591 3592 3495
f 3592 3496 3495
f 3592 3593 3496
f 3593 3497 3496
f 3593 3594 3497
f 3594 3498 3497
f 3594 3595 3498
f 3595 3499 3498
f 3595 3596 3499
f 3596 3500 3499
f 3596 3597 3500
f 3597 3501 3500
f 3597 3598 3501
f 3598 3502 3501
f 3598 3599 3502
f 3599 3503 3502
f 3599 3600 3503
f 3600 3504 3503
f 3600 3601 3504
f 3601 3505 3504
f 3601 3602 3505
f 3602 3506 3505
f 3602 3603 3506
f 3603 3507 3506
f 3603 3604 3507
f 3604 3508 3507
f 3604 3605 3508
f 3605 3509 3508
f 3605 3606 3509
f 3606 3510 3509
f 3606 3607 3510
f 3607 3511 3510
f 3607 3608 3511
f 3608 3512 3511
f 3608 3609 3512
f 3609 3513 3512
f 3609 3610 3513
f 3610 3514 3513
f 3610 3611 3514
f 3611 3515 3514
f 3611 3612 3515
f 3612 3516 3515
f 3612 3613 3516
f 3613 3517 3516
f 3613 3614 3517
f 3614 3518 3517
f 3614 3615 3518
f 3615 3519 3518
f 3615 3616 3519
f 3616 3520 3519
f 3616 3617 3520
f 3617 3521 3520
f 3617 3618 3521
f 3618 3522 3521
f 3618 3619 3522
f 3619 3523 3522
f 3619 3620 3523
f 3620 3524 3523
f 3620 3621 3524
f 3621 3525 3524
f 3621 3622 3525
f 3622 3526 3525
f 3622 3623 3526
f 3623 3527 3526
f 3623 3624 3527
f 3624 3528 3527
f 3624 3625 3528
f 3625 3529 3528
f 3625 3626 3529
f 3626 3530 3529
f 3626 3627 3530
f 3627 3531 3530
f 3627 3628 3531
f 3628 3532 3531
f 3628 3629 3532
f 3629 3533 3532
f 3629 3630 3533
f 3630 3534 3533
f 3630 3631 3534
f 3631 3535 3534
f 3631 3632 3535
f 3632 3536 3535
f 3632 3633 3536
f 3633 3537 3536
f 3633 3634 3537
f 3634 3538 3537
f 3634 3635 3538
f 3635 3539 3538
f 3635 3636 3539
f 3636 3540 3539
f 3636 3637 3540
f 3637 3541 3540
f 3637 3638 3541
f 3638 3542 3541
f 3638 3639 3542
f 3639 3543 3542
f 3639 3640 3543
f 3640 3544 3543
f 3640 3641 3544
f 3641 3545 3544
f 3641 3642 3545
f 3642 3546 3545
f 3642 3643 3546
f 3643 3547 3546
f 3643 3644 3547
f 3644 3548 3547
f 3644 3645 3548
f 3645 3549 3548
f 3645 3646 3549
f 3646 3550 3549
f 3646 3647 3550
f 3647 3551 3550
f 3647 3648 3551
f 3648 3552 3551
f 3648 3553 3552
f 3553 3457 3552
f 3649 3650 3553
f 3650 3554 3553
f 3650 3651 3554
f 3651 3555 3554
f 3651 3652 3555
f 3652 3556 3555
f 3652 3653 3556
f 3653 3557 3556
f 3653 3654 3557
f 3654 3558 3557
f 3654 3655 3558
f 3655 3559 3558
f 3655 3656 3559
f 3656 3560 3559
f 3656 3657 3560
f 3657 3561 3560
f 3657 3658 3561
f 3658 3562 3561
f 3658 3659 3562
f 3659 3563 3562
f 3659 3660 3563
f 3660 3564 3563
f 3660 3661 3564
f 3661 3565 3564
f 3661 3662 3565
f 3662 3566 3565
f 3662 3663 3566
f 3663 3567 3566
f 3663 3664 3567
f 3664 3568 3567
f 3664 3665 3568
f 3665 3569 3568
f 3665 3666 3569
f 3666 3570 3569
f 3666 3667 3570
f 3667 3571 3570
f 3667 3668 3571
f 3668 3572 3571
f 3668 3669 3572
f 3669 3573 3572
f 3669 3670 3573
f 3670 3574 3573
f 3670 3671 3574
f 3671 3575 3574
f 3671 3672 3575
f 3672 3576 3575
f 3672 3673 3576
f 3673 3577 3576
f 3673 3674 3577
f 3674 3578 3577
f 3674 3675 3578
f 3675 3579 3578
f 3675 3676 3579
f 3676 3580 3579
f 3676 3677 3580
f 3677 3581 3580
f 3677 3678 3581
f 3678 3582 3581
f 3678 3679 3582
f 3679 3583 3582
f 3679 3680 3583
f 3680 3584 3583
f 3680 3681 3584
f 3681 3585 3584
f 3681 3682 3585
f 3682 3586 3585
f 3682 3683 3586
f 3683 3587 3586
f 3683 3684 3587
f 3684 3588 3587
f 3684 3685 3588
f 3685 3589 3588
f 3685 3686 3589
f 3686 3590 3589
f 3686 3687 3590
f 3687 3591 3590
f 3687 3688 3591
f 3688 3592 3591
f 3688 3689 3592
f 3689 3593 3592
f 3689 3690 3593
f 3690 3594 3593
f 3690 3691 3594
f 3691 3595 3594
f 3691 3692 3595
f 3692 3596 3595
f 3692 3693 3596
f 3693 3597 3596
f 3693 3694 3597
f 3694 3598 3597
f 3694 3695 3598
f 3695 3599 3598
f 3695 3696 3599
f 3696 3600 3599
f 3696 3697 3600
f 3697 3601 3600
f 3697 3698 3601
f 3698 3602 3601
f 3698 3699 3602
f 3699 3603 3602
f 3699 3700 3603
f 3700 3604 3603
f 3700 3701 3604
f 3701 3605 3604
f 3701 3702 3605
f 3702 3606 3605
f 3702 3703 3606
f 3703 3607 3606
f 3703 3704 3607
f 3704 3608 3607
f 3704 3705 3608
f 3705 3609 3608
f 3705 3706 3609
f 3706 3610 3609
f 3706 3707 3610
f 3707 3611 3610
f 3707 3708 3611
f 3708 3612 3611
f 3708 3709 3612
f 3709 3613 3612
f 3709 3710 3613
f 3710 3614 3613
f 3710 3711 3614
f 3711 3615 3614
f 3711 3712 3615
f 3712 3616 3615
f 3712 3713 3616
f 3713 3617 3616
f 3713 3714 3617
f 3714 3618 3617
f 3714 3715 3618
f 3715 3619 3618
f 3715 3716 3619
f 3716 3620 3619
f 3716 3717 3620
f 3717 3621 3620
f 3717 3718 3621
f 3718 3622 3621
f 3718 3719 3622
f 3719 3623 3622
f 3719 3720 3623
f 3720 3624 3623
f 3720 3721 3624
f 3721 3625 3624
f 3721 3722 3625
f 3722 3626 3625
f 3722 3723 3626
f 3723 3627 3626
f 3723 3724 3627
f 3724 3628 3627
f 3724 3725 3628
f 3725 3629 3628
f 3725 3726 3629
f 3726 3630 3629
f 3726 3727 3630
f 3727 3631 3630
f 3727 3728 3631
f 3728 3632 3631
f 3728 3729 3632
f 3729 3633 3632
f 3729 3730 3633
f 3730 3634 3633
f 3730 3731 3634
f 3731 3635 3634
f 3731 3732 3635
f 3732 3636 3635
f 3732 3733 3636
f 3733 3637 3636
f 3733 3734 3637
f 3734 3638 3637
f 3734 3735 3638
f 3735 3639 3638
f 3735 3736 3639
f 3736 3640 3639
f 3736 3737 3640
f 3737 3641 3640
f 3737 3738 3641
f 3738 3642 3641
f 3738 3739 3642
f 3739 3643 3642
f 3739 3740 3643
f 3740 3644 3643
f 3740 3741 3644
f 3741 3645 3644
f 3741 3742 3645
f 3742 3646 3645
f 3742 3743 3646
f 3743 3647 3646
f 3743 3744 3647
f 3744 3648 3647
f 3744 3649 3648
f 3649 3553 3648
f 3745 3746 3649
f 3746 3650 3649
f 3746 3747 3650
f 3747 3651 3650
f 3747 3748 3651
f 3748 3652 3651
f 3748 3749 3652
f 3749 3653 3652
f 3749 3750 3653
f 3750 3654 3653
f 3750 3751 3654
f 3751 3655 3654
f 3751 3752 3655
f 3752 3656 3655
f 3752 3753 3656
f 3753 3657 3656
f 3753 3754 3657
f 3754 3658 3657
f 3754 3755 3658
f 3755 3659 3658
f 3755 3756 3659
f 3756 3660 3659
f 3756 3757 3660
f 3757 3661 3660
f 3757 3758 3661
f 3758 3662 3661
f 3758 3759 3662
f 3759 3663 3662
f 3759 3760 3663
f 3760 3664 3663
f 3760 3761 3664
f 3761 3665 3664
f 3761 3762 3665
f 3762 3666 3665
f 3762 3763 3666
f 3763 3667 3666
f 3763 3764 3667
f 3764 3668 3667
f 3764 3765 3668
f 3765 3669 3668
f 3765 3766 3669
f 3766 3670 3669
f 3766 3767 3670
f 3767 3671 3670
f 3767 3768 3671
f 3768 3672 3671
f 3768 3769 3672
f 3769 3673 3672
f 3769 3770 3673
f 3770 3674 3673
f 3770 3771 3674
f 3771 3675 3674
f 3771 3772 3675
f 3772 3676 3675
f 3772 3773 3676
f 3773 3677 3676
f 3773 3774 3677
f 3774 3678 3677
f 3774 3775 3678
f 3775 3679 3678
f 3775 3776 3679
f 3776 3680 3679
f 3776 3777 3680
f 3777 3681 3680
f 3777 3778 3681
f 3778 3682 3681
f 3778 3779 3682
f 3779 3683 3682
f 3779 3780 3683
f 3780 3684 3683
f 3780 3781 3684
f 3781 3685 3684
f 3781 3782 3685
f 3782 3686 3685
f 3782 3783 3686
f 3783 3687 3686
f 3783 3784 3687
f 3784 3688 3687
f 3784 3785 3688
f 3785 3689 3688
f 3785 3786 3689
f 3786 3690 3689
f 3786 3787 3690
f 3787 3691 3690
f 3787 3788 3691
f 3788 3692 3691
f 3788 3789 3692
f 3789 3693 3692
f 3789 3790 3693
f 3790 3694 3693
f 3790 3791 3694
f 3791 3695 3694
f 3791 3792 3695
f 3792 3696 3695
f 3792 3793 3696
f 3793 3697 3696
f 3793 3794 3697
f 3794 3698 3697
f 3794 3795 3698
f 3795 3699 3698
f 3795 3796 3699
f 3796 3700 3699
f 3796 3797 3700
f 3797 3701 3700
f 3797 3798 3701
f 3798 3702 3701
f 3798 3799 3702
f 3799 3703 3702
f 3799 3800 3703
f 3800 3704 3703
f 3800 3801 3704
f 3801 3705 3704
f 3801 3802 3705
f 3802 3706 3705
f 3802 3803 3706
f 3803 3707 3706
f 3803 3804 3707
f 3804 3708 3707
f 3804 3805 3708
f 3805 3709 3708
f 3805 3806 3709
f 3806 3710 3709
f 3806 3807 3710
f 3807 3711 3710
f 3807 3808 3711
f 3808 3712 3711
f 3808 3809 3712
f 3809 3713 3712
f 3809 3810 3713
f 3810 3714 3713
f 3810 3811 3714
f 3811 3715 3714
f 3811 3812 3715
f 3812 3716 3715
f 3812 3813 3716
f 3813 3717 3716
f 3813 3814 3717
f 3814 3718 3717
f 3814 3815 3718
f 3815 3719 3718
f 3815 3816 3719
f 3816 3720 3719
f 3816 3817 3720
f 3817 3721 3720
f 3817 3818 3721
f 3818 3722 3721
f 3818 3819 3722
f 3819 3723 3722
f 3819 3820 3723
f 3820 3724 3723
f 3820 3821 3724
f 3821 3725 3724
f 3821 3822 3725
f 3822 3726 3725
f 3822 3823 3726
f 3823 3727 3726
f 3823 3824 3727
f 3824 3728 3727
f 3824 3825 3728
f 3825 3729 3728
f 3825 3826 3729
f 3826 3730 3729
f 3826 3827 3730
f 3827 3731 3730
f 3827 3828 3731
f 3828 3732 3731
f 3828 3829 3732
f 3829 3733 3732
f 3829 3830 3733
f 3830 3734 3733
f 3830 3831 3734
f 3831 3735 3734
f 3831 3832 3735
f 3832 3736 3735
f 3832 3833 3736
f 3833 3737 3736
f 3833 3834 3737
f 3834 3738 3737
f 3834 3835 3738
f 3835 3739 3738
f 3835 3836 3739
f 3836 3740 3739
f 3836 3837 3740
f 3837 3741 3740
f 3837 3838 3741
f 3838 3742 3741
f 3838 3839 3742
f 3839 3743 3742
f 3839 3840 3743
f 3840 3744 3743
f 3840 3745 3744
f 3745 3649 3744
f 3841 3842 3745
f 3842 3746 3745
f 3842 3843 3746
f 3843 3747 3746
f 3843 3844 3747
f 3844 3748 3747
f 3844 3845 3748
f 3845 3749 3748
f 3845 3846 3749
f 3846 3750 3749
f 3846 3847 3750
f 3847 3751 3750
f 3847 3848 3751
f 3848 3752 3751
f 3848 3849 3752
f 3849 3753 3752
f 3849 3850 3753
f 3850 3754 3753
f 3850 3851 3754
f 3851 3755 3754
f 3851 3852 3755
f 3852 3756 3755
f 3852 3853 3756
f 3853 3757 3756
f 3853 3854 3757
f 3854 3758 3757
f 3854 3855 3758
f 3855 3759 3758
f 3855 3856 3759
f 3856 3760 3759
f 3856 3857 3760
f 3857 3761 3760
f 3857 3858 3761
f 3858 3762 3761
f 3858 3859 3762
f 3859 3763 3762
f 3859 3860 3763
f 3860 3764 3763
f 3860 3861 3764
f 3861 3765 3764
f 3861 3862 3765
f 3862 3766 3765
f 3862 3863 3766
f 3863 3767 3766
f 3863 3864 3767
f 3864 3768 3767
f 3864 3865 3768
f 3865 3769 3768
f 3865 3866 3769
f 3866 3770 3769
f 3866 3867 3770
f 3867 3771 3770
f 3867 3868 3771
f 3868 3772 3771
f 3868 3869 3772
f 3869 3773 3772
f 3869 3870 3773
f 3870 3774 3773
f 3870 3871 3774
f 3871 3775 3774
f 3871 3872 3775
f 3872 3776 3775
f 3872 3873 3776
f 3873 3777 3776
f 3873 3874 3777
f 3874 3778 3777
f 3874 3875 3778
f 3875 3779 3778
f 3875 3876 3779
f 3876 3780 3779
f 3876 3877 3780
f 3877 3781 3780
f 3877 3878 3781
f 3878 3782 3781
f 3878 3879 3782
f 3879 3783 3782
f 3879 3880 3783
f 3880 3784 3783
f 3880 3881 3784
f 3881 3785 3784
f 3881 3882 3785
f 3882 3786 3785
f 3882 3883 3786
f 3883 3787 3786
f 3883 3884 3787
f 3884 3788 3787
f 3884 3885 3788
f 3885 3789 3788
f 3885 3886 3789
f 3886 3790 3789
f 3886 3887 3790
f 3887 3791 3790
f 3887 3888 3791
f 3888 3792 3791
f 3888 3889 3792
f 3889 3793 3792
f 3889 3890 3793
f 3890 3794 3793
f 3890 3891 3794
f 3891 3795 3794
f 3891 3892 3795
f 3892 3796 3795
f 3892 3893 3796
f 3893 3797 3796
f 3893 3894 3797
f 3894 3798 3797
f 3894 3895 3798
f 3895 3799 3798
f 3895 3896 3799
f 3896 3800 3799
f 3896 3897 3800
f 3897 3801 3800
f 3897 3898 3801
f 3898 3802 3801
f 3898 3899 3802
f 3899 3803 3802
f 3899 3900 3803
f 3900 3804 3803
f 3900 3901 3804
f 3901 3805 3804
f 3901 3902 3805
f 3902 3806 3805
f 3902 3903 3806
f 3903 3807 3806
f 3903 3904 3807
f 3904 3808 3807
f 3904 3905 3808
f 3905 3809 3808
f 3905 3906 3809
f 3906 3810 3809
f 3906 3907 3810
f 3907 3811 3810
f 3907 3908 3811
f 3908 3812 3811
f 3908 3909 3812
f 3909 3813 3812
f 3909 3910 3813
f 3910 3814 3813
f 3910 3911 3814
f 3911 3815 3814
f 3911 3912 3815
f 3912 3816 3815
f 3912 3913 3816
f 3913 3817 3816
f 3913 3914 3817
f 3914 3818 3817
f 3914 3915 3818
f 3915 3819 3818
f 3915 3916 3819
f 3916 3820 3819
f 3916 3917 3820
f 3917 3821 3820
f 3917 3918 3821
f 3918 3822 3821
f 3918 3919 3822
f 3919 3823 3822
f 3919 3920 3823
f 3920 3824 3823
f 3920 3921 3824
f 3921 3825 3824
f 3921 3922 3825
f 3922 3826 3825
f 3922 3923 3826
f 3923 3827 3826
f 3923 3924 3827
f 3924 3828 3827
f 3924 3925 3828
f 3925 3829 3828
f 3925 3926 3829
f 3926 3830 3829
f 3926 3927 3830
f 3927 3831 3830
f 3927 3928 3831
f 3928 3832 3831
f 3928 3929 3832
f 3929 3833 3832
f 3929 3930 3833
f 3930 3834 3833
f 3930 3931 3834
f 3931 3835 3834
f 3931 3932 3835
f 3932 3836 3835
f 3932 3933 3836
f 3933 3837 3836
f 3933 3934 3837
f 3934 3838 3837
f 3934 3935 3838
f 3935 3839 3838
f 3935 3936 3839
f 3936 3840 3839
f 3936 3841 3840
f 3841 3745 3840
f 3937 3938 3841
f 3938 3842 3841
f 3938 3939 3842
f 3939 3843 3842
f 3939 3940 3843
f 3940 3844 3843
f 3940 3941 3844
f 3941 3845 3844
f 3941 3942 3845
f 3942 3846 3845
f 3942 3943 3846
f 3943 3847 3846
f 3943 3944 3847
f 3944 3848 3847
f 3944 3945 3848
f 3945 3849 3848
f 3945 3946 3849
f 3946 3850 3849
f 3946 3947 3850
f 3947 3851 3850
f 3947 3948 3851
f 3948 3852 3851
f 3948 3949 3852
f 3949 3853 3852
f 3949 3950 3853
f 3950 3854 3853
f 3950 3951 3854
f 3951 3855 3854
f 3951 3952 3855
f 3952 3856 3855
f 3952 3953 3856
f 3953 3857 3856
f 3953 3954 3857
f 3954 3858 3857
f 3954 3955 3858
f 3955 3859 3858
f 3955 3956 3859
f 3956 3860 3859
f 3956 3957 3860
f 3957 3861 3860
f 3957 3958 3861
f 3958 3862 3861
f 3958 3959 3862
f 3959 3863 3862
f 3959 3960 3863
f 3960 3864 3863
f 3960 3961 3864
f 3961 3865 3864
f 3961 3962 3865
f 3962 3866 3865
f 3962 3963 3866
f 3963 3867 3866
f 3963 3964 3867
f 3964 3868 3867
f 3964 3965 3868
f 3965 3869 3868
f 3965 3966 3869
f 3966 3870 3869
f 3966 3967 3870
f 3967 3871 3870
f 3967 3968 3871
f 3968 3872 3871
f 3968 3969 3872
f 3969 3873 3872
f 3969 3970 3873
f 3970 3874 3873
f 3970 3971 3874
f 3971 3875 3874
f 3971 3972 3875
f 3972 3876 3875
f 3972 3973 3876
f 3973 3877 3876
f 3973 3974 3877
f 3974 3878 3877
f 3974 3975 3878
f 3975 3879 3878
f 3975 3976 3879
f 3976 3880 3879
f 3976 3977 3880
f 3977 3881 3880
f 3977 3978 3881
f 3978 3882 3881
f 3978 3979 3882
f 3979 3883 3882
f 3979 3980 3883
f 3980 3884 3883
f 3980 3981 3884
f 3981 3885 3884
f 3981 3982 3885
f 3982 3886 3885
f 3982 3983 3886
f 3983 3887 3886
f 3983 3984 3887
f 3984 3888 3887
f 3984 3985 3888
f 3985 3889 3888
f 3985 3986 3889
f 3986 3890 3889
f 3986 3987 3890
f 3987 3891 3890
f 3987 3988 3891
f 3988 3892 3891
f 3988 3989 3892
f 3989 3893 3892
f 3989 3990 3893
f 3990 3894 3893
f 3990 3991 3894
f 3991 3895 3894
f 3991 3992 3895
f 3992 3896 3895
f 3992 3993 3896
f 3993 3897 3896
f 3993 3994 3897
f 3994 3898 3897
f 3994 3995 3898
f 3995 3899 3898
f 3995 3996 3899
f 3996 3900 3899
f 3996 3997 3900
f 3997 3901 3900
f 3997 3998 3901
f 3998 3902 3901
f 3998 3999 3902
f 3999 3903 3902
f 3999 4000 3903
f 4000 3904 3903
f 4000 4001 3904
f 4001 3905 3904
f 4001 4002 3905
f 4002 3906 3905
f 4002 4003 3906
f 4003 3907 3906
f 4003 4004 3907
f 4004 3908 3907
f 4004 4005 3908
f 4005 3909 3908
f 4005 4006 3909
f 4006 3910 3909
f 4006 4007 3910
f 4007 3911 3910
f 4007 4008 3911
f 4008 3912 3911
f 4008 4009 3912
f 4009 3913 3912
f 4009 4010 3913
f 4010 3914 3913
f 4010 4011 3914
f 4011 3915 3914
f 4011 4012 3915
f 4012 3916 3915
f 4012 4013 3916
f 4013 3917 3916
f 4013 4014 3917
f 4014 3918 3917
f 4014 4015 3918
f 4015 3919 3918
f 4015 4016 3919
f 4016 3920 3919
f 4016 4017 3920
f 4017 3921 3920
f 4017 4018 3921
f 4018 3922 3921
f 4018 4019 3922
f 4019 3923 3922
f 4019 4020 3923
f 4020 3924 3923
f 4020 4021 3924
f 4021 3925 3924
f 4021 4022 3925
f 4022 3926 3925
f 4022 4023 3926
f 4023 3927 3926
f 4023 4024 3927
f 4024 3928 3927
f 4024 4025 3928
f 4025 3929 3928
f 4025 4026 3929
f 4026 3930 3929
f 4026 4027 3930
f 4027 3931 3930
f 4027 4028 3931
f 4028 3932 3931
f 4028 4029 3932
f 4029 3933 3932
f 4029 4030 3933
f 4030 3934 3933
f 4030 4031 3934
f 4031 3935 3934
f 4031 4032 3935
f 4032 3936 3935
f 4032 3937 3936
f 3937 3841 3936
f 4033 4034 3937
f 4034 3938 3937
f 4034 4035 3938
f 4035 3939 3938
f 4035 4036 3939
f 4036 3940 3939
f 4036 4037 3940
f 4037 3941 3940
f 4037 4038 3941
f 4038 3942 3941
f 4038 4039 3942
f 4039 3943 3942
f 4039 4040 3943
f 4040 3944 3943
f 4040 4041 3944
f 4041 3945 3944
f 4041 4042 3945
f 4042 3946 3945
f 4042 4043 3946
f 4043 3947 3946
f 4043 4044 3947
f 4044 3948 3947
f 4044 4045 3948
f 4045 3949 3948
f 4045 4046 3949
f 4046 3950 3949
f 4046 4047 3950
f 4047 3951 3950
f 4047 4048 3951
f 4048 3952 3951
f 4048 4049 3952
f 4049 3953 3952
f 4049 4050 3953
f 4050 3954 3953
f 4050 4051 3954
f 4051 3955 3954
f 4051 4052 3955
f 4052 3956 3955
f 4052 4053 3956
f 4053 3957 3956
f 4053 4054 3957
f 4054 3958 3957
f 4054 4055 3958
f 4055 3959 3958
f 4055 4056 3959
f 4056 3960 3959
f 4056 4057 3960
f 4057 3961 3960
f 4057 4058 3961
f 4058 3962 3961
f 4058 4059 3962
f 4059 3963 3962
f 4059 4060 3963
f 4060 3964 3963
f 4060 4061 3964
f 4061 3965 3964
f 4061 4062 3965
f 4062 3966 3965
f 4062 4063 3966
f 4063 3967 3966
f 4063 4064 3967
f 4064 3968 3967
f 4064 4065 3968
f 4065 3969 3968
f 4065 4066 3969
f 4066 3970 3969
f 4066 4067 3970
f 4067 3971 3970
f 4067 4068 3971
f 4068 3972 3971
f 4068 4069 3972
f 4069 3973 3972
f 4069 4070 3973
f 4070 3974 3973
f 4070 4071 3974
f 4071 3975 3974
f 4071 4072 3975
f 4072 3976 3975
f 4072 4073 3976
f 4073 3977 3976
f 4073 4074 3977
f 4074 3978 3977
f 4074 4075 3978
f 4075 3979 3978
f 4075 4076 3979
f 4076 3980 3979
f 4076 4077 3980
f 4077 3981 3980
f 4077 4078 3981
f 4078 3982 3981
f 4078 4079 3982
f 4079 3983 3982
f 4079 4080 3983
f 4080 3984 3983
f 4080 4081 3984
f 4081 3985 3984
f 4081 4082 3985
f 4082 3986 3985
f 4082 4083 3986
f 4083 3987 3986
f 4083 4084 3987
f 4084 3988 3987
f 4084 4085 3988
f 4085 3989 3988
f 4085 4086 3989
f 4086 3990 3989
f 4086 4087 3990
f 4087 3991 3990
f 4087 4088 3991
f 4088 3992 3991
f 4088 4089 3992
f 4089 3993 3992
f 4089 4090 3993
f 4090 3994 3993
f 4090 4091 3994
f 4091 3995 3994
f 4091 4092 3995
f 4092 3996 3995
f 4092 4093 3996
f 4093 3997 3996
f 4093 4094 3997
f 4094 3998 3997
f 4094 4095 3998
f 4095 3999 3998
f 4095 4096 3999
f 4096 4000 3999
f 4096 4097 4000
f 4097 4001 4000
f 4097 4098 4001
f 4098 4002 4001
f 4098 4099 4002
f 4099 4003 4002
f 4099 4100 4003
f 4100 4004 4003
f 4100 4101 4004
f 4101 4005 4004
f 4101 4102 4005
f 4102 4006 4005
f 4102 4103 4006
f 4103 4007 4006
f 4103 4104 4007
f 4104 4008 4007
f 4104 4105 4008
f 4105 4009 4008
f 4105 4106 4009
f 4106 4010 4009
f 4106 4107 4010
f 4107 4011 4010
f 4107 4108 4011
f 4108 4012 4011
f 4108 4109 4012
f 4109 4013 4012
f 4109 4110 4013
f 4110 4014 4013
f 4110 4111 4014
f 4111 4015 4014
f 4111 4112 4015
f 4112 4016 4015
f 4112 4113 4016
f 4113 4017 4016
f 4113 4114 4017
f 4114 4018 4017
f 4114 4115 4018
f 4115 4019 4018
f 4115 4116 4019
f 4116 4020 4019
f 4116 4117 4020
f 4117 4021 4020
f 4117 4118 4021
f 4118 4022 4021
f 4118 4119 4022
f 4119 4023 4022
f 4119 4120 4023
f 4120 4024 4023
f 4120 4121 4024
f 4121 4025 4024
f 4121 4122 4025
f 4122 4026 4025
f 4122 4123 4026
f 4123 4027 4026
f 4123 4124 4027
f 4124 4028 4027
f 4124 4125 4028
f 4125 4029 4028
f 4125 4126 4029
f 4126 4030 4029
f 4126 4127 4030
f 4127 4031 4030
f 4127 4128 4031
f 4128 4032 4031
f 4128 4033 4032
f 4033 3937 4032
f 4129 4130 4033
f 4130 4034 4033
f 4130 4131 4034
f 4131 4035 4034
f 4131 4132 4035
f 4132 4036 4035
f 4132 4133 4036
f 4133 4037 4036
f 4133 4134 4037
f 4134 4038 4037
f 4134 4135 4038
f 4135 4039 4038
f 4135 4136 4039
f 4136 4040 4039
f 4136 4137 4040
f 4137 4041 4040
f 4137 4138 4041
f 4138 4042 4041
f 4138 4139 4042
f 4139 4043 4042
f 4139 4140 4043
f 4140 4044 4043
f 4140 4141 4044
f 4141 4045 4044
f 4141 4142 4045
f 4142 4046 4045
f 4142 4143 4046
f 4143 4047 4046
f 4143 4144 4047
f 4144 4048 4047
f 4144 4145 4048
f 4145 4049 4048
f 4145 4146 4049
f 4146 4050 4049
f 4146 4147 4050
f 4147 4051 4050
f 4147 4148 4051
f 4148 4052 4051
f 4148 4149 4052
f 4149 4053 4052
f 4149 4150 4053
f 4150 4054 4053
f 4150 4151 4054
f 4151 4055 4054
f 4151 4152 4055
f 4152 4056 4055
f 4152 4153 4056
f 4153 4057 4056
f 4153 4154 4057
f 4154 4058 4057
f 4154 4155 4058
f 4155 4059 4058
f 4155 4156 4059
f 4156 4060 4059
f 4156 4157 4060
f 4157 4061 4060
f 4157 4158 4061
f 4158 4062 4061
f 4158 4159 4062
f 4159 4063 4062
f 4159 4160 4063
f 4160 4064 4063
f 4160 4161 4064
f 4161 4065 4064
f 4161 4162 4065
f 4162 4066 4065
f 4162 4163 4066
f 4163 4067 4066
f 4163 4164 4067
f 4164 4068 4067
f 4164 4165 4068
f 4165 4069 4068
f 4165 4166 4069
f 4166 4070 4069
f 4166 4167 4070
f 4167 4071 4070
f 4167 4168 4071
f 4168 4072 4071
f 4168 4169 4072
f 4169 4073 4072
f 4169 4170 4073
f 4170 4074 4073
f 4170 4171 4074
f 4171 4075 4074
f 4171 4172 4075
f 4172 4076 4075
f 4172 4173 4076
f 4173 4077 4076
f 4173 4174 4077
f 4174 4078 4077
f 4174 4175 4078
f 4175 4079 4078
f 4175 4176 4079
f 4176 4080 4079
f 4176 4177 4080
f 4177 4081 4080
f 4177 4178 4081
f 4178 4082 4081
f 4178 4179 4082
f 4179 4083 4082
f 4179 4180 4083
f 4180 4084 4083
f 4180 4181 4084
f 4181 4085 4084
f 4181 4182 4085
f 4182 4086 4085
f 4182 4183 4086
f 4183 4087 4086
f 4183 4184 4087
f 4184 4088 4087
f 4184 4185 4088
f 4185 4089 4088
f 4185 4186 4089
f 4186 4090 4089
f 4186 4187 4090
f 4187 4091 4090
f 4187 4188 4091
f 4188 4092 4091
f 4188 4189 4092
f 4189 4093 4092
f 4189 4190 4093
f 4190 4094 4093
f 4190 4191 4094
f 4191 4095 4094
f 4191 4192 4095
f 4192 4096 4095
f 4192 4193 4096
f 4193 4097 4096
f 4193 4194 4097
f 4194 4098 4097
f 4194 4195 4098
f 4195 4099 4098
f 4195 4196 4099
f 4196 4100 4099
f 4196 4197 4100
f 4197 4101 4100
f 4197 4198 4101
f 4198 4102 4101
f 4198 4199 4102
f 4199 4103 4102
f 4199 4200 4103
f 4200 4104 4103
f 4200 4201 4104
f 4201 4105 4104
f 4201 4202 4105
f 4202 4106 4105
f 4202 4203 4106
f 4203 4107 4106
f 4203 4204 4107
f 4204 4108 4107
f 4204 4205 4108
f 4205 4109 4108
f 4205 4206 4109
f 4206 4110 4109
f 4206 4207 4110
f 4207 4111 4110
f 4207 4208 4111
f 4208 4112 4111
f 4208 4209 4112
f 4209 4113 4112
f 4209 4210 4113
f 4210 4114 4113
f 4210 4211 4114
f 4211 4115 4114
f 4211 4212 4115
f 4212 4116 4115
f 4212 4213 4116
f 4213 4117 4116
f 4213 4214 4117
f 4214 4118 4117
f 4214 4215 4118
f 4215 4119 4118
f 4215 4216 4119
f 4216 4120 4119
f 4216 4217 4120
f 4217 4121 4120
f 4217 4218 4121
f 4218 4122 4121
f 4218 4219 4122
f 4219 4123 4122
f 4219 4220 4123
f 4220 4124 4123
f 4220 4221 4124
f 4221 4125 4124
f 4221 4222 4125
f 4222 4126 4125
f 4222 4223 4126
f 4223 4127 4126
f 4223 4224 4127
f 4224 4128 4127
f 4224 4129 4128
f 4129 4033 4128
f 4225 4226 4129
f 4226 4130 4129
f 4226 4227 4130
f 4227 4131 4130
f 4227 4228 4131
f 4228 4132 4131
f 4228 4229 4132
f 4229 4133 4132
f 4229 4230 4133
f 4230 4134 4133
f 4230 4231 4134
f 4231 4135 4134
f 4231 4232 4135
f 4232 4136 4135
f 4232 4233 4136
f 4233 4137 4136
f 4233 4234 4137
f 4234 4138 4137
f 4234 4235 4138
f 4235 4139 4138
f 4235 4236 4139
f 4236 4140 4139
f 4236 4237 4140
f 4237 4141 4140
f 4237 4238 4141
f 4238 4142 4141
f 4238 4239 4142
f 4239 4143 4142
f 4239 4240 4143
f 4240 4144 4143
f 4240 4241 4144
f 4241 4145 4144
f 4241 4242 4145
f 4242 4146 4145
f 4242 4243 4146
f 4243 4147 4146
f 4243 4244 4147
f 4244 4148 4147
f 4244 4245 4148
f 4245 4149 4148
f 4245 4246 4149
f 4246 4150 4149
f 4246 4247 4150
f 4247 4151 4150
f 4247 4248 4151
f 4248 4152 4151
f 4248 4249 4152
f 4249 4153 4152
f 4249 4250 4153
f 4250 4154 4153
f 4250 4251 4154
f 4251 4155 4154
f 4251 4252 4155
f 4252 4156 4155
f 4252 4253 4156
f 4253 4157 4156
f 4253 4254 4157
f 4254 4158 4157
f 4254 4255 4158
f 4255 4159 4158
f 4255 4256 4159
f 4256 4160 4159
f 4256 4257 4160
f 4257 4161 4160
f 4257 4258 4161
f 4258 4162 4161
f 4258 4259 4162
f 4259 4163 4162
f 4259 4260 4163
f 4260 4164 4163
f 4260 4261 4164
f 4261 4165 4164
f 4261 4262 4165
f 4262 4166 4165
f 4262 4263 4166
f 4263 4167 4166
f 4263 4264 4167
f 4264 4168 4167
f 4264 4265 4168
f 4265 4169 4168
f 4265 4266 4169
f 4266 4170 4169
f 4266 4267 4170
f 4267 4171 4170
f 4267 4268 4171
f 4268 4172 4171
f 4268 4269 4172
f 4269 4173 4172
f 4269 4270 4173
f 4270 4174 4173
f 4270 4271 4174
f 4271 4175 4174
f 4271 4272 4175
f 4272 4176 4175
f 4272 4273 4176
f 4273 4177 4176
f 4273 4274 4177
f 4274 4178 4177
f 4274 4275 4178
f 4275 4179 4178
f 4275 4276 4179
f 4276 4180 4179
f 4276 4277 4180
f 4277 4181 4180
f 4277 4278 4181
f 4278 4182 4181
f 4278 4279 4182
f 4279 4183 4182
f 4279 4280 4183
f 4280 4184 4183
f 4280 4281 4184
f 4281 4185 4184
f 4281 4282 4185
f 4282 4186 4185
f 4282 4283 4186
f 4283 4187 4186
f 4283 4284 4187
f 4284 4188 4187
f 4284 4285 4188
f 4285 4189 4188
f 4285 4286 4189
f 4286 4190 4189
f 4286 4287 4190
f 4287 4191 4190
f 4287 4288 4191
f 4288 4192 4191
f 4288 4289 4192
f 4289 4193 4192
f 4289 4290 4193
f 4290 4194 4193
f 4290 4291 4194
f 4291 4195 4194
f 4291 4292 4195
f 4292 4196 4195
f 4292 4293 4196
f 4293 4197 4196
f 4293 4294 4197
f 4294 4198 4197
f 4294 4295 4198
f 4295 4199 4198
f 4295 4296 4199
f 4296 4200 4199
f 4296 4297 4200
f 4297 4201 4200
f 4297 4298 4201
f 4298 4202 4201
f 4298 4299 4202
f 4299 4203 4202
f 4299 4300 4203
f 4300 4204 4203
f 4300 4301 4204
f 4301 4205 4204
f 4301 4302 4205
f 4302 4206 4205
f 4302 4303 4206
f 4303 4207 4206
f 4303 4304 4207
f 4304 4208 4207
f 4304 4305 4208
f 4305 4209 4208
f 4305 4306 4209
f 4306 4210 4209
f 4306 4307 4210
f 4307 4211 4210
f 4307 4308 4211
f 4308 4212 4211
f 4308 4309 4212
f 4309 4213 4212
f 4309 4310 4213
f 4310 4214 4213
f 4310 4311 4214
f 4311 4215 4214
f 4311 4312 4215
f 4312 4216 4215
f 4312 4313 4216
f 4313 4217 4216
f 4313 4314 4217
f 4314 4218 4217
f 4314 4315 4218
f 4315 4219 4218
f 4315 4316 4219
f 4316 4220 4219
f 4316 4317 4220
f 4317 4221 4220
f 4317 4318 4221
f 4318 4222 4221
f 4318 4319 4222
f 4319 4223 4222
f 4319 4320 4223
f 4320 4224 4223
f 4320 4225 4224
f 4225 4129 4224
f 4321 4322 4225
f 4322 4226 4225
f 4322 4323 4226
f 4323 4227 4226
f 4323 4324 4227
f 4324 4228 4227
f 4324 4325 4228
f 4325 4229 4228
f 4325 4326 4229
f 4326 4230 4229
f 4326 4327 4230
f 4327 4231 4230
f 4327 4328 4231
f 4328 4232 4231
f 4328 4329 4232
f 4329 4233 4232
f 4329 4330 4233
f 4330 4234 4233
f 4330 4331 4234
f 4331 4235 4234
f 4331 4332 4235
f 4332 4236 4235
f 4332 4333 4236
f 4333 4237 4236
f 4333 4334 4237
f 4334 4238 4237
f 4334 4335 4238
f 4335 4239 4238
f 4335 4336 4239
f 4336 4240 4239
f 4336 4337 4240
f 4337 4241 4240
f 4337 4338 4241
f 4338 4242 4241
f 4338 4339 4242
f 4339 4243 4242
f 4339 4340 4243
f 4340 4244 4243
f 4340 4341 4244
f 4341 4245 4244
f 4341 4342 4245
f 4342 4246 4245
f 4342 4343 4246
f 4343 4247 4246
f 4343 4344 4247
f 4344 4248 4247
f 4344 4345 4248
f 4345 4249 4248
f 4345 4346 4249
f 4346 4250 4249
f 4346 4347 4250
f 4347 4251 4250
f 4347 4348 4251
f 4348 4252 4251
f 4348 4349 4252
f 4349 4253 4252
f 4349 4350 4253
f 4350 4254 4253
f 4350 4351 4254
f 4351 4255 4254
f 4351 4352 4255
f 4352 4256 4255
f 4352 4353 4256
f 4353 4257 4256
f 4353 4354 4257
f 4354 4258 4257
f 4354 4355 4258
f 4355 4259 4258
f 4355 4356 4259
f 4356 4260 4259
f 4356 4357 4260
f 4357 4261 4260
f 4357 4358 4261
f 4358 4262 4261
f 4358 4359 4262
f 4359 4263 4262
f 4359 4360 4263
f 4360 4264 4263
f 4360 4361 4264
f 4361 4265 4264
f 4361 4362 4265
f 4362 4266 4265
f 4362 4363 4266
f 4363 4267 4266
f 4363 4364 4267
f 4364 4268 4267
f 4364 4365 4268
f 4365 4269 4268
f 4365 4366 4269
f 4366 4270 4269
f 4366 4367 4270
f 4367 4271 4270
f 4367 4368 4271
f 4368 4272 4271
f 4368 4369 4272
f 4369 4273 4272
f 4369 4370 4273
f 4370 4274 4273
f 4370 4371 4274
f 4371 4275 4274
f 4371 4372 4275
f 4372 4276 4275
f 4372 4373 4276
f 4373 4277 4276
f 4373 4374 4277
f 4374 4278 4277
f 4374 4375 4278
f 4375 4279 4278
f 4375 4376 4279
f 4376 4280 4279
f 4376 4377 4280
f 4377 4281 4280
f 4377 4378 4281
f 4378 4282 4281
f 4378 4379 4282
f 4379 4283 4282
f 4379 4380 4283
f 4380 4284 4283
f 4380 4381 4284
f 4381 4285 4284
f 4381 4382 4285
f 4382 4286 4285
f 4382 4383 4286
f 4383 4287 4286
f 4383 4384 4287
f 4384 4288 4287
f 4384 4385 4288
f 4385 4289 4288
f 4385 4386 4289
f 4386 4290 4289
f 4386 4387 4290
f 4387 4291 4290
f 4387 4388 4291
f 4388 4292 4291
f 4388 4389 4292
f 4389 4293 4292
f 4389 4390 4293
f 4390 4294 4293
f 4390 4391 4294
f 4391 4295 4294
f 4391 4392 4295
f 4392 4296 4295
f 4392 4393 4296
f 4393 4297 4296
f 4393 4394 4297
f 4394 4298 4297
f 4394 4395 4298
f 4395 4299 4298
f 4395 4396 4299
f 4396 4300 4299
f 4396 4397 4300
f 4397 4301 4300
f 4397 4398 4301
f 4398 4302 4301
f 4398 4399 4302
f 4399 4303 4302
f 4399 4400 4303
f 4400 4304 4303
f 4400 4401 4304
f 4401 4305 4304
f 4401 4402 4305
f 4402 4306 4305
f 4402 4403 4306
f 4403 4307 4306
f 4403 4404 4307
f 4404 4308 4307
f 4404 4405 4308
f 4405 4309 4308
f 4405 4406 4309
f 4406 4310 4309
f 4406 4407 4310
f 4407 4311 4310
f 4407 4408 4311
f 4408 4312 4311
f 4408 4409 4312
f 4409 4313 4312
f 4409 4410 4313
f 4410 4314 4313
f 4410 4411 4314
f 4411 4315 4314
f 4411 4412 4315
f 4412 4316 4315
f 4412 4413 4316
f 4413 4317 4316
f 4413 4414 4317
f 4414 4318 4317
f 4414 4415 4318
f 4415 4319 4318
f 4415 4416 4319
f 4416 4320 4319
f 4416 4321 4320
f 4321 4225 4320
f 4417 4418 4321
f 4418 4322 4321
f 4418 4419 4322
f 4419 4323 4322
f 4419 4420 4323
f 4420 4324 4323
f 4420 4421 4324
f 4421 4325 4324
f 4421 4422 4325
f 4422 4326 4325
f 4422 4423 4326
f 4423 4327 4326
f 4423 4424 4327
f 4424 4328 4327
f 4424 4425 4328
f 4425 4329 4328
f 4425 4426 4329
f 4426 4330 4329
f 4426 4427 4330
f 4427 4331 4330
f 4427 4428 4331
f 4428 4332 4331
f 4428 4429 4332
f 4429 4333 4332
f 4429 4430 4333
f 4430 4334 4333
f 4430 4431 4334
f 4431 4335 4334
f 4431 4432 4335
f 4432 4336 4335
f 4432 4433 4336
f 4433 4337 4336
f 4433 4434 4337
f 4434 4338 4337
f 4434 4435 4338
f 4435 4339 4338
f 4435 4436 4339
f 4436 4340 4339
f 4436 4437 4340
f 4437 4341 4340
f 4437 4438 4341
f 4438 4342 4341
f 4438 4439 4342
f 4439 4343 4342
f 4439 4440 4343
f 4440 4344 4343
f 4440 4441 4344
f 4441 4345 4344
f 4441 4442 4345
f 4442 4346 4345
f 4442 4443 4346
f 4443 4347 4346
f 4443 4444 4347
f 4444 4348 4347
f 4444 4445 4348
f 4445 4349 4348
f 4445 4446 4349
f 4446 4350 4349
f 4446 4447 4350
f 4447 4351 4350
f 4447 4448 4351
f 4448 4352 4351
f 4448 4449 4352
f 4449 4353 4352
f 4449 4450 4353
f 4450 4354 4353
f 4450 4451 4354
f 4451 4355 4354
f 4451 4452 4355
f 4452 4356 4355
f 4452 4453 4356
f 4453 4357 4356
f 4453 4454 4357
f 4454 4358 4357
f 4454 4455 4358
f 4455 4359 4358
f 4455 4456 4359
f 4456 4360 4359
f 4456 4457 4360
f 4457 4361 4360
f 4457 4458 4361
f 4458 4362 4361
f 4458 4459 4362
f 4459 4363 4362
f 4459 4460 4363
f 4460 4364 4363
f 4460 4461 4364
f 4461 4365 4364
f 4461 4462 4365
f 4462 4366 4365
f 4462 4463 4366
f 4463 4367 4366
f 4463 4464 4367
f 4464 4368 4367
f 4464 4465 4368
f 4465 4369 4368
f 4465 4466 4369
f 4466 4370 4369
f 4466 4467 4370
f 4467 4371 4370
f 4467 4468 4371
f 4468 4372 4371
f 4468 4469 4372
f 4469 4373 4372
f 4469 4470 4373
f 4470 4374 4373
f 4470 4471 4374
f 4471 4375 4374
f 4471 4472 4375
f 4472 4376 4375
f 4472 4473 4376
f 4473 4377 4376
f 4473 4474 4377
f 4474 4378 4377
f 4474 4475 4378
f 4475 4379 4378
f 4475 4476 4379
f 4476 4380 4379
f 4476 4477 4380
f 4477 4381 4380
f 4477 4478 4381
f 4478 4382 4381
f 4478 4479 4382
f 4479 4383 4382
f 4479 4480 4383
f 4480 4384 4383
f 4480 4481 4384
f 4481 4385 4384
f 4481 4482 4385
f 4482 4386 4385
f 4482 4483 4386
f 4483 4387 4386
f 4483 4484 4387
f 4484 4388 4387
f 4484 4485 4388
f 4485 4389 4388
f 4485 4486 4389
f 4486 4390 4389
f 4486 4487 4390
f 4487 4391 4390
f 4487 4488 4391
f 4488 4392 4391
f 4488 4489 4392
f 4489 4393 4392
f 4489 4490 4393
f 4490 4394 4393
f 4490 4491 4394
f 4491 4395 4394
f 4491 4492 4395
f 4492 4396 4395
f 4492 4493 4396
f 4493 4397 4396
f 4493 4494 4397
f 4494 4398 4397
f 4494 4495 4398
f 4495 4399 4398
f 4495 4496 4399
f 4496 4400 4399
f 4496 4497 4400
f 4497 4401 4400
f 4497 4498 4401
f 4498 4402 4401
f 4498 4499 4402
f 4499 4403 4402
f 4499 4500 4403
f 4500 4404 4403
f 4500 4501 4404
f 4501 4405 4404
f 4501 4502 4405
f 4502 4406 4405
f 4502 4503 4406
f 4503 4407 4406
f 4503 4504 4407
f 4504 4408 4407
f 4504 4505 4408
f 4505 4409 4408
f 4505 4506 4409
f 4506 4410 4409
f 4506 4507 4410
f 4507 4411 4410
f 4507 4508 4411
f 4508 4412 4411
f 4508 4509 4412
f 4509 4413 4412
f 4509 4510 4413
f 4510 4414 4413
f 4510 4511 4414
f 4511 4415 4414
f 4511 4512 4415
f 4512 4416 4415
f 4512 4417 4416
f 4417 4321 4416
f 4513 4514 4417
f 4514 4418 4417
f 4514 4515 4418
f 4515 4419 4418
f 4515 4516 4419
f 4516 4420 4419
f 4516 4517 4420
f 4517 4421 4420
f 4517 4518 4421
f 4518 4422 4421
f 4518 4519 4422
f 4519 4423 4422
f 4519 4520 4423
f 4520 4424 4423
f 4520 4521 4424
f 4521 4425 4424
f 4521 4522 4425
f 4522 4426 4425
f 4522 4523 4426
f 4523 4427 4426
f 4523 4524 4427
f 4524 4428 4427
f 4524 4525 4428
f 4525 4429 4428
f 4525 4526 4429
f 4526 4430 4429
f 4526 4527 4430
f 4527 4431 4430
f 4527 4528 4431
f 4528 4432 4431
f 4528 4529 4432
f 4529 4433 4432
f 4529 4530 4433
f 4530 4434 4433
f 4530 4531 4434
f 4531 4435 4434
f 4531 4532 4435
f 4532 4436 4435
f 4532 4533 4436
f 4533 4437 4436
f 4533 4534 4437
f 4534 4438 4437
f 4534 4535 4438
f 4535 4439 4438
f 4535 4536 4439
f 4536 4440 4439
f 4536 4537 4440
f 4537 4441 4440
f 4537 4538 4441
f 4538 4442 4441
f 4538 4539 4442
f 4539 4443 4442
f 4539 4540 4443
f 4540 4444 4443
f 4540 4541 4444
f 4541 4445 4444
f 4541 4542 4445
f 4542 4446 4445
f 4542 4543 4446
f 4543 4447 4446
f 4543 4544 4447
f 4544 4448 4447
f 4544 4545 4448
f 4545 4449 4448
f 4545 4546 4449
f 4546 4450 4449
f 4546 4547 4450
f 4547 4451 4450
f 4547 4548 4451
f 4548 4452 4451
f 4548 4549 4452
f 4549 4453 4452
f 4549 4550 4453
f 4550 4454 4453
f 4550 4551 4454
f 4551 4455 4454
f 4551 4552 4455
f 4552 4456 4455
f 4552 4553 4456
f 4553 4457 4456
f 4553 4554 4457
f 4554 4458 4457
f 4554 4555 4458
f 4555 4459 4458
f 4555 4556 4459
f 4556 4460 4459
f 4556 4557 4460
f 4557 4461 4460
f 4557 4558 4461
f 4558 4462 4461
f 4558 4559 4462
f 4559 4463 4462
f 4559 4560 4463
f 4560 4464 4463
f 4560 4561 4464
f 4561 4465 4464
f 4561 4562 4465
f 4562 4466 4465
f 4562 4563 4466
f 4563 4467 4466
f 4563 4564 4467
f 4564 4468 4467
f 4564 4565 4468
f 4565 4469 4468
f 4565 4566 4469
f 4566 4470 4469
f 4566 4567 4470
f 4567 4471 4470
f 4567 4568 4471
f 4568 4472 4471
f 4568 4569 4472
f 4569 4473 4472
f 4569 4570 4473
f 4570 4474 4473
f 4570 4571 4474
f 4571 4475 4474
f 4571 4572 4475
f 4572 4476 4475
f 4572 4573 4476
f 4573 4477 4476
f 4573 4574 4477
f 4574 4478 4477
f 4574 4575 4478
f 4575 4479 4478
f 4575 4576 4479
f 4576 4480 4479
f 4576 4577 4480
f 4577 4481 4480
f 4577 4578 4481
f 4578 4482 4481
f 4578 4579 4482
f 4579 4483 4482
f 4579 4580 4483
f 4580 4484 4483
f 4580 4581 4484
f 4581 4485 4484
f 4581 4582 4485
f 4582 4486 4485
f 4582 4583 4486
f 4583 4487 4486
f 4583 4584 4487
f 4584 4488 4487
f 4584 4585 4488
f 4585 4489 4488
f 4585 4586 4489
f 4586 4490 4489
f 4586 4587 4490
f 4587 4491 4490
f 4587 4588 4491
f 4588 4492 4491
f 4588 4589 4492
f 4589 4493 4492
f 4589 4590 4493
f 4590 4494 4493
f 4590 4591 4494
f 4591 4495 4494
f 4591 4592 4495
f 4592 4496 4495
f 4592 4593 4496
f 4593 4497 4496
f 4593 4594 4497
f 4594 4498 4497
f 4594 4595 4498
f 4595 4499 4498
f 4595 4596 4499
f 4596 4500 4499
f 4596 4597 4500
f 4597 4501 4500
f 4597 4598 4501
f 4598 4502 4501
f 4598 4599 4502
f 4599 4503 4502
f 4599 4600 4503
f 4600 4504 4503
f 4600 4601 4504
f 4601 4505 4504
f 4601 4602 4505
f 4602 4506 4505
f 4602 4603 4506
f 4603 4507 4506
f 4603 4604 4507
f 4604 4508 4507
f 4604 4605 4508
f 4605 4509 4508
f 4605 4606 4509
f 4606 4510 4509
f 4606 4607 4510
f 4607 4511 4510
f 4607 4608 4511
f 4608 4512 4511
f 4608 4513 4512
f 4513 4417 4512
f 4609 4610 4513
f 4610 4514 4513
f 4610 4611 4514
f 4611 4515 4514
f 4611 4612 4515
f 4612 4516 4515
f 4612 4613 4516
f 4613 4517 4516
f 4613 4614 4517
f 4614 4518 4517
f 4614 4615 4518
f 4615 4519 4518
f 4615 4616 4519
f 4616 4520 4519
f 4616 4617 4520
f 4617 4521 4520
f 4617 4618 4521
f 4618 4522 4521
f 4618 4619 4522
f 4619 4523 4522
f 4619 4620 4523
f 4620 4524 4523
f 4620 4621 4524
f 4621 4525 4524
f 4621 4622 4525
f 4622 4526 4525
f 4622 4623 4526
f 4623 4527 4526
f 4623 4624 4527
f 4624 4528 4527
f 4624 4625 4528
f 4625 4529 4528
f 4625 4626 4529
f 4626 4530 4529
f 4626 4627 4530
f 4627 4531 4530
f 4627 4628 4531
f 4628 4532 4531
f 4628 4629 4532
f 4629 4533 4532
f 4629 4630 4533
f 4630 4534 4533
f 4630 4631 4534
f 4631 4535 4534
f 4631 4632 4535
f 4632 4536 4535
f 4632 4633 4536
f 4633 4537 4536
f 4633 4634 4537
f 4634 4538 4537
f 4634 4635 4538
f 4635 4539 4538
f 4635 4636 4539
f 4636 4540 4539
f 4636 4637 4540
f 4637 4541 4540
f 4637 4638 4541
f 4638 4542 4541
f 4638 4639 4542
f 4639 4543 4542
f 4639 4640 4543
f 4640 4544 4543
f 4640 4641 4544
f 4641 4545 4544
f 4641 4642 4545
f 4642 4546 4545
f 4642 4643 4546
f 4643 4547 4546
f 4643 4644 4547
f 4644 4548 4547
f 4644 4645 4548
f 4645 4549 4548
f 4645 4646 4549
f 4646 4550 4549
f 4646 4647 4550
f 4647 4551 4550
f 4647 4648 4551
f 4648 4552 4551
f 4648 4649 4552
f 4649 4553 4552
f 4649 4650 4553
f 4650 4554 4553
f 4650 4651 4554
f 4651 4555 4554
f 4651 4652 4555
f 4652 4556 4555
f 4652 4653 4556
f 4653 4557 4556
f 4653 4654 4557
f 4654 4558 4557
f 4654 4655 4558
f 4655 4559 4558
f 4655 4656 4559
f 4656 4560 4559
f 4656 4657 4560
f 4657 4561 4560
f 4657 4658 4561
f 4658 4562 4561
f 4658 4659 4562
f 4659 4563 4562
f 4659 4660 4563
f 4660 4564 4563
f 4660 4661 4564
f 4661 4565 4564
f 4661 4662 4565
f 4662 4566 4565
f 4662 4663 4566
f 4663 4567 4566
f 4663 4664 4567
f 4664 4568 4567
f 4664 4665 4568
f 4665 4569 4568
f 4665 4666 4569
f 4666 4570 4569
f 4666 4667 4570
f 4667 4571 4570
f 4667 4668 4571
f 4668 4572 4571
f 4668 4669 4572
f 4669 4573 4572
f 4669 4670 4573
f 4670 4574 4573
f 4670 4671 4574
f 4671 4575 4574
f 4671 4672 4575
f 4672 4576 4575
f 4672 4673 4576
f 4673 4577 4576
f 4673 4674 4577
f 4674 4578 4577
f 4674 4675 4578
f 4675 4579 4578
f 4675 4676 4579
f 4676 4580 4579
f 4676 4677 4580
f 4677 4581 4580
f 4677 4678 4581
f 4678 4582 4581
f 4678 4679 4582
f 4679 4583 4582
f 4679 4680 4583
f 4680 4584 4583
f 4680 4681 4584
f 4681 4585 4584
f 4681 4682 4585
f 4682 4586 4585
f 4682 4683 4586
f 4683 4587 4586
f 4683 4684 4587
f 4684 4588 4587
f 4684 4685 4588
f 4685 4589 4588
f 4685 4686 4589
f 4686 4590 4589
f 4686 4687 4590
f 4687 4591 4590
f 4687 4688 4591
f 4688 4592 4591
f 4688 4689 4592
f 4689 4593 4592
f 4689 4690 4593
f 4690 4594 4593
f 4690 4691 4594
f 4691 4595 4594
f 4691 4692 4595
f 4692 4596 4595
f 4692 4693 4596
f 4693 4597 4596
f 4693 4694 4597
f 4694 4598 4597
f 4694 4695 4598
f 4695 4599 4598
f 4695 4696 4599
f 4696 4600 4599
f 4696 4697 4600
f 4697 4601 4600
f 4697 4698 4601
f 4698 4602 4601
f 4698 4699 4602
f 4699 4603 4602
f 4699 4700 4603
f 4700 4604 4603
f 4700 4701 4604
f 4701 4605 4604
f 4701 4702 4605
f 4702 4606 4605
f 4702 4703 4606
f 4703 4607 4606
f 4703 4704 4607
f 4704 4608 4607
f 4704 4609 4608
f 4609 4513 4608
f 4705 4706 4609
f 4706 4610 4609
f 4706 4707 4610
f 4707 4611 4610
f 4707 4708 4611
f 4708 4612 4611
f 4708 4709 4612
f 4709 4613 4612
f 4709 4710 4613
f 4710 4614 4613
f 4710 4711 4614
f 4711 4615 4614
f 4711 4712 4615
f 4712 4616 4615
f 4712 4713 4616
f 4713 4617 4616
f 4713 4714 4617
f 4714 4618 4617
f 4714 4715 4618
f 4715 4619 4618
f 4715 4716 4619
f 4716 4620 4619
f 4716 4717 4620
f 4717 4621 4620
f 4717 4718 4621
f 4718 4622 4621
f 4718 4719 4622
f 4719 4623 4622
f 4719 4720 4623
f 4720 4624 4623
f 4720 4721 4624
f 4721 4625 4624
f 4721 4722 4625
f 4722 4626 4625
f 4722 4723 4626
f 4723 4627 4626
f 4723 4724 4627
f 4724 4628 4627
f 4724 4725 4628
f 4725 4629 4628
f 4725 4726 4629
f 4726 4630 4629
f 4726 4727 4630
f 4727 4631 4630
f 4727 4728 4631
f 4728 4632 4631
f 4728 4729 4632
f 4729 4633 4632
f 4729 4730 4633
f 4730 4634 4633
f 4730 4731 4634
f 4731 4635 4634
f 4731 4732 4635
f 4732 4636 4635
f 4732 4733 4636
f 4733 4637 4636
f 4733 4734 4637
f 4734 4638 4637
f 4734 4735 4638
f 4735 4639 4638
f 4735 4736 4639
f 4736 4640 4639
f 4736 4737 4640
f 4737 4641 4640
f 4737 4738 4641
f 4738 4642 4641
f 4738 4739 4642
f 4739 4643 4642
f 4739 4740 4643
f 4740 4644 4643
f 4740 4741 4644
f 4741 4645 4644
f 4741 4742 4645
f 4742 4646 4645
f 4742 4743 4646
f 4743 4647 4646
f 4743 4744 4647
f 4744 4648 4647
f 4744 4745 4648
f 4745 4649 4648
f 4745 4746 4649
f 4746 4650 4649
f 4746 4747 4650
f 4747 4651 4650
f 4747 4748 4651
f 4748 4652 4651
f 4748 4749 4652
f 4749 4653 4652
f 4749 4750 4653
f 4750 4654 4653
f 4750 4751 4654
f 4751 4655 4654
f 4751 4752 4655
f 4752 4656 4655
f 4752 4753 4656
f 4753 4657 4656
f 4753 4754 4657
f 4754 4658 4657
f 4754 4755 4658
f 4755 4659 4658
f 4755 4756 4659
f 4756 4660 4659
f 4756 4757 4660
f 4757 4661 4660
f 4757 4758 4661
f 4758 4662 4661
f 4758 4759 4662
f 4759 4663 4662
f 4759 4760 4663
f 4760 4664 4663
f 4760 4761 4664
f 4761 4665 4664
f 4761 4762 4665
f 4762 4666 4665
f 4762 4763 4666
f 4763 4667 4666
f 4763 4764 4667
f 4764 4668 4667
f 4764 4765 4668
f 4765 4669 4668
f 4765 4766 4669
f 4766 4670 4669
f 4766 4767 4670
f 4767 4671 4670
f 4767 4768 4671
f 4768 4672 4671
f 4768 4769 4672
f 4769 4673 4672
f 4769 4770 4673
f 4770 4674 4673
f 4770 4771 4674
f 4771 4675 4674
f 4771 4772 4675
f 4772 4676 4675
f 4772 4773 4676
f 4773 4677 4676
f 4773 4774 4677
f 4774 4678 4677
f 4774 4775 4678
f 4775 4679 4678
f 4775 4776 4679
f 4776 4680 4679
f 4776 4777 4680
f 4777 4681 4680
f 4777 4778 4681
f 4778 4682 4681
f 4778 4779 4682
f 4779 4683 4682
f 4779 4780 4683
f 4780 4684 4683
f 4780 4781 4684
f 4781 4685 4684
f 4781 4782 4685
f 4782 4686 4685
f 4782 4783 4686
f 4783 4687 4686
f 4783 4784 4687
f 4784 4688 4687
f 4784 4785 4688
f 4785 4689 4688
f 4785 4786 4689
f 4786 4690 4689
f 4786 4787 4690
f 4787 4691 4690
f 4787 4788 4691
f 4788 4692 4691
f 4788 4789 4692
f 4789 4693 4692
f 4789 4790 4693
f 4790 4694 4693
f 4790 4791 4694
f 4791 4695 4694
f 4791 4792 4695
f 4792 4696 4695
f 4792 4793 4696
f 4793 4697 4696
f 4793 4794 4697
f 4794 4698 4697
f 4794 4795 4698
f 4795 4699 4698
f 4795 4796 4699
f 4796 4700 4699
f 4796 4797 4700
f 4797 4701 4700
f 4797 4798 4701
f 4798 4702 4701
f 4798 4799 4702
f 4799 4703 4702
f 4799 4800 4703
f 4800 4704 4703
f 4800 4705 4704
f 4705 4609 4704
f 4801 4802 4705
f 4802 4706 4705
f 4802 4803 4706
f 4803 4707 4706
f 4803 4804 4707
f 4804 4708 4707
f 4804 4805 4708
f 4805 4709 4708
f 4805 4806 4709
f 4806 4710 4709
f 4806 4807 4710
f 4807 4711 4710
f 4807 4808 4711
f 4808 4712 4711
f 4808 4809 4712
f 4809 4713 4712
f 4809 4810 4713
f 4810 4714 4713
f 4810 4811 4714
f 4811 4715 4714
f 4811 4812 4715
f 4812 4716 4715
f 4812 4813 4716
f 4813 4717 4716
f 4813 4814 4717
f 4814 4718 4717
f 4814 4815 4718
f 4815 4719 4718
f 4815 4816 4719
f 4816 4720 4719
f 4816 4817 4720
f 4817 4721 4720
f 4817 4818 4721
f 4818 4722 4721
f 4818 4819 4722
f 4819 4723 4722
f 4819 4820 4723
f 4820 4724 4723
f 4820 4821 4724
f 4821 4725 4724
f 4821 4822 4725
f 4822 4726 4725
f 4822 4823 4726
f 4823 4727 4726
f 4823 4824 4727
f 4824 4728 4727
f 4824 4825 4728
f 4825 4729 4728
f 4825 4826 4729
f 4826 4730 4729
f 4826 4827 4730
f 4827 4731 4730
f 4827 4828 4731
f 4828 4732 4731
f 4828 4829 4732
f 4829 4733 4732
f 4829 4830 4733
f 4830 4734 4733
f 4830 4831 4734
f 4831 4735 4734
f 4831 4832 4735
f 4832 4736 4735
f 4832 4833 4736
f 4833 4737 4736
f 4833 4834 4737
f 4834 4738 4737
f 4834 4835 4738
f 4835 4739 4738
f 4835 4836 4739
f 4836 4740 4739
f 4836 4837 4740
f 4837 4741 4740
f 4837 4838 4741
f 4838 4742 4741
f 4838 4839 4742
f 4839 4743 4742
f 4839 4840 4743
f 4840 4744 4743
f 4840 4841 4744
f 4841 4745 4744
f 4841 4842 4745
f 4842 4746 4745
f 4842 4843 4746
f 4843 4747 4746
f 4843 4844 4747
f 4844 4748 4747
f 4844 4845 4748
f 4845 4749 4748
f 4845 4846 4749
f 4846 4750 4749
f 4846 4847 4750
f 4847 4751 4750
f 4847 4848 4751
f 4848 4752 4751
f 4848 4849 4752
f 4849 4753 4752
f 4849 4850 4753
f 4850 4754 4753
f 4850 4851 4754
f 4851 4755 4754
f 4851 4852 4755
f 4852 4756 4755
f 4852 4853 4756
f 4853 4757 4756
f 4853 4854 4757
f 4854 4758 4757
f 4854 4855 4758
f 4855 4759 4758
f 4855 4856 4759
f 4856 4760 4759
f 4856 4857 4760
f 4857 4761 4760
f 4857 4858 4761
f 4858 4762 4761
f 4858 4859 4762
f 4859 4763 4762
f 4859 4860 4763
f 4860 4764 4763
f 4860 4861 4764
f 4861 4765 4764
f 4861 4862 4765
f 4862 4766 4765
f 4862 4863 4766
f 4863 4767 4766
f 4863 4864 4767
f 4864 4768 4767
f 4864 4865 4768
f 4865 4769 4768
f 4865 4866 4769
f 4866 4770 4769
f 4866 4867 4770
f 4867 4771 4770
f 4867 4868 4771
f 4868 4772 4771
f 4868 4869 4772
f 4869 4773 4772
f 4869 4870 4773
f 4870 4774 4773
f 4870 4871 4774
f 4871 4775 4774
f 4871 4872 4775
f 4872 4776 4775
f 4872 4873 4776
f 4873 4777 4776
f 4873 4874 4777
f 4874 4778 4777
f 4874 4875 4778
f 4875 4779 4778
f 4875 4876 4779
f 4876 4780 4779
f 4876 4877 4780
f 4877 4781 4780
f 4877 4878 4781
f 4878 4782 4781
f 4878 4879 4782
f 4879 4783 4782
f 4879 4880 4783
f 4880 4784 4783
f 4880 4881 4784
f 4881 4785 4784
f 4881 4882 4785
f 4882 4786 4785
f 4882 4883 4786
f 4883 4787 4786
f 4883 4884 4787
f 4884 4788 4787
f 4884 4885 4788
f 4885 4789 4788
f 4885 4886 4789
f 4886 4790 4789
f 4886 4887 4790
f 4887 4791 4790
f 4887 4888 4791
f 4888 4792 4791
f 4888 4889 4792
f 4889 4793 4792
f 4889 4890 4793
f 4890 4794 4793
f 4890 4891 4794
f 4891 4795 4794
f 4891 4892 4795
f 4892 4796 4795
f 4892 4893 4796
f 4893 4797 4796
f 4893 4894 4797
f 4894 4798 4797
f 4894 4895 4798
f 4895 4799 4798
f 4895 4896 4799
f 4896 4800 4799
f 4896 4801 4800
f 4801 4705 4800
f 4897 4898 4801
f 4898 4802 4801
f 4898 4899 4802
f 4899 4803 4802
f 4899 4900 4803
f 4900 4804 4803
f 4900 4901 4804
f 4901 4805 4804
f 4901 4902 4805
f 4902 4806 4805
f 4902 4903 4806
f 4903 4807 4806
f 4903 4904 4807
f 4904 4808 4807
f 4904 4905 4808
f 4905 4809 4808
f 4905 4906 4809
f 4906 4810 4809
f 4906 4907 4810
f 4907 4811 4810
f 4907 4908 4811
f 4908 4812 4811
f 4908 4909 4812
f 4909 4813 4812
f 4909 4910 4813
f 4910 4814 4813
f 4910 4911 4814
f 4911 4815 4814
f 4911 4912 4815
f 4912 4816 4815
f 4912 4913 4816
f 4913 4817 4816
f 4913 4914 4817
f 4914 4818 4817
f 4914 4915 4818
f 4915 4819 4818
f 4915 4916 4819
f 4916 4820 4819
f 4916 4917 4820
f 4917 4821 4820
f 4917 4918 4821
f 4918 4822 4821
f 4918 4919 4822
f 4919 4823 4822
f 4919 4920 4823
f 4920 4824 4823
f 4920 4921 4824
f 4921 4825 4824
f 4921 4922 4825
f 4922 4826 4825
f 4922 4923 4826
f 4923 4827 4826
f 4923 4924 4827
f 4924 4828 4827
f 4924 4925 4828
f 4925 4829 4828
f 4925 4926 4829
f 4926 4830 4829
f 4926 4927 4830
f 4927 4831 4830
f 4927 4928 4831
f 4928 4832 4831
f 4928 4929 4832
f 4929 4833 4832
f 4929 4930 4833
f 4930 4834 4833
f 4930 4931 4834
f 4931 4835 4834
f 4931 4932 4835
f 4932 4836 4835
f 4932 4933 4836
f 4933 4837 4836
f 4933 4934 4837
f 4934 4838 4837
f 4934 4935 4838
f 4935 4839 4838
f 4935 4936 4839
f 4936 4840 4839
f 4936 4937 4840
f 4937 4841 4840
f 4937 4938 4841
f 4938 4842 4841
f 4938 4939 4842
f 4939 4843 4842
f 4939 4940 4843
f 4940 4844 4843
f 4940 4941 4844
f 4941 4845 4844
f 4941 4942 4845
f 4942 4846 4845
f 4942 4943 4846
f 4943 4847 4846
f 4943 4944 4847
f 4944 4848 4847
f 4944 4945 4848
f 4945 4849 4848
f 4945 4946 4849
f 4946 4850 4849
f 4946 4947 4850
f 4947 4851 4850
f 4947 4948 4851
f 4948 4852 4851
f 4948 4949 4852
f 4949 4853 4852
f 4949 4950 4853
f 4950 4854 4853
f 4950 4951 4854
f 4951 4855 4854
f 4951 4952 4855
f 4952 4856 4855
f 4952 4953 4856
f 4953 4857 4856
f 4953 4954 4857
f 4954 4858 4857
f 4954 4955 4858
f 4955 4859 4858
f 4955 4956 4859
f 4956 4860 4859
f 4956 4957 4860
f 4957 4861 4860
f 4957 4958 4861
f 4958 4862 4861
f 4958 4959 4862
f 4959 4863 4862
f 4959 4960 4863
f 4960 4864 4863
f 4960 4961 4864
f 4961 4865 4864
f 4961 4962 4865
f 4962 4866 4865
f 4962 4963 4866
f 4963 4867 4866
f 4963 4964 4867
f 4964 4868 4867
f 4964 4965 4868
f 4965 4869 4868
f 4965 4966 4869
f 4966 4870 4869
f 4966 4967 4870
f 4967 4871 4870
f 4967 4968 4871
f 4968 4872 4871
f 4968 4969 4872
f 4969 4873 4872
f 4969 4970 4873
f 4970 4874 4873
f 4970 4971 4874
f 4971 4875 4874
f 4971 4972 4875
f 4972 4876 4875
f 4972 4973 4876
f 4973 4877 4876
f 4973 4974 4877
f 4974 4878 4877
f 4974 4975 4878
f 4975 4879 4878
f 4975 4976 4879
f 4976 4880 4879
f 4976 4977 4880
f 4977 4881 4880
f 4977 4978 4881
f 4978 4882 4881
f 4978 4979 4882
f 4979 4883 4882
f 4979 4980 4883
f 4980 4884 4883
f 4980 4981 4884
f 4981 4885 4884
f 4981 4982 4885
f 4982 4886 4885
f 4982 4983 4886
f 4983 4887 4886
f 4983 4984 4887
f 4984 4888 4887
f 4984 4985 4888
f 4985 4889 4888
f 4985 4986 4889
f 4986 4890 4889
f 4986 4987 4890
f 4987 4891 4890
f 4987 4988 4891
f 4988 4892 4891
f 4988 4989 4892
f 4989 4893 4892
f 4989 4990 4893
f 4990 4894 4893
f 4990 4991 4894
f 4991 4895 4894
f 4991 4992 4895
f 4992 4896 4895
f 4992 4897 4896
f 4897 4801 4896
f 4993 4994 4897
f 4994 4898 4897
f 4994 4995 4898
f 4995 4899 4898
f 4995 4996 4899
f 4996 4900 4899
f 4996 4997 4900
f 4997 4901 4900
f 4997 4998 4901
f 4998 4902 4901
f 4998 4999 4902
f 4999 4903 4902
f 4999 5000 4903
f 5000 4904 4903
f 5000 5001 4904
f 5001 4905 4904
f 5001 5002 4905
f 5002 4906 4905
f 5002 5003 4906
f 5003 4907 4906
f 5003 5004 4907
f 5004 4908 4907
f 5004 5005 4908
f 5005 4909 4908
f 5005 5006 4909
f 5006 4910 4909
f 5006 5007 4910
f 5007 4911 4910
f 5007 5008 4911
f 5008 4912 4911
f 5008 5009 4912
f 5009 4913 4912
f 5009 5010 4913
f 5010 4914 4913
f 5010 5011 4914
f 5011 4915 4914
f 5011 5012 4915
f 5012 4916 4915
f 5012 5013 4916
f 5013 4917 4916
f 5013 5014 4917
f 5014 4918 4917
f 5014 5015 4918
f 5015 4919 4918
f 5015 5016 4919
f 5016 4920 4919
f 5016 5017 4920
f 5017 4921 4920
f 5017 5018 4921
f 5018 4922 4921
f 5018 5019 4922
f 5019 4923 4922
f 5019 5020 4923
f 5020 4924 4923
f 5020 5021 4924
f 5021 4925 4924
f 5021 5022 4925
f 5022 4926 4925
f 5022 5023 4926
f 5023 4927 4926
f 5023 5024 4927
f 5024 4928 4927
f 5024 5025 4928
f 5025 4929 4928
f 5025 5026 4929
f 5026 4930 4929
f 5026 5027 4930
f 5027 4931 4930
f 5027 5028 4931
f 5028 4932 4931
f 5028 5029 4932
f 5029 4933 4932
f 5029 5030 4933
f 5030 4934 4933
f 5030 5031 4934
f 5031 4935 4934
f 5031 5032 4935
f 5032 4936 4935
f 5032 5033 4936
f 5033 4937 4936
f 5033 5034 4937
f 5034 4938 4937
f 5034 5035 4938
f 5035 4939 4938
f 5035 5036 4939
f 5036 4940 4939
f 5036 5037 4940
f 5037 4941 4940
f 5037 5038 4941
f 5038 4942 4941
f 5038 5039 4942
f 5039 4943 4942
f 5039 5040 4943
f 5040 4944 4943
f 5040 5041 4944
f 5041 4945 4944
f 5041 5042 4945
f 5042 4946 4945
f 5042 5043 4946
f 5043 4947 4946
f 5043 5044 4947
f 5044 4948 4947
f 5044 5045 4948
f 5045 4949 4948
f 5045 5046 4949
f 5046 4950 4949
f 5046 5047 4950
f 5047 4951 4950
f 5047 5048 4951
f 5048 4952 4951
f 5048 5049 4952
f 5049 4953 4952
f 5049 5050 4953
f 5050 4954 4953
f 5050 5051 4954
f 5051 4955 4954
f 5051 5052 4955
f 5052 4956 4955
f 5052 5053 4956
f 5053 4957 4956
f 5053 5054 4957
f 5054 4958 4957
f 5054 5055 4958
f 5055 4959 4958
f 5055 5056 4959
f 5056 4960 4959
f 5056 5057 4960
f 5057 4961 4960
f 5057 5058 4961
f 5058 4962 4961
f 5058 5059 4962
f 5059 4963 4962
f 5059 5060 4963
f 5060 4964 4963
f 5060 5061 4964
f 5061 4965 4964
f 5061 5062 4965
f 5062 4966 4965
f 5062 5063 4966
f 5063 4967 4966
f 5063 5064 4967
f 5064 4968 4967
f 5064 5065 4968
f 5065 4969 4968
f 5065 5066 4969
f 5066 4970 4969
f 5066 5067 4970
f 5067 4971 4970
f 5067 5068 4971
f 5068 4972 4971
f 5068 5069 4972
f 5069 4973 4972
f 5069 5070 4973
f 5070 4974 4973
f 5070 5071 4974
f 5071 4975 4974
f 5071 5072 4975
f 5072 4976 4975
f 5072 5073 4976
f 5073 4977 4976
f 5073 5074 4977
f 5074 4978 4977
f 5074 5075 4978
f 5075 4979 4978
f 5075 5076 4979
f 5076 4980 4979
f 5076 5077 4980
f 5077 4981 4980
f 5077 5078 4981
f 5078 4982 4981
f 5078 5079 4982
f 5079 4983 4982
f 5079 5080 4983
f 5080 4984 4983
f 5080 5081 4984
f 5081 4985 4984
f 5081 5082 4985
f 5082 4986 4985
f 5082 5083 4986
f 5083 4987 4986
f 5083 5084 4987
f 5084 4988 4987
f 5084 5085 4988
f 5085 4989 4988
f 5085 5086 4989
f 5086 4990 4989
f 5086 5087 4990
f 5087 4991 4990
f 5087 5088 4991
f 5088 4992 4991
f 5088 4993 4992
f 4993 4897 4992
f 5089 5090 4993
f 5090 4994 4993
f 5090 5091 4994
f 5091 4995 4994
f 5091 5092 4995
f 5092 4996 4995
f 5092 5093 4996
f 5093 4997 4996
f 5093 5094 4997
f 5094 4998 4997
f 5094 5095 4998
f 5095 4999 4998
f 5095 5096 4999
f 5096 5000 4999
f 5096 5097 5000
f 5097 5001 5000
f 5097 5098 5001
f 5098 5002 5001
f 5098 5099 5002
f 5099 5003 5002
f 5099 5100 5003
f 5100 5004 5003
f 5100 5101 5004
f 5101 5005 5004
f 5101 5102 5005
f 5102 5006 5005
f 5102 5103 5006
f 5103 5007 5006
f 5103 5104 5007
f 5104 5008 5007
f 5104 5105 5008
f 5105 5009 5008
f 5105 5106 5009
f 5106 5010 5009
f 5106 5107 5010
f 5107 5011 5010
f 5107 5108 5011
f 5108 5012 5011
f 5108 5109 5012
f 5109 5013 5012
f 5109 5110 5013
f 5110 5014 5013
f 5110 5111 5014
f 5111 5015 5014
f 5111 5112 5015
f 5112 5016 5015
f 5112 5113 5016
f 5113 5017 5016
f 5113 5114 5017
f 5114 5018 5017
f 5114 5115 5018
f 5115 5019 5018
f 5115 5116 5019
f 5116 5020 5019
f 5116 5117 5020
f 5117 5021 5020
f 5117 5118 5021
f 5118 5022 5021
f 5118 5119 5022
f 5119 5023 5022
f 5119 5120 5023
f 5120 5024 5023
f 5120 5121 5024
f 5121 5025 5024
f 5121 5122 5025
f 5122 5026 5025
f 5122 5123 5026
f 5123 5027 5026
f 5123 5124 5027
f 5124 5028 5027
f 5124 5125 5028
f 5125 5029 5028
f 5125 5126 5029
f 5126 5030 5029
f 5126 5127 5030
f 5127 5031 5030
f 5127 5128 5031
f 5128 5032 5031
f 5128 5129 5032
f 5129 5033 5032
f 5129 5130 5033
f 5130 5034 5033
f 5130 5131 5034
f 5131 5035 5034
f 5131 5132 5035
f 5132 5036 5035
f 5132 5133 5036
f 5133 5037 5036
f 5133 5134 5037
f 5134 5038 5037
f 5134 5135 5038
f 5135 5039 5038
f 5135 5136 5039
f 5136 5040 5039
f 5136 5137 5040
f 5137 5041 5040
f 5137 5138 5041
f 5138 5042 5041
f 5138 5139 5042
f 5139 5043 5042
f 5139 5140 5043
f 5140 5044 5043
f 5140 5141 5044
f 5141 5045 5044
f 5141 5142 5045
f 5142 5046 5045
f 5142 5143 5046
f 5143 5047 5046
f 5143 5144 5047
f 5144 5048 5047
f 5144 5145 5048
f 5145 5049 5048
f 5145 5146 5049
f 5146 5050 5049
f 5146 5147 5050
f 5147 5051 5050
f 5147 5148 5051
f 5148 5052 5051
f 5148 5149 5052
f 5149 5053 5052
f 5149 5150 5053
f 5150 5054 5053
f 5150 5151 5054
f 5151 5055 5054
f 5151 5152 5055
f 5152 5056 5055
f 5152 5153 5056
f 5153 5057 5056
f 5153 5154 5057
f 5154 5058 5057
f 5154 5155 5058
f 5155 5059 5058
f 5155 5156 5059
f 5156 5060 5059
f 5156 5157 5060
f 5157 5061 5060
f 5157 5158 5061
f 5158 5062 5061
f 5158 5159 5062
f 5159 5063 5062
f 5159 5160 5063
f 5160 5064 5063
f 5160 5161 5064
f 5161 5065 5064
f 5161 5162 5065
f 5162 5066 5065
f 5162 5163 5066
f 5163 5067 5066
f 5163 5164 5067
f 5164 5068 5067
f 5164 5165 5068
f 5165 5069 5068
f 5165 5166 5069
f 5166 5070 5069
f 5166 5167 5070
f 5167 5071 5070
f 5167 5168 5071
f 5168 5072 5071
f 5168 5169 5072
f 5169 5073 5072
f 5169 5170 5073
f 5170 5074 5073
f 5170 5171 5074
f 5171 5075 5074
f 5171 5172 5075
f 5172 5076 5075
f 5172 5173 5076
f 5173 5077 5076
f 5173 5174 5077
f 5174 5078 5077
f 5174 5175 5078
f 5175 5079 5078
f 5175 5176 5079
f 5176 5080 5079
f 5176 5177 5080
f 5177 5081 5080
f 5177 5178 5081
f 5178 5082 5081
f 5178 5179 5082
f 5179 5083 5082
f 5179 5180 5083
f 5180 5084 5083
f 5180 5181 5084
f 5181 5085 5084
f 5181 5182 5085
f 5182 5086 5085
f 5182 5183 5086
f 5183 5087 5086
f 5183 5184 5087
f 5184 5088 5087
f 5184 5089 5088
f 5089 4993 5088
f 1 2 5185
f 2 3 5185
f 3 4 5185
f 4 5 5185
f 5 6 5185
f 6 7 5185
f 7 8 5185
f 8 9 5185
f 9 10 5185
f 10 11 5185
f 11 12 5185
f 12 13 5185
f 13 14 5185
f 14 15 5185
f 15 16 5185
f 16 17 5185
f 17 18 5185
f 18 19 5185
f 19 20 5185
f 20 21 5185
f 21 22 5185
f 22 23 5185
f 23 24 5185
f 24 25 5185
f 25 26 5185
f 26 27 5185
f 27 28 5185
f 28 29 5185
f 29 30 5185
f 30 31 5185
f 31 32 5185
f 32 33 5185
f 33 34 5185
f 34 35 5185
f 35 36 5185
f 36 37 5185
f 37 38 5185
f 38 39 5185
f 39 40 5185
f 40 41 5185
f 41 42 5185
f 42 43 5185
f 43 44 5185
f 44 45 5185
f 45 46 5185
f 46 47 5185
f 47 48 5185
f 48 49 5185
f 49 50 5185
f 50 51 5185
f 51 52 5185
f 52 53 5185
f 53 54 5185
f 54 55 5185
f 55 56 5185
f 56 57 5185
f 57 58 5185
f 58 59 5185
f 59 60 5185
f 60 61 5185
f 61 62 5185
f 62 63 5185
f 63 64 5185
f 64 65 5185
f 65 66 5185
f 66 67 5185
f 67 68 5185
f 68 69 5185
f 69 70 5185
f 70 71 5185
f 71 72 5185
f 72 73 5185
f 73 74 5185
f 74 75 5185
f 75 76 5185
f 76 77 5185
f 77 78 5185
f 78 79 5185
f 79 80 5185
f 80 81 5185
f 81 82 5185
f 82 83 5185
f 83 84 5185
f 84 85 5185
f 85 86 5185
f 86 87 5185
f 87 88 5185
f 88 89 5185
f 89 90 5185
f 90 91 5185
f 91 92 5185
f 92 93 5185
f 93 94 5185
f 94 95 5185
f 95 96 5185
f 96 1 5185
f 5090 5089 5186
f 5091 5090 5186
f 5092 5091 5186
f 5093 5092 5186
f 5094 5093 5186
f 5095 5094 5186
f 5096 5095 5186
f 5097 5096 5186
f 5098 5097 5186
f 5099 5098 5186
f 5100 5099 5186
f 5101 5100 5186
f 5102 5101 5186
f 5103 5102 5186
f 5104 5103 5186
f 5105 5104 5186
f 5106 5105 5186
f 5107 5106 5186
f 5108 5107 5186
f 5109 5108 5186
f 5110 5109 5186
f 5111 5110 5186
f 5112 5111 5186
f 5113 5112 5186
f 5114 5113 5186
f 5115 5114 5186
f 5116 5115 5186
f 5117 5116 5186
f 5118 5117 5186
f 5119 5118 5186
f 5120 5119 5186
f 5121 5120 5186
f 5122 5121 5186
f 5123 5122 5186
f 5124 5123 5186
f 5125 5124 5186
f 5126 5125 5186
f 5127 5126 5186
f 5128 5127 5186
f 5129 5128 5186
f 5130 5129 5186
f 5131 5130 5186
f 5132 5131 5186
f 5133 5132 5186
f 5134 5133 5186
f 5135 5134 5186
f 5136 5135 5186
f 5137 5136 5186
f 5138 5137 5186
f 5139 5138 5186
f 5140 5139 5186
f 5141 5140 5186
f 5142 5141 5186
f 5143 5142 5186
f 5144 5143 5186
f 5145 5144 5186
f 5146 5145 5186
f 5147 5146 5186
f 5148 5147 5186
f 5149 5148 5186
f 5150 5149 5186
f 5151 5150 5186
f 5152 5151 5186
f 5153 5152 5186
f 5154 5153 5186
f 5155 5154 5186
f 5156 5155 5186
f 5157 5156 5186
f 5158 5157 5186
f 5159 5158 5186
f 5160 5159 5186
f 5161 5160 5186
f 5162 5161 5186
f 5163 5162 5186
f 5164 5163 5186
f 5165 5164 5186
f 5166 5165 5186
f 5167 5166 5186
f 5168 5167 5186
f 5169 5168 5186
f 5170 5169 5186
f 5171 5170 5186
f 5172 5171 5186
f 5173 5172 5186
f 5174 5173 5186
f 5175 5174 5186
f 5176 5175 5186
f 5177 5176 5186
f 5178 5177 5186
f 5179 5178 5186
f 5180 5179 5186
f 5181 5180 5186
f 5182 5181 5186
f 5183 5182 5186
f 5184 5183 5186
f 5089 5184 5186

