# https://github.com/mikedh/trimesh
v 2.73436460 -13.57408482 0.00000000
v 2.72227527 -13.57408482 -0.17842735
v 2.70300190 -13.57408482 -0.35585695
v 2.67734691 -13.57408482 -0.53255741
v 2.64606353 -13.57408482 -0.70901058
v 2.60969863 -13.57408482 -0.88587332
v 2.56844666 -13.57408482 -1.06388544
v 2.52204098 -13.57408482 -1.24373297
v 2.46970425 -13.57408482 -1.42588442
v 2.41017047 -13.57408482 -1.61042442
v 2.34178041 -13.57408482 -1.79691131
v 2.26264112 -13.57408482 -1.98428301
v 2.17082994 -13.57408482 -2.17082994
v 2.06461657 -13.57408482 -2.35424399
v 1.94267385 -13.57408482 -2.53174185
v 1.80424916 -13.57408482 -2.70024969
v 1.64927446 -13.57408482 -2.85662716
v 1.47840181 -13.57408482 -2.99790231
v 1.29296244 -13.57408482 -3.12148745
v 1.09485835 -13.57408482 -3.22534870
v 0.88640502 -13.57408482 -3.30810856
v 0.67014999 -13.57408482 -3.36907151
v 0.44869457 -13.57408482 -3.40817363
v 0.22454331 -13.57408482 -3.42586889
v 0.00000000 -13.57408482 -3.42297393
v -0.22288047 -13.57408482 -3.40049879
v -0.44228556 -13.57408482 -3.35949233
v -0.65659530 -13.57408482 -3.30092747
v -0.86430865 -13.57408482 -3.22564381
v -1.06397001 -13.57408482 -3.13435458
v -1.25411977 -13.57408482 -3.02771295
v -1.43328857 -13.57408482 -2.90642170
v -1.60004638 -13.57408482 -2.77136162
v -1.75310655 -13.57408482 -2.62370937
v -1.89147357 -13.57408482 -2.46501635
v -2.01461216 -13.57408482 -2.29722489
v -2.12260844 -13.57408482 -2.12260844
v -2.21629045 -13.57408482 -1.94363456
v -2.29727775 -13.57408482 -1.76276322
v -2.36793756 -13.57408482 -1.58220530
v -2.43123659 -13.57408482 -1.40367510
v -2.49049275 -13.57408482 -1.22817511
v -2.54904627 -13.57408482 -1.05584953
v -2.60988363 -13.57408482 -0.88593611
v -2.67525790 -13.57408482 -0.71683319
v -2.74635326 -13.57408482 -0.54628363
v -2.82303990 -13.57408482 -0.37166025
v -2.90375673 -13.57408482 -0.19032227
v -2.98554509 -13.57408482 -0.00000000
v -3.06423901 -13.57408482 0.20084084
v -3.13479738 -13.57408482 0.41270390
v -3.19174548 -13.57408482 0.63487765
v -3.22967823 -13.57408482 0.86538967
v -3.24376861 -13.57408482 1.10111107
v -3.23022314 -13.57408482 1.33800223
v -3.18663150 -13.57408482 1.57147275
v -3.11217067 -13.57408482 1.79681257
v -3.00764113 -13.57408482 2.00964156
v -2.87533393 -13.57408482 2.20632133
v -2.71874793 -13.57408482 2.38427794
v -2.54219501 -13.57408482 2.54219501
v -2.35034409 -13.57408482 2.68005378
v -2.14776095 -13.57408482 2.79901657
v -1.93850002 -13.57408482 2.90117031
v -1.72579531 -13.57408482 2.98916515
v -1.51188338 -13.57408482 3.06579621
v -1.29797274 -13.57408482 3.13358339
v -1.08435393 -13.57408482 3.19440367
v -0.87062644 -13.57408482 3.24922213
v -0.65600390 -13.57408482 3.29795432
v -0.43965015 -13.57408482 3.33947447
v -0.22099712 -13.57408482 3.37176443
v -0.00000000 -13.57408482 3.39218004
v 0.22270337 -13.57408482 3.39779678
v 0.44574739 -13.57408482 3.38578753
v 0.66710885 -13.57408482 3.35378269
v 0.88427712 -13.57408482 3.30016716
v 1.09449532 -13.57408482 3.22427923
v 1.29503491 -13.57408482 3.12649085
v 1.48346300 -13.57408482 3.00816538
v 1.65786459 -13.57408482 2.87150569
v 1.81699092 -13.57408482 2.71931909
v 1.96031695 -13.57408482 2.55473478
v 2.08800541 -13.57408482 2.38091386
v 2.20078908 -13.57408482 2.20078908
v 2.29979389 -13.57408482 2.01686511
v 2.38633358 -13.57408482 1.83109816
v 2.46170851 -13.57408482 1.64486104
v 2.52703874 -13.57408482 1.45898650
v 2.58315407 -13.57408482 1.27387061
v 2.63055297 -13.57408482 1.08961072
v 2.66943038 -13.57408482 0.90614951
v 2.69976261 -13.57408482 0.72339921
v 2.72142853 -13.57408482 0.54132579
v 2.73434070 -13.57408482 0.35998278
v 2.73855915 -13.57408482 0.17949465
v 2.73317589 -13.06185520 0.00000000
v 2.72292355 -13.06185520 -0.17846984
v 2.70554122 -13.06185520 -0.35619126
v 2.68179806 -13.06185520 -0.53344280
v 2.65239931 -13.06185520 -0.71070825
v 2.61782978 -13.06185520 -0.88863347
v 2.57821131 -13.06185520 -1.06793009
v 2.53320022 -13.06185520 -1.24923610
v 2.48194547 -13.06185520 -1.43295189
v 2.42311919 -13.06185520 -1.61907648
v 2.35501992 -13.06185520 -1.80707035
v 2.27573831 -13.06185520 -1.99576893
v 2.18336445 -13.06185520 -2.18336445
v 2.07621022 -13.06185520 -2.36746402
v 1.95301687 -13.06185520 -2.54522114
v 1.81312039 -13.06185520 -2.71352642
v 1.65655341 -13.06185520 -2.86923467
v 1.48407164 -13.06185520 -3.00939958
v 1.29710401 -13.06185520 -3.13148610
v 1.09763677 -13.06185520 -3.23353365
v 0.88805081 -13.06185520 -3.31425074
v 0.67093777 -13.06185520 -3.37303194
v 0.44892177 -13.06185520 -3.40989941
v 0.22451146 -13.06185520 -3.42538295
v 0.00000000 -13.06185520 -3.42036101
v -0.22257842 -13.06185520 -3.39589043
v -0.44143787 -13.06185520 -3.35305355
v -0.65498806 -13.06185520 -3.29284733
v -0.86175964 -13.06185520 -3.21613076
v -1.06033179 -13.06185520 -3.12363672
v -1.24928543 -13.06185520 -3.01604182
v -1.42720110 -13.06185520 -2.89407753
v -1.59271153 -13.06185520 -2.75865729
v -1.74460801 -13.06185520 -2.61099041
v -1.88198803 -13.06185520 -2.45265456
v -2.00442130 -13.06185520 -2.28560444
v -2.11210438 -13.06185520 -2.11210438
v -2.20597160 -13.06185520 -1.93458517
v -2.28773285 -13.06185520 -1.75543916
v -2.35981696 -13.06185520 -1.57677928
v -2.42521161 -13.06185520 -1.40019658
v -2.48720576 -13.06185520 -1.22655415
v -2.54905568 -13.06185520 -1.05585343
v -2.61360935 -13.06185520 -0.88720082
v -2.68293326 -13.06185520 -0.71888980
v -2.75798943 -13.06185520 -0.54859821
v -2.83840774 -13.06185520 -0.37368347
v -2.92238926 -13.06185520 -0.19154351
v -3.00676194 -13.06185520 -0.00000000
v -3.08719118 -13.06185520 0.20234520
v -3.15852879 -13.06185520 0.41582820
v -3.21526538 -13.06185520 0.63955605
v -3.25203724 -13.06185520 0.87138075
v -3.26413075 -13.06185520 1.10802308
v -3.24792623 -13.06185520 1.34533509
v -3.20123008 -13.06185520 1.57867197
v -3.12345718 -13.06185520 1.80332885
v -3.01564388 -13.06185520 2.01498882
v -2.88029289 -13.06185520 2.21012647
v -2.72107212 -13.06185520 2.38631620
v -2.54240704 -13.06185520 2.54240704
v -2.34901880 -13.06185520 2.67854259
v -2.14546559 -13.06185520 2.79602520
v -1.93574255 -13.06185520 2.89704345
v -1.72298633 -13.06185520 2.98429986
v -1.50931509 -13.06185520 3.06058825
v -1.29581578 -13.06185520 3.12837604
v -1.08267085 -13.06185520 3.18944548
v -0.86939830 -13.06185520 3.24463863
v -0.65516501 -13.06185520 3.29373692
v -0.43912524 -13.06185520 3.33548737
v -0.22073518 -13.06185520 3.36776798
v -0.00000000 -13.06185520 3.38786715
v 0.22237829 -13.06185520 3.39283712
v 0.44496882 -13.06185520 3.37987373
v 0.66569455 -13.06185520 3.34667248
v 0.88201279 -13.06185520 3.29171653
v 1.09116307 -13.06185520 3.21446276
v 1.29044396 -13.06185520 3.11540730
v 1.47747791 -13.06185520 2.99602881
v 1.65042731 -13.06185520 2.85862396
v 1.80813360 -13.06185520 2.70606316
v 1.95016407 -13.06185520 2.54150329
v 2.07676570 -13.06185520 2.36809742
v 2.18873865 -13.06185520 2.18873865
v 2.28725356 -13.06185520 2.00586754
v 2.37364383 -13.06185520 1.82136097
v 2.44920558 -13.06185520 1.63650685
v 2.51503495 -13.06185520 1.45205611
v 2.57192454 -13.06185520 1.26833282
v 2.62032947 -13.06185520 1.08537600
v 2.66040212 -13.06185520 0.90308483
v 2.69208230 -13.06185520 0.72134128
v 2.71522142 -13.06185520 0.54009112
v 2.72971378 -13.06185520 0.35937364
v 2.73560802 -13.06185520 0.17930122
v 2.73253113 -12.54962559 0.00000000
v 2.72411661 -12.54962559 -0.17854804
v 2.70861543 -12.54962559 -0.35659599
v 2.68676224 -12.54962559 -0.53443024
v 2.65921320 -12.54962559 -0.71253403
v 2.62639047 -12.54962559 -0.89153943
v 2.58834348 -12.54962559 -1.07212697
v 2.54465268 -12.54962559 -1.25488383
v 2.49439561 -12.54962559 -1.44013998
v 2.43618577 -12.54962559 -1.62780729
v 2.36828364 -12.54962559 -1.81724795
v 2.28876808 -12.54962559 -2.00719574
v 2.19574678 -12.54962559 -2.19574678
v 2.08757827 -12.54962559 -2.38042679
v 1.96307601 -12.54962559 -2.55833047
v 1.82166738 -12.54962559 -2.72631790
v 1.66348722 -12.54962559 -2.88124439
v 1.48939506 -12.54962559 -3.02019441
v 1.30091643 -12.54962559 -3.14069008
v 1.10011961 -12.54962559 -3.24084785
v 0.88944793 -12.54962559 -3.31946486
v 0.67153356 -12.54962559 -3.37602719
v 0.44901974 -12.54962559 -3.41064352
v 0.22441551 -12.54962559 -3.42391902
v 0.00000000 -12.54962559 -3.41679283
v -0.22221640 -12.54962559 -3.39036711
v -0.44047715 -12.54962559 -3.34575613
v -0.65322409 -12.54962559 -3.28397927
v -0.85902193 -12.54962559 -3.20591347
v -1.05648680 -12.54962559 -3.11230976
v -1.24424228 -12.54962559 -3.00386659
v -1.42092075 -12.54962559 -2.88134224
v -1.58521930 -12.54962559 -2.74568037
v -1.73600815 -12.54962559 -2.59811980
v -1.87247785 -12.54962559 -2.44026064
v -1.99430186 -12.54962559 -2.27406543
v -2.10178443 -12.54962559 -2.10178443
v -2.19596169 -12.54962559 -1.92580671
v -2.27862764 -12.54962559 -1.74845248
v -2.35226501 -12.54962559 -1.57173323
v -2.41987369 -12.54962559 -1.39711473
v -2.48470447 -12.54962559 -1.22532064
v -2.54992080 -12.54962559 -1.05621178
v -2.61822449 -12.54962559 -0.88876745
v -2.69148988 -12.54962559 -0.72118254
v -2.77045396 -12.54962559 -0.55107756
v -2.85450660 -12.54962559 -0.37580292
v -2.94161483 -12.54962559 -0.19280362
v -3.02840015 -12.54962559 -0.00000000
v -3.11036913 -12.54962559 0.20386436
v -3.18227825 -12.54962559 0.41895488
v -3.23859614 -12.54962559 0.64419682
v -3.27401304 -12.54962559 0.87726915
v -3.28393997 -12.54962559 1.11474741
v -3.26494012 -12.54962559 1.35238248
v -3.21504266 -12.54962559 1.58548358
v -3.13390298 -12.54962559 1.80935973
v -3.02279243 -12.54962559 2.01976533
v -2.88442141 -12.54962559 2.21329439
v -2.72262029 -12.54962559 2.38767391
v -2.54191990 -12.54962559 2.54191990
v -2.34708471 -12.54962559 2.67633718
v -2.14265663 -12.54962559 2.79236449
v -1.93256403 -12.54962559 2.89228646
v -1.71984055 -12.54962559 2.97885121
v -1.50648245 -12.54962559 3.05484422
v -1.29345392 -12.54962559 3.12267400
v -1.08083017 -12.54962559 3.18402300
v -0.86805014 -12.54962559 3.23960721
v -0.65423732 -12.54962559 3.28907313
v -0.43854000 -12.54962559 3.33104201
v -0.22044177 -12.54962559 3.36329154
v -0.00000000 -12.54962559 3.38304761
v 0.22201832 -12.54962559 3.38734499
v 0.44411761 -12.54962559 3.37340819
v 0.66416898 -12.54962559 3.33900293
v 0.87960065 -12.54962559 3.28271433
v 1.08765213 -12.54962559 3.20411984
v 1.28565259 -12.54962559 3.10383992
v 1.47128298 -12.54962559 2.98346675
v 1.64278524 -12.54962559 2.84538750
v 1.79909190 -12.54962559 2.69253131
v 1.93986230 -12.54962559 2.52807777
v 2.06542600 -12.54962559 2.35516697
v 2.17664790 -12.54962559 2.17664790
v 2.27474006 -12.54962559 1.99489349
v 2.36105195 -12.54962559 1.81169888
v 2.43687199 -12.54962559 1.62826581
v 2.50326947 -12.54962559 1.44526330
v 2.56099737 -12.54962559 1.26294414
v 2.61046596 -12.54962559 1.08129040
v 2.65178413 -12.54962559 0.90015942
v 2.68485485 -12.54962559 0.71940469
v 2.70950196 -12.54962559 0.53895345
v 2.72560150 -12.54962559 0.35883225
v 2.73319049 -12.54962559 0.17914277
v 2.73243395 -12.03739597 0.00000000
v 2.72585393 -12.03739597 -0.17866191
v 2.71221976 -12.03739597 -0.35707051
v 2.69223040 -12.03739597 -0.53551792
v 2.66649197 -12.03739597 -0.71448437
v 2.63536355 -12.03739597 -0.89458538
v 2.59882251 -12.03739597 -1.07646753
v 2.55637480 -12.03739597 -1.26066454
v 2.50702891 -12.03739597 -1.44743381
v 2.44934315 -12.03739597 -1.63659877
v 2.38154413 -12.03739597 -1.82742308
v 2.30170361 -12.03739597 -2.01853989
v 2.20795161 -12.03739597 -2.20795161
v 2.09869774 -12.03739597 -2.39310612
v 1.97283129 -12.03739597 -2.57104380
v 1.82987360 -12.03739597 -2.73859938
v 1.67006299 -12.03739597 -2.89263396
v 1.49436275 -12.03739597 -3.03026789
v 1.30439369 -12.03739597 -3.14908495
v 1.10230374 -12.03739597 -3.24728209
v 0.89059546 -12.03739597 -3.32374751
v 0.67193793 -12.03739597 -3.37806008
v 0.44898967 -12.03739597 -3.41041516
v 0.22425648 -12.03739597 -3.42149265
v 0.00000000 -12.03739597 -3.41229111
v -0.22179622 -12.03739597 -3.38395639
v -0.43940772 -12.03739597 -3.33763296
v -0.65131089 -12.03739597 -3.27436096
v -0.85610668 -12.03739597 -3.19503364
v -1.05245031 -12.03739597 -3.10041863
v -1.23900992 -12.03739597 -2.99123456
v -1.41447151 -12.03739597 -2.86826447
v -1.57759792 -12.03739597 -2.73247976
v -1.72733903 -12.03739597 -2.58514555
v -1.86297823 -12.03739597 -2.42788050
v -1.98429124 -12.03739597 -2.26265051
v -2.09168692 -12.03739597 -2.09168692
v -2.18629846 -12.03739597 -1.91733229
v -2.26999757 -12.03739597 -1.74183040
v -2.34531307 -12.03739597 -1.56708809
v -2.41524829 -12.03739597 -1.39444425
v -2.48300676 -12.03739597 -1.22448343
v -2.55165056 -12.03739597 -1.05692827
v -2.62372810 -12.03739597 -0.89063568
v -2.70091643 -12.03739597 -0.72370838
v -2.78372523 -12.03739597 -0.55371738
v -2.87130532 -12.03739597 -0.37801452
v -2.96139402 -12.03739597 -0.19410002
v -3.05041390 -12.03739597 -0.00000000
v -3.13372282 -12.03739597 0.20539504
v -3.20599388 -12.03739597 0.42207710
v -3.26168650 -12.03739597 0.64878978
v -3.29555730 -12.03739597 0.88304192
v -3.30315291 -12.03739597 1.12126932
v -3.28122796 -12.03739597 1.35912912
v -3.22803988 -12.03739597 1.59189310
v -3.14348664 -12.03739597 1.81489286
v -3.02907316 -12.03739597 2.02396198
v -2.88771301 -12.03739597 2.21582012
v -2.72339208 -12.03739597 2.38835075
v -2.54073804 -12.03739597 2.54073804
v -2.34454964 -12.03739597 2.67344649
v -2.13934388 -12.03739597 2.78804723
v -1.92897501 -12.03739597 2.88691512
v -1.71636824 -12.03739597 2.97283700
v -1.50339473 -12.03739597 3.04858293
v -1.29089500 -12.03739597 3.11649621
v -1.07883813 -12.03739597 3.17815464
v -0.86658663 -12.03739597 3.23414533
v -0.65322411 -12.03739597 3.28397936
v -0.43789648 -12.03739597 3.32615400
v -0.22011791 -12.03739597 3.35835034
v -0.00000000 -12.03739597 3.37773690
v 0.22162452 -12.03739597 3.38133676
v 0.44319614 -12.03739597 3.36640887
v 0.66253613 -12.03739597 3.33079405
v 0.87704673 -12.03739597 3.27318296
v 1.08397093 -12.03739597 3.19327538
v 1.28067207 -12.03739597 3.09181589
v 1.46489256 -12.03739597 2.97050826
v 1.63495588 -12.03739597 2.83182665
v 1.78988645 -12.03739597 2.67875437
v 1.92943506 -12.03739597 2.51448872
v 2.05401209 -12.03739597 2.34215190
v 2.16454440 -12.03739597 2.16454440
v 2.26228205 -12.03739597 1.98396811
v 2.34858696 -12.03739597 1.80213416
v 2.42473644 -12.03739597 1.62015709
v 2.49176992 -12.03739597 1.43862403
v 2.55039858 -12.03739597 1.25771739
v 2.60098626 -12.03739597 1.07736379
v 2.64359763 -12.03739597 0.89738047
v 2.67809848 -12.03739597 0.71759433
v 2.70428512 -12.03739597 0.53791576
v 2.72201529 -12.03739597 0.35836011
v 2.73131418 -12.03739597 0.17901979
v 2.73288622 -11.52516636 0.00000000
v 2.72813325 -11.52516636 -0.17881130
v 2.71634775 -11.52516636 -0.35761397
v 2.69819191 -11.52516636 -0.53670374
v 2.67422095 -11.52516636 -0.71655534
v 2.64473058 -11.52516636 -0.89776506
v 2.60962667 -11.52516636 -1.08094276
v 2.56834213 -11.52516636 -1.26656617
v 2.51981900 -11.52516636 -1.45481818
v 2.46256391 -11.52516636 -1.64543260
v 2.39477387 -11.52516636 -1.83757462
v 2.31451824 -11.52516636 -2.02977802
v 2.21995406 -11.52516636 -2.21995406
v 2.10954627 -11.52516636 -2.40547650
v 1.98226350 -11.52516636 -2.58333609
v 1.83772337 -11.52516636 -2.75034738
v 1.67626873 -11.52516636 -2.90338260
v 1.49896632 -11.52516636 -3.03960300
v 1.30753069 -11.52516636 -3.15665832
v 1.10418679 -11.52516636 -3.25282940
v 0.89149314 -11.52516636 -3.32709768
v 0.67215191 -11.52516636 -3.37913585
v 0.44883312 -11.52516636 -3.40922600
v 0.22403554 -11.52516636 -3.41812185
v 0.00000000 -11.52516636 -3.40687991
v -0.22131982 -11.52516636 -3.37668801
v -0.43823416 -11.52516636 -3.32871892
v -0.64925628 -11.52516636 -3.26403175
v -0.85302547 -11.52516636 -3.18353439
v -1.04823794 -11.52516636 -3.08800940
v -1.23360825 -11.52516636 -2.97819378
v -1.40787756 -11.52516636 -2.85489327
v -1.56987564 -11.52516636 -2.71910437
v -1.71863250 -11.52516636 -2.57211531
v -1.85352389 -11.52516636 -2.41555937
v -1.97442599 -11.52516636 -2.25140135
v -2.08184894 -11.52516636 -2.08184894
v -2.17701802 -11.52516636 -1.90919356
v -2.26187607 -11.52516636 -1.73559855
v -2.33899009 -11.52516636 -1.56286321
v -2.41135812 -11.52516636 -1.39219826
v -2.48212756 -11.52516636 -1.22404985
v -2.55425081 -11.52516636 -1.05800533
v -2.63011606 -11.52516636 -0.89280410
v -2.71119850 -11.52516636 -0.72646345
v -2.79777879 -11.52516636 -0.55651280
v -2.88877025 -11.52516636 -0.38031382
v -2.98168537 -11.52516636 -0.19542998
v -3.07275579 -11.52516636 -0.00000000
v -3.15720116 -11.52516636 0.20693390
v -3.22962337 -11.52516636 0.42518798
v -3.28448537 -11.52516636 0.65332476
v -3.31662239 -11.52516636 0.88868629
v -3.32172731 -11.52516636 1.12757448
v -3.29675435 -11.52516636 1.36556036
v -3.24019411 -11.52516636 1.59788691
v -3.15218860 -11.52516636 1.81991693
v -3.03447434 -11.52516636 2.02757093
v -2.89016303 -11.52516636 2.21770009
v -2.72338878 -11.52516636 2.38834786
v -2.53886737 -11.52516636 2.53886737
v -2.34142265 -11.52516636 2.66988084
v -2.13553815 -11.52516636 2.78308750
v -1.92498683 -11.52516636 2.88094638
v -1.71258026 -11.52516636 2.96627602
v -1.50006162 -11.52516636 3.04182405
v -1.28814715 -11.52516636 3.10986232
v -1.07670119 -11.52516636 3.17185941
v -0.86501261 -11.52516636 3.22827100
v -0.65212874 -11.52516636 3.27847257
v -0.43719681 -11.52516636 3.32083948
v -0.21976462 -11.52516636 3.35296018
v -0.00000000 -11.52516636 3.37195108
v 0.22119801 -11.52516636 3.37482947
v 0.44220684 -11.52516636 3.35889440
v 0.66080013 -11.52516636 3.32206659
v 0.87435722 -11.52516636 3.26314555
v 1.08012814 -11.52516636 3.18195491
v 1.27551390 -11.52516636 3.07936297
v 1.45832119 -11.52516636 2.95718285
v 1.62695690 -11.52516636 2.81797201
v 1.78053792 -11.52516636 2.66476331
v 1.91890574 -11.52516636 2.50076664
v 2.04254958 -11.52516636 2.32908142
v 2.15245538 -11.52516636 2.15245538
v 2.24990768 -11.52516636 1.97311608
v 2.33627721 -11.52516636 1.79268855
v 2.41282673 -11.52516636 1.61219928
v 2.48056290 -11.52516636 1.43215366
v 2.54015293 -11.52516636 1.25266480
v 2.59191286 -11.52516636 1.07360546
v 2.63586235 -11.52516636 0.89475470
v 2.67182987 -11.52516636 0.71591466
v 2.69958418 -11.52516636 0.53698068
v 2.71896481 -11.52516636 0.35795851
v 2.72998496 -11.52516636 0.17893267
v 2.73388805 -11.01293674 0.00000000
v 2.73095059 -11.01293674 -0.17899596
v 2.72099129 -11.01293674 -0.35822530
v 2.70463456 -11.01293674 -0.53798526
v 2.68238403 -11.01293674 -0.71874264
v 2.65447190 -11.01293674 -0.90107179
v 2.62073319 -11.01293674 -1.08554323
v 2.58052946 -11.01293674 -1.27257630
v 2.53273899 -11.01293674 -1.46227754
v 2.47582038 -11.01293674 -1.65429029
v 2.40794535 -11.01293674 -1.84768145
v 2.32718556 -11.01293674 -2.04088696
v 2.23172969 -11.01293674 -2.23172969
v 2.12010217 -11.01293674 -2.41751319
v 1.99135422 -11.01293674 -2.59518335
v 1.84520189 -11.01293674 -2.76153979
v 1.68209336 -11.01293674 -2.91347117
v 1.50319828 -11.01293674 -3.04818458
v 1.31032315 -11.01293674 -3.16339991
v 1.10576718 -11.01293674 -3.25748507
v 0.89214132 -11.01293674 -3.32951672
v 0.67217705 -11.01293674 -3.37926222
v 0.44855192 -11.01293674 -3.40709013
v 0.22375404 -11.01293674 -3.41382695
v 0.00000000 -11.01293674 -3.40058554
v -0.22078930 -11.01293674 -3.36859375
v -0.43696132 -11.01293674 -3.31905072
v -0.64706842 -11.01293674 -3.25303261
v -0.84979019 -11.01293674 -3.17146016
v -1.04386566 -11.01293674 -3.07512908
v -1.22805744 -11.01293674 -2.96479292
v -1.40116321 -11.01293674 -2.84127792
v -1.56208064 -11.01293674 -2.70560303
v -1.70992010 -11.01293674 -2.55907627
v -1.84414893 -11.01293674 -2.40334167
v -1.96474171 -11.01293674 -2.24035854
v -2.07230626 -11.01293674 -2.07230626
v -2.16815476 -11.01293674 -1.90142069
v -2.25429445 -11.01293674 -1.72978097
v -2.33332257 -11.01293674 -1.55907629
v -2.40822318 -11.01293674 -1.39038830
v -2.48207884 -11.01293674 -1.22402583
v -2.55772432 -11.01293674 -1.05944410
v -2.63738118 -11.01293674 -0.89527027
v -2.72231873 -11.01293674 -0.72944310
v -2.81258745 -11.01293674 -0.55945843
v -2.90686534 -11.01293674 -0.38269608
v -3.00244550 -11.01293674 -0.19679068
v -3.09537706 -11.01293674 -0.00000000
v -3.18075231 -11.01293674 0.20847752
v -3.25311419 -11.01293674 0.42828061
v -3.30694197 -11.01293674 0.65779166
v -3.33716149 -11.01293674 0.89418973
v -3.33962219 -11.01293674 1.13364897
v -3.31148547 -11.01293674 1.37166219
v -3.25147951 -11.01293674 1.60345225
v -3.15999119 -11.01293674 1.82442176
v -3.03898610 -11.01293674 2.03058560
v -2.89176862 -11.01293674 2.21893210
v -2.72261335 -11.01293674 2.38766783
v -2.53631522 -11.01293674 2.53631522
v -2.33771400 -11.01293674 2.66565193
v -2.13125122 -11.01293674 2.77750066
v -1.92061155 -11.01293674 2.87439831
v -1.70848802 -11.01293674 2.95918805
v -1.49649322 -11.01293674 3.03458805
v -1.28521881 -11.01293674 3.10279268
v -1.07442599 -11.01293674 3.16515690
v -0.86333303 -11.01293674 3.22200274
v -0.65095469 -11.01293674 3.27257020
v -0.43644318 -11.01293674 3.31511509
v -0.21938297 -11.01293674 3.34713738
v -0.00000000 -11.01293674 3.36570683
v 0.22073995 -11.01293674 3.36784080
v 0.44115226 -11.01293674 3.35088408
v 0.65896523 -11.01293674 3.31284193
v 0.87153847 -11.01293674 3.25262585
v 1.07613265 -11.01293674 3.17018455
v 1.27018978 -11.01293674 3.06650940
v 1.45158362 -11.01293674 2.94352039
v 1.61880611 -11.01293674 2.80385443
v 1.77106704 -11.01293674 2.65058914
v 1.90829766 -11.01293674 2.48694192
v 2.03106390 -11.01293674 2.31598450
v 2.14040770 -11.01293674 2.14040770
v 2.23764455 -11.01293674 1.96236160
v 2.32415029 -11.01293674 1.78338325
v 2.40116972 -11.01293674 1.60441031
v 2.46967391 -11.01293674 1.42586689
v 2.53028397 -11.01293674 1.24779796
v 2.58326682 -11.01293674 1.07002415
v 2.62859653 -11.01293674 0.89228829
v 2.66606406 -11.01293674 0.71436971
v 2.69541077 -11.01293674 0.53615054
v 2.71645802 -11.01293674 0.35762848
v 2.72920693 -11.01293674 0.17888167
v 2.73543787 -10.50070712 0.00000000
v 2.73430031 -10.50070712 -0.17921551
v 2.72614069 -10.50070712 -0.35890323
v 2.71154470 -10.50070712 -0.53935978
v 2.69096383 -10.50070712 -0.72104158
v 2.66456671 -10.50070712 -0.90449852
v 2.63211838 -10.50070712 -1.09025913
v 2.59291089 -10.50070712 -1.27868215
v 2.54576157 -10.50070712 -1.46979613
v 2.48908473 -10.50070712 -1.66315324
v 2.42103117 -10.50070712 -1.85772256
v 2.33967952 -10.50070712 -2.05184387
v 2.24325465 -10.50070712 -2.24325465
v 2.13034448 -10.50070712 -2.42919231
v 2.00008593 -10.50070712 -2.60656273
v 1.85229535 -10.50070712 -2.77215590
v 1.68752683 -10.50070712 -2.92288221
v 1.50705213 -10.50070712 -3.05599941
v 1.31276770 -10.50070712 -3.16930158
v 1.10704407 -10.50070712 -3.26124667
v 0.89254100 -10.50070712 -3.33100837
v 0.67201535 -10.50070712 -3.37844930
v 0.44814827 -10.50070712 -3.40402404
v 0.22341345 -10.50070712 -3.40863062
v 0.00000000 -10.50070712 -3.39343646
v -0.22020686 -10.50070712 -3.35970740
v -0.43559425 -10.50070712 -3.30866682
v -0.64475573 -10.50070712 -3.24140596
v -0.84641305 -10.50070712 -3.15885651
v -1.03934971 -10.50070712 -3.06182552
v -1.22237782 -10.50070712 -2.95108112
v -1.39435282 -10.50070712 -2.82746781
v -1.55424094 -10.50070712 -2.69202427
v -1.70123295 -10.50070712 -2.54607503
v -1.83488672 -10.50070712 -2.39127094
v -1.95527292 -10.50070712 -2.22956146
v -2.06309323 -10.50070712 -2.06309323
v -2.15974128 -10.50070712 -1.89404227
v -2.24728187 -10.50070712 -1.72440003
v -2.32833451 -10.50070712 -1.55574338
v -2.40586069 -10.50070712 -1.38902432
v -2.48286961 -10.50070712 -1.22441579
v -2.56207079 -10.50070712 -1.06124447
v -2.64551324 -10.50070712 -0.89803074
v -2.73425686 -10.50070712 -0.73264192
v -2.82812143 -10.50070712 -0.56254833
v -2.92555233 -10.50070712 -0.38515627
v -3.02362926 -10.50070712 -0.19817913
v -3.11822772 -10.50070712 -0.00000000
v -3.20432373 -10.50070712 0.21002247
v -3.27641376 -10.50070712 0.43134805
v -3.32900602 -10.50070712 0.66218047
v -3.35712880 -10.50070712 0.89953995
v -3.35679796 -10.50070712 1.13947936
v -3.32538923 -10.50070712 1.37742132
v -3.26187213 -10.50070712 1.60857732
v -3.16687872 -10.50070712 1.82839828
v -3.04260057 -10.50070712 2.03300071
v -2.89252876 -10.50070712 2.21951538
v -2.72107039 -10.50070712 2.38631468
v -2.53309038 -10.50070712 2.53309038
v -2.33343513 -10.50070712 2.66077281
v -2.12649580 -10.50070712 2.77130328
v -1.91586197 -10.50070712 2.86729006
v -1.70410346 -10.50070712 2.95159377
v -1.49270000 -10.50070712 3.02689617
v -1.28211866 -10.50070712 3.09530826
v -1.07201937 -10.50070712 3.15806722
v -0.86155300 -10.50070712 3.21535955
v -0.64970551 -10.50070712 3.26629016
v -0.43563784 -10.50070712 3.30899792
v -0.21897407 -10.50070712 3.34089878
v -0.00000000 -10.50070712 3.35902135
v 0.22025153 -10.50070712 3.36038901
v 0.44003502 -10.50070712 3.34239783
v 0.65703582 -10.50070712 3.30314213
v 0.86859703 -10.50070712 3.24164824
v 1.07199349 -10.50070712 3.15799100
v 1.26471159 -10.50070712 3.05328387
v 1.44469472 -10.50070712 2.92955108
v 1.61052142 -10.50070712 2.78950492
v 1.76149455 -10.50070712 2.63626290
v 1.89763402 -10.50070712 2.47304480
v 2.01958016 -10.50070712 2.30288981
v 2.12842778 -10.50070712 2.12842778
v 2.22551964 -10.50070712 1.95172834
v 2.31223302 -10.50070712 1.77423880
v 2.38979133 -10.50070712 1.59680752
v 2.45912729 -10.50070712 1.41977781
v 2.52081392 -10.50070712 1.24312786
v 2.57506780 -10.50070712 1.06662801
v 2.62181685 -10.50070712 0.88998690
v 2.66081449 -10.50070712 0.71296309
v 2.69177480 -10.50070712 0.53542730
v 2.71450117 -10.50070712 0.35737086
v 2.72898248 -10.50070712 0.17886696
v 2.73753241 -9.98847751 0.00000000
v 2.73817517 -9.98847751 -0.17946948
v 2.73178473 -9.98847751 -0.35964628
v 2.71890730 -9.98847751 -0.54082429
v 2.69994169 -9.98847751 -0.72344720
v 2.67499318 -9.98847751 -0.90803783
v 2.64375776 -9.98847751 -1.09508032
v 2.60545996 -9.98847751 -1.28487066
v 2.55885913 -9.98847751 -1.47735801
v 2.50232908 -9.98847751 -1.67200284
v 2.43400414 -9.98847751 -1.86767707
v 2.35197452 -9.98847751 -2.06262629
v 2.25450574 -9.98847751 -2.25450574
v 2.14025307 -9.98847751 -2.44049089
v 2.00844202 -9.98847751 -2.61745260
v 1.85899092 -9.98847751 -2.78217653
v 1.69256006 -9.98847751 -2.93160002
v 1.51052232 -9.98847751 -3.06303625
v 1.31486187 -9.98847751 -3.17435736
v 1.10801743 -9.98847751 -3.26411410
v 0.89269384 -9.98847751 -3.33157876
v 0.67166930 -9.98847751 -3.37670959
v 0.44762462 -9.98847751 -3.40004655
v 0.22301542 -9.98847751 -3.40255776
v 0.00000000 -9.98847751 -3.38546324
v -0.21957483 -9.98847751 -3.35006460
v -0.43413824 -9.98847751 -3.29760731
v -0.64232693 -9.98847751 -3.22919556
v -0.84290654 -9.98847751 -3.14577004
v -1.03470656 -9.98847751 -3.04814723
v -1.21658990 -9.98847751 -2.93710783
v -1.38747072 -9.98847751 -2.81351230
v -1.54638436 -9.98847751 -2.67841628
v -1.69260170 -9.98847751 -2.53315745
v -1.82576989 -9.98847751 -2.37938964
v -1.94605306 -9.98847751 -2.21904822
v -2.05424270 -9.98847751 -2.05424270
v -2.15180831 -9.98847751 -1.88708524
v -2.24086529 -9.98847751 -1.71947642
v -2.32404741 -9.98847751 -1.55287883
v -2.40428510 -9.98847751 -1.38811465
v -2.48450595 -9.98847751 -1.22522274
v -2.56728694 -9.98847751 -1.06340507
v -2.65449909 -9.98847751 -0.90108102
v -2.74698989 -9.98847751 -0.73605372
v -2.84434848 -9.98847751 -0.56577609
v -2.94479089 -9.98847751 -0.38768908
v -3.04518993 -9.98847751 -0.19959229
v -3.14125675 -9.98847751 -0.00000000
v -3.22786247 -9.98847751 0.21156528
v -3.29946960 -9.98847751 0.43438341
v -3.35062790 -9.98847751 0.66648133
v -3.37647964 -9.98847751 0.90472499
v -3.37321656 -9.98847751 1.14505273
v -3.33843530 -9.98847751 1.38282518
v -3.27134999 -9.98847751 1.61325128
v -3.17283751 -9.98847751 1.83183859
v -3.04531181 -9.98847751 2.03481230
v -2.89244426 -9.98847751 2.21945055
v -2.71876613 -9.98847751 2.38429391
v -2.52920300 -9.98847751 2.52920300
v -2.32859865 -9.98847751 2.65525787
v -2.12128553 -9.98847751 2.76451313
v -1.91075158 -9.98847751 2.85964182
v -1.69943903 -9.98847751 2.94351475
v -1.48869281 -9.98847751 3.01877038
v -1.27885563 -9.98847751 3.08743062
v -1.06948833 -9.98847751 3.15061101
v -0.85967770 -9.98847751 3.20836086
v -0.64838485 -9.98847751 3.25965075
v -0.43478310 -9.98847751 3.30250552
v -0.21853906 -9.98847751 3.33426168
v -0.00000000 -9.98847751 3.35191235
v 0.21973399 -9.98847751 3.35249291
v 0.43885783 -9.98847751 3.33345617
v 0.65501640 -9.98847751 3.29298979
v 0.86553957 -9.98847751 3.23023764
v 1.06771990 -9.98847751 3.14540139
v 1.25909137 -9.98847751 3.03971546
v 1.43766951 -9.98847751 2.91530537
v 1.60212079 -9.98847751 2.77495460
v 1.75184115 -9.98847751 2.62181557
v 1.88693785 -9.98847751 2.45910528
v 2.00812320 -9.98847751 2.28982565
v 2.11654156 -9.98847751 2.11654156
v 2.21355929 -9.98847751 1.94123939
v 2.30055134 -9.98847751 1.76527513
v 2.37871645 -9.98847751 1.58940752
v 2.44894625 -9.98847751 1.41389977
v 2.51176373 -9.98847751 1.23866480
v 2.56733403 -9.98847751 1.06342457
v 2.61553848 -9.98847751 0.88785568
v 2.65609296 -9.98847751 0.71169796
v 2.68868455 -9.98847751 0.53481261
v 2.71309879 -9.98847751 0.35718623
v 2.72931230 -9.98847751 0.17888858
v 2.74016678 -9.47624789 0.00000000
v 2.74256635 -9.47624789 -0.17975730
v 2.73791076 -9.47624789 -0.36045279
v 2.72670599 -9.47624789 -0.54237554
v 2.70929785 -9.47624789 -0.72595417
v 2.68572851 -9.47624789 -0.91168198
v 2.65562611 -9.47624789 -1.09999635
v 2.61814972 -9.47624789 -1.29112856
v 2.57200382 -9.47624789 -1.48494710
v 2.51552561 -9.47624789 -1.68082047
v 2.44683736 -9.47624789 -1.87752434
v 2.36404546 -9.47624789 -2.07321223
v 2.26546047 -9.47624789 -2.26546047
v 2.14980868 -9.47624789 -2.45138698
v 2.01640687 -9.47624789 -2.62783260
v 1.86527681 -9.47624789 -2.79158403
v 1.69718504 -9.47624789 -2.93961072
v 1.51360429 -9.47624789 -3.06928588
v 1.31660409 -9.47624789 -3.17856344
v 1.10868800 -9.47624789 -3.26608952
v 0.89260208 -9.47624789 -3.33123633
v 0.67114185 -9.47624789 -3.37405793
v 0.44698376 -9.47624789 -3.39517876
v 0.22256170 -9.47624789 -3.39563541
v 0.00000000 -9.47624789 -3.37669838
v -0.21889568 -9.47624789 -3.33970276
v -0.43259875 -9.47624789 -3.28591377
v -0.63979096 -9.47624789 -3.21644637
v -0.83928338 -9.47624789 -3.13224823
v -1.02995286 -9.47624789 -3.03414327
v -1.21071423 -9.47624789 -2.92292270
v -1.38054118 -9.47624789 -2.79946058
v -1.53853841 -9.47624789 -2.66482669
v -1.68405643 -9.47624789 -2.52036856
v -1.81683014 -9.47624789 -2.36773914
v -1.93711432 -9.47624789 -2.20885554
v -2.04578594 -9.47624789 -2.04578594
v -2.14438465 -9.47624789 -1.88057487
v -2.23506939 -9.47624789 -1.71502906
v -2.32048018 -9.47624789 -1.55049528
v -2.40350808 -9.47624789 -1.38766604
v -2.48699101 -9.47624789 -1.22644824
v -2.57336656 -9.47624789 -1.06592333
v -2.66432272 -9.47624789 -0.90441569
v -2.76049217 -9.47624789 -0.73967165
v -2.86123399 -9.47624789 -0.56913483
v -2.96453878 -9.47624789 -0.39028893
v -3.06707939 -9.47624789 -0.20102700
v -3.16441227 -9.47624789 -0.00000000
v -3.25131528 -9.47624789 0.21310246
v -3.32222955 -9.47624789 0.43737982
v -3.37175882 -9.47624789 0.67068453
v -3.39517060 -9.47624789 0.90973322
v -3.38884154 -9.47624789 1.15035669
v -3.35059528 -9.47624789 1.38786201
v -3.27989313 -9.47624789 1.61746430
v -3.17785596 -9.47624789 1.83473599
v -3.04711589 -9.47624789 2.03601774
v -2.89151780 -9.47624789 2.21873965
v -2.71570847 -9.47624789 2.38161241
v -2.52466468 -9.47624789 2.52466468
v -2.32321831 -9.47624789 2.64912276
v -2.11563495 -9.47624789 2.75714914
v -1.90529452 -9.47624789 2.85147476
v -1.69450766 -9.47624789 2.93497337
v -1.48448279 -9.47624789 3.01023331
v -1.27543889 -9.47624789 3.07918186
v -1.06684001 -9.47624789 3.14280933
v -0.85771247 -9.47624789 3.20102650
v -0.64699642 -9.47624789 3.25267067
v -0.43388132 -9.47624789 3.29565582
v -0.21807908 -9.47624789 3.32724381
v -0.00000000 -9.47624789 3.34439807
v 0.21918860 -9.47624789 3.34417187
v 0.43762346 -9.47624789 3.32408017
v 0.65291156 -9.47624789 3.28240809
v 0.86237290 -9.47624789 3.21841948
v 1.06332123 -9.47624789 3.13244334
v 1.25334131 -9.47624789 3.02583358
v 1.43052310 -9.47624789 2.90081390
v 1.59362220 -9.47624789 2.76023462
v 1.74212746 -9.47624789 2.60727800
v 1.87623199 -9.47624789 2.44515314
v 1.99671747 -9.47624789 2.27681991
v 2.10477444 -9.47624789 2.10477444
v 2.20178909 -9.47624789 1.93091721
v 2.28913035 -9.47624789 1.75651150
v 2.36796892 -9.47624789 1.58222625
v 2.43915273 -9.47624789 1.40824549
v 2.50315296 -9.47624789 1.23441843
v 2.56008225 -9.47624789 1.06042079
v 2.60977501 -9.47624789 0.88589924
v 2.65190969 -9.47624789 0.71057706
v 2.68614661 -9.47624789 0.53430778
v 2.71225374 -9.47624789 0.35707498
v 2.73019541 -9.47624789 0.17894646
v 2.74333453 -8.96401828 0.00000000
v 2.74746358 -8.96401828 -0.18007828
v 2.74450474 -8.96401828 -0.36132090
v 2.73492317 -8.96401828 -0.54401004
v 2.71901145 -8.96401828 -0.72855692
v 2.69674907 -8.96401828 -0.91542296
v 2.66769758 -8.96401828 -1.10499652
v 2.63095288 -8.96401828 -1.29744238
v 2.58516770 -8.96401828 -1.49254727
v 2.52864663 -8.96401828 -1.68958766
v 2.45950431 -8.96401828 -1.88724403
v 2.37586789 -8.96401828 -2.08358022
v 2.27609716 -8.96401828 -2.27609716
v 2.15899300 -8.96401828 -2.46185968
v 2.02396592 -8.96401828 -2.63768374
v 1.87114231 -8.96401828 -2.80036236
v 1.70139481 -8.96401828 -2.94690225
v 1.51629452 -8.96401828 -3.07474113
v 1.31799368 -8.96401828 -3.18191822
v 1.10905728 -8.96401828 -3.26717739
v 0.89226863 -8.96401828 -3.32999187
v 0.67043641 -8.96401828 -3.37051145
v 0.44622877 -8.96401828 -3.38944399
v 0.22205422 -8.96401828 -3.38789270
v 0.00000000 -8.96401828 -3.36717632
v -0.21817197 -8.96401828 -3.32866095
v -0.43098145 -8.96401828 -3.27362915
v -0.63715698 -8.96401828 -3.20320442
v -0.83555649 -8.96401828 -3.11833928
v -1.02510539 -8.96401828 -3.01986309
v -1.20477138 -8.96401828 -2.90857541
v -1.37358828 -8.96401828 -2.78536150
v -1.53073021 -8.96401828 -2.65130249
v -1.67562658 -8.96401828 -2.50775240
v -1.80809826 -8.96401828 -2.35635953
v -1.92848760 -8.96401828 -2.19901865
v -2.03775259 -8.96401828 -2.03775259
v -2.13749713 -8.96401828 -1.87453467
v -2.22991654 -8.96401828 -1.71107514
v -2.31764918 -8.96401828 -1.54860367
v -2.40353852 -8.96401828 -1.38768361
v -2.49032509 -8.96401828 -1.22809243
v -2.58030054 -8.96401828 -1.06879548
v -2.67496535 -8.96401828 -0.90802838
v -2.77473549 -8.96401828 -0.74348813
v -2.87874120 -8.96401828 -0.57261723
v -2.98475200 -8.96401828 -0.39295006
v -3.08924824 -8.96401828 -0.20248003
v -3.18764174 -8.96401828 -0.00000000
v -3.27462884 -8.96401828 0.21463051
v -3.34464189 -8.96401828 0.44033046
v -3.39235096 -8.96401828 0.67478056
v -3.41315969 -8.96401828 0.91455338
v -3.40363823 -8.96401828 1.15537949
v -3.36184271 -8.96401828 1.39252085
v -3.28748371 -8.96401828 1.62120755
v -3.18192454 -8.96401828 1.83708499
v -3.04801088 -8.96401828 2.03661576
v -2.88975388 -8.96401828 2.21738614
v -2.71190688 -8.96401828 2.37827851
v -2.51948834 -8.96401828 2.51948834
v -2.31730894 -8.96401828 2.64238442
v -2.10955941 -8.96401828 2.74923135
v -1.89950559 -8.96401828 2.84281101
v -1.68932273 -8.96401828 2.92599279
v -1.48008142 -8.96401828 3.00130822
v -1.27187778 -8.96401828 3.07058459
v -1.06408171 -8.96401828 3.13468365
v -0.85566270 -8.96401828 3.19337666
v -0.64554402 -8.96401828 3.24536896
v -0.43293491 -8.96401828 3.28846711
v -0.21759534 -8.96401828 3.31986331
v -0.00000000 -8.96401828 3.33649714
v 0.21861666 -8.96401828 3.33544572
v 0.43633474 -8.96401828 3.31429138
v 0.65072604 -8.96401828 3.27142070
v 0.85910397 -8.96401828 3.20621965
v 1.05880699 -8.96401828 3.11914481
v 1.24747368 -8.96401828 3.01166789
v 1.42327068 -8.96401828 2.88610744
v 1.58504364 -8.96401828 2.74537611
v 1.73237398 -8.96401828 2.59268089
v 1.86553901 -8.96401828 2.43121777
v 1.98538703 -8.96401828 2.26390002
v 2.09315127 -8.96401828 2.09315127
v 2.19023392 -8.96401828 1.92078360
v 2.27799418 -8.96401828 1.74796641
v 2.35757148 -8.96401828 1.57527890
v 2.42976749 -8.96401828 1.40282692
v 2.49499983 -8.96401828 1.23039775
v 2.55332775 -8.96401828 1.05762298
v 2.60453850 -8.96401828 0.88412169
v 2.64827325 -8.96401828 0.70960268
v 2.68416596 -8.96401828 0.53391380
v 2.71196724 -8.96401828 0.35703726
v 2.73162921 -8.96401828 0.17904044
v 2.74702769 -8.45178866 0.00000000
v 2.75285513 -8.45178866 -0.18043166
v 2.75155133 -8.45178866 -0.36224860
v 2.74354011 -8.45178866 -0.54572406
v 2.72906070 -8.45178866 -0.73124961
v 2.70803048 -8.45178866 -0.91925248
v 2.67994584 -8.45178866 -1.11006991
v 2.64384185 -8.45178866 -1.30379851
v 2.59832282 -8.45178866 -1.50014238
v 2.54166471 -8.45178866 -1.69828606
v 2.47197898 -8.45178866 -1.89681619
v 2.38741803 -8.45178866 -2.09370942
v 2.28639500 -8.45178866 -2.28639500
v 2.16778870 -8.45178866 -2.47188926
v 2.03110565 -8.45178866 -2.64698842
v 1.87657780 -8.45178866 -2.80849715
v 1.70518349 -8.45178866 -2.95346445
v 1.51859048 -8.45178866 -3.07939687
v 1.31903090 -8.45178866 -3.18442229
v 1.10912756 -8.45178866 -3.26738444
v 0.89169699 -8.45178866 -3.32785845
v 0.66955684 -8.45178866 -3.36608954
v 0.44536298 -8.45178866 -3.38286769
v 0.22149501 -8.45178866 -3.37936075
v 0.00000000 -8.45178866 -3.35693324
v -0.21740634 -8.45178866 -3.31697974
v -0.42929215 -8.45178866 -3.26079765
v -0.63443431 -8.45178866 -3.18951667
v -0.83173895 -8.45178866 -3.10409201
v -1.02018102 -8.45178866 -3.00535638
v -1.19878190 -8.45178866 -2.89411552
v -1.36663591 -8.45178866 -2.77126349
v -1.52298644 -8.45178866 -2.63788989
v -1.66734086 -8.45178866 -2.49535194
v -1.79960398 -8.45178866 -2.34528956
v -1.92020243 -8.45178866 -2.18957123
v -2.03017059 -8.45178866 -2.03017059
v -2.13117051 -8.45178866 -1.86898637
v -2.22542678 -8.45178866 -1.70763003
v -2.31556820 -8.45178866 -1.54721320
v -2.40438258 -8.45178866 -1.38817093
v -2.49450562 -8.45178866 -1.23015404
v -2.58807696 -8.45178866 -1.07201658
v -2.68640552 -8.45178866 -0.91191180
v -2.78968925 -8.45178866 -0.74749498
v -2.89683127 -8.45178866 -0.57621557
v -3.00538495 -8.45178866 -0.39566644
v -3.11164608 -8.45178866 -0.20394806
v -3.21089211 -8.45178866 -0.00000000
v -3.29774988 -8.45178866 0.21614595
v -3.36665555 -8.45178866 0.44322861
v -3.41235762 -8.45178866 0.67876013
v -3.43040645 -8.45178866 0.91917464
v -3.41757381 -8.45178866 1.16010998
v -3.37215323 -8.45178866 1.39679160
v -3.29410601 -8.45178866 1.62447331
v -3.18503589 -8.45178866 1.83888133
v -3.04799689 -8.45178866 2.03660641
v -2.88715882 -8.45178866 2.21539488
v -2.70737248 -8.45178866 2.37430194
v -2.51368824 -8.45178866 2.51368824
v -2.31088645 -8.45178866 2.63506097
v -2.10307510 -8.45178866 2.74078084
v -1.89340015 -8.45178866 2.83367358
v -1.68389801 -8.45178866 2.91659691
v -1.47550044 -8.45178866 2.99201892
v -1.26818186 -8.45178866 3.06166184
v -1.06122085 -8.45178866 3.12625580
v -0.85353389 -8.45178866 3.18543183
v -0.64403150 -8.45178866 3.23776497
v -0.43194632 -8.45178866 3.28095802
v -0.21708904 -8.45178866 3.31213870
v -0.00000000 -8.45178866 3.32822864
v 0.21801950 -8.45178866 3.32633475
v 0.43499458 -8.45178866 3.30411186
v 0.64846461 -8.45178866 3.26005174
v 0.85573981 -8.45178866 3.19366444
v 1.05418678 -8.45178866 3.10553410
v 1.24150088 -8.45178866 2.99724827
v 1.41592746 -8.45178866 2.87121685
v 1.57640303 -8.45178866 2.73041014
v 1.72260106 -8.45178866 2.57805468
v 1.85488120 -8.45178866 2.41732824
v 1.97415547 -8.45178866 2.25109288
v 2.08169624 -8.45178866 2.08169624
v 2.17891784 -8.45178866 1.91085966
v 2.26716603 -8.45178866 1.73965768
v 2.34754576 -8.45178866 1.56857993
v 2.42080998 -8.45178866 1.39765530
v 2.48732115 -8.45178866 1.22661105
v 2.54708433 -8.45178866 1.05503687
v 2.59983942 -8.45178866 0.88252656
v 2.64519063 -8.45178866 0.70877669
v 2.68274591 -8.45178866 0.53363134
v 2.71223890 -8.45178866 0.35707303
v 2.73360952 -8.45178866 0.17917023
v 2.75123682 -7.93955904 0.00000000
v 2.75872792 -7.93955904 -0.18081658
v 2.75903395 -7.93955904 -0.36323371
v 2.75253699 -7.93955904 -0.54751365
v 2.73942291 -7.93955904 -0.73402616
v 2.71954769 -7.93955904 -0.92316205
v 2.69234410 -7.93955904 -1.11520544
v 2.65678889 -7.93955904 -1.31018329
v 2.61144131 -7.93955904 -1.50771634
v 2.55455274 -7.93955904 -1.70689757
v 2.48423592 -7.93955904 -1.90622127
v 2.39867287 -7.93955904 -2.10357965
v 2.29633412 -7.93955904 -2.29633412
v 2.17617953 -7.93955904 -2.48145717
v 2.03781369 -7.93955904 -2.65573051
v 1.88157483 -7.93955904 -2.81597574
v 1.70854633 -7.93955904 -2.95928905
v 1.52049067 -7.93955904 -3.08325006
v 1.31971689 -7.93955904 -3.18607842
v 1.10890189 -7.93955904 -3.26671963
v 0.89089124 -7.93955904 -3.32485138
v 0.66850742 -7.93955904 -3.36081375
v 0.44439003 -7.93955904 -3.37547737
v 0.22088622 -7.93955904 -3.37007253
v 0.00000000 -7.93955904 -3.34600700
v -0.21660156 -7.93955904 -3.30470113
v -0.42753682 -7.93955904 -3.24746458
v -0.63163247 -7.93955904 -3.17543087
v -0.82784395 -7.93955904 -3.08955568
v -1.01519666 -7.93955904 -2.99067293
v -1.19276621 -7.93955904 -2.87959237
v -1.35970765 -7.93955904 -2.75721437
v -1.51533325 -7.93955904 -2.62463419
v -1.65922718 -7.93955904 -2.48320896
v -1.79137592 -7.93955904 -2.33456655
v -1.91228694 -7.93955904 -2.18054534
v -2.02306609 -7.93955904 -2.02306609
v -2.12542750 -7.93955904 -1.86394989
v -2.22161781 -7.93955904 -1.70470730
v -2.31424840 -7.93955904 -1.54633135
v -2.40604366 -7.93955904 -1.38912995
v -2.49952728 -7.93955904 -1.23263045
v -2.59668119 -7.93955904 -1.07558057
v -2.69861924 -7.93955904 -0.91605780
v -2.80532057 -7.93955904 -0.75168338
v -2.91546348 -7.93955904 -0.57992174
v -3.02639064 -7.93955904 -0.39843189
v -3.13422156 -7.93955904 -0.20542773
v -3.23411001 -7.93955904 -0.00000000
v -3.32062539 -7.93955904 0.21764529
v -3.38822024 -7.93955904 0.44606766
v -3.43173338 -7.93955904 0.68261421
v -3.44687212 -7.93955904 0.92358660
v -3.43061740 -7.93955904 1.16453769
v -3.38150460 -7.93955904 1.40066507
v -3.29974654 -7.93955904 1.62725491
v -3.18718478 -7.93955904 1.84012199
v -3.04707603 -7.93955904 2.03599111
v -2.88374079 -7.93955904 2.21277213
v -2.70211790 -7.93955904 2.36969380
v -2.50727994 -7.93955904 2.50727994
v -2.30396777 -7.93955904 2.62717172
v -2.09619900 -7.93955904 2.73181972
v -1.88699415 -7.93955904 2.82408632
v -1.67824769 -7.93955904 2.90681026
v -1.47075186 -7.93955904 2.98238975
v -1.26436083 -7.93955904 3.05243707
v -1.05826492 -7.93955904 3.11754793
v -0.85133160 -7.93955904 3.17721280
v -0.64246274 -7.93955904 3.22987832
v -0.43091804 -7.93955904 3.27314747
v -0.21656142 -7.93955904 3.30408881
v -0.00000000 -7.93955904 3.31961203
v 0.21739847 -7.93955904 3.31685966
v 0.43360594 -7.93955904 3.29356407
v 0.64613216 -7.93955904 3.24832574
v 0.85228757 -7.93955904 3.18078053
v 1.04947029 -7.93955904 3.09163979
v 1.23543535 -7.93955904 2.98260478
v 1.40850865 -7.93955904 2.85617299
v 1.56771824 -7.93955904 2.71536764
v 1.71282885 -7.93955904 2.56342953
v 1.84428049 -7.93955904 2.40351313
v 1.96304591 -7.93955904 2.23842485
v 2.07043290 -7.93955904 2.07043290
v 2.16786409 -7.93955904 1.90116578
v 2.25666808 -7.93955904 1.73160232
v 2.33791222 -7.93955904 1.56214300
v 2.41229839 -7.93955904 1.39274112
v 2.48013235 -7.93955904 1.22306593
v 2.54136429 -7.93955904 1.05266756
v 2.59568673 -7.93955904 0.88111692
v 2.64266721 -7.93955904 0.70810055
v 2.68188822 -7.93955904 0.53346073
v 2.71306674 -7.93955904 0.35718201
v 2.73613061 -7.93955904 0.17933548
v 2.75595107 -7.42732943 0.00000000
v 2.76506758 -7.42732943 -0.18123210
v 2.76693489 -7.42732943 -0.36427389
v 2.76189302 -7.42732943 -0.54937468
v 2.75007464 -7.42732943 -0.73688028
v 2.73127511 -7.42732943 -0.92714297
v 2.70486528 -7.42732943 -1.12039188
v 2.66976619 -7.42732943 -1.31658298
v 2.62449549 -7.42732943 -1.51525318
v 2.56728407 -7.42732943 -1.71540437
v 2.49625033 -7.42732943 -1.91544024
v 2.40961027 -7.42732943 -2.11317150
v 2.30589563 -7.42732943 -2.30589563
v 2.18415034 -7.42732943 -2.49054613
v 2.04407882 -7.42732943 -2.66389538
v 1.88612609 -7.42732943 -2.82278718
v 1.71147967 -7.42732943 -2.96436975
v 1.52199461 -7.42732943 -3.08629975
v 1.32005371 -7.42732943 -3.18689158
v 1.10838407 -7.42732943 -3.26519417
v 0.88985610 -7.42732943 -3.32098817
v 0.66729286 -7.42732943 -3.35470776
v 0.44331379 -7.42732943 -3.36730254
v 0.22023015 -7.42732943 -3.36006285
v 0.00000000 -7.42732943 -3.33443701
v -0.21576045 -7.42732943 -3.29186840
v -0.42572155 -7.42732943 -3.23367625
v -0.62876108 -7.42732943 -3.16099543
v -0.82388478 -7.42732943 -3.07477986
v -1.01016921 -7.42732943 -2.97586252
v -1.18674460 -7.42732943 -2.86505491
v -1.35282675 -7.42732943 -2.74326127
v -1.50779623 -7.42732943 -2.61157968
v -1.65131259 -7.42732943 -2.47136393
v -1.78344156 -7.42732943 -2.32422630
v -1.90476774 -7.42732943 -2.17197134
v -2.01646346 -7.42732943 -2.01646346
v -2.12028869 -7.42732943 -1.85944327
v -2.21850491 -7.42732943 -1.70231869
v -2.31369842 -7.42732943 -1.54596386
v -2.40852249 -7.42732943 -1.39056111
v -2.50538202 -7.42732943 -1.23551768
v -2.60609596 -7.42732943 -1.07948029
v -2.71158006 -7.42732943 -0.92045740
v -2.82159443 -7.42732943 -0.75604395
v -2.93459537 -7.42732943 -0.58372731
v -3.04772080 -7.42732943 -0.40124005
v -3.15692267 -7.42732943 -0.20691564
v -3.25724194 -7.42732943 -0.00000000
v -3.34320280 -7.42732943 0.21912509
v -3.40928661 -7.42732943 0.44884110
v -3.45043424 -7.42732943 0.68633404
v -3.46251967 -7.42732943 0.92777935
v -3.44274019 -7.42732943 1.16865282
v -3.38987677 -7.42732943 1.40413293
v -3.30439402 -7.42732943 1.62954680
v -3.18836815 -7.42732943 1.84080521
v -3.04525245 -7.42732943 2.03477263
v -2.87950974 -7.42732943 2.20952553
v -2.69615736 -7.42732943 2.36446654
v -2.50028027 -7.42732943 2.50028027
v -2.29657081 -7.42732943 2.61873711
v -2.08894880 -7.42732943 2.72237108
v -1.88030404 -7.42732943 2.81407386
v -1.67238629 -7.42732943 2.89665802
v -1.46584791 -7.42732943 2.97244552
v -1.26042455 -7.42732943 3.04293404
v -1.05522156 -7.42732943 3.10858246
v -0.84906147 -7.42732943 3.16874055
v -0.64084171 -7.42732943 3.22172884
v -0.42985260 -7.42732943 3.26505463
v -0.21601374 -7.42732943 3.29573278
v -0.00000000 -7.42732943 3.31066709
v 0.21675495 -7.42732943 3.30704153
v 0.43217182 -7.42732943 3.28267085
v 0.64373365 -7.42732943 3.23626760
v 0.84875448 -7.42732943 3.16759486
v 1.04466731 -7.42732943 3.07749067
v 1.22928957 -7.42732943 2.96776755
v 1.40102946 -7.42732943 2.84100670
v 1.55900700 -7.42732943 2.70027933
v 1.70307727 -7.42732943 2.54883526
v 1.83375848 -7.42732943 2.38980058
v 1.95208093 -7.42732943 2.22592169
v 2.05938411 -7.42732943 2.05938411
v 2.15709502 -7.42732943 1.89172156
v 2.24652149 -7.42732943 1.72381657
v 2.32869017 -7.42732943 1.55598102
v 2.40424958 -7.42732943 1.38809414
v 2.47344744 -7.42732943 1.21976929
v 2.53617846 -7.42732943 1.05051951
v 2.59208781 -7.42732943 0.87989525
v 2.64070684 -7.42732943 0.70757526
v 2.68159305 -7.42732943 0.53340202
v 2.71444724 -7.42732943 0.35736376
v 2.73918530 -7.42732943 0.17953569
v 2.76115829 -6.91509981 0.00000000
v 2.77185853 -6.91509981 -0.18167721
v 2.77523537 -6.91509981 -0.36536667
v 2.77158653 -6.91509981 -0.55130284
v 2.76099172 -6.91509981 -0.73980550
v 2.74318666 -6.91509981 -0.93118640
v 2.71748207 -6.91509981 -1.12561793
v 2.68274598 -6.91509981 -1.32298391
v 2.63745797 -6.91509981 -1.52273707
v 2.57983254 -6.91509981 -1.72378899
v 2.50799813 -6.91509981 -1.92445465
v 2.42020899 -6.91509981 -2.12246632
v 2.31506171 -6.91509981 -2.31506171
v 2.19168710 -6.91509981 -2.49914016
v 2.04989101 -6.91509981 -2.67146998
v 1.89022546 -6.91509981 -2.82892232
v 1.71398099 -6.91509981 -2.96870216
v 1.52310286 -6.91509981 -3.08854707
v 1.32004431 -6.91509981 -3.18686888
v 1.10757863 -6.91509981 -3.26282143
v 0.88859681 -6.91509981 -3.31628846
v 0.66591829 -6.91509981 -3.34779730
v 0.44213840 -6.91509981 -3.35837456
v 0.21952919 -6.91509981 -3.34936817
v 0.00000000 -6.91509981 -3.32226414
v -0.21488595 -6.91509981 -3.27852598
v -0.42385255 -6.91509981 -3.21947979
v -0.62582988 -6.91509981 -3.14625928
v -0.81987477 -6.91509981 -3.05981431
v -1.00511548 -6.91509981 -2.96097474
v -1.18073713 -6.91509981 -2.85055159
v -1.34601602 -6.91509981 -2.72945049
v -1.50040028 -6.91509981 -2.59876952
v -1.64362320 -6.91509981 -2.45985596
v -1.77582713 -6.91509981 -2.31430298
v -1.89766990 -6.91509981 -2.16387780
v -2.01038520 -6.91509981 -2.01038520
v -2.11577253 -6.91509981 -1.85548271
v -2.21610103 -6.91509981 -1.70047413
v -2.31392431 -6.91509981 -1.54611479
v -2.41181713 -6.91509981 -1.39246327
v -2.51205912 -6.91509981 -1.23881046
v -2.61630143 -6.91509981 -1.08370753
v -2.72525921 -6.91509981 -0.92510084
v -2.83847379 -6.91509981 -0.76056676
v -2.95418290 -6.91509981 -0.58762351
v -3.06932608 -6.91509981 -0.40408444
v -3.17969684 -6.91509981 -0.20840834
v -3.28023443 -6.91509981 -0.00000000
v -3.36543010 -6.91509981 0.22058194
v -3.42980645 -6.91509981 0.45154259
v -3.46841771 -6.91509981 0.68991118
v -3.47731402 -6.91509981 0.93174348
v -3.45391550 -6.91509981 1.17244633
v -3.39725195 -6.91509981 1.40718783
v -3.30803946 -6.91509981 1.63134453
v -3.18858514 -6.91509981 1.84093049
v -3.04253228 -6.91509981 2.03295508
v -2.87447740 -6.91509981 2.20566408
v -2.68950655 -6.91509981 2.35863394
v -2.49270727 -6.91509981 2.49270727
v -2.28871444 -6.91509981 2.60977864
v -2.08134289 -6.91509981 2.71245886
v -1.87334677 -6.91509981 2.80366157
v -1.66632865 -6.91509981 2.88616589
v -1.46080101 -6.91509981 2.96221142
v -1.25638299 -6.91509981 3.03317684
v -1.05209842 -6.91509981 3.09938202
v -0.84672917 -6.91509981 3.16003629
v -0.63917239 -6.91509981 3.21333658
v -0.42875254 -6.91509981 3.25669890
v -0.21544726 -6.91509981 3.28709003
v -0.00000000 -6.91509981 3.30141393
v 0.21609036 -6.91509981 3.29690177
v 0.43069527 -6.91509981 3.27145540
v 0.64127408 -6.91509981 3.22390253
v 0.84514783 -6.91509981 3.15413466
v 1.03978767 -6.91509981 3.06311569
v 1.22307604 -6.91509981 2.95276677
v 1.39350505 -6.91509981 2.82574870
v 1.55028691 -6.91509981 2.68517569
v 1.69336599 -6.91509981 2.53430130
v 1.82333633 -6.91509981 2.37621817
v 1.94128253 -6.91509981 2.21360847
v 2.04857198 -6.91509981 2.04857198
v 2.14663211 -6.91509981 1.88254584
v 2.23674636 -6.91509981 1.71631584
v 2.31989768 -6.91509981 1.55010607
v 2.39667911 -6.91509981 1.38372333
v 2.46727902 -6.91509981 1.21672736
v 2.53153616 -6.91509981 1.04859661
v 2.58904854 -6.91509981 0.87886355
v 2.63931179 -6.91509981 0.70720146
v 2.68185905 -6.91509981 0.53345493
v 2.71637539 -6.91509981 0.35761760
v 2.74276493 -6.91509981 0.17977031
v 2.76684502 -6.40287020 0.00000000
v 2.77908405 -6.40287020 -0.18215079
v 2.78391563 -6.40287020 -0.36650945
v 2.78159506 -6.40287020 -0.55329366
v 2.77214945 -6.40287020 -0.74279521
v 2.75525594 -6.40287020 -0.93528336
v 2.73016704 -6.40287020 -1.13087222
v 2.69570062 -6.40287020 -1.32937243
v 2.65030171 -6.40287020 -1.53015241
v 2.59217260 -6.40287020 -1.73203436
v 2.51945608 -6.40287020 -1.93324665
v 2.43044876 -6.40287020 -2.13144636
v 2.32381567 -6.40287020 -2.32381567
v 2.19877701 -6.40287020 -2.50722466
v 2.05524146 -6.40287020 -2.67844282
v 1.89386802 -6.40287020 -2.83437379
v 1.71604889 -6.40287020 -2.97228387
v 1.52381701 -6.40287020 -3.08999522
v 1.31969252 -6.40287020 -3.18601959
v 1.10649085 -6.40287020 -3.25961692
v 0.88711922 -6.40287020 -3.31077399
v 0.66438920 -6.40287020 -3.34011004
v 0.44086822 -6.40287020 -3.34872662
v 0.21878582 -6.40287020 -3.33802654
v 0.00000000 -6.40287020 -3.30953055
v -0.21398101 -6.40287020 -3.26471933
v -0.42193612 -6.40287020 -3.20492304
v -0.62284867 -6.40287020 -3.13127170
v -0.81582727 -6.40287020 -3.04470881
v -1.00005223 -6.40287020 -2.94605888
v -1.17476360 -6.40287020 -2.83613021
v -1.33929784 -6.40287020 -2.71582736
v -1.49316961 -6.40287020 -2.58624563
v -1.63618416 -6.40287020 -2.44872264
v -1.76855758 -6.40287020 -2.30482911
v -1.89101690 -6.40287020 -2.15629151
v -2.00485192 -6.40287020 -2.00485192
v -2.11189530 -6.40287020 -1.85208247
v -2.21441672 -6.40287020 -1.69918171
v -2.31492958 -6.40287020 -1.54678649
v -2.41592303 -6.40287020 -1.39483381
v -2.51954530 -6.40287020 -1.24250224
v -2.62727534 -6.40287020 -1.08825308
v -2.73962570 -6.40287020 -0.92997761
v -2.85591980 -6.40287020 -0.76524140
v -2.97418064 -6.40287020 -0.59160131
v -3.09115626 -6.40287020 -0.40695844
v -3.20249114 -6.40287020 -0.20990236
v -3.30303420 -6.40287020 -0.00000000
v -3.38725606 -6.40287020 0.22201249
v -3.44973276 -6.40287020 0.45416593
v -3.48564302 -6.40287020 0.69333751
v -3.49122204 -6.40287020 0.93547013
v -3.46411885 -6.40287020 1.17590990
v -3.40361468 -6.40287020 1.40982336
v -3.31067616 -6.40287020 1.63264480
v -3.18783708 -6.40287020 1.84049859
v -3.03892369 -6.40287020 2.03054389
v -2.86865725 -6.40287020 2.20119813
v -2.68218265 -6.40287020 2.35221105
v -2.48458015 -6.40287020 2.48458015
v -2.28041842 -6.40287020 2.60031884
v -2.07340032 -6.40287020 2.70210791
v -1.86613973 -6.40287020 2.79287547
v -1.66008993 -6.40287020 2.87536010
v -1.45562377 -6.40287020 2.95171301
v -1.25224621 -6.40287020 3.02318979
v -1.04890327 -6.40287020 3.08996940
v -0.84434042 -6.40287020 3.15112134
v -0.63745879 -6.40287020 3.20472173
v -0.42762046 -6.40287020 3.24809986
v -0.21486328 -6.40287020 3.27818017
v -0.00000000 -6.40287020 3.29187292
v 0.21540611 -6.40287020 3.28646209
v 0.42917940 -6.40287020 3.25994121
v 0.63875854 -6.40287020 3.21125602
v 0.84147497 -6.40287020 3.14042735
v 1.03484122 -6.40287020 3.04854392
v 1.21680727 -6.40287020 2.93763261
v 1.38595049 -6.40287020 2.81042957
v 1.54157540 -6.40287020 2.67008692
v 1.68371436 -6.40287020 2.51985661
v 1.81303476 -6.40287020 2.36279290
v 1.93067212 -6.40287020 2.20150962
v 2.03801784 -6.40287020 2.03801784
v 2.13649588 -6.40287020 1.87365660
v 2.22736169 -6.40287020 1.70911473
v 2.31155164 -6.40287020 1.54452942
v 2.38960120 -6.40287020 1.37963690
v 2.46163825 -6.40287020 1.21394564
v 2.52744525 -6.40287020 1.04690210
v 2.58657328 -6.40287020 0.87802331
v 2.63848283 -6.40287020 0.70697934
v 2.68268337 -6.40287020 0.53361890
v 2.71884474 -6.40287020 0.35794270
v 2.74685953 -6.40287020 0.18003869
v 2.77299663 -5.89064058 0.00000000
v 2.78672635 -5.89064058 -0.18265170
v 2.79295499 -5.89064058 -0.36769950
v 2.79189541 -5.89064058 -0.55534253
v 2.78352258 -5.89064058 -0.74584263
v 2.76745625 -5.89064058 -0.93942481
v 2.74289276 -5.89064058 -1.13614338
v 2.70860267 -5.89064058 -1.33573502
v 2.66300017 -5.89064058 -1.53748387
v 2.60427941 -5.89064058 -1.74012387
v 2.53060181 -5.89064058 -1.94179907
v 2.44031038 -5.89064058 -2.14009476
v 2.33214194 -5.89064058 -2.33214194
v 2.20540849 -5.89064058 -2.51478641
v 2.06012261 -5.89064058 -2.68480406
v 1.89705006 -5.89064058 -2.83913606
v 1.71768313 -5.89064058 -2.97511445
v 1.52413964 -5.89064058 -3.09064946
v 1.31900305 -5.89064058 -3.18435506
v 1.10512669 -5.89064058 -3.25559825
v 0.88542967 -5.89064058 -3.30446850
v 0.66271147 -5.89064058 -3.33167555
v 0.43950785 -5.89064058 -3.33839359
v 0.21800263 -5.89064058 -3.32607746
v 0.00000000 -5.89064058 -3.29627960
v -0.21304869 -5.89064058 -3.25049480
v -0.41997863 -5.89064058 -3.19005443
v -0.61982730 -5.89064058 -3.11608225
v -0.81175558 -5.89064058 -3.02951305
v -0.99499603 -5.89064058 -2.93116380
v -1.16884350 -5.89064058 -2.82183782
v -1.33269403 -5.89064058 -2.70243616
v -1.48612764 -5.89064058 -2.57404859
v -1.62901954 -5.89064058 -2.43800003
v -1.76165650 -5.89064058 -2.29583545
v -1.88483058 -5.89064058 -2.14923737
v -1.99988232 -5.89064058 -1.99988232
v -2.10867114 -5.89064058 -1.84925496
v -2.21346013 -5.89064058 -1.69844770
v -2.31671525 -5.89064058 -1.54797964
v -2.42083311 -5.89064058 -1.39766865
v -2.52782477 -5.89064058 -1.24658522
v -2.63899308 -5.89064058 -1.09310673
v -2.75464650 -5.89064058 -0.93507649
v -2.87389187 -5.89064058 -0.77005701
v -2.99454186 -5.89064058 -0.59565141
v -3.11316033 -5.89064058 -0.40985533
v -3.22525248 -5.89064058 -0.21139422
v -3.32558839 -5.89064058 -0.00000000
v -3.40863034 -5.89064058 0.22341344
v -3.46901995 -5.89064058 0.45670514
v -3.50207116 -5.89064058 0.69660526
v -3.50421271 -5.89064058 0.93895097
v -3.47332804 -5.89064058 1.17903600
v -3.40895184 -5.89064058 1.41203408
v -3.31229974 -5.89064058 1.63344546
v -3.18612745 -5.89064058 1.83951154
v -3.03443678 -5.89064058 2.02754584
v -2.86206449 -5.89064058 2.19613932
v -2.67420424 -5.89064058 2.34521418
v -2.47591925 -5.89064058 2.47591925
v -2.27170337 -5.89064058 2.59038123
v -2.06514076 -5.89064058 2.69134383
v -1.85870071 -5.89064058 2.78174220
v -1.65368549 -5.89064058 2.86426728
v -1.45032894 -5.89064058 2.94097615
v -1.24802438 -5.89064058 3.01299739
v -1.04564389 -5.89064058 3.08036756
v -0.84190096 -5.89064058 3.14201716
v -0.63570495 -5.89064058 3.19590458
v -0.42645894 -5.89064058 3.23927723
v -0.21426309 -5.89064058 3.26902305
v -0.00000000 -5.89064058 3.28206465
v 0.21470364 -5.89064058 3.27574447
v 0.42762733 -5.89064058 3.24815203
v 0.63619212 -5.89064058 3.19835377
v 0.83774329 -5.89064058 3.12650054
v 1.02983785 -5.89064058 3.03380449
v 1.21049572 -5.89064058 2.92239518
v 1.37838076 -5.89064058 2.79507968
v 1.53288970 -5.89064058 2.65504284
v 1.67414140 -5.89064058 2.50552967
v 1.80287402 -5.89064058 2.34955116
v 1.92027046 -5.89064058 2.18964880
v 2.02774225 -5.89064058 2.02774225
v 2.12670590 -5.89064058 1.86507102
v 2.21838539 -5.89064058 1.70222698
v 2.30366767 -5.89064058 1.53926153
v 2.38302873 -5.89064058 1.37584228
v 2.45653490 -5.89064058 1.21142895
v 2.52391212 -5.89064058 1.04543863
v 2.58466488 -5.89064058 0.87737550
v 2.63821924 -5.89064058 0.70690872
v 2.68406170 -5.89064058 0.53389307
v 2.72184743 -5.89064058 0.35833801
v 2.75145777 -5.89064058 0.18034007
v 2.77959735 -5.37841097 0.00000000
v 2.79476669 -5.37841097 -0.18317869
v 2.80233201 -5.37841097 -0.36893401
v 2.80246381 -5.37841097 -0.55744471
v 2.79508551 -5.37841097 -0.74894090
v 2.77976074 -5.37841097 -0.94360162
v 2.75563185 -5.37841097 -1.14142009
v 2.72142506 -5.37841097 -1.34205832
v 2.67552735 -5.37841097 -1.54471643
v 2.61612886 -5.37841097 -1.74804142
v 2.54141391 -5.37841097 -1.95009548
v 2.44977574 -5.37841097 -2.14839566
v 2.34002619 -5.37841097 -2.34002619
v 2.21157120 -5.37841097 -2.52181364
v 2.06452817 -5.37841097 -2.69054549
v 1.89976910 -5.37841097 -2.84320538
v 1.71888456 -5.37841097 -2.97719540
v 1.52407438 -5.37841097 -3.09051711
v 1.31798147 -5.37841097 -3.18188874
v 1.10349283 -5.37841097 -3.25078505
v 0.88353505 -5.37841097 -3.29739768
v 0.66089135 -5.37841097 -3.32252519
v 0.43806209 -5.37841097 -3.32741192
v 0.21718231 -5.37841097 -3.31356180
v 0.00000000 -5.37841097 -3.28255573
v -0.21209206 -5.37841097 -3.23589951
v -0.41798652 -5.37841097 -3.17492281
v -0.61677565 -5.37841097 -3.10074056
v -0.80767295 -5.37841097 -3.01427648
v -0.98996328 -5.37841097 -2.91633778
v -1.16299594 -5.37841097 -2.80772058
v -1.32622585 -5.37841097 -2.68931998
v -1.47929699 -5.37841097 -2.56221755
v -1.62215232 -5.37841097 -2.42772251
v -1.75514612 -5.37841097 -2.28735096
v -1.87913112 -5.37841097 -2.14273838
v -1.99549314 -5.37841097 -1.99549314
v -2.10611198 -5.37841097 -1.84701063
v -2.21323710 -5.37841097 -1.69827656
v -2.31927987 -5.37841097 -1.54969327
v -2.42653778 -5.37841097 -1.40096224
v -2.53687935 -5.37841097 -1.25105045
v -2.65142785 -5.37841097 -1.09825737
v -2.77028663 -5.37841097 -0.94038559
v -2.89234787 -5.37841097 -0.77500228
v -3.01521880 -5.37841097 -0.59976431
v -3.13528676 -5.37841097 -0.41276833
v -3.24792774 -5.37841097 -0.21288043
v -3.34784462 -5.37841097 -0.00000000
v -3.42950369 -5.37841097 0.22478155
v -3.48762395 -5.37841097 0.45915440
v -3.51766502 -5.37841097 0.69970708
v -3.51625720 -5.37841097 0.94217828
v -3.48152322 -5.37841097 1.18181789
v -3.41325268 -5.37841097 1.41381555
v -3.31290814 -5.37841097 1.63374550
v -3.18346196 -5.37841097 1.83797262
v -3.02908364 -5.37841097 2.02396898
v -2.85471598 -5.37841097 2.19050062
v -2.66559130 -5.37841097 2.33766083
v -2.46674602 -5.37841097 2.46674602
v -2.26259069 -5.37841097 2.57999021
v -2.05658440 -5.37841097 2.68019297
v -1.85104789 -5.37841097 2.77028894
v -1.64713094 -5.37841097 2.85291448
v -1.44492938 -5.37841097 2.93002693
v -1.24372771 -5.37841097 3.00262430
v -1.04232808 -5.37841097 3.07059950
v -0.83941656 -5.37841097 3.13274524
v -0.63391492 -5.37841097 3.18690552
v -0.42527059 -5.37841097 3.23025087
v -0.21364800 -5.37841097 3.25963864
v -0.00000000 -5.37841097 3.27200993
v 0.21398440 -5.37841097 3.26477110
v 0.42604220 -5.37841097 3.23611183
v 0.63357999 -5.37841097 3.18522169
v 0.83396022 -5.37841097 3.11238191
v 1.02478747 -5.37841097 3.01892653
v 1.20415381 -5.37841097 2.90708446
v 1.37081071 -5.37841097 2.77972913
v 1.52424678 -5.37841097 2.64007287
v 1.66466579 -5.37841097 2.49134841
v 1.79287383 -5.37841097 2.33651866
v 1.91009766 -5.37841097 2.17804894
v 2.01776490 -5.37841097 2.01776490
v 2.11728077 -5.37841097 1.85680540
v 2.20983425 -5.37841097 1.69566546
v 2.29626019 -5.37841097 1.53431200
v 2.37697324 -5.37841097 1.37234614
v 2.45197731 -5.37841097 1.20918139
v 2.52094170 -5.37841097 1.04420824
v 2.58332476 -5.37841097 0.87692059
v 2.63851887 -5.37841097 0.70698900
v 2.68598834 -5.37841097 0.53427630
v 2.72537429 -5.37841097 0.35880233
v 2.75654712 -5.37841097 0.18067364
v 2.78663039 -4.86618135 0.00000000
v 2.80318541 -4.86618135 -0.18373048
v 2.81202450 -4.86618135 -0.37021005
v 2.81327594 -4.86618135 -0.55959538
v 2.80681230 -4.86618135 -0.75208309
v 2.79214251 -4.86618135 -0.94780467
v 2.76835712 -4.86618135 -1.14669106
v 2.73414107 -4.86618135 -1.34832916
v 2.68785786 -4.86618135 -1.55183546
v 2.62769773 -4.86618135 -1.75577149
v 2.55187197 -4.86618135 -1.95812023
v 2.45882789 -4.86618135 -2.15633418
v 2.34745533 -4.86618135 -2.34745533
v 2.21725613 -4.86618135 -2.52829605
v 2.06845311 -4.86618135 -2.69566058
v 1.90202387 -4.86618135 -2.84657988
v 1.71965521 -4.86618135 -2.97853019
v 1.52362581 -4.86618135 -3.08960750
v 1.31663417 -4.86618135 -3.17863608
v 1.10159660 -4.86618135 -3.24519894
v 0.88144274 -4.86618135 -3.28958907
v 0.65893541 -4.86618135 -3.31269200
v 0.43653593 -4.86618135 -3.31581958
v 0.21632762 -4.86618135 -3.30052165
v 0.00000000 -4.86618135 -3.26840433
v -0.21111426 -4.86618135 -3.22098121
v -0.41596625 -4.86618135 -3.15957737
v -0.61370358 -4.86618135 -3.08529625
v -0.80359254 -4.86618135 -2.99904818
v -0.98497012 -4.86618135 -2.90162841
v -1.15723964 -4.86618135 -2.79382364
v -1.31991392 -4.86618135 -2.67652066
v -1.47269938 -4.86618135 -2.55079015
v -1.61560434 -4.86618135 -2.41792277
v -1.74904723 -4.86618135 -2.27940273
v -1.87393699 -4.86618135 -2.13681560
v -1.99169919 -4.86618135 -1.99169919
v -2.10422758 -4.86618135 -1.84535806
v -2.21375111 -4.86618135 -1.69867097
v -2.32261958 -4.86618135 -1.55192479
v -2.43302506 -4.86618135 -1.40470767
v -2.54668855 -4.86618135 -1.25588781
v -2.66455070 -4.86618135 -1.10369304
v -2.78650931 -4.86618135 -0.94589245
v -2.91124429 -4.86618135 -0.78006556
v -3.03616274 -4.86618135 -0.60393032
v -3.15748360 -4.86618135 -0.41569060
v -3.27046396 -4.86618135 -0.21435753
v -3.36975127 -4.86618135 -0.00000000
v -3.44982804 -4.86618135 0.22611368
v -3.50550236 -4.86618135 0.46150814
v -3.53238952 -4.86618135 0.70263596
v -3.52732892 -4.86618135 0.94514494
v -3.48868694 -4.86618135 1.18424964
v -3.41650890 -4.86618135 1.41516432
v -3.31250166 -4.86618135 1.63354504
v -3.17984843 -4.86618135 1.83588635
v -3.02287825 -4.86618135 2.01982267
v -2.84663023 -4.86618135 2.18429620
v -2.65636512 -4.86618135 2.32956969
v -2.45708289 -4.86618135 2.45708289
v -2.25310255 -4.86618135 2.56917106
v -2.04775198 -4.86618135 2.66868234
v -1.84319974 -4.86618135 2.75854335
v -1.64044208 -4.86618135 2.84132903
v -1.43943806 -4.86618135 2.91889163
v -1.23936644 -4.86618135 2.99209526
v -1.03896367 -4.86618135 3.06068829
v -0.83689298 -4.86618135 3.12332712
v -0.63209278 -4.86618135 3.17774499
v -0.42405805 -4.86618135 3.22104069
v -0.21301934 -4.86618135 3.25004706
v -0.00000000 -4.86618135 3.26172973
v 0.21324987 -4.86618135 3.25356434
v 0.42442721 -4.86618135 3.22384475
v 0.63092731 -4.86618135 3.17188579
v 0.83013319 -4.86618135 3.09809922
v 1.01969993 -4.86618135 3.00393913
v 1.19779390 -4.86618135 2.89173028
v 1.36325503 -4.86618135 2.76440774
v 1.51566337 -4.86618135 2.62520597
v 1.65530578 -4.86618135 2.47734017
v 1.78305338 -4.86618135 2.32372041
v 1.90017310 -4.86618135 2.16673215
v 2.00810466 -4.86618135 2.00810466
v 2.10823805 -4.86618135 1.84887515
v 2.20172390 -4.86618135 1.68944217
v 2.28934232 -4.86618135 1.52968963
v 2.37144493 -4.86618135 1.36915437
v 2.44797244 -4.86618135 1.20720641
v 2.51853750 -4.86618135 1.04321239
v 2.58255289 -4.86618135 0.87665858
v 2.63937813 -4.86618135 0.70721924
v 2.68845622 -4.86618135 0.53476719
v 2.72941485 -4.86618135 0.35933428
v 2.76211384 -4.86618135 0.18103851
v 2.79407796 -4.35395173 0.00000000
v 2.81196204 -4.35395173 -0.18430573
v 2.82200964 -4.35395173 -0.37152462
v 2.82430708 -4.35395173 -0.56178961
v 2.81867683 -4.35395173 -0.75526218
v 2.80457465 -4.35395173 -0.95202481
v 2.78104163 -4.35395173 -1.15194516
v 2.74672451 -4.35395173 -1.35453463
v 2.69996706 -4.35395173 -1.55882671
v 2.63896368 -4.35395173 -1.76329916
v 2.56195669 -4.35395173 -1.96585851
v 2.46745108 -4.35395173 -2.16389652
v 2.35441755 -4.35395173 -2.35441755
v 2.22245553 -4.35395173 -2.53422484
v 2.07189374 -4.35395173 -2.70014449
v 1.90381433 -4.35395173 -2.84925950
v 1.71999818 -4.35395173 -2.97912424
v 1.52279951 -4.35395173 -3.08793194
v 1.31496839 -4.35395173 -3.17461452
v 1.09944599 -4.35395173 -3.23886343
v 0.87916060 -4.35395173 -3.28107201
v 0.65685054 -4.35395173 -3.30221065
v 0.43493455 -4.35395173 -3.30365587
v 0.21544138 -4.35395173 -3.28700020
v 0.00000000 -4.35395173 -3.25387157
v -0.21011846 -4.35395173 -3.20578814
v -0.41392433 -4.35395173 -3.14406742
v -0.61062094 -4.35395173 -3.06979875
v -0.79952736 -4.35395173 -2.98387673
v -0.98003244 -4.35395173 -2.88708248
v -1.15159285 -4.35395173 -2.78019107
v -1.31377819 -4.35395173 -2.66407863
v -1.46635561 -4.35395173 -2.53980242
v -1.60939625 -4.35395173 -2.40863171
v -1.74337916 -4.35395173 -2.27201596
v -1.86926492 -4.35395173 -2.13148813
v -1.98851328 -4.35395173 -1.98851328
v -2.10302555 -4.35395173 -1.84430391
v -2.21500333 -4.35395173 -1.69963183
v -2.32672814 -4.35395173 -1.55467004
v -2.44028062 -4.35395173 -1.40889667
v -2.55722964 -4.35395173 -1.26108610
v -2.67833073 -4.35395173 -1.10940091
v -2.80327614 -4.35395173 -0.95158402
v -2.93053636 -4.35395173 -0.78523485
v -3.05732423 -4.35395173 -0.60813960
v -3.17969869 -4.35395173 -0.41861527
v -3.29280852 -4.35395173 -0.21582207
v -3.39125756 -4.35395173 -0.00000000
v -3.46955671 -4.35395173 0.22740676
v -3.52261454 -4.35395173 0.46376100
v -3.54621167 -4.35395173 0.70538536
v -3.53740363 -4.35395173 0.94784445
v -3.49480417 -4.35395173 1.18632616
v -3.41871462 -4.35395173 1.41607796
v -3.31108290 -4.35395173 1.63284538
v -3.17529684 -4.35395173 1.83325849
v -3.01583649 -4.35395173 2.01511752
v -2.83782731 -4.35395173 2.17754149
v -2.64654828 -4.35395173 2.32096055
v -2.44695329 -4.35395173 2.44695329
v -2.24326182 -4.35395173 2.55794986
v -2.03866471 -4.35395173 2.65683957
v -1.83517503 -4.35395173 2.74653353
v -1.63363485 -4.35395173 2.82953856
v -1.43386799 -4.35395173 2.90759665
v -1.23495083 -4.35395173 2.98143504
v -1.03555850 -4.35395173 3.05065696
v -0.83433599 -4.35395173 3.11378430
v -0.63024258 -4.35395173 3.16844339
v -0.42282394 -4.35395173 3.21166665
v -0.21237842 -4.35395173 3.24026849
v -0.00000000 -4.35395173 3.25124514
v 0.21250152 -4.35395173 3.24214673
v 0.42278555 -4.35395173 3.21137507
v 0.62823929 -4.35395173 3.15837219
v 0.82626963 -4.35395173 3.08368025
v 1.01458509 -4.35395173 2.98887131
v 1.19142825 -4.35395173 2.87636224
v 1.35572825 -4.35395173 2.74914493
v 1.50715592 -4.35395173 2.61047062
v 1.64607923 -4.35395173 2.46353166
v 1.77343131 -4.35395173 2.31118068
v 1.89051546 -4.35395173 2.15571973
v 1.99877949 -4.35395173 1.99877949
v 2.09959431 -4.35395173 1.84129479
v 2.19406885 -4.35395173 1.68356824
v 2.28292595 -4.35395173 1.52540235
v 2.36645268 -4.35395173 1.36627209
v 2.44452585 -4.35395173 1.20550674
v 2.51670163 -4.35395173 1.04245195
v 2.58234785 -4.35395173 0.87658898
v 2.64079210 -4.35395173 0.70759811
v 2.69145696 -4.35395173 0.53536408
v 2.73395742 -4.35395173 0.35993232
v 2.76814309 -4.35395173 0.18143368
v 2.80192138 -3.84172212 0.00000000
v 2.82107539 -3.84172212 -0.18490305
v 2.83226408 -3.84172212 -0.37287464
v 2.83553215 -3.84172212 -0.56402241
v 2.83065287 -3.84172212 -0.75847115
v 2.81703040 -3.84172212 -0.95625297
v 2.79365879 -3.84172212 -1.15717136
v 2.75914977 -3.84172212 -1.36066209
v 2.71183110 -3.84172212 -1.56567641
v 2.64990537 -3.84172212 -1.77061016
v 2.57164989 -3.84172212 -1.97329636
v 2.47563083 -3.84172212 -2.17106997
v 2.36090236 -3.84172212 -2.36090236
v 2.22716304 -3.84172212 -2.53959272
v 2.07484762 -3.84172212 -2.70399406
v 1.90514168 -3.84172212 -2.85124602
v 1.71991771 -3.84172212 -2.97898486
v 1.52160204 -3.84172212 -3.08550370
v 1.31299213 -3.84172212 -3.16984341
v 1.09704959 -3.84172212 -3.23180389
v 0.87669694 -3.84172212 -3.27187751
v 0.65464393 -3.84172212 -3.29111729
v 0.43326329 -3.84172212 -3.29096140
v 0.21452648 -3.84172212 -3.27304165
v 0.00000000 -3.84172212 -3.23900435
v -0.20910783 -3.84172212 -3.19036892
v -0.41186725 -3.84172212 -3.12844233
v -0.60753749 -3.84172212 -3.05429722
v -0.79549027 -3.84172212 -2.96881012
v -0.97516581 -3.84172212 -2.87274584
v -1.14607330 -3.84172212 -2.76686571
v -1.30783789 -3.84172212 -2.65203289
v -1.46028552 -3.84172212 -2.52928871
v -1.60354746 -3.84172212 -2.39987837
v -1.73815974 -3.84172212 -2.26521387
v -1.86512991 -3.84172212 -2.12677305
v -1.98594627 -3.84172212 -1.98594627
v -2.10251135 -3.84172212 -1.84385297
v -2.21699268 -3.84172212 -1.70115832
v -2.33159702 -3.84172212 -1.55792332
v -2.44828788 -3.84172212 -1.41351967
v -2.56847783 -3.84172212 -1.26663309
v -2.69273518 -3.84172212 -1.11536743
v -2.82054716 -3.84172212 -0.95744675
v -2.95017825 -3.84172212 -0.79049788
v -3.07865321 -3.84172212 -0.61238220
v -3.20187982 -3.84172212 -0.42153548
v -3.31490927 -3.84172212 -0.21727063
v -3.41231372 -3.84172212 -0.00000000
v -3.48864448 -3.84172212 0.22865784
v -3.53892174 -3.84172212 0.46590789
v -3.55910070 -3.84172212 0.70794915
v -3.54645946 -3.84172212 0.95027095
v -3.49986237 -3.84172212 1.18804319
v -3.41986640 -3.84172212 1.41655504
v -3.30865678 -3.84172212 1.63164896
v -3.16981929 -3.84172212 1.83009602
v -3.00797606 -3.84172212 2.00986535
v -2.82832886 -3.84172212 2.17025306
v -2.63616457 -3.84172212 2.31185428
v -2.43638157 -3.84172212 2.43638157
v -2.23309201 -3.84172212 2.54635341
v -2.02934418 -3.84172212 2.64469282
v -1.82699279 -3.84172212 2.73428793
v -1.62672530 -3.84172212 2.81757087
v -1.42823224 -3.84172212 2.89616848
v -1.23049114 -3.84172212 2.97066841
v -1.03212035 -3.84172212 3.04052850
v -0.83175133 -3.84172212 3.10413824
v -0.62836837 -3.84172212 3.15902113
v -0.42157088 -3.84172212 3.20214874
v -0.21172657 -3.84172212 3.23032320
v -0.00000000 -3.84172212 3.24057734
v 0.21174084 -3.84172212 3.23054089
v 0.42112042 -3.84172212 3.19872716
v 0.62552112 -3.84172212 3.14470705
v 0.82237700 -3.84172212 3.06915274
v 1.00945275 -3.84172212 2.97375190
v 1.18506901 -3.84172212 2.86100967
v 1.34824467 -3.84172212 2.73396974
v 1.49874052 -3.84172212 2.59589474
v 1.63700353 -3.84172212 2.44994892
v 1.76402562 -3.84172212 2.29892295
v 1.88114267 -3.84172212 2.14503210
v 1.98980649 -3.84172212 1.98980649
v 2.09136507 -3.84172212 1.83407794
v 2.18688241 -3.84172212 1.67805389
v 2.27702172 -3.84172212 1.52145727
v 2.36200401 -3.84172212 1.36370365
v 2.44164174 -3.84172212 1.20408446
v 2.51543479 -3.84172212 1.04192720
v 2.58270683 -3.84172212 0.87671083
v 2.64275452 -3.84172212 0.70812394
v 2.69498095 -3.84172212 0.53606504
v 2.73898918 -3.84172212 0.36059477
v 2.77461901 -3.84172212 0.18185814
v 2.81014118 -3.32949250 0.00000000
v 2.83050364 -3.32949250 -0.18552101
v 2.84276403 -3.32949250 -0.37425698
v 2.84692585 -3.32949250 -0.56628876
v 2.84271414 -3.32949250 -0.76170296
v 2.82948319 -3.32949250 -0.96048012
v 2.80618246 -3.32949250 -1.16235883
v 2.77139190 -3.32949250 -1.36669924
v 2.72342698 -3.32949250 -1.57237130
v 2.66050249 -3.32949250 -1.77769093
v 2.58093458 -3.32949250 -1.98042076
v 2.48335393 -3.32949250 -2.17784294
v 2.36690062 -3.32949250 -2.36690062
v 2.23137361 -3.32949250 -2.54439395
v 2.07731364 -3.32949250 -2.70720784
v 1.90600833 -3.32949250 -2.85254305
v 1.71941912 -3.32949250 -2.97812127
v 1.52004087 -3.32949250 -3.08233796
v 1.31071419 -3.32949250 -3.16434398
v 1.09441663 -3.32949250 -3.22404742
v 0.87406051 -3.32949250 -3.26203821
v 0.65232306 -3.32949250 -3.27944947
v 0.43152764 -3.32949250 -3.27777788
v 0.21358590 -3.32949250 -3.25869105
v 0.00000000 -3.32949250 -3.22385010
v -0.20808558 -3.32949250 -3.17477239
v -0.40980149 -3.32949250 -3.11275139
v -0.60446293 -3.32949250 -3.03884038
v -0.79149393 -3.32949250 -2.95389555
v -0.97038543 -3.32949250 -2.85866330
v -1.14069820 -3.32949250 -2.75388907
v -1.30211147 -3.32949250 -2.64042086
v -1.45450792 -3.32949250 -2.51928161
v -1.59807612 -3.32949250 -2.39168993
v -1.73340528 -3.32949250 -2.25901774
v -1.86154518 -3.32949250 -2.12268546
v -1.98400704 -3.32949250 -1.98400704
v -2.10268829 -3.32949250 -1.84400814
v -2.21971585 -3.32949250 -1.70324788
v -2.33721544 -3.32949250 -1.56167743
v -2.45702809 -3.32949250 -1.41856583
v -2.58040630 -3.32949250 -1.27251557
v -2.70772958 -3.32949250 -1.12157832
v -2.83828111 -3.32949250 -0.96346661
v -2.97012321 -3.32949250 -0.79584212
v -3.10009923 -3.32949250 -0.61664808
v -3.22397489 -3.32949250 -0.42444435
v -3.33671473 -3.32949250 -0.21869984
v -3.43287114 -3.32949250 -0.00000000
v -3.50704776 -3.32949250 0.22986405
v -3.55438724 -3.32949250 0.46794396
v -3.57102810 -3.32949250 0.71032165
v -3.55447701 -3.32949250 0.95241924
v -3.50385152 -3.32949250 1.18939732
v -3.41996328 -3.32949250 1.41659517
v -3.30523056 -3.32949250 1.62995934
v -3.16342994 -3.32949250 1.82640713
v -2.99931647 -3.32949250 2.00407919
v -2.81815796 -3.32949250 2.16244866
v -2.62523893 -3.32949250 2.30227275
v -2.42539292 -3.32949250 2.42539292
v -2.22261721 -3.32949250 2.53440919
v -2.01981238 -3.32949250 2.63227075
v -1.81867221 -3.32949250 2.72183530
v -1.61972957 -3.32949250 2.80545390
v -1.42254387 -3.32949250 2.88463360
v -1.22599762 -3.32949250 2.95982008
v -1.02865701 -3.32949250 3.03032582
v -0.82914474 -3.32949250 3.09441029
v -0.62647421 -3.32949250 3.14949853
v -0.42030151 -3.32949250 3.19250691
v -0.21106512 -3.32949250 3.22023146
v -0.00000000 -3.32949250 3.22974758
v 0.21096930 -3.32949250 3.21876950
v 0.41943504 -3.32949250 3.18592545
v 0.62277802 -3.32949250 3.13091654
v 0.81846269 -3.32949250 3.05454434
v 1.00431263 -3.32949250 2.95860959
v 1.17872819 -3.32949250 2.84570158
v 1.34081840 -3.32949250 2.71891074
v 1.49043298 -3.32949250 2.58150565
v 1.62809561 -3.32949250 2.43661727
v 1.75485373 -3.32949250 2.28696991
v 1.87207187 -3.32949250 2.13468884
v 1.98120181 -3.32949250 1.98120181
v 2.08356480 -3.32949250 1.82723729
v 2.18017677 -3.32949250 1.67290847
v 2.27163899 -3.32949250 1.51786065
v 2.35810516 -3.32949250 1.36145265
v 2.43932296 -3.32949250 1.20294096
v 2.51473635 -3.32949250 1.04163790
v 2.58362573 -3.32949250 0.87702276
v 2.64525786 -3.32949250 0.70879471
v 2.69901738 -3.32949250 0.53686794
v 2.74449619 -3.32949250 0.36131978
v 2.78152478 -3.32949250 0.18231077
v 2.81871714 -2.81726289 0.00000000
v 2.84022440 -2.81726289 -0.18615814
v 2.85348533 -2.81726289 -0.37566847
v 2.85846272 -2.81726289 -0.56858359
v 2.85483447 -2.81726289 -0.76495059
v 2.84190676 -2.81726289 -0.96469735
v 2.81858703 -2.81726289 -1.16749698
v 2.78342668 -2.81726289 -1.37263414
v 2.73473265 -2.81726289 -1.57889863
v 2.67073586 -2.81726289 -1.78452865
v 2.58979502 -2.81726289 -1.98721962
v 2.49060850 -2.81726289 -2.18420503
v 2.37240455 -2.81726289 -2.37240455
v 2.23508356 -2.81726289 -2.54862434
v 2.07929199 -2.81726289 -2.70978608
v 1.90641787 -2.81726289 -2.85315597
v 1.71850879 -2.81726289 -2.97654454
v 1.51812439 -2.81726289 -3.07845173
v 1.30814411 -2.81726289 -3.15813925
v 1.09155686 -2.81726289 -3.21562283
v 0.87126044 -2.81726289 -3.25158824
v 0.64989564 -2.81726289 -3.26724603
v 0.42973325 -2.81726289 -3.26414810
v 0.21262261 -2.81726289 -3.24399420
v 0.00000000 -2.81726289 -3.20845669
v -0.20705491 -2.81726289 -3.15904752
v -0.40773353 -2.81726289 -3.09704363
v -0.60140685 -2.81726289 -3.02347641
v -0.78755075 -2.81726289 -2.93917941
v -0.96570614 -2.81726289 -2.84487854
v -1.13548417 -2.81726289 -2.74130129
v -1.29661658 -2.81726289 -2.62927833
v -1.44904060 -2.81726289 -2.50981194
v -1.59299908 -2.81726289 -2.38409161
v -1.72913056 -2.81726289 -2.25344681
v -1.85852222 -2.81726289 -2.11923843
v -1.98270253 -2.81726289 -1.98270253
v -2.10355761 -2.81726289 -1.84477051
v -2.22316736 -2.81726289 -1.70589631
v -2.34357045 -2.81726289 -1.56592371
v -2.46648044 -2.81726289 -1.42402315
v -2.59298640 -2.81726289 -1.27871938
v -2.72327785 -2.81726289 -1.12801862
v -2.85643547 -2.81726289 -0.96962919
v -2.99032372 -2.81726289 -0.80125483
v -3.12161156 -2.81726289 -0.62092715
v -3.24593206 -2.81726289 -0.42733506
v -3.35817420 -2.81726289 -0.22010637
v -3.45288252 -2.81726289 -0.00000000
v -3.52472471 -2.81726289 0.23102266
v -3.56897638 -2.81726289 0.46986465
v -3.58196774 -2.81726289 0.71249768
v -3.56143939 -2.81726289 0.95428481
v -3.50676412 -2.81726289 1.19038601
v -3.41900674 -2.81726289 1.41619896
v -3.30081376 -2.81726289 1.62778121
v -3.15614499 -2.81726289 1.82220116
v -2.98987897 -2.81726289 1.99777326
v -2.80733915 -2.81726289 2.15414709
v -2.61379742 -2.81726289 2.29223882
v -2.41401334 -2.81726289 2.41401334
v -2.21186206 -2.81726289 2.52214530
v -2.01009162 -2.81726289 2.61960240
v -1.81023266 -2.81726289 2.70920463
v -1.61266383 -2.81726289 2.79321570
v -1.41681593 -2.81726289 2.87301850
v -1.22148045 -2.81726289 2.94891466
v -1.02517619 -2.81726289 3.02007167
v -0.82652189 -2.81726289 3.08462168
v -0.62456411 -2.81726289 3.13989582
v -0.41901844 -2.81726289 3.18276104
v -0.21039540 -2.81726289 3.21001354
v -0.00000000 -2.81726289 3.21877711
v 0.21018840 -2.81726289 3.20685531
v 0.41773263 -2.81726289 3.17299437
v 0.62001518 -2.81726289 3.11702679
v 0.81453409 -2.81726289 3.03988260
v 0.99917438 -2.81726289 2.94347282
v 1.17241766 -2.81726289 2.83046662
v 1.33346327 -2.81726289 2.70399603
v 1.48224871 -2.81726289 2.56733007
v 1.61937189 -2.81726289 2.42356131
v 1.74593240 -2.81726289 2.27534340
v 1.86331943 -2.81726289 2.12470860
v 1.97298067 -2.81726289 1.97298067
v 2.07620690 -2.81726289 1.82078459
v 2.17396292 -2.81726289 1.66814042
v 2.26678590 -2.81726289 1.51461791
v 2.35476105 -2.81726289 1.35952192
v 2.43757102 -2.81726289 1.20207700
v 2.51460438 -2.81726289 1.04158324
v 2.58509916 -2.81726289 0.87752292
v 2.64829337 -2.81726289 0.70960807
v 2.70355431 -2.81726289 0.53777039
v 2.75046351 -2.81726289 0.36210539
v 2.78884267 -2.81726289 0.18279041
v 2.82762841 -2.30503327 0.00000000
v 2.85021482 -2.30503327 -0.18681295
v 2.86440353 -2.30503327 -0.37710588
v 2.87011724 -2.30503327 -0.57090182
v 2.86698782 -2.30503327 -0.76820707
v 2.85427523 -2.30503327 -0.96889588
v 2.83084749 -2.30503327 -1.17257543
v 2.79523073 -2.30503327 -1.37845525
v 2.74572708 -2.30503327 -1.58524627
v 2.68058743 -2.30503327 -1.79111126
v 2.59821674 -2.30503327 -1.99368183
v 2.49738401 -2.30503327 -2.19014700
v 2.37740774 -2.30503327 -2.37740774
v 2.23829058 -2.30503327 -2.55228124
v 2.08078417 -2.30503327 -2.71173073
v 1.90637511 -2.30503327 -2.85309198
v 1.71719418 -2.30503327 -2.97426757
v 1.51586190 -2.30503327 -3.07386385
v 1.30529213 -2.30503327 -3.15125396
v 1.08848062 -2.30503327 -3.20656050
v 0.86830628 -2.30503327 -3.24056315
v 0.64736965 -2.30503327 -3.25454701
v 0.42788585 -2.30503327 -3.25011572
v 0.21163968 -2.30503327 -3.22899751
v 0.00000000 -2.30503327 -3.19287229
v -0.20601905 -2.30503327 -3.14324323
v -0.40566976 -2.30503327 -3.08136777
v -0.59837869 -2.30503327 -3.00825282
v -0.78367290 -2.30503327 -2.92470710
v -0.96114232 -2.30503327 -2.83143396
v -1.13044721 -2.30503327 -2.72914098
v -1.29137005 -2.30503327 -2.61863941
v -1.44390026 -2.30503327 -2.50090861
v -1.58833189 -2.30503327 -2.37710666
v -1.72534879 -2.30503327 -2.24851833
v -1.85607071 -2.30503327 -2.11644302
v -1.98203771 -2.30503327 -1.98203771
v -2.10511845 -2.30503327 -1.84613933
v -2.22733960 -2.30503327 -1.70909779
v -2.35064703 -2.30503327 -1.57065213
v -2.47662215 -2.30503327 -1.42987847
v -2.60618767 -2.30503327 -1.28522953
v -2.73934249 -2.30503327 -1.13467281
v -2.87496670 -2.30503327 -0.97591969
v -3.01073167 -2.30503327 -0.80672312
v -3.14313940 -2.30503327 -0.62520930
v -3.26769995 -2.30503327 -0.43020086
v -3.37923795 -2.30503327 -0.22148696
v -3.47230199 -2.30503327 -0.00000000
v -3.54163534 -2.30503327 0.23213104
v -3.58265672 -2.30503327 0.47166571
v -3.59189588 -2.30503327 0.71447251
v -3.56733224 -2.30503327 0.95586379
v -3.50859521 -2.30503327 1.19100759
v -3.41700071 -2.30503327 1.41536804
v -3.29541815 -2.30503327 1.62512039
v -3.14798265 -2.30503327 1.81748863
v -2.97968649 -2.30503327 1.99096286
v -2.79589829 -2.30503327 2.14536822
v -2.60186712 -2.30503327 2.28177622
v -2.40226956 -2.30503327 2.40226956
v -2.20085168 -2.30503327 2.50959036
v -2.00020447 -2.30503327 2.60671721
v -1.80169363 -2.30503327 2.69642507
v -1.60554430 -2.30503327 2.78088431
v -1.41106145 -2.30503327 2.86134956
v -1.21694975 -2.30503327 2.93797658
v -1.02168557 -2.30503327 3.00978862
v -0.82388842 -2.30503327 3.07479346
v -0.62264208 -2.30503327 3.13023310
v -0.41772429 -2.30503327 3.17293096
v -0.20971874 -2.30503327 3.19968966
v -0.00000000 -2.30503327 3.20768719
v 0.20939963 -2.30503327 3.19482103
v 0.41601641 -2.30503327 3.15995833
v 0.61723778 -2.30503327 3.10306385
v 0.81059853 -2.30503327 3.02519488
v 0.99404758 -2.30503327 2.92836974
v 1.16614913 -2.30503327 2.81533304
v 1.32619289 -2.30503327 2.68925314
v 1.47420274 -2.30503327 2.55339404
v 1.61084829 -2.30503327 2.41080483
v 1.73727772 -2.30503327 2.26406440
v 1.85490091 -2.30503327 2.11510912
v 1.96515736 -2.30503327 1.96515736
v 2.06930373 -2.30503327 1.81473067
v 2.16825069 -2.30503327 1.66375727
v 2.26246933 -2.30503327 1.51173368
v 2.35197532 -2.30503327 1.35791358
v 2.43638618 -2.30503327 1.20149270
v 2.51503565 -2.30503327 1.04176188
v 2.58712047 -2.30503327 0.87820906
v 2.65185115 -2.30503327 0.71056137
v 2.70857873 -2.30503327 0.53876981
v 2.75687525 -2.30503327 0.36294951
v 2.79655417 -2.30503327 0.18329584
v 2.83685356 -1.79280366 0.00000000
v 2.86045166 -1.79280366 -0.18748391
v 2.87549403 -1.79280366 -0.37856597
v 2.88186393 -1.79280366 -0.57323838
v 2.87914842 -1.79280366 -0.77146549
v 2.86656319 -1.79280366 -0.97306708
v 2.84293952 -1.79280366 -1.17758410
v 2.80678153 -1.79280366 -1.38415147
v 2.75639027 -1.79280366 -1.59140267
v 2.69004041 -1.79280366 -1.79742753
v 2.60618659 -1.79280366 -1.99979731
v 2.50367135 -1.79280366 -2.19566084
v 2.38190522 -1.79280366 -2.38190522
v 2.24099371 -1.79280366 -2.55536358
v 2.08179294 -1.79280366 -2.71304539
v 1.90588603 -1.79280366 -2.85236002
v 1.71548376 -1.79280366 -2.97130504
v 1.51326354 -1.79280366 -3.06859491
v 1.30216919 -1.79280366 -3.14371452
v 1.08519872 -1.79280366 -3.19689235
v 0.86520789 -1.79280366 -3.22899979
v 0.64475325 -1.79280366 -3.24139349
v 0.42599131 -1.79280366 -3.23572522
v 0.21064016 -1.79280366 -3.21374788
v 0.00000000 -1.79280366 -3.17714525
v -0.20498117 -1.79280366 -3.12740830
v -0.40361655 -1.79280366 -3.06577203
v -0.59538775 -1.79280366 -2.99321635
v -0.77987227 -1.79280366 -2.91052294
v -0.95670792 -1.79280366 -2.81837064
v -1.12560266 -1.79280366 -2.71744520
v -1.28638781 -1.79280366 -2.60853643
v -1.43910250 -1.79280366 -2.49259864
v -1.58408874 -1.79280366 -2.37075634
v -1.72207165 -1.79280366 -2.24424747
v -1.85419860 -1.79280366 -2.11430829
v -1.98201566 -1.79280366 -1.98201566
v -2.10736796 -1.79280366 -1.84811210
v -2.23222293 -1.79280366 -1.71284490
v -2.35842813 -1.79280366 -1.57585129
v -2.48742857 -1.79280366 -1.43611756
v -2.61997806 -1.79280366 -1.29203020
v -2.75588466 -1.79280366 -1.14152480
v -2.89383032 -1.79280366 -0.98232303
v -3.03129849 -1.79280366 -0.81223398
v -3.16463199 -1.79280366 -0.62948444
v -3.28922774 -1.79280366 -0.43303505
v -3.39985736 -1.79280366 -0.22283842
v -3.49108527 -1.79280366 -0.00000000
v -3.55774163 -1.79280366 0.23318671
v -3.59539808 -1.79280366 0.47334314
v -3.60079128 -1.79280366 0.71624192
v -3.57214376 -1.79280366 0.95715304
v -3.50934239 -1.79280366 1.19126122
v -3.41395155 -1.79280366 1.41410503
v -3.28905773 -1.79280366 1.62198377
v -3.13896305 -1.79280366 1.81228116
v -2.96876359 -1.79280366 1.98366441
v -2.78386257 -1.79280366 2.13613288
v -2.58947609 -1.79280366 2.27090958
v -2.39018900 -1.79280366 2.39018900
v -2.18961159 -1.79280366 2.49677350
v -1.99017371 -1.79280366 2.59364487
v -1.79307467 -1.79280366 2.68352588
v -1.59838715 -1.79280366 2.76848776
v -1.40529334 -1.79280366 2.84965300
v -1.21241557 -1.79280366 2.92703011
v -1.01819273 -1.79280366 2.99949905
v -0.82124994 -1.79280366 3.06494649
v -0.62071206 -1.79280366 3.12053028
v -0.41642163 -1.79280366 3.16303634
v -0.20903645 -1.79280366 3.18927997
v -0.00000000 -1.79280366 3.19649903
v 0.20860448 -1.79280366 3.18268938
v 0.41428957 -1.79280366 3.14684169
v 0.61445097 -1.79280366 3.08905364
v 0.80666328 -1.79280366 3.01050836
v 0.98894166 -1.79280366 2.91332820
v 1.15993410 -1.79280366 2.80032865
v 1.31902053 -1.79280366 2.67470904
v 1.46630970 -1.79280366 2.53972289
v 1.60254016 -1.79280366 2.39837084
v 1.72890511 -1.79280366 2.25315300
v 1.84683104 -1.79280366 2.10590719
v 1.95774522 -1.79280366 1.95774522
v 2.06286656 -1.79280366 1.80908542
v 2.16304878 -1.79280366 1.65976571
v 2.25869496 -1.79280366 1.50921172
v 2.34975035 -1.79280366 1.35662900
v 2.43576738 -1.79280366 1.20118754
v 2.51602569 -1.79280366 1.04217196
v 2.58968187 -1.79280366 0.87907854
v 2.65592018 -1.79280366 0.71165167
v 2.71407663 -1.79280366 0.53986341
v 2.76371465 -1.79280366 0.36384994
v 2.80464002 -1.79280366 0.18382582
v 2.84637067 -1.28057404 0.00000000
v 2.87091140 -1.28057404 -0.18816947
v 2.88673213 -1.28057404 -0.38004549
v 2.89367740 -1.28057404 -0.57558822
v 2.89129083 -1.28057404 -0.77471904
v 2.87874579 -1.28057404 -0.97720252
v 2.85483954 -1.28057404 -1.18251325
v 2.81805753 -1.28057404 -1.38971218
v 2.76670337 -1.28057404 -1.59735694
v 2.69907921 -1.28057404 -1.80346707
v 2.61369278 -1.28057404 -2.00555701
v 2.50946276 -1.28057404 -2.20073978
v 2.38589338 -1.28057404 -2.38589338
v 2.24319338 -1.28057404 -2.55787182
v 2.08232237 -1.28057404 -2.71373535
v 1.90495776 -1.28057404 -2.85097076
v 1.71338701 -1.28057404 -2.96767335
v 1.51034030 -1.28057404 -3.06266716
v 1.29878688 -1.28057404 -3.13554889
v 1.08172248 -1.28057404 -3.18665167
v 0.86197547 -1.28057404 -3.21693624
v 0.64205482 -1.28057404 -3.22782753
v 0.42405556 -1.28057404 -3.22102175
v 0.20962717 -1.28057404 -3.19829259
v 0.00000000 -1.28057404 -3.16132396
v -0.20394446 -1.28057404 -3.11159124
v -0.40158015 -1.28057404 -3.05030406
v -0.59244315 -1.28057404 -2.97841283
v -0.77616041 -1.28057404 -2.89667007
v -0.95241640 -1.28057404 -2.80572824
v -1.12096518 -1.28057404 -2.70624935
v -1.28168490 -1.28057404 -2.59899988
v -1.43466179 -1.28057404 -2.48490710
v -1.58028248 -1.28057404 -2.36505986
v -1.71930921 -1.28057404 -2.24064739
v -1.85291207 -1.28057404 -2.11284128
v -1.98263752 -1.28057404 -1.98263752
v -2.11030129 -1.28057404 -1.85068456
v -2.23780568 -1.28057404 -1.71712869
v -2.36689480 -1.28057404 -1.58150854
v -2.49887330 -1.28057404 -1.44272517
v -2.63432400 -1.28057404 -1.29910483
v -2.77286438 -1.28057404 -1.14855803
v -2.91298112 -1.28057404 -0.98882385
v -3.05197536 -1.28057404 -0.81777433
v -3.18603880 -1.28057404 -0.63374252
v -3.31046537 -1.28057404 -0.43583103
v -3.41998502 -1.28057404 -0.22415766
v -3.50918974 -1.28057404 -0.00000000
v -3.57300764 -1.28057404 0.23418729
v -3.60717265 -1.28057404 0.47489329
v -3.60863525 -1.28057404 0.71780218
v -3.57586477 -1.28057404 0.95815008
v -3.50900582 -1.28057404 1.19114697
v -3.40986802 -1.28057404 1.41241358
v -3.28174868 -1.28057404 1.61837935
v -3.12910824 -1.28057404 1.80659148
v -2.95713640 -1.28057404 1.97589537
v -2.77126039 -1.28057404 2.12646289
v -2.57665329 -1.28057404 2.25966429
v -2.37779967 -1.28057404 2.37779967
v -2.17816770 -1.28057404 2.48372424
v -1.98002231 -1.28057404 2.58041531
v -1.78439538 -1.28057404 2.67053640
v -1.59120851 -1.28057404 2.75605398
v -1.39952448 -1.28057404 2.83795489
v -1.20788785 -1.28057404 2.91609924
v -1.01470517 -1.28057404 2.98922504
v -0.81861194 -1.28057404 3.05510136
v -0.61877800 -1.28057404 3.11080709
v -0.41511306 -1.28057404 3.15309674
v -0.20834986 -1.28057404 3.17880452
v -0.00000000 -1.28057404 3.18523378
v 0.20780443 -1.28057404 3.17048295
v 0.41255531 -1.28057404 3.13366870
v 0.61165989 -1.28057404 3.07502193
v 0.80273557 -1.28057404 2.99584994
v 0.98386596 -1.28057404 2.89837566
v 1.15378390 -1.28057404 2.78548075
v 1.31195920 -1.28057404 2.66039008
v 1.45858379 -1.28057404 2.52634124
v 1.59446232 -1.28057404 2.38628150
v 1.72082929 -1.28057404 2.24262839
v 1.83912370 -1.28057404 2.09711866
v 1.95075660 -1.28057404 1.95075660
v 2.05690560 -1.28057404 1.80385780
v 2.15836470 -1.28057404 1.65617148
v 2.25546724 -1.28057404 1.50705503
v 2.34808730 -1.28057404 1.35566883
v 2.43571237 -1.28057404 1.20116042
v 2.51756884 -1.28057404 1.04281116
v 2.59277439 -1.28057404 0.88012831
v 2.66048841 -1.28057404 0.71287572
v 2.72003306 -1.28057404 0.54104821
v 2.77096413 -1.28057404 0.36480435
v 2.81308032 -1.28057404 0.18437903
v 2.85615745 -0.76834442 0.00000000
v 2.88157030 -0.76834442 -0.18886810
v 2.89809310 -0.76834442 -0.38154119
v 2.90553249 -0.76834442 -0.57794635
v 2.90339001 -0.76834442 -0.77796101
v 2.89079879 -0.76834442 -0.98129396
v 2.86652482 -0.76834442 -1.18735346
v 2.82903819 -0.76834442 -1.39512724
v 2.77664870 -0.76834442 -1.60309887
v 2.70768958 -0.76834442 -1.80922034
v 2.62072489 -0.76834442 -2.01095294
v 2.51475195 -0.76834442 -2.20537827
v 2.38937005 -0.76834442 -2.38937005
v 2.24489135 -0.76834442 -2.55980798
v 2.08237776 -0.76834442 -2.71380753
v 1.90359855 -0.76834442 -2.84893656
v 1.71091436 -0.76834442 -2.96339060
v 1.50710395 -0.76834442 -3.05610448
v 1.29515740 -0.76834442 -3.12678656
v 1.07806365 -0.76834442 -3.17587312
v 0.85861951 -0.76834442 -3.20441165
v 0.63928287 -0.76834442 -3.21389202
v 0.42208462 -0.76834442 -3.20605101
v 0.20860381 -0.76834442 -3.18267917
v 0.00000000 -0.76834442 -3.14545675
v -0.20291209 -0.76834442 -3.09584017
v -0.39956675 -0.76834442 -3.03501079
v -0.58955380 -0.76834442 -2.96388709
v -0.77254854 -0.76834442 -2.88319038
v -0.94828071 -0.76834442 -2.79354488
v -1.11654874 -0.76834442 -2.69558710
v -1.27727545 -0.76834442 -2.59005839
v -1.43059144 -0.76834442 -2.47785706
v -1.57692457 -0.76834442 -2.36003440
v -1.71706999 -0.76834442 -2.23772918
v -1.85221556 -0.76834442 -2.11204706
v -1.98390262 -0.76834442 -1.98390262
v -2.11391167 -0.76834442 -1.85385078
v -2.24407430 -0.76834442 -1.72193877
v -2.37602625 -0.76834442 -1.58760998
v -2.51092827 -0.76834442 -1.44968511
v -2.64919054 -0.76834442 -1.30643620
v -2.79024062 -0.76834442 -1.15575551
v -2.93237327 -0.76834442 -0.99540660
v -3.07271329 -0.76834442 -0.82333105
v -3.20730970 -0.76834442 -0.63797356
v -3.33136366 -0.76834442 -0.43858235
v -3.43957491 -0.76834442 -0.22544165
v -3.52657459 -0.76834442 -0.00000000
v -3.58739956 -0.76834442 0.23513059
v -3.61795503 -0.76834442 0.47631282
v -3.61541163 -0.76834442 0.71915009
v -3.57848870 -0.76834442 0.95885316
v -3.50758820 -0.76834442 1.19066575
v -3.40476127 -0.76834442 1.41029830
v -3.27350932 -0.76834442 1.61431615
v -3.11844207 -0.76834442 1.80043337
v -2.94483255 -0.76834442 1.96767420
v -2.75812132 -0.76834442 2.11638092
v -2.56342852 -0.76834442 2.24806648
v -2.36513014 -0.76834442 2.36513014
v -2.16654620 -0.76834442 2.47047246
v -1.96977335 -0.76834442 2.56705861
v -1.77567533 -0.76834442 2.65748594
v -1.58402441 -0.76834442 2.74361076
v -1.39376757 -0.76834442 2.82628105
v -1.20337643 -0.76834442 2.90520769
v -1.01123030 -0.76834442 2.97898840
v -0.81597990 -0.76834442 3.04527844
v -0.61684377 -0.76834442 3.10108303
v -0.41380112 -0.76834442 3.14313153
v -0.20766026 -0.76834442 3.16828325
v -0.00000000 -0.76834442 3.17391248
v 0.20700096 -0.76834442 3.15822429
v 0.41081681 -0.76834442 3.12046349
v 0.60886962 -0.76834442 3.06099431
v 0.79882252 -0.76834442 2.98124625
v 0.97882967 -0.76834442 2.88353922
v 1.14770962 -0.76834442 2.77081613
v 1.30502157 -0.76834442 2.64632196
v 1.45103879 -0.76834442 2.51327291
v 1.58662901 -0.76834442 2.37455812
v 1.71306426 -0.76834442 2.23250881
v 1.83179197 -0.76834442 2.08875842
v 1.94420293 -0.76834442 1.94420293
v 2.05142998 -0.76834442 1.79905581
v 2.15420483 -0.76834442 1.65297950
v 2.25278943 -0.76834442 1.50526577
v 2.34698610 -0.76834442 1.35503306
v 2.43621769 -0.76834442 1.20140961
v 2.51965829 -0.76834442 1.04367663
v 2.59638801 -0.76834442 0.88135497
v 2.66554278 -0.76834442 0.71423004
v 2.72643220 -0.76834442 0.54232108
v 2.77860539 -0.76834442 0.36581034
v 2.82185459 -0.76834442 0.18495412
v 2.86619128 -0.25611481 0.00000000
v 2.89240449 -0.25611481 -0.18957821
v 2.90955230 -0.25611481 -0.38304983
v 2.91740432 -0.25611481 -0.58030780
v 2.91542144 -0.25611481 -0.78118482
v 2.90269868 -0.25611481 -0.98533343
v 2.87797354 -0.25611481 -1.19209567
v 2.83970404 -0.25611481 -1.40038706
v 2.78620978 -0.25611481 -1.60861897
v 2.71585859 -0.25611481 -1.81467870
v 2.62727393 -0.25611481 -2.01597819
v 2.51953403 -0.25611481 -2.20957204
v 2.39233448 -0.25611481 -2.39233448
v 2.24609075 -0.25611481 -2.56117563
v 2.08196568 -0.25611481 -2.71327050
v 1.90181776 -0.25611481 -2.84627141
v 1.70807720 -0.25611481 -2.95847649
v 1.50356702 -0.25611481 -3.04893230
v 1.29129356 -0.25611481 -3.11745842
v 1.07423442 -0.25611481 -3.16459255
v 0.85515079 -0.25611481 -3.19146619
v 0.63644609 -0.25611481 -3.19963058
v 0.42008458 -0.25611481 -3.19085914
v 0.20757321 -0.25611481 -3.16695525
v 0.00000000 -0.25611481 -3.12959173
v -0.20188715 -0.25611481 -3.08020270
v -0.39758243 -0.25611481 -3.01993834
v -0.58672840 -0.25611481 -2.94968286
v -0.76904751 -0.25611481 -2.87012438
v -0.94431324 -0.25611481 -2.78185709
v -1.11236653 -0.25611481 -2.68549036
v -1.27317261 -0.25611481 -2.58173866
v -1.42690362 -0.25611481 -2.47146957
v -1.57402512 -0.25611481 -2.35569507
v -1.71536096 -0.25611481 -2.23550192
v -1.85211180 -0.25611481 -2.11192874
v -1.98580843 -0.25611481 -1.98580843
v -2.11819046 -0.25611481 -1.85760317
v -2.25101337 -0.25611481 -1.72726331
v -2.38579997 -0.25611481 -1.59414057
v -2.52356390 -0.25611481 -1.45698030
v -2.66454147 -0.25611481 -1.31400644
v -2.80797147 -0.25611481 -1.16309987
v -2.95196050 -0.25611481 -1.00205556
v -3.09346336 -0.25611481 -0.82889101
v -3.22839505 -0.25611481 -0.64216770
v -3.35187447 -0.25611481 -0.44128265
v -3.45858251 -0.25611481 -0.22668747
v -3.54320094 -0.25611481 -0.00000000
v -3.60088585 -0.25611481 0.23601453
v -3.62772230 -0.25611481 0.47759870
v -3.62110692 -0.25611481 0.72028295
v -3.58001160 -0.25611481 0.95926122
v -3.50509477 -0.25611481 1.18981935
v -3.39864481 -0.25611481 1.40776477
v -3.26436004 -0.25611481 1.60980422
v -3.10699020 -0.25611481 1.79382163
v -2.93188110 -0.25611481 1.95902032
v -2.74447600 -0.25611481 2.10591050
v -2.54983234 -0.25611481 2.23614294
v -2.35220946 -0.25611481 2.35220946
v -2.15477355 -0.25611481 2.45704833
v -1.95944999 -0.25611481 2.55360494
v -1.76693407 -0.25611481 2.64440371
v -1.57685079 -0.25611481 2.73118569
v -1.38803523 -0.25611481 2.81465700
v -1.19889098 -0.25611481 2.89437886
v -1.00777541 -0.25611481 2.96881062
v -0.81335917 -0.25611481 3.03549775
v -0.61491319 -0.25611481 3.09137735
v -0.41248832 -0.25611481 3.13315987
v -0.20696895 -0.25611481 3.15773590
v -0.00000000 -0.25611481 3.16255602
v 0.20619552 -0.25611481 3.14593577
v 0.40907722 -0.25611481 3.10725001
v 0.60608521 -0.25611481 3.04699609
v 0.79493119 -0.25611481 2.96672360
v 0.97384183 -0.25611481 2.86884551
v 1.14172212 -0.25611481 2.75636103
v 1.29821998 -0.25611481 2.63252970
v 1.44368800 -0.25611481 2.50054097
v 1.57905388 -0.25611481 2.36322113
v 1.70562332 -0.25611481 2.22281159
v 1.82484804 -0.25611481 2.08084039
v 1.93809462 -0.25611481 1.93809462
v 2.04644779 -0.25611481 1.79468655
v 2.15057442 -0.25611481 1.65019379
v 2.25066362 -0.25611481 1.50384535
v 2.34644552 -0.25611481 1.35472095
v 2.43727873 -0.25611481 1.20193286
v 2.52228612 -0.25611481 1.04476512
v 2.60051167 -0.25611481 0.88275476
v 2.67106933 -0.25611481 0.71571087
v 2.73325744 -0.25611481 0.54367871
v 2.78661947 -0.25611481 0.36686541
v 2.83094185 -0.25611481 0.18554973
v 2.87644928 0.25611481 0.00000000
v 2.90339006 0.25611481 -0.19029824
v 2.92108525 0.25611481 -0.38456817
v 2.92926837 0.25611481 -0.58266771
v 2.92736115 0.25611481 -0.78438406
v 2.91442269 0.25611481 -0.98931320
v 2.88916481 0.25611481 -1.19673125
v 2.85003676 0.25611481 -1.40548259
v 2.79537143 0.25611481 -1.61390845
v 2.72357469 0.25611481 -1.81983443
v 2.63333231 0.25611481 -2.02062695
v 2.52380556 0.25611481 -2.21331807
v 2.39478730 0.25611481 -2.39478730
v 2.24679602 0.25611481 -2.56197984
v 2.08109389 0.25611481 -2.71213436
v 1.89962582 0.25611481 -2.84299095
v 1.70488782 0.25611481 -2.95295233
v 1.49974279 0.25611481 -3.04117753
v 1.28720869 0.25611481 -3.10759668
v 1.07024733 0.25611481 -3.15284698
v 0.85158029 0.25611481 -3.17814093
v 0.63355329 0.25611481 -3.18508746
v 0.41806153 0.25611481 -3.17549260
v 0.20653849 0.25611481 -3.15116848
v 0.00000000 0.25611481 -3.11377674
v -0.20087274 0.25611481 -3.06472580
v -0.39563312 0.25611481 -3.00513191
v -0.58397542 0.25611481 -2.93584268
v -0.76566780 0.25611481 -2.85751113
v -0.94052583 0.25611481 -2.77069975
v -1.10843101 0.25611481 -2.67598918
v -1.26938859 0.25611481 -2.57406542
v -1.42360931 0.25611481 -2.46576365
v -1.57159286 0.25611481 -2.35205493
v -1.71418751 0.25611481 -2.23397265
v -1.85260182 0.25611481 -2.11248750
v -1.98835064 0.25611481 -1.98835064
v -2.12312720 0.25611481 -1.86193258
v -2.25860573 0.25611481 -1.73308913
v -2.39619181 0.25611481 -1.60108418
v -2.53674919 0.25611481 -1.46459283
v -2.68033949 0.25611481 -1.32179716
v -2.82601430 0.25611481 -1.17057345
v -2.97169622 0.25611481 -1.00875494
v -3.11417679 0.25611481 -0.83444116
v -3.24924593 0.25611481 -0.64631520
v -3.37195080 0.25611481 -0.44392574
v -3.47696490 0.25611481 -0.22789232
v -3.55903191 0.25611481 -0.00000000
v -3.61343729 0.25611481 0.23683719
v -3.63645408 0.25611481 0.47874826
v -3.62571022 0.25611481 0.72119860
v -3.58043214 0.25611481 0.95937390
v -3.50153327 0.25611481 1.18861038
v -3.39153443 0.25611481 1.40481956
v -3.25432328 0.25611481 1.60485464
v -3.09477996 0.25611481 1.78677204
v -2.91831245 0.25611481 1.94995404
v -2.73035610 0.25611481 2.09507592
v -2.53589599 0.25611481 2.22392110
v -2.33906709 0.25611481 2.33906709
v -2.14287639 0.25611481 2.44348222
v -1.94907540 0.25611481 2.54008451
v -1.75819105 0.25611481 2.63131885
v -1.56970344 0.25611481 2.71880611
v -1.38233987 0.25611481 2.80310796
v -1.19444104 0.25611481 2.88363576
v -1.00434766 0.25611481 2.95871281
v -0.81075504 0.25611481 3.02577899
v -0.61299004 0.25611481 3.08170902
v -0.41117717 0.25611481 3.12320069
v -0.20627721 0.25611481 3.14718207
v -0.00000000 0.25611481 3.15118517
v 0.20538959 0.25611481 3.13363962
v 0.40733967 0.25611481 3.09405200
v 0.60331163 0.25611481 3.03305238
v 0.79106852 0.25611481 2.95230792
v 0.96891132 0.25611481 2.85432070
v 1.13583203 0.25611481 2.74214109
v 1.29156642 0.25611481 2.61903761
v 1.43654425 0.25611481 2.48816763
v 1.57174996 0.25611481 2.35229005
v 1.69851902 0.25611481 2.21355308
v 1.81830326 0.25611481 2.07337749
v 1.93244116 0.25611481 1.93244116
v 2.04196605 0.25611481 1.79075617
v 2.14747761 0.25611481 1.64781753
v 2.24909078 0.25611481 1.50279441
v 2.34646317 0.25611481 1.35473114
v 2.43888976 0.25611481 1.20272733
v 2.52544336 0.25611481 1.04607289
v 2.60513334 0.25611481 0.88432361
v 2.67705322 0.25611481 0.71731425
v 2.74049144 0.25611481 0.54511764
v 2.79498682 0.25611481 0.36796700
v 2.84032072 0.25611481 0.18616446
v 2.88690846 0.76834442 0.00000000
v 2.91450315 0.76834442 -0.19102663
v 2.93266771 0.76834442 -0.38609303
v 2.94110055 0.76834442 -0.58502127
v 2.93918583 0.76834442 -0.78755247
v 2.92594893 0.76834442 -0.99322583
v 2.90007879 0.76834442 -1.20125197
v 2.86001918 0.76834442 -1.41040538
v 2.80411976 0.76834442 -1.61895930
v 2.73082770 0.76834442 -1.82468073
v 2.63889390 0.76834442 -2.02489451
v 2.52756455 0.76834442 -2.21661462
v 2.39673056 0.76834442 -2.39673056
v 2.24701294 0.76834442 -2.56222720
v 2.07977137 0.76834442 -2.71041082
v 1.89703420 0.76834442 -2.83911232
v 1.70135938 0.76834442 -2.94684089
v 1.49564521 0.76834442 -3.03286846
v 1.28291666 0.76834442 -3.09723479
v 1.06611530 0.76834442 -3.14067441
v 0.84791924 0.76834442 -3.16447768
v 0.63061335 0.76834442 -3.17030739
v 0.41602163 0.76834442 -3.15999803
v 0.20550277 0.76834442 -3.13536641
v 0.00000000 0.76834442 -3.09805915
v -0.19987189 0.76834442 -3.04945571
v -0.39372465 0.76834442 -2.99063566
v -0.58130305 0.76834442 -2.92240778
v -0.76241946 0.76834442 -2.84538815
v -0.93692974 0.76834442 -2.76010601
v -1.10475386 0.76834442 -2.66711175
v -1.26593459 0.76834442 -2.56706140
v -1.42071828 0.76834442 -2.46075625
v -1.56963513 0.76834442 -2.34912499
v -1.71355351 0.76834442 -2.23314641
v -1.85368499 0.76834442 -2.11372262
v -1.99152322 0.76834442 -1.99152322
v -2.12870971 0.76834442 -1.86682831
v -2.26683252 0.76834442 -1.73940177
v -2.40717609 0.76834442 -1.60842364
v -2.55045183 0.76834442 -1.47250405
v -2.69654628 0.76834442 -1.32978947
v -2.84432585 0.76834442 -1.17815834
v -2.99153369 0.76834442 -1.01548885
v -3.13480514 0.76834442 -0.83996851
v -3.26981418 0.76834442 -0.65040648
v -3.39154697 0.76834442 -0.44650563
v -3.49468093 0.76834442 -0.22905349
v -3.57403273 0.76834442 -0.00000000
v -3.62502705 0.76834442 0.23759683
v -3.64413257 0.76834442 0.47975915
v -3.62921329 0.76834442 0.72189541
v -3.57975162 0.76834442 0.95919155
v -3.49691393 0.76834442 1.18704233
v -3.38344819 0.76834442 1.40147013
v -3.24342342 0.76834442 1.59947942
v -3.08184034 0.76834442 1.77930135
v -2.90415832 0.76834442 1.94049655
v -2.71579422 0.76834442 2.08390220
v -2.52165137 0.76834442 2.21142890
v -2.32573284 0.76834442 2.32573284
v -2.13088151 0.76834442 2.42980467
v -1.93867275 0.76834442 2.52652751
v -1.74946559 0.76834442 2.61826028
v -1.56259796 0.76834442 2.70649905
v -1.37669373 0.76834442 2.79165873
v -1.19003599 0.76834442 2.87300103
v -1.00095409 0.76834442 2.94871567
v -0.80817269 0.76834442 3.01614152
v -0.61107802 0.76834442 3.07209668
v -0.40987012 0.76834442 3.11327268
v -0.20558632 0.76834442 3.13664111
v -0.00000000 0.76834442 3.13982046
v 0.20458460 0.76834442 3.12135787
v 0.40560726 0.76834442 3.08089301
v 0.60055382 0.76834442 3.01918793
v 0.78724137 0.76834442 2.93802477
v 0.96404686 0.76834442 2.83999046
v 1.13004969 0.76834442 2.72818130
v 1.28507251 0.76834442 2.60586926
v 1.42961990 0.76834442 2.47617431
v 1.56472970 0.76834442 2.34178349
v 1.69176316 0.76834442 2.20474867
v 1.81216811 0.76834442 2.06638169
v 1.92725106 0.76834442 1.92725106
v 2.03799075 0.76834442 1.78726992
v 2.14491744 0.76834442 1.64585304
v 2.24807073 0.76834442 1.50211284
v 2.34703557 0.76834442 1.35506162
v 2.44104397 0.76834442 1.20378967
v 2.52912004 0.76834442 1.04759582
v 2.61024009 0.76834442 0.88605712
v 2.68347883 0.76834442 0.71903599
v 2.74811619 0.76834442 0.54663430
v 2.80368742 0.76834442 0.36911245
v 2.84996947 0.76834442 0.18679687
v 2.89754572 1.28057404 0.00000000
v 2.92572000 1.28057404 -0.19176182
v 2.94427575 1.28057404 -0.38762126
v 2.95287731 1.28057404 -0.58736382
v 2.95087290 1.28057404 -0.79068401
v 2.93725639 1.28057404 -0.99706419
v 2.91069670 1.28057404 -1.20565005
v 2.86963537 1.28057404 -1.41514756
v 2.81244221 1.28057404 -1.62376427
v 2.73760889 1.28057404 -1.82921178
v 2.64395402 1.28057404 -2.02877728
v 2.53081045 1.28057404 -2.21946120
v 2.39816770 1.28057404 -2.39816770
v 2.24674857 1.28057404 -2.56192574
v 2.07800825 1.28057404 -2.70811307
v 1.89405539 1.28057404 -2.83465421
v 1.69750587 1.28057404 -2.94016641
v 1.49128888 1.28057404 -3.02403471
v 1.27843178 1.28057404 -3.08640735
v 1.06185155 1.28057404 -3.12811381
v 0.84417901 1.28057404 -3.15051896
v 0.62763525 1.28057404 -3.15533550
v 0.41397103 1.28057404 -3.14442217
v 0.20446915 1.28057404 -3.11959633
v 0.00000000 1.28057404 -3.08248581
v -0.19888756 1.28057404 -3.03443786
v -0.39186269 1.28057404 -2.97649266
v -0.57871923 1.28057404 -2.90941803
v -0.75931211 1.28057404 -2.83379139
v -0.93353561 1.28057404 -2.75010722
v -1.10134594 1.28057404 -2.65888431
v -1.26282083 1.28057404 -2.56074733
v -1.41823916 1.28057404 -2.45646228
v -1.56815792 1.28057404 -2.34691418
v -1.71346130 1.28057404 -2.23302624
v -1.85535906 1.28057404 -2.11563153
v -1.99531844 1.28057404 -1.99531844
v -2.13492412 1.28057404 -1.87227820
v -2.27567332 1.28057404 -1.74618555
v -2.41872571 1.28057404 -1.61614085
v -2.56463835 1.28057404 -1.48069464
v -2.71312270 1.28057404 -1.33796405
v -2.86286242 1.28057404 -1.18583644
v -3.01142617 1.28057404 -1.02224144
v -3.15530042 1.28057404 -0.84546020
v -3.29005264 1.28057404 -0.65443216
v -3.41061870 1.28057404 -0.44901647
v -3.51169124 1.28057404 -0.23016840
v -3.58817082 1.28057404 -0.00000000
v -3.63563077 1.28057404 0.23829183
v -3.65074258 1.28057404 0.48062938
v -3.63161056 1.28057404 0.72237225
v -3.57797394 1.28057404 0.95871523
v -3.49124941 1.28057404 1.18511948
v -3.37440635 1.28057404 1.39772487
v -3.23168677 1.28057404 1.59369155
v -3.06820186 1.28057404 1.77142717
v -2.88945160 1.28057404 1.93066983
v -2.70082383 1.28057404 2.07241502
v -2.50713090 1.28057404 2.19869479
v -2.31223682 1.28057404 2.31223682
v -2.11881574 1.28057404 2.41604631
v -1.92826512 1.28057404 2.51296403
v -1.74077685 1.28057404 2.60525667
v -1.55554975 1.28057404 2.69429120
v -1.37110887 1.28057404 2.78033374
v -1.18568502 1.28057404 2.86249685
v -0.99760159 1.28057404 2.93883951
v -0.80561720 1.28057404 3.00660431
v -0.60918079 1.28057404 3.06255867
v -0.40856960 1.28057404 3.10339426
v -0.20489753 1.28057404 3.12613217
v -0.00000000 1.28057404 3.12848227
v 0.20378199 1.28057404 3.10911233
v 0.40388304 1.28057404 3.06779628
v 0.59781664 1.28057404 3.00542719
v 0.78345645 1.28057404 2.92389927
v 0.95925697 1.28057404 2.82587991
v 1.12438521 1.28057404 2.71450603
v 1.27874949 1.28057404 2.59304746
v 1.42292680 1.28057404 2.46458152
v 1.55800491 1.28057404 2.33171912
v 1.68536681 1.28057404 2.19641279
v 1.80645221 1.28057404 2.05986396
v 1.92253186 1.28057404 1.92253186
v 2.03452683 1.28057404 1.78423215
v 2.14289588 1.28057404 1.64430184
v 2.24760222 1.28057404 1.50179979
v 2.34815814 1.28057404 1.35570973
v 2.44373355 1.28057404 1.20511602
v 2.53330523 1.28057404 1.04932939
v 2.61581814 1.28057404 0.88795061
v 2.69032981 1.28057404 0.72087170
v 2.75611311 1.28057404 0.54822498
v 2.81270077 1.28057404 0.37029908
v 2.85986612 1.28057404 0.18744553
v 2.90833798 1.79280366 0.00000000
v 2.93701706 1.79280366 -0.19250227
v 2.95588583 1.79280366 -0.38914975
v 2.96457570 1.79280366 -0.58969077
v 2.96240052 1.79280366 -0.79377283
v 2.94832502 1.79280366 -1.00082148
v 2.92100089 1.79280366 -1.20991819
v 2.87887067 1.79280366 -1.41970190
v 2.82032761 1.79280366 -1.62831690
v 2.74391094 1.79280366 -1.83342268
v 2.64850945 1.79280366 -2.03227278
v 2.53354415 1.79280366 -2.22185859
v 2.39910353 1.79280366 -2.39910353
v 2.24601124 1.79280366 -2.56108498
v 2.07581578 1.79280366 -2.70525579
v 1.89070283 1.79280366 -2.82963674
v 1.69334206 1.79280366 -2.93295448
v 1.48668903 1.79280366 -3.01470713
v 1.27376884 1.79280366 -3.07515000
v 1.05746959 1.79280366 -3.11520495
v 0.84037115 1.79280366 -3.13630784
v 0.62462804 1.79280366 -3.14021719
v 0.41191588 1.79280366 -3.12881173
v 0.20344070 1.79280366 -3.10390521
v 0.00000000 1.79280366 -3.06710293
v -0.19792269 1.79280366 -3.01971669
v -0.39005274 1.79280366 -2.96274472
v -0.57623159 1.79280366 -2.89691183
v -0.75635495 1.79280366 -2.82275510
v -0.93035346 1.79280366 -2.74073291
v -1.09821732 1.79280366 -2.65133115
v -1.26005653 1.79280366 -2.55514187
v -1.41617933 1.79280366 -2.45289456
v -1.56716584 1.79280366 -2.34542943
v -1.71391173 1.79280366 -2.23361326
v -1.85762017 1.79280366 -2.11820983
v -1.99972694 1.79280366 -1.99972694
v -2.14175494 1.79280366 -1.87826867
v -2.28510618 1.79280366 -1.75342364
v -2.43081226 1.79280366 -1.62421682
v -2.57927421 1.79280366 -1.48914466
v -2.73002888 1.79280366 -1.34630126
v -2.88157998 1.79280366 -1.19358951
v -3.03132702 1.79280366 -1.02899687
v -3.17561527 1.79280366 -0.85090355
v -3.30991521 1.79280366 -0.65838307
v -3.42912325 1.79280366 -0.45145264
v -3.52795847 1.79280366 -0.23123461
v -3.60141587 1.79280366 -0.00000000
v -3.64522657 1.79280366 0.23892077
v -3.65627157 1.79280366 0.48135728
v -3.63289914 1.79280366 0.72262857
v -3.57510558 1.79280366 0.95794665
v -3.48455481 1.79280366 1.18284697
v -3.36443133 1.79280366 1.39359309
v -3.21914146 1.79280366 1.58750489
v -3.05389655 1.79280366 1.76316800
v -2.87422632 1.79280366 1.92049663
v -2.68547919 1.79280366 2.06064066
v -2.49236749 1.79280366 2.18574763
v -2.29860935 1.79280366 2.29860935
v -2.10670599 1.79280366 2.40223778
v -1.91787549 1.79280366 2.49942400
v -1.73214382 1.79280366 2.59233643
v -1.54857400 1.79280366 2.68220885
v -1.36559708 1.79280366 2.76915694
v -1.18139711 1.79280366 2.85214492
v -0.99429688 1.79280366 2.92910416
v -0.80309354 1.79280366 2.99718589
v -0.60730192 1.79280366 3.05311295
v -0.40727800 1.79280366 3.09358352
v -0.20421207 1.79280366 3.11567414
v -0.00000000 1.79280366 3.11719068
v 0.20298316 1.79280366 3.09692455
v 0.40217005 1.79280366 3.05478479
v 0.59510488 1.79280366 2.99179424
v 0.77972038 1.79280366 2.90995609
v 0.95454999 1.79280366 2.81201360
v 1.11884839 1.79280366 2.70113895
v 1.27260823 1.79280366 2.58059421
v 1.41647630 1.79280366 2.45340892
v 1.55158676 1.79280366 2.32211368
v 1.67934029 1.79280366 2.18855888
v 1.80116434 1.79280366 2.05383430
v 1.91829016 1.79280366 1.91829016
v 2.03157824 1.79280366 1.78164630
v 2.14141383 1.79280366 1.64316462
v 2.24768292 1.79280366 1.50185371
v 2.34982528 1.79280366 1.35667226
v 2.44694970 1.79280366 1.20670205
v 2.53798712 1.79280366 1.05126869
v 2.62185290 1.79280366 0.88999913
v 2.69758914 1.79280366 0.72281683
v 2.76446307 1.79280366 0.54988589
v 2.82200605 1.79280366 0.37152415
v 2.86998852 1.79280366 0.18810899
v 2.91926223 2.30503327 0.00000000
v 2.94837105 2.30503327 -0.19324645
v 2.96747491 2.30503327 -0.39067548
v 2.97617339 2.30503327 -0.59199769
v 2.97374775 2.30503327 -0.79681331
v 2.95913581 2.30503327 -1.00449125
v 2.93097491 2.30503327 -1.21404956
v 2.88771172 2.30503327 -1.42406183
v 2.82776617 2.30503327 -1.63261156
v 2.74972800 2.30503327 -1.83730951
v 2.65255843 2.30503327 -2.03537967
v 2.53576798 2.30503327 -2.22380883
v 2.39954422 2.30503327 -2.39954422
v 2.24481052 2.30503327 -2.55971582
v 2.07320632 2.30503327 -2.70185508
v 1.88699088 2.30503327 -2.82408142
v 1.68888348 2.30503327 -2.92523199
v 1.48186143 2.30503327 -3.00491772
v 1.26894299 2.30503327 -3.06349937
v 1.05298315 2.30503327 -3.10198833
v 0.83650732 2.30503327 -3.12188783
v 0.62160076 2.30503327 -3.12499803
v 0.40986230 2.30503327 -3.11321328
v 0.20242047 2.30503327 -3.08833957
v 0.00000000 2.30503327 -3.05195594
v -0.19698010 2.30503327 -3.00533564
v -0.38830014 2.30503327 -2.94943240
v -0.57384747 2.30503327 -2.88492604
v -0.75355668 2.30503327 -2.81231183
v -0.92739267 2.30503327 -2.73201072
v -1.09537723 2.30503327 -2.64447456
v -1.25764988 2.30503327 -2.55026167
v -1.41454504 2.30503327 -2.45006388
v -1.56666217 2.30503327 -2.34467564
v -1.71490420 2.30503327 -2.23490666
v -1.86046292 2.30503327 -2.12145138
v -2.00473781 2.30503327 -2.00473781
v -2.14918519 2.30503327 -1.88478483
v -2.29510776 2.30503327 -1.76109812
v -2.44340609 2.30503327 -1.63263175
v -2.59432394 2.30503327 -1.49783362
v -2.74722436 2.30503327 -1.35478113
v -2.90043433 2.30503327 -1.20139924
v -3.05118990 2.30503327 -1.03573940
v -3.19570304 2.30503327 -0.85628605
v -3.32935701 2.30503327 -0.66225028
v -3.44701954 2.30503327 -0.45380873
v -3.54344723 2.30503327 -0.23224980
v -3.61373992 2.30503327 -0.00000000
v -3.65379516 2.30503327 0.23948239
v -3.66070967 2.30503327 0.48194157
v -3.63307879 2.30503327 0.72266430
v -3.57115561 2.30503327 0.95688826
v -3.47684757 2.30503327 1.18023072
v -3.35354763 2.30503327 1.38908491
v -3.20581738 2.30503327 1.58093418
v -3.03895785 2.30503327 1.75454313
v -2.85851758 2.30503327 1.91000038
v -2.66979525 2.30503327 2.04860595
v -2.47739446 2.30503327 2.17261663
v -2.28488092 2.30503327 2.28488092
v -2.09457909 2.30503327 2.38840970
v -1.90752667 2.30503327 2.48593715
v -1.72358523 2.30503327 2.57952759
v -1.54168563 2.30503327 2.67027785
v -1.36016994 2.30503327 2.75815179
v -1.17718104 2.30503327 2.84196644
v -0.99104654 2.30503327 2.91952897
v -0.80060657 2.30503327 2.98790439
v -0.60544491 2.30503327 3.04377712
v -0.40599764 2.30503327 3.08385827
v -0.20353117 2.30503327 3.10528560
v -0.00000000 2.30503327 3.10596556
v 0.20218951 2.30503327 3.08481584
v 0.40047126 2.30503327 3.04188120
v 0.59242325 2.30503327 2.97831278
v 0.77603965 2.30503327 2.89621939
v 0.94993406 2.30503327 2.79841551
v 1.11344874 2.30503327 2.68810305
v 1.26665918 2.30503327 2.56853073
v 1.41027923 2.30503327 2.44267528
v 1.54548580 2.30503327 2.31298295
v 1.67369317 2.30503327 2.18119940
v 1.79631239 2.30503327 2.04830172
v 1.91453163 2.30503327 1.91453163
v 2.02914790 2.30503327 1.77951495
v 2.14047118 2.30503327 1.64244131
v 2.24830950 2.30503327 1.50227238
v 2.35203042 2.30503327 1.35794540
v 2.45068267 2.30503327 1.20854295
v 2.54315303 2.30503327 1.05340848
v 2.62832908 2.30503327 0.89219750
v 2.70523921 2.30503327 0.72486666
v 2.77314655 2.30503327 0.55161315
v 2.83158216 2.30503327 0.37278486
v 2.88031438 2.30503327 0.18878578
v 2.93029565 2.81726289 0.00000000
v 2.95975903 2.81726289 -0.19399286
v 2.97902044 2.81726289 -0.39219548
v 2.98764881 2.81726289 -0.59428030
v 2.98489453 2.81726289 -0.79980008
v 2.96967081 2.81726289 -1.00806740
v 2.94060349 2.81726289 -1.21803785
v 2.89614647 2.81726289 -1.42822139
v 2.83474952 2.81726289 -1.63664340
v 2.75505566 2.81726289 -1.84086934
v 2.65610066 2.81726289 -2.03809772
v 2.53748565 2.81726289 -2.22531519
v 2.39949725 2.81726289 -2.39949725
v 2.24315720 2.81726289 -2.55783056
v 2.07019329 2.81726289 -2.69792842
v 1.88293481 2.81726289 -2.81801109
v 1.68414636 2.81726289 -2.91702707
v 1.47682239 2.81726289 -2.99469956
v 1.26396975 2.81726289 -3.05149290
v 1.04840620 2.81726289 -3.08850508
v 0.83259928 2.81726289 -3.10730281
v 0.61856249 2.81726289 -3.10972362
v 0.40781640 2.81726289 -3.09767311
v 0.20141148 2.81726289 -3.07294535
v 0.00000000 2.81726289 -3.03708944
v -0.19606259 2.81726289 -2.99133700
v -0.38661004 2.81726289 -2.93659483
v -0.57157388 2.81726289 -2.87349594
v -0.75092555 2.81726289 -2.80249232
v -0.92466198 2.81726289 -2.72396636
v -1.09283407 2.81726289 -2.63833483
v -1.25560806 2.81726289 -2.54612128
v -1.41334131 2.81726289 -2.44797896
v -1.56664887 2.81726289 -2.34465572
v -1.71643662 2.81726289 -2.23690376
v -1.86388043 2.81726289 -2.12534829
v -2.01033862 2.81726289 -2.01033862
v -2.15719643 2.81726289 -1.89181050
v -2.30565340 2.81726289 -1.76919008
v -2.45647650 2.81726289 -1.64136512
v -2.60975127 2.81726289 -1.50674060
v -2.76466822 2.81726289 -1.36338349
v -2.91938123 2.81726289 -1.20924730
v -3.07096885 2.81726289 -1.04245346
v -3.21551798 2.81726289 -0.86159545
v -3.34833446 2.81726289 -0.66602513
v -3.46426823 2.81726289 -0.45607957
v -3.55812430 2.81726289 -0.23321179
v -3.62511740 2.81726289 -0.00000000
v -3.66131982 2.81726289 0.23997558
v -3.66404967 2.81726289 0.48238129
v -3.63215192 2.81726289 0.72247994
v -3.56613559 2.81726289 0.95554315
v -3.46814745 2.81726289 1.17727742
v -3.34178178 2.81726289 1.38421134
v -3.19174611 2.81726289 1.57399499
v -3.02342050 2.81726289 1.74557264
v -2.84236140 2.81726289 1.89920517
v -2.65380761 2.81726289 2.03633820
v -2.46224546 2.81726289 2.15933132
v -2.27108211 2.81726289 2.27108211
v -2.08246182 2.81726289 2.37459261
v -1.89724127 2.81726289 2.47253296
v -1.71511956 2.81726289 2.56685782
v -1.53489929 2.81726289 2.65852355
v -1.35483875 2.81726289 2.74734121
v -1.17304539 2.81726289 2.83198208
v -0.98785697 2.81726289 2.91013280
v -0.79816102 2.81726289 2.97877748
v -0.60361318 2.81726289 3.03456840
v -0.40473084 2.81726289 3.07423597
v -0.20285603 2.81726289 3.09498488
v -0.00000000 2.81726289 3.09482647
v 0.20140242 2.81726289 3.07280718
v 0.39878961 2.81726289 3.02910782
v 0.58977638 2.81726289 2.96500608
v 0.77242058 2.81726289 2.88271286
v 0.94541710 2.81726289 2.78510898
v 1.10819548 2.81726289 2.67542055
v 1.26091240 2.81726289 2.55687740
v 1.40434589 2.81726289 2.43239844
v 1.53971193 2.81726289 2.30434175
v 1.66843424 2.81726289 2.17434584
v 1.79190344 2.81726289 2.04327427
v 1.91126100 2.81726289 1.91126100
v 2.02723778 2.81726289 1.77783982
v 2.14006682 2.81726289 1.64213103
v 2.24947763 2.81726289 1.50305290
v 2.35476600 2.81726289 1.35952479
v 2.45492187 2.81726289 1.21063349
v 2.54878953 2.81726289 1.05574319
v 2.63523070 2.81726289 0.89454028
v 2.71326189 2.81726289 0.72701633
v 2.78214361 2.81726289 0.55340277
v 2.84140778 2.81726289 0.37407843
v 2.89082142 2.81726289 0.18947445
v 2.94141560 3.32949250 0.00000000
v 2.97115848 3.32949250 -0.19474002
v 2.99050051 3.32949250 -0.39370686
v 2.99898117 3.32949250 -0.59653444
v 2.99582175 3.32949250 -0.80272802
v 2.97991321 3.32949250 -1.01154423
v 2.94987263 3.32949250 -1.22187725
v 2.90416428 3.32949250 -1.43217533
v 2.84127074 3.32949250 -1.64040842
v 2.75989098 3.32949250 -1.84410020
v 2.65913729 3.32949250 -2.04042781
v 2.53870232 3.32949250 -2.22638218
v 2.39897144 3.32949250 -2.39897144
v 2.24106322 3.32949250 -2.55544284
v 2.06679112 3.32949250 -2.69349463
v 1.87855073 3.32949250 -2.81144985
v 1.67914761 3.32949250 -2.90836897
v 1.47158871 3.32949250 -2.98408670
v 1.25886496 3.32949250 -3.03916886
v 1.04375288 3.32949250 -3.07479682
v 0.82865883 3.32949250 -3.09259687
v 0.61552229 3.32949250 -3.09443952
v 0.40578422 3.32949250 -3.08223718
v 0.20041669 3.32949250 -3.05776786
v 0.00000000 3.32949250 -3.02254708
v -0.19517282 3.32949250 -2.97776184
v -0.38498741 3.32949250 -2.92426973
v -0.56941751 3.32949250 -2.86265514
v -0.74846931 3.32949250 -2.79332551
v -0.92216945 3.32949250 -2.71662361
v -1.09059540 3.32949250 -2.63293020
v -1.25393726 3.32949250 -2.54273322
v -1.41257201 3.32949250 -2.44664650
v -1.56712656 3.32949250 -2.34537064
v -1.71850556 3.32949250 -2.23960004
v -1.86786433 3.32949250 -2.12989107
v -2.01651548 3.32949250 -2.01651548
v -2.16576885 3.32949250 -1.89932830
v -2.31671725 3.32949250 -1.77767967
v -2.46999176 3.32949250 -1.65039573
v -2.62551923 3.32949250 -1.51584424
v -2.78231923 3.32949250 -1.37208800
v -2.93837652 3.32949250 -1.21711541
v -3.09061848 3.32949250 -1.04912361
v -3.23501532 3.32949250 -0.86681974
v -3.36680546 3.32949250 -0.66969924
v -3.48083184 3.32949250 -0.45826021
v -3.57195863 3.32949250 -0.23411854
v -3.63552521 3.32949250 -0.00000000
v -3.66778645 3.32949250 0.24039942
v -3.66628706 3.32949250 0.48267585
v -3.63012359 3.32949250 0.72207648
v -3.56005959 3.32949250 0.95391509
v -3.45847645 3.32949250 1.17399456
v -3.32916226 3.32949250 1.37898416
v -3.17696083 3.32949250 1.56670370
v -3.00732050 3.32949250 1.73627730
v -2.82579472 3.32949250 1.88813567
v -2.63755241 3.32949250 2.02386515
v -2.44695441 3.32949250 2.14592142
v -2.25724353 3.32949250 2.25724353
v -2.07038081 3.32949250 2.36081685
v -1.88704166 3.32949250 2.45924057
v -1.70676498 3.32949250 2.55435430
v -1.52822930 3.32949250 2.64697079
v -1.34961454 3.32949250 2.73674756
v -1.16899847 3.32949250 2.82221195
v -0.98473439 3.32949250 2.90093397
v -0.79576150 3.32949250 2.96982234
v -0.60181008 3.32949250 3.02550356
v -0.40347985 3.32949250 3.06473371
v -0.20218782 3.32949250 3.08478997
v -0.00000000 3.32949250 3.08379269
v 0.20062325 3.32949250 3.06091925
v 0.39712799 3.32949250 3.01648660
v 0.58716882 3.32949250 2.95189697
v 0.76886939 3.32949250 2.86945962
v 0.94100682 3.32949250 2.77211671
v 1.10309751 3.32949250 2.66311296
v 1.25537751 3.32949250 2.54565376
v 1.39868608 3.32949250 2.42259535
v 1.53427442 3.32949250 2.29620395
v 1.66357157 3.32949250 2.16800869
v 1.78794369 3.32949250 2.03875904
v 1.90848210 3.32949250 1.90848210
v 2.02584889 3.32949250 1.77662179
v 2.14019866 3.32949250 1.64223219
v 2.25118203 3.32949250 1.50419174
v 2.35802359 3.32949250 1.36140556
v 2.45965585 3.32949250 1.21296803
v 2.55488245 3.32949250 1.05826696
v 2.64254120 3.32949250 0.89702186
v 2.72163858 3.32949250 0.72926086
v 2.79143402 3.32949250 0.55525075
v 2.85146147 3.32949250 0.37540202
v 2.90148739 3.32949250 0.19017353
v 2.95259977 3.84172212 0.00000000
v 2.98254737 3.84172212 -0.19548648
v 3.00189386 3.84172212 -0.39520682
v 3.01015053 3.84172212 -0.59875617
v 3.00651133 3.84172212 -0.80559228
v 2.98984733 3.84172212 -1.01491641
v 2.95876963 3.84172212 -1.22556251
v 2.91175584 3.84172212 -1.43591908
v 2.84732432 3.84172212 -1.64390346
v 2.76423250 3.84172212 -1.84700111
v 2.66167092 3.84172212 -2.04237193
v 2.53942448 3.84172212 -2.22701550
v 2.39797685 3.84172212 -2.39797685
v 2.23854169 3.84172212 -2.55256758
v 2.06301523 3.84172212 -2.68857379
v 1.87385554 3.84172212 -2.80442299
v 1.67390473 3.84172212 -2.89928803
v 1.46617760 3.84172212 -2.97311407
v 1.25364474 3.84172212 -3.02656613
v 1.03903745 3.84172212 -3.06090562
v 0.82469785 3.84172212 -3.07781427
v 0.61248920 3.84172212 -3.07919112
v 0.40377176 3.84172212 -3.06695097
v 0.19943903 3.84172212 -3.04285162
v 0.00000000 3.84172212 -3.00837145
v -0.19431342 3.84172212 -2.96464996
v -0.38343701 3.84172212 -2.91249325
v -0.56738470 3.84172212 -2.85243553
v -0.74619521 3.84172212 -2.78483844
v -0.91992248 3.84172212 -2.71000424
v -1.08866793 3.84172212 -2.62827689
v -1.25264262 3.84172212 -2.54010795
v -1.41223985 3.84172212 -2.44607118
v -1.56809462 3.84172212 -2.34681944
v -1.72110617 3.84172212 -2.24298923
v -1.87240489 3.84172212 -2.13506858
v -2.02325317 3.84172212 -2.02325317
v -2.17488136 3.84172212 -1.90731976
v -2.32827232 3.84172212 -1.78654619
v -2.48391930 3.84172212 -1.65970182
v -2.64159030 3.84172212 -1.52512287
v -2.80013597 3.84172212 -1.38087425
v -2.95737627 3.84172212 -1.22498536
v -3.11009404 3.84172212 -1.05573467
v -3.25415141 3.84172212 -0.87194724
v -3.38472944 3.84172212 -0.67326455
v -3.49667481 3.84172212 -0.46034597
v -3.58492143 3.84172212 -0.23496816
v -3.64494275 3.84172212 -0.00000000
v -3.67318362 3.84172212 0.24075317
v -3.66741999 3.84172212 0.48282500
v -3.62700145 3.84172212 0.72145544
v -3.55294410 3.84172212 0.95200850
v -3.44785877 3.84172212 1.17039034
v -3.31571941 3.84172212 1.37341595
v -3.16149626 3.84172212 1.55907742
v -2.99069500 3.84172212 1.72667857
v -2.80885526 3.84172212 1.87681708
v -2.62106626 3.84172212 2.01121488
v -2.43155542 3.84172212 2.13241687
v -2.24339576 3.84172212 2.24339576
v -2.05836250 3.84172212 2.34711259
v -1.87694993 3.84172212 2.44608877
v -1.69853934 3.84172212 2.54204376
v -1.52168968 3.84172212 2.63564384
v -1.34450805 3.84172212 2.72639262
v -1.16504837 3.84172212 2.81267557
v -0.98168483 3.84172212 2.89195024
v -0.79341248 3.84172212 2.96105569
v -0.60003885 3.84172212 3.01659899
v -0.40224686 3.84172212 3.05536822
v -0.20152770 3.84172212 3.07471853
v -0.00000000 3.84172212 3.07288316
v 0.19985332 3.84172212 3.04917239
v 0.39548925 3.84172212 3.00403909
v 0.58460500 3.84172212 2.93900783
v 0.76539211 3.84172212 2.85648224
v 0.93671070 3.84172212 2.75946074
v 1.09816342 3.84172212 2.65120102
v 1.25006374 3.84172212 2.53487850
v 1.39330903 3.84172212 2.41328203
v 1.52918189 3.84172212 2.28858243
v 1.65911248 3.84172212 2.16219748
v 1.78443853 3.84172212 2.03476217
v 1.90619783 3.84172212 1.90619783
v 2.02498128 3.84172212 1.77586092
v 2.14086368 3.84172212 1.64274248
v 2.25341649 3.84172212 1.50568476
v 2.36179389 3.84172212 1.36358234
v 2.46487240 3.84172212 1.21554055
v 2.56141696 3.84172212 1.06097364
v 2.65024348 3.84172212 0.89963643
v 2.73035030 3.84172212 0.73159516
v 2.80099734 3.84172212 0.55715301
v 2.86172170 3.84172212 0.37675281
v 2.91229015 3.84172212 0.19088158
v 2.96382622 4.35395173 0.00000000
v 2.99390423 4.35395173 -0.19623085
v 3.01317997 4.35395173 -0.39669267
v 3.02113785 4.35395173 -0.60094168
v 3.01694627 4.35395173 -0.80838832
v 2.99945872 4.35395173 -1.01817904
v 2.96728310 4.35395173 -1.22908890
v 2.91891329 4.35395173 -1.43944874
v 2.85290624 4.35395173 -1.64712619
v 2.76808021 4.35395173 -1.84957207
v 2.66370556 4.35395173 -2.04393317
v 2.53966001 4.35395173 -2.22722205
v 2.39652480 4.35395173 -2.39652480
v 2.23560680 4.35395173 -2.54922099
v 2.05888195 4.35395173 -2.68318720
v 1.86886689 4.35395173 -2.79695695
v 1.66843580 4.35395173 -2.88981557
v 1.46060671 4.35395173 -2.96181742
v 1.24832544 4.35395173 -3.01372421
v 1.03427430 4.35395173 -3.04687383
v 0.82072818 4.35395173 -3.06299928
v 0.60947218 4.35395173 -3.06402356
v 0.40178491 4.35395173 -3.05185940
v 0.19848136 4.35395173 -3.02824032
v 0.00000000 4.35395173 -2.99460404
v -0.19348691 4.35395173 -2.95203976
v -0.38196339 4.35395173 -2.90129999
v -0.56548145 4.35395173 -2.84286722
v -0.74410998 4.35395173 -2.77705627
v -0.91792778 4.35395173 -2.70412805
v -1.08705754 4.35395173 -2.62438907
v -1.25172830 4.35395173 -2.53825391
v -1.41234639 4.35395173 -2.44625570
v -1.56955114 4.35395173 -2.34899929
v -1.72423232 4.35395173 -2.24706330
v -1.87749101 4.35395173 -2.14086818
v -2.03053513 4.35395173 -2.03053513
v -2.18451169 4.35395173 -1.91576534
v -2.34029063 4.35395173 -1.79576816
v -2.49822577 4.35395173 -1.66926109
v -2.65792650 4.35395173 -1.53455458
v -2.81807692 4.35395173 -1.38972175
v -2.97633688 4.35395173 -1.23283910
v -3.12935158 4.35395173 -1.06227172
v -3.27288384 4.35395173 -0.87696658
v -3.40206749 4.35395173 -0.67671330
v -3.51176363 4.35395173 -0.46233245
v -3.59698626 4.35395173 -0.23575894
v -3.65335197 4.35395173 -0.00000000
v -3.67750254 4.35395173 0.24103625
v -3.66744930 4.35395173 0.48282886
v -3.62279575 4.35395173 0.72061888
v -3.54480803 4.35395173 0.94982845
v -3.43632074 4.35395173 1.16647371
v -3.30148540 4.35395173 1.36752003
v -3.14538853 4.35395173 1.55113397
v -2.97358223 4.35395173 1.71679850
v -2.79158147 4.35395173 1.86527511
v -2.60438616 4.35395173 1.99841579
v -2.41608271 4.35395173 2.11884767
v -2.22956931 4.35395173 2.22956931
v -2.04643310 4.35395173 2.33350972
v -1.86698784 4.35395173 2.43310592
v -1.69046014 4.35395173 2.52995239
v -1.51529409 4.35395173 2.62456635
v -1.33952970 4.35395173 2.71629752
v -1.16120292 4.35395173 2.80339183
v -0.97871413 4.35395173 2.88319884
v -0.79111830 4.35395173 2.95249370
v -0.59830266 4.35395173 3.00787060
v -0.40103403 4.35395173 3.04615586
v -0.20087681 4.35395173 3.06478787
v -0.00000000 4.35395173 3.06211649
v 0.19909394 4.35395173 3.03758657
v 0.39387616 4.35395173 2.99178645
v 0.58208930 4.35395173 2.92636053
v 0.76199464 4.35395173 2.84380272
v 0.93253599 4.35395173 2.74716244
v 1.09340147 4.35395173 2.63970467
v 1.24497987 4.35395173 2.52456944
v 1.38822346 4.35395173 2.40447356
v 1.52444230 4.35395173 2.28148913
v 1.65506353 4.35395173 2.15692079
v 1.78139252 4.35395173 2.03128886
v 1.90441025 4.35395173 1.90441025
v 2.02463412 4.35395173 1.77555647
v 2.14205794 4.35395173 1.64365887
v 2.25617394 4.35395173 1.50752723
v 2.36606677 4.35395173 1.36604929
v 2.47055859 4.35395173 1.21834467
v 2.56837760 4.35395173 1.06385683
v 2.65831995 4.35395173 0.90237803
v 2.73937774 4.35395173 0.73401405
v 2.81081294 4.35395173 0.55910546
v 2.87216700 4.35395173 0.37812796
v 2.92320777 4.35395173 0.19159716
v 2.97507343 4.86618135 0.00000000
v 3.00520819 4.86618135 -0.19697175
v 3.02433913 4.86618135 -0.39816180
v 3.03192504 4.86618135 -0.60308739
v 3.02711065 4.86618135 -0.81111185
v 3.00873417 4.86618135 -1.02132763
v 2.97540300 4.86618135 -1.23245228
v 2.92563016 4.86618135 -1.44276113
v 2.85801392 4.86618135 -1.65007510
v 2.77143555 4.86618135 -1.85181403
v 2.66524666 4.86618135 -2.04511569
v 2.53941809 4.86618135 -2.22700990
v 2.39462783 4.86618135 -2.39462783
v 2.23227382 4.86618135 -2.54542044
v 2.05440853 4.86618135 -2.67735732
v 1.86360315 4.86618135 -2.78907922
v 1.66275943 4.86618135 -2.87998381
v 1.45489401 4.86618135 -2.95023320
v 1.24292361 4.86618135 -3.00068305
v 1.02947788 4.86618135 -3.03274404
v 0.81676168 4.86618135 -3.04819608
v 0.60648015 4.86618135 -3.04898159
v 0.39982952 4.86618135 -3.03700673
v 0.19754647 4.86618135 -3.01397669
v 0.00000000 4.86618135 -2.98128512
v -0.19269570 4.86618135 -2.93996818
v -0.38057088 4.86618135 -2.89072286
v -0.56371338 4.86618135 -2.83397853
v -0.74221985 4.86618135 -2.77000220
v -0.91619140 4.86618135 -2.69901282
v -1.08576926 4.86618135 -2.62127886
v -1.25119747 4.86618135 -2.53717749
v -1.41289206 4.86618135 -2.44720083
v -1.57149302 4.86618135 -2.35190551
v -1.72787657 4.86618135 -2.25181258
v -1.88311031 4.86618135 -2.14727577
v -2.03834359 4.86618135 -2.03834359
v -2.19463647 4.86618135 -1.92464453
v -2.35274328 4.86618135 -1.80532341
v -2.51287718 4.86618135 -1.67905085
v -2.67448954 4.86618135 -1.54411726
v -2.83610066 4.86618135 -1.39861007
v -2.99521526 4.86618135 -1.24065878
v -3.14834806 4.86618135 -1.06872016
v -3.29117153 4.86618135 -0.88186675
v -3.41878244 4.86618135 -0.68003811
v -3.52606688 4.86618135 -0.46421551
v -3.60812904 4.86618135 -0.23648927
v -3.66073738 4.86618135 -0.00000000
v -3.68073709 4.86618135 0.24124825
v -3.66637848 4.86618135 0.48268788
v -3.61751927 4.86618135 0.71956932
v -3.53567261 4.86618135 0.94738062
v -3.42389073 4.86618135 1.16225429
v -3.28649409 4.86618135 1.36131042
v -3.12867516 4.86618135 1.54289184
v -2.95602139 4.86618135 1.70665974
v -2.77401242 4.86618135 1.85353584
v -2.58754945 4.86618135 1.98549653
v -2.40057058 4.86618135 2.10524390
v -2.21579451 4.86618135 2.21579451
v -2.03461853 4.86618135 2.32003778
v -1.85717678 4.86618135 2.42031990
v -1.68254449 4.86618135 2.51810578
v -1.50905583 4.86618135 2.61376138
v -1.33468959 4.86618135 2.70648275
v -1.15746969 4.86618135 2.79437902
v -0.97582793 4.86618135 2.87469637
v -0.78888317 4.86618135 2.94415207
v -0.59660460 4.86618135 2.99933387
v -0.39984346 4.86618135 3.03711258
v -0.20023626 4.86618135 3.05501496
v -0.00000000 4.86618135 3.05151094
v 0.19834641 4.86618135 3.02618139
v 0.39229145 4.86618135 2.97974939
v 0.57962596 4.86618135 2.91397646
v 0.75868272 4.86618135 2.83144245
v 0.92848970 4.86618135 2.73524246
v 1.08881961 4.86618135 2.62864307
v 1.24013427 4.86618135 2.51474353
v 1.38343754 4.86618135 2.39618411
v 1.52006299 4.86618135 2.27493502
v 1.65143057 4.86618135 2.15218622
v 1.77880941 4.86618135 2.02834339
v 1.90312054 4.86618135 1.90312054
v 2.02480569 4.86618135 1.77570694
v 2.14377664 4.86618135 1.64497767
v 2.25944649 4.86618135 1.50971388
v 2.37083137 4.86618135 1.36880013
v 2.47670082 4.86618135 1.22137368
v 2.57574839 4.86618135 1.06690992
v 2.66675262 4.86618135 0.90524053
v 2.74870134 4.86618135 0.73651230
v 2.82086012 4.86618135 0.56110396
v 2.88277593 4.86618135 0.37952465
v 2.93421854 4.86618135 0.19231884
v 2.98632040 5.37841097 0.00000000
v 3.01643905 5.37841097 -0.19770786
v 3.03535243 5.37841097 -0.39961173
v 3.04249504 5.37841097 -0.60518989
v 3.03698970 5.37841097 -0.81375894
v 3.01766172 5.37841097 -1.02435812
v 2.98312065 5.37841097 -1.23564903
v 2.93190143 5.37841097 -1.44585378
v 2.86264622 5.37841097 -1.65274956
v 2.77430140 5.37841097 -1.85372893
v 2.66630103 5.37841097 -2.04592474
v 2.53870923 5.37841097 -2.22638824
v 2.39229962 5.37841097 -2.39229962
v 2.22855899 5.37841097 -2.54118450
v 2.04961303 5.37841097 -2.67110770
v 1.85808335 5.37841097 -2.78081825
v 1.65689470 5.37841097 -2.86982580
v 1.44905778 5.37841097 -2.93839849
v 1.23745597 5.37841097 -2.98748299
v 1.02466269 5.37841097 -3.01855894
v 0.81281013 5.37841097 -3.03344870
v 0.60352190 5.37841097 -3.03410950
v 0.39791131 5.37841097 -3.02243646
v 0.19663710 5.37841097 -3.00010243
v 0.00000000 5.37841097 -2.96845365
v -0.19194211 5.37841097 -2.92847070
v -0.37926361 5.37841097 -2.88079311
v -0.56208575 5.37841097 -2.82579590
v -0.74053051 5.37841097 -2.76369749
v -0.91471867 5.37841097 -2.69467430
v -1.08480725 5.37841097 -2.61895638
v -1.25105230 5.37841097 -2.53688311
v -1.41387620 5.37841097 -2.44890541
v -1.57391595 5.37841097 -2.35553168
v -1.73203026 5.37841097 -2.25722579
v -1.88924922 5.37841097 -2.15427585
v -2.04665965 5.37841097 -2.04665965
v -2.20523130 5.37841097 -1.93393594
v -2.36560055 5.37841097 -1.81518915
v -2.52783899 5.37841097 -1.68904801
v -2.69124092 5.37841097 -1.55378867
v -2.85416591 5.37841097 -1.40751886
v -3.01396888 5.37841097 -1.24842679
v -3.16704145 5.37841097 -1.07506571
v -3.30897487 5.37841097 -0.88663714
v -3.43483896 5.37841097 -0.68323195
v -3.53955532 5.37841097 -0.46599130
v -3.61832814 5.37841097 -0.23715776
v -3.66708611 5.37841097 -0.00000000
v -3.68288383 5.37841097 0.24138896
v -3.66421366 5.37841097 0.48240288
v -3.61118730 5.37841097 0.71830981
v -3.52556135 5.37841097 0.94467132
v -3.41059910 5.37841097 1.15774239
v -3.27078099 5.37841097 1.35480185
v -3.11139490 5.37841097 1.53437017
v -2.93805258 5.37841097 1.69628545
v -2.75618772 5.37841097 1.84162576
v -2.57059369 5.37841097 1.97248591
v -2.38505330 5.37841097 2.09163561
v -2.20210152 5.37841097 2.20210152
v -2.02294439 5.37841097 2.30672598
v -1.84753777 5.37841097 2.40775810
v -1.67480909 5.37841097 2.50652894
v -1.50298782 5.37841097 2.60325126
v -1.32999749 5.37841097 2.69696811
v -1.15385598 5.37841097 2.78565475
v -0.97303167 5.37841097 2.86645886
v -0.78671113 5.37841097 2.93604592
v -0.59494765 5.37841097 2.99100381
v -0.39867719 5.37841097 3.02825391
v -0.19960713 5.37841097 3.04541636
v -0.00000000 5.37841097 3.04108440
v 0.19761197 5.37841097 3.01497606
v 0.39073779 5.37841097 2.96794819
v 0.57721912 5.37841097 2.90187646
v 0.75546190 5.37841097 2.81942220
v 0.92457861 5.37841097 2.72372075
v 1.08442543 5.37841097 2.61803457
v 1.23553485 5.37841097 2.50541682
v 1.37895891 5.37841097 2.38842689
v 1.51605064 5.37841097 2.26893013
v 1.64821869 5.37841097 2.14800042
v 1.77669216 5.37841097 2.02592912
v 1.90232905 5.37841097 1.90232905
v 2.02549341 5.37841097 1.77631005
v 2.14601414 5.37841097 1.64669457
v 2.26322543 5.37841097 1.51223888
v 2.37607609 5.37841097 1.37182817
v 2.48328486 5.37841097 1.22462057
v 2.58351285 5.37841097 1.07012606
v 2.67552317 5.37841097 0.90821773
v 2.75830132 5.37841097 0.73908461
v 2.83111813 5.37841097 0.56314441
v 2.89352723 5.37841097 0.38094009
v 2.94530111 5.37841097 0.19304523
v 2.99754668 5.89064058 0.00000000
v 3.02757737 5.89064058 -0.19843790
v 3.04620189 5.89064058 -0.40104009
v 3.05283179 5.89064058 -0.60724600
v 3.04656986 5.89064058 -0.81632593
v 3.02623072 5.89064058 -1.02726691
v 2.99042874 5.89064058 -1.23867614
v 2.93772349 5.89064058 -1.44872490
v 2.86680347 5.89064058 -1.65514975
v 2.77668208 5.89064058 -1.85531965
v 2.66687686 5.89064058 -2.04636659
v 2.53754516 5.89064058 -2.22536738
v 2.38955501 5.89064058 -2.38955501
v 2.22447958 5.89064058 -2.53653282
v 2.04451433 5.89064058 -2.66446294
v 1.85232711 5.89064058 -2.77220343
v 1.65086113 5.89064058 -2.85937535
v 1.44311656 5.89064058 -2.92635090
v 1.23193934 5.89064058 -2.97416467
v 1.01984322 5.89064058 -3.00436123
v 0.80888527 5.89064058 -3.01880091
v 0.60060615 5.89064058 -3.01945104
v 0.39603589 5.89064058 -3.00819125
v 0.19575592 5.89064058 -2.98665813
v 0.00000000 5.89064058 -2.95614728
v -0.19122837 5.89064058 -2.91758118
v -0.37804544 5.89064058 -2.87154021
v -0.56060346 5.89064058 -2.81834391
v -0.73904713 5.89064058 -2.75816143
v -0.91351426 5.89064058 -2.69112623
v -1.08417488 5.89064058 -2.61742969
v -1.25129399 5.89064058 -2.53737321
v -1.41529706 5.89064058 -2.45136641
v -1.57681446 5.89064058 -2.35986961
v -1.73668357 5.89064058 -2.26329009
v -1.89589297 5.89064058 -2.16185160
v -2.05546329 5.89064058 -2.05546329
v -2.21627087 5.89064058 -1.94361739
v -2.37883204 5.89064058 -1.82534202
v -2.54307625 5.89064058 -1.69922923
v -2.70814205 5.89064058 -1.56354654
v -2.87223170 5.89064058 -1.41642792
v -3.03255593 5.89064058 -1.25612580
v -3.18539089 5.89064058 -1.08129450
v -3.32625576 5.89064058 -0.89126754
v -3.45020364 5.89064058 -0.68628817
v -3.55220191 5.89064058 -0.46765625
v -3.62756439 5.89064058 -0.23776313
v -3.67238789 5.89064058 -0.00000000
v -3.68394198 5.89064058 0.24145831
v -3.66096356 5.89064058 0.48197500
v -3.60381755 5.89064058 0.71684388
v -3.51449995 5.89064058 0.94170742
v -3.39647812 5.89064058 1.15294896
v -3.25438316 5.89064058 1.34800964
v -3.09358771 5.89064058 1.52558863
v -2.91971670 5.89064058 1.68569922
v -2.73814746 5.89064058 1.82957164
v -2.55355659 5.89064058 1.95941289
v -2.36956506 5.89064058 2.07805279
v -2.18852022 5.89064058 2.18852022
v -2.01143590 5.89064058 2.29360306
v -1.83809138 5.89064058 2.39544733
v -1.66727021 5.89064058 2.49524620
v -1.49710255 5.89064058 2.59305768
v -1.32546282 5.89064058 2.68777271
v -1.15036881 5.89064058 2.77723597
v -0.97033058 5.89064058 2.85850172
v -0.78460611 5.89064058 2.92818987
v -0.59333470 5.89064058 2.98289495
v -0.39753722 5.89064058 3.01959499
v -0.19899050 5.89064058 3.03600828
v -0.00000000 5.89064058 3.03085438
v 0.19689187 5.89064058 3.00398939
v 0.38921779 5.89064058 2.95640266
v 0.57487283 5.89064058 2.89008086
v 0.75233760 5.89064058 2.80776213
v 0.92080924 5.89064058 2.71261654
v 1.08022619 5.89064058 2.60789673
v 1.23118910 5.89064058 2.49660451
v 1.37479466 5.89064058 2.38121420
v 1.51241133 5.89064058 2.26348351
v 1.64543231 5.89064058 2.14436913
v 1.77504293 5.89064058 2.02404854
v 1.90203530 5.89064058 1.90203530
v 2.02669388 5.89064058 1.77736283
v 2.14876399 5.89064058 1.64880460
v 2.26750132 5.89064058 1.51509594
v 2.38178868 5.89064058 1.37512634
v 2.49029596 5.89064058 1.22807806
v 2.59165408 5.89064058 1.07349827
v 2.68461296 5.89064058 0.91130330
v 2.76815781 5.89064058 0.74172565
v 2.84156628 5.89064058 0.56522268
v 2.90439982 5.89064058 0.38237149
v 2.95643449 5.89064058 0.19377495
v 3.00873244 6.40287020 0.00000000
v 3.03860447 6.40287020 -0.19916066
v 3.05687047 6.40287020 -0.40244463
v 3.06292037 6.40287020 -0.60925274
v 3.05583874 6.40287020 -0.81880952
v 3.03443184 6.40287020 -1.03005081
v 2.99732139 6.40287020 -1.24153117
v 2.94309419 6.40287020 -1.45137344
v 2.87048744 6.40287020 -1.65727670
v 2.77858330 6.40287020 -1.85659001
v 2.66698368 6.40287020 -2.04644855
v 2.53593887 6.40287020 -2.22395870
v 2.38640990 6.40287020 -2.38640990
v 2.22005374 6.40287020 -2.53148612
v 2.03913203 6.40287020 -2.65744860
v 1.84635463 6.40287020 -2.76326499
v 1.64467861 6.40287020 -2.84866691
v 1.43708913 6.40287020 -2.91412848
v 1.22639063 6.40287020 -2.96076890
v 1.01503394 6.40287020 -2.99019355
v 0.80499871 6.40287020 -3.00429610
v 0.59774147 6.40287020 -3.00504928
v 0.39420876 6.40287020 -2.99431284
v 0.19490549 6.40287020 -2.97368321
v 0.00000000 6.40287020 -2.94440220
v -0.19055660 6.40287020 -2.90733188
v -0.37692003 6.40287020 -2.86299187
v -0.55927101 6.40287020 -2.81164522
v -0.73777434 6.40287020 -2.75341131
v -0.91258216 6.40287020 -2.68838034
v -1.08387465 6.40287020 -2.61670489
v -1.25192281 6.40287020 -2.53864832
v -1.41715185 6.40287020 -2.45457900
v -1.58018199 6.40287020 -2.36490948
v -1.74182551 6.40287020 -2.26999120
v -1.90302572 6.40287020 -2.16998494
v -2.06473354 6.40287020 -2.06473354
v -2.22772902 6.40287020 -1.95366592
v -2.39240672 6.40287020 -1.83575825
v -2.55855370 6.40287020 -1.70957093
v -2.72515438 6.40287020 -1.57336861
v -2.89025748 6.40287020 -1.42531726
v -3.05093543 6.40287020 -1.26373883
v -3.20335671 6.40287020 -1.08739308
v -3.34297775 6.40287020 -0.89574819
v -3.46484506 6.40287020 -0.68920053
v -3.56398195 6.40287020 -0.46920712
v -3.63582113 6.40287020 -0.23830431
v -3.67663510 6.40287020 -0.00000000
v -3.68391340 6.40287020 0.24145644
v -3.65663948 6.40287020 0.48140572
v -3.59543016 6.40287020 0.71517553
v -3.50251628 6.40287020 0.93849641
v -3.38156185 6.40287020 1.14788557
v -3.23733911 6.40287020 1.34094977
v -3.07529460 6.40287020 1.51656747
v -2.90105538 6.40287020 1.67492510
v -2.71993210 6.40287020 1.81740052
v -2.53647599 6.40287020 1.94630648
v -2.35413991 6.40287020 2.06452529
v -2.17508019 6.40287020 2.17508019
v -2.00011787 6.40287020 2.28069732
v -1.82885773 6.40287020 2.38341380
v -1.65994364 6.40287020 2.48428122
v -1.49141212 6.40287020 2.58320157
v -1.32109465 6.40287020 2.67891495
v -1.14701491 6.40287020 2.76913896
v -0.96772969 6.40287020 2.85083974
v -0.78257186 6.40287020 2.92059796
v -0.59176854 6.40287020 2.97502135
v -0.39642549 6.40287020 3.01115052
v -0.19838738 6.40287020 3.02680651
v -0.00000000 6.40287020 3.02083799
v 0.19618730 6.40287020 2.99323975
v 0.38773400 6.40287020 2.94513214
v 0.57259101 6.40287020 2.87860941
v 0.74931502 6.40287020 2.79648174
v 0.91718786 6.40287020 2.70194831
v 1.07622884 6.40287020 2.59824625
v 1.22710407 6.40287020 2.48832089
v 1.37095136 6.40287020 2.37455740
v 1.50915048 6.40287020 2.25860331
v 1.64307509 6.40287020 2.14129715
v 1.77386315 6.40287020 2.02270326
v 1.90223802 6.40287020 1.90223802
v 2.02840291 6.40287020 1.77886161
v 2.15201899 6.40287020 1.65130225
v 2.27226402 6.40287020 1.51827828
v 2.38795626 6.40287020 1.37868719
v 2.49771883 6.40287020 1.23173862
v 2.60015478 6.40287020 1.07701937
v 2.69400315 6.40287020 0.91449084
v 2.77825086 6.40287020 0.74443007
v 2.85218397 6.40287020 0.56733467
v 2.91537293 6.40287020 0.38381613
v 2.96759815 6.40287020 0.19450666
v 3.01985852 6.91509981 0.00000000
v 3.04950251 6.91509981 -0.19987495
v 3.06734210 6.91509981 -0.40382325
v 3.07274696 6.91509981 -0.61120737
v 3.06478524 6.91509981 -0.82120673
v 3.04225709 6.91509981 -1.03270713
v 3.00379410 6.91509981 -1.24421225
v 2.94801280 6.91509981 -1.45379903
v 2.87370133 6.91509981 -1.65913224
v 2.78001219 6.91509981 -1.85754476
v 2.66663230 6.91509981 -2.04617893
v 2.53390453 6.91509981 -2.22217464
v 2.38288126 6.91509981 -2.38288126
v 2.21530051 6.91509981 -2.52606609
v 2.03348645 6.91509981 -2.65009114
v 1.84018662 6.91509981 -2.75403390
v 1.63836737 6.91509981 -2.83773552
v 1.43099442 6.91509981 -2.90176964
v 1.22082680 6.91509981 -2.94733661
v 1.01024926 6.91509981 -2.97609836
v 0.80116197 6.91509981 -2.98997719
v 0.59493626 6.91509981 -2.99094657
v 0.39243529 6.91509981 -2.98084194
v 0.19408834 6.91509981 -2.96121580
v 0.00000000 6.91509981 -2.93325314
v -0.18992879 6.91509981 -2.89775338
v -0.37589078 6.91509981 -2.85517395
v -0.55809252 6.91509981 -2.80572058
v -0.73671624 6.91509981 -2.74946242
v -0.91192565 6.91509981 -2.68644635
v -1.08390829 6.91509981 -2.61678609
v -1.25293806 6.91509981 -2.54070705
v -1.41943675 6.91509981 -2.45853656
v -1.58401090 6.91509981 -2.37063985
v -1.74744405 6.91509981 -2.27731342
v -1.91063061 6.91509981 -2.17865666
v -2.07444850 6.91509981 -2.07444850
v -2.23957889 6.91509981 -1.96405797
v -2.40629308 6.91509981 -1.84641362
v -2.57423585 6.91509981 -1.72004940
v -2.74223948 6.91509981 -1.58323270
v -2.90820322 6.91509981 -1.43416712
v -3.06906733 6.91509981 -1.27124931
v -3.22090060 6.91509981 -1.09334843
v -3.35910612 6.91509981 -0.90006977
v -3.47873386 6.91509981 -0.69196319
v -3.57487303 6.91509981 -0.47064096
v -3.64308422 6.91509981 -0.23878036
v -3.67982272 6.91509981 -0.00000000
v -3.68280258 6.91509981 0.24138363
v -3.65125525 6.91509981 0.48069687
v -3.58604759 6.91509981 0.71330922
v -3.48964024 6.91509981 0.93504628
v -3.36588611 6.91509981 1.14256438
v -3.21968873 6.91509981 1.33363874
v -3.05655760 6.91509981 1.50732740
v -2.88211087 6.91509981 1.66398749
v -2.70158239 6.91509981 1.80513964
v -2.51938970 6.91509981 1.93319571
v -2.33881170 6.91509981 2.05108281
v -2.16181065 6.91509981 2.16181065
v -1.98901464 6.91509981 2.26803652
v -1.81985644 6.91509981 2.37168308
v -1.65284473 6.91509981 2.47365695
v -1.48592819 6.91509981 2.57370312
v -1.31690169 6.91509981 2.67041245
v -1.14380075 6.91509981 2.76137928
v -0.96523380 6.91509981 2.84348708
v -0.78061201 6.91509981 2.91328368
v -0.59025188 6.91509981 2.96739658
v -0.39534386 6.91509981 3.00293474
v -0.19779880 6.91509981 3.01782644
v -0.00000000 6.91509981 3.01105195
v 0.19549944 6.91509981 2.98274509
v 0.38628889 6.91509981 2.93415546
v 0.57037749 6.91509981 2.86748131
v 0.74639923 6.91509981 2.78559987
v 0.91372050 6.91509981 2.69173380
v 1.07243994 6.91509981 2.58909904
v 1.22328637 6.91509981 2.48057937
v 1.36743503 6.91509981 2.36846695
v 1.50627291 6.91509981 2.25429671
v 1.64115005 6.91509981 2.13878838
v 1.77315349 6.91509981 2.02189404
v 1.90293519 6.91509981 1.90293519
v 2.03061555 6.91509981 1.78080204
v 2.15577120 6.91509981 1.65418142
v 2.27750272 6.91509981 1.52177867
v 2.39456541 6.91509981 1.38250298
v 2.50553776 6.91509981 1.23559448
v 2.60899736 6.91509981 1.08068209
v 2.70367473 6.91509981 0.91777390
v 2.78856051 6.91509981 0.74719254
v 2.86295077 6.91509981 0.56947631
v 2.92642610 6.91509981 0.38527130
v 2.97877206 6.91509981 0.19523904
v 3.03090650 7.42732943 0.00000000
v 3.06025454 7.42732943 -0.20057968
v 3.07760175 7.42732943 -0.40517396
v 3.08229888 7.42732943 -0.61310737
v 3.07339949 7.42732943 -0.82351491
v 3.04969982 7.42732943 -1.03523359
v 3.00984376 7.42732943 -1.24671811
v 2.95248002 7.42732943 -1.45600202
v 2.87644975 7.42732943 -1.66071904
v 2.78097719 7.42732943 -1.85818955
v 2.66583483 7.42732943 -2.04556701
v 2.53145746 7.42732943 -2.22002861
v 2.37898702 7.42732943 -2.37898702
v 2.21023974 7.42732943 -2.52029540
v 2.02759853 7.42732943 -2.64241785
v 1.83384422 7.42732943 -2.74454183
v 1.63194791 7.42732943 -2.82661670
v 1.42485151 7.42732943 -2.88931305
v 1.21526479 7.42732943 -2.93390873
v 1.00550352 7.42732943 -2.96211784
v 0.79738641 7.42732943 -2.97588660
v 0.59219881 7.42732943 -2.97718444
v 0.39072068 7.42732943 -2.96781820
v 0.19330686 7.42732943 -2.94929272
v 0.00000000 7.42732943 -2.92273326
v -0.18934684 7.42732943 -2.88887456
v -0.37496086 7.42732943 -2.84811048
v -0.55707174 7.42732943 -2.80058877
v -0.73587640 7.42732943 -2.74632810
v -0.91154738 7.42732943 -2.68533199
v -1.08427668 7.42732943 -2.61767546
v -1.25433817 7.42732943 -2.54354618
v -1.42214695 7.42732943 -2.46323077
v -1.58829252 7.42732943 -2.37704774
v -1.75352612 7.42732943 -2.28523973
v -1.91868982 7.42732943 -2.18784642
v -2.08458544 7.42732943 -2.08458544
v -2.25179292 7.42732943 -1.97476939
v -2.42045919 7.42732943 -1.85728366
v -2.59008713 7.42732943 -1.73064089
v -2.75935920 7.42732943 -1.59311677
v -2.92602953 7.42732943 -1.44295808
v -3.08691260 7.42732943 -1.27864106
v -3.23798569 7.42732943 -1.09914803
v -3.37460794 7.42732943 -0.90422347
v -3.49184279 7.42732943 -0.69457071
v -3.58485514 7.42732943 -0.47195513
v -3.64934208 7.42732943 -0.23919052
v -3.68194838 7.42732943 -0.00000000
v -3.68061663 7.42732943 0.24124036
v -3.64482717 7.42732943 0.47985060
v -3.57569456 7.42732943 0.71124987
v -3.47590375 7.42732943 0.93136560
v -3.34948837 7.42732943 1.13699809
v -3.20147318 7.42732943 1.32609361
v -3.03741963 7.42732943 1.49788960
v -2.86292597 7.42732943 1.65291108
v -2.68313931 7.42732943 1.79281637
v -2.50233550 7.42732943 1.92010956
v -2.32361399 7.42732943 2.03775478
v -2.14874038 7.42732943 2.14874038
v -1.97815008 7.42732943 2.25564786
v -1.81110661 7.42732943 2.36028009
v -1.64598830 7.42732943 2.46339557
v -1.48066197 7.42732943 2.56458177
v -1.31289226 7.42732943 2.66228213
v -1.14073247 7.42732943 2.75397179
v -0.96284749 7.42732943 2.83645724
v -0.77873001 7.42732943 2.90625997
v -0.58878731 7.42732943 2.96003369
v -0.39429416 7.42732943 2.99496150
v -0.19722572 7.42732943 3.00908307
v -0.00000000 7.42732943 3.00151254
v 0.19482944 7.42732943 2.97252291
v 0.38488489 7.42732943 2.92349097
v 0.56823598 7.42732943 2.85671516
v 0.74359510 7.42732943 2.77513470
v 0.91041293 7.42732943 2.68199000
v 1.06886574 7.42732943 2.58047015
v 1.21974218 7.42732943 2.47339247
v 1.36425118 7.42732943 2.36295235
v 1.50378281 7.42732943 2.25057001
v 1.63965949 7.42732943 2.13684586
v 1.77291389 7.42732943 2.02162083
v 1.90412403 7.42732943 1.90412403
v 2.03332610 7.42732943 1.78317913
v 2.16001202 7.42732943 1.65743551
v 2.28320601 7.42732943 1.52558948
v 2.40160216 7.42732943 1.38656566
v 2.51373662 7.42732943 1.23963772
v 2.61816399 7.42732943 1.08447903
v 2.71360861 7.42732943 0.92114600
v 2.79906688 7.42732943 0.75000771
v 2.87384648 7.42732943 0.57164361
v 2.93753927 7.42732943 0.38673438
v 2.98993677 7.42732943 0.19597081
v 3.04185871 7.93955904 0.00000000
v 3.07084454 7.93955904 -0.20127378
v 3.08763546 7.93955904 -0.40649492
v 3.09156468 7.93955904 -0.61495045
v 3.08167295 7.93955904 -0.82573178
v 3.05675477 7.93955904 -1.03762842
v 3.01546872 7.93955904 -1.24904804
v 2.95649800 7.93955904 -1.45798347
v 2.87873871 7.93955904 -1.66204057
v 2.78148813 7.93955904 -1.85853095
v 2.66460459 7.93955904 -2.04462302
v 2.52861406 7.93955904 -2.21753502
v 2.37474610 7.93955904 -2.37474610
v 2.20489209 7.93955904 -2.51419756
v 2.02148981 7.93955904 -2.63445681
v 1.82734902 7.93955904 -2.73482108
v 1.62544101 7.93955904 -2.81534641
v 1.41867956 7.93955904 -2.87679757
v 1.20972154 7.93955904 -2.92052614
v 1.00081091 7.93955904 -2.94829386
v 0.79368321 7.93955904 -2.96206608
v 0.58953717 7.93955904 -2.96380352
v 0.38907000 7.93955904 -2.95528009
v 0.19256338 7.93955904 -2.93794939
v 0.00000000 7.93955904 -2.91287418
v -0.18881253 7.93955904 -2.88072252
v -0.37413318 7.93955904 -2.84182361
v -0.55621202 7.93955904 -2.79626664
v -0.73525786 7.93955904 -2.74401968
v -0.91144929 7.93955904 -2.68504302
v -1.08497993 7.93955904 -2.61937326
v -1.25612064 7.93955904 -2.54716068
v -1.42527669 7.93955904 -2.46865164
v -1.59301720 7.93955904 -2.38411872
v -1.76005769 7.93955904 -2.29375185
v -1.92718463 7.93955904 -2.19753290
v -2.09512086 7.93955904 -2.09512086
v -2.26434304 7.93955904 -1.98577555
v -2.43487282 7.93955904 -1.86834363
v -2.60607196 7.93955904 -1.74132161
v -2.77647571 7.93955904 -1.60299900
v -2.94369773 7.93955904 -1.45167107
v -3.10443334 7.93955904 -1.28589839
v -3.25457659 7.93955904 -1.10477988
v -3.38945213 7.93955904 -0.90820096
v -3.50414678 7.93955904 -0.69701813
v -3.59391068 7.93955904 -0.47314732
v -3.65458569 7.93955904 -0.23953420
v -3.68301231 7.93955904 -0.00000000
v -3.67736520 7.93955904 0.24102725
v -3.63737398 7.93955904 0.47886937
v -3.56439802 7.93955904 0.70900285
v -3.46134061 7.93955904 0.92746342
v -3.33240764 7.93955904 1.13119997
v -3.18273482 7.93955904 1.31833193
v -3.01792442 7.93955904 1.48827563
v -2.84354392 7.93955904 1.64172084
v -2.66464397 7.93955904 1.78045818
v -2.48535103 7.93955904 1.90707692
v -2.30858004 7.93955904 2.02457036
v -2.13589772 7.93955904 2.13589772
v -1.96754750 7.93955904 2.24355793
v -1.80262681 7.93955904 2.34922899
v -1.63938866 7.93955904 2.45351852
v -1.47562422 7.93955904 2.55585613
v -1.30907431 7.93955904 2.65454010
v -1.13781593 7.93955904 2.74693066
v -0.96057514 7.93955904 2.82976311
v -0.77692918 7.93955904 2.89953918
v -0.58737734 7.93955904 2.95294528
v -0.39327816 7.93955904 2.98724417
v -0.19666912 7.93955904 3.00059095
v -0.00000000 7.93955904 2.99223566
v 0.19417842 7.93955904 2.96259027
v 0.38352433 7.93955904 2.91315651
v 0.56617004 7.93955904 2.84632901
v 0.74090732 7.93955904 2.76510375
v 0.90727065 7.93955904 2.67273315
v 1.06551213 7.93955904 2.57237384
v 1.21647725 7.93955904 2.46677184
v 1.36140478 7.93955904 2.35802225
v 1.50168378 7.93955904 2.24742860
v 1.63860508 7.93955904 2.13547172
v 1.77314360 7.93955904 2.02188277
v 1.90580107 7.93955904 1.90580107
v 2.03652820 7.93955904 1.78598730
v 2.16473217 7.93955904 1.66105741
v 2.28936190 7.93955904 1.52970272
v 2.40905211 7.93955904 1.39086689
v 2.52229897 7.93955904 1.24386020
v 2.62763662 7.93955904 1.08840273
v 2.72378562 7.93955904 0.92460063
v 2.80975019 7.93955904 0.75287030
v 2.88485118 7.93955904 0.57383258
v 2.94869286 7.93955904 0.38820278
v 3.00107343 7.93955904 0.19670074
v 3.05269835 8.45178866 0.00000000
v 3.08125744 8.45178866 -0.20195628
v 3.09743037 8.45178866 -0.40778444
v 3.10053410 8.45178866 -0.61673458
v 3.08959834 8.45178866 -0.82785538
v 3.06341801 8.45178866 -1.03989029
v 3.02066868 8.45178866 -1.25120194
v 2.96007025 8.45178866 -1.45974511
v 2.88057558 8.45178866 -1.66310109
v 2.78155609 8.45178866 -1.85857636
v 2.66295613 8.45178866 -2.04335810
v 2.52539183 8.45178866 -2.21470920
v 2.37017829 8.45178866 -2.37017829
v 2.19927889 8.45178866 -2.50779694
v 2.01518236 8.45178866 -2.62623678
v 1.82072294 8.45178866 -2.72490445
v 1.61886759 8.45178866 -2.80396092
v 1.41249778 8.45178866 -2.86426216
v 1.20421389 8.45178866 -2.90722951
v 0.99618549 8.45178866 -2.93466781
v 0.79006338 8.45178866 -2.94855669
v 0.58695926 8.45178866 -2.95084345
v 0.38748817 8.45178866 -2.94326487
v 0.19186012 8.45178866 -2.92721980
v 0.00000000 8.45178866 -2.90370583
v -0.18832751 8.45178866 -2.87332261
v -0.37341040 8.45178866 -2.83633361
v -0.55551631 8.45178866 -2.79276907
v -0.73486313 8.45178866 -2.74254652
v -0.91163268 8.45178866 -2.68558328
v -1.08601738 8.45178866 -2.62187790
v -1.25828213 8.45178866 -2.55154375
v -1.42881929 8.45178866 -2.47478761
v -1.59817434 8.45178866 -2.39183693
v -1.76702385 8.45178866 -2.30283032
v -1.93609553 8.45178866 -2.20769383
v -2.10603061 8.45178866 -2.10603061
v -2.27720068 8.45178866 -1.99705140
v -2.44950155 8.45178866 -1.87956865
v -2.62215489 8.45178866 -1.75206788
v -2.79355166 8.45178866 -1.61285780
v -2.96117000 8.45178866 -1.46028744
v -3.12159289 8.45178866 -1.29300611
v -3.27063954 8.45178866 -1.11023252
v -3.40360957 8.45178866 -0.91199444
v -3.51562300 8.45178866 -0.69930089
v -3.60202447 8.45178866 -0.47421552
v -3.65880859 8.45178866 -0.23981098
v -3.68301735 8.45178866 -0.00000000
v -3.67306049 8.45178866 0.24074510
v -3.62891679 8.45178866 0.47775596
v -3.55218702 8.45178866 0.70657393
v -3.44598647 8.45178866 0.92334929
v -3.31468442 8.45178866 1.12518374
v -3.16351708 8.45178866 1.31037168
v -2.99811642 8.45178866 1.47850740
v -2.82400832 8.45178866 1.63044196
v -2.64613753 8.45178866 1.76809257
v -2.46847374 8.45178866 1.89412652
v -2.29374270 8.45178866 2.01155836
v -2.12331052 8.45178866 2.12331052
v -1.95722965 8.45178866 2.23179268
v -1.79443501 8.45178866 2.33855324
v -1.63305960 8.45178866 2.44404642
v -1.47082523 8.45178866 2.54754403
v -1.30545541 8.45178866 2.64720170
v -1.13505671 8.45178866 2.74026929
v -0.95842089 8.45178866 2.82341691
v -0.77521268 8.45178866 2.89313311
v -0.58602436 8.45178866 2.94614341
v -0.39229754 8.45178866 2.97979568
v -0.19612991 8.45178866 2.99236424
v -0.00000000 8.45178866 2.98323676
v 0.19354747 8.45178866 2.95296374
v 0.38220950 8.45178866 2.90316939
v 0.56418316 8.45178866 2.83634028
v 0.73834039 8.45178866 2.75552384
v 0.90429892 8.45178866 2.66397871
v 1.06238468 8.45178866 2.56482351
v 1.21349688 8.45178866 2.46072825
v 1.35890031 8.45178866 2.35368437
v 1.49997884 8.45178866 2.24487698
v 1.63798783 8.45178866 2.13466729
v 1.77384119 8.45178866 2.02267822
v 1.90796212 8.45178866 1.90796212
v 2.04021480 8.45178866 1.78922036
v 2.16992180 8.45178866 1.66503956
v 2.29595789 8.45178866 1.53411002
v 2.41690044 8.45178866 1.39539812
v 2.53120806 8.45178866 1.24825368
v 2.63739707 8.45178866 1.09244563
v 2.73418664 8.45178866 0.92813130
v 2.82059086 8.45178866 0.75577504
v 2.89594531 8.45178866 0.57603934
v 2.95986775 8.45178866 0.38967398
v 3.01216386 8.45178866 0.19742765
v 3.06340943 8.96401828 0.00000000
v 3.09147920 8.96401828 -0.20262625
v 3.10697473 8.96401828 -0.40904098
v 3.10919810 8.96401828 -0.61845795
v 3.09716973 8.96401828 -0.82988413
v 3.06968703 8.96401828 -1.04201834
v 3.02544479 8.96401828 -1.25318026
v 2.96320172 8.96401828 -1.46128937
v 2.88196910 8.96401828 -1.66390564
v 2.78119346 8.96401828 -1.85833406
v 2.66090511 8.96401828 -2.04178430
v 2.52180925 8.96401828 -2.21156736
v 2.36530423 8.96401828 -2.36530423
v 2.19342219 8.96401828 -2.50111865
v 2.00869876 8.96401828 -2.61778719
v 1.81398823 8.96401828 -2.71482524
v 1.61224875 8.96401828 -2.79249676
v 1.40632539 8.96401828 -2.85174578
v 1.19875862 8.96401828 -2.89405931
v 0.99164114 8.96401828 -2.92128060
v 0.78653771 8.96401828 -2.93539870
v 0.58447273 8.96401828 -2.93834284
v 0.38597991 8.96401828 -2.93180851
v 0.19119922 8.96401828 -2.91713643
v 0.00000000 8.96401828 -2.89525652
v -0.18789334 8.96401828 -2.86669834
v -0.37279496 8.96401828 -2.83165882
v -0.55498719 8.96401828 -2.79010901
v -0.73469419 8.96401828 -2.74191603
v -0.91209820 8.96401828 -2.68695465
v -1.08738762 8.96401828 -2.62518594
v -1.26081847 8.96401828 -2.55668694
v -1.43276719 8.96401828 -2.48162556
v -1.60375248 8.96401828 -2.40018521
v -1.77440883 8.96401828 -2.31245461
v -1.94540225 8.96401828 -2.21830612
v -2.11728996 8.96401828 -2.11728996
v -2.29033691 8.96401828 -2.00857157
v -2.46431283 8.96401828 -1.89093374
v -2.63830064 8.96401828 -1.76285613
v -2.81055026 8.96401828 -1.62267195
v -2.97840945 8.96401828 -1.46878900
v -3.13835587 8.96401828 -1.29994957
v -3.28614242 8.96401828 -1.11549504
v -3.41705313 8.96401828 -0.91559663
v -3.52625087 8.96401828 -0.70141491
v -3.60918380 8.96401828 -0.47515806
v -3.66200687 8.96401828 -0.24002061
v -3.68196890 8.96401828 -0.00000000
v -3.66771720 8.96401828 0.24039489
v -3.61947903 8.96401828 0.47651345
v -3.53909270 8.96401828 0.70396931
v -3.42987869 8.96401828 0.91903322
v -3.29636057 8.96401828 1.11896363
v -3.14386441 8.96401828 1.30223128
v -2.97804071 8.96401828 1.46860715
v -2.80436308 8.96401828 1.61909978
v -2.62766114 8.96401828 1.75574704
v -2.45174082 8.96401828 1.88128690
v -2.27913441 8.96401828 1.99874723
v -2.11100604 8.96401828 2.11100604
v -1.94721872 8.96401828 2.22037740
v -1.78654863 8.96401828 2.32827551
v -1.62701436 8.96401828 2.43499906
v -1.46627482 8.96401828 2.53966248
v -1.30204275 8.96401828 2.64028150
v -1.13246005 8.96401828 2.73400041
v -0.95638869 8.96401828 2.81743022
v -0.77358351 8.96401828 2.88705298
v -0.58473069 8.96401828 2.93963968
v -0.39135397 8.96401828 2.97262852
v -0.19560900 8.96401828 2.98441665
v -0.00000000 8.96401828 2.97453085
v 0.19293763 8.96401828 2.94365946
v 0.38094261 8.96401828 2.89354639
v 0.56227868 8.96401828 2.82676581
v 0.73589864 8.96401828 2.74641113
v 0.90150273 8.96401828 2.65574140
v 1.05948860 8.96401828 2.55783175
v 1.21080596 8.96401828 2.45527159
v 1.35674170 8.96401828 2.34994556
v 1.49867042 8.96401828 2.24291878
v 1.63780810 8.96401828 2.13443307
v 1.77500457 8.96401828 2.02400480
v 1.91060236 8.96401828 1.91060236
v 2.04437826 8.96401828 1.79287161
v 2.17557047 8.96401828 1.66937393
v 2.30298100 8.96401828 1.53880271
v 2.42513194 8.96401828 1.40015058
v 2.54044694 8.96401828 1.25280979
v 2.64742706 8.96401828 1.09660019
v 2.74479259 8.96401828 0.93173153
v 2.83156952 8.96401828 0.75871677
v 2.90710968 8.96401828 0.57826007
v 2.97104541 8.96401828 0.39114555
v 3.02319060 8.96401828 0.19815038
v 3.07397690 9.47624789 0.00000000
v 3.10149679 9.47624789 -0.20328284
v 3.11625797 9.47624789 -0.41026315
v 3.11754891 9.47624789 -0.62011903
v 3.10438251 9.47624789 -0.83181679
v 3.07556067 9.47624789 -1.04401217
v 3.02979956 9.47624789 -1.25498407
v 2.96589868 9.47624789 -1.46261937
v 2.88292931 9.47624789 -1.66446001
v 2.78041383 9.47624789 -1.85781312
v 2.65846833 9.47624789 -2.03991450
v 2.51788578 9.47624789 -2.20812657
v 2.36014536 9.47624789 -2.36014536
v 2.18734462 9.47624789 -2.49418852
v 2.00206199 9.47624789 -2.60913799
v 1.80716737 9.47624789 -2.70461710
v 1.60560569 9.47624789 -2.78099063
v 1.40018156 9.47624789 -2.83928733
v 1.19337233 9.47624789 -2.88105565
v 0.98719155 9.47624789 -2.90817252
v 0.78311676 9.47624789 -2.92263152
v 0.58208505 9.47624789 -2.92633918
v 0.38454979 9.47624789 -2.92094565
v 0.19058271 9.47624789 -2.90773022
v 0.00000000 9.47624789 -2.88755280
v -0.18751142 9.47624789 -2.86087141
v -0.37228900 9.47624789 -2.82781570
v -0.55462685 9.47624789 -2.78829745
v -0.73475251 9.47624789 -2.74213368
v -0.91284586 9.47624789 -2.68915719
v -1.08908848 9.47624789 -2.62929217
v -1.26372467 9.47624789 -2.56258012
v -1.43711197 9.47624789 -2.48915094
v -1.60973931 9.47624789 -2.40914512
v -1.78219607 9.47624789 -2.32260313
v -1.95508385 9.47624789 -2.22934587
v -2.12887365 9.47624789 -2.12887365
v -2.30372253 9.47624789 -2.02031043
v -2.47927412 9.47624789 -1.90241395
v -2.65447428 9.47624789 -1.77366301
v -2.82743537 9.47624789 -1.63242057
v -2.99538021 9.47624789 -1.47715805
v -3.15468832 9.47624789 -1.30671469
v -3.30105488 9.47624789 -1.12055714
v -3.42975773 9.47624789 -0.91900082
v -3.53601209 9.47624789 -0.70335654
v -3.61537844 9.47624789 -0.47597360
v -3.66417921 9.47624789 -0.24016299
v -3.67987492 9.47624789 -0.00000000
v -3.66135245 9.47624789 0.23997772
v -3.60908636 9.47624789 0.47514523
v -3.52514814 9.47624789 0.70119556
v -3.41305629 9.47624789 0.91452568
v -3.27747924 9.47624789 1.11255429
v -3.12382215 9.47624789 1.29392950
v -2.95774288 9.47624789 1.45859737
v -2.78465227 9.47624789 1.60771974
v -2.60925584 9.47624789 1.74344901
v -2.43518912 9.47624789 1.86858633
v -2.26478708 9.47624789 1.98616497
v -2.09901098 9.47624789 2.09901098
v -1.93753621 9.47624789 2.20933662
v -1.77898444 9.47624789 2.31841766
v -1.62126559 9.47624789 2.42639543
v -1.46198232 9.47624789 2.53222765
v -1.29884310 9.47624789 2.63379326
v -1.13003092 9.47624789 2.72813598
v -0.95448223 9.47624789 2.81181397
v -0.77204454 9.47624789 2.88130945
v -0.58349852 9.47624789 2.93344515
v -0.39044902 9.47624789 2.96575472
v -0.19510725 9.47624789 2.97676147
v -0.00000000 9.47624789 2.96613252
v 0.19234995 9.47624789 2.93469308
v 0.37972580 9.47624789 2.88430377
v 0.56045982 9.47624789 2.81762181
v 0.73358623 9.47624789 2.73778106
v 0.89888682 9.47624789 2.64803517
v 1.05682876 9.47624789 2.55141032
v 1.20840894 9.47624789 2.45041093
v 1.35493242 9.47624789 2.34681179
v 1.49776037 9.47624789 2.24155680
v 1.63806566 9.47624789 2.13476873
v 1.77663102 9.47624789 2.02585941
v 1.91371635 9.47624789 1.91371635
v 2.04901031 9.47624789 1.79693382
v 2.18166723 9.47624789 1.67405214
v 2.31041782 9.47624789 1.54377183
v 2.43373112 9.47624789 1.40511532
v 2.54999843 9.47624789 1.25752006
v 2.65770830 9.47624789 1.10085882
v 2.75558455 9.47624789 0.93539491
v 2.84266709 9.47624789 0.76169035
v 2.91832558 9.47624789 0.58049105
v 2.98220793 9.47624789 0.39261512
v 3.03413696 9.47624789 0.19886784
v 3.08438666 9.98847751 0.00000000
v 3.11129828 9.98847751 -0.20392526
v 3.12527068 9.98847751 -0.41144969
v 3.12558004 9.98847751 -0.62171653
v 3.11123340 9.98847751 -0.83365248
v 3.08103914 9.98847751 -1.04587186
v 3.03373687 9.98847751 -1.25661496
v 2.96816880 9.98847751 -1.46373887
v 2.88346755 9.98847751 -1.66477077
v 2.77923200 9.98847751 -1.85702345
v 2.65566366 9.98847751 -2.03776240
v 2.51364179 9.98847751 -2.20440469
v 2.35472389 9.98847751 -2.35472389
v 2.18106940 9.98847751 -2.48703300
v 1.99529544 9.98847751 -2.60031965
v 1.80028308 9.98847751 -2.69431403
v 1.59895964 9.98847751 -2.76947934
v 1.39408541 9.98847751 -2.82692557
v 1.18807147 9.98847751 -2.86825826
v 0.98285016 9.98847751 -2.89538319
v 0.77981083 9.98847751 -2.91029363
v 0.57980345 9.98847751 -2.91486879
v 0.38320217 9.98847751 -2.91070950
v 0.19001250 9.98847751 -2.89903054
v 0.00000000 9.98847751 -2.88061954
v -0.18718306 9.98847751 -2.85586166
v -0.37189445 9.98847751 -2.82481878
v -0.55443708 9.98847751 -2.78734344
v -0.73503904 9.98847751 -2.74320306
v -0.91387505 9.98847751 -2.69218909
v -1.09111709 9.98847751 -2.63418967
v -1.26699495 9.98847751 -2.56921161
v -1.44184442 9.98847751 -2.49734780
v -1.61612173 9.98847751 -2.41869709
v -1.79036831 9.98847751 -2.33325340
v -1.96511880 9.98847751 -2.24078853
v -2.14075602 9.98847751 -2.14075602
v -2.31732810 9.98847751 -2.03224220
v -2.49435294 9.98847751 -1.91398433
v -2.67064124 9.98847751 -1.78446542
v -2.84417159 9.98847751 -1.64208323
v -3.01204751 9.98847751 -1.48537745
v -3.17055773 9.98847751 -1.31328801
v -3.31534834 9.98847751 -1.12540912
v -3.44170038 9.98847751 -0.92220084
v -3.54489072 9.98847751 -0.70512260
v -3.62060062 9.98847751 -0.47666111
v -3.66532680 9.98847751 -0.24023821
v -3.67674587 9.98847751 -0.00000000
v -3.65398576 9.98847751 0.23949488
v -3.59776663 9.98847751 0.47365496
v -3.51038836 9.98847751 0.69825966
v -3.39555985 9.98847751 0.90983752
v -3.25808478 9.98847751 1.10597075
v -3.10343646 9.98847751 1.28548547
v -2.93726900 9.98847751 1.44850077
v -2.76492010 9.98847751 1.59632737
v -2.59096252 9.98847751 1.73122581
v -2.41885512 9.98847751 1.85605282
v -2.25073212 9.98847751 1.97383910
v -2.08735141 9.98847751 2.08735141
v -1.92820302 9.98847751 2.19869416
v -1.77175859 9.98847751 2.30900075
v -1.61582541 9.98847751 2.41825362
v -1.45795657 9.98847751 2.52525486
v -1.29586286 9.98847751 2.62774994
v -1.12777398 9.98847751 2.72268723
v -0.95270500 9.98847751 2.80657844
v -0.77059846 9.98847751 2.87591262
v -0.58232996 9.98847751 2.92757041
v -0.38958421 9.98847751 2.95918588
v -0.19462552 9.98847751 2.96941157
v -0.00000000 9.98847751 2.95805592
v 0.19178540 9.98847751 2.92607977
v 0.37856113 9.98847751 2.87545726
v 0.55872970 9.98847751 2.80892390
v 0.73140709 9.98847751 2.72964843
v 0.89645566 9.98847751 2.64087322
v 1.05440969 9.98847751 2.54557017
v 1.20630987 9.98847751 2.44615444
v 1.35347542 9.98847751 2.34428820
v 1.49725001 9.98847751 2.24079299
v 1.63875970 9.98847751 2.13567321
v 1.77871719 9.98847751 2.02823824
v 1.91729804 9.98847751 1.91729804
v 2.05410216 9.98847751 1.80139925
v 2.18820065 9.98847751 1.67906541
v 2.31825455 9.98847751 1.54900817
v 2.44268221 9.98847751 1.41028323
v 2.55984528 9.98847751 1.26237599
v 2.66822252 9.98847751 1.10521395
v 2.76654376 9.98847751 0.93911506
v 2.85386486 9.98847751 0.76469078
v 2.92957476 9.98847751 0.58272865
v 2.99333802 9.98847751 0.39408043
v 3.04498704 9.98847751 0.19957899
v 3.09462556 10.50070712 0.00000000
v 3.12087281 10.50070712 -0.20455281
v 3.13400465 10.50070712 -0.41259954
v 3.13328626 10.50070712 -0.62324939
v 3.11772044 10.50070712 -0.83539068
v 3.08612402 10.50070712 -1.04759794
v 3.03726200 10.50070712 -1.25807511
v 2.97002105 10.50070712 -1.46465230
v 2.88359641 10.50070712 -1.66484516
v 2.77766392 10.50070712 -1.85597569
v 2.65250998 10.50070712 -2.03534249
v 2.50909852 10.50070712 -2.20042034
v 2.34906267 10.50070712 -2.34906267
v 2.17462024 10.50070712 -2.47967913
v 1.98842283 10.50070712 -2.59136308
v 1.79335822 10.50070712 -2.68395025
v 1.59233188 10.50070712 -2.75799971
v 1.38805594 10.50070712 -2.81469901
v 1.18287230 10.50070712 -2.85570635
v 0.97863017 10.50070712 -2.88295151
v 0.77662997 10.50070712 -2.89842250
v 0.57763490 10.50070712 -2.90396673
v 0.38194125 10.50070712 -2.90113185
v 0.18949042 10.50070712 -2.89106511
v 0.00000000 10.50070712 -2.87447980
v -0.18690945 10.50070712 -2.85168709
v -0.37161296 10.50070712 -2.82268070
v -0.55441932 10.50070712 -2.78725415
v -0.73555425 10.50070712 -2.74512584
v -0.91518455 10.50070712 -2.69604675
v -1.09346989 10.50070712 -2.63986984
v -1.27062282 10.50070712 -2.57656819
v -1.44695458 10.50070712 -2.50619885
v -1.62288591 10.50070712 -2.42882040
v -1.79890762 10.50070712 -2.34438205
v -1.97548503 10.50070712 -2.25260895
v -2.15291103 10.50070712 -2.15291103
v -2.33112412 10.50070712 -2.04434098
v -2.50951699 10.50070712 -1.92562012
v -2.68676745 10.50070712 -1.79524062
v -2.86072435 10.50070712 -1.65163998
v -3.02837779 10.50070712 -1.49343065
v -3.18593314 10.50070712 -1.31965672
v -3.32899612 10.50070712 -1.13004191
v -3.45286023 10.50070712 -0.92519111
v -3.55287314 10.50070712 -0.70671041
v -3.62484506 10.50070712 -0.47721990
v -3.66545336 10.50070712 -0.24024651
v -3.67259469 10.50070712 -0.00000000
v -3.64563898 10.50070712 0.23894780
v -3.58554980 10.50070712 0.47204659
v -3.49485014 10.50070712 0.69516892
v -3.37743142 10.50070712 0.90498002
v -3.23822261 10.50070712 1.09922845
v -3.08275420 10.50070712 1.27691860
v -2.91666547 10.50070712 1.43834023
v -2.74521080 10.50070712 1.58494819
v -2.57282182 10.50070712 1.71910458
v -2.40277485 10.50070712 1.84371398
v -2.23700032 10.50070712 1.96179663
v -2.07605272 10.50070712 2.07605272
v -1.91923935 10.50070712 2.18847304
v -1.76488659 10.50070712 2.30004498
v -1.61070534 10.50070712 2.41059089
v -1.45420594 10.50070712 2.51875857
v -1.29310803 10.50070712 2.62216369
v -1.12569358 10.50070712 2.71766470
v -0.95106029 10.50070712 2.80173326
v -0.76924784 10.50070712 2.87087200
v -0.58122702 10.50070712 2.92202556
v -0.38876102 10.50070712 2.95293314
v -0.19416460 10.50070712 2.96237939
v -0.00000000 10.50070712 2.95031476
v 0.19124496 10.50070712 2.91783423
v 0.37745061 10.50070712 2.86702203
v 0.55709130 10.50070712 2.80068710
v 0.72936502 10.50070712 2.72202731
v 0.89421348 10.50070712 2.63426797
v 1.05223560 10.50070712 2.54032146
v 1.20451239 10.50070712 2.44250950
v 1.35237319 10.50070712 2.34237907
v 1.49714011 10.50070712 2.24062852
v 1.63988880 10.50070712 2.13714469
v 1.78125919 10.50070712 2.03113683
v 1.92134081 10.50070712 1.92134081
v 2.05964448 10.50070712 1.80625973
v 2.19515885 10.50070712 1.68440463
v 2.32647707 10.50070712 1.55450228
v 2.45196923 10.50070712 1.41564509
v 2.56997013 10.50070712 1.26736902
v 2.67895151 10.50070712 1.10965805
v 2.77765169 10.50070712 0.94288569
v 2.86514447 10.50070712 0.76771315
v 2.94083956 10.50070712 0.58496936
v 3.00441911 10.50070712 0.39553928
v 3.05572579 10.50070712 0.20028285
v 3.10468146 11.01293674 0.00000000
v 3.13021064 11.01293674 -0.20516484
v 3.14245290 11.01293674 -0.41371177
v 3.14066363 11.01293674 -0.62471684
v 3.12384305 11.01293674 -0.83703122
v 3.09081824 11.01293674 -1.04919141
v 3.04038154 11.01293674 -1.25936727
v 2.97146570 11.01293674 -1.46536472
v 2.88332970 11.01293674 -1.66469118
v 2.77572664 11.01293674 -1.85468125
v 2.64902714 11.01293674 -2.03267001
v 2.50427801 11.01293674 -2.19619287
v 2.34318524 11.01293674 -2.34318524
v 2.16802131 11.01293674 -2.47215450
v 1.98146813 11.01293674 -2.58229954
v 1.78641578 11.01293674 -2.67356015
v 1.58574361 11.01293674 -2.74658850
v 1.38211200 11.01293674 -2.80264588
v 1.17779084 11.01293674 -2.84343861
v 0.97454450 11.01293674 -2.87091553
v 0.77358394 11.01293674 -2.88705456
v 0.57558612 11.01293674 -2.89366681
v 0.38077102 11.01293674 -2.89224302
v 0.18901817 11.01293674 -2.88386001
v 0.00000000 11.01293674 -2.86915489
v -0.18669163 11.01293674 -2.84836383
v -0.37144596 11.01293674 -2.82141217
v -0.55457461 11.01293674 -2.78803481
v -0.73629809 11.01293674 -2.74790190
v -0.91677254 11.01293674 -2.70072482
v -1.09614265 11.01293674 -2.64632245
v -1.27460105 11.01293674 -2.58463524
v -1.45243176 11.01293674 -2.51568559
v -1.63001734 11.01293674 -2.43949335
v -1.80779549 11.01293674 -2.35596495
v -1.98616002 11.01293674 -2.26478145
v -2.16531241 11.01293674 -2.16531241
v -2.34508101 11.01293674 -2.05658085
v -2.52473423 11.01293674 -1.93729671
v -2.70281943 11.01293674 -1.80596620
v -2.87706003 11.01293674 -1.66107138
v -3.04433872 11.01293674 -1.50130172
v -3.20078518 11.01293674 -1.32580863
v -3.34197341 11.01293674 -1.13444711
v -3.46321858 11.01293674 -0.92796662
v -3.55994810 11.01293674 -0.70811770
v -3.62810894 11.01293674 -0.47764960
v -3.66456512 11.01293674 -0.24018829
v -3.66743674 11.01293674 -0.00000000
v -3.63633623 11.01293674 0.23833807
v -3.57246785 11.01293674 0.47032432
v -3.47857203 11.01293674 0.69193100
v -3.35871442 11.01293674 0.89996482
v -3.21793916 11.01293674 1.09234315
v -3.06182287 11.01293674 1.26824856
v -2.89597896 11.01293674 1.42813878
v -2.72556854 11.01293674 1.57360773
v -2.55487406 11.01293674 1.70711227
v -2.38698380 11.01293674 1.83159709
v -2.22362185 11.01293674 1.95006403
v -2.06513961 11.01293674 2.06513961
v -1.91066467 11.01293674 2.17869550
v -1.75838326 11.01293674 2.29156968
v -1.60591631 11.01293674 2.40342360
v -1.45073827 11.01293674 2.51275240
v -1.29058421 11.01293674 2.61704588
v -1.12379377 11.01293674 2.71307816
v -0.94955114 11.01293674 2.79728745
v -0.76799506 11.01293674 2.86619659
v -0.58019161 11.01293674 2.91682021
v -0.38798086 11.01293674 2.94700719
v -0.19372530 11.01293674 2.95567693
v -0.00000000 11.01293674 2.94292230
v 0.19072955 11.01293674 2.90997067
v 0.37639616 11.01293674 2.85901272
v 0.55554748 11.01293674 2.79292578
v 0.72746360 11.01293674 2.71493111
v 0.89216425 11.01293674 2.62823113
v 1.05031036 11.01293674 2.53567352
v 1.20301971 11.01293674 2.43948265
v 1.35162772 11.01293674 2.34108789
v 1.49743093 11.01293674 2.24106375
v 1.64145101 11.01293674 2.13918060
v 1.78425253 11.01293674 2.03455007
v 1.92583752 11.01293674 1.92583752
v 2.06562748 11.01293674 1.81150668
v 2.20252956 11.01293674 1.69006037
v 2.33507094 11.01293674 1.56024452
v 2.46157601 11.01293674 1.42119157
v 2.58035560 11.01293674 1.27249056
v 2.68987719 11.01293674 1.11418361
v 2.78889009 11.01293674 0.94670062
v 2.87648803 11.01293674 0.77075264
v 2.95210288 11.01293674 0.58720977
v 3.01543538 11.01293674 0.39698960
v 3.06633904 11.01293674 0.20097848
v 3.11454329 11.52516636 0.00000000
v 3.13930320 11.52516636 -0.20576080
v 3.15060965 11.52516636 -0.41478563
v 3.14770950 11.52516636 -0.62611835
v 3.12960192 11.52516636 -0.83857431
v 3.09512607 11.52516636 -1.05065373
v 3.04310340 11.52516636 -1.26049470
v 2.97251428 11.52516636 -1.46588182
v 2.88268242 11.52516636 -1.66431747
v 2.77343830 11.52516636 -1.85315223
v 2.64523591 11.52516636 -2.02976091
v 2.49920307 11.52516636 -2.19174227
v 2.33711568 11.52516636 -2.33711568
v 2.16129719 11.52516636 -2.46448712
v 1.97445556 11.52516636 -2.57316059
v 1.77947880 11.52516636 -2.66317822
v 1.57921600 11.52516636 -2.73528235
v 1.37627225 11.52516636 -2.79080405
v 1.17284284 11.52516636 -2.83149310
v 0.97060579 11.52516636 -2.85931246
v 0.77068219 11.52516636 -2.87622511
v 0.57366356 11.52516636 -2.88400148
v 0.37969525 11.52516636 -2.88407176
v 0.18859736 11.52516636 -2.87743965
v 0.00000000 11.52516636 -2.86466432
v -0.18653054 11.52516636 -2.84590615
v -0.37139460 11.52516636 -2.82102205
v -0.55490361 11.52516636 -2.78968884
v -0.73727005 11.52516636 -2.75152927
v -0.91863664 11.52516636 -2.70621627
v -1.09913049 11.52516636 -2.65353573
v -1.27892173 11.52516636 -2.59339671
v -1.45826457 11.52516636 -2.52578833
v -1.63750089 11.52516636 -2.45069327
v -1.81701287 11.52516636 -2.36797727
v -1.99712086 11.52516636 -2.27727989
v -2.17793368 11.52516636 -2.17793368
v -2.35916930 11.52516636 -2.06893594
v -2.53997295 11.52516636 -1.94898979
v -2.71876434 11.52516636 -1.81662025
v -2.89314596 11.52516636 -1.67035860
v -3.05989936 11.52516636 -1.50897537
v -3.21508616 11.52516636 -1.33173229
v -3.35425739 11.52516636 -1.13861696
v -3.47275897 11.52516636 -0.93052296
v -3.56610672 11.52516636 -0.70934273
v -3.63039192 11.52516636 -0.47795016
v -3.66267077 11.52516636 -0.24006413
v -3.66128978 11.52516636 -0.00000000
v -3.62610382 11.52516636 0.23766740
v -3.55855472 11.52516636 0.46849262
v -3.46159420 11.52516636 0.68855390
v -3.33945355 11.52516636 0.89480388
v -3.19728178 11.52516636 1.08533092
v -3.04069049 11.52516636 1.25949524
v -2.87525632 11.52516636 1.41791950
v -2.70603738 11.52516636 1.56233141
v -2.53715921 11.52516636 1.69527558
v -2.37151695 11.52516636 1.81972896
v -2.21062620 11.52516636 1.93866715
v -2.05463606 11.52516636 2.05463606
v -1.90249777 11.52516636 2.16938293
v -1.75226278 11.52516636 2.28359332
v -1.60146865 11.52516636 2.39676721
v -1.44756094 11.52516636 2.50724909
v -1.28829660 11.52516636 2.61240707
v -1.12207831 11.52516636 2.70893668
v -0.94818039 11.52516636 2.79324935
v -0.76684240 11.52516636 2.86189480
v -0.57922555 11.52516636 2.91196347
v -0.38724507 11.52516636 2.94141830
v -0.19330837 11.52516636 2.94931578
v -0.00000000 11.52516636 2.93589138
v 0.19024009 11.52516636 2.90250284
v 0.37539965 11.52516636 2.85144344
v 0.55410098 11.52516636 2.78565375
v 0.72570624 11.52516636 2.70837255
v 0.89031168 11.52516636 2.62277363
v 1.04863752 11.52516636 2.53163493
v 1.20183467 11.52516636 2.43707962
v 1.35124057 11.52516636 2.34041733
v 1.49812220 11.52516636 2.24209831
v 1.64344385 11.52516636 2.14177772
v 1.78769221 11.52516636 2.03847228
v 1.93078052 11.52516636 1.93078052
v 2.07204091 11.52516636 1.81713111
v 2.21030015 11.52516636 1.69602296
v 2.34402149 11.52516636 1.56622508
v 2.47148631 11.52516636 1.42691328
v 2.59098433 11.52516636 1.27773207
v 2.70098166 11.52516636 1.11878324
v 2.80024106 11.52516636 0.95055375
v 2.88787811 11.52516636 0.77380461
v 2.96334828 11.52516636 0.58944662
v 3.02637177 11.52516636 0.39842940
v 3.07681353 11.52516636 0.20166501
v 3.12420099 12.03739597 0.00000000
v 3.14814304 12.03739597 -0.20634020
v 3.15847038 12.03739597 -0.41582051
v 3.15442252 12.03739597 -0.62745365
v 3.13499911 12.03739597 -0.84002048
v 3.09905312 12.03739597 -1.05198678
v 3.04543680 12.03739597 -1.26146123
v 2.97317959 12.03739597 -1.46620991
v 2.88167069 12.03739597 -1.66373335
v 2.77081804 12.03739597 -1.85140142
v 2.64115796 12.03739597 -2.02663179
v 2.49389723 12.03739597 -2.18708917
v 2.33087864 12.03739597 -2.33087864
v 2.15447282 12.03739597 -2.45670541
v 1.96740953 12.03739597 -2.56397802
v 1.77257035 12.03739597 -2.65283899
v 1.57277009 12.03739597 -2.72411770
v 1.37055515 12.03739597 -2.77921092
v 1.16804379 12.03739597 -2.81990716
v 0.96682633 12.03739597 -2.84817854
v 0.76793388 12.03739597 -2.86596827
v 0.57187342 12.03739597 -2.87500182
v 0.37871754 12.03739597 -2.87664530
v 0.18822947 12.03739597 -2.87182673
v 0.00000000 12.03739597 -2.86102581
v -0.18642700 12.03739597 -2.84432645
v -0.37145980 12.03739597 -2.82151730
v -0.55540665 12.03739597 -2.79221776
v -0.73846911 12.03739597 -2.75600425
v -0.92077389 12.03739597 -2.71251240
v -1.10242791 12.03739597 -2.66149641
v -1.28357632 12.03739597 -2.60283529
v -1.46444104 12.03739597 -2.53648629
v -1.64532085 12.03739597 -2.46239667
v -1.82654023 12.03739597 -2.38039358
v -2.00834434 12.03739597 -2.29007781
v -2.19074825 12.03739597 -2.19074825
v -2.37335961 12.03739597 -2.08138051
v -2.55520187 12.03739597 -1.96067535
v -2.73457009 12.03739597 -1.82718132
v -2.90895059 12.03739597 -1.67948341
v -3.07503013 12.03739597 -1.51643704
v -3.22881010 12.03739597 -1.33741693
v -3.36582722 12.03739597 -1.14254439
v -3.48146712 12.03739597 -0.93285630
v -3.57134251 12.03739597 -0.71038419
v -3.63169611 12.03739597 -0.47812186
v -3.65978142 12.03739597 -0.23987475
v -3.65417386 12.03739597 -0.00000000
v -3.61497021 12.03739597 0.23693767
v -3.54384621 12.03739597 0.46655621
v -3.44395835 12.03739597 0.68504591
v -3.31969469 12.03739597 0.88950951
v -3.17629860 12.03739597 1.07820809
v -3.01940553 12.03739597 1.25067872
v -2.85454452 12.03739597 1.40770557
v -2.68666118 12.03739597 1.55114456
v -2.51971678 12.03739597 1.68362092
v -2.35640864 12.03739597 1.80813595
v -2.19804214 12.03739597 1.92763122
v -2.04456528 12.03739597 2.04456528
v -1.89475666 12.03739597 2.16055589
v -1.74653862 12.03739597 2.27613345
v -1.59737210 12.03739597 2.39063628
v -1.44468079 12.03739597 2.50226053
v -1.28625001 12.03739597 2.60825699
v -1.12055067 12.03739597 2.70524862
v -0.94695067 12.03739597 2.78962672
v -0.76579196 12.03739597 2.85797451
v -0.57833055 12.03739597 2.90746399
v -0.38655494 12.03739597 2.93617628
v -0.19291454 12.03739597 2.94330710
v -0.00000000 12.03739597 2.92923438
v 0.18977743 12.03739597 2.89544399
v 0.37446285 12.03739597 2.84432775
v 0.55275443 12.03739597 2.77888416
v 0.72409616 12.03739597 2.70236367
v 0.88865924 12.03739597 2.61790569
v 1.04722030 12.03739597 2.52821345
v 1.20095970 12.03739597 2.43530535
v 1.35121284 12.03739597 2.34036929
v 1.49921318 12.03739597 2.24373108
v 1.64586431 12.03739597 2.14493213
v 1.79157271 12.03739597 2.04289715
v 1.93616169 12.03739597 1.93616169
v 2.07887412 12.03739597 1.82312368
v 2.21845766 12.03739597 1.70228244
v 2.35331383 12.03739597 1.57243403
v 2.48168375 12.03739597 1.43280078
v 2.60183904 12.03739597 1.28308502
v 2.71224724 12.03739597 1.12344959
v 2.81168704 12.03739597 0.95443914
v 2.89929782 12.03739597 0.77686451
v 2.97455998 12.03739597 0.59167677
v 3.03721404 12.03739597 0.39985681
v 3.08713695 12.03739597 0.20234165
v 3.13364562 12.54962559 0.00000000
v 3.15672390 12.54962559 -0.20690262
v 3.16603181 12.54962559 -0.41681599
v 3.16080262 12.54962559 -0.62872273
v 3.14003798 12.54962559 -0.84137064
v 3.10260629 12.54962559 -1.05319292
v 3.04739223 12.54962559 -1.26227119
v 2.97347558 12.54962559 -1.46635588
v 2.88031176 12.54962559 -1.66294877
v 2.76788597 12.54962559 -1.84944228
v 2.63681576 12.54962559 -2.02329990
v 2.48838465 12.54962559 -2.18225477
v 2.32449921 12.54962559 -2.32449921
v 2.14757342 12.54962559 -2.44883815
v 1.96035455 12.54962559 -2.55478379
v 1.76571346 12.54962559 -2.64257695
v 1.56642676 12.54962559 -2.71313073
v 1.36497890 12.54962559 -2.76790340
v 1.16340884 12.54962559 -2.80871741
v 0.96321810 12.54962559 -2.83754903
v 0.76534782 12.54962559 -2.85631696
v 0.57022158 12.54962559 -2.86669748
v 0.37784125 12.54962559 -2.86998925
v 0.18791588 12.54962559 -2.86704224
v 0.00000000 12.54962559 -2.85825525
v -0.18638170 12.54962559 -2.84363530
v -0.37164224 12.54962559 -2.82290306
v -0.55608366 12.54962559 -2.79562135
v -0.73989384 12.54962559 -2.76132142
v -0.92318080 12.54962559 -2.71960294
v -1.10602884 12.54962559 -2.67018982
v -1.28855567 12.54962559 -2.61293241
v -1.47094858 12.54962559 -2.54775768
v -1.65346099 12.54962559 -2.47457925
v -1.83635766 12.54962559 -2.39318790
v -2.01980698 12.54962559 -2.30314844
v -2.20372950 12.54962559 -2.20372950
v -2.38762280 12.54962559 -2.09388900
v -2.57039022 12.54962559 -1.97232978
v -2.75020542 12.54962559 -1.83762851
v -2.92444348 12.54962559 -1.68842823
v -3.08970294 12.54962559 -1.52367287
v -3.24193278 12.54962559 -1.34285253
v -3.37666410 12.54962559 -1.14622301
v -3.48933101 12.54962559 -0.93496343
v -3.57565134 12.54962559 -0.71124127
v -3.63202603 12.54962559 -0.47816530
v -3.65591059 12.54962559 -0.23962104
v -3.64611133 12.54962559 -0.00000000
v -3.60296592 12.54962559 0.23615086
v -3.52837992 12.54962559 0.46452003
v -3.42570767 12.54962559 0.68141562
v -3.29948483 12.54962559 0.88409429
v -3.15503849 12.54962559 1.07099125
v -2.99801679 12.54962559 1.24181921
v -2.83389051 12.54962559 1.39752014
v -2.66748352 12.54962559 1.54007233
v -2.50258578 12.54962559 1.67217436
v -2.34169255 12.54962559 1.79684389
v -2.18589769 12.54962559 1.91698083
v -2.03494969 12.54962559 2.03494969
v -1.88745861 12.54962559 2.15223406
v -1.74122356 12.54962559 2.26920672
v -1.59363578 12.54962559 2.38504449
v -1.44210420 12.54962559 2.49779774
v -1.28444886 12.54962559 2.60460463
v -1.11921400 12.54962559 2.70202162
v -0.94586440 12.54962559 2.78642667
v -0.76484572 12.54962559 2.85444308
v -0.57750823 12.54962559 2.90332995
v -0.38591172 12.54962559 2.93129055
v -0.19254452 12.54962559 2.93766164
v -0.00000000 12.54962559 2.92296326
v 0.18934241 12.54962559 2.88880690
v 0.37358749 12.54962559 2.83767868
v 0.55151032 12.54962559 2.77262959
v 0.72263642 12.54962559 2.69691585
v 0.88721014 12.54962559 2.61363678
v 1.04606161 12.54962559 2.52541612
v 1.20039685 12.54962559 2.43416402
v 1.35154518 12.54962559 2.34094493
v 1.50070264 12.54962559 2.24596023
v 1.64870892 12.54962559 2.14863930
v 1.79588806 12.54962559 2.04781786
v 1.94197247 12.54962559 1.94197247
v 2.08611609 12.54962559 1.82947471
v 2.22698887 12.54962559 1.70882866
v 2.36293292 12.54962559 1.57886130
v 2.49215196 12.54962559 1.43884461
v 2.61290254 12.54962559 1.28854093
v 2.72365651 12.54962559 1.12817547
v 2.82321092 12.54962559 0.95835097
v 2.91073085 12.54962559 0.77992798
v 2.98572292 12.54962559 0.59389722
v 3.04794881 12.54962559 0.40127007
v 3.09729797 12.54962559 0.20300763
v 3.14286931 13.06185520 0.00000000
v 3.16504071 13.06185520 -0.20744773
v 3.17329188 13.06185520 -0.41777180
v 3.16685103 13.06185520 -0.62992584
v 3.14472319 13.06185520 -0.84262604
v 3.10579376 13.06185520 -1.05427492
v 3.04898141 13.06185520 -1.26292945
v 2.97341739 13.06185520 -1.46632719
v 2.87862393 13.06185520 -1.66197430
v 2.76466315 13.06185520 -1.84728886
v 2.63223255 13.06185520 -2.01978308
v 2.48269010 13.06185520 -2.17726078
v 2.31800294 13.06185520 -2.31800294
v 2.14062446 13.06185520 -2.44091438
v 1.95331522 13.06185520 -2.54560996
v 1.75893113 13.06185520 -2.63242646
v 1.56020670 13.06185520 -2.70235728
v 1.35956142 13.06185520 -2.75691783
v 1.15895283 13.06185520 -2.79795963
v 0.95979271 13.06185520 -2.82745816
v 0.76293249 13.06185520 -2.84730283
v 0.56871366 13.06185520 -2.85911666
v 0.37706956 13.06185520 -2.86412763
v 0.18765784 13.06185520 -2.86310543
v 0.00000000 13.06185520 -2.85636673
v -0.18639521 13.06185520 -2.84384142
v -0.37194235 13.06185520 -2.82518262
v -0.55693426 13.06185520 -2.79989758
v -0.74154234 13.06185520 -2.76747368
v -0.92585337 13.06185520 -2.72747609
v -1.10992662 13.06185520 -2.67959990
v -1.29385005 13.06185520 -2.62366835
v -1.47777407 13.06185520 -2.55957976
v -1.66190461 13.06185520 -2.48721602
v -1.84644488 13.06185520 -2.40633382
v -2.03148514 13.06185520 -2.31646483
v -2.21685085 13.06185520 -2.21685085
v -2.40193002 13.06185520 -2.10643610
v -2.58550779 13.06185520 -1.98392991
v -2.76563994 13.06185520 -1.84794153
v -2.93959541 13.06185520 -1.69717620
v -3.10389121 13.06185520 -1.53066975
v -3.25443182 13.06185520 -1.34802980
v -3.38675127 13.06185520 -1.14964714
v -3.49634087 13.06185520 -0.93684171
v -3.57903143 13.06185520 -0.71191361
v -3.63138860 13.06185520 -0.47808138
v -3.65107413 13.06185520 -0.23930404
v -3.63712674 13.06185520 -0.00000000
v -3.59012346 13.06185520 0.23530912
v -3.51219514 13.06185520 0.46238926
v -3.40688669 13.06185520 0.67767190
v -3.27887193 13.06185520 0.87857109
v -3.13355092 13.06185520 1.06369721
v -2.97657334 13.06185520 1.23293705
v -2.81334119 13.06185520 1.38738634
v -2.64854763 13.06185520 1.52913969
v -2.48580468 13.06185520 1.66096158
v -2.32740166 13.06185520 1.78587810
v -2.17422007 13.06185520 1.90673983
v -2.02581091 13.06185520 2.02581091
v -1.88062009 13.06185520 2.14443622
v -1.73632966 13.06185520 2.26282887
v -1.59026823 13.06185520 2.38000459
v -1.43983701 13.06185520 2.49387086
v -1.28289718 13.06185520 2.60145814
v -1.11807118 13.06185520 2.69926262
v -0.94492379 13.06185520 2.78365572
v -0.76400549 13.06185520 2.85130732
v -0.57676015 13.06185520 2.89956908
v -0.38531659 13.06185520 2.92677007
v -0.19219898 13.06185520 2.93238974
v -0.00000000 13.06185520 2.91708955
v 0.18893584 13.06185520 2.88260389
v 0.37277519 13.06185520 2.83150872
v 0.55037103 13.06185520 2.76690201
v 0.72132989 13.06185520 2.69203979
v 0.88596736 13.06185520 2.60997568
v 1.04516404 13.06185520 2.52324920
v 1.20014783 13.06185520 2.43365905
v 1.35223784 13.06185520 2.34214464
v 1.50258892 13.06185520 2.24878323
v 1.65197372 13.06185520 2.15289406
v 1.80063181 13.06185520 2.05322707
v 1.94820391 13.06185520 1.94820391
v 2.09375545 13.06185520 1.83617425
v 2.23588030 13.06185520 1.71565130
v 2.37286359 13.06185520 1.58549676
v 2.50287458 13.06185520 1.44503531
v 2.62415781 13.06185520 1.29409142
v 2.73519236 13.06185520 1.13295377
v 2.83479603 13.06185520 0.96228359
v 2.92216147 13.06185520 0.78299081
v 2.99682279 13.06185520 0.59610512
v 3.05856357 13.06185520 0.40266753
v 3.10728623 13.06185520 0.20366230
v 3.15186533 13.57408482 0.00000000
v 3.17308958 13.57408482 -0.20797528
v 3.18024982 13.57408482 -0.41868783
v 3.17257025 13.57408482 -0.63106346
v 3.14906066 13.57408482 -0.84378826
v 3.10862500 13.57408482 -1.05523600
v 3.05021727 13.57408482 -1.26344136
v 2.97302130 13.57408482 -1.46613186
v 2.87662649 13.57408482 -1.66082108
v 2.76117150 13.57408482 -1.84495581
v 2.62743230 13.57408482 -2.01609972
v 2.47683891 13.57408482 -2.17212943
v 2.31141572 13.57408482 -2.31141572
v 2.13365162 13.57408482 -2.43296338
v 1.94631619 13.57408482 -2.53648864
v 1.75224620 13.57408482 -2.62242176
v 1.55413039 13.57408482 -2.69183280
v 1.35432031 13.57408482 -2.74628991
v 1.15469020 13.57408482 -2.78766875
v 0.95656140 13.57408482 -2.81793901
v 0.76069602 13.57408482 -2.83895620
v 0.56735497 13.57408482 -2.85228607
v 0.37640539 13.57408482 -2.85908282
v 0.18745652 13.57408482 -2.86003380
v 0.00000000 13.57408482 -2.85537257
v -0.18646799 13.57408482 -2.84495172
v -0.37236033 13.57408482 -2.82835750
v -0.55795769 13.57408482 -2.80504272
v -0.74341226 13.57408482 -2.77445233
v -0.92878710 13.57408482 -2.73611857
v -1.11411407 13.57408482 -2.68970931
v -1.29944920 13.57408482 -2.63502230
v -1.48490387 13.57408482 -2.57192895
v -1.67063460 13.57408482 -2.50028137
v -1.85678134 13.57408482 -2.41980456
v -2.04335506 13.57408482 -2.32999989
v -2.23008581 13.57408482 -2.23008581
v -2.41625279 13.57408482 -2.11899682
v -2.60052506 13.57408482 -1.99545306
v -2.78084422 13.57408482 -1.85810070
v -2.95437844 13.57408482 -1.70571119
v -3.11756995 13.57408482 -1.53741536
v -3.26628666 13.57408482 -1.35294023
v -3.39607409 13.57408482 -1.15281181
v -3.50248917 13.57408482 -0.93848914
v -3.58148338 13.57408482 -0.71240134
v -3.62979314 13.57408482 -0.47787133
v -3.64529021 13.57408482 -0.23892494
v -3.62724677 13.57408482 -0.00000000
v -3.57647725 13.57408482 0.23441470
v -3.49533277 13.57408482 0.46016929
v -3.38754122 13.57408482 0.67382384
v -3.25790488 13.57408482 0.87295298
v -3.11188592 13.57408482 1.05634293
v -2.95512444 13.57408482 1.22405262
v -2.79294332 13.57408482 1.37732722
v -2.62989634 13.57408482 1.51837136
v -2.46941130 13.57408482 1.65000788
v -2.31356818 13.57408482 1.77526330
v -2.16303570 13.57408482 1.89693139
v -2.01716973 13.57408482 2.01716973
v -1.87425681 13.57408482 2.13718029
v -1.73186829 13.57408482 2.25701469
v -1.58727734 13.57408482 2.37552841
v -1.43788461 13.57408482 2.49048921
v -1.28159862 13.57408482 2.59882491
v -1.11712481 13.57408482 2.69697787
v -0.94413085 13.57408482 2.78131979
v -0.76327298 13.57408482 2.84857356
v -0.57608774 13.57408482 2.89618863
v -0.38477067 13.57408482 2.92262341
v -0.19187857 13.57408482 2.92750132
v -0.00000000 13.57408482 2.91162435
v 0.18855850 13.57408482 2.87684678
v 0.37202756 13.57408482 2.82582983
v 0.54933883 13.57408482 2.76171280
v 0.72017925 13.57408482 2.68774554
v 0.88493364 13.57408482 2.60693044
v 1.04452989 13.57408482 2.52171824
v 1.20021394 13.57408482 2.43379310
v 1.35329064 13.57408482 2.34396814
v 1.50486988 13.57408482 2.25219693
v 1.65565430 13.57408482 2.15769069
v 1.80579710 13.57408482 2.05911695
v 1.95484665 13.57408482 1.95484665
v 2.10178054 13.57408482 1.84321206
v 2.24511829 13.57408482 1.72273986
v 2.38309059 13.57408482 1.59233023
v 2.51383529 13.57408482 1.45136348
v 2.63558805 13.57408482 1.29972819
v 2.74683802 13.57408482 1.13777756
v 2.84642622 13.57408482 0.96623150
v 2.93357462 13.57408482 0.78604895
v 3.00784606 13.57408482 0.59829778
v 3.06904673 13.57408482 0.40404767
v 3.11709242 13.57408482 0.20430503
v -0.06804562 -13.57408482 0.05234398
v -0.05704682 13.57408482 -0.06415417
f 97 98 1
f 98 2 1
f 98 99 2
f 99 3 2
f 99 100 3
f 100 4 3
f 100 101 4
f 101 5 4
f 101 102 5
f 102 6 5
f 102 103 6
f 103 7 6
f 103 104 7
f 104 8 7
f 104 105 8
f 105 9 8
f 105 106 9
f 106 10 9
f 106 107 10
f 107 11 10
f 107 108 11
f 108 12 11
f 108 109 12
f 109 13 12
f 109 110 13
f 110 14 13
f 110 111 14
f 111 15 14
f 111 112 15
f 112 16 15
f 112 113 16
f 113 17 16
f 113 114 17
f 114 18 17
f 114 115 18
f 115 19 18
f 115 116 19
f 116 20 19
f 116 117 20
f 117 21 20
f 117 118 21
f 118 22 21
f 118 119 22
f 119 23 22
f 119 120 23
f 120 24 23
f 120 121 24
f 121 25 24
f 121 122 25
f 122 26 25
f 122 123 26
f 123 27 26
f 123 124 27
f 124 28 27
f 124 125 28
f 125 29 28
f 125 126 29
f 126 30 29
f 126 127 30
f 127 31 30
f 127 128 31
f 128 32 31
f 128 129 32
f 129 33 32
f 129 130 33
f 130 34 33
f 130 131 34
f 131 35 34
f 131 132 35
f 132 36 35
f 132 133 36
f 133 37 36
f 133 134 37
f 134 38 37
f 134 135 38
f 135 39 38
f 135 136 39
f 136 40 39
f 136 137 40
f 137 41 40
f 137 138 41
f 138 42 41
f 138 139 42
f 139 43 42
f 139 140 43
f 140 44 43
f 140 141 44
f 141 45 44
f 141 142 45
f 142 46 45
f 142 143 46
f 143 47 46
f 143 144 47
f 144 48 47
f 144 145 48
f 145 49 48
f 145 146 49
f 146 50 49
f 146 147 50
f 147 51 50
f 147 148 51
f 148 52 51
f 148 149 52
f 149 53 52
f 149 150 53
f 150 54 53
f 150 151 54
f 151 55 54
f 151 152 55
f 152 56 55
f 152 153 56
f 153 57 56
f 153 154 57
f 154 58 57
f 154 155 58
f 155 59 58
f 155 156 59
f 156 60 59
f 156 157 60
f 157 61 60
f 157 158 61
f 158 62 61
f 158 159 62
f 159 63 62
f 159 160 63
f 160 64 63
f 160 161 64
f 161 65 64
f 161 162 65
f 162 66 65
f 162 163 66
f 163 67 66
f 163 164 67
f 164 68 67
f 164 165 68
f 165 69 68
f 165 166 69
f 166 70 69
f 166 167 70
f 167 71 70
f 167 168 71
f 168 72 71
f 168 169 72
f 169 73 72
f 169 170 73
f 170 74 73
f 170 171 74
f 171 75 74
f 171 172 75
f 172 76 75
f 172 173 76
f 173 77 76
f 173 174 77
f 174 78 77
f 174 175 78
f 175 79 78
f 175 176 79
f 176 80 79
f 176 177 80
f 177 81 80
f 177 178 81
f 178 82 81
f 178 179 82
f 179 83 82
f 179 180 83
f 180 84 83
f 180 181 84
f 181 85 84
f 181 182 85
f 182 86 85
f 182 183 86
f 183 87 86
f 183 184 87
f 184 88 87
f 184 185 88
f 185 89 88
f 185 186 89
f 186 90 89
f 186 187 90
f 187 91 90
f 187 188 91
f 188 92 91
f 188 189 92
f 189 93 92
f 189 190 93
f 190 94 93
f 190 191 94
f 191 95 94
f 191 192 95
f 192 96 95
f 192 97 96
f 97 1 96
f 193 194 97
f 194 98 97
f 194 195 98
f 195 99 98
f 195 196 99
f 196 100 99
f 196 197 100
f 197 101 100
f 197 198 101
f 198 102 101
f 198 199 102
f 199 103 102
f 199 200 103
f 200 104 103
f 200 201 104
f 201 105 104
f 201 202 105
f 202 106 105
f 202 203 106
f 203 107 106
f 203 204 107
f 204 108 107
f 204 205 108
f 205 109 108
f 205 206 109
f 206 110 109
f 206 207 110
f 207 111 110
f 207 208 111
f 208 112 111
f 208 209 112
f 209 113 112
f 209 210 113
f 210 114 113
f 210 211 114
f 211 115 114
f 211 212 115
f 212 116 115
f 212 213 116
f 213 117 116
f 213 214 117
f 214 118 117
f 214 215 118
f 215 119 118
f 215 216 119
f 216 120 119
f 216 217 120
f 217 121 120
f 217 218 121
f 218 122 121
f 218 219 122
f 219 123 122
f 219 220 123
f 220 124 123
f 220 221 124
f 221 125 124
f 221 222 125
f 222 126 125
f 222 223 126
f 223 127 126
f 223 224 127
f 224 128 127
f 224 225 128
f 225 129 128
f 225 226 129
f 226 130 129
f 226 227 130
f 227 131 130
f 227 228 131
f 228 132 131
f 228 229 132
f 229 133 132
f 229 230 133
f 230 134 133
f 230 231 134
f 231 135 134
f 231 232 135
f 232 136 135
f 232 233 136
f 233 137 136
f 233 234 137
f 234 138 137
f 234 235 138
f 235 139 138
f 235 236 139
f 236 140 139
f 236 237 140
f 237 141 140
f 237 238 141
f 238 142 141
f 238 239 142
f 239 143 142
f 239 240 143
f 240 144 143
f 240 241 144
f 241 145 144
f 241 242 145
f 242 146 145
f 242 243 146
f 243 147 146
f 243 244 147
f 244 148 147
f 244 245 148
f 245 149 148
f 245 246 149
f 246 150 149
f 246 247 150
f 247 151 150
f 247 248 151
f 248 152 151
f 248 249 152
f 249 153 152
f 249 250 153
f 250 154 153
f 250 251 154
f 251 155 154
f 251 252 155
f 252 156 155
f 252 253 156
f 253 157 156
f 253 254 157
f 254 158 157
f 254 255 158
f 255 159 158
f 255 256 159
f 256 160 159
f 256 257 160
f 257 161 160
f 257 258 161
f 258 162 161
f 258 259 162
f 259 163 162
f 259 260 163
f 260 164 163
f 260 261 164
f 261 165 164
f 261 262 165
f 262 166 165
f 262 263 166
f 263 167 166
f 263 264 167
f 264 168 167
f 264 265 168
f 265 169 168
f 265 266 169
f 266 170 169
f 266 267 170
f 267 171 170
f 267 268 171
f 268 172 171
f 268 269 172
f 269 173 172
f 269 270 173
f 270 174 173
f 270 271 174
f 271 175 174
f 271 272 175
f 272 176 175
f 272 273 176
f 273 177 176
f 273 274 177
f 274 178 177
f 274 275 178
f 275 179 178
f 275 276 179
f 276 180 179
f 276 277 180
f 277 181 180
f 277 278 181
f 278 182 181
f 278 279 182
f 279 183 182
f 279 280 183
f 280 184 183
f 280 281 184
f 281 185 184
f 281 282 185
f 282 186 185
f 282 283 186
f 283 187 186
f 283 284 187
f 284 188 187
f 284 285 188
f 285 189 188
f 285 286 189
f 286 190 189
f 286 287 190
f 287 191 190
f 287 288 191
f 288 192 191
f 288 193 192
f 193 97 192
f 289 290 193
f 290 194 193
f 290 291 194
f 291 195 194
f 291 292 195
f 292 196 195
f 292 293 196
f 293 197 196
f 293 294 197
f 294 198 197
f 294 295 198
f 295 199 198
f 295 296 199
f 296 200 199
f 296 297 200
f 297 201 200
f 297 298 201
f 298 202 201
f 298 299 202
f 299 203 202
f 299 300 203
f 300 204 203
f 300 301 204
f 301 205 204
f 301 302 205
f 302 206 205
f 302 303 206
f 303 207 206
f 303 304 207
f 304 208 207
f 304 305 208
f 305 209 208
f 305 306 209
f 306 210 209
f 306 307 210
f 307 211 210
f 307 308 211
f 308 212 211
f 308 309 212
f 309 213 212
f 309 310 213
f 310 214 213
f 310 311 214
f 311 215 214
f 311 312 215
f 312 216 215
f 312 313 216
f 313 217 216
f 313 314 217
f 314 218 217
f 314 315 218
f 315 219 218
f 315 316 219
f 316 220 219
f 316 317 220
f 317 221 220
f 317 318 221
f 318 222 221
f 318 319 222
f 319 223 222
f 319 320 223
f 320 224 223
f 320 321 224
f 321 225 224
f 321 322 225
f 322 226 225
f 322 323 226
f 323 227 226
f 323 324 227
f 324 228 227
f 324 325 228
f 325 229 228
f 325 326 229
f 326 230 229
f 326 327 230
f 327 231 230
f 327 328 231
f 328 232 231
f 328 329 232
f 329 233 232
f 329 330 233
f 330 234 233
f 330 331 234
f 331 235 234
f 331 332 235
f 332 236 235
f 332 333 236
f 333 237 236
f 333 334 237
f 334 238 237
f 334 335 238
f 335 239 238
f 335 336 239
f 336 240 239
f 336 337 240
f 337 241 240
f 337 338 241
f 338 242 241
f 338 339 242
f 339 243 242
f 339 340 243
f 340 244 243
f 340 341 244
f 341 245 244
f 341 342 245
f 342 246 245
f 342 343 246
f 343 247 246
f 343 344 247
f 344 248 247
f 344 345 248
f 345 249 248
f 345 346 249
f 346 250 249
f 346 347 250
f 347 251 250
f 347 348 251
f 348 252 251
f 348 349 252
f 349 253 252
f 349 350 253
f 350 254 253
f 350 351 254
f 351 255 254
f 351 352 255
f 352 256 255
f 352 353 256
f 353 257 256
f 353 354 257
f 354 258 257
f 354 355 258
f 355 259 258
f 355 356 259
f 356 260 259
f 356 357 260
f 357 261 260
f 357 358 261
f 358 262 261
f 358 359 262
f 359 263 262
f 359 360 263
f 360 264 263
f 360 361 264
f 361 265 264
f 361 362 265
f 362 266 265
f 362 363 266
f 363 267 266
f 363 364 267
f 364 268 267
f 364 365 268
f 365 269 268
f 365 366 269
f 366 270 269
f 366 367 270
f 367 271 270
f 367 368 271
f 368 272 271
f 368 369 272
f 369 273 272
f 369 370 273
f 370 274 273
f 370 371 274
f 371 275 274
f 371 372 275
f 372 276 275
f 372 373 276
f 373 277 276
f 373 374 277
f 374 278 277
f 374 375 278
f 375 279 278
f 375 376 279
f 376 280 279
f 376 377 280
f 377 281 280
f 377 378 281
f 378 282 281
f 378 379 282
f 379 283 282
f 379 380 283
f 380 284 283
f 380 381 284
f 381 285 284
f 381 382 285
f 382 286 285
f 382 383 286
f 383 287 286
f 383 384 287
f 384 288 287
f 384 289 288
f 289 193 288
f 385 386 289
f 386 290 289
f 386 387 290
f 387 291 290
f 387 388 291
f 388 292 291
f 388 389 292
f 389 293 292
f 389 390 293
f 390 294 293
f 390 391 294
f 391 295 294
f 391 392 295
f 392 296 295
f 392 393 296
f 393 297 296
f 393 394 297
f 394 298 297
f 394 395 298
f 395 299 298
f 395 396 299
f 396 300 299
f 396 397 300
f 397 301 300
f 397 398 301
f 398 302 301
f 398 399 302
f 399 303 302
f 399 400 303
f 400 304 303
f 400 401 304
f 401 305 304
f 401 402 305
f 402 306 305
f 402 403 306
f 403 307 306
f 403 404 307
f 404 308 307
f 404 405 308
f 405 309 308
f 405 406 309
f 406 310 309
f 406 407 310
f 407 311 310
f 407 408 311
f 408 312 311
f 408 409 312
f 409 313 312
f 409 410 313
f 410 314 313
f 410 411 314
f 411 315 314
f 411 412 315
f 412 316 315
f 412 413 316
f 413 317 316
f 413 414 317
f 414 318 317
f 414 415 318
f 415 319 318
f 415 416 319
f 416 320 319
f 416 417 320
f 417 321 320
f 417 418 321
f 418 322 321
f 418 419 322
f 419 323 322
f 419 420 323
f 420 324 323
f 420 421 324
f 421 325 324
f 421 422 325
f 422 326 325
f 422 423 326
f 423 327 326
f 423 424 327
f 424 328 327
f 424 425 328
f 425 329 328
f 425 426 329
f 426 330 329
f 426 427 330
f 427 331 330
f 427 428 331
f 428 332 331
f 428 429 332
f 429 333 332
f 429 430 333
f 430 334 333
f 430 431 334
f 431 335 334
f 431 432 335
f 432 336 335
f 432 433 336
f 433 337 336
f 433 434 337
f 434 338 337
f 434 435 338
f 435 339 338
f 435 436 339
f 436 340 339
f 436 437 340
f 437 341 340
f 437 438 341
f 438 342 341
f 438 439 342
f 439 343 342
f 439 440 343
f 440 344 343
f 440 441 344
f 441 345 344
f 441 442 345
f 442 346 345
f 442 443 346
f 443 347 346
f 443 444 347
f 444 348 347
f 444 445 348
f 445 349 348
f 445 446 349
f 446 350 349
f 446 447 350
f 447 351 350
f 447 448 351
f 448 352 351
f 448 449 352
f 449 353 352
f 449 450 353
f 450 354 353
f 450 451 354
f 451 355 354
f 451 452 355
f 452 356 355
f 452 453 356
f 453 357 356
f 453 454 357
f 454 358 357
f 454 455 358
f 455 359 358
f 455 456 359
f 456 360 359
f 456 457 360
f 457 361 360
f 457 458 361
f 458 362 361
f 458 459 362
f 459 363 362
f 459 460 363
f 460 364 363
f 460 461 364
f 461 365 364
f 461 462 365
f 462 366 365
f 462 463 366
f 463 367 366
f 463 464 367
f 464 368 367
f 464 465 368
f 465 369 368
f 465 466 369
f 466 370 369
f 466 467 370
f 467 371 370
f 467 468 371
f 468 372 371
f 468 469 372
f 469 373 372
f 469 470 373
f 470 374 373
f 470 471 374
f 471 375 374
f 471 472 375
f 472 376 375
f 472 473 376
f 473 377 376
f 473 474 377
f 474 378 377
f 474 475 378
f 475 379 378
f 475 476 379
f 476 380 379
f 476 477 380
f 477 381 380
f 477 478 381
f 478 382 381
f 478 479 382
f 479 383 382
f 479 480 383
f 480 384 383
f 480 385 384
f 385 289 384
f 481 482 385
f 482 386 385
f 482 483 386
f 483 387 386
f 483 484 387
f 484 388 387
f 484 485 388
f 485 389 388
f 485 486 389
f 486 390 389
f 486 487 390
f 487 391 390
f 487 488 391
f 488 392 391
f 488 489 392
f 489 393 392
f 489 490 393
f 490 394 393
f 490 491 394
f 491 395 394
f 491 492 395
f 492 396 395
f 492 493 396
f 493 397 396
f 493 494 397
f 494 398 397
f 494 495 398
f 495 399 398
f 495 496 399
f 496 400 399
f 496 497 400
f 497 401 400
f 497 498 401
f 498 402 401
f 498 499 402
f 499 403 402
f 499 500 403
f 500 404 403
f 500 501 404
f 501 405 404
f 501 502 405
f 502 406 405
f 502 503 406
f 503 407 406
f 503 504 407
f 504 408 407
f 504 505 408
f 505 409 408
f 505 506 409
f 506 410 409
f 506 507 410
f 507 411 410
f 507 508 411
f 508 412 411
f 508 509 412
f 509 413 412
f 509 510 413
f 510 414 413
f 510 511 414
f 511 415 414
f 511 512 415
f 512 416 415
f 512 513 416
f 513 417 416
f 513 514 417
f 514 418 417
f 514 515 418
f 515 419 418
f 515 516 419
f 516 420 419
f 516 517 420
f 517 421 420
f 517 518 421
f 518 422 421
f 518 519 422
f 519 423 422
f 519 520 423
f 520 424 423
f 520 521 424
f 521 425 424
f 521 522 425
f 522 426 425
f 522 523 426
f 523 427 426
f 523 524 427
f 524 428 427
f 524 525 428
f 525 429 428
f 525 526 429
f 526 430 429
f 526 527 430
f 527 431 430
f 527 528 431
f 528 432 431
f 528 529 432
f 529 433 432
f 529 530 433
f 530 434 433
f 530 531 434
f 531 435 434
f 531 532 435
f 532 436 435
f 532 533 436
f 533 437 436
f 533 534 437
f 534 438 437
f 534 535 438
f 535 439 438
f 535 536 439
f 536 440 439
f 536 537 440
f 537 441 440
f 537 538 441
f 538 442 441
f 538 539 442
f 539 443 442
f 539 540 443
f 540 444 443
f 540 541 444
f 541 445 444
f 541 542 445
f 542 446 445
f 542 543 446
f 543 447 446
f 543 544 447
f 544 448 447
f 544 545 448
f 545 449 448
f 545 546 449
f 546 450 449
f 546 547 450
f 547 451 450
f 547 548 451
f 548 452 451
f 548 549 452
f 549 453 452
f 549 550 453
f 550 454 453
f 550 551 454
f 551 455 454
f 551 552 455
f 552 456 455
f 552 553 456
f 553 457 456
f 553 554 457
f 554 458 457
f 554 555 458
f 555 459 458
f 555 556 459
f 556 460 459
f 556 557 460
f 557 461 460
f 557 558 461
f 558 462 461
f 558 559 462
f 559 463 462
f 559 560 463
f 560 464 463
f 560 561 464
f 561 465 464
f 561 562 465
f 562 466 465
f 562 563 466
f 563 467 466
f 563 564 467
f 564 468 467
f 564 565 468
f 565 469 468
f 565 566 469
f 566 470 469
f 566 567 470
f 567 471 470
f 567 568 471
f 568 472 471
f 568 569 472
f 569 473 472
f 569 570 473
f 570 474 473
f 570 571 474
f 571 475 474
f 571 572 475
f 572 476 475
f 572 573 476
f 573 477 476
f 573 574 477
f 574 478 477
f 574 575 478
f 575 479 478
f 575 576 479
f 576 480 479
f 576 481 480
f 481 385 480
f 577 578 481
f 578 482 481
f 578 579 482
f 579 483 482
f 579 580 483
f 580 484 483
f 580 581 484
f 581 485 484
f 581 582 485
f 582 486 485
f 582 583 486
f 583 487 486
f 583 584 487
f 584 488 487
f 584 585 488
f 585 489 488
f 585 586 489
f 586 490 489
f 586 587 490
f 587 491 490
f 587 588 491
f 588 492 491
f 588 589 492
f 589 493 492
f 589 590 493
f 590 494 493
f 590 591 494
f 591 495 494
f 591 592 495
f 592 496 495
f 592 593 496
f 593 497 496
f 593 594 497
f 594 498 497
f 594 595 498
f 595 499 498
f 595 596 499
f 596 500 499
f 596 597 500
f 597 501 500
f 597 598 501
f 598 502 501
f 598 599 502
f 599 503 502
f 599 600 503
f 600 504 503
f 600 601 504
f 601 505 504
f 601 602 505
f 602 506 505
f 602 603 506
f 603 507 506
f 603 604 507
f 604 508 507
f 604 605 508
f 605 509 508
f 605 606 509
f 606 510 509
f 606 607 510
f 607 511 510
f 607 608 511
f 608 512 511
f 608 609 512
f 609 513 512
f 609 610 513
f 610 514 513
f 610 611 514
f 611 515 514
f 611 612 515
f 612 516 515
f 612 613 516
f 613 517 516
f 613 614 517
f 614 518 517
f 614 615 518
f 615 519 518
f 615 616 519
f 616 520 519
f 616 617 520
f 617 521 520
f 617 618 521
f 618 522 521
f 618 619 522
f 619 523 522
f 619 620 523
f 620 524 523
f 620 621 524
f 621 525 524
f 621 622 525
f 622 526 525
f 622 623 526
f 623 527 526
f 623 624 527
f 624 528 527
f 624 625 528
f 625 529 528
f 625 626 529
f 626 530 529
f 626 627 530
f 627 531 530
f 627 628 531
f 628 532 531
f 628 629 532
f 629 533 532
f 629 630 533
f 630 534 533
f 630 631 534
f 631 535 534
f 631 632 535
f 632 536 535
f 632 633 536
f 633 537 536
f 633 634 537
f 634 538 537
f 634 635 538
f 635 539 538
f 635 636 539
f 636 540 539
f 636 637 540
f 637 541 540
f 637 638 541
f 638 542 541
f 638 639 542
f 639 543 542
f 639 640 543
f 640 544 543
f 640 641 544
f 641 545 544
f 641 642 545
f 642 546 545
f 642 643 546
f 643 547 546
f 643 644 547
f 644 548 547
f 644 645 548
f 645 549 548
f 645 646 549
f 646 550 549
f 646 647 550
f 647 551 550
f 647 648 551
f 648 552 551
f 648 649 552
f 649 553 552
f 649 650 553
f 650 554 553
f 650 651 554
f 651 555 554
f 651 652 555
f 652 556 555
f 652 653 556
f 653 557 556
f 653 654 557
f 654 558 557
f 654 655 558
f 655 559 558
f 655 656 559
f 656 560 559
f 656 657 560
f 657 561 560
f 657 658 561
f 658 562 561
f 658 659 562
f 659 563 562
f 659 660 563
f 660 564 563
f 660 661 564
f 661 565 564
f 661 662 565
f 662 566 565
f 662 663 566
f 663 567 566
f 663 664 567
f 664 568 567
f 664 665 568
f 665 569 568
f 665 666 569
f 666 570 569
f 666 667 570
f 667 571 570
f 667 668 571
f 668 572 571
f 668 669 572
f 669 573 572
f 669 670 573
f 670 574 573
f 670 671 574
f 671 575 574
f 671 672 575
f 672 576 575
f 672 577 576
f 577 481 576
f 673 674 577
f 674 578 577
f 674 675 578
f 675 579 578
f 675 676 579
f 676 580 579
f 676 677 580
f 677 581 580
f 677 678 581
f 678 582 581
f 678 679 582
f 679 583 582
f 679 680 583
f 680 584 583
f 680 681 584
f 681 585 584
f 681 682 585
f 682 586 585
f 682 683 586
f 683 587 586
f 683 684 587
f 684 588 587
f 684 685 588
f 685 589 588
f 685 686 589
f 686 590 589
f 686 687 590
f 687 591 590
f 687 688 591
f 688 592 591
f 688 689 592
f 689 593 592
f 689 690 593
f 690 594 593
f 690 691 594
f 691 595 594
f 691 692 595
f 692 596 595
f 692 693 596
f 693 597 596
f 693 694 597
f 694 598 597
f 694 695 598
f 695 599 598
f 695 696 599
f 696 600 599
f 696 697 600
f 697 601 600
f 697 698 601
f 698 602 601
f 698 699 602
f 699 603 602
f 699 700 603
f 700 604 603
f 700 701 604
f 701 605 604
f 701 702 605
f 702 606 605
f 702 703 606
f 703 607 606
f 703 704 607
f 704 608 607
f 704 705 608
f 705 609 608
f 705 706 609
f 706 610 609
f 706 707 610
f 707 611 610
f 707 708 611
f 708 612 611
f 708 709 612
f 709 613 612
f 709 710 613
f 710 614 613
f 710 711 614
f 711 615 614
f 711 712 615
f 712 616 615
f 712 713 616
f 713 617 616
f 713 714 617
f 714 618 617
f 714 715 618
f 715 619 618
f 715 716 619
f 716 620 619
f 716 717 620
f 717 621 620
f 717 718 621
f 718 622 621
f 718 719 622
f 719 623 622
f 719 720 623
f 720 624 623
f 720 721 624
f 721 625 624
f 721 722 625
f 722 626 625
f 722 723 626
f 723 627 626
f 723 724 627
f 724 628 627
f 724 725 628
f 725 629 628
f 725 726 629
f 726 630 629
f 726 727 630
f 727 631 630
f 727 728 631
f 728 632 631
f 728 729 632
f 729 633 632
f 729 730 633
f 730 634 633
f 730 731 634
f 731 635 634
f 731 732 635
f 732 636 635
f 732 733 636
f 733 637 636
f 733 734 637
f 734 638 637
f 734 735 638
f 735 639 638
f 735 736 639
f 736 640 639
f 736 737 640
f 737 641 640
f 737 738 641
f 738 642 641
f 738 739 642
f 739 643 642
f 739 740 643
f 740 644 643
f 740 741 644
f 741 645 644
f 741 742 645
f 742 646 645
f 742 743 646
f 743 647 646
f 743 744 647
f 744 648 647
f 744 745 648
f 745 649 648
f 745 746 649
f 746 650 649
f 746 747 650
f 747 651 650
f 747 748 651
f 748 652 651
f 748 749 652
f 749 653 652
f 749 750 653
f 750 654 653
f 750 751 654
f 751 655 654
f 751 752 655
f 752 656 655
f 752 753 656
f 753 657 656
f 753 754 657
f 754 658 657
f 754 755 658
f 755 659 658
f 755 756 659
f 756 660 659
f 756 757 660
f 757 661 660
f 757 758 661
f 758 662 661
f 758 759 662
f 759 663 662
f 759 760 663
f 760 664 663
f 760 761 664
f 761 665 664
f 761 762 665
f 762 666 665
f 762 763 666
f 763 667 666
f 763 764 667
f 764 668 667
f 764 765 668
f 765 669 668
f 765 766 669
f 766 670 669
f 766 767 670
f 767 671 670
f 767 768 671
f 768 672 671
f 768 673 672
f 673 577 672
f 769 770 673
f 770 674 673
f 770 771 674
f 771 675 674
f 771 772 675
f 772 676 675
f 772 773 676
f 773 677 676
f 773 774 677
f 774 678 677
f 774 775 678
f 775 679 678
f 775 776 679
f 776 680 679
f 776 777 680
f 777 681 680
f 777 778 681
f 778 682 681
f 778 779 682
f 779 683 682
f 779 780 683
f 780 684 683
f 780 781 684
f 781 685 684
f 781 782 685
f 782 686 685
f 782 783 686
f 783 687 686
f 783 784 687
f 784 688 687
f 784 785 688
f 785 689 688
f 785 786 689
f 786 690 689
f 786 787 690
f 787 691 690
f 787 788 691
f 788 692 691
f 788 789 692
f 789 693 692
f 789 790 693
f 790 694 693
f 790 791 694
f 791 695 694
f 791 792 695
f 792 696 695
f 792 793 696
f 793 697 696
f 793 794 697
f 794 698 697
f 794 795 698
f 795 699 698
f 795 796 699
f 796 700 699
f 796 797 700
f 797 701 700
f 797 798 701
f 798 702 701
f 798 799 702
f 799 703 702
f 799 800 703
f 800 704 703
f 800 801 704
f 801 705 704
f 801 802 705
f 802 706 705
f 802 803 706
f 803 707 706
f 803 804 707
f 804 708 707
f 804 805 708
f 805 709 708
f 805 806 709
f 806 710 709
f 806 807 710
f 807 711 710
f 807 808 711
f 808 712 711
f 808 809 712
f 809 713 712
f 809 810 713
f 810 714 713
f 810 811 714
f 811 715 714
f 811 812 715
f 812 716 715
f 812 813 716
f 813 717 716
f 813 814 717
f 814 718 717
f 814 815 718
f 815 719 718
f 815 816 719
f 816 720 719
f 816 817 720
f 817 721 720
f 817 818 721
f 818 722 721
f 818 819 722
f 819 723 722
f 819 820 723
f 820 724 723
f 820 821 724
f 821 725 724
f 821 822 725
f 822 726 725
f 822 823 726
f 823 727 726
f 823 824 727
f 824 728 727
f 824 825 728
f 825 729 728
f 825 826 729
f 826 730 729
f 826 827 730
f 827 731 730
f 827 828 731
f 828 732 731
f 828 829 732
f 829 733 732
f 829 830 733
f 830 734 733
f 830 831 734
f 831 735 734
f 831 832 735
f 832 736 735
f 832 833 736
f 833 737 736
f 833 834 737
f 834 738 737
f 834 835 738
f 835 739 738
f 835 836 739
f 836 740 739
f 836 837 740
f 837 741 740
f 837 838 741
f 838 742 741
f 838 839 742
f 839 743 742
f 839 840 743
f 840 744 743
f 840 841 744
f 841 745 744
f 841 842 745
f 842 746 745
f 842 843 746
f 843 747 746
f 843 844 747
f 844 748 747
f 844 845 748
f 845 749 748
f 845 846 749
f 846 750 749
f 846 847 750
f 847 751 750
f 847 848 751
f 848 752 751
f 848 849 752
f 849 753 752
f 849 850 753
f 850 754 753
f 850 851 754
f 851 755 754
f 851 852 755
f 852 756 755
f 852 853 756
f 853 757 756
f 853 854 757
f 854 758 757
f 854 855 758
f 855 759 758
f 855 856 759
f 856 760 759
f 856 857 760
f 857 761 760
f 857 858 761
f 858 762 761
f 858 859 762
f 859 763 762
f 859 860 763
f 860 764 763
f 860 861 764
f 861 765 764
f 861 862 765
f 862 766 765
f 862 863 766
f 863 767 766
f 863 864 767
f 864 768 767
f 864 769 768
f 769 673 768
f 865 866 769
f 866 770 769
f 866 867 770
f 867 771 770
f 867 868 771
f 868 772 771
f 868 869 772
f 869 773 772
f 869 870 773
f 870 774 773
f 870 871 774
f 871 775 774
f 871 872 775
f 872 776 775
f 872 873 776
f 873 777 776
f 873 874 777
f 874 778 777
f 874 875 778
f 875 779 778
f 875 876 779
f 876 780 779
f 876 877 780
f 877 781 780
f 877 878 781
f 878 782 781
f 878 879 782
f 879 783 782
f 879 880 783
f 880 784 783
f 880 881 784
f 881 785 784
f 881 882 785
f 882 786 785
f 882 883 786
f 883 787 786
f 883 884 787
f 884 788 787
f 884 885 788
f 885 789 788
f 885 886 789
f 886 790 789
f 886 887 790
f 887 791 790
f 887 888 791
f 888 792 791
f 888 889 792
f 889 793 792
f 889 890 793
f 890 794 793
f 890 891 794
f 891 795 794
f 891 892 795
f 892 796 795
f 892 893 796
f 893 797 796
f 893 894 797
f 894 798 797
f 894 895 798
f 895 799 798
f 895 896 799
f 896 800 799
f 896 897 800
f 897 801 800
f 897 898 801
f 898 802 801
f 898 899 802
f 899 803 802
f 899 900 803
f 900 804 803
f 900 901 804
f 901 805 804
f 901 902 805
f 902 806 805
f 902 903 806
f 903 807 806
f 903 904 807
f 904 808 807
f 904 905 808
f 905 809 808
f 905 906 809
f 906 810 809
f 906 907 810
f 907 811 810
f 907 908 811
f 908 812 811
f 908 909 812
f 909 813 812
f 909 910 813
f 910 814 813
f 910 911 814
f 911 815 814
f 911 912 815
f 912 816 815
f 912 913 816
f 913 817 816
f 913 914 817
f 914 818 817
f 914 915 818
f 915 819 818
f 915 916 819
f 916 820 819
f 916 917 820
f 917 821 820
f 917 918 821
f 918 822 821
f 918 919 822
f 919 823 822
f 919 920 823
f 920 824 823
f 920 921 824
f 921 825 824
f 921 922 825
f 922 826 825
f 922 923 826
f 923 827 826
f 923 924 827
f 924 828 827
f 924 925 828
f 925 829 828
f 925 926 829
f 926 830 829
f 926 927 830
f 927 831 830
f 927 928 831
f 928 832 831
f 928 929 832
f 929 833 832
f 929 930 833
f 930 834 833
f 930 931 834
f 931 835 834
f 931 932 835
f 932 836 835
f 932 933 836
f 933 837 836
f 933 934 837
f 934 838 837
f 934 935 838
f 935 839 838
f 935 936 839
f 936 840 839
f 936 937 840
f 937 841 840
f 937 938 841
f 938 842 841
f 938 939 842
f 939 843 842
f 939 940 843
f 940 844 843
f 940 941 844
f 941 845 844
f 941 942 845
f 942 846 845
f 942 943 846
f 943 847 846
f 943 944 847
f 944 848 847
f 944 945 848
f 945 849 848
f 945 946 849
f 946 850 849
f 946 947 850
f 947 851 850
f 947 948 851
f 948 852 851
f 948 949 852
f 949 853 852
f 949 950 853
f 950 854 853
f 950 951 854
f 951 855 854
f 951 952 855
f 952 856 855
f 952 953 856
f 953 857 856
f 953 954 857
f 954 858 857
f 954 955 858
f 955 859 858
f 955 956 859
f 956 860 859
f 956 957 860
f 957 861 860
f 957 958 861
f 958 862 861
f 958 959 862
f 959 863 862
f 959 960 863
f 960 864 863
f 960 865 864
f 865 769 864
f 961 962 865
f 962 866 865
f 962 963 866
f 963 867 866
f 963 964 867
f 964 868 867
f 964 965 868
f 965 869 868
f 965 966 869
f 966 870 869
f 966 967 870
f 967 871 870
f 967 968 871
f 968 872 871
f 968 969 872
f 969 873 872
f 969 970 873
f 970 874 873
f 970 971 874
f 971 875 874
f 971 972 875
f 972 876 875
f 972 973 876
f 973 877 876
f 973 974 877
f 974 878 877
f 974 975 878
f 975 879 878
f 975 976 879
f 976 880 879
f 976 977 880
f 977 881 880
f 977 978 881
f 978 882 881
f 978 979 882
f 979 883 882
f 979 980 883
f 980 884 883
f 980 981 884
f 981 885 884
f 981 982 885
f 982 886 885
f 982 983 886
f 983 887 886
f 983 984 887
f 984 888 887
f 984 985 888
f 985 889 888
f 985 986 889
f 986 890 889
f 986 987 890
f 987 891 890
f 987 988 891
f 988 892 891
f 988 989 892
f 989 893 892
f 989 990 893
f 990 894 893
f 990 991 894
f 991 895 894
f 991 992 895
f 992 896 895
f 992 993 896
f 993 897 896
f 993 994 897
f 994 898 897
f 994 995 898
f 995 899 898
f 995 996 899
f 996 900 899
f 996 997 900
f 997 901 900
f 997 998 901
f 998 902 901
f 998 999 902
f 999 903 902
f 999 1000 903
f 1000 904 903
f 1000 1001 904
f 1001 905 904
f 1001 1002 905
f 1002 906 905
f 1002 1003 906
f 1003 907 906
f 1003 1004 907
f 1004 908 907
f 1004 1005 908
f 1005 909 908
f 1005 1006 909
f 1006 910 909
f 1006 1007 910
f 1007 911 910
f 1007 1008 911
f 1008 912 911
f 1008 1009 912
f 1009 913 912
f 1009 1010 913
f 1010 914 913
f 1010 1011 914
f 1011 915 914
f 1011 1012 915
f 1012 916 915
f 1012 1013 916
f 1013 917 916
f 1013 1014 917
f 1014 918 917
f 1014 1015 918
f 1015 919 918
f 1015 1016 919
f 1016 920 919
f 1016 1017 920
f 1017 921 920
f 1017 1018 921
f 1018 922 921
f 1018 1019 922
f 1019 923 922
f 1019 1020 923
f 1020 924 923
f 1020 1021 924
f 1021 925 924
f 1021 1022 925
f 1022 926 925
f 1022 1023 926
f 1023 927 926
f 1023 1024 927
f 1024 928 927
f 1024 1025 928
f 1025 929 928
f 1025 1026 929
f 1026 930 929
f 1026 1027 930
f 1027 931 930
f 1027 1028 931
f 1028 932 931
f 1028 1029 932
f 1029 933 932
f 1029 1030 933
f 1030 934 933
f 1030 1031 934
f 1031 935 934
f 1031 1032 935
f 1032 936 935
f 1032 1033 936
f 1033 937 936
f 1033 1034 937
f 1034 938 937
f 1034 1035 938
f 1035 939 938
f 1035 1036 939
f 1036 940 939
f 1036 1037 940
f 1037 941 940
f 1037 1038 941
f 1038 942 941
f 1038 1039 942
f 1039 943 942
f 1039 1040 943
f 1040 944 943
f 1040 1041 944
f 1041 945 944
f 1041 1042 945
f 1042 946 945
f 1042 1043 946
f 1043 947 946
f 1043 1044 947
f 1044 948 947
f 1044 1045 948
f 1045 949 948
f 1045 1046 949
f 1046 950 949
f 1046 1047 950
f 1047 951 950
f 1047 1048 951
f 1048 952 951
f 1048 1049 952
f 1049 953 952
f 1049 1050 953
f 1050 954 953
f 1050 1051 954
f 1051 955 954
f 1051 1052 955
f 1052 956 955
f 1052 1053 956
f 1053 957 956
f 1053 1054 957
f 1054 958 957
f 1054 1055 958
f 1055 959 958
f 1055 1056 959
f 1056 960 959
f 1056 961 960
f 961 865 960
f 1057 1058 961
f 1058 962 961
f 1058 1059 962
f 1059 963 962
f 1059 1060 963
f 1060 964 963
f 1060 1061 964
f 1061 965 964
f 1061 1062 965
f 1062 966 965
f 1062 1063 966
f 1063 967 966
f 1063 1064 967
f 1064 968 967
f 1064 1065 968
f 1065 969 968
f 1065 1066 969
f 1066 970 969
f 1066 1067 970
f 1067 971 970
f 1067 1068 971
f 1068 972 971
f 1068 1069 972
f 1069 973 972
f 1069 1070 973
f 1070 974 973
f 1070 1071 974
f 1071 975 974
f 1071 1072 975
f 1072 976 975
f 1072 1073 976
f 1073 977 976
f 1073 1074 977
f 1074 978 977
f 1074 1075 978
f 1075 979 978
f 1075 1076 979
f 1076 980 979
f 1076 1077 980
f 1077 981 980
f 1077 1078 981
f 1078 982 981
f 1078 1079 982
f 1079 983 982
f 1079 1080 983
f 1080 984 983
f 1080 1081 984
f 1081 985 984
f 1081 1082 985
f 1082 986 985
f 1082 1083 986
f 1083 987 986
f 1083 1084 987
f 1084 988 987
f 1084 1085 988
f 1085 989 988
f 1085 1086 989
f 1086 990 989
f 1086 1087 990
f 1087 991 990
f 1087 1088 991
f 1088 992 991
f 1088 1089 992
f 1089 993 992
f 1089 1090 993
f 1090 994 993
f 1090 1091 994
f 1091 995 994
f 1091 1092 995
f 1092 996 995
f 1092 1093 996
f 1093 997 996
f 1093 1094 997
f 1094 998 997
f 1094 1095 998
f 1095 999 998
f 1095 1096 999
f 1096 1000 999
f 1096 1097 1000
f 1097 1001 1000
f 1097 1098 1001
f 1098 1002 1001
f 1098 1099 1002
f 1099 1003 1002
f 1099 1100 1003
f 1100 1004 1003
f 1100 1101 1004
f 1101 1005 1004
f 1101 1102 1005
f 1102 1006 1005
f 1102 1103 1006
f 1103 1007 1006
f 1103 1104 1007
f 1104 1008 1007
f 1104 1105 1008
f 1105 1009 1008
f 1105 1106 1009
f 1106 1010 1009
f 1106 1107 1010
f 1107 1011 1010
f 1107 1108 1011
f 1108 1012 1011
f 1108 1109 1012
f 1109 1013 1012
f 1109 1110 1013
f 1110 1014 1013
f 1110 1111 1014
f 1111 1015 1014
f 1111 1112 1015
f 1112 1016 1015
f 1112 1113 1016
f 1113 1017 1016
f 1113 1114 1017
f 1114 1018 1017
f 1114 1115 1018
f 1115 1019 1018
f 1115 1116 1019
f 1116 1020 1019
f 1116 1117 1020
f 1117 1021 1020
f 1117 1118 1021
f 1118 1022 1021
f 1118 1119 1022
f 1119 1023 1022
f 1119 1120 1023
f 1120 1024 1023
f 1120 1121 1024
f 1121 1025 1024
f 1121 1122 1025
f 1122 1026 1025
f 1122 1123 1026
f 1123 1027 1026
f 1123 1124 1027
f 1124 1028 1027
f 1124 1125 1028
f 1125 1029 1028
f 1125 1126 1029
f 1126 1030 1029
f 1126 1127 1030
f 1127 1031 1030
f 1127 1128 1031
f 1128 1032 1031
f 1128 1129 1032
f 1129 1033 1032
f 1129 1130 1033
f 1130 1034 1033
f 1130 1131 1034
f 1131 1035 1034
f 1131 1132 1035
f 1132 1036 1035
f 1132 1133 1036
f 1133 1037 1036
f 1133 1134 1037
f 1134 1038 1037
f 1134 1135 1038
f 1135 1039 1038
f 1135 1136 1039
f 1136 1040 1039
f 1136 1137 1040
f 1137 1041 1040
f 1137 1138 1041
f 1138 1042 1041
f 1138 1139 1042
f 1139 1043 1042
f 1139 1140 1043
f 1140 1044 1043
f 1140 1141 1044
f 1141 1045 1044
f 1141 1142 1045
f 1142 1046 1045
f 1142 1143 1046
f 1143 1047 1046
f 1143 1144 1047
f 1144 1048 1047
f 1144 1145 1048
f 1145 1049 1048
f 1145 1146 1049
f 1146 1050 1049
f 1146 1147 1050
f 1147 1051 1050
f 1147 1148 1051
f 1148 1052 1051
f 1148 1149 1052
f 1149 1053 1052
f 1149 1150 1053
f 1150 1054 1053
f 1150 1151 1054
f 1151 1055 1054
f 1151 1152 1055
f 1152 1056 1055
f 1152 1057 1056
f 1057 961 1056
f 1153 1154 1057
f 1154 1058 1057
f 1154 1155 1058
f 1155 1059 1058
f 1155 1156 1059
f 1156 1060 1059
f 1156 1157 1060
f 1157 1061 1060
f 1157 1158 1061
f 1158 1062 1061
f 1158 1159 1062
f 1159 1063 1062
f 1159 1160 1063
f 1160 1064 1063
f 1160 1161 1064
f 1161 1065 1064
f 1161 1162 1065
f 1162 1066 1065
f 1162 1163 1066
f 1163 1067 1066
f 1163 1164 1067
f 1164 1068 1067
f 1164 1165 1068
f 1165 1069 1068
f 1165 1166 1069
f 1166 1070 1069
f 1166 1167 1070
f 1167 1071 1070
f 1167 1168 1071
f 1168 1072 1071
f 1168 1169 1072
f 1169 1073 1072
f 1169 1170 1073
f 1170 1074 1073
f 1170 1171 1074
f 1171 1075 1074
f 1171 1172 1075
f 1172 1076 1075
f 1172 1173 1076
f 1173 1077 1076
f 1173 1174 1077
f 1174 1078 1077
f 1174 1175 1078
f 1175 1079 1078
f 1175 1176 1079
f 1176 1080 1079
f 1176 1177 1080
f 1177 1081 1080
f 1177 1178 1081
f 1178 1082 1081
f 1178 1179 1082
f 1179 1083 1082
f 1179 1180 1083
f 1180 1084 1083
f 1180 1181 1084
f 1181 1085 1084
f 1181 1182 1085
f 1182 1086 1085
f 1182 1183 1086
f 1183 1087 1086
f 1183 1184 1087
f 1184 1088 1087
f 1184 1185 1088
f 1185 1089 1088
f 1185 1186 1089
f 1186 1090 1089
f 1186 1187 1090
f 1187 1091 1090
f 1187 1188 1091
f 1188 1092 1091
f 1188 1189 1092
f 1189 1093 1092
f 1189 1190 1093
f 1190 1094 1093
f 1190 1191 1094
f 1191 1095 1094
f 1191 1192 1095
f 1192 1096 1095
f 1192 1193 1096
f 1193 1097 1096
f 1193 1194 1097
f 1194 1098 1097
f 1194 1195 1098
f 1195 1099 1098
f 1195 1196 1099
f 1196 1100 1099
f 1196 1197 1100
f 1197 1101 1100
f 1197 1198 1101
f 1198 1102 1101
f 1198 1199 1102
f 1199 1103 1102
f 1199 1200 1103
f 1200 1104 1103
f 1200 1201 1104
f 1201 1105 1104
f 1201 1202 1105
f 1202 1106 1105
f 1202 1203 1106
f 1203 1107 1106
f 1203 1204 1107
f 1204 1108 1107
f 1204 1205 1108
f 1205 1109 1108
f 1205 1206 1109
f 1206 1110 1109
f 1206 1207 1110
f 1207 1111 1110
f 1207 1208 1111
f 1208 1112 1111
f 1208 1209 1112
f 1209 1113 1112
f 1209 1210 1113
f 1210 1114 1113
f 1210 1211 1114
f 1211 1115 1114
f 1211 1212 1115
f 1212 1116 1115
f 1212 1213 1116
f 1213 1117 1116
f 1213 1214 1117
f 1214 1118 1117
f 1214 1215 1118
f 1215 1119 1118
f 1215 1216 1119
f 1216 1120 1119
f 1216 1217 1120
f 1217 1121 1120
f 1217 1218 1121
f 1218 1122 1121
f 1218 1219 1122
f 1219 1123 1122
f 1219 1220 1123
f 1220 1124 1123
f 1220 1221 1124
f 1221 1125 1124
f 1221 1222 1125
f 1222 1126 1125
f 1222 1223 1126
f 1223 1127 1126
f 1223 1224 1127
f 1224 1128 1127
f 1224 1225 1128
f 1225 1129 1128
f 1225 1226 1129
f 1226 1130 1129
f 1226 1227 1130
f 1227 1131 1130
f 1227 1228 1131
f 1228 1132 1131
f 1228 1229 1132
f 1229 1133 1132
f 1229 1230 1133
f 1230 1134 1133
f 1230 1231 1134
f 1231 1135 1134
f 1231 1232 1135
f 1232 1136 1135
f 1232 1233 1136
f 1233 1137 1136
f 1233 1234 1137
f 1234 1138 1137
f 1234 1235 1138
f 1235 1139 1138
f 1235 1236 1139
f 1236 1140 1139
f 1236 1237 1140
f 1237 1141 1140
f 1237 1238 1141
f 1238 1142 1141
f 1238 1239 1142
f 1239 1143 1142
f 1239 1240 1143
f 1240 1144 1143
f 1240 1241 1144
f 1241 1145 1144
f 1241 1242 1145
f 1242 1146 1145
f 1242 1243 1146
f 1243 1147 1146
f 1243 1244 1147
f 1244 1148 1147
f 1244 1245 1148
f 1245 1149 1148
f 1245 1246 1149
f 1246 1150 1149
f 1246 1247 1150
f 1247 1151 1150
f 1247 1248 1151
f 1248 1152 1151
f 1248 1153 1152
f 1153 1057 1152
f 1249 1250 1153
f 1250 1154 1153
f 1250 1251 1154
f 1251 1155 1154
f 1251 1252 1155
f 1252 1156 1155
f 1252 1253 1156
f 1253 1157 1156
f 1253 1254 1157
f 1254 1158 1157
f 1254 1255 1158
f 1255 1159 1158
f 1255 1256 1159
f 1256 1160 1159
f 1256 1257 1160
f 1257 1161 1160
f 1257 1258 1161
f 1258 1162 1161
f 1258 1259 1162
f 1259 1163 1162
f 1259 1260 1163
f 1260 1164 1163
f 1260 1261 1164
f 1261 1165 1164
f 1261 1262 1165
f 1262 1166 1165
f 1262 1263 1166
f 1263 1167 1166
f 1263 1264 1167
f 1264 1168 1167
f 1264 1265 1168
f 1265 1169 1168
f 1265 1266 1169
f 1266 1170 1169
f 1266 1267 1170
f 1267 1171 1170
f 1267 1268 1171
f 1268 1172 1171
f 1268 1269 1172
f 1269 1173 1172
f 1269 1270 1173
f 1270 1174 1173
f 1270 1271 1174
f 1271 1175 1174
f 1271 1272 1175
f 1272 1176 1175
f 1272 1273 1176
f 1273 1177 1176
f 1273 1274 1177
f 1274 1178 1177
f 1274 1275 1178
f 1275 1179 1178
f 1275 1276 1179
f 1276 1180 1179
f 1276 1277 1180
f 1277 1181 1180
f 1277 1278 1181
f 1278 1182 1181
f 1278 1279 1182
f 1279 1183 1182
f 1279 1280 1183
f 1280 1184 1183
f 1280 1281 1184
f 1281 1185 1184
f 1281 1282 1185
f 1282 1186 1185
f 1282 1283 1186
f 1283 1187 1186
f 1283 1284 1187
f 1284 1188 1187
f 1284 1285 1188
f 1285 1189 1188
f 1285 1286 1189
f 1286 1190 1189
f 1286 1287 1190
f 1287 1191 1190
f 1287 1288 1191
f 1288 1192 1191
f 1288 1289 1192
f 1289 1193 1192
f 1289 1290 1193
f 1290 1194 1193
f 1290 1291 1194
f 1291 1195 1194
f 1291 1292 1195
f 1292 1196 1195
f 1292 1293 1196
f 1293 1197 1196
f 1293 1294 1197
f 1294 1198 1197
f 1294 1295 1198
f 1295 1199 1198
f 1295 1296 1199
f 1296 1200 1199
f 1296 1297 1200
f 1297 1201 1200
f 1297 1298 1201
f 1298 1202 1201
f 1298 1299 1202
f 1299 1203 1202
f 1299 1300 1203
f 1300 1204 1203
f 1300 1301 1204
f 1301 1205 1204
f 1301 1302 1205
f 1302 1206 1205
f 1302 1303 1206
f 1303 1207 1206
f 1303 1304 1207
f 1304 1208 1207
f 1304 1305 1208
f 1305 1209 1208
f 1305 1306 1209
f 1306 1210 1209
f 1306 1307 1210
f 1307 1211 1210
f 1307 1308 1211
f 1308 1212 1211
f 1308 1309 1212
f 1309 1213 1212
f 1309 1310 1213
f 1310 1214 1213
f 1310 1311 1214
f 1311 1215 1214
f 1311 1312 1215
f 1312 1216 1215
f 1312 1313 1216
f 1313 1217 1216
f 1313 1314 1217
f 1314 1218 1217
f 1314 1315 1218
f 1315 1219 1218
f 1315 1316 1219
f 1316 1220 1219
f 1316 1317 1220
f 1317 1221 1220
f 1317 1318 1221
f 1318 1222 1221
f 1318 1319 1222
f 1319 1223 1222
f 1319 1320 1223
f 1320 1224 1223
f 1320 1321 1224
f 1321 1225 1224
f 1321 1322 1225
f 1322 1226 1225
f 1322 1323 1226
f 1323 1227 1226
f 1323 1324 1227
f 1324 1228 1227
f 1324 1325 1228
f 1325 1229 1228
f 1325 1326 1229
f 1326 1230 1229
f 1326 1327 1230
f 1327 1231 1230
f 1327 1328 1231
f 1328 1232 1231
f 1328 1329 1232
f 1329 1233 1232
f 1329 1330 1233
f 1330 1234 1233
f 1330 1331 1234
f 1331 1235 1234
f 1331 1332 1235
f 1332 1236 1235
f 1332 1333 1236
f 1333 1237 1236
f 1333 1334 1237
f 1334 1238 1237
f 1334 1335 1238
f 1335 1239 1238
f 1335 1336 1239
f 1336 1240 1239
f 1336 1337 1240
f 1337 1241 1240
f 1337 1338 1241
f 1338 1242 1241
f 1338 1339 1242
f 1339 1243 1242
f 1339 1340 1243
f 1340 1244 1243
f 1340 1341 1244
f 1341 1245 1244
f 1341 1342 1245
f 1342 1246 1245
f 1342 1343 1246
f 1343 1247 1246
f 1343 1344 1247
f 1344 1248 1247
f 1344 1249 1248
f 1249 1153 1248
f 1345 1346 1249
f 1346 1250 1249
f 1346 1347 1250
f 1347 1251 1250
f 1347 1348 1251
f 1348 1252 1251
f 1348 1349 1252
f 1349 1253 1252
f 1349 1350 1253
f 1350 1254 1253
f 1350 1351 1254
f 1351 1255 1254
f 1351 1352 1255
f 1352 1256 1255
f 1352 1353 1256
f 1353 1257 1256
f 1353 1354 1257
f 1354 1258 1257
f 1354 1355 1258
f 1355 1259 1258
f 1355 1356 1259
f 1356 1260 1259
f 1356 1357 1260
f 1357 1261 1260
f 1357 1358 1261
f 1358 1262 1261
f 1358 1359 1262
f 1359 1263 1262
f 1359 1360 1263
f 1360 1264 1263
f 1360 1361 1264
f 1361 1265 1264
f 1361 1362 1265
f 1362 1266 1265
f 1362 1363 1266
f 1363 1267 1266
f 1363 1364 1267
f 1364 1268 1267
f 1364 1365 1268
f 1365 1269 1268
f 1365 1366 1269
f 1366 1270 1269
f 1366 1367 1270
f 1367 1271 1270
f 1367 1368 1271
f 1368 1272 1271
f 1368 1369 1272
f 1369 1273 1272
f 1369 1370 1273
f 1370 1274 1273
f 1370 1371 1274
f 1371 1275 1274
f 1371 1372 1275
f 1372 1276 1275
f 1372 1373 1276
f 1373 1277 1276
f 1373 1374 1277
f 1374 1278 1277
f 1374 1375 1278
f 1375 1279 1278
f 1375 1376 1279
f 1376 1280 1279
f 1376 1377 1280
f 1377 1281 1280
f 1377 1378 1281
f 1378 1282 1281
f 1378 1379 1282
f 1379 1283 1282
f 1379 1380 1283
f 1380 1284 1283
f 1380 1381 1284
f 1381 1285 1284
f 1381 1382 1285
f 1382 1286 1285
f 1382 1383 1286
f 1383 1287 1286
f 1383 1384 1287
f 1384 1288 1287
f 1384 1385 1288
f 1385 1289 1288
f 1385 1386 1289
f 1386 1290 1289
f 1386 1387 1290
f 1387 1291 1290
f 1387 1388 1291
f 1388 1292 1291
f 1388 1389 1292
f 1389 1293 1292
f 1389 1390 1293
f 1390 1294 1293
f 1390 1391 1294
f 1391 1295 1294
f 1391 1392 1295
f 1392 1296 1295
f 1392 1393 1296
f 1393 1297 1296
f 1393 1394 1297
f 1394 1298 1297
f 1394 1395 1298
f 1395 1299 1298
f 1395 1396 1299
f 1396 1300 1299
f 1396 1397 1300
f 1397 1301 1300
f 1397 1398 1301
f 1398 1302 1301
f 1398 1399 1302
f 1399 1303 1302
f 1399 1400 1303
f 1400 1304 1303
f 1400 1401 1304
f 1401 1305 1304
f 1401 1402 1305
f 1402 1306 1305
f 1402 1403 1306
f 1403 1307 1306
f 1403 1404 1307
f 1404 1308 1307
f 1404 1405 1308
f 1405 1309 1308
f 1405 1406 1309
f 1406 1310 1309
f 1406 1407 1310
f 1407 1311 1310
f 1407 1408 1311
f 1408 1312 1311
f 1408 1409 1312
f 1409 1313 1312
f 1409 1410 1313
f 1410 1314 1313
f 1410 1411 1314
f 1411 1315 1314
f 1411 1412 1315
f 1412 1316 1315
f 1412 1413 1316
f 1413 1317 1316
f 1413 1414 1317
f 1414 1318 1317
f 1414 1415 1318
f 1415 1319 1318
f 1415 1416 1319
f 1416 1320 1319
f 1416 1417 1320
f 1417 1321 1320
f 1417 1418 1321
f 1418 1322 1321
f 1418 1419 1322
f 1419 1323 1322
f 1419 1420 1323
f 1420 1324 1323
f 1420 1421 1324
f 1421 1325 1324
f 1421 1422 1325
f 1422 1326 1325
f 1422 1423 1326
f 1423 1327 1326
f 1423 1424 1327
f 1424 1328 1327
f 1424 1425 1328
f 1425 1329 1328
f 1425 1426 1329
f 1426 1330 1329
f 1426 1427 1330
f 1427 1331 1330
f 1427 1428 1331
f 1428 1332 1331
f 1428 1429 1332
f 1429 1333 1332
f 1429 1430 1333
f 1430 1334 1333
f 1430 1431 1334
f 1431 1335 1334
f 1431 1432 1335
f 1432 1336 1335
f 1432 1433 1336
f 1433 1337 1336
f 1433 1434 1337
f 1434 1338 1337
f 1434 1435 1338
f 1435 1339 1338
f 1435 1436 1339
f 1436 1340 1339
f 1436 1437 1340
f 1437 1341 1340
f 1437 1438 1341
f 1438 1342 1341
f 1438 1439 1342
f 1439 1343 1342
f 1439 1440 1343
f 1440 1344 1343
f 1440 1345 1344
f 1345 1249 1344
f 1441 1442 1345
f 1442 1346 1345
f 1442 1443 1346
f 1443 1347 1346
f 1443 1444 1347
f 1444 1348 1347
f 1444 1445 1348
f 1445 1349 1348
f 1445 1446 1349
f 1446 1350 1349
f 1446 1447 1350
f 1447 1351 1350
f 1447 1448 1351
f 1448 1352 1351
f 1448 1449 1352
f 1449 1353 1352
f 1449 1450 1353
f 1450 1354 1353
f 1450 1451 1354
f 1451 1355 1354
f 1451 1452 1355
f 1452 1356 1355
f 1452 1453 1356
f 1453 1357 1356
f 1453 1454 1357
f 1454 1358 1357
f 1454 1455 1358
f 1455 1359 1358
f 1455 1456 1359
f 1456 1360 1359
f 1456 1457 1360
f 1457 1361 1360
f 1457 1458 1361
f 1458 1362 1361
f 1458 1459 1362
f 1459 1363 1362
f 1459 1460 1363
f 1460 1364 1363
f 1460 1461 1364
f 1461 1365 1364
f 1461 1462 1365
f 1462 1366 1365
f 1462 1463 1366
f 1463 1367 1366
f 1463 1464 1367
f 1464 1368 1367
f 1464 1465 1368
f 1465 1369 1368
f 1465 1466 1369
f 1466 1370 1369
f 1466 1467 1370
f 1467 1371 1370
f 1467 1468 1371
f 1468 1372 1371
f 1468 1469 1372
f 1469 1373 1372
f 1469 1470 1373
f 1470 1374 1373
f 1470 1471 1374
f 1471 1375 1374
f 1471 1472 1375
f 1472 1376 1375
f 1472 1473 1376
f 1473 1377 1376
f 1473 1474 1377
f 1474 1378 1377
f 1474 1475 1378
f 1475 1379 1378
f 1475 1476 1379
f 1476 1380 1379
f 1476 1477 1380
f 1477 1381 1380
f 1477 1478 1381
f 1478 1382 1381
f 1478 1479 1382
f 1479 1383 1382
f 1479 1480 1383
f 1480 1384 1383
f 1480 1481 1384
f 1481 1385 1384
f 1481 1482 1385
f 1482 1386 1385
f 1482 1483 1386
f 1483 1387 1386
f 1483 1484 1387
f 1484 1388 1387
f 1484 1485 1388
f 1485 1389 1388
f 1485 1486 1389
f 1486 1390 1389
f 1486 1487 1390
f 1487 1391 1390
f 1487 1488 1391
f 1488 1392 1391
f 1488 1489 1392
f 1489 1393 1392
f 1489 1490 1393
f 1490 1394 1393
f 1490 1491 1394
f 1491 1395 1394
f 1491 1492 1395
f 1492 1396 1395
f 1492 1493 1396
f 1493 1397 1396
f 1493 1494 1397
f 1494 1398 1397
f 1494 1495 1398
f 1495 1399 1398
f 1495 1496 1399
f 1496 1400 1399
f 1496 1497 1400
f 1497 1401 1400
f 1497 1498 1401
f 1498 1402 1401
f 1498 1499 1402
f 1499 1403 1402
f 1499 1500 1403
f 1500 1404 1403
f 1500 1501 1404
f 1501 1405 1404
f 1501 1502 1405
f 1502 1406 1405
f 1502 1503 1406
f 1503 1407 1406
f 1503 1504 1407
f 1504 1408 1407
f 1504 1505 1408
f 1505 1409 1408
f 1505 1506 1409
f 1506 1410 1409
f 1506 1507 1410
f 1507 1411 1410
f 1507 1508 1411
f 1508 1412 1411
f 1508 1509 1412
f 1509 1413 1412
f 1509 1510 1413
f 1510 1414 1413
f 1510 1511 1414
f 1511 1415 1414
f 1511 1512 1415
f 1512 1416 1415
f 1512 1513 1416
f 1513 1417 1416
f 1513 1514 1417
f 1514 1418 1417
f 1514 1515 1418
f 1515 1419 1418
f 1515 1516 1419
f 1516 1420 1419
f 1516 1517 1420
f 1517 1421 1420
f 1517 1518 1421
f 1518 1422 1421
f 1518 1519 1422
f 1519 1423 1422
f 1519 1520 1423
f 1520 1424 1423
f 1520 1521 1424
f 1521 1425 1424
f 1521 1522 1425
f 1522 1426 1425
f 1522 1523 1426
f 1523 1427 1426
f 1523 1524 1427
f 1524 1428 1427
f 1524 1525 1428
f 1525 1429 1428
f 1525 1526 1429
f 1526 1430 1429
f 1526 1527 1430
f 1527 1431 1430
f 1527 1528 1431
f 1528 1432 1431
f 1528 1529 1432
f 1529 1433 1432
f 1529 1530 1433
f 1530 1434 1433
f 1530 1531 1434
f 1531 1435 1434
f 1531 1532 1435
f 1532 1436 1435
f 1532 1533 1436
f 1533 1437 1436
f 1533 1534 1437
f 1534 1438 1437
f 1534 1535 1438
f 1535 1439 1438
f 1535 1536 1439
f 1536 1440 1439
f 1536 1441 1440
f 1441 1345 1440
f 1537 1538 1441
f 1538 1442 1441
f 1538 1539 1442
f 1539 1443 1442
f 1539 1540 1443
f 1540 1444 1443
f 1540 1541 1444
f 1541 1445 1444
f 1541 1542 1445
f 1542 1446 1445
f 1542 1543 1446
f 1543 1447 1446
f 1543 1544 1447
f 1544 1448 1447
f 1544 1545 1448
f 1545 1449 1448
f 1545 1546 1449
f 1546 1450 1449
f 1546 1547 1450
f 1547 1451 1450
f 1547 1548 1451
f 1548 1452 1451
f 1548 1549 1452
f 1549 1453 1452
f 1549 1550 1453
f 1550 1454 1453
f 1550 1551 1454
f 1551 1455 1454
f 1551 1552 1455
f 1552 1456 1455
f 1552 1553 1456
f 1553 1457 1456
f 1553 1554 1457
f 1554 1458 1457
f 1554 1555 1458
f 1555 1459 1458
f 1555 1556 1459
f 1556 1460 1459
f 1556 1557 1460
f 1557 1461 1460
f 1557 1558 1461
f 1558 1462 1461
f 1558 1559 1462
f 1559 1463 1462
f 1559 1560 1463
f 1560 1464 1463
f 1560 1561 1464
f 1561 1465 1464
f 1561 1562 1465
f 1562 1466 1465
f 1562 1563 1466
f 1563 1467 1466
f 1563 1564 1467
f 1564 1468 1467
f 1564 1565 1468
f 1565 1469 1468
f 1565 1566 1469
f 1566 1470 1469
f 1566 1567 1470
f 1567 1471 1470
f 1567 1568 1471
f 1568 1472 1471
f 1568 1569 1472
f 1569 1473 1472
f 1569 1570 1473
f 1570 1474 1473
f 1570 1571 1474
f 1571 1475 1474
f 1571 1572 1475
f 1572 1476 1475
f 1572 1573 1476
f 1573 1477 1476
f 1573 1574 1477
f 1574 1478 1477
f 1574 1575 1478
f 1575 1479 1478
f 1575 1576 1479
f 1576 1480 1479
f 1576 1577 1480
f 1577 1481 1480
f 1577 1578 1481
f 1578 1482 1481
f 1578 1579 1482
f 1579 1483 1482
f 1579 1580 1483
f 1580 1484 1483
f 1580 1581 1484
f 1581 1485 1484
f 1581 1582 1485
f 1582 1486 1485
f 1582 1583 1486
f 1583 1487 1486
f 1583 1584 1487
f 1584 1488 1487
f 1584 1585 1488
f 1585 1489 1488
f 1585 1586 1489
f 1586 1490 1489
f 1586 1587 1490
f 1587 1491 1490
f 1587 1588 1491
f 1588 1492 1491
f 1588 1589 1492
f 1589 1493 1492
f 1589 1590 1493
f 1590 1494 1493
f 1590 1591 1494
f 1591 1495 1494
f 1591 1592 1495
f 1592 1496 1495
f 1592 1593 1496
f 1593 1497 1496
f 1593 1594 1497
f 1594 1498 1497
f 1594 1595 1498
f 1595 1499 1498
f 1595 1596 1499
f 1596 1500 1499
f 1596 1597 1500
f 1597 1501 1500
f 1597 1598 1501
f 1598 1502 1501
f 1598 1599 1502
f 1599 1503 1502
f 1599 1600 1503
f 1600 1504 1503
f 1600 1601 1504
f 1601 1505 1504
f 1601 1602 1505
f 1602 1506 1505
f 1602 1603 1506
f 1603 1507 1506
f 1603 1604 1507
f 1604 1508 1507
f 1604 1605 1508
f 1605 1509 1508
f 1605 1606 1509
f 1606 1510 1509
f 1606 1607 1510
f 1607 1511 1510
f 1607 1608 1511
f 1608 1512 1511
f 1608 1609 1512
f 1609 1513 1512
f 1609 1610 1513
f 1610 1514 1513
f 1610 1611 1514
f 1611 1515 1514
f 1611 1612 1515
f 1612 1516 1515
f 1612 1613 1516
f 1613 1517 1516
f 1613 1614 1517
f 1614 1518 1517
f 1614 1615 1518
f 1615 1519 1518
f 1615 1616 1519
f 1616 1520 1519
f 1616 1617 1520
f 1617 1521 1520
f 1617 1618 1521
f 1618 1522 1521
f 1618 1619 1522
f 1619 1523 1522
f 1619 1620 1523
f 1620 1524 1523
f 1620 1621 1524
f 1621 1525 1524
f 1621 1622 1525
f 1622 1526 1525
f 1622 1623 1526
f 1623 1527 1526
f 1623 1624 1527
f 1624 1528 1527
f 1624 1625 1528
f 1625 1529 1528
f 1625 1626 1529
f 1626 1530 1529
f 1626 1627 1530
f 1627 1531 1530
f 1627 1628 1531
f 1628 1532 1531
f 1628 1629 1532
f 1629 1533 1532
f 1629 1630 1533
f 1630 1534 1533
f 1630 1631 1534
f 1631 1535 1534
f 1631 1632 1535
f 1632 1536 1535
f 1632 1537 1536
f 1537 1441 1536
f 1633 1634 1537
f 1634 1538 1537
f 1634 1635 1538
f 1635 1539 1538
f 1635 1636 1539
f 1636 1540 1539
f 1636 1637 1540
f 1637 1541 1540
f 1637 1638 1541
f 1638 1542 1541
f 1638 1639 1542
f 1639 1543 1542
f 1639 1640 1543
f 1640 1544 1543
f 1640 1641 1544
f 1641 1545 1544
f 1641 1642 1545
f 1642 1546 1545
f 1642 1643 1546
f 1643 1547 1546
f 1643 1644 1547
f 1644 1548 1547
f 1644 1645 1548
f 1645 1549 1548
f 1645 1646 1549
f 1646 1550 1549
f 1646 1647 1550
f 1647 1551 1550
f 1647 1648 1551
f 1648 1552 1551
f 1648 1649 1552
f 1649 1553 1552
f 1649 1650 1553
f 1650 1554 1553
f 1650 1651 1554
f 1651 1555 1554
f 1651 1652 1555
f 1652 1556 1555
f 1652 1653 1556
f 1653 1557 1556
f 1653 1654 1557
f 1654 1558 1557
f 1654 1655 1558
f 1655 1559 1558
f 1655 1656 1559
f 1656 1560 1559
f 1656 1657 1560
f 1657 1561 1560
f 1657 1658 1561
f 1658 1562 1561
f 1658 1659 1562
f 1659 1563 1562
f 1659 1660 1563
f 1660 1564 1563
f 1660 1661 1564
f 1661 1565 1564
f 1661 1662 1565
f 1662 1566 1565
f 1662 1663 1566
f 1663 1567 1566
f 1663 1664 1567
f 1664 1568 1567
f 1664 1665 1568
f 1665 1569 1568
f 1665 1666 1569
f 1666 1570 1569
f 1666 1667 1570
f 1667 1571 1570
f 1667 1668 1571
f 1668 1572 1571
f 1668 1669 1572
f 1669 1573 1572
f 1669 1670 1573
f 1670 1574 1573
f 1670 1671 1574
f 1671 1575 1574
f 1671 1672 1575
f 1672 1576 1575
f 1672 1673 1576
f 1673 1577 1576
f 1673 1674 1577
f 1674 1578 1577
f 1674 1675 1578
f 1675 1579 1578
f 1675 1676 1579
f 1676 1580 1579
f 1676 1677 1580
f 1677 1581 1580
f 1677 1678 1581
f 1678 1582 1581
f 1678 1679 1582
f 1679 1583 1582
f 1679 1680 1583
f 1680 1584 1583
f 1680 1681 1584
f 1681 1585 1584
f 1681 1682 1585
f 1682 1586 1585
f 1682 1683 1586
f 1683 1587 1586
f 1683 1684 1587
f 1684 1588 1587
f 1684 1685 1588
f 1685 1589 1588
f 1685 1686 1589
f 1686 1590 1589
f 1686 1687 1590
f 1687 1591 1590
f 1687 1688 1591
f 1688 1592 1591
f 1688 1689 1592
f 1689 1593 1592
f 1689 1690 1593
f 1690 1594 1593
f 1690 1691 1594
f 1691 1595 1594
f 1691 1692 1595
f 1692 1596 1595
f 1692 1693 1596
f 1693 1597 1596
f 1693 1694 1597
f 1694 1598 1597
f 1694 1695 1598
f 1695 1599 1598
f 1695 1696 1599
f 1696 1600 1599
f 1696 1697 1600
f 1697 1601 1600
f 1697 1698 1601
f 1698 1602 1601
f 1698 1699 1602
f 1699 1603 1602
f 1699 1700 1603
f 1700 1604 1603
f 1700 1701 1604
f 1701 1605 1604
f 1701 1702 1605
f 1702 1606 1605
f 1702 1703 1606
f 1703 1607 1606
f 1703 1704 1607
f 1704 1608 1607
f 1704 1705 1608
f 1705 1609 1608
f 1705 1706 1609
f 1706 1610 1609
f 1706 1707 1610
f 1707 1611 1610
f 1707 1708 1611
f 1708 1612 1611
f 1708 1709 1612
f 1709 1613 1612
f 1709 1710 1613
f 1710 1614 1613
f 1710 1711 1614
f 1711 1615 1614
f 1711 1712 1615
f 1712 1616 1615
f 1712 1713 1616
f 1713 1617 1616
f 1713 1714 1617
f 1714 1618 1617
f 1714 1715 1618
f 1715 1619 1618
f 1715 1716 1619
f 1716 1620 1619
f 1716 1717 1620
f 1717 1621 1620
f 1717 1718 1621
f 1718 1622 1621
f 1718 1719 1622
f 1719 1623 1622
f 1719 1720 1623
f 1720 1624 1623
f 1720 1721 1624
f 1721 1625 1624
f 1721 1722 1625
f 1722 1626 1625
f 1722 1723 1626
f 1723 1627 1626
f 1723 1724 1627
f 1724 1628 1627
f 1724 1725 1628
f 1725 1629 1628
f 1725 1726 1629
f 1726 1630 1629
f 1726 1727 1630
f 1727 1631 1630
f 1727 1728 1631
f 1728 1632 1631
f 1728 1633 1632
f 1633 1537 1632
f 1729 1730 1633
f 1730 1634 1633
f 1730 1731 1634
f 1731 1635 1634
f 1731 1732 1635
f 1732 1636 1635
f 1732 1733 1636
f 1733 1637 1636
f 1733 1734 1637
f 1734 1638 1637
f 1734 1735 1638
f 1735 1639 1638
f 1735 1736 1639
f 1736 1640 1639
f 1736 1737 1640
f 1737 1641 1640
f 1737 1738 1641
f 1738 1642 1641
f 1738 1739 1642
f 1739 1643 1642
f 1739 1740 1643
f 1740 1644 1643
f 1740 1741 1644
f 1741 1645 1644
f 1741 1742 1645
f 1742 1646 1645
f 1742 1743 1646
f 1743 1647 1646
f 1743 1744 1647
f 1744 1648 1647
f 1744 1745 1648
f 1745 1649 1648
f 1745 1746 1649
f 1746 1650 1649
f 1746 1747 1650
f 1747 1651 1650
f 1747 1748 1651
f 1748 1652 1651
f 1748 1749 1652
f 1749 1653 1652
f 1749 1750 1653
f 1750 1654 1653
f 1750 1751 1654
f 1751 1655 1654
f 1751 1752 1655
f 1752 1656 1655
f 1752 1753 1656
f 1753 1657 1656
f 1753 1754 1657
f 1754 1658 1657
f 1754 1755 1658
f 1755 1659 1658
f 1755 1756 1659
f 1756 1660 1659
f 1756 1757 1660
f 1757 1661 1660
f 1757 1758 1661
f 1758 1662 1661
f 1758 1759 1662
f 1759 1663 1662
f 1759 1760 1663
f 1760 1664 1663
f 1760 1761 1664
f 1761 1665 1664
f 1761 1762 1665
f 1762 1666 1665
f 1762 1763 1666
f 1763 1667 1666
f 1763 1764 1667
f 1764 1668 1667
f 1764 1765 1668
f 1765 1669 1668
f 1765 1766 1669
f 1766 1670 1669
f 1766 1767 1670
f 1767 1671 1670
f 1767 1768 1671
f 1768 1672 1671
f 1768 1769 1672
f 1769 1673 1672
f 1769 1770 1673
f 1770 1674 1673
f 1770 1771 1674
f 1771 1675 1674
f 1771 1772 1675
f 1772 1676 1675
f 1772 1773 1676
f 1773 1677 1676
f 1773 1774 1677
f 1774 1678 1677
f 1774 1775 1678
f 1775 1679 1678
f 1775 1776 1679
f 1776 1680 1679
f 1776 1777 1680
f 1777 1681 1680
f 1777 1778 1681
f 1778 1682 1681
f 1778 1779 1682
f 1779 1683 1682
f 1779 1780 1683
f 1780 1684 1683
f 1780 1781 1684
f 1781 1685 1684
f 1781 1782 1685
f 1782 1686 1685
f 1782 1783 1686
f 1783 1687 1686
f 1783 1784 1687
f 1784 1688 1687
f 1784 1785 1688
f 1785 1689 1688
f 1785 1786 1689
f 1786 1690 1689
f 1786 1787 1690
f 1787 1691 1690
f 1787 1788 1691
f 1788 1692 1691
f 1788 1789 1692
f 1789 1693 1692
f 1789 1790 1693
f 1790 1694 1693
f 1790 1791 1694
f 1791 1695 1694
f 1791 1792 1695
f 1792 1696 1695
f 1792 1793 1696
f 1793 1697 1696
f 1793 1794 1697
f 1794 1698 1697
f 1794 1795 1698
f 1795 1699 1698
f 1795 1796 1699
f 1796 1700 1699
f 1796 1797 1700
f 1797 1701 1700
f 1797 1798 1701
f 1798 1702 1701
f 1798 1799 1702
f 1799 1703 1702
f 1799 1800 1703
f 1800 1704 1703
f 1800 1801 1704
f 1801 1705 1704
f 1801 1802 1705
f 1802 1706 1705
f 1802 1803 1706
f 1803 1707 1706
f 1803 1804 1707
f 1804 1708 1707
f 1804 1805 1708
f 1805 1709 1708
f 1805 1806 1709
f 1806 1710 1709
f 1806 1807 1710
f 1807 1711 1710
f 1807 1808 1711
f 1808 1712 1711
f 1808 1809 1712
f 1809 1713 1712
f 1809 1810 1713
f 1810 1714 1713
f 1810 1811 1714
f 1811 1715 1714
f 1811 1812 1715
f 1812 1716 1715
f 1812 1813 1716
f 1813 1717 1716
f 1813 1814 1717
f 1814 1718 1717
f 1814 1815 1718
f 1815 1719 1718
f 1815 1816 1719
f 1816 1720 1719
f 1816 1817 1720
f 1817 1721 1720
f 1817 1818 1721
f 1818 1722 1721
f 1818 1819 1722
f 1819 1723 1722
f 1819 1820 1723
f 1820 1724 1723
f 1820 1821 1724
f 1821 1725 1724
f 1821 1822 1725
f 1822 1726 1725
f 1822 1823 1726
f 1823 1727 1726
f 1823 1824 1727
f 1824 1728 1727
f 1824 1729 1728
f 1729 1633 1728
f 1825 1826 1729
f 1826 1730 1729
f 1826 1827 1730
f 1827 1731 1730
f 1827 1828 1731
f 1828 1732 1731
f 1828 1829 1732
f 1829 1733 1732
f 1829 1830 1733
f 1830 1734 1733
f 1830 1831 1734
f 1831 1735 1734
f 1831 1832 1735
f 1832 1736 1735
f 1832 1833 1736
f 1833 1737 1736
f 1833 1834 1737
f 1834 1738 1737
f 1834 1835 1738
f 1835 1739 1738
f 1835 1836 1739
f 1836 1740 1739
f 1836 1837 1740
f 1837 1741 1740
f 1837 1838 1741
f 1838 1742 1741
f 1838 1839 1742
f 1839 1743 1742
f 1839 1840 1743
f 1840 1744 1743
f 1840 1841 1744
f 1841 1745 1744
f 1841 1842 1745
f 1842 1746 1745
f 1842 1843 1746
f 1843 1747 1746
f 1843 1844 1747
f 1844 1748 1747
f 1844 1845 1748
f 1845 1749 1748
f 1845 1846 1749
f 1846 1750 1749
f 1846 1847 1750
f 1847 1751 1750
f 1847 1848 1751
f 1848 1752 1751
f 1848 1849 1752
f 1849 1753 1752
f 1849 1850 1753
f 1850 1754 1753
f 1850 1851 1754
f 1851 1755 1754
f 1851 1852 1755
f 1852 1756 1755
f 1852 1853 1756
f 1853 1757 1756
f 1853 1854 1757
f 1854 1758 1757
f 1854 1855 1758
f 1855 1759 1758
f 1855 1856 1759
f 1856 1760 1759
f 1856 1857 1760
f 1857 1761 1760
f 1857 1858 1761
f 1858 1762 1761
f 1858 1859 1762
f 1859 1763 1762
f 1859 1860 1763
f 1860 1764 1763
f 1860 1861 1764
f 1861 1765 1764
f 1861 1862 1765
f 1862 1766 1765
f 1862 1863 1766
f 1863 1767 1766
f 1863 1864 1767
f 1864 1768 1767
f 1864 1865 1768
f 1865 1769 1768
f 1865 1866 1769
f 1866 1770 1769
f 1866 1867 1770
f 1867 1771 1770
f 1867 1868 1771
f 1868 1772 1771
f 1868 1869 1772
f 1869 1773 1772
f 1869 1870 1773
f 1870 1774 1773
f 1870 1871 1774
f 1871 1775 1774
f 1871 1872 1775
f 1872 1776 1775
f 1872 1873 1776
f 1873 1777 1776
f 1873 1874 1777
f 1874 1778 1777
f 1874 1875 1778
f 1875 1779 1778
f 1875 1876 1779
f 1876 1780 1779
f 1876 1877 1780
f 1877 1781 1780
f 1877 1878 1781
f 1878 1782 1781
f 1878 1879 1782
f 1879 1783 1782
f 1879 1880 1783
f 1880 1784 1783
f 1880 1881 1784
f 1881 1785 1784
f 1881 1882 1785
f 1882 1786 1785
f 1882 1883 1786
f 1883 1787 1786
f 1883 1884 1787
f 1884 1788 1787
f 1884 1885 1788
f 1885 1789 1788
f 1885 1886 1789
f 1886 1790 1789
f 1886 1887 1790
f 1887 1791 1790
f 1887 1888 1791
f 1888 1792 1791
f 1888 1889 1792
f 1889 1793 1792
f 1889 1890 1793
f 1890 1794 1793
f 1890 1891 1794
f 1891 1795 1794
f 1891 1892 1795
f 1892 1796 1795
f 1892 1893 1796
f 1893 1797 1796
f 1893 1894 1797
f 1894 1798 1797
f 1894 1895 1798
f 1895 1799 1798
f 1895 1896 1799
f 1896 1800 1799
f 1896 1897 1800
f 1897 1801 1800
f 1897 1898 1801
f 1898 1802 1801
f 1898 1899 1802
f 1899 1803 1802
f 1899 1900 1803
f 1900 1804 1803
f 1900 1901 1804
f 1901 1805 1804
f 1901 1902 1805
f 1902 1806 1805
f 1902 1903 1806
f 1903 1807 1806
f 1903 1904 1807
f 1904 1808 1807
f 1904 1905 1808
f 1905 1809 1808
f 1905 1906 1809
f 1906 1810 1809
f 1906 1907 1810
f 1907 1811 1810
f 1907 1908 1811
f 1908 1812 1811
f 1908 1909 1812
f 1909 1813 1812
f 1909 1910 1813
f 1910 1814 1813
f 1910 1911 1814
f 1911 1815 1814
f 1911 1912 1815
f 1912 1816 1815
f 1912 1913 1816
f 1913 1817 1816
f 1913 1914 1817
f 1914 1818 1817
f 1914 1915 1818
f 1915 1819 1818
f 1915 1916 1819
f 1916 1820 1819
f 1916 1917 1820
f 1917 1821 1820
f 1917 1918 1821
f 1918 1822 1821
f 1918 1919 1822
f 1919 1823 1822
f 1919 1920 1823
f 1920 1824 1823
f 1920 1825 1824
f 1825 1729 1824
f 1921 1922 1825
f 1922 1826 1825
f 1922 1923 1826
f 1923 1827 1826
f 1923 1924 1827
f 1924 1828 1827
f 1924 1925 1828
f 1925 1829 1828
f 1925 1926 1829
f 1926 1830 1829
f 1926 1927 1830
f 1927 1831 1830
f 1927 1928 1831
f 1928 1832 1831
f 1928 1929 1832
f 1929 1833 1832
f 1929 1930 1833
f 1930 1834 1833
f 1930 1931 1834
f 1931 1835 1834
f 1931 1932 1835
f 1932 1836 1835
f 1932 1933 1836
f 1933 1837 1836
f 1933 1934 1837
f 1934 1838 1837
f 1934 1935 1838
f 1935 1839 1838
f 1935 1936 1839
f 1936 1840 1839
f 1936 1937 1840
f 1937 1841 1840
f 1937 1938 1841
f 1938 1842 1841
f 1938 1939 1842
f 1939 1843 1842
f 1939 1940 1843
f 1940 1844 1843
f 1940 1941 1844
f 1941 1845 1844
f 1941 1942 1845
f 1942 1846 1845
f 1942 1943 1846
f 1943 1847 1846
f 1943 1944 1847
f 1944 1848 1847
f 1944 1945 1848
f 1945 1849 1848
f 1945 1946 1849
f 1946 1850 1849
f 1946 1947 1850
f 1947 1851 1850
f 1947 1948 1851
f 1948 1852 1851
f 1948 1949 1852
f 1949 1853 1852
f 1949 1950 1853
f 1950 1854 1853
f 1950 1951 1854
f 1951 1855 1854
f 1951 1952 1855
f 1952 1856 1855
f 1952 1953 1856
f 1953 1857 1856
f 1953 1954 1857
f 1954 1858 1857
f 1954 1955 1858
f 1955 1859 1858
f 1955 1956 1859
f 1956 1860 1859
f 1956 1957 1860
f 1957 1861 1860
f 1957 1958 1861
f 1958 1862 1861
f 1958 1959 1862
f 1959 1863 1862
f 1959 1960 1863
f 1960 1864 1863
f 1960 1961 1864
f 1961 1865 1864
f 1961 1962 1865
f 1962 1866 1865
f 1962 1963 1866
f 1963 1867 1866
f 1963 1964 1867
f 1964 1868 1867
f 1964 1965 1868
f 1965 1869 1868
f 1965 1966 1869
f 1966 1870 1869
f 1966 1967 1870
f 1967 1871 1870
f 1967 1968 1871
f 1968 1872 1871
f 1968 1969 1872
f 1969 1873 1872
f 1969 1970 1873
f 1970 1874 1873
f 1970 1971 1874
f 1971 1875 1874
f 1971 1972 1875
f 1972 1876 1875
f 1972 1973 1876
f 1973 1877 1876
f 1973 1974 1877
f 1974 1878 1877
f 1974 1975 1878
f 1975 1879 1878
f 1975 1976 1879
f 1976 1880 1879
f 1976 1977 1880
f 1977 1881 1880
f 1977 1978 1881
f 1978 1882 1881
f 1978 1979 1882
f 1979 1883 1882
f 1979 1980 1883
f 1980 1884 1883
f 1980 1981 1884
f 1981 1885 1884
f 1981 1982 1885
f 1982 1886 1885
f 1982 1983 1886
f 1983 1887 1886
f 1983 1984 1887
f 1984 1888 1887
f 1984 1985 1888
f 1985 1889 1888
f 1985 1986 1889
f 1986 1890 1889
f 1986 1987 1890
f 1987 1891 1890
f 1987 1988 1891
f 1988 1892 1891
f 1988 1989 1892
f 1989 1893 1892
f 1989 1990 1893
f 1990 1894 1893
f 1990 1991 1894
f 1991 1895 1894
f 1991 1992 1895
f 1992 1896 1895
f 1992 1993 1896
f 1993 1897 1896
f 1993 1994 1897
f 1994 1898 1897
f 1994 1995 1898
f 1995 1899 1898
f 1995 1996 1899
f 1996 1900 1899
f 1996 1997 1900
f 1997 1901 1900
f 1997 1998 1901
f 1998 1902 1901
f 1998 1999 1902
f 1999 1903 1902
f 1999 2000 1903
f 2000 1904 1903
f 2000 2001 1904
f 2001 1905 1904
f 2001 2002 1905
f 2002 1906 1905
f 2002 2003 1906
f 2003 1907 1906
f 2003 2004 1907
f 2004 1908 1907
f 2004 2005 1908
f 2005 1909 1908
f 2005 2006 1909
f 2006 1910 1909
f 2006 2007 1910
f 2007 1911 1910
f 2007 2008 1911
f 2008 1912 1911
f 2008 2009 1912
f 2009 1913 1912
f 2009 2010 1913
f 2010 1914 1913
f 2010 2011 1914
f 2011 1915 1914
f 2011 2012 1915
f 2012 1916 1915
f 2012 2013 1916
f 2013 1917 1916
f 2013 2014 1917
f 2014 1918 1917
f 2014 2015 1918
f 2015 1919 1918
f 2015 2016 1919
f 2016 1920 1919
f 2016 1921 1920
f 1921 1825 1920
f 2017 2018 1921
f 2018 1922 1921
f 2018 2019 1922
f 2019 1923 1922
f 2019 2020 1923
f 2020 1924 1923
f 2020 2021 1924
f 2021 1925 1924
f 2021 2022 1925
f 2022 1926 1925
f 2022 2023 1926
f 2023 1927 1926
f 2023 2024 1927
f 2024 1928 1927
f 2024 2025 1928
f 2025 1929 1928
f 2025 2026 1929
f 2026 1930 1929
f 2026 2027 1930
f 2027 1931 1930
f 2027 2028 1931
f 2028 1932 1931
f 2028 2029 1932
f 2029 1933 1932
f 2029 2030 1933
f 2030 1934 1933
f 2030 2031 1934
f 2031 1935 1934
f 2031 2032 1935
f 2032 1936 1935
f 2032 2033 1936
f 2033 1937 1936
f 2033 2034 1937
f 2034 1938 1937
f 2034 2035 1938
f 2035 1939 1938
f 2035 2036 1939
f 2036 1940 1939
f 2036 2037 1940
f 2037 1941 1940
f 2037 2038 1941
f 2038 1942 1941
f 2038 2039 1942
f 2039 1943 1942
f 2039 2040 1943
f 2040 1944 1943
f 2040 2041 1944
f 2041 1945 1944
f 2041 2042 1945
f 2042 1946 1945
f 2042 2043 1946
f 2043 1947 1946
f 2043 2044 1947
f 2044 1948 1947
f 2044 2045 1948
f 2045 1949 1948
f 2045 2046 1949
f 2046 1950 1949
f 2046 2047 1950
f 2047 1951 1950
f 2047 2048 1951
f 2048 1952 1951
f 2048 2049 1952
f 2049 1953 1952
f 2049 2050 1953
f 2050 1954 1953
f 2050 2051 1954
f 2051 1955 1954
f 2051 2052 1955
f 2052 1956 1955
f 2052 2053 1956
f 2053 1957 1956
f 2053 2054 1957
f 2054 1958 1957
f 2054 2055 1958
f 2055 1959 1958
f 2055 2056 1959
f 2056 1960 1959
f 2056 2057 1960
f 2057 1961 1960
f 2057 2058 1961
f 2058 1962 1961
f 2058 2059 1962
f 2059 1963 1962
f 2059 2060 1963
f 2060 1964 1963
f 2060 2061 1964
f 2061 1965 1964
f 2061 2062 1965
f 2062 1966 1965
f 2062 2063 1966
f 2063 1967 1966
f 2063 2064 1967
f 2064 1968 1967
f 2064 2065 1968
f 2065 1969 1968
f 2065 2066 1969
f 2066 1970 1969
f 2066 2067 1970
f 2067 1971 1970
f 2067 2068 1971
f 2068 1972 1971
f 2068 2069 1972
f 2069 1973 1972
f 2069 2070 1973
f 2070 1974 1973
f 2070 2071 1974
f 2071 1975 1974
f 2071 2072 1975
f 2072 1976 1975
f 2072 2073 1976
f 2073 1977 1976
f 2073 2074 1977
f 2074 1978 1977
f 2074 2075 1978
f 2075 1979 1978
f 2075 2076 1979
f 2076 1980 1979
f 2076 2077 1980
f 2077 1981 1980
f 2077 2078 1981
f 2078 1982 1981
f 2078 2079 1982
f 2079 1983 1982
f 2079 2080 1983
f 2080 1984 1983
f 2080 2081 1984
f 2081 1985 1984
f 2081 2082 1985
f 2082 1986 1985
f 2082 2083 1986
f 2083 1987 1986
f 2083 2084 1987
f 2084 1988 1987
f 2084 2085 1988
f 2085 1989 1988
f 2085 2086 1989
f 2086 1990 1989
f 2086 2087 1990
f 2087 1991 1990
f 2087 2088 1991
f 2088 1992 1991
f 2088 2089 1992
f 2089 1993 1992
f 2089 2090 1993
f 2090 1994 1993
f 2090 2091 1994
f 2091 1995 1994
f 2091 2092 1995
f 2092 1996 1995
f 2092 2093 1996
f 2093 1997 1996
f 2093 2094 1997
f 2094 1998 1997
f 2094 2095 1998
f 2095 1999 1998
f 2095 2096 1999
f 2096 2000 1999
f 2096 2097 2000
f 2097 2001 2000
f 2097 2098 2001
f 2098 2002 2001
f 2098 2099 2002
f 2099 2003 2002
f 2099 2100 2003
f 2100 2004 2003
f 2100 2101 2004
f 2101 2005 2004
f 2101 2102 2005
f 2102 2006 2005
f 2102 2103 2006
f 2103 2007 2006
f 2103 2104 2007
f 2104 2008 2007
f 2104 2105 2008
f 2105 2009 2008
f 2105 2106 2009
f 2106 2010 2009
f 2106 2107 2010
f 2107 2011 2010
f 2107 2108 2011
f 2108 2012 2011
f 2108 2109 2012
f 2109 2013 2012
f 2109 2110 2013
f 2110 2014 2013
f 2110 2111 2014
f 2111 2015 2014
f 2111 2112 2015
f 2112 2016 2015
f 2112 2017 2016
f 2017 1921 2016
f 2113 2114 2017
f 2114 2018 2017
f 2114 2115 2018
f 2115 2019 2018
f 2115 2116 2019
f 2116 2020 2019
f 2116 2117 2020
f 2117 2021 2020
f 2117 2118 2021
f 2118 2022 2021
f 2118 2119 2022
f 2119 2023 2022
f 2119 2120 2023
f 2120 2024 2023
f 2120 2121 2024
f 2121 2025 2024
f 2121 2122 2025
f 2122 2026 2025
f 2122 2123 2026
f 2123 2027 2026
f 2123 2124 2027
f 2124 2028 2027
f 2124 2125 2028
f 2125 2029 2028
f 2125 2126 2029
f 2126 2030 2029
f 2126 2127 2030
f 2127 2031 2030
f 2127 2128 2031
f 2128 2032 2031
f 2128 2129 2032
f 2129 2033 2032
f 2129 2130 2033
f 2130 2034 2033
f 2130 2131 2034
f 2131 2035 2034
f 2131 2132 2035
f 2132 2036 2035
f 2132 2133 2036
f 2133 2037 2036
f 2133 2134 2037
f 2134 2038 2037
f 2134 2135 2038
f 2135 2039 2038
f 2135 2136 2039
f 2136 2040 2039
f 2136 2137 2040
f 2137 2041 2040
f 2137 2138 2041
f 2138 2042 2041
f 2138 2139 2042
f 2139 2043 2042
f 2139 2140 2043
f 2140 2044 2043
f 2140 2141 2044
f 2141 2045 2044
f 2141 2142 2045
f 2142 2046 2045
f 2142 2143 2046
f 2143 2047 2046
f 2143 2144 2047
f 2144 2048 2047
f 2144 2145 2048
f 2145 2049 2048
f 2145 2146 2049
f 2146 2050 2049
f 2146 2147 2050
f 2147 2051 2050
f 2147 2148 2051
f 2148 2052 2051
f 2148 2149 2052
f 2149 2053 2052
f 2149 2150 2053
f 2150 2054 2053
f 2150 2151 2054
f 2151 2055 2054
f 2151 2152 2055
f 2152 2056 2055
f 2152 2153 2056
f 2153 2057 2056
f 2153 2154 2057
f 2154 2058 2057
f 2154 2155 2058
f 2155 2059 2058
f 2155 2156 2059
f 2156 2060 2059
f 2156 2157 2060
f 2157 2061 2060
f 2157 2158 2061
f 2158 2062 2061
f 2158 2159 2062
f 2159 2063 2062
f 2159 2160 2063
f 2160 2064 2063
f 2160 2161 2064
f 2161 2065 2064
f 2161 2162 2065
f 2162 2066 2065
f 2162 2163 2066
f 2163 2067 2066
f 2163 2164 2067
f 2164 2068 2067
f 2164 2165 2068
f 2165 2069 2068
f 2165 2166 2069
f 2166 2070 2069
f 2166 2167 2070
f 2167 2071 2070
f 2167 2168 2071
f 2168 2072 2071
f 2168 2169 2072
f 2169 2073 2072
f 2169 2170 2073
f 2170 2074 2073
f 2170 2171 2074
f 2171 2075 2074
f 2171 2172 2075
f 2172 2076 2075
f 2172 2173 2076
f 2173 2077 2076
f 2173 2174 2077
f 2174 2078 2077
f 2174 2175 2078
f 2175 2079 2078
f 2175 2176 2079
f 2176 2080 2079
f 2176 2177 2080
f 2177 2081 2080
f 2177 2178 2081
f 2178 2082 2081
f 2178 2179 2082
f 2179 2083 2082
f 2179 2180 2083
f 2180 2084 2083
f 2180 2181 2084
f 2181 2085 2084
f 2181 2182 2085
f 2182 2086 2085
f 2182 2183 2086
f 2183 2087 2086
f 2183 2184 2087
f 2184 2088 2087
f 2184 2185 2088
f 2185 2089 2088
f 2185 2186 2089
f 2186 2090 2089
f 2186 2187 2090
f 2187 2091 2090
f 2187 2188 2091
f 2188 2092 2091
f 2188 2189 2092
f 2189 2093 2092
f 2189 2190 2093
f 2190 2094 2093
f 2190 2191 2094
f 2191 2095 2094
f 2191 2192 2095
f 2192 2096 2095
f 2192 2193 2096
f 2193 2097 2096
f 2193 2194 2097
f 2194 2098 2097
f 2194 2195 2098
f 2195 2099 2098
f 2195 2196 2099
f 2196 2100 2099
f 2196 2197 2100
f 2197 2101 2100
f 2197 2198 2101
f 2198 2102 2101
f 2198 2199 2102
f 2199 2103 2102
f 2199 2200 2103
f 2200 2104 2103
f 2200 2201 2104
f 2201 2105 2104
f 2201 2202 2105
f 2202 2106 2105
f 2202 2203 2106
f 2203 2107 2106
f 2203 2204 2107
f 2204 2108 2107
f 2204 2205 2108
f 2205 2109 2108
f 2205 2206 2109
f 2206 2110 2109
f 2206 2207 2110
f 2207 2111 2110
f 2207 2208 2111
f 2208 2112 2111
f 2208 2113 2112
f 2113 2017 2112
f 2209 2210 2113
f 2210 2114 2113
f 2210 2211 2114
f 2211 2115 2114
f 2211 2212 2115
f 2212 2116 2115
f 2212 2213 2116
f 2213 2117 2116
f 2213 2214 2117
f 2214 2118 2117
f 2214 2215 2118
f 2215 2119 2118
f 2215 2216 2119
f 2216 2120 2119
f 2216 2217 2120
f 2217 2121 2120
f 2217 2218 2121
f 2218 2122 2121
f 2218 2219 2122
f 2219 2123 2122
f 2219 2220 2123
f 2220 2124 2123
f 2220 2221 2124
f 2221 2125 2124
f 2221 2222 2125
f 2222 2126 2125
f 2222 2223 2126
f 2223 2127 2126
f 2223 2224 2127
f 2224 2128 2127
f 2224 2225 2128
f 2225 2129 2128
f 2225 2226 2129
f 2226 2130 2129
f 2226 2227 2130
f 2227 2131 2130
f 2227 2228 2131
f 2228 2132 2131
f 2228 2229 2132
f 2229 2133 2132
f 2229 2230 2133
f 2230 2134 2133
f 2230 2231 2134
f 2231 2135 2134
f 2231 2232 2135
f 2232 2136 2135
f 2232 2233 2136
f 2233 2137 2136
f 2233 2234 2137
f 2234 2138 2137
f 2234 2235 2138
f 2235 2139 2138
f 2235 2236 2139
f 2236 2140 2139
f 2236 2237 2140
f 2237 2141 2140
f 2237 2238 2141
f 2238 2142 2141
f 2238 2239 2142
f 2239 2143 2142
f 2239 2240 2143
f 2240 2144 2143
f 2240 2241 2144
f 2241 2145 2144
f 2241 2242 2145
f 2242 2146 2145
f 2242 2243 2146
f 2243 2147 2146
f 2243 2244 2147
f 2244 2148 2147
f 2244 2245 2148
f 2245 2149 2148
f 2245 2246 2149
f 2246 2150 2149
f 2246 2247 2150
f 2247 2151 2150
f 2247 2248 2151
f 2248 2152 2151
f 2248 2249 2152
f 2249 2153 2152
f 2249 2250 2153
f 2250 2154 2153
f 2250 2251 2154
f 2251 2155 2154
f 2251 2252 2155
f 2252 2156 2155
f 2252 2253 2156
f 2253 2157 2156
f 2253 2254 2157
f 2254 2158 2157
f 2254 2255 2158
f 2255 2159 2158
f 2255 2256 2159
f 2256 2160 2159
f 2256 2257 2160
f 2257 2161 2160
f 2257 2258 2161
f 2258 2162 2161
f 2258 2259 2162
f 2259 2163 2162
f 2259 2260 2163
f 2260 2164 2163
f 2260 2261 2164
f 2261 2165 2164
f 2261 2262 2165
f 2262 2166 2165
f 2262 2263 2166
f 2263 2167 2166
f 2263 2264 2167
f 2264 2168 2167
f 2264 2265 2168
f 2265 2169 2168
f 2265 2266 2169
f 2266 2170 2169
f 2266 2267 2170
f 2267 2171 2170
f 2267 2268 2171
f 2268 2172 2171
f 2268 2269 2172
f 2269 2173 2172
f 2269 2270 2173
f 2270 2174 2173
f 2270 2271 2174
f 2271 2175 2174
f 2271 2272 2175
f 2272 2176 2175
f 2272 2273 2176
f 2273 2177 2176
f 2273 2274 2177
f 2274 2178 2177
f 2274 2275 2178
f 2275 2179 2178
f 2275 2276 2179
f 2276 2180 2179
f 2276 2277 2180
f 2277 2181 2180
f 2277 2278 2181
f 2278 2182 2181
f 2278 2279 2182
f 2279 2183 2182
f 2279 2280 2183
f 2280 2184 2183
f 2280 2281 2184
f 2281 2185 2184
f 2281 2282 2185
f 2282 2186 2185
f 2282 2283 2186
f 2283 2187 2186
f 2283 2284 2187
f 2284 2188 2187
f 2284 2285 2188
f 2285 2189 2188
f 2285 2286 2189
f 2286 2190 2189
f 2286 2287 2190
f 2287 2191 2190
f 2287 2288 2191
f 2288 2192 2191
f 2288 2289 2192
f 2289 2193 2192
f 2289 2290 2193
f 2290 2194 2193
f 2290 2291 2194
f 2291 2195 2194
f 2291 2292 2195
f 2292 2196 2195
f 2292 2293 2196
f 2293 2197 2196
f 2293 2294 2197
f 2294 2198 2197
f 2294 2295 2198
f 2295 2199 2198
f 2295 2296 2199
f 2296 2200 2199
f 2296 2297 2200
f 2297 2201 2200
f 2297 2298 2201
f 2298 2202 2201
f 2298 2299 2202
f 2299 2203 2202
f 2299 2300 2203
f 2300 2204 2203
f 2300 2301 2204
f 2301 2205 2204
f 2301 2302 2205
f 2302 2206 2205
f 2302 2303 2206
f 2303 2207 2206
f 2303 2304 2207
f 2304 2208 2207
f 2304 2209 2208
f 2209 2113 2208
f 2305 2306 2209
f 2306 2210 2209
f 2306 2307 2210
f 2307 2211 2210
f 2307 2308 2211
f 2308 2212 2211
f 2308 2309 2212
f 2309 2213 2212
f 2309 2310 2213
f 2310 2214 2213
f 2310 2311 2214
f 2311 2215 2214
f 2311 2312 2215
f 2312 2216 2215
f 2312 2313 2216
f 2313 2217 2216
f 2313 2314 2217
f 2314 2218 2217
f 2314 2315 2218
f 2315 2219 2218
f 2315 2316 2219
f 2316 2220 2219
f 2316 2317 2220
f 2317 2221 2220
f 2317 2318 2221
f 2318 2222 2221
f 2318 2319 2222
f 2319 2223 2222
f 2319 2320 2223
f 2320 2224 2223
f 2320 2321 2224
f 2321 2225 2224
f 2321 2322 2225
f 2322 2226 2225
f 2322 2323 2226
f 2323 2227 2226
f 2323 2324 2227
f 2324 2228 2227
f 2324 2325 2228
f 2325 2229 2228
f 2325 2326 2229
f 2326 2230 2229
f 2326 2327 2230
f 2327 2231 2230
f 2327 2328 2231
f 2328 2232 2231
f 2328 2329 2232
f 2329 2233 2232
f 2329 2330 2233
f 2330 2234 2233
f 2330 2331 2234
f 2331 2235 2234
f 2331 2332 2235
f 2332 2236 2235
f 2332 2333 2236
f 2333 2237 2236
f 2333 2334 2237
f 2334 2238 2237
f 2334 2335 2238
f 2335 2239 2238
f 2335 2336 2239
f 2336 2240 2239
f 2336 2337 2240
f 2337 2241 2240
f 2337 2338 2241
f 2338 2242 2241
f 2338 2339 2242
f 2339 2243 2242
f 2339 2340 2243
f 2340 2244 2243
f 2340 2341 2244
f 2341 2245 2244
f 2341 2342 2245
f 2342 2246 2245
f 2342 2343 2246
f 2343 2247 2246
f 2343 2344 2247
f 2344 2248 2247
f 2344 2345 2248
f 2345 2249 2248
f 2345 2346 2249
f 2346 2250 2249
f 2346 2347 2250
f 2347 2251 2250
f 2347 2348 2251
f 2348 2252 2251
f 2348 2349 2252
f 2349 2253 2252
f 2349 2350 2253
f 2350 2254 2253
f 2350 2351 2254
f 2351 2255 2254
f 2351 2352 2255
f 2352 2256 2255
f 2352 2353 2256
f 2353 2257 2256
f 2353 2354 2257
f 2354 2258 2257
f 2354 2355 2258
f 2355 2259 2258
f 2355 2356 2259
f 2356 2260 2259
f 2356 2357 2260
f 2357 2261 2260
f 2357 2358 2261
f 2358 2262 2261
f 2358 2359 2262
f 2359 2263 2262
f 2359 2360 2263
f 2360 2264 2263
f 2360 2361 2264
f 2361 2265 2264
f 2361 2362 2265
f 2362 2266 2265
f 2362 2363 2266
f 2363 2267 2266
f 2363 2364 2267
f 2364 2268 2267
f 2364 2365 2268
f 2365 2269 2268
f 2365 2366 2269
f 2366 2270 2269
f 2366 2367 2270
f 2367 2271 2270
f 2367 2368 2271
f 2368 2272 2271
f 2368 2369 2272
f 2369 2273 2272
f 2369 2370 2273
f 2370 2274 2273
f 2370 2371 2274
f 2371 2275 2274
f 2371 2372 2275
f 2372 2276 2275
f 2372 2373 2276
f 2373 2277 2276
f 2373 2374 2277
f 2374 2278 2277
f 2374 2375 2278
f 2375 2279 2278
f 2375 2376 2279
f 2376 2280 2279
f 2376 2377 2280
f 2377 2281 2280
f 2377 2378 2281
f 2378 2282 2281
f 2378 2379 2282
f 2379 2283 2282
f 2379 2380 2283
f 2380 2284 2283
f 2380 2381 2284
f 2381 2285 2284
f 2381 2382 2285
f 2382 2286 2285
f 2382 2383 2286
f 2383 2287 2286
f 2383 2384 2287
f 2384 2288 2287
f 2384 2385 2288
f 2385 2289 2288
f 2385 2386 2289
f 2386 2290 2289
f 2386 2387 2290
f 2387 2291 2290
f 2387 2388 2291
f 2388 2292 2291
f 2388 2389 2292
f 2389 2293 2292
f 2389 2390 2293
f 2390 2294 2293
f 2390 2391 2294
f 2391 2295 2294
f 2391 2392 2295
f 2392 2296 2295
f 2392 2393 2296
f 2393 2297 2296
f 2393 2394 2297
f 2394 2298 2297
f 2394 2395 2298
f 2395 2299 2298
f 2395 2396 2299
f 2396 2300 2299
f 2396 2397 2300
f 2397 2301 2300
f 2397 2398 2301
f 2398 2302 2301
f 2398 2399 2302
f 2399 2303 2302
f 2399 2400 2303
f 2400 2304 2303
f 2400 2305 2304
f 2305 2209 2304
f 2401 2402 2305
f 2402 2306 2305
f 2402 2403 2306
f 2403 2307 2306
f 2403 2404 2307
f 2404 2308 2307
f 2404 2405 2308
f 2405 2309 2308
f 2405 2406 2309
f 2406 2310 2309
f 2406 2407 2310
f 2407 2311 2310
f 2407 2408 2311
f 2408 2312 2311
f 2408 2409 2312
f 2409 2313 2312
f 2409 2410 2313
f 2410 2314 2313
f 2410 2411 2314
f 2411 2315 2314
f 2411 2412 2315
f 2412 2316 2315
f 2412 2413 2316
f 2413 2317 2316
f 2413 2414 2317
f 2414 2318 2317
f 2414 2415 2318
f 2415 2319 2318
f 2415 2416 2319
f 2416 2320 2319
f 2416 2417 2320
f 2417 2321 2320
f 2417 2418 2321
f 2418 2322 2321
f 2418 2419 2322
f 2419 2323 2322
f 2419 2420 2323
f 2420 2324 2323
f 2420 2421 2324
f 2421 2325 2324
f 2421 2422 2325
f 2422 2326 2325
f 2422 2423 2326
f 2423 2327 2326
f 2423 2424 2327
f 2424 2328 2327
f 2424 2425 2328
f 2425 2329 2328
f 2425 2426 2329
f 2426 2330 2329
f 2426 2427 2330
f 2427 2331 2330
f 2427 2428 2331
f 2428 2332 2331
f 2428 2429 2332
f 2429 2333 2332
f 2429 2430 2333
f 2430 2334 2333
f 2430 2431 2334
f 2431 2335 2334
f 2431 2432 2335
f 2432 2336 2335
f 2432 2433 2336
f 2433 2337 2336
f 2433 2434 2337
f 2434 2338 2337
f 2434 2435 2338
f 2435 2339 2338
f 2435 2436 2339
f 2436 2340 2339
f 2436 2437 2340
f 2437 2341 2340
f 2437 2438 2341
f 2438 2342 2341
f 2438 2439 2342
f 2439 2343 2342
f 2439 2440 2343
f 2440 2344 2343
f 2440 2441 2344
f 2441 2345 2344
f 2441 2442 2345
f 2442 2346 2345
f 2442 2443 2346
f 2443 2347 2346
f 2443 2444 2347
f 2444 2348 2347
f 2444 2445 2348
f 2445 2349 2348
f 2445 2446 2349
f 2446 2350 2349
f 2446 2447 2350
f 2447 2351 2350
f 2447 2448 2351
f 2448 2352 2351
f 2448 2449 2352
f 2449 2353 2352
f 2449 2450 2353
f 2450 2354 2353
f 2450 2451 2354
f 2451 2355 2354
f 2451 2452 2355
f 2452 2356 2355
f 2452 2453 2356
f 2453 2357 2356
f 2453 2454 2357
f 2454 2358 2357
f 2454 2455 2358
f 2455 2359 2358
f 2455 2456 2359
f 2456 2360 2359
f 2456 2457 2360
f 2457 2361 2360
f 2457 2458 2361
f 2458 2362 2361
f 2458 2459 2362
f 2459 2363 2362
f 2459 2460 2363
f 2460 2364 2363
f 2460 2461 2364
f 2461 2365 2364
f 2461 2462 2365
f 2462 2366 2365
f 2462 2463 2366
f 2463 2367 2366
f 2463 2464 2367
f 2464 2368 2367
f 2464 2465 2368
f 2465 2369 2368
f 2465 2466 2369
f 2466 2370 2369
f 2466 2467 2370
f 2467 2371 2370
f 2467 2468 2371
f 2468 2372 2371
f 2468 2469 2372
f 2469 2373 2372
f 2469 2470 2373
f 2470 2374 2373
f 2470 2471 2374
f 2471 2375 2374
f 2471 2472 2375
f 2472 2376 2375
f 2472 2473 2376
f 2473 2377 2376
f 2473 2474 2377
f 2474 2378 2377
f 2474 2475 2378
f 2475 2379 2378
f 2475 2476 2379
f 2476 2380 2379
f 2476 2477 2380
f 2477 2381 2380
f 2477 2478 2381
f 2478 2382 2381
f 2478 2479 2382
f 2479 2383 2382
f 2479 2480 2383
f 2480 2384 2383
f 2480 2481 2384
f 2481 2385 2384
f 2481 2482 2385
f 2482 2386 2385
f 2482 2483 2386
f 2483 2387 2386
f 2483 2484 2387
f 2484 2388 2387
f 2484 2485 2388
f 2485 2389 2388
f 2485 2486 2389
f 2486 2390 2389
f 2486 2487 2390
f 2487 2391 2390
f 2487 2488 2391
f 2488 2392 2391
f 2488 2489 2392
f 2489 2393 2392
f 2489 2490 2393
f 2490 2394 2393
f 2490 2491 2394
f 2491 2395 2394
f 2491 2492 2395
f 2492 2396 2395
f 2492 2493 2396
f 2493 2397 2396
f 2493 2494 2397
f 2494 2398 2397
f 2494 2495 2398
f 2495 2399 2398
f 2495 2496 2399
f 2496 2400 2399
f 2496 2401 2400
f 2401 2305 2400
f 2497 2498 2401
f 2498 2402 2401
f 2498 2499 2402
f 2499 2403 2402
f 2499 2500 2403
f 2500 2404 2403
f 2500 2501 2404
f 2501 2405 2404
f 2501 2502 2405
f 2502 2406 2405
f 2502 2503 2406
f 2503 2407 2406
f 2503 2504 2407
f 2504 2408 2407
f 2504 2505 2408
f 2505 2409 2408
f 2505 2506 2409
f 2506 2410 2409
f 2506 2507 2410
f 2507 2411 2410
f 2507 2508 2411
f 2508 2412 2411
f 2508 2509 2412
f 2509 2413 2412
f 2509 2510 2413
f 2510 2414 2413
f 2510 2511 2414
f 2511 2415 2414
f 2511 2512 2415
f 2512 2416 2415
f 2512 2513 2416
f 2513 2417 2416
f 2513 2514 2417
f 2514 2418 2417
f 2514 2515 2418
f 2515 2419 2418
f 2515 2516 2419
f 2516 2420 2419
f 2516 2517 2420
f 2517 2421 2420
f 2517 2518 2421
f 2518 2422 2421
f 2518 2519 2422
f 2519 2423 2422
f 2519 2520 2423
f 2520 2424 2423
f 2520 2521 2424
f 2521 2425 2424
f 2521 2522 2425
f 2522 2426 2425
f 2522 2523 2426
f 2523 2427 2426
f 2523 2524 2427
f 2524 2428 2427
f 2524 2525 2428
f 2525 2429 2428
f 2525 2526 2429
f 2526 2430 2429
f 2526 2527 2430
f 2527 2431 2430
f 2527 2528 2431
f 2528 2432 2431
f 2528 2529 2432
f 2529 2433 2432
f 2529 2530 2433
f 2530 2434 2433
f 2530 2531 2434
f 2531 2435 2434
f 2531 2532 2435
f 2532 2436 2435
f 2532 2533 2436
f 2533 2437 2436
f 2533 2534 2437
f 2534 2438 2437
f 2534 2535 2438
f 2535 2439 2438
f 2535 2536 2439
f 2536 2440 2439
f 2536 2537 2440
f 2537 2441 2440
f 2537 2538 2441
f 2538 2442 2441
f 2538 2539 2442
f 2539 2443 2442
f 2539 2540 2443
f 2540 2444 2443
f 2540 2541 2444
f 2541 2445 2444
f 2541 2542 2445
f 2542 2446 2445
f 2542 2543 2446
f 2543 2447 2446
f 2543 2544 2447
f 2544 2448 2447
f 2544 2545 2448
f 2545 2449 2448
f 2545 2546 2449
f 2546 2450 2449
f 2546 2547 2450
f 2547 2451 2450
f 2547 2548 2451
f 2548 2452 2451
f 2548 2549 2452
f 2549 2453 2452
f 2549 2550 2453
f 2550 2454 2453
f 2550 2551 2454
f 2551 2455 2454
f 2551 2552 2455
f 2552 2456 2455
f 2552 2553 2456
f 2553 2457 2456
f 2553 2554 2457
f 2554 2458 2457
f 2554 2555 2458
f 2555 2459 2458
f 2555 2556 2459
f 2556 2460 2459
f 2556 2557 2460
f 2557 2461 2460
f 2557 2558 2461
f 2558 2462 2461
f 2558 2559 2462
f 2559 2463 2462
f 2559 2560 2463
f 2560 2464 2463
f 2560 2561 2464
f 2561 2465 2464
f 2561 2562 2465
f 2562 2466 2465
f 2562 2563 2466
f 2563 2467 2466
f 2563 2564 2467
f 2564 2468 2467
f 2564 2565 2468
f 2565 2469 2468
f 2565 2566 2469
f 2566 2470 2469
f 2566 2567 2470
f 2567 2471 2470
f 2567 2568 2471
f 2568 2472 2471
f 2568 2569 2472
f 2569 2473 2472
f 2569 2570 2473
f 2570 2474 2473
f 2570 2571 2474
f 2571 2475 2474
f 2571 2572 2475
f 2572 2476 2475
f 2572 2573 2476
f 2573 2477 2476
f 2573 2574 2477
f 2574 2478 2477
f 2574 2575 2478
f 2575 2479 2478
f 2575 2576 2479
f 2576 2480 2479
f 2576 2577 2480
f 2577 2481 2480
f 2577 2578 2481
f 2578 2482 2481
f 2578 2579 2482
f 2579 2483 2482
f 2579 2580 2483
f 2580 2484 2483
f 2580 2581 2484
f 2581 2485 2484
f 2581 2582 2485
f 2582 2486 2485
f 2582 2583 2486
f 2583 2487 2486
f 2583 2584 2487
f 2584 2488 2487
f 2584 2585 2488
f 2585 2489 2488
f 2585 2586 2489
f 2586 2490 2489
f 2586 2587 2490
f 2587 2491 2490
f 2587 2588 2491
f 2588 2492 2491
f 2588 2589 2492
f 2589 2493 2492
f 2589 2590 2493
f 2590 2494 2493
f 2590 2591 2494
f 2591 2495 2494
f 2591 2592 2495
f 2592 2496 2495
f 2592 2497 2496
f 2497 2401 2496
f 2593 2594 2497
f 2594 2498 2497
f 2594 2595 2498
f 2595 2499 2498
f 2595 2596 2499
f 2596 2500 2499
f 2596 2597 2500
f 2597 2501 2500
f 2597 2598 2501
f 2598 2502 2501
f 2598 2599 2502
f 2599 2503 2502
f 2599 2600 2503
f 2600 2504 2503
f 2600 2601 2504
f 2601 2505 2504
f 2601 2602 2505
f 2602 2506 2505
f 2602 2603 2506
f 2603 2507 2506
f 2603 2604 2507
f 2604 2508 2507
f 2604 2605 2508
f 2605 2509 2508
f 2605 2606 2509
f 2606 2510 2509
f 2606 2607 2510
f 2607 2511 2510
f 2607 2608 2511
f 2608 2512 2511
f 2608 2609 2512
f 2609 2513 2512
f 2609 2610 2513
f 2610 2514 2513
f 2610 2611 2514
f 2611 2515 2514
f 2611 2612 2515
f 2612 2516 2515
f 2612 2613 2516
f 2613 2517 2516
f 2613 2614 2517
f 2614 2518 2517
f 2614 2615 2518
f 2615 2519 2518
f 2615 2616 2519
f 2616 2520 2519
f 2616 2617 2520
f 2617 2521 2520
f 2617 2618 2521
f 2618 2522 2521
f 2618 2619 2522
f 2619 2523 2522
f 2619 2620 2523
f 2620 2524 2523
f 2620 2621 2524
f 2621 2525 2524
f 2621 2622 2525
f 2622 2526 2525
f 2622 2623 2526
f 2623 2527 2526
f 2623 2624 2527
f 2624 2528 2527
f 2624 2625 2528
f 2625 2529 2528
f 2625 2626 2529
f 2626 2530 2529
f 2626 2627 2530
f 2627 2531 2530
f 2627 2628 2531
f 2628 2532 2531
f 2628 2629 2532
f 2629 2533 2532
f 2629 2630 2533
f 2630 2534 2533
f 2630 2631 2534
f 2631 2535 2534
f 2631 2632 2535
f 2632 2536 2535
f 2632 2633 2536
f 2633 2537 2536
f 2633 2634 2537
f 2634 2538 2537
f 2634 2635 2538
f 2635 2539 2538
f 2635 2636 2539
f 2636 2540 2539
f 2636 2637 2540
f 2637 2541 2540
f 2637 2638 2541
f 2638 2542 2541
f 2638 2639 2542
f 2639 2543 2542
f 2639 2640 2543
f 2640 2544 2543
f 2640 2641 2544
f 2641 2545 2544
f 2641 2642 2545
f 2642 2546 2545
f 2642 2643 2546
f 2643 2547 2546
f 2643 2644 2547
f 2644 2548 2547
f 2644 2645 2548
f 2645 2549 2548
f 2645 2646 2549
f 2646 2550 2549
f 2646 2647 2550
f 2647 2551 2550
f 2647 2648 2551
f 2648 2552 2551
f 2648 2649 2552
f 2649 2553 2552
f 2649 2650 2553
f 2650 2554 2553
f 2650 2651 2554
f 2651 2555 2554
f 2651 2652 2555
f 2652 2556 2555
f 2652 2653 2556
f 2653 2557 2556
f 2653 2654 2557
f 2654 2558 2557
f 2654 2655 2558
f 2655 2559 2558
f 2655 2656 2559
f 2656 2560 2559
f 2656 2657 2560
f 2657 2561 2560
f 2657 2658 2561
f 2658 2562 2561
f 2658 2659 2562
f 2659 2563 2562
f 2659 2660 2563
f 2660 2564 2563
f 2660 2661 2564
f 2661 2565 2564
f 2661 2662 2565
f 2662 2566 2565
f 2662 2663 2566
f 2663 2567 2566
f 2663 2664 2567
f 2664 2568 2567
f 2664 2665 2568
f 2665 2569 2568
f 2665 2666 2569
f 2666 2570 2569
f 2666 2667 2570
f 2667 2571 2570
f 2667 2668 2571
f 2668 2572 2571
f 2668 2669 2572
f 2669 2573 2572
f 2669 2670 2573
f 2670 2574 2573
f 2670 2671 2574
f 2671 2575 2574
f 2671 2672 2575
f 2672 2576 2575
f 2672 2673 2576
f 2673 2577 2576
f 2673 2674 2577
f 2674 2578 2577
f 2674 2675 2578
f 2675 2579 2578
f 2675 2676 2579
f 2676 2580 2579
f 2676 2677 2580
f 2677 2581 2580
f 2677 2678 2581
f 2678 2582 2581
f 2678 2679 2582
f 2679 2583 2582
f 2679 2680 2583
f 2680 2584 2583
f 2680 2681 2584
f 2681 2585 2584
f 2681 2682 2585
f 2682 2586 2585
f 2682 2683 2586
f 2683 2587 2586
f 2683 2684 2587
f 2684 2588 2587
f 2684 2685 2588
f 2685 2589 2588
f 2685 2686 2589
f 2686 2590 2589
f 2686 2687 2590
f 2687 2591 2590
f 2687 2688 2591
f 2688 2592 2591
f 2688 2593 2592
f 2593 2497 2592
f 2689 2690 2593
f 2690 2594 2593
f 2690 2691 2594
f 2691 2595 2594
f 2691 2692 2595
f 2692 2596 2595
f 2692 2693 2596
f 2693 2597 2596
f 2693 2694 2597
f 2694 2598 2597
f 2694 2695 2598
f 2695 2599 2598
f 2695 2696 2599
f 2696 2600 2599
f 2696 2697 2600
f 2697 2601 2600
f 2697 2698 2601
f 2698 2602 2601
f 2698 2699 2602
f 2699 2603 2602
f 2699 2700 2603
f 2700 2604 2603
f 2700 2701 2604
f 2701 2605 2604
f 2701 2702 2605
f 2702 2606 2605
f 2702 2703 2606
f 2703 2607 2606
f 2703 2704 2607
f 2704 2608 2607
f 2704 2705 2608
f 2705 2609 2608
f 2705 2706 2609
f 2706 2610 2609
f 2706 2707 2610
f 2707 2611 2610
f 2707 2708 2611
f 2708 2612 2611
f 2708 2709 2612
f 2709 2613 2612
f 2709 2710 2613
f 2710 2614 2613
f 2710 2711 2614
f 2711 2615 2614
f 2711 2712 2615
f 2712 2616 2615
f 2712 2713 2616
f 2713 2617 2616
f 2713 2714 2617
f 2714 2618 2617
f 2714 2715 2618
f 2715 2619 2618
f 2715 2716 2619
f 2716 2620 2619
f 2716 2717 2620
f 2717 2621 2620
f 2717 2718 2621
f 2718 2622 2621
f 2718 2719 2622
f 2719 2623 2622
f 2719 2720 2623
f 2720 2624 2623
f 2720 2721 2624
f 2721 2625 2624
f 2721 2722 2625
f 2722 2626 2625
f 2722 2723 2626
f 2723 2627 2626
f 2723 2724 2627
f 2724 2628 2627
f 2724 2725 2628
f 2725 2629 2628
f 2725 2726 2629
f 2726 2630 2629
f 2726 2727 2630
f 2727 2631 2630
f 2727 2728 2631
f 2728 2632 2631
f 2728 2729 2632
f 2729 2633 2632
f 2729 2730 2633
f 2730 2634 2633
f 2730 2731 2634
f 2731 2635 2634
f 2731 2732 2635
f 2732 2636 2635
f 2732 2733 2636
f 2733 2637 2636
f 2733 2734 2637
f 2734 2638 2637
f 2734 2735 2638
f 2735 2639 2638
f 2735 2736 2639
f 2736 2640 2639
f 2736 2737 2640
f 2737 2641 2640
f 2737 2738 2641
f 2738 2642 2641
f 2738 2739 2642
f 2739 2643 2642
f 2739 2740 2643
f 2740 2644 2643
f 2740 2741 2644
f 2741 2645 2644
f 2741 2742 2645
f 2742 2646 2645
f 2742 2743 2646
f 2743 2647 2646
f 2743 2744 2647
f 2744 2648 2647
f 2744 2745 2648
f 2745 2649 2648
f 2745 2746 2649
f 2746 2650 2649
f 2746 2747 2650
f 2747 2651 2650
f 2747 2748 2651
f 2748 2652 2651
f 2748 2749 2652
f 2749 2653 2652
f 2749 2750 2653
f 2750 2654 2653
f 2750 2751 2654
f 2751 2655 2654
f 2751 2752 2655
f 2752 2656 2655
f 2752 2753 2656
f 2753 2657 2656
f 2753 2754 2657
f 2754 2658 2657
f 2754 2755 2658
f 2755 2659 2658
f 2755 2756 2659
f 2756 2660 2659
f 2756 2757 2660
f 2757 2661 2660
f 2757 2758 2661
f 2758 2662 2661
f 2758 2759 2662
f 2759 2663 2662
f 2759 2760 2663
f 2760 2664 2663
f 2760 2761 2664
f 2761 2665 2664
f 2761 2762 2665
f 2762 2666 2665
f 2762 2763 2666
f 2763 2667 2666
f 2763 2764 2667
f 2764 2668 2667
f 2764 2765 2668
f 2765 2669 2668
f 2765 2766 2669
f 2766 2670 2669
f 2766 2767 2670
f 2767 2671 2670
f 2767 2768 2671
f 2768 2672 2671
f 2768 2769 2672
f 2769 2673 2672
f 2769 2770 2673
f 2770 2674 2673
f 2770 2771 2674
f 2771 2675 2674
f 2771 2772 2675
f 2772 2676 2675
f 2772 2773 2676
f 2773 2677 2676
f 2773 2774 2677
f 2774 2678 2677
f 2774 2775 2678
f 2775 2679 2678
f 2775 2776 2679
f 2776 2680 2679
f 2776 2777 2680
f 2777 2681 2680
f 2777 2778 2681
f 2778 2682 2681
f 2778 2779 2682
f 2779 2683 2682
f 2779 2780 2683
f 2780 2684 2683
f 2780 2781 2684
f 2781 2685 2684
f 2781 2782 2685
f 2782 2686 2685
f 2782 2783 2686
f 2783 2687 2686
f 2783 2784 2687
f 2784 2688 2687
f 2784 2689 2688
f 2689 2593 2688
f 2785 2786 2689
f 2786 2690 2689
f 2786 2787 2690
f 2787 2691 2690
f 2787 2788 2691
f 2788 2692 2691
f 2788 2789 2692
f 2789 2693 2692
f 2789 2790 2693
f 2790 2694 2693
f 2790 2791 2694
f 2791 2695 2694
f 2791 2792 2695
f 2792 2696 2695
f 2792 2793 2696
f 2793 2697 2696
f 2793 2794 2697
f 2794 2698 2697
f 2794 2795 2698
f 2795 2699 2698
f 2795 2796 2699
f 2796 2700 2699
f 2796 2797 2700
f 2797 2701 2700
f 2797 2798 2701
f 2798 2702 2701
f 2798 2799 2702
f 2799 2703 2702
f 2799 2800 2703
f 2800 2704 2703
f 2800 2801 2704
f 2801 2705 2704
f 2801 2802 2705
f 2802 2706 2705
f 2802 2803 2706
f 2803 2707 2706
f 2803 2804 2707
f 2804 2708 2707
f 2804 2805 2708
f 2805 2709 2708
f 2805 2806 2709
f 2806 2710 2709
f 2806 2807 2710
f 2807 2711 2710
f 2807 2808 2711
f 2808 2712 2711
f 2808 2809 2712
f 2809 2713 2712
f 2809 2810 2713
f 2810 2714 2713
f 2810 2811 2714
f 2811 2715 2714
f 2811 2812 2715
f 2812 2716 2715
f 2812 2813 2716
f 2813 2717 2716
f 2813 2814 2717
f 2814 2718 2717
f 2814 2815 2718
f 2815 2719 2718
f 2815 2816 2719
f 2816 2720 2719
f 2816 2817 2720
f 2817 2721 2720
f 2817 2818 2721
f 2818 2722 2721
f 2818 2819 2722
f 2819 2723 2722
f 2819 2820 2723
f 2820 2724 2723
f 2820 2821 2724
f 2821 2725 2724
f 2821 2822 2725
f 2822 2726 2725
f 2822 2823 2726
f 2823 2727 2726
f 2823 2824 2727
f 2824 2728 2727
f 2824 2825 2728
f 2825 2729 2728
f 2825 2826 2729
f 2826 2730 2729
f 2826 2827 2730
f 2827 2731 2730
f 2827 2828 2731
f 2828 2732 2731
f 2828 2829 2732
f 2829 2733 2732
f 2829 2830 2733
f 2830 2734 2733
f 2830 2831 2734
f 2831 2735 2734
f 2831 2832 2735
f 2832 2736 2735
f 2832 2833 2736
f 2833 2737 2736
f 2833 2834 2737
f 2834 2738 2737
f 2834 2835 2738
f 2835 2739 2738
f 2835 2836 2739
f 2836 2740 2739
f 2836 2837 2740
f 2837 2741 2740
f 2837 2838 2741
f 2838 2742 2741
f 2838 2839 2742
f 2839 2743 2742
f 2839 2840 2743
f 2840 2744 2743
f 2840 2841 2744
f 2841 2745 2744
f 2841 2842 2745
f 2842 2746 2745
f 2842 2843 2746
f 2843 2747 2746
f 2843 2844 2747
f 2844 2748 2747
f 2844 2845 2748
f 2845 2749 2748
f 2845 2846 2749
f 2846 2750 2749
f 2846 2847 2750
f 2847 2751 2750
f 2847 2848 2751
f 2848 2752 2751
f 2848 2849 2752
f 2849 2753 2752
f 2849 2850 2753
f 2850 2754 2753
f 2850 2851 2754
f 2851 2755 2754
f 2851 2852 2755
f 2852 2756 2755
f 2852 2853 2756
f 2853 2757 2756
f 2853 2854 2757
f 2854 2758 2757
f 2854 2855 2758
f 2855 2759 2758
f 2855 2856 2759
f 2856 2760 2759
f 2856 2857 2760
f 2857 2761 2760
f 2857 2858 2761
f 2858 2762 2761
f 2858 2859 2762
f 2859 2763 2762
f 2859 2860 2763
f 2860 2764 2763
f 2860 2861 2764
f 2861 2765 2764
f 2861 2862 2765
f 2862 2766 2765
f 2862 2863 2766
f 2863 2767 2766
f 2863 2864 2767
f 2864 2768 2767
f 2864 2865 2768
f 2865 2769 2768
f 2865 2866 2769
f 2866 2770 2769
f 2866 2867 2770
f 2867 2771 2770
f 2867 2868 2771
f 2868 2772 2771
f 2868 2869 2772
f 2869 2773 2772
f 2869 2870 2773
f 2870 2774 2773
f 2870 2871 2774
f 2871 2775 2774
f 2871 2872 2775
f 2872 2776 2775
f 2872 2873 2776
f 2873 2777 2776
f 2873 2874 2777
f 2874 2778 2777
f 2874 2875 2778
f 2875 2779 2778
f 2875 2876 2779
f 2876 2780 2779
f 2876 2877 2780
f 2877 2781 2780
f 2877 2878 2781
f 2878 2782 2781
f 2878 2879 2782
f 2879 2783 2782
f 2879 2880 2783
f 2880 2784 2783
f 2880 2785 2784
f 2785 2689 2784
f 2881 2882 2785
f 2882 2786 2785
f 2882 2883 2786
f 2883 2787 2786
f 2883 2884 2787
f 2884 2788 2787
f 2884 2885 2788
f 2885 2789 2788
f 2885 2886 2789
f 2886 2790 2789
f 2886 2887 2790
f 2887 2791 2790
f 2887 2888 2791
f 2888 2792 2791
f 2888 2889 2792
f 2889 2793 2792
f 2889 2890 2793
f 2890 2794 2793
f 2890 2891 2794
f 2891 2795 2794
f 2891 2892 2795
f 2892 2796 2795
f 2892 2893 2796
f 2893 2797 2796
f 2893 2894 2797
f 2894 2798 2797
f 2894 2895 2798
f 2895 2799 2798
f 2895 2896 2799
f 2896 2800 2799
f 2896 2897 2800
f 2897 2801 2800
f 2897 2898 2801
f 2898 2802 2801
f 2898 2899 2802
f 2899 2803 2802
f 2899 2900 2803
f 2900 2804 2803
f 2900 2901 2804
f 2901 2805 2804
f 2901 2902 2805
f 2902 2806 2805
f 2902 2903 2806
f 2903 2807 2806
f 2903 2904 2807
f 2904 2808 2807
f 2904 2905 2808
f 2905 2809 2808
f 2905 2906 2809
f 2906 2810 2809
f 2906 2907 2810
f 2907 2811 2810
f 2907 2908 2811
f 2908 2812 2811
f 2908 2909 2812
f 2909 2813 2812
f 2909 2910 2813
f 2910 2814 2813
f 2910 2911 2814
f 2911 2815 2814
f 2911 2912 2815
f 2912 2816 2815
f 2912 2913 2816
f 2913 2817 2816
f 2913 2914 2817
f 2914 2818 2817
f 2914 2915 2818
f 2915 2819 2818
f 2915 2916 2819
f 2916 2820 2819
f 2916 2917 2820
f 2917 2821 2820
f 2917 2918 2821
f 2918 2822 2821
f 2918 2919 2822
f 2919 2823 2822
f 2919 2920 2823
f 2920 2824 2823
f 2920 2921 2824
f 2921 2825 2824
f 2921 2922 2825
f 2922 2826 2825
f 2922 2923 2826
f 2923 2827 2826
f 2923 2924 2827
f 2924 2828 2827
f 2924 2925 2828
f 2925 2829 2828
f 2925 2926 2829
f 2926 2830 2829
f 2926 2927 2830
f 2927 2831 2830
f 2927 2928 2831
f 2928 2832 2831
f 2928 2929 2832
f 2929 2833 2832
f 2929 2930 2833
f 2930 2834 2833
f 2930 2931 2834
f 2931 2835 2834
f 2931 2932 2835
f 2932 2836 2835
f 2932 2933 2836
f 2933 2837 2836
f 2933 2934 2837
f 2934 2838 2837
f 2934 2935 2838
f 2935 2839 2838
f 2935 2936 2839
f 2936 2840 2839
f 2936 2937 2840
f 2937 2841 2840
f 2937 2938 2841
f 2938 2842 2841
f 2938 2939 2842
f 2939 2843 2842
f 2939 2940 2843
f 2940 2844 2843
f 2940 2941 2844
f 2941 2845 2844
f 2941 2942 2845
f 2942 2846 2845
f 2942 2943 2846
f 2943 2847 2846
f 2943 2944 2847
f 2944 2848 2847
f 2944 2945 2848
f 2945 2849 2848
f 2945 2946 2849
f 2946 2850 2849
f 2946 2947 2850
f 2947 2851 2850
f 2947 2948 2851
f 2948 2852 2851
f 2948 2949 2852
f 2949 2853 2852
f 2949 2950 2853
f 2950 2854 2853
f 2950 2951 2854
f 2951 2855 2854
f 2951 2952 2855
f 2952 2856 2855
f 2952 2953 2856
f 2953 2857 2856
f 2953 2954 2857
f 2954 2858 2857
f 2954 2955 2858
f 2955 2859 2858
f 2955 2956 2859
f 2956 2860 2859
f 2956 2957 2860
f 2957 2861 2860
f 2957 2958 2861
f 2958 2862 2861
f 2958 2959 2862
f 2959 2863 2862
f 2959 2960 2863
f 2960 2864 2863
f 2960 2961 2864
f 2961 2865 2864
f 2961 2962 2865
f 2962 2866 2865
f 2962 2963 2866
f 2963 2867 2866
f 2963 2964 2867
f 2964 2868 2867
f 2964 2965 2868
f 2965 2869 2868
f 2965 2966 2869
f 2966 2870 2869
f 2966 2967 2870
f 2967 2871 2870
f 2967 2968 2871
f 2968 2872 2871
f 2968 2969 2872
f 2969 2873 2872
f 2969 2970 2873
f 2970 2874 2873
f 2970 2971 2874
f 2971 2875 2874
f 2971 2972 2875
f 2972 2876 2875
f 2972 2973 2876
f 2973 2877 2876
f 2973 2974 2877
f 2974 2878 2877
f 2974 2975 2878
f 2975 2879 2878
f 2975 2976 2879
f 2976 2880 2879
f 2976 2881 2880
f 2881 2785 2880
f 2977 2978 2881
f 2978 2882 2881
f 2978 2979 2882
f 2979 2883 2882
f 2979 2980 2883
f 2980 2884 2883
f 2980 2981 2884
f 2981 2885 2884
f 2981 2982 2885
f 2982 2886 2885
f 2982 2983 2886
f 2983 2887 2886
f 2983 2984 2887
f 2984 2888 2887
f 2984 2985 2888
f 2985 2889 2888
f 2985 2986 2889
f 2986 2890 2889
f 2986 2987 2890
f 2987 2891 2890
f 2987 2988 2891
f 2988 2892 2891
f 2988 2989 2892
f 2989 2893 2892
f 2989 2990 2893
f 2990 2894 2893
f 2990 2991 2894
f 2991 2895 2894
f 2991 2992 2895
f 2992 2896 2895
f 2992 2993 2896
f 2993 2897 2896
f 2993 2994 2897
f 2994 2898 2897
f 2994 2995 2898
f 2995 2899 2898
f 2995 2996 2899
f 2996 2900 2899
f 2996 2997 2900
f 2997 2901 2900
f 2997 2998 2901
f 2998 2902 2901
f 2998 2999 2902
f 2999 2903 2902
f 2999 3000 2903
f 3000 2904 2903
f 3000 3001 2904
f 3001 2905 2904
f 3001 3002 2905
f 3002 2906 2905
f 3002 3003 2906
f 3003 2907 2906
f 3003 3004 2907
f 3004 2908 2907
f 3004 3005 2908
f 3005 2909 2908
f 3005 3006 2909
f 3006 2910 2909
f 3006 3007 2910
f 3007 2911 2910
f 3007 3008 2911
f 3008 2912 2911
f 3008 3009 2912
f 3009 2913 2912
f 3009 3010 2913
f 3010 2914 2913
f 3010 3011 2914
f 3011 2915 2914
f 3011 3012 2915
f 3012 2916 2915
f 3012 3013 2916
f 3013 2917 2916
f 3013 3014 2917
f 3014 2918 2917
f 3014 3015 2918
f 3015 2919 2918
f 3015 3016 2919
f 3016 2920 2919
f 3016 3017 2920
f 3017 2921 2920
f 3017 3018 2921
f 3018 2922 2921
f 3018 3019 2922
f 3019 2923 2922
f 3019 3020 2923
f 3020 2924 2923
f 3020 3021 2924
f 3021 2925 2924
f 3021 3022 2925
f 3022 2926 2925
f 3022 3023 2926
f 3023 2927 2926
f 3023 3024 2927
f 3024 2928 2927
f 3024 3025 2928
f 3025 2929 2928
f 3025 3026 2929
f 3026 2930 2929
f 3026 3027 2930
f 3027 2931 2930
f 3027 3028 2931
f 3028 2932 2931
f 3028 3029 2932
f 3029 2933 2932
f 3029 3030 2933
f 3030 2934 2933
f 3030 3031 2934
f 3031 2935 2934
f 3031 3032 2935
f 3032 2936 2935
f 3032 3033 2936
f 3033 2937 2936
f 3033 3034 2937
f 3034 2938 2937
f 3034 3035 2938
f 3035 2939 2938
f 3035 3036 2939
f 3036 2940 2939
f 3036 3037 2940
f 3037 2941 2940
f 3037 3038 2941
f 3038 2942 2941
f 3038 3039 2942
f 3039 2943 2942
f 3039 3040 2943
f 3040 2944 2943
f 3040 3041 2944
f 3041 2945 2944
f 3041 3042 2945
f 3042 2946 2945
f 3042 3043 2946
f 3043 2947 2946
f 3043 3044 2947
f 3044 2948 2947
f 3044 3045 2948
f 3045 2949 2948
f 3045 3046 2949
f 3046 2950 2949
f 3046 3047 2950
f 3047 2951 2950
f 3047 3048 2951
f 3048 2952 2951
f 3048 3049 2952
f 3049 2953 2952
f 3049 3050 2953
f 3050 2954 2953
f 3050 3051 2954
f 3051 2955 2954
f 3051 3052 2955
f 3052 2956 2955
f 3052 3053 2956
f 3053 2957 2956
f 3053 3054 2957
f 3054 2958 2957
f 3054 3055 2958
f 3055 2959 2958
f 3055 3056 2959
f 3056 2960 2959
f 3056 3057 2960
f 3057 2961 2960
f 3057 3058 2961
f 3058 2962 2961
f 3058 3059 2962
f 3059 2963 2962
f 3059 3060 2963
f 3060 2964 2963
f 3060 3061 2964
f 3061 2965 2964
f 3061 3062 2965
f 3062 2966 2965
f 3062 3063 2966
f 3063 2967 2966
f 3063 3064 2967
f 3064 2968 2967
f 3064 3065 2968
f 3065 2969 2968
f 3065 3066 2969
f 3066 2970 2969
f 3066 3067 2970
f 3067 2971 2970
f 3067 3068 2971
f 3068 2972 2971
f 3068 3069 2972
f 3069 2973 2972
f 3069 3070 2973
f 3070 2974 2973
f 3070 3071 2974
f 3071 2975 2974
f 3071 3072 2975
f 3072 2976 2975
f 3072 2977 2976
f 2977 2881 2976
f 3073 3074 2977
f 3074 2978 2977
f 3074 3075 2978
f 3075 2979 2978
f 3075 3076 2979
f 3076 2980 2979
f 3076 3077 2980
f 3077 2981 2980
f 3077 3078 2981
f 3078 2982 2981
f 3078 3079 2982
f 3079 2983 2982
f 3079 3080 2983
f 3080 2984 2983
f 3080 3081 2984
f 3081 2985 2984
f 3081 3082 2985
f 3082 2986 2985
f 3082 3083 2986
f 3083 2987 2986
f 3083 3084 2987
f 3084 2988 2987
f 3084 3085 2988
f 3085 2989 2988
f 3085 3086 2989
f 3086 2990 2989
f 3086 3087 2990
f 3087 2991 2990
f 3087 3088 2991
f 3088 2992 2991
f 3088 3089 2992
f 3089 2993 2992
f 3089 3090 2993
f 3090 2994 2993
f 3090 3091 2994
f 3091 2995 2994
f 3091 3092 2995
f 3092 2996 2995
f 3092 3093 2996
f 3093 2997 2996
f 3093 3094 2997
f 3094 2998 2997
f 3094 3095 2998
f 3095 2999 2998
f 3095 3096 2999
f 3096 3000 2999
f 3096 3097 3000
f 3097 3001 3000
f 3097 3098 3001
f 3098 3002 3001
f 3098 3099 3002
f 3099 3003 3002
f 3099 3100 3003
f 3100 3004 3003
f 3100 3101 3004
f 3101 3005 3004
f 3101 3102 3005
f 3102 3006 3005
f 3102 3103 3006
f 3103 3007 3006
f 3103 3104 3007
f 3104 3008 3007
f 3104 3105 3008
f 3105 3009 3008
f 3105 3106 3009
f 3106 3010 3009
f 3106 3107 3010
f 3107 3011 3010
f 3107 3108 3011
f 3108 3012 3011
f 3108 3109 3012
f 3109 3013 3012
f 3109 3110 3013
f 3110 3014 3013
f 3110 3111 3014
f 3111 3015 3014
f 3111 3112 3015
f 3112 3016 3015
f 3112 3113 3016
f 3113 3017 3016
f 3113 3114 3017
f 3114 3018 3017
f 3114 3115 3018
f 3115 3019 3018
f 3115 3116 3019
f 3116 3020 3019
f 3116 3117 3020
f 3117 3021 3020
f 3117 3118 3021
f 3118 3022 3021
f 3118 3119 3022
f 3119 3023 3022
f 3119 3120 3023
f 3120 3024 3023
f 3120 3121 3024
f 3121 3025 3024
f 3121 3122 3025
f 3122 3026 3025
f 3122 3123 3026
f 3123 3027 3026
f 3123 3124 3027
f 3124 3028 3027
f 3124 3125 3028
f 3125 3029 3028
f 3125 3126 3029
f 3126 3030 3029
f 3126 3127 3030
f 3127 3031 3030
f 3127 3128 3031
f 3128 3032 3031
f 3128 3129 3032
f 3129 3033 3032
f 3129 3130 3033
f 3130 3034 3033
f 3130 3131 3034
f 3131 3035 3034
f 3131 3132 3035
f 3132 3036 3035
f 3132 3133 3036
f 3133 3037 3036
f 3133 3134 3037
f 3134 3038 3037
f 3134 3135 3038
f 3135 3039 3038
f 3135 3136 3039
f 3136 3040 3039
f 3136 3137 3040
f 3137 3041 3040
f 3137 3138 3041
f 3138 3042 3041
f 3138 3139 3042
f 3139 3043 3042
f 3139 3140 3043
f 3140 3044 3043
f 3140 3141 3044
f 3141 3045 3044
f 3141 3142 3045
f 3142 3046 3045
f 3142 3143 3046
f 3143 3047 3046
f 3143 3144 3047
f 3144 3048 3047
f 3144 3145 3048
f 3145 3049 3048
f 3145 3146 3049
f 3146 3050 3049
f 3146 3147 3050
f 3147 3051 3050
f 3147 3148 3051
f 3148 3052 3051
f 3148 3149 3052
f 3149 3053 3052
f 3149 3150 3053
f 3150 3054 3053
f 3150 3151 3054
f 3151 3055 3054
f 3151 3152 3055
f 3152 3056 3055
f 3152 3153 3056
f 3153 3057 3056
f 3153 3154 3057
f 3154 3058 3057
f 3154 3155 3058
f 3155 3059 3058
f 3155 3156 3059
f 3156 3060 3059
f 3156 3157 3060
f 3157 3061 3060
f 3157 3158 3061
f 3158 3062 3061
f 3158 3159 3062
f 3159 3063 3062
f 3159 3160 3063
f 3160 3064 3063
f 3160 3161 3064
f 3161 3065 3064
f 3161 3162 3065
f 3162 3066 3065
f 3162 3163 3066
f 3163 3067 3066
f 3163 3164 3067
f 3164 3068 3067
f 3164 3165 3068
f 3165 3069 3068
f 3165 3166 3069
f 3166 3070 3069
f 3166 3167 3070
f 3167 3071 3070
f 3167 3168 3071
f 3168 3072 3071
f 3168 3073 3072
f 3073 2977 3072
f 3169 3170 3073
f 3170 3074 3073
f 3170 3171 3074
f 3171 3075 3074
f 3171 3172 3075
f 3172 3076 3075
f 3172 3173 3076
f 3173 3077 3076
f 3173 3174 3077
f 3174 3078 3077
f 3174 3175 3078
f 3175 3079 3078
f 3175 3176 3079
f 3176 3080 3079
f 3176 3177 3080
f 3177 3081 3080
f 3177 3178 3081
f 3178 3082 3081
f 3178 3179 3082
f 3179 3083 3082
f 3179 3180 3083
f 3180 3084 3083
f 3180 3181 3084
f 3181 3085 3084
f 3181 3182 3085
f 3182 3086 3085
f 3182 3183 3086
f 3183 3087 3086
f 3183 3184 3087
f 3184 3088 3087
f 3184 3185 3088
f 3185 3089 3088
f 3185 3186 3089
f 3186 3090 3089
f 3186 3187 3090
f 3187 3091 3090
f 3187 3188 3091
f 3188 3092 3091
f 3188 3189 3092
f 3189 3093 3092
f 3189 3190 3093
f 3190 3094 3093
f 3190 3191 3094
f 3191 3095 3094
f 3191 3192 3095
f 3192 3096 3095
f 3192 3193 3096
f 3193 3097 3096
f 3193 3194 3097
f 3194 3098 3097
f 3194 3195 3098
f 3195 3099 3098
f 3195 3196 3099
f 3196 3100 3099
f 3196 3197 3100
f 3197 3101 3100
f 3197 3198 3101
f 3198 3102 3101
f 3198 3199 3102
f 3199 3103 3102
f 3199 3200 3103
f 3200 3104 3103
f 3200 3201 3104
f 3201 3105 3104
f 3201 3202 3105
f 3202 3106 3105
f 3202 3203 3106
f 3203 3107 3106
f 3203 3204 3107
f 3204 3108 3107
f 3204 3205 3108
f 3205 3109 3108
f 3205 3206 3109
f 3206 3110 3109
f 3206 3207 3110
f 3207 3111 3110
f 3207 3208 3111
f 3208 3112 3111
f 3208 3209 3112
f 3209 3113 3112
f 3209 3210 3113
f 3210 3114 3113
f 3210 3211 3114
f 3211 3115 3114
f 3211 3212 3115
f 3212 3116 3115
f 3212 3213 3116
f 3213 3117 3116
f 3213 3214 3117
f 3214 3118 3117
f 3214 3215 3118
f 3215 3119 3118
f 3215 3216 3119
f 3216 3120 3119
f 3216 3217 3120
f 3217 3121 3120
f 3217 3218 3121
f 3218 3122 3121
f 3218 3219 3122
f 3219 3123 3122
f 3219 3220 3123
f 3220 3124 3123
f 3220 3221 3124
f 3221 3125 3124
f 3221 3222 3125
f 3222 3126 3125
f 3222 3223 3126
f 3223 3127 3126
f 3223 3224 3127
f 3224 3128 3127
f 3224 3225 3128
f 3225 3129 3128
f 3225 3226 3129
f 3226 3130 3129
f 3226 3227 3130
f 3227 3131 3130
f 3227 3228 3131
f 3228 3132 3131
f 3228 3229 3132
f 3229 3133 3132
f 3229 3230 3133
f 3230 3134 3133
f 3230 3231 3134
f 3231 3135 3134
f 3231 3232 3135
f 3232 3136 3135
f 3232 3233 3136
f 3233 3137 3136
f 3233 3234 3137
f 3234 3138 3137
f 3234 3235 3138
f 3235 3139 3138
f 3235 3236 3139
f 3236 3140 3139
f 3236 3237 3140
f 3237 3141 3140
f 3237 3238 3141
f 3238 3142 3141
f 3238 3239 3142
f 3239 3143 3142
f 3239 3240 3143
f 3240 3144 3143
f 3240 3241 3144
f 3241 3145 3144
f 3241 3242 3145
f 3242 3146 3145
f 3242 3243 3146
f 3243 3147 3146
f 3243 3244 3147
f 3244 3148 3147
f 3244 3245 3148
f 3245 3149 3148
f 3245 3246 3149
f 3246 3150 3149
f 3246 3247 3150
f 3247 3151 3150
f 3247 3248 3151
f 3248 3152 3151
f 3248 3249 3152
f 3249 3153 3152
f 3249 3250 3153
f 3250 3154 3153
f 3250 3251 3154
f 3251 3155 3154
f 3251 3252 3155
f 3252 3156 3155
f 3252 3253 3156
f 3253 3157 3156
f 3253 3254 3157
f 3254 3158 3157
f 3254 3255 3158
f 3255 3159 3158
f 3255 3256 3159
f 3256 3160 3159
f 3256 3257 3160
f 3257 3161 3160
f 3257 3258 3161
f 3258 3162 3161
f 3258 3259 3162
f 3259 3163 3162
f 3259 3260 3163
f 3260 3164 3163
f 3260 3261 3164
f 3261 3165 3164
f 3261 3262 3165
f 3262 3166 3165
f 3262 3263 3166
f 3263 3167 3166
f 3263 3264 3167
f 3264 3168 3167
f 3264 3169 3168
f 3169 3073 3168
f 3265 3266 3169
f 3266 3170 3169
f 3266 3267 3170
f 3267 3171 3170
f 3267 3268 3171
f 3268 3172 3171
f 3268 3269 3172
f 3269 3173 3172
f 3269 3270 3173
f 3270 3174 3173
f 3270 3271 3174
f 3271 3175 3174
f 3271 3272 3175
f 3272 3176 3175
f 3272 3273 3176
f 3273 3177 3176
f 3273 3274 3177
f 3274 3178 3177
f 3274 3275 3178
f 3275 3179 3178
f 3275 3276 3179
f 3276 3180 3179
f 3276 3277 3180
f 3277 3181 3180
f 3277 3278 3181
f 3278 3182 3181
f 3278 3279 3182
f 3279 3183 3182
f 3279 3280 3183
f 3280 3184 3183
f 3280 3281 3184
f 3281 3185 3184
f 3281 3282 3185
f 3282 3186 3185
f 3282 3283 3186
f 3283 3187 3186
f 3283 3284 3187
f 3284 3188 3187
f 3284 3285 3188
f 3285 3189 3188
f 3285 3286 3189
f 3286 3190 3189
f 3286 3287 3190
f 3287 3191 3190
f 3287 3288 3191
f 3288 3192 3191
f 3288 3289 3192
f 3289 3193 3192
f 3289 3290 3193
f 3290 3194 3193
f 3290 3291 3194
f 3291 3195 3194
f 3291 3292 3195
f 3292 3196 3195
f 3292 3293 3196
f 3293 3197 3196
f 3293 3294 3197
f 3294 3198 3197
f 3294 3295 3198
f 3295 3199 3198
f 3295 3296 3199
f 3296 3200 3199
f 3296 3297 3200
f 3297 3201 3200
f 3297 3298 3201
f 3298 3202 3201
f 3298 3299 3202
f 3299 3203 3202
f 3299 3300 3203
f 3300 3204 3203
f 3300 3301 3204
f 3301 3205 3204
f 3301 3302 3205
f 3302 3206 3205
f 3302 3303 3206
f 3303 3207 3206
f 3303 3304 3207
f 3304 3208 3207
f 3304 3305 3208
f 3305 3209 3208
f 3305 3306 3209
f 3306 3210 3209
f 3306 3307 3210
f 3307 3211 3210
f 3307 3308 3211
f 3308 3212 3211
f 3308 3309 3212
f 3309 3213 3212
f 3309 3310 3213
f 3310 3214 3213
f 3310 3311 3214
f 3311 3215 3214
f 3311 3312 3215
f 3312 3216 3215
f 3312 3313 3216
f 3313 3217 3216
f 3313 3314 3217
f 3314 3218 3217
f 3314 3315 3218
f 3315 3219 3218
f 3315 3316 3219
f 3316 3220 3219
f 3316 3317 3220
f 3317 3221 3220
f 3317 3318 3221
f 3318 3222 3221
f 3318 3319 3222
f 3319 3223 3222
f 3319 3320 3223
f 3320 3224 3223
f 3320 3321 3224
f 3321 3225 3224
f 3321 3322 3225
f 3322 3226 3225
f 3322 3323 3226
f 3323 3227 3226
f 3323 3324 3227
f 3324 3228 3227
f 3324 3325 3228
f 3325 3229 3228
f 3325 3326 3229
f 3326 3230 3229
f 3326 3327 3230
f 3327 3231 3230
f 3327 3328 3231
f 3328 3232 3231
f 3328 3329 3232
f 3329 3233 3232
f 3329 3330 3233
f 3330 3234 3233
f 3330 3331 3234
f 3331 3235 3234
f 3331 3332 3235
f 3332 3236 3235
f 3332 3333 3236
f 3333 3237 3236
f 3333 3334 3237
f 3334 3238 3237
f 3334 3335 3238
f 3335 3239 3238
f 3335 3336 3239
f 3336 3240 3239
f 3336 3337 3240
f 3337 3241 3240
f 3337 3338 3241
f 3338 3242 3241
f 3338 3339 3242
f 3339 3243 3242
f 3339 3340 3243
f 3340 3244 3243
f 3340 3341 3244
f 3341 3245 3244
f 3341 3342 3245
f 3342 3246 3245
f 3342 3343 3246
f 3343 3247 3246
f 3343 3344 3247
f 3344 3248 3247
f 3344 3345 3248
f 3345 3249 3248
f 3345 3346 3249
f 3346 3250 3249
f 3346 3347 3250
f 3347 3251 3250
f 3347 3348 3251
f 3348 3252 3251
f 3348 3349 3252
f 3349 3253 3252
f 3349 3350 3253
f 3350 3254 3253
f 3350 3351 3254
f 3351 3255 3254
f 3351 3352 3255
f 3352 3256 3255
f 3352 3353 3256
f 3353 3257 3256
f 3353 3354 3257
f 3354 3258 3257
f 3354 3355 3258
f 3355 3259 3258
f 3355 3356 3259
f 3356 3260 3259
f 3356 3357 3260
f 3357 3261 3260
f 3357 3358 3261
f 3358 3262 3261
f 3358 3359 3262
f 3359 3263 3262
f 3359 3360 3263
f 3360 3264 3263
f 3360 3265 3264
f 3265 3169 3264
f 3361 3362 3265
f 3362 3266 3265
f 3362 3363 3266
f 3363 3267 3266
f 3363 3364 3267
f 3364 3268 3267
f 3364 3365 3268
f 3365 3269 3268
f 3365 3366 3269
f 3366 3270 3269
f 3366 3367 3270
f 3367 3271 3270
f 3367 3368 3271
f 3368 3272 3271
f 3368 3369 3272
f 3369 3273 3272
f 3369 3370 3273
f 3370 3274 3273
f 3370 3371 3274
f 3371 3275 3274
f 3371 3372 3275
f 3372 3276 3275
f 3372 3373 3276
f 3373 3277 3276
f 3373 3374 3277
f 3374 3278 3277
f 3374 3375 3278
f 3375 3279 3278
f 3375 3376 3279
f 3376 3280 3279
f 3376 3377 3280
f 3377 3281 3280
f 3377 3378 3281
f 3378 3282 3281
f 3378 3379 3282
f 3379 3283 3282
f 3379 3380 3283
f 3380 3284 3283
f 3380 3381 3284
f 3381 3285 3284
f 3381 3382 3285
f 3382 3286 3285
f 3382 3383 3286
f 3383 3287 3286
f 3383 3384 3287
f 3384 3288 3287
f 3384 3385 3288
f 3385 3289 3288
f 3385 3386 3289
f 3386 3290 3289
f 3386 3387 3290
f 3387 3291 3290
f 3387 3388 3291
f 3388 3292 3291
f 3388 3389 3292
f 3389 3293 3292
f 3389 3390 3293
f 3390 3294 3293
f 3390 3391 3294
f 3391 3295 3294
f 3391 3392 3295
f 3392 3296 3295
f 3392 3393 3296
f 3393 3297 3296
f 3393 3394 3297
f 3394 3298 3297
f 3394 3395 3298
f 3395 3299 3298
f 3395 3396 3299
f 3396 3300 3299
f 3396 3397 3300
f 3397 3301 3300
f 3397 3398 3301
f 3398 3302 3301
f 3398 3399 3302
f 3399 3303 3302
f 3399 3400 3303
f 3400 3304 3303
f 3400 3401 3304
f 3401 3305 3304
f 3401 3402 3305
f 3402 3306 3305
f 3402 3403 3306
f 3403 3307 3306
f 3403 3404 3307
f 3404 3308 3307
f 3404 3405 3308
f 3405 3309 3308
f 3405 3406 3309
f 3406 3310 3309
f 3406 3407 3310
f 3407 3311 3310
f 3407 3408 3311
f 3408 3312 3311
f 3408 3409 3312
f 3409 3313 3312
f 3409 3410 3313
f 3410 3314 3313
f 3410 3411 3314
f 3411 3315 3314
f 3411 3412 3315
f 3412 3316 3315
f 3412 3413 3316
f 3413 3317 3316
f 3413 3414 3317
f 3414 3318 3317
f 3414 3415 3318
f 3415 3319 3318
f 3415 3416 3319
f 3416 3320 3319
f 3416 3417 3320
f 3417 3321 3320
f 3417 3418 3321
f 3418 3322 3321
f 3418 3419 3322
f 3419 3323 3322
f 3419 3420 3323
f 3420 3324 3323
f 3420 3421 3324
f 3421 3325 3324
f 3421 3422 3325
f 3422 3326 3325
f 3422 3423 3326
f 3423 3327 3326
f 3423 3424 3327
f 3424 3328 3327
f 3424 3425 3328
f 3425 3329 3328
f 3425 3426 3329
f 3426 3330 3329
f 3426 3427 3330
f 3427 3331 3330
f 3427 3428 3331
f 3428 3332 3331
f 3428 3429 3332
f 3429 3333 3332
f 3429 3430 3333
f 3430 3334 3333
f 3430 3431 3334
f 3431 3335 3334
f 3431 3432 3335
f 3432 3336 3335
f 3432 3433 3336
f 3433 3337 3336
f 3433 3434 3337
f 3434 3338 3337
f 3434 3435 3338
f 3435 3339 3338
f 3435 3436 3339
f 3436 3340 3339
f 3436 3437 3340
f 3437 3341 3340
f 3437 3438 3341
f 3438 3342 3341
f 3438 3439 3342
f 3439 3343 3342
f 3439 3440 3343
f 3440 3344 3343
f 3440 3441 3344
f 3441 3345 3344
f 3441 3442 3345
f 3442 3346 3345
f 3442 3443 3346
f 3443 3347 3346
f 3443 3444 3347
f 3444 3348 3347
f 3444 3445 3348
f 3445 3349 3348
f 3445 3446 3349
f 3446 3350 3349
f 3446 3447 3350
f 3447 3351 3350
f 3447 3448 3351
f 3448 3352 3351
f 3448 3449 3352
f 3449 3353 3352
f 3449 3450 3353
f 3450 3354 3353
f 3450 3451 3354
f 3451 3355 3354
f 3451 3452 3355
f 3452 3356 3355
f 3452 3453 3356
f 3453 3357 3356
f 3453 3454 3357
f 3454 3358 3357
f 3454 3455 3358
f 3455 3359 3358
f 3455 3456 3359
f 3456 3360 3359
f 3456 3361 3360
f 3361 3265 3360
f 3457 3458 3361
f 3458 3362 3361
f 3458 3459 3362
f 3459 3363 3362
f 3459 3460 3363
f 3460 3364 3363
f 3460 3461 3364
f 3461 3365 3364
f 3461 3462 3365
f 3462 3366 3365
f 3462 3463 3366
f 3463 3367 3366
f 3463 3464 3367
f 3464 3368 3367
f 3464 3465 3368
f 3465 3369 3368
f 3465 3466 3369
f 3466 3370 3369
f 3466 3467 3370
f 3467 3371 3370
f 3467 3468 3371
f 3468 3372 3371
f 3468 3469 3372
f 3469 3373 3372
f 3469 3470 3373
f 3470 3374 3373
f 3470 3471 3374
f 3471 3375 3374
f 3471 3472 3375
f 3472 3376 3375
f 3472 3473 3376
f 3473 3377 3376
f 3473 3474 3377
f 3474 3378 3377
f 3474 3475 3378
f 3475 3379 3378
f 3475 3476 3379
f 3476 3380 3379
f 3476 3477 3380
f 3477 3381 3380
f 3477 3478 3381
f 3478 3382 3381
f 3478 3479 3382
f 3479 3383 3382
f 3479 3480 3383
f 3480 3384 3383
f 3480 3481 3384
f 3481 3385 3384
f 3481 3482 3385
f 3482 3386 3385
f 3482 3483 3386
f 3483 3387 3386
f 3483 3484 3387
f 3484 3388 3387
f 3484 3485 3388
f 3485 3389 3388
f 3485 3486 3389
f 3486 3390 3389
f 3486 3487 3390
f 3487 3391 3390
f 3487 3488 3391
f 3488 3392 3391
f 3488 3489 3392
f 3489 3393 3392
f 3489 3490 3393
f 3490 3394 3393
f 3490 3491 3394
f 3491 3395 3394
f 3491 3492 3395
f 3492 3396 3395
f 3492 3493 3396
f 3493 3397 3396
f 3493 3494 3397
f 3494 3398 3397
f 3494 3495 3398
f 3495 3399 3398
f 3495 3496 3399
f 3496 3400 3399
f 3496 3497 3400
f 3497 3401 3400
f 3497 3498 3401
f 3498 3402 3401
f 3498 3499 3402
f 3499 3403 3402
f 3499 3500 3403
f 3500 3404 3403
f 3500 3501 3404
f 3501 3405 3404
f 3501 3502 3405
f 3502 3406 3405
f 3502 3503 3406
f 3503 3407 3406
f 3503 3504 3407
f 3504 3408 3407
f 3504 3505 3408
f 3505 3409 3408
f 3505 3506 3409
f 3506 3410 3409
f 3506 3507 3410
f 3507 3411 3410
f 3507 3508 3411
f 3508 3412 3411
f 3508 3509 3412
f 3509 3413 3412
f 3509 3510 3413
f 3510 3414 3413
f 3510 3511 3414
f 3511 3415 3414
f 3511 3512 3415
f 3512 3416 3415
f 3512 3513 3416
f 3513 3417 3416
f 3513 3514 3417
f 3514 3418 3417
f 3514 3515 3418
f 3515 3419 3418
f 3515 3516 3419
f 3516 3420 3419
f 3516 3517 3420
f 3517 3421 3420
f 3517 3518 3421
f 3518 3422 3421
f 3518 3519 3422
f 3519 3423 3422
f 3519 3520 3423
f 3520 3424 3423
f 3520 3521 3424
f 3521 3425 3424
f 3521 3522 3425
f 3522 3426 3425
f 3522 3523 3426
f 3523 3427 3426
f 3523 3524 3427
f 3524 3428 3427
f 3524 3525 3428
f 3525 3429 3428
f 3525 3526 3429
f 3526 3430 3429
f 3526 3527 3430
f 3527 3431 3430
f 3527 3528 3431
f 3528 3432 3431
f 3528 3529 3432
f 3529 3433 3432
f 3529 3530 3433
f 3530 3434 3433
f 3530 3531 3434
f 3531 3435 3434
f 3531 3532 3435
f 3532 3436 3435
f 3532 3533 3436
f 3533 3437 3436
f 3533 3534 3437
f 3534 3438 3437
f 3534 3535 3438
f 3535 3439 3438
f 3535 3536 3439
f 3536 3440 3439
f 3536 3537 3440
f 3537 3441 3440
f 3537 3538 3441
f 3538 3442 3441
f 3538 3539 3442
f 3539 3443 3442
f 3539 3540 3443
f 3540 3444 3443
f 3540 3541 3444
f 3541 3445 3444
f 3541 3542 3445
f 3542 3446 3445
f 3542 3543 3446
f 3543 3447 3446
f 3543 3544 3447
f 3544 3448 3447
f 3544 3545 3448
f 3545 3449 3448
f 3545 3546 3449
f 3546 3450 3449
f 3546 3547 3450
f 3547 3451 3450
f 3547 3548 3451
f 3548 3452 3451
f 3548 3549 3452
f 3549 3453 3452
f 3549 3550 3453
f 3550 3454 3453
f 3550 3551 3454
f 3551 3455 3454
f 3551 3552 3455
f 3552 3456 3455
f 3552 3457 3456
f 3457 3361 3456
f 3553 3554 3457
f 3554 3458 3457
f 3554 3555 3458
f 3555 3459 3458
f 3555 3556 3459
f 3556 3460 3459
f 3556 3557 3460
f 3557 3461 3460
f 3557 3558 3461
f 3558 3462 3461
f 3558 3559 3462
f 3559 3463 3462
f 3559 3560 3463
f 3560 3464 3463
f 3560 3561 3464
f 3561 3465 3464
f 3561 3562 3465
f 3562 3466 3465
f 3562 3563 3466
f 3563 3467 3466
f 3563 3564 3467
f 3564 3468 3467
f 3564 3565 3468
f 3565 3469 3468
f 3565 3566 3469
f 3566 3470 3469
f 3566 3567 3470
f 3567 3471 3470
f 3567 3568 3471
f 3568 3472 3471
f 3568 3569 3472
f 3569 3473 3472
f 3569 3570 3473
f 3570 3474 3473
f 3570 3571 3474
f 3571 3475 3474
f 3571 3572 3475
f 3572 3476 3475
f 3572 3573 3476
f 3573 3477 3476
f 3573 3574 3477
f 3574 3478 3477
f 3574 3575 3478
f 3575 3479 3478
f 3575 3576 3479
f 3576 3480 3479
f 3576 3577 3480
f 3577 3481 3480
f 3577 3578 3481
f 3578 3482 3481
f 3578 3579 3482
f 3579 3483 3482
f 3579 3580 3483
f 3580 3484 3483
f 3580 3581 3484
f 3581 3485 3484
f 3581 3582 3485
f 3582 3486 3485
f 3582 3583 3486
f 3583 3487 3486
f 3583 3584 3487
f 3584 3488 3487
f 3584 3585 3488
f 3585 3489 3488
f 3585 3586 3489
f 3586 3490 3489
f 3586 3587 3490
f 3587 3491 3490
f 3587 3588 3491
f 3588 3492 3491
f 3588 3589 3492
f 3589 3493 3492
f 3589 3590 3493
f 3590 3494 3493
f 3590 3591 3494
f 3591 3495 3494
f 3591 3592 3495
f 3592 3496 3495
f 3592 3593 3496
f 3593 3497 3496
f 3593 3594 3497
f 3594 3498 3497
f 3594 3595 3498
f 3595 3499 3498
f 3595 3596 3499
f 3596 3500 3499
f 3596 3597 3500
f 3597 3501 3500
f 3597 3598 3501
f 3598 3502 3501
f 3598 3599 3502
f 3599 3503 3502
f 3599 3600 3503
f 3600 3504 3503
f 3600 3601 3504
f 3601 3505 3504
f 3601 3602 3505
f 3602 3506 3505
f 3602 3603 3506
f 3603 3507 3506
f 3603 3604 3507
f 3604 3508 3507
f 3604 3605 3508
f 3605 3509 3508
f 3605 3606 3509
f 3606 3510 3509
f 3606 3607 3510
f 3607 3511 3510
f 3607 3608 3511
f 3608 3512 3511
f 3608 3609 3512
f 3609 3513 3512
f 3609 3610 3513
f 3610 3514 3513
f 3610 3611 3514
f 3611 3515 3514
f 3611 3612 3515
f 3612 3516 3515
f 3612 3613 3516
f 3613 3517 3516
f 3613 3614 3517
f 3614 3518 3517
f 3614 3615 3518
f 3615 3519 3518
f 3615 3616 3519
f 3616 3520 3519
f 3616 3617 3520
f 3617 3521 3520
f 3617 3618 3521
f 3618 3522 3521
f 3618 3619 3522
f 3619 3523 3522
f 3619 3620 3523
f 3620 3524 3523
f 3620 3621 3524
f 3621 3525 3524
f 3621 3622 3525
f 3622 3526 3525
f 3622 3623 3526
f 3623 3527 3526
f 3623 3624 3527
f 3624 3528 3527
f 3624 3625 3528
f 3625 3529 3528
f 3625 3626 3529
f 3626 3530 3529
f 3626 3627 3530
f 3627 3531 3530
f 3627 3628 3531
f 3628 3532 3531
f 3628 3629 3532
f 3629 3533 3532
f 3629 3630 3533
f 3630 3534 3533
f 3630 3631 3534
f 3631 3535 3534
f 3631 3632 3535
f 3632 3536 3535
f 3632 3633 3536
f 3633 3537 3536
f 3633 3634 3537
f 3634 3538 3537
f 3634 3635 3538
f 3635 3539 3538
f 3635 3636 3539
f 3636 3540 3539
f 3636 3637 3540
f 3637 3541 3540
f 3637 3638 3541
f 3638 3542 3541
f 3638 3639 3542
f 3639 3543 3542
f 3639 3640 3543
f 3640 3544 3543
f 3640 3641 3544
f 3641 3545 3544
f 3641 3642 3545
f 3642 3546 3545
f 3642 3643 3546
f 3643 3547 3546
f 3643 3644 3547
f 3644 3548 3547
f 3644 3645 3548
f 3645 3549 3548
f 3645 3646 3549
f 3646 3550 3549
f 3646 3647 3550
f 3647 3551 3550
f 3647 3648 3551
f 3648 3552 3551
f 3648 3553 3552
f 3553 3457 3552
f 3649 3650 3553
f 3650 3554 3553
f 3650 3651 3554
f 3651 3555 3554
f 3651 3652 3555
f 3652 3556 3555
f 3652 3653 3556
f 3653 3557 3556
f 3653 3654 3557
f 3654 3558 3557
f 3654 3655 3558
f 3655 3559 3558
f 3655 3656 3559
f 3656 3560 3559
f 3656 3657 3560
f 3657 3561 3560
f 3657 3658 3561
f 3658 3562 3561
f 3658 3659 3562
f 3659 3563 3562
f 3659 3660 3563
f 3660 3564 3563
f 3660 3661 3564
f 3661 3565 3564
f 3661 3662 3565
f 3662 3566 3565
f 3662 3663 3566
f 3663 3567 3566
f 3663 3664 3567
f 3664 3568 3567
f 3664 3665 3568
f 3665 3569 3568
f 3665 3666 3569
f 3666 3570 3569
f 3666 3667 3570
f 3667 3571 3570
f 3667 3668 3571
f 3668 3572 3571
f 3668 3669 3572
f 3669 3573 3572
f 3669 3670 3573
f 3670 3574 3573
f 3670 3671 3574
f 3671 3575 3574
f 3671 3672 3575
f 3672 3576 3575
f 3672 3673 3576
f 3673 3577 3576
f 3673 3674 3577
f 3674 3578 3577
f 3674 3675 3578
f 3675 3579 3578
f 3675 3676 3579
f 3676 3580 3579
f 3676 3677 3580
f 3677 3581 3580
f 3677 3678 3581
f 3678 3582 3581
f 3678 3679 3582
f 3679 3583 3582
f 3679 3680 3583
f 3680 3584 3583
f 3680 3681 3584
f 3681 3585 3584
f 3681 3682 3585
f 3682 3586 3585
f 3682 3683 3586
f 3683 3587 3586
f 3683 3684 3587
f 3684 3588 3587
f 3684 3685 3588
f 3685 3589 3588
f 3685 3686 3589
f 3686 3590 3589
f 3686 3687 3590
f 3687 3591 3590
f 3687 3688 3591
f 3688 3592 3591
f 3688 3689 3592
f 3689 3593 3592
f 3689 3690 3593
f 3690 3594 3593
f 3690 3691 3594
f 3691 3595 3594
f 3691 3692 3595
f 3692 3596 3595
f 3692 3693 3596
f 3693 3597 3596
f 3693 3694 3597
f 3694 3598 3597
f 3694 3695 3598
f 3695 3599 3598
f 3695 3696 3599
f 3696 3600 3599
f 3696 3697 3600
f 3697 3601 3600
f 3697 3698 3601
f 3698 3602 3601
f 3698 3699 3602
f 3699 3603 3602
f 3699 3700 3603
f 3700 3604 3603
f 3700 3701 3604
f 3701 3605 3604
f 3701 3702 3605
f 3702 3606 3605
f 3702 3703 3606
f 3703 3607 3606
f 3703 3704 3607
f 3704 3608 3607
f 3704 3705 3608
f 3705 3609 3608
f 3705 3706 3609
f 3706 3610 3609
f 3706 3707 3610
f 3707 3611 3610
f 3707 3708 3611
f 3708 3612 3611
f 3708 3709 3612
f 3709 3613 3612
f 3709 3710 3613
f 3710 3614 3613
f 3710 3711 3614
f 3711 3615 3614
f 3711 3712 3615
f 3712 3616 3615
f 3712 3713 3616
f 3713 3617 3616
f 3713 3714 3617
f 3714 3618 3617
f 3714 3715 3618
f 3715 3619 3618
f 3715 3716 3619
f 3716 3620 3619
f 3716 3717 3620
f 3717 3621 3620
f 3717 3718 3621
f 3718 3622 3621
f 3718 3719 3622
f 3719 3623 3622
f 3719 3720 3623
f 3720 3624 3623
f 3720 3721 3624
f 3721 3625 3624
f 3721 3722 3625
f 3722 3626 3625
f 3722 3723 3626
f 3723 3627 3626
f 3723 3724 3627
f 3724 3628 3627
f 3724 3725 3628
f 3725 3629 3628
f 3725 3726 3629
f 3726 3630 3629
f 3726 3727 3630
f 3727 3631 3630
f 3727 3728 3631
f 3728 3632 3631
f 3728 3729 3632
f 3729 3633 3632
f 3729 3730 3633
f 3730 3634 3633
f 3730 3731 3634
f 3731 3635 3634
f 3731 3732 3635
f 3732 3636 3635
f 3732 3733 3636
f 3733 3637 3636
f 3733 3734 3637
f 3734 3638 3637
f 3734 3735 3638
f 3735 3639 3638
f 3735 3736 3639
f 3736 3640 3639
f 3736 3737 3640
f 3737 3641 3640
f 3737 3738 3641
f 3738 3642 3641
f 3738 3739 3642
f 3739 3643 3642
f 3739 3740 3643
f 3740 3644 3643
f 3740 3741 3644
f 3741 3645 3644
f 3741 3742 3645
f 3742 3646 3645
f 3742 3743 3646
f 3743 3647 3646
f 3743 3744 3647
f 3744 3648 3647
f 3744 3649 3648
f 3649 3553 3648
f 3745 3746 3649
f 3746 3650 3649
f 3746 3747 3650
f 3747 3651 3650
f 3747 3748 3651
f 3748 3652 3651
f 3748 3749 3652
f 3749 3653 3652
f 3749 3750 3653
f 3750 3654 3653
f 3750 3751 3654
f 3751 3655 3654
f 3751 3752 3655
f 3752 3656 3655
f 3752 3753 3656
f 3753 3657 3656
f 3753 3754 3657
f 3754 3658 3657
f 3754 3755 3658
f 3755 3659 3658
f 3755 3756 3659
f 3756 3660 3659
f 3756 3757 3660
f 3757 3661 3660
f 3757 3758 3661
f 3758 3662 3661
f 3758 3759 3662
f 3759 3663 3662
f 3759 3760 3663
f 3760 3664 3663
f 3760 3761 3664
f 3761 3665 3664
f 3761 3762 3665
f 3762 3666 3665
f 3762 3763 3666
f 3763 3667 3666
f 3763 3764 3667
f 3764 3668 3667
f 3764 3765 3668
f 3765 3669 3668
f 3765 3766 3669
f 3766 3670 3669
f 3766 3767 3670
f 3767 3671 3670
f 3767 3768 3671
f 3768 3672 3671
f 3768 3769 3672
f 3769 3673 3672
f 3769 3770 3673
f 3770 3674 3673
f 3770 3771 3674
f 3771 3675 3674
f 3771 3772 3675
f 3772 3676 3675
f 3772 3773 3676
f 3773 3677 3676
f 3773 3774 3677
f 3774 3678 3677
f 3774 3775 3678
f 3775 3679 3678
f 3775 3776 3679
f 3776 3680 3679
f 3776 3777 3680
f 3777 3681 3680
f 3777 3778 3681
f 3778 3682 3681
f 3778 3779 3682
f 3779 3683 3682
f 3779 3780 3683
f 3780 3684 3683
f 3780 3781 3684
f 3781 3685 3684
f 3781 3782 3685
f 3782 3686 3685
f 3782 3783 3686
f 3783 3687 3686
f 3783 3784 3687
f 3784 3688 3687
f 3784 3785 3688
f 3785 3689 3688
f 3785 3786 3689
f 3786 3690 3689
f 3786 3787 3690
f 3787 3691 3690
f 3787 3788 3691
f 3788 3692 3691
f 3788 3789 3692
f 3789 3693 3692
f 3789 3790 3693
f 3790 3694 3693
f 3790 3791 3694
f 3791 3695 3694
f 3791 3792 3695
f 3792 3696 3695
f 3792 3793 3696
f 3793 3697 3696
f 3793 3794 3697
f 3794 3698 3697
f 3794 3795 3698
f 3795 3699 3698
f 3795 3796 3699
f 3796 3700 3699
f 3796 3797 3700
f 3797 3701 3700
f 3797 3798 3701
f 3798 3702 3701
f 3798 3799 3702
f 3799 3703 3702
f 3799 3800 3703
f 3800 3704 3703
f 3800 3801 3704
f 3801 3705 3704
f 3801 3802 3705
f 3802 3706 3705
f 3802 3803 3706
f 3803 3707 3706
f 3803 3804 3707
f 3804 3708 3707
f 3804 3805 3708
f 3805 3709 3708
f 3805 3806 3709
f 3806 3710 3709
f 3806 3807 3710
f 3807 3711 3710
f 3807 3808 3711
f 3808 3712 3711
f 3808 3809 3712
f 3809 3713 3712
f 3809 3810 3713
f 3810 3714 3713
f 3810 3811 3714
f 3811 3715 3714
f 3811 3812 3715
f 3812 3716 3715
f 3812 3813 3716
f 3813 3717 3716
f 3813 3814 3717
f 3814 3718 3717
f 3814 3815 3718
f 3815 3719 3718
f 3815 3816 3719
f 3816 3720 3719
f 3816 3817 3720
f 3817 3721 3720
f 3817 3818 3721
f 3818 3722 3721
f 3818 3819 3722
f 3819 3723 3722
f 3819 3820 3723
f 3820 3724 3723
f 3820 3821 3724
f 3821 3725 3724
f 3821 3822 3725
f 3822 3726 3725
f 3822 3823 3726
f 3823 3727 3726
f 3823 3824 3727
f 3824 3728 3727
f 3824 3825 3728
f 3825 3729 3728
f 3825 3826 3729
f 3826 3730 3729
f 3826 3827 3730
f 3827 3731 3730
f 3827 3828 3731
f 3828 3732 3731
f 3828 3829 3732
f 3829 3733 3732
f 3829 3830 3733
f 3830 3734 3733
f 3830 3831 3734
f 3831 3735 3734
f 3831 3832 3735
f 3832 3736 3735
f 3832 3833 3736
f 3833 3737 3736
f 3833 3834 3737
f 3834 3738 3737
f 3834 3835 3738
f 3835 3739 3738
f 3835 3836 3739
f 3836 3740 3739
f 3836 3837 3740
f 3837 3741 3740
f 3837 3838 3741
f 3838 3742 3741
f 3838 3839 3742
f 3839 3743 3742
f 3839 3840 3743
f 3840 3744 3743
f 3840 3745 3744
f 3745 3649 3744
f 3841 3842 3745
f 3842 3746 3745
f 3842 3843 3746
f 3843 3747 3746
f 3843 3844 3747
f 3844 3748 3747
f 3844 3845 3748
f 3845 3749 3748
f 3845 3846 3749
f 3846 3750 3749
f 3846 3847 3750
f 3847 3751 3750
f 3847 3848 3751
f 3848 3752 3751
f 3848 3849 3752
f 3849 3753 3752
f 3849 3850 3753
f 3850 3754 3753
f 3850 3851 3754
f 3851 3755 3754
f 3851 3852 3755
f 3852 3756 3755
f 3852 3853 3756
f 3853 3757 3756
f 3853 3854 3757
f 3854 3758 3757
f 3854 3855 3758
f 3855 3759 3758
f 3855 3856 3759
f 3856 3760 3759
f 3856 3857 3760
f 3857 3761 3760
f 3857 3858 3761
f 3858 3762 3761
f 3858 3859 3762
f 3859 3763 3762
f 3859 3860 3763
f 3860 3764 3763
f 3860 3861 3764
f 3861 3765 3764
f 3861 3862 3765
f 3862 3766 3765
f 3862 3863 3766
f 3863 3767 3766
f 3863 3864 3767
f 3864 3768 3767
f 3864 3865 3768
f 3865 3769 3768
f 3865 3866 3769
f 3866 3770 3769
f 3866 3867 3770
f 3867 3771 3770
f 3867 3868 3771
f 3868 3772 3771
f 3868 3869 3772
f 3869 3773 3772
f 3869 3870 3773
f 3870 3774 3773
f 3870 3871 3774
f 3871 3775 3774
f 3871 3872 3775
f 3872 3776 3775
f 3872 3873 3776
f 3873 3777 3776
f 3873 3874 3777
f 3874 3778 3777
f 3874 3875 3778
f 3875 3779 3778
f 3875 3876 3779
f 3876 3780 3779
f 3876 3877 3780
f 3877 3781 3780
f 3877 3878 3781
f 3878 3782 3781
f 3878 3879 3782
f 3879 3783 3782
f 3879 3880 3783
f 3880 3784 3783
f 3880 3881 3784
f 3881 3785 3784
f 3881 3882 3785
f 3882 3786 3785
f 3882 3883 3786
f 3883 3787 3786
f 3883 3884 3787
f 3884 3788 3787
f 3884 3885 3788
f 3885 3789 3788
f 3885 3886 3789
f 3886 3790 3789
f 3886 3887 3790
f 3887 3791 3790
f 3887 3888 3791
f 3888 3792 3791
f 3888 3889 3792
f 3889 3793 3792
f 3889 3890 3793
f 3890 3794 3793
f 3890 3891 3794
f 3891 3795 3794
f 3891 3892 3795
f 3892 3796 3795
f 3892 3893 3796
f 3893 3797 3796
f 3893 3894 3797
f 3894 3798 3797
f 3894 3895 3798
f 3895 3799 3798
f 3895 3896 3799
f 3896 3800 3799
f 3896 3897 3800
f 3897 3801 3800
f 3897 3898 3801
f 3898 3802 3801
f 3898 3899 3802
f 3899 3803 3802
f 3899 3900 3803
f 3900 3804 3803
f 3900 3901 3804
f 3901 3805 3804
f 3901 3902 3805
f 3902 3806 3805
f 3902 3903 3806
f 3903 3807 3806
f 3903 3904 3807
f 3904 3808 3807
f 3904 3905 3808
f 3905 3809 3808
f 3905 3906 3809
f 3906 3810 3809
f 3906 3907 3810
f 3907 3811 3810
f 3907 3908 3811
f 3908 3812 3811
f 3908 3909 3812
f 3909 3813 3812
f 3909 3910 3813
f 3910 3814 3813
f 3910 3911 3814
f 3911 3815 3814
f 3911 3912 3815
f 3912 3816 3815
f 3912 3913 3816
f 3913 3817 3816
f 3913 3914 3817
f 3914 3818 3817
f 3914 3915 3818
f 3915 3819 3818
f 3915 3916 3819
f 3916 3820 3819
f 3916 3917 3820
f 3917 3821 3820
f 3917 3918 3821
f 3918 3822 3821
f 3918 3919 3822
f 3919 3823 3822
f 3919 3920 3823
f 3920 3824 3823
f 3920 3921 3824
f 3921 3825 3824
f 3921 3922 3825
f 3922 3826 3825
f 3922 3923 3826
f 3923 3827 3826
f 3923 3924 3827
f 3924 3828 3827
f 3924 3925 3828
f 3925 3829 3828
f 3925 3926 3829
f 3926 3830 3829
f 3926 3927 3830
f 3927 3831 3830
f 3927 3928 3831
f 3928 3832 3831
f 3928 3929 3832
f 3929 3833 3832
f 3929 3930 3833
f 3930 3834 3833
f 3930 3931 3834
f 3931 3835 3834
f 3931 3932 3835
f 3932 3836 3835
f 3932 3933 3836
f 3933 3837 3836
f 3933 3934 3837
f 3934 3838 3837
f 3934 3935 3838
f 3935 3839 3838
f 3935 3936 3839
f 3936 3840 3839
f 3936 3841 3840
f 3841 3745 3840
f 3937 3938 3841
f 3938 3842 3841
f 3938 3939 3842
f 3939 3843 3842
f 3939 3940 3843
f 3940 3844 3843
f 3940 3941 3844
f 3941 3845 3844
f 3941 3942 3845
f 3942 3846 3845
f 3942 3943 3846
f 3943 3847 3846
f 3943 3944 3847
f 3944 3848 3847
f 3944 3945 3848
f 3945 3849 3848
f 3945 3946 3849
f 3946 3850 3849
f 3946 3947 3850
f 3947 3851 3850
f 3947 3948 3851
f 3948 3852 3851
f 3948 3949 3852
f 3949 3853 3852
f 3949 3950 3853
f 3950 3854 3853
f 3950 3951 3854
f 3951 3855 3854
f 3951 3952 3855
f 3952 3856 3855
f 3952 3953 3856
f 3953 3857 3856
f 3953 3954 3857
f 3954 3858 3857
f 3954 3955 3858
f 3955 3859 3858
f 3955 3956 3859
f 3956 3860 3859
f 3956 3957 3860
f 3957 3861 3860
f 3957 3958 3861
f 3958 3862 3861
f 3958 3959 3862
f 3959 3863 3862
f 3959 3960 3863
f 3960 3864 3863
f 3960 3961 3864
f 3961 3865 3864
f 3961 3962 3865
f 3962 3866 3865
f 3962 3963 3866
f 3963 3867 3866
f 3963 3964 3867
f 3964 3868 3867
f 3964 3965 3868
f 3965 3869 3868
f 3965 3966 3869
f 3966 3870 3869
f 3966 3967 3870
f 3967 3871 3870
f 3967 3968 3871
f 3968 3872 3871
f 3968 3969 3872
f 3969 3873 3872
f 3969 3970 3873
f 3970 3874 3873
f 3970 3971 3874
f 3971 3875 3874
f 3971 3972 3875
f 3972 3876 3875
f 3972 3973 3876
f 3973 3877 3876
f 3973 3974 3877
f 3974 3878 3877
f 3974 3975 3878
f 3975 3879 3878
f 3975 3976 3879
f 3976 3880 3879
f 3976 3977 3880
f 3977 3881 3880
f 3977 3978 3881
f 3978 3882 3881
f 3978 3979 3882
f 3979 3883 3882
f 3979 3980 3883
f 3980 3884 3883
f 3980 3981 3884
f 3981 3885 3884
f 3981 3982 3885
f 3982 3886 3885
f 3982 3983 3886
f 3983 3887 3886
f 3983 3984 3887
f 3984 3888 3887
f 3984 3985 3888
f 3985 3889 3888
f 3985 3986 3889
f 3986 3890 3889
f 3986 3987 3890
f 3987 3891 3890
f 3987 3988 3891
f 3988 3892 3891
f 3988 3989 3892
f 3989 3893 3892
f 3989 3990 3893
f 3990 3894 3893
f 3990 3991 3894
f 3991 3895 3894
f 3991 3992 3895
f 3992 3896 3895
f 3992 3993 3896
f 3993 3897 3896
f 3993 3994 3897
f 3994 3898 3897
f 3994 3995 3898
f 3995 3899 3898
f 3995 3996 3899
f 3996 3900 3899
f 3996 3997 3900
f 3997 3901 3900
f 3997 3998 3901
f 3998 3902 3901
f 3998 3999 3902
f 3999 3903 3902
f 3999 4000 3903
f 4000 3904 3903
f 4000 4001 3904
f 4001 3905 3904
f 4001 4002 3905
f 4002 3906 3905
f 4002 4003 3906
f 4003 3907 3906
f 4003 4004 3907
f 4004 3908 3907
f 4004 4005 3908
f 4005 3909 3908
f 4005 4006 3909
f 4006 3910 3909
f 4006 4007 3910
f 4007 3911 3910
f 4007 4008 3911
f 4008 3912 3911
f 4008 4009 3912
f 4009 3913 3912
f 4009 4010 3913
f 4010 3914 3913
f 4010 4011 3914
f 4011 3915 3914
f 4011 4012 3915
f 4012 3916 3915
f 4012 4013 3916
f 4013 3917 3916
f 4013 4014 3917
f 4014 3918 3917
f 4014 4015 3918
f 4015 3919 3918
f 4015 4016 3919
f 4016 3920 3919
f 4016 4017 3920
f 4017 3921 3920
f 4017 4018 3921
f 4018 3922 3921
f 4018 4019 3922
f 4019 3923 3922
f 4019 4020 3923
f 4020 3924 3923
f 4020 4021 3924
f 4021 3925 3924
f 4021 4022 3925
f 4022 3926 3925
f 4022 4023 3926
f 4023 3927 3926
f 4023 4024 3927
f 4024 3928 3927
f 4024 4025 3928
f 4025 3929 3928
f 4025 4026 3929
f 4026 3930 3929
f 4026 4027 3930
f 4027 3931 3930
f 4027 4028 3931
f 4028 3932 3931
f 4028 4029 3932
f 4029 3933 3932
f 4029 4030 3933
f 4030 3934 3933
f 4030 4031 3934
f 4031 3935 3934
f 4031 4032 3935
f 4032 3936 3935
f 4032 3937 3936
f 3937 3841 3936
f 4033 4034 3937
f 4034 3938 3937
f 4034 4035 3938
f 4035 3939 3938
f 4035 4036 3939
f 4036 3940 3939
f 4036 4037 3940
f 4037 3941 3940
f 4037 4038 3941
f 4038 3942 3941
f 4038 4039 3942
f 4039 3943 3942
f 4039 4040 3943
f 4040 3944 3943
f 4040 4041 3944
f 4041 3945 3944
f 4041 4042 3945
f 4042 3946 3945
f 4042 4043 3946
f 4043 3947 3946
f 4043 4044 3947
f 4044 3948 3947
f 4044 4045 3948
f 4045 3949 3948
f 4045 4046 3949
f 4046 3950 3949
f 4046 4047 3950
f 4047 3951 3950
f 4047 4048 3951
f 4048 3952 3951
f 4048 4049 3952
f 4049 3953 3952
f 4049 4050 3953
f 4050 3954 3953
f 4050 4051 3954
f 4051 3955 3954
f 4051 4052 3955
f 4052 3956 3955
f 4052 4053 3956
f 4053 3957 3956
f 4053 4054 3957
f 4054 3958 3957
f 4054 4055 3958
f 4055 3959 3958
f 4055 4056 3959
f 4056 3960 3959
f 4056 4057 3960
f 4057 3961 3960
f 4057 4058 3961
f 4058 3962 3961
f 4058 4059 3962
f 4059 3963 3962
f 4059 4060 3963
f 4060 3964 3963
f 4060 4061 3964
f 4061 3965 3964
f 4061 4062 3965
f 4062 3966 3965
f 4062 4063 3966
f 4063 3967 3966
f 4063 4064 3967
f 4064 3968 3967
f 4064 4065 3968
f 4065 3969 3968
f 4065 4066 3969
f 4066 3970 3969
f 4066 4067 3970
f 4067 3971 3970
f 4067 4068 3971
f 4068 3972 3971
f 4068 4069 3972
f 4069 3973 3972
f 4069 4070 3973
f 4070 3974 3973
f 4070 4071 3974
f 4071 3975 3974
f 4071 4072 3975
f 4072 3976 3975
f 4072 4073 3976
f 4073 3977 3976
f 4073 4074 3977
f 4074 3978 3977
f 4074 4075 3978
f 4075 3979 3978
f 4075 4076 3979
f 4076 3980 3979
f 4076 4077 3980
f 4077 3981 3980
f 4077 4078 3981
f 4078 3982 3981
f 4078 4079 3982
f 4079 3983 3982
f 4079 4080 3983
f 4080 3984 3983
f 4080 4081 3984
f 4081 3985 3984
f 4081 4082 3985
f 4082 3986 3985
f 4082 4083 3986
f 4083 3987 3986
f 4083 4084 3987
f 4084 3988 3987
f 4084 4085 3988
f 4085 3989 3988
f 4085 4086 3989
f 4086 3990 3989
f 4086 4087 3990
f 4087 3991 3990
f 4087 4088 3991
f 4088 3992 3991
f 4088 4089 3992
f 4089 3993 3992
f 4089 4090 3993
f 4090 3994 3993
f 4090 4091 3994
f 4091 3995 3994
f 4091 4092 3995
f 4092 3996 3995
f 4092 4093 3996
f 4093 3997 3996
f 4093 4094 3997
f 4094 3998 3997
f 4094 4095 3998
f 4095 3999 3998
f 4095 4096 3999
f 4096 4000 3999
f 4096 4097 4000
f 4097 4001 4000
f 4097 4098 4001
f 4098 4002 4001
f 4098 4099 4002
f 4099 4003 4002
f 4099 4100 4003
f 4100 4004 4003
f 4100 4101 4004
f 4101 4005 4004
f 4101 4102 4005
f 4102 4006 4005
f 4102 4103 4006
f 4103 4007 4006
f 4103 4104 4007
f 4104 4008 4007
f 4104 4105 4008
f 4105 4009 4008
f 4105 4106 4009
f 4106 4010 4009
f 4106 4107 4010
f 4107 4011 4010
f 4107 4108 4011
f 4108 4012 4011
f 4108 4109 4012
f 4109 4013 4012
f 4109 4110 4013
f 4110 4014 4013
f 4110 4111 4014
f 4111 4015 4014
f 4111 4112 4015
f 4112 4016 4015
f 4112 4113 4016
f 4113 4017 4016
f 4113 4114 4017
f 4114 4018 4017
f 4114 4115 4018
f 4115 4019 4018
f 4115 4116 4019
f 4116 4020 4019
f 4116 4117 4020
f 4117 4021 4020
f 4117 4118 4021
f 4118 4022 4021
f 4118 4119 4022
f 4119 4023 4022
f 4119 4120 4023
f 4120 4024 4023
f 4120 4121 4024
f 4121 4025 4024
f 4121 4122 4025
f 4122 4026 4025
f 4122 4123 4026
f 4123 4027 4026
f 4123 4124 4027
f 4124 4028 4027
f 4124 4125 4028
f 4125 4029 4028
f 4125 4126 4029
f 4126 4030 4029
f 4126 4127 4030
f 4127 4031 4030
f 4127 4128 4031
f 4128 4032 4031
f 4128 4033 4032
f 4033 3937 4032
f 4129 4130 4033
f 4130 4034 4033
f 4130 4131 4034
f 4131 4035 4034
f 4131 4132 4035
f 4132 4036 4035
f 4132 4133 4036
f 4133 4037 4036
f 4133 4134 4037
f 4134 4038 4037
f 4134 4135 4038
f 4135 4039 4038
f 4135 4136 4039
f 4136 4040 4039
f 4136 4137 4040
f 4137 4041 4040
f 4137 4138 4041
f 4138 4042 4041
f 4138 4139 4042
f 4139 4043 4042
f 4139 4140 4043
f 4140 4044 4043
f 4140 4141 4044
f 4141 4045 4044
f 4141 4142 4045
f 4142 4046 4045
f 4142 4143 4046
f 4143 4047 4046
f 4143 4144 4047
f 4144 4048 4047
f 4144 4145 4048
f 4145 4049 4048
f 4145 4146 4049
f 4146 4050 4049
f 4146 4147 4050
f 4147 4051 4050
f 4147 4148 4051
f 4148 4052 4051
f 4148 4149 4052
f 4149 4053 4052
f 4149 4150 4053
f 4150 4054 4053
f 4150 4151 4054
f 4151 4055 4054
f 4151 4152 4055
f 4152 4056 4055
f 4152 4153 4056
f 4153 4057 4056
f 4153 4154 4057
f 4154 4058 4057
f 4154 4155 4058
f 4155 4059 4058
f 4155 4156 4059
f 4156 4060 4059
f 4156 4157 4060
f 4157 4061 4060
f 4157 4158 4061
f 4158 4062 4061
f 4158 4159 4062
f 4159 4063 4062
f 4159 4160 4063
f 4160 4064 4063
f 4160 4161 4064
f 4161 4065 4064
f 4161 4162 4065
f 4162 4066 4065
f 4162 4163 4066
f 4163 4067 4066
f 4163 4164 4067
f 4164 4068 4067
f 4164 4165 4068
f 4165 4069 4068
f 4165 4166 4069
f 4166 4070 4069
f 4166 4167 4070
f 4167 4071 4070
f 4167 4168 4071
f 4168 4072 4071
f 4168 4169 4072
f 4169 4073 4072
f 4169 4170 4073
f 4170 4074 4073
f 4170 4171 4074
f 4171 4075 4074
f 4171 4172 4075
f 4172 4076 4075
f 4172 4173 4076
f 4173 4077 4076
f 4173 4174 4077
f 4174 4078 4077
f 4174 4175 4078
f 4175 4079 4078
f 4175 4176 4079
f 4176 4080 4079
f 4176 4177 4080
f 4177 4081 4080
f 4177 4178 4081
f 4178 4082 4081
f 4178 4179 4082
f 4179 4083 4082
f 4179 4180 4083
f 4180 4084 4083
f 4180 4181 4084
f 4181 4085 4084
f 4181 4182 4085
f 4182 4086 4085
f 4182 4183 4086
f 4183 4087 4086
f 4183 4184 4087
f 4184 4088 4087
f 4184 4185 4088
f 4185 4089 4088
f 4185 4186 4089
f 4186 4090 4089
f 4186 4187 4090
f 4187 4091 4090
f 4187 4188 4091
f 4188 4092 4091
f 4188 4189 4092
f 4189 4093 4092
f 4189 4190 4093
f 4190 4094 4093
f 4190 4191 4094
f 4191 4095 4094
f 4191 4192 4095
f 4192 4096 4095
f 4192 4193 4096
f 4193 4097 4096
f 4193 4194 4097
f 4194 4098 4097
f 4194 4195 4098
f 4195 4099 4098
f 4195 4196 4099
f 4196 4100 4099
f 4196 4197 4100
f 4197 4101 4100
f 4197 4198 4101
f 4198 4102 4101
f 4198 4199 4102
f 4199 4103 4102
f 4199 4200 4103
f 4200 4104 4103
f 4200 4201 4104
f 4201 4105 4104
f 4201 4202 4105
f 4202 4106 4105
f 4202 4203 4106
f 4203 4107 4106
f 4203 4204 4107
f 4204 4108 4107
f 4204 4205 4108
f 4205 4109 4108
f 4205 4206 4109
f 4206 4110 4109
f 4206 4207 4110
f 4207 4111 4110
f 4207 4208 4111
f 4208 4112 4111
f 4208 4209 4112
f 4209 4113 4112
f 4209 4210 4113
f 4210 4114 4113
f 4210 4211 4114
f 4211 4115 4114
f 4211 4212 4115
f 4212 4116 4115
f 4212 4213 4116
f 4213 4117 4116
f 4213 4214 4117
f 4214 4118 4117
f 4214 4215 4118
f 4215 4119 4118
f 4215 4216 4119
f 4216 4120 4119
f 4216 4217 4120
f 4217 4121 4120
f 4217 4218 4121
f 4218 4122 4121
f 4218 4219 4122
f 4219 4123 4122
f 4219 4220 4123
f 4220 4124 4123
f 4220 4221 4124
f 4221 4125 4124
f 4221 4222 4125
f 4222 4126 4125
f 4222 4223 4126
f 4223 4127 4126
f 4223 4224 4127
f 4224 4128 4127
f 4224 4129 4128
f 4129 4033 4128
f 4225 4226 4129
f 4226 4130 4129
f 4226 4227 4130
f 4227 4131 4130
f 4227 4228 4131
f 4228 4132 4131
f 4228 4229 4132
f 4229 4133 4132
f 4229 4230 4133
f 4230 4134 4133
f 4230 4231 4134
f 4231 4135 4134
f 4231 4232 4135
f 4232 4136 4135
f 4232 4233 4136
f 4233 4137 4136
f 4233 4234 4137
f 4234 4138 4137
f 4234 4235 4138
f 4235 4139 4138
f 4235 4236 4139
f 4236 4140 4139
f 4236 4237 4140
f 4237 4141 4140
f 4237 4238 4141
f 4238 4142 4141
f 4238 4239 4142
f 4239 4143 4142
f 4239 4240 4143
f 4240 4144 4143
f 4240 4241 4144
f 4241 4145 4144
f 4241 4242 4145
f 4242 4146 4145
f 4242 4243 4146
f 4243 4147 4146
f 4243 4244 4147
f 4244 4148 4147
f 4244 4245 4148
f 4245 4149 4148
f 4245 4246 4149
f 4246 4150 4149
f 4246 4247 4150
f 4247 4151 4150
f 4247 4248 4151
f 4248 4152 4151
f 4248 4249 4152
f 4249 4153 4152
f 4249 4250 4153
f 4250 4154 4153
f 4250 4251 4154
f 4251 4155 4154
f 4251 4252 4155
f 4252 4156 4155
f 4252 4253 4156
f 4253 4157 4156
f 4253 4254 4157
f 4254 4158 4157
f 4254 4255 4158
f 4255 4159 4158
f 4255 4256 4159
f 4256 4160 4159
f 4256 4257 4160
f 4257 4161 4160
f 4257 4258 4161
f 4258 4162 4161
f 4258 4259 4162
f 4259 4163 4162
f 4259 4260 4163
f 4260 4164 4163
f 4260 4261 4164
f 4261 4165 4164
f 4261 4262 4165
f 4262 4166 4165
f 4262 4263 4166
f 4263 4167 4166
f 4263 4264 4167
f 4264 4168 4167
f 4264 4265 4168
f 4265 4169 4168
f 4265 4266 4169
f 4266 4170 4169
f 4266 4267 4170
f 4267 4171 4170
f 4267 4268 4171
f 4268 4172 4171
f 4268 4269 4172
f 4269 4173 4172
f 4269 4270 4173
f 4270 4174 4173
f 4270 4271 4174
f 4271 4175 4174
f 4271 4272 4175
f 4272 4176 4175
f 4272 4273 4176
f 4273 4177 4176
f 4273 4274 4177
f 4274 4178 4177
f 4274 4275 4178
f 4275 4179 4178
f 4275 4276 4179
f 4276 4180 4179
f 4276 4277 4180
f 4277 4181 4180
f 4277 4278 4181
f 4278 4182 4181
f 4278 4279 4182
f 4279 4183 4182
f 4279 4280 4183
f 4280 4184 4183
f 4280 4281 4184
f 4281 4185 4184
f 4281 4282 4185
f 4282 4186 4185
f 4282 4283 4186
f 4283 4187 4186
f 4283 4284 4187
f 4284 4188 4187
f 4284 4285 4188
f 4285 4189 4188
f 4285 4286 4189
f 4286 4190 4189
f 4286 4287 4190
f 4287 4191 4190
f 4287 4288 4191
f 4288 4192 4191
f 4288 4289 4192
f 4289 4193 4192
f 4289 4290 4193
f 4290 4194 4193
f 4290 4291 4194
f 4291 4195 4194
f 4291 4292 4195
f 4292 4196 4195
f 4292 4293 4196
f 4293 4197 4196
f 4293 4294 4197
f 4294 4198 4197
f 4294 4295 4198
f 4295 4199 4198
f 4295 4296 4199
f 4296 4200 4199
f 4296 4297 4200
f 4297 4201 4200
f 4297 4298 4201
f 4298 4202 4201
f 4298 4299 4202
f 4299 4203 4202
f 4299 4300 4203
f 4300 4204 4203
f 4300 4301 4204
f 4301 4205 4204
f 4301 4302 4205
f 4302 4206 4205
f 4302 4303 4206
f 4303 4207 4206
f 4303 4304 4207
f 4304 4208 4207
f 4304 4305 4208
f 4305 4209 4208
f 4305 4306 4209
f 4306 4210 4209
f 4306 4307 4210
f 4307 4211 4210
f 4307 4308 4211
f 4308 4212 4211
f 4308 4309 4212
f 4309 4213 4212
f 4309 4310 4213
f 4310 4214 4213
f 4310 4311 4214
f 4311 4215 4214
f 4311 4312 4215
f 4312 4216 4215
f 4312 4313 4216
f 4313 4217 4216
f 4313 4314 4217
f 4314 4218 4217
f 4314 4315 4218
f 4315 4219 4218
f 4315 4316 4219
f 4316 4220 4219
f 4316 4317 4220
f 4317 4221 4220
f 4317 4318 4221
f 4318 4222 4221
f 4318 4319 4222
f 4319 4223 4222
f 4319 4320 4223
f 4320 4224 4223
f 4320 4225 4224
f 4225 4129 4224
f 4321 4322 4225
f 4322 4226 4225
f 4322 4323 4226
f 4323 4227 4226
f 4323 4324 4227
f 4324 4228 4227
f 4324 4325 4228
f 4325 4229 4228
f 4325 4326 4229
f 4326 4230 4229
f 4326 4327 4230
f 4327 4231 4230
f 4327 4328 4231
f 4328 4232 4231
f 4328 4329 4232
f 4329 4233 4232
f 4329 4330 4233
f 4330 4234 4233
f 4330 4331 4234
f 4331 4235 4234
f 4331 4332 4235
f 4332 4236 4235
f 4332 4333 4236
f 4333 4237 4236
f 4333 4334 4237
f 4334 4238 4237
f 4334 4335 4238
f 4335 4239 4238
f 4335 4336 4239
f 4336 4240 4239
f 4336 4337 4240
f 4337 4241 4240
f 4337 4338 4241
f 4338 4242 4241
f 4338 4339 4242
f 4339 4243 4242
f 4339 4340 4243
f 4340 4244 4243
f 4340 4341 4244
f 4341 4245 4244
f 4341 4342 4245
f 4342 4246 4245
f 4342 4343 4246
f 4343 4247 4246
f 4343 4344 4247
f 4344 4248 4247
f 4344 4345 4248
f 4345 4249 4248
f 4345 4346 4249
f 4346 4250 4249
f 4346 4347 4250
f 4347 4251 4250
f 4347 4348 4251
f 4348 4252 4251
f 4348 4349 4252
f 4349 4253 4252
f 4349 4350 4253
f 4350 4254 4253
f 4350 4351 4254
f 4351 4255 4254
f 4351 4352 4255
f 4352 4256 4255
f 4352 4353 4256
f 4353 4257 4256
f 4353 4354 4257
f 4354 4258 4257
f 4354 4355 4258
f 4355 4259 4258
f 4355 4356 4259
f 4356 4260 4259
f 4356 4357 4260
f 4357 4261 4260
f 4357 4358 4261
f 4358 4262 4261
f 4358 4359 4262
f 4359 4263 4262
f 4359 4360 4263
f 4360 4264 4263
f 4360 4361 4264
f 4361 4265 4264
f 4361 4362 4265
f 4362 4266 4265
f 4362 4363 4266
f 4363 4267 4266
f 4363 4364 4267
f 4364 4268 4267
f 4364 4365 4268
f 4365 4269 4268
f 4365 4366 4269
f 4366 4270 4269
f 4366 4367 4270
f 4367 4271 4270
f 4367 4368 4271
f 4368 4272 4271
f 4368 4369 4272
f 4369 4273 4272
f 4369 4370 4273
f 4370 4274 4273
f 4370 4371 4274
f 4371 4275 4274
f 4371 4372 4275
f 4372 4276 4275
f 4372 4373 4276
f 4373 4277 4276
f 4373 4374 4277
f 4374 4278 4277
f 4374 4375 4278
f 4375 4279 4278
f 4375 4376 4279
f 4376 4280 4279
f 4376 4377 4280
f 4377 4281 4280
f 4377 4378 4281
f 4378 4282 4281
f 4378 4379 4282
f 4379 4283 4282
f 4379 4380 4283
f 4380 4284 4283
f 4380 4381 4284
f 4381 4285 4284
f 4381 4382 4285
f 4382 4286 4285
f 4382 4383 4286
f 4383 4287 4286
f 4383 4384 4287
f 4384 4288 4287
f 4384 4385 4288
f 4385 4289 4288
f 4385 4386 4289
f 4386 4290 4289
f 4386 4387 4290
f 4387 4291 4290
f 4387 4388 4291
f 4388 4292 4291
f 4388 4389 4292
f 4389 4293 4292
f 4389 4390 4293
f 4390 4294 4293
f 4390 4391 4294
f 4391 4295 4294
f 4391 4392 4295
f 4392 4296 4295
f 4392 4393 4296
f 4393 4297 4296
f 4393 4394 4297
f 4394 4298 4297
f 4394 4395 4298
f 4395 4299 4298
f 4395 4396 4299
f 4396 4300 4299
f 4396 4397 4300
f 4397 4301 4300
f 4397 4398 4301
f 4398 4302 4301
f 4398 4399 4302
f 4399 4303 4302
f 4399 4400 4303
f 4400 4304 4303
f 4400 4401 4304
f 4401 4305 4304
f 4401 4402 4305
f 4402 4306 4305
f 4402 4403 4306
f 4403 4307 4306
f 4403 4404 4307
f 4404 4308 4307
f 4404 4405 4308
f 4405 4309 4308
f 4405 4406 4309
f 4406 4310 4309
f 4406 4407 4310
f 4407 4311 4310
f 4407 4408 4311
f 4408 4312 4311
f 4408 4409 4312
f 4409 4313 4312
f 4409 4410 4313
f 4410 4314 4313
f 4410 4411 4314
f 4411 4315 4314
f 4411 4412 4315
f 4412 4316 4315
f 4412 4413 4316
f 4413 4317 4316
f 4413 4414 4317
f 4414 4318 4317
f 4414 4415 4318
f 4415 4319 4318
f 4415 4416 4319
f 4416 4320 4319
f 4416 4321 4320
f 4321 4225 4320
f 4417 4418 4321
f 4418 4322 4321
f 4418 4419 4322
f 4419 4323 4322
f 4419 4420 4323
f 4420 4324 4323
f 4420 4421 4324
f 4421 4325 4324
f 4421 4422 4325
f 4422 4326 4325
f 4422 4423 4326
f 4423 4327 4326
f 4423 4424 4327
f 4424 4328 4327
f 4424 4425 4328
f 4425 4329 4328
f 4425 4426 4329
f 4426 4330 4329
f 4426 4427 4330
f 4427 4331 4330
f 4427 4428 4331
f 4428 4332 4331
f 4428 4429 4332
f 4429 4333 4332
f 4429 4430 4333
f 4430 4334 4333
f 4430 4431 4334
f 4431 4335 4334
f 4431 4432 4335
f 4432 4336 4335
f 4432 4433 4336
f 4433 4337 4336
f 4433 4434 4337
f 4434 4338 4337
f 4434 4435 4338
f 4435 4339 4338
f 4435 4436 4339
f 4436 4340 4339
f 4436 4437 4340
f 4437 4341 4340
f 4437 4438 4341
f 4438 4342 4341
f 4438 4439 4342
f 4439 4343 4342
f 4439 4440 4343
f 4440 4344 4343
f 4440 4441 4344
f 4441 4345 4344
f 4441 4442 4345
f 4442 4346 4345
f 4442 4443 4346
f 4443 4347 4346
f 4443 4444 4347
f 4444 4348 4347
f 4444 4445 4348
f 4445 4349 4348
f 4445 4446 4349
f 4446 4350 4349
f 4446 4447 4350
f 4447 4351 4350
f 4447 4448 4351
f 4448 4352 4351
f 4448 4449 4352
f 4449 4353 4352
f 4449 4450 4353
f 4450 4354 4353
f 4450 4451 4354
f 4451 4355 4354
f 4451 4452 4355
f 4452 4356 4355
f 4452 4453 4356
f 4453 4357 4356
f 4453 4454 4357
f 4454 4358 4357
f 4454 4455 4358
f 4455 4359 4358
f 4455 4456 4359
f 4456 4360 4359
f 4456 4457 4360
f 4457 4361 4360
f 4457 4458 4361
f 4458 4362 4361
f 4458 4459 4362
f 4459 4363 4362
f 4459 4460 4363
f 4460 4364 4363
f 4460 4461 4364
f 4461 4365 4364
f 4461 4462 4365
f 4462 4366 4365
f 4462 4463 4366
f 4463 4367 4366
f 4463 4464 4367
f 4464 4368 4367
f 4464 4465 4368
f 4465 4369 4368
f 4465 4466 4369
f 4466 4370 4369
f 4466 4467 4370
f 4467 4371 4370
f 4467 4468 4371
f 4468 4372 4371
f 4468 4469 4372
f 4469 4373 4372
f 4469 4470 4373
f 4470 4374 4373
f 4470 4471 4374
f 4471 4375 4374
f 4471 4472 4375
f 4472 4376 4375
f 4472 4473 4376
f 4473 4377 4376
f 4473 4474 4377
f 4474 4378 4377
f 4474 4475 4378
f 4475 4379 4378
f 4475 4476 4379
f 4476 4380 4379
f 4476 4477 4380
f 4477 4381 4380
f 4477 4478 4381
f 4478 4382 4381
f 4478 4479 4382
f 4479 4383 4382
f 4479 4480 4383
f 4480 4384 4383
f 4480 4481 4384
f 4481 4385 4384
f 4481 4482 4385
f 4482 4386 4385
f 4482 4483 4386
f 4483 4387 4386
f 4483 4484 4387
f 4484 4388 4387
f 4484 4485 4388
f 4485 4389 4388
f 4485 4486 4389
f 4486 4390 4389
f 4486 4487 4390
f 4487 4391 4390
f 4487 4488 4391
f 4488 4392 4391
f 4488 4489 4392
f 4489 4393 4392
f 4489 4490 4393
f 4490 4394 4393
f 4490 4491 4394
f 4491 4395 4394
f 4491 4492 4395
f 4492 4396 4395
f 4492 4493 4396
f 4493 4397 4396
f 4493 4494 4397
f 4494 4398 4397
f 4494 4495 4398
f 4495 4399 4398
f 4495 4496 4399
f 4496 4400 4399
f 4496 4497 4400
f 4497 4401 4400
f 4497 4498 4401
f 4498 4402 4401
f 4498 4499 4402
f 4499 4403 4402
f 4499 4500 4403
f 4500 4404 4403
f 4500 4501 4404
f 4501 4405 4404
f 4501 4502 4405
f 4502 4406 4405
f 4502 4503 4406
f 4503 4407 4406
f 4503 4504 4407
f 4504 4408 4407
f 4504 4505 4408
f 4505 4409 4408
f 4505 4506 4409
f 4506 4410 4409
f 4506 4507 4410
f 4507 4411 4410
f 4507 4508 4411
f 4508 4412 4411
f 4508 4509 4412
f 4509 4413 4412
f 4509 4510 4413
f 4510 4414 4413
f 4510 4511 4414
f 4511 4415 4414
f 4511 4512 4415
f 4512 4416 4415
f 4512 4417 4416
f 4417 4321 4416
f 4513 4514 4417
f 4514 4418 4417
f 4514 4515 4418
f 4515 4419 4418
f 4515 4516 4419
f 4516 4420 4419
f 4516 4517 4420
f 4517 4421 4420
f 4517 4518 4421
f 4518 4422 4421
f 4518 4519 4422
f 4519 4423 4422
f 4519 4520 4423
f 4520 4424 4423
f 4520 4521 4424
f 4521 4425 4424
f 4521 4522 4425
f 4522 4426 4425
f 4522 4523 4426
f 4523 4427 4426
f 4523 4524 4427
f 4524 4428 4427
f 4524 4525 4428
f 4525 4429 4428
f 4525 4526 4429
f 4526 4430 4429
f 4526 4527 4430
f 4527 4431 4430
f 4527 4528 4431
f 4528 4432 4431
f 4528 4529 4432
f 4529 4433 4432
f 4529 4530 4433
f 4530 4434 4433
f 4530 4531 4434
f 4531 4435 4434
f 4531 4532 4435
f 4532 4436 4435
f 4532 4533 4436
f 4533 4437 4436
f 4533 4534 4437
f 4534 4438 4437
f 4534 4535 4438
f 4535 4439 4438
f 4535 4536 4439
f 4536 4440 4439
f 4536 4537 4440
f 4537 4441 4440
f 4537 4538 4441
f 4538 4442 4441
f 4538 4539 4442
f 4539 4443 4442
f 4539 4540 4443
f 4540 4444 4443
f 4540 4541 4444
f 4541 4445 4444
f 4541 4542 4445
f 4542 4446 4445
f 4542 4543 4446
f 4543 4447 4446
f 4543 4544 4447
f 4544 4448 4447
f 4544 4545 4448
f 4545 4449 4448
f 4545 4546 4449
f 4546 4450 4449
f 4546 4547 4450
f 4547 4451 4450
f 4547 4548 4451
f 4548 4452 4451
f 4548 4549 4452
f 4549 4453 4452
f 4549 4550 4453
f 4550 4454 4453
f 4550 4551 4454
f 4551 4455 4454
f 4551 4552 4455
f 4552 4456 4455
f 4552 4553 4456
f 4553 4457 4456
f 4553 4554 4457
f 4554 4458 4457
f 4554 4555 4458
f 4555 4459 4458
f 4555 4556 4459
f 4556 4460 4459
f 4556 4557 4460
f 4557 4461 4460
f 4557 4558 4461
f 4558 4462 4461
f 4558 4559 4462
f 4559 4463 4462
f 4559 4560 4463
f 4560 4464 4463
f 4560 4561 4464
f 4561 4465 4464
f 4561 4562 4465
f 4562 4466 4465
f 4562 4563 4466
f 4563 4467 4466
f 4563 4564 4467
f 4564 4468 4467
f 4564 4565 4468
f 4565 4469 4468
f 4565 4566 4469
f 4566 4470 4469
f 4566 4567 4470
f 4567 4471 4470
f 4567 4568 4471
f 4568 4472 4471
f 4568 4569 4472
f 4569 4473 4472
f 4569 4570 4473
f 4570 4474 4473
f 4570 4571 4474
f 4571 4475 4474
f 4571 4572 4475
f 4572 4476 4475
f 4572 4573 4476
f 4573 4477 4476
f 4573 4574 4477
f 4574 4478 4477
f 4574 4575 4478
f 4575 4479 4478
f 4575 4576 4479
f 4576 4480 4479
f 4576 4577 4480
f 4577 4481 4480
f 4577 4578 4481
f 4578 4482 4481
f 4578 4579 4482
f 4579 4483 4482
f 4579 4580 4483
f 4580 4484 4483
f 4580 4581 4484
f 4581 4485 4484
f 4581 4582 4485
f 4582 4486 4485
f 4582 4583 4486
f 4583 4487 4486
f 4583 4584 4487
f 4584 4488 4487
f 4584 4585 4488
f 4585 4489 4488
f 4585 4586 4489
f 4586 4490 4489
f 4586 4587 4490
f 4587 4491 4490
f 4587 4588 4491
f 4588 4492 4491
f 4588 4589 4492
f 4589 4493 4492
f 4589 4590 4493
f 4590 4494 4493
f 4590 4591 4494
f 4591 4495 4494
f 4591 4592 4495
f 4592 4496 4495
f 4592 4593 4496
f 4593 4497 4496
f 4593 4594 4497
f 4594 4498 4497
f 4594 4595 4498
f 4595 4499 4498
f 4595 4596 4499
f 4596 4500 4499
f 4596 4597 4500
f 4597 4501 4500
f 4597 4598 4501
f 4598 4502 4501
f 4598 4599 4502
f 4599 4503 4502
f 4599 4600 4503
f 4600 4504 4503
f 4600 4601 4504
f 4601 4505 4504
f 4601 4602 4505
f 4602 4506 4505
f 4602 4603 4506
f 4603 4507 4506
f 4603 4604 4507
f 4604 4508 4507
f 4604 4605 4508
f 4605 4509 4508
f 4605 4606 4509
f 4606 4510 4509
f 4606 4607 4510
f 4607 4511 4510
f 4607 4608 4511
f 4608 4512 4511
f 4608 4513 4512
f 4513 4417 4512
f 4609 4610 4513
f 4610 4514 4513
f 4610 4611 4514
f 4611 4515 4514
f 4611 4612 4515
f 4612 4516 4515
f 4612 4613 4516
f 4613 4517 4516
f 4613 4614 4517
f 4614 4518 4517
f 4614 4615 4518
f 4615 4519 4518
f 4615 4616 4519
f 4616 4520 4519
f 4616 4617 4520
f 4617 4521 4520
f 4617 4618 4521
f 4618 4522 4521
f 4618 4619 4522
f 4619 4523 4522
f 4619 4620 4523
f 4620 4524 4523
f 4620 4621 4524
f 4621 4525 4524
f 4621 4622 4525
f 4622 4526 4525
f 4622 4623 4526
f 4623 4527 4526
f 4623 4624 4527
f 4624 4528 4527
f 4624 4625 4528
f 4625 4529 4528
f 4625 4626 4529
f 4626 4530 4529
f 4626 4627 4530
f 4627 4531 4530
f 4627 4628 4531
f 4628 4532 4531
f 4628 4629 4532
f 4629 4533 4532
f 4629 4630 4533
f 4630 4534 4533
f 4630 4631 4534
f 4631 4535 4534
f 4631 4632 4535
f 4632 4536 4535
f 4632 4633 4536
f 4633 4537 4536
f 4633 4634 4537
f 4634 4538 4537
f 4634 4635 4538
f 4635 4539 4538
f 4635 4636 4539
f 4636 4540 4539
f 4636 4637 4540
f 4637 4541 4540
f 4637 4638 4541
f 4638 4542 4541
f 4638 4639 4542
f 4639 4543 4542
f 4639 4640 4543
f 4640 4544 4543
f 4640 4641 4544
f 4641 4545 4544
f 4641 4642 4545
f 4642 4546 4545
f 4642 4643 4546
f 4643 4547 4546
f 4643 4644 4547
f 4644 4548 4547
f 4644 4645 4548
f 4645 4549 4548
f 4645 4646 4549
f 4646 4550 4549
f 4646 4647 4550
f 4647 4551 4550
f 4647 4648 4551
f 4648 4552 4551
f 4648 4649 4552
f 4649 4553 4552
f 4649 4650 4553
f 4650 4554 4553
f 4650 4651 4554
f 4651 4555 4554
f 4651 4652 4555
f 4652 4556 4555
f 4652 4653 4556
f 4653 4557 4556
f 4653 4654 4557
f 4654 4558 4557
f 4654 4655 4558
f 4655 4559 4558
f 4655 4656 4559
f 4656 4560 4559
f 4656 4657 4560
f 4657 4561 4560
f 4657 4658 4561
f 4658 4562 4561
f 4658 4659 4562
f 4659 4563 4562
f 4659 4660 4563
f 4660 4564 4563
f 4660 4661 4564
f 4661 4565 4564
f 4661 4662 4565
f 4662 4566 4565
f 4662 4663 4566
f 4663 4567 4566
f 4663 4664 4567
f 4664 4568 4567
f 4664 4665 4568
f 4665 4569 4568
f 4665 4666 4569
f 4666 4570 4569
f 4666 4667 4570
f 4667 4571 4570
f 4667 4668 4571
f 4668 4572 4571
f 4668 4669 4572
f 4669 4573 4572
f 4669 4670 4573
f 4670 4574 4573
f 4670 4671 4574
f 4671 4575 4574
f 4671 4672 4575
f 4672 4576 4575
f 4672 4673 4576
f 4673 4577 4576
f 4673 4674 4577
f 4674 4578 4577
f 4674 4675 4578
f 4675 4579 4578
f 4675 4676 4579
f 4676 4580 4579
f 4676 4677 4580
f 4677 4581 4580
f 4677 4678 4581
f 4678 4582 4581
f 4678 4679 4582
f 4679 4583 4582
f 4679 4680 4583
f 4680 4584 4583
f 4680 4681 4584
f 4681 4585 4584
f 4681 4682 4585
f 4682 4586 4585
f 4682 4683 4586
f 4683 4587 4586
f 4683 4684 4587
f 4684 4588 4587
f 4684 4685 4588
f 4685 4589 4588
f 4685 4686 4589
f 4686 4590 4589
f 4686 4687 4590
f 4687 4591 4590
f 4687 4688 4591
f 4688 4592 4591
f 4688 4689 4592
f 4689 4593 4592
f 4689 4690 4593
f 4690 4594 4593
f 4690 4691 4594
f 4691 4595 4594
f 4691 4692 4595
f 4692 4596 4595
f 4692 4693 4596
f 4693 4597 4596
f 4693 4694 4597
f 4694 4598 4597
f 4694 4695 4598
f 4695 4599 4598
f 4695 4696 4599
f 4696 4600 4599
f 4696 4697 4600
f 4697 4601 4600
f 4697 4698 4601
f 4698 4602 4601
f 4698 4699 4602
f 4699 4603 4602
f 4699 4700 4603
f 4700 4604 4603
f 4700 4701 4604
f 4701 4605 4604
f 4701 4702 4605
f 4702 4606 4605
f 4702 4703 4606
f 4703 4607 4606
f 4703 4704 4607
f 4704 4608 4607
f 4704 4609 4608
f 4609 4513 4608
f 4705 4706 4609
f 4706 4610 4609
f 4706 4707 4610
f 4707 4611 4610
f 4707 4708 4611
f 4708 4612 4611
f 4708 4709 4612
f 4709 4613 4612
f 4709 4710 4613
f 4710 4614 4613
f 4710 4711 4614
f 4711 4615 4614
f 4711 4712 4615
f 4712 4616 4615
f 4712 4713 4616
f 4713 4617 4616
f 4713 4714 4617
f 4714 4618 4617
f 4714 4715 4618
f 4715 4619 4618
f 4715 4716 4619
f 4716 4620 4619
f 4716 4717 4620
f 4717 4621 4620
f 4717 4718 4621
f 4718 4622 4621
f 4718 4719 4622
f 4719 4623 4622
f 4719 4720 4623
f 4720 4624 4623
f 4720 4721 4624
f 4721 4625 4624
f 4721 4722 4625
f 4722 4626 4625
f 4722 4723 4626
f 4723 4627 4626
f 4723 4724 4627
f 4724 4628 4627
f 4724 4725 4628
f 4725 4629 4628
f 4725 4726 4629
f 4726 4630 4629
f 4726 4727 4630
f 4727 4631 4630
f 4727 4728 4631
f 4728 4632 4631
f 4728 4729 4632
f 4729 4633 4632
f 4729 4730 4633
f 4730 4634 4633
f 4730 4731 4634
f 4731 4635 4634
f 4731 4732 4635
f 4732 4636 4635
f 4732 4733 4636
f 4733 4637 4636
f 4733 4734 4637
f 4734 4638 4637
f 4734 4735 4638
f 4735 4639 4638
f 4735 4736 4639
f 4736 4640 4639
f 4736 4737 4640
f 4737 4641 4640
f 4737 4738 4641
f 4738 4642 4641
f 4738 4739 4642
f 4739 4643 4642
f 4739 4740 4643
f 4740 4644 4643
f 4740 4741 4644
f 4741 4645 4644
f 4741 4742 4645
f 4742 4646 4645
f 4742 4743 4646
f 4743 4647 4646
f 4743 4744 4647
f 4744 4648 4647
f 4744 4745 4648
f 4745 4649 4648
f 4745 4746 4649
f 4746 4650 4649
f 4746 4747 4650
f 4747 4651 4650
f 4747 4748 4651
f 4748 4652 4651
f 4748 4749 4652
f 4749 4653 4652
f 4749 4750 4653
f 4750 4654 4653
f 4750 4751 4654
f 4751 4655 4654
f 4751 4752 4655
f 4752 4656 4655
f 4752 4753 4656
f 4753 4657 4656
f 4753 4754 4657
f 4754 4658 4657
f 4754 4755 4658
f 4755 4659 4658
f 4755 4756 4659
f 4756 4660 4659
f 4756 4757 4660
f 4757 4661 4660
f 4757 4758 4661
f 4758 4662 4661
f 4758 4759 4662
f 4759 4663 4662
f 4759 4760 4663
f 4760 4664 4663
f 4760 4761 4664
f 4761 4665 4664
f 4761 4762 4665
f 4762 4666 4665
f 4762 4763 4666
f 4763 4667 4666
f 4763 4764 4667
f 4764 4668 4667
f 4764 4765 4668
f 4765 4669 4668
f 4765 4766 4669
f 4766 4670 4669
f 4766 4767 4670
f 4767 4671 4670
f 4767 4768 4671
f 4768 4672 4671
f 4768 4769 4672
f 4769 4673 4672
f 4769 4770 4673
f 4770 4674 4673
f 4770 4771 4674
f 4771 4675 4674
f 4771 4772 4675
f 4772 4676 4675
f 4772 4773 4676
f 4773 4677 4676
f 4773 4774 4677
f 4774 4678 4677
f 4774 4775 4678
f 4775 4679 4678
f 4775 4776 4679
f 4776 4680 4679
f 4776 4777 4680
f 4777 4681 4680
f 4777 4778 4681
f 4778 4682 4681
f 4778 4779 4682
f 4779 4683 4682
f 4779 4780 4683
f 4780 4684 4683
f 4780 4781 4684
f 4781 4685 4684
f 4781 4782 4685
f 4782 4686 4685
f 4782 4783 4686
f 4783 4687 4686
f 4783 4784 4687
f 4784 4688 4687
f 4784 4785 4688
f 4785 4689 4688
f 4785 4786 4689
f 4786 4690 4689
f 4786 4787 4690
f 4787 4691 4690
f 4787 4788 4691
f 4788 4692 4691
f 4788 4789 4692
f 4789 4693 4692
f 4789 4790 4693
f 4790 4694 4693
f 4790 4791 4694
f 4791 4695 4694
f 4791 4792 4695
f 4792 4696 4695
f 4792 4793 4696
f 4793 4697 4696
f 4793 4794 4697
f 4794 4698 4697
f 4794 4795 4698
f 4795 4699 4698
f 4795 4796 4699
f 4796 4700 4699
f 4796 4797 4700
f 4797 4701 4700
f 4797 4798 4701
f 4798 4702 4701
f 4798 4799 4702
f 4799 4703 4702
f 4799 4800 4703
f 4800 4704 4703
f 4800 4705 4704
f 4705 4609 4704
f 4801 4802 4705
f 4802 4706 4705
f 4802 4803 4706
f 4803 4707 4706
f 4803 4804 4707
f 4804 4708 4707
f 4804 4805 4708
f 4805 4709 4708
f 4805 4806 4709
f 4806 4710 4709
f 4806 4807 4710
f 4807 4711 4710
f 4807 4808 4711
f 4808 4712 4711
f 4808 4809 4712
f 4809 4713 4712
f 4809 4810 4713
f 4810 4714 4713
f 4810 4811 4714
f 4811 4715 4714
f 4811 4812 4715
f 4812 4716 4715
f 4812 4813 4716
f 4813 4717 4716
f 4813 4814 4717
f 4814 4718 4717
f 4814 4815 4718
f 4815 4719 4718
f 4815 4816 4719
f 4816 4720 4719
f 4816 4817 4720
f 4817 4721 4720
f 4817 4818 4721
f 4818 4722 4721
f 4818 4819 4722
f 4819 4723 4722
f 4819 4820 4723
f 4820 4724 4723
f 4820 4821 4724
f 4821 4725 4724
f 4821 4822 4725
f 4822 4726 4725
f 4822 4823 4726
f 4823 4727 4726
f 4823 4824 4727
f 4824 4728 4727
f 4824 4825 4728
f 4825 4729 4728
f 4825 4826 4729
f 4826 4730 4729
f 4826 4827 4730
f 4827 4731 4730
f 4827 4828 4731
f 4828 4732 4731
f 4828 4829 4732
f 4829 4733 4732
f 4829 4830 4733
f 4830 4734 4733
f 4830 4831 4734
f 4831 4735 4734
f 4831 4832 4735
f 4832 4736 4735
f 4832 4833 4736
f 4833 4737 4736
f 4833 4834 4737
f 4834 4738 4737
f 4834 4835 4738
f 4835 4739 4738
f 4835 4836 4739
f 4836 4740 4739
f 4836 4837 4740
f 4837 4741 4740
f 4837 4838 4741
f 4838 4742 4741
f 4838 4839 4742
f 4839 4743 4742
f 4839 4840 4743
f 4840 4744 4743
f 4840 4841 4744
f 4841 4745 4744
f 4841 4842 4745
f 4842 4746 4745
f 4842 4843 4746
f 4843 4747 4746
f 4843 4844 4747
f 4844 4748 4747
f 4844 4845 4748
f 4845 4749 4748
f 4845 4846 4749
f 4846 4750 4749
f 4846 4847 4750
f 4847 4751 4750
f 4847 4848 4751
f 4848 4752 4751
f 4848 4849 4752
f 4849 4753 4752
f 4849 4850 4753
f 4850 4754 4753
f 4850 4851 4754
f 4851 4755 4754
f 4851 4852 4755
f 4852 4756 4755
f 4852 4853 4756
f 4853 4757 4756
f 4853 4854 4757
f 4854 4758 4757
f 4854 4855 4758
f 4855 4759 4758
f 4855 4856 4759
f 4856 4760 4759
f 4856 4857 4760
f 4857 4761 4760
f 4857 4858 4761
f 4858 4762 4761
f 4858 4859 4762
f 4859 4763 4762
f 4859 4860 4763
f 4860 4764 4763
f 4860 4861 4764
f 4861 4765 4764
f 4861 4862 4765
f 4862 4766 4765
f 4862 4863 4766
f 4863 4767 4766
f 4863 4864 4767
f 4864 4768 4767
f 4864 4865 4768
f 4865 4769 4768
f 4865 4866 4769
f 4866 4770 4769
f 4866 4867 4770
f 4867 4771 4770
f 4867 4868 4771
f 4868 4772 4771
f 4868 4869 4772
f 4869 4773 4772
f 4869 4870 4773
f 4870 4774 4773
f 4870 4871 4774
f 4871 4775 4774
f 4871 4872 4775
f 4872 4776 4775
f 4872 4873 4776
f 4873 4777 4776
f 4873 4874 4777
f 4874 4778 4777
f 4874 4875 4778
f 4875 4779 4778
f 4875 4876 4779
f 4876 4780 4779
f 4876 4877 4780
f 4877 4781 4780
f 4877 4878 4781
f 4878 4782 4781
f 4878 4879 4782
f 4879 4783 4782
f 4879 4880 4783
f 4880 4784 4783
f 4880 4881 4784
f 4881 4785 4784
f 4881 4882 4785
f 4882 4786 4785
f 4882 4883 4786
f 4883 4787 4786
f 4883 4884 4787
f 4884 4788 4787
f 4884 4885 4788
f 4885 4789 4788
f 4885 4886 4789
f 4886 4790 4789
f 4886 4887 4790
f 4887 4791 4790
f 4887 4888 4791
f 4888 4792 4791
f 4888 4889 4792
f 4889 4793 4792
f 4889 4890 4793
f 4890 4794 4793
f 4890 4891 4794
f 4891 4795 4794
f 4891 4892 4795
f 4892 4796 4795
f 4892 4893 4796
f 4893 4797 4796
f 4893 4894 4797
f 4894 4798 4797
f 4894 4895 4798
f 4895 4799 4798
f 4895 4896 4799
f 4896 4800 4799
f 4896 4801 4800
f 4801 4705 4800
f 4897 4898 4801
f 4898 4802 4801
f 4898 4899 4802
f 4899 4803 4802
f 4899 4900 4803
f 4900 4804 4803
f 4900 4901 4804
f 4901 4805 4804
f 4901 4902 4805
f 4902 4806 4805
f 4902 4903 4806
f 4903 4807 4806
f 4903 4904 4807
f 4904 4808 4807
f 4904 4905 4808
f 4905 4809 4808
f 4905 4906 4809
f 4906 4810 4809
f 4906 4907 4810
f 4907 4811 4810
f 4907 4908 4811
f 4908 4812 4811
f 4908 4909 4812
f 4909 4813 4812
f 4909 4910 4813
f 4910 4814 4813
f 4910 4911 4814
f 4911 4815 4814
f 4911 4912 4815
f 4912 4816 4815
f 4912 4913 4816
f 4913 4817 4816
f 4913 4914 4817
f 4914 4818 4817
f 4914 4915 4818
f 4915 4819 4818
f 4915 4916 4819
f 4916 4820 4819
f 4916 4917 4820
f 4917 4821 4820
f 4917 4918 4821
f 4918 4822 4821
f 4918 4919 4822
f 4919 4823 4822
f 4919 4920 4823
f 4920 4824 4823
f 4920 4921 4824
f 4921 4825 4824
f 4921 4922 4825
f 4922 4826 4825
f 4922 4923 4826
f 4923 4827 4826
f 4923 4924 4827
f 4924 4828 4827
f 4924 4925 4828
f 4925 4829 4828
f 4925 4926 4829
f 4926 4830 4829
f 4926 4927 4830
f 4927 4831 4830
f 4927 4928 4831
f 4928 4832 4831
f 4928 4929 4832
f 4929 4833 4832
f 4929 4930 4833
f 4930 4834 4833
f 4930 4931 4834
f 4931 4835 4834
f 4931 4932 4835
f 4932 4836 4835
f 4932 4933 4836
f 4933 4837 4836
f 4933 4934 4837
f 4934 4838 4837
f 4934 4935 4838
f 4935 4839 4838
f 4935 4936 4839
f 4936 4840 4839
f 4936 4937 4840
f 4937 4841 4840
f 4937 4938 4841
f 4938 4842 4841
f 4938 4939 4842
f 4939 4843 4842
f 4939 4940 4843
f 4940 4844 4843
f 4940 4941 4844
f 4941 4845 4844
f 4941 4942 4845
f 4942 4846 4845
f 4942 4943 4846
f 4943 4847 4846
f 4943 4944 4847
f 4944 4848 4847
f 4944 4945 4848
f 4945 4849 4848
f 4945 4946 4849
f 4946 4850 4849
f 4946 4947 4850
f 4947 4851 4850
f 4947 4948 4851
f 4948 4852 4851
f 4948 4949 4852
f 4949 4853 4852
f 4949 4950 4853
f 4950 4854 4853
f 4950 4951 4854
f 4951 4855 4854
f 4951 4952 4855
f 4952 4856 4855
f 4952 4953 4856
f 4953 4857 4856
f 4953 4954 4857
f 4954 4858 4857
f 4954 4955 4858
f 4955 4859 4858
f 4955 4956 4859
f 4956 4860 4859
f 4956 4957 4860
f 4957 4861 4860
f 4957 4958 4861
f 4958 4862 4861
f 4958 4959 4862
f 4959 4863 4862
f 4959 4960 4863
f 4960 4864 4863
f 4960 4961 4864
f 4961 4865 4864
f 4961 4962 4865
f 4962 4866 4865
f 4962 4963 4866
f 4963 4867 4866
f 4963 4964 4867
f 4964 4868 4867
f 4964 4965 4868
f 4965 4869 4868
f 4965 4966 4869
f 4966 4870 4869
f 4966 4967 4870
f 4967 4871 4870
f 4967 4968 4871
f 4968 4872 4871
f 4968 4969 4872
f 4969 4873 4872
f 4969 4970 4873
f 4970 4874 4873
f 4970 4971 4874
f 4971 4875 4874
f 4971 4972 4875
f 4972 4876 4875
f 4972 4973 4876
f 4973 4877 4876
f 4973 4974 4877
f 4974 4878 4877
f 4974 4975 4878
f 4975 4879 4878
f 4975 4976 4879
f 4976 4880 4879
f 4976 4977 4880
f 4977 4881 4880
f 4977 4978 4881
f 4978 4882 4881
f 4978 4979 4882
f 4979 4883 4882
f 4979 4980 4883
f 4980 4884 4883
f 4980 4981 4884
f 4981 4885 4884
f 4981 4982 4885
f 4982 4886 4885
f 4982 4983 4886
f 4983 4887 4886
f 4983 4984 4887
f 4984 4888 4887
f 4984 4985 4888
f 4985 4889 4888
f 4985 4986 4889
f 4986 4890 4889
f 4986 4987 4890
f 4987 4891 4890
f 4987 4988 4891
f 4988 4892 4891
f 4988 4989 4892
f 4989 4893 4892
f 4989 4990 4893
f 4990 4894 4893
f 4990 4991 4894
f 4991 4895 4894
f 4991 4992 4895
f 4992 4896 4895
f 4992 4897 4896
f 4897 4801 4896
f 4993 4994 4897
f 4994 4898 4897
f 4994 4995 4898
f 4995 4899 4898
f 4995 4996 4899
f 4996 4900 4899
f 4996 4997 4900
f 4997 4901 4900
f 4997 4998 4901
f 4998 4902 4901
f 4998 4999 4902
f 4999 4903 4902
f 4999 5000 4903
f 5000 4904 4903
f 5000 5001 4904
f 5001 4905 4904
f 5001 5002 4905
f 5002 4906 4905
f 5002 5003 4906
f 5003 4907 4906
f 5003 5004 4907
f 5004 4908 4907
f 5004 5005 4908
f 5005 4909 4908
f 5005 5006 4909
f 5006 4910 4909
f 5006 5007 4910
f 5007 4911 4910
f 5007 5008 4911
f 5008 4912 4911
f 5008 5009 4912
f 5009 4913 4912
f 5009 5010 4913
f 5010 4914 4913
f 5010 5011 4914
f 5011 4915 4914
f 5011 5012 4915
f 5012 4916 4915
f 5012 5013 4916
f 5013 4917 4916
f 5013 5014 4917
f 5014 4918 4917
f 5014 5015 4918
f 5015 4919 4918
f 5015 5016 4919
f 5016 4920 4919
f 5016 5017 4920
f 5017 4921 4920
f 5017 5018 4921
f 5018 4922 4921
f 5018 5019 4922
f 5019 4923 4922
f 5019 5020 4923
f 5020 4924 4923
f 5020 5021 4924
f 5021 4925 4924
f 5021 5022 4925
f 5022 4926 4925
f 5022 5023 4926
f 5023 4927 4926
f 5023 5024 4927
f 5024 4928 4927
f 5024 5025 4928
f 5025 4929 4928
f 5025 5026 4929
f 5026 4930 4929
f 5026 5027 4930
f 5027 4931 4930
f 5027 5028 4931
f 5028 4932 4931
f 5028 5029 4932
f 5029 4933 4932
f 5029 5030 4933
f 5030 4934 4933
f 5030 5031 4934
f 5031 4935 4934
f 5031 5032 4935
f 5032 4936 4935
f 5032 5033 4936
f 5033 4937 4936
f 5033 5034 4937
f 5034 4938 4937
f 5034 5035 4938
f 5035 4939 4938
f 5035 5036 4939
f 5036 4940 4939
f 5036 5037 4940
f 5037 4941 4940
f 5037 5038 4941
f 5038 4942 4941
f 5038 5039 4942
f 5039 4943 4942
f 5039 5040 4943
f 5040 4944 4943
f 5040 5041 4944
f 5041 4945 4944
f 5041 5042 4945
f 5042 4946 4945
f 5042 5043 4946
f 5043 4947 4946
f 5043 5044 4947
f 5044 4948 4947
f 5044 5045 4948
f 5045 4949 4948
f 5045 5046 4949
f 5046 4950 4949
f 5046 5047 4950
f 5047 4951 4950
f 5047 5048 4951
f 5048 4952 4951
f 5048 5049 4952
f 5049 4953 4952
f 5049 5050 4953
f 5050 4954 4953
f 5050 5051 4954
f 5051 4955 4954
f 5051 5052 4955
f 5052 4956 4955
f 5052 5053 4956
f 5053 4957 4956
f 5053 5054 4957
f 5054 4958 4957
f 5054 5055 4958
f 5055 4959 4958
f 5055 5056 4959
f 5056 4960 4959
f 5056 5057 4960
f 5057 4961 4960
f 5057 5058 4961
f 5058 4962 4961
f 5058 5059 4962
f 5059 4963 4962
f 5059 5060 4963
f 5060 4964 4963
f 5060 5061 4964
f 5061 4965 4964
f 5061 5062 4965
f 5062 4966 4965
f 5062 5063 4966
f 5063 4967 4966
f 5063 5064 4967
f 5064 4968 4967
f 5064 5065 4968
f 5065 4969 4968
f 5065 5066 4969
f 5066 4970 4969
f 5066 5067 4970
f 5067 4971 4970
f 5067 5068 4971
f 5068 4972 4971
f 5068 5069 4972
f 5069 4973 4972
f 5069 5070 4973
f 5070 4974 4973
f 5070 5071 4974
f 5071 4975 4974
f 5071 5072 4975
f 5072 4976 4975
f 5072 5073 4976
f 5073 4977 4976
f 5073 5074 4977
f 5074 4978 4977
f 5074 5075 4978
f 5075 4979 4978
f 5075 5076 4979
f 5076 4980 4979
f 5076 5077 4980
f 5077 4981 4980
f 5077 5078 4981
f 5078 4982 4981
f 5078 5079 4982
f 5079 4983 4982
f 5079 5080 4983
f 5080 4984 4983
f 5080 5081 4984
f 5081 4985 4984
f 5081 5082 4985
f 5082 4986 4985
f 5082 5083 4986
f 5083 4987 4986
f 5083 5084 4987
f 5084 4988 4987
f 5084 5085 4988
f 5085 4989 4988
f 5085 5086 4989
f 5086 4990 4989
f 5086 5087 4990
f 5087 4991 4990
f 5087 5088 4991
f 5088 4992 4991
f 5088 4993 4992
f 4993 4897 4992
f 5089 5090 4993
f 5090 4994 4993
f 5090 5091 4994
f 5091 4995 4994
f 5091 5092 4995
f 5092 4996 4995
f 5092 5093 4996
f 5093 4997 4996
f 5093 5094 4997
f 5094 4998 4997
f 5094 5095 4998
f 5095 4999 4998
f 5095 5096 4999
f 5096 5000 4999
f 5096 5097 5000
f 5097 5001 5000
f 5097 5098 5001
f 5098 5002 5001
f 5098 5099 5002
f 5099 5003 5002
f 5099 5100 5003
f 5100 5004 5003
f 5100 5101 5004
f 5101 5005 5004
f 5101 5102 5005
f 5102 5006 5005
f 5102 5103 5006
f 5103 5007 5006
f 5103 5104 5007
f 5104 5008 5007
f 5104 5105 5008
f 5105 5009 5008
f 5105 5106 5009
f 5106 5010 5009
f 5106 5107 5010
f 5107 5011 5010
f 5107 5108 5011
f 5108 5012 5011
f 5108 5109 5012
f 5109 5013 5012
f 5109 5110 5013
f 5110 5014 5013
f 5110 5111 5014
f 5111 5015 5014
f 5111 5112 5015
f 5112 5016 5015
f 5112 5113 5016
f 5113 5017 5016
f 5113 5114 5017
f 5114 5018 5017
f 5114 5115 5018
f 5115 5019 5018
f 5115 5116 5019
f 5116 5020 5019
f 5116 5117 5020
f 5117 5021 5020
f 5117 5118 5021
f 5118 5022 5021
f 5118 5119 5022
f 5119 5023 5022
f 5119 5120 5023
f 5120 5024 5023
f 5120 5121 5024
f 5121 5025 5024
f 5121 5122 5025
f 5122 5026 5025
f 5122 5123 5026
f 5123 5027 5026
f 5123 5124 5027
f 5124 5028 5027
f 5124 5125 5028
f 5125 5029 5028
f 5125 5126 5029
f 5126 5030 5029
f 5126 5127 5030
f 5127 5031 5030
f 5127 5128 5031
f 5128 5032 5031
f 5128 5129 5032
f 5129 5033 5032
f 5129 5130 5033
f 5130 5034 5033
f 5130 5131 5034
f 5131 5035 5034
f 5131 5132 5035
f 5132 5036 5035
f 5132 5133 5036
f 5133 5037 5036
f 5133 5134 5037
f 5134 5038 5037
f 5134 5135 5038
f 5135 5039 5038
f 5135 5136 5039
f 5136 5040 5039
f 5136 5137 5040
f 5137 5041 5040
f 5137 5138 5041
f 5138 5042 5041
f 5138 5139 5042
f 5139 5043 5042
f 5139 5140 5043
f 5140 5044 5043
f 5140 5141 5044
f 5141 5045 5044
f 5141 5142 5045
f 5142 5046 5045
f 5142 5143 5046
f 5143 5047 5046
f 5143 5144 5047
f 5144 5048 5047
f 5144 5145 5048
f 5145 5049 5048
f 5145 5146 5049
f 5146 5050 5049
f 5146 5147 5050
f 5147 5051 5050
f 5147 5148 5051
f 5148 5052 5051
f 5148 5149 5052
f 5149 5053 5052
f 5149 5150 5053
f 5150 5054 5053
f 5150 5151 5054
f 5151 5055 5054
f 5151 5152 5055
f 5152 5056 5055
f 5152 5153 5056
f 5153 5057 5056
f 5153 5154 5057
f 5154 5058 5057
f 5154 5155 5058
f 5155 5059 5058
f 5155 5156 5059
f 5156 5060 5059
f 5156 5157 5060
f 5157 5061 5060
f 5157 5158 5061
f 5158 5062 5061
f 5158 5159 5062
f 5159 5063 5062
f 5159 5160 5063
f 5160 5064 5063
f 5160 5161 5064
f 5161 5065 5064
f 5161 5162 5065
f 5162 5066 5065
f 5162 5163 5066
f 5163 5067 5066
f 5163 5164 5067
f 5164 5068 5067
f 5164 5165 5068
f 5165 5069 5068
f 5165 5166 5069
f 5166 5070 5069
f 5166 5167 5070
f 5167 5071 5070
f 5167 5168 5071
f 5168 5072 5071
f 5168 5169 5072
f 5169 5073 5072
f 5169 5170 5073
f 5170 5074 5073
f 5170 5171 5074
f 5171 5075 5074
f 5171 5172 5075
f 5172 5076 5075
f 5172 5173 5076
f 5173 5077 5076
f 5173 5174 5077
f 5174 5078 5077
f 5174 5175 5078
f 5175 5079 5078
f 5175 5176 5079
f 5176 5080 5079
f 5176 5177 5080
f 5177 5081 5080
f 5177 5178 5081
f 5178 5082 5081
f 5178 5179 5082
f 5179 5083 5082
f 5179 5180 5083
f 5180 5084 5083
f 5180 5181 5084
f 5181 5085 5084
f 5181 5182 5085
f 5182 5086 5085
f 5182 5183 5086
f 5183 5087 5086
f 5183 5184 5087
f 5184 5088 5087
f 5184 5089 5088
f 5089 4993 5088
f 1 2 5185
f 2 3 5185
f 3 4 5185
f 4 5 5185
f 5 6 5185
f 6 7 5185
f 7 8 5185
f 8 9 5185
f 9 10 5185
f 10 11 5185
f 11 12 5185
f 12 13 5185
f 13 14 5185
f 14 15 5185
f 15 16 5185
f 16 17 5185
f 17 18 5185
f 18 19 5185
f 19 20 5185
f 20 21 5185
f 21 22 5185
f 22 23 5185
f 23 24 5185
f 24 25 5185
f 25 26 5185
f 26 27 5185
f 27 28 5185
f 28 29 5185
f 29 30 5185
f 30 31 5185
f 31 32 5185
f 32 33 5185
f 33 34 5185
f 34 35 5185
f 35 36 5185
f 36 37 5185
f 37 38 5185
f 38 39 5185
f 39 40 5185
f 40 41 5185
f 41 42 5185
f 42 43 5185
f 43 44 5185
f 44 45 5185
f 45 46 5185
f 46 47 5185
f 47 48 5185
f 48 49 5185
f 49 50 5185
f 50 51 5185
f 51 52 5185
f 52 53 5185
f 53 54 5185
f 54 55 5185
f 55 56 5185
f 56 57 5185
f 57 58 5185
f 58 59 5185
f 59 60 5185
f 60 61 5185
f 61 62 5185
f 62 63 5185
f 63 64 5185
f 64 65 5185
f 65 66 5185
f 66 67 5185
f 67 68 5185
f 68 69 5185
f 69 70 5185
f 70 71 5185
f 71 72 5185
f 72 73 5185
f 73 74 5185
f 74 75 5185
f 75 76 5185
f 76 77 5185
f 77 78 5185
f 78 79 5185
f 79 80 5185
f 80 81 5185
f 81 82 5185
f 82 83 5185
f 83 84 5185
f 84 85 5185
f 85 86 5185
f 86 87 5185
f 87 88 5185
f 88 89 5185
f 89 90 5185
f 90 91 5185
f 91 92 5185
f 92 93 5185
f 93 94 5185
f 94 95 5185
f 95 96 5185
f 96 1 5185
f 5090 5089 5186
f 5091 5090 5186
f 5092 5091 5186
f 5093 5092 5186
f 5094 5093 5186
f 5095 5094 5186
f 5096 5095 5186
f 5097 5096 5186
f 5098 5097 5186
f 5099 5098 5186
f 5100 5099 5186
f 5101 5100 5186
f 5102 5101 5186
f 5103 5102 5186
f 5104 5103 5186
f 5105 5104 5186
f 5106 5105 5186
f 5107 5106 5186
f 5108 5107 5186
f 5109 5108 5186
f 5110 5109 5186
f 5111 5110 5186
f 5112 5111 5186
f 5113 5112 5186
f 5114 5113 5186
f 5115 5114 5186
f 5116 5115 5186
f 5117 5116 5186
f 5118 5117 5186
f 5119 5118 5186
f 5120 5119 5186
f 5121 5120 5186
f 5122 5121 5186
f 5123 5122 5186
f 5124 5123 5186
f 5125 5124 5186
f 5126 5125 5186
f 5127 5126 5186
f 5128 5127 5186
f 5129 5128 5186
f 5130 5129 5186
f 5131 5130 5186
f 5132 5131 5186
f 5133 5132 5186
f 5134 5133 5186
f 5135 5134 5186
f 5136 5135 5186
f 5137 5136 5186
f 5138 5137 5186
f 5139 5138 5186
f 5140 5139 5186
f 5141 5140 5186
f 5142 5141 5186
f 5143 5142 5186
f 5144 5143 5186
f 5145 5144 5186
f 5146 5145 5186
f 5147 5146 5186
f 5148 5147 5186
f 5149 5148 5186
f 5150 5149 5186
f 5151 5150 5186
f 5152 5151 5186
f 5153 5152 5186
f 5154 5153 5186
f 5155 5154 5186
f 5156 5155 5186
f 5157 5156 5186
f 5158 5157 5186
f 5159 5158 5186
f 5160 5159 5186
f 5161 5160 5186
f 5162 5161 5186
f 5163 5162 5186
f 5164 5163 5186
f 5165 5164 5186
f 5166 5165 5186
f 5167 5166 5186
f 5168 5167 5186
f 5169 5168 5186
f 5170 5169 5186
f 5171 5170 5186
f 5172 5171 5186
f 5173 5172 5186
f 5174 5173 5186
f 5175 5174 5186
f 5176 5175 5186
f 5177 5176 5186
f 5178 5177 5186
f 5179 5178 5186
f 5180 5179 5186
f 5181 5180 5186
f 5182 5181 5186
f 5183 5182 5186
f 5184 5183 5186
f 5089 5184 5186

