# https://github.com/mikedh/trimesh
v -2.32518554 -16.00000000 -1.78417766
v -2.32939291 -15.59493637 -1.78740609
v -2.33359790 -15.18987370 -1.79063272
v -2.33780026 -14.78481007 -1.79385722
v -2.34199905 -14.37974644 -1.79707909
v -2.34619284 -13.97468376 -1.80029702
v -2.35037971 -13.56962013 -1.80350983
v -2.35455775 -13.16455650 -1.80671561
v -2.35872388 -12.75949383 -1.80991244
v -2.36287546 -12.35443020 -1.81309807
v -1.42057192 -16.00000000 -2.46050286
v -1.41756546 -15.59493637 -2.45529556
v -1.41463900 -15.18987370 -2.45022655
v -1.57244706 -16.00000000 -2.35333323
v -1.57048726 -15.59493637 -2.35040021
v -1.72451603 -16.00000000 -2.24743319
v -1.72380841 -15.59493637 -2.24651098
v -1.56862378 -15.18987370 -2.34761143
v -1.72320116 -15.18987370 -2.24571943
v -1.41180182 -14.78481007 -2.44531250
v -1.40906298 -14.37974644 -2.44056869
v -1.56686449 -14.78481007 -2.34497857
v -1.72270012 -14.78481007 -2.24506664
v -1.56521666 -14.37974644 -2.34251237
v -1.72231102 -14.37974644 -2.24455953
v -1.87702119 -16.00000000 -2.14033246
v -1.87765872 -15.59493637 -2.14105940
v -2.02920032 -16.00000000 -2.02920032
v -2.03116465 -15.59493637 -2.03116465
v -1.87838733 -15.18987370 -2.14189029
v -2.03319812 -15.18987370 -2.03319812
v -2.17937732 -16.00000000 -1.91126263
v -2.18255424 -15.59493637 -1.91404867
v -2.18576789 -15.18987370 -1.91686690
v -1.87921119 -14.78481007 -2.14282966
v -2.03530288 -14.78481007 -2.03530288
v -1.88013351 -14.37974644 -2.14388132
v -2.03748059 -14.37974644 -2.03748059
v -2.18901896 -14.78481007 -1.91971815
v -2.19230795 -14.37974644 -1.92260242
v -1.40643072 -13.97468376 -2.43600941
v -1.40391278 -13.56962013 -2.43164825
v -1.40151632 -13.16455650 -2.42749739
v -1.56368709 -13.97468376 -2.34022307
v -1.56228173 -13.56962013 -2.33811998
v -1.72203851 -13.97468376 -2.24420428
v -1.72188699 -13.56962013 -2.24400687
v -1.56100619 -13.16455650 -2.33621097
v -1.72185981 -13.16455650 -2.24397135
v -1.39924800 -12.75949383 -2.42356849
v -1.39711392 -12.35443020 -2.41987228
v -1.55986536 -12.75949383 -2.33450341
v -1.72196007 -12.75949383 -2.24410200
v -1.55886352 -12.35443020 -2.33300400
v -1.72219026 -12.35443020 -2.24440217
v -1.88115740 -13.97468376 -2.14504886
v -1.88228524 -13.56962013 -2.14633489
v -2.03973269 -13.97468376 -2.03973269
v -2.04205942 -13.56962013 -2.04205942
v -1.88351858 -13.16455650 -2.14774132
v -2.04446101 -13.16455650 -2.04446101
v -2.19899702 -13.56962013 -1.92846859
v -2.19563413 -13.97468376 -1.92551947
v -2.20239520 -13.16455650 -1.93144870
v -1.88485849 -12.75949383 -2.14926910
v -2.04693699 -12.75949383 -2.04693699
v -1.88630569 -12.35443020 -2.15091944
v -2.04948592 -12.35443020 -2.04948592
v -2.20582676 -12.75949383 -1.93445814
v -2.20928955 -12.35443020 -1.93749499
v -2.36700892 -11.94936752 -1.81626987
v -2.37112093 -11.54430389 -1.81942511
v -2.37520742 -11.13924026 -1.82256079
v -2.37926412 -10.73417759 -1.82567358
v -2.38328671 -10.32911396 -1.82876027
v -2.38727069 -9.92405033 -1.83181727
v -2.39121103 -9.51898766 -1.83484077
v -2.39510322 -9.11392403 -1.83782721
v -2.39894176 -8.70886040 -1.84077263
v -2.40272164 -8.30379772 -1.84367311
v -1.39511955 -11.94936752 -2.41641784
v -1.39326978 -11.54430389 -2.41321421
v -1.39156926 -11.13924026 -2.41026855
v -1.55800438 -11.94936752 -2.33171821
v -1.55729115 -11.54430389 -2.33065081
v -1.72255218 -11.94936752 -2.24487376
v -1.72304702 -11.54430389 -2.24551845
v -1.55672634 -11.13924026 -2.32980561
v -1.72367549 -11.13924026 -2.24633765
v -1.39002168 -10.73417759 -2.40758824
v -1.38863051 -10.32911396 -2.40517855
v -1.55631220 -10.73417759 -2.32918572
v -1.72443795 -10.73417759 -2.24733138
v -1.55605006 -10.32911396 -2.32879353
v -1.72533405 -10.32911396 -2.24849916
v -1.88786018 -11.94936752 -2.15269208
v -1.88952148 -11.54430389 -2.15458632
v -2.05210686 -11.94936752 -2.05210686
v -2.05479741 -11.54430389 -2.05479741
v -1.89128852 -11.13924026 -2.15660119
v -2.05755544 -11.13924026 -2.05755544
v -2.21278119 -11.94936752 -1.94055688
v -2.21629810 -11.54430389 -1.94364130
v -2.21983767 -11.13924026 -1.94674528
v -1.89315999 -10.73417759 -2.15873528
v -2.06037807 -10.73417759 -2.06037807
v -1.89513385 -10.32911396 -2.16098595
v -2.06326222 -10.32911396 -2.06326222
v -2.22339535 -10.73417759 -1.94986546
v -2.22696781 -10.32911396 -1.95299840
v -1.38739848 -9.92405033 -2.40304470
v -1.38632786 -9.51898766 -2.40119028
v -1.38542068 -9.11392403 -2.39961910
v -1.55594110 -9.92405033 -2.32863045
v -1.55598569 -9.51898766 -2.32869720
v -1.72636294 -9.92405033 -2.24984002
v -1.72752333 -9.51898766 -2.25135231
v -1.55618393 -9.11392403 -2.32899380
v -1.72881377 -9.11392403 -2.25303388
v -1.38467824 -8.70886040 -2.39833307
v -1.38410127 -8.30379772 -2.39733362
v -1.55653536 -8.70886040 -2.32951975
v -1.73023188 -8.70886040 -2.25488210
v -1.55703902 -8.30379772 -2.33027363
v -1.73177528 -8.30379772 -2.25689363
v -2.06920028 -9.51898766 -2.06920028
v -2.07224607 -9.11392403 -2.07224607
v -1.89720774 -9.92405033 -2.16335082
v -1.89937901 -9.51898766 -2.16582680
v -2.06620431 -9.92405033 -2.06620431
v -1.90164447 -9.11392403 -2.16841006
v -2.23055053 -9.92405033 -1.95614028
v -2.23413897 -9.51898766 -1.95928717
v -2.23772812 -9.11392403 -1.96243489
v -2.07533741 -8.70886040 -2.07533741
v -2.07846928 -8.30379772 -2.07846928
v -1.90400064 -8.70886040 -2.17109656
v -1.90644360 -8.30379772 -2.17388225
v -2.24131322 -8.70886040 -1.96557903
v -2.24488926 -8.30379772 -1.96871507
v -0.60331762 -16.00000000 -3.03308225
v -0.60033733 -15.59493637 -3.01809978
v -0.59730977 -15.18987370 -3.00287914
v -0.41350728 -16.00000000 -3.14089966
v -0.41146818 -15.59493637 -3.12541103
v -0.40938118 -15.18987370 -3.10955858
v -0.40725115 -14.78481007 -3.09337974
v -0.40508306 -14.37974644 -3.07691121
v -0.95079428 -16.00000000 -2.80094981
v -1.11190057 -16.00000000 -2.68436527
v -1.10777462 -15.59493637 -2.67440462
v -1.10367227 -15.18987370 -2.66450047
v -0.94669086 -15.59493637 -2.78886127
v -0.94258010 -15.18987370 -2.77675152
v -1.09960401 -14.78481007 -2.65467906
v -1.09558022 -14.37974644 -2.64496469
v -0.93847227 -14.78481007 -2.76465011
v -0.93437737 -14.37974644 -2.75258708
v -0.78195864 -16.00000000 -2.91830921
v -0.77825743 -15.59493637 -2.90449643
v -0.77452379 -15.18987370 -2.89056206
v -0.59424210 -14.78481007 -2.98745680
v -0.77076662 -14.78481007 -2.87654018
v -0.59114140 -14.37974644 -2.97186852
v -0.76699477 -14.37974644 -2.86246347
v -0.40288174 -13.97468376 -3.06019044
v -0.40065202 -13.56962013 -3.04325438
v -0.39839879 -13.16455650 -3.02613902
v -0.39612669 -12.75949383 -3.00888109
v -1.09161079 -13.97468376 -2.63538170
v -1.08770537 -13.56962013 -2.62595320
v -1.08387303 -13.16455650 -2.61670089
v -0.93030512 -13.97468376 -2.74059057
v -0.92626482 -13.56962013 -2.72868824
v -0.92226559 -13.16455650 -2.71690679
v -1.08012235 -12.75949383 -2.60764623
v -1.07646191 -12.35443020 -2.59880900
v -0.91831625 -12.75949383 -2.70527244
v -0.91442519 -12.35443020 -2.69380975
v -0.58801472 -13.97468376 -2.95614958
v -0.58486903 -13.56962013 -2.94033504
v -0.76321709 -13.97468376 -2.84836483
v -0.75944191 -13.56962013 -2.83427596
v -0.58171111 -13.16455650 -2.92445922
v -0.75567764 -13.16455650 -2.82022738
v -0.57854772 -12.75949383 -2.90855575
v -0.75193238 -12.75949383 -2.80624986
v -0.57538539 -12.35443020 -2.89265776
v -0.39384049 -12.35443020 -2.99151564
v -0.74821395 -12.35443020 -2.79237247
v -0.21214962 -16.00000000 -3.23677778
v -0.21114838 -15.59493637 -3.22150183
v -0.21011496 -15.18987370 -3.20573473
v 0.00000000 -16.00000000 -3.31559706
v 0.22105205 -16.00000000 -3.37260246
v 0.22021385 -15.59493637 -3.35981393
v 0.00000000 -15.59493637 -3.30124426
v 0.21932888 -15.18987370 -3.34631205
v 0.00000000 -15.18987370 -3.28628087
v 0.21839927 -14.78481007 -3.33212900
v 0.00000000 -14.78481007 -3.27074265
v 0.21742718 -14.37974644 -3.31729770
v 0.00000000 -14.37974644 -3.25466514
v -0.20905177 -14.78481007 -3.18951368
v -0.20796128 -14.37974644 -3.17287588
v 0.44812801 -16.00000000 -3.40387011
v 0.44671845 -15.59493637 -3.39316344
v 0.44520447 -15.18987370 -3.38166380
v 0.67763114 -16.00000000 -3.40668201
v 0.67598557 -15.59493637 -3.39840913
v 0.67417210 -15.18987370 -3.38929200
v 0.44358981 -14.78481007 -3.36939907
v 0.44187823 -14.37974644 -3.35639858
v 0.67219532 -14.78481007 -3.37935400
v 0.67006004 -14.37974644 -3.36861920
v 0.00000000 -13.97468376 -3.23808455
v 0.00000000 -13.56962013 -3.22103715
v 0.21641482 -13.97468376 -3.30185199
v 0.21536440 -13.56962013 -3.28582573
v 0.00000000 -13.16455650 -3.20355988
v 0.21427819 -13.16455650 -3.26925349
v -0.20684589 -13.97468376 -3.15585852
v -0.20570812 -13.56962013 -3.13849926
v -0.20455034 -13.16455650 -3.12083530
v 0.21315849 -12.75949383 -3.25217009
v 0.21200758 -12.35443020 -3.23461080
v -0.20337504 -12.75949383 -3.10290337
v -0.20218460 -12.35443020 -3.08474112
v 0.00000000 -12.75949383 -3.18568921
v 0.00000000 -12.35443020 -3.16746187
v 0.44007373 -13.97468376 -3.34269166
v 0.43818024 -13.56962013 -3.32830930
v 0.43620190 -13.16455650 -3.31328225
v 0.66777122 -13.97468376 -3.35711265
v 0.66533405 -13.56962013 -3.34486008
v 0.66275382 -13.16455650 -3.33188844
v 0.43414286 -12.75949383 -3.29764247
v 0.43200743 -12.35443020 -3.28142238
v 0.66003609 -12.75949383 -3.31822538
v 0.65718645 -12.35443020 -3.30389929
v -1.26770210 -16.00000000 -2.57064557
v -1.26395118 -15.59493637 -2.56303930
v -1.26025450 -15.18987370 -2.55554318
v -1.25662243 -14.78481007 -2.54817820
v -1.25306487 -14.37974644 -2.54096437
v -1.24959147 -13.97468376 -2.53392076
v -1.24621105 -13.56962013 -2.52706599
v -1.24293208 -13.16455650 -2.52041698
v -1.23976243 -12.75949383 -2.51398969
v -1.23670983 -12.35443020 -2.50779939
v -1.07289934 -11.94936752 -2.59020829
v -0.91060066 -11.94936752 -2.68254304
v -0.90685034 -11.54430389 -2.67149496
v -0.90318167 -11.13924026 -2.66068745
v -0.89960182 -10.73417759 -2.65014148
v -0.89611751 -10.32911396 -2.63987708
v -0.57223064 -11.94936752 -2.87679768
v -0.56908965 -11.54430389 -2.86100674
v -0.56596863 -11.13924026 -2.84531641
v -0.39154482 -11.94936752 -2.97407818
v -0.38924423 -11.54430389 -2.95660353
v -0.38694319 -11.13924026 -2.93912530
v -0.74452996 -11.94936752 -2.77862358
v -0.74088788 -11.54430389 -2.76503134
v -0.73729485 -11.13924026 -2.75162196
v -0.56287348 -10.73417759 -2.82975626
v -0.55981010 -10.32911396 -2.81435561
v -0.38464615 -10.73417759 -2.92167759
v -0.38235736 -10.32911396 -2.90429258
v -0.73375773 -10.73417759 -2.73842120
v -0.73028326 -10.32911396 -2.72545409
v -0.89273512 -9.92405033 -2.62991285
v -0.88946068 -9.51898766 -2.62026668
v -0.88629985 -9.11392403 -2.61095524
v -0.88325793 -8.70886040 -2.60199380
v -0.88033980 -8.30379772 -2.59339738
v -0.55678409 -9.92405033 -2.79914284
v -0.38008109 -9.92405033 -2.88700247
v -0.37782145 -9.51898766 -2.86983871
v -0.37558243 -9.11392403 -2.85283184
v -0.72687769 -9.92405033 -2.71274447
v -0.72354716 -9.51898766 -2.70031476
v -0.55380094 -9.51898766 -2.78414536
v -0.55086577 -9.11392403 -2.76938939
v -0.72029746 -9.11392403 -2.68818665
v -0.37336797 -8.70886040 -2.83601141
v -0.37118185 -8.30379772 -2.81940603
v -0.54798377 -8.70886040 -2.75490046
v -0.71713418 -8.70886040 -2.67638111
v -0.54515982 -8.30379772 -2.74070334
v -0.71406251 -8.30379772 -2.66491771
v 0.21082783 -11.94936752 -3.21661115
v -0.20098147 -11.94936752 -3.06638455
v -0.19976801 -11.54430389 -3.04787087
v -0.19854659 -11.13924026 -3.02923560
v 0.00000000 -11.94936752 -3.14891505
v 0.00000000 -11.54430389 -3.13008547
v 0.20962155 -11.54430389 -3.19820690
v 0.00000000 -11.13924026 -3.11100960
v 0.20839112 -11.13924026 -3.17943382
v -0.19731955 -10.73417759 -3.01051450
v 0.20713887 -10.73417759 -3.16032839
v 0.00000000 -10.73417759 -3.09172440
v 0.20586719 -10.32911396 -3.14092636
v 0.00000000 -10.32911396 -3.07226610
v 0.42979991 -11.94936752 -3.26465440
v 0.42752469 -11.54430389 -3.24737239
v 0.42518622 -11.13924026 -3.22960997
v 0.65421069 -11.94936752 -3.28893900
v 0.65111470 -11.54430389 -3.27337456
v 0.64790457 -11.13924026 -3.25723624
v 0.42278898 -10.73417759 -3.21140099
v 0.64458644 -10.73417759 -3.24055481
v 0.64116651 -10.32911396 -3.22336173
v 0.42033747 -10.32911396 -3.19278002
v -0.19608919 -10.32911396 -2.99174309
v 0.20457843 -9.92405033 -3.12126374
v 0.20327497 -9.51898766 -3.10137653
v 0.00000000 -9.92405033 -3.05267048
v 0.00000000 -9.51898766 -3.03297377
v 0.00000000 -9.11392403 -3.01321125
v 0.20195913 -9.11392403 -3.08130097
v 0.20063329 -8.70886040 -3.06107235
v 0.19929974 -8.30379772 -3.04072642
v 0.63765121 -9.92405033 -3.20568919
v 0.41783631 -9.92405033 -3.17378187
v 0.41529003 -9.51898766 -3.15444088
v 0.41270325 -9.11392403 -3.13479233
v 0.63404691 -9.51898766 -3.18756914
v 0.63036019 -9.11392403 -3.16903448
v 0.41008055 -8.70886040 -3.11487103
v 0.40742660 -8.30379772 -3.09471226
v 0.62659746 -8.70886040 -3.15011835
v 0.62276548 -8.30379772 -3.13085341
v -0.19485782 -9.92405033 -2.97295594
v -0.19362766 -9.51898766 -2.95418715
v -0.19240089 -9.11392403 -2.93547034
v -0.19117969 -8.70886040 -2.91683841
v -0.18996617 -8.30379772 -2.89832377
v 0.00000000 -8.70886040 -2.99341798
v 0.00000000 -8.30379772 -2.97362804
v -1.23378098 -11.94936752 -2.50186014
v -1.23098242 -11.54430389 -2.49618530
v -1.06944227 -11.54430389 -2.58186197
v -1.22832012 -11.13924026 -2.49078679
v -1.06609762 -11.13924026 -2.57378745
v -1.06287205 -10.73417759 -2.56599998
v -1.22579956 -10.73417759 -2.48567557
v -1.05977166 -10.32911396 -2.55851507
v -1.22342575 -10.32911396 -2.48086190
v -1.05680215 -9.92405033 -2.55134606
v -1.05396879 -9.51898766 -2.54450583
v -1.22120297 -9.92405033 -2.47635484
v -1.21913552 -9.51898766 -2.47216225
v -1.05127656 -9.11392403 -2.53800607
v -1.21722662 -9.11392403 -2.46829128
v -1.04872966 -8.70886040 -2.53185749
v -1.21547937 -8.70886040 -2.46474838
v -1.04633236 -8.30379772 -2.52606964
v -1.21389651 -8.30379772 -2.46153855
v -2.46388841 -16.00000000 -1.64631760
v -2.46891284 -15.59493637 -1.64967477
v -2.47389317 -15.18987370 -1.65300262
v -2.59275150 -16.00000000 -1.49692571
v -2.59838676 -15.59493637 -1.50017929
v -2.60393739 -15.18987370 -1.50338399
v -2.47882843 -14.78481007 -1.65630019
v -2.48371696 -14.37974644 -1.65956652
v -2.60940218 -14.78481007 -1.50653899
v -2.61477876 -14.37974644 -1.50964320
v -2.90022635 -16.00000000 -0.98449421
v -2.90698671 -15.59493637 -0.98678905
v -2.91357470 -15.18987370 -0.98902529
v -2.91998816 -14.78481007 -0.99120241
v -2.92622495 -14.37974644 -0.99331951
v -2.71549082 -15.59493637 -1.33913183
v -2.70940948 -16.00000000 -1.33613288
v -2.81217241 -16.00000000 -1.16483998
v -2.81860232 -15.59493637 -1.16750336
v -2.72145176 -15.18987370 -1.34207141
v -2.82488227 -15.18987370 -1.17010462
v -2.72729039 -14.78481007 -1.34495080
v -2.83101058 -14.78481007 -1.17264307
v -2.73300481 -14.37974644 -1.34776890
v -2.83698511 -14.37974644 -1.17511773
v -2.48855639 -13.97468376 -1.66280019
v -2.49334455 -13.56962013 -1.66599965
v -2.49807882 -13.16455650 -1.66916299
v -2.62006497 -13.97468376 -1.51269519
v -2.62525821 -13.56962013 -1.51569355
v -2.63035536 -13.16455650 -1.51863647
v -2.50275612 -12.75949383 -1.67228818
v -2.50737286 -12.35443020 -1.67537296
v -2.63535357 -12.75949383 -1.52152216
v -2.64024949 -12.35443020 -1.52434874
v -2.84280348 -13.97468376 -1.17752779
v -2.84846306 -13.56962013 -1.17987204
v -2.85396075 -13.16455650 -1.18214929
v -2.93228269 -13.97468376 -0.99537581
v -2.93815851 -13.56962013 -0.99737042
v -2.94384956 -13.16455650 -0.99930227
v -2.85929418 -12.75949383 -1.18435836
v -2.86445975 -12.35443020 -1.18649805
v -2.94935298 -12.75949383 -1.00117040
v -2.95466542 -12.35443020 -1.00297379
v -2.73859262 -13.97468376 -1.35052443
v -2.74405122 -13.56962013 -1.35321629
v -2.74937749 -13.16455650 -1.35584295
v -2.75456858 -12.75949383 -1.35840285
v -2.75962114 -12.35443020 -1.36089456
v -2.97369766 -16.00000000 -0.79679984
v -2.98084664 -15.59493637 -0.79871547
v -2.98780656 -15.18987370 -0.80058032
v -3.03356910 -16.00000000 -0.60341442
v -3.04122424 -15.59493637 -0.60493714
v -3.04867601 -15.18987370 -0.60641938
v -2.99457455 -14.78481007 -0.80239385
v -3.00114822 -14.37974644 -0.80415523
v -3.05592132 -14.78481007 -0.60786051
v -3.06295657 -14.37974644 -0.60925990
v -3.09785914 -15.18987370 -0.40784091
v -3.08146358 -16.00000000 -0.40568238
v -3.08977056 -15.59493637 -0.40677601
v -3.11932063 -16.00000000 -0.20445107
v -3.12841558 -15.59493637 -0.20504719
v -3.13727212 -15.18987370 -0.20562768
v -3.10572505 -14.78481007 -0.40887645
v -3.11336374 -14.37974644 -0.40988210
v -3.14588428 -14.78481007 -0.20619215
v -3.15424609 -14.37974644 -0.20674022
v -3.00752473 -13.97468376 -0.80586380
v -3.01370072 -13.56962013 -0.80751872
v -3.01967359 -13.16455650 -0.80911905
v -3.06977820 -13.97468376 -0.61061686
v -3.07638264 -13.56962013 -0.61193055
v -3.08276558 -13.16455650 -0.61320025
v -3.02543926 -12.75949383 -0.81066400
v -3.03099465 -12.35443020 -0.81215256
v -3.09485173 -12.35443020 -0.61560428
v -3.08892345 -12.75949383 -0.61442506
v -3.12077022 -13.97468376 -0.41085720
v -3.12794018 -13.56962013 -0.41180113
v -3.13486814 -13.16455650 -0.41271320
v -3.16235137 -13.97468376 -0.20727146
v -3.17019391 -13.56962013 -0.20778549
v -3.17776680 -13.16455650 -0.20828184
v -3.14154911 -12.75949383 -0.41359279
v -3.14797759 -12.35443020 -0.41443911
v -3.18506432 -12.75949383 -0.20876014
v -3.19207931 -12.35443020 -0.20921993
v -2.51192570 -11.94936752 -1.67841506
v -2.51641059 -11.54430389 -1.68141186
v -2.52082372 -11.13924026 -1.68436050
v -2.64503908 -11.94936752 -1.52711403
v -2.64971900 -11.54430389 -1.52981591
v -2.76453161 -11.94936752 -1.36331618
v -2.76929688 -11.54430389 -1.36566603
v -2.65428495 -11.13924026 -1.53245223
v -2.77391267 -11.13924026 -1.36794233
v -2.52516055 -10.73417759 -1.68725824
v -2.52941656 -10.32911396 -1.69010222
v -2.65873313 -10.73417759 -1.53502035
v -2.77837563 -10.73417759 -1.37014318
v -2.66305947 -10.32911396 -1.53751814
v -2.78268170 -10.32911396 -1.37226677
v -2.86945415 -11.94936752 -1.18856680
v -2.87427425 -11.54430389 -1.19056344
v -2.87891650 -11.13924026 -1.19248629
v -2.95978355 -11.94936752 -1.00471115
v -2.96470428 -11.54430389 -1.00638151
v -2.96942377 -11.13924026 -1.00798357
v -2.88337755 -10.73417759 -1.19433403
v -2.88765359 -10.32911396 -1.19610524
v -2.97393894 -10.73417759 -1.00951624
v -2.97824621 -10.32911396 -1.01097834
v -2.53358769 -9.92405033 -1.69288921
v -2.53766894 -9.51898766 -1.69561625
v -2.54165578 -9.11392403 -1.69828010
v -2.66725945 -9.92405033 -1.53994298
v -2.67132878 -9.51898766 -1.54229236
v -2.78682733 -9.92405033 -1.37431109
v -2.79080820 -9.51898766 -1.37627435
v -2.67526340 -9.11392403 -1.54456401
v -2.79462099 -9.11392403 -1.37815464
v -2.54554319 -8.70886040 -1.70087755
v -2.54932642 -8.30379772 -1.70340550
v -2.67905879 -8.70886040 -1.54675531
v -2.79826164 -8.70886040 -1.37994993
v -2.68271065 -8.30379772 -1.54886377
v -2.80172634 -8.30379772 -1.38165855
v -2.89174128 -9.92405033 -1.19779837
v -2.89563680 -9.51898766 -1.19941199
v -2.89933705 -9.11392403 -1.20094466
v -2.98234200 -9.92405033 -1.01236868
v -2.98622274 -9.51898766 -1.01368606
v -2.98988557 -9.11392403 -1.01492941
v -2.90283823 -8.70886040 -1.20239496
v -2.90613747 -8.30379772 -1.20376158
v -2.99332690 -8.70886040 -1.01609755
v -2.99654388 -8.30379772 -1.01718950
v -3.03633595 -11.94936752 -0.81358379
v -3.04145956 -11.54430389 -0.81495667
v -3.04636192 -11.13924026 -0.81627023
v -3.10054612 -11.94936752 -0.61673701
v -3.10600257 -11.54430389 -0.61782235
v -3.11121655 -11.13924026 -0.61885947
v -3.05103922 -10.73417759 -0.81752354
v -3.05548787 -10.32911396 -0.81871551
v -3.11618400 -10.73417759 -0.61984754
v -3.12090039 -10.32911396 -0.62078565
v -3.15414882 -11.94936752 -0.41525158
v -3.16005754 -11.54430389 -0.41602945
v -3.16569805 -11.13924026 -0.41677204
v -3.19880557 -11.94936752 -0.20966080
v -3.20523667 -11.54430389 -0.21008232
v -3.21136642 -11.13924026 -0.21048407
v -3.17106533 -10.73417759 -0.41747868
v -3.17615461 -10.32911396 -0.41814867
v -3.21718836 -10.73417759 -0.21086566
v -3.22269630 -10.32911396 -0.21122667
v -3.05970383 -9.92405033 -0.81984520
v -3.06368399 -9.51898766 -0.82091165
v -3.06742430 -9.11392403 -0.82191390
v -3.12536168 -9.92405033 -0.62167305
v -3.12956357 -9.51898766 -0.62250888
v -3.13350224 -9.11392403 -0.62329233
v -3.07092190 -8.70886040 -0.82285106
v -3.07417321 -8.30379772 -0.82372224
v -3.13717365 -8.70886040 -0.62402266
v -3.14057446 -8.30379772 -0.62469912
v -3.18096042 -9.92405033 -0.41878137
v -3.18547821 -9.51898766 -0.41937616
v -3.18970299 -9.11392403 -0.41993237
v -3.22788453 -9.92405033 -0.21156673
v -3.23274708 -9.51898766 -0.21188544
v -3.23727870 -9.11392403 -0.21218246
v -3.19363070 -8.70886040 -0.42044944
v -3.19725657 -8.30379772 -0.42092681
v -3.24147415 -8.70886040 -0.21245743
v -3.24532843 -8.30379772 -0.21271005
v -2.40643764 -7.89873409 -1.84652460
v -2.41008472 -7.49367094 -1.84932303
v -2.41365743 -7.08860779 -1.85206449
v -2.41715074 -6.68354416 -1.85474491
v -2.42055917 -6.27848101 -1.85736036
v -2.42387772 -5.87341785 -1.85990667
v -2.42710114 -5.46835423 -1.86238027
v -2.43022490 -5.06329107 -1.86477709
v -2.43324375 -4.65822792 -1.86709356
v -2.43615317 -4.25316477 -1.86932600
v -1.91425085 -7.08860779 -2.18278480
v -1.91699719 -6.68354416 -2.18591642
v -1.91980708 -6.27848101 -2.18912029
v -1.38369024 -7.89873409 -2.39662170
v -1.38344502 -7.49367094 -2.39619708
v -1.38336539 -7.08860779 -2.39605927
v -1.55769360 -7.89873409 -2.33125329
v -1.73344111 -7.89873409 -2.25906444
v -1.55849743 -7.49367094 -2.33245611
v -1.55944824 -7.08860779 -2.33387923
v -1.73522592 -7.49367094 -2.26139045
v -1.73712623 -7.08860779 -2.26386690
v -1.38345039 -6.68354416 -2.39620638
v -1.38369858 -6.27848101 -2.39663625
v -1.56054378 -6.68354416 -2.33551884
v -1.73913813 -6.68354416 -2.26648903
v -1.56178081 -6.27848101 -2.33737016
v -1.74125755 -6.27848101 -2.26925087
v -2.08163667 -7.89873409 -2.08163667
v -2.08483481 -7.49367094 -2.08483481
v -2.08805823 -7.08860779 -2.08805823
v -2.25550842 -7.08860779 -1.97802794
v -1.90896928 -7.89873409 -2.17676234
v -1.91157329 -7.49367094 -2.17973161
v -2.24845076 -7.89873409 -1.97183836
v -2.25199223 -7.49367094 -1.97494423
v -2.09130144 -6.68354416 -2.09130144
v -2.25899386 -6.68354416 -1.98108435
v -2.09455872 -6.27848101 -2.09455872
v -2.26244235 -6.27848101 -1.98410881
v -1.92267513 -5.87341785 -2.19239092
v -1.92559612 -5.46835423 -2.19572139
v -1.92856419 -5.06329107 -2.19910598
v -1.93157399 -4.65822792 -2.20253801
v -1.93461955 -4.25316477 -2.20601082
v -1.38410854 -5.87341785 -2.39734650
v -1.38467824 -5.46835423 -2.39833307
v -1.38540530 -5.06329107 -2.39959240
v -1.56315649 -5.87341785 -2.33942914
v -1.74347985 -5.87341785 -2.27214718
v -1.56466722 -5.46835423 -2.34169006
v -1.56630921 -5.06329107 -2.34414744
v -1.74580038 -5.46835423 -2.27517128
v -1.74821436 -5.06329107 -2.27831721
v -1.38628709 -4.65822792 -2.40111971
v -1.38732064 -4.25316477 -2.40290976
v -1.56807840 -4.65822792 -2.34679508
v -1.75071669 -4.65822792 -2.28157830
v -1.75330198 -4.25316477 -2.28494763
v -1.56997061 -4.25316477 -2.34962702
v -2.09782434 -5.87341785 -2.09782434
v -2.26584888 -5.87341785 -1.98709619
v -2.10109305 -5.46835423 -2.10109305
v -2.10435843 -5.06329107 -2.10435843
v -2.26920772 -5.46835423 -1.99004185
v -2.27251339 -5.06329107 -1.99294066
v -2.10761499 -4.65822792 -2.10761499
v -2.27576017 -4.65822792 -1.99578798
v -2.11085701 -4.25316477 -2.11085701
v -2.27894258 -4.25316477 -1.99857914
v -2.43894863 -3.84810138 -1.87147117
v -2.44418120 -3.03797460 -1.87548625
v -2.44162607 -3.44303799 -1.87352562
v -2.44661021 -2.63291144 -1.87735009
v -2.44890952 -2.22784805 -1.87911439
v -2.45107579 -1.82278478 -1.88077664
v -2.45499730 -1.01265824 -1.88378572
v -2.45310593 -1.41772151 -1.88233435
v -2.45674729 -0.60759491 -1.88512850
v -2.45835400 -0.20253165 -1.88636136
v -1.93769503 -3.84810138 -2.20951772
v -1.94079471 -3.44303799 -2.21305227
v -1.94391263 -3.03797460 -2.21660757
v -1.94704318 -2.63291144 -2.22017717
v -1.95018041 -2.22784805 -2.22375464
v -1.38850272 -3.84810138 -2.40495729
v -1.38982999 -3.44303799 -2.40725613
v -1.39129853 -3.03797460 -2.40979981
v -1.75596499 -3.84810138 -2.28841805
v -1.57198119 -3.84810138 -2.35263610
v -1.75870025 -3.44303799 -2.29198289
v -1.76150215 -3.03797460 -2.29563427
v -1.57410562 -3.44303799 -2.35581541
v -1.57633901 -3.03797460 -2.35915804
v -1.39290464 -2.63291144 -2.41258144
v -1.39464402 -2.22784805 -2.41559434
v -1.76436496 -2.63291144 -2.29936504
v -1.57867634 -2.63291144 -2.36265612
v -1.76728308 -2.22784805 -2.30316806
v -1.58111250 -2.22784805 -2.36630201
v -2.11407876 -3.84810138 -2.11407876
v -2.28205585 -3.84810138 -2.00130916
v -2.11727428 -3.44303799 -2.11727428
v -2.12043810 -3.03797460 -2.12043810
v -2.28509426 -3.44303799 -2.00397396
v -2.28805327 -3.03797460 -2.00656891
v -2.12356448 -2.63291144 -2.12356448
v -2.29092789 -2.63291144 -2.00908971
v -2.12664843 -2.22784805 -2.12664843
v -2.29371333 -2.22784805 -2.01153255
v -1.95331872 -1.82278478 -2.22733307
v -1.95645237 -1.41772151 -2.23090625
v -1.95957601 -1.01265824 -2.23446822
v -1.96268415 -0.60759491 -2.23801231
v -1.96577156 -0.20253165 -2.24153280
v -1.39651239 -1.82278478 -2.41883039
v -1.39850545 -1.41772151 -2.42228246
v -1.40061843 -1.01265824 -2.42594242
v -1.77025080 -1.82278478 -2.30703568
v -1.58364236 -1.82278478 -2.37008834
v -1.77326238 -1.41772151 -2.31096053
v -1.77631223 -1.01265824 -2.31493521
v -1.58626044 -1.41772151 -2.37400651
v -1.58896160 -1.01265824 -2.37804914
v -1.59459138 -0.20253165 -2.38647461
v -1.40284681 -0.60759491 -2.42980194
v -1.40518570 -0.20253165 -2.43385315
v -1.77939475 -0.60759491 -2.31895232
v -1.59174037 -0.60759491 -2.38220787
v -1.78250432 -0.20253165 -2.32300472
v -2.12968445 -1.82278478 -2.12968445
v -2.29640532 -1.82278478 -2.01389337
v -2.13266754 -1.41772151 -2.13266754
v -2.13559294 -1.01265824 -2.13559294
v -2.29899979 -1.41772151 -2.01616859
v -2.30149269 -1.01265824 -2.01835489
v -2.13845563 -0.60759491 -2.13845563
v -2.30388021 -0.60759491 -2.02044868
v -2.14125133 -0.20253165 -2.14125133
v -2.30615926 -0.20253165 -2.02244735
v -0.36902773 -7.89873409 -2.80304408
v -0.54239845 -7.89873409 -2.72682118
v -0.71108752 -7.89873409 -2.65381479
v -0.53970426 -7.49367094 -2.71327662
v -0.53708142 -7.08860779 -2.70009089
v -0.70821375 -7.49367094 -2.64308977
v -0.70544571 -7.08860779 -2.63275909
v -0.36690921 -7.49367094 -2.78695202
v -0.36482963 -7.08860779 -2.77115631
v -0.70278740 -6.68354416 -2.62283826
v -0.53453410 -6.68354416 -2.68728423
v -0.70024264 -6.27848101 -2.61334109
v -0.53206593 -6.27848101 -2.67487621
v -0.36279237 -6.68354416 -2.75568175
v -0.36080056 -6.27848101 -2.74055243
v -0.69781500 -5.87341785 -2.60428119
v -0.52968073 -5.87341785 -2.66288471
v -0.69550771 -5.46835423 -2.59566998
v -0.35885724 -5.87341785 -2.72579145
v -0.35696530 -5.46835423 -2.71142077
v -0.35512754 -5.06329107 -2.69746161
v -0.52738178 -5.46835423 -2.65132713
v -0.52517229 -5.06329107 -2.64021921
v -0.52305526 -4.65822792 -2.62957644
v -0.35334656 -4.65822792 -2.68393350
v -0.52103347 -4.25316477 -2.61941195
v -0.35162482 -4.25316477 -2.67085576
v 0.19796079 -7.89873409 -3.02029800
v 0.19661875 -7.49367094 -2.99982238
v 0.40474597 -7.89873409 -3.07435083
v 0.40204325 -7.49367094 -3.05382156
v 0.39932302 -7.08860779 -3.03315949
v 0.61887085 -7.89873409 -3.11127377
v 0.61492020 -7.49367094 -3.09141254
v 0.61092031 -7.08860779 -3.07130361
v 0.39658985 -6.68354416 -3.01239896
v 0.60687780 -6.68354416 -3.05098081
v 0.60279942 -6.27848101 -3.03047729
v -0.18876241 -7.89873409 -2.87995791
v -0.18757039 -7.49367094 -2.86177135
v -0.18639211 -7.08860779 -2.84379411
v 0.00000000 -7.89873409 -2.95387602
v 0.00000000 -7.49367094 -2.93419528
v 0.00000000 -7.08860779 -2.91461825
v 0.19527586 -7.08860779 -2.97933388
v -0.18522945 -6.68354416 -2.82605529
v -0.18408428 -6.27848101 -2.80858350
v 0.19393434 -6.68354416 -2.95886636
v 0.00000000 -6.68354416 -2.89517736
v 0.19259642 -6.27848101 -2.93845344
v 0.00000000 -6.27848101 -2.87590408
v 0.39384821 -6.27848101 -2.99157405
v 0.59869188 -5.87341785 -3.00982738
v 0.19126423 -5.87341785 -2.91812825
v 0.00000000 -5.87341785 -2.85682917
v 0.18993993 -5.46835423 -2.89792323
v 0.00000000 -5.46835423 -2.83798265
v 0.00000000 -5.06329107 -2.81939363
v 0.18862559 -5.06329107 -2.87787032
v -0.18295838 -5.87341785 -2.79140544
v -0.18185349 -5.46835423 -2.77454805
v -0.18077128 -5.06329107 -2.75803661
v 0.00000000 -4.65822792 -2.80109048
v 0.18732327 -4.65822792 -2.85800076
v 0.18603495 -4.25316477 -2.83834481
v -0.17971334 -4.65822792 -2.74189568
v -0.17868122 -4.25316477 -2.72614884
v 0.00000000 -4.25316477 -2.78310108
v 0.39110261 -5.87341785 -2.97071934
v 0.38835749 -5.46835423 -2.94986796
v 0.38561723 -5.06329107 -2.92905354
v 0.59456187 -5.46835423 -2.98906422
v 0.59041595 -5.06329107 -2.96822143
v 0.38288611 -4.65822792 -2.90830898
v 0.38016847 -4.25316477 -2.88766623
v 0.58626074 -4.65822792 -2.94733191
v 0.58210284 -4.25316477 -2.92642879
v -1.04408789 -7.89873409 -2.52065134
v -1.21247995 -7.89873409 -2.45866609
v -1.21123135 -7.49367094 -2.45613432
v -1.21015215 -7.08860779 -2.45394588
v -0.87755013 -7.89873409 -2.58517933
v -1.04199970 -7.49367094 -2.51560974
v -1.04007041 -7.08860779 -2.51095200
v -0.87489301 -7.49367094 -2.57735181
v -0.87237239 -7.08860779 -2.56992626
v -1.20924306 -6.68354416 -2.45210218
v -1.20850444 -6.27848101 -2.45060444
v -1.03830230 -6.68354416 -2.50668359
v -0.86999172 -6.68354416 -2.56291294
v -1.03669751 -6.27848101 -2.50280905
v -0.86775416 -6.27848101 -2.55632138
v -1.20793629 -5.87341785 -2.44945264
v -1.20753837 -5.46835423 -2.44864559
v -1.20730984 -5.06329107 -2.44818234
v -1.03525734 -5.87341785 -2.49933219
v -0.86566246 -5.87341785 -2.55015945
v -1.03398311 -5.46835423 -2.49625611
v -1.03287566 -5.06329107 -2.49358249
v -0.86371911 -5.46835423 -2.54443431
v -0.86192614 -5.06329107 -2.53915262
v -1.20724976 -4.65822792 -2.44806027
v -1.20735657 -4.25316477 -2.44827700
v -1.03193545 -4.65822792 -2.49131274
v -0.86028546 -4.65822792 -2.53431916
v -1.03116262 -4.25316477 -2.48944688
v -0.85879838 -4.25316477 -2.52993846
v -0.69332367 -5.06329107 -2.58751917
v -0.69126558 -4.65822792 -2.57983828
v -0.68933582 -4.25316477 -2.57263613
v -0.51910943 -3.84810138 -2.60973930
v -0.34996471 -3.84810138 -2.65824580
v -0.51728547 -3.44303799 -2.60056973
v -0.51556385 -3.03797460 -2.59191442
v -0.34836841 -3.44303799 -2.64612079
v -0.34683803 -3.03797460 -2.63449621
v -0.34537545 -2.63291144 -2.62338686
v -0.34398249 -2.22784805 -2.61280632
v -0.34266078 -1.82278478 -2.60276723
v -0.34141189 -1.41772151 -2.59328079
v 0.18476261 -3.84810138 -2.81893277
v 0.18350814 -3.44303799 -2.79979324
v -0.17767644 -3.84810138 -2.71081853
v -0.17670035 -3.44303799 -2.69592643
v -0.17575434 -3.03797460 -2.68149304
v 0.00000000 -3.84810138 -2.76545167
v 0.00000000 -3.44303799 -2.74816799
v 0.00000000 -3.03797460 -2.73127532
v 0.18227340 -3.03797460 -2.78095460
v -0.17483966 -2.63291144 -2.66753769
v -0.17395754 -2.22784805 -2.65407920
v 0.00000000 -2.63291144 -2.71479702
v 0.18106019 -2.63291144 -2.76244473
v 0.00000000 -2.22784805 -2.69875622
v 0.17987026 -2.22784805 -2.74429011
v 0.37746844 -3.84810138 -2.86715746
v 0.37479016 -3.44303799 -2.84681392
v 0.37213770 -3.03797460 -2.82666659
v 0.57794875 -3.84810138 -2.90554452
v 0.57380480 -3.44303799 -2.88471150
v 0.56967735 -3.03797460 -2.86396146
v 0.36951500 -2.63291144 -2.80674505
v 0.56557274 -2.63291144 -2.84332609
v 0.56149703 -2.22784805 -2.82283640
v 0.36692593 -2.22784805 -2.78707910
v -0.17310911 -1.82278478 -2.64113474
v -0.17229547 -1.41772151 -2.62872076
v -0.17151761 -1.01265824 -2.61685300
v 0.17870532 -1.82278478 -2.72651625
v 0.00000000 -1.82278478 -2.68317533
v 0.17756699 -1.41772151 -2.70914865
v 0.17645685 -1.01265824 -2.69221115
v 0.00000000 -1.41772151 -2.66807461
v 0.00000000 -1.01265824 -2.65347481
v -0.17077647 -0.60759491 -2.60554552
v -0.17007296 -0.20253165 -2.59481192
v 0.00000000 -0.60759491 -2.63939452
v 0.17537642 -0.60759491 -2.67572713
v 0.00000000 -0.20253165 -2.62585211
v 0.17432716 -0.20253165 -2.65971851
v 0.55745637 -1.82278478 -2.80252266
v 0.75188029 -1.41772151 -2.80605555
v 0.36437425 -1.82278478 -2.76769733
v 0.36186370 -1.41772151 -2.74862766
v 0.35939786 -1.01265824 -2.72989774
v 0.55345672 -1.41772151 -2.78241491
v 0.54950392 -1.01265824 -2.76254272
v 0.74643737 -1.01265824 -2.78574204
v 0.35698020 -0.60759491 -2.71153378
v 0.35461414 -0.20253165 -2.69356179
v 0.54560369 -0.60759491 -2.74293494
v 0.74103606 -0.60759491 -2.76558423
v 0.54176164 -0.20253165 -2.72361946
v 0.73568434 -0.20253165 -2.74561143
v -1.20762861 -3.84810138 -2.44882870
v -1.20806384 -3.44303799 -2.44971108
v -1.20866001 -3.03797460 -2.45091987
v -1.03055692 -3.84810138 -2.48798466
v -0.85746616 -3.84810138 -2.52601385
v -0.85628963 -3.44303799 -2.52254796
v -0.85526925 -3.03797460 -2.51954198
v -1.03011787 -3.44303799 -2.48692465
v -1.02984464 -3.03797460 -2.48626471
v -1.20941436 -2.63291144 -2.45244980
v -1.21032429 -2.22784805 -2.45429492
v -0.85440540 -2.63291144 -2.51699710
v -1.02973604 -2.63291144 -2.48600268
v -0.85369796 -2.22784805 -2.51491308
v -1.02979076 -2.22784805 -2.48613477
v -0.68753648 -3.84810138 -2.56592107
v -0.68586946 -3.44303799 -2.55969977
v -0.68433630 -3.03797460 -2.55397797
v -0.68293840 -2.63291144 -2.54876089
v -0.68167681 -2.22784805 -2.54405236
v -0.51394635 -2.63291144 -2.58378267
v -0.51243472 -2.22784805 -2.57618332
v -1.21138656 -1.82278478 -2.45644903
v -1.21259809 -1.41772151 -2.45890570
v -1.21395528 -1.01265824 -2.46165800
v -0.85314667 -1.82278478 -2.51328897
v -1.03000712 -1.82278478 -2.48665738
v -1.03038335 -1.41772151 -2.48756552
v -1.03091717 -1.01265824 -2.48885417
v -0.85275102 -1.41772151 -2.51212358
v -0.85251027 -1.01265824 -2.51141429
v -1.21545470 -0.60759491 -2.46469831
v -1.21709239 -0.20253165 -2.46801901
v -1.03160632 -0.60759491 -2.49051809
v -0.85242331 -0.60759491 -2.51115799
v -1.03244829 -0.20253165 -2.49255061
v -0.85248899 -0.20253165 -2.51135159
v -0.68055230 -1.82278478 -2.53985572
v -0.67956561 -1.41772151 -2.53617334
v -0.67871696 -1.01265824 -2.53300619
v -0.51103055 -1.82278478 -2.56912422
v -0.50973523 -1.41772151 -2.56261182
v -0.50854975 -1.01265824 -2.55665231
v -0.34023717 -1.01265824 -2.58435798
v -0.67800659 -0.60759491 -2.53035522
v -0.67743450 -0.20253165 -2.52821994
v -0.50747514 -0.60759491 -2.55124998
v -0.33913788 -0.60759491 -2.57600808
v -0.50651222 -0.20253165 -2.54640889
v -0.33811519 -0.20253165 -2.56823969
v -2.55300093 -7.89873409 -1.70586073
v -2.55656171 -7.49367094 -1.70823991
v -2.56000400 -7.08860779 -1.71054006
v -2.68621492 -7.89873409 -1.55088699
v -2.80501151 -7.89873409 -1.38327861
v -2.68956757 -7.49367094 -1.55282247
v -2.69276404 -7.08860779 -1.55466807
v -2.80811381 -7.49367094 -1.38480842
v -2.81102943 -7.08860779 -1.38624632
v -2.56332326 -6.68354416 -1.71275795
v -2.56651497 -6.27848101 -1.71489048
v -2.69580078 -6.68354416 -1.55642128
v -2.81375551 -6.68354416 -1.38759065
v -2.69867396 -6.27848101 -1.55808008
v -2.81628871 -6.27848101 -1.38883984
v -2.90923142 -7.89873409 -1.20504308
v -2.91211653 -7.49367094 -1.20623827
v -2.91479063 -7.08860779 -1.20734584
v -2.99953294 -7.89873409 -1.01820421
v -3.00229168 -7.49367094 -1.01914072
v -3.00481749 -7.08860779 -1.01999807
v -2.91725039 -6.68354416 -1.20836473
v -2.91949368 -6.27848101 -1.20929384
v -3.00710750 -6.68354416 -1.02077544
v -3.00915956 -6.27848101 -1.02147198
v -2.56957459 -5.87341785 -1.71693480
v -2.57249784 -5.46835423 -1.71888804
v -2.57528043 -5.06329107 -1.72074747
v -2.70137978 -5.87341785 -1.55964231
v -2.81862617 -5.87341785 -1.38999259
v -2.70391488 -5.46835423 -1.56110597
v -2.70627594 -5.06329107 -1.56246924
v -2.82076526 -5.46835423 -1.39104748
v -2.82270360 -5.06329107 -1.39200342
v -2.57791877 -4.65822792 -1.72251022
v -2.58040881 -4.25316477 -1.72417414
v -2.70846033 -4.65822792 -1.56373024
v -2.82443881 -4.65822792 -1.39285910
v -2.71046472 -4.25316477 -1.56488752
v -2.82596922 -4.25316477 -1.39361382
v -2.92151785 -5.87341785 -1.21013236
v -2.92332101 -5.46835423 -1.21087921
v -2.92490101 -5.06329107 -1.21153367
v -3.01097155 -5.87341785 -1.02208710
v -3.01254201 -5.46835423 -1.02262020
v -3.01386929 -5.06329107 -1.02307069
v -2.92625666 -4.65822792 -1.21209514
v -2.92738628 -4.25316477 -1.21256316
v -3.01495194 -4.65822792 -1.02343822
v -3.01578927 -4.25316477 -1.02372253
v -3.07717514 -7.89873409 -0.82452655
v -3.07992458 -7.49367094 -0.82526332
v -3.08241916 -7.08860779 -0.82593173
v -3.14370084 -7.89873409 -0.62532097
v -3.14654970 -7.49367094 -0.62588763
v -3.14911771 -7.08860779 -0.62639844
v -3.08465600 -6.68354416 -0.82653111
v -3.08663321 -6.27848101 -0.82706082
v -3.15140247 -6.68354416 -0.62685293
v -3.15340114 -6.27848101 -0.62725049
v -3.20057678 -7.89873409 -0.42136392
v -3.20358753 -7.49367094 -0.42176029
v -3.20628524 -7.08860779 -0.42211545
v -3.24883676 -7.89873409 -0.21294001
v -3.25199485 -7.49367094 -0.21314701
v -3.25479913 -7.08860779 -0.21333081
v -3.20866680 -6.68354416 -0.42242900
v -3.21072936 -6.27848101 -0.42270052
v -3.25724554 -6.68354416 -0.21349116
v -3.25933146 -6.27848101 -0.21362787
v -3.08834815 -5.87341785 -0.82752043
v -3.08979988 -5.46835423 -0.82790935
v -3.09098625 -5.06329107 -0.82822728
v -3.15511155 -5.87341785 -0.62759072
v -3.15653205 -5.46835423 -0.62787324
v -3.15766072 -5.06329107 -0.62809777
v -3.09190655 -4.65822792 -0.82847381
v -3.09255958 -4.25316477 -0.82864887
v -3.15849662 -4.65822792 -0.62826407
v -3.15903878 -4.25316477 -0.62837189
v -3.21247029 -5.87341785 -0.42292973
v -3.21388745 -5.46835423 -0.42311633
v -3.21497941 -5.06329107 -0.42326006
v -3.26105380 -5.87341785 -0.21374077
v -3.26241064 -5.46835423 -0.21382968
v -3.26339960 -5.06329107 -0.21389452
v -3.21574450 -4.65822792 -0.42336079
v -3.21618176 -4.25316477 -0.42341837
v -3.26401997 -4.65822792 -0.21393518
v -3.26427078 -4.25316477 -0.21395160
v -2.58274722 -3.84810138 -1.72573662
v -2.58493066 -3.44303799 -1.72719550
v -2.58695626 -3.03797460 -1.72854888
v -2.71537542 -3.03797460 -1.56772268
v -2.71228671 -3.84810138 -1.56593955
v -2.82729292 -3.84810138 -1.39426661
v -2.71392441 -3.44303799 -1.56688488
v -2.82840872 -3.44303799 -1.39481676
v -2.82931519 -3.03797460 -1.39526391
v -2.58882093 -2.63291144 -1.72979474
v -2.71663809 -2.63291144 -1.56845176
v -2.59052229 -2.22784805 -1.73093164
v -2.71771145 -2.22784805 -1.56907153
v -2.83001208 -2.63291144 -1.39560759
v -2.83049893 -2.22784805 -1.39584756
v -2.92828918 -3.84810138 -1.21293712
v -2.92896461 -3.44303799 -1.21321678
v -2.92941189 -3.03797460 -1.21340215
v -3.01638031 -3.84810138 -1.02392316
v -3.01672506 -3.44303799 -1.02404022
v -3.01682377 -3.03797460 -1.02407360
v -2.92963123 -2.63291144 -1.21349299
v -2.92962289 -2.22784805 -1.21348953
v -3.01667619 -2.63291144 -1.02402365
v -3.01628375 -2.22784805 -1.02389038
v -2.59205842 -1.82278478 -1.73195815
v -2.71859431 -1.82278478 -1.56958115
v -2.59342742 -1.41772151 -1.73287284
v -2.59462786 -1.01265824 -1.73367488
v -2.71928573 -1.41772151 -1.56998038
v -2.71978569 -1.01265824 -1.57026899
v -2.83077526 -1.82278478 -1.39598393
v -2.83084178 -1.41772151 -1.39601672
v -2.83069897 -1.01265824 -1.39594626
v -2.59565830 -0.60759491 -1.73436344
v -2.72009420 -0.60759491 -1.57044709
v -2.59651804 -0.20253165 -1.73493791
v -2.72021127 -0.20253165 -1.57051468
v -2.83034778 -0.60759491 -1.39577305
v -2.82978964 -0.20253165 -1.39549780
v -2.92938757 -1.82278478 -1.21339214
v -2.92892623 -1.41772151 -1.21320093
v -2.92824030 -1.01265824 -1.21291685
v -3.01564693 -1.82278478 -1.02367425
v -3.01476789 -1.41772151 -1.02337575
v -3.01364779 -1.01265824 -1.02299559
v -2.92733145 -0.60759491 -1.21254039
v -2.92620182 -0.20253165 -1.21207249
v -3.01228952 -0.60759491 -1.02253449
v -3.01069546 -0.20253165 -1.02199340
v -3.09294534 -3.84810138 -0.82875216
v -3.09306312 -3.44303799 -0.82878381
v -3.09291387 -3.03797460 -0.82874376
v -3.15928674 -3.84810138 -0.62842119
v -3.15924025 -3.44303799 -0.62841195
v -3.15889978 -3.03797460 -0.62834424
v -3.09249759 -2.63291144 -0.82863224
v -3.09181547 -2.22784805 -0.82844943
v -3.15826583 -2.63291144 -0.62821817
v -3.15734005 -2.22784805 -0.62803400
v -3.21629095 -3.84810138 -0.42343274
v -3.21607184 -3.44303799 -0.42340389
v -3.21552491 -3.03797460 -0.42333189
v -3.26415133 -3.84810138 -0.21394378
v -3.26366234 -3.44303799 -0.21391173
v -3.26280403 -3.03797460 -0.21385548
v -3.21465111 -2.63291144 -0.42321685
v -3.21345186 -2.22784805 -0.42305896
v -3.26157808 -2.63291144 -0.21377513
v -3.25998616 -2.22784805 -0.21367079
v -3.09086895 -1.82278478 -0.82819587
v -3.08965993 -1.41772151 -0.82787186
v -3.08819032 -1.01265824 -0.82747811
v -3.15612364 -1.82278478 -0.62779200
v -3.15461874 -1.41772151 -0.62749267
v -3.15282774 -1.01265824 -0.62713641
v -3.08646297 -0.60759491 -0.82701528
v -3.08448076 -0.20253165 -0.82648414
v -3.15075350 -0.60759491 -0.62672383
v -3.14839959 -0.20253165 -0.62625563
v -3.21192884 -1.82278478 -0.42285845
v -3.21008444 -1.41772151 -0.42261565
v -3.20792150 -1.01265824 -0.42233089
v -3.25803065 -1.82278478 -0.21354261
v -3.25571442 -1.41772151 -0.21339080
v -3.25304079 -1.01265824 -0.21321556
v -3.20544338 -0.60759491 -0.42200464
v -3.20265412 -0.20253165 -0.42163742
v -3.25001431 -0.60759491 -0.21301720
v -3.24663901 -0.20253165 -0.21279596
v 0.90560496 -16.00000000 -3.37976384
v 0.90408403 -15.59493637 -3.37408757
v 0.90233153 -15.18987370 -3.36754704
v 1.12813032 -16.00000000 -3.32336473
v 1.12707436 -15.59493637 -3.32025409
v 1.12572885 -15.18987370 -3.31629014
v 0.90035224 -14.78481007 -3.36016035
v 0.89815122 -14.37974644 -3.35194588
v 1.12409794 -14.78481007 -3.31148553
v 1.12218618 -14.37974644 -3.30585384
v 1.34170771 -16.00000000 -3.23916888
v 1.34139502 -15.59493637 -3.23841405
v 1.34074545 -15.18987370 -3.23684573
v 1.54357457 -16.00000000 -3.13005972
v 1.54418874 -15.59493637 -3.13130498
v 1.73191798 -16.00000000 -2.99976993
v 1.73352742 -15.59493637 -3.00255775
v 1.54443276 -15.18987370 -3.13179970
v 1.73474991 -15.18987370 -3.00467491
v 1.33976185 -14.78481007 -3.23447108
v 1.33844769 -14.37974644 -3.23129845
v 1.54430807 -14.78481007 -3.13154697
v 1.73558497 -14.78481007 -3.00612140
v 1.54381657 -14.37974644 -3.13055038
v 1.73603308 -14.37974644 -3.00689745
v 0.89573371 -13.97468376 -3.34292388
v 0.89310539 -13.56962013 -3.33311486
v 0.89027208 -13.16455650 -3.32254052
v 1.11999846 -13.97468376 -3.29940915
v 1.11754012 -13.56962013 -3.29216695
v 1.11481667 -13.16455650 -3.28414416
v 0.88723981 -12.75949383 -3.31122398
v 0.88401490 -12.35443020 -3.29918861
v 1.11183417 -12.75949383 -3.27535772
v 1.10859883 -12.35443020 -3.26582670
v 1.33680689 -13.97468376 -3.22733736
v 1.33484375 -13.56962013 -3.22259784
v 1.33256292 -13.16455650 -3.21709132
v 1.54296076 -13.97468376 -3.12881494
v 1.54174340 -13.56962013 -3.12634635
v 1.73609471 -13.97468376 -3.00700426
v 1.73577094 -13.56962013 -3.00644350
v 1.54016769 -13.16455650 -3.12315106
v 1.73506355 -13.16455650 -3.00521827
v 1.32996941 -12.75949383 -3.21083021
v 1.32706904 -12.35443020 -3.20382786
v 1.53823745 -12.75949383 -3.11923718
v 1.73397434 -12.75949383 -3.00333166
v 1.53595698 -12.35443020 -3.11461258
v 1.73250604 -12.35443020 -3.00078845
v 1.90595651 -16.00000000 -2.85246539
v 1.90851045 -15.59493637 -2.85628772
v 1.91067648 -15.18987370 -2.85952950
v 2.06588817 -16.00000000 -2.69231796
v 2.06922626 -15.59493637 -2.69666839
v 2.07219052 -15.18987370 -2.70053124
v 1.91245306 -14.78481007 -2.86218834
v 1.91383862 -14.37974644 -2.86426187
v 2.07477736 -14.78481007 -2.70390248
v 2.07698464 -14.37974644 -2.70677900
v 1.91483223 -13.97468376 -2.86574888
v 1.91543317 -13.56962013 -2.86664844
v 1.91564143 -13.16455650 -2.86696005
v 2.07880950 -13.97468376 -2.70915723
v 2.08025002 -13.56962013 -2.71103477
v 2.08130455 -13.16455650 -2.71240902
v 1.91545701 -12.75949383 -2.86668396
v 1.91488087 -12.35443020 -2.86582160
v 2.08197188 -12.75949383 -2.71327853
v 2.08225060 -12.35443020 -2.71364188
v 2.21271443 -16.00000000 -2.52311730
v 2.21659160 -15.59493637 -2.52753830
v 2.22011900 -15.18987370 -2.53156066
v 2.22329330 -14.78481007 -2.53518033
v 2.22611094 -14.37974644 -2.53839302
v 2.34797168 -16.00000000 -2.34797168
v 2.35209060 -15.59493637 -2.35209060
v 2.35589051 -15.18987370 -2.35589051
v 2.35936832 -14.78481007 -2.35936832
v 2.36251998 -14.37974644 -2.36251998
v 2.48787761 -14.37974644 -2.18181014
v 2.47340941 -16.00000000 -2.16912198
v 2.47745967 -15.59493637 -2.17267370
v 2.48122287 -15.18987370 -2.17597413
v 2.59066296 -16.00000000 -1.98788559
v 2.59435916 -15.59493637 -1.99072182
v 2.59779668 -15.18987370 -1.99335945
v 2.70096493 -16.00000000 -1.80472708
v 2.70408106 -15.59493637 -1.80680919
v 2.70695806 -15.18987370 -1.80873156
v 2.48469639 -14.78481007 -2.17902040
v 2.60097408 -14.78481007 -1.99579763
v 2.60388994 -14.37974644 -1.99803507
v 2.70959687 -14.78481007 -1.81049478
v 2.71199846 -14.37974644 -1.81209934
v 2.22856855 -13.97468376 -2.54119539
v 2.23066306 -13.56962013 -2.54358387
v 2.23239183 -13.16455650 -2.54555511
v 2.23375225 -12.75949383 -2.54710627
v 2.23474193 -12.35443020 -2.54823470
v 2.36534214 -13.97468376 -2.36534214
v 2.36783171 -13.56962013 -2.36783171
v 2.49076319 -13.97468376 -2.18434072
v 2.49335051 -13.56962013 -2.18660975
v 2.36998534 -13.16455650 -2.36998534
v 2.49563646 -13.16455650 -2.18861437
v 2.37179947 -12.75949383 -2.37179947
v 2.49761820 -12.75949383 -2.19035220
v 2.37327194 -12.35443020 -2.37327194
v 2.49929261 -12.35443020 -2.19182062
v 2.60654259 -13.97468376 -2.00007057
v 2.60893059 -13.56962013 -2.00190282
v 2.61105156 -13.16455650 -2.00353026
v 2.71416283 -13.97468376 -1.81354558
v 2.71608996 -13.56962013 -1.81483328
v 2.71777987 -13.16455650 -1.81596255
v 2.61290359 -12.75949383 -2.00495148
v 2.61448455 -12.35443020 -2.00616455
v 2.71923232 -12.75949383 -1.81693292
v 2.72044611 -12.35443020 -1.81774390
v 0.88060397 -11.94936752 -3.28645897
v 0.87701380 -11.54430389 -3.27306008
v 0.87325126 -11.13924026 -3.25901818
v 1.10511708 -11.94936752 -3.25556993
v 1.10139608 -11.54430389 -3.24460816
v 1.09744275 -11.13924026 -3.23296213
v 0.86932367 -10.73417759 -3.24436021
v 0.86523831 -10.32911396 -3.22911334
v 1.09326482 -10.73417759 -3.22065449
v 1.08886993 -10.32911396 -3.20770764
v 1.32386744 -11.94936752 -3.19609857
v 1.32037091 -11.54430389 -3.18765736
v 1.31658626 -11.13924026 -3.17852044
v 1.53333080 -11.94936752 -3.10928726
v 1.53036392 -11.54430389 -3.10327101
v 1.52706206 -11.13924026 -3.09657550
v 1.31252050 -10.73417759 -3.16870499
v 1.52343106 -10.73417759 -3.08921242
v 1.30818105 -10.32911396 -3.15822864
v 1.51947737 -10.32911396 -3.08119535
v 1.73066151 -11.94936752 -2.99759364
v 1.72844422 -11.54430389 -2.99375319
v 1.72585809 -11.13924026 -2.98927379
v 1.72290766 -10.73417759 -2.98416352
v 1.71959770 -10.32911396 -2.97843051
v 0.86100274 -9.92405033 -3.21330595
v 0.85662472 -9.51898766 -3.19696689
v 0.85211200 -9.11392403 -3.18012524
v 1.08426619 -9.92405033 -3.19414520
v 1.07946181 -9.51898766 -3.17999172
v 1.07446527 -9.11392403 -3.16527247
v 0.84747261 -8.70886040 -3.16281080
v 0.84271473 -8.30379772 -3.14505410
v 1.06928527 -8.70886040 -3.15001297
v 1.06393099 -8.30379772 -3.13423967
v 1.30357575 -9.92405033 -3.14711022
v 1.29871261 -9.51898766 -3.13536954
v 1.51520789 -9.92405033 -3.07253766
v 1.51062989 -9.51898766 -3.06325459
v 1.29360008 -9.11392403 -3.12302685
v 1.50575113 -9.11392403 -3.05336118
v 1.28824699 -8.70886040 -3.11010337
v 1.50057948 -8.70886040 -3.04287410
v 1.28266251 -8.30379772 -3.09662127
v 1.49512362 -8.30379772 -3.03181076
v 1.71593368 -9.92405033 -2.97208428
v 1.71192145 -9.51898766 -2.96513510
v 1.70756745 -9.11392403 -2.95759368
v 1.70287836 -8.70886040 -2.94947195
v 1.69786155 -8.30379772 -2.94078255
v 1.91391397 -11.94936752 -2.86437464
v 1.91255808 -11.54430389 -2.86234546
v 1.91081548 -11.13924026 -2.85973740
v 2.08214068 -11.94936752 -2.71349859
v 2.08164167 -11.54430389 -2.71284842
v 2.08075428 -11.13924026 -2.71169162
v 1.90868843 -10.73417759 -2.85655403
v 1.90618038 -10.32911396 -2.85280061
v 2.07947898 -10.73417759 -2.71002960
v 2.07781696 -10.32911396 -2.70786381
v 1.90329468 -9.92405033 -2.84848189
v 1.90003562 -9.51898766 -2.84360433
v 1.89640772 -9.11392403 -2.83817482
v 2.07577038 -9.92405033 -2.70519638
v 2.07334089 -9.51898766 -2.70203042
v 2.07053185 -9.11392403 -2.69836950
v 1.89241612 -8.70886040 -2.83220100
v 1.88806641 -8.30379772 -2.82569122
v 2.06734586 -8.70886040 -2.69421768
v 2.06378698 -8.30379772 -2.68957973
v 2.23535919 -11.94936752 -2.54893875
v 2.23560262 -11.54430389 -2.54921603
v 2.23547053 -11.13924026 -2.54906583
v 2.23496270 -10.73417759 -2.54848671
v 2.23407865 -10.32911396 -2.54747844
v 2.37439942 -11.94936752 -2.37439942
v 2.37517977 -11.54430389 -2.37517977
v 2.50065684 -11.94936752 -2.19301724
v 2.50170851 -11.54430389 -2.19393945
v 2.37561059 -11.13924026 -2.37561059
v 2.50244474 -11.13924026 -2.19458508
v 2.37569022 -10.73417759 -2.37569022
v 2.50286317 -10.73417759 -2.19495201
v 2.37541676 -10.32911396 -2.37541676
v 2.50296164 -10.32911396 -2.19503832
v 2.61579227 -11.94936752 -2.00716805
v 2.61682463 -11.54430389 -2.00796008
v 2.61757898 -11.13924026 -2.00853896
v 2.72142053 -11.94936752 -1.81839502
v 2.72215462 -11.54430389 -1.81888556
v 2.72264719 -11.13924026 -1.81921458
v 2.61805344 -10.73417759 -2.00890303
v 2.61824560 -10.32911396 -2.00905061
v 2.72289681 -10.73417759 -1.81938148
v 2.72290230 -10.32911396 -1.81938517
v 2.23281789 -9.92405033 -2.54604101
v 2.23118138 -9.51898766 -2.54417491
v 2.22917008 -9.11392403 -2.54188132
v 2.22678518 -8.70886040 -2.53916168
v 2.22402835 -8.30379772 -2.53601813
v 2.37478924 -9.92405033 -2.37478924
v 2.37380648 -9.51898766 -2.37380648
v 2.50273800 -9.92405033 -2.19484210
v 2.50219035 -9.51898766 -2.19436216
v 2.37246799 -9.11392403 -2.37246799
v 2.50131750 -9.11392403 -2.19359660
v 2.37077332 -8.70886040 -2.37077332
v 2.50011802 -8.70886040 -2.19254446
v 2.36872315 -8.30379772 -2.36872315
v 2.49859071 -8.30379772 -2.19120526
v 2.61815381 -9.92405033 -2.00898004
v 2.61777544 -9.51898766 -2.00868988
v 2.61710930 -9.11392403 -2.00817847
v 2.72266221 -9.92405033 -1.81922472
v 2.72217512 -9.51898766 -1.81889927
v 2.72143936 -9.11392403 -1.81840765
v 2.61615300 -8.70886040 -2.00744486
v 2.61490583 -8.30379772 -2.00648785
v 2.72045374 -8.70886040 -1.81774902
v 2.71921659 -8.30379772 -1.81692255
v 2.80493402 -16.00000000 -1.61942947
v 2.80732679 -15.59493637 -1.62081087
v 2.80948877 -15.18987370 -1.62205911
v 2.90246415 -16.00000000 -1.43133688
v 2.90408659 -15.59493637 -1.43213701
v 2.90547371 -15.18987370 -1.43282104
v 2.81142378 -14.78481007 -1.62317622
v 2.81313491 -14.37974644 -1.62416410
v 2.90663195 -14.78481007 -1.43339229
v 2.90756750 -14.37974644 -1.43385351
v 2.99272442 -16.00000000 -1.23962712
v 2.99362683 -15.59493637 -1.24000084
v 2.99427605 -15.18987370 -1.24026978
v 3.07426381 -16.00000000 -1.04357195
v 3.07458234 -15.59493637 -1.04368007
v 3.07461810 -15.18987370 -1.04369223
v 2.99468136 -14.78481007 -1.24043763
v 2.99485183 -14.37974644 -1.24050832
v 3.07438326 -14.78481007 -1.04361248
v 3.07388902 -14.37974644 -1.04344475
v 2.81462479 -13.97468376 -1.62502444
v 2.81589627 -13.56962013 -1.62575841
v 2.81695104 -13.16455650 -1.62636745
v 2.90828562 -13.97468376 -1.43420768
v 2.90879154 -13.56962013 -1.43445718
v 2.90908980 -13.16455650 -1.43460441
v 2.81779099 -12.75949383 -1.62685227
v 2.81841731 -12.35443020 -1.62721395
v 2.90918517 -12.75949383 -1.43465137
v 2.90908098 -12.35443020 -1.43460000
v 2.99479580 -13.97468376 -1.24048495
v 2.99452090 -13.56962013 -1.24037111
v 2.99403477 -13.16455650 -1.24016976
v 3.07314658 -13.97468376 -1.04319274
v 3.07216644 -13.56962013 -1.04286003
v 3.07095885 -13.16455650 -1.04245007
v 2.99334455 -12.75949383 -1.23988390
v 2.99245667 -12.35443020 -1.23951614
v 3.06953335 -12.75949383 -1.04196608
v 3.06789923 -12.35443020 -1.04141140
v 3.14519596 -16.00000000 -0.84275270
v 3.14513302 -15.59493637 -0.84273583
v 3.14474869 -15.18987370 -0.84263289
v 3.20343685 -16.00000000 -0.63720322
v 3.20323491 -15.59493637 -0.63716304
v 3.20266724 -15.18987370 -0.63705015
v 3.14405727 -14.78481007 -0.84244764
v 3.14307213 -14.37974644 -0.84218365
v 3.20174980 -14.78481007 -0.63686764
v 3.20049763 -14.37974644 -0.63661855
v 3.24695563 -16.00000000 -0.42746982
v 3.24686861 -15.59493637 -0.42745835
v 3.24637008 -15.18987370 -0.42739272
v 3.27400279 -16.00000000 -0.21458948
v 3.27426958 -15.59493637 -0.21460697
v 3.27408123 -15.18987370 -0.21459463
v 3.24547648 -14.78481007 -0.42727509
v 3.24420404 -14.37974644 -0.42710757
v 3.27345443 -14.78481007 -0.21455353
v 3.27240515 -14.37974644 -0.21448477
v 3.14180684 -13.97468376 -0.84184462
v 3.14027405 -13.56962013 -0.84143388
v 3.13848639 -13.16455650 -0.84095490
v 3.19892573 -13.97468376 -0.63630587
v 3.19704866 -13.56962013 -0.63593256
v 3.19488144 -13.16455650 -0.63550144
v 3.13645601 -12.75949383 -0.84041089
v 3.13419485 -12.35443020 -0.83980495
v 3.19243789 -12.75949383 -0.63501537
v 3.18973160 -12.35443020 -0.63447708
v 3.24256873 -13.97468376 -0.42689228
v 3.24058676 -13.56962013 -0.42663133
v 3.23827362 -13.16455650 -0.42632681
v 3.27095008 -13.97468376 -0.21438940
v 3.26910567 -13.56962013 -0.21426851
v 3.26688838 -13.16455650 -0.21412317
v 3.23564506 -12.75949383 -0.42598075
v 3.23271608 -12.35443020 -0.42559516
v 3.26431441 -12.75949383 -0.21395446
v 3.26139998 -12.35443020 -0.21376345
v 2.81883121 -11.94936752 -1.62745297
v 2.81903338 -11.54430389 -1.62756968
v 2.81902456 -11.13924026 -1.62756467
v 2.90878105 -11.94936752 -1.43445206
v 2.90828824 -11.54430389 -1.43420911
v 2.90760565 -11.13924026 -1.43387246
v 2.81880498 -10.73417759 -1.62743783
v 2.81837463 -10.32911396 -1.62718940
v 2.90673542 -10.73417759 -1.43344331
v 2.90567970 -10.32911396 -1.43292272
v 2.99137735 -11.94936752 -1.23906898
v 2.99011207 -11.54430389 -1.23854506
v 2.98866677 -11.13924026 -1.23794627
v 3.06183219 -11.13924026 -1.03935194
v 3.06606555 -11.94936752 -1.04078901
v 3.06404042 -11.54430389 -1.04010153
v 2.98704576 -10.73417759 -1.23727477
v 2.98525357 -10.32911396 -1.23653257
v 3.05944800 -10.73417759 -1.03854263
v 3.05689526 -10.32911396 -1.03767610
v 2.81773376 -9.92405033 -1.62681925
v 2.81688166 -9.51898766 -1.62632740
v 2.81581807 -9.11392403 -1.62571335
v 2.90444064 -9.92405033 -1.43231153
v 2.90301943 -9.51898766 -1.43161070
v 2.90141749 -9.11392403 -1.43082082
v 2.81454277 -8.70886040 -1.62497711
v 2.81305528 -8.30379772 -1.62411821
v 2.89963627 -8.70886040 -1.42994225
v 2.89767599 -8.30379772 -1.42897570
v 2.98329496 -9.92405033 -1.23572123
v 2.98117328 -9.51898766 -1.23484242
v 2.97889209 -9.11392403 -1.23389745
v 3.05418086 -9.92405033 -1.03675473
v 3.05131054 -9.51898766 -1.03578031
v 3.04829073 -9.11392403 -1.03475523
v 2.97645450 -8.70886040 -1.23288786
v 2.97386360 -8.30379772 -1.23181462
v 3.04512668 -8.70886040 -1.03368127
v 3.04182363 -8.30379772 -1.03255999
v 3.13171411 -11.94936752 -0.83914024
v 3.12902451 -11.54430389 -0.83841962
v 3.12613702 -11.13924026 -0.83764589
v 3.18677664 -11.94936752 -0.63388926
v 3.18358564 -11.54430389 -0.63325453
v 3.18017149 -11.13924026 -0.63257545
v 3.12306142 -10.73417759 -0.83682179
v 3.11980772 -10.32911396 -0.83594996
v 3.17654681 -10.73417759 -0.63185441
v 3.17272329 -10.32911396 -0.63109392
v 3.22950244 -11.94936752 -0.42517206
v 3.22601843 -11.54430389 -0.42471337
v 3.22227859 -11.13924026 -0.42422104
v 3.25816107 -11.94936752 -0.21355116
v 3.25461411 -11.54430389 -0.21331868
v 3.25077438 -11.13924026 -0.21306701
v 3.21829772 -10.73417759 -0.42369694
v 3.21408939 -10.32911396 -0.42314288
v 3.24665761 -10.73417759 -0.21279718
v 3.24227929 -10.32911396 -0.21251021
v 3.11638474 -9.92405033 -0.83503282
v 3.11280179 -9.51898766 -0.83407271
v 3.10906696 -9.11392403 -0.83307201
v 3.16871285 -9.92405033 -0.63029617
v 3.16452670 -9.51898766 -0.62946349
v 3.16017532 -9.11392403 -0.62859797
v 3.10518837 -8.70886040 -0.83203274
v 3.10117388 -8.30379772 -0.83095700
v 3.15566945 -8.70886040 -0.62770170
v 3.15101910 -8.30379772 -0.62677670
v 3.20966697 -9.92405033 -0.42256069
v 3.20504427 -9.51898766 -0.42195210
v 3.20023394 -9.11392403 -0.42131880
v 3.23765445 -9.92405033 -0.21220708
v 3.23279786 -9.51898766 -0.21188878
v 3.22772431 -9.11392403 -0.21155624
v 3.19524884 -8.70886040 -0.42066246
v 3.19010067 -8.30379772 -0.41998473
v 3.22244811 -8.70886040 -0.21121041
v 3.21698308 -8.30379772 -0.21085222
v 0.83784646 -7.89873409 -3.12688541
v 0.83287621 -7.49367094 -3.10833621
v 0.82781231 -7.08860779 -3.08943748
v 1.05841136 -7.89873409 -3.11797953
v 1.05273592 -7.49367094 -3.10125995
v 1.04691398 -7.08860779 -3.08410931
v 1.26461494 -7.08860779 -3.05305052
v 0.82266331 -6.68354416 -3.07022119
v 0.81743765 -6.27848101 -3.05071902
v 1.04095542 -6.68354416 -3.06655574
v 1.25820076 -6.68354416 -3.03756547
v 1.03486979 -6.27848101 -3.04862809
v 1.25160456 -6.27848101 -3.02164078
v 1.27685583 -7.89873409 -3.08260250
v 1.48939228 -7.89873409 -3.02018881
v 1.27083659 -7.49367094 -3.06807113
v 1.48339486 -7.49367094 -3.00802732
v 1.47714078 -7.08860779 -2.99534512
v 1.69252467 -7.89873409 -2.93153882
v 1.68687594 -7.49367094 -2.92175484
v 1.68092382 -7.08860779 -2.91144562
v 1.47064006 -6.68354416 -2.98216295
v 1.46390295 -6.27848101 -2.96850157
v 1.67467761 -6.68354416 -2.90062666
v 1.66814637 -6.27848101 -2.88931441
v 0.81214404 -5.87341785 -3.03096271
v 0.80679095 -5.46835423 -3.01098466
v 1.02866721 -5.87341785 -3.03035569
v 1.24483705 -5.87341785 -3.00530243
v 1.02235758 -5.46835423 -3.01176834
v 0.80138701 -5.06329107 -2.99081707
v 1.01595104 -5.06329107 -2.99289536
v 1.23790884 -5.46835423 -2.98857641
v 1.23083103 -5.06329107 -2.97148895
v 0.79594094 -4.65822792 -2.97049212
v 1.00945795 -4.65822792 -2.97376704
v 0.79046130 -4.25316477 -2.95004177
v 1.00288832 -4.25316477 -2.95441365
v 1.22361469 -4.65822792 -2.95406723
v 1.21627128 -4.25316477 -2.93633866
v 1.45693994 -5.87341785 -2.95438194
v 1.44976187 -5.46835423 -2.93982625
v 1.44238007 -5.06329107 -2.92485738
v 1.66134024 -5.87341785 -2.87752581
v 1.64694417 -5.06329107 -2.85259104
v 1.65426934 -5.46835423 -2.86527848
v 1.43480575 -4.65822792 -2.90949821
v 1.42705059 -4.25316477 -2.89377236
v 1.63937569 -4.65822792 -2.83948207
v 1.63157535 -4.25316477 -2.82597136
v 1.88336480 -7.89873409 -2.81865454
v 1.87831771 -7.49367094 -2.81110096
v 1.87293231 -7.08860779 -2.80304122
v 2.05985951 -7.89873409 -2.68446112
v 2.05556798 -7.49367094 -2.67886853
v 2.05091786 -7.08860779 -2.67280817
v 1.86721611 -6.68354416 -2.79448628
v 1.86117721 -6.27848101 -2.78544855
v 2.04591465 -6.68354416 -2.66628766
v 2.04056454 -6.27848101 -2.65931559
v 1.85482419 -5.87341785 -2.77594066
v 2.03487468 -5.87341785 -2.65190029
v 1.84816587 -5.46835423 -2.76597571
v 1.84121180 -5.06329107 -2.75556827
v 2.02885199 -5.46835423 -2.64405155
v 2.02250457 -5.06329107 -2.63577938
v 1.83397162 -4.65822792 -2.74473262
v 2.01584029 -4.65822792 -2.62709427
v 1.82645583 -4.25316477 -2.73348427
v 2.00886822 -4.25316477 -2.61800790
v 2.22090220 -7.89873409 -2.53245354
v 2.21740937 -7.49367094 -2.52847075
v 2.21355319 -7.08860779 -2.52407384
v 2.20933771 -6.68354416 -2.51926684
v 2.20476699 -6.27848101 -2.51405478
v 2.36631799 -7.89873409 -2.36631799
v 2.49673533 -7.89873409 -2.18957829
v 2.36355853 -7.49367094 -2.36355853
v 2.36044693 -7.08860779 -2.36044693
v 2.49455166 -7.49367094 -2.18766308
v 2.49203920 -7.08860779 -2.18545985
v 2.35698462 -6.68354416 -2.35698462
v 2.48919916 -6.68354416 -2.18296909
v 2.35317421 -6.27848101 -2.35317421
v 2.61336565 -7.89873409 -2.00530601
v 2.61153221 -7.49367094 -2.00389910
v 2.60940409 -7.08860779 -2.00226617
v 2.71772695 -7.89873409 -1.81592715
v 2.71598363 -7.49367094 -1.81476212
v 2.71398520 -7.08860779 -1.81342685
v 2.48603177 -6.27848101 -2.18019152
v 2.60698104 -6.68354416 -2.00040698
v 2.60426259 -6.27848101 -1.99832106
v 2.71173096 -6.68354416 -1.81192064
v 2.70922017 -6.27848101 -1.81024301
v 2.19984579 -5.87341785 -2.50844336
v 2.19457984 -5.46835423 -2.50243855
v 2.18897462 -5.06329107 -2.49604702
v 2.18303657 -4.65822792 -2.48927593
v 2.17677259 -4.25316477 -2.48213339
v 2.34901881 -5.87341785 -2.34901881
v 2.34452152 -5.46835423 -2.34452152
v 2.33968663 -5.06329107 -2.33968663
v 2.33451819 -4.65822792 -2.33451819
v 2.32902122 -4.25316477 -2.32902122
v 2.48253870 -5.87341785 -2.17712808
v 2.47872162 -5.46835423 -2.17378068
v 2.47458267 -5.06329107 -2.17015076
v 2.60124922 -5.87341785 -1.99600875
v 2.59794116 -5.46835423 -1.99347031
v 2.59433889 -5.06329107 -1.99070621
v 2.70645237 -5.87341785 -1.80839360
v 2.70342708 -5.46835423 -1.80637228
v 2.70014453 -5.06329107 -1.80417883
v 2.47012424 -4.65822792 -2.16624069
v 2.46534944 -4.25316477 -2.16205359
v 2.59044409 -4.65822792 -1.98771763
v 2.58625770 -4.25316477 -1.98450541
v 2.69660473 -4.65822792 -1.80181360
v 2.69280815 -4.25316477 -1.79927695
v 0.78495663 -3.84810138 -2.92949820
v 0.99625260 -3.84810138 -2.93486547
v 0.77943563 -3.44303799 -2.90889335
v 0.98956108 -3.44303799 -2.91515279
v 0.77390671 -3.03797460 -2.88825917
v 0.98282409 -3.03797460 -2.89530635
v 1.20881200 -3.84810138 -2.91833043
v 1.20124853 -3.44303799 -2.90007067
v 1.19359255 -3.03797460 -2.88158727
v 0.76837838 -2.63291144 -2.86762714
v 0.97605199 -2.63291144 -2.87535644
v 0.76285899 -2.22784805 -2.84702849
v 0.96925515 -2.22784805 -2.85533357
v 1.18585563 -2.63291144 -2.86290860
v 1.17804956 -2.22784805 -2.84406328
v 1.41912651 -3.84810138 -2.87770391
v 1.41104555 -3.44303799 -2.86131740
v 1.40281999 -3.03797460 -2.84463739
v 1.62355447 -3.84810138 -2.81207871
v 1.61532509 -3.44303799 -2.79782510
v 1.60689938 -3.03797460 -2.78323150
v 1.39446223 -2.63291144 -2.82768965
v 1.38598478 -2.22784805 -2.81049919
v 1.59828985 -2.63291144 -2.76831913
v 1.58950901 -2.22784805 -2.75311041
v 0.75735688 -1.82278478 -2.82649446
v 0.96244383 -1.82278478 -2.83526802
v 0.95562828 -1.41772151 -2.81519008
v 0.94881868 -1.01265824 -2.79512978
v 1.17018628 -1.82278478 -2.82507944
v 1.16227746 -1.41772151 -2.80598617
v 1.15433514 -1.01265824 -2.78681159
v 0.94202518 -0.60759491 -2.77511668
v 0.93525785 -0.20253165 -2.75518084
v 1.14637101 -0.60759491 -2.76758456
v 1.13839710 -0.20253165 -2.74833369
v 1.37740052 -1.82278478 -2.79309201
v 1.36872232 -1.41772151 -2.77549410
v 1.35996282 -1.01265824 -2.75773191
v 1.58057010 -1.82278478 -2.73762774
v 1.77619314 -1.82278478 -2.65826082
v 1.57148600 -1.41772151 -2.72189355
v 1.56227005 -1.01265824 -2.70593119
v 1.76706624 -1.41772151 -2.64460158
v 1.75775886 -1.01265824 -2.63067198
v 1.35113537 -0.60759491 -2.73983145
v 1.34225285 -0.20253165 -2.72181940
v 1.55293596 -0.60759491 -2.68976402
v 1.74828434 -0.60759491 -2.61649227
v 1.54349720 -0.20253165 -2.67341566
v 1.73865616 -0.20253165 -2.60208297
v 1.81867480 -3.84810138 -2.72183919
v 2.00159717 -3.84810138 -2.60853219
v 1.81063986 -3.44303799 -2.70981407
v 1.80236220 -3.03797460 -2.69742560
v 1.99403715 -3.44303799 -2.59867978
v 1.79385376 -2.63291144 -2.68469191
v 1.78512657 -2.22784805 -2.67163062
v 1.98619795 -3.03797460 -2.58846354
v 2.17018986 -3.84810138 -2.47462726
v 2.16329670 -3.44303799 -2.46676707
v 2.15610099 -3.03797460 -2.45856214
v 1.97809029 -2.63291144 -2.57789755
v 1.96972501 -2.22784805 -2.56699562
v 2.14861178 -2.63291144 -2.45002222
v 2.14083838 -2.22784805 -2.44115829
v 2.32320094 -3.84810138 -2.32320094
v 2.31706381 -3.44303799 -2.31706381
v 2.31061554 -3.03797460 -2.31061554
v 2.30386329 -2.63291144 -2.30386329
v 2.29681468 -2.22784805 -2.29681468
v 2.46026206 -3.84810138 -2.15759182
v 2.45486569 -3.44303799 -2.15285945
v 2.44916511 -3.03797460 -2.14786005
v 2.58178210 -3.84810138 -1.98107111
v 2.57701969 -3.44303799 -1.97741675
v 2.68875575 -3.84810138 -1.79656911
v 2.57197285 -3.03797460 -1.97354424
v 2.68444848 -3.44303799 -1.79369116
v 2.67988801 -3.03797460 -1.79064405
v 2.44316506 -2.63291144 -2.14259839
v 2.43687129 -2.22784805 -2.13707876
v 2.56664515 -2.63291144 -1.96945608
v 2.67507625 -2.63291144 -1.78742874
v 2.56103992 -2.22784805 -1.96515501
v 2.67001486 -2.22784805 -1.78404701
v 1.96111357 -1.82278478 -2.55577302
v 1.95226753 -1.41772151 -2.54424453
v 1.94319916 -1.01265824 -2.53242660
v 2.13279057 -1.82278478 -2.43198156
v 2.12447834 -1.41772151 -2.42250323
v 2.11591268 -1.01265824 -2.41273594
v 2.28947735 -1.82278478 -2.28947735
v 2.28185987 -1.41772151 -2.28185987
v 2.27397060 -1.01265824 -2.27397060
v 1.93392086 -0.60759491 -2.52033472
v 1.92444551 -0.20253165 -2.50798631
v 2.10710430 -0.60759491 -2.40269208
v 2.09806514 -0.20253165 -2.39238477
v 2.26581955 -0.60759491 -2.26581955
v 2.25741601 -0.20253165 -2.25741601
v 2.43028927 -1.82278478 -2.13130665
v 2.41628766 -1.01265824 -2.11902738
v 2.42342591 -1.41772151 -2.12528753
v 2.54901409 -1.41772151 -1.95592725
v 2.54260302 -1.01265824 -1.95100796
v 2.55516124 -1.82278478 -1.96064425
v 2.66470695 -1.82278478 -1.78050029
v 2.65915537 -1.41772151 -1.77679086
v 2.65336323 -1.01265824 -1.77292073
v 2.40888214 -0.60759491 -2.11253309
v 2.40121722 -0.20253165 -2.10581088
v 2.53593373 -0.60759491 -1.94589043
v 2.52901220 -0.20253165 -1.94057918
v 2.80496812 -6.68354416 -1.61944902
v 2.80240917 -6.27848101 -1.61797166
v 2.79963422 -5.87341785 -1.61636961
v 2.79664326 -5.46835423 -1.61464274
v 2.79343557 -5.06329107 -1.61279082
v 2.79001117 -4.65822792 -1.61081374
v 2.78637052 -4.25316477 -1.60871172
v 2.78251314 -3.84810138 -1.60648477
v 2.77844024 -3.44303799 -1.60413325
v 2.77415204 -3.03797460 -1.60165751
v 2.76964974 -2.63291144 -1.59905803
v 2.76493454 -2.22784805 -1.59633577
v 2.76000810 -1.82278478 -1.59349132
v 2.75487185 -1.41772151 -1.59052598
v 2.74952817 -1.01265824 -1.58744085
v 2.64733481 -0.60759491 -1.76889253
v 2.74397969 -0.60759491 -1.58423746
v 2.64107370 -0.20253165 -1.76470912
v 2.73822904 -0.20253165 -1.58091736
v 2.81135440 -7.89873409 -1.62313628
v 2.80944014 -7.49367094 -1.62203097
v 2.80731153 -7.08860779 -1.62080204
v 2.89553809 -7.89873409 -1.42792141
v 2.89322281 -7.49367094 -1.42677963
v 2.89073062 -7.08860779 -1.42555058
v 2.88806176 -6.68354416 -1.42423451
v 2.88521671 -6.27848101 -1.42283142
v 2.97112155 -7.89873409 -1.23067892
v 2.96823120 -7.49367094 -1.22948170
v 2.96519446 -7.08860779 -1.22822380
v 3.03838658 -7.89873409 -1.03139329
v 3.03481984 -7.49367094 -1.03018248
v 3.03112745 -7.08860779 -1.02892911
v 2.96201324 -6.68354416 -1.22690606
v 2.95868897 -6.27848101 -1.22552907
v 3.02731347 -6.68354416 -1.02763450
v 3.02338147 -6.27848101 -1.02629972
v 2.88219571 -5.87341785 -1.42134166
v 2.87899876 -5.46835423 -1.41976511
v 2.87562633 -5.06329107 -1.41810191
v 2.87207842 -4.65822792 -1.41635227
v 2.86835527 -4.25316477 -1.41451633
v 2.95522356 -5.87341785 -1.22409368
v 2.95161819 -5.46835423 -1.22260022
v 2.94787407 -5.06329107 -1.22104943
v 3.01933479 -5.87341785 -1.02492607
v 3.01517630 -5.46835423 -1.02351439
v 3.01090884 -5.06329107 -1.02206588
v 2.94399261 -4.65822792 -1.21944165
v 2.93997455 -4.25316477 -1.21777737
v 3.00653529 -4.65822792 -1.02058125
v 3.00205827 -4.25316477 -1.01906145
v 3.09703016 -7.89873409 -0.82984674
v 3.09276462 -7.49367094 -0.82870382
v 3.08838344 -7.08860779 -0.82752985
v 3.14623404 -7.89873409 -0.62582487
v 3.14132309 -7.49367094 -0.62484801
v 3.13629532 -7.08860779 -0.62384790
v 3.08389282 -6.68354416 -0.82632661
v 3.07929850 -6.27848101 -0.82509553
v 3.13115907 -6.68354416 -0.62282628
v 3.12592244 -6.27848101 -0.62178463
v 3.18480158 -7.89873409 -0.41928709
v 3.17936277 -7.49367094 -0.41857105
v 3.17379570 -7.08860779 -0.41783813
v 3.21134305 -7.89873409 -0.21048255
v 3.20554137 -7.49367094 -0.21010228
v 3.19959092 -7.08860779 -0.20971227
v 3.16811085 -6.68354416 -0.41708970
v 3.16231823 -6.27848101 -0.41632712
v 3.19350457 -6.68354416 -0.20931335
v 3.18729448 -6.27848101 -0.20890631
v 3.07460594 -5.87341785 -0.82383817
v 3.06982017 -5.46835423 -0.82255578
v 3.06494570 -5.06329107 -0.82124972
v 3.12059307 -5.87341785 -0.62072456
v 3.11517835 -5.46835423 -0.61964750
v 3.10968518 -5.06329107 -0.61855483
v 3.05998755 -4.65822792 -0.81992120
v 3.05494976 -4.25316477 -0.81857133
v 3.10412025 -4.65822792 -0.61744791
v 3.09848976 -4.25316477 -0.61632794
v 3.15642834 -5.87341785 -0.41555166
v 3.15044999 -5.46835423 -0.41476461
v 3.14439297 -5.06329107 -0.41396719
v 3.18097258 -5.87341785 -0.20849195
v 3.17455029 -5.46835423 -0.20807102
v 3.16803932 -5.06329107 -0.20764427
v 3.13826561 -4.65822792 -0.41316050
v 3.13207650 -4.25316477 -0.41234571
v 3.16145015 -4.65822792 -0.20721239
v 3.15479326 -4.25316477 -0.20677608
v 2.86445761 -3.84810138 -1.41259408
v 2.86038542 -3.44303799 -1.41058600
v 2.85613942 -3.03797460 -1.40849209
v 2.85172033 -2.63291144 -1.40631282
v 2.84712911 -2.22784805 -1.40404868
v 2.93582129 -3.84810138 -1.21605706
v 2.93153381 -3.44303799 -1.21428108
v 2.92711306 -3.03797460 -1.21244991
v 2.99747944 -3.84810138 -1.01750720
v 2.99280143 -3.44303799 -1.01591921
v 2.98802638 -3.03797460 -1.01429832
v 2.92255998 -2.63291144 -1.21056390
v 2.91787553 -2.22784805 -1.20862365
v 2.98315597 -2.63291144 -1.01264501
v 2.97819209 -2.22784805 -1.01095998
v 2.84236670 -1.82278478 -1.40170014
v 2.83743429 -1.41772151 -1.39926779
v 2.83233356 -1.01265824 -1.39675236
v 2.82706594 -0.60759491 -1.39415455
v 2.82163334 -0.20253165 -1.39147556
v 2.91306138 -1.82278478 -1.20662951
v 2.90811825 -1.41772151 -1.20458210
v 2.90304780 -1.01265824 -1.20248175
v 2.97313666 -1.82278478 -1.00924385
v 2.96799135 -1.41772151 -1.00749731
v 2.96275830 -1.01265824 -1.00572085
v 2.89785123 -0.60759491 -1.20032930
v 2.89253044 -0.20253165 -1.19812536
v 2.95743895 -0.60759491 -1.00391519
v 2.95203519 -0.20253165 -1.00208092
v 3.04983640 -3.84810138 -0.81720120
v 3.04465079 -3.44303799 -0.81581175
v 3.03939700 -3.03797460 -0.81440401
v 3.09279943 -3.84810138 -0.61519605
v 3.08705544 -3.44303799 -0.61405349
v 3.08126259 -3.03797460 -0.61290127
v 3.03407812 -2.63291144 -0.81297880
v 3.02869725 -2.22784805 -0.81153703
v 3.07542634 -2.63291144 -0.61174035
v 3.06955147 -2.22784805 -0.61057174
v 3.12583375 -3.84810138 -0.41152382
v 3.11954498 -3.44303799 -0.41069588
v 3.11321759 -3.03797460 -0.40986288
v 3.14807892 -3.84810138 -0.20633599
v 3.14131689 -3.44303799 -0.20589279
v 3.13451624 -3.03797460 -0.20544705
v 3.10685849 -2.63291144 -0.40902567
v 3.10047436 -2.22784805 -0.40818518
v 3.12768626 -2.63291144 -0.20499940
v 3.12083578 -2.22784805 -0.20455039
v 3.02325773 -1.82278478 -0.81007946
v 3.01776218 -1.41772151 -0.80860692
v 3.01221323 -1.01265824 -0.80712008
v 3.05770350 -1.41772151 -0.60821503
v 3.05173898 -1.01265824 -0.60702860
v 3.06364226 -1.82278478 -0.60939634
v 3.00661373 -0.60759491 -0.80561972
v 3.00096655 -0.20253165 -0.80410653
v 3.04575300 -0.60759491 -0.60583794
v 3.03974891 -0.20253165 -0.60464364
v 3.09407187 -1.82278478 -0.40734228
v 3.08765674 -1.41772151 -0.40649772
v 3.08123517 -1.01265824 -0.40565231
v 3.11397266 -1.82278478 -0.20410055
v 3.10710526 -1.41772151 -0.20365044
v 3.10024118 -1.01265824 -0.20320055
v 3.07481265 -0.60759491 -0.40480676
v 3.06839442 -0.20253165 -0.40396181
v 3.09338784 -0.60759491 -0.20275135
v 3.08655238 -0.20253165 -0.20230332
v -3.14901733 -16.00000000 -0.00000000
v -3.15898681 -15.59493637 -0.00000000
v -3.16868877 -15.18987370 -0.00000000
v -3.17198920 -16.00000000 0.20790315
v -3.18283367 -15.59493637 0.20861395
v -3.19336987 -15.18987370 0.20930451
v -3.17811561 -14.78481007 -0.00000000
v -3.18725920 -14.37974644 -0.00000000
v -3.20358777 -14.78481007 0.20997423
v -3.21347785 -14.37974644 0.21062247
v -3.18890595 -16.00000000 0.41982743
v -3.20051384 -15.59493637 0.42135566
v -3.21175909 -15.18987370 0.42283610
v -3.19945383 -16.00000000 0.63641095
v -3.21158934 -15.59493637 0.63882482
v -3.22329473 -15.18987370 0.64115322
v -3.22262979 -14.78481007 0.42426726
v -3.23311543 -14.37974644 0.42564774
v -3.23455787 -14.78481007 0.64339358
v -3.24536610 -14.37974644 0.64554346
v -3.19611216 -13.97468376 -0.00000000
v -3.20466614 -13.56962013 -0.00000000
v -3.21291351 -13.16455650 -0.00000000
v -3.22303081 -13.97468376 0.21124861
v -3.23223710 -13.56962013 0.21185201
v -3.24108720 -13.16455650 0.21243207
v -3.22084618 -12.75949383 -0.00000000
v -3.22845626 -12.35443020 -0.00000000
v -3.24957180 -12.75949383 0.21298818
v -3.25768185 -12.35443020 0.21351974
v -3.24320483 -13.97468376 0.42697603
v -3.25288701 -13.56962013 0.42825070
v -3.26215172 -13.16455650 0.42947042
v -3.25570774 -13.97468376 0.64760053
v -3.26557112 -13.56962013 0.64956248
v -3.27494526 -13.16455650 0.65142709
v -3.27098823 -12.75949383 0.43063375
v -3.27938676 -12.35443020 0.43173945
v -3.28381896 -12.75949383 0.65319222
v -3.29218221 -12.35443020 0.65485579
v -3.20225883 -16.00000000 0.85804266
v -3.21456671 -15.59493637 0.86134052
v -3.22636724 -15.18987370 0.86450255
v -3.19496512 -16.00000000 1.08454454
v -3.20699334 -15.59493637 1.08862746
v -3.23764777 -14.78481007 0.86752510
v -3.24839544 -14.37974644 0.87040496
v -3.21843171 -15.18987370 1.09251034
v -3.17446494 -16.00000000 1.31490648
v -3.18570185 -15.59493637 1.31956089
v -3.19626689 -15.18987370 1.32393706
v -3.22926760 -14.78481007 1.09618855
v -3.23948884 -14.37974644 1.09965825
v -3.20614862 -14.78481007 1.32803023
v -3.21533656 -14.37974644 1.33183599
v -3.25859833 -13.97468376 0.87313879
v -3.26824474 -13.56962013 0.87572354
v -3.27732348 -13.16455650 0.87815619
v -3.28582406 -12.75949383 0.88043392
v -3.29373693 -12.35443020 0.88255417
v -3.24908423 -13.97468376 1.10291541
v -3.25804281 -13.56962013 1.10595644
v -3.26635456 -13.16455650 1.10877800
v -3.22382092 -13.97468376 1.33535039
v -3.23159289 -13.56962013 1.33856964
v -3.23864460 -13.16455650 1.34149051
v -3.27401066 -12.75949383 1.11137688
v -3.28100228 -12.35443020 1.11375022
v -3.24496889 -12.75949383 1.34411013
v -3.25055981 -12.35443020 1.34642601
v -3.23573589 -11.94936752 -0.00000000
v -3.24267769 -11.54430389 -0.00000000
v -3.24927402 -11.13924026 -0.00000000
v -3.26540828 -11.94936752 0.21402617
v -3.27274251 -11.54430389 0.21450688
v -3.27967596 -11.13924026 0.21496132
v -3.25551748 -10.73417759 -0.00000000
v -3.26140118 -10.32911396 -0.00000000
v -3.28620100 -10.73417759 0.21538898
v -3.29230928 -10.32911396 0.21578935
v -3.28733754 -11.94936752 0.43278620
v -3.29483128 -11.54430389 0.43377277
v -3.30185914 -11.13924026 0.43469799
v -3.30002522 -11.94936752 0.65641582
v -3.30733848 -11.54430389 0.65787053
v -3.31411314 -11.13924026 0.65921813
v -3.30841231 -10.73417759 0.43556076
v -3.31448340 -10.32911396 0.43636003
v -3.32034159 -10.73417759 0.66045702
v -3.32601571 -10.32911396 0.66158569
v -3.26691818 -9.92405033 -0.00000000
v -3.27206230 -9.51898766 -0.00000000
v -3.27682686 -9.11392403 -0.00000000
v -3.29799390 -9.92405033 0.21616194
v -3.30324745 -9.51898766 0.21650627
v -3.30806375 -9.11392403 0.21682195
v -3.28120637 -8.70886040 -0.00000000
v -3.28519535 -8.30379772 -0.00000000
v -3.31243658 -8.70886040 0.21710856
v -3.31636047 -8.30379772 0.21736576
v -3.32006454 -9.92405033 0.43709481
v -3.32514906 -9.51898766 0.43776420
v -3.32973051 -9.11392403 0.43836734
v -3.33112907 -9.92405033 0.66260278
v -3.33567548 -9.51898766 0.66350710
v -3.33964944 -9.11392403 0.66429758
v -3.33380318 -8.70886040 0.43890351
v -3.33736181 -8.30379772 0.43937200
v -3.34304619 -8.70886040 0.66497320
v -3.34586167 -8.30379772 0.66553330
v -3.30105257 -11.94936752 0.88451439
v -3.30776286 -11.54430389 0.88631237
v -3.31385994 -11.13924026 0.88794607
v -3.31933641 -10.73417759 0.88941354
v -3.32418656 -10.32911396 0.89071316
v -3.28732181 -11.94936752 1.11589539
v -3.29296279 -11.54430389 1.11781025
v -3.29791880 -11.13924026 1.11949265
v -3.25541210 -11.94936752 1.34843576
v -3.25952148 -11.54430389 1.35013807
v -3.26288509 -11.13924026 1.35153127
v -3.30218554 -10.73417759 1.12094092
v -3.30575871 -10.32911396 1.12215388
v -3.26550078 -10.73417759 1.35261476
v -3.26736760 -10.32911396 1.35338795
v -3.32840490 -9.92405033 0.89184344
v -3.33198667 -9.51898766 0.89280313
v -3.33492851 -9.11392403 0.89359134
v -3.33722711 -8.70886040 0.89420730
v -3.33888078 -8.30379772 0.89465040
v -3.30863500 -9.92405033 1.12313020
v -3.31081247 -9.51898766 1.12386930
v -3.31228971 -9.11392403 1.12437093
v -3.26848531 -9.92405033 1.35385096
v -3.26885509 -9.51898766 1.35400414
v -3.26847935 -9.11392403 1.35384846
v -3.31306696 -8.70886040 1.12463474
v -3.31314492 -8.30379772 1.12466109
v -3.26736069 -8.70886040 1.35338509
v -3.26550388 -8.30379772 1.35261595
v -0.00000000 -16.00000000 0.00000000
v -3.13725042 -16.00000000 1.54712069
v -3.14717269 -15.59493637 1.55201387
v -3.15634847 -15.18987370 1.55653882
v -3.09528732 -15.18987370 1.78706491
v -3.07984138 -16.00000000 1.77814722
v -3.08796763 -15.59493637 1.78283894
v -3.16476893 -14.78481007 1.56069136
v -3.17242575 -14.37974644 1.56446731
v -3.10179448 -14.78481007 1.79082191
v -3.10748458 -14.37974644 1.79410708
v -2.99923635 -16.00000000 2.00402570
v -3.00517845 -15.59493637 2.00799608
v -3.01027441 -15.18987370 2.01140094
v -2.89332628 -16.00000000 2.22012734
v -2.89683270 -15.59493637 2.22281790
v -2.89947844 -15.18987370 2.22484803
v -3.01452208 -14.78481007 2.01423931
v -3.01792121 -14.37974644 2.01651049
v -2.90126610 -14.78481007 2.22621965
v -2.90219903 -14.37974644 2.22693563
v -3.17931199 -13.97468376 1.56786323
v -3.18542147 -13.56962013 1.57087612
v -3.19074941 -13.16455650 1.57350349
v -3.11235428 -13.97468376 1.79691851
v -3.11640048 -13.56962013 1.79925466
v -3.11962247 -13.16455650 1.80111492
v -3.19529152 -12.75949383 1.57574344
v -3.19904518 -12.35443020 1.57759452
v -3.12201977 -12.75949383 1.80249894
v -3.12359357 -12.35443020 1.80340755
v -3.02047205 -13.97468376 2.01821494
v -3.02217627 -13.56962013 2.01935363
v -3.02303696 -13.16455650 2.01992869
v -2.90228271 -13.97468376 2.22699976
v -2.90152287 -13.56962013 2.22641683
v -2.89992738 -13.16455650 2.22519255
v -3.02305841 -12.75949383 2.01994300
v -3.02224541 -12.35443020 2.01939988
v -2.89750433 -12.75949383 2.22333336
v -2.89426351 -12.35443020 2.22084665
v -2.76121426 -16.00000000 2.42151999
v -2.76219988 -15.59493637 2.42238426
v -2.76233816 -15.18987370 2.42250562
v -2.60340238 -16.00000000 2.60340238
v -2.60196114 -15.59493637 2.60196114
v -2.59971333 -15.18987370 2.59971333
v -2.76163578 -14.78481007 2.42188954
v -2.76010108 -14.37974644 2.42054367
v -2.59667015 -14.78481007 2.59667015
v -2.59284377 -14.37974644 2.59284377
v -2.42182112 -16.00000000 2.76155782
v -2.41821861 -15.59493637 2.75744987
v -2.41387582 -15.18987370 2.75249791
v -2.40880775 -14.78481007 2.74671865
v -2.40302968 -14.37974644 2.74013019
v -2.75457335 -13.56962013 2.41569591
v -2.75774336 -13.97468376 2.41847610
v -2.75060248 -13.16455650 2.41221356
v -2.58824778 -13.97468376 2.58824778
v -2.58289647 -13.56962013 2.58289647
v -2.57680559 -13.16455650 2.57680559
v -2.38160920 -13.16455650 2.71570492
v -2.74584365 -12.75949383 2.40804029
v -2.74031067 -12.35443020 2.40318799
v -2.56999135 -12.75949383 2.56999135
v -2.37316847 -12.75949383 2.70607996
v -2.56247139 -12.35443020 2.56247139
v -2.36411023 -12.35443020 2.69575119
v -2.39655876 -13.97468376 2.73275137
v -2.38941240 -13.56962013 2.72460270
v -2.21969509 -16.00000000 2.89276290
v -2.21434426 -15.59493637 2.88578963
v -2.20834017 -15.18987370 2.87796497
v -2.00126743 -16.00000000 2.99510813
v -1.99468791 -15.59493637 2.98526144
v -1.98755658 -15.18987370 2.97458863
v -2.20170021 -14.78481007 2.86931181
v -2.19444299 -14.37974644 2.85985374
v -1.97989225 -14.78481007 2.96311831
v -1.97171497 -14.37974644 2.95088005
v -1.77141559 -16.00000000 3.06818175
v -1.76418340 -15.59493637 3.05565524
v -1.75650740 -15.18987370 3.04236007
v -1.53520966 -16.00000000 3.11309719
v -1.52790153 -15.59493637 3.09827781
v -1.52025723 -15.18987370 3.08277678
v -1.74840724 -14.78481007 3.02833033
v -1.73990309 -14.37974644 3.01360059
v -1.51229548 -14.78481007 3.06663179
v -1.50403547 -14.37974644 3.04988241
v -2.18658733 -13.97468376 2.84961605
v -2.17815304 -13.56962013 2.83862424
v -2.16916084 -13.16455650 2.82690525
v -1.95390308 -13.56962013 2.92422271
v -1.94431055 -13.16455650 2.90986633
v -1.96304500 -13.97468376 2.93790436
v -2.15963149 -12.75949383 2.81448650
v -2.14958692 -12.35443020 2.80139613
v -1.93428922 -12.75949383 2.89486837
v -1.92386115 -12.35443020 2.87926149
v -1.73101509 -13.97468376 2.99820614
v -1.72176397 -13.56962013 2.98218274
v -1.71217084 -13.16455650 2.96556687
v -1.48669803 -13.56962013 3.01472545
v -1.49549651 -13.97468376 3.03256702
v -1.47765958 -13.16455650 2.99639726
v -1.70225680 -12.75949383 2.94839525
v -1.69204330 -12.35443020 2.93070483
v -1.46840072 -12.75949383 2.97762203
v -1.45894098 -12.35443020 2.95843959
v -3.20200849 -11.94936752 1.57905591
v -3.20418072 -11.54430389 1.58012712
v -3.20556235 -11.13924026 1.58080840
v -3.12434578 -11.94936752 1.80384183
v -3.12427974 -11.54430389 1.80380380
v -3.12340021 -11.13924026 1.80329597
v -3.20615482 -10.73417759 1.58110058
v -3.20596099 -10.32911396 1.58100498
v -3.12171268 -10.73417759 1.80232167
v -3.11922407 -10.32911396 1.80088484
v -3.02060509 -11.94936752 2.01830363
v -3.01814461 -11.54430389 2.01665974
v -3.01487279 -11.13924026 2.01447368
v -2.89021611 -11.94936752 2.21774077
v -2.88537359 -11.54430389 2.21402502
v -2.87974930 -11.13924026 2.20970941
v -3.01079988 -10.73417759 2.01175213
v -3.00593662 -10.32911396 2.00850272
v -2.87335730 -10.73417759 2.20480466
v -2.86621284 -10.32911396 2.19932246
v -3.20498419 -9.92405033 1.58052337
v -3.20322967 -9.51898766 1.57965803
v -3.20070338 -9.11392403 1.57841218
v -3.11594200 -9.92405033 1.79898989
v -3.11187553 -9.51898766 1.79664218
v -3.10703492 -9.11392403 1.79384744
v -3.19741201 -8.70886040 1.57678914
v -3.19336438 -8.30379772 1.57479298
v -3.10143161 -8.70886040 1.79061234
v -3.09507751 -8.30379772 1.78694391
v -3.00029540 -9.92405033 2.00473332
v -2.99388957 -9.51898766 2.00045300
v -2.98673320 -9.11392403 1.99567127
v -2.85833216 -9.92405033 2.19327545
v -2.84973216 -9.51898766 2.18667650
v -2.84043145 -9.11392403 2.17953968
v -2.97884154 -8.70886040 1.99039829
v -2.97023129 -8.30379772 1.98464513
v -2.83044863 -8.70886040 2.17187953
v -2.81980395 -8.30379772 2.16371155
v -2.73401833 -11.94936752 2.39766979
v -2.72698283 -11.54430389 2.39149976
v -2.71922064 -11.13924026 2.38469267
v -2.55426359 -11.94936752 2.55426359
v -2.54538751 -11.54430389 2.54538751
v -2.35445547 -11.94936752 2.68474197
v -2.34422541 -11.54430389 2.67307687
v -2.53586316 -11.13924026 2.53586316
v -2.33344245 -11.13924026 2.66078115
v -2.71075010 -10.73417759 2.37726402
v -2.70158982 -10.32911396 2.36923075
v -2.51495337 -10.32911396 2.51495337
v -2.52571130 -10.73417759 2.52571130
v -2.69175935 -9.92405033 2.36060953
v -2.68127918 -9.51898766 2.35141873
v -2.67017078 -9.11392403 2.34167695
v -2.50361180 -9.92405033 2.50361180
v -2.49170971 -9.51898766 2.49170971
v -2.47927046 -9.11392403 2.47927046
v -2.65845633 -8.70886040 2.33140373
v -2.64615846 -8.30379772 2.32061863
v -2.46631813 -8.70886040 2.46631813
v -2.45287776 -8.30379772 2.45287776
v -2.32212949 -10.73417759 2.64788103
v -2.31030941 -10.32911396 2.63440299
v -2.13904929 -11.94936752 2.78766322
v -2.12804127 -11.54430389 2.77331734
v -2.11658621 -11.13924026 2.75838876
v -1.91304874 -11.94936752 2.86307979
v -1.90187502 -11.54430389 2.84635711
v -1.89036274 -11.13924026 2.82912779
v -2.10470772 -10.73417759 2.74290848
v -2.09242964 -10.32911396 2.72690725
v -1.87853539 -10.73417759 2.81142688
v -1.86641622 -10.32911396 2.79328918
v -1.68155181 -11.94936752 2.91253328
v -1.67080414 -11.54430389 2.89391756
v -1.65982199 -11.13924026 2.87489605
v -1.43949795 -11.54430389 2.91901302
v -1.42955363 -11.13924026 2.89884782
v -1.44930017 -11.94936752 2.93889022
v -1.64862716 -10.73417759 2.85550594
v -1.63724136 -10.32911396 2.83578515
v -1.41948664 -10.73417759 2.87843418
v -1.40931642 -10.32911396 2.85781121
v -2.29800653 -9.92405033 2.62037420
v -2.28524518 -9.51898766 2.60582256
v -2.07977629 -9.92405033 2.71041727
v -2.27204990 -9.11392403 2.59077621
v -2.06677222 -9.51898766 2.69347000
v -2.05344248 -9.11392403 2.67609835
v -2.25844598 -8.70886040 2.57526398
v -2.24445868 -8.30379772 2.55931473
v -2.03981185 -8.70886040 2.65833449
v -1.81549418 -8.70886040 2.71707892
v -2.02590513 -8.30379772 2.64021111
v -1.80227065 -8.30379772 2.69728875
v -1.85402882 -9.92405033 2.77475023
v -1.84139693 -9.51898766 2.75584531
v -1.82854414 -9.11392403 2.73660970
v -1.62568653 -9.92405033 2.81577158
v -1.61398411 -9.51898766 2.79550266
v -1.60215592 -9.11392403 2.77501559
v -1.38874233 -9.51898766 2.81609082
v -1.39906204 -9.92405033 2.83701730
v -1.37837601 -9.11392403 2.79506993
v -1.59022331 -8.70886040 2.75434756
v -1.57820737 -8.30379772 2.73353529
v -1.36798143 -8.70886040 2.77399182
v -1.35757673 -8.30379772 2.75289321
v -1.29746675 -16.00000000 3.13236165
v -1.29060769 -15.59493637 3.11580276
v -1.06235600 -16.00000000 3.12959981
v -1.05637395 -15.59493637 3.11197734
v -1.28351212 -15.18987370 3.09867239
v -1.05024111 -15.18987370 3.09391046
v -0.83309972 -16.00000000 3.10917044
v -0.82829255 -15.59493637 3.09122992
v -0.82340240 -15.18987370 3.07297969
v -1.27619696 -14.78481007 3.08101177
v -1.04397190 -14.78481007 3.07544184
v -1.26867938 -14.37974644 3.06286311
v -0.81844079 -14.78481007 3.05446267
v -1.03758085 -14.37974644 3.05661464
v -0.81341904 -14.37974644 3.03572130
v -0.61179930 -16.00000000 3.07572269
v -0.60831767 -15.59493637 3.05821967
v -0.60480106 -15.18987370 3.04054022
v -0.39724651 -15.59493637 3.01738667
v -0.39940012 -16.00000000 3.03374505
v -0.39508602 -15.18987370 3.00097632
v -0.60125762 -14.78481007 3.02272630
v -0.59769553 -14.37974644 3.00481820
v -0.39292377 -14.78481007 2.98455238
v -0.39076465 -14.37974644 2.96815205
v -1.25310636 -13.56962013 3.02526641
v -1.26097679 -13.97468376 3.04426742
v -1.24508524 -13.16455650 3.00590181
v -1.02449143 -13.56962013 3.01805449
v -0.80834854 -13.97468376 3.01679778
v -0.80324030 -13.56962013 2.99773359
v -1.03108263 -13.97468376 3.03747153
v -1.01782155 -13.16455650 2.99840569
v -0.79810518 -13.16455650 2.97856927
v -1.23693073 -12.75949383 2.98621488
v -1.22865963 -12.35443020 2.96624684
v -1.01108706 -12.75949383 2.97856641
v -0.79295397 -12.75949383 2.95934463
v -1.00430179 -12.35443020 2.95857763
v -0.78779715 -12.35443020 2.94009900
v -0.38435322 -13.16455650 2.91945243
v -0.59412265 -13.97468376 2.98685622
v -0.59054679 -13.56962013 2.96887898
v -0.58697546 -13.16455650 2.95092487
v -0.38861343 -13.97468376 2.95181203
v -0.38647482 -13.56962013 2.93556762
v -0.57987565 -12.35443020 2.91523170
v -0.38225299 -12.75949383 2.90349960
v -0.38017824 -12.35443020 2.88774061
v -0.58341599 -12.75949383 2.93303037
v -0.00000000 -15.59493637 2.92662549
v 0.18950218 -16.00000000 2.89124441
v 0.18885686 -15.59493637 2.88139892
v -0.00000000 -15.18987370 2.91438556
v 0.18822458 -15.18987370 2.87175202
v -0.19578877 -16.00000000 2.98715949
v -0.19483154 -15.59493637 2.97255468
v -0.19387791 -15.18987370 2.95800519
v -0.00000000 -16.00000000 2.93900537
v -0.00000000 -14.78481007 2.90231442
v 0.18760687 -14.78481007 2.86232758
v -0.00000000 -14.37974644 2.89044023
v 0.18700516 -14.37974644 2.85314727
v -0.19293013 -14.78481007 2.94354486
v -0.19199038 -14.37974644 2.92920709
v 0.37451154 -16.00000000 2.84469748
v 0.37356743 -15.59493637 2.83752656
v 0.37265375 -15.18987370 2.83058619
v 0.55677795 -16.00000000 2.79911184
v 0.55587929 -15.59493637 2.79459381
v 0.73775440 -16.00000000 2.75333691
v 0.73721111 -15.59493637 2.75130916
v 0.55502766 -15.18987370 2.79031253
v 0.73672658 -15.18987370 2.74950099
v 0.37177271 -14.78481007 2.82389426
v 0.37092650 -14.37974644 2.81746650
v 0.55422544 -14.78481007 2.78627944
v 0.73630255 -14.78481007 2.74791861
v 0.55347472 -14.37974644 2.78250551
v 0.73594046 -14.37974644 2.74656725
v -0.19106072 -13.97468376 2.91502333
v -0.19014317 -13.56962013 2.90102410
v -0.18923961 -13.16455650 2.88723850
v -0.00000000 -13.97468376 2.87878895
v -0.00000000 -13.56962013 2.86738563
v 0.18642080 -13.97468376 2.84423161
v 0.18585503 -13.56962013 2.83559990
v -0.00000000 -13.16455650 2.85625362
v 0.18530901 -13.16455650 2.82726908
v -0.18835187 -12.75949383 2.87369418
v -0.18748166 -12.35443020 2.86041737
v 0.18478379 -12.75949383 2.81925583
v -0.00000000 -12.75949383 2.84541512
v 0.18428032 -12.35443020 2.81157446
v -0.00000000 -12.35443020 2.83489060
v 0.37011701 -13.97468376 2.81131792
v 0.36934599 -13.56962013 2.80546141
v 0.36861497 -13.16455650 2.79990864
v 0.55277735 -13.97468376 2.77899933
v 0.55213469 -13.56962013 2.77576876
v 0.73564142 -13.97468376 2.74545121
v 0.73540610 -13.56962013 2.74457288
v 0.55154818 -13.16455650 2.77282000
v 0.73523504 -13.16455650 2.74393439
v 0.36792529 -12.75949383 2.79467010
v 0.36727819 -12.35443020 2.78975463
v 0.55101871 -12.75949383 2.77015805
v 0.73512822 -12.75949383 2.74353576
v 0.55054706 -12.35443020 2.76778698
v 0.73508555 -12.35443020 2.74337673
v -1.21183562 -11.54430389 2.92562985
v -1.20331585 -11.13924026 2.90506148
v -0.99063343 -11.54430389 2.91831183
v -0.98377699 -11.13924026 2.89811349
v -1.22028899 -11.94936752 2.94603825
v -0.99747944 -11.94936752 2.93847966
v -1.19474638 -10.73417759 2.88437295
v -1.18614316 -10.32911396 2.86360288
v -0.97692305 -10.73417759 2.87792253
v -0.97008425 -10.32911396 2.85777617
v -0.78264487 -11.94936752 2.92087054
v -0.77750725 -11.54430389 2.90169644
v -0.57636124 -11.94936752 2.89756370
v -0.57287949 -11.54430389 2.88005972
v -0.77239388 -11.13924026 2.88261318
v -0.56943691 -11.13924026 2.86275268
v -0.37813303 -11.94936752 2.87220550
v -0.37612110 -11.54430389 2.85692334
v -0.37414610 -11.13924026 2.84192181
v -0.76731431 -10.73417759 2.86365604
v -0.56603962 -10.73417759 2.84567332
v -0.76227772 -10.32911396 2.84485912
v -0.56269360 -10.32911396 2.82885194
v -0.37221149 -10.73417759 2.82722688
v -0.37032050 -10.32911396 2.81286335
v -1.16889858 -9.51898766 2.82197070
v -1.17752194 -9.92405033 2.84278941
v -1.16028810 -9.11392403 2.80118322
v -0.95650131 -9.51898766 2.81776214
v -0.96327305 -9.92405033 2.83771086
v -0.94978088 -9.11392403 2.79796410
v -1.15170562 -8.70886040 2.78046322
v -1.14316559 -8.30379772 2.75984597
v -0.94312298 -8.70886040 2.77835083
v -0.93653870 -8.30379772 2.75895405
v -0.75236851 -9.51898766 2.80787754
v -0.55940461 -9.92405033 2.81231689
v -0.55617803 -9.51898766 2.79609585
v -0.75729293 -9.92405033 2.82625580
v -0.74751270 -9.11392403 2.78975534
v -0.55301905 -9.11392403 2.78021455
v -0.36847621 -9.92405033 2.79885483
v -0.36668155 -9.51898766 2.78522301
v -0.36493921 -9.11392403 2.77198839
v -0.74273342 -8.70886040 2.77191877
v -0.54993254 -8.70886040 2.76469755
v -0.73803824 -8.30379772 2.75439620
v -0.54692322 -8.30379772 2.74956870
v -0.36325169 -8.70886040 2.75917053
v -0.36162135 -8.30379772 2.74678683
v -0.18663062 -11.94936752 2.84743309
v -0.18580028 -11.54430389 2.83476448
v -0.18499209 -11.13924026 2.82243371
v -0.00000000 -11.94936752 2.82469893
v -0.00000000 -11.54430389 2.81485772
v 0.18379948 -11.94936752 2.80423808
v 0.18334202 -11.54430389 2.79725885
v -0.00000000 -11.13924026 2.80538297
v 0.18290862 -11.13924026 2.79064631
v -0.18420738 -10.73417759 2.81046152
v -0.18344741 -10.32911396 2.79886675
v -0.00000000 -10.73417759 2.79628968
v 0.18249989 -10.73417759 2.78441000
v -0.00000000 -10.32911396 2.78759098
v 0.18211627 -10.32911396 2.77855730
v 0.36667457 -11.94936752 2.78516984
v 0.36611533 -11.54430389 2.78092194
v 0.36560109 -11.13924026 2.77701592
v 0.55013376 -11.94936752 2.76570916
v 0.54977900 -11.54430389 2.76392555
v 0.73510659 -11.94936752 2.74345517
v 0.73519057 -11.54430389 2.74376845
v 0.54948288 -11.13924026 2.76243687
v 0.73533648 -11.13924026 2.74431300
v 0.36513230 -10.73417759 2.77345514
v 0.36470932 -10.32911396 2.77024221
v 0.54924518 -10.73417759 2.76124191
v 0.73554313 -10.73417759 2.74508429
v 0.54906547 -10.32911396 2.76033854
v 0.73580909 -10.32911396 2.74607682
v -0.18271334 -9.92405033 2.78766680
v -0.18200622 -9.51898766 2.77687836
v -0.18132704 -9.11392403 2.76651597
v -0.00000000 -9.92405033 2.77929854
v -0.00000000 -9.51898766 2.77142262
v 0.18175821 -9.92405033 2.77309442
v 0.18142602 -9.51898766 2.76802611
v -0.00000000 -9.11392403 2.76397252
v 0.18111993 -9.11392403 2.76335621
v -0.18067665 -8.70886040 2.75659299
v -0.18005584 -8.30379772 2.74712133
v -0.00000000 -8.70886040 2.75695562
v 0.18084010 -8.70886040 2.75908685
v -0.00000000 -8.30379772 2.75037837
v 0.18058662 -8.30379772 2.75521946
v 0.36433226 -9.92405033 2.76737809
v 0.36400113 -9.51898766 2.76486301
v 0.36371580 -9.11392403 2.76269579
v 0.54894322 -9.92405033 2.75972390
v 0.54887760 -9.51898766 2.75939417
v 0.73613262 -9.92405033 2.74728417
v 0.73651183 -9.51898766 2.74869943
v 0.54886764 -9.11392403 2.75934386
v 0.73694468 -9.11392403 2.75031495
v 0.36347601 -8.70886040 2.76087427
v 0.36328128 -8.30379772 2.75939536
v 0.54891217 -8.70886040 2.75956774
v 0.73742890 -8.70886040 2.75212216
v 0.54900986 -8.30379772 2.76005912
v 0.73796213 -8.30379772 2.75411224
v -3.28878880 -7.89873409 -0.00000000
v -3.29198217 -7.49367094 -0.00000000
v -3.29477096 -7.08860779 -0.00000000
v -3.31983042 -7.89873409 0.21759318
v -3.32284188 -7.49367094 0.21779056
v -3.32539082 -7.08860779 0.21795763
v -3.29715204 -6.68354416 -0.00000000
v -3.29912186 -6.27848101 -0.00000000
v -3.32747412 -6.68354416 0.21809417
v -3.32908893 -6.27848101 0.21820001
v -3.34040213 -7.89873409 0.43977228
v -3.34292030 -7.49367094 0.44010380
v -3.34491324 -7.08860779 0.44036618
v -3.34809327 -7.89873409 0.66597712
v -3.34973812 -7.49367094 0.66630429
v -3.35079479 -7.08860779 0.66651452
v -3.34637856 -6.68354416 0.44055909
v -3.34731460 -6.27848101 0.44068232
v -3.35126257 -6.68354416 0.66660756
v -3.35114169 -6.27848101 0.66658354
v -3.30067801 -5.87341785 -0.00000000
v -3.30181837 -5.46835423 -0.00000000
v -3.30254126 -5.06329107 -0.00000000
v -3.33023334 -5.87341785 0.21827503
v -3.33090544 -5.46835423 0.21831909
v -3.33110499 -5.06329107 0.21833216
v -3.30284572 -4.65822792 -0.00000000
v -3.30273151 -4.25316477 -0.00000000
v -3.33083177 -4.65822792 0.21831425
v -3.33008599 -4.25316477 0.21826537
v -3.34772038 -5.87341785 0.44073576
v -3.34759593 -5.46835423 0.44071937
v -3.34694171 -5.06329107 0.44063324
v -3.35043311 -5.87341785 0.66644257
v -3.34913850 -5.46835423 0.66618508
v -3.34726048 -5.06329107 0.66581148
v -3.34575891 -4.65822792 0.44047752
v -3.34404969 -4.25316477 0.44025251
v -3.34480262 -4.65822792 0.66532260
v -3.34176946 -4.25316477 0.66471928
v -3.33988833 -7.89873409 0.89492041
v -3.34025002 -7.49367094 0.89501727
v -3.33996606 -7.08860779 0.89494121
v -3.33903837 -6.68354416 0.89469266
v -3.33746958 -6.27848101 0.89427233
v -3.31252503 -7.89873409 1.12445068
v -3.31121039 -7.49367094 1.12400448
v -3.30920482 -7.08860779 1.12332368
v -3.26291394 -7.89873409 1.35154319
v -3.25959754 -7.49367094 1.35016942
v -3.25556159 -7.08860779 1.34849775
v -3.30651307 -6.68354416 1.12240994
v -3.30314088 -6.27848101 1.12126529
v -3.25081491 -6.68354416 1.34653163
v -3.24536705 -6.27848101 1.34427500
v -3.33526349 -5.87341785 0.89368117
v -3.33242416 -5.46835423 0.89292037
v -3.32895732 -5.06329107 0.89199138
v -3.32486892 -4.65822792 0.89089596
v -3.32016659 -4.25316477 0.88963592
v -3.29909515 -5.87341785 1.11989188
v -3.29438329 -5.46835423 1.11829245
v -3.28901458 -5.06329107 1.11646998
v -3.23922801 -5.87341785 1.34173226
v -3.23240972 -5.46835423 1.33890796
v -3.22492433 -5.06329107 1.33580744
v -3.28299809 -4.65822792 1.11442769
v -3.27634501 -4.25316477 1.11216927
v -3.21678519 -4.65822792 1.33243608
v -3.20800686 -4.25316477 1.32879996
v -3.30219889 -3.84810138 -0.00000000
v -3.30124831 -3.44303799 -0.00000000
v -3.29988146 -3.03797460 -0.00000000
v -3.32886910 -3.84810138 0.21818560
v -3.32718301 -3.44303799 0.21807510
v -3.32503057 -3.03797460 0.21793401
v -3.29810023 -2.63291144 -0.00000000
v -3.29590750 -2.22784805 -0.00000000
v -3.32241464 -2.63291144 0.21776256
v -3.31933975 -2.22784805 0.21756102
v -3.34181738 -3.84810138 0.43995860
v -3.33906507 -3.44303799 0.43959627
v -3.33579755 -3.03797460 0.43916607
v -3.33816600 -3.84810138 0.66400248
v -3.33399844 -3.44303799 0.66317350
v -3.32927346 -3.03797460 0.66223365
v -3.33201981 -2.63291144 0.43866873
v -3.32773805 -2.22784805 0.43810505
v -3.32399893 -2.63291144 0.66118449
v -3.31818318 -2.22784805 0.66002768
v -3.29330635 -1.82278478 -0.00000000
v -3.29030061 -1.41772151 -0.00000000
v -3.28689528 -1.01265824 -0.00000000
v -3.31581020 -1.82278478 0.21732968
v -3.31183171 -1.41772151 0.21706891
v -3.30741024 -1.01265824 0.21677911
v -3.28309488 -0.60759491 -0.00000000
v -3.27890563 -0.20253165 -0.00000000
v -3.30255246 -0.60759491 0.21646072
v -3.29726624 -0.20253165 0.21611424
v -3.32295918 -1.82278478 0.43747586
v -3.31769013 -1.41772151 0.43678221
v -3.31193972 -1.01265824 0.43602514
v -3.31183600 -1.82278478 0.65876514
v -3.30496740 -1.41772151 0.65739888
v -3.29758811 -1.01265824 0.65593106
v -3.30571675 -0.60759491 0.43520585
v -3.29903078 -0.20253165 0.43432564
v -3.28970981 -0.60759491 0.65436399
v -3.28134513 -0.20253165 0.65270013
v -3.31485820 -3.84810138 0.88821357
v -3.30895281 -3.44303799 0.88663125
v -3.30246043 -3.03797460 0.88489163
v -3.29539180 -2.63291144 0.88299757
v -3.28775835 -2.22784805 0.88095218
v -3.26906633 -3.84810138 1.10969853
v -3.26117468 -3.44303799 1.10701966
v -3.25268364 -3.03797460 1.10413730
v -3.19860411 -3.84810138 1.32490516
v -3.18859315 -3.44303799 1.32075846
v -3.17799091 -3.03797460 1.31636691
v -3.24360704 -2.63291144 1.10105622
v -3.23395991 -2.22784805 1.09778142
v -3.16681504 -2.63291144 1.31173778
v -3.15508413 -2.22784805 1.30687857
v -3.27957273 -1.82278478 0.87875885
v -3.27084804 -1.41772151 0.87642109
v -3.26159835 -1.01265824 0.87394267
v -3.20175719 -1.01265824 1.08685017
v -3.25183845 -0.60759491 0.87132746
v -3.24158382 -0.20253165 0.86857975
v -3.18999362 -0.60759491 1.08285689
v -3.17774606 -0.20253165 1.07869947
v -3.22375798 -1.82278478 1.09431839
v -3.21301794 -1.41772151 1.09067261
v -3.11675596 -1.01265824 1.29100251
v -3.14281702 -1.82278478 1.30179751
v -3.13003421 -1.41772151 1.29650259
v -3.03630877 -1.82278478 1.49734175
v -3.02160859 -1.41772151 1.49009240
v -3.00645995 -1.01265824 1.48262203
v -3.10300350 -0.60759491 1.28530610
v -3.08879852 -0.20253165 1.27942228
v -2.99088764 -0.60759491 1.47494256
v -2.97491550 -0.20253165 1.46706605
v -3.18856931 -7.89873409 1.57242835
v -3.18303704 -7.49367094 1.56970012
v -3.17677927 -7.08860779 1.56661415
v -3.08798623 -7.89873409 1.78284979
v -3.08017230 -7.49367094 1.77833831
v -3.07165074 -7.08860779 1.77341831
v -3.16980815 -6.68354416 1.56317639
v -3.16213703 -6.27848101 1.55939341
v -3.06243801 -6.68354416 1.76809943
v -3.05255151 -6.27848101 1.76239133
v -2.96091962 -7.89873409 1.97842324
v -2.95092463 -7.49367094 1.97174478
v -2.94026566 -7.08860779 1.96462262
v -2.92896247 -6.68354416 1.95707011
v -2.91703582 -6.27848101 1.94910109
v -2.80851793 -7.89873409 2.15505147
v -2.63330054 -7.89873409 2.30934262
v -2.79661226 -7.49367094 2.14591599
v -2.78410935 -7.08860779 2.13632226
v -2.61990690 -7.49367094 2.29759669
v -2.60600209 -7.08860779 2.28540254
v -2.77103209 -6.68354416 2.12628770
v -2.59161139 -6.68354416 2.27278209
v -2.75740433 -6.27848101 2.11583090
v -2.57676053 -6.27848101 2.25975847
v -3.15378046 -5.87341785 1.55527234
v -3.14475346 -5.46835423 1.55082083
v -3.13507271 -5.06329107 1.54604673
v -3.04200912 -5.87341785 1.75630474
v -3.03083014 -5.46835423 1.74985063
v -3.01903439 -5.06329107 1.74304032
v -3.12475491 -4.65822792 1.54095864
v -3.11381841 -4.25316477 1.53556526
v -3.00664258 -4.65822792 1.73588598
v -2.99367619 -4.25316477 1.72839975
v -2.84883547 -4.25316477 1.90353096
v -2.90450764 -5.87341785 1.94072998
v -2.89140034 -5.46835423 1.93197191
v -2.87773633 -5.06329107 1.92284203
v -2.86354017 -4.65822792 1.91335630
v -2.74325061 -5.87341785 2.10497022
v -2.72859526 -5.46835423 2.09372473
v -2.71346426 -5.06329107 2.08211446
v -2.56147575 -5.87341785 2.24635386
v -2.54578352 -5.46835423 2.23259234
v -2.52971101 -5.06329107 2.21849680
v -2.69788361 -4.65822792 2.07015872
v -2.68187928 -4.25316477 2.05787826
v -2.51328492 -4.65822792 2.20409179
v -2.49653316 -4.25316477 2.18940091
v -2.31422472 -4.65822792 2.31422472
v -2.29734492 -4.25316477 2.29734492
v -2.43897438 -7.89873409 2.43897438
v -2.40988135 -7.08860779 2.40988135
v -2.42463350 -7.49367094 2.42463350
v -2.39474416 -6.68354416 2.39474416
v -2.37924862 -6.27848101 2.37924862
v -2.36342192 -5.87341785 2.36342192
v -2.34729075 -5.46835423 2.34729075
v -2.33088255 -5.06329107 2.33088255
v -2.20045757 -7.08860779 2.50914097
v -2.23011422 -7.89873409 2.54295802
v -2.21543837 -7.49367094 2.52622342
v -2.01174831 -7.89873409 2.62176132
v -1.99736583 -7.49367094 2.60301781
v -1.98278356 -7.08860779 2.58401394
v -2.18519783 -6.68354416 2.49174047
v -2.16968584 -6.27848101 2.47405243
v -1.96802640 -6.68354416 2.56478190
v -1.95311975 -6.27848101 2.54535532
v -1.78889716 -7.89873409 2.67727375
v -1.56612921 -7.89873409 2.71261525
v -1.77539706 -7.49367094 2.65706944
v -1.76179385 -7.08860779 2.63671088
v -1.55400956 -7.49367094 2.69162369
v -1.54186904 -7.08860779 2.67059565
v -1.33680797 -7.49367094 2.71077847
v -1.32647836 -7.08860779 2.68983221
v -1.74811053 -6.68354416 2.61623216
v -1.73436987 -6.27848101 2.59566808
v -1.52972770 -6.68354416 2.64956617
v -1.31620777 -6.68354416 2.66900539
v -1.51760530 -6.27848101 2.62856960
v -1.30601251 -6.27848101 2.64833140
v -1.34717977 -7.89873409 2.73181033
v -2.15394807 -5.87341785 2.45610690
v -2.13801098 -5.46835423 2.43793440
v -2.12190127 -5.06329107 2.41956472
v -1.92295766 -5.46835423 2.50604725
v -1.90775180 -5.06329107 2.48623061
v -1.93808854 -5.87341785 2.52576613
v -2.10564542 -4.65822792 2.40102839
v -2.08926964 -4.25316477 2.38235521
v -1.89249539 -4.65822792 2.46634793
v -1.87721276 -4.25316477 2.44643140
v -1.72059464 -5.87341785 2.57505178
v -1.70680714 -5.46835423 2.55441737
v -1.69302928 -5.06329107 2.53379750
v -1.50552154 -5.87341785 2.60763979
v -1.49349523 -5.46835423 2.58680964
v -1.48154521 -5.06329107 2.56611156
v -1.67928278 -4.65822792 2.51322436
v -1.66558897 -4.25316477 2.49273014
v -1.46968961 -4.65822792 2.54557705
v -1.45794630 -4.25316477 2.52523708
v -3.10228157 -3.84810138 1.52987599
v -3.09016442 -3.44303799 1.52390039
v -3.07748699 -3.03797460 1.51764870
v -2.98015714 -3.84810138 1.72059464
v -2.96610856 -3.44303799 1.71248364
v -2.95155382 -3.03797460 1.70408034
v -3.06427073 -2.63291144 1.51113105
v -2.93651676 -2.63291144 1.69539869
v -3.05053711 -2.22784805 1.50435841
v -2.92102218 -2.22784805 1.68645287
v -2.83364749 -3.84810138 1.89338267
v -2.81800151 -3.44303799 1.88292837
v -2.80192351 -3.03797460 1.87218547
v -2.78543997 -2.63291144 1.86117136
v -2.76857734 -2.22784805 1.84990418
v -2.66547847 -3.84810138 2.04529357
v -2.64870811 -3.44303799 2.03242517
v -2.63159561 -3.03797460 2.01929426
v -2.47948337 -3.84810138 2.17444873
v -2.46216345 -3.44303799 2.15925932
v -2.44460130 -3.03797460 2.14385772
v -2.61416888 -2.63291144 2.00592232
v -2.59645605 -2.22784805 1.99233079
v -2.42682481 -2.63291144 2.12826824
v -2.40886235 -2.22784805 2.11251545
v -2.90509510 -1.82278478 1.67725742
v -2.88876128 -1.41772151 1.66782713
v -2.87204671 -1.01265824 1.65817702
v -2.85497785 -0.60759491 1.64832222
v -2.75136280 -1.82278478 1.83840191
v -2.73382401 -1.41772151 1.82668269
v -2.71598816 -1.01265824 1.81476521
v -2.83758116 -0.20253165 1.63827825
v -2.69788337 -0.60759491 1.80266809
v -2.67953777 -0.20253165 1.79040992
v -2.57848477 -1.82278478 1.97854090
v -2.39074183 -1.82278478 2.09662414
v -2.56028342 -1.41772151 1.96457458
v -2.54188061 -1.01265824 1.95045352
v -2.37249112 -1.41772151 2.08061886
v -2.35413861 -1.01265824 2.06452417
v -2.52330422 -0.60759491 1.93619943
v -2.33571148 -0.60759491 2.04836416
v -2.50458288 -0.20253165 1.92183399
v -2.28027058 -3.84810138 2.28027058
v -2.26302886 -3.44303799 2.26302886
v -2.24564719 -3.03797460 2.24564719
v -2.22815323 -2.63291144 2.22815323
v -2.21057391 -2.22784805 2.21057391
v -2.02308750 -2.63291144 2.30688906
v -2.00650048 -2.22784805 2.28797507
v -2.19293642 -1.82278478 2.19293642
v -2.17526698 -1.41772151 2.17526698
v -2.15759254 -1.01265824 2.15759254
v -1.98994684 -1.82278478 2.26909947
v -1.97345138 -1.41772151 2.25029016
v -1.95703816 -1.01265824 2.23157430
v -2.31723785 -0.20253165 2.03216314
v -2.13993907 -0.60759491 2.13993907
v -2.12233233 -0.20253165 2.12233233
v -1.94073081 -0.60759491 2.21297932
v -1.92455244 -0.20253165 2.19453144
v -1.77146053 -1.41772151 2.30861235
v -1.75679648 -1.01265824 2.28950191
v -1.74230695 -0.60759491 2.27061868
v -1.72801173 -0.20253165 2.25198865
v -1.53589678 -0.20253165 2.29863214
v -2.07279992 -3.84810138 2.36357522
v -1.86192775 -3.84810138 2.42651153
v -2.05626249 -3.44303799 2.34471822
v -2.03968334 -3.03797460 2.32581306
v -1.84666395 -3.44303799 2.40661931
v -1.83144450 -3.03797460 2.38678503
v -1.81629229 -2.63291144 2.36703825
v -1.65196848 -3.84810138 2.47234559
v -1.63844204 -3.44303799 2.45210171
v -1.62502921 -3.03797460 2.43202806
v -1.44633245 -3.84810138 2.50512123
v -1.43486488 -3.44303799 2.48525882
v -1.42355978 -3.03797460 2.46567798
v -1.61174977 -2.63291144 2.41215396
v -1.80122972 -2.22784805 2.34740829
v -1.59862256 -2.22784805 2.39250779
v -1.41243303 -2.63291144 2.44640589
v -1.40149975 -2.22784805 2.42746878
v -1.78627861 -1.82278478 2.32792354
v -1.58566606 -1.82278478 2.37311697
v -1.57289815 -1.41772151 2.35400844
v -1.56033623 -1.01265824 2.33520818
v -1.39077473 -1.82278478 2.40889239
v -1.38027179 -1.41772151 2.39070106
v -1.37000477 -1.01265824 2.37291789
v -1.54799700 -0.60759491 2.31674123
v -1.35998631 -0.60759491 2.35556555
v -1.35022902 -0.20253165 2.33866525
v -1.12626994 -7.49367094 2.71905613
v -1.11794138 -7.08860779 2.69894910
v -0.92363292 -7.49367094 2.72093487
v -0.91733152 -7.08860779 2.70237136
v -1.10970998 -6.68354416 2.67907667
v -1.10158825 -6.27848101 2.65946913
v -0.91114378 -6.68354416 2.68414283
v -0.90507871 -6.27848101 2.66627598
v -0.72892880 -7.49367094 2.72039938
v -0.72452801 -7.08860779 2.70397520
v -0.54115307 -7.49367094 2.72056007
v -0.53840017 -7.08860779 2.70672035
v -0.35854053 -7.49367094 2.72338581
v -0.35709381 -7.08860779 2.71239686
v -0.72023815 -6.68354416 2.68796539
v -0.53574020 -6.68354416 2.69334793
v -0.71606517 -6.27848101 2.67239165
v -0.53317642 -6.27848101 2.68045878
v -0.35571176 -6.68354416 2.70189905
v -0.35439572 -6.27848101 2.69190288
v -1.13468242 -7.89873409 2.73936582
v -0.93003863 -7.89873409 2.73980546
v -0.73343444 -7.89873409 2.73721457
v -0.54399532 -7.89873409 2.73484921
v -0.36005032 -7.89873409 2.73485374
v -1.29590833 -5.87341785 2.62784219
v -1.09358835 -5.87341785 2.64015579
v -1.28591084 -5.46835423 2.60756922
v -1.27603471 -5.06329107 2.58754253
v -1.08572197 -5.46835423 2.62116480
v -1.07800043 -5.06329107 2.60252309
v -0.89914501 -5.87341785 2.64879560
v -0.88770378 -5.06329107 2.61509109
v -0.89335078 -5.46835423 2.63172650
v -1.26629484 -4.65822792 2.56779194
v -1.07043445 -4.65822792 2.58425713
v -1.25670493 -4.25316477 2.54834533
v -1.06303430 -4.25316477 2.56639171
v -0.88221139 -4.65822792 2.59891105
v -0.87688053 -4.25316477 2.58320665
v -0.71201444 -5.87341785 2.65727401
v -0.53071183 -5.87341785 2.66806841
v -0.70809120 -5.46835423 2.64263225
v -0.70430011 -5.06329107 2.62848377
v -0.35314703 -5.87341785 2.68241787
v -0.52834910 -5.46835423 2.65619040
v -0.52609074 -5.06329107 2.64483690
v -0.35196668 -5.46835423 2.67345238
v -0.35085559 -5.06329107 2.66501284
v -0.70064569 -4.65822792 2.61484528
v -0.69713199 -4.25316477 2.60173202
v -0.52393895 -4.65822792 2.63401914
v -0.34981450 -4.65822792 2.65710497
v -0.52189565 -4.25316477 2.62374663
v -0.34884402 -4.25316477 2.64973354
v -0.17837738 -7.08860779 2.72151279
v -0.17788090 -6.68354416 2.71393824
v -0.17741659 -6.27848101 2.70685410
v -0.17946531 -7.89873409 2.73811150
v -0.17890565 -7.49367094 2.72957277
v -0.00000000 -7.89873409 2.74424577
v 0.18035947 -7.89873409 2.75175381
v -0.00000000 -7.49367094 2.73856163
v -0.00000000 -7.08860779 2.73332810
v 0.18015860 -7.49367094 2.74868894
v 0.17998384 -7.08860779 2.74602270
v -0.00000000 -6.68354416 2.72854686
v 0.17983501 -6.68354416 2.74375200
v -0.00000000 -6.27848101 2.72421813
v 0.17971180 -6.27848101 2.74187231
v 0.36313114 -7.89873409 2.75825477
v 0.36302483 -7.49367094 2.75744724
v 0.36296162 -7.08860779 2.75696731
v 0.54915935 -7.89873409 2.76081038
v 0.73854178 -7.89873409 2.75627542
v 0.54935890 -7.49367094 2.76181364
v 0.54960680 -7.08860779 2.76306009
v 0.73916519 -7.49367094 2.75860214
v 0.73982960 -7.08860779 2.76108146
v 0.36294064 -6.68354416 2.75680780
v 0.36296085 -6.27848101 2.75696135
v 0.54990125 -6.68354416 2.76454043
v 0.74053204 -6.68354416 2.76370311
v 0.55024034 -6.27848101 2.76624489
v 0.74126965 -6.27848101 2.76645589
v -0.17698470 -5.87341785 2.70026469
v -0.17658541 -5.46835423 2.69417286
v -0.17621882 -5.06329107 2.68857980
v -0.00000000 -5.87341785 2.72034073
v -0.00000000 -5.46835423 2.71691275
v -0.00000000 -5.06329107 2.71393132
v -0.17588498 -4.65822792 2.68348622
v -0.17558384 -4.25316477 2.67889166
v -0.00000000 -4.65822792 2.71139216
v -0.00000000 -4.25316477 2.70929074
v 0.17961393 -5.87341785 2.74037910
v 0.17954098 -5.46835423 2.73926592
v 0.17949250 -5.06329107 2.73852634
v 0.17946802 -4.65822792 2.73815298
v 0.17946699 -4.25316477 2.73813725
v 0.36302117 -5.87341785 2.75741959
v 0.36312047 -5.46835423 2.75817370
v 0.36325747 -5.06329107 2.75921440
v 0.55062187 -5.87341785 2.76816297
v 0.74203926 -5.87341785 2.76932836
v 0.55104381 -5.46835423 2.77028418
v 0.55150390 -5.06329107 2.77259731
v 0.74283791 -5.46835423 2.77230883
v 0.74366242 -5.06329107 2.77538610
v 0.36343086 -4.65822792 2.76053143
v 0.36363927 -4.25316477 2.76211452
v 0.55199993 -4.65822792 2.77509093
v 0.74450970 -4.65822792 2.77854800
v 0.55252951 -4.25316477 2.77775335
v 0.74537647 -4.25316477 2.78178287
v -1.23802865 -3.44303799 2.51047373
v -1.22896779 -3.03797460 2.49210024
v -1.04192448 -3.03797460 2.51542830
v -1.24727845 -3.84810138 2.52923059
v -1.05580974 -3.84810138 2.54895020
v -1.04877019 -3.44303799 2.53195524
v -0.87171757 -3.84810138 2.56799722
v -0.86672872 -3.44303799 2.55330038
v -0.86191952 -3.03797460 2.53913307
v -1.22010791 -2.63291144 2.47413421
v -1.21146035 -2.22784805 2.45659852
v -1.03528094 -2.63291144 2.49938941
v -1.02884746 -2.22784805 2.48385739
v -0.85286039 -2.22784805 2.51244569
v -0.85729516 -2.63291144 2.52551007
v -0.69376266 -3.84810138 2.58915758
v -0.69054121 -3.44303799 2.57713485
v -0.68747056 -3.03797460 2.56567502
v -0.51996255 -3.84810138 2.61402822
v -0.34794453 -3.84810138 2.64290118
v -0.51814103 -3.44303799 2.60487103
v -0.51643234 -3.03797460 2.59628081
v -0.34711629 -3.44303799 2.63661003
v -0.34635946 -3.03797460 2.63086128
v -0.68455350 -2.63291144 2.55478835
v -0.68179238 -2.22784805 2.54448390
v -0.51483750 -2.63291144 2.58826280
v -0.34567401 -2.63291144 2.62565470
v -0.51335710 -2.22784805 2.58082032
v -0.34505975 -2.22784805 2.62098908
v -1.20303607 -1.82278478 2.43951583
v -1.18689775 -1.01265824 2.40679049
v -1.19484520 -1.41772151 2.42290640
v -1.02263129 -1.82278478 2.46885014
v -0.84861970 -1.82278478 2.49995303
v -1.01663935 -1.41772151 2.45438433
v -1.01087797 -1.01265824 2.44047546
v -0.84457701 -1.41772151 2.48804355
v -0.84073579 -1.01265824 2.47672796
v -1.17920280 -0.60759491 2.39118671
v -1.17176902 -0.20253165 2.37611270
v -1.00535321 -0.60759491 2.42713737
v -0.83709937 -0.60759491 2.46601534
v -1.00007045 -0.20253165 2.41438365
v -0.83367044 -0.20253165 2.45591378
v -0.67446381 -1.01265824 2.51713324
v -0.67918926 -1.82278478 2.53476882
v -0.67674595 -1.41772151 2.52565026
v -0.51199174 -1.82278478 2.57395649
v -0.34451646 -1.82278478 2.61686230
v -0.51074177 -1.41772151 2.56767225
v -0.50960720 -1.01265824 2.56196833
v -0.34404370 -1.41772151 2.61327147
v -0.34364098 -1.01265824 2.61021233
v -0.67234403 -0.60759491 2.50922227
v -0.67038751 -0.20253165 2.50192022
v -0.50858796 -0.60759491 2.55684423
v -0.34330764 -0.60759491 2.60768056
v -0.50768375 -0.20253165 2.55229855
v -0.34304300 -0.20253165 2.60567021
v -0.17531528 -3.84810138 2.67479420
v -0.17507914 -3.44303799 2.67119145
v -0.17487517 -3.03797460 2.66807961
v -0.00000000 -3.84810138 2.70762134
v -0.00000000 -3.44303799 2.70637703
v -0.00000000 -3.03797460 2.70555115
v -0.17470311 -2.63291144 2.66545415
v -0.17456257 -2.22784805 2.66331005
v -0.00000000 -2.63291144 2.70513511
v -0.00000000 -2.22784805 2.70512056
v 0.17948884 -3.84810138 2.73847055
v 0.17953293 -3.44303799 2.73914313
v 0.17959863 -3.03797460 2.74014544
v 0.17968524 -2.63291144 2.74146700
v 0.17979205 -2.22784805 2.74309635
v 0.36388126 -3.84810138 2.76395249
v 0.36415532 -3.44303799 2.76603436
v 0.36445996 -3.03797460 2.76834822
v 0.55309027 -3.84810138 2.78057265
v 0.74625963 -3.84810138 2.78507876
v 0.55367994 -3.44303799 2.78353691
v 0.55429596 -3.03797460 2.78663397
v 0.74715602 -3.44303799 2.78842425
v 0.74806261 -3.03797460 2.79180765
v 0.36479363 -2.63291144 2.77088261
v 0.36515468 -2.22784805 2.77362514
v 0.55493605 -2.63291144 2.78985190
v 0.74897623 -2.63291144 2.79521728
v 0.55559772 -2.22784805 2.79317832
v 0.74989396 -2.22784805 2.79864240
v -0.17445317 -1.82278478 2.66164112
v -0.17437446 -1.41772151 2.66044021
v -0.17432594 -1.01265824 2.65969992
v -0.00000000 -1.82278478 2.70549822
v -0.00000000 -1.41772151 2.70625830
v -0.00000000 -1.01265824 2.70739079
v -0.17430708 -0.60759491 2.65941191
v -0.17431729 -0.20253165 2.65956783
v -0.00000000 -0.60759491 2.70888495
v -0.00000000 -0.20253165 2.71072960
v 0.17991830 -1.82278478 2.74502301
v 0.18006328 -1.41772151 2.74723482
v 0.18022619 -1.01265824 2.74972034
v 0.18040624 -0.60759491 2.75246739
v 0.18060264 -0.20253165 2.75546360
v 0.36554158 -1.82278478 2.77656388
v 0.36595267 -1.41772151 2.77968669
v 0.36638635 -1.01265824 2.78298068
v 0.55627859 -1.82278478 2.79660153
v 0.75081277 -1.82278478 2.80207133
v 0.55697632 -1.41772151 2.80010915
v 0.55768853 -1.01265824 2.80368948
v 0.75172985 -1.41772151 2.80549407
v 0.75264239 -1.01265824 2.80889964
v 0.36684102 -0.60759491 2.78643417
v 0.36731502 -0.20253165 2.79003453
v 0.55841291 -0.60759491 2.80733132
v 0.75354779 -0.60759491 2.81227851
v 0.55914724 -0.20253165 2.81102300
v 3.28328705 -16.00000000 0.00000000
v 3.28410959 -15.59493637 0.00000000
v 3.28443885 -15.18987370 0.00000000
v 3.27408028 -16.00000000 0.21459456
v 3.27560735 -15.59493637 0.21469465
v 3.27661204 -15.18987370 0.21476050
v 3.28429103 -14.78481007 0.00000000
v 3.28368187 -14.37974644 0.00000000
v 3.27710891 -14.78481007 0.21479306
v 3.27711248 -14.37974644 0.21479329
v 3.24624372 -16.00000000 0.42737609
v 3.24856353 -15.59493637 0.42768151
v 3.25034213 -15.18987370 0.42791566
v 3.20017982 -16.00000000 0.63655537
v 3.20331931 -15.59493637 0.63717979
v 3.20591021 -15.18987370 0.63769519
v 3.25159240 -14.78481007 0.42808026
v 3.25232697 -14.37974644 0.42817697
v 3.20796323 -14.78481007 0.63810354
v 3.20948935 -14.37974644 0.63840711
v 3.28262758 -13.97468376 0.00000000
v 3.28114414 -13.56962013 0.00000000
v 3.27924824 -13.16455650 0.00000000
v 3.27663803 -13.97468376 0.21476221
v 3.27570105 -13.56962013 0.21470079
v 3.27431703 -13.16455650 0.21461008
v 3.27695584 -12.75949383 0.00000000
v 3.27428365 -12.35443020 0.00000000
v 3.27250171 -12.75949383 0.21449110
v 3.27027130 -12.35443020 0.21434490
v 3.25255990 -13.97468376 0.42820764
v 3.25230479 -13.56962013 0.42817405
v 3.25157619 -13.16455650 0.42807811
v 3.21050024 -13.97468376 0.63860822
v 3.21100807 -13.56962013 0.63870925
v 3.21102524 -13.16455650 0.63871264
v 3.25038862 -12.75949383 0.42792177
v 3.24875689 -12.35443020 0.42770696
v 3.21056461 -12.75949383 0.63862103
v 3.20963955 -12.35443020 0.63843703
v 3.13672900 -16.00000000 0.84048402
v 3.14065790 -15.59493637 0.84153676
v 3.14404345 -15.18987370 0.84244388
v 3.05703163 -16.00000000 1.03772235
v 3.06167316 -15.59493637 1.03929794
v 3.06578755 -15.18987370 1.04069459
v 3.14689326 -14.78481007 0.84320754
v 3.14921641 -14.37974644 0.84382999
v 3.06938052 -14.78481007 1.04191422
v 3.07245803 -14.37974644 1.04295897
v 2.96238518 -16.00000000 1.22706020
v 2.96762609 -15.59493637 1.22923100
v 2.97236681 -15.18987370 1.23119473
v 2.85412097 -16.00000000 1.40749669
v 2.85982203 -15.59493637 1.41030824
v 2.86506009 -15.18987370 1.41289127
v 2.97661090 -14.78481007 1.23295259
v 2.98036194 -14.37974644 1.23450637
v 2.86983562 -14.78481007 1.41524637
v 2.87415004 -14.37974644 1.41737401
v 3.15102220 -13.97468376 0.84431380
v 3.15232015 -13.56962013 0.84466165
v 3.15312099 -13.16455650 0.84487617
v 3.07502699 -13.97468376 1.04383099
v 3.07709503 -13.56962013 1.04453301
v 3.07866979 -13.16455650 1.04506755
v 3.15343523 -12.75949383 0.84496045
v 3.15327477 -12.35443020 0.84491742
v 3.07976031 -12.75949383 1.04543769
v 3.08037519 -12.35443020 1.04564655
v 2.98362398 -13.97468376 1.23585749
v 2.98640203 -13.56962013 1.23700821
v 2.98870182 -13.16455650 1.23796082
v 2.87800503 -13.97468376 1.41927505
v 2.88140321 -13.56962013 1.42095077
v 2.88434744 -13.16455650 1.42240274
v 2.99052930 -12.75949383 1.23871779
v 2.99189138 -12.35443020 1.23928201
v 2.88684154 -12.75949383 1.42363274
v 2.88889003 -12.35443020 1.42464280
v 3.27124810 -11.94936752 0.00000000
v 3.26786542 -11.54430389 0.00000000
v 3.26415229 -11.13924026 0.00000000
v 3.26764154 -11.94936752 0.21417254
v 3.26462913 -11.54430389 0.21397509
v 3.26124978 -11.13924026 0.21375361
v 3.26012492 -10.73417759 0.00000000
v 3.25579906 -10.32911396 0.00000000
v 3.25752044 -10.73417759 0.21350917
v 3.25345707 -10.32911396 0.21324284
v 3.24669623 -11.94936752 0.42743567
v 3.24422216 -11.54430389 0.42710996
v 3.24135041 -11.13924026 0.42673188
v 3.20826411 -11.94936752 0.63816339
v 3.20645189 -11.54430389 0.63780296
v 3.20421767 -11.13924026 0.63735855
v 3.23809648 -10.73417759 0.42630351
v 3.23447680 -10.32911396 0.42582694
v 3.20157599 -10.73417759 0.63683307
v 3.19854212 -10.32911396 0.63622957
v 3.25119138 -9.92405033 0.00000000
v 3.24631739 -9.51898766 0.00000000
v 3.24119306 -9.11392403 0.00000000
v 3.24907637 -9.92405033 0.21295571
v 3.24439454 -9.51898766 0.21264885
v 3.23942780 -9.11392403 0.21232331
v 3.23583364 -8.70886040 0.00000000
v 3.23025489 -8.30379772 0.00000000
v 3.23419237 -8.70886040 0.21198016
v 3.22870421 -8.30379772 0.21162046
v 3.23050690 -9.92405033 0.42530432
v 3.22620344 -9.51898766 0.42473775
v 3.22158241 -9.11392403 0.42412937
v 3.19513106 -9.92405033 0.63555110
v 3.19135833 -9.51898766 0.63480061
v 3.18723941 -9.11392403 0.63398135
v 3.21666026 -8.70886040 0.42348135
v 3.21145296 -8.30379772 0.42279580
v 3.18279028 -8.70886040 0.63309634
v 3.17802691 -8.30379772 0.63214886
v 3.15265107 -11.94936752 0.84475029
v 3.15157652 -11.54430389 0.84446239
v 3.15006423 -11.13924026 0.84405714
v 3.08052468 -11.94936752 1.04569721
v 3.08021855 -11.54430389 1.04559338
v 3.07946801 -11.13924026 1.04533851
v 3.14812684 -10.73417759 0.84353805
v 3.14577818 -10.32911396 0.84290874
v 3.07828403 -10.73417759 1.04493666
v 3.07667828 -10.32911396 1.04439151
v 2.99279547 -11.94936752 1.23965645
v 2.99324918 -11.54430389 1.23984444
v 2.99326110 -11.13924026 1.23984933
v 2.89049745 -11.94936752 1.42543554
v 2.89166951 -11.54430389 1.42601359
v 2.89241266 -11.13924026 1.42638004
v 2.99284053 -10.73417759 1.23967516
v 2.99199700 -10.32911396 1.23932576
v 2.89273310 -10.73417759 1.42653811
v 2.89263844 -10.32911396 1.42649138
v 3.14303231 -9.92405033 0.84217298
v 3.13990331 -9.51898766 0.84133452
v 3.13640547 -9.11392403 0.84039730
v 3.07466292 -9.92405033 1.04370749
v 3.07225084 -9.51898766 1.04288864
v 3.06945443 -9.11392403 1.04193938
v 3.13255382 -8.70886040 0.83936530
v 3.12836337 -8.30379772 0.83824247
v 3.06276369 -8.30379772 1.03966820
v 3.06628776 -8.70886040 1.04086435
v 2.99074054 -9.92405033 1.23880529
v 2.98908162 -9.51898766 1.23811817
v 2.98703146 -9.11392403 1.23726892
v 2.89213634 -9.92405033 1.42624390
v 2.89123559 -9.51898766 1.42579961
v 2.88994455 -9.11392403 1.42516291
v 2.98460174 -8.70886040 1.23626256
v 2.98180413 -8.30379772 1.23510373
v 2.88827324 -8.70886040 1.42433870
v 2.88623118 -8.30379772 1.42333174
v 2.73351622 -16.00000000 1.57819629
v 2.73952270 -15.59493637 1.58166409
v 2.74511075 -15.18987370 1.58489048
v 2.45993829 -16.00000000 1.88757718
v 2.46605706 -15.59493637 1.89227200
v 2.47186399 -15.18987370 1.89672804
v 2.60175586 -16.00000000 1.73843765
v 2.60790300 -15.59493637 1.74254501
v 2.61368299 -15.18987370 1.74640715
v 2.75027895 -14.78481007 1.58787429
v 2.75502634 -14.37974644 1.59061515
v 2.47735500 -14.78481007 1.90094137
v 2.48252559 -14.37974644 1.90490878
v 2.61909246 -14.78481007 1.75002158
v 2.62412834 -14.37974644 1.75338650
v 1.98480296 -16.00000000 2.26323390
v 1.98982501 -15.59493637 2.26896071
v 1.99471176 -15.18987370 2.27453279
v 2.15036106 -16.00000000 2.15036106
v 2.15591264 -15.59493637 2.15591264
v 2.16127062 -15.18987370 2.16127062
v 1.99945676 -14.78481007 2.27994347
v 2.00405383 -14.37974644 2.28518534
v 2.16642904 -14.78481007 2.16642904
v 2.17138171 -14.37974644 2.17138171
v 2.30911779 -16.00000000 2.02504182
v 2.31503701 -15.59493637 2.03023291
v 2.32070351 -15.18987370 2.03520226
v 2.32611132 -14.78481007 2.03994489
v 2.33125544 -14.37974644 2.04445601
v 2.75935245 -13.97468376 1.59311295
v 2.76325750 -13.56962013 1.59536755
v 2.76674247 -13.16455650 1.59737945
v 2.62878847 -13.97468376 1.75650036
v 2.63307118 -13.56962013 1.75936186
v 2.63697457 -13.16455650 1.76197016
v 2.76980829 -12.75949383 1.59914958
v 2.77245712 -12.35443020 1.60067892
v 2.64049840 -12.75949383 1.76432467
v 2.64364219 -12.35443020 1.76642513
v 2.00849676 -13.97468376 2.29025173
v 2.01277947 -13.56962013 2.29513502
v 2.01689577 -13.16455650 2.29982877
v 2.17612290 -13.97468376 2.17612290
v 2.18064618 -13.56962013 2.18064618
v 2.18494678 -13.16455650 2.18494678
v 2.02083969 -12.75949383 2.30432606
v 2.02460599 -12.35443020 2.30862069
v 2.18901896 -12.75949383 2.18901896
v 2.19285798 -12.35443020 2.19285798
v 2.48737144 -13.97468376 1.90862715
v 2.49188924 -13.56962013 1.91209376
v 2.33613014 -13.97468376 2.04873109
v 2.34073067 -13.56962013 2.05276585
v 2.49607563 -13.16455650 1.91530621
v 2.34505272 -13.16455650 2.05655599
v 2.49992824 -12.75949383 1.91826236
v 2.34909177 -12.75949383 2.06009817
v 2.50344443 -12.35443020 1.92096055
v 2.35284400 -12.35443020 2.06338882
v 0.91841918 -16.00000000 2.70557570
v 0.91848332 -15.59493637 2.70576453
v 0.91860956 -15.18987370 2.70613670
v 1.09918725 -16.00000000 2.65367293
v 1.10003877 -15.59493637 2.65572834
v 1.10094512 -15.18987370 2.65791678
v 0.91879869 -14.78481007 2.70669365
v 0.91905081 -14.37974644 2.70743656
v 1.10190582 -14.78481007 2.66023612
v 1.10291982 -14.37974644 2.66268396
v 1.63827574 -16.00000000 2.45185280
v 1.64182198 -15.59493637 2.45716023
v 1.64533508 -15.18987370 2.46241784
v 1.27990890 -16.00000000 2.59539866
v 1.28165054 -15.59493637 2.59893036
v 1.45994234 -16.00000000 2.52869439
v 1.46260357 -15.59493637 2.53330374
v 1.28342867 -15.18987370 2.60253596
v 1.46527147 -15.18987370 2.53792477
v 1.64881015 -14.78481007 2.46761870
v 1.65224206 -14.37974644 2.47275496
v 1.28524101 -14.78481007 2.60621095
v 1.46794248 -14.78481007 2.54255104
v 1.28708506 -14.37974644 2.60995030
v 1.47061253 -14.37974644 2.54717565
v 0.91936606 -13.97468376 2.70836496
v 0.91974384 -13.56962013 2.70947790
v 0.92018342 -13.16455650 2.71077299
v 1.10398543 -13.97468376 2.66525650
v 1.10510099 -13.56962013 2.66794968
v 1.10626423 -13.16455650 2.67075825
v 0.92068380 -12.75949383 2.71224689
v 0.92124349 -12.35443020 2.71389580
v 1.10747278 -12.75949383 2.67367578
v 1.10872388 -12.35443020 2.67669630
v 1.65562558 -13.97468376 2.47781873
v 1.65895522 -13.56962013 2.48280191
v 1.66222537 -13.16455650 2.48769593
v 1.28895772 -13.97468376 2.61374784
v 1.29085600 -13.56962013 2.61759686
v 1.47327745 -13.97468376 2.55179119
v 1.47593260 -13.56962013 2.55639029
v 1.29277623 -13.16455650 2.62149072
v 1.47857344 -13.16455650 2.56096435
v 1.66543031 -12.75949383 2.49249244
v 1.66856432 -12.35443020 2.49718308
v 1.48119497 -12.75949383 2.56550503
v 1.29471469 -12.75949383 2.62542152
v 1.48379219 -12.35443020 2.57000351
v 1.29666722 -12.35443020 2.62938118
v 1.81367147 -16.00000000 2.36362267
v 1.81801713 -15.59493637 2.36928606
v 1.82228136 -15.18987370 2.37484336
v 1.82645869 -14.78481007 2.38028741
v 1.83054316 -14.37974644 2.38561034
v 1.83452868 -13.97468376 2.39080429
v 1.83840919 -13.56962013 2.39586163
v 1.84217882 -13.16455650 2.40077400
v 1.84583139 -12.75949383 2.40553427
v 1.84936094 -12.35443020 2.41013408
v 2.77469158 -11.94936752 1.60196888
v 2.77651453 -11.54430389 1.60302150
v 2.77793002 -11.13924026 1.60383868
v 2.64640594 -11.94936752 1.76827192
v 2.64879084 -11.54430389 1.76986551
v 2.65079832 -11.13924026 1.77120686
v 2.77894235 -10.73417759 1.60442305
v 2.77955627 -10.32911396 1.60477757
v 2.65243053 -10.73417759 1.77229738
v 2.65368962 -10.32911396 1.77313864
v 2.02818847 -11.94936752 2.31270576
v 2.19645882 -11.94936752 2.19645882
v 2.19981742 -11.54430389 2.19981742
v 2.20292950 -11.13924026 2.20292950
v 2.20579171 -10.73417759 2.20579171
v 2.20840073 -10.32911396 2.20840073
v 2.50662303 -11.94936752 1.92339945
v 2.50946236 -11.54430389 1.92557812
v 2.35630631 -11.94936752 2.06642509
v 2.35947561 -11.54430389 2.06920457
v 2.51196194 -11.13924026 1.92749619
v 2.36234903 -11.13924026 2.07172465
v 2.51412153 -10.73417759 1.92915332
v 2.36492515 -10.73417759 2.07398367
v 2.51594162 -10.32911396 1.93054986
v 2.36720181 -10.32911396 2.07598019
v 2.77977729 -9.92405033 1.60490525
v 2.77961183 -9.51898766 1.60480952
v 2.77906609 -9.11392403 1.60449457
v 2.65457892 -9.92405033 1.77373302
v 2.65510249 -9.51898766 1.77408278
v 2.65526414 -9.11392403 1.77419090
v 2.77814746 -8.70886040 1.60396421
v 2.77686381 -8.30379772 1.60322309
v 2.65506935 -8.70886040 1.77406061
v 2.65452313 -8.30379772 1.77369571
v 2.21075368 -9.92405033 2.21075368
v 2.21284819 -9.51898766 2.21284819
v 2.21468234 -9.11392403 2.21468234
v 2.21625471 -8.70886040 2.21625471
v 2.21756434 -8.30379772 2.21756434
v 2.51742315 -9.92405033 1.93168676
v 2.51856756 -9.51898766 1.93256485
v 2.36917806 -9.92405033 2.07771349
v 2.37085366 -9.51898766 2.07918286
v 2.51937699 -9.11392403 1.93318594
v 2.37222815 -9.11392403 2.08038831
v 2.51985383 -8.70886040 1.93355179
v 2.37330222 -8.70886040 2.08133006
v 2.52000141 -8.30379772 1.93366516
v 2.37407660 -8.30379772 2.08200932
v 0.92186075 -11.94936752 2.71571422
v 0.92253369 -11.54430389 2.71769667
v 0.92326009 -11.13924026 2.71983647
v 1.11001456 -11.94936752 2.67981219
v 1.11134148 -11.54430389 2.68301558
v 1.11270118 -11.13924026 2.68629813
v 0.92403746 -10.73417759 2.72212672
v 1.11408997 -10.73417759 2.68965101
v 1.11550403 -10.32911396 2.69306493
v 1.67162168 -11.94936752 2.50175858
v 1.67459667 -11.54430389 2.50621104
v 1.67748344 -11.13924026 2.51053143
v 1.48635983 -11.94936752 2.57445073
v 1.48889267 -11.54430389 2.57883787
v 1.29862976 -11.94936752 2.63336086
v 1.30059791 -11.54430389 2.63735175
v 1.49138546 -11.13924026 2.58315539
v 1.30256701 -11.13924026 2.64134455
v 1.68027627 -10.73417759 2.51471114
v 1.68296969 -10.32911396 2.51874208
v 1.49383259 -10.73417759 2.58739376
v 1.30453229 -10.73417759 2.64532995
v 1.49622869 -10.32911396 2.59154415
v 1.30648911 -10.32911396 2.64929795
v 0.92486316 -10.32911396 2.72455907
v 1.11693943 -9.92405033 2.69653010
v 1.11839187 -9.51898766 2.70003676
v 1.11985719 -9.11392403 2.70357442
v 1.12133110 -8.70886040 2.70713282
v 1.12280917 -8.30379772 2.71070123
v 1.49856842 -9.92405033 2.59559655
v 1.50084627 -9.51898766 2.59954214
v 1.30843246 -9.92405033 2.65323853
v 1.31035745 -9.51898766 2.65714216
v 1.50305712 -9.11392403 2.60337138
v 1.31225908 -9.11392403 2.66099834
v 1.68555820 -9.92405033 2.52261615
v 1.68803656 -9.51898766 2.52632523
v 1.69039929 -9.11392403 2.52986145
v 1.50519574 -8.70886040 2.60707545
v 1.31413245 -8.70886040 2.66479683
v 1.50725687 -8.30379772 2.61064553
v 1.31597245 -8.30379772 2.66852808
v 1.69264174 -8.70886040 2.53321743
v 1.69475901 -8.30379772 2.53638601
v 0.92573422 -9.92405033 2.72712517
v 0.92664766 -9.51898766 2.72981596
v 0.92760026 -9.11392403 2.73262239
v 0.92858863 -8.70886040 2.73553395
v 0.92960930 -8.30379772 2.73854065
v 1.85276163 -11.94936752 2.41456580
v 2.03158236 -11.54430389 2.31657553
v 1.85602760 -11.54430389 2.41882229
v 2.03478217 -11.13924026 2.32022429
v 1.85915327 -11.13924026 2.42289567
v 1.86213315 -10.73417759 2.42677903
v 1.86496186 -10.32911396 2.43046570
v 2.03778338 -10.73417759 2.32364655
v 2.04058146 -10.32911396 2.32683706
v 1.86763453 -9.92405033 2.43394876
v 1.87014627 -9.51898766 2.43722200
v 1.87249243 -9.11392403 2.44027972
v 2.04317212 -9.92405033 2.32979131
v 2.04555178 -9.51898766 2.33250475
v 2.04771686 -9.11392403 2.33497357
v 1.87466884 -8.70886040 2.44311595
v 1.87667167 -8.30379772 2.44572616
v 2.04966426 -8.70886040 2.33719420
v 2.05139136 -8.30379772 2.33916354
v 2.79988575 -1.01265824 1.38075078
v 2.79319930 -0.60759491 1.37745345
v 2.78641200 -0.20253165 1.37410641
v 3.22447133 -7.89873409 0.00000000
v 3.21849823 -7.49367094 0.00000000
v 3.21234989 -7.08860779 0.00000000
v 3.22297955 -7.89873409 0.21124524
v 3.21703410 -7.49367094 0.21085556
v 3.21088338 -7.08860779 0.21045242
v 3.20604086 -6.68354416 0.00000000
v 3.19958496 -6.27848101 0.00000000
v 3.20454288 -6.68354416 0.21003684
v 3.19802785 -6.27848101 0.20960982
v 3.20597720 -7.89873409 0.42207488
v 3.20024872 -7.49367094 0.42132074
v 3.19428396 -7.08860779 0.42053548
v 3.17296505 -7.89873409 0.63114196
v 3.16762090 -7.49367094 0.63007897
v 3.16201067 -7.08860779 0.62896305
v 3.18809891 -6.68354416 0.41972119
v 3.18170953 -6.27848101 0.41888002
v 3.15615058 -6.68354416 0.62779737
v 3.15005636 -6.27848101 0.62658519
v 3.19299579 -5.87341785 0.00000000
v 3.18628669 -5.46835423 0.00000000
v 3.17947078 -5.06329107 0.00000000
v 3.19135308 -5.87341785 0.20917234
v 3.18453360 -5.46835423 0.20872536
v 3.17758346 -5.06329107 0.20826983
v 3.17256069 -4.65822792 0.00000000
v 3.16556883 -4.25316477 0.00000000
v 3.17051721 -4.65822792 0.20780668
v 3.16334867 -4.25316477 0.20733681
v 3.17513156 -5.87341785 0.41801399
v 3.16838050 -5.46835423 0.41712523
v 3.16147208 -5.06329107 0.41621569
v 3.14374447 -5.87341785 0.62532967
v 3.13723087 -5.46835423 0.62403399
v 3.13053131 -5.06329107 0.62270141
v 3.15442133 -4.65822792 0.41528746
v 3.14724350 -4.25316477 0.41434246
v 3.12366176 -4.65822792 0.62133497
v 3.11663795 -4.25316477 0.61993784
v 3.12384939 -7.89873409 0.83703291
v 3.11902714 -7.49367094 0.83574080
v 3.11391234 -7.08860779 0.83437026
v 3.05889702 -7.89873409 1.03835559
v 3.05470157 -7.49367094 1.03693140
v 3.05019188 -7.08860779 1.03540063
v 3.10852051 -6.68354416 0.83292556
v 3.10286760 -6.27848101 0.83141088
v 3.04538298 -6.68354416 1.03376818
v 3.04028964 -6.27848101 1.03203928
v 2.97865129 -7.89873409 1.23379767
v 2.97515559 -7.49367094 1.23234975
v 2.97133064 -7.08860779 1.23076546
v 2.88382888 -7.89873409 1.42214704
v 2.88107753 -7.49367094 1.42079031
v 2.87798834 -7.08860779 1.41926682
v 2.96718931 -6.68354416 1.22905004
v 2.96274590 -6.27848101 1.22720957
v 2.87457299 -6.68354416 1.41758251
v 2.87084365 -6.27848101 1.41574335
v 3.09696960 -5.87341785 0.82983047
v 3.09084225 -5.46835423 0.82818866
v 3.08450150 -5.06329107 0.82648969
v 3.03492713 -5.87341785 1.03021896
v 3.02931094 -5.46835423 1.02831244
v 3.02345610 -5.06329107 1.02632511
v 3.07796335 -4.65822792 0.82473779
v 3.07124376 -4.25316477 0.82293725
v 3.01737881 -4.65822792 1.02426207
v 3.01109409 -4.25316477 1.02212870
v 2.95801425 -5.87341785 1.22524965
v 2.95300865 -5.46835423 1.22317624
v 2.94774342 -5.06329107 1.22099531
v 2.86681271 -5.87341785 1.41375566
v 2.86249328 -5.46835423 1.41162550
v 2.85789847 -5.06329107 1.40935957
v 2.94223380 -4.65822792 1.21871305
v 2.93649411 -4.25316477 1.21633565
v 2.85304165 -4.65822792 1.40696454
v 2.84793687 -4.25316477 1.40444696
v 3.15850735 -3.84810138 0.00000000
v 3.15138745 -3.44303799 0.00000000
v 3.14422083 -3.03797460 0.00000000
v 3.15609121 -3.84810138 0.20686114
v 3.14875817 -3.44303799 0.20638052
v 3.14136267 -3.03797460 0.20589578
v 3.13701820 -2.63291144 0.00000000
v 3.12979031 -2.22784805 0.00000000
v 3.13391709 -2.63291144 0.20540778
v 3.12643409 -2.22784805 0.20491731
v 3.13995290 -3.84810138 0.41338265
v 3.13256454 -3.44303799 0.41240996
v 3.12509274 -3.03797460 0.41142628
v 3.10947561 -3.84810138 0.61851317
v 3.10218978 -3.44303799 0.61706394
v 3.09479594 -3.03797460 0.61559319
v 3.11755109 -2.63291144 0.41043341
v 3.10995388 -2.22784805 0.40943319
v 3.08730888 -2.63291144 0.61410391
v 3.07974362 -2.22784805 0.61259913
v 3.12254715 -1.82278478 0.00000000
v 3.11529875 -1.41772151 0.00000000
v 3.10805464 -1.01265824 0.00000000
v 3.11892533 -1.82278478 0.20442517
v 3.11140251 -1.41772151 0.20393209
v 3.10387707 -1.01265824 0.20343885
v 3.10082412 -0.60759491 0.00000000
v 3.09361601 -0.20253165 0.00000000
v 3.09635973 -0.60759491 0.20294614
v 3.08886123 -0.20253165 0.20245466
v 3.10231400 -1.82278478 0.40842739
v 3.09464478 -1.41772151 0.40741771
v 3.08695912 -1.01265824 0.40640590
v 3.05672264 -1.01265824 0.60801989
v 3.07211471 -1.82278478 0.61108160
v 3.06443644 -1.41772151 0.60955429
v 3.07926965 -0.60759491 0.40539354
v 3.07158828 -0.20253165 0.40438226
v 3.04898715 -0.60759491 0.60648125
v 3.04124379 -0.20253165 0.60494101
v 3.05732346 -3.44303799 0.81920731
v 3.05015421 -3.03797460 0.81728631
v 3.06435847 -3.84810138 0.82109237
v 3.00461817 -3.84810138 1.01993036
v 2.99796629 -3.44303799 1.01767242
v 2.99115443 -3.03797460 1.01536012
v 3.04286647 -2.63291144 0.81533360
v 3.03547549 -2.22784805 0.81335318
v 2.98419833 -2.63291144 1.01299882
v 2.97711349 -2.22784805 1.01059389
v 2.93053985 -3.84810138 1.21386933
v 2.92438602 -3.44303799 1.21132028
v 2.91804790 -3.03797460 1.20869505
v 2.84259772 -3.84810138 1.40181410
v 2.83703876 -3.44303799 1.39907265
v 2.83127427 -3.03797460 1.39622998
v 2.91154099 -2.63291144 1.20599973
v 2.90488052 -2.22784805 1.20324087
v 2.82531905 -2.63291144 1.39329314
v 2.81918764 -2.22784805 1.39026940
v 3.02799678 -1.82278478 0.81134927
v 3.02044535 -1.41772151 0.80932587
v 3.01283598 -1.01265824 0.80728698
v 2.96991539 -1.82278478 1.00815046
v 2.96262002 -1.41772151 1.00567400
v 2.95524240 -1.01265824 1.00316954
v 3.00518370 -0.60759491 0.80523658
v 2.99750280 -0.20253165 0.80317849
v 2.94779754 -0.60759491 1.00064242
v 2.94030118 -0.20253165 0.99809778
v 2.89808202 -1.82278478 1.20042491
v 2.89116120 -1.41772151 1.19755816
v 2.88413286 -1.01265824 1.19464695
v 2.81289482 -1.82278478 1.38716626
v 2.80645585 -1.41772151 1.38399088
v 2.87701321 -0.60759491 1.19169784
v 2.86981678 -0.20253165 1.18871701
v 2.77522349 -7.89873409 1.60227597
v 2.77323484 -7.49367094 1.60112798
v 2.77090788 -7.08860779 1.59978437
v 2.65363169 -7.89873409 1.77310002
v 2.65240145 -7.49367094 1.77227807
v 2.65083981 -7.08860779 1.77123451
v 2.76825166 -6.68354416 1.59825087
v 2.76527691 -6.27848101 1.59653342
v 2.64895415 -6.68354416 1.76997459
v 2.64675260 -6.27848101 1.76850355
v 2.21861053 -7.89873409 2.21861053
v 2.21939373 -7.49367094 2.21939373
v 2.21991372 -7.08860779 2.21991372
v 2.22017217 -6.68354416 2.22017217
v 2.22017002 -6.27848101 2.22017002
v 2.51982355 -7.89873409 1.93352854
v 2.37455320 -7.89873409 2.08242726
v 2.51932430 -7.49367094 1.93314552
v 2.51850867 -7.08860779 1.93251967
v 2.37473369 -7.49367094 2.08258557
v 2.37462091 -7.08860779 2.08248663
v 2.51738214 -6.68354416 1.93165517
v 2.37421799 -6.68354416 2.08213329
v 2.51595020 -6.27848101 1.93055654
v 2.37352824 -6.27848101 2.08152843
v 2.76199436 -5.87341785 1.59463811
v 2.75841475 -5.46835423 1.59257150
v 2.75454974 -5.06329107 1.59034002
v 2.64424372 -5.87341785 1.76682723
v 2.64143705 -5.46835423 1.76495183
v 2.63834167 -5.06329107 1.76288354
v 2.75041127 -4.65822792 1.58795071
v 2.74601173 -4.25316477 1.58541059
v 2.63496780 -4.65822792 1.76062918
v 2.63132572 -4.25316477 1.75819564
v 2.21990991 -5.87341785 2.21990991
v 2.21939373 -5.46835423 2.21939373
v 2.21862483 -5.06329107 2.21862483
v 2.21760678 -4.65822792 2.21760678
v 2.21634364 -4.25316477 2.21634364
v 2.51421976 -5.87341785 1.92922866
v 2.37255645 -5.87341785 2.08067608
v 2.51219726 -5.46835423 1.92767680
v 2.50989079 -5.06329107 1.92590690
v 2.37130666 -5.46835423 2.07958007
v 2.36978459 -5.06329107 2.07824540
v 2.50730753 -4.65822792 1.92392480
v 2.36799574 -4.65822792 2.07667661
v 2.50445652 -4.25316477 1.92173707
v 2.36594653 -4.25316477 2.07487941
v 1.12428701 -7.89873409 2.71426916
v 1.12576020 -7.49367094 2.71782541
v 1.12722409 -7.08860779 2.72135973
v 1.50923574 -7.89873409 2.61407280
v 1.31777418 -7.89873409 2.67218184
v 1.51112735 -7.49367094 2.61734939
v 1.51292717 -7.08860779 2.62046671
v 1.31953299 -7.49367094 2.67574811
v 1.32124388 -7.08860779 2.67921734
v 1.69674647 -7.89873409 2.53936052
v 1.69860005 -7.49367094 2.54213452
v 1.70031559 -7.08860779 2.54470205
v 1.32290220 -6.68354416 2.68258023
v 1.51463068 -6.68354416 2.62341738
v 1.32450354 -6.27848101 2.68582749
v 1.51623380 -6.27848101 2.62619400
v 1.70188951 -6.68354416 2.54705763
v 1.70331836 -6.27848101 2.54919600
v 0.93065864 -7.89873409 2.74163198
v 0.93173295 -7.49367094 2.74479675
v 0.93282855 -7.08860779 2.74802423
v 0.93394160 -6.68354416 2.75130320
v 0.93506831 -6.27848101 2.75462222
v 1.12867439 -6.68354416 2.72486115
v 1.13010681 -6.27848101 2.72831917
v 1.32604337 -5.87341785 2.68895006
v 1.51773250 -5.87341785 2.62878990
v 1.32751763 -5.46835423 2.69193935
v 1.32892215 -5.06329107 2.69478750
v 1.51912308 -5.46835423 2.63119841
v 1.52040207 -5.06329107 2.63341355
v 1.70459902 -5.87341785 2.55111265
v 1.70572889 -5.46835423 2.55280352
v 1.70670545 -5.06329107 2.55426526
v 1.33025301 -4.65822792 2.69748640
v 1.52156639 -4.65822792 2.63543010
v 1.33150685 -4.25316477 2.70002866
v 1.52261305 -4.25316477 2.63724303
v 1.70752680 -4.65822792 2.55549455
v 1.70819128 -4.25316477 2.55648899
v 0.93620473 -5.87341785 2.75797009
v 0.93734711 -5.46835423 2.76133561
v 0.93849158 -5.06329107 2.76470709
v 1.13151681 -5.87341785 2.73172307
v 1.13290024 -5.46835423 2.73506308
v 1.13425291 -5.06329107 2.73832870
v 0.93963444 -4.65822792 2.76807380
v 0.94077182 -4.25316477 2.77142429
v 1.13557076 -4.65822792 2.74151039
v 1.13685000 -4.25316477 2.74459863
v 1.87849712 -7.89873409 2.44810510
v 1.88014209 -7.49367094 2.45024896
v 1.88160360 -7.08860779 2.45215344
v 2.05289602 -7.89873409 2.34087920
v 2.05417633 -7.49367094 2.34233904
v 2.05523086 -7.08860779 2.34354162
v 1.88287914 -6.68354416 2.45381570
v 1.88396657 -6.27848101 2.45523310
v 2.05605865 -6.68354416 2.34448552
v 2.05665946 -6.27848101 2.34517074
v 1.88486421 -5.87341785 2.45640278
v 1.88557076 -5.46835423 2.45732379
v 1.88608539 -5.06329107 2.45799422
v 2.05703330 -5.87341785 2.34559679
v 2.05718040 -5.46835423 2.34576464
v 2.05710196 -5.06329107 2.34567523
v 1.88640761 -4.65822792 2.45841432
v 1.88653731 -4.25316477 2.45858335
v 2.05679917 -4.65822792 2.34533000
v 2.05627418 -4.25316477 2.34473133
v 2.74136353 -3.84810138 1.58272696
v 2.73647952 -3.44303799 1.57990718
v 2.73137283 -3.03797460 1.57695889
v 2.62742662 -3.84810138 1.75559032
v 2.62328148 -3.44303799 1.75282061
v 2.61890173 -3.03797460 1.74989426
v 2.72605729 -2.63291144 1.57388985
v 2.72054625 -2.22784805 1.57070804
v 2.61429954 -2.63291144 1.74681914
v 2.60948730 -2.22784805 1.74360371
v 2.21483970 -3.84810138 2.21483970
v 2.21113038 -3.03797460 2.21113038
v 2.21310019 -3.44303799 2.21310019
v 2.20893669 -2.63291144 2.20893669
v 2.20652509 -2.22784805 2.20652509
v 2.50134611 -3.84810138 1.91935050
v 2.36364341 -3.84810138 2.07285976
v 2.49798608 -3.44303799 1.91677213
v 2.49438596 -3.03797460 1.91400957
v 2.36109400 -3.44303799 2.07062387
v 2.35830545 -3.03797460 2.06817842
v 2.49055552 -2.63291144 1.91107047
v 2.35528612 -2.63291144 2.06553054
v 2.48650575 -2.22784805 1.90796304
v 2.35204482 -2.22784805 2.06268787
v 2.71485353 -1.82278478 1.56742144
v 2.70899343 -1.41772151 1.56403804
v 2.70298004 -1.01265824 1.56056631
v 2.48224735 -1.82278478 1.90469539
v 2.47779155 -1.41772151 1.90127635
v 2.47315001 -1.01265824 1.89771473
v 2.60447717 -1.82278478 1.74025607
v 2.59928226 -1.41772151 1.73678482
v 2.59391546 -1.01265824 1.73319888
v 2.69682813 -0.60759491 1.55701435
v 2.69055176 -0.20253165 1.55339074
v 2.46833420 -0.60759491 1.89401948
v 2.46335673 -0.20253165 1.89020014
v 2.58839011 -0.60759491 1.72950697
v 2.58271980 -0.20253165 1.72571826
v 2.20390272 -1.82278478 2.20390272
v 2.20107675 -1.41772151 2.20107675
v 2.19805503 -1.01265824 2.19805503
v 2.19484568 -0.60759491 2.19484568
v 2.19145751 -0.20253165 2.19145751
v 2.34858990 -1.82278478 2.05965805
v 2.34493136 -1.41772151 2.05644965
v 2.34107852 -1.01265824 2.05307078
v 2.33704138 -0.60759491 2.04953027
v 2.33283091 -0.20253165 2.04583788
v 1.33267999 -3.84810138 2.70240760
v 1.33376944 -3.44303799 2.70461679
v 1.33477223 -3.03797460 2.70665026
v 1.70869768 -3.84810138 2.55724692
v 1.52353954 -3.84810138 2.63884783
v 1.70904517 -3.44303799 2.55776668
v 1.70923316 -3.03797460 2.55804825
v 1.52434373 -3.44303799 2.64024067
v 1.52502358 -3.03797460 2.64141846
v 1.33568573 -2.63291144 2.70850277
v 1.33650768 -2.22784805 2.71016955
v 1.70926178 -2.63291144 2.55809093
v 1.52557778 -2.63291144 2.64237809
v 1.70913124 -2.22784805 2.55789566
v 1.52600491 -2.22784805 2.64311790
v 0.94190013 -3.84810138 2.77474833
v 0.94301581 -3.44303799 2.77803493
v 0.94411534 -3.03797460 2.78127408
v 1.13808668 -3.84810138 2.74758434
v 1.13927734 -3.44303799 2.75045872
v 1.14041853 -3.03797460 2.75321388
v 0.94519538 -2.63291144 2.78445578
v 0.94625258 -2.22784805 2.78757024
v 1.14150691 -2.63291144 2.75584149
v 1.14253950 -2.22784805 2.75833440
v 1.33723593 -1.82278478 2.71164608
v 1.33786869 -1.41772151 2.71292949
v 1.33840466 -1.01265824 2.71401596
v 1.70884240 -1.82278478 2.55746341
v 1.52630413 -1.82278478 2.64363647
v 1.70839632 -1.41772151 2.55679584
v 1.70779479 -1.01265824 2.55589557
v 1.52647519 -1.41772151 2.64393258
v 1.52651775 -1.01265824 2.64400625
v 1.33884239 -0.60759491 2.71490383
v 1.33918142 -0.20253165 2.71559119
v 1.70703971 -0.60759491 2.55476546
v 1.52643216 -0.60759491 2.64385796
v 1.70613348 -0.20253165 2.55340934
v 1.52621901 -0.20253165 2.64348888
v 0.94728392 -1.82278478 2.79060841
v 0.94828647 -1.41772151 2.79356170
v 0.94925731 -1.01265824 2.79642177
v 1.14351344 -1.82278478 2.76068568
v 1.14442623 -1.41772151 2.76288939
v 1.14527547 -1.01265824 2.76493955
v 0.95019382 -0.60759491 2.79918075
v 0.75444335 -0.20253165 2.81562090
v 0.95109361 -0.20253165 2.80183148
v 1.14605892 -0.60759491 2.76683092
v 1.14677465 -0.20253165 2.76855898
v 1.88647521 -3.84810138 2.45850229
v 1.88622189 -3.44303799 2.45817232
v 1.88577890 -3.03797460 2.45759487
v 2.05552936 -3.84810138 2.34388208
v 2.05456758 -3.44303799 2.34278536
v 2.05339193 -3.03797460 2.34144473
v 1.88514781 -2.63291144 2.45677257
v 1.88433111 -2.22784805 2.45570803
v 2.05200672 -2.63291144 2.33986521
v 2.05041575 -2.22784805 2.33805108
v 1.88333118 -1.82278478 2.45440507
v 1.88215137 -1.41772151 2.45286751
v 1.88079512 -1.01265824 2.45109987
v 2.04862428 -1.82278478 2.33600807
v 2.04663706 -1.41772151 2.33374214
v 2.04445982 -1.01265824 2.33125949
v 1.87926650 -0.60759491 2.44910789
v 1.87756979 -0.20253165 2.44689655
v 2.04209876 -0.60759491 2.32856727
v 2.03956032 -0.20253165 2.32567286
v -2.45981550 0.20253165 -1.88748288
v -2.46113062 0.60759491 -1.88849187
v -2.46229768 1.01265824 -1.88938749
v -2.46331668 1.41772151 -1.89016938
v -2.46418667 1.82278478 -1.89083695
v -2.46490812 2.22784805 -1.89139056
v -2.46548128 2.63291144 -1.89183033
v -2.46590686 3.03797460 -1.89215684
v -2.46618605 3.44303799 -1.89237118
v -2.46632051 3.84810138 -1.89247441
v -1.96883333 0.20253165 -2.24502420
v -1.97186458 0.60759491 -2.24848056
v -1.97486043 1.01265824 -2.25189686
v -1.97781670 1.41772151 -2.25526762
v -1.98072898 1.82278478 -2.25858855
v -1.59750915 0.20253165 -2.39084125
v -1.60048831 0.60759491 -2.39530015
v -1.40763032 0.20253165 -2.43808722
v -1.41017568 0.60759491 -2.44249606
v -1.78563547 0.20253165 -2.32708549
v -1.78878284 0.60759491 -2.33118725
v -1.60352373 1.01265824 -2.39984274
v -1.60660994 1.41772151 -2.40446162
v -1.60974193 1.82278478 -2.40914893
v -1.41281700 1.01265824 -2.44707084
v -1.41554916 1.41772151 -2.45180297
v -1.41836727 1.82278478 -2.45668411
v -1.79194129 1.01265824 -2.33530331
v -1.79510570 1.41772151 -2.33942723
v -1.79827118 1.82278478 -2.34355259
v -2.14397573 0.20253165 -2.14397573
v -2.30832672 0.20253165 -2.02434826
v -2.14662504 0.60759491 -2.14662504
v -2.31037951 0.60759491 -2.02614856
v -2.14919567 1.01265824 -2.14919567
v -2.15168381 1.41772151 -2.15168381
v -2.31231546 1.01265824 -2.02784634
v -2.31413245 1.41772151 -2.02943969
v -2.15408659 1.82278478 -2.15408659
v -2.31582856 1.82278478 -2.03092718
v -1.98359358 2.22784805 -2.26185489
v -1.98640656 2.63291144 -2.26506257
v -1.98916459 3.03797460 -2.26820755
v -1.99186456 3.44303799 -2.27128625
v -1.81395578 3.84810138 -2.36399317
v -1.99450350 3.84810138 -2.27429533
v -1.61291456 2.22784805 -2.41389728
v -1.61612284 2.63291144 -2.41869879
v -1.42126632 2.22784805 -2.46170568
v -1.42424166 2.63291144 -2.46685910
v -1.80143297 2.22784805 -2.34767318
v -1.80458653 2.63291144 -2.35178304
v -1.61936212 3.03797460 -2.42354655
v -1.62262762 3.44303799 -2.42843366
v -1.62591481 3.84810138 -2.43335342
v -1.42728841 3.03797460 -2.47213602
v -1.43040168 3.44303799 -2.47752833
v -1.43357694 3.84810138 -2.48302817
v -1.80772758 3.03797460 -2.35587645
v -1.81085193 3.44303799 -2.35994816
v -2.15640092 2.22784805 -2.15640092
v -2.31740236 2.22784805 -2.03230739
v -2.15862465 2.63291144 -2.15862465
v -2.31885290 2.63291144 -2.03357935
v -2.16075563 3.03797460 -2.16075563
v -2.16279173 3.44303799 -2.16279173
v -2.32017922 3.03797460 -2.03474259
v -2.32138133 3.44303799 -2.03579664
v -2.16473174 3.84810138 -2.16473174
v -2.32245874 3.84810138 -2.03674173
v -2.46631217 4.25316477 -1.89246798
v -2.46616340 4.65822792 -1.89235377
v -2.32553887 5.46835423 -2.03944278
v -2.32600808 5.87341785 -2.03985429
v -2.46587682 5.06329107 -1.89213395
v -2.46545577 5.46835423 -1.89181077
v -2.46490359 5.87341785 -1.89138699
v -2.32636094 6.27848101 -2.04016376
v -2.32660031 6.68354416 -2.04037356
v -2.46422386 6.27848101 -1.89086556
v -2.46342134 6.68354416 -1.89024973
v -2.32672882 7.08860779 -2.04048634
v -2.32675028 7.49367094 -2.04050517
v -2.32666826 7.89873409 -2.04043341
v -2.46250057 7.08860779 -1.88954318
v -2.46146631 7.49367094 -1.88874948
v -2.46032405 7.89873409 -1.88787293
v -1.81703556 4.25316477 -2.36800671
v -1.99707913 4.25316477 -2.27723241
v -1.82008767 4.65822792 -2.37198448
v -1.99958909 4.65822792 -2.28009439
v -2.00203156 5.06329107 -2.28287935
v -2.00440478 5.46835423 -2.28558564
v -1.82310927 5.06329107 -2.37592220
v -1.82609749 5.46835423 -2.37981653
v -2.00670767 5.87341785 -2.28821158
v -1.82904959 5.87341785 -2.38366389
v -1.62921941 4.25316477 -2.43829918
v -1.63253736 4.65822792 -2.44326496
v -1.43680954 4.25316477 -2.48862720
v -1.44009519 4.65822792 -2.49431801
v -1.63586473 5.06329107 -2.44824457
v -1.63919771 5.46835423 -2.45323277
v -1.64253294 5.87341785 -2.45822430
v -1.44342947 5.06329107 -2.50009322
v -1.44680822 5.46835423 -2.50594544
v -1.45022750 5.87341785 -2.51186776
v -2.16657424 4.25316477 -2.16657424
v -2.32341242 4.25316477 -2.03757811
v -2.16831875 4.65822792 -2.16831875
v -2.32424283 4.65822792 -2.03830624
v -2.16996455 5.06329107 -2.16996455
v -2.17151189 5.46835423 -2.17151189
v -2.32495117 5.06329107 -2.03892732
v -2.17296052 5.87341785 -2.17296052
v -1.83196366 6.27848101 -2.38746142
v -1.83483744 6.68354416 -2.39120674
v -2.00893927 6.27848101 -2.29075623
v -2.01109910 6.68354416 -2.29321909
v -1.83766937 7.08860779 -2.39489746
v -1.84045815 7.49367094 -2.39853191
v -1.84320283 7.89873409 -2.40210867
v -2.01318693 7.08860779 -2.29559970
v -2.01520276 7.49367094 -2.29789829
v -2.01714706 7.89873409 -2.30011535
v -1.64586711 6.27848101 -2.46321416
v -1.64919710 6.68354416 -2.46819782
v -1.45368350 6.27848101 -2.51785374
v -1.45717239 6.68354416 -2.52389669
v -1.65252030 7.08860779 -2.47317147
v -1.65583408 7.49367094 -2.47813082
v -1.65913641 7.89873409 -2.48307300
v -1.46069098 7.08860779 -2.52999091
v -1.46423578 7.49367094 -2.53613067
v -1.46780372 7.89873409 -2.54231071
v -2.17431164 6.27848101 -2.17431164
v -2.17556620 6.68354416 -2.17556620
v -2.17672539 7.08860779 -2.17672539
v -2.17779088 7.49367094 -2.17779088
v -2.17876506 7.89873409 -2.17876506
v 0.00000000 0.20253165 -2.61286426
v 0.17331049 0.20253165 -2.64420700
v 0.00000000 0.60759491 -2.60044765
v 0.17232773 0.60759491 -2.62921309
v 0.17138016 1.01265824 -2.61475587
v 0.17046900 1.41772151 -2.60085440
v 0.35230294 0.20253165 -2.67600632
v 0.35004976 0.60759491 -2.65889192
v 0.53798318 0.20253165 -2.70462418
v 0.73038995 0.20253165 -2.72585249
v 0.72516060 0.60759491 -2.70633602
v 0.53427380 0.60759491 -2.68597579
v 0.34785771 1.01265824 -2.64224172
v 0.34572974 1.41772151 -2.62607813
v 0.34366864 1.82278478 -2.61042261
v 0.53063858 1.01265824 -2.66770029
v 0.52708268 1.41772151 -2.64982343
v 0.72000366 1.01265824 -2.68709016
v 0.71492654 1.41772151 -2.66814232
v 0.52361089 1.82278478 -2.63236976
v 0.70993650 1.82278478 -2.64951897
v 0.34167719 2.22784805 -2.59529591
v 0.52022815 2.22784805 -2.61536336
v 0.70504045 2.22784805 -2.63124681
v 0.51693887 2.63291144 -2.59882736
v 0.70024538 2.63291144 -2.61335135
v 0.69555789 3.03797460 -2.59585738
v -1.21886444 0.20253165 -2.47161245
v -1.22076690 0.60759491 -2.47547030
v -1.03344023 0.20253165 -2.49494553
v -0.85270590 0.20253165 -2.51199055
v -1.03457952 0.60759491 -2.49769568
v -0.85307229 0.60759491 -2.51307011
v -1.22279549 1.01265824 -2.47958398
v -1.22494626 1.41772151 -2.48394513
v -1.22721469 1.82278478 -2.48854518
v -1.03586280 1.01265824 -2.50079393
v -1.03728712 1.41772151 -2.50423265
v -0.85358649 1.01265824 -2.51458478
v -0.85424650 1.41772151 -2.51652908
v -1.03884912 1.82278478 -2.50800371
v -0.85505015 1.82278478 -2.51889658
v -0.67700028 0.20253165 -2.52659941
v -0.67670363 0.60759491 -2.52549219
v -0.50566161 0.20253165 -2.54213238
v -0.33717000 0.20253165 -2.56106043
v -0.50492364 0.60759491 -2.53842258
v -0.33630329 0.60759491 -2.55447721
v -0.67654383 1.01265824 -2.52489591
v -0.67652005 1.41772151 -2.52480721
v -0.67663139 1.82278478 -2.52522278
v -0.50429869 1.01265824 -2.53528047
v -0.50378680 1.41772151 -2.53270721
v -0.33551577 1.01265824 -2.54849529
v -0.33480808 1.41772151 -2.54311991
v -0.50338799 1.82278478 -2.53070235
v -0.33418074 1.82278478 -2.53835487
v -1.22959650 2.22784805 -2.49337506
v -1.23208737 2.63291144 -2.49842596
v -1.04237247 2.63291144 -2.51650977
v -1.04054534 2.22784805 -2.51209879
v -0.85599518 2.22784805 -2.52168059
v -0.85707927 2.63291144 -2.52487397
v -1.23468292 3.03797460 -2.50368929
v -1.23737884 3.44303799 -2.50915599
v -1.04432678 3.03797460 -2.52122784
v -1.04640472 3.44303799 -2.52624464
v -1.24017060 3.84810138 -2.51481724
v -1.04860270 3.84810138 -2.53155088
v -0.85829979 3.03797460 -2.52846956
v -0.85965413 3.44303799 -2.53245950
v -0.86113971 3.84810138 -2.53683567
v -0.67687666 2.22784805 -2.52613807
v -0.67725462 2.63291144 -2.52754855
v -0.50310206 2.22784805 -2.52926493
v -0.33363420 2.22784805 -2.53420329
v -0.50292873 2.63291144 -2.52839327
v -0.33316872 2.63291144 -2.53066754
v -0.67776382 3.03797460 -2.52944899
v -0.67840278 3.44303799 -2.53183365
v -0.67916983 3.84810138 -2.53469634
v -0.50286752 3.03797460 -2.52808571
v -0.50291783 3.44303799 -2.52833867
v -0.33278450 3.03797460 -2.52774930
v -0.33248171 3.44303799 -2.52544928
v -0.50307912 3.84810138 -2.52914929
v -0.33226031 3.84810138 -2.52376747
v -0.16940784 0.20253165 -2.58466434
v -0.16878191 0.60759491 -2.57511425
v -0.16819581 1.01265824 -2.56617236
v -0.16765019 1.41772151 -2.55784774
v -0.16714561 1.82278478 -2.55014920
v 0.00000000 1.01265824 -2.58861685
v 0.00000000 1.41772151 -2.57738662
v 0.00000000 1.82278478 -2.56676960
v 0.16959542 1.82278478 -2.58752608
v -0.16668256 2.22784805 -2.54308438
v -0.16626148 2.63291144 -2.53665996
v 0.00000000 2.22784805 -2.55677843
v 0.16876051 2.22784805 -2.57478786
v 0.00000000 2.63291144 -2.54742432
v 0.16796531 2.63291144 -2.56265545
v -0.16588275 3.03797460 -2.53088164
v -0.16554672 3.44303799 -2.52575469
v -0.16525362 3.84810138 -2.52128315
v 0.00000000 3.03797460 -2.53871775
v 0.00000000 3.44303799 -2.53066802
v 0.16721079 3.03797460 -2.55114365
v 0.16649787 3.44303799 -2.54026651
v 0.00000000 3.84810138 -2.52328420
v 0.16582741 3.84810138 -2.53003740
v 0.33975801 2.63291144 -2.58071828
v 0.33791357 3.03797460 -2.56670833
v 0.33614627 3.44303799 -2.55328441
v 0.33445838 3.84810138 -2.54046369
v 0.51374769 3.03797460 -2.58278418
v 0.51065886 3.44303799 -2.56725550
v 0.69098449 3.44303799 -2.57878923
v 0.50767648 3.84810138 -2.55226207
v 0.68653160 3.84810138 -2.56217074
v -1.07317269 7.49367094 -2.59086800
v -1.07636833 7.89873409 -2.59858322
v -0.87993604 7.49367094 -2.59220791
v -0.88257301 7.89873409 -2.59997630
v -1.24305403 4.25316477 -2.52066422
v -1.05091679 4.25316477 -2.53713775
v -1.24602485 4.65822792 -2.52668834
v -1.05334353 4.65822792 -2.54299641
v -0.86275363 4.25316477 -2.54159021
v -0.86449307 4.65822792 -2.54671431
v -1.24907863 5.06329107 -2.53288102
v -1.25221157 5.46835423 -2.53923392
v -1.05587912 5.06329107 -2.54911757
v -1.05851984 5.46835423 -2.55549288
v -1.25541937 5.87341785 -2.54573870
v -1.06126189 5.87341785 -2.56211281
v -0.86635512 5.06329107 -2.55219984
v -0.86833686 5.46835423 -2.55803776
v -0.87043530 5.87341785 -2.56421971
v -0.68006319 4.25316477 -2.53803039
v -0.68108100 4.65822792 -2.54182887
v -0.50335044 4.25316477 -2.53051353
v -0.33212021 4.25316477 -2.52270365
v -0.50373095 4.65822792 -2.53242660
v -0.33206129 4.65822792 -2.52225614
v -0.68222135 5.06329107 -2.54608488
v -0.68348229 5.46835423 -2.55079055
v -0.68486166 5.87341785 -2.55593848
v -0.50421971 5.06329107 -2.53488350
v -0.50481558 5.46835423 -2.53787947
v -0.33208331 5.06329107 -2.52242303
v -0.33218589 5.46835423 -2.52320242
v -0.50551748 5.87341785 -2.54140806
v -0.33236870 5.87341785 -2.52459097
v -1.25869811 6.27848101 -2.55238724
v -1.06410182 6.27848101 -2.56896901
v -1.26204407 6.68354416 -2.55917215
v -1.06703591 6.68354416 -2.57605267
v -0.87264740 6.27848101 -2.57073641
v -0.87497026 6.68354416 -2.57757926
v -1.26545334 7.08860779 -2.56608558
v -1.26892245 7.49367094 -2.57312012
v -1.07006073 7.08860779 -2.58335519
v -1.27244782 7.89873409 -2.58026910
v -0.87740076 7.08860779 -2.58473921
v -0.68635732 6.27848101 -2.56152034
v -0.68796718 6.68354416 -2.56752849
v -0.50632411 6.27848101 -2.54546332
v -0.33263126 6.27848101 -2.52658534
v -0.50723422 6.68354416 -2.55003881
v -0.33297306 6.68354416 -2.52918148
v -0.68968898 7.08860779 -2.57395434
v -0.69152045 7.49367094 -2.58078933
v -0.69345933 7.89873409 -2.58802557
v -0.50824648 7.08860779 -2.55512762
v -0.50935948 7.49367094 -2.56072307
v -0.33339348 7.08860779 -2.53237486
v -0.33389193 7.49367094 -2.53616095
v -0.51057178 7.89873409 -2.56681752
v -0.33446771 7.89873409 -2.54053450
v -0.16500375 4.25316477 -2.51747060
v -0.16479720 4.65822792 -2.51431942
v 0.00000000 4.25316477 -2.51657367
v 0.16520022 4.25316477 -2.52046824
v 0.00000000 4.65822792 -2.51054358
v 0.16461702 4.65822792 -2.51157045
v -0.16463417 5.06329107 -2.51183200
v -0.16451469 5.46835423 -2.51000905
v -0.16443881 5.87341785 -2.50885153
v 0.00000000 5.06329107 -2.50519991
v 0.00000000 5.46835423 -2.50054812
v 0.16407852 5.06329107 -2.50335455
v 0.16358535 5.46835423 -2.49583030
v 0.00000000 5.87341785 -2.49659300
v 0.16313809 5.87341785 -2.48900628
v 0.33285207 4.25316477 -2.52826238
v 0.33132938 4.65822792 -2.51669645
v 0.50480461 4.25316477 -2.53782415
v 0.68220526 4.25316477 -2.54602480
v 0.50204706 4.65822792 -2.52396107
v 0.67801154 4.65822792 -2.53037357
v 0.32989228 5.06329107 -2.50578046
v 0.32854256 5.46835423 -2.49552846
v 0.49688944 5.46835423 -2.49803185
v 0.32728192 5.87341785 -2.48595309
v 0.49449629 5.87341785 -2.48600078
v 0.49940750 5.06329107 -2.51069093
v 0.67395616 5.06329107 -2.51523852
v 0.67004466 5.46835423 -2.50064087
v 0.66628253 5.87341785 -2.48660040
v -0.16440654 6.27848101 -2.50835896
v -0.16441782 6.68354416 -2.50853109
v 0.00000000 6.27848101 -2.49333811
v 0.16273728 6.27848101 -2.48289108
v 0.00000000 6.68354416 -2.49078679
v 0.16238338 6.68354416 -2.47749138
v -0.16447257 7.08860779 -2.50936651
v -0.16457067 7.49367094 -2.51086330
v -0.16471198 7.89873409 -2.51301908
v 0.00000000 7.08860779 -2.48894167
v 0.00000000 7.49367094 -2.48780417
v 0.16207682 7.08860779 -2.47281432
v 0.16181798 7.49367094 -2.46886539
v 0.00000000 7.89873409 -2.48737550
v 0.16160722 7.89873409 -2.46564960
v 0.32611206 6.27848101 -2.47706699
v 0.49223122 6.27848101 -2.47461343
v 0.32503441 6.68354416 -2.46888137
v 0.49009728 6.68354416 -2.46388531
v 0.66267496 6.27848101 -2.47313643
v 0.65922689 6.68354416 -2.46026826
v 0.32405040 7.08860779 -2.46140718
v 0.32316133 7.49367094 -2.45465398
v 0.48809740 7.08860779 -2.45383120
v 0.48623431 7.49367094 -2.44446492
v 0.32236844 7.89873409 -2.44863153
v 0.48451060 7.89873409 -2.43579936
v 0.65594316 7.08860779 -2.44801331
v 0.65282845 7.49367094 -2.43638897
v 0.64988720 7.89873409 -2.42541194
v -2.59720683 0.20253165 -1.73539805
v -2.72013807 0.20253165 -1.57047248
v -2.59772420 0.60759491 -1.73574388
v -2.71987557 0.60759491 -1.57032096
v -2.82902646 0.20253165 -1.39512146
v -2.82806015 0.60759491 -1.39464498
v -2.59807086 1.01265824 -1.73597550
v -2.59824729 1.41772151 -1.73609328
v -2.71942544 1.01265824 -1.57006097
v -2.71878934 1.41772151 -1.56969380
v -2.59825444 1.82278478 -1.73609805
v -2.71796989 1.82278478 -1.56922066
v -2.82689357 1.01265824 -1.39406967
v -2.82552934 1.41772151 -1.39339685
v -2.82397079 1.82278478 -1.39262831
v -2.92485380 0.20253165 -1.21151412
v -2.92329073 0.60759491 -1.21086669
v -3.00886869 0.20253165 -1.02137327
v -3.00681257 0.60759491 -1.02067542
v -2.92151570 1.01265824 -1.21013141
v -2.91953230 1.41772151 -1.20930982
v -2.91734457 1.82278478 -1.20840371
v -3.00453138 1.01265824 -1.01990092
v -3.00202894 1.41772151 -1.01905143
v -2.99931002 1.82278478 -1.01812851
v -2.59809375 2.22784805 -1.73599076
v -2.71696949 2.22784805 -1.56864297
v -2.59776735 2.63291144 -1.73577273
v -2.71579123 2.63291144 -1.56796277
v -2.82222199 2.22784805 -1.39176583
v -2.82028651 2.63291144 -1.39081144
v -2.59727716 3.03797460 -1.73544514
v -2.59662604 3.44303799 -1.73501003
v -2.59581685 3.84810138 -1.73446929
v -2.71443868 3.03797460 -1.56718194
v -2.71291590 3.44303799 -1.56630266
v -2.81816936 3.03797460 -1.38976729
v -2.81587505 3.44303799 -1.38863587
v -2.71122670 3.84810138 -1.56532753
v -2.81340885 3.84810138 -1.38741970
v -2.91495728 2.22784805 -1.20741487
v -2.91237521 2.63291144 -1.20634532
v -2.99637985 2.22784805 -1.01713383
v -2.99324369 2.63291144 -1.01606929
v -2.90960336 3.03797460 -1.20519722
v -2.90664792 3.44303799 -1.20397294
v -2.90351439 3.84810138 -1.20267498
v -2.98990774 3.03797460 -1.01493692
v -2.98637795 3.44303799 -1.01373863
v -2.98266101 3.84810138 -1.01247704
v -3.08224750 0.20253165 -0.82588571
v -3.07976651 0.60759491 -0.82522094
v -3.14576983 0.20253165 -0.62573254
v -3.14286828 0.60759491 -0.62515539
v -3.07704258 1.01265824 -0.82449108
v -3.07407999 1.41772151 -0.82369727
v -3.07088447 1.82278478 -0.82284099
v -3.13969994 1.01265824 -0.62452519
v -3.13627005 1.41772151 -0.62384290
v -3.13258386 1.82278478 -0.62310970
v -3.19955754 0.20253165 -0.42122975
v -3.19615912 0.60759491 -0.42078233
v -3.24292040 0.20253165 -0.21255223
v -3.23886418 0.60759491 -0.21228637
v -3.19246387 1.01265824 -0.42029583
v -3.18847752 1.41772151 -0.41977105
v -3.18420672 1.82278478 -0.41920879
v -3.23447633 1.01265824 -0.21199878
v -3.22976398 1.41772151 -0.21168992
v -3.22473454 1.82278478 -0.21136026
v -3.06746101 2.22784805 -0.82192373
v -3.06381607 2.63291144 -0.82094699
v -3.12864804 2.22784805 -0.62232679
v -3.12446880 2.63291144 -0.62149549
v -3.05995560 3.03797460 -0.81991261
v -3.05588675 3.44303799 -0.81882238
v -3.05161667 3.84810138 -0.81767821
v -3.12005305 3.03797460 -0.62061715
v -3.11540866 3.44303799 -0.61969334
v -3.11054325 3.84810138 -0.61872548
v -3.17965841 2.22784805 -0.41860998
v -3.17483950 2.63291144 -0.41797554
v -3.21939564 2.22784805 -0.21101034
v -3.21375585 2.63291144 -0.21064070
v -3.16975808 3.03797460 -0.41730657
v -3.16442227 3.44303799 -0.41660410
v -3.15884113 3.84810138 -0.41586933
v -3.20782423 3.03797460 -0.21025191
v -3.20161033 3.44303799 -0.20984462
v -3.19512367 3.84810138 -0.20941946
v -2.59485292 4.25316477 -1.73382521
v -2.59373808 4.65822792 -1.73308027
v -2.70937610 4.25316477 -1.56425905
v -2.81077647 4.25316477 -1.38612163
v -2.70736909 4.65822792 -1.56310022
v -2.80798411 4.65822792 -1.38474452
v -2.59247637 5.06329107 -1.73223734
v -2.59107280 5.46835423 -1.73129952
v -2.58953190 5.87341785 -1.73026991
v -2.70521069 5.06329107 -1.56185412
v -2.70290732 5.46835423 -1.56052423
v -2.80503821 5.06329107 -1.38329172
v -2.80194497 5.46835423 -1.38176632
v -2.70046449 5.87341785 -1.55911386
v -2.79871202 5.87341785 -1.38017201
v -2.90020943 4.25316477 -1.20130610
v -2.89673996 4.65822792 -1.19986892
v -2.97876406 4.25316477 -1.01115417
v -2.97469473 4.65822792 -1.00977278
v -2.89311290 5.06329107 -1.19836664
v -2.88933587 5.46835423 -1.19680214
v -2.88541675 5.87341785 -1.19517875
v -2.97046041 5.06329107 -1.00833547
v -2.96606946 5.46835423 -1.00684488
v -2.96153045 5.87341785 -1.00530410
v -2.58785915 6.27848101 -1.72915220
v -2.58606005 6.68354416 -1.72795010
v -2.69788909 6.27848101 -1.55762696
v -2.79534674 6.27848101 -1.37851238
v -2.69518781 6.68354416 -1.55606735
v -2.79185653 6.68354416 -1.37679124
v -2.58414078 7.08860779 -1.72666764
v -2.58210754 7.49367094 -1.72530913
v -2.57996726 7.89873409 -1.72387898
v -2.69236779 7.08860779 -1.55443931
v -2.68943667 7.49367094 -1.55274701
v -2.78824997 7.08860779 -1.37501276
v -2.78453541 7.49367094 -1.37318087
v -2.68640232 7.89873409 -1.55099511
v -2.78072143 7.89873409 -1.37129998
v -2.88136387 6.27848101 -1.19349992
v -2.87718534 6.68354416 -1.19176924
v -2.95685196 6.27848101 -1.00371599
v -2.95204353 6.68354416 -1.00208378
v -2.87289047 7.08860779 -1.18999028
v -2.86848831 7.49367094 -1.18816686
v -2.86398840 7.89873409 -1.18630290
v -2.94711447 7.08860779 -1.00041056
v -2.94207454 7.49367094 -0.99869978
v -2.93693423 7.89873409 -0.99695480
v -3.04715300 4.25316477 -0.81648219
v -3.04250383 4.65822792 -0.81523639
v -3.10546494 4.25316477 -0.61771536
v -3.10018277 4.65822792 -0.61666471
v -3.03767729 5.06329107 -0.81394315
v -3.03268242 5.46835423 -0.81260478
v -3.02752805 5.87341785 -0.81122375
v -3.09470558 5.06329107 -0.61557525
v -3.08904314 5.46835423 -0.61444890
v -3.08320546 5.87341785 -0.61328769
v -3.15302348 4.25316477 -0.41510344
v -3.14697933 4.65822792 -0.41430768
v -3.18837500 4.25316477 -0.20897713
v -3.18137527 4.65822792 -0.20851834
v -3.14071846 5.06329107 -0.41348344
v -3.13425159 5.46835423 -0.41263205
v -3.12758946 5.87341785 -0.41175497
v -3.17413568 5.06329107 -0.20804384
v -3.16666818 5.46835423 -0.20755440
v -3.15898490 5.87341785 -0.20705082
v -3.02222419 6.27848101 -0.80980253
v -3.01678038 6.68354416 -0.80834383
v -3.07720232 6.27848101 -0.61209357
v -3.07104468 6.68354416 -0.61086875
v -3.01120663 7.08860779 -0.80685037
v -3.00551367 7.49367094 -0.80532497
v -2.99971247 7.89873409 -0.80377048
v -3.06474352 7.08860779 -0.60961539
v -3.05831027 7.49367094 -0.60833573
v -3.05175638 7.89873409 -0.60703206
v -3.12074351 6.27848101 -0.41085368
v -3.11372542 6.68354416 -0.40992972
v -3.15109873 6.27848101 -0.20653392
v -3.14302254 6.68354416 -0.20600457
v -3.10654688 7.08860779 -0.40898466
v -3.09922099 7.49367094 -0.40802017
v -3.09175992 7.89873409 -0.40703791
v -3.13476968 7.08860779 -0.20546366
v -3.12635422 7.49367094 -0.20491208
v -3.11779022 7.89873409 -0.20435077
v -1.49688578 11.13924026 -2.59268212
v -1.30231726 11.13924026 -2.64083815
v -1.50056040 11.54430389 -2.59904695
v -1.50423980 11.94936752 -2.60541987
v -1.30622089 11.54430389 -2.64875388
v -1.31015551 11.94936752 -2.65673256
v -2.32648706 8.30379772 -2.04027438
v -2.32621098 8.70886040 -2.04003239
v -2.45907927 8.30379772 -1.88691795
v -2.45773840 8.70886040 -1.88588893
v -2.32584500 9.11392403 -2.03971124
v -2.32539392 9.51898766 -2.03931594
v -2.45630741 9.11392403 -1.88479090
v -2.45479298 9.51898766 -1.88362896
v -2.45320249 9.92405033 -1.88240838
v -2.45154285 10.32911396 -1.88113499
v -2.44982171 10.73417759 -1.87981427
v -2.44804692 11.13924026 -1.87845254
v -2.44622684 11.54430389 -1.87705588
v -2.44436955 11.94936752 -1.87563086
v -1.84590244 8.30379772 -2.40562701
v -1.84855676 8.70886040 -2.40908599
v -2.01902056 8.30379772 -2.30225182
v -2.02082467 8.70886040 -2.30430889
v -1.85116565 9.11392403 -2.41248608
v -1.85372913 9.51898766 -2.41582680
v -1.85624790 9.92405033 -2.41910934
v -2.18116498 9.11392403 -2.18116498
v -2.18180132 9.51898766 -2.18180132
v -2.18236184 9.92405033 -2.18236184
v -2.02256060 9.11392403 -2.30628848
v -2.02423024 9.51898766 -2.30819225
v -2.02583575 9.92405033 -2.31002283
v -1.66242504 8.30379772 -2.48799491
v -1.66569841 8.70886040 -2.49289370
v -1.47139215 8.30379772 -2.54852581
v -1.47499812 8.70886040 -2.55477166
v -1.66895497 9.11392403 -2.49776769
v -1.67219365 9.51898766 -2.50261474
v -1.67541349 9.92405033 -2.50743341
v -1.47861946 9.11392403 -2.56104398
v -1.48225379 9.51898766 -2.56733871
v -1.48589921 9.92405033 -2.57365298
v -2.17965007 8.30379772 -2.17965007
v -2.18044901 8.70886040 -2.18044901
v -2.32486367 9.92405033 -2.03885078
v -1.85872269 10.32911396 -2.42233467
v -1.86115468 10.73417759 -2.42550397
v -2.18285108 10.32911396 -2.18285108
v -2.18327284 10.73417759 -2.18327284
v -2.02737927 10.32911396 -2.31178308
v -2.02886391 10.73417759 -2.31347609
v -1.86354530 11.13924026 -2.42861938
v -1.86589611 11.54430389 -2.43168306
v -1.86820912 11.94936752 -2.43469763
v -2.18363261 11.13924026 -2.18363261
v -2.18393493 11.54430389 -2.18393493
v -2.18418527 11.94936752 -2.18418527
v -2.03029275 11.13924026 -2.31510520
v -2.03166890 11.54430389 -2.31667447
v -2.03299642 11.94936752 -2.31818795
v -1.67861390 10.32911396 -2.51222324
v -1.68179452 10.73417759 -2.51698351
v -1.48955393 10.32911396 -2.57998323
v -1.49321651 10.73417759 -2.58632708
v -1.68495536 11.13924026 -2.52171397
v -1.68809640 11.54430389 -2.52641487
v -1.69121838 11.94936752 -2.53108716
v -2.32426000 10.32911396 -2.03832126
v -2.32358861 10.73417759 -2.03773260
v -2.32285643 11.13924026 -2.03709030
v -2.32206964 11.54430389 -2.03640032
v -2.32123566 11.94936752 -2.03566885
v -1.50792336 12.35443020 -2.61179972
v -1.31411946 12.35443020 -2.66477060
v -1.51161063 12.75949383 -2.61818647
v -1.31811154 12.75949383 -2.67286587
v -1.51530159 13.16455650 -2.62457943
v -1.32213056 13.16455650 -2.68101549
v -1.33024585 13.97468376 -2.69747162
v -1.51899636 13.56962013 -2.63097882
v -1.52269530 13.97468376 -2.63738561
v -1.32617557 13.56962013 -2.68921804
v -1.33434069 14.37974644 -2.70577526
v -1.52639890 14.37974644 -2.64380026
v -1.33845985 14.78481007 -2.71412802
v -1.53010786 14.78481007 -2.65022445
v -1.34260297 15.18987370 -2.72252941
v -1.53382325 15.18987370 -2.65665984
v -1.34677017 15.59493637 -2.73097968
v -1.35096145 16.00000000 -2.73947883
v -1.53754628 15.59493637 -2.66310835
v -1.54127836 16.00000000 -2.66957235
v -2.44248390 12.35443020 -1.87418389
v -2.44057870 12.75949383 -1.87272191
v -2.43866301 13.16455650 -1.87125182
v -2.43674588 13.56962013 -1.86978090
v -2.43483710 13.97468376 -1.86831617
v -2.43294621 14.37974644 -1.86686528
v -2.43108320 14.78481007 -1.86543572
v -2.42925787 15.18987370 -1.86403513
v -2.42748070 15.59493637 -1.86267138
v -2.42576170 16.00000000 -1.86135232
v -1.87048674 12.35443020 -2.43766570
v -1.87273145 12.75949383 -2.44059110
v -2.18438959 12.35443020 -2.18438959
v -2.18455338 12.75949383 -2.18455338
v -2.03427887 12.35443020 -2.31965041
v -2.03552055 12.75949383 -2.32106638
v -1.87494612 13.16455650 -2.44347739
v -1.87713373 13.56962013 -2.44632840
v -1.87929773 13.97468376 -2.44914865
v -2.18468308 13.16455650 -2.18468308
v -2.18478537 13.56962013 -2.18478537
v -2.18486643 13.97468376 -2.18486643
v -2.03672624 13.16455650 -2.32244134
v -2.03790069 13.56962013 -2.32378030
v -2.03904867 13.97468376 -2.32508922
v -1.69432175 12.35443020 -2.53573179
v -1.69740760 12.75949383 -2.54034996
v -1.70047724 13.16455650 -2.54494405
v -1.70353222 13.56962013 -2.54951596
v -1.70657408 13.97468376 -2.55406857
v -2.32036138 12.35443020 -2.03490233
v -2.31945443 12.75949383 -2.03410697
v -2.31852245 13.16455650 -2.03328967
v -2.31757379 13.56962013 -2.03245759
v -2.31661630 13.97468376 -2.03161788
v -1.88144171 14.37974644 -2.45194268
v -1.88356948 14.78481007 -2.45471549
v -2.18493342 14.37974644 -2.18493342
v -2.18499351 14.78481007 -2.18499351
v -2.04017544 14.37974644 -2.32637429
v -2.04128671 14.78481007 -2.32764149
v -1.88568497 15.18987370 -2.45747256
v -1.88779271 15.59493637 -2.46021938
v -1.88989699 16.00000000 -2.46296167
v -2.18505383 15.18987370 -2.18505383
v -2.18512225 15.59493637 -2.18512225
v -2.18520641 16.00000000 -2.18520641
v -2.04238844 15.18987370 -2.32889748
v -2.04348612 15.59493637 -2.33014917
v -2.04458594 16.00000000 -2.33140349
v -1.70960486 14.37974644 -2.55860448
v -1.71262681 14.78481007 -2.56312704
v -1.71564233 15.18987370 -2.56764030
v -1.71865416 15.59493637 -2.57214761
v -1.72166502 16.00000000 -2.57665372
v -2.31565833 14.37974644 -2.03077793
v -2.31470847 14.78481007 -2.02994490
v -2.31377602 15.18987370 -2.02912712
v -2.31286907 15.59493637 -2.02833176
v -2.31199765 16.00000000 -2.02756739
v -1.07964456 8.30379772 -2.60649252
v -1.27965474 8.70886040 -2.59488320
v -1.08299792 8.70886040 -2.61458826
v -0.88530880 8.30379772 -2.60803556
v -0.88814050 8.70886040 -2.61637759
v -1.28332996 9.11392403 -2.60233593
v -1.08642542 9.11392403 -2.62286305
v -1.28704929 9.51898766 -2.60987782
v -1.29081011 9.92405033 -2.61750388
v -1.08992410 9.51898766 -2.63130951
v -1.09349096 9.92405033 -2.63992071
v -0.89106530 9.11392403 -2.62499380
v -0.89408040 9.51898766 -2.63387585
v -0.89718300 9.92405033 -2.64301586
v -0.69550341 8.30379772 -2.59565401
v -0.69765037 8.70886040 -2.60366654
v -0.69989789 9.11392403 -2.61205459
v -0.70224380 9.51898766 -2.62080956
v -0.70468581 9.92405033 -2.62992334
v -0.51638371 9.51898766 -2.59603620
v -0.51806968 9.92405033 -2.60451221
v -1.29460990 10.32911396 -2.62520909
v -1.09712327 10.32911396 -2.64868975
v -1.29844630 10.73417759 -2.63298845
v -1.10081840 10.73417759 -2.65761065
v -0.90037054 10.32911396 -2.65240598
v -0.90364033 10.73417759 -2.66203856
v -1.10457385 11.13924026 -2.66667700
v -1.10838723 11.54430389 -2.67588353
v -1.11225641 11.94936752 -2.68522429
v -0.90698999 11.13924026 -2.67190647
v -0.91391921 11.94936752 -2.69231915
v -0.91041708 11.54430389 -2.68200207
v -0.70722169 10.32911396 -2.63938737
v -0.70984930 10.73417759 -2.64919353
v -0.51984572 10.32911396 -2.61344099
v -0.52171022 10.73417759 -2.62281442
v -0.71256638 11.13924026 -2.65933394
v -0.71537095 11.54430389 -2.66980052
v -0.71826082 11.94936752 -2.68058586
v -0.52366161 11.13924026 -2.63262486
v -0.34176353 11.13924026 -2.59595180
v -0.52569836 11.54430389 -2.64286423
v -0.52781892 11.94936752 -2.65352488
v -0.34299874 11.54430389 -2.60533404
v -0.34430274 11.94936752 -2.61523914
v -1.27602637 8.30379772 -2.58752561
v -0.51188183 8.30379772 -2.57340384
v -0.33512008 8.30379772 -2.54548979
v -0.51328820 8.70886040 -2.58047414
v -0.33584830 8.70886040 -2.55102110
v -0.51478934 9.11392403 -2.58802080
v -0.33665156 9.11392403 -2.55712247
v -0.33752903 9.51898766 -2.56378770
v -0.33847988 9.92405033 -2.57100987
v -0.33950317 10.32911396 -2.57878256
v -0.34059802 10.73417759 -2.58709884
v -0.16489631 8.30379772 -2.51583147
v -0.16512345 8.70886040 -2.51929688
v 0.00000000 8.30379772 -2.48765683
v 0.16144481 8.30379772 -2.46317196
v 0.00000000 8.70886040 -2.48864770
v 0.16133101 8.70886040 -2.46143579
v -0.16539316 9.11392403 -2.52341199
v -0.16570519 9.51898766 -2.52817273
v -0.16605926 9.92405033 -2.53357458
v 0.00000000 9.11392403 -2.49034810
v 0.16126604 9.11392403 -2.46044421
v 0.00000000 9.51898766 -2.49275661
v 0.00000000 9.92405033 -2.49587226
v 0.16125005 9.51898766 -2.46020031
v 0.16128320 9.92405033 -2.46070600
v 0.32167283 8.30379772 -2.44334769
v 0.48292878 8.30379772 -2.42784691
v 0.32107550 8.70886040 -2.43881059
v 0.48149112 8.70886040 -2.42061925
v 0.64712358 8.30379772 -2.41509819
v 0.64454174 8.70886040 -2.40546250
v 0.32057741 9.11392403 -2.43502712
v 0.48019981 9.11392403 -2.41412759
v 0.32017940 9.51898766 -2.43200397
v 0.31988221 9.92405033 -2.42974663
v 0.47905689 9.51898766 -2.40838170
v 0.47806430 9.92405033 -2.40339160
v 0.64214557 9.11392403 -2.39651990
v 0.63993871 9.51898766 -2.38828373
v 0.63792473 9.92405033 -2.38076758
v -0.16645505 10.32911396 -2.53961325
v -0.16689223 10.73417759 -2.54628348
v 0.00000000 10.32911396 -2.49969292
v 0.16136555 10.32911396 -2.46196246
v 0.00000000 10.73417759 -2.50421643
v 0.16149721 10.73417759 -2.46397114
v -0.16737050 11.13924026 -2.55358028
v -0.16788946 11.54430389 -2.56149817
v -0.16844878 11.94936752 -2.57003188
v 0.00000000 11.13924026 -2.50944018
v 0.16167818 11.13924026 -2.46673226
v 0.00000000 11.54430389 -2.51536131
v 0.00000000 11.94936752 -2.52197647
v 0.16190849 11.54430389 -2.47024608
v 0.16218811 11.94936752 -2.47451234
v 0.31968659 10.32911396 -2.42826080
v 0.47722381 10.32911396 -2.39916611
v 0.31959310 10.73417759 -2.42755055
v 0.47653708 10.73417759 -2.39571357
v 0.63610697 10.32911396 -2.37398362
v 0.63448864 10.73417759 -2.36794400
v 0.31960228 11.13924026 -2.42762017
v 0.47600561 11.13924026 -2.39304185
v 0.31971461 11.54430389 -2.42847347
v 0.31993046 11.94936752 -2.43011308
v 0.47563088 11.54430389 -2.39115787
v 0.47541419 11.94936752 -2.39006853
v 0.63307279 11.13924026 -2.36265993
v 0.63186228 11.54430389 -2.35814214
v 0.63085973 11.94936752 -2.35440063
v -1.11617911 12.35443020 -2.69469476
v -1.12015367 12.75949383 -2.70429015
v -0.91749418 12.35443020 -2.70285082
v -0.92113990 12.75949383 -2.71359062
v -1.12417805 13.16455650 -2.71400595
v -1.12825084 13.56962013 -2.72383833
v -1.13237035 13.97468376 -2.73378372
v -0.92485434 13.16455650 -2.72453308
v -0.92863554 13.56962013 -2.73567200
v -0.93248171 13.97468376 -2.74700260
v -0.72123408 12.35443020 -2.69168210
v -0.53002167 12.35443020 -2.66459870
v -0.72428870 12.75949383 -2.70308232
v -0.53230512 12.75949383 -2.67607856
v -0.34567460 12.35443020 -2.62565923
v -0.34711334 12.75949383 -2.63658738
v -0.72742283 13.16455650 -2.71477890
v -0.53466779 13.16455650 -2.68795657
v -0.73063463 13.56962013 -2.72676539
v -0.73392224 13.97468376 -2.73903513
v -0.53710824 13.56962013 -2.70022535
v -0.53962493 13.97468376 -2.71287775
v -0.34861800 13.16455650 -2.64801669
v -0.35018769 13.56962013 -2.65993953
v -0.35182145 13.97468376 -2.67234921
v -1.13653529 14.37974644 -2.74383903
v -1.14074457 14.78481007 -2.75400090
v -0.93639112 14.37974644 -2.75851941
v -0.94036222 14.78481007 -2.77021790
v -0.94848353 15.59493637 -2.79414248
v -0.95263112 16.00000000 -2.80636072
v -1.14499700 15.18987370 -2.76426744
v -1.14929187 15.59493637 -2.77463603
v -1.15362835 16.00000000 -2.78510499
v -0.94439346 15.18987370 -2.78209352
v -0.73728406 14.37974644 -2.75158167
v -0.54221654 14.37974644 -2.72590661
v -0.74071842 14.78481007 -2.76439881
v -0.54488170 14.78481007 -2.73930526
v -0.35351834 14.37974644 -2.68523836
v -0.35527745 14.78481007 -2.69860005
v -0.75144136 16.00000000 -2.80441737
v -0.74422377 15.18987370 -2.77748084
v -0.54761899 15.18987370 -2.75306654
v -0.74779856 15.59493637 -2.79082227
v -0.55042720 15.59493637 -2.76718426
v -0.55330497 16.00000000 -2.78165197
v -0.35709786 15.18987370 -2.71242738
v -0.35897869 15.59493637 -2.72671390
v -0.36091906 16.00000000 -2.74145246
v -0.17036499 13.16455650 -2.59926748
v -0.17108184 13.56962013 -2.61020446
v -0.17183708 13.97468376 -2.62172699
v -0.17263028 14.37974644 -2.63382912
v -0.17346105 14.78481007 -2.64650416
v -0.17432897 15.18987370 -2.65974617
v -0.17523363 15.59493637 -2.67354870
v -0.17617464 16.00000000 -2.68790555
v 0.00000000 15.18987370 -2.59940648
v 0.00000000 15.59493637 -2.61208153
v 0.00000000 16.00000000 -2.62540579
v -0.16904807 12.35443020 -2.57917500
v -0.16968693 12.75949383 -2.58892226
v 0.00000000 12.35443020 -2.52928209
v 0.16251698 12.35443020 -2.47953010
v 0.00000000 12.75949383 -2.53727436
v 0.16289505 12.75949383 -2.48529840
v 0.00000000 13.16455650 -2.54594922
v 0.16332223 13.16455650 -2.49181557
v 0.00000000 13.56962013 -2.55530238
v 0.00000000 13.97468376 -2.56532931
v 0.16379838 13.56962013 -2.49908042
v 0.16432337 13.97468376 -2.50709033
v 0.32025021 12.35443020 -2.43254185
v 0.47535673 12.35443020 -2.38977981
v 0.32067412 12.75949383 -2.43576193
v 0.47545964 12.75949383 -2.39029694
v 0.63006783 12.35443020 -2.35144496
v 0.62948889 12.75949383 -2.34928441
v 0.32120243 13.16455650 -2.43977451
v 0.47572389 13.16455650 -2.39162540
v 0.32183525 13.56962013 -2.44458151
v 0.32257274 13.97468376 -2.45018339
v 0.47615039 13.56962013 -2.39376974
v 0.47674000 13.97468376 -2.39673376
v 0.62912518 13.16455650 -2.34792733
v 0.62897897 13.56962013 -2.34738135
v 0.62905210 13.97468376 -2.34765434
v 0.00000000 14.37974644 -2.57602549
v 0.16489707 14.37974644 -2.51584315
v 0.00000000 14.78481007 -2.58738637
v 0.16551928 14.78481007 -2.52533627
v 0.16618985 15.18987370 -2.53556705
v 0.16690856 15.59493637 -2.54653263
v 0.16767521 16.00000000 -2.55822945
v 0.32341498 14.37974644 -2.45658064
v 0.47749344 14.37974644 -2.40052176
v 0.32436198 14.78481007 -2.46377373
v 0.47841138 14.78481007 -2.40513635
v 0.62934655 14.37974644 -2.34875345
v 0.62986410 14.78481007 -2.35068464
v 0.32541370 15.18987370 -2.47176242
v 0.47949439 15.18987370 -2.41058111
v 0.32783115 16.00000000 -2.49012470
v 0.32657012 15.59493637 -2.48054647
v 0.48074296 15.59493637 -2.41685820
v 0.48215759 16.00000000 -2.42396998
v 0.63060629 15.18987370 -2.35345459
v 0.63157475 15.59493637 -2.35706902
v 0.63277084 16.00000000 -2.36153293
v -2.57772684 8.30379772 -1.72238207
v -2.57539368 8.70886040 -1.72082317
v -2.68327284 8.30379772 -1.54918826
v -2.77681708 8.30379772 -1.36937475
v -2.68005657 8.70886040 -1.54733145
v -2.77283216 8.70886040 -1.36740947
v -2.57297564 9.11392403 -1.71920729
v -2.57048035 9.51898766 -1.71754003
v -2.56791639 9.92405033 -1.71582687
v -2.67676258 9.11392403 -1.54542959
v -2.76877570 9.11392403 -1.36540902
v -2.67339969 9.51898766 -1.54348803
v -2.66997743 9.92405033 -1.54151213
v -2.76465797 9.51898766 -1.36337841
v -2.85940051 8.30379772 -1.18440247
v -2.85473442 8.70886040 -1.18246973
v -2.93170333 8.30379772 -0.99517924
v -2.92639327 8.70886040 -0.99337667
v -2.85000062 9.11392403 -1.18050897
v -2.84521008 9.51898766 -1.17852461
v -2.84037304 9.92405033 -1.17652106
v -2.92101455 9.11392403 -0.99155080
v -2.91557860 9.51898766 -0.98970556
v -2.91009665 9.92405033 -0.98784471
v -2.76048875 9.92405033 -1.36132240
v -2.56529212 10.32911396 -1.71407342
v -2.56261635 10.73417759 -1.71228552
v -2.66650510 10.32911396 -1.53950739
v -2.66299272 10.73417759 -1.53747952
v -2.55989838 11.13924026 -1.71046948
v -2.55714750 11.54430389 -1.70863128
v -2.55437303 11.94936752 -1.70677745
v -2.65945029 11.13924026 -1.53543425
v -2.65588808 11.54430389 -1.53337765
v -2.65231657 11.94936752 -1.53131568
v -2.90458083 10.32911396 -0.98597229
v -2.89904261 10.73417759 -0.98409235
v -2.89349437 11.13924026 -0.98220903
v -2.88794851 11.54430389 -0.98032641
v -2.88241744 11.94936752 -0.97844887
v -2.75627899 10.32911396 -1.35924637
v -2.83550096 10.32911396 -1.17450297
v -2.75203896 10.73417759 -1.35715532
v -2.83060503 10.73417759 -1.17247498
v -2.74777937 11.13924026 -1.35505486
v -2.82569671 11.13924026 -1.17044187
v -2.74351168 11.54430389 -1.35295022
v -2.73924685 11.94936752 -1.35084701
v -2.82078767 11.54430389 -1.16840851
v -2.81588984 11.94936752 -1.16637981
v -2.99381375 8.30379772 -0.80218995
v -2.98782921 8.70886040 -0.80058640
v -3.04509377 8.30379772 -0.60570681
v -3.03833485 8.70886040 -0.60436243
v -2.98177028 9.11392403 -0.79896295
v -2.97564912 9.51898766 -0.79732275
v -2.96947789 9.92405033 -0.79566920
v -3.03149223 9.11392403 -0.60300130
v -3.02457881 9.51898766 -0.60162610
v -3.01760721 9.92405033 -0.60023940
v -3.08417678 8.30379772 -0.40603960
v -3.07648540 8.70886040 -0.40502697
v -3.10909200 8.30379772 -0.20378065
v -3.10027432 8.70886040 -0.20320272
v -3.06869888 9.11392403 -0.40400186
v -3.06083131 9.51898766 -0.40296611
v -3.05289721 9.92405033 -0.40192154
v -3.09135270 9.11392403 -0.20261796
v -3.08234191 9.51898766 -0.20202737
v -3.07325768 9.92405033 -0.20143196
v -2.96326900 10.32911396 -0.79400551
v -2.95703483 10.73417759 -0.79233509
v -3.01059103 10.32911396 -0.59884381
v -3.00354385 10.73417759 -0.59744203
v -2.95078874 11.13924026 -0.79066145
v -2.94454336 11.54430389 -0.78898799
v -2.93831205 11.94936752 -0.78731835
v -2.99647927 11.13924026 -0.59603679
v -2.98941135 11.54430389 -0.59463090
v -2.98235416 11.94936752 -0.59322709
v -3.04491067 10.32911396 -0.40087008
v -3.03688645 10.73417759 -0.39981371
v -3.06411624 10.32911396 -0.20083278
v -3.05493331 10.73417759 -0.20023091
v -3.02883959 11.13924026 -0.39875430
v -3.02078485 11.54430389 -0.39769387
v -3.01273799 11.94936752 -0.39663446
v -3.04572535 11.13924026 -0.19962738
v -3.03650856 11.54430389 -0.19902329
v -3.02729988 11.94936752 -0.19841972
v -2.55158472 12.35443020 -1.70491445
v -2.54879308 12.75949383 -1.70304906
v -2.64874649 12.35443020 -1.52925456
v -2.64518881 12.75949383 -1.52720046
v -2.54600787 13.16455650 -1.70118797
v -2.54323936 13.56962013 -1.69933820
v -2.54049850 13.97468376 -1.69750679
v -2.64165473 13.16455650 -1.52516007
v -2.63815498 13.56962013 -1.52313948
v -2.63470149 13.97468376 -1.52114558
v -2.87691402 12.35443020 -0.97658068
v -2.87145066 12.75949383 -0.97472614
v -2.86604071 13.16455650 -0.97288972
v -2.86069727 13.56962013 -0.97107583
v -2.85543323 13.97468376 -0.96928900
v -2.73499632 12.35443020 -1.34875095
v -2.81101537 12.35443020 -1.16436076
v -2.73077178 12.75949383 -1.34666765
v -2.80617642 12.75949383 -1.16235638
v -2.72658515 13.16455650 -1.34460306
v -2.80138540 13.16455650 -1.16037190
v -2.72244811 13.56962013 -1.34256279
v -2.71837282 13.97468376 -1.34055316
v -2.79665494 13.56962013 -1.15841234
v -2.79199719 13.97468376 -1.15648317
v -2.53779554 14.37974644 -1.69570076
v -2.53514171 14.78481007 -1.69392765
v -2.63130546 14.37974644 -1.51918495
v -2.62797856 14.78481007 -1.51726413
v -2.53254795 15.18987370 -1.69219446
v -2.53002524 15.59493637 -1.69050884
v -2.52758503 16.00000000 -1.68887830
v -2.62473273 15.18987370 -1.51539016
v -2.62157989 15.59493637 -1.51356983
v -2.61853170 16.00000000 -1.51180995
v -2.85026240 14.37974644 -0.96753371
v -2.84519815 14.78481007 -0.96581459
v -2.84025383 15.18987370 -0.96413624
v -2.71437144 14.37974644 -1.33857977
v -2.71045613 14.78481007 -1.33664906
v -2.78742552 14.37974644 -1.15458941
v -2.78295231 14.78481007 -1.15273654
v -2.70663953 15.18987370 -1.33476686
v -2.70293379 15.59493637 -1.33293951
v -2.69935203 16.00000000 -1.33117306
v -2.77859068 15.18987370 -1.15092993
v -2.77435398 15.59493637 -1.14917505
v -2.77025485 16.00000000 -1.14747703
v -2.83544302 15.59493637 -0.96250319
v -2.83077955 16.00000000 -0.96092021
v -2.93210816 12.35443020 -0.78565603
v -2.92594528 12.75949383 -0.78400469
v -2.97532201 12.35443020 -0.59182835
v -2.96832919 12.75949383 -0.59043741
v -2.91983724 13.16455650 -0.78236806
v -2.91379786 13.56962013 -0.78074980
v -2.90784073 13.97468376 -0.77915359
v -2.96139073 13.16455650 -0.58905721
v -2.95452094 13.56962013 -0.58769077
v -2.94773483 13.97468376 -0.58634090
v -3.00471377 12.35443020 -0.39557809
v -2.99672818 12.75949383 -0.39452675
v -3.01811600 12.35443020 -0.19781777
v -3.00897384 12.75949383 -0.19721857
v -2.98879695 13.16455650 -0.39348260
v -2.98093581 13.56962013 -0.39244765
v -2.97316098 13.97468376 -0.39142406
v -2.99989033 13.16455650 -0.19662319
v -2.99088264 13.56962013 -0.19603281
v -2.98196840 13.97468376 -0.19544853
v -2.90198040 14.37974644 -0.77758330
v -2.89623070 14.78481007 -0.77604270
v -2.94104743 14.37974644 -0.58501071
v -2.93447351 14.78481007 -0.58370310
v -2.89060593 15.18987370 -0.77453554
v -2.88512063 15.59493637 -0.77306575
v -2.87978888 16.00000000 -0.77163714
v -2.92802858 15.18987370 -0.58242106
v -2.92172742 15.59493637 -0.58116776
v -2.91558576 16.00000000 -0.57994604
v -2.96548796 14.37974644 -0.39041391
v -2.95793343 14.78481007 -0.38941932
v -2.97316456 14.37974644 -0.19487150
v -2.96448851 14.78481007 -0.19430284
v -2.95051336 15.18987370 -0.38844246
v -2.94324398 15.59493637 -0.38748541
v -2.93614173 16.00000000 -0.38655040
v -2.95595813 15.18987370 -0.19374374
v -2.94759059 15.59493637 -0.19319530
v -2.93940353 16.00000000 -0.19265869
v 0.92852664 0.20253165 -2.73535132
v 0.92184132 0.60759491 -2.71565700
v 1.13042486 0.20253165 -2.72908711
v 1.12246633 0.60759491 -2.70987344
v 0.91521168 1.01265824 -2.69612670
v 0.90864736 1.41772151 -2.67678881
v 0.90215766 1.82278478 -2.65767097
v 1.11453307 1.01265824 -2.69072104
v 1.10663676 1.41772151 -2.67165732
v 1.09878862 1.82278478 -2.65271044
v 1.33332837 0.20253165 -2.70372248
v 1.32437515 0.60759491 -2.68556714
v 1.53396773 0.20253165 -2.65690994
v 1.52436125 0.60759491 -2.64027119
v 1.31540620 1.01265824 -2.66738009
v 1.30643487 1.41772151 -2.64918780
v 1.51469195 1.01265824 -2.62352347
v 1.50497389 1.41772151 -2.60669112
v 1.29747403 1.82278478 -2.63101697
v 1.49522114 1.82278478 -2.58979893
v 0.89575207 2.22784805 -2.63880062
v 0.88943964 2.63291144 -2.62020469
v 1.09100032 2.22784805 -2.63390779
v 1.08328307 2.63291144 -2.61527658
v 0.88322937 3.03797460 -2.60190988
v 1.07564783 3.03797460 -2.59684372
v 1.28853691 2.22784805 -2.61289430
v 1.27963626 2.63291144 -2.59484577
v 1.72888827 0.20253165 -2.58746409
v 1.71899462 0.60759491 -2.57265735
v 1.70898938 1.01265824 -2.55768347
v 1.69888687 1.41772151 -2.54256392
v 1.68870175 1.82278478 -2.52732086
v 0.87713009 3.44303799 -2.58394194
v 0.87115037 3.84810138 -2.56632614
v 1.06810582 3.44303799 -2.57863545
v 1.26199675 3.44303799 -2.55907631
v 1.06066763 3.84810138 -2.56067824
v 1.25328338 3.84810138 -2.54140711
v 1.48544788 2.22784805 -2.57287121
v 1.47566831 2.63291144 -2.55593252
v 1.67844868 2.22784805 -2.51197600
v 1.66814220 2.63291144 -2.49655128
v 1.27078533 3.03797460 -2.57689786
v 1.46589684 3.03797460 -2.53900766
v 1.45614731 3.44303799 -2.52212119
v 1.44643426 3.84810138 -2.50529742
v 1.64742923 3.44303799 -2.46555209
v 1.65779746 3.03797460 -2.48106909
v 1.63705242 3.84810138 -2.45002222
v 1.91478610 0.20253165 -2.49539781
v 1.90495622 0.60759491 -2.48258734
v 2.08880663 0.20253165 -2.38182735
v 2.24877048 0.20253165 -2.24877048
v 2.07934117 0.60759491 -2.37103438
v 2.23989344 0.60759491 -2.23989344
v 1.89496946 1.01265824 -2.46957231
v 1.88483989 1.41772151 -2.45637107
v 1.87458169 1.82278478 -2.44300246
v 2.06968164 1.01265824 -2.36001968
v 2.05984092 1.41772151 -2.34879851
v 2.23079586 1.01265824 -2.23079586
v 2.22148967 1.41772151 -2.22148967
v 2.04983234 1.82278478 -2.33738565
v 2.21198654 1.82278478 -2.21198654
v 2.39330101 0.20253165 -2.09886885
v 2.38514256 0.60759491 -2.09171391
v 2.52184439 0.20253165 -1.93507934
v 2.51443768 0.60759491 -1.92939591
v 2.37675118 1.01265824 -2.08435488
v 2.36813617 1.41772151 -2.07679963
v 2.35930800 1.82278478 -2.06905770
v 2.50679922 1.01265824 -1.92353475
v 2.49893689 1.41772151 -1.91750169
v 2.49085855 1.82278478 -1.91130304
v 1.86420941 2.22784805 -2.42948484
v 1.85373759 2.63291144 -2.41583776
v 2.02936602 2.63291144 -2.31404829
v 2.03966928 2.22784805 -2.32579708
v 2.20229864 2.22784805 -2.20229864
v 2.19243884 2.63291144 -2.19243884
v 1.84318113 3.03797460 -2.40208030
v 1.83255506 3.44303799 -2.38823223
v 2.01893640 3.03797460 -2.30215597
v 2.00839543 3.44303799 -2.29013610
v 1.82187462 3.84810138 -2.37431312
v 1.99775732 3.84810138 -2.27800560
v 2.18242002 3.03797460 -2.18242002
v 2.17225552 3.44303799 -2.17225552
v 2.16195917 3.84810138 -2.16195917
v 2.35027719 2.22784805 -2.06113791
v 2.34105492 2.63291144 -2.05305004
v 2.48257327 2.22784805 -1.90494549
v 2.47409010 2.63291144 -1.89843607
v 2.33165216 3.03797460 -2.04480410
v 2.32208109 3.44303799 -2.03641057
v 2.31235385 3.84810138 -2.02787995
v 2.46541858 3.03797460 -1.89178216
v 2.45656848 3.44303799 -1.88499129
v 2.44755054 3.84810138 -1.87807167
v 0.86529875 4.25316477 -2.54908776
v 0.85958338 4.65822792 -2.53225112
v 1.05334413 4.25316477 -2.54299760
v 1.24465764 4.25316477 -2.52391601
v 1.04614568 4.65822792 -2.52561903
v 1.23613214 4.65822792 -2.50662804
v 0.85401243 5.06329107 -2.51583958
v 0.84859365 5.46835423 -2.49987626
v 0.84333479 5.87341785 -2.48438406
v 1.03908265 5.06329107 -2.50856757
v 1.03216517 5.46835423 -2.49186730
v 1.22771931 5.06329107 -2.48956847
v 1.21943128 5.46835423 -2.47276187
v 1.02540326 5.87341785 -2.47554231
v 1.21127999 5.87341785 -2.45623279
v 1.43677139 4.25316477 -2.48856115
v 1.42717314 4.65822792 -2.47193646
v 1.62668240 4.25316477 -2.43450212
v 1.61633384 4.65822792 -2.41901445
v 1.41765332 5.06329107 -2.45544744
v 1.40822577 5.46835423 -2.43911839
v 1.39890420 5.87341785 -2.42297316
v 1.60602212 5.06329107 -2.40358186
v 1.59576201 5.46835423 -2.38822651
v 1.77891648 5.46835423 -2.31832910
v 1.58556867 5.87341785 -2.37297130
v 1.76819551 5.87341785 -2.30435729
v 0.83824319 6.27848101 -2.46938467
v 0.83332610 6.68354416 -2.45489955
v 1.01880646 6.27848101 -2.45961642
v 1.20327735 6.27848101 -2.44000506
v 1.01238441 6.68354416 -2.44411206
v 1.19543517 6.68354416 -2.42410278
v 0.82859057 7.08860779 -2.44094920
v 0.82404339 7.49367094 -2.42755365
v 1.00614631 7.08860779 -2.42905211
v 1.00010133 7.49367094 -2.41445827
v 0.81969112 7.89873409 -2.41473222
v 0.99425840 7.89873409 -2.40035200
v 1.18776476 7.08860779 -2.40854859
v 1.18027747 7.49367094 -2.39336610
v 1.17298448 7.89873409 -2.37857723
v 1.38970256 6.27848101 -2.40703535
v 1.38063407 6.68354416 -2.39132833
v 1.57545710 6.27848101 -2.35783815
v 1.75751328 6.27848101 -2.29043603
v 1.56544220 6.68354416 -2.34284973
v 1.74688554 6.68354416 -2.27658558
v 1.37171233 7.08860779 -2.37587547
v 1.36295044 7.49367094 -2.36069942
v 1.35436153 7.89873409 -2.34582305
v 1.55553865 7.08860779 -2.32802820
v 1.54576135 7.49367094 -2.31339526
v 1.73632801 7.08860779 -2.26282668
v 1.72585630 7.49367094 -2.24917960
v 1.53612494 7.89873409 -2.29897332
v 1.71548605 7.89873409 -2.23566508
v 1.81115508 4.25316477 -2.36034322
v 1.98703730 4.25316477 -2.26578164
v 1.80041182 4.65822792 -2.34634233
v 1.97625029 4.65822792 -2.25348163
v 1.78966045 5.06329107 -2.33233094
v 1.96541178 5.06329107 -2.24112272
v 1.95453727 5.46835423 -2.22872257
v 1.94364238 5.87341785 -2.21629930
v 2.15154481 4.25316477 -2.15154481
v 2.14102697 4.65822792 -2.14102697
v 2.29248095 4.65822792 -2.01045179
v 2.13041973 5.06329107 -2.13041973
v 2.11973834 5.46835423 -2.11973834
v 2.28236175 5.06329107 -2.00157762
v 2.27213836 5.46835423 -1.99261189
v 2.10899734 5.87341785 -2.10899734
v 2.26182508 5.87341785 -1.98356736
v 2.30248284 4.25316477 -2.01922321
v 2.43837547 4.25316477 -1.87103140
v 2.42905474 4.65822792 -1.86387920
v 2.41959953 5.06329107 -1.85662389
v 2.41002178 5.46835423 -1.84927487
v 2.40033436 5.87341785 -1.84184134
v 1.93274271 6.27848101 -2.20387077
v 1.92185426 6.68354416 -2.19145489
v 2.09821248 6.27848101 -2.09821248
v 2.08739877 6.68354416 -2.08739877
v 2.25143576 6.27848101 -1.97445619
v 2.24098516 6.68354416 -1.96529126
v 1.90017509 7.49367094 -2.16673446
v 1.91099310 7.08860779 -2.17907000
v 1.88941646 7.89873409 -2.15446663
v 2.07657194 7.08860779 -2.07657194
v 2.06574798 7.49367094 -2.06574798
v 2.05494237 7.89873409 -2.05494237
v 2.23048759 7.08860779 -1.95608521
v 2.21995831 7.49367094 -1.94685125
v 2.20941234 7.89873409 -1.93760264
v 2.39054966 6.27848101 -1.83433318
v 2.38068056 6.68354416 -1.82676041
v 2.37074041 7.08860779 -1.81913316
v 2.36074328 7.49367094 -1.81146204
v 2.35070276 7.89873409 -1.80375767
v 2.63458490 0.20253165 -1.76037347
v 2.73227954 0.20253165 -1.57748234
v 2.62787366 0.60759491 -1.75588894
v 2.72613478 0.60759491 -1.57393467
v 2.62094498 1.01265824 -1.75125945
v 2.61380506 1.41772151 -1.74648869
v 2.71979856 1.01265824 -1.57027638
v 2.60646009 1.82278478 -1.74158096
v 2.71327519 1.41772151 -1.56651008
v 2.80437040 1.01265824 -1.38296247
v 2.79830360 1.41772151 -1.37997055
v 2.70656943 1.82278478 -1.56263852
v 2.79208589 1.82278478 -1.37690437
v 2.59891725 2.22784805 -1.73654103
v 2.59118342 2.63291144 -1.73137343
v 2.69968629 2.22784805 -1.55866468
v 2.78572130 2.22784805 -1.37376571
v 2.69263172 2.63291144 -1.55459166
v 2.77921367 2.63291144 -1.37055647
v 2.58326650 3.03797460 -1.72608352
v 2.57517433 3.44303799 -1.72067654
v 2.56691599 3.84810138 -1.71515834
v 2.67803121 3.44303799 -1.54616201
v 2.68541121 3.03797460 -1.55042291
v 2.77256775 3.03797460 -1.36727905
v 2.76578808 3.44303799 -1.36393571
v 2.67049837 3.84810138 -1.54181290
v 2.80524540 2.22784805 -1.32254601
v 2.80507970 2.23010612 -1.32286763
v 2.80063868 2.29298735 -1.33136988
v 2.80108428 2.28445292 -1.33062768
v 2.79532194 2.39568448 -1.34017587
v 2.79453349 2.42375422 -1.34083891
v 2.79205918 2.51152921 -1.34293497
v 2.79190993 2.56246376 -1.34077632
v 2.79189134 2.56782079 -1.34055674
v 2.79181457 2.63291144 -1.33778656
v 2.79177666 2.63137531 -1.33795547
v 2.79353428 2.70822334 -1.32949138
v 2.79454279 2.75415707 -1.32453740
v 2.79974246 2.85924602 -1.30568075
v 2.80155420 2.89011574 -1.29940176
v 2.80069113 2.87888622 -1.30221653
v 2.75887966 3.84810138 -1.36052895
v 2.55849981 4.25316477 -1.70953488
v 2.54993534 4.65822792 -1.70381236
v 2.66282010 4.25316477 -1.53737986
v 2.65500355 4.65822792 -1.53286707
v 2.54123259 5.06329107 -1.69799733
v 2.53240156 5.46835423 -1.69209671
v 2.52345300 5.87341785 -1.68611741
v 2.64705706 5.06329107 -1.52827907
v 2.63898873 5.46835423 -1.52362084
v 2.63080740 5.87341785 -1.51889741
v 2.75184870 4.25316477 -1.35706151
v 2.74470043 4.65822792 -1.35353649
v 2.73744154 5.06329107 -1.34995675
v 2.73007846 5.46835423 -1.34632564
v 2.72261834 5.87341785 -1.34264672
v 2.79953599 5.87341785 -1.15960586
v 2.51439786 6.27848101 -1.68006682
v 2.50524712 6.68354416 -1.67395258
v 2.62252235 6.27848101 -1.51411402
v 2.61414289 6.68354416 -1.50927615
v 2.49601269 7.08860779 -1.66778243
v 2.48670697 7.49367094 -1.66156435
v 2.47734165 7.89873409 -1.65530682
v 2.60567904 7.08860779 -1.50438952
v 2.59714103 7.49367094 -1.49946010
v 2.58853960 7.89873409 -1.49449408
v 2.71506834 6.27848101 -1.33892357
v 2.70743680 6.68354416 -1.33516002
v 2.79262710 6.27848101 -1.15674412
v 2.78565860 6.68354416 -1.15385759
v 2.69973135 7.08860779 -1.33136010
v 2.69196057 7.49367094 -1.32752800
v 2.68413353 7.89873409 -1.32366824
v 2.77863669 7.08860779 -1.15094900
v 2.77156854 7.49367094 -1.14802122
v 2.76446128 7.89873409 -1.14507735
v 2.81603813 0.20253165 -1.38871634
v 2.81028295 0.60759491 -1.38587821
v 2.88708711 0.20253165 -1.19587064
v 2.88152289 0.60759491 -1.19356585
v 2.94654918 0.20253165 -1.00021875
v 2.90933228 0.94211411 -1.08511019
v 2.91361451 0.89066291 -1.07368028
v 2.92559767 0.77882385 -1.04007876
v 2.92198181 0.81275028 -1.05020905
v 2.94098282 0.60759491 -0.99832910
v 2.94995642 0.60759491 -0.96186870
v 2.94003439 0.67565799 -0.99800712
v 2.94046712 0.67180270 -0.99648559
v 2.93805909 0.68994069 -1.00375473
v 3.17539382 0.96363074 -1.03197098
v 3.22958922 0.88623160 -0.98787701
v 2.87584043 1.01265824 -1.19121218
v 2.87004185 1.41772151 -1.18881023
v 2.82800984 1.98019385 -1.27413094
v 2.83137202 1.94954443 -1.26674998
v 2.85395288 1.74724305 -1.21665013
v 2.86713719 1.61673474 -1.18760705
v 2.86695957 1.61887133 -1.18798161
v 2.86402893 1.64763451 -1.19444835
v 2.85827684 1.70830631 -1.20695233
v 2.87214065 1.54487288 -1.17514110
v 2.87351727 1.52653635 -1.17163467
v 2.84295678 1.84709537 -1.24116170
v 2.84872961 1.79730332 -1.22822964
v 2.84579873 1.82278478 -1.23484361
v 2.83847809 1.88742518 -1.25101805
v 2.97705102 1.98450577 -1.25038135
v 3.02267838 1.91934288 -1.22674024
v 3.15695071 1.72758222 -1.16540003
v 3.06743836 1.85541928 -1.20424795
v 3.11196542 1.79182792 -1.18369675
v 2.89953661 1.07284784 -1.11045098
v 2.89662528 1.11655581 -1.11767566
v 2.89178920 1.20064032 -1.12906921
v 2.89039087 1.22579849 -1.13231921
v 2.90360761 1.01265824 -1.10030031
v 2.90417480 1.00417602 -1.09887087
v 2.88517475 1.32384455 -1.14422047
v 2.88483357 1.33067834 -1.14498627
v 2.88523269 1.32269585 -1.14409173
v 2.90715647 1.34671319 -1.14431489
v 2.88203502 1.38259041 -1.15147471
v 2.88011956 1.41772151 -1.15593576
v 2.87939382 1.43081951 -1.15760028
v 2.87896991 1.43724763 -1.15863848
v 3.01033235 1.19936275 -1.11376691
v 2.95772219 1.27449811 -1.13011467
v 3.06465244 1.12178564 -1.09327495
v 3.12000346 1.04273641 -1.06662011
v 3.25082374 1.59351766 -1.13407242
v 3.20305634 1.66173661 -1.14912391
v 3.30058455 1.52245164 -1.11893630
v 3.35238719 1.44847000 -1.10200047
v 3.40594816 1.37197685 -1.08130431
v 3.51551795 1.21549511 -1.02074301
v 3.56938195 1.13856924 -0.97752368
v 3.46064043 1.29386854 -1.05483639
v 3.50207114 1.97231138 -1.15798402
v 3.54751611 1.90740907 -1.14026594
v 3.69445658 1.69755638 -1.09027195
v 3.59452868 1.84026825 -1.12396348
v 3.64347744 1.77036226 -1.10784900
v 3.74723458 1.62218153 -1.06931221
v 3.80123615 1.54505944 -1.04297078
v 2.80879545 2.17816043 -1.31547630
v 2.80943513 2.17087674 -1.31412756
v 2.83070254 2.19351268 -1.31555533
v 2.82124829 2.04431343 -1.28885257
v 2.81993270 2.05687952 -1.29173636
v 2.81791377 2.07683277 -1.29613197
v 2.88131309 2.12123346 -1.29623127
v 2.93004394 2.05163884 -1.27401006
v 2.90185547 2.82950783 -1.32488549
v 2.84534454 2.91021395 -1.30230331
v 2.80743742 2.96435094 -1.28082728
v 2.95856476 2.74851894 -1.33866191
v 3.01492548 2.66802740 -1.34401023
v 3.17718124 2.43630219 -1.31669033
v 3.22785902 2.36392689 -1.29672301
v 3.27660823 2.29430580 -1.27361047
v 3.07042956 2.58875942 -1.34152877
v 3.12463164 2.51135087 -1.33205974
v 3.30485630 2.99157524 -1.33980930
v 2.81064725 3.00454617 -1.27070689
v 2.81168795 3.01396656 -1.26759183
v 2.81429696 3.03797460 -1.25976527
v 2.82406950 3.12950754 -1.22988331
v 2.82556224 3.14021325 -1.22548759
v 2.82963920 3.16884303 -1.21375930
v 2.84140372 3.25271606 -1.17985690
v 2.84230471 3.25783443 -1.17732108
v 2.83940840 3.44303799 -1.17612147
v 3.03008580 3.38398838 -1.17906833
v 2.83297729 3.84810138 -1.17345762
v 3.13626647 3.23234677 -1.27046096
v 3.24820304 3.07248449 -1.32565176
v 3.19181395 3.15301657 -1.30258977
v 3.08215380 3.30962753 -1.22925091
v 2.85091233 3.31853867 -1.14644074
v 2.85503149 3.34803438 -1.13163841
v 2.85808086 3.36955857 -1.12085307
v 2.87098551 3.44303799 -1.07613540
v 2.87365627 3.45834994 -1.06680810
v 2.98069000 3.45453286 -1.12013412
v 2.87754393 3.48097658 -1.05321157
v 2.93460846 3.52034402 -1.05278814
v 2.88659501 3.52384043 -1.02211523
v 2.89793277 3.57686520 -0.98371565
v 2.89725161 3.57369518 -0.98602194
v 2.89936042 3.58520555 -0.97743917
v 2.89981341 3.58734298 -0.97548056
v 2.89383245 3.84810138 -0.98232371
v 3.28310943 3.76024532 -1.04982722
v 3.24160242 3.81952333 -0.97409374
v 3.32355785 2.22725463 -1.24885643
v 3.36902738 2.16231728 -1.22388947
v 3.41350913 2.09879088 -1.19992363
v 3.45762706 2.03578424 -1.17782247
v 3.36121774 2.91108298 -1.34540772
v 3.41676593 2.83175182 -1.34301186
v 3.52366734 2.67908072 -1.31772673
v 3.57440615 2.60661840 -1.29718041
v 3.47103930 2.75424147 -1.33343172
v 3.67006826 2.46999884 -1.24741805
v 3.71538687 2.40527701 -1.22117472
v 3.75960016 2.34213400 -1.19577372
v 3.80331898 2.27969694 -1.17214668
v 3.62317252 2.53697276 -1.27323937
v 3.81746364 2.99710822 -1.33465922
v 3.48307824 3.47466040 -1.26981544
v 3.53840399 3.39564681 -1.30251229
v 3.42926598 3.55151200 -1.22800589
v 3.37758017 3.62532711 -1.17721939
v 3.65121913 3.23452997 -1.34065759
v 3.59464574 3.31532526 -1.32608235
v 3.76313329 3.07469988 -1.34429240
v 3.70755935 3.15406775 -1.34655070
v 3.83002734 3.71677756 -1.26881099
v 3.77654076 3.79316425 -1.22639179
v 3.72526097 3.86639929 -1.17499959
v 3.32864809 3.69520903 -1.11770391
v 3.67681527 3.93558693 -1.11490953
v 3.63183904 3.99981999 -1.04651654
v 3.85556245 1.46747315 -1.00937617
v 3.90905213 1.39108229 -0.96698254
v 4.08853149 1.87237096 -1.05734456
v 4.03655720 1.94659793 -1.07862556
v 4.19555330 1.71952820 -0.99791545
v 4.14181376 1.79627621 -1.03106916
v 4.24862719 1.64373064 -0.95629650
v 4.53551531 1.97162426 -0.98640472
v 3.87015963 2.92185068 -1.31868100
v 3.92095375 2.84930897 -1.29762006
v 3.96973681 2.77963972 -1.27291417
v 4.01658249 2.71273732 -1.24608469
v 4.06175804 2.64821982 -1.21861696
v 4.10571337 2.58544493 -1.19182169
v 4.14904547 2.52356029 -1.16669607
v 3.84723163 2.21698308 -1.15077436
v 3.89202285 2.15301466 -1.13160551
v 3.93828225 2.08694911 -1.11402678
v 3.98641396 2.01820993 -1.09689450
v 4.19243813 2.46158886 -1.14380133
v 4.23658466 2.39854145 -1.12317646
v 4.28209543 2.33354545 -1.10430002
v 4.32940817 2.26597571 -1.08611333
v 3.99764800 3.47739053 -1.34122789
v 4.05394697 3.39698744 -1.34745920
v 3.94117689 3.55803967 -1.32619953
v 3.88510680 3.63811612 -1.30209434
v 4.16390228 3.23995471 -1.33575988
v 4.21665668 3.16461349 -1.31957030
v 4.10952902 3.31760764 -1.34538913
v 4.26750183 3.09199953 -1.29805899
v 4.31630135 3.02230668 -1.27265203
v 4.17710447 3.95871258 -1.26747370
v 4.34413767 3.72016406 -1.34154260
v 4.28778982 3.80063701 -1.32602715
v 4.23191404 3.88043618 -1.30136108
v 4.36310101 2.95546913 -1.24487507
v 4.40814257 2.89114356 -1.21623647
v 4.45185232 2.82871985 -1.18809032
v 4.49481058 2.76736856 -1.16149616
v 4.37870598 2.19557095 -1.06710410
v 4.42985916 2.12251711 -1.04544532
v 4.48239565 2.04748678 -1.01917624
v 4.53769684 2.70612097 -1.13709390
v 4.58120918 2.64397907 -1.11501110
v 4.72091866 2.44445324 -1.05574870
v 4.77123499 2.37259364 -1.03365743
v 4.82300377 2.29866004 -1.00733519
v 4.62597799 2.58004260 -1.09481859
v 4.67247248 2.51364136 -1.07554424
v 4.51035357 3.48278332 -1.33675230
v 4.56315756 3.40737128 -1.32041228
v 4.40037584 3.63984752 -1.34815395
v 4.45595026 3.56047916 -1.34632158
v 4.61404896 3.33469081 -1.29851460
v 4.66286564 3.26497364 -1.27247071
v 4.70962524 3.19819355 -1.24380755
v 4.75454187 3.13404584 -1.21405315
v 4.79801846 3.07195520 -1.18460143
v 4.69068241 3.96285915 -1.34162509
v 4.85681486 3.72559738 -1.33765590
v 4.74684238 3.88265443 -1.34865701
v 4.80239344 3.80331922 -1.34711051
v 4.84061813 3.01111627 -1.15657151
v 2.97292256 0.48056504 -0.87634468
v 2.97393632 0.47678119 -0.87245810
v 2.98888922 0.49237472 -0.87599999
v 2.99527359 0.20253165 -0.80258119
v 2.99239278 0.40598562 -0.80180925
v 2.99277616 0.40407041 -0.79997122
v 2.99487209 0.39661655 -0.78969336
v 3.03098941 0.43224955 -0.79929870
v 2.95471716 0.57537973 -0.94450033
v 2.95539832 0.57068992 -0.94202060
v 2.96358633 0.52851075 -0.91133815
v 3.28121376 0.81250399 -0.93342465
v 3.01030588 0.33998644 -0.71414363
v 3.01352286 0.33211264 -0.69809318
v 3.02193165 0.31068194 -0.65620440
v 3.03373098 0.20253165 -0.60344660
v 3.02907753 0.29237002 -0.62045550
v 3.03246999 0.28725556 -0.60319579
v 3.03279448 0.28651515 -0.60097480
v 3.06663275 0.38134536 -0.71336865
v 3.09514189 0.34062999 -0.61977649
v 3.32887268 0.74444008 -0.86833376
v 3.37128139 0.68387425 -0.79298514
v 3.66861200 0.99685425 -0.86038303
v 3.71128750 0.93590719 -0.78638387
v 3.40738702 0.63230997 -0.70837325
v 3.43646622 0.59078044 -0.61599237
v 3.74782062 0.88373262 -0.70310217
v 3.77744365 0.84142637 -0.61195767
v 3.62087727 1.06502652 -0.92419255
v 3.04451513 0.25839788 -0.52092481
v 3.04762864 0.25473800 -0.49924690
v 3.05877376 0.24048120 -0.42177409
v 3.05937123 0.23970503 -0.41757965
v 3.06198573 0.20253165 -0.40311807
v 3.06140590 0.23926088 -0.40304175
v 3.06201649 0.23880149 -0.39620429
v 3.11623788 0.31050196 -0.52040112
v 3.13005209 0.29077306 -0.41723356
v 3.06951785 0.23213319 -0.31238207
v 3.07129240 0.23315831 -0.29208124
v 3.13709331 0.28071719 -0.31217560
v 3.07773638 0.23615949 -0.21849546
v 3.07872581 0.23661520 -0.20696571
v 3.07974124 0.20253165 -0.20185690
v 3.07915807 0.23737088 -0.20181867
v 3.07954907 0.23873197 -0.18934588
v 3.13817000 0.27917957 -0.20686424
v 3.45818686 0.55976033 -0.51766968
v 3.47262549 0.53913993 -0.41536909
v 3.79977250 0.80953747 -0.51472324
v 3.81482911 0.78803432 -0.41333205
v 3.48023987 0.52826542 -0.31099030
v 3.48179770 0.52604061 -0.20619017
v 3.82302022 0.77633631 -0.30967808
v 3.82507086 0.77340770 -0.20543477
v 2.91751766 3.67229009 -0.89885819
v 2.91859365 3.67741537 -0.89424080
v 2.92314434 3.69482064 -0.87498289
v 2.93977547 3.75958610 -0.80452985
v 2.94355273 3.77122569 -0.78872257
v 2.94241667 3.84810138 -0.78841817
v 2.94724774 3.78565001 -0.76798826
v 2.94851756 3.79071522 -0.76085311
v 3.20474243 3.87216496 -0.89116800
v 3.17308736 3.91737294 -0.80189091
v 2.95769048 3.82722402 -0.70944732
v 2.96462131 3.84810138 -0.67114913
v 2.96696186 3.85515451 -0.65820867
v 2.97563553 3.88194156 -0.61019701
v 2.97583771 3.88239169 -0.60909212
v 2.97887802 3.88914490 -0.59253567
v 2.98462844 3.90597200 -0.54703701
v 3.14709806 3.95448971 -0.70728248
v 3.12709308 3.98305941 -0.60852295
v 2.98953390 3.92080593 -0.50816643
v 2.99841189 3.93765974 -0.43896726
v 2.99868846 3.93818545 -0.43680689
v 3.00279641 3.94633722 -0.40468818
v 3.00399160 3.94750810 -0.39548299
v 3.00895739 3.95354390 -0.32906628
v 3.01104403 3.95633745 -0.30110916
v 3.01493168 3.95555115 -0.25020823
v 3.01687980 3.95514107 -0.22445889
v 3.01888943 3.95483971 -0.19786848
v 3.01883674 3.95491624 -0.19855094
v 3.96037245 1.31778932 -0.91473544
v 4.00813818 1.24957263 -0.85218412
v 4.05103922 1.18830335 -0.77952659
v 4.29972887 1.57074988 -0.90509313
v 4.08796453 1.13556886 -0.69758213
v 4.11810446 1.09252453 -0.60769439
v 4.39056826 1.44101775 -0.77244496
v 4.58813524 1.89647508 -0.94550771
v 4.34748220 1.50255108 -0.84377307
v 4.63897657 1.82386601 -0.89530498
v 4.72990561 1.69400585 -0.76517045
v 4.68667507 1.75574565 -0.83518571
v 4.42785025 1.38777387 -0.69183999
v 4.45847940 1.34403110 -0.60322446
v 4.76750898 1.64030302 -0.68590277
v 4.79859877 1.59590244 -0.59857023
v 4.14102411 1.05979192 -0.51157898
v 4.15669107 1.03741705 -0.41113529
v 4.16546059 1.02489305 -0.30824789
v 4.16801405 1.02124631 -0.20460360
v 4.48197079 1.31048179 -0.50825435
v 4.49823904 1.28724813 -0.40879184
v 4.82264233 1.56156456 -0.50476682
v 4.83950138 1.53748727 -0.40631497
v 4.50758696 1.27389789 -0.30670887
v 4.51065159 1.26952112 -0.20370232
v 4.84942675 1.52331245 -0.30507037
v 4.85300922 1.51819587 -0.20273677
v 2.82645416 4.25316477 -1.17075562
v 2.81984329 4.65822792 -1.16801739
v 2.88765240 4.25316477 -0.98022592
v 2.88141990 4.65822792 -0.97811025
v 2.81314993 5.06329107 -1.16524482
v 2.80637884 5.46835423 -1.16244018
v 2.87513876 5.06329107 -0.97597808
v 2.86881280 5.46835423 -0.97383076
v 2.86244702 5.87341785 -0.97166979
v 3.59096241 4.05819750 -0.97035372
v 2.85604572 6.27848101 -0.96949685
v 2.84961390 6.68354416 -0.96731359
v 2.84315705 7.08860779 -0.96512175
v 2.83668065 7.49367094 -0.96292329
v 2.83019042 7.89873409 -0.96072018
v 4.07311440 4.10722542 -1.17243671
v 4.12396622 4.03460169 -1.22443569
v 4.02517509 4.17568970 -1.11177897
v 3.94054651 4.29655218 -0.96631384
v 3.98077893 4.23909426 -1.04288435
v 4.32991028 4.47809505 -1.03895938
v 4.29033327 4.53461647 -0.96200258
v 4.52429819 4.20048046 -1.26583087
v 4.57881689 4.12261963 -1.30033863
v 4.47152948 4.27584171 -1.22216558
v 4.42112589 4.34782505 -1.16955960
v 4.63447809 4.04312706 -1.32559001
v 4.81921816 4.51690292 -1.21961093
v 4.76928091 4.58822060 -1.16639769
v 4.37371159 4.41554022 -1.10834110
v 4.72240686 4.65516376 -1.10462582
v 4.67921400 4.71684980 -1.03477132
v 4.64030170 4.77242184 -0.95744872
v 2.93641281 4.25316477 -0.78680944
v 2.93039370 4.65822792 -0.78519666
v 2.97350550 4.25316477 -0.59146702
v 2.96754885 4.65822792 -0.59028220
v 2.92436266 5.06329107 -0.78358066
v 2.91832352 5.46835423 -0.78196239
v 2.91227937 5.87341785 -0.78034294
v 2.96161699 5.06329107 -0.58910227
v 2.95571327 5.46835423 -0.58792794
v 2.94984150 5.87341785 -0.58675992
v 3.55478716 4.10986137 -0.88711345
v 3.52385235 4.15404081 -0.79766279
v 3.49859285 4.19011497 -0.70304334
v 3.47929859 4.21767044 -0.60444927
v 3.83172846 4.45196009 -0.60021329
v 2.99940968 4.25316477 -0.39487976
v 2.99339271 4.65822792 -0.39408761
v 3.11321211 4.00288343 -0.50690883
v 3.10538650 4.01406002 -0.40378574
v 3.01428843 4.25316477 -0.19756690
v 3.00812483 4.65822792 -0.19716291
v 3.10333037 4.01699638 -0.30046383
v 3.10655284 4.01239395 -0.19812585
v 2.98743439 5.06329107 -0.39330322
v 2.98153901 5.46835423 -0.39252704
v 2.97570968 5.87341785 -0.39175960
v 3.00204945 5.06329107 -0.19676472
v 2.99606681 5.46835423 -0.19637260
v 2.99018097 5.87341785 -0.19598682
v 3.46607542 4.23655510 -0.50318098
v 3.45882177 4.24691391 -0.40057594
v 3.81914759 4.46992731 -0.49932945
v 3.81244445 4.47950077 -0.39727855
v 3.45722103 4.24920034 -0.29792312
v 3.46075702 4.24415016 -0.19637230
v 3.81127286 4.48117399 -0.29532650
v 3.81509256 4.47571898 -0.19458859
v 2.90623474 6.27848101 -0.77872324
v 2.90019345 6.68354416 -0.77710450
v 2.94400477 6.27848101 -0.58559895
v 2.93820691 6.68354416 -0.58444571
v 2.89416003 7.08860779 -0.77548784
v 2.88813901 7.49367094 -0.77387452
v 2.88213515 7.89873409 -0.77226579
v 2.93245220 7.08860779 -0.58330101
v 2.92674398 7.49367094 -0.58216560
v 2.92108703 7.89873409 -0.58104032
v 2.96995020 6.27848101 -0.39100134
v 2.96426415 6.68354416 -0.39025280
v 2.98439622 6.27848101 -0.19560766
v 2.97871661 6.68354416 -0.19523540
v 2.95865560 7.08860779 -0.38951442
v 2.95312834 7.49367094 -0.38878673
v 2.94768620 7.89873409 -0.38807026
v 2.97314596 7.08860779 -0.19487028
v 2.96768880 7.49367094 -0.19451259
v 2.96234894 7.89873409 -0.19416261
v 3.90506530 4.34722471 -0.88278723
v 3.87485385 4.39037085 -0.79319644
v 4.25555277 4.58428812 -0.87821674
v 4.22606611 4.62639952 -0.78851771
v 3.85032177 4.42540646 -0.69860297
v 4.20225668 4.66040277 -0.69398534
v 4.18435383 4.68597126 -0.59583634
v 4.57746363 4.86216402 -0.78365284
v 4.60622644 4.82108688 -0.87342983
v 4.55437040 4.89514494 -0.68921447
v 4.53714418 4.91974592 -0.59133995
v 4.17239809 4.70304585 -0.49537259
v 4.16622257 4.71186543 -0.39390859
v 4.16545296 4.71296453 -0.29268545
v 4.16952610 4.70714712 -0.19278233
v 4.52579498 4.93595457 -0.49132884
v 4.52012396 4.94405413 -0.39048114
v 4.51972818 4.94461918 -0.29001126
v 4.52402544 4.93848181 -0.19096105
v 0.81554019 8.30379772 -2.40250397
v 0.98862600 8.30379772 -2.38675427
v 0.81159669 8.70886040 -2.39088678
v 0.98321271 8.70886040 -2.37368536
v 1.16589653 8.30379772 -2.36420441
v 1.15902448 8.70886040 -2.35026908
v 0.80786663 9.11392403 -2.37989831
v 0.97802663 9.11392403 -2.36116505
v 0.80435568 9.51898766 -2.36955547
v 0.80106938 9.92405033 -2.35987425
v 0.97307575 9.51898766 -2.34921265
v 0.96836776 9.92405033 -2.33784652
v 1.15237856 9.11392403 -2.33679271
v 1.14596915 9.51898766 -2.32379556
v 1.13980627 9.92405033 -2.31129861
v 1.34595847 8.30379772 -2.33126855
v 1.33775401 8.70886040 -2.31705809
v 1.51733243 8.70886040 -2.27084851
v 1.52664375 8.30379772 -2.28478384
v 1.70523310 8.30379772 -2.22230291
v 1.69511282 8.70886040 -2.20911407
v 1.32976079 9.11392403 -2.30321312
v 1.50820518 9.11392403 -2.25718856
v 1.32199085 9.51898766 -2.28975534
v 1.31445658 9.92405033 -2.27670574
v 1.49927604 9.51898766 -2.24382520
v 1.49055898 9.92405033 -2.23077917
v 1.68514085 9.11392403 -2.19611835
v 1.67533255 9.51898766 -2.18333578
v 1.66570318 9.92405033 -2.17078662
v 0.79801303 10.32911396 -2.35087061
v 0.96391028 10.32911396 -2.32708526
v 0.79519176 10.73417759 -2.34255934
v 0.95971048 10.73417759 -2.31694603
v 1.13389957 10.32911396 -2.29932094
v 1.12825882 10.73417759 -2.28788257
v 0.79261053 11.13924026 -2.33495522
v 0.95577550 11.13924026 -2.30744624
v 0.79027396 11.54430389 -2.32807207
v 0.78818667 11.94936752 -2.32192302
v 0.95211220 11.54430389 -2.29860210
v 0.94872719 11.94936752 -2.29043007
v 1.12289310 11.13924026 -2.27700186
v 1.11781156 11.54430389 -2.26669765
v 1.11302328 11.94936752 -2.25698781
v 1.30716991 10.32911396 -2.26408482
v 1.48206794 10.32911396 -2.21807146
v 1.30014253 10.73417759 -2.25191283
v 1.47381639 10.73417759 -2.20572209
v 1.29338586 11.13924026 -2.24021006
v 1.46581781 11.13924026 -2.19375134
v 1.28691125 11.54430389 -2.22899580
v 1.28072989 11.94936752 -2.21828914
v 1.45808554 11.54430389 -2.18217921
v 1.65626824 10.32911396 -2.15849066
v 1.64704263 10.73417759 -2.14646769
v 1.45063269 11.94936752 -2.17102528
v 1.63804150 11.13924026 -2.13473725
v 1.62927949 11.54430389 -2.12331843
v 1.62077165 11.94936752 -2.11223078
v 1.87873328 8.30379772 -2.14228487
v 1.86814189 8.70886040 -2.13020754
v 2.03345180 8.70886040 -2.03345180
v 2.04417157 8.30379772 -2.04417157
v 2.19886518 8.30379772 -1.92835295
v 2.18833208 8.70886040 -1.91911578
v 1.85765815 9.11392403 -2.11825323
v 2.02279878 9.11392403 -2.02279878
v 1.84729862 9.51898766 -2.10644031
v 1.83707917 9.92405033 -2.09478736
v 2.01222944 9.51898766 -2.01222944
v 2.00175977 9.92405033 -2.00175977
v 2.17782927 9.11392403 -1.90990496
v 2.15697718 9.92405033 -1.89161825
v 2.16737223 9.51898766 -1.90073442
v 2.34063315 8.30379772 -1.79603100
v 2.33054900 8.70886040 -1.78829312
v 2.32046485 9.11392403 -1.78055537
v 2.31039596 9.51898766 -1.77282917
v 1.82701612 10.32911396 -2.08331251
v 1.99140644 10.32911396 -1.99140644
v 1.81712544 10.73417759 -2.07203460
v 1.98118579 10.73417759 -1.98118579
v 2.14666033 10.32911396 -1.88257062
v 2.13643813 10.73417759 -1.87360585
v 1.80742335 11.13924026 -2.06097126
v 1.79792571 11.54430389 -2.05014133
v 1.78864837 11.94936752 -2.03956246
v 1.97111452 11.13924026 -1.97111452
v 1.96120894 11.54430389 -1.96120894
v 1.95148575 11.94936752 -1.95148575
v 2.12632656 11.13924026 -1.86473835
v 2.11634231 11.54430389 -1.85598242
v 2.10650229 11.94936752 -1.84735286
v 0.78635287 12.35443020 -2.31652093
v 0.94562680 12.35443020 -2.28294492
v 0.78477681 12.75949383 -2.31187797
v 0.94281733 12.75949383 -2.27616239
v 1.10853660 12.35443020 -2.24789000
v 1.10436022 12.75949383 -2.23942089
v 0.78346241 13.16455650 -2.30800581
v 0.94030470 13.16455650 -2.27009630
v 0.78241342 13.56962013 -2.30491567
v 0.78163362 13.97468376 -2.30261827
v 0.93809474 13.56962013 -2.26476097
v 0.93619299 13.97468376 -2.26016974
v 1.10050213 13.16455650 -2.23159742
v 1.26405227 13.16455650 -2.18940282
v 1.09697044 13.56962013 -2.22443604
v 1.09377277 13.97468376 -2.21795177
v 1.25915003 13.56962013 -2.18091178
v 1.27485251 12.35443020 -2.20810938
v 1.26928985 12.75949383 -2.19847441
v 1.25459313 13.97468376 -2.17301917
v 1.44347215 12.35443020 -2.16030884
v 1.43661666 12.75949383 -2.15004873
v 1.61253238 12.35443020 -2.10149312
v 1.77960718 12.35443020 -2.02925301
v 1.60457623 12.75949383 -2.09112453
v 1.77081800 12.75949383 -2.01923084
v 1.43007863 13.16455650 -2.14026380
v 1.42387033 13.56962013 -2.13097262
v 1.41800404 13.97468376 -2.12219310
v 1.59691739 13.16455650 -2.08114314
v 1.76229632 13.16455650 -2.00951385
v 1.58957005 13.56962013 -2.07156801
v 1.58254814 13.97468376 -2.06241679
v 1.75405777 13.56962013 -2.00011945
v 1.74611771 13.97468376 -1.99106562
v 0.78112626 14.37974644 -2.30112386
v 0.93460488 14.37974644 -2.25633574
v 0.78089482 14.78481007 -2.30044198
v 0.93333560 14.78481007 -2.25327158
v 1.09091687 14.37974644 -2.21216059
v 1.08841002 14.78481007 -2.20707703
v 0.78094232 15.18987370 -2.30058193
v 0.93239021 15.18987370 -2.25098920
v 0.78127187 15.59493637 -2.30155277
v 0.78188622 16.00000000 -2.30336261
v 0.93177348 15.59493637 -2.24950027
v 0.93149018 16.00000000 -2.24881625
v 1.08625925 15.18987370 -2.20271587
v 1.08447158 15.59493637 -2.19909096
v 1.08305383 16.00000000 -2.19621587
v 1.25039136 14.37974644 -2.16574144
v 1.24655426 14.78481007 -2.15909529
v 1.24309123 15.18987370 -2.15309715
v 1.24001133 15.59493637 -2.14776254
v 1.23732364 16.00000000 -2.14310741
v 1.41249168 14.37974644 -2.11394310
v 1.40734482 14.78481007 -2.10624027
v 1.57586551 14.37974644 -2.05370784
v 1.73849142 14.37974644 -1.98236954
v 1.56953573 14.78481007 -2.04545879
v 1.73119414 14.78481007 -1.97404861
v 1.40257514 15.18987370 -2.09910202
v 1.39421225 16.00000000 -2.08658600
v 1.39819384 15.59493637 -2.09254503
v 1.56357229 15.18987370 -2.03768706
v 1.55798864 15.59493637 -2.03041029
v 1.55279768 16.00000000 -2.02364540
v 1.72424090 15.18987370 -1.96611989
v 1.71764660 15.59493637 -1.95860052
v 1.71142602 16.00000000 -1.95150733
v 1.94196141 12.35443020 -1.94196141
v 1.93265224 12.75949383 -1.93265224
v 2.09682250 12.35443020 -1.83886397
v 2.08732009 12.75949383 -1.83053052
v 1.92357492 13.16455650 -1.92357492
v 1.90618122 13.97468376 -1.90618122
v 1.91474581 13.56962013 -1.91474581
v 2.07801151 13.16455650 -1.82236719
v 2.06891370 13.56962013 -1.81438851
v 2.06004310 13.97468376 -1.80660939
v 1.89789748 14.37974644 -1.89789748
v 1.88991082 14.78481007 -1.88991082
v 2.05141687 14.37974644 -1.79904437
v 2.04305172 14.78481007 -1.79170835
v 1.88223743 15.18987370 -1.88223743
v 2.03496432 15.18987370 -1.78461576
v 1.87489343 15.59493637 -1.87489343
v 1.86789477 16.00000000 -1.86789477
v 2.02717137 15.59493637 -1.77778161
v 2.46793008 8.30379772 -1.64901817
v 2.45848489 8.70886040 -1.64270711
v 2.57988572 8.30379772 -1.48949766
v 2.57119060 8.70886040 -1.48447752
v 2.44901967 9.11392403 -1.63638258
v 2.30035710 9.92405033 -1.76512611
v 2.43954778 9.51898766 -1.63005376
v 2.43008327 9.92405033 -1.62372983
v 2.54497695 9.92405033 -1.46934307
v 2.56246614 9.11392403 -1.47944045
v 2.55372405 9.51898766 -1.47439325
v 2.67625952 8.30379772 -1.31978512
v 2.66834784 8.70886040 -1.31588352
v 2.75732231 8.30379772 -1.14212036
v 2.75015998 8.70886040 -1.13915360
v 2.66040850 9.11392403 -1.31196833
v 2.65245199 9.51898766 -1.30804455
v 2.64448881 9.92405033 -1.30411756
v 2.74298239 9.11392403 -1.13618052
v 2.73579788 9.51898766 -1.13320458
v 2.72861576 9.92405033 -1.13022959
v 2.29036403 10.32911396 -1.75745821
v 2.28043222 10.73417759 -1.74983728
v 2.27057743 11.13924026 -1.74227536
v 2.26081538 11.54430389 -1.73478472
v 2.25116229 11.94936752 -1.72737765
v 2.42064047 10.32911396 -1.61742020
v 2.41123343 10.73417759 -1.61113465
v 2.53623724 10.32911396 -1.46429729
v 2.52751803 10.73417759 -1.45926332
v 2.40187693 11.13924026 -1.60488284
v 2.39258575 11.54430389 -1.59867477
v 2.38337541 11.94936752 -1.59252048
v 2.51883268 11.13924026 -1.45424867
v 2.51019406 11.54430389 -1.44926131
v 2.50161672 11.94936752 -1.44430900
v 2.63652992 10.32911396 -1.30019271
v 2.62858677 10.73417759 -1.29627550
v 2.72144485 10.32911396 -1.12725937
v 2.71429515 10.73417759 -1.12429786
v 2.62067056 11.13924026 -1.29237163
v 2.61279321 11.54430389 -1.28848708
v 2.60496736 11.94936752 -1.28462768
v 2.70717621 11.13924026 -1.12134910
v 2.70009851 11.54430389 -1.11841738
v 2.69307232 11.94936752 -1.11550713
v 2.80421948 9.51898766 -0.95190430
v 2.79775906 9.92405033 -0.94971120
v 2.79132605 10.32911396 -0.94752753
v 2.78492904 10.73417759 -0.94535601
v 2.77857590 11.13924026 -0.94319940
v 2.77227521 11.54430389 -0.94106060
v 2.76603603 11.94936752 -0.93894273
v 2.24163437 12.35443020 -1.72006667
v 2.23224807 12.75949383 -1.71286416
v 2.22301936 13.16455650 -1.70578277
v 2.21396518 13.56962013 -1.69883525
v 2.20510221 13.97468376 -1.69203436
v 2.37426066 12.35443020 -1.58643019
v 2.36525726 12.75949383 -1.58041430
v 2.49311399 12.35443020 -1.43939996
v 2.48470044 12.75949383 -1.43454242
v 2.35638070 13.16455650 -1.57448316
v 2.34764695 13.56962013 -1.56864750
v 2.47639036 13.16455650 -1.42974460
v 2.33907175 13.97468376 -1.56291783
v 2.46819854 13.56962013 -1.42501521
v 2.46013999 13.97468376 -1.42036259
v 2.59720492 12.35443020 -1.28079975
v 2.58951902 12.75949383 -1.27700937
v 2.68610883 12.35443020 -1.11262262
v 2.67921853 12.75949383 -1.10976875
v 2.58192229 13.16455650 -1.27326322
v 2.57442832 13.56962013 -1.26956761
v 2.56705070 13.97468376 -1.26592934
v 2.67241359 13.16455650 -1.10694993
v 2.66570497 13.56962013 -1.10417116
v 2.65910506 13.97468376 -1.10143733
v 2.19644666 14.37974644 -1.68539286
v 2.18801570 14.78481007 -1.67892361
v 2.01968980 16.00000000 -1.77122045
v 2.17982626 15.18987370 -1.67263949
v 2.16423869 16.00000000 -1.66067874
v 2.17189479 15.59493637 -1.66655350
v 2.33067155 14.37974644 -1.55730498
v 2.45222974 14.37974644 -1.41579556
v 2.32246232 14.78481007 -1.55181968
v 2.44448304 14.78481007 -1.41132295
v 2.31446052 15.18987370 -1.54647315
v 2.43691540 15.18987370 -1.40695369
v 2.30668283 15.59493637 -1.54127622
v 2.29914570 16.00000000 -1.53623998
v 2.42954230 15.59493637 -1.40269697
v 2.42237973 16.00000000 -1.39856160
v 2.55980301 14.37974644 -1.26235509
v 2.55269909 14.78481007 -1.25885189
v 2.65262580 14.37974644 -1.09875357
v 2.64627981 14.78481007 -1.09612501
v 2.54575348 15.18987370 -1.25542665
v 2.53898048 15.59493637 -1.25208652
v 2.53239465 16.00000000 -1.24883890
v 2.64007998 15.18987370 -1.09355700
v 2.63403916 15.59493637 -1.09105480
v 2.62817073 16.00000000 -1.08862400
v 2.75986767 12.35443020 -0.93684882
v 2.75377917 12.75949383 -0.93478209
v 2.74778056 13.16455650 -0.93274581
v 2.74188209 13.56962013 -0.93074352
v 2.73609376 13.97468376 -0.92877865
v 2.80317450 13.56962013 -0.75110835
v 2.79817843 13.97468376 -0.74976963
v 2.73042607 14.37974644 -0.92685479
v 2.72489023 14.78481007 -0.92497563
v 2.79331183 14.37974644 -0.74846560
v 2.78858352 14.78481007 -0.74719876
v 2.71949744 15.18987370 -0.92314494
v 2.71425867 15.59493637 -0.92136669
v 2.70918608 16.00000000 -0.91964471
v 2.78400373 15.18987370 -0.74597156
v 2.77958179 15.59493637 -0.74478668
v 2.77532792 16.00000000 -0.74364692
v 2.82369256 8.30379772 -0.95851445
v 2.81719351 8.70886040 -0.95630836
v 2.87615347 8.30379772 -0.77066296
v 2.87019920 8.70886040 -0.76906759
v 2.91548514 8.30379772 -0.57992607
v 2.90994310 8.70886040 -0.57882369
v 2.81070018 9.11392403 -0.95410419
v 2.86427808 9.11392403 -0.76748097
v 2.85839581 9.51898766 -0.76590484
v 2.85255837 9.92405033 -0.76434070
v 2.90446544 9.11392403 -0.57773411
v 2.89905715 9.51898766 -0.57665831
v 2.89372325 9.92405033 -0.57559735
v 2.94233298 8.30379772 -0.38736549
v 2.93707299 8.70886040 -0.38667300
v 2.95713019 8.30379772 -0.19382057
v 2.95203733 8.70886040 -0.19348674
v 2.93191051 9.11392403 -0.38599333
v 2.92684960 9.51898766 -0.38532707
v 2.92189503 9.92405033 -0.38467476
v 2.94707370 9.11392403 -0.19316141
v 2.94224381 9.51898766 -0.19284485
v 2.93755198 9.92405033 -0.19253734
v 2.84677196 10.32911396 -0.76279026
v 2.84104371 10.73417759 -0.76125538
v 2.88846898 10.32911396 -0.57455224
v 2.88330007 10.73417759 -0.57352406
v 2.83538008 11.13924026 -0.75973779
v 2.82978821 11.54430389 -0.75823945
v 2.82427549 11.94936752 -0.75676233
v 2.87822199 11.13924026 -0.57251394
v 2.87324071 11.54430389 -0.57152307
v 2.86836243 11.94936752 -0.57055277
v 2.91705084 10.32911396 -0.38403705
v 2.91232252 10.73417759 -0.38341454
v 2.93300247 10.32911396 -0.19223914
v 2.92859936 10.73417759 -0.19195054
v 2.90771437 11.13924026 -0.38280785
v 2.90323162 11.54430389 -0.38221771
v 2.89887977 11.94936752 -0.38164476
v 2.92434716 11.13924026 -0.19167185
v 2.92025065 11.54430389 -0.19140334
v 2.91631436 11.94936752 -0.19114533
v 2.81884956 12.35443020 -0.75530851
v 2.81351876 12.75949383 -0.75388008
v 2.86359334 12.35443020 -0.56960416
v 2.85894060 12.75949383 -0.56867862
v 2.80829072 13.16455650 -0.75247926
v 2.85441065 13.16455650 -0.56777757
v 2.85001063 13.56962013 -0.56690234
v 2.84574795 13.97468376 -0.56605446
v 2.89466381 12.35443020 -0.38108975
v 2.89058971 12.75949383 -0.38055336
v 2.91254282 12.35443020 -0.19089814
v 2.90894103 12.75949383 -0.19066207
v 2.88666296 13.16455650 -0.38003641
v 2.88288975 13.56962013 -0.37953964
v 2.87927604 13.97468376 -0.37906390
v 2.90551424 13.16455650 -0.19043747
v 2.90226722 13.56962013 -0.19022465
v 2.89920545 13.97468376 -0.19002397
v 2.84163022 14.37974644 -0.56523544
v 2.83766532 14.78481007 -0.56444675
v 2.83386135 15.18987370 -0.56369007
v 2.83022618 15.59493637 -0.56296700
v 2.82676911 16.00000000 -0.56227934
v 2.87582850 14.37974644 -0.37860999
v 2.87255335 14.78481007 -0.37817881
v 2.89633441 14.37974644 -0.18983579
v 2.89365935 14.78481007 -0.18966046
v 2.86945748 15.18987370 -0.37777126
v 2.86654806 15.59493637 -0.37738821
v 2.86383200 16.00000000 -0.37703061
v 2.89118648 15.18987370 -0.18949836
v 2.88892126 15.59493637 -0.18934990
v 2.88686991 16.00000000 -0.18921545
v -3.27433372 0.20253165 -0.00000000
v -3.26938629 0.60759491 -0.00000000
v -3.29155922 0.20253165 0.21574020
v -3.28544092 0.60759491 0.21533917
v -3.26407099 1.01265824 -0.00000000
v -3.25839615 1.41772151 -0.00000000
v -3.25237012 1.82278478 -0.00000000
v -3.27892017 1.01265824 0.21491177
v -3.27200723 1.41772151 0.21445869
v -3.26471305 1.82278478 0.21398060
v -3.29189253 0.20253165 0.43338588
v -3.28431296 0.60759491 0.43238801
v -3.27250719 0.20253165 0.65094215
v -3.26320982 0.60759491 0.64909279
v -3.27630377 1.01265824 0.43133357
v -3.26787782 1.41772151 0.43022427
v -3.25904775 1.82278478 0.42906177
v -3.25346756 1.01265824 0.64715493
v -3.24329567 1.41772151 0.64513165
v -3.23271012 1.82278478 0.64302599
v -3.24600267 2.22784805 -0.00000000
v -3.23930383 2.63291144 -0.00000000
v -3.25704885 2.22784805 0.21347825
v -3.24902654 2.63291144 0.21295245
v -3.23228383 3.03797460 -0.00000000
v -3.22495389 3.44303799 -0.00000000
v -3.21732569 3.84810138 -0.00000000
v -3.24065852 3.03797460 0.21240398
v -3.23195815 3.44303799 0.21183373
v -3.22293878 3.84810138 0.21124257
v -3.24982738 2.22784805 0.42784789
v -3.24023151 2.63291144 0.42658457
v -3.22172713 2.22784805 0.64084136
v -3.21036363 2.63291144 0.63858104
v -3.23027444 3.03797460 0.42527369
v -3.21997190 3.44303799 0.42391735
v -3.20934010 3.84810138 0.42251763
v -3.19863749 3.03797460 0.63624859
v -3.18656683 3.44303799 0.63384753
v -3.17417026 3.84810138 0.63138169
v -3.23085070 0.20253165 0.86570382
v -3.21965575 0.60759491 0.86270416
v -3.16503382 0.20253165 1.07438421
v -3.15187693 0.60759491 1.06991804
v -3.20801687 1.01265824 0.85958552
v -3.19595218 1.41772151 0.85635281
v -3.18348026 1.82278478 0.85301101
v -3.13829613 1.01265824 1.06530797
v -3.12431216 1.41772151 1.06056106
v -3.10994720 1.82278478 1.05568480
v -3.07416391 0.20253165 1.27336037
v -3.05912232 0.60759491 1.26713002
v -2.95856905 0.20253165 1.45900488
v -2.94187379 0.60759491 1.45077157
v -3.04369736 1.01265824 1.26074064
v -3.02791262 1.41772151 1.25420249
v -3.01179266 1.82278478 1.24752533
v -2.92485523 1.01265824 1.44237900
v -2.90753961 1.41772151 1.43383992
v -2.88995361 1.82278478 1.42516732
v -3.17062068 2.22784805 0.84956527
v -3.15739322 2.63291144 0.84602094
v -3.09522319 2.22784805 1.05068672
v -3.08016276 2.63291144 1.04557443
v -3.14381814 3.03797460 0.84238356
v -3.12991643 3.44303799 0.83865857
v -3.11570930 3.84810138 0.83485180
v -3.06478906 3.03797460 1.04035568
v -3.04912519 3.44303799 1.03503859
v -3.03319526 3.84810138 1.02963102
v -2.99536204 2.22784805 1.24071956
v -2.97864604 2.63291144 1.23379552
v -2.87212348 2.22784805 1.41637456
v -2.85407639 2.63291144 1.40747476
v -2.96166968 3.03797460 1.22676373
v -2.94445872 3.44303799 1.21963477
v -2.92703915 3.84810138 1.21241927
v -2.81743956 3.44303799 1.38940740
v -2.83583951 3.03797460 1.39848125
v -2.79890418 3.84810138 1.38026679
v -3.20941091 4.25316477 -0.00000000
v -3.20122266 4.65822792 -0.00000000
v -3.21361470 4.25316477 0.21063143
v -3.20400047 4.65822792 0.21000129
v -3.19277358 5.06329107 -0.00000000
v -3.18407750 5.46835423 -0.00000000
v -3.17514801 5.87341785 -0.00000000
v -3.19411111 5.06329107 0.20935310
v -3.18396235 5.46835423 0.20868793
v -3.17357039 5.87341785 0.20800678
v -3.19839501 4.25316477 0.42107671
v -3.18715429 4.65822792 0.41959682
v -3.16146660 4.25316477 0.62885481
v -3.14847565 4.65822792 0.62627077
v -3.17563486 5.06329107 0.41808027
v -3.16385508 5.46835423 0.41652942
v -3.15183282 5.87341785 0.41494668
v -3.13521743 5.06329107 0.62363350
v -3.12171221 5.46835423 0.62094712
v -3.10798049 5.87341785 0.61821574
v -3.16599965 6.27848101 -0.00000000
v -3.15664744 6.68354416 -0.00000000
v -3.16295123 6.27848101 0.20731077
v -3.15212178 6.68354416 0.20660096
v -3.14710641 7.08860779 -0.00000000
v -3.13739181 7.49367094 -0.00000000
v -3.12751961 7.89873409 -0.00000000
v -3.14109921 7.08860779 0.20587853
v -3.12990117 7.49367094 0.20514457
v -3.11854553 7.89873409 0.20440027
v -3.13958693 6.27848101 0.41333446
v -3.12713671 6.68354416 0.41169536
v -3.09404349 6.27848101 0.61544353
v -3.07992268 6.68354416 0.61263472
v -3.11450100 7.08860779 0.41003186
v -3.10170007 7.49367094 0.40834656
v -3.08875346 7.89873409 0.40664211
v -3.06563926 7.08860779 0.60979360
v -3.05121565 7.49367094 0.60692453
v -3.03667355 7.89873409 0.60403192
v -3.10121846 4.25316477 0.83096898
v -3.08646607 4.65822792 0.82701612
v -3.01702332 4.25316477 1.02414143
v -3.00063348 4.65822792 1.01857781
v -3.07147455 5.06329107 0.82299912
v -3.05626655 5.46835423 0.81892413
v -3.04086494 5.87341785 0.81479728
v -2.98405051 5.06329107 1.01294863
v -2.96729922 5.46835423 1.00726235
v -2.95040464 5.87341785 1.00152743
v -2.90943670 4.25316477 1.20512807
v -2.89167762 4.65822792 1.19777203
v -2.87378836 5.06329107 1.19036210
v -2.85579515 5.46835423 1.18290913
v -2.78026056 4.25316477 1.37107277
v -2.76153588 4.65822792 1.36183882
v -2.83772469 5.87341785 1.17542398
v -2.74275756 5.06329107 1.35257840
v -2.72395301 5.46835423 1.34330499
v -2.70514941 5.87341785 1.33403206
v -2.57504821 5.46835423 1.48670483
v -2.55604982 5.87341785 1.47573614
v -3.02529311 6.27848101 0.81062484
v -3.00957465 6.68354416 0.80641311
v -2.93339205 6.27848101 0.99575239
v -2.91628623 6.68354416 0.98994583
v -2.99373317 7.08860779 0.80216837
v -2.97779226 7.49367094 0.79789704
v -2.96177626 7.89873409 0.79360551
v -2.89911318 7.08860779 0.98411626
v -2.88189769 7.49367094 0.97827244
v -2.86466527 7.89873409 0.97242284
v -2.81960320 6.27848101 1.16791785
v -2.80145717 6.68354416 1.16040158
v -2.68637347 6.27848101 1.32477283
v -2.66765261 6.68354416 1.31554067
v -2.53716469 6.27848101 1.46483278
v -2.51841950 6.68354416 1.45401025
v -2.78331304 7.08860779 1.15288603
v -2.76519728 7.49367094 1.14538217
v -2.74713612 7.89873409 1.13790095
v -2.61208534 7.89873409 1.28813791
v -2.64901304 7.08860779 1.30634868
v -2.63048196 7.49367094 1.29721010
v -2.49984050 7.08860779 1.44328356
v -2.48145342 7.49367094 1.43266773
v -2.46328378 7.89873409 1.42217755
v -2.81988406 0.20253165 1.62806070
v -2.80191326 0.60759491 1.61768544
v -2.66097951 0.20253165 1.77800965
v -2.64223671 0.60759491 1.76548612
v -2.46681833 0.60759491 1.89285624
v -2.76526237 1.41772151 1.59652495
v -2.78369689 1.01265824 1.60716820
v -2.74663758 1.82278478 1.58577192
v -2.62333751 1.01265824 1.75285816
v -2.60431051 1.41772151 1.74014473
v -2.58518410 1.82278478 1.72736466
v -2.44783139 1.01265824 1.87828708
v -2.42881203 1.41772151 1.86369300
v -2.40978789 1.82278478 1.84909534
v -2.48574495 0.20253165 1.90737915
v -2.72785020 2.22784805 1.57492507
v -2.70892835 2.63291144 1.56400049
v -2.54674435 2.63291144 1.70168018
v -2.56598592 2.22784805 1.71453702
v -2.39078665 2.22784805 1.83451509
v -2.37183523 2.63291144 1.81997323
v -2.68989968 3.03797460 1.55301440
v -2.67079258 3.44303799 1.54198277
v -2.65163469 3.84810138 1.53092194
v -2.52748752 3.03797460 1.68881321
v -2.50824308 3.44303799 1.67595434
v -2.48903823 3.84810138 1.66312218
v -2.33419013 3.44303799 1.79108715
v -2.35296106 3.03797460 1.80549049
v -2.29874492 0.20253165 2.01594520
v -2.10479832 0.20253165 2.10479832
v -2.28025985 0.60759491 1.99973428
v -2.08736157 0.60759491 2.08736157
v -1.90852606 0.20253165 2.17625690
v -1.89267373 0.60759491 2.15818071
v -2.26180959 1.01265824 1.98355365
v -2.24342036 1.41772151 1.96742690
v -2.07004714 1.01265824 2.07004714
v -2.22511888 1.82278478 1.95137680
v -2.05287933 1.41772151 2.05287933
v -2.03588152 1.82278478 2.03588152
v -1.84637642 1.82278478 2.10538864
v -1.87701726 1.01265824 2.14032793
v -1.86157799 1.41772151 2.12272286
v -1.71393037 0.20253165 2.23363757
v -1.70008147 0.60759491 2.21558928
v -1.52405119 0.20253165 2.28090382
v -1.51247513 0.60759491 2.26357913
v -1.33154428 0.60759491 2.30630231
v -1.68648350 1.01265824 2.19786811
v -1.67315388 1.41772151 2.18049669
v -1.66010976 1.82278478 2.16349721
v -1.50118315 1.01265824 2.24667931
v -1.49018908 1.41772151 2.23022556
v -1.32263863 1.01265824 2.29087734
v -1.31403780 1.41772151 2.27598023
v -1.47950602 1.82278478 2.21423721
v -1.30575109 1.82278478 2.26162720
v -2.17099547 3.03797460 1.90391183
v -2.15329814 3.44303799 1.88839173
v -2.31554937 3.84810138 1.77678347
v -2.13581324 3.84810138 1.87305796
v -2.20693064 2.22784805 1.93542612
v -2.18888116 2.63291144 1.91959715
v -2.01907754 2.22784805 2.01907754
v -1.83143258 2.22784805 2.08834863
v -2.00248981 2.63291144 2.00248981
v -1.81676626 2.63291144 2.07162476
v -1.98614085 3.03797460 1.98614085
v -1.97005224 3.44303799 1.97005224
v -1.95424533 3.84810138 1.95424533
v -1.64736760 2.22784805 2.14689136
v -1.63494325 2.63291144 2.13069940
v -1.46914661 2.22784805 2.19873333
v -1.45912290 2.63291144 2.18373179
v -1.80239606 3.03797460 2.05523872
v -1.78834057 3.44303799 2.03921151
v -1.61110771 3.44303799 2.09963632
v -1.77461720 3.84810138 2.02356315
v -1.59972513 3.84810138 2.08480239
v -1.62285173 3.03797460 2.11494160
v -1.44944620 3.03797460 2.16924953
v -1.44012737 3.44303799 2.15530300
v -1.43117654 3.84810138 2.14190698
v -1.34074461 0.20253165 2.32223773
v -2.63245368 4.25316477 1.51984787
v -2.61327744 4.65822792 1.50877643
v -2.46990061 4.25316477 1.65033495
v -2.45085740 4.65822792 1.63761055
v -2.59413314 5.06329107 1.49772346
v -2.43193483 5.06329107 1.62496698
v -2.41315985 5.46835423 1.61242187
v -2.39455819 5.87341785 1.59999263
v -2.37615561 6.27848101 1.58769631
v -2.35797715 6.68354416 1.57554996
v -2.34004807 7.08860779 1.56357014
v -2.29706407 4.25316477 1.76259923
v -2.11856461 4.25316477 1.85793114
v -2.27876019 4.65822792 1.74855411
v -2.10157490 4.65822792 1.84303176
v -2.26066256 5.06329107 1.73466730
v -2.24279571 5.46835423 1.72095776
v -2.08486700 5.06329107 1.82837927
v -2.06846309 5.46835423 1.81399333
v -2.22518420 5.87341785 1.70744383
v -1.89423609 5.46835423 1.89423609
v -2.05238414 5.87341785 1.79989254
v -1.88013411 5.87341785 1.88013411
v -1.93874049 4.25316477 1.93874049
v -1.92355776 4.65822792 1.92355776
v -1.90871668 5.06329107 1.90871668
v -1.76124334 4.25316477 2.00831318
v -1.58871734 4.25316477 2.07045674
v -1.74823523 4.65822792 1.99348021
v -1.57809699 4.65822792 2.05661607
v -1.42260325 4.25316477 2.12907624
v -1.41441655 4.65822792 2.11682391
v -1.73560870 5.06329107 1.97908247
v -1.72337914 5.46835423 1.96513724
v -1.56787610 5.06329107 2.04329586
v -1.55806625 5.46835423 2.03051138
v -1.71156096 5.87341785 1.95166123
v -1.40662479 5.06329107 2.10516286
v -1.39923596 5.46835423 2.09410453
v -1.54867828 5.87341785 2.01827693
v -1.39225721 5.87341785 2.08366013
v -2.20785117 6.27848101 1.69414377
v -2.19082022 6.68354416 1.68107545
v -2.03665161 6.27848101 1.78609550
v -1.86642838 6.27848101 1.86642838
v -2.02128553 6.68354416 1.77261972
v -1.85313594 6.68354416 1.85313594
v -2.32239270 7.49367094 1.55177319
v -2.17411375 7.08860779 1.66825616
v -2.15775418 7.49367094 1.65570295
v -2.30503511 7.89873409 1.54017520
v -2.14176273 7.89873409 1.64343238
v -2.00630569 7.08860779 1.75948286
v -1.99173129 7.49367094 1.74670148
v -1.84027302 7.08860779 1.84027302
v -1.82785559 7.49367094 1.82785559
v -1.97758114 7.89873409 1.73429215
v -1.81589866 7.89873409 1.81589866
v -1.66867292 7.49367094 1.90275681
v -1.65910923 7.89873409 1.89185154
v -1.70016825 6.27848101 1.93867028
v -1.68921423 6.68354416 1.92617977
v -1.53972244 6.27848101 2.00660539
v -1.38569522 6.27848101 2.07383943
v -1.53120828 6.68354416 1.99550951
v -1.37955642 6.68354416 2.06465197
v -1.67871177 7.08860779 1.91420400
v -1.52314508 7.08860779 1.98500133
v -1.51554120 7.49367094 1.97509170
v -1.37384629 7.08860779 2.05610633
v -1.36857021 7.49367094 2.04821014
v -1.50840473 7.89873409 1.96579123
v -1.36373270 7.89873409 2.04097033
v -1.13878596 1.82278478 2.30922961
v -1.29778755 2.22784805 2.24783397
v -1.13307250 2.22784805 2.29764366
v -1.29015529 2.63291144 2.23461461
v -1.12766635 2.63291144 2.28668094
v -1.27591562 3.44303799 2.20995069
v -1.28286231 3.03797460 2.22198272
v -1.12257195 3.03797460 2.27635074
v -1.11779356 3.44303799 2.26666117
v -1.26932204 3.84810138 2.19853020
v -1.11333477 3.84810138 2.25761962
v -1.16460478 0.20253165 2.36158490
v -1.15771747 0.60759491 2.34761882
v -0.99503458 0.20253165 2.40222597
v -0.83045143 0.20253165 2.44643092
v -0.99025017 0.60759491 2.39067531
v -0.82744437 0.60759491 2.43757248
v -1.15111434 1.01265824 2.33422875
v -1.14480174 1.41772151 2.32142830
v -0.98572129 1.01265824 2.37974167
v -0.98145151 1.41772151 2.36943364
v -0.82465100 1.01265824 2.42934346
v -0.82207263 1.41772151 2.42174768
v -0.97744405 1.82278478 2.35975862
v -0.81971025 1.82278478 2.41478848
v -0.66859484 0.20253165 2.49522996
v -0.66696632 0.60759491 2.48915219
v -0.50689417 0.20253165 2.54832911
v -0.34284621 0.20253165 2.60417557
v -0.50621849 0.60759491 2.54493237
v -0.34271634 0.60759491 2.60318899
v -0.66550201 1.01265824 2.48368740
v -0.66420180 1.41772151 2.47883487
v -0.66306525 1.82278478 2.47459316
v -0.50565600 1.01265824 2.54210448
v -0.50520575 1.41772151 2.53984070
v -0.34265241 1.01265824 2.60270333
v -0.34265336 1.41772151 2.60271049
v -0.50486654 1.82278478 2.53813553
v -0.34271801 1.82278478 2.60320187
v -0.97370166 2.22784805 2.35072374
v -0.81756467 2.22784805 2.40846777
v -0.97022676 2.63291144 2.34233451
v -0.81563616 2.63291144 2.40278673
v -0.96702129 3.03797460 2.33459592
v -0.96408677 3.44303799 2.32751131
v -0.81392491 3.03797460 2.39774537
v -0.81243068 3.44303799 2.39334345
v -0.96142453 3.84810138 2.32108402
v -0.81115299 3.84810138 2.38957977
v -0.66209173 2.22784805 2.47096014
v -0.66128045 2.63291144 2.46793222
v -0.50463730 2.22784805 2.53698301
v -0.34284520 2.22784805 2.60416794
v -0.50451660 2.63291144 2.53637600
v -0.34303367 2.63291144 2.60559940
v -0.66063035 3.03797460 2.46550608
v -0.66014028 3.44303799 2.46367693
v -0.65980875 3.84810138 2.46243978
v -0.50450295 3.03797460 2.53630781
v -0.50459492 3.44303799 2.53676987
v -0.34328210 3.03797460 2.60748649
v -0.34358913 3.44303799 2.60981846
v -0.50479078 3.84810138 2.53775454
v -0.34395337 3.84810138 2.61258531
v -0.17435597 0.20253165 2.66015792
v -0.17442247 0.60759491 2.66117263
v -0.00000000 0.20253165 2.71291351
v -0.00000000 0.60759491 2.71542501
v -0.17451613 1.01265824 2.66260171
v -0.17463626 1.41772151 2.66443443
v -0.17478214 1.82278478 2.66666007
v -0.00000000 1.01265824 2.71825242
v -0.00000000 1.41772151 2.72138381
v 0.18081456 0.20253165 2.75869727
v 0.18104124 0.60759491 2.76215553
v 0.18128185 1.01265824 2.76582646
v 0.18153557 1.41772151 2.76969767
v -0.00000000 1.82278478 2.72480702
v 0.18180163 1.82278478 2.77375698
v 0.36780679 0.20253165 2.79377007
v 0.36831474 0.60759491 2.79762840
v 0.55988932 0.20253165 2.81475353
v 0.56063700 0.60759491 2.81851244
v 0.36883736 1.01265824 2.80159783
v 0.36937305 1.41772151 2.80566692
v 0.36992040 1.82278478 2.80982447
v 0.56138825 1.01265824 2.82228923
v 0.56214112 1.41772151 2.82607412
v 0.56289363 1.82278478 2.82985735
v -0.17495303 2.22784805 2.66926742
v -0.17514820 2.63291144 2.67224526
v -0.17536689 3.03797460 2.67558169
v -0.17560834 3.44303799 2.67926526
v -0.17587176 3.84810138 2.68328452
v -0.00000000 2.22784805 2.72851014
v 0.18207924 2.22784805 2.77799249
v -0.00000000 2.63291144 2.73248076
v 0.18236762 2.63291144 2.78239226
v -0.00000000 3.03797460 2.73670697
v -0.00000000 3.44303799 2.74117661
v 0.18266600 3.03797460 2.78694463
v 0.18297365 3.44303799 2.79163861
v -0.00000000 3.84810138 2.74587822
v 0.18328986 3.84810138 2.79646277
v 0.37047797 2.22784805 2.81405950
v 0.37104434 2.63291144 2.81836152
v 0.56364411 2.22784805 2.83363008
v 0.56439078 2.63291144 2.83738399
v 0.37161818 3.03797460 2.82272029
v 0.37219822 3.44303799 2.82712603
v 0.37278321 3.84810138 2.83156967
v 0.56513208 3.03797460 2.84111071
v 0.56586647 3.44303799 2.84480309
v 0.56659275 3.84810138 2.84845400
v -1.26308751 4.25316477 2.18773174
v -1.10919869 4.25316477 2.24923253
v -1.25721788 4.65822792 2.17756510
v -1.10538816 4.65822792 2.24150538
v -0.95691985 4.65822792 2.31020880
v -1.25171793 5.06329107 2.16803908
v -1.24659252 5.46835423 2.15916157
v -1.10190535 5.06329107 2.23444319
v -1.09875226 5.46835423 2.22804928
v -1.24184573 5.87341785 2.15093994
v -1.09593046 5.87341785 2.22232699
v -0.95507812 5.06329107 2.30576253
v -0.95351022 5.46835423 2.30197740
v -0.95221561 5.87341785 2.29885197
v -1.23748112 6.27848101 2.14338017
v -1.09344101 6.27848101 2.21727896
v -1.23350179 6.68354416 2.13648796
v -1.09128463 6.68354416 2.21290636
v -0.95119375 6.27848101 2.29638481
v -0.95044369 6.68354416 2.29457402
v -1.22991073 7.08860779 2.13026786
v -1.22671020 7.49367094 2.12472439
v -1.08946192 7.08860779 2.20921016
v -1.08797288 7.49367094 2.20619082
v -1.22390211 7.89873409 2.11986065
v -1.08681738 7.89873409 2.20384765
v -0.94996423 7.08860779 2.29341650
v -0.94975400 7.49367094 2.29290891
v -0.94981146 7.89873409 2.29304767
v -0.95903534 4.25316477 2.31531620
v -0.81009126 4.25316477 2.38645196
v -0.80924445 4.65822792 2.38395739
v -0.80861145 5.06329107 2.38209271
v -0.80819094 5.46835423 2.38085365
v -0.80798119 5.87341785 2.38023591
v -0.65963435 4.25316477 2.46178889
v -0.65961528 4.65822792 2.46171784
v -0.50508881 4.25316477 2.53925276
v -0.34437346 4.25316477 2.61577606
v -0.50548720 4.65822792 2.54125571
v -0.34484789 4.65822792 2.61937976
v -0.65974981 5.06329107 2.46221972
v -0.66003591 5.46835423 2.46328759
v -0.66047156 5.87341785 2.46491337
v -0.50598407 5.06329107 2.54375362
v -0.50657755 5.46835423 2.54673719
v -0.34537527 5.06329107 2.62338567
v -0.34595409 5.46835423 2.62778234
v -0.50726563 5.87341785 2.55019641
v -0.34658292 5.87341785 2.63255858
v -0.80798066 6.27848101 2.38023424
v -0.80818731 6.68354416 2.38084292
v -0.80859905 7.08860779 2.38205600
v -0.80921388 7.49367094 2.38386703
v -0.81002927 7.89873409 2.38626933
v -0.66105467 6.27848101 2.46708965
v -0.66178292 6.68354416 2.46980739
v -0.50804627 6.27848101 2.55412126
v -0.34726027 6.27848101 2.63770342
v -0.50891751 6.68354416 2.55850124
v -0.34798467 6.68354416 2.64320588
v -0.66265404 7.08860779 2.47305846
v -0.66366565 7.49367094 2.47683382
v -0.66481531 7.89873409 2.48112440
v -0.50987726 7.08860779 2.56332612
v -0.51092350 7.49367094 2.56858587
v -0.34875467 7.08860779 2.64905477
v -0.34956884 7.49367094 2.65523911
v -0.51205409 7.89873409 2.57426977
v -0.35042581 7.89873409 2.66174817
v -0.17615640 4.25316477 2.68762732
v -0.17646149 4.65822792 2.69228196
v -0.17678626 5.06329107 2.69723701
v -0.17712995 5.46835423 2.70248103
v -0.17749184 5.87341785 2.70800233
v -0.00000000 4.25316477 2.75079966
v 0.18361391 4.25316477 2.80140686
v -0.00000000 4.65822792 2.75592947
v 0.18394513 4.65822792 2.80646062
v -0.00000000 5.06329107 2.76125669
v -0.00000000 5.46835423 2.76677036
v 0.18428290 5.06329107 2.81161380
v 0.18462656 5.46835423 2.81685710
v -0.00000000 5.87341785 2.77245975
v 0.18497555 5.87341785 2.82218170
v 0.37337205 4.25316477 2.83604240
v 0.37396362 4.65822792 2.84053564
v 0.56730950 4.25316477 2.85205746
v 0.56801564 4.65822792 2.85560751
v 0.37455687 5.06329107 2.84504199
v 0.37515092 5.46835423 2.84955406
v 0.37574485 5.87341785 2.85406542
v 0.56871027 5.06329107 2.85909939
v 0.56939238 5.46835423 2.86252880
v 0.57006127 5.87341785 2.86589170
v -0.17787118 6.27848101 2.71378970
v -0.17826724 6.68354416 2.71983242
v -0.00000000 6.27848101 2.77831459
v 0.18532932 6.27848101 2.82757902
v -0.00000000 6.68354416 2.78432488
v 0.18568732 6.68354416 2.83304095
v -0.17867932 7.08860779 2.72611976
v -0.17910676 7.49367094 2.73264098
v -0.17954886 7.89873409 2.73938632
v -0.00000000 7.08860779 2.79048157
v -0.00000000 7.49367094 2.79677510
v 0.18604909 7.08860779 2.83856058
v 0.18641415 7.49367094 2.84413052
v -0.00000000 7.89873409 2.80319715
v 0.18678212 7.89873409 2.84974456
v 0.37633789 6.27848101 2.85857010
v 0.37692931 6.68354416 2.86306238
v 0.57071638 6.27848101 2.86918497
v 0.57135719 6.68354416 2.87240648
v 0.37751853 7.08860779 2.86753798
v 0.37810495 7.49367094 2.87199235
v 0.37868816 7.89873409 2.87642217
v 0.57198334 7.08860779 2.87555456
v 0.57259470 7.49367094 2.87862802
v 0.57319111 7.89873409 2.88162637
v -3.11750627 8.30379772 -0.00000000
v -3.10736823 8.70886040 -0.00000000
v -3.10705042 8.30379772 0.20364684
v -3.09543419 8.70886040 0.20288546
v -3.09712195 9.11392403 -0.00000000
v -3.08678460 9.51898766 -0.00000000
v -3.07637358 9.92405033 -0.00000000
v -3.08371520 9.11392403 0.20211738
v -3.07191300 9.51898766 0.20134382
v -3.06004643 9.92405033 0.20056604
v -3.07568169 8.30379772 0.40492117
v -3.06250501 8.70886040 0.40318644
v -3.02203512 8.30379772 0.60112017
v -3.00732303 8.70886040 0.59819376
v -3.04924417 9.11392403 0.40144062
v -3.03592014 9.51898766 0.39968646
v -3.02255368 9.92405033 0.39792672
v -2.99255991 9.11392403 0.59525716
v -2.97776818 9.51898766 0.59231496
v -2.96297073 9.92405033 0.58937156
v -3.06590629 10.32911396 -0.00000000
v -3.05540037 10.73417759 -0.00000000
v -3.04813457 10.32911396 0.19978529
v -3.03619719 10.73417759 0.19900288
v -3.04487395 11.13924026 -0.00000000
v -3.03434491 11.54430389 -0.00000000
v -3.02383137 11.94936752 -0.00000000
v -3.02425385 11.13924026 0.19822007
v -3.01232409 11.54430389 0.19743817
v -3.00042820 11.94936752 0.19665846
v -3.00916600 10.32911396 0.39616421
v -2.99577856 10.73417759 0.39440173
v -2.94819045 10.32911396 0.58643156
v -2.93345022 10.73417759 0.58349955
v -2.98241234 11.13924026 0.39264205
v -2.96908927 11.54430389 0.39088801
v -2.95583057 11.94936752 0.38914248
v -2.91877294 11.13924026 0.58058006
v -2.90418148 11.54430389 0.57767761
v -2.88969874 11.94936752 0.57479680
v -2.94570875 8.30379772 0.78930032
v -2.92961454 8.70886040 0.78498781
v -2.84744167 8.30379772 0.96657622
v -2.91351724 9.11392403 0.78067458
v -2.89744115 9.51898766 0.77636701
v -2.88141060 9.92405033 0.77207166
v -2.83025217 8.70886040 0.96074116
v -2.81312203 9.11392403 0.95492619
v -2.79607630 9.51898766 0.94914001
v -2.77914047 9.92405033 0.94339103
v -2.72915554 8.30379772 1.13045323
v -2.59384918 8.30379772 1.27914488
v -2.71128178 8.70886040 1.12304962
v -2.57579970 8.70886040 1.27024388
v -2.44535732 8.30379772 1.41182768
v -2.42769837 8.70886040 1.40163231
v -2.69354057 9.11392403 1.11570096
v -2.67595744 9.51898766 1.10841787
v -2.65855789 9.92405033 1.10121071
v -2.55796218 9.11392403 1.26144743
v -2.54036212 9.51898766 1.25276804
v -2.52302432 9.92405033 1.24421787
v -2.41033196 9.11392403 1.39160573
v -2.39328170 9.51898766 1.38176179
v -2.37657142 9.92405033 1.37211418
v -2.86544991 10.32911396 0.76779503
v -2.84958315 10.73417759 0.76354349
v -2.76233935 10.32911396 0.93768781
v -2.74569798 10.73417759 0.93203884
v -2.62441039 10.73417759 1.08706641
v -2.83383417 11.13924026 0.75932360
v -2.81822729 11.54430389 0.75514168
v -2.80278611 11.94936752 0.75100428
v -2.72924089 11.13924026 0.92645246
v -2.60771203 11.13924026 1.08014965
v -2.71299291 11.54430389 0.92093700
v -2.69697809 11.94936752 0.91550076
v -2.59129667 11.54430389 1.07335019
v -2.57518816 11.94936752 1.06667793
v -2.64136720 10.32911396 1.09409010
v -2.50597334 10.32911396 1.23580933
v -2.48923373 10.73417759 1.22755420
v -2.36022425 10.32911396 1.36267614
v -2.34426332 10.73417759 1.35346103
v -2.47282910 11.13924026 1.21946430
v -2.45678306 11.54430389 1.21155131
v -2.44111896 11.94936752 1.20382667
v -2.32871079 11.13924026 1.34448183
v -2.23904467 9.51898766 1.49608183
v -2.22351885 9.92405033 1.48570788
v -2.20842481 10.32911396 1.47562230
v -2.19378304 10.73417759 1.46583903
v -2.17961383 11.13924026 1.45637131
v -2.31358838 11.54430389 1.33575094
v -2.29891801 11.94936752 1.32728088
v -2.16593623 11.54430389 1.44723237
v -2.15277004 11.94936752 1.43843496
v -3.01335192 12.35443020 -0.00000000
v -3.00292468 12.75949383 -0.00000000
v -2.98858595 12.35443020 0.19588228
v -2.97681713 12.75949383 0.19511090
v -2.99256849 13.16455650 -0.00000000
v -2.98230171 13.56962013 -0.00000000
v -2.97214341 13.97468376 -0.00000000
v -2.96514225 13.16455650 0.19434570
v -2.95358133 13.56962013 0.19358794
v -2.94215441 13.97468376 0.19283898
v -2.94265771 12.35443020 0.38740823
v -2.92959237 12.75949383 0.38568816
v -2.87534761 12.35443020 0.57194215
v -2.86115074 12.75949383 0.56911826
v -2.91665602 13.16455650 0.38398504
v -2.90387034 13.56962013 0.38230178
v -2.89125657 13.97468376 0.38064116
v -2.84713101 13.16455650 0.56632960
v -2.83331132 13.56962013 0.56358063
v -2.81971383 13.97468376 0.56087595
v -2.96211219 14.37974644 -0.00000000
v -2.95222664 14.78481007 -0.00000000
v -2.93088174 14.37974644 0.19210014
v -2.91978335 14.78481007 0.19137272
v -2.94250584 15.18987370 -0.00000000
v -2.93296885 15.59493637 -0.00000000
v -2.92363405 16.00000000 -0.00000000
v -2.90887976 15.18987370 0.19065806
v -2.89819121 15.59493637 0.18995748
v -2.88773727 16.00000000 0.18927231
v -2.87883663 14.37974644 0.37900603
v -2.86663151 14.78481007 0.37739921
v -2.85466290 15.18987370 0.37582350
v -2.84295201 15.59493637 0.37428173
v -2.80636144 14.37974644 0.55822003
v -2.79327631 14.78481007 0.55561721
v -2.83152008 16.00000000 0.37277669
v -2.78048062 15.18987370 0.55307198
v -2.76799631 15.59493637 0.55058873
v -2.75584579 16.00000000 0.54817182
v -2.78753471 12.35443020 0.74691767
v -2.77249670 12.75949383 0.74288821
v -2.68122101 12.35443020 0.91015190
v -2.66574526 12.75949383 0.90489858
v -2.55941081 12.35443020 1.06014264
v -2.54398775 12.75949383 1.05375421
v -2.75769544 13.16455650 0.73892224
v -2.74315429 13.56962013 0.73502600
v -2.72889686 13.97468376 0.73120570
v -2.65057468 13.16455650 0.89974886
v -2.63573265 13.56962013 0.89471072
v -2.62124252 13.97468376 0.88979197
v -2.52894235 13.16455650 1.04752231
v -2.51429772 13.56962013 1.04145622
v -2.50007629 13.97468376 1.03556550
v -2.42585945 12.35443020 1.19630146
v -2.41102695 12.75949383 1.18898690
v -2.39664340 13.16455650 1.18189383
v -2.38273072 13.56962013 1.17503285
v -2.36931014 13.97468376 1.16841447
v -2.71494555 14.37974644 0.72746748
v -2.70132375 14.78481007 0.72381747
v -2.59340954 14.78481007 0.88034391
v -2.60712743 14.37974644 0.88500047
v -2.48630023 14.37974644 1.02985919
v -2.47299147 14.78481007 1.02434659
v -2.68805361 15.18987370 0.72026181
v -2.67515802 15.59493637 0.71680641
v -2.66265893 16.00000000 0.71345729
v -2.58011198 15.18987370 0.87582994
v -2.56725645 15.59493637 0.87146610
v -2.55486488 16.00000000 0.86725980
v -2.46017170 15.18987370 1.01903653
v -2.44786239 15.59493637 1.01393783
v -2.43608403 16.00000000 1.00905907
v -2.35640216 14.37974644 1.16204894
v -2.34402752 14.78481007 1.15594649
v -2.33220625 15.18987370 1.15011680
v -2.28472018 12.35443020 1.31908381
v -2.14013338 12.35443020 1.42999136
v -2.27101588 12.75949383 1.31117165
v -2.12804461 12.75949383 1.42191386
v -2.23306203 13.97468376 1.28925908
v -2.25782514 13.16455650 1.30355585
v -2.11652112 13.16455650 1.41421413
v -2.24516749 13.56962013 1.29624796
v -2.10558009 13.56962013 1.40690362
v -2.09523797 13.97468376 1.39999330
v -2.22152805 14.37974644 1.28259981
v -2.21058345 14.78481007 1.27628100
v -2.08551145 14.37974644 1.39349425
v -2.07641578 14.78481007 1.38741672
v -1.95153248 14.37974644 1.49746358
v -1.94458580 14.78481007 1.49213314
v -2.20024633 15.18987370 1.27031291
v -2.32095790 15.59493637 1.14456975
v -2.31030202 16.00000000 1.13931489
v -2.19053435 15.59493637 1.26470554
v -2.18146420 16.00000000 1.25946903
v -2.06796646 15.18987370 1.38177109
v -1.93830490 15.18987370 1.48731375
v -2.06017828 15.59493637 1.37656713
v -2.05306554 16.00000000 1.37181461
v -1.93270171 15.59493637 1.48301423
v -1.92778766 16.00000000 1.47924352
v -0.00000000 16.00000000 -0.00000000
v -2.28799868 8.30379772 1.52879179
v -2.12616110 8.30379772 1.63146067
v -2.27130628 8.70886040 1.51763844
v -2.11096907 8.70886040 1.61980355
v -1.96387303 8.30379772 1.72227049
v -1.95062447 8.70886040 1.71065176
v -2.25498104 9.11392403 1.50673020
v -2.09620714 9.11392403 1.60847640
v -2.08189487 9.51898766 1.59749401
v -1.93785238 9.11392403 1.69945097
v -2.06805062 9.92405033 1.58687103
v -1.92557287 9.51898766 1.68868208
v -1.91380179 9.92405033 1.67835903
v -1.80441689 8.30379772 1.80441689
v -1.65003169 8.30379772 1.88150048
v -1.79342413 8.70886040 1.79342413
v -1.64145052 8.70886040 1.87171555
v -1.78293383 9.11392403 1.78293383
v -1.63337564 9.11392403 1.86250794
v -1.77295876 9.51898766 1.77295876
v -1.76351118 9.92405033 1.76351118
v -1.62581623 9.51898766 1.85388803
v -1.61878097 9.92405033 1.84586596
v -1.50174296 8.30379772 1.95710945
v -1.35933816 8.30379772 2.03439331
v -1.49556279 8.70886040 1.94905543
v -1.35539019 8.70886040 2.02848482
v -1.48987079 9.11392403 1.94163740
v -1.35189223 9.11392403 2.02324963
v -1.48467267 9.51898766 1.93486309
v -1.47997379 9.92405033 1.92873943
v -1.34884727 9.51898766 2.01869249
v -1.34625757 9.92405033 2.01481700
v -2.05469298 10.32911396 1.57662141
v -1.90255404 10.32911396 1.66849518
v -2.04184008 10.73417759 1.56675899
v -1.89184439 10.73417759 1.65910292
v -2.02950859 11.13924026 1.55729675
v -1.88168669 11.13924026 1.65019488
v -2.01771569 11.54430389 1.54824758
v -2.00647712 11.94936752 1.53962409
v -1.87209439 11.54430389 1.64178264
v -1.86308038 11.94936752 1.63387764
v -1.75460255 10.32911396 1.75460255
v -1.61227810 10.32911396 1.83845079
v -1.74624407 10.73417759 1.74624407
v -1.60631526 10.73417759 1.83165145
v -1.73844635 11.13924026 1.73844635
v -1.60089958 11.13924026 1.82547617
v -1.73121941 11.54430389 1.73121941
v -1.72457266 11.94936752 1.72457266
v -1.59603786 11.54430389 1.81993234
v -1.59173620 11.94936752 1.81502724
v -1.47577918 10.32911396 1.92327297
v -1.34412551 10.32911396 2.01162601
v -1.47209334 10.73417759 1.91846943
v -1.34245288 10.73417759 2.00912261
v -1.46892035 11.13924026 1.91433430
v -1.34124088 11.13924026 2.00730872
v -1.46626377 11.54430389 1.91087222
v -1.46412694 11.94936752 1.90808737
v -1.34049070 11.54430389 2.00618625
v -1.34020317 11.94936752 2.00575590
v -1.99580884 12.35443020 1.53143799
v -1.85465717 12.35443020 1.62649071
v -1.98572588 12.75949383 1.52370107
v -1.84683645 12.75949383 1.61963212
v -1.97624290 13.16455650 1.51642454
v -1.83962977 13.16455650 1.61331201
v -1.96737409 13.56962013 1.50961924
v -1.95913279 13.97468376 1.50329554
v -1.83304799 13.56962013 1.60753989
v -1.82710135 13.97468376 1.60232496
v -1.71851516 12.35443020 1.71851516
v -1.58800042 12.35443020 1.81076741
v -1.71305549 12.75949383 1.71305549
v -1.58483589 12.75949383 1.80715907
v -1.46251273 12.35443020 1.90598357
v -1.46142352 12.75949383 1.90456426
v -1.70034182 13.97468376 1.70034182
v -1.70820165 13.16455650 1.70820165
v -1.58224761 13.16455650 1.80420768
v -1.70396137 13.56962013 1.70396137
v -1.58024013 13.56962013 1.80191851
v -1.57881761 13.97468376 1.80029643
v -1.46086180 13.16455650 1.90383220
v -1.46082926 13.56962013 1.90378976
v -1.46132755 13.97468376 1.90443909
v -1.34037888 12.35443020 2.00601864
v -1.34101784 12.75949383 2.00697494
v -1.34212017 13.16455650 2.00862479
v -1.34368551 13.56962013 2.01096749
v -1.34571350 13.97468376 2.01400256
v -1.82180011 14.37974644 1.59767580
v -1.81715345 14.78481007 1.59360087
v -1.81317079 15.18987370 1.59010804
v -1.69734979 14.37974644 1.69734979
v -1.69499159 14.78481007 1.69499159
v -1.57798386 14.37974644 1.79934573
v -1.57774246 14.78481007 1.79907036
v -1.46235788 14.37974644 1.90578198
v -1.69327331 15.18987370 1.69327331
v -1.80986059 15.59493637 1.58720517
v -1.80723131 16.00000000 1.58489931
v -1.69220066 15.59493637 1.69220066
v -1.69177878 16.00000000 1.69177878
v -1.57809651 15.18987370 1.79947412
v -1.57904887 15.59493637 1.80056024
v -1.58060241 16.00000000 1.80233157
v -1.34820342 14.37974644 2.01772904
v -1.46392143 14.78481007 1.90781963
v -1.35115433 14.78481007 2.02214527
v -1.46601903 15.18987370 1.91055322
v -1.35456526 15.18987370 2.02725029
v -1.46865106 15.59493637 1.91398335
v -1.47181797 16.00000000 1.91811061
v -1.35843515 15.59493637 2.03304172
v -1.36276245 16.00000000 2.03951812
v -1.22148800 8.30379772 2.11567926
v -1.08599508 8.30379772 2.20218015
v -1.21946907 8.70886040 2.11218238
v -1.08550501 8.70886040 2.20118642
v -0.95013475 8.30379772 2.29382825
v -0.95072192 8.70886040 2.29524565
v -1.21784627 9.11392403 2.10937166
v -1.21661997 9.51898766 2.10724759
v -1.21579039 9.92405033 2.10581088
v -1.08534646 9.11392403 2.20086479
v -1.08551788 9.51898766 2.20121264
v -1.08601809 9.92405033 2.20222688
v -0.95157087 9.11392403 2.29729533
v -0.95267934 9.51898766 2.29997134
v -0.95404494 9.92405033 2.30326819
v -1.21535754 10.32911396 2.10506105
v -1.21532106 10.73417759 2.10499763
v -1.08684528 10.32911396 2.20390439
v -1.08799779 10.73417759 2.20624137
v -0.95566505 10.32911396 2.30717969
v -0.95753723 10.73417759 2.31169939
v -1.21568012 11.13924026 2.10561991
v -1.21643412 11.54430389 2.10692573
v -1.21758187 11.94936752 2.10891366
v -1.08947349 11.13924026 2.20923376
v -1.09127033 11.54430389 2.21287727
v -1.09338605 11.94936752 2.21716762
v -0.81104290 8.30379772 2.38925529
v -0.81225228 8.70886040 2.39281797
v -0.81365472 9.11392403 2.39694953
v -0.81524760 9.51898766 2.40164208
v -0.81702822 9.92405033 2.40688753
v -0.66610050 8.30379772 2.48592091
v -0.66751885 8.70886040 2.49121428
v -0.51326704 8.30379772 2.58036757
v -0.35132414 8.30379772 2.66857171
v -0.51456022 8.70886040 2.58686900
v -0.35226247 8.70886040 2.67569900
v -0.66906780 9.11392403 2.49699497
v -0.67074472 9.51898766 2.50325346
v -0.67254722 9.92405033 2.50998020
v -0.51593167 9.11392403 2.59376359
v -0.35323948 9.11392403 2.68312025
v -0.51737934 9.51898766 2.60104156
v -0.51890129 9.92405033 2.60869288
v -0.35425392 9.51898766 2.69082570
v -0.35530451 9.92405033 2.69880581
v -0.81899375 10.32911396 2.41267776
v -0.82114148 10.73417759 2.41900468
v -0.95965862 11.13924026 2.31682086
v -0.82346851 11.13924026 2.42585993
v -0.96202654 11.54430389 2.32253742
v -0.96463811 11.94936752 2.32884240
v -0.82597202 11.54430389 2.43323517
v -0.82864922 11.94936752 2.44112206
v -0.67447269 10.32911396 2.51716614
v -0.67651862 10.73417759 2.52480197
v -0.52049553 10.32911396 2.61670780
v -0.35639006 10.32911396 2.70705128
v -0.52216023 10.73417759 2.62507677
v -0.35750940 10.73417759 2.71555352
v -0.67868257 11.13924026 2.53287792
v -0.68096215 11.54430389 2.54138517
v -0.68335485 11.94936752 2.55031490
v -0.52389354 11.13924026 2.63379049
v -0.52569360 11.54430389 2.64284015
v -0.52755874 11.94936752 2.65221691
v -0.35866147 11.13924026 2.72430444
v -0.35984516 11.54430389 2.73329544
v -0.36105952 11.94936752 2.74251938
v -0.18000501 8.30379772 2.74634576
v -0.18047459 8.70886040 2.75351000
v -0.00000000 8.30379772 2.80973983
v 0.18715262 8.30379772 2.85539722
v -0.00000000 8.70886040 2.81639528
v 0.18752530 8.70886040 2.86108327
v -0.18095700 9.11392403 2.76087046
v -0.18145171 9.51898766 2.76841807
v -0.18195815 9.92405033 2.77614474
v -0.00000000 9.11392403 2.82315636
v 0.18789989 9.11392403 2.86679816
v -0.00000000 9.51898766 2.83001685
v -0.00000000 9.92405033 2.83697057
v 0.18827610 9.51898766 2.87253833
v 0.18865375 9.92405033 2.87829995
v 0.37926778 8.30379772 2.88082480
v 0.37984350 8.70886040 2.88519764
v 0.57377267 8.30379772 2.88455009
v 0.57433957 8.70886040 2.88740015
v 0.38041511 9.11392403 2.88953972
v 0.38098255 9.51898766 2.89384985
v 0.38154578 9.92405033 2.89812779
v 0.57489216 9.11392403 2.89017820
v 0.57543093 9.51898766 2.89288664
v 0.57595640 9.92405033 2.89552832
v -0.18247584 10.32911396 2.78404331
v -0.18300432 10.73417759 2.79210639
v -0.00000000 10.32911396 2.84401226
v 0.18903264 10.32911396 2.88408089
v -0.00000000 10.73417759 2.85113692
v 0.18941267 10.73417759 2.88987899
v -0.18354313 11.13924026 2.80032706
v -0.18409188 11.54430389 2.80869937
v -0.18465021 11.94936752 2.81721783
v -0.00000000 11.13924026 2.85834050
v 0.18979372 11.13924026 2.89569259
v -0.00000000 11.54430389 2.86561918
v -0.00000000 11.94936752 2.87297010
v 0.19017577 11.54430389 2.90152144
v 0.19055879 11.94936752 2.90736532
v 0.38210484 10.32911396 2.90237427
v 0.38265988 10.73417759 2.90659046
v 0.57646936 10.32911396 2.89810705
v 0.57697058 10.73417759 2.90062714
v 0.38321114 11.13924026 2.91077757
v 0.38375896 11.54430389 2.91493869
v 0.38430372 11.94936752 2.91907644
v 0.57746118 11.13924026 2.90309334
v 0.57794213 11.54430389 2.90551138
v 0.57841480 11.94936752 2.90788746
v -1.21912217 12.35443020 2.11158156
v -1.09581816 12.35443020 2.22209930
v -1.22105348 12.75949383 2.11492658
v -1.09856415 12.75949383 2.22766781
v -1.22337413 13.16455650 2.11894608
v -1.10162151 13.16455650 2.23386765
v -1.22608244 13.56962013 2.12363696
v -1.22917640 13.97468376 2.12899613
v -1.10498762 13.56962013 2.24069333
v -1.10865974 13.97468376 2.24813962
v -1.23265409 14.37974644 2.13501954
v -1.11263502 14.37974644 2.25620055
v -1.23651326 14.78481007 2.14170384
v -1.11691070 14.78481007 2.26487088
v -1.24075174 15.18987370 2.14904499
v -1.12148392 15.18987370 2.27414441
v -1.24536717 15.59493637 2.15703917
v -1.25035715 16.00000000 2.16568208
v -1.12635195 15.59493637 2.28401566
v -1.13151169 16.00000000 2.29447889
v -0.96749049 12.35443020 2.33572865
v -0.83149731 12.35443020 2.44951200
v -0.97058082 12.75949383 2.34318924
v -0.83451343 12.75949383 2.45839715
v -0.97390604 13.16455650 2.35121727
v -0.83769482 13.16455650 2.46776938
v -0.97746330 13.56962013 2.35980511
v -0.98124963 13.97468376 2.36894631
v -0.84103876 13.56962013 2.47762036
v -0.84454262 13.97468376 2.48794222
v -0.68585837 12.35443020 2.55965829
v -0.52948731 12.35443020 2.66191244
v -0.68847036 12.75949383 2.56940627
v -0.53147763 12.75949383 2.67191839
v -0.69118857 13.16455650 2.57955098
v -0.53352815 13.16455650 2.68222737
v -0.69401091 13.56962013 2.59008408
v -0.69693518 13.97468376 2.60099769
v -0.53563750 13.56962013 2.69283175
v -0.53780425 13.97468376 2.70372462
v -0.36230358 12.35443020 2.75196910
v -0.36357650 12.75949383 2.76163769
v -0.36487740 13.16455650 2.77151895
v -0.36620557 13.56962013 2.78160739
v -0.36756027 13.97468376 2.79189754
v -0.98526216 14.37974644 2.37863326
v -0.84820366 14.37974644 2.49872732
v -0.98949784 14.78481007 2.38885903
v -0.85201937 14.78481007 2.50996804
v -0.99395388 15.18987370 2.39961696
v -0.99862748 15.59493637 2.41089988
v -1.00351572 16.00000000 2.42270112
v -0.85598719 15.18987370 2.52165699
v -0.86010474 15.59493637 2.53378677
v -0.86436957 16.00000000 2.54635048
v -0.69995940 14.37974644 2.61228395
v -0.54002708 14.37974644 2.71489954
v -0.70308155 14.78481007 2.62393594
v -0.70629978 15.18987370 2.63594651
v -0.70961225 15.59493637 2.64830899
v -0.71301734 16.00000000 2.66101694
v -0.54230475 14.78481007 2.72635007
v -0.36894092 14.37974644 2.80238438
v -0.37034687 14.78481007 2.81306386
v -0.54463607 15.18987370 2.73807049
v -0.54702008 15.59493637 2.75005555
v -0.54945564 16.00000000 2.76230001
v -0.37177768 15.18987370 2.82393193
v -0.37323287 15.59493637 2.83498526
v -0.37471208 16.00000000 2.84622097
v -0.18521777 12.35443020 2.82587719
v -0.18579426 12.75949383 2.83467269
v -0.00000000 12.35443020 2.88039041
v 0.19094282 12.35443020 2.91322446
v -0.00000000 12.75949383 2.88787842
v 0.19132793 12.75949383 2.91910028
v -0.18637943 13.16455650 2.84360075
v -0.18697304 13.56962013 2.85265732
v -0.18757489 13.97468376 2.86184001
v -0.00000000 13.16455650 2.89543295
v 0.19171426 13.16455650 2.92499423
v -0.00000000 13.56962013 2.90305305
v -0.00000000 13.97468376 2.91073847
v 0.19210194 13.56962013 2.93090916
v 0.19249116 13.97468376 2.93684769
v 0.38484588 12.35443020 2.92319465
v 0.38538605 12.75949383 2.92729783
v 0.57888037 12.35443020 2.91022825
v 0.57934040 12.75949383 2.91254091
v 0.57979643 13.16455650 2.91483355
v 0.58025014 13.56962013 2.91711450
v 0.58070338 13.97468376 2.91939282
v 0.38592488 13.16455650 2.93139029
v 0.38646302 13.56962013 2.93547797
v 0.38700134 13.97468376 2.93956685
v -0.18818484 14.37974644 2.87114596
v -0.18880275 14.78481007 2.88057327
v -0.00000000 14.37974644 2.91849017
v -0.00000000 14.78481007 2.92630863
v 0.19288217 14.37974644 2.94281316
v 0.19327523 14.78481007 2.94881010
v -0.18942854 15.18987370 2.89012098
v -0.19006217 15.59493637 2.89978814
v -0.19070359 16.00000000 2.90957451
v -0.00000000 15.18987370 2.93419576
v 0.19367063 15.18987370 2.95484281
v -0.00000000 15.59493637 2.94215369
v -0.00000000 16.00000000 2.95018482
v 0.19406873 15.59493637 2.96091676
v 0.19446991 16.00000000 2.96703744
v 0.58115792 14.37974644 2.92167807
v 0.58161575 14.78481007 2.92398000
v 0.38754067 14.37974644 2.94366360
v 0.38808197 14.78481007 2.94777513
v 0.58207905 15.18987370 2.92630911
v 0.38862625 15.18987370 2.95190930
v 0.38917455 15.59493637 2.95607424
v 0.38972810 16.00000000 2.96027875
v 0.58254993 15.59493637 2.92867613
v 0.58303058 16.00000000 2.93109274
v 2.77953887 0.20253165 1.37071693
v 2.77259493 0.60759491 1.36729252
v 2.80393744 1.06429708 1.27557123
v 2.79665422 1.11947405 1.28921139
v 2.78996420 1.16986310 1.30177021
v 2.79193664 1.15496862 1.29805875
v 2.78559208 1.21490192 1.30942655
v 2.76559544 1.01265824 1.36384082
v 2.77941632 1.27857435 1.32023895
v 2.77708197 1.31153977 1.32390308
v 2.77170086 1.38866651 1.33229530
v 2.77022004 1.41772151 1.33423305
v 2.77067685 1.40851653 1.33364677
v 2.76773334 1.46751380 1.33740520
v 2.76618052 1.49877632 1.33939660
v 2.75855541 1.41772151 1.36036897
v 2.76593471 1.50517011 1.33964276
v 2.76430964 1.55071950 1.34111357
v 2.76227117 1.60805845 1.34294951
v 2.76250625 1.60098338 1.34275973
v 2.78931093 1.51501405 1.33926952
v 2.75942397 1.71613598 1.34417748
v 2.75990534 1.69578326 1.34406900
v 2.75783730 1.78977132 1.34422159
v 2.75724983 1.82278478 1.34396398
v 2.75724387 1.82310748 1.34396148
v 2.75673747 1.85135949 1.34373748
v 2.75617123 1.88320720 1.34348500
v 2.75552821 1.92944157 1.34271729
v 2.75489330 1.97643161 1.34189487
v 2.75148964 1.82278478 1.35688448
v 2.78363395 2.74011564 1.24082816
v 2.76580906 2.54707217 1.29007936
v 2.76835251 2.58691287 1.28246248
v 2.77874160 2.70045233 1.25370777
v 2.77256918 2.63291144 1.27079332
v 2.77357435 2.64387274 1.26801264
v 2.79607201 2.83525014 1.20835507
v 2.79260206 2.81329799 1.21719527
v 2.75430751 2.03583479 1.34036827
v 2.75407529 2.06980133 1.33926451
v 2.75380492 2.14301372 1.33636975
v 2.75388145 2.16364264 1.33521092
v 2.75427556 2.22784805 1.33125508
v 2.74441290 2.22784805 1.35339475
v 2.75441957 2.25157547 1.32979321
v 2.75454450 2.25820160 1.32919478
v 2.75542188 2.30102491 1.32517254
v 2.75512028 2.28633428 1.32655239
v 2.75667691 2.36184406 1.31944549
v 2.75649834 2.35377455 1.32023227
v 2.77837992 2.26823735 1.32931876
v 2.76114488 2.47377276 1.30405903
v 2.76018786 2.45022416 1.30733454
v 2.73734021 2.63291144 1.34990680
v 2.80408740 3.44303799 1.16149104
v 2.79694366 3.84810138 1.15853202
v 2.73028612 3.03797460 1.34642816
v 2.72326517 3.44303799 1.34296572
v 2.71629143 3.84810138 1.33952677
v 2.78988314 4.25316477 1.15560734
v 2.78291869 4.65822792 1.15272272
v 2.70937943 4.25316477 1.33611798
v 2.70254254 4.65822792 1.33274651
v 2.77606392 5.06329107 1.14988327
v 2.76933122 5.46835423 1.14709449
v 2.76273322 5.87341785 1.14436150
v 2.69579506 5.06329107 1.32941902
v 2.68915033 5.46835423 1.32614219
v 2.68262172 5.87341785 1.32292259
v 2.59147096 5.87341785 1.49618649
v 2.80089259 7.89873409 0.95077491
v 2.75628209 6.27848101 1.14168942
v 2.74998999 6.68354416 1.13908315
v 2.67622232 6.27848101 1.31976676
v 2.58519363 6.27848101 1.49256229
v 2.66996479 6.68354416 1.31668091
v 2.57903695 6.68354416 1.48900759
v 2.74386835 7.08860779 1.13654757
v 2.73792887 7.49367094 1.13408732
v 2.73218250 7.89873409 1.13170707
v 2.66386199 7.08860779 1.31367135
v 2.65792632 7.49367094 1.31074417
v 2.57301378 7.08860779 1.48553014
v 2.56713748 7.49367094 1.48213744
v 2.65216970 7.89873409 1.30790532
v 2.56142068 7.89873409 1.47883701
v 3.08227897 0.24760738 -0.10258172
v 3.08273053 0.25043657 -0.08754052
v 3.13428187 0.28473237 -0.10254348
v 3.08643866 0.20253165 0.00000000
v 3.08448720 0.26118129 -0.02916278
v 3.08531117 0.26651064 0.00000000
v 3.08497405 0.26896605 0.01176046
v 3.12649274 0.29585660 0.00000000
v 3.08243322 0.28736791 0.10045277
v 3.08215952 0.28974372 0.10973193
v 3.11579990 0.31112748 0.10043151
v 3.08088398 0.30085272 0.15294206
v 3.08139157 0.20253165 0.20196508
v 3.07945228 0.31259438 0.19882673
v 3.07935643 0.31347126 0.20183170
v 3.07904005 0.31433600 0.20529829
v 3.10301995 0.32937908 0.19879627
v 3.47827172 0.53107619 -0.10224928
v 3.47071457 0.54186887 0.00000000
v 3.82192469 0.77790082 -0.10191661
v 3.81462121 0.78833127 0.00000000
v 3.46012950 0.55698586 0.10017615
v 3.44735336 0.57523221 0.19828419
v 3.80416679 0.80326182 0.09988738
v 3.79141617 0.82147157 0.19771004
v 3.06196499 0.36420938 0.39065066
v 3.06168509 0.36515102 0.39363018
v 3.06080747 0.36813685 0.40296295
v 3.07080507 0.33707199 0.29543024
v 3.08870173 0.34982771 0.29539371
v 3.07035780 0.33844429 0.30029652
v 3.06751275 0.34728366 0.33122492
v 3.06392694 0.20253165 0.40337363
v 3.07307911 0.37213907 0.39061829
v 3.05606914 0.39643168 0.48479211
v 3.04792571 0.39061600 0.48482370
v 3.04757977 0.39130527 0.48701155
v 3.04447818 0.39754301 0.50661772
v 3.03731322 0.42321801 0.57801491
v 3.03310990 0.42021444 0.57803541
v 3.03350544 0.20253165 0.60340172
v 3.02918100 0.42942402 0.60254157
v 3.03293252 0.42062882 0.57914263
v 3.01381612 0.45155045 0.67006898
v 3.01367092 0.45180875 0.67070371
v 3.01218295 0.45444921 0.67719835
v 3.01625466 0.45329288 0.67005485
v 3.43296623 0.59577912 0.29459614
v 3.41724038 0.61823791 0.38949567
v 3.77697968 0.84208924 0.29371148
v 3.76116610 0.86467332 0.38826302
v 3.40013194 0.64267135 0.48331159
v 3.38131690 0.66954184 0.57616574
v 3.36026549 0.69960666 0.66785938
v 3.74397039 0.88923120 0.48169836
v 3.72510409 0.91617507 0.57416016
v 3.70406437 0.94622302 0.66548175
v 3.02052951 3.94392729 -0.12422399
v 3.02111220 3.94017410 -0.09797195
v 3.02252483 3.92618704 -0.03808575
v 3.02275681 3.92378926 -0.02784621
v 3.02338696 3.91734433 -0.00000000
v 3.02131510 3.89527297 0.06405108
v 3.12607813 3.98450899 -0.00000000
v 3.02031350 3.88459873 0.09501812
v 3.01851654 3.86134219 0.15230633
v 3.01750326 3.84810138 0.18466863
v 3.01742983 3.84713435 0.18703361
v 3.01710629 3.84225655 0.19775160
v 3.01677394 3.84040570 0.20150365
v 3.01700830 3.84810138 0.19774516
v 3.01358771 3.82283068 0.23708470
v 3.14079189 3.96349549 0.09472480
v 3.15775847 3.93926501 0.18637271
v 3.01008320 3.80322742 0.27627113
v 3.00630474 3.78055811 0.31879097
v 3.00237489 3.75653815 0.36309373
v 2.99956679 3.73854566 0.39490044
v 2.99904132 3.73641777 0.39841172
v 2.99163318 3.70582342 0.44797862
v 2.98822403 3.69125676 0.47084203
v 2.98753834 3.68833995 0.47541654
v 2.99767327 3.84810138 0.39465117
v 3.17631626 3.91276169 0.27515280
v 3.19598484 3.88467216 0.36146227
v 3.21650577 3.85536528 0.44577757
v 2.97916842 3.65199518 0.53133595
v 2.97622395 3.63871384 0.55106431
v 2.97029781 3.61145139 0.59082901
v 2.96547198 3.59498692 0.61343139
v 2.96299648 3.58612156 0.62506002
v 2.96612191 3.84810138 0.58999836
v 3.23785901 3.82486939 0.52853239
v 3.26024699 3.79289627 0.61000019
v 4.16526413 1.02517366 -0.10154808
v 4.15823460 1.03521276 0.00000000
v 4.14793253 1.04992545 0.09956758
v 4.13522911 1.06806815 0.19707848
v 4.50831270 1.27286136 -0.10114635
v 4.50157642 1.28248179 0.00000000
v 4.85109472 1.52092981 -0.10071415
v 4.84466982 1.53010595 0.00000000
v 4.49144840 1.29694653 0.09921920
v 4.47881222 1.31499231 0.19639426
v 4.83473539 1.54429388 0.09884470
v 4.82218742 1.56221414 0.19566223
v 4.12076187 1.08872938 0.29274669
v 4.10487604 1.11141670 0.38692960
v 4.08760452 1.13608277 0.47996426
v 4.06869459 1.16308916 0.57201260
v 4.04767132 1.19311368 0.66293895
v 4.46433353 1.33567047 0.29170883
v 4.44839048 1.35843909 0.38550490
v 4.80771494 1.58288300 0.29060504
v 4.79173040 1.60571146 0.38399845
v 4.43105459 1.38319731 0.47812125
v 4.41210842 1.41025543 0.56973743
v 4.39110565 1.44025040 0.66024810
v 4.77434111 1.63054550 0.47618130
v 4.75536585 1.65764499 0.56734943
v 4.73438787 1.68760443 0.65742636
v 2.99849892 0.47865063 0.73678368
v 2.99315143 0.48810968 0.76006848
v 2.99310040 0.48819986 0.76029062
v 2.98980761 0.20253165 0.80111653
v 2.98399925 0.50826651 0.79956013
v 2.97219563 0.52619112 0.83854145
v 2.96978116 0.52985680 0.84651393
v 2.96941614 0.53040802 0.84771979
v 3.30891371 0.77294463 0.84508276
v 2.93276787 0.20253165 0.99554056
v 2.93291640 0.60759491 0.96671993
v 2.92700529 0.62235016 0.98583686
v 2.94473720 0.57854146 0.92846411
v 2.94393992 0.58008254 0.93107355
v 2.92521238 0.60759491 0.99297583
v 2.92483592 0.62776065 0.99284804
v 2.92052937 0.63581693 1.00406778
v 2.91867232 0.63924962 1.00890791
v 2.89379072 0.69972497 1.07293737
v 2.89111328 0.70614791 1.07983208
v 3.27746844 0.81785280 0.92841417
v 3.24169564 0.86894184 1.00638723
v 3.20154881 0.92627752 1.07757080
v 3.33634090 0.73377436 0.75781482
v 3.68023086 0.98026085 0.75512278
v 3.65297699 1.01918340 0.84216928
v 3.54648829 1.17126477 1.07473814
v 3.62177873 1.06373894 0.92539865
v 3.58630657 1.11439836 1.00340080
v 2.86255956 0.20253165 1.18571091
v 2.87717748 0.74991047 1.11513078
v 2.85525608 0.60759491 1.18268573
v 2.87006116 0.77228951 1.13317680
v 2.86635232 0.78379494 1.14259052
v 2.85093260 0.84636480 1.18089497
v 2.84915471 0.85218513 1.18458664
v 2.84350848 0.87041080 1.19632268
v 2.83125138 0.92301482 1.22117496
v 2.82806420 0.93674397 1.22765768
v 2.82169914 0.96380544 1.24062181
v 3.15726662 0.98951882 1.14070046
v 2.81311226 1.01265824 1.25752866
v 2.81070185 1.02633655 1.26226377
v 3.05852675 1.13053393 1.23951840
v 3.00562763 1.20608175 1.27477717
v 3.10935426 1.05794477 1.19484222
v 2.84282184 1.43859255 1.33198977
v 2.89704394 1.36115551 1.31980896
v 2.95153117 1.28333974 1.30119491
v 2.98046780 1.97962606 1.34126747
v 3.03134513 1.90696561 1.34151149
v 3.18904614 1.68174529 1.33024299
v 3.08297825 1.83322597 1.34045398
v 3.13554764 1.75814903 1.33713722
v 3.24323916 1.60434961 1.31825542
v 3.29765821 1.52663088 1.29964960
v 3.50253367 1.23403859 1.13812125
v 3.40434241 1.37427008 1.23756492
v 3.35163116 1.44954967 1.27308333
v 3.45492029 1.30203748 1.19257402
v 3.80034757 1.54632854 1.18999028
v 3.69753385 1.69316149 1.27108574
v 3.75003767 1.61817825 1.23529720
v 3.53522539 1.92496216 1.32826495
v 3.58937263 1.84763193 1.31644189
v 3.64370489 1.77003729 1.29781914
v 2.93266320 3.47096896 0.76807928
v 2.93145180 3.46611977 0.77381158
v 2.93147397 3.46621609 0.77370661
v 2.95931458 3.48506021 0.77335072
v 2.92912602 3.45597839 0.78485692
v 2.92538953 3.44303799 0.79829174
v 2.91488695 3.40660048 0.83613676
v 2.91074800 3.39211464 0.85105872
v 2.98777819 3.44440985 0.85002667
v 2.94762421 3.53000736 0.69735724
v 2.94826603 3.53251028 0.69432551
v 2.94237041 3.50925875 0.72219342
v 2.92213106 3.84810138 0.78298265
v 3.30975795 3.72218728 0.76883191
v 3.28404975 3.75890255 0.69019866
v 2.89684200 3.33788562 0.90156794
v 2.89025903 3.31208324 0.92548662
v 2.87976980 3.26515341 0.96398920
v 2.87638855 3.25000048 0.97640240
v 2.87290287 3.44303799 0.97521913
v 3.01906013 3.39973474 0.92366481
v 2.86967731 3.22520828 0.99595660
v 2.86072636 3.18684554 1.02232790
v 2.84240460 3.10434937 1.07652593
v 2.84747195 3.13011789 1.06137359
v 3.05350471 3.35054278 0.99318570
v 2.86567664 3.84810138 0.97276616
v 3.09127307 3.29660392 1.05742681
v 3.33789039 3.68200970 0.84528011
v 3.63490486 3.99544120 0.68587947
v 3.66021729 3.95929170 0.76429445
v 3.68802810 3.91957355 0.84049976
v 3.36891007 3.63770938 0.91864133
v 3.40314627 3.58881497 0.98782068
v 3.44073987 3.53512573 1.05165672
v 3.71879363 3.87563586 0.91356635
v 3.75282764 3.82703018 0.98238611
v 3.79024982 3.77358580 1.04580069
v 2.81524777 2.95319700 1.15853524
v 2.81306362 2.93973541 1.16520917
v 2.81092119 2.92871070 1.17054665
v 2.81004167 2.92420864 1.17273676
v 2.82727575 2.93601918 1.17242193
v 2.87405419 2.86921239 1.21560752
v 2.92282486 2.79956055 1.25075114
v 2.97294784 2.72797775 1.27812290
v 2.82923579 2.19560766 1.33498096
v 2.87973189 2.12349176 1.33829129
v 2.93004394 2.05163884 1.34020674
v 3.02380037 2.65535259 1.29842770
v 3.17629313 2.43757057 1.32845211
v 3.22651696 2.36584330 1.33241773
v 3.27660823 2.29430580 1.33509123
v 3.07485652 2.58243680 1.31272340
v 3.12574649 2.50975871 1.32228804
v 2.82766247 3.02965593 1.12060213
v 2.82582545 3.01828742 1.12621796
v 2.82930183 3.03797460 1.11569226
v 2.81130075 3.03797460 1.16447890
v 3.13231134 3.23799515 1.11528766
v 3.17634869 3.17510319 1.16587591
v 3.22292781 3.10858130 1.20863426
v 3.27146101 3.03926873 1.24342704
v 3.32130575 2.96808314 1.27057326
v 3.37184644 2.89590359 1.29081845
v 3.32686973 2.22252488 1.33695006
v 3.37764168 2.15001512 1.33796430
v 3.42921519 2.07636023 1.33758545
v 3.48175311 2.00132823 1.33480310
v 3.42256999 2.82346272 1.30524635
v 3.57330585 2.60818982 1.32644868
v 3.52335811 2.67952228 1.32182038
v 3.47312617 2.75126123 1.31514192
v 3.67326784 2.46542907 1.33252835
v 3.82793236 2.24454546 1.33229637
v 3.72392893 2.39307761 1.33429611
v 3.77543569 2.31951809 1.33457232
v 3.62317252 2.53697276 1.32988012
v 3.82051468 2.99275112 1.30791759
v 3.48161364 3.47675204 1.10906696
v 3.52547455 3.41411209 1.15919268
v 3.57184768 3.34788442 1.20152152
v 3.66969347 3.20814610 1.26289880
v 3.62013507 3.27892256 1.23596776
v 3.71991372 3.13642406 1.28309894
v 3.83095908 3.71544695 1.10274792
v 3.77029800 3.06446791 1.29767561
v 4.02393150 1.22701764 0.75224018
v 3.99685359 1.26568878 0.83903819
v 4.34056234 1.51243401 0.83571154
v 3.96590590 1.30988657 0.92213821
v 3.93074083 1.36010754 1.00014389
v 3.89126039 1.41649151 1.07161331
v 4.30986786 1.55626988 0.91865695
v 4.27501488 1.60604537 0.99664205
v 4.23588037 1.66193545 1.06822324
v 4.36746216 1.47401690 0.74918669
v 4.71084261 1.72123075 0.74598199
v 4.68412209 1.75939190 0.83221143
v 4.58036327 1.90757453 1.06459486
v 4.65368319 1.80286312 0.91497904
v 4.61914587 1.85218763 0.99292135
v 3.84764576 1.47877955 1.13523424
v 4.04334545 1.93690360 1.26881242
v 4.19261694 1.72372174 1.13206697
v 4.14564800 1.79080021 1.18711901
v 4.09562349 1.86224306 1.23274350
v 4.53746128 1.96884501 1.12864769
v 3.88136506 2.16823578 1.32608378
v 3.93545079 2.09099293 1.31439614
v 3.98967862 2.01354766 1.29573143
v 3.87042832 2.92146707 1.31512260
v 3.92009664 2.85053301 1.32041943
v 4.01966333 2.70833731 1.32803488
v 4.07020950 2.63614988 1.33053815
v 3.96973681 2.77963972 1.32460725
v 4.17408943 2.48779416 1.32964587
v 4.28148079 2.33442330 1.31214654
v 4.22747087 2.41155767 1.32372832
v 4.33558798 2.25715041 1.29341495
v 4.12164307 2.56269479 1.33144474
v 4.01810217 3.44817924 1.25513613
v 4.06799507 3.37692428 1.27530646
v 3.87464046 3.65306354 1.15240431
v 3.92080235 3.58713746 1.19430315
v 3.96883750 3.51853609 1.22840893
v 4.11803436 3.30546093 1.29004848
v 4.18033457 3.95409918 1.09636056
v 4.26978064 3.82635665 1.18701291
v 4.22383451 3.89197469 1.14554262
v 4.31755829 3.75812340 1.22078574
v 4.16790771 3.23423409 1.30065215
v 4.26688862 3.09287500 1.31436515
v 4.21750069 3.16340828 1.30839479
v 4.31630135 3.02230668 1.31930625
v 4.49083471 2.03543472 1.18398881
v 4.44111013 2.10644865 1.22993219
v 4.38907528 2.18076253 1.26629174
v 4.83592033 2.28021359 1.18062866
v 4.78650951 2.35077929 1.22689247
v 4.73473263 2.42472482 1.26355290
v 4.68144035 2.50083375 1.29089856
v 4.36605692 2.95124769 1.32350194
v 4.46784115 2.80588508 1.32823277
v 4.41648579 2.87922835 1.32672155
v 4.52022886 2.73106790 1.32688117
v 4.57354784 2.65491986 1.32122743
v 4.62746906 2.57791281 1.30972219
v 4.36652279 3.68819475 1.24732184
v 4.41608381 3.61741447 1.26747823
v 4.46577406 3.54644942 1.28240228
v 4.66628695 3.99769926 1.21313345
v 4.71494722 3.92820501 1.23949206
v 4.76417208 3.85790491 1.25965083
v 4.81351089 3.78744197 1.27477384
v 4.51530170 3.47571659 1.29338241
v 4.56457233 3.40535045 1.30167305
v 4.71245098 3.19415832 1.31896198
v 4.61368036 3.33521748 1.30832064
v 4.66286564 3.26497364 1.31401086
v 4.76275969 3.12230992 1.32287741
v 4.81403303 3.04908419 1.32496667
v 3.01802802 4.25316477 0.00000000
v 3.01167035 4.65822792 0.00000000
v 3.11439347 4.00119638 -0.09774140
v 3.01032376 4.25316477 0.19730704
v 3.00376058 4.65822792 0.19687687
v 3.00542426 5.06329107 0.00000000
v 2.99929523 5.46835423 0.00000000
v 2.99328828 5.87341785 0.00000000
v 2.99732542 5.06329107 0.19645508
v 2.99102473 5.46835423 0.19604212
v 2.98486519 5.87341785 0.19563840
v 3.46875238 4.23273134 -0.09685069
v 3.48042750 4.21605825 -0.00000000
v 3.82321143 4.46412373 -0.09594855
v 3.49497247 4.19528580 0.09385449
v 3.51162839 4.17149878 0.18469585
v 2.99079347 4.25316477 0.39374545
v 2.98404312 4.65822792 0.39285672
v 2.95909476 4.25316477 0.58860052
v 2.95219755 4.65822792 0.58722860
v 2.97743011 5.06329107 0.39198610
v 2.97096229 5.46835423 0.39113459
v 2.96464729 5.87341785 0.39030322
v 2.94544029 5.06329107 0.58588451
v 2.93883181 5.46835423 0.58456999
v 2.93238139 5.87341785 0.58328694
v 3.52976131 4.14560223 0.27276665
v 3.54892468 4.11823368 0.35848385
v 3.56889892 4.08970737 0.44232786
v 3.58970165 4.05999804 0.52472055
v 3.61156845 4.02876949 0.60591006
v 2.98740816 6.27848101 0.00000000
v 2.98166013 6.68354416 0.00000000
v 2.97885227 6.27848101 0.19524430
v 2.97299242 6.68354416 0.19486021
v 2.97604847 7.08860779 0.00000000
v 2.97057819 7.49367094 0.00000000
v 2.96525383 7.89873409 0.00000000
v 2.96729088 7.08860779 0.19448651
v 2.96175313 7.49367094 0.19412357
v 2.95638490 7.89873409 0.19377171
v 2.95849228 6.27848101 0.38949290
v 2.95250463 6.68354416 0.38870460
v 2.92609739 6.27848101 0.58203691
v 2.91998792 6.68354416 0.58082175
v 2.94669080 7.08860779 0.38793921
v 2.94105768 7.49367094 0.38719758
v 2.93561149 7.89873409 0.38648057
v 2.91406155 7.08860779 0.57964289
v 2.90832591 7.49367094 0.57850200
v 2.90278840 7.89873409 0.57740051
v 3.83484554 4.44750834 -0.00000000
v 4.17773771 4.69541979 -0.09503874
v 4.18930101 4.67890596 -0.00000000
v 3.84919310 4.42701817 0.09297959
v 3.86551380 4.40370989 0.18301542
v 3.88320255 4.37844753 0.27038178
v 4.20342350 4.65873718 0.09210359
v 4.21938562 4.63594055 0.18133813
v 4.23661232 4.61133814 0.26800773
v 4.53229856 4.92666626 -0.09412495
v 4.54376125 4.91029596 -0.00000000
v 4.55763292 4.89048576 0.09122998
v 4.57321548 4.86823177 0.17967056
v 4.58996439 4.84431124 0.26565385
v 3.90184784 4.35181904 0.35551327
v 3.92126894 4.32408333 0.43889207
v 4.25472879 4.58546543 0.35256252
v 4.27359152 4.55852652 0.43548420
v 3.94152021 4.29516125 0.52092624
v 3.96287012 4.26467085 0.60183704
v 4.33656120 4.46859646 0.67729574
v 4.29329252 4.53039026 0.51716518
v 4.31413174 4.50062943 0.59779847
v 4.60754204 4.81920815 0.34964329
v 4.62584352 4.79307079 0.43211806
v 4.64499712 4.76571608 0.51345295
v 4.66533327 4.73667336 0.59381151
v 4.68732500 4.70526600 0.67306876
v 2.91501880 4.25316477 0.78107697
v 2.90803123 4.65822792 0.77920461
v 2.85855126 4.25316477 0.97034740
v 2.85153866 4.65822792 0.96796697
v 2.90117884 5.06329107 0.77736855
v 2.89447260 5.46835423 0.77557158
v 2.88792229 5.87341785 0.77381647
v 2.84465122 5.06329107 0.96562898
v 2.83790088 5.46835423 0.96333748
v 2.83129859 5.87341785 0.96109635
v 2.88153839 6.27848101 0.77210587
v 2.87533021 6.68354416 0.77044243
v 2.82485580 6.27848101 0.95890933
v 2.81858325 6.68354416 0.95678014
v 2.86930728 7.08860779 0.76882857
v 2.86347842 7.49367094 0.76726669
v 2.85785246 7.89873409 0.76575929
v 2.81249189 7.08860779 0.95471233
v 2.80659151 7.49367094 0.95270950
v 3.98574829 4.23199701 0.68157220
v 4.01067448 4.19639874 0.75975913
v 4.03817463 4.15712500 0.83570784
v 4.06869507 4.11353683 0.90846390
v 4.10253429 4.06520939 0.97690785
v 4.13978910 4.01200438 1.03988671
v 4.36111307 4.43353319 0.75524634
v 4.38831282 4.39468765 0.83092636
v 4.71151447 4.67072010 0.75077623
v 4.73842716 4.63228464 0.82617718
v 4.41859913 4.35143423 0.90335768
v 4.45225096 4.30337429 0.97141159
v 4.48934317 4.25040102 1.03394246
v 4.83889866 4.48879623 1.02799582
v 4.76848984 4.58935022 0.89827144
v 4.80196333 4.54154539 0.96592295
v 4.52972698 4.19272709 1.08993471
v 4.57304430 4.13086367 1.13863969
v 4.61877203 4.06555796 1.17968452
v 2.68416548 0.20253165 1.54970372
v 2.67768455 0.60759491 1.54596186
v 2.45822978 0.20253165 1.88626599
v 2.45296597 0.60759491 1.88222694
v 2.57691813 0.20253165 1.72184169
v 2.57099915 0.60759491 1.71788669
v 2.67112327 1.01265824 1.54217374
v 2.66449642 1.41772151 1.53834772
v 2.65781903 1.82278478 1.53449249
v 2.44757795 1.01265824 1.87809265
v 2.44207931 1.41772151 1.87387335
v 2.43648267 1.82278478 1.86957896
v 2.56497645 1.01265824 1.71386254
v 2.55886459 1.41772151 1.70977855
v 2.55267715 1.82278478 1.70564437
v 2.18789887 0.20253165 2.18789887
v 2.18417954 0.60759491 2.18417954
v 2.02777672 1.41772151 2.31223631
v 2.02446270 1.82278478 2.30845714
v 2.18030882 1.01265824 2.18030882
v 2.17629695 1.41772151 2.17629695
v 2.17215395 1.82278478 2.17215395
v 2.32845759 0.20253165 2.04200244
v 2.32393241 0.60759491 2.03803396
v 2.31926703 1.01265824 2.03394246
v 2.31447291 1.41772151 2.02973819
v 2.30956173 1.82278478 2.02543139
v 2.54642916 2.22784805 1.70146954
v 2.54013443 2.63291144 1.69726348
v 2.65110540 2.22784805 1.53061640
v 2.64437079 2.63291144 1.52672815
v 2.43080187 2.22784805 1.86521983
v 2.42505002 2.63291144 1.86080635
v 2.53380728 3.03797460 1.69303584
v 2.52746224 3.44303799 1.68879628
v 2.52111363 3.84810138 1.68455422
v 2.63762951 3.03797460 1.52283609
v 2.63089633 3.44303799 1.51894867
v 2.62418556 3.84810138 1.51507425
v 2.41924119 3.03797460 1.85634899
v 2.41338873 3.44303799 1.85185826
v 2.40750647 3.84810138 1.84734464
v 2.02101827 2.22784805 2.30452967
v 2.01745248 2.63291144 2.30046368
v 2.16789031 2.22784805 2.16789031
v 2.16351724 2.63291144 2.16351724
v 2.28899503 3.44303799 2.00739479
v 2.28368545 3.84810138 2.00273848
v 2.01377487 3.03797460 2.29627013
v 2.00999498 3.44303799 2.29196000
v 2.00612283 3.84810138 2.28754449
v 2.15904546 3.03797460 2.15904546
v 2.15448642 3.44303799 2.15448642
v 2.14985156 3.84810138 2.14985156
v 2.30454612 2.22784805 2.02103257
v 2.29943800 2.63291144 2.01655293
v 2.29425001 3.03797460 2.01200318
v 1.33942103 0.20253165 2.71607709
v 1.33956099 0.60759491 2.71636105
v 1.70507896 0.20253165 2.55183101
v 1.52587938 0.20253165 2.64290071
v 1.70387936 0.60759491 2.55003572
v 1.52541459 0.60759491 2.64209557
v 1.33960152 1.01265824 2.71644330
v 1.33954310 1.41772151 2.71632481
v 1.33938658 1.82278478 2.71600723
v 1.52328849 1.82278478 2.63841295
v 1.70253825 1.01265824 2.54802871
v 1.70105970 1.41772151 2.54581571
v 1.52482641 1.01265824 2.64107680
v 1.52411687 1.41772151 2.63984776
v 1.69944811 1.82278478 2.54340386
v 0.75532675 0.20253165 2.81891775
v 0.95195436 0.20253165 2.80436730
v 0.75619555 0.60759491 2.82216024
v 0.95277405 0.60759491 2.80678177
v 1.14742136 0.20253165 2.77012014
v 1.14799738 0.60759491 2.77151084
v 0.75704765 1.01265824 2.82534027
v 0.95355070 1.01265824 2.80906987
v 0.95428270 1.41772151 2.81122613
v 0.75788099 1.41772151 2.82845020
v 0.95496863 1.82278478 2.81324697
v 0.75869358 1.82278478 2.83148313
v 1.14850175 1.01265824 2.77272844
v 1.14893353 1.41772151 2.77377105
v 1.14929235 1.82278478 2.77463722
v 1.33913291 2.22784805 2.71549296
v 1.52234411 2.22784805 2.63677740
v 1.33878374 2.63291144 2.71478486
v 1.52128696 2.63291144 2.63494635
v 1.69770813 2.22784805 2.54079986
v 1.69584489 2.63291144 2.53801131
v 1.33834064 3.03797460 2.71388650
v 1.33780599 3.44303799 2.71280217
v 1.52012062 3.03797460 2.63292623
v 1.51884890 3.44303799 2.63072348
v 1.33718193 3.84810138 2.71153665
v 1.51747596 3.84810138 2.62834549
v 1.69386399 3.03797460 2.53504658
v 1.69177127 3.44303799 2.53191447
v 1.68957269 3.84810138 2.52862430
v 0.95560718 2.22784805 2.81512809
v 0.75948381 2.22784805 2.83443213
v 0.95619744 2.63291144 2.81686687
v 0.76025003 2.63291144 2.83729172
v 1.14957798 2.22784805 2.77532673
v 1.14979029 2.63291144 2.77583909
v 0.95673853 3.03797460 2.81846070
v 0.95722997 3.44303799 2.81990862
v 0.76099080 3.03797460 2.84005642
v 0.76170492 3.44303799 2.84272146
v 0.95767140 3.84810138 2.82120895
v 0.76239133 3.84810138 2.84528327
v 1.14992952 3.03797460 2.77617550
v 1.14999652 3.44303799 2.77633715
v 1.14999199 3.84810138 2.77632618
v 1.87570989 0.20253165 2.44447279
v 2.03397942 0.60759491 2.31930900
v 1.87369204 0.60759491 2.44184303
v 2.03685141 0.20253165 2.32258391
v 2.03095174 1.01265824 2.31585670
v 1.87152183 1.01265824 2.43901467
v 1.86920536 1.41772151 2.43599582
v 1.86674893 1.82278478 2.43279457
v 1.86415946 2.22784805 2.42941999
v 1.86144388 2.63291144 2.42588091
v 1.85860980 3.03797460 2.42218733
v 1.85566485 3.44303799 2.41834950
v 1.85261726 3.84810138 2.41437793
v 2.51477575 4.25316477 1.68031943
v 2.50846291 4.65822792 1.67610133
v 2.61751199 4.25316477 1.51122129
v 2.61088967 4.65822792 1.50739777
v 2.40160823 4.25316477 1.84281874
v 2.39570785 4.65822792 1.83829141
v 2.50218916 5.06329107 1.67190933
v 2.49596858 5.46835423 1.66775298
v 2.48981571 5.87341785 1.66364157
v 2.60433269 5.06329107 1.50361216
v 2.59785509 5.46835423 1.49987233
v 2.38981938 5.06329107 1.83377302
v 2.38395667 5.46835423 1.82927430
v 2.37813330 5.87341785 1.82480597
v 2.27833462 4.25316477 1.99804580
v 2.27295542 4.65822792 1.99332833
v 2.00216842 4.25316477 2.28303552
v 1.99814212 4.65822792 2.27844453
v 2.14515281 4.25316477 2.14515281
v 2.14040184 4.65822792 2.14040184
v 2.26756096 5.06329107 1.98859751
v 2.26216435 5.46835423 1.98386490
v 2.25677919 5.87341785 1.97914231
v 1.99405479 5.06329107 2.27378368
v 1.98991728 5.46835423 2.26906562
v 1.98574030 5.87341785 2.26430297
v 2.13561082 5.06329107 2.13561082
v 2.13079166 5.46835423 2.13079166
v 2.12595701 5.87341785 2.12595701
v 2.48374367 6.27848101 1.65958452
v 2.47776699 6.68354416 1.65559089
v 2.37236333 6.27848101 1.82037842
v 2.36666036 6.68354416 1.81600237
v 2.47189879 7.08860779 1.65166998
v 2.46615291 7.49367094 1.64783061
v 2.46054220 7.89873409 1.64408183
v 2.36103797 7.08860779 1.81168818
v 2.35550976 7.49367094 1.80744624
v 2.35008955 7.89873409 1.80328703
v 2.25141859 6.27848101 1.97444117
v 2.24609590 6.68354416 1.96977317
v 1.98153532 6.27848101 2.25950789
v 1.97731352 6.68354416 2.25469398
v 2.12111926 6.27848101 2.12111926
v 2.11629081 6.68354416 2.11629081
v 2.24082422 7.08860779 1.96515012
v 2.23561716 7.49367094 1.96058369
v 2.10671210 7.49367094 2.10671210
v 2.23048782 7.89873409 1.95608521
v 2.10198712 7.89873409 2.10198712
v 1.97308648 7.08860779 2.24987388
v 1.96886563 7.49367094 2.24506092
v 1.96466267 7.89873409 2.24026847
v 2.11148429 7.08860779 2.11148429
v 1.33647132 4.25316477 2.71009588
v 1.51600647 4.25316477 2.62580037
v 1.33567727 4.65822792 2.70848560
v 1.51444530 4.65822792 2.62309623
v 1.68727493 4.25316477 2.52518535
v 1.68488467 4.65822792 2.52160811
v 1.68240893 5.06329107 2.51790309
v 1.67985535 5.46835423 2.51408124
v 1.67723131 5.87341785 2.51015401
v 1.51279759 5.06329107 2.62024236
v 1.51106882 5.46835423 2.61724782
v 1.33480299 5.06329107 2.70671272
v 1.33385217 5.46835423 2.70478463
v 1.50926471 5.87341785 2.61412311
v 1.33282876 5.87341785 2.70270944
v 0.95806271 4.25316477 2.82236171
v 0.76304907 4.25316477 2.84773803
v 0.95840412 4.65822792 2.82336760
v 0.76367748 4.65822792 2.85008311
v 1.14991701 4.25316477 2.77614522
v 1.14977324 4.65822792 2.77579808
v 0.95869601 5.06329107 2.82422733
v 0.95893896 5.46835423 2.82494307
v 0.76427597 5.06329107 2.85231686
v 0.76484424 5.46835423 2.85443759
v 0.95913380 5.87341785 2.82551718
v 0.76538211 5.87341785 2.85644484
v 1.14956212 5.06329107 2.77528858
v 1.14928591 5.46835423 2.77462149
v 1.14894652 5.87341785 2.77380252
v 1.67454493 6.27848101 2.50613356
v 1.67180419 6.68354416 2.50203180
v 1.50739133 6.27848101 2.61087847
v 1.33173692 6.27848101 2.70049548
v 1.50545514 6.68354416 2.60752487
v 1.33058119 6.68354416 2.69815183
v 1.66901743 7.08860779 2.49786115
v 1.66619349 7.49367094 2.49363470
v 1.66334105 7.89873409 2.48936582
v 1.50346255 7.08860779 2.60407352
v 1.50142050 7.49367094 2.60053658
v 1.32936633 7.08860779 2.69568825
v 1.32809722 7.49367094 2.69311476
v 1.49933589 7.89873409 2.59692597
v 1.32677925 7.89873409 2.69044232
v 0.76588959 6.27848101 2.85833883
v 0.95928168 6.27848101 2.82595277
v 0.76636690 6.68354416 2.86012006
v 0.95938385 6.68354416 2.82625365
v 1.14854681 6.27848101 2.77283716
v 1.14808929 6.68354416 2.77173281
v 0.76681441 7.08860779 2.86179018
v 0.76723266 7.49367094 2.86335135
v 0.95944190 7.08860779 2.82642460
v 0.95945752 7.49367094 2.82647061
v 0.76762253 7.89873409 2.86480618
v 0.95943272 7.89873409 2.82639766
v 1.14757717 7.08860779 2.77049637
v 1.14701355 7.49367094 2.76913571
v 1.14640212 7.89873409 2.76765966
v 1.84947538 4.25316477 2.41028333
v 1.84624791 4.65822792 2.40607715
v 1.84294379 5.06329107 2.40177107
v 1.83957231 5.46835423 2.39737725
v 1.83614266 5.87341785 2.39290762
v 1.83266461 6.27848101 2.38837504
v 1.82914805 6.68354416 2.38379216
v 1.82560313 7.08860779 2.37917233
v 1.82203984 7.49367094 2.37452841
v 1.81846857 7.89873409 2.36987448
v 2.79540443 8.30379772 0.94891196
v 2.79013681 8.70886040 0.94712383
v 2.78509855 9.11392403 0.94541353
v 2.78029871 9.51898766 0.94378424
v 2.77574563 9.92405033 0.94223869
v 2.72664022 8.30379772 1.12941134
v 2.72131252 8.70886040 1.12720454
v 2.64660406 8.30379772 1.30516064
v 2.55587626 8.30379772 1.47563589
v 2.64124084 8.70886040 1.30251586
v 2.55051661 8.70886040 1.47254145
v 2.71620965 9.11392403 1.12509084
v 2.71134162 9.51898766 1.12307441
v 2.70671797 9.92405033 1.12115932
v 2.54535365 9.11392403 1.46956062
v 2.54039955 9.51898766 1.46670043
v 2.53566575 9.92405033 1.46396732
v 2.63609147 9.11392403 1.29997647
v 2.63116717 9.51898766 1.29754806
v 2.62647843 9.92405033 1.29523575
v 2.77144790 10.32911396 0.94077981
v 2.76741362 10.73417759 0.93941033
v 2.76365042 11.13924026 0.93813288
v 2.76016569 11.54430389 0.93694997
v 2.75696707 11.94936752 0.93586421
v 2.70234847 10.32911396 1.11934936
v 2.62203574 10.32911396 1.29304492
v 2.69824195 10.73417759 1.11764848
v 2.61784959 10.73417759 1.29098046
v 2.53116393 10.32911396 1.46136820
v 2.52690506 10.73417759 1.45890927
v 2.69440746 11.13924026 1.11606014
v 2.61392951 11.13924026 1.28904736
v 2.69085383 11.54430389 1.11458814
v 2.68758893 11.94936752 1.11323583
v 2.61028528 11.54430389 1.28725028
v 2.60692668 11.94936752 1.28559399
v 2.52289987 11.13924026 1.45659697
v 2.51915932 11.54430389 1.45443738
v 2.51569366 11.94936752 1.45243645
v 2.75406122 12.35443020 0.93487781
v 2.75145555 12.75949383 0.93399328
v 2.80470204 13.56962013 0.75151765
v 2.80300236 13.97468376 0.75106227
v 2.74915600 13.16455650 0.93321270
v 2.74716949 13.56962013 0.93253833
v 2.74550176 13.97468376 0.93197227
v 2.68462110 12.35443020 1.11200643
v 2.60386229 12.35443020 1.28408277
v 2.68195820 12.75949383 1.11090350
v 2.60110140 12.75949383 1.28272128
v 2.51251292 12.35443020 1.45060003
v 2.50962710 12.75949383 1.44893396
v 2.67960763 13.16455650 1.10992980
v 2.59865236 13.16455650 1.28151345
v 2.67757702 13.56962013 1.10908866
v 2.67587304 13.97468376 1.10838294
v 2.59652328 13.56962013 1.28046358
v 2.59472275 13.97468376 1.27957571
v 2.50704575 13.16455650 1.44744349
v 2.50477791 13.56962013 1.44613421
v 2.50283289 13.97468376 1.44501126
v 2.80161357 14.37974644 0.75069010
v 2.80054045 14.78481007 0.75040257
v 2.74415922 14.37974644 0.93151653
v 2.74314713 14.78481007 0.93117303
v 2.79978824 15.18987370 0.75020099
v 2.79936123 15.59493637 0.75008661
v 2.79926467 16.00000000 0.75006074
v 2.74247169 15.18987370 0.93094373
v 2.74213791 15.59493637 0.93083042
v 2.74215126 16.00000000 0.93083489
v 2.67450285 14.37974644 1.10781538
v 2.59325838 14.37974644 1.27885342
v 2.67347312 14.78481007 1.10738873
v 2.59213734 14.78481007 1.27830076
v 2.50121927 14.37974644 1.44407964
v 2.49994588 14.78481007 1.44334447
v 2.67278981 15.18987370 1.10710585
v 2.59136748 15.18987370 1.27792108
v 2.67245960 15.59493637 1.10696900
v 2.67248845 16.00000000 1.10698092
v 2.59095573 15.59493637 1.27771795
v 2.59090877 16.00000000 1.27769482
v 2.49902081 15.18987370 1.44281042
v 2.49845219 15.59493637 1.44248199
v 2.49824762 16.00000000 1.44236398
v 2.96007991 8.30379772 0.00000000
v 2.95506048 8.70886040 0.00000000
v 2.95119119 8.30379772 0.19343129
v 2.94617724 8.70886040 0.19310266
v 2.95020032 9.11392403 0.00000000
v 2.94550371 9.51898766 0.00000000
v 2.94097471 9.92405033 0.00000000
v 2.94134784 9.11392403 0.19278611
v 2.93226218 9.92405033 0.19219060
v 2.93670774 9.51898766 0.19248199
v 2.93035841 8.30379772 0.38578901
v 2.92530441 8.70886040 0.38512364
v 2.89745665 8.30379772 0.57633996
v 2.89233732 8.70886040 0.57532167
v 2.92045546 9.11392403 0.38448524
v 2.91581702 9.51898766 0.38387460
v 2.91139460 9.92405033 0.38329238
v 2.88743734 9.11392403 0.57434702
v 2.88276362 9.51898766 0.57341731
v 2.87832212 9.92405033 0.57253385
v 2.93661785 10.32911396 0.00000000
v 2.93243766 10.73417759 0.00000000
v 2.92801523 10.32911396 0.19191226
v 2.92397189 10.73417759 0.19164725
v 2.92843795 11.13924026 0.00000000
v 2.92462349 11.54430389 0.00000000
v 2.92099857 11.94936752 0.00000000
v 2.92013669 11.13924026 0.19139586
v 2.91651416 11.54430389 0.19115843
v 2.91310859 11.94936752 0.19093522
v 2.90719342 10.32911396 0.38273928
v 2.90321898 10.73417759 0.38221604
v 2.87411928 10.32911396 0.57169789
v 2.87016106 10.73417759 0.57091051
v 2.89947629 11.13924026 0.38172328
v 2.89597011 11.54430389 0.38126168
v 2.89270520 11.94936752 0.38083187
v 2.86645341 11.13924026 0.57017303
v 2.86300182 11.54430389 0.56948644
v 2.85981178 11.94936752 0.56885189
v 2.85243821 8.30379772 0.76430851
v 2.84724355 8.70886040 0.76291662
v 2.84227657 9.11392403 0.76158571
v 2.83754492 9.51898766 0.76031786
v 2.83305621 9.92405033 0.75911510
v 2.82881761 10.32911396 0.75797939
v 2.82483578 10.73417759 0.75691247
v 2.82111812 11.13924026 0.75591630
v 2.81767035 11.54430389 0.75499254
v 2.81449962 11.94936752 0.75414288
v 2.91756773 12.35443020 0.00000000
v 2.91433501 12.75949383 0.00000000
v 2.90992451 12.35443020 0.19072652
v 2.90696621 12.75949383 0.19053264
v 2.91130567 13.16455650 0.00000000
v 2.90848351 13.56962013 0.00000000
v 2.90587401 13.97468376 0.00000000
v 2.90423846 13.16455650 0.19035384
v 2.90174556 13.56962013 0.19019045
v 2.89949179 13.97468376 0.19004273
v 2.88968658 12.35443020 0.38043445
v 2.88691902 12.75949383 0.38007009
v 2.85688853 12.35443020 0.56827044
v 2.85423756 12.75949383 0.56774318
v 2.88440681 13.16455650 0.37973934
v 2.88215446 13.56962013 0.37944284
v 2.88016701 13.97468376 0.37918118
v 2.85186386 13.16455650 0.56727099
v 2.84977221 13.56962013 0.56685489
v 2.84796739 13.97468376 0.56649595
v 2.90348148 14.37974644 0.00000000
v 2.90131068 14.78481007 0.00000000
v 2.89748168 14.37974644 0.18991098
v 2.89571977 14.78481007 0.18979551
v 2.89936709 15.18987370 0.00000000
v 2.89765549 15.59493637 0.00000000
v 2.89618087 16.00000000 0.00000000
v 2.89421082 15.18987370 0.18969660
v 2.89295888 15.59493637 0.18961453
v 2.89196897 16.00000000 0.18954965
v 2.87844825 14.37974644 0.37895492
v 2.87700295 14.78481007 0.37876463
v 2.84645438 14.37974644 0.56619501
v 2.84523773 14.78481007 0.56595296
v 2.87583566 15.18987370 0.37861094
v 2.87495041 15.59493637 0.37849441
v 2.87435174 16.00000000 0.37841558
v 2.84432197 15.18987370 0.56577080
v 2.84371138 15.59493637 0.56564933
v 2.84341049 16.00000000 0.56558955
v 2.81161141 12.35443020 0.75336903
v 2.80901194 12.75949383 0.75267249
v 2.80670691 13.16455650 0.75205487
v 2.45508051 8.30379772 1.64043236
v 2.44978023 8.70886040 1.63689077
v 2.34479022 8.30379772 1.79922068
v 2.33962512 8.70886040 1.79525745
v 2.44465446 9.11392403 1.63346577
v 2.43971539 9.51898766 1.63016570
v 2.43497586 9.92405033 1.62699878
v 2.33460736 9.11392403 1.79140723
v 2.32975006 9.51898766 1.78768003
v 2.32506585 9.92405033 1.78408575
v 2.22544909 8.30379772 1.95166659
v 2.09732199 8.30379772 2.09732199
v 2.22051477 8.70886040 1.94733906
v 2.09272909 8.70886040 2.09272909
v 1.96048951 8.30379772 2.23550987
v 1.95635784 8.70886040 2.23079848
v 2.21569729 9.11392403 1.94311428
v 2.08822155 9.11392403 2.08822155
v 2.21100974 9.51898766 1.93900359
v 2.20646524 9.92405033 1.93501818
v 2.08381176 9.51898766 2.08381176
v 2.07951212 9.92405033 2.07951212
v 1.95227957 9.11392403 2.22614813
v 1.94826663 9.51898766 2.22157216
v 1.94433081 9.92405033 2.21708441
v 2.43044758 10.32911396 1.62397313
v 2.42614269 10.73417759 1.62109673
v 2.32056713 10.32911396 1.78063381
v 2.31626654 10.73417759 1.77733386
v 2.42207289 11.13924026 1.61837745
v 2.41824961 11.54430389 1.61582267
v 2.41468382 11.94936752 1.61344016
v 2.31217623 11.13924026 1.77419531
v 2.30830836 11.54430389 1.77122736
v 2.30467463 11.94936752 1.76843905
v 2.20207644 10.32911396 1.93116927
v 2.07533550 10.32911396 2.07533550
v 2.19785595 10.73417759 1.92746782
v 2.07129407 10.73417759 2.07129407
v 1.94048429 10.32911396 2.21269822
v 1.93673885 10.73417759 2.20842743
v 2.19381595 11.13924026 1.92392492
v 2.06740022 11.13924026 2.06740022
v 2.18996906 11.54430389 1.92055130
v 2.18632746 11.94936752 1.91735768
v 2.06366658 11.54430389 2.06366658
v 2.06010485 11.94936752 2.06010485
v 1.93310642 11.13924026 2.20428538
v 1.92959893 11.54430389 2.20028591
v 1.92622817 11.94936752 2.19644213
v 1.66046894 8.30379772 2.48506737
v 1.65758657 8.70886040 2.48075366
v 1.49721611 8.30379772 2.59325457
v 1.32541788 8.30379772 2.68768167
v 1.49506867 8.70886040 2.58953500
v 1.32401872 8.70886040 2.68484449
v 1.65470314 9.11392403 2.47643828
v 1.64897120 9.92405033 2.46785975
v 1.65182817 9.51898766 2.47213554
v 1.49290121 9.11392403 2.58578086
v 1.32258785 9.11392403 2.68194294
v 1.49072158 9.51898766 2.58200550
v 1.48853779 9.92405033 2.57822299
v 1.32113123 9.51898766 2.67898917
v 1.31965542 9.92405033 2.67599654
v 0.76798481 8.30379772 2.86615825
v 0.95936978 8.30379772 2.82621217
v 0.76832068 8.70886040 2.86741185
v 0.95927095 8.70886040 2.82592106
v 1.14574647 8.30379772 2.76607680
v 1.14505076 8.70886040 2.76439714
v 0.95913893 9.11392403 2.82553220
v 0.76863140 9.11392403 2.86857152
v 0.95897645 9.51898766 2.82505369
v 0.95878667 9.92405033 2.82449436
v 0.76891851 9.51898766 2.86964297
v 0.76918352 9.92405033 2.87063193
v 1.14431894 9.11392403 2.76263046
v 1.14355564 9.51898766 2.76078749
v 1.14276540 9.92405033 2.75887966
v 1.64614189 10.32911396 2.46362543
v 1.64335024 10.73417759 2.45944738
v 1.48635805 10.32911396 2.57444763
v 1.31816673 10.32911396 2.67297769
v 1.48419082 10.73417759 2.57069397
v 1.31667197 10.73417759 2.66994643
v 1.64060593 11.13924026 2.45534039
v 1.63791919 11.54430389 2.45131946
v 1.63530004 11.94936752 2.44739938
v 1.48204434 11.13924026 2.56697607
v 1.31517792 11.13924026 2.66691685
v 1.47992742 11.54430389 2.56330943
v 1.47784865 11.94936752 2.55970907
v 1.31369162 11.54430389 2.66390300
v 1.31222022 11.94936752 2.66091919
v 0.95857257 10.32911396 2.82386374
v 0.76942831 10.32911396 2.87154555
v 0.95833772 10.73417759 2.82317185
v 0.76965481 10.73417759 2.87239075
v 1.14195299 10.32911396 2.75691819
v 1.14112329 10.73417759 2.75491548
v 0.95808554 11.13924026 2.82242894
v 0.76986510 11.13924026 2.87317562
v 0.95781976 11.54430389 2.82164598
v 0.95754427 11.94936752 2.82083464
v 0.77006149 11.54430389 2.87390852
v 0.77024639 11.94936752 2.87459850
v 1.14028180 11.13924026 2.75288367
v 1.13858414 11.94936752 2.74878526
v 1.13943350 11.54430389 2.75083590
v 1.81490004 8.30379772 2.36522388
v 1.81134474 8.70886040 2.36059046
v 1.80781341 9.11392403 2.35598826
v 1.80431700 9.51898766 2.35143161
v 1.80086625 9.92405033 2.34693456
v 1.79747236 10.32911396 2.34251165
v 1.79414630 10.73417759 2.33817697
v 1.79089904 11.13924026 2.33394504
v 1.78774178 11.54430389 2.32983041
v 1.78468561 11.94936752 2.32584763
v 1.77623487 13.16455650 2.31483436
v 1.77369416 13.56962013 2.31152320
v 1.77130997 13.97468376 2.30841613
v 1.76909316 14.37974644 2.30552721
v 1.76705468 14.78481007 2.30287051
v 1.76520538 15.18987370 2.30046058
v 1.76355600 15.59493637 2.29831076
v 1.76211703 16.00000000 2.29643559
v 2.29271030 13.56962013 1.75925851
v 2.29041719 13.97468376 1.75749886
v 2.17161083 13.97468376 1.90445161
v 2.41138673 12.35443020 1.61123717
v 2.40836906 12.75949383 1.60922074
v 2.30128670 12.35443020 1.76583946
v 2.29815602 12.75949383 1.76343703
v 2.40564108 13.16455650 1.60739803
v 2.40321326 13.56962013 1.60577583
v 2.40109539 13.97468376 1.60436070
v 2.29529333 13.16455650 1.76124060
v 2.18290281 12.35443020 1.91435444
v 2.05672741 12.35443020 2.05672741
v 2.17970753 12.75949383 1.91155207
v 2.05354619 12.75949383 2.05354619
v 1.92300582 12.35443020 2.19276786
v 1.91994381 12.75949383 2.18927622
v 2.17675257 13.16455650 1.90896082
v 2.05057287 13.16455650 2.05057287
v 2.17405009 13.56962013 1.90659070
v 2.04781914 13.56962013 2.04781914
v 2.04529643 13.97468376 2.04529643
v 1.91705358 13.16455650 2.18598080
v 1.91434681 13.56962013 2.18289423
v 1.91183484 13.97468376 2.18002987
v 2.28842449 14.37974644 1.75596988
v 2.16944599 14.37974644 1.90255320
v 2.28674269 14.78481007 1.75467944
v 2.16756678 14.78481007 1.90090501
v 2.28538179 15.18987370 1.75363505
v 2.16598320 15.18987370 1.89951634
v 2.28435135 15.59493637 1.75284433
v 2.28366089 16.00000000 1.75231469
v 2.16470647 15.59493637 1.89839661
v 2.16374612 16.00000000 1.89755440
v 2.39929724 14.37974644 1.60315907
v 2.39782810 14.78481007 1.60217750
v 2.39669728 15.18987370 1.60142195
v 2.39591408 15.59493637 1.60089850
v 2.39548659 16.00000000 1.60061300
v 2.04301643 14.37974644 2.04301643
v 2.04099011 14.78481007 2.04099011
v 1.90952909 14.37974644 2.17740059
v 1.90744066 14.78481007 2.17501926
v 2.03654337 16.00000000 2.03654337
v 2.03922868 15.18987370 2.03922868
v 2.03774285 15.59493637 2.03774285
v 1.90558088 15.18987370 2.17289853
v 1.90396047 15.59493637 2.17105079
v 1.90259051 16.00000000 2.16948867
v 1.63275850 12.35443020 2.44359565
v 1.77892113 12.75949383 2.31833506
v 1.63030469 12.75949383 2.43992329
v 1.47581697 12.35443020 2.55618978
v 1.31077099 12.35443020 2.65798068
v 1.47384107 12.75949383 2.55276752
v 1.30935133 12.75949383 2.65510178
v 1.62794888 13.16455650 2.43639755
v 1.62570119 13.56962013 2.43303370
v 1.62357199 13.97468376 2.42984724
v 1.47193003 13.16455650 2.54945755
v 1.30796885 13.16455650 2.65229845
v 1.47009289 13.56962013 2.54627562
v 1.46833873 13.97468376 2.54323745
v 1.30663109 13.56962013 2.64958572
v 1.30534577 13.97468376 2.64697933
v 0.95726317 12.35443020 2.82000637
v 0.77042234 12.35443020 2.87525535
v 0.95698053 12.75949383 2.81917381
v 0.77059203 12.75949383 2.87588859
v 1.13773918 12.35443020 2.74674535
v 1.13690460 12.75949383 2.74473047
v 0.95670074 13.16455650 2.81834960
v 0.77075833 13.16455650 2.87650919
v 0.95642823 13.56962013 2.81754661
v 0.95616758 13.97468376 2.81677890
v 0.77092409 13.56962013 2.87712789
v 0.77109253 13.97468376 2.87775660
v 1.13608623 13.16455650 2.74275470
v 1.13529003 13.56962013 2.74083281
v 1.13452244 13.97468376 2.73897934
v 1.62157130 14.37974644 2.42685294
v 1.61970949 14.78481007 2.42406654
v 1.46667671 14.37974644 2.54035854
v 1.30412066 14.37974644 2.64449501
v 1.46511602 14.78481007 2.53765535
v 1.30296361 14.78481007 2.64214873
v 1.61799669 15.18987370 2.42150307
v 1.61505830 16.00000000 2.41710567
v 1.61644292 15.59493637 2.41917777
v 1.46366572 15.18987370 2.53514338
v 1.30188262 15.18987370 2.63995671
v 1.46233511 15.59493637 2.53283882
v 1.46113348 16.00000000 2.53075743
v 1.30088568 15.59493637 2.63793516
v 1.29998076 16.00000000 2.63610005
v 0.95592356 14.37974644 2.81606007
v 0.77126682 14.37974644 2.87840700
v 0.95570087 14.78481007 2.81540394
v 0.77145022 14.78481007 2.87909126
v 1.13378942 14.37974644 2.73720980
v 1.13309753 14.78481007 2.73553944
v 0.95550454 15.18987370 2.81482553
v 0.77164614 15.18987370 2.87982249
v 0.95533955 15.59493637 2.81433964
v 0.95521104 16.00000000 2.81396079
v 0.77185810 15.59493637 2.88061380
v 0.77208978 16.00000000 2.88147831
v 1.13245332 15.18987370 2.73398399
v 1.13186312 15.59493637 2.73255920
v 1.13133371 16.00000000 2.73128104
v 1.78174162 12.35443020 2.32201099
v 4.87547350 2.22372603 -0.97488689
v 4.88301229 2.95057154 -1.13067961
v 4.96993923 2.82642674 -1.08561671
v 4.92590332 2.88931656 -1.10714042
v 5.01561928 2.76118898 -1.06522417
v 5.11267853 2.62257409 -1.02202189
v 5.06320953 2.69322300 -1.04459894
v 5.21545124 2.47579956 -0.96340364
v 5.16365910 2.54976583 -0.99558812
v 5.05615568 3.44090915 -1.24290049
v 5.10095787 3.37692499 -1.21208644
v 4.90966034 3.65012598 -1.32122540
v 4.96059465 3.57738423 -1.29900467
v 5.00942993 3.50764060 -1.27238798
v 5.14421463 3.31514764 -1.18137646
v 5.20328379 3.96840048 -1.33849108
v 5.25616407 3.89287972 -1.32202923
v 5.30713892 3.82008028 -1.29954779
v 5.35599422 3.75030756 -1.27242219
v 5.22838974 3.19493318 -1.12458491
v 5.18647146 3.25479865 -1.15194607
v 5.27067471 3.13454390 -1.09959400
v 5.31398916 3.07268453 -1.07672715
v 5.35886049 3.00860190 -1.05518878
v 5.40559435 2.94185925 -1.03369272
v 5.45420647 2.87243366 -1.01057863
v 5.50438213 2.80077505 -0.98397559
v 5.40269279 3.68361521 -1.24217236
v 5.44739151 3.61977863 -1.21035588
v 5.49044371 3.55829358 -1.17843640
v 5.70255852 3.99297452 -1.27259231
v 5.74923706 3.92631054 -1.24164224
v 5.79384422 3.86260462 -1.20888090
v 5.83670759 3.80138993 -1.17580187
v 5.53237438 3.49840999 -1.14764273
v 5.57383490 3.43919873 -1.11883557
v 5.61553001 3.37965178 -1.09240031
v 5.65813637 3.31880379 -1.06818128
v 5.74808598 3.19034219 -1.02306676
v 5.70220709 3.25586414 -1.04547238
v 5.79583597 3.12214851 -0.99936593
v 5.84519291 3.05165935 -0.97253692
v 5.87833071 3.74194598 -1.14368391
v 6.09069872 3.43865252 -1.01275611
v 6.13758278 3.37169528 -0.98842072
v 5.91935158 3.68336153 -1.11345637
v 5.96047544 3.62463069 -1.08558667
v 6.00238895 3.56477189 -1.06000924
v 6.04567003 3.50296021 -1.03610766
v 6.18611002 3.30239129 -0.96131027
v 6.22434282 3.98540139 -1.14009178
v 6.26494551 3.92741466 -1.10847127
v 6.30551767 3.86947155 -1.07917941
v 6.38926029 3.74987483 -1.02712607
v 6.34675598 3.81057739 -1.05224001
v 6.43344545 3.68677187 -1.00279462
v 6.47946358 3.62105131 -0.97777873
v 6.73298740 3.99659371 -1.01855814
v 6.77633810 3.93468213 -0.99321485
v 6.82149267 3.87019515 -0.96747428
v 5.06908274 1.94722319 -0.75773442
v 5.10697174 1.89311171 -0.67979723
v 5.13849354 1.84809434 -0.59375381
v 5.16306877 1.81299734 -0.50113428
v 5.18050671 1.78809309 -0.40371808
v 5.19100666 1.77309799 -0.30334178
v 5.19511271 1.76723373 -0.20171283
v 4.92760324 2.14927673 -0.93465745
v 4.97814465 2.07709646 -0.88540983
v 5.02574682 2.00911307 -0.82645732
v 5.26705742 2.40209818 -0.92378616
v 5.31726074 2.33040047 -0.87544566
v 5.36472750 2.26261067 -0.81762284
v 5.55547190 2.72781134 -0.95199549
v 5.60652351 2.65490246 -0.91293323
v 5.65635300 2.58373833 -0.86544991
v 5.70364666 2.51619601 -0.80871677
v 5.40813017 2.20062542 -0.75016797
v 5.44627047 2.14615536 -0.67355025
v 5.47819471 2.10056281 -0.58879763
v 5.74707842 2.45416927 -0.74250185
v 5.78543520 2.39938974 -0.66718853
v 5.81773329 2.35326338 -0.58372396
v 5.50328016 2.06473732 -0.49737445
v 5.52128410 2.03902459 -0.40101475
v 5.84330654 2.31674099 -0.49350533
v 5.86186314 2.29023957 -0.39821866
v 5.53235435 2.02321482 -0.30153278
v 5.53698778 2.01659727 -0.20063657
v 5.87349844 2.27362299 -0.29965299
v 5.87866163 2.26624846 -0.19951406
v 5.89555836 2.97972965 -0.94070190
v 5.94602680 2.90765357 -0.90213722
v 5.99544954 2.83707070 -0.85545915
v 6.04253340 2.76982784 -0.79977292
v 6.08595800 2.70781112 -0.73476660
v 6.12449789 2.65277052 -0.66073853
v 6.15714025 2.60615230 -0.57855517
v 6.23573303 3.23152256 -0.92956108
v 6.28559160 3.16031671 -0.89143562
v 6.33457613 3.09035969 -0.84550929
v 6.38141632 3.02346492 -0.79082459
v 6.42479849 2.96150851 -0.72699213
v 6.46348810 2.90625429 -0.65422660
v 6.49644613 2.85918546 -0.57331336
v 6.57601595 3.48316002 -0.91861016
v 6.62524223 3.41285729 -0.88086486
v 6.52715254 3.55294442 -0.95033228
v 6.67375946 3.34356761 -0.83563524
v 6.72032356 3.27706742 -0.78190452
v 6.86833763 3.80329370 -0.93963850
v 6.76362991 3.21521950 -0.71920824
v 6.80243683 3.15979767 -0.64767873
v 6.83568144 3.11231923 -0.56802058
v 6.18317890 2.56896520 -0.48954484
v 6.20227289 2.54169607 -0.39534354
v 6.21446657 2.52428198 -0.29771230
v 6.22016144 2.51614904 -0.19835152
v 6.52292728 2.82136655 -0.48551098
v 6.54254341 2.79335165 -0.39240327
v 6.55528736 2.77515125 -0.29572058
v 6.56151342 2.76625967 -0.19715518
v 6.86258173 3.07390141 -0.48142171
v 6.88270378 3.04516435 -0.38941169
v 6.89598989 3.02618957 -0.29368776
v 6.90274620 3.01654100 -0.19593139
v 4.98123360 4.28552151 -1.32491434
v 4.87159824 4.44209623 -1.26391089
v 4.92580652 4.36467934 -1.29905438
v 5.03727627 4.20548391 -1.34150028
v 5.09334135 4.12541437 -1.34899187
v 5.14885521 4.04613256 -1.34777784
v 5.21899319 4.68357706 -1.26174355
v 5.32804871 4.52783012 -1.32402766
v 5.27287340 4.60662842 -1.29753709
v 5.16701889 4.75780439 -1.21680188
v 5.11756372 4.82843399 -1.16298175
v 5.07124376 4.89458561 -1.10066390
v 5.02866936 4.95538759 -1.03035045
v 5.38391352 4.44804668 -1.34119427
v 5.43986845 4.36813450 -1.34918308
v 5.49533176 4.28892469 -1.34834647
v 5.54975796 4.21119595 -1.33927977
v 5.60266685 4.13563442 -1.32284391
v 5.62000751 4.84848166 -1.29581654
v 5.51491785 4.99856520 -1.21376967
v 5.56647158 4.92493916 -1.25935936
v 5.65367985 4.06278038 -1.30016363
v 5.73058701 4.69055796 -1.34073436
v 5.67491531 4.77006531 -1.32295859
v 5.78641844 4.61082172 -1.34925652
v 5.84182024 4.53170013 -1.34884083
v 5.46595812 5.06848717 -1.15934324
v 5.86290026 5.23920631 -1.21054673
v 5.42020369 5.13383055 -1.09648669
v 5.37825727 5.19373655 -1.02572751
v 5.81444836 5.30840349 -1.15551472
v 5.76926899 5.37292576 -1.09212625
v 5.72795677 5.43192625 -1.02093410
v 5.89623499 4.45398760 -1.34004450
v 5.94916725 4.37839270 -1.32369101
v 6.00021744 4.30548525 -1.30087221
v 6.04912281 4.23564148 -1.27291775
v 6.09578943 4.16899443 -1.24132943
v 6.14031792 4.10540104 -1.20768130
v 6.07729006 4.93302631 -1.34014928
v 6.13298607 4.85348415 -1.34923935
v 6.39568710 4.47830820 -1.27341890
v 6.18300819 4.04443312 -1.17349339
v 6.24271202 4.69677925 -1.34080935
v 6.18831635 4.77446461 -1.34928656
v 6.29566336 4.62115717 -1.32459295
v 6.34675074 4.54819632 -1.30169499
v 5.96719837 5.09025383 -1.29392385
v 6.02182484 5.01223850 -1.32173717
v 5.91402054 5.16619968 -1.25679028
v 6.36876917 5.25436306 -1.32039452
v 6.31443596 5.33195925 -1.29189098
v 6.26162767 5.40737724 -1.25406909
v 6.21095276 5.47974873 -1.20716608
v 6.11842108 5.61189747 -1.08761537
v 6.07774687 5.66998625 -1.01600218
v 6.16301727 5.54820728 -1.15152919
v 6.44235086 4.41166544 -1.24125361
v 6.48681402 4.34816551 -1.20677674
v 6.52934885 4.28741980 -1.17153168
v 6.58918619 4.93957472 -1.34159958
v 6.64215374 4.86392975 -1.32557344
v 6.74225140 4.72097540 -1.27411687
v 6.69327927 4.79091501 -1.30265403
v 6.78892231 4.65432262 -1.24143529
v 6.83333397 4.59089565 -1.20618773
v 6.87573147 4.53034639 -1.16993737
v 6.57041454 4.22877169 -1.13688815
v 6.65066242 4.11416578 -1.07320440
v 6.61062050 4.17135191 -1.10390377
v 6.69124460 4.05620861 -1.04490149
v 6.42401600 5.17546225 -1.33946896
v 6.47956610 5.09612894 -1.34916008
v 6.53481531 5.01722479 -1.34971046
v 6.60928011 5.64848995 -1.25122941
v 6.55905962 5.72021294 -1.20366168
v 6.71573830 5.49645185 -1.31896293
v 6.77075768 5.41787672 -1.33872426
v 6.82615185 5.33876467 -1.34904826
v 6.88131332 5.25998592 -1.35014069
v 6.66170883 5.57361412 -1.28975117
v 6.90720510 5.96062088 -1.20006824
v 6.51164818 5.78792286 -1.14742053
v 6.46763992 5.85077381 -1.08298743
v 6.42760611 5.90794706 -1.01096404
v 6.86032391 6.02757454 -1.14322305
v 6.81690645 6.08958101 -1.07827604
v 6.77751398 6.14583969 -1.00585246
v 4.95706177 5.05765438 -0.86845458
v 4.99042940 5.01000023 -0.95268184
v 4.92901993 5.09770203 -0.77862817
v 5.34069395 5.24738264 -0.94773179
v 5.30803394 5.29402590 -0.86331964
v 5.28070831 5.33305120 -0.77347046
v 4.90663338 5.12967300 -0.68431461
v 4.89007044 5.15332747 -0.58674562
v 5.25901890 5.36402702 -0.67931002
v 5.24310255 5.38675737 -0.58207488
v 5.69107246 5.48460245 -0.94262898
v 5.65911865 5.53023720 -0.85805374
v 5.63250208 5.56824970 -0.76820648
v 5.61149740 5.59824753 -0.67422509
v 5.59621096 5.62007856 -0.57734913
v 4.87930775 5.16869831 -0.48721656
v 4.87411642 5.17611265 -0.38701108
v 5.23290539 5.40132046 -0.48305413
v 5.22816801 5.40808630 -0.38351324
v 4.87406683 5.17618322 -0.28731519
v 4.87855768 5.16976929 -0.18913215
v 5.22843647 5.40770292 -0.28460836
v 5.23309135 5.40105534 -0.18730301
v 5.58655691 5.63386583 -0.47885969
v 5.58224773 5.64001989 -0.38000229
v 5.58280563 5.63922358 -0.28190172
v 5.58759451 5.63238430 -0.18548077
v 6.01029062 5.76632357 -0.85268593
v 6.04154253 5.72169161 -0.93740416
v 5.98437500 5.80333519 -0.76286310
v 6.39208031 5.95868349 -0.93208826
v 5.96404123 5.83237505 -0.66908413
v 5.94936562 5.85333347 -0.57258976
v 5.94023228 5.86637735 -0.47465140
v 5.93632460 5.87195778 -0.37649280
v 5.93714285 5.87078953 -0.27920610
v 5.94203663 5.86380053 -0.18367261
v 6.36152506 6.00232077 -0.84724545
v 6.33629942 6.03834677 -0.75746733
v 6.31662178 6.06644964 -0.66391140
v 6.30253744 6.08656359 -0.56781811
v 6.74266291 6.19561148 -0.92671251
v 6.71279716 6.23826456 -0.84176153
v 6.68824959 6.27332211 -0.75204611
v 6.66921139 6.30051184 -0.65873122
v 6.65569735 6.31981182 -0.56305522
v 6.29390049 6.09889889 -0.47044709
v 6.29036760 6.10394430 -0.37299910
v 6.29141760 6.10244465 -0.27653220
v 6.29638720 6.09534740 -0.18188545
v 6.64753199 6.33147287 -0.46626458
v 6.64434671 6.33602190 -0.36953536
v 6.64559937 6.33423281 -0.27389053
v 6.65061617 6.32706833 -0.18012616
v 6.91642857 3.73461246 -0.90788496
v 6.96500206 3.66524267 -0.87046045
v 7.01302528 3.59665799 -0.82587123
v 7.05928230 3.53059602 -0.77304465
v 7.25699043 3.98585153 -0.89742035
v 7.30489254 3.91744041 -0.86025691
v 7.35239840 3.84959531 -0.81625056
v 7.39831972 3.78401232 -0.76427644
v 7.10248089 3.46890235 -0.71144396
v 7.14137316 3.41335821 -0.64112061
v 7.17487669 3.36551070 -0.56269884
v 7.44137955 3.72251678 -0.70372808
v 7.48032761 3.66689348 -0.63457775
v 7.51406145 3.61871624 -0.55736977
v 7.78035450 3.97602272 -0.69608855
v 7.81932831 3.92036200 -0.62807500
v 7.85326624 3.87189412 -0.55205488
v 7.20217323 3.32652688 -0.47729489
v 7.22278404 3.29709125 -0.38638267
v 7.23660326 3.27735591 -0.29162386
v 7.24388647 3.26695371 -0.19468650
v 7.54173088 3.57920003 -0.47314838
v 7.56281424 3.54909039 -0.38333008
v 7.88128567 3.83187795 -0.46899986
v 7.90282297 3.80111909 -0.38026777
v 7.57715511 3.52860904 -0.28953895
v 7.58496332 3.51745796 -0.19342694
v 7.91767597 3.77990723 -0.28744298
v 7.92600393 3.76801324 -0.19215912
v 7.08881569 4.96364212 -1.27503395
v 7.13550377 4.89696455 -1.24189579
v 7.17987919 4.83359003 -1.20593488
v 7.22215796 4.77320957 -1.16873133
v 6.91654968 4.47205162 -1.13409460
v 6.95638132 4.41516638 -1.09977698
v 6.99591589 4.35870504 -1.06768656
v 7.03586245 4.30165529 -1.03802097
v 7.07686090 4.24310350 -1.01043320
v 7.16368484 4.11910629 -0.95754045
v 7.11938953 4.18236637 -0.98404825
v 7.42089081 4.48938990 -1.00277948
v 7.26275110 4.71523714 -1.13173270
v 7.34128332 4.60308075 -1.06265020
v 7.30223227 4.65885162 -1.09611368
v 7.38061762 4.54690599 -1.03162479
v 6.93565464 5.18237877 -1.34244156
v 6.98863602 5.10671329 -1.32665730
v 7.03980160 5.03364182 -1.30377269
v 7.00900602 5.81523466 -1.28753853
v 7.06272316 5.73851824 -1.31747580
v 7.11750603 5.66028023 -1.33794785
v 6.95696497 5.88955688 -1.24830592
v 7.28211403 5.42519617 -1.34336329
v 7.33510876 5.34951115 -1.32787061
v 7.38631678 5.27637863 -1.30507576
v 7.17273855 5.58140039 -1.34893513
v 7.22780609 5.50275517 -1.35060668
v 7.40971422 5.98057604 -1.31596756
v 7.46261072 4.42980766 -0.97532511
v 7.60902214 4.95832300 -1.12982428
v 7.64817810 4.90240192 -1.09293675
v 7.68677139 4.84728527 -1.05811942
v 7.76508570 4.73544073 -0.99562478
v 7.80601311 4.67699051 -0.96707481
v 7.72551680 4.79195070 -1.02573848
v 7.43537998 5.20630932 -1.27619302
v 7.48209667 5.13959074 -1.24265718
v 7.52645159 5.07624578 -1.20603979
v 7.56863165 5.01600647 -1.16793489
v 7.46425486 5.90268421 -1.33717310
v 7.51931858 5.82404423 -1.34885275
v 7.57428885 5.74553919 -1.35113931
v 7.62856054 5.66803074 -1.34439373
v 7.78194427 5.44897604 -1.27761841
v 7.82870197 5.38219976 -1.24374247
v 7.87305260 5.31886053 -1.20652473
v 7.91515398 5.25873280 -1.16756999
v 7.68156958 5.59232616 -1.32924092
v 7.73282433 5.51912689 -1.30658865
v 7.92075586 5.98834467 -1.35177052
v 7.35631514 6.05683756 -1.28528845
v 7.25537443 6.20099592 -1.19642127
v 7.30466843 6.13059711 -1.24533415
v 7.16620111 6.32834864 -1.07351542
v 7.12744808 6.38369417 -1.00070024
v 7.20902681 6.26718760 -1.13897192
v 7.65237617 6.37163115 -1.24235034
v 7.60355186 6.44135952 -1.19275677
v 7.75670099 6.22263956 -1.31447387
v 7.70362520 6.29843950 -1.28303671
v 7.86588669 6.06670618 -1.34883463
v 7.81099463 6.14510059 -1.33643460
v 7.51550436 6.56710386 -1.06874025
v 7.55773878 6.50678730 -1.13470256
v 7.47738695 6.62154150 -0.99554074
v 7.90644169 6.74639988 -1.13045084
v 7.86479616 6.80587578 -1.06398511
v 7.82730865 6.85941362 -0.99040717
v 8.10945511 4.98124266 -0.98899567
v 8.14960766 4.92389870 -0.95932585
v 7.97499132 5.91088867 -1.34556329
v 8.02801704 5.83516073 -1.33079672
v 8.12850857 5.69164324 -1.27933562
v 8.07932281 5.76188803 -1.30833852
v 8.17531967 5.62478971 -1.24517572
v 8.21968365 5.56143141 -1.20741260
v 8.26172829 5.50138521 -1.16765893
v 7.95536613 5.20130444 -1.12839115
v 7.99422312 5.14581108 -1.09026849
v 8.03238487 5.09131002 -1.05411792
v 8.07056808 5.03677940 -1.02038741
v 8.30178642 5.44417667 -1.12745595
v 8.34037113 5.38907194 -1.08813190
v 8.37812996 5.33514690 -1.05066943
v 8.41577721 5.28138161 -1.01559627
v 8.47507286 5.93430996 -1.28137112
v 8.52195263 5.86735964 -1.24698198
v 8.56634712 5.80395699 -1.20872736
v 8.60835743 5.74395990 -1.16822505
v 8.95504379 5.98645306 -1.16929221
v 8.45400620 5.22678375 -0.98291850
v 8.64828777 5.68693447 -1.12704134
v 8.68662739 5.63217878 -1.08655000
v 8.79874992 5.47205162 -0.97741896
v 8.72401237 5.57878828 -1.04779732
v 8.76115131 5.52574778 -1.01138961
v 8.10367393 6.46472359 -1.31303096
v 8.15771675 6.38754129 -1.33576810
v 8.05092335 6.54005814 -1.28082037
v 8.00007439 6.61267853 -1.23939121
v 7.95172071 6.68173504 -1.18911135
v 8.26720333 6.23117924 -1.35253346
v 8.32140255 6.15377378 -1.34690368
v 8.21243572 6.30939579 -1.34891546
v 8.37444687 6.07801867 -1.33256805
v 8.42581177 6.00466299 -1.31035340
v 8.45062065 6.70684338 -1.31167638
v 8.39819813 6.78171158 -1.27867687
v 8.29986477 6.92214584 -1.18552208
v 8.34774876 6.85375977 -1.23649454
v 8.25511742 6.98605156 -1.12625301
v 8.17719173 7.09734106 -0.98533297
v 8.21405602 7.04469252 -1.05928516
v 8.61362457 6.47405005 -1.35346270
v 8.66779137 6.39669228 -1.34844780
v 8.50441360 6.63001919 -1.33521020
v 8.55895805 6.55212259 -1.34913075
v 8.77228928 6.24745417 -1.31266308
v 8.82163715 6.17697716 -1.28375256
v 8.72085953 6.32090330 -1.33458614
v 8.86859989 6.10990810 -1.24918747
v 8.91304493 6.04643345 -1.21049392
v 8.79753304 6.94901419 -1.31044805
v 8.96001530 6.71696520 -1.35459375
v 8.85107613 6.87254620 -1.33479857
v 8.90544701 6.79489708 -1.34951746
v 8.69538498 7.09489632 -1.23369801
v 8.64796734 7.16261530 -1.18202627
v 8.74543476 7.02341700 -1.27664447
v 8.60374832 7.22576761 -1.12214541
v 8.56326485 7.28358364 -1.05467546
v 8.52701378 7.33535480 -0.98035151
v 8.95231438 7.46557474 -1.11816466
v 8.91240120 7.52257681 -1.05019104
v 8.87675381 7.57348680 -0.97549611
v 7.20968294 4.05341387 -0.92926329
v 7.50605440 4.36776400 -0.94800925
v 7.55120516 4.30328131 -0.91923976
v 7.59772158 4.23684978 -0.88725001
v 7.64493656 4.16941929 -0.85028774
v 7.69190264 4.10234499 -0.80680573
v 7.73746252 4.03727865 -0.75563043
v 7.84861469 4.61614943 -0.93891168
v 7.89292097 4.55287313 -0.90960008
v 7.09326696 6.43250942 -0.92130828
v 7.06408072 6.47419167 -0.83626354
v 7.41535187 6.71013689 -0.83078074
v 7.02178144 6.53460169 -0.65356755
v 7.04019833 6.50829935 -0.74662626
v 7.00881577 6.55311823 -0.55832201
v 7.39211941 6.74331617 -0.74123460
v 7.37430429 6.76875830 -0.64844429
v 7.36186457 6.78652430 -0.55363923
v 7.44386864 6.66941023 -0.91590697
v 7.79444504 6.90634775 -0.91054004
v 7.76658440 6.94613647 -0.82534230
v 7.74398565 6.97841120 -0.73589772
v 7.72675323 7.00302172 -0.64338517
v 7.71481514 7.02007103 -0.54902732
v 7.00109720 6.56414175 -0.46212137
v 6.99823141 6.56823444 -0.36611554
v 7.35456657 6.79694700 -0.45803475
v 7.35199308 6.80062246 -0.36275339
v 6.99965858 6.56619596 -0.27129135
v 7.00469446 6.55900383 -0.17840146
v 7.35356569 6.79837608 -0.26874486
v 7.35859346 6.79119587 -0.17671795
v 7.70791149 7.02993011 -0.45402178
v 7.70560169 7.03322887 -0.35946241
v 7.70729256 7.03081417 -0.26626101
v 7.71228504 7.02368450 -0.17508207
v 7.93863964 4.48757982 -0.87740660
v 7.98515558 4.42114878 -0.84058535
v 8.03156185 4.35487318 -0.79756826
v 8.19137859 4.86424303 -0.93027753
v 8.27976418 4.73801613 -0.86792177
v 8.23484516 4.80216742 -0.90037519
v 8.32556915 4.67259979 -0.83118135
v 8.37139893 4.60714722 -0.78856897
v 8.11943245 4.22938108 -0.68855309
v 8.07673550 4.29035854 -0.74713665
v 8.15840530 4.17372274 -0.62163705
v 8.19251919 4.12500191 -0.54677540
v 8.41616440 4.54321623 -0.73882425
v 8.62111092 4.98813391 -0.85882604
v 8.66619778 4.92374325 -0.82210636
v 8.71143723 4.85913515 -0.77983773
v 8.45864105 4.48255348 -0.68114865
v 8.49758434 4.42693567 -0.61528814
v 8.79800510 4.73550272 -0.67390156
v 8.75577354 4.79581642 -0.73072171
v 8.83689594 4.67996168 -0.60905194
v 8.49340439 5.17051744 -0.95210588
v 8.53435993 5.11202765 -0.92213601
v 8.57699299 5.05114174 -0.89159518
v 8.87757015 5.35948467 -0.91451526
v 8.83741474 5.41683197 -0.94544190
v 8.91937923 5.29977512 -0.88328934
v 8.96269894 5.23790836 -0.85014927
v 8.22086620 4.08451843 -0.46486685
v 8.24284077 4.05313587 -0.37720948
v 8.25819397 4.03120995 -0.28534606
v 8.26703739 4.01857996 -0.19088948
v 8.53185081 4.37799835 -0.54155219
v 8.56050301 4.33707952 -0.46076670
v 8.58289623 4.30509806 -0.37416890
v 8.87128925 4.63084269 -0.53640592
v 8.90022373 4.58951998 -0.45671666
v 8.92301941 4.55696487 -0.37115961
v 8.59873772 4.28247499 -0.28325817
v 8.60809040 4.26911783 -0.18962450
v 8.93933582 4.53366184 -0.28118923
v 8.94919205 4.51958656 -0.18837062
v 8.14497185 7.14335537 -0.90523893
v 8.11775398 7.18222618 -0.81997740
v 8.09577084 7.21362114 -0.73064202
v 8.07909966 7.23743057 -0.63841355
v 8.44745064 7.44898367 -0.72549361
v 8.43131828 7.47202301 -0.63355255
v 8.49542618 7.38046694 -0.90003496
v 8.46883583 7.41844177 -0.81471479
v 8.84578419 7.61771536 -0.89495915
v 8.81980515 7.65481758 -0.80958325
v 8.79899693 7.68453503 -0.72047842
v 8.78338051 7.70683718 -0.62882507
v 8.06110382 7.26313114 -0.45009923
v 8.06763935 7.25379705 -0.54450643
v 8.05903053 7.26609278 -0.35625589
v 8.42031097 7.48774338 -0.54009652
v 8.41411591 7.49659061 -0.44628358
v 8.41224957 7.49925518 -0.35314682
v 8.06081104 7.26355028 -0.26384953
v 8.06574154 7.25650835 -0.17350015
v 8.41409206 7.49662399 -0.26151997
v 8.41893578 7.48970699 -0.17197840
v 8.77280045 7.72194719 -0.53581715
v 8.76691914 7.73034668 -0.44259104
v 8.76523304 7.73275423 -0.35014799
v 8.76711082 7.73007345 -0.25928172
v 8.77184105 7.72331715 -0.17052284
v 8.99487114 5.92957306 -1.12717068
v 9.03299618 5.87512493 -1.08554590
v 9.07003689 5.82222605 -1.04552555
v 9.14369297 5.71703434 -0.97252244
v 9.10669804 5.76986837 -1.00779188
v 9.48884296 5.96171999 -0.96825403
v 9.11875439 6.49026251 -1.31529820
v 9.16820145 6.41964388 -1.28650928
v 9.21526241 6.35243368 -1.25181961
v 9.01415157 6.63964987 -1.35022998
v 9.06725025 6.56381798 -1.33688366
v 9.30178928 6.22886038 -1.17088532
v 9.25977898 6.28885794 -1.21273828
v 9.30636883 6.95993280 -1.35596347
v 9.46520615 6.73308992 -1.31829095
v 9.36048222 6.88265181 -1.35228539
v 9.41361713 6.80676651 -1.33949423
v 9.34154320 6.17208672 -1.12786841
v 9.37948227 6.11790371 -1.08514357
v 9.41620922 6.06545210 -1.04387772
v 9.45242405 6.01373291 -1.00482738
v 9.19769478 7.11513615 -1.33457172
v 9.14439774 7.19125128 -1.30938482
v 9.09262276 7.26519394 -1.27476203
v 9.04296780 7.33610868 -1.23104036
v 8.99601269 7.40316725 -1.17866158
v 9.25189495 7.03772974 -1.35011327
v 9.43974781 7.50706005 -1.27306890
v 9.34398365 7.64382601 -1.17546606
v 9.39048290 7.57741785 -1.22856033
v 9.30079937 7.70549965 -1.11434746
v 9.26144600 7.76170206 -1.04586697
v 9.22638988 7.81176710 -0.97079986
v 9.64859867 6.47117805 -1.17303026
v 9.51476574 6.66231108 -1.28967142
v 9.56194305 6.59493494 -1.25490713
v 9.60655117 6.53122854 -1.21548760
v 9.81164265 6.97593880 -1.32167459
v 9.86133003 6.90497780 -1.29327083
v 9.90864182 6.83740997 -1.25847971
v 9.95336342 6.77354145 -1.21877015
v 9.68830585 6.41447067 -1.12915909
v 9.72609043 6.36050844 -1.08536744
v 9.83421040 6.20609665 -0.96463883
v 9.76253605 6.30845833 -1.04287839
v 9.79833603 6.25733137 -1.00252068
v 9.59829521 7.28063107 -1.35095680
v 9.54425907 7.35780239 -1.33456886
v 9.49120522 7.43357134 -1.30852628
v 9.65268040 7.20296097 -1.35760951
v 9.70677662 7.12570381 -1.35465062
v 9.69186306 7.88461447 -1.17247772
v 9.75995827 7.04975271 -1.34245312
v 9.78679657 7.74903440 -1.27160490
v 9.83794308 7.67599058 -1.30791247
v 9.89076138 7.60055780 -1.33483005
v 9.94463921 7.52361250 -1.35208774
v 9.73791409 7.81884623 -1.22629690
v 9.64918327 7.94556808 -1.11073041
v 10.69129944 7.93249559 -1.36459732
v 10.74540424 7.85522604 -1.36398661
v 9.99547386 6.71340132 -1.17575383
v 10.34241772 6.95552540 -1.17908418
v 10.17980194 6.45015287 -0.96170181
v 10.03516388 6.65671825 -1.13106883
v 10.07282543 6.60293198 -1.08624268
v 10.10902309 6.55123568 -1.04255211
v 10.14444065 6.50065470 -1.00089657
v 10.38212109 6.89882421 -1.13362420
v 10.41969204 6.84516764 -1.08779490
v 10.49074554 6.74369192 -0.99997997
v 10.45567608 6.79377651 -1.04292428
v 10.05303097 7.36881304 -1.35736334
v 9.99894333 7.44605827 -1.35957062
v 10.10626984 7.29277992 -1.34579635
v 10.15806389 7.21881008 -1.32548380
v 10.20789433 7.14764500 -1.29734004
v 10.23719120 7.84341669 -1.33539557
v 10.13375664 7.99113655 -1.27040982
v 10.18460083 7.91852474 -1.30758369
v 10.25535965 7.07985735 -1.26256883
v 10.30021763 7.01579380 -1.22261536
v 10.34515190 7.68923378 -1.36188638
v 10.29091930 7.76668501 -1.35354614
v 10.39924240 7.61198473 -1.36046207
v 10.45254993 7.53585291 -1.34956145
v 10.52562714 6.69387627 -0.95946807
v 10.83725834 6.98643303 -0.99979651
v 10.87169266 6.93725491 -0.95796305
v 10.50446796 7.46170616 -1.32975435
v 10.55445862 7.39031172 -1.30191362
v 10.60209846 7.32227516 -1.26720667
v 10.68943501 7.19754601 -1.18305027
v 10.64711761 7.25798225 -1.22705412
v 10.85085297 7.70462942 -1.33452344
v 10.79879475 7.77897549 -1.35378671
v 10.94885921 7.56466198 -1.27242696
v 10.90102291 7.63297892 -1.30702662
v 10.99406433 7.50010300 -1.23211813
v 10.72918129 7.14078236 -1.13685322
v 10.76669502 7.08720732 -1.09005094
v 10.80250072 7.03607130 -1.04402077
v 9.13755226 4.98819208 -0.66683775
v 9.17636490 4.93276119 -0.60295171
v 9.00706196 5.17455196 -0.81339008
v 9.05169678 5.11080599 -0.77140361
v 9.18164825 5.66282749 -0.93936038
v 9.30454350 5.48731613 -0.84192032
v 9.34817886 5.42499828 -0.80506128
v 9.39219952 5.36212921 -0.76329488
v 9.22102165 5.60659695 -0.90744281
v 9.26201820 5.54804802 -0.87548590
v 9.09558582 5.04812527 -0.72285682
v 9.43562603 5.30010986 -0.71525669
v 9.52611542 5.90849018 -0.93388742
v 9.56472683 5.85334778 -0.90094560
v 9.60492420 5.79593992 -0.86821264
v 9.64666080 5.73633432 -0.83416718
v 9.73296642 5.61307621 -0.75553906
v 9.68956757 5.67505646 -0.79714817
v 9.98906612 5.98494005 -0.82691729
v 9.47730541 5.24058533 -0.65998232
v 9.51601887 5.18529749 -0.59701031
v 9.81729126 5.49264860 -0.65335995
v 9.85588360 5.43753242 -0.59125006
v 9.77591610 5.55173731 -0.70794755
v 9.21086216 4.88349438 -0.53135681
v 9.24005795 4.84179831 -0.45273364
v 9.26323795 4.80869436 -0.36819509
v 9.28001785 4.78472996 -0.27914923
v 9.29036903 4.76994610 -0.18713427
v 9.55059719 5.13591480 -0.52642488
v 9.58003330 5.09387493 -0.44883439
v 9.60358047 5.06024694 -0.36528862
v 9.89052105 5.38806486 -0.52162969
v 9.92017841 5.34570932 -0.44503534
v 9.94407558 5.31158161 -0.36245334
v 9.62081146 5.03563881 -0.27714792
v 9.63165188 5.02015686 -0.18592183
v 9.96174431 5.28634787 -0.27519509
v 9.97306538 5.27017927 -0.18473971
v 9.19602394 7.85513353 -0.89004254
v 9.17063808 7.89138889 -0.80461103
v 9.15038586 7.92031145 -0.71562189
v 9.13526249 7.94191027 -0.62425345
v 9.87082577 6.15380573 -0.92904872
v 9.90869617 6.09972048 -0.89505011
v 9.94810963 6.04343176 -0.86149657
v 9.12508392 7.95644712 -0.53168750
v 9.11948776 7.96443844 -0.43903753
v 9.11795425 7.96662903 -0.34727195
v 9.11983967 7.96393681 -0.25714394
v 9.12443256 7.95737648 -0.16913944
v 10.03124619 5.92470121 -0.78967804
v 10.07401752 5.86361742 -0.74816287
v 10.11647797 5.80297661 -0.70095515
v 10.15753174 5.74434662 -0.64699465
v 10.19598389 5.68943071 -0.58569276
v 10.49805069 5.99564648 -0.64090985
v 10.53634548 5.94095612 -0.58035976
v 10.23066139 5.63990641 -0.51699036
v 10.26052094 5.59726334 -0.44135273
v 10.28475094 5.56265879 -0.35970229
v 10.30284500 5.53681755 -0.27330041
v 10.31463909 5.51997328 -0.18359421
v 10.57104301 5.89140272 -0.51252580
v 10.60108566 5.84849739 -0.43780246
v 10.62563324 5.81343985 -0.35704821
v 10.64414120 5.78700829 -0.27147338
v 10.65639973 5.76950073 -0.18249162
v 10.21578789 6.39875984 -0.92486966
v 10.25294209 6.34569883 -0.88978225
v 10.29158974 6.29050398 -0.85536414
v 10.33177662 6.23311138 -0.82019734
v 10.37323189 6.17390728 -0.78267741
v 10.41537094 6.11372566 -0.74119246
v 10.45733356 6.05379677 -0.69430447
v 10.67480469 6.48082781 -0.81403351
v 10.71554089 6.42265034 -0.77617234
v 10.56101322 6.64333916 -0.92137569
v 10.59747505 6.59126616 -0.88516778
v 10.63537598 6.53713846 -0.84984136
v 10.90651131 6.88752937 -0.91859227
v 10.94230747 6.83640671 -0.88123232
v 10.97948170 6.78331614 -0.84495401
v 10.75704765 6.36337328 -0.73465317
v 10.79850292 6.30416822 -0.68801993
v 10.83887196 6.24651623 -0.63512838
v 10.87699223 6.19207430 -0.57527196
v 10.91169262 6.14251709 -0.50825435
v 10.94190121 6.09937477 -0.43440020
v 10.96675110 6.06388521 -0.35450372
v 10.98565960 6.03688145 -0.26972347
v 10.99837494 6.01872253 -0.18143813
v 11.03652763 7.43945837 -1.18768251
v 11.19721794 7.94758129 -1.33982909
v 11.24758816 7.87564564 -1.31271589
v 11.29564285 7.80701542 -1.27826476
v 11.34106064 7.74215269 -1.23784077
v 11.38370037 7.68125677 -1.19301260
v 11.07635021 7.38258648 -1.14078450
v 11.11384106 7.32904339 -1.09303856
v 11.18398571 7.22886705 -1.00037229
v 11.21800900 7.18027687 -0.95721233
v 11.14950371 7.27811146 -1.04586840
v 11.42363071 7.62422991 -1.14544821
v 11.46113491 7.57066822 -1.09678626
v 11.49669266 7.51988745 -1.04849470
v 11.68810940 7.98412800 -1.24425662
v 11.73095608 7.92293644 -1.19907320
v 11.53093433 7.47098398 -1.00173390
v 11.56458282 7.42292976 -0.95724219
v 11.77102947 7.86570549 -1.15087557
v 11.80858326 7.81207323 -1.10132396
v 11.87811470 7.71277237 -1.00390887
v 11.91142464 7.66520071 -0.95807916
v 11.84407234 7.76138926 -1.05192816
v 12.22553158 7.95422077 -1.00692570
v 12.25854206 7.90707731 -0.95975077
v 11.01816750 6.72806692 -0.80845153
v 11.05819225 6.67090654 -0.77018827
v 11.36187840 6.97480917 -0.80347669
v 11.40119934 6.91865301 -0.76475024
v 11.18001556 6.49692392 -0.62967259
v 11.21794796 6.44275141 -0.57044965
v 11.09906483 6.61253452 -0.72856998
v 11.14000797 6.55406189 -0.68212539
v 11.44144058 6.86118269 -0.72296703
v 11.48186684 6.80344868 -0.67664403
v 11.52150536 6.74683857 -0.62456435
v 11.25229073 7.13131714 -0.91654485
v 11.28744984 7.08110428 -0.87800133
v 11.32392025 7.02901936 -0.84072745
v 11.55923557 6.69295454 -0.56591290
v 11.86336136 6.99623013 -0.61982495
v 11.90087795 6.94265079 -0.56168109
v 11.59836197 7.37468767 -0.91525924
v 11.63291359 7.32534361 -0.87550032
v 11.70595169 7.22103357 -0.79913396
v 11.74458027 7.16586685 -0.75988269
v 11.66870403 7.27422953 -0.83718705
v 11.94473553 7.61762714 -0.91476148
v 11.97870922 7.56910753 -0.87375492
v 12.01384449 7.51892900 -0.83435798
v 11.78419399 7.10929298 -0.71786827
v 11.82409954 7.05230093 -0.67159867
v 11.25263500 6.39321375 -0.50419408
v 11.28299332 6.34985733 -0.43116125
v 11.30813026 6.31395817 -0.35208124
v 11.32742691 6.28639936 -0.26805994
v 11.34058952 6.26760054 -0.18043992
v 11.59389305 6.64345741 -0.50036263
v 11.62438583 6.59991026 -0.42810068
v 11.64979553 6.56362104 -0.34979293
v 11.93549347 6.89321518 -0.49677727
v 11.96610546 6.84949684 -0.42523324
v 11.99177456 6.81283665 -0.34765074
v 11.66946983 6.53552341 -0.26649198
v 11.68307209 6.51609707 -0.17950302
v 12.01181412 6.78421688 -0.26502857
v 12.02584839 6.76417446 -0.17863345
v 12.05040264 7.46671963 -0.79544824
v 12.08835030 7.41252470 -0.75560993
v 12.29142189 7.86012077 -0.91507822
v 12.32485008 7.81238031 -0.87279099
v 12.39524364 7.71184731 -0.79244417
v 12.35935688 7.76309919 -0.83226568
v 12.43252468 7.65860462 -0.75195593
v 12.12734127 7.35683966 -0.71329713
v 12.16672707 7.30059099 -0.66701168
v 12.20560455 7.24506855 -0.61547518
v 12.24289703 7.19180870 -0.55777335
v 12.54825497 7.49332476 -0.61153567
v 12.47090054 7.60379839 -0.70927662
v 12.50976562 7.54829264 -0.66290492
v 12.74048996 7.95639658 -0.79014641
v 12.58531475 7.44039726 -0.55420834
v 12.77711964 7.90408468 -0.74894452
v 12.81488800 7.85014534 -0.70582968
v 12.85323524 7.79537916 -0.65930003
v 12.89133263 7.74097061 -0.60802639
v 12.92815304 7.68838644 -0.55100435
v 12.27745724 7.14245224 -0.49345496
v 12.30817509 7.09858227 -0.42257336
v 12.33409119 7.06156969 -0.34566644
v 12.35448647 7.03244305 -0.26367864
v 12.36894321 7.01179647 -0.17783712
v 12.61980820 7.39113665 -0.49041224
v 12.65061951 7.34713268 -0.42013523
v 12.67677021 7.30978489 -0.34385157
v 12.96256828 7.63923550 -0.48766533
v 12.99346256 7.59511471 -0.41793272
v 13.01983643 7.55744791 -0.34221739
v 12.69750977 7.28016615 -0.26245084
v 12.71238232 7.25892639 -0.17711984
v 13.04091072 7.52735090 -0.26135382
v 13.05619144 7.50552845 -0.17648734
v 9.57590008 8.05022717 -0.96629572
v 9.61037827 8.00098705 -1.04173827
v 9.95917892 8.24046040 -1.03783977
v 9.92526340 8.28889656 -0.96201646
v 10.08524799 8.06041431 -1.22428930
v 10.03963470 8.12555695 -1.16973448
v 10.48061466 8.23338413 -1.26952398
v 10.43246937 8.30214405 -1.22257686
v 10.38728142 8.36667824 -1.16727459
v 9.99744701 8.18580627 -1.10735023
v 10.34557438 8.42624187 -1.10424316
v 10.30782700 8.48015118 -1.03420603
v 10.27445793 8.52780628 -0.95799428
v 10.58353901 8.08639240 -1.33630681
v 10.53116512 8.16119099 -1.30758095
v 10.63712788 8.00986004 -1.35537314
v 10.73478699 8.60800076 -1.16513586
v 10.87762642 8.40400505 -1.30794537
v 10.82735634 8.47579765 -1.26898789
v 10.92979527 8.32950020 -1.33760512
v 10.98325729 8.25314903 -1.35761023
v 10.77956104 8.54405689 -1.22119880
v 10.69354630 8.66689873 -1.10144556
v 10.65630436 8.72008610 -1.03087115
v 11.00459099 8.96029377 -1.02786899
v 9.54612160 8.09275436 -0.88531566
v 9.52130985 8.12819004 -0.79982615
v 9.89605522 8.33061028 -0.88080889
v 9.87179661 8.36525440 -0.79525638
v 9.50159264 8.15634918 -0.71094924
v 9.48693657 8.17727947 -0.61985993
v 9.85259151 8.39268208 -0.70648527
v 9.83837891 8.41298008 -0.61566615
v 9.47179508 8.19890308 -0.43563858
v 9.47038651 8.20091629 -0.34453088
v 9.47225285 8.19825077 -0.25511563
v 9.47668457 8.19192123 -0.16783400
v 9.47713280 8.19128132 -0.52772653
v 9.82892323 8.42648506 -0.52395272
v 9.82381630 8.43377781 -0.43240952
v 9.82250309 8.43565273 -0.34193683
v 9.82432461 8.43305206 -0.25320557
v 9.82857227 8.42698574 -0.16661219
v 10.24580097 8.56873322 -0.87655205
v 10.22207642 8.60261631 -0.79092878
v 10.20335960 8.62934589 -0.70225430
v 10.18956375 8.64904785 -0.61169344
v 10.62346363 8.76698685 -0.95426130
v 10.59533882 8.80715370 -0.87257469
v 10.57212448 8.84030724 -0.78687030
v 10.55387211 8.86637497 -0.69828022
v 10.54046726 8.88551807 -0.60796273
v 10.97226048 9.00646591 -0.95084900
v 10.94464588 9.04590416 -0.86890584
v 10.92191887 9.07836151 -0.78310722
v 10.90410519 9.10380077 -0.69458658
v 10.89106560 9.12242413 -0.60449445
v 10.18042850 8.66209507 -0.52038431
v 10.17552376 8.66909885 -0.42936525
v 10.17428112 8.67087460 -0.33950156
v 10.17603111 8.66837502 -0.25142232
v 10.18007088 8.66260624 -0.16547963
v 10.53162479 8.89814568 -0.51703900
v 10.52689552 8.90490150 -0.42652047
v 10.52569389 8.90661716 -0.33723655
v 10.52734756 8.90425587 -0.24977440
v 10.53115654 8.89881516 -0.16444178
v 10.88248825 9.13467312 -0.51393425
v 10.87790489 9.14121914 -0.42388949
v 10.87671757 9.14291477 -0.33515310
v 10.87824917 9.14072704 -0.24827003
v 10.88180637 9.13564682 -0.16350400
v 11.03738022 8.17585373 -1.36774457
v 11.09151363 8.09854317 -1.36797726
v 11.38338661 8.41931629 -1.37136996
v 11.43756390 8.34194279 -1.37247527
v 11.49116993 8.26538658 -1.36377656
v 11.67524242 8.74011612 -1.36348295
v 11.78355312 8.58543205 -1.37752283
v 11.72931385 8.66289330 -1.37551582
v 11.83729267 8.50868416 -1.36962283
v 12.02108192 8.98381710 -1.36720371
v 11.14500237 8.02215195 -1.35851157
v 11.17396927 8.71839619 -1.26884186
v 11.22397232 8.64698410 -1.30871809
v 11.12651062 8.78617382 -1.22019458
v 11.08213520 8.84954834 -1.16335583
v 11.32929802 8.49656391 -1.36029935
v 11.27594948 8.57275295 -1.33933246
v 11.52043915 8.96119690 -1.26912630
v 11.04134369 8.90780449 -1.09899330
v 11.47330189 9.02851677 -1.21960282
v 11.42930794 9.09134579 -1.16197217
v 11.38895035 9.14898300 -1.09692180
v 11.35266685 9.20080090 -1.02523303
v 11.54356098 8.19056416 -1.34571040
v 11.59415245 8.11831284 -1.31901920
v 11.64245129 8.04933357 -1.28475606
v 11.62199116 8.81616592 -1.34153068
v 11.57019138 8.89014435 -1.30994058
v 11.88988113 8.43357944 -1.35220766
v 11.94071674 8.36098003 -1.32597530
v 11.98928547 8.29161549 -1.29193842
v 12.03521347 8.22602463 -1.25140119
v 11.77629089 9.33341503 -1.16102171
v 11.86675358 9.20422077 -1.26988137
v 11.96791172 9.05975342 -1.34424210
v 11.91627026 9.13350391 -1.31165421
v 11.81991959 9.27110672 -1.21946263
v 11.73634720 9.39046097 -1.09526634
v 11.70051384 9.44163609 -1.02299607
v 12.07515526 8.90659332 -1.38022506
v 12.12947369 8.82901859 -1.38316226
v 12.18336773 8.75204945 -1.37609243
v 12.07829857 8.16449070 -1.20589828
v 12.28728104 8.60364628 -1.33362412
v 12.23617649 8.67663097 -1.35936201
v 12.38237476 8.46783829 -1.25931156
v 12.42573357 8.40591526 -1.21352315
v 12.46619797 8.34812546 -1.16415167
v 12.33614731 8.53385735 -1.29985011
v 12.11855030 8.10700703 -1.15709877
v 12.15619087 8.05325031 -1.10668230
v 12.19165134 8.00260735 -1.05619824
v 12.53943634 8.24353123 -1.06133544
v 12.50396442 8.29419041 -1.11289334
v 12.57319546 8.19531727 -1.01081336
v 12.60594559 8.14854622 -0.96228492
v 11.27143764 9.31680870 -0.77966535
v 11.32082653 9.24627495 -0.94778848
v 11.29370022 9.28501415 -0.86557406
v 11.25403786 9.34165764 -0.69119632
v 11.24133492 9.35979939 -0.60130876
v 11.66914177 9.48643970 -0.94511026
v 11.64248180 9.52451420 -0.86260730
v 11.62065887 9.55568123 -0.77657008
v 11.60364628 9.57997704 -0.68813199
v 11.59125328 9.59767628 -0.59842521
v 11.23299599 9.37170982 -0.51108718
v 11.22852993 9.37808704 -0.42148638
v 11.22732925 9.37980080 -0.33326223
v 11.22871494 9.37782383 -0.24691734
v 11.23199749 9.37313461 -0.16267160
v 11.58312225 9.60928822 -0.50851440
v 11.57874680 9.61553764 -0.41932482
v 11.57750607 9.61730957 -0.33157480
v 11.57871914 9.61557770 -0.24572431
v 11.58170700 9.61131096 -0.16194978
v 12.63842964 8.10215378 -0.91623646
v 12.67134571 8.05514526 -0.87263489
v 12.70525169 8.00672150 -0.83093548
v 5.19363499 1.76934421 -0.10025427
v 5.18753767 1.77805221 0.00000000
v 5.17781591 1.79193604 0.09844662
v 5.16537571 1.80970275 0.19488728
v 5.15092707 1.83033693 0.28944260
v 5.13491535 1.85320401 0.38241994
v 5.11748457 1.87809825 0.47415665
v 5.09848738 1.90522861 0.56486320
v 5.07753849 1.93514705 0.65449113
v 5.53595734 2.01806903 -0.09976956
v 5.53020334 2.02628684 0.00000000
v 5.87808752 2.26706839 -0.09926288
v 5.87269115 2.27477574 0.00000000
v 5.52071285 2.03984070 0.09802753
v 5.50839853 2.05742741 0.19407445
v 5.86344910 2.28797483 0.09759007
v 5.85127831 2.30535603 0.19322878
v 5.49399185 2.07800198 0.28822893
v 5.47796774 2.10088706 0.38077918
v 5.46050501 2.12582588 0.47205952
v 5.83693027 2.32584739 0.28697145
v 5.82090759 2.34873033 0.37908602
v 5.80342436 2.37369871 0.46990225
v 5.44149351 2.15297723 0.56229365
v 5.42057705 2.18284941 0.65145981
v 5.78440523 2.40086102 0.55965567
v 5.76352406 2.43068194 0.64834994
v 6.22005177 2.51630569 -0.09873717
v 6.21502542 2.52348375 0.00000000
v 6.20604753 2.53630567 0.09713689
v 6.19403791 2.55345678 0.19235547
v 6.56187487 2.76574349 -0.09819540
v 6.55723095 2.77237582 0.00000000
v 6.54853201 2.78479886 0.09667070
v 6.53669977 2.80169725 0.19145970
v 6.90358400 3.01534462 -0.09764057
v 6.89933252 3.02141595 0.00000000
v 6.89092684 3.03342056 0.09619424
v 6.87928677 3.05004430 0.19054681
v 6.17976427 2.57384205 0.28567776
v 6.16375685 2.59670305 0.37735045
v 6.14626312 2.62168622 0.46769738
v 6.12724257 2.64885044 0.55696428
v 6.10640049 2.67861581 0.64517915
v 6.52251577 2.82195425 0.28435552
v 6.50653648 2.84477448 0.37558258
v 6.48904276 2.86975837 0.46545750
v 6.47002697 2.89691544 0.55423468
v 6.44922686 2.92662144 0.64196521
v 6.86520720 3.07015181 0.28301251
v 6.84926939 3.09291363 0.37379262
v 6.83178473 3.11788464 0.46319523
v 6.81277990 3.14502597 0.55148208
v 6.79202366 3.17466903 0.63872594
v 5.05409288 1.96863079 0.74264604
v 5.02755213 2.00653529 0.82856017
v 5.37087154 2.25383639 0.82478011
v 4.99736929 2.04964018 0.91112894
v 4.96315050 2.09851003 0.98900795
v 4.92472601 2.15338612 1.06075609
v 5.34094524 2.29657507 0.90713120
v 5.30704641 2.34498763 0.98492825
v 5.26898336 2.39934731 1.05673444
v 5.39723253 2.21618867 0.73919886
v 5.74028158 2.46387601 0.73566049
v 5.71409988 2.50126767 0.82089388
v 5.61315250 2.64543509 1.05255830
v 5.68442965 2.54364085 0.90301061
v 5.65085125 2.59159565 0.98070896
v 4.88219309 2.21412897 1.12500477
v 5.02724457 2.74458623 1.28821170
v 5.08032751 2.66877627 1.26062548
v 5.22682714 2.45955300 1.12116694
v 5.18091726 2.52511883 1.17706776
v 5.13183260 2.59521890 1.22365403
v 4.91960287 2.89831471 1.31861043
v 4.86635494 2.97436023 1.32403195
v 4.97342300 2.82145166 1.30715227
v 4.86269188 3.71720433 1.28614473
v 5.21007395 3.95870304 1.27897573
v 5.25870419 3.88925195 1.28839052
v 5.10903406 3.36539102 1.31903720
v 5.05884552 3.43706775 1.31444740
v 4.91164112 3.64729691 1.29499316
v 4.96047020 3.57756209 1.30232060
v 5.00942993 3.50764060 1.30875468
v 5.21247292 3.21766448 1.32112825
v 5.16022205 3.29228711 1.32167697
v 5.26564074 3.14173317 1.31590724
v 5.31934929 3.06502986 1.30446661
v 5.30725718 3.81991124 1.29639971
v 5.35599422 3.75030756 1.30357099
v 5.57137775 2.70509577 1.11716354
v 5.52583933 2.77013135 1.17333603
v 5.47709131 2.83975077 1.22024691
v 5.42586994 2.91290259 1.25753951
v 5.37300920 2.98839521 1.28538442
v 5.87069941 3.01523232 1.16946387
v 5.71874285 3.23224878 1.28244722
v 5.82229710 3.08435798 1.21670175
v 5.77136993 3.15708947 1.25432587
v 5.55858755 3.46097422 1.31820047
v 5.61166811 3.38516736 1.31314826
v 5.40524197 3.67997408 1.30999053
v 5.45531082 3.60846829 1.31523240
v 5.50641155 3.53548884 1.31839466
v 5.66525507 3.30863714 1.30169570
v 5.70255852 3.99297452 1.29849327
v 5.75164223 3.92287540 1.30562389
v 5.80159283 3.85153842 1.31149471
v 5.85260582 3.77868438 1.31515098
v 6.08326006 2.71166372 0.73205119
v 6.05725622 2.74880123 0.81692421
v 5.99458218 2.83830905 0.97637701
v 6.02784061 2.79081106 0.89879221
v 5.95724916 2.89162636 1.04825616
v 6.37119770 3.03805900 0.89450109
v 6.33825731 3.08510208 0.97195953
v 6.30129004 3.13789725 1.04385650
v 6.42618847 2.95952344 0.72839135
v 6.40036106 2.99640918 0.81289387
v 6.76908731 3.20742583 0.72470129
v 6.74343348 3.24406314 0.80882585
v 6.64529181 3.38422394 1.03938866
v 6.71451855 3.28535748 0.89016259
v 6.68189430 3.33194971 0.96748382
v 5.91585970 2.95073652 1.11302412
v 6.06445408 3.47613406 1.27943122
v 6.11683798 3.40132213 1.25101542
v 6.26028872 3.19645333 1.10877872
v 6.21551132 3.26040196 1.16548193
v 6.16746140 3.32902384 1.21304965
v 5.90470314 3.70428228 1.31527948
v 6.01114798 3.55226254 1.29887033
v 5.95769024 3.62860847 1.31036437
v 6.25082397 3.94758201 1.31239688
v 6.30371380 3.87204766 1.30758667
v 6.35703564 3.79589605 1.29602218
v 6.60467911 3.44222450 1.10445750
v 6.56028843 3.50562143 1.16142130
v 6.51259756 3.57373095 1.20932221
v 6.46228456 3.64558530 1.24764025
v 6.41015196 3.72003841 1.27636802
v 6.90504503 3.75087023 1.15731370
v 6.75584555 3.96394873 1.27329004
v 6.85771656 3.81846189 1.20555162
v 6.80772018 3.88986397 1.24423242
v 4.88686275 5.15790892 -0.09321082
v 4.89819670 5.14172220 -0.00000000
v 5.24139833 5.38919163 -0.09229993
v 5.25257587 5.37322807 -0.00000000
v 4.91179180 5.12230635 0.09036212
v 4.92697430 5.10062361 0.17801915
v 4.94323158 5.07740545 0.26332927
v 5.26587105 5.35424042 0.08950336
v 5.28063536 5.33315516 0.17639025
v 5.29638910 5.31065655 0.26104292
v 5.59587479 5.62055874 -0.09139580
v 5.60686970 5.60485649 -0.00000000
v 5.61984301 5.58632898 0.08865692
v 5.63417149 5.56586504 0.17478998
v 5.64941072 5.54410172 0.25880352
v 5.01645517 4.97283125 0.58989298
v 5.03802109 4.94203186 0.66890961
v 4.96026325 5.05308199 0.34676707
v 4.97800255 5.02774763 0.42880705
v 5.31286860 5.28712177 0.34394503
v 5.33004618 5.26258945 0.42556438
v 4.99661350 5.00116825 0.50980473
v 5.34812021 5.23677683 0.50623542
v 5.36747837 5.20913029 0.58605927
v 5.68195200 5.49762726 0.42240292
v 5.66533422 5.52136040 0.34118816
v 5.38863230 5.17891979 0.66483635
v 5.69949770 5.47256994 0.50275970
v 5.71838379 5.44559765 0.58232683
v 5.73914003 5.41595507 0.66086692
v 5.95026159 5.85205412 -0.09050190
v 5.96104860 5.83664894 -0.00000000
v 5.97367859 5.81861115 0.08782601
v 5.98755693 5.79879093 0.17322439
v 6.00227261 5.77777481 0.25661966
v 6.01763725 5.75583124 0.33850718
v 6.03369999 5.73289204 0.41933537
v 6.36975574 5.99056625 0.33591259
v 6.38526773 5.96841288 0.41637412
v 6.05072546 5.70857668 0.49939197
v 6.06915331 5.68225908 0.57871157
v 6.08952713 5.65316248 0.65701908
v 6.40178394 5.94482517 0.49614638
v 6.41976738 5.91914225 0.57522947
v 6.43977594 5.89056730 0.65331030
v 6.30452967 6.08371878 -0.08962159
v 6.31508398 6.06864548 -0.00000000
v 6.32735157 6.05112600 0.08701371
v 6.34076548 6.03196907 0.17169937
v 6.35494995 6.01171112 0.25449964
v 6.65864944 6.31559563 -0.08875822
v 6.66894817 6.30088711 -0.00000000
v 6.68083477 6.28391171 0.08622307
v 6.70741987 6.24594450 0.25245166
v 6.69377184 6.26543570 0.17022070
v 6.72166729 6.22559690 0.33341473
v 6.73663521 6.20422029 0.41353142
v 6.75265408 6.18134308 0.49303699
v 6.77020884 6.15627241 0.57189620
v 6.78986931 6.12819433 0.64975810
v 5.06186199 4.90798330 0.74636877
v 5.08850098 4.86993885 0.82148200
v 4.87912321 4.43134975 1.08350027
v 5.11835241 4.82730722 0.89322865
v 5.15165710 4.77974319 0.96046746
v 5.18844175 4.72720909 1.02207410
v 5.22851038 4.66998529 1.07708681
v 5.53795815 4.96566010 1.01620519
v 5.57787514 4.90865278 1.07072401
v 5.41213942 5.14534807 0.74204367
v 5.43851852 5.10767412 0.81686229
v 5.76232862 5.38283777 0.73782057
v 5.78846407 5.34551287 0.81233943
v 5.81793118 5.30342960 0.88336712
v 5.46817112 5.06532621 0.88825274
v 5.50131702 5.01798964 0.95507056
v 5.85092831 5.25630426 0.94975775
v 4.92225790 4.36974716 1.13172722
v 4.96776438 4.30475664 1.17235160
v 5.01501417 4.23727751 1.20548701
v 5.06336689 4.16822243 1.23168290
v 5.11225319 4.09840584 1.25186121
v 5.16123915 4.02844667 1.26719975
v 5.36372995 4.47687197 1.19788134
v 5.27146292 4.60864258 1.12483692
v 5.31674767 4.54396915 1.16504765
v 5.41177320 4.40825844 1.22393012
v 5.46031952 4.33892727 1.24414551
v 5.55744410 4.20021915 1.27191126
v 5.60575867 4.13121891 1.28190064
v 5.50895357 4.26947117 1.25971663
v 5.62064743 4.84756756 1.11800051
v 5.65403986 4.06226635 1.29059231
v 5.71242428 4.71649694 1.19035125
v 5.66570997 4.78321123 1.15780592
v 5.80836487 4.57947969 1.23654008
v 5.76015759 4.64832640 1.21626961
v 5.85664845 4.51052332 1.25236070
v 6.11241388 5.62047625 0.73371893
v 6.13832092 5.58347797 0.80793476
v 6.16761637 5.54163933 0.87859499
v 5.88743448 5.20416832 1.01041639
v 5.92720413 5.14737129 1.06444156
v 6.20047712 5.49470901 0.94455445
v 6.23685646 5.44275427 1.00473547
v 6.27648544 5.38615847 1.05826926
v 6.46237850 5.85828733 0.72975802
v 6.48807335 5.82159138 0.80366957
v 6.51721239 5.77997637 0.87395978
v 6.54994869 5.73322392 0.93948597
v 6.58621025 5.68143749 0.99918985
v 6.62570477 5.62503338 1.05223644
v 6.89932823 5.97187042 0.93457776
v 5.90479851 4.44175768 1.26498723
v 5.95280170 4.37320185 1.27555883
v 6.00081682 4.30462933 1.28493297
v 6.06108713 4.95616674 1.18293130
v 6.10851145 4.88843727 1.20873702
v 6.39568710 4.47830820 1.28879058
v 6.25213289 4.68332529 1.25823963
v 6.15638161 4.82007217 1.22908103
v 6.20431805 4.75161171 1.24516809
v 6.29983139 4.61520481 1.26940024
v 6.34758711 4.54700232 1.27945602
v 6.04912281 4.23564148 1.29355526
v 6.09804726 4.16577005 1.30138028
v 6.14788246 4.09459782 1.30785620
v 6.19880819 4.02186871 1.31197727
v 5.96979904 5.08653927 1.11124933
v 6.01464081 5.02249861 1.15065980
v 6.31890583 5.32557535 1.10461533
v 6.36352921 5.26184702 1.14364243
v 6.55195713 4.99274349 1.23817480
v 6.64684391 4.85723114 1.26346004
v 6.59944248 4.92492723 1.25170422
v 6.70292568 4.03952646 1.29318321
v 6.74225140 4.72097540 1.28423285
v 6.69434929 4.78938675 1.27419603
v 6.44445801 4.40865660 1.29729247
v 6.49418211 4.33764267 1.30434918
v 6.64974499 4.11547661 1.30484736
v 6.59695625 4.19086599 1.30958426
v 6.54502201 4.26503611 1.30890560
v 6.84049416 4.58067036 1.30100632
v 6.79087543 4.65153313 1.29339373
v 6.89125109 4.50818157 1.30596864
v 6.40970945 5.19589472 1.17565620
v 6.45682669 5.12860394 1.20136762
v 6.50436258 5.06071568 1.22180414
v 6.75828075 5.43569517 1.16856039
v 6.89955997 5.23392725 1.23141682
v 6.80509472 5.36883783 1.19419682
v 6.85230112 5.30142021 1.21474552
v 6.66795588 5.56469250 1.09812975
v 6.71236372 5.50127172 1.13678718
v 6.81220531 6.09629488 0.72595721
v 6.83770561 6.05987644 0.79956508
v 6.86670351 6.01846361 0.86948460
v 7.24520493 3.26507092 -0.09707573
v 7.24135590 3.27056813 0.00000000
v 7.23325586 3.28213596 0.09571029
v 7.22182226 3.29846478 0.18962213
v 7.58676529 3.51488423 -0.09650392
v 7.58332682 3.51979542 0.00000000
v 7.92829180 3.76474619 -0.09592823
v 7.92527056 3.76906133 0.00000000
v 7.57554436 3.53091002 0.09522164
v 7.56433058 3.54692459 0.18869109
v 7.91781616 3.77970719 0.09473113
v 7.90683460 3.79539013 0.18775918
v 7.20786142 3.31840301 0.28165653
v 7.19197702 3.34108877 0.37199083
v 7.17451000 3.36603379 0.46092340
v 7.15552187 3.39315176 0.54872179
v 7.13481188 3.42272902 0.63547927
v 7.55050135 3.56667471 0.28029552
v 7.53468132 3.58926821 0.37018767
v 7.51724148 3.61417508 0.45865485
v 7.89314938 3.81493449 0.27893746
v 7.87740517 3.83742023 0.36839351
v 7.86000013 3.86227703 0.45640257
v 7.49827480 3.64126205 0.54596925
v 7.47761250 3.67077112 0.63224322
v 7.84105968 3.88932657 0.54323995
v 7.82044601 3.91876578 0.62903589
v 7.11197615 3.45534182 0.72100168
v 7.08649302 3.49173522 0.80474323
v 7.40113115 3.77999783 0.88144499
v 7.02551174 3.57882595 0.96297747
v 7.05782366 3.53267956 0.88580203
v 6.98927116 3.63058281 1.03488183
v 7.36912680 3.82570481 0.95846814
v 7.33324480 3.87694931 1.03036547
v 7.45487595 3.70324230 0.71731305
v 7.42956018 3.73939681 0.80066907
v 7.79780722 3.95109773 0.71365607
v 7.77265453 3.98701954 0.79662675
v 6.94904709 3.68802810 1.10009110
v 7.29340839 3.93384194 1.09571064
v 7.24979448 3.99612856 1.15319097
v 7.01259279 6.54772425 -0.08791501
v 7.02261400 6.53341246 -0.00000000
v 7.36633158 6.78014517 -0.08709516
v 7.37605429 6.76625967 -0.00000000
v 7.04655170 6.49922562 0.16879404
v 7.05965853 6.48050737 0.25048375
v 7.03410244 6.51700544 0.08545708
v 7.39908123 6.73337364 0.16742489
v 7.38712883 6.75044346 0.08471863
v 7.41164398 6.71543217 0.24860376
v 7.72924280 6.99946642 -0.00000000
v 7.73988914 6.98426151 0.08401059
v 7.75133610 6.96791315 0.16611868
v 7.76335382 6.95075083 0.24681942
v 7.71983862 7.01289654 -0.08630180
v 7.07334948 6.46095419 0.33102369
v 7.08778238 6.44034243 0.41081929
v 7.10331631 6.41815758 0.49007753
v 7.12045860 6.39367533 0.56872731
v 7.13978958 6.36606836 0.64637977
v 7.42478228 6.69666862 0.32874948
v 7.43868876 6.67680836 0.40824962
v 7.77594376 6.93277025 0.32660186
v 7.78933430 6.91364622 0.40583411
v 7.45375204 6.65529537 0.48728174
v 7.47049952 6.63137722 0.56573832
v 7.48952007 6.60421324 0.64319265
v 7.80394268 6.89278364 0.48466313
v 7.82031345 6.86940384 0.56294447
v 7.83904409 6.84265375 0.64021397
v 8.26981163 4.01461792 -0.09535175
v 8.26721287 4.01832819 0.00000000
v 8.26009655 4.02849197 0.09424163
v 8.24935913 4.04382658 0.18683189
v 8.61135101 4.26446056 -0.09477760
v 8.60918140 4.26755905 0.00000000
v 8.95293903 4.51423502 -0.09420887
v 8.95120144 4.51671648 0.00000000
v 8.60241127 4.27722836 0.09375599
v 8.59192753 4.29220009 0.18591478
v 8.94478512 4.52588034 0.09327712
v 8.93456554 4.54047489 0.18501347
v 8.23582935 4.06314898 0.27759039
v 8.22017097 4.08551216 0.36661896
v 8.20280838 4.11030865 0.45417958
v 8.18389797 4.13731432 0.54054946
v 8.16333485 4.16668272 0.62587541
v 8.57856464 4.31128407 0.27626249
v 8.56300068 4.33351183 0.36487457
v 8.54568768 4.35823774 0.45199895
v 8.92137909 4.55930758 0.27496189
v 8.90591908 4.58138657 0.36317107
v 8.88866138 4.60603285 0.44987386
v 8.52681255 4.38519430 0.53791332
v 8.50629807 4.41449118 0.62277991
v 8.86982346 4.63293600 0.53534734
v 8.84935951 4.66216183 0.61976773
v 8.07308769 7.24601746 -0.08553797
v 8.08215427 7.23306847 -0.00000000
v 8.42605114 7.47954416 -0.08480665
v 8.43476295 7.46710300 -0.00000000
v 8.09235954 7.21849442 0.08333574
v 8.10329437 7.20287752 0.16488074
v 8.11476517 7.18649483 0.24513833
v 8.44451523 7.45317602 0.08269683
v 8.77870560 7.71351433 -0.08411077
v 8.78704548 7.70160437 -0.00000000
v 8.45493126 7.43829918 0.16371626
v 8.46585846 7.42269468 0.24356794
v 8.79633236 7.68834066 0.08209652
v 8.80622673 7.67421007 0.16263039
v 8.81661034 7.65938091 0.24211563
v 8.12681389 7.16928816 0.32459047
v 8.13969994 7.15088415 0.40358433
v 8.15386868 7.13064909 0.48223516
v 8.16988277 7.10777950 0.56036121
v 8.18834305 7.08141470 0.63746089
v 8.47737122 7.40625191 0.32272491
v 8.48976707 7.38854980 0.40151176
v 8.82759666 7.64369011 0.32101458
v 8.83951378 7.62667036 0.39962786
v 8.50351334 7.36891794 0.48001119
v 8.51918888 7.34653044 0.55800366
v 8.53740120 7.32052040 0.63495064
v 8.85285568 7.60761642 0.47800457
v 8.86821461 7.58568192 0.55588716
v 8.88620090 7.55999470 0.63270050
v 6.93548203 5.92023754 0.99380720
v 6.97484970 5.86401463 1.04637301
v 7.74446011 4.02728462 0.87711722
v 7.67723036 4.12329912 1.02586925
v 7.71275806 4.07256079 0.95398366
v 7.15315628 4.13414240 1.24082482
v 7.10154438 4.20785189 1.27022994
v 7.04882526 4.28314209 1.29038620
v 7.08881569 4.96364212 1.27991605
v 7.13730145 4.89439726 1.28971756
v 7.20283175 4.06319857 1.20177031
v 7.39474297 4.52673292 1.28766429
v 6.94310427 4.43412781 1.30687416
v 6.99578953 4.35888529 1.30217874
v 7.28927279 4.67736006 1.30429947
v 7.18682098 4.82367659 1.29786086
v 7.23749971 4.75129986 1.30319893
v 7.34185457 4.60226536 1.29961395
v 6.94672441 5.16656971 1.24541640
v 6.99383783 5.09928465 1.25777352
v 7.04110146 5.03178501 1.26918757
v 7.01693678 5.80390835 1.09182429
v 7.06113338 5.74078894 1.13012707
v 7.15330696 5.60915136 1.18726015
v 7.10679197 5.67558193 1.16167819
v 7.24712133 5.47517061 1.22493005
v 7.29397392 5.40825844 1.23941219
v 7.34080982 5.34136963 1.25237584
v 7.38784361 5.27419853 1.26446533
v 7.40982771 5.98041391 1.12369525
v 7.20019054 5.54219484 1.20794070
v 7.63777781 4.17964363 1.09134722
v 7.59455204 4.24137592 1.14908540
v 7.54795551 4.30792284 1.19801140
v 7.49860334 4.37840509 1.23745084
v 7.44725752 4.45173407 1.26722109
v 7.79299498 4.69558239 1.26429760
v 7.74068642 4.77028608 1.28505135
v 7.84407234 4.62263584 1.23414421
v 7.89310074 4.55261660 1.19430816
v 7.58377075 4.99438524 1.30063021
v 7.63546705 4.92055511 1.30189371
v 7.68794632 4.84560728 1.29718673
v 7.43537998 5.20630932 1.27587461
v 7.48373747 5.13724756 1.28629768
v 7.45523262 5.91556883 1.15504408
v 7.50145531 5.84955597 1.18059254
v 7.54802322 5.78305006 1.20142555
v 7.59463549 5.71648121 1.21875012
v 7.64118671 5.64999914 1.23372686
v 7.78194427 5.44897604 1.27214277
v 7.83018398 5.38008261 1.28316820
v 7.87952948 5.30961037 1.29229629
v 7.68775702 5.58348942 1.24730229
v 7.73457336 5.51662922 1.26006436
v 7.53316498 5.06665754 1.29494619
v 7.93006897 5.23743248 1.29829633
v 7.16187859 6.33452177 0.72233570
v 7.18720198 6.29835606 0.79564244
v 7.21607494 6.25712156 0.86519295
v 7.24860144 6.21066904 0.92985535
v 7.28465796 6.15917444 0.98861498
v 7.32390690 6.10312128 1.04070854
v 7.36583662 6.04323959 1.08573043
v 7.56531096 6.49597311 0.86110801
v 7.51138115 6.57299232 0.71891266
v 7.53654671 6.53705215 0.79192293
v 7.86069727 6.81172991 0.71570730
v 7.91439629 6.73503923 0.85725325
v 7.88572407 6.77598810 0.78842771
v 7.59775305 6.44964075 0.92534417
v 7.63372469 6.39826822 0.98364103
v 7.67286396 6.34237146 1.03527272
v 7.71464300 6.28270435 1.07987988
v 7.75843525 6.22016287 1.11752498
v 7.80359364 6.15567017 1.14869225
v 7.84953165 6.09006357 1.17422938
v 7.89579296 6.02399588 1.19523561
v 8.14078999 4.19887877 0.71005154
v 8.11579609 4.23457479 0.79263949
v 8.08783054 4.27451324 0.87284434
v 8.43126106 4.52165508 0.86865228
v 8.05642414 4.31936693 0.94955200
v 8.02124405 4.36960840 1.02142322
v 7.98217154 4.42541027 1.08703220
v 8.40014267 4.56609774 0.94520134
v 8.36530495 4.61585140 1.01705754
v 8.32660580 4.67111921 1.08279753
v 8.48384666 4.44655609 0.70652026
v 8.45900536 4.48203373 0.78873068
v 8.82699585 4.69409990 0.70308304
v 8.80230141 4.72936773 0.78492373
v 8.77477169 4.76868343 0.86456692
v 8.67109680 4.91674757 1.07867515
v 8.74393272 4.81272650 0.94095987
v 8.70942783 4.86200428 1.01280212
v 7.93933153 4.48659229 1.14502978
v 8.18957520 4.86681843 1.23093927
v 8.13876629 4.93938160 1.26149368
v 8.28414726 4.73175621 1.14105690
v 8.23828030 4.79726171 1.19069457
v 8.08666420 5.01379108 1.28258181
v 7.94209671 5.95786667 1.21291304
v 7.98835897 5.89179754 1.22839653
v 8.03467751 5.82564831 1.24258852
v 8.12850857 5.69164324 1.26875556
v 8.17664337 5.62290049 1.28036380
v 8.08128929 5.75907898 1.25601959
v 8.38023663 5.33213806 1.29288220
v 8.43268394 5.25723553 1.28029072
v 8.22591591 5.55253077 1.28994572
v 7.98169327 5.16370535 1.29969096
v 8.03407097 5.08890152 1.29493117
v 8.27639771 5.48043585 1.29623175
v 8.32795525 5.40680361 1.29772580
v 8.62901402 4.97684765 1.13720024
v 8.58350658 5.04183865 1.18720484
v 8.53512383 5.11093664 1.22787082
v 8.48458099 5.18311882 1.25884461
v 8.47507286 5.93430996 1.26574790
v 8.52311516 5.86569834 1.27791941
v 8.57232857 5.79541540 1.28792942
v 8.92879391 5.28632879 1.18387330
v 8.83045006 5.42677927 1.25638568
v 8.88072872 5.35497379 1.22497404
v 8.72644901 5.57530785 1.29107535
v 8.77875519 5.50060701 1.27821362
v 8.62276077 5.72338963 1.29447162
v 8.67425919 5.64984226 1.29603350
v 8.26331615 6.97434282 0.85365206
v 7.94676924 6.68880653 0.92106986
v 7.98266697 6.63753843 0.97891295
v 8.02170658 6.58178425 1.03009534
v 8.06334400 6.52231932 1.07430387
v 8.29563427 6.92818689 0.91705805
v 8.33147240 6.87700558 0.97445858
v 8.37042332 6.82137775 1.02520609
v 8.41192818 6.76210213 1.06903434
v 8.20980930 7.05075741 0.71273881
v 8.23471737 7.01518583 0.78517824
v 8.55870247 7.29009914 0.71002644
v 8.58351135 7.25466919 0.78219569
v 8.61205387 7.21390486 0.85032815
v 8.93208885 7.49446011 0.77950168
v 8.96059608 7.45374775 0.84730500
v 8.90735817 7.52977848 0.70758951
v 8.64433479 7.16780376 0.91333443
v 8.68012524 7.11668921 0.97030574
v 8.71899891 7.06117153 1.02063501
v 8.76038265 7.00206995 1.06410277
v 8.10694504 6.46005058 1.11164916
v 8.15186501 6.39589930 1.14265728
v 8.19752693 6.33068657 1.16820574
v 8.24349213 6.26504183 1.18940675
v 8.28950024 6.19933558 1.20745468
v 8.38156796 6.06784916 1.23826993
v 8.33548737 6.13365936 1.22345674
v 8.42799091 6.00154972 1.25236654
v 8.63683987 6.44089556 1.20241082
v 8.68256664 6.37559080 1.21894360
v 8.45534706 6.70009375 1.10610092
v 8.50003719 6.63627005 1.13697326
v 8.54543304 6.57143688 1.16255677
v 8.59111404 6.50619841 1.18397439
v 8.77467728 6.24404335 1.24914074
v 8.82163715 6.17697716 1.26315558
v 8.72842598 6.31009722 1.23438251
v 8.86960316 6.10847521 1.27587056
v 8.91876793 6.03825998 1.28628302
v 8.80362892 6.94030762 1.10091352
v 8.93865204 6.74747515 1.17897439
v 8.84809971 6.87679625 1.13167453
v 8.89324284 6.81232643 1.15731776
v 9.29460049 4.76390314 -0.09364870
v 9.29329872 4.76576233 0.00000000
v 9.28724289 4.77441120 0.09280792
v 9.27729607 4.78861666 0.18413357
v 9.63636494 5.01342535 -0.09310019
v 9.63550091 5.01465893 0.00000000
v 9.97825813 5.26276302 -0.09256645
v 9.97783375 5.26336908 0.00000000
v 9.62981129 5.02278471 0.09235130
v 9.62014484 5.03659010 0.18328074
v 9.97251511 5.27096510 0.09191017
v 9.96313572 5.28435993 0.18246061
v 9.95053005 5.30236340 0.27130604
v 9.26429462 4.80718422 0.27369675
v 9.24894714 4.82910347 0.36151916
v 9.23175144 4.85366201 0.44781753
v 9.21295357 4.88050747 0.53286719
v 9.19253826 4.90966368 0.61685711
v 9.59210873 5.07663012 0.35992956
v 9.60733795 5.05488110 0.27247539
v 9.57497978 5.10109329 0.44584322
v 9.93542671 5.32393312 0.35841310
v 9.91836834 5.34829426 0.44396418
v 9.55622387 5.12787867 0.53048861
v 9.53585720 5.15696621 0.61406642
v 9.89965725 5.37501717 0.52822745
v 9.87933636 5.40403891 0.61141390
v 9.13102436 7.94796276 -0.08345319
v 9.13897610 7.93660688 -0.00000000
v 9.14778900 7.92402077 0.08153747
v 9.15715790 7.91064119 0.16162820
v 9.16700077 7.89658308 0.24078868
v 9.17747021 7.88163137 0.31946883
v 9.18892384 7.86527395 0.39794391
v 9.20187950 7.84677124 0.47622856
v 9.21694279 7.82525873 0.55402696
v 9.23472500 7.79986238 0.63072771
v 10.32030773 5.51187754 -0.09205054
v 10.32032394 5.51185513 0.00000000
v 10.31538105 5.51891470 0.09148746
v 10.30629444 5.53189087 0.18167886
v 10.29389668 5.54959774 0.27019700
v 10.66254139 5.76073074 -0.09155557
v 10.66299725 5.76007891 0.00000000
v 10.65843201 5.76659822 0.09108607
v 10.64964485 5.77914810 0.18094118
v 10.63746071 5.79654932 0.26915655
v 10.27892494 5.57097960 0.35698062
v 10.26194191 5.59523344 0.44219378
v 10.24327469 5.62189245 0.52609944
v 10.22299767 5.65085173 0.60891795
v 10.62262535 5.81773615 0.35564288
v 10.60572052 5.84187889 0.44054526
v 10.58709908 5.86847305 0.52412051
v 10.56686211 5.89737415 0.60659683
v 11.00498390 6.00928402 -0.09108455
v 11.00587940 6.00800419 0.00000000
v 11.00169659 6.01397896 0.09070892
v 10.99321175 6.02609539 0.18025319
v 10.98124599 6.04318428 0.26819298
v 10.96655178 6.06416941 0.35441077
v 10.94972801 6.08819723 0.43903199
v 10.93115139 6.11472750 0.52230626
v 10.91095161 6.14357615 0.60446888
v 9.17025948 4.94148064 0.69976074
v 9.14570522 4.97654819 0.78124213
v 9.11838150 5.01557016 0.86061412
v 9.46210957 5.26228762 0.85681993
v 9.08781242 5.05922699 0.93685573
v 9.05363274 5.10804129 1.00868773
v 9.01565933 5.16227245 1.07469702
v 9.43180180 5.30557251 0.93291736
v 9.39793491 5.35393858 1.00474453
v 9.36031151 5.40767002 1.07089555
v 9.51365852 5.18866825 0.69657427
v 9.48923683 5.22354603 0.77770925
v 9.85721302 5.43563414 0.69354451
v 9.83291626 5.47033310 0.77434856
v 9.80597591 5.50880814 0.85321027
v 9.70506954 5.65291786 1.06730318
v 9.77591705 5.55173683 0.92917311
v 9.74235344 5.59967041 1.00100303
v 8.97394657 5.22184467 1.13349319
v 8.96916389 5.96628809 1.29305160
v 9.07271576 5.81839991 1.28954649
v 9.12488556 5.74389410 1.27638650
v 9.17638302 5.67034817 1.25415301
v 9.31896019 5.46672630 1.12996960
v 9.27415562 5.53071356 1.18073511
v 9.22640228 5.59891272 1.22228456
v 9.47108364 5.98708391 1.27484620
v 9.02061176 5.89281273 1.29465008
v 9.66406918 5.71147108 1.12666333
v 9.61960506 5.77497339 1.17782533
v 9.57215691 5.84273672 1.21983826
v 9.52239037 5.91381073 1.25218308
v 9.28043556 7.73458195 0.77711773
v 9.25576210 7.76981926 0.70544738
v 9.30892563 7.69389439 0.84460640
v 8.99285412 7.40767765 0.90992492
v 9.02861309 7.35660982 0.96648246
v 9.06742191 7.30118418 1.01641178
v 9.10869503 7.24223995 1.05954075
v 9.45685387 7.48262978 1.05538023
v 9.34117985 7.64783049 0.90685540
v 9.37692070 7.59678698 0.96301675
v 9.41567898 7.54143429 1.01256657
v 9.62853336 7.97505808 0.77506542
v 9.65702629 7.93436623 0.84225631
v 9.68929482 7.88828278 0.90415198
v 9.72503376 7.83724117 0.95993668
v 9.80484676 7.72325611 1.05165279
v 9.84764862 7.66212893 1.08784795
v 9.76375580 7.78194094 1.00912952
v 9.12134552 6.48656225 1.24637842
v 9.21610641 6.35122919 1.27425313
v 9.16820145 6.41964388 1.26101434
v 8.98410988 6.68255424 1.19781756
v 9.02959251 6.61759806 1.21489310
v 9.07524872 6.55239534 1.23096228
v 9.31560898 6.20912504 1.29200804
v 9.26523876 6.28106070 1.28504241
v 9.41904354 6.06140423 1.28833246
v 9.28609848 6.98888206 1.17444253
v 9.33130550 6.92431974 1.19371116
v 9.46799469 6.72910738 1.24411571
v 9.37656212 6.85968637 1.21134162
v 9.42203331 6.79474735 1.22804558
v 9.36701584 6.13570786 1.29361176
v 9.15178108 7.18070745 1.09612012
v 9.19604492 7.11749268 1.12679553
v 9.24094582 7.05336666 1.15252376
v 9.66210079 6.45189428 1.29137766
v 9.71348000 6.37851858 1.29295588
v 9.51476574 6.66231108 1.25936079
v 9.56262779 6.59395790 1.27310395
v 9.61174297 6.52381372 1.28424442
v 9.96515560 6.01908827 1.17517936
v 9.81735897 6.23016357 1.27362990
v 9.76543999 6.30431080 1.28747034
v 9.91800308 6.08642817 1.21767163
v 9.86848164 6.15715265 1.25051272
v 9.81462383 6.97168207 1.24238956
v 9.86133003 6.90497780 1.25823176
v 9.90916729 6.83665943 1.27245975
v 9.95828342 6.76651478 1.28392637
v 9.49979115 7.42130947 1.09175384
v 9.54386044 7.35837173 1.12237060
v 9.58853531 7.29456997 1.14821017
v 9.63344669 7.23042870 1.17041481
v 9.67842007 7.16620016 1.19012773
v 9.72347069 7.10186195 1.20832574
v 9.98069096 7.47212601 1.16692710
v 9.76877689 7.03715801 1.22566926
v 9.89153862 7.59944868 1.11843419
v 9.93600178 7.53594828 1.14441240
v 10.20094395 5.68234777 0.69069237
v 10.17676353 5.71688032 0.77118361
v 10.14999962 5.75510359 0.84981114
v 10.12017727 5.79769373 0.92565125
v 10.08690548 5.84521151 0.99749404
v 10.04994774 5.89799213 1.06395233
v 10.54487133 5.92877960 0.68803871
v 10.52079964 5.96315861 0.76823765
v 10.00928974 5.95605803 1.12360871
v 10.49419975 6.00114727 0.84664834
v 10.46460247 6.04341602 0.92238021
v 10.43160725 6.09053755 0.99424797
v 10.39496422 6.14286900 1.06087565
v 10.15266228 7.96413755 1.04839039
v 10.19534302 7.90318251 1.08443582
v 10.86504269 6.20913982 0.76553416
v 10.88901711 6.17490053 0.68560427
v 10.83859539 6.24691057 0.84374785
v 10.74013615 6.38752604 1.05810583
v 10.80920982 6.28887749 0.91938818
v 10.77647877 6.33562326 0.99129540
v 10.16372013 6.47312021 1.27277505
v 10.21466923 6.40035820 1.24917924
v 10.00864506 6.69459057 1.29119813
v 10.06000805 6.62123728 1.29272008
v 10.11191273 6.54710913 1.28699791
v 10.35463524 6.20046568 1.12083995
v 10.31082058 6.26303959 1.17283297
v 10.26395512 6.32997036 1.21582127
v 10.35524464 6.93720722 1.29150748
v 10.40660572 6.86385536 1.29294240
v 10.45846844 6.78978872 1.28695345
v 10.02544975 7.40820360 1.18710387
v 10.07031345 7.34413052 1.20588219
v 10.11547661 7.27963114 1.22387016
v 10.16123104 7.21428680 1.24123728
v 10.20789433 7.14764500 1.25766456
v 10.23906803 7.84073687 1.11502087
v 10.25572777 7.07933187 1.27235830
v 10.30486298 7.00916052 1.28412604
v 10.32782173 7.71398354 1.16401577
v 10.37238693 7.65033770 1.18467629
v 10.28333759 7.77751398 1.14116573
v 10.41708755 7.58649874 1.20404816
v 10.46213055 7.52217054 1.22268581
v 10.70012188 6.44467163 1.11839151
v 10.65661430 6.50680733 1.17082179
v 10.61002350 6.57334518 1.21432412
v 10.56096172 6.64341259 1.24822044
v 10.51017666 6.71594191 1.27232003
v 11.00255013 6.75037193 1.16918194
v 10.85673714 6.95861435 1.27230322
v 10.95622158 6.81653547 1.21321726
v 10.90737152 6.88630009 1.24767423
v 10.50781631 7.45692492 1.24069631
v 10.55445862 7.39031172 1.25769734
v 10.60231018 7.32197285 1.27283788
v 10.70190430 7.17973804 1.29234433
v 10.65148449 7.25174570 1.28488183
v 10.67483330 7.95601130 1.16171706
v 10.71922684 7.89261103 1.18288195
v 10.80511475 7.03233814 1.28737581
v 10.99815083 7.49426699 1.28623307
v 10.85437584 7.69959784 1.24080503
v 10.76378727 7.82897234 1.20286107
v 10.80873489 7.76478004 1.22215402
v 10.94891644 7.56458092 1.27393723
v 10.90102291 7.63297892 1.25836861
v 10.75328064 7.10636425 1.29366195
v 11.34766197 6.25750017 -0.09064054
v 11.34899807 6.25559282 0.00000000
v 11.34519768 6.26102018 0.09035890
v 11.33701992 6.27269840 0.17962059
v 11.32527733 6.28946877 0.26731458
v 11.69060326 6.50534153 -0.09022653
v 11.69237709 6.50280905 0.00000000
v 12.03383350 6.75277090 -0.08984548
v 12.03604317 6.74961519 0.00000000
v 11.68896103 6.50768661 0.09003889
v 11.68109417 6.51892185 0.17904899
v 11.66957855 6.53536844 0.26652962
v 12.03301334 6.75394249 0.08975174
v 12.02545834 6.76473093 0.17854400
v 12.01417255 6.78084898 0.26584631
v 11.31072807 6.31024742 0.35329509
v 11.29398632 6.33415747 0.43766725
v 11.25528622 6.38942671 0.60255235
v 11.27545357 6.36062527 0.52067268
v 11.65517712 6.55593634 0.35230660
v 11.63851833 6.57972717 0.43646434
v 11.99992085 6.80120325 0.35145614
v 11.98334503 6.82487440 0.43543652
v 11.62002754 6.60613489 0.51923537
v 11.59988880 6.63489532 0.60086542
v 11.96489525 6.85122490 0.51801002
v 11.94477940 6.87995291 0.59942627
v 11.92296791 6.91110229 0.67982405
v 12.37737656 6.99975157 -0.08950032
v 12.38002110 6.99597549 0.00000000
v 12.37737656 6.99975157 0.08950032
v 12.37013721 7.01009130 0.17811118
v 12.35908318 7.02587748 0.26527289
v 12.72126007 7.24624729 -0.08919395
v 12.72433567 7.24185467 0.00000000
v 13.06550789 7.49222279 -0.08892921
v 13.06901360 7.48721647 0.00000000
v 12.72207832 7.24507904 0.08928743
v 12.71515465 7.25496721 0.17775609
v 12.70433426 7.27042007 0.26481751
v 13.06714153 7.48989010 0.08911587
v 13.06053448 7.49932623 0.17748421
v 13.04994965 7.51444292 0.26448822
v 12.34498310 7.04601526 0.35075441
v 12.32849121 7.06956768 0.43459693
v 12.28997898 7.12456894 0.59825301
v 12.26819134 7.15568542 0.67847371
v 12.31007767 7.09586477 0.51701236
v 12.69038582 7.29034042 0.35021210
v 12.67397690 7.31377459 0.43395877
v 13.03615379 7.53414536 0.34983981
v 13.01982594 7.55746365 0.43353510
v 12.65559769 7.34002399 0.51625788
v 12.63550854 7.36871338 0.59736353
v 12.61373425 7.39981079 0.67744559
v 13.00147533 7.58367109 0.51576215
v 12.98138905 7.61235666 0.59677571
v 12.95961666 7.64345074 0.67676008
v 11.23340225 6.42068100 0.68340993
v 11.20951462 6.45479584 0.76309633
v 11.18320751 6.49236631 0.84113544
v 11.52805328 6.73748732 0.83883673
v 11.15401840 6.53405237 0.91670346
v 11.12153530 6.58044338 0.98866683
v 11.08547783 6.63193893 1.05567539
v 11.49904633 6.77891350 0.91435409
v 11.46679497 6.82497311 0.98639280
v 11.43100643 6.87608433 1.05361688
v 11.57804489 6.66609144 0.68147629
v 11.55423450 6.70009708 0.76094741
v 11.89922142 6.94501591 0.75911051
v 11.87315273 6.98224592 0.83687741
v 11.77673912 7.11993980 1.05196285
v 11.84431171 7.02343559 0.91236824
v 11.81227589 7.06918764 0.98450357
v 11.04576492 6.68865442 1.11629772
v 11.39157867 6.93239307 1.11459315
v 11.34864140 6.99371338 1.16794956
v 11.20341015 7.20112514 1.27276349
v 11.25390911 7.12900543 1.24757886
v 11.15186024 7.27474689 1.28830409
v 11.20091057 7.94230747 1.24160218
v 11.24758816 7.87564564 1.25971723
v 11.30256081 7.05952358 1.21253824
v 11.34486485 7.73671961 1.28821921
v 11.29554653 7.80715370 1.27569580
v 11.49871159 7.51700401 1.28977823
v 11.04862881 7.42217588 1.29374802
v 11.10003853 7.34875584 1.29491782
v 11.39542294 7.66451550 1.29575849
v 11.44688416 7.59102058 1.29675007
v 11.73757935 7.17586517 1.11331224
v 11.69490337 7.23681211 1.16716075
v 11.64905453 7.30229187 1.21232438
v 11.55020714 7.44346046 1.27374029
v 11.60058498 7.37151289 1.24797308
v 11.69163036 7.97909975 1.29088080
v 12.04134941 7.47964811 1.16685164
v 11.89713573 7.68560743 1.27527320
v 11.84567642 7.75909805 1.29183817
v 11.99571419 7.54482222 1.21261346
v 11.94741058 7.61380720 1.24889553
v 11.74229050 7.90674925 1.29841614
v 11.79382515 7.83314991 1.29919910
v 12.24449635 7.18952417 0.75760865
v 12.21852589 7.22661495 0.83528286
v 12.15799427 7.31306219 0.98302937
v 12.18983269 7.26759195 0.91077363
v 12.12269115 7.36348104 1.05074584
v 12.53562832 7.51135683 0.90959799
v 12.50396824 7.55657196 0.98200029
v 12.46887875 7.60668516 1.04999804
v 12.59007931 7.43359375 0.75646460
v 12.56418896 7.47056770 0.83407837
v 12.93598747 7.67719650 0.75570107
v 12.91016388 7.71407747 0.83328909
v 12.88171577 7.75470495 0.90886891
v 12.85021496 7.79969311 0.98144615
v 12.81531906 7.84952927 1.04975140
v 12.08378124 7.41904926 1.11248934
v 12.29439640 7.85587263 1.25038528
v 12.24420547 7.92755222 1.27740192
v 12.38799286 7.72220182 1.16705835
v 12.43020058 7.66192389 1.11215901
v 12.34255314 7.78709650 1.21344316
v 12.77685070 7.90446758 1.11235511
v 12.73484802 7.96445370 1.16781700
v 9.48298359 8.18292522 -0.08283671
v 9.49053192 8.17214394 -0.00000000
v 9.83455849 8.41843605 -0.08226410
v 9.84169102 8.40825081 -0.00000000
v 9.49886227 8.16024876 0.08102227
v 9.50770187 8.14762402 0.16071466
v 9.51700974 8.13433170 0.23959430
v 9.84952831 8.39705658 0.08055347
v 9.85783863 8.38518906 0.15989469
v 9.86661530 8.37265491 0.23853962
v 9.52697086 8.12010479 0.31809697
v 9.53797626 8.10438728 0.39647123
v 9.55056572 8.08640862 0.47469649
v 9.87608051 8.35913754 0.31690824
v 9.88665295 8.34403706 0.39522111
v 9.89889526 8.32655430 0.47342160
v 9.56535435 8.06528664 0.55243832
v 9.58295727 8.04014874 0.62904966
v 9.91343307 8.30579185 0.55113667
v 9.93087769 8.28087807 0.62768382
v 10.18572712 8.65452862 -0.08173805
v 10.19242764 8.64495754 -0.00000000
v 10.19976711 8.63447571 0.08013359
v 10.20754623 8.62336636 0.15917318
v 10.21579742 8.61158276 0.23763174
v 10.53646374 8.89123535 -0.08126122
v 10.54272175 8.88229847 -0.00000000
v 10.54955578 8.87253857 0.07976515
v 10.55680370 8.86218739 0.15855497
v 10.56453609 8.85114479 0.23687771
v 10.88674736 9.12859154 -0.08083623
v 10.89255047 9.12030315 -0.00000000
v 10.89887333 9.11127377 0.07945058
v 10.90559101 9.10167980 0.15804486
v 10.91281033 9.09136963 0.23628458
v 10.22477722 8.59875774 0.31591183
v 10.23493481 8.58425140 0.39420480
v 10.24685001 8.56723499 0.47241724
v 10.26115990 8.54679871 0.55013734
v 10.27847195 8.52207470 0.62664765
v 10.57304287 8.83899498 0.31511697
v 10.58280182 8.82505798 0.39343363
v 10.59441185 8.80847740 0.47169682
v 10.60851669 8.78833389 0.54945582
v 10.62572002 8.76376438 0.62595886
v 10.92085743 9.07987595 0.31453288
v 10.93023586 9.06648254 0.39291891
v 10.94156265 9.05030727 0.47127381
v 10.95548534 9.03042221 0.54910785
v 10.97260571 9.00597191 0.62563527
v 9.60389519 8.01024532 0.70361960
v 9.97636795 8.21591091 0.77336663
v 9.95174217 8.25108147 0.70212573
v 10.00488472 8.17518616 0.84027869
v 10.29928493 8.49235058 0.70098549
v 10.32392120 8.45716572 0.77204329
v 10.35248280 8.41637611 0.83869761
v 10.03718472 8.12905598 0.90184069
v 10.07293987 8.07799339 0.95727056
v 10.11163998 8.02272224 1.00613058
v 10.38483429 8.37017250 0.89994800
v 10.42062283 8.31906223 0.95504677
v 10.50028610 8.20529079 1.04562497
v 10.45931816 8.26379871 1.00360012
v 10.64650726 8.73407745 0.70021868
v 10.67117786 8.69884396 0.77111745
v 10.69980621 8.65795898 0.83753741
v 10.99339199 8.97628689 0.69984543
v 10.54286289 8.14448452 1.08155084
v 10.73222923 8.61165428 0.89850020
v 10.84770775 8.44673347 1.04338861
v 10.89019680 8.38605213 1.07922661
v 10.76806831 8.56046963 0.95329368
v 10.80677700 8.50518894 1.00156844
v 10.58644009 8.08225060 1.11216521
v 10.63053322 8.01927853 1.13850605
v 10.93364429 8.32400322 1.10990191
v 10.97758198 8.26125431 1.13646901
v 11.23655415 9.36662674 -0.08046564
v 11.24189091 9.35900593 -0.00000000
v 11.24769688 9.35071373 0.07919236
v 11.25388527 9.34187508 0.15764764
v 11.26060104 9.33228493 0.23585941
v 11.58586311 9.60537434 -0.08015203
v 11.59072208 9.59843540 -0.00000000
v 11.59600639 9.59088802 0.07899293
v 11.60166836 9.58280277 0.15736809
v 11.60788631 9.57392216 0.23560923
v 11.26820183 9.32143021 0.31416872
v 11.27721786 9.30855370 0.39267209
v 11.28828144 9.29275322 0.47116175
v 11.30204868 9.27309132 0.54910904
v 11.31911182 9.24872303 0.62569481
v 11.61505508 9.56368446 0.31403384
v 11.62372684 9.55129910 0.39270458
v 11.63455200 9.53584003 0.47137433
v 11.66521835 9.49204445 0.62615556
v 11.64818668 9.51636696 0.54947531
v 12.28728104 8.60364628 -0.00000000
v 11.01812077 8.94097042 0.77061129
v 11.04683781 8.89995861 0.83682251
v 11.07935333 8.85352135 0.89752388
v 11.11526394 8.80223656 0.95203990
v 11.15400219 8.74691200 1.00006604
v 11.19491386 8.68848419 1.04171324
v 11.23733425 8.62790108 1.07749653
v 11.50098133 8.98898602 0.99912328
v 11.33992195 9.21900272 0.69988579
v 11.36473274 9.18356895 0.77054721
v 11.39356232 9.14239597 0.83657742
v 11.42619228 9.09579659 0.89704573
v 11.46219254 9.04438210 0.95131403
v 11.58426380 8.87004662 1.07639444
v 11.54189301 8.93055820 1.04063141
v 11.68607903 9.46225166 0.70036018
v 11.71099758 9.42666435 0.77094781
v 11.73996353 9.38529587 0.83682686
v 11.77272987 9.33850193 0.89709252
v 11.80884266 9.28692722 0.95114499
v 11.84770107 9.23143196 0.99877101
v 11.88863182 9.17297554 1.04017508
v 11.93097401 9.11250591 1.07595420
v 11.02171898 8.19821930 1.16006780
v 11.06596375 8.13503075 1.18175817
v 11.11040878 8.07155704 1.20235872
v 11.15528774 8.00746441 1.22231305
v 11.36847115 8.44061852 1.15910447
v 11.41259193 8.37760639 1.18134248
v 11.45694828 8.31426048 1.20257938
v 11.50178432 8.25022697 1.22320175
v 11.28067207 8.56600857 1.10826600
v 11.32447338 8.50345325 1.13509047
v 11.54741764 8.18505573 1.24312687
v 11.59415245 8.11831284 1.26178312
v 11.64220333 8.04968834 1.27815366
v 11.62751102 8.80828285 1.10729253
v 11.67120075 8.74588776 1.13440669
v 11.71508217 8.68321896 1.15886450
v 11.75910568 8.62034607 1.18167293
v 11.84822369 8.49307251 1.22485924
v 11.89389610 8.42784595 1.24541891
v 11.94071674 8.36098003 1.26460636
v 11.98888779 8.29218388 1.28135133
v 12.01775360 8.98857117 1.13445401
v 11.80340004 8.55708694 1.20356178
v 12.03844929 8.22140217 1.29425848
v 11.97415352 9.05083847 1.10701644
v 12.10549831 8.86325836 1.18278778
v 12.06154537 8.92603016 1.15938520
v 12.14976120 8.80004501 1.20534480
v 12.19460201 8.73600578 1.22732556
v 12.28728104 8.60364628 1.26822793
v 12.24034405 8.67068005 1.24851882
v 12.33560181 8.53463745 1.28533018
v 12.08923626 8.14887142 1.30176187
v 12.14086723 8.07513523 1.30230570
v 12.19276428 8.00101852 1.29452455
v 12.38532639 8.46362305 1.29839373
v 12.53998184 8.24275208 1.29787815
v 12.48801613 8.31696701 1.30611122
v 12.43626595 8.39087391 1.30583715
v 12.59142685 8.16928101 1.28016675
v 12.64155293 8.09769249 1.25248122
v 12.68958378 8.02909756 1.21485102
f 241 12 11
f 241 242 12
f 11 15 14
f 11 12 15
f 242 13 12
f 242 243 13
f 12 13 18
f 243 20 13
f 14 15 17
f 17 27 16
f 14 17 16
f 15 18 19
f 19 30 17
f 15 19 17
f 18 23 19
f 12 18 15
f 13 22 18
f 243 244 20
f 244 245 21
f 13 20 22
f 20 21 24
f 244 21 20
f 245 246 41
f 41 44 21
f 245 41 21
f 18 22 23
f 22 24 25
f 23 35 19
f 25 37 23
f 22 25 23
f 24 44 46
f 46 56 25
f 24 46 25
f 20 24 22
f 21 44 24
f 28 29 33
f 29 31 34
f 27 26 16
f 26 27 29
f 26 29 28
f 30 27 17
f 27 30 31
f 35 30 19
f 27 31 29
f 30 36 31
f 28 33 32
f 32 2 1
f 32 33 2
f 29 34 33
f 31 39 34
f 33 3 2
f 33 34 3
f 34 4 3
f 31 36 39
f 36 38 40
f 38 58 63
f 30 35 36
f 37 35 23
f 35 37 38
f 35 38 36
f 56 37 25
f 56 58 37
f 37 58 38
f 34 39 4
f 39 40 5
f 36 40 39
f 39 5 4
f 63 6 40
f 38 63 40
f 40 6 5
f 67 65 53
f 96 67 55
f 246 247 42
f 41 42 45
f 246 42 41
f 42 43 48
f 247 43 42
f 248 50 43
f 44 45 47
f 47 57 46
f 44 47 46
f 45 48 49
f 49 60 47
f 45 49 47
f 48 53 49
f 41 45 44
f 42 48 45
f 43 52 48
f 43 50 52
f 249 51 50
f 50 51 54
f 81 84 51
f 250 81 51
f 48 52 53
f 53 65 49
f 52 55 53
f 52 54 55
f 54 84 86
f 55 67 53
f 86 96 55
f 54 86 55
f 50 54 52
f 51 84 54
f 58 59 62
f 59 61 64
f 57 56 46
f 56 57 59
f 56 59 58
f 60 66 61
f 60 57 47
f 57 60 61
f 65 60 49
f 57 61 59
f 63 62 7
f 58 62 63
f 63 7 6
f 62 64 8
f 59 64 62
f 61 69 64
f 62 8 7
f 64 9 8
f 61 66 69
f 66 68 70
f 98 102 68
f 65 68 66
f 60 65 66
f 65 67 68
f 67 98 68
f 96 98 67
f 64 69 9
f 66 70 69
f 69 10 9
f 69 70 10
f 102 71 70
f 68 102 70
f 70 71 10
f 72 452 71
f 73 453 72
f 74 460 73
f 109 75 74
f 75 461 74
f 110 76 75
f 76 476 75
f 132 77 76
f 77 477 76
f 133 78 77
f 78 478 77
f 134 79 78
f 139 80 79
f 79 485 78
f 140 541 80
f 541 905 80
f 80 486 79
f 97 96 86
f 100 97 87
f 105 100 89
f 107 105 93
f 128 107 95
f 81 82 85
f 342 82 81
f 343 83 82
f 345 90 83
f 84 85 87
f 87 97 86
f 84 87 86
f 85 88 89
f 89 100 87
f 85 89 87
f 88 93 89
f 81 85 84
f 82 88 85
f 82 83 88
f 83 92 88
f 348 91 90
f 350 111 91
f 88 92 93
f 93 105 89
f 92 95 93
f 92 94 95
f 94 114 116
f 95 107 93
f 116 128 95
f 94 116 95
f 83 90 92
f 90 94 92
f 90 91 94
f 91 114 94
f 111 114 91
f 98 103 102
f 98 99 103
f 99 104 103
f 99 101 104
f 101 109 104
f 96 99 98
f 96 97 99
f 97 101 99
f 97 100 101
f 100 106 101
f 102 103 72
f 102 72 71
f 103 104 73
f 103 73 72
f 104 74 73
f 101 106 109
f 106 110 109
f 106 108 110
f 108 130 132
f 108 132 110
f 100 105 106
f 105 108 106
f 105 107 108
f 128 130 107
f 107 130 108
f 104 109 74
f 109 110 75
f 132 76 110
f 129 128 116
f 131 129 117
f 137 131 119
f 138 137 123
f 573 138 125
f 353 112 111
f 354 113 112
f 114 115 117
f 117 129 116
f 114 117 116
f 115 118 119
f 119 131 117
f 115 119 117
f 111 115 114
f 111 112 115
f 112 118 115
f 112 113 118
f 356 120 113
f 358 121 120
f 360 554 121
f 118 122 123
f 123 137 119
f 118 123 119
f 122 125 123
f 122 124 125
f 124 557 558
f 125 138 123
f 558 573 125
f 124 558 125
f 113 122 118
f 113 120 122
f 120 124 122
f 120 121 124
f 121 557 124
f 554 557 121
f 130 133 132
f 130 126 133
f 126 134 133
f 126 127 134
f 128 126 130
f 128 129 126
f 129 127 126
f 129 131 127
f 132 133 77
f 133 134 78
f 127 135 139
f 127 139 134
f 135 140 139
f 135 136 140
f 569 575 136
f 136 575 140
f 137 135 131
f 131 135 127
f 137 136 135
f 137 138 136
f 573 569 138
f 138 569 136
f 134 139 79
f 139 140 80
f 575 541 140
f 144 142 141
f 145 143 142
f 146 162 143
f 191 145 144
f 191 192 145
f 144 145 142
f 192 146 145
f 192 193 146
f 193 147 146
f 145 146 143
f 147 164 162
f 193 204 147
f 204 148 147
f 204 205 148
f 146 147 162
f 147 148 164
f 205 166 148
f 222 166 205
f 148 180 164
f 148 166 180
f 159 153 149
f 159 160 153
f 160 161 154
f 160 154 153
f 161 157 154
f 149 151 150
f 242 241 150
f 151 242 150
f 153 152 151
f 154 155 152
f 243 242 151
f 244 243 152
f 152 243 151
f 149 153 151
f 153 154 152
f 161 163 157
f 163 158 157
f 163 165 158
f 165 182 173
f 155 244 152
f 157 156 155
f 156 245 155
f 170 246 156
f 154 157 155
f 157 158 156
f 173 170 158
f 165 173 158
f 158 170 156
f 160 159 141
f 142 160 141
f 143 161 142
f 161 160 142
f 163 161 143
f 162 165 163
f 162 163 143
f 162 164 165
f 180 182 164
f 164 182 165
f 166 167 181
f 222 167 166
f 223 168 167
f 224 169 168
f 227 189 169
f 260 189 228
f 182 183 174
f 171 247 170
f 173 174 171
f 182 174 173
f 173 171 170
f 183 175 174
f 183 185 175
f 185 178 175
f 174 172 171
f 174 175 172
f 175 176 172
f 185 187 178
f 187 179 178
f 175 178 176
f 178 177 176
f 187 190 179
f 190 263 252
f 190 252 179
f 178 179 177
f 252 251 179
f 179 251 177
f 180 181 183
f 180 183 182
f 181 185 183
f 184 187 185
f 181 184 185
f 166 181 180
f 167 184 181
f 167 168 184
f 168 186 184
f 186 190 187
f 184 186 187
f 188 263 190
f 186 188 190
f 257 263 188
f 168 169 186
f 169 188 186
f 169 189 188
f 260 257 189
f 189 257 188
f 194 192 191
f 194 197 192
f 197 199 193
f 197 193 192
f 199 204 193
f 195 197 194
f 195 196 197
f 196 199 197
f 196 198 199
f 198 201 199
f 199 201 204
f 201 205 204
f 201 203 205
f 203 216 222
f 198 200 201
f 200 203 201
f 200 202 203
f 202 216 203
f 218 216 202
f 203 222 205
f 206 196 195
f 206 207 196
f 207 198 196
f 208 200 198
f 207 208 198
f 209 207 206
f 209 210 207
f 1085 210 209
f 210 208 207
f 210 211 208
f 211 212 208
f 1086 211 210
f 1087 214 211
f 212 202 200
f 212 213 202
f 208 212 200
f 213 218 202
f 213 231 218
f 211 214 212
f 214 213 212
f 214 215 213
f 1091 215 214
f 215 231 213
f 234 231 215
f 1092 234 215
f 218 217 216
f 218 219 217
f 219 220 217
f 221 229 220
f 219 221 220
f 222 223 167
f 216 223 222
f 216 217 223
f 217 224 223
f 217 220 224
f 220 227 224
f 223 224 168
f 221 225 229
f 225 226 230
f 220 229 227
f 229 228 227
f 224 227 169
f 229 230 228
f 230 293 228
f 230 296 293
f 228 189 227
f 293 260 228
f 225 230 229
f 226 296 230
f 292 296 226
f 231 219 218
f 231 232 219
f 232 221 219
f 232 233 221
f 233 225 221
f 234 232 231
f 234 235 232
f 1110 235 234
f 235 233 232
f 235 236 233
f 236 237 233
f 1111 236 235
f 1112 239 236
f 233 237 225
f 237 226 225
f 237 238 226
f 306 292 238
f 238 292 226
f 236 239 237
f 1116 240 239
f 239 238 237
f 239 240 238
f 240 306 238
f 309 306 240
f 1117 309 240
f 245 244 155
f 246 245 156
f 159 2021 141
f 2021 144 141
f 2021 159 149
f 2021 149 150
f 247 246 170
f 248 247 171
f 247 248 43
f 249 248 172
f 172 248 171
f 250 249 176
f 176 249 172
f 248 249 50
f 342 250 177
f 177 250 176
f 251 342 177
f 249 250 51
f 342 81 250
f 2021 194 191
f 2021 195 194
f 2021 206 195
f 2021 209 206
f 2021 1085 209
f 2021 1088 1085
f 2021 191 144
f 261 260 293
f 263 253 252
f 263 264 253
f 252 344 251
f 253 344 252
f 264 254 253
f 264 265 254
f 346 344 253
f 254 346 253
f 347 346 254
f 265 255 254
f 265 270 255
f 255 347 254
f 349 347 255
f 270 256 255
f 270 271 256
f 256 349 255
f 272 351 256
f 271 272 256
f 257 264 263
f 257 258 264
f 258 259 265
f 260 258 257
f 260 261 258
f 261 262 259
f 262 261 294
f 268 262 295
f 261 259 258
f 262 266 259
f 258 265 264
f 259 270 265
f 259 266 270
f 262 268 266
f 269 268 301
f 268 267 266
f 316 278 269
f 268 269 267
f 269 278 277
f 269 277 267
f 266 271 270
f 267 281 271
f 266 267 271
f 277 281 267
f 271 281 272
f 273 352 272
f 281 273 272
f 274 355 273
f 282 274 273
f 285 275 274
f 289 276 275
f 291 762 276
f 335 279 278
f 278 283 277
f 278 279 283
f 279 284 283
f 279 280 284
f 336 280 279
f 277 282 281
f 277 283 282
f 281 282 273
f 283 285 282
f 283 284 285
f 282 285 274
f 280 286 288
f 337 286 280
f 338 287 286
f 286 287 290
f 339 681 287
f 284 289 285
f 288 291 289
f 284 288 289
f 285 289 275
f 288 290 291
f 682 683 290
f 289 291 276
f 683 762 291
f 290 683 291
f 280 288 284
f 286 290 288
f 287 682 290
f 681 682 287
f 296 297 294
f 294 261 293
f 296 294 293
f 295 262 294
f 297 295 294
f 297 299 295
f 299 301 295
f 292 297 296
f 292 298 297
f 298 299 297
f 300 303 299
f 298 300 299
f 299 303 301
f 303 316 301
f 303 305 316
f 305 335 316
f 305 319 335
f 302 305 303
f 300 302 303
f 302 304 305
f 317 319 304
f 304 319 305
f 306 298 292
f 306 307 298
f 307 300 298
f 307 308 300
f 309 307 306
f 309 310 307
f 1205 310 309
f 310 308 307
f 310 311 308
f 311 312 308
f 1206 311 310
f 1207 313 311
f 308 302 300
f 313 315 312
f 311 313 312
f 1211 314 313
f 313 314 315
f 1212 325 314
f 308 312 302
f 312 304 302
f 312 315 304
f 315 317 304
f 315 326 317
f 314 326 315
f 325 326 314
f 301 268 295
f 316 269 301
f 335 278 316
f 319 320 336
f 317 320 319
f 317 318 320
f 318 321 320
f 318 322 321
f 322 340 321
f 341 340 323
f 323 340 322
f 324 341 323
f 708 722 324
f 326 318 317
f 326 327 318
f 325 327 326
f 327 322 318
f 327 328 322
f 329 328 327
f 325 329 327
f 1230 329 325
f 329 330 328
f 1231 330 329
f 328 331 323
f 330 331 328
f 333 332 331
f 328 323 322
f 331 324 323
f 331 332 324
f 332 708 324
f 710 708 332
f 334 710 332
f 330 333 331
f 1232 333 330
f 1236 334 333
f 333 334 332
f 713 710 334
f 1237 713 334
f 335 336 279
f 319 336 335
f 336 337 280
f 320 337 336
f 320 321 337
f 337 338 286
f 321 338 337
f 321 340 338
f 340 339 338
f 340 341 339
f 341 719 339
f 341 722 719
f 338 339 287
f 719 681 339
f 722 341 324
f 343 342 251
f 344 343 251
f 342 343 82
f 344 345 343
f 346 348 345
f 344 346 345
f 343 345 83
f 347 350 348
f 346 347 348
f 345 348 90
f 347 349 350
f 349 353 350
f 351 353 349
f 348 350 91
f 350 353 111
f 351 349 256
f 351 354 353
f 351 352 354
f 353 354 112
f 352 356 354
f 352 355 356
f 354 356 113
f 352 351 272
f 355 352 273
f 355 358 356
f 355 357 358
f 356 358 120
f 357 360 358
f 357 359 360
f 758 759 359
f 358 360 121
f 759 554 360
f 359 759 360
f 357 355 274
f 275 357 274
f 359 357 275
f 276 359 275
f 758 359 276
f 762 758 276
f 362 361 1
f 2 362 1
f 361 362 365
f 3 363 2
f 363 362 2
f 367 363 3
f 362 363 366
f 376 377 364
f 365 376 364
f 366 380 365
f 380 376 365
f 382 380 366
f 361 365 364
f 362 366 365
f 363 369 366
f 4 367 3
f 5 368 4
f 368 367 4
f 363 367 369
f 367 368 370
f 6 386 5
f 386 368 5
f 368 386 389
f 369 382 366
f 370 384 369
f 384 382 369
f 389 406 370
f 406 384 370
f 367 370 369
f 368 389 370
f 379 372 378
f 372 371 378
f 381 373 379
f 373 372 379
f 374 373 381
f 383 374 381
f 375 383 385
f 375 374 383
f 396 399 385
f 399 375 385
f 377 376 379
f 377 379 378
f 376 380 381
f 376 381 379
f 380 383 381
f 380 382 383
f 382 384 385
f 383 382 385
f 406 396 384
f 384 396 385
f 388 394 391
f 387 386 6
f 7 387 6
f 386 387 390
f 8 388 7
f 388 387 7
f 392 388 8
f 387 388 391
f 407 406 389
f 390 407 389
f 390 387 391
f 409 408 391
f 408 390 391
f 408 407 390
f 386 390 389
f 392 395 394
f 393 454 395
f 393 392 9
f 9 392 8
f 388 392 394
f 451 393 10
f 10 393 9
f 71 451 10
f 392 393 395
f 393 451 454
f 394 409 391
f 410 409 394
f 395 410 394
f 454 456 395
f 456 410 395
f 399 396 400
f 396 397 400
f 397 398 401
f 397 401 400
f 398 404 401
f 398 402 404
f 402 405 404
f 402 403 405
f 466 469 403
f 403 469 405
f 406 407 397
f 406 397 396
f 407 408 398
f 407 398 397
f 408 402 398
f 409 402 408
f 409 403 402
f 409 410 403
f 456 466 410
f 410 466 403
f 2021 26 28
f 2021 28 32
f 2021 32 1
f 361 2021 1
f 2021 361 364
f 412 411 371
f 372 412 371
f 373 413 372
f 413 412 372
f 417 413 373
f 415 414 411
f 412 415 411
f 413 416 412
f 416 415 412
f 419 416 413
f 418 417 374
f 374 417 373
f 375 418 374
f 431 418 375
f 399 431 375
f 417 419 413
f 418 420 417
f 420 419 417
f 431 434 418
f 434 420 418
f 423 422 414
f 423 414 415
f 416 421 415
f 421 423 415
f 427 421 416
f 425 424 422
f 423 425 422
f 421 426 423
f 426 425 423
f 426 421 429
f 427 428 430
f 441 428 420
f 441 444 428
f 419 427 416
f 420 428 419
f 428 427 419
f 434 441 420
f 421 427 429
f 427 430 429
f 1887 426 429
f 430 1888 429
f 428 444 430
f 444 1901 430
f 432 431 399
f 432 399 400
f 401 433 400
f 433 432 400
f 437 433 401
f 436 443 435
f 435 434 431
f 432 435 431
f 433 436 432
f 436 435 432
f 440 436 433
f 404 437 401
f 438 437 404
f 405 438 404
f 469 501 405
f 501 438 405
f 440 447 436
f 439 448 440
f 504 511 439
f 437 440 433
f 439 440 437
f 438 439 437
f 501 504 438
f 504 439 438
f 442 441 434
f 441 442 445
f 443 442 435
f 447 443 436
f 442 443 446
f 435 442 434
f 441 445 444
f 445 1902 444
f 442 446 445
f 443 449 446
f 446 1903 445
f 448 447 440
f 443 447 449
f 511 448 439
f 450 447 448
f 511 514 448
f 447 450 449
f 449 1907 446
f 514 450 448
f 450 1908 449
f 514 1951 450
f 2021 377 378
f 371 2021 378
f 411 2021 371
f 377 2021 364
f 414 2021 411
f 422 2021 414
f 424 2021 422
f 451 455 454
f 452 458 455
f 453 462 458
f 452 451 71
f 451 452 455
f 453 452 72
f 460 453 73
f 452 453 458
f 454 455 457
f 454 457 456
f 455 458 459
f 455 459 457
f 458 463 459
f 464 462 460
f 479 464 461
f 461 460 74
f 462 453 460
f 476 461 75
f 461 464 460
f 476 479 461
f 458 462 463
f 462 465 463
f 462 464 465
f 479 481 464
f 464 481 465
f 468 467 457
f 472 468 459
f 466 470 469
f 466 467 470
f 467 468 471
f 467 471 470
f 468 474 471
f 473 472 463
f 491 473 465
f 468 472 474
f 472 475 474
f 472 473 475
f 473 491 494
f 473 494 475
f 457 467 456
f 467 466 456
f 459 468 457
f 463 472 459
f 465 473 463
f 481 491 465
f 480 479 476
f 483 480 477
f 478 483 477
f 477 476 76
f 477 480 476
f 478 477 77
f 479 480 482
f 479 482 481
f 480 483 484
f 480 484 482
f 485 487 478
f 487 483 478
f 489 487 485
f 486 489 485
f 905 908 486
f 908 489 486
f 485 478 78
f 486 485 79
f 905 486 80
f 483 487 488
f 483 488 484
f 487 490 488
f 487 489 490
f 908 909 489
f 489 909 490
f 492 491 481
f 493 492 482
f 491 495 494
f 491 492 495
f 492 496 495
f 492 493 496
f 498 497 488
f 497 493 484
f 909 920 490
f 920 498 490
f 493 497 499
f 493 499 496
f 497 500 499
f 498 923 500
f 497 498 500
f 920 923 498
f 482 492 481
f 484 493 482
f 488 497 484
f 490 498 488
f 502 501 469
f 470 502 469
f 471 503 470
f 503 502 470
f 507 503 471
f 505 512 504
f 506 513 505
f 505 504 501
f 505 501 502
f 503 506 502
f 506 505 502
f 509 506 503
f 474 507 471
f 508 507 474
f 507 509 503
f 475 508 474
f 494 521 475
f 521 508 475
f 508 510 507
f 521 524 508
f 510 509 507
f 509 517 506
f 524 510 508
f 510 518 509
f 524 531 510
f 512 511 504
f 512 515 511
f 513 512 505
f 517 513 506
f 513 516 512
f 515 514 511
f 515 1952 514
f 516 515 512
f 519 516 513
f 516 1953 515
f 518 517 509
f 517 519 513
f 531 518 510
f 518 520 517
f 531 534 518
f 520 519 517
f 519 1957 516
f 534 520 518
f 520 1958 519
f 534 1971 520
f 522 521 494
f 495 522 494
f 522 525 521
f 523 522 495
f 496 523 495
f 523 526 522
f 525 524 521
f 525 532 524
f 526 525 522
f 526 533 525
f 528 530 527
f 955 958 528
f 499 527 496
f 527 523 496
f 528 527 499
f 527 529 523
f 500 528 499
f 923 955 500
f 955 528 500
f 529 526 523
f 530 529 527
f 529 537 526
f 958 530 528
f 530 538 529
f 958 965 530
f 532 531 524
f 532 535 531
f 533 532 525
f 533 536 532
f 535 534 531
f 535 1972 534
f 536 535 532
f 536 1973 535
f 537 533 526
f 538 537 529
f 537 539 533
f 965 538 530
f 538 540 537
f 965 968 538
f 540 539 537
f 539 536 533
f 539 1977 536
f 968 540 538
f 540 1978 539
f 968 2462 540
f 241 2021 150
f 2021 241 11
f 2021 11 14
f 2021 14 16
f 26 2021 16
f 575 542 541
f 542 906 541
f 576 543 542
f 543 907 542
f 572 544 543
f 544 578 545
f 544 914 543
f 580 546 545
f 915 544 545
f 546 930 545
f 602 547 546
f 547 931 546
f 605 548 547
f 548 932 547
f 606 608 549
f 606 549 548
f 608 550 549
f 549 939 548
f 608 610 550
f 610 611 550
f 550 940 549
f 995 940 550
f 574 573 558
f 574 561 551
f 562 552 551
f 566 553 552
f 568 581 553
f 759 555 554
f 760 556 555
f 557 561 558
f 557 559 561
f 561 574 558
f 559 562 561
f 559 560 562
f 561 562 551
f 554 559 557
f 554 555 559
f 555 560 559
f 555 556 560
f 761 563 556
f 767 564 563
f 768 586 564
f 560 566 562
f 560 565 566
f 565 568 566
f 562 566 552
f 565 567 568
f 567 590 568
f 567 589 590
f 566 568 553
f 590 581 568
f 556 565 560
f 556 563 565
f 563 567 565
f 563 564 567
f 564 589 567
f 586 589 564
f 569 576 575
f 569 570 576
f 576 570 572
f 570 571 572
f 573 570 569
f 573 574 570
f 574 571 570
f 571 574 551
f 575 576 542
f 576 572 543
f 571 578 572
f 577 580 578
f 571 577 578
f 579 602 580
f 577 579 580
f 579 601 602
f 552 577 551
f 577 571 551
f 579 577 552
f 553 579 552
f 581 601 553
f 601 579 553
f 572 578 544
f 578 580 545
f 602 546 580
f 590 582 581
f 593 583 582
f 594 584 583
f 598 585 584
f 598 599 585
f 599 621 585
f 773 587 586
f 774 588 587
f 589 593 590
f 589 591 593
f 590 593 582
f 591 594 593
f 591 592 594
f 593 594 583
f 586 591 589
f 586 587 591
f 587 592 591
f 587 588 592
f 775 595 588
f 782 596 595
f 783 626 596
f 592 598 594
f 597 599 598
f 592 597 598
f 594 598 584
f 600 629 599
f 597 600 599
f 588 597 592
f 588 595 597
f 595 600 597
f 595 596 600
f 596 630 600
f 601 605 602
f 601 603 605
f 603 606 605
f 603 604 606
f 603 601 581
f 582 603 581
f 604 603 582
f 583 604 582
f 602 605 547
f 605 606 548
f 604 608 606
f 607 610 608
f 604 607 608
f 609 642 610
f 607 609 610
f 604 583 607
f 583 584 607
f 584 609 607
f 584 585 609
f 585 641 609
f 642 611 610
f 642 645 613
f 642 613 611
f 611 995 550
f 613 996 611
f 996 995 611
f 613 645 612
f 645 646 612
f 997 996 613
f 997 613 612
f 646 648 614
f 646 614 612
f 614 1004 612
f 1004 997 612
f 648 650 615
f 648 615 614
f 650 616 615
f 615 1006 614
f 1006 1004 614
f 1020 1006 615
f 672 616 650
f 672 618 616
f 672 675 618
f 616 1020 615
f 618 1022 616
f 1022 1020 616
f 675 617 618
f 675 676 617
f 1023 1022 618
f 617 1023 618
f 678 680 620
f 676 619 617
f 676 678 619
f 1029 1023 617
f 619 1029 617
f 678 620 619
f 680 3842 620
f 620 1031 619
f 1031 1029 619
f 4222 1031 620
f 629 621 599
f 629 622 621
f 629 631 622
f 622 623 644
f 631 623 622
f 631 632 623
f 623 624 647
f 632 624 623
f 632 637 624
f 624 625 649
f 637 625 624
f 637 639 625
f 639 651 625
f 626 630 596
f 626 627 633
f 855 627 626
f 627 628 634
f 856 628 627
f 630 631 629
f 600 630 629
f 630 633 631
f 633 632 631
f 633 634 632
f 626 633 630
f 627 634 633
f 628 635 638
f 857 635 628
f 635 636 640
f 864 636 635
f 865 656 636
f 634 637 632
f 634 638 637
f 638 639 637
f 640 659 639
f 638 640 639
f 628 638 634
f 635 640 638
f 636 660 640
f 641 643 645
f 641 645 642
f 641 642 609
f 643 644 646
f 643 646 645
f 621 641 585
f 621 643 641
f 621 622 643
f 622 644 643
f 647 648 644
f 644 648 646
f 647 649 650
f 625 671 649
f 647 650 648
f 649 672 650
f 623 647 644
f 624 649 647
f 659 661 652
f 625 651 671
f 651 652 673
f 659 651 639
f 659 652 651
f 661 662 653
f 652 653 674
f 661 653 652
f 662 668 654
f 653 654 677
f 662 654 653
f 668 670 655
f 654 655 679
f 668 655 654
f 670 3852 655
f 656 660 636
f 656 663 660
f 656 657 663
f 877 657 656
f 663 657 664
f 657 658 664
f 878 658 657
f 660 661 659
f 640 660 659
f 660 663 661
f 663 662 661
f 663 664 662
f 658 669 664
f 658 666 669
f 879 666 658
f 669 666 665
f 666 667 665
f 667 3857 665
f 886 667 666
f 887 3859 667
f 664 668 662
f 664 669 668
f 669 670 668
f 665 3861 670
f 669 665 670
f 671 672 649
f 651 673 671
f 671 673 675
f 671 675 672
f 652 674 673
f 673 674 676
f 673 676 675
f 653 677 674
f 677 678 674
f 674 678 676
f 654 679 677
f 677 679 680
f 655 3872 679
f 677 680 678
f 679 3873 680
f 683 765 762
f 686 766 765
f 719 688 681
f 720 689 688
f 682 684 686
f 683 686 765
f 682 686 683
f 686 687 766
f 684 687 686
f 684 685 687
f 681 684 682
f 681 688 684
f 688 685 684
f 688 689 685
f 687 690 770
f 685 690 687
f 685 691 690
f 691 692 690
f 690 692 772
f 691 693 692
f 697 696 693
f 693 696 692
f 689 691 685
f 689 694 691
f 694 693 691
f 721 694 689
f 726 695 694
f 694 695 693
f 695 697 693
f 695 699 697
f 727 699 695
f 697 698 696
f 697 702 698
f 702 788 698
f 703 788 702
f 699 700 702
f 740 700 699
f 699 702 697
f 741 701 700
f 700 703 702
f 700 701 703
f 789 788 703
f 704 789 703
f 790 789 704
f 706 790 704
f 742 705 701
f 746 707 705
f 701 704 703
f 701 705 704
f 705 706 704
f 705 707 706
f 707 791 706
f 747 792 707
f 710 709 708
f 710 711 709
f 713 711 710
f 711 725 709
f 711 712 725
f 714 712 711
f 1485 714 713
f 713 714 711
f 714 715 712
f 1486 715 714
f 712 716 728
f 715 716 712
f 717 732 716
f 715 717 716
f 1487 717 715
f 1487 1492 717
f 1492 718 717
f 718 732 717
f 733 749 718
f 1492 1493 718
f 1493 733 718
f 1493 1510 733
f 722 720 719
f 722 723 720
f 719 720 688
f 723 724 721
f 720 721 689
f 723 721 720
f 723 722 708
f 709 723 708
f 724 723 709
f 725 724 709
f 721 726 694
f 724 726 721
f 724 729 726
f 729 727 726
f 729 731 727
f 731 740 727
f 731 735 740
f 725 729 724
f 728 731 729
f 725 728 729
f 728 730 731
f 734 735 730
f 730 735 731
f 726 727 695
f 740 699 727
f 712 728 725
f 716 730 728
f 716 732 730
f 732 734 730
f 732 749 734
f 749 732 718
f 1510 752 733
f 1510 1511 752
f 735 741 740
f 735 737 741
f 737 738 742
f 734 737 735
f 734 736 737
f 736 738 737
f 736 739 738
f 740 741 700
f 741 742 701
f 737 742 741
f 739 743 738
f 744 748 743
f 739 744 743
f 745 806 748
f 744 745 748
f 742 746 705
f 738 746 742
f 738 743 746
f 743 747 746
f 746 747 707
f 743 748 747
f 748 803 747
f 749 736 734
f 749 750 736
f 750 749 733
f 750 739 736
f 750 751 739
f 752 751 750
f 752 750 733
f 752 753 751
f 1511 753 752
f 1511 1515 753
f 751 754 744
f 753 754 751
f 754 756 755
f 751 744 739
f 754 745 744
f 754 755 745
f 755 801 745
f 757 816 755
f 753 756 754
f 753 1515 756
f 1515 1519 756
f 1519 757 756
f 756 757 755
f 1519 1521 757
f 1521 819 757
f 758 763 760
f 759 760 555
f 758 760 759
f 763 764 761
f 760 761 556
f 763 761 760
f 762 763 758
f 762 765 763
f 765 764 763
f 765 766 764
f 764 769 767
f 761 767 563
f 764 767 761
f 769 768 767
f 767 768 564
f 768 773 586
f 769 771 768
f 771 773 768
f 776 773 771
f 770 769 766
f 766 769 764
f 770 771 769
f 687 770 766
f 690 772 770
f 770 772 771
f 772 776 771
f 777 776 772
f 692 777 772
f 692 696 777
f 773 774 587
f 776 774 773
f 776 778 774
f 774 775 588
f 778 775 774
f 778 779 775
f 777 778 776
f 777 780 778
f 696 780 777
f 780 779 778
f 780 781 779
f 698 781 780
f 775 782 595
f 779 782 775
f 779 784 782
f 784 783 782
f 782 783 596
f 784 786 783
f 786 855 783
f 781 784 779
f 781 785 784
f 785 786 784
f 788 785 781
f 789 787 785
f 785 787 786
f 787 858 786
f 790 859 787
f 696 698 780
f 788 781 698
f 789 785 788
f 789 790 787
f 870 790 706
f 791 870 706
f 793 871 791
f 792 791 707
f 792 793 791
f 792 795 793
f 803 795 792
f 795 794 793
f 795 796 794
f 804 796 795
f 796 875 794
f 797 875 796
f 805 797 796
f 876 875 797
f 798 876 797
f 810 798 797
f 811 799 798
f 799 895 798
f 826 800 799
f 827 898 800
f 902 898 828
f 801 806 745
f 803 792 747
f 748 806 803
f 806 804 803
f 806 807 804
f 803 804 795
f 807 805 804
f 807 808 805
f 804 805 796
f 801 807 806
f 801 802 807
f 802 808 807
f 802 809 808
f 808 810 805
f 808 812 810
f 805 810 797
f 810 811 798
f 812 811 810
f 812 814 811
f 814 826 811
f 809 812 808
f 809 813 812
f 813 814 812
f 815 830 814
f 813 815 814
f 816 801 755
f 816 802 801
f 816 817 802
f 819 817 816
f 817 809 802
f 818 809 817
f 820 818 817
f 819 816 757
f 1605 819 1521
f 1605 820 819
f 1605 1607 820
f 819 820 817
f 820 821 818
f 1607 821 820
f 1607 1609 821
f 822 813 818
f 821 822 818
f 823 825 822
f 821 823 822
f 1609 823 821
f 1609 1614 823
f 823 824 825
f 1614 1616 824
f 1614 824 823
f 1616 841 824
f 813 809 818
f 815 813 822
f 825 815 822
f 825 829 815
f 824 843 825
f 826 799 811
f 826 827 800
f 814 830 826
f 830 827 826
f 830 833 827
f 828 898 827
f 833 828 827
f 833 834 828
f 829 833 830
f 829 830 815
f 829 831 833
f 843 831 829
f 844 832 831
f 831 834 833
f 831 832 834
f 835 902 828
f 834 835 828
f 834 837 835
f 836 904 835
f 837 836 835
f 837 839 836
f 839 4069 836
f 845 838 832
f 832 837 834
f 832 838 837
f 838 839 837
f 840 3982 839
f 838 840 839
f 849 840 838
f 850 3983 840
f 824 841 843
f 1630 846 841
f 1630 841 1616
f 1630 842 846
f 843 829 825
f 843 844 831
f 841 844 843
f 841 846 844
f 844 845 832
f 846 845 844
f 846 847 845
f 842 847 846
f 842 848 847
f 849 838 845
f 847 849 845
f 847 851 849
f 851 850 849
f 851 853 850
f 853 3988 850
f 849 850 840
f 848 851 847
f 848 852 851
f 852 853 851
f 854 3990 853
f 852 854 853
f 855 626 783
f 855 856 627
f 858 855 786
f 858 856 855
f 858 862 856
f 856 857 628
f 862 857 856
f 862 863 857
f 787 859 858
f 859 862 858
f 859 860 862
f 870 860 859
f 860 863 862
f 871 861 860
f 860 861 863
f 857 864 635
f 863 864 857
f 863 867 864
f 864 865 636
f 867 865 864
f 867 869 865
f 869 877 865
f 861 867 863
f 861 866 867
f 872 866 861
f 866 869 867
f 868 881 869
f 866 868 869
f 873 868 866
f 874 880 868
f 870 859 790
f 870 871 860
f 871 870 791
f 871 872 861
f 872 871 793
f 794 872 793
f 873 866 872
f 873 872 794
f 875 873 794
f 873 874 868
f 875 874 873
f 875 876 874
f 876 892 874
f 895 876 798
f 865 877 656
f 877 878 657
f 881 877 869
f 881 878 877
f 881 882 878
f 878 879 658
f 882 879 878
f 882 883 879
f 880 882 881
f 868 880 881
f 880 884 882
f 892 884 880
f 884 883 882
f 893 885 884
f 884 885 883
f 879 886 666
f 883 886 879
f 883 888 886
f 886 887 667
f 888 887 886
f 888 890 887
f 890 4009 887
f 885 888 883
f 894 889 885
f 885 889 888
f 889 890 888
f 891 4011 890
f 889 891 890
f 899 891 889
f 900 4012 891
f 892 880 874
f 892 893 884
f 895 892 876
f 895 893 892
f 895 896 893
f 893 894 885
f 896 894 893
f 896 897 894
f 896 895 799
f 800 896 799
f 897 896 800
f 898 897 800
f 899 889 894
f 897 899 894
f 897 901 899
f 899 900 891
f 901 903 900
f 901 900 899
f 903 4024 900
f 898 901 897
f 898 902 901
f 902 903 901
f 904 4026 903
f 902 904 903
f 904 902 835
f 4027 904 836
f 910 908 905
f 906 910 905
f 911 910 906
f 907 911 906
f 906 905 541
f 907 906 542
f 908 910 912
f 908 912 909
f 910 911 913
f 910 913 912
f 914 916 907
f 916 911 907
f 918 916 914
f 915 918 914
f 930 933 915
f 933 918 915
f 914 907 543
f 915 914 544
f 930 915 545
f 911 916 917
f 911 917 913
f 916 919 917
f 916 918 919
f 933 934 918
f 918 934 919
f 921 920 909
f 912 921 909
f 922 921 912
f 913 922 912
f 920 924 923
f 920 921 924
f 921 925 924
f 921 922 925
f 925 957 924
f 917 926 913
f 926 922 913
f 927 926 917
f 919 927 917
f 934 945 919
f 945 927 919
f 922 928 925
f 926 929 928
f 922 926 928
f 928 961 925
f 927 948 929
f 926 927 929
f 927 945 948
f 929 962 928
f 948 975 929
f 931 935 930
f 935 933 930
f 936 935 931
f 936 931 932
f 931 930 546
f 932 931 547
f 933 935 937
f 933 937 934
f 935 936 938
f 935 938 937
f 939 941 932
f 941 936 932
f 943 941 939
f 940 943 939
f 999 943 940
f 939 932 548
f 940 939 549
f 936 941 942
f 936 942 938
f 941 944 942
f 941 943 944
f 943 1000 944
f 937 946 934
f 946 945 934
f 947 946 937
f 938 947 937
f 945 949 948
f 945 946 949
f 949 976 948
f 946 950 949
f 946 947 950
f 950 977 949
f 942 951 938
f 951 947 938
f 952 951 942
f 944 952 942
f 1010 952 944
f 947 953 950
f 951 954 953
f 947 951 953
f 953 981 950
f 952 1013 954
f 951 952 954
f 954 982 953
f 955 956 959
f 956 957 960
f 956 955 923
f 924 956 923
f 957 956 924
f 958 955 959
f 966 958 959
f 956 960 959
f 960 967 959
f 957 961 963
f 961 962 964
f 975 978 962
f 961 957 925
f 962 961 928
f 975 962 929
f 957 963 960
f 961 964 963
f 963 971 960
f 962 978 964
f 964 972 963
f 978 985 964
f 966 965 958
f 966 969 965
f 967 966 959
f 967 970 966
f 969 968 965
f 969 2463 968
f 970 969 966
f 970 2464 969
f 971 967 960
f 972 971 963
f 971 973 967
f 985 972 964
f 972 974 971
f 985 988 972
f 973 970 967
f 974 973 971
f 973 2468 970
f 988 974 972
f 974 2469 973
f 988 2482 974
f 975 976 979
f 976 977 980
f 976 975 948
f 977 976 949
f 975 979 978
f 979 986 978
f 976 980 979
f 980 987 979
f 977 981 983
f 981 982 984
f 981 977 950
f 982 981 953
f 1045 982 954
f 977 983 980
f 981 984 983
f 983 991 980
f 982 1048 984
f 984 992 983
f 986 985 978
f 986 989 985
f 987 986 979
f 987 990 986
f 989 988 985
f 989 2483 988
f 990 989 986
f 990 2484 989
f 991 987 980
f 992 991 983
f 991 993 987
f 1055 992 984
f 992 994 991
f 993 990 987
f 994 993 991
f 993 2488 990
f 1058 994 992
f 994 2489 993
f 995 999 940
f 996 1001 995
f 1001 999 995
f 996 997 998
f 1001 996 998
f 999 1000 943
f 999 1001 1002
f 999 1002 1000
f 1001 998 1003
f 1001 1003 1002
f 1004 1005 997
f 997 1005 998
f 1004 1006 1007
f 1004 1007 1005
f 1006 1021 1007
f 998 1005 1008
f 998 1008 1003
f 1005 1007 1009
f 1005 1009 1008
f 1007 1026 1009
f 1000 1010 944
f 1002 1011 1000
f 1011 1010 1000
f 1012 1011 1002
f 1003 1012 1002
f 1010 1014 1013
f 1010 1013 952
f 1010 1011 1014
f 1013 1045 954
f 1014 1046 1013
f 1011 1015 1014
f 1011 1012 1015
f 1015 1047 1014
f 1008 1016 1003
f 1016 1012 1003
f 1009 1017 1008
f 1017 1016 1008
f 1035 1017 1009
f 1012 1018 1015
f 1012 1016 1018
f 1018 1051 1015
f 1016 1019 1018
f 1017 1038 1019
f 1016 1017 1019
f 1019 1052 1018
f 1020 1021 1006
f 1020 1022 1024
f 1020 1024 1021
f 1022 1023 1025
f 1022 1025 1024
f 1021 1026 1007
f 1021 1024 1027
f 1021 1027 1026
f 1024 1025 1028
f 1024 1028 1027
f 1029 1030 1023
f 1023 1030 1025
f 1029 1031 1032
f 1029 1032 1030
f 1031 4223 1032
f 1025 1030 1033
f 1025 1033 1028
f 1030 1032 1034
f 1030 1034 1033
f 1032 4226 1034
f 1026 1035 1009
f 1027 1036 1026
f 1036 1035 1026
f 1037 1036 1027
f 1028 1037 1027
f 1035 1039 1038
f 1017 1035 1038
f 1035 1036 1039
f 1038 1065 1019
f 1039 1066 1038
f 1036 1040 1039
f 1036 1037 1040
f 1040 1067 1039
f 1041 1037 1028
f 1033 1041 1028
f 1034 1042 1033
f 1042 1041 1033
f 4237 1042 1034
f 1037 1043 1040
f 1037 1041 1043
f 1043 1071 1040
f 1041 1044 1043
f 1042 4239 1044
f 1041 1042 1044
f 1044 1072 1043
f 1045 1048 982
f 1045 1046 1049
f 1046 1047 1050
f 1046 1045 1013
f 1047 1046 1014
f 1045 1049 1048
f 1048 1055 984
f 1049 1056 1048
f 1046 1050 1049
f 1050 1057 1049
f 1047 1051 1053
f 1051 1052 1054
f 1051 1047 1015
f 1052 1051 1018
f 1065 1052 1019
f 1047 1053 1050
f 1053 1061 1050
f 1051 1054 1053
f 1052 1068 1054
f 1054 1062 1053
f 1056 1055 1048
f 1055 1058 992
f 1056 1059 1055
f 1057 1056 1049
f 1057 1060 1056
f 1059 1058 1055
f 1058 2532 994
f 1059 2533 1058
f 1060 1059 1056
f 1060 2534 1059
f 1061 1057 1050
f 1061 1063 1057
f 1062 1061 1053
f 1075 1062 1054
f 1062 1064 1061
f 1063 1060 1057
f 1063 2538 1060
f 1064 1063 1061
f 1078 1064 1062
f 1064 2539 1063
f 1065 1068 1052
f 1065 1066 1069
f 1066 1067 1070
f 1066 1065 1038
f 1067 1066 1039
f 1065 1069 1068
f 1068 1075 1054
f 1069 1076 1068
f 1066 1070 1069
f 1070 1077 1069
f 1067 1071 1073
f 1071 1072 1074
f 1071 1067 1040
f 1072 1071 1043
f 4272 1072 1044
f 1067 1073 1070
f 1073 1081 1070
f 1071 1074 1073
f 1072 4274 1074
f 1074 1082 1073
f 1076 1075 1068
f 1075 1078 1062
f 1076 1079 1075
f 1077 1076 1069
f 1077 1080 1076
f 1079 1078 1075
f 1078 2552 1064
f 1079 2553 1078
f 1080 1079 1076
f 1080 2554 1079
f 1081 1077 1070
f 1081 1083 1077
f 1082 1081 1073
f 4282 1082 1074
f 1082 1084 1081
f 1083 1080 1077
f 1083 2558 1080
f 1084 1083 1081
f 4284 1084 1082
f 1084 2559 1083
f 1085 1086 210
f 1088 1086 1085
f 1086 1087 211
f 1089 1087 1086
f 1090 1091 1087
f 1088 1089 1086
f 1095 1089 1088
f 1089 1090 1087
f 1096 1090 1089
f 1097 1093 1090
f 1087 1091 214
f 1091 1092 215
f 1091 1093 1092
f 1092 1110 234
f 1094 1110 1092
f 1090 1093 1091
f 1093 1094 1092
f 1104 1094 1093
f 1104 1105 1094
f 1113 1110 1094
f 1105 1113 1094
f 1105 1120 1113
f 1095 1096 1089
f 1098 1096 1095
f 1096 1097 1090
f 1098 1099 1096
f 1099 1097 1096
f 1099 1102 1097
f 1102 1104 1097
f 1100 1099 1098
f 1100 1101 1099
f 1101 1102 1099
f 1103 1106 1102
f 1101 1103 1102
f 1097 1104 1093
f 1102 1106 1104
f 1106 1105 1104
f 1106 1108 1105
f 1108 1120 1105
f 1123 1120 1108
f 1107 1108 1106
f 1103 1107 1106
f 1107 1109 1108
f 1109 1123 1108
f 1109 1125 1123
f 1110 1111 235
f 1113 1111 1110
f 1111 1112 236
f 1114 1112 1111
f 1115 1116 1112
f 1113 1114 1111
f 1120 1114 1113
f 1120 1121 1114
f 1114 1115 1112
f 1121 1115 1114
f 1121 1122 1115
f 1122 1118 1115
f 1112 1116 239
f 1118 1117 1116
f 1116 1117 240
f 1117 1205 309
f 1119 1205 1117
f 1115 1118 1116
f 1122 1129 1118
f 1129 1119 1118
f 1118 1119 1117
f 1208 1205 1119
f 1129 1130 1119
f 1130 1208 1119
f 1215 1208 1130
f 1123 1121 1120
f 1123 1124 1121
f 1124 1122 1121
f 1124 1127 1122
f 1127 1129 1122
f 1125 1124 1123
f 1125 1126 1124
f 1126 1127 1124
f 1128 1131 1127
f 1126 1128 1127
f 1127 1131 1129
f 1131 1130 1129
f 1131 1133 1130
f 1133 1215 1130
f 1218 1215 1133
f 1132 1133 1131
f 1128 1132 1131
f 1134 1218 1133
f 1132 1134 1133
f 1134 1225 1218
f 1135 1101 1100
f 1135 1136 1101
f 1138 1136 1135
f 1136 1103 1101
f 1136 1137 1103
f 1137 1107 1103
f 1139 1137 1136
f 1140 1141 1137
f 1138 1139 1136
f 1139 1140 1137
f 1155 1139 1138
f 1156 1140 1139
f 1157 1143 1140
f 1137 1141 1107
f 1141 1109 1107
f 1141 1142 1109
f 1143 1142 1141
f 1142 1125 1109
f 1145 1125 1142
f 1144 1145 1142
f 1140 1143 1141
f 1143 1144 1142
f 1144 1148 1145
f 1158 1144 1143
f 1157 1158 1143
f 1158 1159 1144
f 1159 1148 1144
f 1159 1180 1148
f 1145 1126 1125
f 1145 1146 1126
f 1148 1146 1145
f 1146 1128 1126
f 1146 1147 1128
f 1147 1132 1128
f 1149 1147 1146
f 1150 1151 1147
f 1148 1149 1146
f 1149 1150 1147
f 1180 1149 1148
f 1180 1181 1149
f 1181 1150 1149
f 1182 1153 1150
f 1181 1182 1150
f 1147 1151 1132
f 1151 1134 1132
f 1153 1152 1151
f 1151 1152 1134
f 1152 1225 1134
f 1255 1225 1152
f 1154 1255 1152
f 1150 1153 1151
f 1153 1154 1152
f 1258 1255 1154
f 1183 1154 1153
f 1182 1183 1153
f 1184 1258 1154
f 1183 1184 1154
f 1275 1258 1184
f 2021 1095 1088
f 2021 1098 1095
f 2021 1100 1098
f 2021 1135 1100
f 2021 1138 1135
f 1155 1156 1139
f 1160 1156 1155
f 1156 1157 1140
f 1161 1157 1156
f 1162 1158 1157
f 1163 1159 1158
f 1164 1180 1159
f 1160 1161 1156
f 1161 1162 1157
f 1166 1161 1160
f 1166 1167 1161
f 1167 1162 1161
f 1168 1163 1162
f 1167 1168 1162
f 1162 1163 1158
f 1163 1164 1159
f 1185 1180 1164
f 1175 1164 1163
f 1168 1175 1163
f 1175 1165 1164
f 1165 1185 1164
f 1165 1187 1185
f 1169 1167 1166
f 1170 1168 1167
f 1171 1175 1168
f 1169 1170 1167
f 1170 1171 1168
f 1172 1170 1169
f 1172 1173 1170
f 1173 1171 1170
f 1174 1176 1171
f 1173 1174 1171
f 1175 1176 1165
f 1177 1187 1165
f 1176 1175 1171
f 1176 1177 1165
f 1195 1187 1177
f 1178 1177 1176
f 1174 1178 1176
f 1178 1179 1177
f 1179 1195 1177
f 1198 1195 1179
f 1185 1181 1180
f 1189 1183 1182
f 1186 1182 1181
f 1191 1184 1183
f 1193 1275 1184
f 1185 1186 1181
f 1186 1189 1182
f 1187 1186 1185
f 1187 1188 1186
f 1188 1189 1186
f 1190 1191 1189
f 1188 1190 1189
f 1189 1191 1183
f 1191 1193 1184
f 1280 1275 1193
f 1192 1193 1191
f 1190 1192 1191
f 1194 1280 1193
f 1192 1194 1193
f 1194 1282 1280
f 1195 1188 1187
f 1196 1190 1188
f 1197 1192 1190
f 1195 1196 1188
f 1196 1197 1190
f 1198 1196 1195
f 1198 1199 1196
f 1199 1197 1196
f 1200 1201 1197
f 1199 1200 1197
f 1201 1194 1192
f 1202 1282 1194
f 1197 1201 1192
f 1201 1202 1194
f 1290 1282 1202
f 1203 1202 1201
f 1200 1203 1201
f 1204 1290 1202
f 1203 1204 1202
f 1293 1290 1204
f 1205 1206 310
f 1208 1206 1205
f 1206 1207 311
f 1209 1207 1206
f 1210 1211 1207
f 1208 1209 1206
f 1215 1209 1208
f 1215 1216 1209
f 1209 1210 1207
f 1216 1210 1209
f 1217 1213 1210
f 1216 1217 1210
f 1207 1211 313
f 1213 1212 1211
f 1211 1212 314
f 1212 1230 325
f 1214 1230 1212
f 1210 1213 1211
f 1213 1214 1212
f 1233 1230 1214
f 1217 1221 1213
f 1221 1214 1213
f 1221 1223 1214
f 1223 1233 1214
f 1223 1240 1233
f 1218 1216 1215
f 1218 1219 1216
f 1219 1217 1216
f 1220 1221 1217
f 1219 1220 1217
f 1225 1219 1218
f 1225 1226 1219
f 1226 1220 1219
f 1227 1222 1220
f 1226 1227 1220
f 1222 1223 1221
f 1220 1222 1221
f 1224 1240 1223
f 1222 1224 1223
f 1242 1240 1224
f 1222 1228 1224
f 1227 1228 1222
f 1229 1242 1224
f 1229 1250 1242
f 1228 1229 1224
f 1230 1231 329
f 1233 1231 1230
f 1233 1234 1231
f 1231 1232 330
f 1234 1232 1231
f 1234 1235 1232
f 1240 1234 1233
f 1240 1241 1234
f 1241 1235 1234
f 1241 1244 1235
f 1232 1236 333
f 1235 1236 1232
f 1235 1238 1236
f 1238 1237 1236
f 1236 1237 334
f 1485 713 1237
f 1238 1239 1237
f 1239 1485 1237
f 1488 1485 1239
f 1244 1238 1235
f 1244 1246 1238
f 1246 1239 1238
f 1248 1488 1239
f 1246 1248 1239
f 1498 1488 1248
f 1242 1241 1240
f 1242 1243 1241
f 1243 1244 1241
f 1243 1245 1244
f 1250 1243 1242
f 1250 1251 1243
f 1251 1245 1243
f 1245 1246 1244
f 1247 1248 1246
f 1245 1247 1246
f 1249 1498 1248
f 1247 1249 1248
f 1499 1498 1249
f 1252 1247 1245
f 1253 1249 1247
f 1265 1251 1250
f 1251 1252 1245
f 1266 1252 1251
f 1252 1253 1247
f 1267 1253 1252
f 1271 1254 1253
f 1253 1254 1249
f 1254 1499 1249
f 1254 1503 1499
f 1272 1503 1254
f 1225 1255 1226
f 1255 1256 1226
f 1258 1256 1255
f 1256 1227 1226
f 1256 1257 1227
f 1257 1228 1227
f 1259 1257 1256
f 1260 1261 1257
f 1258 1259 1256
f 1259 1260 1257
f 1275 1259 1258
f 1275 1276 1259
f 1276 1260 1259
f 1277 1263 1260
f 1276 1277 1260
f 1257 1261 1228
f 1261 1229 1228
f 1263 1262 1261
f 1261 1262 1229
f 1262 1250 1229
f 1265 1250 1262
f 1264 1265 1262
f 1260 1263 1261
f 1263 1264 1262
f 1264 1268 1265
f 1278 1264 1263
f 1277 1278 1263
f 1279 1268 1264
f 1278 1279 1264
f 1279 1300 1268
f 1265 1266 1251
f 1268 1266 1265
f 1266 1267 1252
f 1269 1267 1266
f 1268 1269 1266
f 1269 1270 1267
f 1300 1269 1268
f 1300 1301 1269
f 1301 1270 1269
f 1301 1302 1270
f 1267 1271 1253
f 1271 1272 1254
f 1535 1503 1272
f 1270 1271 1267
f 1270 1273 1271
f 1273 1272 1271
f 1273 1274 1272
f 1274 1535 1272
f 1538 1535 1274
f 1302 1273 1270
f 1303 1274 1273
f 1302 1303 1273
f 1304 1538 1274
f 1280 1276 1275
f 1281 1277 1276
f 1284 1278 1277
f 1286 1279 1278
f 1288 1300 1279
f 1280 1281 1276
f 1281 1284 1277
f 1282 1281 1280
f 1282 1283 1281
f 1283 1284 1281
f 1285 1286 1284
f 1283 1285 1284
f 1284 1286 1278
f 1286 1288 1279
f 1305 1300 1288
f 1287 1288 1286
f 1285 1287 1286
f 1289 1305 1288
f 1287 1289 1288
f 1289 1307 1305
f 1290 1283 1282
f 1291 1285 1283
f 1292 1287 1285
f 1290 1291 1283
f 1291 1292 1285
f 1293 1291 1290
f 1293 1294 1291
f 1294 1292 1291
f 1295 1296 1292
f 1294 1295 1292
f 1296 1289 1287
f 1297 1307 1289
f 1292 1296 1287
f 1296 1297 1289
f 1315 1307 1297
f 1298 1297 1296
f 1295 1298 1296
f 1299 1315 1297
f 1298 1299 1297
f 1318 1315 1299
f 1305 1301 1300
f 1306 1302 1301
f 1309 1303 1302
f 1311 1304 1303
f 1303 1304 1274
f 1555 1538 1304
f 1313 1555 1304
f 1305 1306 1301
f 1306 1309 1302
f 1307 1306 1305
f 1307 1308 1306
f 1308 1309 1306
f 1308 1310 1309
f 1309 1311 1303
f 1311 1313 1304
f 1560 1555 1313
f 1310 1311 1309
f 1312 1313 1311
f 1310 1312 1311
f 1314 1560 1313
f 1312 1314 1313
f 1561 1560 1314
f 1315 1308 1307
f 1316 1310 1308
f 1315 1316 1308
f 1316 1317 1310
f 1318 1316 1315
f 1318 1319 1316
f 1319 1317 1316
f 1319 1320 1317
f 1317 1312 1310
f 1321 1314 1312
f 1322 1561 1314
f 1317 1321 1312
f 1321 1322 1314
f 1569 1561 1322
f 1320 1321 1317
f 1323 1322 1321
f 1320 1323 1321
f 1324 1569 1322
f 1323 1324 1322
f 1572 1569 1324
f 2021 1155 1138
f 2021 1160 1155
f 2021 1166 1160
f 2021 1169 1166
f 2021 1172 1169
f 1325 1173 1172
f 1325 1326 1173
f 1326 1174 1173
f 1326 1327 1174
f 1327 1178 1174
f 1327 1331 1178
f 1331 1179 1178
f 1331 1332 1179
f 1332 1198 1179
f 1332 1345 1198
f 2021 1325 1172
f 2021 1328 1325
f 1345 1199 1198
f 1345 1346 1199
f 1346 1200 1199
f 1346 1347 1200
f 1347 1203 1200
f 1347 1351 1203
f 1351 1204 1203
f 1351 1352 1204
f 1352 1293 1204
f 1352 1405 1293
f 2021 1335 1328
f 2021 1338 1335
f 2021 1365 1338
f 2021 1368 1365
f 2021 1375 1368
f 2021 1378 1375
f 1405 1294 1293
f 1405 1406 1294
f 1406 1295 1294
f 1406 1407 1295
f 1407 1298 1295
f 1407 1411 1298
f 1411 1299 1298
f 1411 1412 1299
f 1412 1318 1299
f 1412 1425 1318
f 1425 1319 1318
f 1425 1426 1319
f 1426 1320 1319
f 1426 1427 1320
f 1427 1323 1320
f 1427 1431 1323
f 1431 1324 1323
f 1431 1432 1324
f 1432 1572 1324
f 1738 1572 1432
f 1328 1326 1325
f 1328 1329 1326
f 1335 1329 1328
f 1329 1327 1326
f 1329 1330 1327
f 1330 1331 1327
f 1336 1330 1329
f 1337 1333 1330
f 1330 1333 1331
f 1333 1332 1331
f 1333 1334 1332
f 1341 1334 1333
f 1334 1345 1332
f 1334 1348 1345
f 1342 1348 1334
f 1335 1336 1329
f 1338 1336 1335
f 1336 1337 1330
f 1339 1337 1336
f 1340 1341 1337
f 1338 1339 1336
f 1339 1340 1337
f 1365 1339 1338
f 1366 1340 1339
f 1367 1343 1340
f 1337 1341 1333
f 1341 1342 1334
f 1343 1342 1341
f 1355 1348 1342
f 1344 1355 1342
f 1343 1341 1340
f 1343 1344 1342
f 1358 1355 1344
f 1371 1344 1343
f 1372 1358 1344
f 1348 1346 1345
f 1348 1349 1346
f 1355 1349 1348
f 1349 1347 1346
f 1349 1350 1347
f 1350 1351 1347
f 1356 1350 1349
f 1357 1353 1350
f 1350 1353 1351
f 1353 1352 1351
f 1361 1354 1353
f 1353 1354 1352
f 1354 1405 1352
f 1408 1405 1354
f 1362 1408 1354
f 1355 1356 1349
f 1358 1356 1355
f 1356 1357 1350
f 1359 1357 1356
f 1360 1361 1357
f 1358 1359 1356
f 1359 1360 1357
f 1385 1359 1358
f 1386 1360 1359
f 1387 1363 1360
f 1357 1361 1353
f 1363 1362 1361
f 1361 1362 1354
f 1415 1408 1362
f 1364 1415 1362
f 1363 1361 1360
f 1363 1364 1362
f 1419 1415 1364
f 1391 1364 1363
f 1392 1419 1364
f 1365 1366 1339
f 1368 1366 1365
f 1366 1367 1340
f 1369 1367 1366
f 1370 1371 1367
f 1368 1369 1366
f 1375 1369 1368
f 1369 1370 1367
f 1376 1370 1369
f 1377 1373 1370
f 1367 1371 1343
f 1371 1372 1344
f 1373 1372 1371
f 1372 1385 1358
f 1374 1385 1372
f 1373 1371 1370
f 1373 1374 1372
f 1381 1374 1373
f 1388 1385 1374
f 1382 1388 1374
f 1375 1376 1369
f 1378 1376 1375
f 1376 1377 1370
f 1379 1377 1376
f 1380 1381 1377
f 1378 1379 1376
f 3041 1379 1378
f 1379 1380 1377
f 3042 1380 1379
f 3043 1383 1380
f 1377 1381 1373
f 1381 1382 1374
f 1383 1382 1381
f 1395 1388 1382
f 1384 1395 1382
f 1383 1381 1380
f 1383 1384 1382
f 3047 1384 1383
f 1398 1395 1384
f 3048 1398 1384
f 1385 1386 1359
f 1388 1386 1385
f 1386 1387 1360
f 1389 1387 1386
f 1390 1391 1387
f 1388 1389 1386
f 1395 1389 1388
f 1389 1390 1387
f 1396 1390 1389
f 1397 1393 1390
f 1387 1391 1363
f 1393 1392 1391
f 1391 1392 1364
f 1445 1419 1392
f 1394 1445 1392
f 1393 1391 1390
f 1401 1394 1393
f 1393 1394 1392
f 1448 1445 1394
f 1402 1448 1394
f 1395 1396 1389
f 1398 1396 1395
f 1396 1397 1390
f 1399 1397 1396
f 1400 1401 1397
f 1398 1399 1396
f 3061 1399 1398
f 1399 1400 1397
f 3062 1400 1399
f 3063 1403 1400
f 1397 1401 1393
f 1403 1402 1401
f 1401 1402 1394
f 1455 1448 1402
f 1404 1455 1402
f 1403 1401 1400
f 3067 1404 1403
f 1403 1404 1402
f 1458 1455 1404
f 3068 1458 1404
f 1408 1406 1405
f 1408 1409 1406
f 1415 1409 1408
f 1409 1407 1406
f 1409 1410 1407
f 1410 1411 1407
f 1417 1413 1410
f 1416 1410 1409
f 1410 1413 1411
f 1413 1412 1411
f 1421 1414 1413
f 1413 1414 1412
f 1414 1425 1412
f 1414 1428 1425
f 1422 1428 1414
f 1415 1416 1409
f 1419 1416 1415
f 1416 1417 1410
f 1420 1417 1416
f 1418 1421 1417
f 1419 1420 1416
f 1420 1418 1417
f 1445 1420 1419
f 1446 1418 1420
f 1447 1423 1418
f 1417 1421 1413
f 1423 1422 1421
f 1421 1422 1414
f 1435 1428 1422
f 1424 1435 1422
f 1423 1421 1418
f 1423 1424 1422
f 1438 1435 1424
f 1451 1424 1423
f 1452 1438 1424
f 1428 1426 1425
f 1428 1429 1426
f 1435 1429 1428
f 1429 1427 1426
f 1429 1430 1427
f 1436 1430 1429
f 1430 1431 1427
f 1430 1433 1431
f 1433 1432 1431
f 1437 1433 1430
f 1441 1434 1433
f 1433 1434 1432
f 1434 1738 1432
f 1741 1738 1434
f 1435 1436 1429
f 1438 1436 1435
f 1436 1437 1430
f 1439 1437 1436
f 1438 1439 1436
f 1439 1440 1437
f 1465 1439 1438
f 1466 1440 1439
f 1437 1441 1433
f 1440 1441 1437
f 1443 1442 1441
f 1442 1741 1434
f 1441 1442 1434
f 1746 1741 1442
f 1444 1746 1442
f 1443 1441 1440
f 1443 1444 1442
f 1749 1746 1444
f 1472 1749 1444
f 1467 1443 1440
f 1471 1444 1443
f 1445 1446 1420
f 1448 1446 1445
f 1446 1447 1418
f 1449 1447 1446
f 1450 1451 1447
f 1448 1449 1446
f 1455 1449 1448
f 1449 1450 1447
f 1449 1456 1450
f 1457 1453 1450
f 1447 1451 1423
f 1453 1452 1451
f 1451 1452 1424
f 1452 1465 1438
f 1454 1465 1452
f 1453 1451 1450
f 1461 1454 1453
f 1453 1454 1452
f 1468 1465 1454
f 1462 1468 1454
f 1455 1456 1449
f 1458 1456 1455
f 1456 1457 1450
f 1459 1457 1456
f 1460 1461 1457
f 1458 1459 1456
f 3121 1459 1458
f 1459 1460 1457
f 3122 1460 1459
f 3123 1463 1460
f 1457 1461 1453
f 1463 1462 1461
f 1461 1462 1454
f 1475 1468 1462
f 1464 1475 1462
f 1463 1461 1460
f 3127 1464 1463
f 1463 1464 1462
f 1478 1475 1464
f 3128 1478 1464
f 1465 1466 1439
f 1468 1466 1465
f 1466 1467 1440
f 1469 1467 1466
f 1468 1469 1466
f 1475 1469 1468
f 1469 1470 1467
f 1476 1470 1469
f 1467 1471 1443
f 1470 1471 1467
f 1473 1472 1471
f 1471 1472 1444
f 1771 1749 1472
f 1474 1771 1472
f 1473 1471 1470
f 1477 1473 1470
f 1481 1474 1473
f 1473 1474 1472
f 1774 1771 1474
f 1482 1774 1474
f 1475 1476 1469
f 1478 1476 1475
f 1476 1477 1470
f 1479 1477 1476
f 1478 1479 1476
f 3141 1479 1478
f 1479 1480 1477
f 3142 1480 1479
f 1477 1481 1473
f 1480 1481 1477
f 1483 1482 1481
f 1481 1482 1474
f 1781 1774 1482
f 1484 1781 1482
f 1483 1481 1480
f 3143 1483 1480
f 3147 1484 1483
f 1483 1484 1482
f 1784 1781 1484
f 3148 1784 1484
f 1485 1486 714
f 1488 1486 1485
f 1488 1489 1486
f 1486 1487 715
f 1489 1487 1486
f 1489 1490 1487
f 1498 1489 1488
f 1498 1500 1489
f 1500 1490 1489
f 1500 1491 1490
f 1490 1492 1487
f 1490 1494 1492
f 1494 1493 1492
f 1494 1496 1493
f 1496 1510 1493
f 1512 1510 1496
f 1491 1494 1490
f 1495 1496 1494
f 1491 1495 1494
f 1497 1512 1496
f 1495 1497 1496
f 1497 1513 1512
f 1499 1500 1498
f 1499 1501 1500
f 1501 1491 1500
f 1501 1502 1491
f 1502 1495 1491
f 1506 1497 1495
f 1502 1506 1495
f 1507 1513 1497
f 1503 1501 1499
f 1503 1504 1501
f 1535 1504 1503
f 1504 1502 1501
f 1504 1505 1502
f 1536 1505 1504
f 1525 1513 1507
f 1506 1507 1497
f 1505 1506 1502
f 1505 1508 1506
f 1508 1507 1506
f 1537 1508 1505
f 1541 1509 1508
f 1508 1509 1507
f 1509 1525 1507
f 1509 1528 1525
f 1542 1528 1509
f 1512 1511 1510
f 1512 1514 1511
f 1514 1515 1511
f 1516 1515 1514
f 1513 1514 1512
f 1513 1517 1514
f 1517 1516 1514
f 1517 1518 1516
f 1515 1516 1519
f 1520 1521 1519
f 1516 1520 1519
f 1522 1605 1521
f 1520 1522 1521
f 1518 1520 1516
f 1520 1523 1522
f 1518 1523 1520
f 1524 1606 1522
f 1523 1524 1522
f 1525 1517 1513
f 1525 1526 1517
f 1528 1526 1525
f 1526 1518 1517
f 1526 1527 1518
f 1530 1527 1526
f 1528 1530 1526
f 1545 1530 1528
f 1530 1529 1527
f 1547 1529 1530
f 1547 1548 1529
f 1527 1523 1518
f 1527 1531 1523
f 1531 1524 1523
f 1529 1531 1527
f 1533 1532 1531
f 1531 1532 1524
f 1532 1611 1524
f 1534 1620 1532
f 1529 1533 1531
f 1548 1533 1529
f 1551 1534 1533
f 1533 1534 1532
f 1548 1551 1533
f 1551 1553 1534
f 1534 1553 1623
f 1535 1536 1504
f 1536 1537 1505
f 1538 1536 1535
f 1538 1539 1536
f 1539 1537 1536
f 1539 1540 1537
f 1555 1539 1538
f 1556 1540 1539
f 1537 1541 1508
f 1541 1542 1509
f 1545 1528 1542
f 1540 1541 1537
f 1540 1543 1541
f 1543 1542 1541
f 1543 1544 1542
f 1544 1545 1542
f 1544 1546 1545
f 1557 1543 1540
f 1558 1544 1543
f 1544 1559 1546
f 1545 1547 1530
f 1546 1547 1545
f 1546 1549 1547
f 1549 1548 1547
f 1549 1550 1548
f 1580 1549 1546
f 1581 1550 1549
f 1550 1551 1548
f 1551 1552 1553
f 1552 1551 1550
f 1554 1656 1553
f 1552 1554 1553
f 1555 1556 1539
f 1560 1556 1555
f 1556 1557 1540
f 1562 1557 1556
f 1557 1558 1543
f 1563 1558 1557
f 1566 1559 1558
f 1558 1559 1544
f 1559 1580 1546
f 1568 1580 1559
f 1560 1562 1556
f 1562 1563 1557
f 1561 1562 1560
f 1561 1564 1562
f 1564 1563 1562
f 1564 1565 1563
f 1563 1566 1558
f 1566 1568 1559
f 1585 1580 1568
f 1565 1566 1563
f 1567 1568 1566
f 1565 1567 1566
f 1575 1585 1568
f 1567 1575 1568
f 1575 1590 1585
f 1569 1564 1561
f 1570 1565 1564
f 1569 1570 1564
f 1570 1571 1565
f 1572 1570 1569
f 1572 1573 1570
f 1570 1573 1571
f 1573 1574 1571
f 1571 1567 1565
f 1576 1575 1567
f 1577 1590 1575
f 1571 1576 1567
f 1576 1577 1575
f 1593 1590 1577
f 1574 1576 1571
f 1574 1578 1576
f 1578 1577 1576
f 1579 1593 1577
f 1578 1579 1577
f 1596 1593 1579
f 1580 1581 1549
f 1585 1581 1580
f 1581 1582 1550
f 1586 1582 1581
f 1586 1587 1582
f 1582 1552 1550
f 1582 1583 1552
f 1583 1554 1552
f 1587 1583 1582
f 1587 1588 1583
f 1588 1584 1583
f 1583 1584 1554
f 1584 1657 1554
f 1589 1664 1584
f 1588 1589 1584
f 1585 1586 1581
f 1590 1586 1585
f 1590 1591 1586
f 1591 1587 1586
f 1591 1592 1587
f 1592 1588 1587
f 1599 1589 1588
f 1592 1599 1588
f 1600 1671 1589
f 1599 1600 1589
f 1593 1591 1590
f 1594 1592 1591
f 1593 1594 1591
f 1594 1595 1592
f 1596 1594 1593
f 1596 1597 1594
f 1597 1595 1594
f 1597 1598 1595
f 1595 1599 1592
f 1601 1600 1599
f 1602 1676 1600
f 1601 1602 1600
f 1601 1599 1595
f 1598 1601 1595
f 1603 1602 1601
f 1598 1603 1601
f 1604 1679 1602
f 1603 1604 1602
f 1606 1607 1605
f 1522 1606 1605
f 1606 1608 1607
f 1608 1609 1607
f 1608 1610 1609
f 1611 1608 1606
f 1611 1612 1608
f 1611 1606 1524
f 1612 1610 1608
f 1612 1613 1610
f 1610 1614 1609
f 1610 1615 1614
f 1615 1616 1614
f 1617 1630 1616
f 1615 1617 1616
f 1613 1615 1610
f 1613 1618 1615
f 1622 1618 1613
f 1618 1617 1615
f 1618 1619 1617
f 1619 1631 1617
f 1626 1619 1618
f 1627 1634 1619
f 1620 1611 1532
f 1620 1612 1611
f 1620 1621 1612
f 1620 1623 1621
f 1621 1613 1612
f 1621 1622 1613
f 1624 1622 1621
f 1534 1623 1620
f 1623 1624 1621
f 1624 1625 1622
f 1553 1656 1623
f 1656 1624 1623
f 1656 1658 1624
f 1658 1625 1624
f 1658 1659 1625
f 1622 1626 1618
f 1625 1626 1622
f 1626 1627 1619
f 1628 1627 1626
f 1629 1641 1627
f 1625 1628 1626
f 1659 1628 1625
f 1659 1661 1628
f 1628 1629 1627
f 1662 1644 1629
f 1661 1629 1628
f 1661 1662 1629
f 1631 842 1630
f 1617 1631 1630
f 1631 1632 842
f 1632 848 842
f 1632 1633 848
f 1634 1631 1619
f 1634 1632 1631
f 1634 1635 1632
f 1641 1635 1634
f 1632 1635 1633
f 1635 1636 1633
f 1642 1636 1635
f 1633 852 848
f 1633 1637 852
f 1637 854 852
f 1637 1638 854
f 1638 3991 854
f 1639 1638 1637
f 1640 4962 1638
f 1636 1637 1633
f 1636 1639 1637
f 1643 1639 1636
f 1639 1640 1638
f 1650 1640 1639
f 1651 4964 1640
f 1627 1641 1634
f 1641 1642 1635
f 1644 1641 1629
f 1644 1642 1641
f 1644 1646 1642
f 1642 1643 1636
f 1642 1646 1643
f 1646 1647 1643
f 1645 1646 1644
f 1662 1645 1644
f 1645 1648 1646
f 1648 1647 1646
f 1648 1649 1647
f 1643 1650 1639
f 1647 1650 1643
f 1647 1652 1650
f 1650 1651 1640
f 1652 1651 1650
f 1652 1654 1651
f 1654 4972 1651
f 1649 1652 1647
f 1649 1653 1652
f 1653 1654 1652
f 1655 4974 1654
f 1653 1655 1654
f 1657 1658 1656
f 1657 1656 1554
f 1657 1660 1658
f 1660 1659 1658
f 1660 1663 1659
f 1663 1661 1659
f 1663 1667 1661
f 1667 1662 1661
f 1668 1645 1662
f 1667 1668 1662
f 1668 1691 1645
f 1691 1648 1645
f 1692 1649 1648
f 1693 1653 1649
f 1664 1657 1584
f 1664 1660 1657
f 1664 1665 1660
f 1671 1665 1664
f 1665 1663 1660
f 1665 1666 1663
f 1672 1666 1665
f 1671 1664 1589
f 1671 1672 1665
f 1672 1673 1666
f 1669 1668 1667
f 1670 1691 1668
f 1666 1667 1663
f 1666 1669 1667
f 1673 1669 1666
f 1669 1670 1668
f 1669 1674 1670
f 1675 1694 1670
f 1673 1674 1669
f 1674 1675 1670
f 1600 1676 1671
f 1676 1672 1671
f 1676 1677 1672
f 1677 1673 1672
f 1677 1678 1673
f 1678 1674 1673
f 1678 1685 1674
f 1685 1675 1674
f 1685 1686 1675
f 1686 1697 1675
f 1676 1679 1677
f 1679 1676 1602
f 1679 1680 1677
f 1680 1678 1677
f 1680 1682 1678
f 1681 1680 1679
f 1681 1679 1604
f 1681 1683 1680
f 1683 1682 1680
f 1683 1684 1682
f 1682 1685 1678
f 1682 1687 1685
f 1687 1686 1685
f 1687 1689 1686
f 1689 1706 1686
f 1684 1687 1682
f 1684 1688 1687
f 1688 1689 1687
f 1690 1711 1689
f 1688 1690 1689
f 1691 1692 1648
f 1694 1692 1691
f 1692 1693 1649
f 1695 1693 1692
f 1670 1694 1691
f 1694 1695 1692
f 1695 1696 1693
f 1697 1694 1675
f 1697 1695 1694
f 1697 1698 1695
f 1698 1696 1695
f 1698 1699 1696
f 1693 1700 1653
f 1696 1700 1693
f 1700 1655 1653
f 1700 1701 1655
f 1701 4990 1655
f 1702 1701 1700
f 1703 5012 1701
f 1696 1702 1700
f 1702 1703 1701
f 1699 1702 1696
f 1699 1704 1702
f 1704 1703 1702
f 1705 5014 1703
f 1704 1705 1703
f 1706 1697 1686
f 1706 1698 1697
f 1708 1699 1698
f 1707 1704 1699
f 1715 1705 1704
f 1716 5015 1705
f 1706 1708 1698
f 1689 1711 1706
f 1711 1708 1706
f 1711 1709 1708
f 1708 1707 1699
f 1709 1707 1708
f 1709 1710 1707
f 1712 1709 1711
f 1712 1711 1690
f 1712 1713 1709
f 1713 1710 1709
f 1713 1714 1710
f 1707 1715 1704
f 1710 1715 1707
f 1710 1717 1715
f 1715 1716 1705
f 1717 1716 1715
f 1717 1718 1716
f 1718 5027 1716
f 1714 1717 1710
f 1734 1717 1714
f 1734 1718 1717
f 1736 5029 1718
f 1734 1736 1718
f 1738 1573 1572
f 1738 1739 1573
f 1573 1739 1574
f 1739 1740 1574
f 1740 1578 1574
f 1740 1719 1578
f 1719 1579 1578
f 1719 1720 1579
f 1720 1596 1579
f 1720 1721 1596
f 1721 1597 1596
f 1721 1722 1597
f 1722 1598 1597
f 1722 1723 1598
f 1723 1603 1598
f 1723 1724 1603
f 1724 1604 1603
f 1724 1725 1604
f 1725 1681 1604
f 1725 1726 1681
f 1726 1683 1681
f 1726 1727 1683
f 1727 1684 1683
f 1727 1728 1684
f 1812 1728 1727
f 1728 1688 1684
f 1728 1729 1688
f 1729 1690 1688
f 1730 1712 1690
f 1729 1730 1690
f 1813 1729 1728
f 1729 1814 1730
f 1815 1731 1730
f 1712 1731 1713
f 1730 1731 1712
f 1731 1732 1713
f 1732 1714 1713
f 1732 1733 1714
f 1826 1732 1731
f 1827 1733 1732
f 1733 1734 1714
f 1733 1735 1734
f 1735 1736 1734
f 1737 5162 1736
f 1735 1737 1736
f 1828 1735 1733
f 1829 1735 1828
f 1829 1737 1735
f 1830 5163 1737
f 1829 1830 1737
f 1741 1739 1738
f 1741 1742 1739
f 1742 1740 1739
f 1742 1743 1740
f 1743 1719 1740
f 1743 1744 1719
f 1744 1720 1719
f 1744 1745 1720
f 1745 1721 1720
f 1745 1756 1721
f 1746 1742 1741
f 1746 1747 1742
f 1749 1747 1746
f 1747 1743 1742
f 1747 1748 1743
f 1750 1748 1747
f 1749 1750 1747
f 1771 1750 1749
f 1750 1751 1748
f 1772 1751 1750
f 1748 1744 1743
f 1752 1745 1744
f 1748 1752 1744
f 1751 1752 1748
f 1754 1753 1752
f 1753 1756 1745
f 1761 1756 1753
f 1752 1753 1745
f 1754 1752 1751
f 1773 1754 1751
f 1777 1755 1754
f 1754 1755 1753
f 1755 1761 1753
f 1764 1761 1755
f 1778 1764 1755
f 1756 1722 1721
f 1756 1757 1722
f 1757 1723 1722
f 1757 1758 1723
f 1758 1724 1723
f 1758 1759 1724
f 1759 1725 1724
f 1759 1760 1725
f 1760 1726 1725
f 1761 1757 1756
f 1761 1762 1757
f 1762 1758 1757
f 1762 1763 1758
f 1764 1762 1761
f 1764 1765 1762
f 1791 1765 1764
f 1765 1763 1762
f 1765 1766 1763
f 1792 1766 1765
f 1763 1759 1758
f 1763 1767 1759
f 1759 1767 1760
f 1767 1768 1760
f 1768 1811 1760
f 1766 1767 1763
f 1769 1767 1766
f 1769 1768 1767
f 1793 1769 1766
f 1769 1770 1768
f 1770 1816 1768
f 1771 1772 1750
f 1774 1772 1771
f 1772 1773 1751
f 1775 1773 1772
f 1774 1775 1772
f 1781 1775 1774
f 1775 1776 1773
f 1782 1776 1775
f 1777 1778 1755
f 1778 1791 1764
f 1773 1777 1754
f 1776 1777 1773
f 1779 1778 1777
f 1780 1791 1778
f 1779 1777 1776
f 1783 1779 1776
f 1787 1780 1779
f 1779 1780 1778
f 1794 1791 1780
f 1788 1794 1780
f 1781 1782 1775
f 1781 1784 1782
f 1782 1783 1776
f 1785 1783 1782
f 1784 1785 1782
f 3444 1785 1784
f 1785 1786 1783
f 3445 1786 1785
f 1783 1787 1779
f 1786 1787 1783
f 1789 1788 1787
f 1787 1788 1780
f 1801 1794 1788
f 1790 1801 1788
f 1789 1787 1786
f 3446 1789 1786
f 3450 1790 1789
f 1789 1790 1788
f 1804 1801 1790
f 3451 1804 1790
f 1791 1792 1765
f 1792 1793 1766
f 1794 1792 1791
f 1795 1793 1792
f 1794 1795 1792
f 1801 1795 1794
f 1795 1796 1793
f 1802 1796 1795
f 1793 1797 1769
f 1797 1770 1769
f 1797 1798 1770
f 1798 1819 1770
f 1796 1797 1793
f 1799 1798 1797
f 1800 1841 1798
f 1796 1799 1797
f 1803 1799 1796
f 1807 1800 1799
f 1799 1800 1798
f 1808 1844 1800
f 1801 1802 1795
f 1804 1802 1801
f 1802 1803 1796
f 1805 1803 1802
f 1804 1805 1802
f 1804 3464 1805
f 1805 1806 1803
f 3465 1806 1805
f 1803 1807 1799
f 1806 1807 1803
f 1809 1808 1807
f 1807 1808 1800
f 1810 1851 1808
f 1809 1807 1806
f 3466 1809 1806
f 3470 1810 1809
f 1809 1810 1808
f 3471 1854 1810
f 1811 1726 1760
f 1811 1727 1726
f 1811 1812 1727
f 1812 1813 1728
f 1814 1729 1813
f 1814 1815 1730
f 1816 1811 1768
f 1816 1812 1811
f 1816 1817 1812
f 1817 1813 1812
f 1817 1818 1813
f 1819 1816 1770
f 1819 1817 1816
f 1819 1820 1817
f 1820 1818 1817
f 1820 1821 1818
f 1818 1814 1813
f 1818 1822 1814
f 1822 1815 1814
f 1822 1823 1815
f 1823 1826 1815
f 1821 1822 1818
f 1824 1822 1821
f 1824 1823 1822
f 1824 1825 1823
f 1825 1831 1823
f 1826 1731 1815
f 1826 1827 1732
f 1827 1828 1733
f 1823 1831 1826
f 1831 1827 1826
f 1831 1832 1827
f 1832 1828 1827
f 1832 1833 1828
f 1834 1832 1831
f 1834 1831 1825
f 1834 1835 1832
f 1835 1833 1832
f 1835 1836 1833
f 1833 1829 1828
f 1833 1837 1829
f 1837 1830 1829
f 1837 1838 1830
f 1838 5242 1830
f 1836 1837 1833
f 1839 1837 1836
f 1839 1838 1837
f 1839 1840 1838
f 1840 5244 1838
f 1841 1819 1798
f 1841 1820 1819
f 1841 1842 1820
f 1842 1821 1820
f 1842 1843 1821
f 1844 1842 1841
f 1845 1843 1842
f 1844 1841 1800
f 1844 1845 1842
f 1851 1845 1844
f 1845 1846 1843
f 1852 1846 1845
f 1843 1824 1821
f 1843 1847 1824
f 1847 1825 1824
f 1847 1848 1825
f 1848 1834 1825
f 1846 1847 1843
f 1849 1848 1847
f 1849 1850 1848
f 1850 1861 1848
f 1846 1849 1847
f 1851 1844 1808
f 1851 1852 1845
f 1854 1852 1851
f 1852 1853 1846
f 1855 1853 1852
f 1854 1851 1810
f 1854 1855 1852
f 3524 1855 1854
f 1855 1856 1853
f 1846 1853 1849
f 1853 1857 1849
f 1857 1850 1849
f 1857 1858 1850
f 1858 1866 1850
f 1856 1857 1853
f 1859 1857 1856
f 1859 1858 1857
f 1859 1860 1858
f 1860 1871 1858
f 1848 1861 1834
f 1861 1835 1834
f 1861 1862 1835
f 1862 1836 1835
f 1862 1863 1836
f 1866 1861 1850
f 1866 1862 1861
f 1866 1864 1862
f 1864 1863 1862
f 1864 1865 1863
f 1863 1839 1836
f 1863 1867 1839
f 1867 1840 1839
f 1867 1868 1840
f 1868 5246 1840
f 1865 1867 1863
f 1869 1867 1865
f 1869 1868 1867
f 1869 1870 1868
f 1870 5457 1868
f 1871 1866 1858
f 1871 1864 1866
f 1871 1872 1864
f 1872 1865 1864
f 1872 1873 1865
f 1874 1871 1860
f 1874 1872 1871
f 1874 1875 1872
f 1875 1873 1872
f 1875 1876 1873
f 1873 1869 1865
f 1877 1870 1869
f 1877 1878 1870
f 1878 5469 1870
f 1873 1877 1869
f 1873 1876 1877
f 1876 1879 1877
f 1879 1878 1877
f 1879 1880 1878
f 1880 5488 1878
f 1882 1881 424
f 425 1882 424
f 426 1883 425
f 1883 1882 425
f 1887 1883 426
f 1885 1884 1881
f 1882 1885 1881
f 1883 1886 1882
f 1886 1885 1882
f 1889 1886 1883
f 1888 1887 429
f 1901 1888 430
f 1887 1889 1883
f 1888 1890 1887
f 1890 1889 1887
f 1901 1904 1888
f 1904 1890 1888
f 1892 1891 1884
f 1885 1892 1884
f 1886 1893 1885
f 1893 1892 1885
f 1897 1893 1886
f 1895 1894 1891
f 1895 1891 1892
f 1899 1896 1893
f 1893 1896 1892
f 1896 1895 1892
f 1889 1897 1886
f 1890 1898 1889
f 1898 1897 1889
f 1904 1911 1890
f 1911 1898 1890
f 1897 1899 1893
f 1898 1900 1897
f 1900 1899 1897
f 1911 1914 1898
f 1914 1900 1898
f 1902 1901 444
f 1903 1902 445
f 1907 1903 446
f 1905 1904 1901
f 1902 1905 1901
f 1906 1905 1902
f 1909 1906 1903
f 1903 1906 1902
f 1908 1907 449
f 1951 1908 450
f 1907 1909 1903
f 1910 1909 1907
f 1908 1910 1907
f 1951 1954 1908
f 1954 1910 1908
f 1912 1911 1904
f 1905 1912 1904
f 1906 1913 1905
f 1913 1912 1905
f 1917 1913 1906
f 1915 1914 1911
f 1915 1911 1912
f 1913 1916 1912
f 1916 1915 1912
f 1919 1916 1913
f 1909 1917 1906
f 1918 1917 1909
f 1910 1918 1909
f 1954 1961 1910
f 1961 1918 1910
f 1917 1919 1913
f 1920 1919 1917
f 1918 1920 1917
f 1961 1964 1918
f 1964 1920 1918
f 1881 2021 424
f 1884 2021 1881
f 1891 2021 1884
f 1894 2021 1891
f 1921 2021 1894
f 1924 2021 1921
f 1895 1922 1894
f 1922 1921 1894
f 1896 1923 1895
f 1926 1923 1896
f 1923 1922 1895
f 1922 1925 1921
f 1925 1924 1921
f 1923 1928 1922
f 1932 1928 1923
f 1928 1925 1922
f 1899 1926 1896
f 1900 1927 1899
f 1927 1926 1899
f 1914 1936 1900
f 1936 1927 1900
f 1926 1932 1923
f 1933 1926 1927
f 1933 1932 1926
f 1936 1941 1927
f 1941 1933 1927
f 1930 1924 1925
f 1930 1929 1924
f 1928 1931 1925
f 1931 1930 1925
f 1934 1931 1928
f 2023 2022 1929
f 1930 2023 1929
f 1931 2024 1930
f 2024 2023 1930
f 2028 2024 1931
f 1933 1935 1932
f 1932 1934 1928
f 1935 1934 1932
f 1941 1944 1933
f 1944 1935 1933
f 1934 2028 1931
f 1935 2029 1934
f 2029 2028 1934
f 1944 2042 1935
f 2042 2029 1935
f 1915 1937 1914
f 1937 1936 1914
f 1916 1938 1915
f 1938 1937 1915
f 1939 1938 1916
f 1937 1942 1936
f 1942 1941 1936
f 1938 1943 1937
f 1943 1942 1937
f 1947 1943 1938
f 1919 1939 1916
f 1940 1939 1919
f 1920 1940 1919
f 1964 1991 1920
f 1991 1940 1920
f 1939 1947 1938
f 1948 1947 1939
f 1940 1948 1939
f 1991 1996 1940
f 1996 1948 1940
f 1942 1945 1941
f 1945 1944 1941
f 1943 1946 1942
f 1946 1945 1942
f 1949 1946 1943
f 2043 2042 1944
f 1945 2043 1944
f 1946 2044 1945
f 2044 2043 1945
f 2048 2044 1946
f 1947 1949 1943
f 1950 1949 1947
f 1948 1950 1947
f 1996 1999 1948
f 1999 1950 1948
f 1949 2048 1946
f 2049 1949 1950
f 1999 2132 1950
f 1929 2021 1924
f 2022 2021 1929
f 2026 2021 2022
f 2032 2021 2026
f 2035 2021 2032
f 1952 1951 514
f 1953 1952 515
f 1957 1953 516
f 1955 1954 1951
f 1952 1955 1951
f 1956 1952 1953
f 1956 1955 1952
f 1959 1956 1953
f 1958 1957 519
f 1971 1958 520
f 1957 1959 1953
f 1960 1959 1957
f 1958 1960 1957
f 1971 1974 1958
f 1974 1960 1958
f 1962 1961 1954
f 1955 1962 1954
f 1956 1963 1955
f 1963 1962 1955
f 1967 1963 1956
f 1962 1965 1961
f 1965 1964 1961
f 1963 1966 1962
f 1966 1965 1962
f 1969 1966 1963
f 1959 1967 1956
f 1968 1967 1959
f 1960 1968 1959
f 1974 1981 1960
f 1981 1968 1960
f 1967 1969 1963
f 1970 1969 1967
f 1968 1970 1967
f 1981 1984 1968
f 1984 1970 1968
f 1972 1971 534
f 1973 1972 535
f 1975 1974 1971
f 1972 1975 1971
f 1976 1975 1972
f 1973 1976 1972
f 1977 1973 536
f 1978 1977 539
f 2462 1978 540
f 1977 1979 1973
f 1979 1976 1973
f 1980 1979 1977
f 1978 1980 1977
f 2462 2465 1978
f 2465 1980 1978
f 1982 1981 1974
f 1982 1974 1975
f 1983 1982 1975
f 1976 1983 1975
f 1982 1985 1981
f 1985 1984 1981
f 1983 1986 1982
f 1986 1985 1982
f 1979 1987 1976
f 1987 1983 1976
f 1988 1987 1979
f 1980 1988 1979
f 2465 2472 1980
f 2472 1988 1980
f 1987 1989 1983
f 1989 1986 1983
f 1990 1989 1987
f 1988 1990 1987
f 2472 2475 1988
f 2475 1990 1988
f 1965 1992 1964
f 1992 1991 1964
f 1966 1993 1965
f 1993 1992 1965
f 1994 1993 1966
f 1992 1997 1991
f 1997 1996 1991
f 1993 1998 1992
f 1998 1997 1992
f 2002 1998 1993
f 1969 1994 1966
f 1995 1994 1969
f 1970 1995 1969
f 1984 2006 1970
f 2006 1995 1970
f 1994 2002 1993
f 2003 2002 1994
f 1995 2003 1994
f 2006 2011 1995
f 2011 2003 1995
f 2000 1999 1996
f 1997 2000 1996
f 1998 2001 1997
f 2001 2000 1997
f 2004 2001 1998
f 2000 2133 1999
f 2001 2134 2000
f 2002 2004 1998
f 2005 2004 2002
f 2003 2005 2002
f 2011 2014 2003
f 2014 2005 2003
f 2004 2138 2001
f 2005 2139 2004
f 2014 2152 2005
f 1985 2007 1984
f 2007 2006 1984
f 1986 2008 1985
f 2008 2007 1985
f 2007 2012 2006
f 2012 2011 2006
f 2008 2013 2007
f 2013 2012 2007
f 1989 2009 1986
f 2009 2008 1986
f 2010 2009 1989
f 1990 2010 1989
f 2475 2502 1990
f 2502 2010 1990
f 2009 2017 2008
f 2017 2013 2008
f 2018 2017 2009
f 2010 2018 2009
f 2502 2507 2010
f 2507 2018 2010
f 2015 2014 2011
f 2012 2015 2011
f 2016 2015 2012
f 2013 2016 2012
f 2015 2153 2014
f 2016 2154 2015
f 2017 2019 2013
f 2019 2016 2013
f 2020 2019 2017
f 2018 2020 2017
f 2507 2510 2018
f 2510 2020 2018
f 2019 2158 2016
f 2020 2159 2019
f 2510 2607 2020
f 2027 2022 2023
f 2024 2025 2023
f 2027 2026 2022
f 2025 2027 2023
f 2030 2025 2024
f 2027 2033 2026
f 2025 2034 2027
f 2028 2030 2024
f 2029 2031 2028
f 2042 2045 2029
f 2031 2030 2028
f 2045 2031 2029
f 2030 2038 2025
f 2031 2039 2030
f 2045 2052 2031
f 2033 2032 2026
f 2033 2036 2032
f 2034 2033 2027
f 2038 2034 2025
f 2034 2037 2033
f 2036 2035 2032
f 2036 2063 2035
f 2037 2036 2033
f 2040 2037 2034
f 2037 2064 2036
f 2039 2038 2030
f 2038 2040 2034
f 2039 2041 2038
f 2052 2039 2031
f 2052 2055 2039
f 2041 2040 2038
f 2040 2068 2037
f 2041 2069 2040
f 2055 2041 2039
f 2055 2078 2041
f 2043 2046 2042
f 2044 2047 2043
f 2046 2045 2042
f 2047 2046 2043
f 2050 2047 2044
f 2046 2053 2045
f 2047 2054 2046
f 2049 2048 1949
f 2048 2050 2044
f 2132 2049 1950
f 2049 2051 2048
f 2132 2135 2049
f 2051 2050 2048
f 2135 2051 2049
f 2050 2058 2047
f 2051 2059 2050
f 2135 2142 2051
f 2053 2052 2045
f 2053 2056 2052
f 2054 2053 2046
f 2058 2054 2047
f 2054 2057 2053
f 2056 2055 2052
f 2056 2077 2055
f 2057 2056 2053
f 2060 2057 2054
f 2057 2079 2056
f 2059 2058 2050
f 2058 2060 2054
f 2142 2059 2051
f 2059 2061 2058
f 2142 2145 2059
f 2061 2060 2058
f 2060 2084 2057
f 2145 2061 2059
f 2061 2085 2060
f 2145 2172 2061
f 2062 2021 2035
f 2065 2021 2062
f 2072 2021 2065
f 2092 2021 2072
f 2095 2021 2092
f 2063 2062 2035
f 2063 2066 2062
f 2064 2063 2036
f 2068 2064 2037
f 2064 2067 2063
f 2066 2065 2062
f 2067 2066 2063
f 2070 2067 2064
f 2073 2072 2065
f 2066 2073 2065
f 2067 2074 2066
f 2074 2073 2066
f 2075 2074 2067
f 2069 2068 2040
f 2068 2070 2064
f 2069 2071 2068
f 2078 2069 2041
f 2078 2080 2069
f 2071 2070 2068
f 2080 2071 2069
f 2070 2075 2067
f 2071 2076 2070
f 2076 2075 2070
f 2080 2090 2071
f 2090 2076 2071
f 2073 2093 2072
f 2074 2094 2073
f 2075 2098 2074
f 2076 2099 2075
f 2090 2112 2076
f 2077 2078 2055
f 2081 2078 2077
f 2079 2077 2056
f 2084 2079 2057
f 2079 2082 2077
f 2081 2080 2078
f 2082 2081 2077
f 2086 2082 2079
f 2091 2090 2080
f 2081 2091 2080
f 2082 2083 2081
f 2083 2091 2081
f 2087 2083 2082
f 2085 2084 2060
f 2084 2086 2079
f 2088 2086 2084
f 2172 2085 2061
f 2085 2088 2084
f 2172 2175 2085
f 2175 2088 2085
f 2086 2087 2082
f 2089 2087 2086
f 2088 2089 2086
f 2175 2177 2088
f 2177 2089 2088
f 2093 2092 2072
f 2093 2096 2092
f 2094 2093 2073
f 2098 2094 2074
f 2094 2097 2093
f 2096 2095 2092
f 2096 2103 2095
f 2103 2102 2095
f 2097 2096 2093
f 2100 2097 2094
f 2097 2104 2096
f 2104 2103 2096
f 2108 2104 2097
f 2099 2098 2075
f 2098 2100 2094
f 2099 2101 2098
f 2112 2099 2076
f 2112 2117 2099
f 2101 2100 2098
f 2117 2101 2099
f 2100 2108 2097
f 2101 2109 2100
f 2109 2108 2100
f 2117 2122 2101
f 2122 2109 2101
f 2103 2106 2102
f 2106 2105 2102
f 2104 2107 2103
f 2107 2106 2103
f 2110 2107 2104
f 2106 2243 2105
f 2243 2242 2105
f 2107 2246 2106
f 2246 2243 2106
f 2251 2246 2107
f 2108 2110 2104
f 2109 2111 2108
f 2111 2110 2108
f 2122 2126 2109
f 2126 2111 2109
f 2110 2251 2107
f 2111 2253 2110
f 2253 2251 2110
f 2126 2268 2111
f 2268 2253 2111
f 2177 2197 2089
f 2113 2112 2090
f 2091 2113 2090
f 2113 2115 2112
f 2114 2091 2083
f 2114 2113 2091
f 2118 2114 2083
f 2114 2116 2113
f 2115 2117 2112
f 2116 2115 2113
f 2120 2116 2114
f 2123 2117 2115
f 2116 2124 2115
f 2087 2118 2083
f 2119 2118 2087
f 2118 2120 2114
f 2089 2119 2087
f 2197 2119 2089
f 2119 2121 2118
f 2121 2120 2118
f 2120 2128 2116
f 2197 2200 2119
f 2200 2121 2119
f 2121 2129 2120
f 2200 2207 2121
f 2123 2122 2117
f 2125 2126 2122
f 2123 2125 2122
f 2124 2123 2115
f 2128 2124 2116
f 2124 2127 2123
f 2127 2125 2123
f 2267 2126 2125
f 2267 2268 2126
f 2130 2127 2124
f 2127 2269 2125
f 2269 2267 2125
f 2276 2269 2127
f 2129 2128 2120
f 2207 2129 2121
f 2207 2212 2129
f 2128 2130 2124
f 2129 2131 2128
f 2131 2130 2128
f 2130 2276 2127
f 2277 2276 2130
f 2212 2131 2129
f 2131 2277 2130
f 2212 2356 2131
f 2356 2277 2131
f 2133 2132 1999
f 2133 2136 2132
f 2134 2133 2000
f 2138 2134 2001
f 2134 2137 2133
f 2136 2135 2132
f 2137 2136 2133
f 2140 2137 2134
f 2136 2143 2135
f 2137 2144 2136
f 2139 2138 2004
f 2138 2140 2134
f 2152 2139 2005
f 2139 2141 2138
f 2152 2155 2139
f 2141 2140 2138
f 2155 2141 2139
f 2140 2148 2137
f 2141 2149 2140
f 2155 2162 2141
f 2143 2142 2135
f 2143 2146 2142
f 2144 2143 2136
f 2148 2144 2137
f 2144 2147 2143
f 2146 2145 2142
f 2147 2146 2143
f 2150 2147 2144
f 2149 2148 2140
f 2148 2150 2144
f 2162 2149 2141
f 2149 2151 2148
f 2162 2165 2149
f 2151 2150 2148
f 2165 2151 2149
f 2146 2173 2145
f 2147 2174 2146
f 2150 2181 2147
f 2151 2182 2150
f 2165 2185 2151
f 2185 2182 2151
f 2153 2152 2014
f 2153 2156 2152
f 2154 2153 2015
f 2154 2157 2153
f 2156 2155 2152
f 2157 2156 2153
f 2156 2163 2155
f 2157 2164 2156
f 2158 2154 2016
f 2159 2158 2019
f 2158 2160 2154
f 2607 2159 2020
f 2159 2161 2158
f 2607 2610 2159
f 2160 2157 2154
f 2161 2160 2158
f 2610 2161 2159
f 2160 2168 2157
f 2161 2169 2160
f 2610 2617 2161
f 2163 2162 2155
f 2163 2166 2162
f 2164 2163 2156
f 2164 2167 2163
f 2166 2165 2162
f 2167 2166 2163
f 2168 2164 2157
f 2169 2168 2160
f 2168 2170 2164
f 2171 2170 2168
f 2617 2169 2161
f 2169 2171 2168
f 2617 2622 2169
f 2622 2171 2169
f 2170 2167 2164
f 2186 2185 2165
f 2166 2186 2165
f 2187 2186 2166
f 2167 2187 2166
f 2170 2191 2167
f 2191 2187 2167
f 2192 2191 2170
f 2622 2623 2171
f 2171 2192 2170
f 2623 2192 2171
f 2173 2172 2145
f 2176 2175 2172
f 2173 2176 2172
f 2174 2173 2146
f 2181 2174 2147
f 2174 2179 2173
f 2179 2176 2173
f 2184 2179 2174
f 2176 2178 2175
f 2178 2177 2175
f 2179 2180 2176
f 2195 2180 2179
f 2180 2178 2176
f 2182 2181 2150
f 2181 2184 2174
f 2183 2184 2181
f 2185 2188 2182
f 2182 2183 2181
f 2188 2183 2182
f 2184 2195 2179
f 2196 2195 2184
f 2183 2196 2184
f 2188 2217 2183
f 2217 2196 2183
f 2186 2189 2185
f 2187 2190 2186
f 2189 2188 2185
f 2190 2189 2186
f 2218 2217 2188
f 2189 2218 2188
f 2220 2218 2189
f 2190 2220 2189
f 2191 2193 2187
f 2192 2194 2191
f 2194 2193 2191
f 2193 2190 2187
f 2193 2223 2190
f 2623 2659 2192
f 2659 2194 2192
f 2194 2224 2193
f 2659 2668 2194
f 2223 2220 2190
f 2178 2198 2177
f 2180 2199 2178
f 2203 2199 2180
f 2195 2203 2180
f 2204 2203 2195
f 2196 2204 2195
f 2217 2219 2196
f 2219 2204 2196
f 2198 2197 2177
f 2199 2198 2178
f 2198 2201 2197
f 2201 2200 2197
f 2201 2208 2200
f 2199 2202 2198
f 2202 2201 2198
f 2205 2202 2199
f 2202 2209 2201
f 2203 2205 2199
f 2206 2205 2203
f 2204 2206 2203
f 2219 2229 2204
f 2229 2206 2204
f 2208 2207 2200
f 2208 2210 2207
f 2209 2208 2201
f 2213 2209 2202
f 2209 2211 2208
f 2210 2212 2207
f 2352 2212 2210
f 2211 2210 2208
f 2215 2211 2209
f 2211 2353 2210
f 2205 2213 2202
f 2214 2213 2205
f 2213 2215 2209
f 2206 2214 2205
f 2229 2232 2206
f 2232 2214 2206
f 2214 2216 2213
f 2216 2215 2213
f 2215 2358 2211
f 2232 2236 2214
f 2236 2216 2214
f 2216 2359 2215
f 2236 2378 2216
f 2218 2221 2217
f 2221 2219 2217
f 2220 2222 2218
f 2222 2221 2218
f 2221 2230 2219
f 2222 2231 2221
f 2668 2224 2194
f 2224 2223 2193
f 2223 2225 2220
f 2225 2222 2220
f 2227 2225 2223
f 2224 2227 2223
f 2668 2670 2224
f 2670 2227 2224
f 2225 2226 2222
f 2226 2231 2222
f 2228 2226 2225
f 2227 2228 2225
f 2670 2677 2227
f 2677 2228 2227
f 2228 2239 2226
f 2677 2678 2228
f 2678 2239 2228
f 2230 2229 2219
f 2231 2230 2221
f 2233 2232 2229
f 2230 2233 2229
f 2234 2233 2230
f 2231 2234 2230
f 2235 2236 2232
f 2233 2235 2232
f 2377 2236 2235
f 2237 2235 2233
f 2234 2237 2233
f 2237 2379 2235
f 2238 2231 2226
f 2238 2234 2231
f 2239 2238 2226
f 2238 2240 2234
f 2240 2237 2234
f 2241 2240 2238
f 2240 2383 2237
f 2239 2241 2238
f 2678 2691 2239
f 2691 2241 2239
f 2102 2021 2095
f 2105 2021 2102
f 2242 2021 2105
f 2244 2021 2242
f 2248 2021 2244
f 2257 2021 2248
f 2261 2021 2257
f 2307 2310 2021
f 2310 2312 2021
f 3261 3264 2021
f 2312 3261 2021
f 2297 2021 2261
f 2300 2021 2297
f 2300 2293 2021
f 2293 2307 2021
f 2243 2245 2242
f 2245 2244 2242
f 2246 2247 2243
f 2247 2245 2243
f 2252 2247 2246
f 2245 2249 2244
f 2249 2248 2244
f 2247 2250 2245
f 2250 2249 2245
f 2254 2250 2247
f 2251 2252 2246
f 2253 2255 2251
f 2255 2252 2251
f 2268 2273 2253
f 2273 2255 2253
f 2252 2254 2247
f 2255 2256 2252
f 2256 2254 2252
f 2273 2271 2255
f 2271 2256 2255
f 2258 2257 2248
f 2249 2258 2248
f 2258 2260 2257
f 2250 2259 2249
f 2259 2258 2249
f 2263 2259 2250
f 2259 2262 2258
f 2298 2261 2260
f 2260 2261 2257
f 2262 2260 2258
f 2265 2262 2259
f 2262 2299 2260
f 2264 2263 2254
f 2263 2265 2259
f 2264 2266 2263
f 2254 2263 2250
f 2256 2264 2254
f 2271 2283 2256
f 2283 2264 2256
f 2266 2265 2263
f 2265 2305 2262
f 2266 2306 2265
f 2286 2266 2264
f 2283 2286 2264
f 2286 2322 2266
f 2270 2268 2267
f 2270 2273 2268
f 2269 2274 2267
f 2274 2270 2267
f 2278 2274 2269
f 2272 2273 2270
f 2272 2271 2273
f 2274 2275 2270
f 2275 2272 2270
f 2279 2275 2274
f 2276 2278 2269
f 2280 2278 2276
f 2277 2280 2276
f 2356 2357 2277
f 2357 2280 2277
f 2278 2279 2274
f 2281 2279 2278
f 2280 2281 2278
f 2357 2362 2280
f 2362 2281 2280
f 2289 2282 2285
f 2324 2287 2282
f 2284 2283 2271
f 2272 2284 2271
f 2275 2285 2272
f 2285 2284 2272
f 2291 2285 2275
f 2287 2286 2283
f 2284 2287 2283
f 2287 2323 2286
f 2285 2282 2284
f 2282 2287 2284
f 2362 2364 2281
f 2364 2288 2281
f 2290 2289 2291
f 2289 2331 2282
f 2290 2291 2288
f 2364 2368 2288
f 2368 2290 2288
f 2290 2332 2289
f 2368 2402 2290
f 2279 2291 2275
f 2288 2291 2279
f 2281 2288 2279
f 2291 2289 2285
f 2301 2295 2299
f 2294 2300 2292
f 2294 2293 2300
f 2295 2296 2292
f 2296 2294 2292
f 2302 2296 2295
f 2298 2297 2261
f 2292 2300 2297
f 2298 2292 2297
f 2299 2298 2260
f 2305 2299 2262
f 2299 2295 2298
f 2295 2292 2298
f 2306 2303 2305
f 2303 2301 2305
f 2322 2325 2306
f 2325 2303 2306
f 2301 2302 2295
f 2303 2304 2301
f 2304 2302 2301
f 2325 2327 2303
f 2327 2304 2303
f 2306 2305 2265
f 2305 2301 2299
f 2322 2306 2266
f 2311 2310 2307
f 2308 2311 2307
f 2308 2307 2293
f 2294 2308 2293
f 2314 2311 2308
f 2309 2314 2308
f 2318 2314 2309
f 2296 2309 2294
f 2309 2308 2294
f 2316 2309 2296
f 2311 2313 2310
f 2313 2312 2310
f 2314 2315 2311
f 2315 2313 2311
f 2319 2315 2314
f 2316 2318 2309
f 2317 2320 2316
f 2320 2318 2316
f 2302 2316 2296
f 2304 2317 2302
f 2317 2316 2302
f 2337 2340 2317
f 2340 2320 2317
f 2327 2337 2304
f 2337 2317 2304
f 2318 2319 2314
f 2320 2321 2318
f 2321 2319 2318
f 2340 2342 2320
f 2342 2321 2320
f 2323 2322 2286
f 2326 2325 2322
f 2323 2326 2322
f 2324 2323 2287
f 2331 2324 2282
f 2329 2326 2323
f 2324 2329 2323
f 2334 2329 2324
f 2326 2328 2325
f 2328 2327 2325
f 2329 2330 2326
f 2330 2328 2326
f 2333 2330 2329
f 2332 2331 2289
f 2331 2334 2324
f 2336 2334 2331
f 2402 2332 2290
f 2332 2336 2331
f 2402 2405 2332
f 2405 2336 2332
f 2335 2333 2334
f 2334 2333 2329
f 2405 2407 2336
f 2407 2335 2336
f 2336 2335 2334
f 2338 2337 2327
f 2341 2340 2337
f 2338 2341 2337
f 2328 2338 2327
f 2330 2339 2328
f 2339 2338 2328
f 2346 2339 2330
f 2339 2344 2338
f 2344 2341 2338
f 2348 2344 2339
f 2341 2343 2340
f 2343 2342 2340
f 2344 2345 2341
f 2345 2343 2341
f 2349 2345 2344
f 2333 2346 2330
f 2347 2346 2333
f 2346 2348 2339
f 2350 2348 2346
f 2335 2347 2333
f 2407 2417 2335
f 2417 2347 2335
f 2347 2350 2346
f 2420 2350 2347
f 2417 2420 2347
f 2348 2349 2344
f 2351 2349 2348
f 2350 2351 2348
f 2420 2422 2350
f 2422 2351 2350
f 2353 2352 2210
f 2358 2353 2211
f 2353 2355 2352
f 2355 2354 2352
f 2360 2355 2353
f 2363 2357 2354
f 2363 2362 2357
f 2355 2366 2354
f 2366 2363 2354
f 2371 2366 2355
f 2352 2356 2212
f 2354 2357 2356
f 2354 2356 2352
f 2359 2358 2215
f 2358 2360 2353
f 2361 2360 2358
f 2378 2359 2216
f 2359 2361 2358
f 2378 2381 2359
f 2360 2371 2355
f 2373 2371 2360
f 2381 2361 2359
f 2361 2373 2360
f 2381 2390 2361
f 2390 2373 2361
f 2363 2365 2362
f 2365 2364 2362
f 2366 2367 2363
f 2367 2365 2363
f 2372 2367 2366
f 2369 2368 2364
f 2365 2369 2364
f 2369 2403 2368
f 2367 2370 2365
f 2370 2369 2365
f 2375 2370 2367
f 2370 2404 2369
f 2371 2372 2366
f 2374 2372 2371
f 2373 2374 2371
f 2390 2388 2373
f 2388 2374 2373
f 2372 2375 2367
f 2376 2375 2372
f 2375 2411 2370
f 2388 2393 2374
f 2393 2376 2374
f 2376 2412 2375
f 2393 2432 2376
f 2374 2376 2372
f 2377 2378 2236
f 2377 2380 2378
f 2379 2377 2235
f 2379 2382 2377
f 2387 2390 2381
f 2387 2381 2380
f 2380 2381 2378
f 2382 2380 2377
f 2391 2387 2380
f 2382 2391 2380
f 2383 2379 2237
f 2384 2383 2240
f 2383 2385 2379
f 2241 2384 2240
f 2691 2827 2241
f 2827 2384 2241
f 2384 2386 2383
f 2827 2828 2384
f 2385 2382 2379
f 2386 2385 2383
f 2385 2396 2382
f 2396 2391 2382
f 2398 2396 2385
f 2828 2386 2384
f 2386 2398 2385
f 2828 2829 2386
f 2829 2398 2386
f 2389 2390 2387
f 2389 2388 2390
f 2391 2392 2387
f 2392 2389 2387
f 2394 2393 2388
f 2389 2394 2388
f 2394 2433 2393
f 2395 2394 2389
f 2392 2395 2389
f 2395 2434 2394
f 2396 2397 2391
f 2397 2392 2391
f 2399 2397 2396
f 2398 2399 2396
f 2829 2830 2398
f 2830 2399 2398
f 2397 2400 2392
f 2400 2395 2392
f 2401 2400 2397
f 2400 2441 2395
f 2399 2401 2397
f 2830 2831 2399
f 2831 2401 2399
f 2401 2442 2400
f 2831 2865 2401
f 2403 2402 2368
f 2406 2405 2402
f 2403 2406 2402
f 2411 2404 2370
f 2404 2409 2403
f 2409 2406 2403
f 2413 2409 2404
f 2404 2403 2369
f 2406 2408 2405
f 2408 2407 2405
f 2409 2410 2406
f 2410 2408 2406
f 2414 2410 2409
f 2412 2411 2375
f 2411 2413 2404
f 2415 2413 2411
f 2432 2412 2376
f 2412 2415 2411
f 2432 2435 2412
f 2435 2415 2412
f 2413 2414 2409
f 2416 2414 2413
f 2415 2416 2413
f 2435 2437 2415
f 2437 2416 2415
f 2418 2417 2407
f 2408 2418 2407
f 2421 2420 2417
f 2418 2421 2417
f 2410 2419 2408
f 2419 2418 2408
f 2426 2419 2410
f 2419 2424 2418
f 2424 2421 2418
f 2428 2424 2419
f 2421 2423 2420
f 2423 2422 2420
f 2424 2425 2421
f 2425 2423 2421
f 2429 2425 2424
f 2414 2426 2410
f 2427 2426 2414
f 2426 2428 2419
f 2430 2428 2426
f 2416 2427 2414
f 2447 2427 2416
f 2437 2447 2416
f 2427 2430 2426
f 2447 2450 2427
f 2450 2430 2427
f 2428 2429 2424
f 2431 2429 2428
f 2430 2431 2428
f 2450 2452 2430
f 2452 2431 2430
f 2433 2432 2393
f 2436 2435 2432
f 2433 2436 2432
f 2434 2433 2394
f 2439 2436 2433
f 2434 2439 2433
f 2436 2438 2435
f 2438 2437 2435
f 2439 2440 2436
f 2440 2438 2436
f 2441 2434 2395
f 2442 2441 2400
f 2441 2443 2434
f 2443 2439 2434
f 2445 2443 2441
f 2865 2442 2401
f 2442 2445 2441
f 2865 2867 2442
f 2867 2445 2442
f 2443 2444 2439
f 2444 2440 2439
f 2446 2444 2443
f 2445 2446 2443
f 2867 2868 2445
f 2868 2446 2445
f 2448 2447 2437
f 2438 2448 2437
f 2451 2450 2447
f 2448 2451 2447
f 2449 2448 2438
f 2440 2449 2438
f 2454 2451 2448
f 2449 2454 2448
f 2451 2453 2450
f 2453 2452 2450
f 2454 2455 2451
f 2455 2453 2451
f 2456 2449 2440
f 2444 2456 2440
f 2457 2456 2444
f 2456 2458 2449
f 2458 2454 2449
f 2460 2458 2456
f 2446 2457 2444
f 2877 2457 2446
f 2868 2877 2446
f 2457 2460 2456
f 2877 2880 2457
f 2880 2460 2457
f 2458 2459 2454
f 2459 2455 2454
f 2461 2459 2458
f 2460 2461 2458
f 2880 2881 2460
f 2881 2461 2460
f 2463 2462 968
f 2464 2463 969
f 2466 2465 2462
f 2463 2466 2462
f 2467 2466 2463
f 2464 2467 2463
f 2468 2464 970
f 2469 2468 973
f 2482 2469 974
f 2468 2470 2464
f 2470 2467 2464
f 2471 2470 2468
f 2469 2471 2468
f 2482 2485 2469
f 2485 2471 2469
f 2473 2472 2465
f 2466 2473 2465
f 2474 2473 2466
f 2467 2474 2466
f 2473 2476 2472
f 2476 2475 2472
f 2474 2477 2473
f 2477 2476 2473
f 2470 2478 2467
f 2478 2474 2467
f 2479 2478 2470
f 2471 2479 2470
f 2485 2492 2471
f 2492 2479 2471
f 2478 2480 2474
f 2480 2477 2474
f 2481 2480 2478
f 2479 2481 2478
f 2492 2495 2479
f 2495 2481 2479
f 2483 2482 988
f 2484 2483 989
f 2483 2486 2482
f 2486 2485 2482
f 2487 2486 2483
f 2484 2487 2483
f 2488 2484 990
f 2489 2488 993
f 2532 2489 994
f 2488 2490 2484
f 2490 2487 2484
f 2491 2490 2488
f 2489 2491 2488
f 2535 2491 2489
f 2486 2493 2485
f 2493 2492 2485
f 2494 2493 2486
f 2487 2494 2486
f 2493 2496 2492
f 2496 2495 2492
f 2494 2497 2493
f 2497 2496 2493
f 2490 2498 2487
f 2498 2494 2487
f 2499 2498 2490
f 2491 2499 2490
f 2542 2499 2491
f 2498 2500 2494
f 2500 2497 2494
f 2501 2500 2498
f 2499 2501 2498
f 2545 2501 2499
f 2476 2503 2475
f 2503 2502 2475
f 2477 2504 2476
f 2504 2503 2476
f 2503 2508 2502
f 2508 2507 2502
f 2504 2509 2503
f 2509 2508 2503
f 2480 2505 2477
f 2505 2504 2477
f 2506 2505 2480
f 2481 2506 2480
f 2495 2517 2481
f 2517 2506 2481
f 2505 2513 2504
f 2513 2509 2504
f 2514 2513 2505
f 2506 2514 2505
f 2517 2522 2506
f 2522 2514 2506
f 2511 2510 2507
f 2508 2511 2507
f 2512 2511 2508
f 2509 2512 2508
f 2511 2608 2510
f 2512 2609 2511
f 2609 2608 2511
f 2513 2515 2509
f 2515 2512 2509
f 2516 2515 2513
f 2514 2516 2513
f 2522 2525 2514
f 2525 2516 2514
f 2515 2613 2512
f 2613 2609 2512
f 2614 2613 2515
f 2516 2614 2515
f 2525 2632 2516
f 2632 2614 2516
f 2496 2518 2495
f 2518 2517 2495
f 2497 2519 2496
f 2519 2518 2496
f 2518 2523 2517
f 2523 2522 2517
f 2519 2524 2518
f 2524 2523 2518
f 2500 2520 2497
f 2520 2519 2497
f 2521 2520 2500
f 2501 2521 2500
f 2572 2521 2501
f 2520 2528 2519
f 2528 2524 2519
f 2529 2528 2520
f 2521 2529 2520
f 2577 2529 2521
f 2523 2526 2522
f 2526 2525 2522
f 2524 2527 2523
f 2527 2526 2523
f 2526 2633 2525
f 2633 2632 2525
f 2634 2633 2526
f 2527 2634 2526
f 2528 2530 2524
f 2530 2527 2524
f 2531 2530 2528
f 2529 2531 2528
f 2580 2531 2529
f 2530 2638 2527
f 2638 2634 2527
f 2639 2638 2530
f 2531 2639 2530
f 2712 2639 2531
f 2533 2532 1058
f 2534 2533 1059
f 2532 2535 2489
f 2533 2536 2532
f 2536 2535 2532
f 2537 2536 2533
f 2534 2537 2533
f 2538 2534 1060
f 2539 2538 1063
f 2552 2539 1064
f 2538 2540 2534
f 2540 2537 2534
f 2539 2541 2538
f 2541 2540 2538
f 2555 2541 2539
f 2535 2542 2491
f 2536 2543 2535
f 2543 2542 2535
f 2544 2543 2536
f 2537 2544 2536
f 2542 2545 2499
f 2543 2546 2542
f 2546 2545 2542
f 2544 2547 2543
f 2547 2546 2543
f 2540 2548 2537
f 2548 2544 2537
f 2541 2549 2540
f 2549 2548 2540
f 2562 2549 2541
f 2548 2550 2544
f 2550 2547 2544
f 2549 2551 2548
f 2551 2550 2548
f 2565 2551 2549
f 2553 2552 1078
f 2554 2553 1079
f 2552 2555 2539
f 2553 2556 2552
f 2556 2555 2552
f 2557 2556 2553
f 2554 2557 2553
f 2558 2554 1080
f 2559 2558 1083
f 6057 2559 1084
f 2560 2557 2554
f 2558 2560 2554
f 2559 2561 2558
f 2561 2560 2558
f 6059 2561 2559
f 2555 2562 2541
f 2556 2563 2555
f 2563 2562 2555
f 2564 2563 2556
f 2557 2564 2556
f 2562 2565 2549
f 2563 2566 2562
f 2566 2565 2562
f 2564 2567 2563
f 2567 2566 2563
f 2568 2564 2557
f 2560 2568 2557
f 2561 2569 2560
f 2569 2568 2560
f 6067 2569 2561
f 2568 2570 2564
f 2570 2567 2564
f 2569 2571 2568
f 2571 2570 2568
f 6069 2571 2569
f 2545 2572 2501
f 2546 2573 2545
f 2573 2572 2545
f 2547 2574 2546
f 2574 2573 2546
f 2572 2577 2521
f 2573 2578 2572
f 2578 2577 2572
f 2574 2579 2573
f 2579 2578 2573
f 2550 2575 2547
f 2575 2574 2547
f 2551 2576 2550
f 2576 2575 2550
f 2587 2576 2551
f 2575 2583 2574
f 2583 2579 2574
f 2576 2584 2575
f 2584 2583 2575
f 2595 2584 2576
f 2577 2580 2529
f 2578 2581 2577
f 2581 2580 2577
f 2579 2582 2578
f 2582 2581 2578
f 2580 2712 2531
f 2581 2713 2580
f 2713 2712 2580
f 2582 2714 2581
f 2714 2713 2581
f 2583 2585 2579
f 2585 2582 2579
f 2584 2586 2583
f 2586 2585 2583
f 2598 2586 2584
f 2585 2718 2582
f 2718 2714 2582
f 2586 2720 2585
f 2720 2718 2585
f 2600 2720 2586
f 2565 2587 2551
f 2566 2588 2565
f 2588 2587 2565
f 2567 2589 2566
f 2589 2588 2566
f 2587 2595 2576
f 2588 2596 2587
f 2596 2595 2587
f 2589 2590 2588
f 2590 2596 2588
f 2570 2591 2567
f 2591 2589 2567
f 2571 2592 2570
f 2592 2591 2570
f 6097 2592 2571
f 2591 2593 2589
f 2593 2590 2589
f 2592 2594 2591
f 2594 2593 2591
f 6099 2594 2592
f 2595 2598 2584
f 2596 2599 2595
f 2599 2598 2595
f 2597 2596 2590
f 2597 2599 2596
f 2598 2600 2586
f 2599 2601 2598
f 2601 2600 2598
f 2602 2599 2597
f 2602 2601 2599
f 2593 2603 2590
f 2603 2597 2590
f 2594 2604 2593
f 2604 2603 2593
f 6107 2604 2594
f 2603 2605 2597
f 2605 2602 2597
f 2604 2606 2603
f 2606 2605 2603
f 6109 2606 2604
f 2608 2607 2510
f 2608 2611 2607
f 2609 2612 2608
f 2611 2610 2607
f 2612 2611 2608
f 2611 2618 2610
f 2619 2618 2611
f 2612 2619 2611
f 2613 2615 2609
f 2616 2615 2613
f 2614 2616 2613
f 2632 2635 2614
f 2635 2616 2614
f 2615 2612 2609
f 2615 2620 2612
f 2620 2619 2612
f 2621 2620 2615
f 2616 2621 2615
f 2635 2643 2616
f 2643 2621 2616
f 2618 2617 2610
f 2624 2622 2617
f 2618 2624 2617
f 2625 2624 2618
f 2619 2625 2618
f 2620 2628 2619
f 2621 2630 2620
f 2643 2647 2621
f 2624 2626 2622
f 2626 2623 2622
f 2625 2627 2624
f 2627 2626 2624
f 2628 2625 2619
f 2630 2628 2620
f 2647 2630 2621
f 2628 2629 2625
f 2629 2627 2625
f 2631 2629 2628
f 2630 2631 2628
f 2647 2650 2630
f 2650 2631 2630
f 2631 2663 2629
f 2650 2664 2631
f 2633 2636 2632
f 2634 2637 2633
f 2636 2635 2632
f 2637 2636 2633
f 2636 2644 2635
f 2644 2643 2635
f 2637 2645 2636
f 2645 2644 2636
f 2638 2640 2634
f 2640 2637 2634
f 2641 2640 2638
f 2639 2641 2638
f 2715 2641 2639
f 2640 2646 2637
f 2646 2645 2637
f 2642 2646 2640
f 2641 2642 2640
f 2722 2642 2641
f 2644 2648 2643
f 2648 2647 2643
f 2645 2649 2644
f 2649 2648 2644
f 2648 2651 2647
f 2651 2650 2647
f 2652 2651 2648
f 2649 2652 2648
f 2651 2665 2650
f 2652 2666 2651
f 2666 2665 2651
f 2646 2653 2645
f 2653 2649 2645
f 2654 2653 2646
f 2654 2646 2642
f 2727 2654 2642
f 2654 2656 2653
f 2653 2655 2649
f 2655 2652 2649
f 2656 2655 2653
f 2655 2657 2652
f 2657 2666 2652
f 2658 2657 2655
f 2730 2656 2654
f 2656 2658 2655
f 2756 2658 2656
f 2661 2659 2623
f 2626 2661 2623
f 2661 2669 2659
f 2660 2661 2626
f 2627 2660 2626
f 2660 2667 2661
f 2629 2662 2627
f 2662 2660 2627
f 2663 2662 2629
f 2662 2673 2660
f 2664 2663 2631
f 2665 2664 2650
f 2669 2668 2659
f 2667 2669 2661
f 2671 2670 2668
f 2669 2671 2668
f 2672 2669 2667
f 2679 2677 2670
f 2671 2679 2670
f 2672 2671 2669
f 2672 2680 2671
f 2680 2679 2671
f 2673 2667 2660
f 2674 2673 2662
f 2663 2674 2662
f 2664 2692 2663
f 2692 2674 2663
f 2674 2676 2673
f 2692 2697 2674
f 2697 2676 2674
f 2673 2675 2667
f 2675 2672 2667
f 2676 2675 2673
f 2675 2685 2672
f 2685 2680 2672
f 2686 2685 2675
f 2676 2686 2675
f 2697 2702 2676
f 2679 2681 2677
f 2681 2678 2677
f 2680 2682 2679
f 2682 2681 2679
f 2681 2683 2678
f 2683 2691 2678
f 2682 2684 2681
f 2684 2683 2681
f 2685 2687 2680
f 2687 2682 2680
f 2689 2687 2685
f 2702 2686 2676
f 2686 2689 2685
f 2702 2705 2686
f 2705 2689 2686
f 2687 2688 2682
f 2688 2684 2682
f 2690 2688 2687
f 2705 2832 2689
f 2689 2690 2687
f 2832 2690 2689
f 2665 2693 2664
f 2693 2692 2664
f 2693 2695 2692
f 2694 2693 2665
f 2666 2694 2665
f 2695 2697 2692
f 2696 2695 2693
f 2694 2696 2693
f 2696 2704 2695
f 2703 2697 2695
f 2698 2666 2657
f 2698 2694 2666
f 2699 2698 2657
f 2658 2699 2657
f 2779 2699 2658
f 2698 2700 2694
f 2700 2696 2694
f 2701 2700 2698
f 2700 2708 2696
f 2699 2701 2698
f 2780 2701 2699
f 2703 2702 2697
f 2703 2706 2702
f 2706 2705 2702
f 2704 2703 2695
f 2707 2706 2703
f 2704 2707 2703
f 2706 2834 2705
f 2834 2832 2705
f 2835 2834 2706
f 2707 2835 2706
f 2708 2704 2696
f 2709 2708 2700
f 2701 2709 2700
f 2786 2709 2701
f 2709 2711 2708
f 2789 2711 2709
f 2708 2710 2704
f 2710 2707 2704
f 2711 2710 2708
f 2710 2841 2707
f 2841 2835 2707
f 2843 2841 2710
f 2711 2843 2710
f 2925 2843 2711
f 2712 2715 2639
f 2713 2716 2712
f 2716 2715 2712
f 2714 2717 2713
f 2717 2716 2713
f 2715 2722 2641
f 2716 2723 2715
f 2723 2722 2715
f 2717 2724 2716
f 2724 2723 2716
f 2718 2719 2714
f 2719 2717 2714
f 2720 2721 2718
f 2721 2719 2718
f 2737 2721 2720
f 2719 2725 2717
f 2725 2724 2717
f 2721 2726 2719
f 2726 2725 2719
f 2741 2726 2721
f 2726 2734 2725
f 2722 2727 2642
f 2723 2728 2722
f 2728 2727 2722
f 2727 2730 2654
f 2728 2731 2727
f 2724 2729 2723
f 2729 2728 2723
f 2729 2732 2728
f 2731 2730 2727
f 2731 2757 2730
f 2730 2756 2656
f 2757 2756 2730
f 2732 2731 2728
f 2732 2758 2731
f 2725 2733 2724
f 2733 2729 2724
f 2734 2733 2725
f 2747 2734 2726
f 2733 2735 2729
f 2735 2732 2729
f 2734 2736 2733
f 2736 2735 2733
f 2748 2736 2734
f 2735 2759 2732
f 2736 2760 2735
f 2737 2720 2600
f 2601 2738 2600
f 2738 2737 2600
f 2602 2739 2601
f 2739 2738 2601
f 2737 2741 2721
f 2738 2742 2737
f 2740 2739 2602
f 2605 2740 2602
f 2606 2744 2605
f 2744 2740 2605
f 6224 2744 2606
f 2742 2741 2737
f 2741 2747 2726
f 2742 2749 2741
f 2743 2742 2738
f 2739 2743 2738
f 2743 2750 2742
f 2744 2746 2740
f 2745 2743 2739
f 2740 2745 2739
f 2753 2750 2743
f 2745 2753 2743
f 2746 2745 2740
f 6226 2746 2744
f 2746 2755 2745
f 2755 2753 2745
f 6238 2755 2746
f 2749 2747 2741
f 2750 2749 2742
f 2749 2751 2747
f 2747 2748 2734
f 2751 2748 2747
f 2750 2752 2749
f 2752 2751 2749
f 2748 2763 2736
f 2753 2754 2750
f 2754 2752 2750
f 2769 2754 2753
f 2755 2769 2753
f 6253 2769 2755
f 2756 2779 2658
f 2757 2781 2756
f 2758 2757 2731
f 2782 2781 2757
f 2758 2782 2757
f 2759 2758 2732
f 2759 2761 2758
f 2761 2782 2758
f 2760 2759 2735
f 2763 2760 2736
f 2760 2762 2759
f 2762 2761 2759
f 2766 2762 2760
f 2762 2793 2761
f 2752 2765 2751
f 2751 2764 2748
f 2764 2763 2748
f 2764 2767 2763
f 2763 2766 2760
f 2765 2764 2751
f 2765 2768 2764
f 2767 2766 2763
f 2766 2797 2762
f 2767 2774 2766
f 2774 2797 2766
f 2768 2767 2764
f 2775 2774 2767
f 2768 2775 2767
f 2754 2770 2752
f 2771 2770 2754
f 2769 2771 2754
f 6254 2771 2769
f 2770 2765 2752
f 2770 2772 2765
f 2772 2768 2765
f 2776 2775 2768
f 2772 2776 2768
f 2771 2773 2770
f 2773 2772 2770
f 6257 2773 2771
f 2773 2777 2772
f 2775 2800 2774
f 2804 2800 2775
f 2776 2804 2775
f 2777 2776 2772
f 6268 2777 2773
f 2777 2778 2776
f 2778 2804 2776
f 6270 2778 2777
f 2781 2779 2756
f 2779 2780 2699
f 2781 2783 2779
f 2783 2780 2779
f 2782 2784 2781
f 2784 2783 2781
f 2785 2782 2761
f 2785 2784 2782
f 2793 2785 2761
f 2797 2793 2762
f 2780 2786 2701
f 2783 2787 2780
f 2787 2786 2780
f 2786 2789 2709
f 2787 2790 2786
f 2784 2788 2783
f 2788 2787 2783
f 2788 2791 2787
f 2790 2789 2786
f 2790 2922 2789
f 2922 2925 2789
f 2791 2790 2787
f 2923 2922 2790
f 2791 2923 2790
f 2789 2925 2711
f 2785 2792 2784
f 2792 2788 2784
f 2793 2794 2785
f 2794 2792 2785
f 2798 2794 2793
f 2792 2795 2788
f 2795 2791 2788
f 2795 2931 2791
f 2794 2796 2792
f 2801 2796 2794
f 2796 2795 2792
f 2796 2932 2795
f 2797 2798 2793
f 2799 2797 2774
f 2799 2798 2797
f 2800 2799 2774
f 2798 2801 2794
f 2799 2802 2798
f 2802 2801 2798
f 2802 2954 2801
f 2801 2952 2796
f 2803 2802 2799
f 2800 2803 2799
f 2803 2953 2802
f 2805 2803 2800
f 2804 2805 2800
f 2805 2961 2803
f 2806 2804 2778
f 2806 2805 2804
f 6308 2806 2778
f 2807 2691 2683
f 2808 2807 2683
f 2684 2808 2683
f 2808 2810 2807
f 2810 2809 2807
f 2816 2815 2809
f 2810 2816 2809
f 2688 2811 2684
f 2811 2808 2684
f 2812 2811 2688
f 2811 2813 2808
f 2690 2812 2688
f 2832 2833 2690
f 2833 2812 2690
f 2813 2810 2808
f 2814 2813 2811
f 2821 2816 2810
f 2813 2821 2810
f 2812 2814 2811
f 2833 2838 2812
f 2838 2814 2812
f 2814 2823 2813
f 2838 2847 2814
f 2816 2818 2815
f 2818 2817 2815
f 2820 2819 2817
f 2818 2820 2817
f 2820 2862 2819
f 2821 2822 2816
f 2823 2821 2813
f 2822 2818 2816
f 2824 2822 2821
f 2847 2823 2814
f 2823 2824 2821
f 2847 2848 2823
f 2848 2824 2823
f 2822 2825 2818
f 2825 2820 2818
f 2826 2825 2822
f 2825 2863 2820
f 2824 2826 2822
f 2848 2851 2824
f 2851 2826 2824
f 2826 2864 2825
f 2851 2892 2826
f 2807 2827 2691
f 2809 2827 2807
f 2828 2827 2809
f 2815 2829 2828
f 2815 2828 2809
f 2817 2829 2815
f 2830 2829 2817
f 2819 2831 2830
f 2819 2830 2817
f 2866 2831 2819
f 2834 2836 2832
f 2836 2833 2832
f 2835 2837 2834
f 2837 2836 2834
f 2836 2840 2833
f 2840 2838 2833
f 2840 2849 2838
f 2837 2839 2836
f 2839 2840 2836
f 2850 2840 2839
f 2841 2842 2835
f 2842 2837 2835
f 2844 2842 2841
f 2843 2844 2841
f 2926 2844 2843
f 2842 2845 2837
f 2845 2839 2837
f 2846 2845 2842
f 2845 2856 2839
f 2844 2846 2842
f 2928 2846 2844
f 2846 2857 2845
f 2849 2847 2838
f 2849 2852 2847
f 2852 2848 2847
f 2850 2849 2840
f 2853 2852 2849
f 2850 2853 2849
f 2852 2854 2848
f 2854 2851 2848
f 2854 2893 2851
f 2855 2854 2852
f 2853 2855 2852
f 2855 2894 2854
f 2856 2850 2839
f 2857 2856 2845
f 2856 2858 2850
f 2858 2853 2850
f 2860 2858 2856
f 2937 2857 2846
f 2857 2860 2856
f 2940 2860 2857
f 2858 2859 2853
f 2859 2855 2853
f 2861 2859 2858
f 2859 2898 2855
f 2860 2861 2858
f 2941 2861 2860
f 2861 2899 2859
f 2863 2862 2820
f 2864 2863 2825
f 2863 2873 2862
f 2875 2873 2863
f 2892 2864 2826
f 2864 2875 2863
f 2892 2895 2864
f 2895 2875 2864
f 2866 2865 2831
f 2869 2867 2865
f 2866 2869 2865
f 2862 2866 2819
f 2870 2869 2866
f 2870 2866 2862
f 2869 2871 2867
f 2871 2868 2867
f 2870 2872 2869
f 2872 2871 2869
f 2873 2870 2862
f 2873 2874 2870
f 2874 2872 2870
f 2876 2874 2873
f 2875 2876 2873
f 2895 2902 2875
f 2902 2876 2875
f 2878 2877 2868
f 2871 2878 2868
f 2882 2880 2877
f 2878 2882 2877
f 2879 2878 2871
f 2872 2879 2871
f 2883 2882 2878
f 2879 2883 2878
f 2882 2884 2880
f 2884 2881 2880
f 2883 2885 2882
f 2885 2884 2882
f 2886 2879 2872
f 2874 2886 2872
f 2887 2886 2874
f 2886 2888 2879
f 2888 2883 2879
f 2890 2888 2886
f 2876 2887 2874
f 2907 2887 2876
f 2902 2907 2876
f 2887 2890 2886
f 2907 2910 2887
f 2910 2890 2887
f 2888 2889 2883
f 2889 2885 2883
f 2891 2889 2888
f 2890 2891 2888
f 2910 2911 2890
f 2911 2891 2890
f 2893 2892 2851
f 2893 2896 2892
f 2896 2895 2892
f 2894 2893 2854
f 2897 2896 2893
f 2894 2897 2893
f 2897 2904 2896
f 2898 2894 2855
f 2899 2898 2859
f 2898 2900 2894
f 2900 2897 2894
f 2901 2900 2898
f 2982 2899 2861
f 2899 2901 2898
f 2985 2901 2899
f 2900 2905 2897
f 2901 2906 2900
f 2896 2903 2895
f 2903 2902 2895
f 2904 2903 2896
f 2905 2904 2897
f 2906 2905 2900
f 2992 2906 2901
f 2908 2907 2902
f 2903 2908 2902
f 2908 2912 2907
f 2912 2910 2907
f 2909 2908 2903
f 2904 2909 2903
f 2913 2912 2908
f 2909 2913 2908
f 2912 2914 2910
f 2914 2911 2910
f 2913 2915 2912
f 2915 2914 2912
f 2916 2909 2904
f 2905 2916 2904
f 2917 2916 2905
f 2916 2918 2909
f 2918 2913 2909
f 2920 2918 2916
f 2906 2917 2905
f 2997 2917 2906
f 2917 2920 2916
f 3000 2920 2917
f 2918 2919 2913
f 2919 2915 2913
f 2921 2919 2918
f 2920 2921 2918
f 3001 2921 2920
f 2924 2927 2922
f 2923 2924 2922
f 2925 2926 2843
f 2927 2925 2922
f 2927 2926 2925
f 2926 2928 2844
f 2927 2929 2926
f 2929 2928 2926
f 2928 2937 2846
f 2929 2938 2928
f 2930 2929 2927
f 2930 2927 2924
f 2930 2939 2929
f 2931 2923 2791
f 2931 2933 2923
f 2933 2924 2923
f 2932 2931 2795
f 2952 2932 2796
f 2932 2934 2931
f 2934 2933 2931
f 2955 2934 2932
f 2933 2936 2924
f 2935 2936 2933
f 2934 2935 2933
f 2956 2935 2934
f 2936 2930 2924
f 2936 2946 2930
f 2947 2936 2935
f 2938 2937 2928
f 2937 2940 2857
f 2938 2942 2937
f 2942 2940 2937
f 2939 2938 2929
f 2943 2942 2938
f 2939 2943 2938
f 2942 2944 2940
f 2940 2941 2860
f 2944 2941 2940
f 2941 2982 2861
f 2944 2983 2941
f 2943 2945 2942
f 2945 2944 2942
f 2945 2984 2944
f 2946 2939 2930
f 2946 2948 2939
f 2948 2943 2939
f 2947 2946 2936
f 2968 2947 2935
f 2947 2950 2946
f 2950 2948 2946
f 2970 2950 2947
f 2949 2945 2943
f 2948 2949 2943
f 2949 2988 2945
f 2951 2949 2948
f 2950 2951 2948
f 2971 2951 2950
f 2951 2989 2949
f 2954 2952 2801
f 2952 2955 2932
f 2954 2957 2952
f 2957 2955 2952
f 2953 2954 2802
f 2958 2957 2954
f 2958 2954 2953
f 2955 2956 2934
f 2957 2959 2955
f 2956 2968 2935
f 2959 2956 2955
f 2959 2969 2956
f 2958 2960 2957
f 2960 2959 2957
f 2960 2967 2959
f 2961 2953 2803
f 2961 2963 2953
f 2963 2958 2953
f 2806 2962 2805
f 2962 2961 2805
f 6393 2962 2806
f 2962 2965 2961
f 2965 2963 2961
f 6395 2965 2962
f 2963 2964 2958
f 2964 2960 2958
f 2965 2966 2963
f 2966 2964 2963
f 6396 2966 2965
f 2967 2969 2959
f 2969 2968 2956
f 2968 2970 2947
f 2969 2972 2968
f 2972 2970 2968
f 2973 2972 2969
f 2973 2969 2967
f 2970 2971 2950
f 2972 2974 2970
f 2974 2971 2970
f 2971 3012 2951
f 2974 3013 2971
f 2973 2975 2972
f 2975 2974 2972
f 2975 3014 2974
f 2976 2967 2960
f 2964 2976 2960
f 2977 2976 2964
f 2966 2977 2964
f 6407 2977 2966
f 2978 2973 2967
f 2976 2978 2967
f 2977 2980 2976
f 2980 2978 2976
f 6409 2980 2977
f 2978 2979 2973
f 2979 2975 2973
f 2979 3018 2975
f 2980 2981 2978
f 2981 2979 2978
f 6410 2981 2980
f 2981 3019 2979
f 2983 2982 2941
f 2982 2985 2899
f 2983 2986 2982
f 2986 2985 2982
f 2984 2983 2944
f 2987 2986 2983
f 2984 2987 2983
f 2985 2992 2901
f 2986 2993 2985
f 2987 2994 2986
f 2988 2984 2945
f 2988 2990 2984
f 2990 2987 2984
f 2989 2988 2949
f 3012 2989 2951
f 2989 2991 2988
f 2991 2990 2988
f 3015 2991 2989
f 2990 2995 2987
f 2991 2996 2990
f 2993 2992 2985
f 2994 2993 2986
f 2995 2994 2987
f 2996 2995 2990
f 3022 2996 2991
f 2992 2997 2906
f 2998 2997 2992
f 2993 2998 2992
f 2997 3000 2917
f 2998 3002 2997
f 3002 3000 2997
f 2999 2998 2993
f 2994 2999 2993
f 3003 3002 2998
f 2999 3003 2998
f 3000 3001 2920
f 3002 3004 3000
f 3004 3001 3000
f 3003 3005 3002
f 3005 3004 3002
f 3006 2999 2994
f 2995 3006 2994
f 3006 3008 2999
f 3008 3003 2999
f 3007 3006 2995
f 2996 3007 2995
f 3027 3007 2996
f 3007 3010 3006
f 3010 3008 3006
f 3030 3010 3007
f 3008 3009 3003
f 3009 3005 3003
f 3010 3011 3008
f 3011 3009 3008
f 3031 3011 3010
f 3013 3012 2971
f 3012 3015 2989
f 3013 3016 3012
f 3016 3015 3012
f 3014 3013 2974
f 3017 3016 3013
f 3014 3017 3013
f 3015 3022 2991
f 3016 3023 3015
f 3017 3024 3016
f 3018 3014 2975
f 3020 3017 3014
f 3018 3020 3014
f 3019 3018 2979
f 6447 3019 2981
f 3019 3021 3018
f 3021 3020 3018
f 6449 3021 3019
f 3020 3025 3017
f 3023 3022 3015
f 3024 3023 3016
f 3025 3024 3017
f 3021 3026 3020
f 3026 3025 3020
f 6456 3026 3021
f 3022 3027 2996
f 3028 3027 3022
f 3023 3028 3022
f 3027 3030 3007
f 3028 3032 3027
f 3032 3030 3027
f 3029 3028 3023
f 3024 3029 3023
f 3033 3032 3028
f 3029 3033 3028
f 3030 3031 3010
f 3032 3034 3030
f 3034 3031 3030
f 3033 3035 3032
f 3035 3034 3032
f 3036 3029 3024
f 3025 3036 3024
f 3038 3033 3029
f 3036 3038 3029
f 3026 3037 3025
f 3037 3036 3025
f 6462 3037 3026
f 3037 3040 3036
f 3040 3038 3036
f 6464 3040 3037
f 3038 3039 3033
f 3039 3035 3033
f 3040 3818 3038
f 3818 3039 3038
f 7803 3818 3040
f 2021 3041 1378
f 3044 3041 2021
f 3051 3044 2021
f 3054 3051 2021
f 3081 3054 2021
f 3084 3081 2021
f 3207 3201 2021
f 3204 3207 2021
f 3219 3226 2021
f 3216 3219 2021
f 3226 3204 2021
f 3091 3084 2021
f 3094 3091 2021
f 3201 3094 2021
f 3041 3042 1379
f 3042 3043 1380
f 3044 3042 3041
f 3044 3045 3042
f 3045 3043 3042
f 3045 3046 3043
f 3046 3047 3043
f 3043 3047 1383
f 3047 3048 1384
f 3048 3061 1398
f 3049 3047 3046
f 3049 3048 3047
f 3049 3050 3048
f 3050 3061 3048
f 3064 3061 3050
f 3051 3045 3044
f 3051 3052 3045
f 3052 3046 3045
f 3052 3053 3046
f 3053 3049 3046
f 3054 3052 3051
f 3054 3055 3052
f 3055 3053 3052
f 3055 3056 3053
f 3056 3057 3053
f 3053 3057 3049
f 3057 3050 3049
f 3057 3058 3050
f 3058 3064 3050
f 3071 3064 3058
f 3059 3057 3056
f 3059 3058 3057
f 3059 3060 3058
f 3060 3071 3058
f 3074 3071 3060
f 3061 3062 1399
f 3062 3063 1400
f 3064 3062 3061
f 3064 3065 3062
f 3065 3063 3062
f 3065 3066 3063
f 3066 3067 3063
f 3063 3067 1403
f 3067 3068 1404
f 3068 3121 1458
f 3069 3067 3066
f 3069 3068 3067
f 3069 3070 3068
f 3070 3121 3068
f 3124 3121 3070
f 3071 3065 3064
f 3071 3072 3065
f 3072 3066 3065
f 3072 3073 3066
f 3073 3069 3066
f 3074 3072 3071
f 3074 3075 3072
f 3075 3073 3072
f 3075 3076 3073
f 3076 3077 3073
f 3073 3077 3069
f 3077 3070 3069
f 3077 3078 3070
f 3078 3124 3070
f 3131 3124 3078
f 3079 3077 3076
f 3079 3078 3077
f 3079 3080 3078
f 3080 3131 3078
f 3134 3131 3080
f 3081 3055 3054
f 3081 3082 3055
f 3082 3056 3055
f 3082 3083 3056
f 3083 3059 3056
f 3082 3081 3084
f 3085 3082 3084
f 3083 3082 3085
f 3086 3083 3085
f 3087 3083 3086
f 3083 3087 3059
f 3087 3060 3059
f 3087 3088 3060
f 3088 3074 3060
f 3088 3101 3074
f 3089 3087 3086
f 3088 3087 3089
f 3090 3088 3089
f 3101 3088 3090
f 3104 3101 3090
f 3091 3085 3084
f 3091 3092 3085
f 3092 3091 3094
f 3092 3086 3085
f 3092 3093 3086
f 3093 3089 3086
f 3093 3092 3095
f 3097 3093 3096
f 3095 3092 3094
f 3201 3095 3094
f 3096 3093 3095
f 3202 3096 3095
f 3203 3099 3096
f 3093 3097 3089
f 3097 3090 3089
f 3097 3098 3090
f 3098 3104 3090
f 3111 3104 3098
f 3099 3097 3096
f 3099 3100 3098
f 3099 3098 3097
f 3210 3100 3099
f 3114 3111 3100
f 3100 3111 3098
f 3211 3114 3100
f 3101 3075 3074
f 3101 3102 3075
f 3102 3103 3076
f 3102 3076 3075
f 3103 3079 3076
f 3102 3101 3104
f 3105 3102 3104
f 3105 3103 3102
f 3105 3106 3103
f 3106 3107 3103
f 3103 3107 3079
f 3107 3080 3079
f 3107 3108 3080
f 3108 3134 3080
f 3161 3134 3108
f 3109 3107 3106
f 3109 3108 3107
f 3109 3110 3108
f 3110 3161 3108
f 3164 3161 3110
f 3111 3105 3104
f 3111 3112 3105
f 3112 3106 3105
f 3112 3113 3106
f 3113 3109 3106
f 3114 3115 3112
f 3114 3112 3111
f 3231 3115 3114
f 3115 3116 3113
f 3115 3113 3112
f 3116 3117 3113
f 3232 3116 3115
f 3233 3119 3116
f 3113 3117 3109
f 3117 3110 3109
f 3117 3118 3110
f 3118 3164 3110
f 3171 3164 3118
f 3119 3117 3116
f 3119 3118 3117
f 3237 3120 3119
f 3119 3120 3118
f 3174 3171 3120
f 3120 3171 3118
f 3238 3174 3120
f 3121 3122 1459
f 3122 3123 1460
f 3124 3122 3121
f 3124 3125 3122
f 3125 3123 3122
f 3125 3126 3123
f 3126 3127 3123
f 3123 3127 1463
f 3127 3128 1464
f 3128 3141 1478
f 3129 3127 3126
f 3129 3128 3127
f 3129 3130 3128
f 3130 3141 3128
f 3144 3141 3130
f 3131 3125 3124
f 3131 3132 3125
f 3132 3126 3125
f 3132 3133 3126
f 3133 3129 3126
f 3134 3132 3131
f 3134 3135 3132
f 3135 3133 3132
f 3135 3136 3133
f 3136 3137 3133
f 3133 3137 3129
f 3137 3130 3129
f 3137 3138 3130
f 3138 3144 3130
f 3151 3144 3138
f 3139 3137 3136
f 3139 3138 3137
f 3139 3140 3138
f 3140 3151 3138
f 3154 3151 3140
f 3141 3142 1479
f 3142 3143 1480
f 3144 3142 3141
f 3144 3145 3142
f 3145 3143 3142
f 3145 3146 3143
f 3143 3147 1483
f 3147 3148 1484
f 3148 3444 1784
f 3146 3147 3143
f 3149 3147 3146
f 3149 3148 3147
f 3149 3150 3148
f 3150 3444 3148
f 3447 3444 3150
f 3151 3145 3144
f 3151 3152 3145
f 3152 3146 3145
f 3152 3153 3146
f 3154 3152 3151
f 3154 3155 3152
f 3155 3153 3152
f 3155 3156 3153
f 3153 3149 3146
f 3153 3157 3149
f 3157 3150 3149
f 3157 3158 3150
f 3158 3447 3150
f 3454 3447 3158
f 3156 3157 3153
f 3159 3157 3156
f 3159 3158 3157
f 3159 3160 3158
f 3457 3454 3160
f 3160 3454 3158
f 3161 3135 3134
f 3161 3162 3135
f 3162 3136 3135
f 3162 3163 3136
f 3163 3139 3136
f 3164 3162 3161
f 3164 3165 3162
f 3165 3163 3162
f 3165 3166 3163
f 3166 3167 3163
f 3163 3167 3139
f 3167 3140 3139
f 3167 3168 3140
f 3168 3154 3140
f 3168 3181 3154
f 3169 3167 3166
f 3169 3168 3167
f 3168 3169 3170
f 3181 3168 3170
f 3184 3181 3170
f 3171 3165 3164
f 3171 3172 3165
f 3172 3166 3165
f 3172 3173 3166
f 3173 3169 3166
f 3174 3175 3172
f 3174 3172 3171
f 3321 3175 3174
f 3175 3176 3173
f 3175 3173 3172
f 3176 3177 3173
f 3322 3176 3175
f 3323 3179 3176
f 3173 3177 3169
f 3169 3177 3170
f 3177 3178 3170
f 3178 3184 3170
f 3191 3184 3178
f 3179 3177 3176
f 3179 3178 3177
f 3327 3180 3179
f 3179 3180 3178
f 3194 3191 3180
f 3180 3191 3178
f 3328 3194 3180
f 3181 3155 3154
f 3181 3182 3155
f 3182 3156 3155
f 3182 3183 3156
f 3182 3181 3184
f 3185 3182 3184
f 3183 3182 3185
f 3186 3183 3185
f 3183 3159 3156
f 3183 3187 3159
f 3159 3187 3160
f 3187 3188 3160
f 3188 3457 3160
f 3484 3457 3188
f 3187 3183 3186
f 3190 3187 3186
f 3188 3187 3190
f 3189 3188 3190
f 3484 3188 3189
f 3487 3484 3189
f 3191 3185 3184
f 3191 3192 3185
f 3192 3186 3185
f 3192 3193 3186
f 3194 3195 3192
f 3194 3192 3191
f 3347 3195 3194
f 3195 3196 3193
f 3195 3193 3192
f 3348 3196 3195
f 3193 3190 3186
f 3193 3197 3190
f 3197 3189 3190
f 3197 3198 3189
f 3198 3487 3189
f 3494 3487 3198
f 3199 3197 3196
f 3196 3197 3193
f 3199 3198 3197
f 3349 3199 3196
f 3353 3200 3199
f 3199 3200 3198
f 3497 3494 3200
f 3200 3494 3198
f 3354 3497 3200
f 3311 3216 2021
f 3276 3271 2021
f 3271 3311 2021
f 3264 3274 2021
f 3274 3276 2021
f 3201 3202 3095
f 3208 3202 3207
f 3202 3201 3207
f 3202 3203 3096
f 3209 3203 3208
f 3203 3202 3208
f 3210 3203 3209
f 3205 3208 3204
f 3206 3209 3205
f 3208 3207 3204
f 3209 3208 3205
f 3214 3209 3206
f 3203 3210 3099
f 3210 3211 3100
f 3214 3210 3209
f 3215 3211 3214
f 3211 3210 3214
f 3211 3231 3114
f 3234 3231 3215
f 3231 3211 3215
f 3212 3214 3206
f 3213 3215 3212
f 3251 3234 3213
f 3215 3214 3212
f 3234 3215 3213
f 3227 3226 3219
f 3228 3227 3220
f 3229 3228 3221
f 3311 3217 3216
f 3312 3218 3217
f 3313 3222 3218
f 3220 3219 3216
f 3220 3227 3219
f 3217 3220 3216
f 3221 3220 3217
f 3224 3221 3218
f 3221 3228 3220
f 3218 3221 3217
f 3230 3229 3224
f 3253 3230 3225
f 3225 3224 3222
f 3224 3229 3221
f 3225 3230 3224
f 3222 3224 3218
f 3223 3225 3222
f 3244 3225 3223
f 3244 3253 3225
f 3241 3244 3223
f 3205 3204 3226
f 3227 3205 3226
f 3206 3205 3227
f 3228 3206 3227
f 3212 3206 3228
f 3229 3212 3228
f 3230 3213 3229
f 3213 3212 3229
f 3253 3251 3230
f 3251 3213 3230
f 3231 3232 3115
f 3232 3231 3234
f 3232 3233 3116
f 3233 3232 3235
f 3237 3233 3236
f 3251 3252 3235
f 3252 3255 3236
f 3235 3232 3234
f 3251 3235 3234
f 3236 3233 3235
f 3252 3236 3235
f 3255 3239 3236
f 3238 3237 3239
f 3321 3238 3240
f 3255 3257 3239
f 3257 3259 3240
f 3239 3237 3236
f 3257 3240 3239
f 3240 3238 3239
f 3324 3321 3240
f 3259 3324 3240
f 3337 3324 3259
f 3254 3253 3244
f 3256 3254 3245
f 3258 3256 3246
f 3245 3254 3244
f 3245 3244 3241
f 3242 3245 3241
f 3246 3256 3245
f 3243 3246 3242
f 3246 3245 3242
f 3249 3246 3243
f 3249 3258 3246
f 3247 3249 3243
f 3250 3249 3247
f 3250 3260 3249
f 3332 3339 3250
f 3248 3250 3247
f 3332 3250 3248
f 3331 3332 3248
f 3254 3252 3253
f 3252 3251 3253
f 3256 3255 3254
f 3255 3252 3254
f 3257 3255 3256
f 3259 3257 3258
f 3258 3257 3256
f 3260 3258 3249
f 3337 3259 3260
f 3260 3259 3258
f 3339 3337 3260
f 3339 3260 3250
f 3262 3261 2312
f 3262 3265 3261
f 3263 3262 2313
f 3267 3263 2315
f 3263 3266 3262
f 3275 3274 3264
f 3265 3264 3261
f 3265 3275 3264
f 3278 3275 3265
f 3266 3265 3262
f 3269 3266 3263
f 3266 3278 3265
f 3282 3278 3266
f 3268 3267 2319
f 3267 3269 3263
f 3268 3270 3267
f 3286 3268 2321
f 3286 3289 3268
f 3270 3269 3267
f 3269 3282 3266
f 3270 3284 3269
f 3284 3282 3269
f 3289 3270 3268
f 3289 3299 3270
f 3299 3284 3270
f 3277 3272 3276
f 3312 3311 3271
f 3272 3271 3276
f 3272 3312 3271
f 3313 3312 3272
f 3314 3313 3273
f 3273 3272 3277
f 3279 3273 3277
f 3280 3273 3279
f 3273 3313 3272
f 3275 3277 3274
f 3277 3276 3274
f 3278 3279 3275
f 3279 3277 3275
f 3283 3279 3278
f 3315 3314 3280
f 3283 3280 3279
f 3281 3280 3283
f 3280 3314 3273
f 3281 3315 3280
f 3316 3315 3281
f 3296 3281 3285
f 3296 3316 3281
f 3282 3283 3278
f 3284 3285 3282
f 3285 3283 3282
f 3299 3301 3284
f 3301 3285 3284
f 3285 3281 3283
f 3301 3296 3285
f 2313 3262 2312
f 2315 3263 2313
f 2319 3267 2315
f 2321 3268 2319
f 2342 3286 2321
f 3287 3286 2342
f 3287 3290 3286
f 3288 3287 2343
f 3292 3288 2345
f 3288 3291 3287
f 3290 3289 3286
f 3300 3299 3289
f 3290 3300 3289
f 3291 3290 3287
f 3294 3291 3288
f 3291 3303 3290
f 3303 3300 3290
f 3308 3303 3291
f 3293 3292 2349
f 3292 3294 3288
f 3293 3295 3292
f 3372 3375 3293
f 3295 3294 3292
f 3294 3308 3291
f 3310 3308 3294
f 3375 3295 3293
f 3295 3310 3294
f 3375 3386 3295
f 3386 3310 3295
f 3297 3296 3301
f 3317 3316 3296
f 3297 3317 3296
f 3298 3297 3302
f 3305 3298 3304
f 3318 3317 3297
f 3298 3318 3297
f 3300 3302 3299
f 3302 3301 3299
f 3303 3304 3300
f 3304 3302 3300
f 3307 3304 3303
f 3302 3297 3301
f 3304 3298 3302
f 3306 3305 3307
f 3305 3319 3298
f 3306 3320 3305
f 3381 3422 3306
f 3308 3307 3303
f 3309 3307 3308
f 3310 3309 3308
f 3386 3384 3310
f 3384 3309 3310
f 3307 3305 3304
f 3309 3306 3307
f 3384 3381 3309
f 3381 3306 3309
f 2343 3287 2342
f 2345 3288 2343
f 2349 3292 2345
f 2351 3293 2349
f 2422 3372 2351
f 3372 3293 2351
f 3311 3312 3217
f 3312 3313 3218
f 3313 3314 3222
f 3314 3315 3223
f 3314 3223 3222
f 3315 3316 3241
f 3315 3241 3223
f 3316 3317 3242
f 3316 3242 3241
f 3317 3318 3243
f 3317 3243 3242
f 3318 3247 3243
f 3319 3318 3298
f 3318 3319 3247
f 3319 3248 3247
f 3320 3319 3305
f 3319 3320 3248
f 3320 3331 3248
f 3422 3331 3320
f 3422 3320 3306
f 3322 3321 3324
f 3323 3322 3325
f 3327 3323 3326
f 3325 3322 3324
f 3337 3325 3324
f 3337 3338 3325
f 3326 3323 3325
f 3338 3326 3325
f 3338 3341 3326
f 3341 3329 3326
f 3328 3327 3329
f 3347 3328 3330
f 3329 3327 3326
f 3341 3343 3329
f 3343 3330 3329
f 3330 3328 3329
f 3350 3347 3330
f 3343 3345 3330
f 3345 3350 3330
f 3362 3350 3345
f 3333 3340 3332
f 3333 3332 3331
f 3423 3333 3331
f 3334 3342 3333
f 3423 3334 3333
f 3423 3425 3334
f 3425 3335 3334
f 3335 3344 3334
f 3425 3429 3335
f 3429 3336 3335
f 3336 3346 3335
f 3357 3364 3336
f 3429 3430 3336
f 3430 3357 3336
f 3430 3434 3357
f 3338 3337 3339
f 3340 3338 3339
f 3341 3338 3340
f 3343 3341 3342
f 3342 3341 3340
f 3340 3339 3332
f 3342 3340 3333
f 3344 3342 3334
f 3345 3343 3344
f 3344 3343 3342
f 3362 3345 3346
f 3346 3345 3344
f 3364 3362 3346
f 3346 3344 3335
f 3364 3346 3336
f 3348 3347 3350
f 3349 3348 3351
f 3351 3348 3350
f 3362 3351 3350
f 3362 3363 3351
f 3352 3349 3351
f 3363 3352 3351
f 3363 3366 3352
f 3353 3349 3352
f 3354 3353 3355
f 3601 3354 3356
f 3355 3353 3352
f 3366 3355 3352
f 3366 3368 3355
f 3368 3356 3355
f 3356 3354 3355
f 3604 3601 3356
f 3368 3370 3356
f 3370 3604 3356
f 3616 3604 3370
f 3358 3365 3357
f 3434 3358 3357
f 3434 3435 3358
f 3359 3367 3358
f 3435 3359 3358
f 3435 3436 3359
f 3360 3369 3359
f 3436 3360 3359
f 3436 3439 3360
f 3439 3361 3360
f 3361 3371 3360
f 3611 3617 3361
f 3439 3440 3361
f 3440 3611 3361
f 3704 3611 3440
f 3363 3362 3364
f 3365 3363 3364
f 3366 3363 3365
f 3367 3366 3365
f 3365 3364 3357
f 3367 3365 3358
f 3368 3366 3367
f 3370 3368 3369
f 3369 3368 3367
f 3616 3370 3371
f 3371 3370 3369
f 3617 3616 3371
f 3369 3367 3359
f 3371 3369 3360
f 3617 3371 3361
f 3373 3376 3372
f 3374 3377 3373
f 3376 3375 3372
f 3387 3386 3375
f 3376 3387 3375
f 3377 3376 3373
f 3379 3377 3374
f 3377 3389 3376
f 3389 3387 3376
f 3393 3389 3377
f 3378 3379 3374
f 3396 3380 3378
f 3417 3397 3396
f 3380 3379 3378
f 3379 3393 3377
f 3395 3393 3379
f 3396 3397 3380
f 3380 3395 3379
f 3404 3395 3380
f 3397 3404 3380
f 3382 3424 3381
f 3383 3426 3382
f 3387 3385 3386
f 3385 3384 3386
f 3389 3388 3387
f 3388 3385 3387
f 3392 3388 3389
f 3382 3381 3384
f 3385 3382 3384
f 3388 3383 3385
f 3383 3382 3385
f 3390 3383 3388
f 3390 3427 3383
f 3391 3428 3390
f 3408 3431 3391
f 3394 3392 3393
f 3393 3392 3389
f 3402 3394 3395
f 3395 3394 3393
f 3404 3402 3395
f 3392 3390 3388
f 3391 3390 3392
f 3394 3391 3392
f 3402 3408 3394
f 3408 3391 3394
f 3373 3372 2422
f 2423 3373 2422
f 2425 3374 2423
f 3374 3373 2423
f 3378 3374 2425
f 2429 3378 2425
f 3396 3378 2429
f 2431 3396 2429
f 2452 3417 2431
f 3417 3396 2431
f 3417 3418 3398
f 3418 3419 3399
f 3417 3398 3397
f 3405 3404 3397
f 3398 3405 3397
f 3418 3399 3398
f 3407 3405 3398
f 3399 3407 3398
f 3419 3400 3399
f 3420 3401 3400
f 3400 3412 3399
f 3412 3407 3399
f 3414 3412 3400
f 3421 3651 3401
f 3401 3414 3400
f 3651 3655 3401
f 3655 3414 3401
f 3409 3432 3408
f 3410 3433 3409
f 3403 3402 3404
f 3405 3403 3404
f 3406 3403 3405
f 3407 3406 3405
f 3409 3408 3402
f 3403 3409 3402
f 3410 3409 3403
f 3406 3410 3403
f 3415 3437 3410
f 3416 3438 3415
f 3660 3701 3416
f 3412 3411 3407
f 3411 3406 3407
f 3413 3411 3412
f 3414 3413 3412
f 3655 3654 3414
f 3654 3413 3414
f 3415 3410 3406
f 3411 3415 3406
f 3416 3415 3411
f 3413 3416 3411
f 3660 3416 3413
f 3654 3660 3413
f 3418 3417 2452
f 2453 3418 2452
f 3419 3418 2453
f 2455 3419 2453
f 2459 3420 2455
f 3420 3419 2455
f 3421 3420 2459
f 3419 3420 3400
f 2461 3421 2459
f 2881 3669 2461
f 3669 3421 2461
f 3420 3421 3401
f 3669 3651 3421
f 3422 3423 3331
f 3424 3423 3422
f 3424 3422 3381
f 3425 3423 3424
f 3426 3425 3424
f 3429 3425 3426
f 3426 3424 3382
f 3427 3426 3383
f 3427 3429 3426
f 3430 3429 3427
f 3428 3427 3390
f 3428 3430 3427
f 3434 3430 3428
f 3431 3434 3428
f 3431 3428 3391
f 3435 3434 3431
f 3432 3435 3431
f 3432 3431 3408
f 3436 3435 3432
f 3433 3436 3432
f 3433 3432 3409
f 3437 3439 3433
f 3439 3436 3433
f 3440 3439 3437
f 3437 3433 3410
f 3438 3437 3415
f 3438 3440 3437
f 3701 3704 3438
f 3704 3440 3438
f 3701 3438 3416
f 3233 3237 3119
f 3237 3238 3120
f 3238 3321 3174
f 3321 3322 3175
f 3322 3323 3176
f 3323 3327 3179
f 3327 3328 3180
f 3328 3347 3194
f 3347 3348 3195
f 3348 3349 3196
f 3349 3353 3199
f 3353 3354 3200
f 3601 3497 3354
f 3722 3579 3578
f 3723 3582 3579
f 3727 3583 3582
f 3728 3597 3583
f 3746 3598 3597
f 3747 3441 3598
f 3748 3442 3441
f 3755 3443 3442
f 3755 3756 3443
f 3756 7178 3443
f 3444 3445 1785
f 3445 3446 1786
f 3447 3445 3444
f 3447 3448 3445
f 3448 3446 3445
f 3448 3449 3446
f 3446 3450 1789
f 3451 3464 1804
f 3450 3451 1790
f 3449 3450 3446
f 3452 3450 3449
f 3452 3451 3450
f 3452 3453 3451
f 3453 3464 3451
f 3467 3464 3453
f 3454 3448 3447
f 3454 3455 3448
f 3455 3449 3448
f 3455 3456 3449
f 3457 3458 3455
f 3457 3455 3454
f 3458 3456 3455
f 3458 3459 3456
f 3456 3452 3449
f 3456 3460 3452
f 3460 3453 3452
f 3460 3461 3453
f 3461 3467 3453
f 3474 3467 3461
f 3459 3460 3456
f 3462 3460 3459
f 3462 3461 3460
f 3462 3463 3461
f 3463 3474 3461
f 3477 3474 3463
f 3464 3465 1805
f 3465 3466 1806
f 3467 3465 3464
f 3467 3468 3465
f 3465 3468 3466
f 3468 3469 3466
f 3466 3470 1809
f 3470 3471 1810
f 3469 3470 3466
f 3472 3470 3469
f 3472 3471 3470
f 3472 3473 3471
f 3473 3524 3471
f 3474 3468 3467
f 3474 3475 3468
f 3468 3475 3469
f 3475 3476 3469
f 3477 3475 3474
f 3477 3478 3475
f 3478 3476 3475
f 3478 3479 3476
f 3476 3472 3469
f 3476 3480 3472
f 3480 3473 3472
f 3480 3481 3473
f 3481 3527 3473
f 3479 3480 3476
f 3482 3480 3479
f 3482 3481 3480
f 3482 3483 3481
f 3483 3534 3481
f 3484 3458 3457
f 3484 3485 3458
f 3485 3459 3458
f 3485 3486 3459
f 3485 3484 3487
f 3488 3485 3487
f 3486 3485 3488
f 3489 3486 3488
f 3486 3462 3459
f 3486 3490 3462
f 3490 3463 3462
f 3490 3491 3463
f 3491 3477 3463
f 3491 3504 3477
f 3493 3491 3492
f 3507 3504 3493
f 3490 3486 3489
f 3492 3490 3489
f 3491 3490 3492
f 3504 3491 3493
f 3494 3488 3487
f 3494 3495 3488
f 3495 3489 3488
f 3495 3496 3489
f 3497 3498 3495
f 3497 3495 3494
f 3601 3498 3497
f 3498 3499 3496
f 3495 3498 3496
f 3602 3499 3498
f 3496 3492 3489
f 3496 3500 3492
f 3500 3493 3492
f 3499 3500 3496
f 3502 3501 3500
f 3500 3501 3493
f 3501 3507 3493
f 3514 3507 3501
f 3503 3514 3501
f 3502 3500 3499
f 3603 3502 3499
f 3607 3503 3502
f 3502 3503 3501
f 3514 3503 3517
f 3503 3608 3517
f 3504 3478 3477
f 3504 3505 3478
f 3505 3479 3478
f 3505 3506 3479
f 3508 3505 3507
f 3506 3508 3509
f 3505 3504 3507
f 3506 3505 3508
f 3506 3482 3479
f 3506 3510 3482
f 3510 3483 3482
f 3510 3511 3483
f 3511 3537 3483
f 3510 3506 3509
f 3512 3510 3509
f 3510 3512 3511
f 3520 3513 3512
f 3512 3513 3511
f 3513 3566 3511
f 3521 3567 3513
f 3514 3508 3507
f 3514 3515 3508
f 3515 3514 3517
f 3508 3515 3509
f 3515 3516 3509
f 3516 3515 3518
f 3518 3515 3517
f 3626 3518 3517
f 3519 3516 3518
f 3627 3519 3518
f 3516 3512 3509
f 3516 3520 3512
f 3520 3516 3519
f 3521 3520 3522
f 3520 3521 3513
f 3574 3521 3523
f 3522 3520 3519
f 3628 3522 3519
f 3632 3523 3522
f 3523 3521 3522
f 3633 3577 3523
f 3471 3524 1854
f 3524 3525 1855
f 3525 1856 1855
f 3525 3526 1856
f 3527 3524 3473
f 3527 3525 3524
f 3527 3528 3525
f 3528 3526 3525
f 3528 3529 3526
f 3526 1859 1856
f 3526 3530 1859
f 3530 1860 1859
f 3530 3531 1860
f 3531 1874 1860
f 3529 3530 3526
f 3532 3530 3529
f 3532 3531 3530
f 3532 3533 3531
f 3533 3544 3531
f 3534 3527 3481
f 3534 3528 3527
f 3534 3535 3528
f 3535 3529 3528
f 3535 3536 3529
f 3537 3534 3483
f 3537 3535 3534
f 3537 3538 3535
f 3535 3538 3536
f 3538 3539 3536
f 3536 3532 3529
f 3536 3540 3532
f 3540 3533 3532
f 3540 3541 3533
f 3541 3547 3533
f 3571 3558 3543
f 3539 3540 3536
f 3542 3540 3539
f 3542 3541 3540
f 3542 3543 3541
f 3543 3554 3541
f 3531 3544 1874
f 3544 1875 1874
f 3544 3545 1875
f 3545 1876 1875
f 3545 3546 1876
f 3547 3544 3533
f 3547 3545 3544
f 3547 3548 3545
f 3548 3546 3545
f 3548 3549 3546
f 3546 1879 1876
f 3546 3550 1879
f 3550 1880 1879
f 3550 3551 1880
f 3551 5498 1880
f 3549 3550 3546
f 3552 3550 3549
f 3556 3552 3549
f 3552 3551 3550
f 3552 3553 3551
f 3553 7268 3551
f 3560 3553 3552
f 3561 7277 3553
f 3554 3547 3541
f 3554 3548 3547
f 3554 3555 3548
f 3555 3554 3558
f 3555 3549 3548
f 3555 3556 3549
f 3556 3555 3559
f 3584 3559 3558
f 3585 3557 3559
f 3558 3554 3543
f 3559 3555 3558
f 3557 3556 3559
f 3563 7297 3561
f 3556 3560 3552
f 3560 3556 3557
f 3560 3561 3553
f 3560 3562 3561
f 3562 3560 3557
f 3586 3562 3557
f 3562 3563 3561
f 3590 3563 3562
f 3591 7305 3563
f 3566 3537 3511
f 3566 3538 3537
f 3566 3564 3538
f 3564 3539 3538
f 3564 3565 3539
f 3567 3566 3513
f 3567 3564 3566
f 3567 3568 3564
f 3574 3568 3567
f 3568 3565 3564
f 3568 3569 3565
f 3575 3569 3568
f 3565 3570 3542
f 3569 3570 3565
f 3570 3571 3543
f 3572 3571 3570
f 3573 3584 3571
f 3565 3542 3539
f 3570 3543 3542
f 3572 3570 3569
f 3576 3572 3569
f 3572 3573 3571
f 3580 3573 3572
f 3581 3587 3573
f 3574 3567 3521
f 3574 3575 3568
f 3575 3574 3577
f 3575 3576 3569
f 3576 3575 3578
f 3577 3574 3523
f 3578 3575 3577
f 3721 3578 3577
f 3579 3576 3578
f 3576 3580 3572
f 3580 3576 3579
f 3580 3581 3573
f 3581 3580 3582
f 3594 3581 3583
f 3582 3580 3579
f 3583 3581 3582
f 3571 3584 3558
f 3584 3585 3559
f 3587 3585 3584
f 3585 3586 3557
f 3588 3586 3585
f 3587 3584 3573
f 3587 3588 3585
f 3594 3588 3587
f 3588 3589 3586
f 3595 3589 3588
f 3586 3590 3562
f 3589 3590 3586
f 3590 3591 3563
f 3592 3591 3590
f 3593 7389 3591
f 3592 3590 3589
f 3596 3592 3589
f 3592 3593 3591
f 3599 3593 3592
f 3600 7395 3593
f 3594 3587 3581
f 3594 3595 3588
f 3595 3594 3597
f 3595 3596 3589
f 3596 3595 3598
f 3597 3594 3583
f 3598 3595 3597
f 3441 3596 3598
f 3596 3599 3592
f 3599 3596 3441
f 3599 3600 3593
f 3600 3599 3442
f 7415 3600 3443
f 3442 3599 3441
f 3443 3600 3442
f 3602 3601 3604
f 3603 3602 3605
f 3605 3602 3604
f 3616 3605 3604
f 3616 3618 3605
f 3606 3603 3605
f 3618 3606 3605
f 3618 3619 3606
f 3603 3607 3502
f 3607 3603 3606
f 3608 3607 3609
f 3607 3608 3503
f 3608 3626 3517
f 3626 3608 3610
f 3609 3607 3606
f 3619 3609 3606
f 3619 3622 3609
f 3622 3610 3609
f 3610 3608 3609
f 3629 3626 3610
f 3622 3624 3610
f 3624 3629 3610
f 3641 3629 3624
f 3612 3620 3611
f 3704 3612 3611
f 3704 3705 3612
f 3613 3621 3612
f 3705 3613 3612
f 3705 3706 3613
f 3614 3623 3613
f 3706 3709 3614
f 3706 3614 3613
f 3709 3615 3614
f 3615 3625 3614
f 3636 3642 3615
f 3709 3710 3615
f 3710 3714 3636
f 3710 3636 3615
f 3618 3616 3617
f 3620 3618 3617
f 3619 3618 3620
f 3621 3619 3620
f 3620 3617 3611
f 3621 3620 3612
f 3622 3619 3621
f 3624 3622 3623
f 3623 3622 3621
f 3641 3624 3625
f 3625 3624 3623
f 3642 3641 3625
f 3623 3621 3613
f 3625 3623 3614
f 3642 3625 3615
f 3626 3627 3518
f 3627 3626 3629
f 3627 3628 3519
f 3628 3627 3630
f 3630 3627 3629
f 3641 3630 3629
f 3641 3643 3630
f 3631 3628 3630
f 3643 3631 3630
f 3643 3644 3631
f 3628 3632 3522
f 3632 3628 3631
f 3633 3632 3634
f 3632 3633 3523
f 3635 3633 3634
f 3721 3633 3635
f 3647 3649 3635
f 3634 3632 3631
f 3644 3634 3631
f 3644 3647 3634
f 3647 3635 3634
f 3649 3724 3635
f 3637 3645 3636
f 3714 3715 3637
f 3714 3637 3636
f 3638 3646 3637
f 3715 3716 3638
f 3715 3638 3637
f 3639 3648 3638
f 3716 3639 3638
f 3716 3719 3639
f 3719 3640 3639
f 3640 3650 3639
f 3719 3720 3640
f 3720 3731 3640
f 3643 3641 3642
f 3645 3643 3642
f 3644 3643 3645
f 3646 3644 3645
f 3645 3642 3636
f 3646 3645 3637
f 3647 3644 3646
f 3649 3647 3648
f 3648 3647 3646
f 3736 3649 3650
f 3650 3649 3648
f 3648 3646 3638
f 3650 3648 3639
f 3737 3650 3640
f 3658 3655 3651
f 3652 3658 3651
f 3659 3658 3652
f 3653 3659 3652
f 3674 3663 3653
f 3663 3659 3653
f 3665 3663 3674
f 3675 3665 3674
f 3694 3676 3675
f 3676 3665 3675
f 3661 3702 3660
f 3662 3703 3661
f 3658 3656 3655
f 3656 3654 3655
f 3659 3657 3658
f 3657 3656 3658
f 3661 3660 3654
f 3656 3661 3654
f 3662 3661 3656
f 3657 3662 3656
f 3667 3707 3662
f 3668 3708 3667
f 3682 3711 3668
f 3663 3664 3659
f 3664 3657 3659
f 3666 3664 3663
f 3665 3666 3663
f 3676 3677 3665
f 3677 3666 3665
f 3664 3667 3657
f 3667 3662 3657
f 3668 3667 3664
f 3666 3668 3664
f 3677 3682 3666
f 3682 3668 3666
f 3670 3669 2881
f 2884 3670 2881
f 3669 3670 3652
f 3671 3670 2884
f 2885 3671 2884
f 3670 3671 3653
f 3669 3652 3651
f 3670 3653 3652
f 2889 3672 2885
f 3672 3671 2885
f 3673 3672 2889
f 3672 3674 3671
f 2891 3673 2889
f 2911 3691 2891
f 3691 3673 2891
f 3673 3675 3672
f 3691 3694 3673
f 3671 3674 3653
f 3675 3674 3672
f 3694 3675 3673
f 3695 3678 3694
f 3678 3676 3694
f 3679 3678 3695
f 3696 3679 3695
f 3685 3679 3696
f 3687 3685 3699
f 3678 3680 3676
f 3680 3677 3676
f 3679 3681 3678
f 3681 3680 3678
f 3680 3683 3677
f 3683 3682 3677
f 3683 3712 3682
f 3684 3683 3680
f 3681 3684 3680
f 3684 3713 3683
f 3685 3686 3679
f 3686 3681 3679
f 3688 3686 3685
f 3687 3688 3685
f 3771 3687 3700
f 3775 3688 3687
f 3686 3689 3681
f 3689 3684 3681
f 3690 3689 3686
f 3689 3717 3684
f 3688 3690 3686
f 3774 3690 3688
f 3690 3718 3689
f 2914 3692 2911
f 3692 3691 2911
f 3692 3695 3691
f 3693 3692 2914
f 2915 3693 2914
f 3693 3696 3692
f 3695 3694 3691
f 3696 3695 3692
f 2919 3697 2915
f 3697 3693 2915
f 3698 3697 2919
f 3697 3699 3693
f 2921 3698 2919
f 3786 3698 2921
f 3698 3700 3697
f 3699 3696 3693
f 3700 3699 3697
f 3699 3685 3696
f 3789 3700 3698
f 3700 3687 3699
f 3705 3704 3701
f 3702 3705 3701
f 3702 3701 3660
f 3706 3705 3702
f 3703 3706 3702
f 3703 3702 3661
f 3707 3709 3703
f 3709 3706 3703
f 3710 3709 3707
f 3707 3703 3662
f 3708 3707 3667
f 3714 3710 3708
f 3711 3708 3668
f 3708 3710 3707
f 3711 3714 3708
f 3715 3714 3711
f 3712 3711 3682
f 3712 3715 3711
f 3716 3715 3712
f 3713 3712 3683
f 3713 3716 3712
f 3719 3716 3713
f 3720 3719 3717
f 3717 3713 3684
f 3718 3717 3689
f 3717 3719 3713
f 3825 3720 3718
f 3822 3718 3690
f 3718 3720 3717
f 3633 3721 3577
f 3721 3722 3578
f 3724 3721 3635
f 3725 3722 3724
f 3722 3721 3724
f 3722 3723 3579
f 3726 3723 3725
f 3723 3722 3725
f 3736 3724 3649
f 3736 3738 3725
f 3738 3739 3726
f 3736 3725 3724
f 3738 3726 3725
f 3723 3727 3582
f 3729 3727 3726
f 3727 3723 3726
f 3727 3728 3583
f 3730 3728 3729
f 3728 3727 3729
f 3746 3728 3730
f 3739 3742 3729
f 3742 3744 3730
f 3739 3729 3726
f 3742 3730 3729
f 3744 3752 3730
f 3731 3737 3640
f 3733 3740 3731
f 3825 3731 3720
f 3825 3733 3731
f 3825 3826 3733
f 3741 3733 3732
f 3733 3826 3732
f 3826 3827 3732
f 3734 3743 3732
f 3827 3734 3732
f 3827 3830 3734
f 3735 3745 3734
f 3830 3735 3734
f 3830 3831 3735
f 3831 3761 3735
f 3738 3736 3737
f 3737 3736 3650
f 3740 3738 3737
f 3739 3738 3740
f 3741 3739 3740
f 3740 3737 3731
f 3741 3740 3733
f 3742 3739 3741
f 3743 3742 3741
f 3744 3742 3743
f 3749 3744 3745
f 3745 3744 3743
f 3766 3745 3735
f 3743 3741 3732
f 3745 3743 3734
f 3728 3746 3597
f 3746 3747 3598
f 3752 3746 3730
f 3747 3746 3752
f 3753 3747 3752
f 3747 3748 3441
f 3748 3747 3753
f 3754 3748 3753
f 3749 3752 3744
f 3750 3753 3749
f 3751 3754 3750
f 3753 3752 3749
f 3754 3753 3750
f 3748 3755 3442
f 3755 3748 3754
f 3759 3755 3754
f 3756 3755 3759
f 3760 3756 3759
f 7731 3756 3760
f 3757 3759 3751
f 3760 3759 3757
f 7735 3760 3758
f 3758 3760 3757
f 3759 3754 3751
f 3761 3766 3735
f 3762 3767 3761
f 3831 3835 3761
f 3835 3762 3761
f 3835 3836 3762
f 3763 3768 3762
f 3836 3763 3762
f 3836 3837 3763
f 3769 3768 3763
f 3770 3769 3764
f 7753 3770 3765
f 3764 3769 3763
f 3837 3764 3763
f 3837 3840 3764
f 3765 3770 3764
f 3840 3765 3764
f 3840 3841 3765
f 3841 7746 3765
f 3767 3750 3766
f 3750 3749 3766
f 3766 3749 3745
f 3767 3766 3761
f 3768 3751 3767
f 3751 3750 3767
f 3768 3767 3762
f 3769 3757 3768
f 3757 3751 3768
f 3770 3758 3769
f 7733 3758 3770
f 3758 3757 3769
f 3772 3771 3789
f 3771 3775 3687
f 3778 3775 3771
f 3772 3778 3771
f 3773 3772 3790
f 3779 3778 3772
f 3773 3779 3772
f 3775 3774 3688
f 3778 3776 3775
f 3776 3774 3775
f 3774 3822 3690
f 3776 3823 3774
f 3777 3776 3778
f 3779 3777 3778
f 3777 3824 3776
f 3780 3773 3791
f 3783 3779 3773
f 3780 3783 3773
f 3785 3783 3780
f 3781 3785 3780
f 3800 3785 3781
f 3783 3782 3779
f 3782 3777 3779
f 3782 3828 3777
f 3785 3784 3783
f 3784 3782 3783
f 3799 3784 3785
f 3784 3829 3782
f 3001 3786 2921
f 3004 3787 3001
f 3787 3786 3001
f 3786 3789 3698
f 3787 3790 3786
f 3788 3787 3004
f 3005 3788 3004
f 3788 3791 3787
f 3790 3789 3786
f 3789 3771 3700
f 3790 3772 3789
f 3791 3790 3787
f 3791 3773 3790
f 3009 3792 3005
f 3792 3788 3005
f 3792 3794 3788
f 3011 3793 3009
f 3793 3792 3009
f 3811 3793 3011
f 3794 3791 3788
f 3794 3780 3791
f 3795 3794 3792
f 3793 3795 3792
f 3814 3795 3793
f 3795 3781 3794
f 3781 3780 3794
f 3796 3781 3795
f 3796 3800 3781
f 3803 3800 3796
f 3797 3803 3796
f 3804 3803 3797
f 3798 3804 3797
f 3800 3799 3785
f 3803 3801 3800
f 3801 3799 3800
f 3799 3832 3784
f 3801 3833 3799
f 3802 3801 3803
f 3804 3802 3803
f 3802 3834 3801
f 3809 3839 3807
f 3808 3804 3798
f 3805 3808 3798
f 3810 3808 3805
f 3806 3810 3805
f 7791 3810 3806
f 3807 3802 3804
f 3808 3807 3804
f 3807 3838 3802
f 3810 3809 3808
f 3809 3807 3808
f 7790 3809 3810
f 3031 3811 3011
f 3034 3812 3031
f 3812 3811 3031
f 3035 3813 3034
f 3813 3812 3034
f 3811 3814 3793
f 3815 3814 3811
f 3812 3815 3811
f 3814 3796 3795
f 3815 3797 3814
f 3816 3815 3812
f 3813 3816 3812
f 3816 3798 3815
f 3039 3817 3035
f 3817 3813 3035
f 3818 3819 3039
f 3819 3817 3039
f 7804 3819 3818
f 3820 3816 3813
f 3817 3820 3813
f 3820 3805 3816
f 3819 3821 3817
f 3821 3820 3817
f 7807 3821 3819
f 3821 3806 3820
f 3797 3796 3814
f 3798 3797 3815
f 3805 3798 3816
f 3806 3805 3820
f 7788 3806 3821
f 3826 3825 3822
f 3823 3822 3774
f 3822 3825 3718
f 3823 3826 3822
f 3827 3826 3823
f 3824 3823 3776
f 3824 3827 3823
f 3830 3827 3824
f 3828 3824 3777
f 3828 3830 3824
f 3829 3831 3828
f 3831 3830 3828
f 3835 3831 3829
f 3829 3828 3782
f 3832 3829 3784
f 3832 3835 3829
f 3833 3836 3832
f 3836 3835 3832
f 3833 3832 3799
f 3837 3836 3833
f 3834 3837 3833
f 3834 3833 3801
f 3840 3837 3834
f 3838 3840 3834
f 3838 3834 3802
f 3839 3841 3838
f 3841 3840 3838
f 7851 3841 3839
f 3839 3838 3807
f 7848 3839 3809
f 3601 3602 3498
f 3602 3603 3499
f 3873 3842 680
f 3873 3875 3843
f 3875 3878 3844
f 3873 3843 3842
f 3842 4222 620
f 3843 4224 3842
f 4224 4222 3842
f 3875 3844 3843
f 4228 4224 3843
f 3844 4228 3843
f 3878 3879 3845
f 3846 3879 3881
f 3878 3845 3844
f 4229 4228 3844
f 3845 4229 3844
f 3879 3846 3845
f 3847 3846 3881
f 3846 4232 3845
f 4232 4229 3845
f 4247 4232 3846
f 3903 3847 3881
f 3905 3848 3903
f 3908 3849 3905
f 3848 3847 3903
f 3847 4247 3846
f 3848 4249 3847
f 4249 4247 3847
f 3849 3848 3905
f 3849 4253 3848
f 4253 4249 3848
f 3909 3850 3908
f 3911 3851 3909
f 3850 3849 3908
f 4254 4253 3849
f 3850 4254 3849
f 3851 3850 3909
f 3912 3851 3911
f 3851 4255 3850
f 4255 4254 3850
f 4312 4255 3851
f 3853 3876 3874
f 3861 3852 670
f 3861 3862 3853
f 3852 3872 655
f 3852 3853 3874
f 3861 3853 3852
f 3862 3869 3854
f 3853 3854 3876
f 3862 3854 3853
f 3854 3877 3876
f 3855 3880 3877
f 3856 3902 3880
f 3869 3870 3855
f 3854 3855 3877
f 3869 3855 3854
f 3870 3856 3855
f 3870 3871 3856
f 3871 3882 3856
f 3855 3856 3880
f 3859 3857 667
f 3859 3858 3857
f 3859 3860 3858
f 4009 3860 3859
f 3860 3863 3858
f 3860 3866 3863
f 4010 3866 3860
f 3857 3862 3861
f 3857 3861 665
f 3857 3858 3862
f 3858 3869 3862
f 3858 3863 3869
f 3864 3865 3871
f 3866 3864 3863
f 3866 3867 3864
f 4015 3867 3866
f 3867 3868 3865
f 3867 3865 3864
f 3868 3888 3865
f 4016 3868 3867
f 4017 3890 3868
f 3863 3870 3869
f 3863 3864 3870
f 3870 3864 3871
f 3865 3892 3871
f 3872 3873 679
f 3872 3874 3875
f 3852 3874 3872
f 3872 3875 3873
f 3876 3878 3874
f 3874 3878 3875
f 3876 3877 3879
f 3876 3879 3878
f 3877 3880 3881
f 3879 3877 3881
f 3880 3903 3881
f 3882 3904 3902
f 3883 3906 3904
f 3892 3882 3871
f 3892 3883 3882
f 3892 3893 3883
f 3856 3882 3902
f 3882 3883 3904
f 3893 3884 3883
f 3893 3900 3884
f 3883 3884 3906
f 3884 3907 3906
f 3885 3910 3907
f 3887 3949 3910
f 3900 3885 3884
f 3900 3901 3885
f 3884 3885 3907
f 3901 3887 3885
f 3901 3886 3887
f 3886 3930 3887
f 3885 3887 3910
f 3865 3888 3892
f 3888 3889 3893
f 3889 3894 3900
f 3890 3888 3868
f 3890 3891 3889
f 3890 3889 3888
f 4039 3891 3890
f 3891 3894 3889
f 3891 3897 3894
f 4040 3897 3891
f 3888 3893 3892
f 3889 3900 3893
f 3894 3895 3901
f 3897 3895 3894
f 3895 3896 3886
f 3896 3929 3886
f 3898 3896 3895
f 3899 3939 3896
f 4045 4046 3898
f 3897 3898 3895
f 4045 3898 3897
f 4046 3899 3898
f 4046 4049 3899
f 4049 3941 3899
f 3898 3899 3896
f 3894 3901 3900
f 3895 3886 3901
f 3902 3903 3880
f 3902 3904 3905
f 3902 3905 3903
f 3904 3906 3908
f 3904 3908 3905
f 3906 3907 3909
f 3906 3909 3908
f 3907 3911 3909
f 3907 3910 3911
f 3910 3950 3911
f 3950 3912 3911
f 3952 3913 3950
f 3955 3916 3952
f 3913 3912 3950
f 3912 4312 3851
f 4313 4312 3912
f 3916 3913 3952
f 3913 4313 3912
f 3916 4318 3913
f 4318 4313 3913
f 3914 3917 3955
f 3915 3918 3914
f 3917 3916 3955
f 4319 4318 3916
f 3917 4319 3916
f 3918 3917 3914
f 3918 4320 3917
f 4320 4319 3917
f 3919 3921 3915
f 3920 3922 3919
f 3923 3926 3920
f 3921 3918 3915
f 3922 3921 3919
f 3921 4337 3918
f 4337 4320 3918
f 4338 4337 3921
f 3926 3922 3920
f 3922 4338 3921
f 3926 4343 3922
f 4343 4338 3922
f 3924 3927 3923
f 3925 3928 3924
f 3927 3926 3923
f 4344 4343 3926
f 3927 4344 3926
f 3928 3927 3924
f 4345 4344 3927
f 3928 4345 3927
f 3930 3951 3949
f 3932 3953 3951
f 3929 3930 3886
f 3929 3932 3930
f 3930 3949 3887
f 3931 3933 3932
f 3929 3931 3932
f 3931 3935 3933
f 3930 3932 3951
f 3932 3933 3953
f 3933 3954 3953
f 3934 3956 3954
f 3933 3935 3934
f 3935 3936 3934
f 3933 3934 3954
f 3936 3937 3934
f 3936 3938 3937
f 3934 3937 3956
f 3896 3939 3929
f 3939 3931 3929
f 3941 3940 3939
f 3939 3940 3931
f 3940 3935 3931
f 3940 3943 3935
f 3942 3943 3940
f 4106 3941 4049
f 4106 3942 3941
f 3941 3939 3899
f 4106 4108 3942
f 4108 3946 3942
f 4108 4112 3946
f 3941 3942 3940
f 3942 3946 3943
f 3943 3936 3935
f 3943 3944 3936
f 3946 3944 3943
f 3944 3938 3936
f 3944 3945 3938
f 3947 3945 3944
f 4112 3947 3946
f 4112 4113 3947
f 3946 3947 3944
f 3947 3948 3945
f 4113 3948 3947
f 4113 4116 3948
f 3949 3950 3910
f 3949 3952 3950
f 3949 3951 3952
f 3951 3955 3952
f 3951 3953 3955
f 3953 3914 3955
f 3953 3954 3914
f 3954 3915 3914
f 3954 3956 3915
f 3937 3977 3956
f 3959 3978 3977
f 3960 3979 3978
f 3938 3959 3937
f 3957 3960 3959
f 3957 3959 3938
f 3937 3959 3977
f 3958 3964 3960
f 3957 3958 3960
f 3958 3961 3964
f 3959 3960 3978
f 3960 3964 3979
f 3964 3980 3979
f 3964 3965 3980
f 3965 3981 3980
f 3965 3966 3981
f 3961 3965 3964
f 3961 3962 3965
f 3962 3966 3965
f 3962 3963 3966
f 3945 3967 3957
f 3945 3957 3938
f 3967 3958 3957
f 3948 3967 3945
f 3969 3968 3967
f 3970 3971 3968
f 3967 3968 3958
f 3968 3971 3961
f 3968 3961 3958
f 3969 3967 3948
f 4116 4136 3969
f 4116 3969 3948
f 4136 3970 3969
f 3969 3970 3968
f 3970 3974 3971
f 4136 4138 3970
f 4138 4142 3974
f 4138 3974 3970
f 3974 3972 3971
f 3971 3962 3961
f 3971 3972 3962
f 3975 3973 3972
f 3972 3963 3962
f 3972 3973 3963
f 3974 3975 3972
f 4142 3975 3974
f 4142 4143 3975
f 3975 3976 3973
f 4143 3976 3975
f 4143 4145 3976
f 3956 3919 3915
f 3977 3919 3956
f 3977 3920 3919
f 3977 3978 3920
f 3978 3979 3923
f 3978 3923 3920
f 3979 3924 3923
f 3979 3980 3924
f 3980 3925 3924
f 3980 3981 3925
f 839 3982 4069
f 3982 4070 4069
f 3982 3984 4070
f 3983 3984 3982
f 3983 3982 840
f 3988 3985 3983
f 3983 3985 3984
f 3985 4074 3984
f 3989 3986 3985
f 3986 4074 3985
f 4075 4074 3986
f 3994 3987 3986
f 3987 4075 3986
f 3995 4077 3987
f 4081 4077 3996
f 3990 3988 853
f 3988 3983 850
f 3988 3989 3985
f 3990 3989 3988
f 3990 3993 3989
f 3989 3994 3986
f 3993 3994 3989
f 3993 3997 3994
f 3991 3993 3990
f 3991 3990 854
f 3991 3992 3993
f 3992 3997 3993
f 3992 3999 3997
f 3994 3995 3987
f 3997 3995 3994
f 3997 3998 3995
f 3996 4077 3995
f 3998 3996 3995
f 3998 4001 3996
f 4001 4003 3996
f 3999 3998 3997
f 3999 4000 3998
f 4000 4001 3998
f 4002 4004 4001
f 4000 4002 4001
f 4003 4081 3996
f 4001 4004 4003
f 4004 4093 4003
f 4006 4093 4004
f 4005 4006 4004
f 4005 4004 4002
f 4005 4007 4006
f 4007 4097 4006
f 4008 4097 4007
f 4011 4013 4010
f 4009 3859 887
f 4009 4010 3860
f 4011 4009 890
f 4011 4010 4009
f 4013 4018 4015
f 4010 4015 3866
f 4013 4015 4010
f 4012 4013 4011
f 4012 4011 891
f 4012 4014 4013
f 4024 4014 4012
f 4014 4018 4013
f 4014 4020 4018
f 4025 4020 4014
f 4018 4016 4015
f 4018 4019 4016
f 4015 4016 3867
f 4019 4017 4016
f 4019 4022 4017
f 4022 4039 4017
f 4016 4017 3868
f 4020 4019 4018
f 4020 4021 4019
f 4030 4021 4020
f 4021 4022 4019
f 4021 4023 4022
f 4023 4042 4022
f 4031 4023 4021
f 4032 4043 4023
f 4024 4012 900
f 4024 4025 4014
f 4026 4024 903
f 4026 4025 4024
f 4026 4028 4025
f 4030 4020 4025
f 4028 4030 4025
f 4028 4033 4030
f 4027 4028 4026
f 4027 4026 904
f 4027 4029 4028
f 4069 4029 4027
f 4029 4033 4028
f 4070 4035 4029
f 4029 4035 4033
f 4030 4031 4021
f 4033 4031 4030
f 4033 4034 4031
f 4031 4032 4023
f 4034 4032 4031
f 4034 4037 4032
f 4037 4054 4032
f 4035 4034 4033
f 4071 4036 4035
f 4035 4036 4034
f 4036 4037 4034
f 4038 4056 4037
f 4072 4038 4036
f 4036 4038 4037
f 4073 4057 4038
f 4042 4039 4022
f 4042 4040 4039
f 4042 4041 4040
f 4017 4039 3890
f 4039 4040 3891
f 4040 4045 3897
f 4041 4045 4040
f 4041 4047 4045
f 4023 4043 4042
f 4043 4041 4042
f 4043 4044 4041
f 4054 4044 4043
f 4044 4047 4041
f 4044 4051 4047
f 4055 4051 4044
f 4047 4046 4045
f 4047 4048 4046
f 4048 4049 4046
f 4050 4106 4049
f 4048 4050 4049
f 4051 4048 4047
f 4051 4052 4048
f 4060 4052 4051
f 4052 4050 4048
f 4052 4053 4050
f 4053 4107 4050
f 4061 4053 4052
f 4062 4110 4053
f 4054 4043 4032
f 4054 4055 4044
f 4056 4054 4037
f 4056 4055 4054
f 4056 4058 4055
f 4060 4051 4055
f 4058 4060 4055
f 4058 4063 4060
f 4057 4058 4056
f 4038 4057 4056
f 4057 4059 4058
f 4078 4059 4057
f 4059 4063 4058
f 4059 4065 4063
f 4079 4065 4059
f 4060 4061 4052
f 4063 4061 4060
f 4063 4064 4061
f 4061 4062 4053
f 4064 4062 4061
f 4064 4067 4062
f 4067 4121 4062
f 4065 4064 4063
f 4084 4066 4065
f 4065 4066 4064
f 4066 4067 4064
f 4068 4123 4067
f 4066 4068 4067
f 4085 4068 4066
f 4086 4124 4068
f 4069 4027 836
f 4069 4070 4029
f 4070 4071 4035
f 3984 4071 4070
f 3984 4074 4071
f 4071 4072 4036
f 4074 4072 4071
f 4074 4075 4072
f 4072 4073 4038
f 4075 4073 4072
f 4075 4076 4073
f 4076 4078 4073
f 4076 4075 3987
f 4077 4080 4076
f 4077 4076 3987
f 4078 4057 4073
f 4078 4079 4059
f 4076 4080 4078
f 4080 4079 4078
f 4080 4082 4079
f 4079 4084 4065
f 4082 4084 4079
f 4082 4087 4084
f 4081 4082 4080
f 4081 4083 4082
f 4081 4080 4077
f 4083 4081 4003
f 4083 4087 4082
f 4089 4087 4083
f 4093 4089 4083
f 4084 4085 4066
f 4087 4085 4084
f 4087 4088 4085
f 4085 4086 4068
f 4088 4086 4085
f 4088 4091 4086
f 4091 4162 4086
f 4089 4088 4087
f 4089 4090 4088
f 4094 4090 4089
f 4090 4091 4088
f 4090 4092 4091
f 4092 4164 4091
f 4095 4092 4090
f 4096 4165 4092
f 4093 4083 4003
f 4093 4094 4089
f 4094 4093 4006
f 4097 4094 4006
f 4094 4095 4090
f 4097 4095 4094
f 4097 4098 4095
f 4095 4096 4092
f 4098 4096 4095
f 4098 4100 4096
f 4100 4177 4096
f 4098 4097 4008
f 4099 4098 4008
f 4099 4100 4098
f 4101 4179 4100
f 4099 4101 4100
f 4995 4101 4099
f 4996 4180 4101
f 4103 4145 4102
f 4104 4103 4102
f 4104 4105 4103
f 4154 4105 4104
f 4154 4155 4105
f 4107 4108 4106
f 4107 4106 4050
f 4109 4112 4108
f 4107 4109 4108
f 4109 4114 4112
f 4053 4110 4107
f 4110 4109 4107
f 4110 4121 4111
f 4110 4111 4109
f 4111 4114 4109
f 4118 4114 4111
f 4122 4118 4111
f 4114 4113 4112
f 4114 4115 4113
f 4115 4116 4113
f 4115 4117 4116
f 4118 4115 4114
f 4118 4119 4115
f 4127 4119 4118
f 4119 4117 4115
f 4119 4120 4117
f 4128 4120 4119
f 4121 4110 4062
f 4123 4121 4067
f 4123 4122 4121
f 4121 4122 4111
f 4122 4127 4118
f 4123 4125 4122
f 4125 4127 4122
f 4125 4130 4127
f 4124 4125 4123
f 4124 4123 4068
f 4162 4126 4124
f 4126 4130 4125
f 4124 4126 4125
f 4126 4132 4130
f 4163 4132 4126
f 4127 4128 4119
f 4130 4128 4127
f 4130 4131 4128
f 4128 4129 4120
f 4131 4129 4128
f 4131 4134 4129
f 4132 4131 4130
f 4168 4133 4132
f 4132 4133 4131
f 4133 4134 4131
f 4133 4135 4134
f 4169 4135 4133
f 4117 4136 4116
f 4137 4138 4136
f 4137 4136 4117
f 4139 4142 4138
f 4137 4139 4138
f 4139 4144 4142
f 4120 4137 4117
f 4140 4137 4120
f 4140 4139 4137
f 4129 4140 4120
f 4147 4141 4140
f 4140 4141 4139
f 4141 4144 4139
f 4146 4144 4141
f 4148 4146 4141
f 4144 4143 4142
f 4143 4144 4102
f 4145 4143 4102
f 4144 4146 4102
f 4146 4104 4102
f 4146 4153 4104
f 4129 4147 4140
f 4134 4147 4129
f 4149 4147 4134
f 4149 4148 4147
f 4147 4148 4141
f 4148 4153 4146
f 4149 4151 4148
f 4151 4153 4148
f 4151 4156 4153
f 4135 4149 4134
f 4150 4151 4149
f 4135 4150 4149
f 4170 4150 4135
f 4192 4152 4150
f 4152 4156 4151
f 4150 4152 4151
f 4152 4158 4156
f 4193 4158 4152
f 4153 4154 4104
f 4156 4154 4153
f 4156 4157 4154
f 4157 4155 4154
f 4157 4160 4155
f 4158 4157 4156
f 4198 4159 4158
f 4158 4159 4157
f 4159 4160 4157
f 4199 4161 4159
f 4159 4161 4160
f 4162 4124 4086
f 4091 4164 4162
f 4164 4163 4162
f 4162 4163 4126
f 4163 4168 4132
f 4164 4166 4163
f 4166 4168 4163
f 4166 4171 4168
f 4165 4164 4092
f 4165 4166 4164
f 4177 4167 4165
f 4165 4167 4166
f 4167 4171 4166
f 4173 4171 4167
f 4178 4173 4167
f 4168 4169 4133
f 4171 4169 4168
f 4171 4172 4169
f 4169 4170 4135
f 4172 4170 4169
f 4172 4175 4170
f 4173 4172 4171
f 4173 4174 4172
f 4183 4174 4173
f 4174 4175 4172
f 4174 4176 4175
f 4184 4176 4174
f 4177 4165 4096
f 4179 4177 4100
f 4179 4178 4177
f 4177 4178 4167
f 4178 4183 4173
f 4179 4181 4178
f 4181 4183 4178
f 4181 4188 4183
f 4180 4179 4101
f 4180 4181 4179
f 5062 4182 4180
f 4180 4182 4181
f 4182 4188 4181
f 4182 4189 4188
f 5063 4189 4182
f 4183 4184 4174
f 4183 4188 4184
f 4188 4185 4184
f 4184 4186 4176
f 4185 4186 4184
f 4185 4187 4186
f 4189 4185 4188
f 4189 4190 4185
f 5068 4190 4189
f 4190 4187 4185
f 4190 4191 4187
f 5069 4191 4190
f 4192 4150 4170
f 4175 4192 4170
f 4175 4194 4192
f 4194 4193 4192
f 4192 4193 4152
f 4193 4198 4158
f 4194 4196 4193
f 4196 4198 4193
f 4196 4201 4198
f 4176 4194 4175
f 4195 4194 4176
f 4195 4196 4194
f 4186 4195 4176
f 4207 4197 4195
f 4195 4197 4196
f 4197 4201 4196
f 4203 4201 4197
f 4209 4203 4197
f 4198 4199 4159
f 4201 4199 4198
f 4201 4202 4199
f 4199 4200 4161
f 4202 4200 4199
f 4202 4205 4200
f 4203 4202 4201
f 4203 4204 4202
f 4213 4204 4203
f 4204 4205 4202
f 4204 4206 4205
f 4214 4206 4204
f 4207 4195 4186
f 4187 4207 4186
f 4187 4208 4207
f 4208 4209 4207
f 4207 4209 4197
f 4209 4213 4203
f 4208 4210 4209
f 4210 4213 4209
f 4210 4215 4213
f 4191 4208 4187
f 4211 4208 4191
f 4211 4210 4208
f 5070 4211 4191
f 5089 4212 4211
f 4211 4212 4210
f 4212 4215 4210
f 4212 4219 4215
f 5090 4219 4212
f 4213 4214 4204
f 4215 4214 4213
f 4215 4216 4214
f 4214 4217 4206
f 4216 4217 4214
f 4216 4218 4217
f 4219 4216 4215
f 4219 4220 4216
f 5095 4220 4219
f 4216 4220 4218
f 4220 4221 4218
f 5096 4221 4220
f 4222 4223 1031
f 4222 4224 4225
f 4222 4225 4223
f 4228 4230 4224
f 4224 4230 4225
f 4223 4226 1032
f 4223 4225 4227
f 4223 4227 4226
f 4225 4230 4234
f 4225 4234 4227
f 4228 4229 4231
f 4228 4231 4230
f 4229 4232 4233
f 4229 4233 4231
f 4232 4248 4233
f 4230 4231 4235
f 4230 4235 4234
f 4231 4233 4236
f 4231 4236 4235
f 4233 4251 4236
f 4226 4237 1034
f 4227 4238 4226
f 4238 4237 4226
f 4241 4238 4227
f 4234 4241 4227
f 4237 4240 4239
f 4237 4239 1042
f 4237 4238 4240
f 4239 4272 1044
f 4240 4273 4239
f 4238 4244 4240
f 4238 4241 4244
f 4244 4276 4240
f 4242 4241 4234
f 4235 4242 4234
f 4236 4243 4235
f 4243 4242 4235
f 4262 4243 4236
f 4241 4245 4244
f 4241 4242 4245
f 4242 4246 4245
f 4243 4264 4246
f 4242 4243 4246
f 4247 4248 4232
f 4247 4249 4250
f 4247 4250 4248
f 4253 4256 4249
f 4249 4256 4250
f 4248 4251 4233
f 4248 4250 4252
f 4248 4252 4251
f 4250 4256 4258
f 4250 4258 4252
f 4254 4257 4253
f 4257 4256 4253
f 4255 4260 4254
f 4260 4257 4254
f 4314 4260 4255
f 4256 4257 4259
f 4256 4259 4258
f 4257 4260 4261
f 4257 4261 4259
f 4260 4315 4261
f 4251 4262 4236
f 4252 4263 4251
f 4263 4262 4251
f 4258 4266 4252
f 4266 4263 4252
f 4262 4265 4264
f 4243 4262 4264
f 4262 4263 4265
f 4263 4266 4269
f 4263 4269 4265
f 4267 4266 4258
f 4259 4267 4258
f 4261 4268 4259
f 4268 4267 4259
f 4327 4268 4261
f 4266 4270 4269
f 4266 4267 4270
f 4267 4268 4271
f 4267 4271 4270
f 4268 4329 4271
f 4272 4274 1072
f 4273 4275 4272
f 4276 4279 4273
f 4273 4272 4239
f 4276 4273 4240
f 4272 4275 4274
f 4274 4282 1074
f 4275 4283 4274
f 4279 4275 4273
f 4279 4286 4275
f 4277 4280 4276
f 4277 4276 4244
f 4245 4277 4244
f 4246 4278 4245
f 4278 4277 4245
f 4292 4278 4246
f 4278 4281 4277
f 4280 4279 4276
f 4280 4287 4279
f 4281 4280 4277
f 4294 4281 4278
f 4281 4288 4280
f 4283 4282 4274
f 4282 4284 1082
f 4283 4285 4282
f 4286 4283 4275
f 4286 4289 4283
f 4285 4284 4282
f 4284 6057 1084
f 4285 6058 4284
f 4289 4285 4283
f 4289 6061 4285
f 4287 4286 4279
f 4287 4290 4286
f 4288 4287 4280
f 4302 4288 4281
f 4288 4291 4287
f 4290 4289 4286
f 4290 6062 4289
f 4291 4290 4287
f 4304 4291 4288
f 4291 6063 4290
f 4264 4292 4246
f 4265 4293 4264
f 4293 4292 4264
f 4292 4294 4278
f 4293 4295 4292
f 4269 4296 4265
f 4296 4293 4265
f 4296 4299 4293
f 4295 4294 4292
f 4294 4302 4281
f 4295 4303 4294
f 4299 4295 4293
f 4299 4306 4295
f 4297 4296 4269
f 4270 4297 4269
f 4297 4300 4296
f 4271 4298 4270
f 4298 4297 4270
f 4362 4298 4271
f 4298 4301 4297
f 4300 4299 4296
f 4300 4307 4299
f 4301 4308 4300
f 4301 4300 4297
f 4364 4301 4298
f 4303 4302 4294
f 4302 4304 4288
f 4303 4305 4302
f 4306 4303 4295
f 4306 4309 4303
f 4305 4304 4302
f 4304 6077 4291
f 4305 6078 4304
f 4309 4305 4303
f 4309 6081 4305
f 4307 4306 4299
f 4307 4310 4306
f 4308 4307 4300
f 4372 4308 4301
f 4308 4311 4307
f 4310 4309 4306
f 4310 6082 4309
f 4311 4310 4307
f 4374 4311 4308
f 4311 6083 4310
f 4312 4314 4255
f 4316 4314 4312
f 4313 4316 4312
f 4318 4321 4313
f 4321 4316 4313
f 4314 4315 4260
f 4314 4317 4315
f 4314 4316 4317
f 4316 4321 4323
f 4316 4323 4317
f 4319 4322 4318
f 4322 4321 4318
f 4320 4325 4319
f 4325 4322 4319
f 4321 4322 4324
f 4321 4324 4323
f 4322 4325 4326
f 4322 4326 4324
f 4315 4327 4261
f 4328 4327 4315
f 4317 4328 4315
f 4331 4328 4317
f 4327 4329 4268
f 4327 4330 4329
f 4327 4328 4330
f 4328 4331 4334
f 4328 4334 4330
f 4332 4331 4323
f 4333 4332 4324
f 4331 4335 4334
f 4331 4332 4335
f 4332 4333 4336
f 4332 4336 4335
f 4323 4331 4317
f 4324 4332 4323
f 4326 4333 4324
f 4337 4339 4320
f 4339 4325 4320
f 4341 4339 4337
f 4338 4341 4337
f 4343 4346 4338
f 4346 4341 4338
f 4339 4340 4325
f 4325 4340 4326
f 4339 4342 4340
f 4339 4341 4342
f 4341 4346 4348
f 4341 4348 4342
f 4347 4346 4343
f 4344 4347 4343
f 4350 4347 4344
f 4345 4350 4344
f 4346 4347 4349
f 4346 4349 4348
f 4347 4350 4351
f 4347 4351 4349
f 4352 4333 4326
f 4353 4352 4340
f 4356 4353 4342
f 4333 4352 4354
f 4333 4354 4336
f 4352 4355 4354
f 4352 4353 4355
f 4353 4356 4359
f 4353 4359 4355
f 4357 4356 4348
f 4358 4357 4349
f 4356 4360 4359
f 4356 4357 4360
f 4357 4361 4360
f 4357 4358 4361
f 4340 4352 4326
f 4342 4353 4340
f 4348 4356 4342
f 4349 4357 4348
f 4351 4358 4349
f 4329 4362 4271
f 4363 4362 4329
f 4362 4364 4298
f 4330 4363 4329
f 4334 4366 4330
f 4366 4363 4330
f 4364 4372 4301
f 4365 4373 4364
f 4369 4376 4365
f 4365 4364 4362
f 4363 4365 4362
f 4366 4369 4363
f 4369 4365 4363
f 4367 4366 4334
f 4335 4367 4334
f 4336 4368 4335
f 4368 4367 4335
f 4370 4377 4369
f 4371 4378 4370
f 4370 4369 4366
f 4367 4370 4366
f 4368 4371 4367
f 4371 4370 4367
f 4373 4372 4364
f 4372 4374 4308
f 4376 4373 4365
f 4373 4375 4372
f 4376 4379 4373
f 4375 4374 4372
f 4374 6137 4311
f 4379 4375 4373
f 4375 6138 4374
f 4379 6141 4375
f 4377 4376 4369
f 4376 4377 4380
f 4378 4377 4370
f 4377 4378 4381
f 4376 4380 4379
f 4380 6142 4379
f 4377 4381 4380
f 4381 6143 4380
f 4354 4382 4336
f 4382 4368 4336
f 4383 4382 4354
f 4355 4383 4354
f 4359 4386 4355
f 4386 4383 4355
f 4382 4384 4368
f 4384 4371 4368
f 4385 4384 4382
f 4383 4385 4382
f 4386 4389 4383
f 4389 4385 4383
f 4387 4386 4359
f 4360 4387 4359
f 4388 4387 4360
f 4361 4388 4360
f 4390 4389 4386
f 4387 4390 4386
f 4391 4390 4387
f 4388 4391 4387
f 4392 4378 4371
f 4393 4392 4384
f 4392 4394 4378
f 4396 4393 4385
f 4393 4395 4392
f 4384 4392 4371
f 4385 4393 4384
f 4389 4396 4385
f 4378 4394 4381
f 4392 4395 4394
f 4394 6157 4381
f 4396 4399 4393
f 4399 4395 4393
f 4395 6158 4394
f 4397 4396 4389
f 4390 4397 4389
f 4398 4397 4390
f 4391 4398 4390
f 4400 4399 4396
f 4397 4400 4396
f 4401 4400 4397
f 4398 4401 4397
f 4562 4443 4560
f 4563 4444 4562
f 4465 4444 4563
f 4576 4465 4563
f 4466 4465 4576
f 4466 4578 4402
f 4578 4466 4576
f 4403 4404 4402
f 4578 4403 4402
f 4403 4406 4404
f 4406 4405 4404
f 4406 4407 4405
f 4408 4410 3925
f 4409 4411 4408
f 4412 4414 4409
f 4410 3928 3925
f 4411 4410 4408
f 4410 4782 3928
f 4782 4345 3928
f 4783 4782 4410
f 4414 4411 4409
f 4411 4783 4410
f 4414 4788 4411
f 4788 4783 4411
f 4413 4415 4412
f 4447 4416 4413
f 4415 4414 4412
f 4789 4788 4414
f 4415 4789 4414
f 4416 4415 4413
f 4790 4789 4415
f 4416 4790 4415
f 4470 4417 4447
f 4471 4418 4470
f 4417 4416 4447
f 4418 4417 4470
f 4417 4807 4416
f 4419 4418 4471
f 4418 4808 4417
f 4472 4419 4471
f 4473 4420 4472
f 4474 4421 4473
f 4420 4419 4472
f 4419 4811 4418
f 4420 4812 4419
f 4421 4420 4473
f 4421 4813 4420
f 4424 4445 3966
f 3966 4445 3981
f 4424 4446 4445
f 4424 4425 4446
f 4425 4432 4429
f 4446 4425 4429
f 3963 4424 3966
f 4422 4425 4424
f 4422 4424 3963
f 4423 4432 4425
f 4422 4423 4425
f 4423 4426 4432
f 4432 4430 4429
f 4432 4433 4430
f 4433 4431 4430
f 4433 4434 4431
f 4426 4433 4432
f 4426 4427 4433
f 4427 4434 4433
f 4427 4428 4434
f 3976 4435 3973
f 4437 4436 4435
f 3973 4435 4422
f 3973 4422 3963
f 4435 4423 4422
f 4438 4439 4436
f 4435 4436 4423
f 4436 4426 4423
f 4436 4439 4426
f 4437 4435 3976
f 4145 4437 3976
f 4601 4437 4145
f 4601 4438 4437
f 4437 4438 4436
f 4438 4442 4439
f 4438 4601 4556
f 4442 4438 4556
f 4560 4442 4556
f 4442 4440 4439
f 4439 4427 4426
f 4439 4440 4427
f 4443 4441 4440
f 4440 4428 4427
f 4440 4441 4428
f 4442 4443 4440
f 4443 4442 4560
f 4443 4444 4441
f 4444 4443 4562
f 4445 4408 3981
f 3981 4408 3925
f 4445 4409 4408
f 4445 4446 4409
f 4412 4446 4429
f 4446 4412 4409
f 4413 4412 4429
f 4430 4413 4429
f 4447 4413 4430
f 4431 4447 4430
f 4448 4449 4453
f 4434 4452 4450
f 4434 4450 4431
f 4452 4451 4450
f 4452 4453 4451
f 4453 4457 4451
f 4428 4452 4434
f 4448 4453 4452
f 4448 4452 4428
f 4449 4460 4453
f 4449 4454 4460
f 4454 4455 4461
f 4455 4456 4462
f 4453 4460 4457
f 4460 4461 4458
f 4460 4458 4457
f 4461 4459 4458
f 4461 4462 4459
f 4454 4461 4460
f 4455 4462 4461
f 4444 4463 4441
f 4465 4464 4463
f 4441 4448 4428
f 4441 4463 4448
f 4463 4449 4448
f 4466 4467 4464
f 4463 4464 4449
f 4464 4454 4449
f 4465 4463 4444
f 4465 4466 4464
f 4464 4467 4454
f 4467 4468 4455
f 4467 4466 4402
f 4468 4467 4402
f 4404 4468 4402
f 4467 4455 4454
f 4468 4469 4456
f 4469 4468 4404
f 4405 4469 4404
f 4468 4456 4455
f 4450 4470 4431
f 4470 4447 4431
f 4471 4470 4450
f 4451 4471 4450
f 4472 4471 4451
f 4457 4472 4451
f 4458 4473 4457
f 4473 4472 4457
f 4474 4473 4458
f 4459 4474 4458
f 4475 4477 4521
f 4407 4475 4405
f 4476 4477 4475
f 4476 4475 4407
f 4478 4479 4477
f 4476 4478 4477
f 4477 4479 4522
f 4479 4482 4523
f 4482 4483 4524
f 4480 4482 4479
f 4478 4480 4479
f 4480 4484 4482
f 4484 4483 4482
f 4484 4481 4483
f 4483 4486 4545
f 4486 4488 4546
f 4488 4547 4546
f 4481 4486 4483
f 4485 4486 4481
f 4485 4488 4486
f 4487 4490 4488
f 4485 4487 4488
f 4488 4490 4547
f 4490 4548 4547
f 4490 4493 4548
f 4493 4549 4548
f 4493 4494 4549
f 4487 4489 4490
f 4489 4491 4493
f 4489 4493 4490
f 4491 4492 4494
f 4491 4494 4493
f 4525 4495 4474
f 4526 4496 4525
f 4495 4421 4474
f 4496 4495 4525
f 4495 4872 4421
f 4497 4496 4526
f 4496 4873 4495
f 4527 4497 4526
f 4528 4498 4527
f 4529 4499 4528
f 4498 4497 4527
f 4497 4876 4496
f 4498 4877 4497
f 4499 4498 4528
f 4499 4878 4498
f 4550 4500 4529
f 4500 4499 4529
f 4500 4897 4499
f 4551 4501 4550
f 4501 4500 4550
f 4502 4501 4551
f 4501 4898 4500
f 4552 4502 4551
f 4552 4553 4503
f 4552 4503 4502
f 4502 4901 4501
f 4503 4902 4502
f 4553 4504 4503
f 4553 4554 4504
f 4504 4903 4503
f 4505 4509 4456
f 4520 4506 4505
f 4505 4506 4510
f 4521 4511 4506
f 4509 4507 4462
f 4462 4507 4459
f 4509 4508 4507
f 4509 4510 4508
f 4510 4514 4508
f 4456 4509 4462
f 4505 4510 4509
f 4506 4517 4510
f 4506 4511 4517
f 4522 4512 4511
f 4511 4512 4518
f 4523 4513 4512
f 4512 4513 4519
f 4510 4517 4514
f 4517 4518 4515
f 4517 4515 4514
f 4518 4516 4515
f 4518 4519 4516
f 4511 4518 4517
f 4512 4519 4518
f 4469 4520 4505
f 4469 4405 4520
f 4405 4475 4520
f 4475 4521 4520
f 4469 4505 4456
f 4520 4521 4506
f 4477 4522 4521
f 4522 4511 4521
f 4522 4523 4512
f 4479 4523 4522
f 4523 4524 4513
f 4482 4524 4523
f 4507 4525 4459
f 4525 4474 4459
f 4526 4525 4507
f 4508 4526 4507
f 4527 4526 4508
f 4514 4527 4508
f 4515 4528 4514
f 4528 4527 4514
f 4529 4528 4515
f 4516 4529 4515
f 4524 4530 4513
f 4530 4534 4513
f 4545 4531 4530
f 4546 4536 4531
f 4530 4531 4535
f 4519 4534 4532
f 4519 4532 4516
f 4534 4533 4532
f 4534 4535 4533
f 4535 4539 4533
f 4513 4534 4519
f 4530 4535 4534
f 4531 4542 4535
f 4547 4537 4536
f 4531 4536 4542
f 4536 4537 4543
f 4548 4538 4537
f 4537 4538 4544
f 4535 4542 4539
f 4542 4540 4539
f 4542 4543 4540
f 4543 4541 4540
f 4543 4544 4541
f 4536 4543 4542
f 4537 4544 4543
f 4545 4530 4524
f 4483 4545 4524
f 4545 4546 4531
f 4486 4546 4545
f 4547 4536 4546
f 4547 4548 4537
f 4548 4549 4538
f 4532 4550 4516
f 4550 4529 4516
f 4533 4551 4532
f 4551 4550 4532
f 4552 4551 4533
f 4539 4552 4533
f 4540 4553 4539
f 4553 4552 4539
f 4554 4553 4540
f 4541 4554 4540
f 4601 4555 4556
f 4555 4601 4103
f 4557 4560 4556
f 4555 4557 4556
f 4557 4561 4560
f 4105 4555 4103
f 4558 4555 4105
f 4558 4557 4555
f 4155 4558 4105
f 4569 4559 4558
f 4558 4559 4557
f 4559 4561 4557
f 4559 4566 4561
f 4570 4566 4559
f 4561 4562 4560
f 4561 4564 4562
f 4564 4563 4562
f 4564 4565 4563
f 4566 4564 4561
f 4566 4567 4564
f 4571 4567 4566
f 4567 4565 4564
f 4567 4568 4565
f 4572 4568 4567
f 4569 4558 4155
f 4602 4570 4569
f 4569 4570 4559
f 4570 4571 4566
f 4604 4571 4570
f 4604 4606 4571
f 4571 4572 4567
f 4606 4572 4571
f 4606 4574 4572
f 4572 4573 4568
f 4574 4573 4572
f 4574 4575 4573
f 4565 4576 4563
f 4577 4578 4576
f 4565 4577 4576
f 4579 4403 4578
f 4577 4579 4578
f 4568 4577 4565
f 4580 4577 4568
f 4580 4579 4577
f 4573 4580 4568
f 4588 4581 4580
f 4580 4581 4579
f 4581 4582 4579
f 4589 4585 4581
f 4582 4406 4403
f 4582 4583 4406
f 4579 4582 4403
f 4583 4407 4406
f 4583 4584 4407
f 4587 4584 4583
f 4581 4585 4582
f 4585 4583 4582
f 4585 4587 4583
f 4592 4587 4585
f 4587 4586 4584
f 4587 4593 4586
f 4573 4588 4580
f 4575 4588 4573
f 4590 4588 4575
f 4590 4589 4588
f 4588 4589 4581
f 4590 4591 4589
f 4591 4592 4589
f 4609 4590 4575
f 4610 4591 4590
f 4611 4595 4591
f 4610 4611 4591
f 4589 4592 4585
f 4592 4593 4587
f 4591 4595 4592
f 4595 4593 4592
f 4595 4597 4593
f 4593 4594 4586
f 4597 4594 4593
f 4597 4598 4594
f 4611 4596 4595
f 4596 4597 4595
f 4596 4599 4597
f 4599 4598 4597
f 4599 4600 4598
f 4649 4600 4599
f 4601 4145 4103
f 4160 4569 4155
f 4602 4569 4160
f 4602 4604 4570
f 4161 4602 4160
f 4603 4604 4602
f 4603 4602 4161
f 4200 4603 4161
f 4612 4605 4603
f 4605 4606 4604
f 4603 4605 4604
f 4605 4607 4606
f 4613 4607 4605
f 4606 4607 4574
f 4618 4608 4607
f 4607 4608 4574
f 4608 4575 4574
f 4619 4609 4608
f 4608 4609 4575
f 4609 4610 4590
f 4620 4610 4609
f 4642 4611 4610
f 4611 4643 4596
f 4648 4599 4596
f 4612 4603 4200
f 4205 4612 4200
f 4205 4614 4612
f 4614 4613 4612
f 4612 4613 4605
f 4613 4618 4607
f 4614 4616 4613
f 4616 4618 4613
f 4616 4621 4618
f 4206 4614 4205
f 4615 4614 4206
f 4615 4616 4614
f 4217 4615 4206
f 4627 4617 4615
f 4615 4617 4616
f 4617 4621 4616
f 4622 4621 4617
f 4629 4622 4617
f 4618 4619 4608
f 4621 4619 4618
f 4621 4623 4619
f 4619 4620 4609
f 4623 4620 4619
f 4623 4624 4620
f 4622 4623 4621
f 4622 4625 4623
f 4633 4625 4622
f 4625 4624 4623
f 4625 4626 4624
f 4635 4626 4625
f 4627 4615 4217
f 4218 4627 4217
f 4628 4627 4218
f 4628 4629 4627
f 4627 4629 4617
f 4629 4633 4622
f 4628 4630 4629
f 4630 4633 4629
f 4630 4634 4633
f 4221 4628 4218
f 4631 4628 4221
f 4631 4630 4628
f 5099 4631 4221
f 5677 4632 4631
f 4631 4632 4630
f 4632 4634 4630
f 4632 4639 4634
f 5679 4639 4632
f 4633 4635 4625
f 4634 4635 4633
f 4634 4637 4635
f 4635 4636 4626
f 4637 4636 4635
f 4637 4638 4636
f 4639 4637 4634
f 4639 4640 4637
f 5683 4640 4639
f 4640 4638 4637
f 4640 4641 4638
f 5683 5685 4640
f 5685 4641 4640
f 5685 5686 4641
f 4642 4610 4620
f 4624 4642 4620
f 4624 4644 4642
f 4644 4643 4642
f 4642 4643 4611
f 4644 4646 4643
f 4646 4648 4643
f 4645 4646 4644
f 4626 4644 4624
f 4645 4644 4626
f 4636 4645 4626
f 4657 4647 4645
f 4647 4651 4646
f 4645 4647 4646
f 4659 4652 4647
f 4643 4648 4596
f 4648 4649 4599
f 4646 4651 4648
f 4651 4649 4648
f 4651 4653 4649
f 4649 4650 4600
f 4653 4650 4649
f 4653 4654 4650
f 4652 4653 4651
f 4652 4651 4647
f 4652 4655 4653
f 4663 4655 4652
f 4655 4654 4653
f 4655 4656 4654
f 4665 4656 4655
f 4657 4645 4636
f 4638 4657 4636
f 4638 4658 4657
f 4658 4659 4657
f 4657 4659 4647
f 4658 4660 4659
f 4660 4663 4659
f 4641 4658 4638
f 4661 4660 4658
f 4662 4664 4660
f 4661 4658 4641
f 5686 4661 4641
f 5686 5707 4661
f 5707 4662 4661
f 4661 4662 4660
f 5707 5709 4662
f 5709 4669 4662
f 4659 4663 4652
f 4663 4665 4655
f 4660 4664 4663
f 4664 4665 4663
f 4664 4667 4665
f 4665 4666 4656
f 4667 4666 4665
f 4667 4668 4666
f 4662 4669 4664
f 4669 4667 4664
f 4669 4670 4667
f 5713 4669 5709
f 5713 4670 4669
f 5713 5715 4670
f 4670 4668 4667
f 4670 4671 4668
f 5715 4671 4670
f 5715 5716 4671
f 4674 4673 4672
f 4584 4476 4407
f 4672 4476 4584
f 4672 4478 4476
f 4586 4672 4584
f 4675 4676 4673
f 4672 4673 4478
f 4673 4480 4478
f 4674 4672 4586
f 4594 4674 4586
f 4594 4682 4674
f 4682 4675 4674
f 4674 4675 4673
f 4682 4684 4675
f 4684 4679 4675
f 4673 4676 4480
f 4676 4484 4480
f 4676 4677 4484
f 4679 4677 4676
f 4484 4677 4481
f 4677 4678 4481
f 4680 4678 4677
f 4675 4679 4676
f 4679 4680 4677
f 4684 4688 4679
f 4688 4680 4679
f 4688 4690 4680
f 4680 4681 4678
f 4690 4681 4680
f 4690 4691 4681
f 4683 4684 4682
f 4598 4682 4594
f 4683 4682 4598
f 4685 4688 4684
f 4683 4685 4684
f 4600 4683 4598
f 4686 4683 4600
f 4686 4685 4683
f 4650 4686 4600
f 4733 4687 4686
f 4686 4687 4685
f 4687 4689 4685
f 4734 4694 4687
f 4689 4690 4688
f 4685 4689 4688
f 4689 4692 4690
f 4692 4691 4690
f 4692 4693 4691
f 4687 4694 4689
f 4694 4692 4689
f 4694 4695 4692
f 4722 4695 4694
f 4695 4693 4692
f 4695 4696 4693
f 4723 4696 4695
f 4678 4485 4481
f 4678 4697 4485
f 4681 4697 4678
f 4697 4487 4485
f 4697 4698 4487
f 4698 4489 4487
f 4699 4698 4697
f 4700 4703 4698
f 4699 4697 4681
f 4691 4699 4681
f 4691 4707 4699
f 4699 4700 4698
f 4707 4700 4699
f 4707 4709 4700
f 4709 4706 4700
f 4701 4702 4705
f 4716 4702 4701
f 4716 4713 4702
f 4698 4703 4489
f 4703 4704 4491
f 4703 4491 4489
f 4706 4704 4703
f 4704 4492 4491
f 4704 4705 4492
f 4701 4705 4704
f 4700 4706 4703
f 4706 4701 4704
f 4709 4714 4706
f 4706 4714 4701
f 4714 4716 4701
f 4693 4707 4691
f 4708 4707 4693
f 4708 4709 4707
f 4710 4714 4709
f 4708 4710 4709
f 4696 4708 4693
f 4696 4711 4708
f 4724 4711 4696
f 4711 4710 4708
f 4711 4712 4710
f 4712 4715 4710
f 4725 4712 4711
f 4726 4719 4712
f 4715 4716 4714
f 4710 4715 4714
f 4715 4717 4716
f 4716 4717 4713
f 4717 4718 4713
f 4712 4719 4715
f 4719 4717 4715
f 4719 4720 4717
f 4727 4720 4719
f 4717 4720 4718
f 4720 4721 4718
f 4728 4721 4720
f 4733 4686 4650
f 4733 4734 4687
f 4734 4722 4694
f 4722 4723 4695
f 4723 4724 4696
f 4741 4724 4723
f 4725 4711 4724
f 4742 4725 4724
f 4742 4760 4725
f 4725 4726 4712
f 4760 4726 4725
f 4760 4762 4726
f 4762 4727 4726
f 4726 4727 4719
f 4727 4728 4720
f 4762 4730 4727
f 4730 4728 4727
f 4730 4731 4728
f 4728 4729 4721
f 4731 4729 4728
f 4731 4732 4729
f 4765 4732 4731
f 4492 6819 4494
f 4705 6819 4492
f 4702 6819 4705
f 4713 6819 4702
f 4718 6819 4713
f 4721 6819 4718
f 4654 4733 4650
f 4654 4735 4733
f 4735 4734 4733
f 4735 4737 4734
f 4734 4737 4722
f 4656 4735 4654
f 4736 4735 4656
f 4736 4737 4735
f 4666 4736 4656
f 4745 4738 4736
f 4736 4738 4737
f 4738 4739 4737
f 4747 4740 4738
f 4737 4739 4722
f 4739 4723 4722
f 4739 4741 4723
f 4741 4742 4724
f 4740 4739 4738
f 4740 4741 4739
f 4740 4743 4741
f 4751 4743 4740
f 4743 4742 4741
f 4743 4744 4742
f 4753 4744 4743
f 4745 4736 4666
f 4668 4745 4666
f 4746 4745 4668
f 4746 4747 4745
f 4745 4747 4738
f 4746 4748 4747
f 4748 4751 4747
f 4671 4746 4668
f 4749 4746 4671
f 4749 4748 4746
f 5716 4749 4671
f 5771 4749 5716
f 5771 4750 4749
f 4749 4750 4748
f 4750 4752 4748
f 5771 5773 4750
f 5773 4757 4750
f 4747 4751 4740
f 4751 4753 4743
f 4748 4752 4751
f 4752 4753 4751
f 4752 4755 4753
f 4753 4754 4744
f 4755 4754 4753
f 4755 4756 4754
f 4750 4757 4752
f 4757 4755 4752
f 4757 4758 4755
f 5777 4757 5773
f 5777 4758 4757
f 5777 5779 4758
f 4758 4756 4755
f 4758 4759 4756
f 5779 4759 4758
f 5779 5780 4759
f 4744 4760 4742
f 4761 4760 4744
f 4754 4761 4744
f 4761 4762 4760
f 4761 4763 4762
f 4762 4763 4730
f 4767 4763 4761
f 4769 4764 4763
f 4763 4764 4730
f 4764 4731 4730
f 4764 4765 4731
f 4773 4765 4764
f 4765 4766 4732
f 4776 4766 4765
f 4767 4761 4754
f 4756 4767 4754
f 4756 4768 4767
f 4767 4769 4763
f 4768 4769 4767
f 4768 4770 4769
f 4770 4773 4769
f 4772 4774 4770
f 4759 4768 4756
f 4771 4768 4759
f 5780 4771 4759
f 5806 4771 5780
f 4771 4770 4768
f 4771 4772 4770
f 5806 4772 4771
f 5806 5808 4772
f 5808 4779 4772
f 4769 4773 4764
f 4773 4776 4765
f 4770 4774 4773
f 4774 4776 4773
f 4774 4777 4776
f 4776 4775 4766
f 4776 4777 4775
f 4777 4778 4775
f 4779 4777 4774
f 4780 4778 4777
f 4772 4779 4774
f 4779 4780 4777
f 5812 4779 5808
f 5812 4780 4779
f 5812 5814 4780
f 4780 4781 4778
f 5814 4781 4780
f 5814 5815 4781
f 4729 6819 4721
f 4782 4784 4345
f 4784 4350 4345
f 4786 4784 4782
f 4783 4786 4782
f 4788 4791 4783
f 4791 4786 4783
f 4784 4785 4350
f 4350 4785 4351
f 4784 4787 4785
f 4784 4786 4787
f 4786 4791 4792
f 4786 4792 4787
f 4793 4791 4788
f 4789 4793 4788
f 4794 4793 4789
f 4790 4794 4789
f 4791 4793 4795
f 4791 4795 4792
f 4794 4806 4793
f 4793 4806 4795
f 4796 4798 4358
f 4358 4798 4361
f 4799 4798 4796
f 4797 4799 4796
f 4800 4803 4797
f 4803 4799 4797
f 4801 4804 4800
f 4804 4803 4800
f 4802 4805 4801
f 4805 4804 4801
f 4785 4796 4351
f 4796 4358 4351
f 4797 4796 4785
f 4787 4797 4785
f 4792 4800 4787
f 4800 4797 4787
f 4795 4801 4792
f 4801 4800 4792
f 4806 4802 4795
f 4802 4801 4795
f 4807 4809 4790
f 4809 4794 4790
f 4810 4809 4807
f 4808 4810 4807
f 4814 4810 4808
f 4807 4790 4416
f 4808 4807 4417
f 4811 4808 4418
f 4809 4822 4794
f 4822 4806 4794
f 4824 4822 4809
f 4810 4824 4809
f 4826 4824 4810
f 4811 4814 4808
f 4812 4815 4811
f 4815 4814 4811
f 4816 4815 4812
f 4813 4816 4812
f 4812 4811 4419
f 4813 4812 4420
f 4814 4826 4810
f 4815 4828 4814
f 4828 4826 4814
f 4816 4829 4815
f 4829 4828 4815
f 4823 4817 4802
f 4817 4805 4802
f 4818 4817 4823
f 4825 4818 4823
f 4819 4818 4825
f 4827 4819 4825
f 4830 4820 4827
f 4820 4819 4827
f 4831 4821 4830
f 4821 4820 4830
f 4822 4823 4806
f 4806 4823 4802
f 4822 4825 4823
f 4824 4825 4822
f 4827 4825 4824
f 4826 4827 4824
f 4828 4830 4826
f 4830 4827 4826
f 4829 4831 4828
f 4831 4830 4828
f 4832 4388 4361
f 4833 4832 4798
f 4798 4832 4361
f 4799 4833 4798
f 4803 4836 4799
f 4836 4833 4799
f 4832 4834 4388
f 4834 4391 4388
f 4835 4834 4832
f 4833 4835 4832
f 4836 4839 4833
f 4839 4835 4833
f 4837 4836 4803
f 4804 4837 4803
f 4838 4837 4804
f 4805 4838 4804
f 4840 4839 4836
f 4837 4840 4836
f 4841 4840 4837
f 4838 4841 4837
f 4834 4842 4391
f 4842 4398 4391
f 4843 4842 4834
f 4835 4843 4834
f 4839 4846 4835
f 4846 4843 4835
f 4842 4844 4398
f 4844 4401 4398
f 4845 4844 4842
f 4843 4845 4842
f 4846 4849 4843
f 4849 4845 4843
f 4847 4846 4839
f 4840 4847 4839
f 4848 4847 4840
f 4841 4848 4840
f 4850 4849 4846
f 4847 4850 4846
f 4851 4850 4847
f 4848 4851 4847
f 4817 4852 4805
f 4852 4838 4805
f 4853 4852 4817
f 4818 4853 4817
f 4856 4853 4818
f 4852 4854 4838
f 4854 4841 4838
f 4855 4854 4852
f 4853 4855 4852
f 4859 4855 4853
f 4819 4856 4818
f 4820 4857 4819
f 4857 4856 4819
f 4821 4858 4820
f 4858 4857 4820
f 4856 4859 4853
f 4860 4859 4856
f 4857 4860 4856
f 4861 4860 4857
f 4858 4861 4857
f 4854 4862 4841
f 4862 4848 4841
f 4863 4862 4854
f 4855 4863 4854
f 4866 4863 4855
f 4862 4864 4848
f 4864 4851 4848
f 4865 4864 4862
f 4863 4865 4862
f 4869 4865 4863
f 4859 4866 4855
f 4860 4867 4859
f 4867 4866 4859
f 4868 4867 4860
f 4861 4868 4860
f 4866 4869 4863
f 4867 4870 4866
f 4870 4869 4866
f 4871 4870 4867
f 4868 4871 4867
f 4872 4874 4813
f 4874 4816 4813
f 4875 4874 4872
f 4873 4875 4872
f 4879 4875 4873
f 4872 4813 4421
f 4873 4872 4495
f 4876 4873 4496
f 4874 4887 4816
f 4887 4829 4816
f 4889 4887 4874
f 4875 4889 4874
f 4891 4889 4875
f 4880 4879 4876
f 4881 4880 4877
f 4877 4876 4497
f 4876 4879 4873
f 4877 4880 4876
f 4878 4877 4498
f 4878 4881 4877
f 4879 4891 4875
f 4880 4893 4879
f 4893 4891 4879
f 4894 4893 4880
f 4881 4894 4880
f 4882 4821 4831
f 4883 4882 4888
f 4884 4883 4890
f 4885 4884 4892
f 4887 4888 4829
f 4888 4831 4829
f 4890 4888 4887
f 4889 4890 4887
f 4892 4890 4889
f 4888 4882 4831
f 4890 4883 4888
f 4891 4892 4889
f 4891 4893 4895
f 4891 4895 4892
f 4893 4894 4896
f 4893 4896 4895
f 4892 4884 4890
f 4895 4885 4892
f 4895 4896 4886
f 4895 4886 4885
f 4899 4881 4878
f 4900 4899 4897
f 4904 4900 4898
f 4897 4878 4499
f 4897 4899 4878
f 4898 4897 4500
f 4901 4898 4501
f 4898 4900 4897
f 4899 4910 4881
f 4910 4894 4881
f 4900 4911 4899
f 4911 4910 4899
f 4914 4911 4900
f 4905 4904 4901
f 4906 4905 4902
f 4902 4901 4502
f 4901 4904 4898
f 4902 4905 4901
f 4903 4902 4503
f 4903 4906 4902
f 4904 4914 4900
f 4905 4915 4904
f 4915 4914 4904
f 4916 4915 4905
f 4906 4916 4905
f 4910 4912 4894
f 4894 4912 4896
f 4910 4911 4913
f 4910 4913 4912
f 4911 4917 4913
f 4912 4907 4896
f 4896 4907 4886
f 4912 4913 4908
f 4912 4908 4907
f 4913 4909 4908
f 4911 4914 4917
f 4914 4915 4918
f 4914 4918 4917
f 4915 4916 4919
f 4915 4919 4918
f 4917 4909 4913
f 4917 4918 4920
f 4917 4920 4909
f 4919 4921 4918
f 4918 4921 4920
f 4538 6819 4544
f 4544 6819 4541
f 6819 4554 4541
f 4554 6819 4504
f 6819 4903 4504
f 6819 4906 4903
f 4882 4922 4821
f 4922 4858 4821
f 4923 4922 4882
f 4883 4923 4882
f 4926 4923 4883
f 4922 4924 4858
f 4924 4861 4858
f 4922 4925 4924
f 4922 4923 4925
f 4923 4929 4925
f 4884 4926 4883
f 4885 4927 4884
f 4927 4926 4884
f 4886 4928 4885
f 4928 4927 4885
f 4923 4926 4929
f 4926 4927 4930
f 4926 4930 4929
f 4927 4931 4930
f 4927 4928 4931
f 4924 4932 4861
f 4932 4868 4861
f 4933 4932 4924
f 4925 4933 4924
f 4936 4933 4925
f 4932 4934 4868
f 4934 4871 4868
f 4935 4934 4932
f 4933 4935 4932
f 4939 4935 4933
f 4929 4936 4925
f 4937 4936 4929
f 4930 4937 4929
f 4938 4937 4930
f 4931 4938 4930
f 4936 4939 4933
f 4937 4940 4936
f 4940 4939 4936
f 4941 4940 4937
f 4938 4941 4937
f 4907 4942 4886
f 4942 4928 4886
f 4908 4943 4907
f 4943 4942 4907
f 4946 4943 4908
f 4928 4942 4944
f 4928 4944 4931
f 4943 4945 4942
f 4942 4945 4944
f 4949 4945 4943
f 4909 4946 4908
f 4920 4947 4909
f 4947 4946 4909
f 4921 4948 4920
f 4948 4947 4920
f 4946 4949 4943
f 4947 4950 4946
f 4950 4949 4946
f 4948 4951 4947
f 4951 4950 4947
f 4944 4952 4931
f 4952 4938 4931
f 4945 4953 4944
f 4953 4952 4944
f 4945 4956 4953
f 4952 4954 4938
f 4954 4941 4938
f 4955 4954 4952
f 4953 4955 4952
f 4959 4955 4953
f 4945 4949 4956
f 4949 4950 4957
f 4949 4957 4956
f 4950 4958 4957
f 4951 4958 4950
f 4956 4959 4953
f 4957 4960 4956
f 4960 4959 4956
f 4961 4960 4957
f 4958 4961 4957
f 4916 6819 4919
f 6819 4921 4919
f 6819 4948 4921
f 6819 4916 4906
f 6819 4951 4948
f 6819 4958 4951
f 4958 6819 4961
f 4549 6819 4538
f 4494 6819 4549
f 4732 6819 4729
f 4766 6819 4732
f 4775 6819 4766
f 4778 6819 4775
f 4781 6819 4778
f 5815 6819 4781
f 5817 6819 5815
f 5820 6819 5817
f 4962 3991 1638
f 4962 3992 3991
f 4962 4963 3992
f 4964 4963 4962
f 4963 3999 3992
f 4963 4966 3999
f 4965 4966 4963
f 4964 4962 1640
f 4964 4965 4963
f 4972 4965 4964
f 4972 4973 4965
f 4965 4969 4966
f 4973 4969 4965
f 4973 4976 4969
f 4966 4000 3999
f 4966 4967 4000
f 4969 4967 4966
f 4967 4002 4000
f 4967 4968 4002
f 4968 4005 4002
f 4970 4968 4967
f 4971 4982 4968
f 4969 4970 4967
f 4969 4976 4970
f 4976 4977 4970
f 4970 4971 4968
f 4977 4971 4970
f 4977 4980 4971
f 4980 4984 4971
f 4972 4964 1651
f 4974 4972 1654
f 4974 4973 4972
f 4974 4975 4973
f 4975 4976 4973
f 4975 4978 4976
f 4990 4975 4974
f 4990 4974 1655
f 4990 4991 4975
f 4991 4978 4975
f 4976 4978 4977
f 4978 4979 4977
f 4979 4980 4977
f 4981 4988 4980
f 4979 4981 4980
f 4992 4979 4978
f 4968 4982 4005
f 4982 4007 4005
f 4982 4983 4007
f 4984 4983 4982
f 4983 4008 4007
f 4983 4986 4008
f 4985 4986 4983
f 4984 4982 4971
f 4984 4985 4983
f 4980 4988 4984
f 4988 4985 4984
f 4988 4989 4985
f 4985 4987 4986
f 4989 4987 4985
f 4989 5005 4987
f 4986 4099 4008
f 4987 4995 4986
f 5001 4989 4988
f 5001 4988 4981
f 4991 4992 4978
f 5013 4992 4991
f 4992 4993 4979
f 5018 4993 4992
f 4993 4981 4979
f 4993 4994 4981
f 4994 5001 4981
f 5019 4994 4993
f 5020 5003 4994
f 4986 4995 4099
f 4997 4995 4987
f 4995 4996 4101
f 4997 4996 4995
f 4997 4999 4996
f 4999 5062 4996
f 5005 4997 4987
f 5005 4998 4997
f 4998 4999 4997
f 5000 5064 4999
f 4998 5000 4999
f 5001 5002 4989
f 5002 5005 4989
f 5002 5006 5005
f 4994 5003 5001
f 5003 5002 5001
f 5003 5004 5002
f 5037 5004 5003
f 5004 5006 5002
f 5004 5010 5006
f 5038 5010 5004
f 5005 5006 4998
f 5006 5007 4998
f 5007 5000 4998
f 5007 5008 5000
f 5008 5065 5000
f 5009 5008 5007
f 5011 5077 5008
f 5010 5007 5006
f 5010 5009 5007
f 5043 5009 5010
f 5043 5044 5009
f 5009 5011 5008
f 5044 5011 5009
f 5044 5047 5011
f 5047 5079 5011
f 5012 4990 1701
f 5012 4991 4990
f 5012 5013 4991
f 5014 5012 1703
f 5014 5013 5012
f 5014 5016 5013
f 5013 5018 4992
f 5016 5018 5013
f 5016 5021 5018
f 5015 5016 5014
f 5015 5014 1705
f 5015 5017 5016
f 5017 5021 5016
f 5028 5023 5017
f 5023 5021 5017
f 5018 5019 4993
f 5021 5019 5018
f 5021 5022 5019
f 5019 5020 4994
f 5022 5020 5019
f 5025 5037 5020
f 5022 5025 5020
f 5023 5022 5021
f 5023 5024 5022
f 5024 5025 5022
f 5025 5026 5040
f 5024 5026 5025
f 5015 5027 5017
f 5031 5024 5023
f 5032 5026 5024
f 5033 5041 5026
f 5027 5015 1716
f 5027 5028 5017
f 5029 5027 1718
f 5029 5028 5027
f 5029 5030 5028
f 5028 5031 5023
f 5030 5031 5028
f 5030 5034 5031
f 5164 5034 5030
f 5162 5030 5029
f 5162 5029 1736
f 5162 5164 5030
f 5164 5166 5034
f 5031 5032 5024
f 5034 5032 5031
f 5032 5033 5026
f 5035 5033 5032
f 5036 5052 5033
f 5034 5035 5032
f 5166 5035 5034
f 5035 5036 5033
f 5167 5036 5035
f 5169 5054 5036
f 5166 5167 5035
f 5167 5169 5036
f 5037 5003 5020
f 5037 5038 5004
f 5040 5038 5037
f 5038 5043 5010
f 5025 5040 5037
f 5040 5039 5038
f 5039 5043 5038
f 5045 5043 5039
f 5026 5041 5040
f 5041 5039 5040
f 5041 5042 5039
f 5042 5045 5039
f 5042 5049 5045
f 5043 5045 5044
f 5045 5046 5044
f 5046 5047 5044
f 5048 5119 5047
f 5046 5048 5047
f 5049 5046 5045
f 5049 5050 5046
f 5050 5048 5046
f 5050 5051 5048
f 5051 5120 5048
f 5052 5042 5041
f 5053 5049 5042
f 5053 5056 5049
f 5056 5050 5049
f 5056 5057 5050
f 5057 5051 5050
f 5058 5127 5051
f 5057 5058 5051
f 5052 5041 5033
f 5052 5053 5042
f 5054 5053 5052
f 5055 5056 5053
f 5036 5054 5052
f 5054 5055 5053
f 5175 5055 5054
f 5055 5059 5056
f 5176 5059 5055
f 5176 5181 5059
f 5169 5175 5054
f 5175 5176 5055
f 5059 5057 5056
f 5060 5058 5057
f 5059 5060 5057
f 5181 5060 5059
f 5181 5182 5060
f 5060 5061 5058
f 5061 5136 5058
f 5060 5182 5061
f 5183 5137 5061
f 4996 5062 4180
f 5064 5062 4999
f 5064 5063 5062
f 5062 5063 4182
f 5063 5068 4189
f 5064 5066 5063
f 5066 5068 5063
f 5066 5071 5068
f 5065 5066 5064
f 5065 5064 5000
f 5067 5071 5066
f 5065 5067 5066
f 5067 5073 5071
f 5068 5069 4190
f 5071 5069 5068
f 5071 5072 5069
f 5069 5070 4191
f 5072 5070 5069
f 5072 5075 5070
f 5073 5072 5071
f 5073 5074 5072
f 5074 5075 5072
f 5074 5076 5075
f 5077 5065 5008
f 5077 5067 5065
f 5079 5078 5077
f 5077 5078 5067
f 5078 5073 5067
f 5078 5081 5073
f 5078 5080 5081
f 5011 5079 5077
f 5119 5079 5047
f 5079 5119 5080
f 5079 5080 5078
f 5080 5084 5081
f 5121 5084 5080
f 5119 5121 5080
f 5121 5123 5084
f 5081 5074 5073
f 5081 5082 5074
f 5084 5082 5081
f 5082 5076 5074
f 5082 5083 5076
f 5085 5083 5082
f 5084 5085 5082
f 5085 5087 5083
f 5123 5085 5084
f 5123 5086 5085
f 5086 5087 5085
f 5086 5088 5087
f 5070 5089 4211
f 5075 5089 5070
f 5091 5089 5075
f 5091 5090 5089
f 5089 5090 4212
f 5090 5095 4219
f 5091 5093 5090
f 5093 5095 5090
f 5093 5097 5095
f 5076 5091 5075
f 5092 5093 5091
f 5076 5092 5091
f 5104 5094 5092
f 5092 5094 5093
f 5094 5097 5093
f 5101 5097 5094
f 5105 5101 5094
f 5095 5096 4220
f 5097 5096 5095
f 5097 5098 5096
f 5098 5099 5096
f 5096 5099 4221
f 5098 5100 5099
f 5097 5101 5098
f 5101 5102 5098
f 5110 5102 5101
f 5102 5100 5098
f 5102 5103 5100
f 5111 5103 5102
f 5076 5083 5092
f 5083 5104 5092
f 5087 5104 5083
f 5106 5105 5104
f 5104 5105 5094
f 5105 5110 5101
f 5106 5104 5087
f 5106 5108 5105
f 5108 5110 5105
f 5108 5113 5110
f 5088 5106 5087
f 5107 5108 5106
f 5088 5107 5106
f 5109 5113 5108
f 5107 5109 5108
f 5109 5115 5113
f 5110 5111 5102
f 5110 5113 5111
f 5113 5114 5111
f 5111 5112 5103
f 5114 5112 5111
f 5114 5117 5112
f 5115 5114 5113
f 5115 5116 5114
f 5116 5117 5114
f 5116 5118 5117
f 5120 5121 5119
f 5120 5119 5048
f 5122 5123 5121
f 5120 5122 5121
f 5122 5124 5123
f 5128 5124 5122
f 5127 5120 5051
f 5127 5122 5120
f 5127 5128 5122
f 5123 5124 5086
f 5124 5125 5086
f 5130 5125 5124
f 5125 5088 5086
f 5125 5126 5088
f 5131 5126 5125
f 5127 5136 5128
f 5136 5127 5058
f 5128 5130 5124
f 5129 5130 5128
f 5136 5129 5128
f 5129 5132 5130
f 5130 5131 5125
f 5132 5131 5130
f 5132 5133 5131
f 5131 5134 5126
f 5133 5134 5131
f 5133 5135 5134
f 5137 5136 5061
f 5137 5129 5136
f 5206 5138 5137
f 5137 5138 5129
f 5138 5132 5129
f 5139 5132 5138
f 5207 5139 5138
f 5139 5133 5132
f 5139 5140 5133
f 5210 5140 5139
f 5140 5135 5133
f 5140 5141 5135
f 5211 5141 5140
f 5126 5107 5088
f 5142 5107 5126
f 5142 5109 5107
f 5142 5143 5109
f 5143 5115 5109
f 5143 5149 5115
f 5115 5149 5116
f 5149 5148 5116
f 5148 5118 5116
f 5148 5150 5118
f 5134 5142 5126
f 5144 5143 5142
f 5144 5145 5143
f 5145 5149 5143
f 5145 5151 5149
f 5134 5144 5142
f 5135 5144 5134
f 5146 5145 5144
f 5146 5144 5135
f 5147 5151 5145
f 5146 5147 5145
f 5154 5151 5147
f 5158 5154 5147
f 5151 5148 5149
f 5151 5152 5148
f 5152 5150 5148
f 5152 5153 5150
f 5154 5152 5151
f 5154 5155 5152
f 5155 5153 5152
f 5155 5156 5153
f 5159 5155 5154
f 5160 5156 5155
f 5141 5146 5135
f 5157 5146 5141
f 5146 5157 5147
f 5212 5157 5141
f 5222 5158 5157
f 5157 5158 5147
f 5158 5159 5154
f 5223 5159 5158
f 5159 5160 5155
f 5160 5161 5156
f 5163 5164 5162
f 5163 5162 1737
f 5163 5165 5164
f 5165 5166 5164
f 5165 5168 5166
f 5242 5165 5163
f 5242 5163 1830
f 5242 5243 5165
f 5243 5168 5165
f 5171 5168 5243
f 5168 5167 5166
f 5168 5170 5167
f 5170 5169 5167
f 5173 5175 5169
f 5170 5173 5169
f 5171 5170 5168
f 5171 5172 5170
f 5172 5173 5170
f 5174 5177 5173
f 5172 5174 5173
f 5177 5176 5175
f 5177 5175 5173
f 5177 5179 5176
f 5179 5181 5176
f 5179 5185 5181
f 5178 5179 5177
f 5178 5177 5174
f 5178 5180 5179
f 5180 5185 5179
f 5186 5185 5180
f 5182 5183 5061
f 5185 5182 5181
f 5185 5184 5182
f 5184 5183 5182
f 5184 5188 5183
f 5188 5206 5183
f 5186 5184 5185
f 5186 5187 5184
f 5187 5188 5184
f 5205 5208 5188
f 5205 5188 5187
f 5314 5178 5174
f 5189 5190 5178
f 5190 5192 5178
f 5316 5312 5178
f 5311 5189 5178
f 5312 5311 5178
f 5192 5191 5178
f 5191 5193 5178
f 5193 5194 5178
f 5194 5195 5178
f 5195 5180 5178
f 5196 5197 5180
f 5195 5196 5180
f 5197 5199 5180
f 5199 5198 5180
f 5198 5200 5180
f 5200 5201 5180
f 5201 5186 5180
f 5201 5202 5186
f 5202 5204 5186
f 5204 5203 5186
f 5203 5321 5186
f 5186 5333 5187
f 5321 5330 5186
f 5330 5331 5186
f 5331 5332 5186
f 5332 5333 5186
f 5333 5334 5187
f 5338 5205 5187
f 5340 5216 5205
f 5183 5206 5137
f 5206 5207 5138
f 5207 5210 5139
f 5208 5206 5188
f 5208 5207 5206
f 5208 5209 5207
f 5209 5210 5207
f 5213 5210 5209
f 5208 5216 5209
f 5216 5208 5205
f 5217 5213 5209
f 5216 5217 5209
f 5217 5218 5213
f 5210 5211 5140
f 5211 5212 5141
f 5213 5211 5210
f 5213 5214 5211
f 5214 5212 5211
f 5214 5215 5212
f 5218 5214 5213
f 5218 5219 5214
f 5219 5215 5214
f 5219 5220 5215
f 5568 5217 5216
f 5568 5216 5340
f 5569 5218 5217
f 5568 5569 5217
f 5572 5218 5569
f 5572 5219 5218
f 5572 5573 5219
f 5573 5220 5219
f 5573 5221 5220
f 5212 5222 5157
f 5224 5223 5222
f 5222 5223 5158
f 5223 5226 5159
f 5225 5226 5223
f 5215 5222 5212
f 5224 5222 5215
f 5220 5224 5215
f 5232 5225 5224
f 5232 5224 5220
f 5224 5225 5223
f 5229 5226 5225
f 5233 5229 5225
f 5233 5236 5229
f 5232 5233 5225
f 5226 5160 5159
f 5226 5227 5160
f 5229 5227 5226
f 5160 5227 5161
f 5227 5228 5161
f 5230 5228 5227
f 5229 5230 5227
f 5236 5230 5229
f 5236 5237 5230
f 5230 5231 5228
f 5237 5231 5230
f 5237 5238 5231
f 5221 5232 5220
f 5234 5233 5232
f 5234 5232 5221
f 5235 5236 5233
f 5234 5235 5233
f 5239 5236 5235
f 5579 5239 5235
f 5239 5237 5236
f 5239 5240 5237
f 5240 5238 5237
f 5240 5241 5238
f 5580 5240 5239
f 5240 5581 5241
f 5244 5243 5242
f 5244 5242 1838
f 5244 5245 5243
f 5245 5171 5243
f 5245 5258 5171
f 5246 5244 1840
f 5246 5245 5244
f 5246 5251 5245
f 5251 5258 5245
f 5247 5283 5258
f 5248 5247 5258
f 5250 5258 5251
f 5250 5248 5258
f 5249 5250 5251
f 5255 5249 5251
f 5462 5252 5251
f 5463 5462 5251
f 5254 5253 5251
f 5253 5255 5251
f 5252 5254 5251
f 5258 5172 5171
f 5286 5284 5258
f 5258 5259 5172
f 5284 5259 5258
f 5284 5288 5259
f 5288 5289 5259
f 5289 5290 5259
f 5290 5291 5259
f 5291 5268 5259
f 5268 5267 5259
f 5259 5174 5172
f 5260 5314 5174
f 5269 5272 5174
f 5262 5270 5174
f 5266 5262 5174
f 5271 5269 5174
f 5270 5271 5174
f 5261 5260 5174
f 5272 5261 5174
f 5265 5266 5174
f 5259 5265 5174
f 5264 5265 5259
f 5263 5264 5259
f 5267 5263 5259
f 5282 5278 5258
f 5278 5279 5258
f 5279 5280 5258
f 5283 5282 5258
f 5280 5281 5258
f 5281 5286 5258
f 5285 5288 5284
f 5315 5316 5178
f 5314 5315 5178
f 5334 5335 5187
f 5335 5336 5187
f 5336 5337 5187
f 5337 5338 5187
f 5337 5346 5338
f 5338 5340 5205
f 5345 5346 5337
f 5346 5347 5338
f 5347 5348 5338
f 5348 5340 5338
f 5348 5349 5340
f 5349 5351 5340
f 5351 5353 5340
f 5353 5355 5340
f 5358 5568 5340
f 5355 5354 5340
f 5354 5356 5358
f 5356 5357 5358
f 5354 5358 5340
f 5457 5246 1868
f 5457 5251 5246
f 5457 5463 5251
f 5464 5463 5457
f 5454 5464 5457
f 5458 5455 5457
f 5459 5458 5457
f 5455 5454 5457
f 5460 5459 5457
f 5466 5460 5457
f 5469 5457 1870
f 5469 5468 5457
f 5467 5466 5457
f 5468 5467 5457
f 5484 5472 5469
f 5470 5468 5469
f 5471 5470 5469
f 5472 5471 5469
f 5488 5484 5469
f 5488 5469 1878
f 5485 5484 5488
f 5486 5485 5488
f 5487 5486 5488
f 5489 5487 5488
f 5490 5489 5488
f 5493 5490 5488
f 5498 5493 5488
f 5498 5488 1880
f 5494 5493 5498
f 5496 5494 5498
f 5497 5496 5498
f 5499 5497 5498
f 5500 5499 5498
f 7265 5500 5498
f 5357 5510 5358
f 5510 5511 5358
f 5511 5512 5358
f 5515 5570 5358
f 5512 5513 5358
f 5513 5514 5358
f 5514 5515 5358
f 5514 5517 5515
f 5516 5517 5514
f 5517 5520 5515
f 5520 5521 5515
f 5521 5601 5515
f 5521 5522 5601
f 5522 5523 5601
f 5570 5569 5568
f 5570 5568 5358
f 5571 5572 5569
f 5570 5571 5569
f 5571 5574 5572
f 5574 5573 5572
f 5574 5575 5573
f 5575 5221 5573
f 5575 5576 5221
f 5576 5234 5221
f 5578 5235 5234
f 5578 5234 5576
f 5579 5235 5578
f 5580 5239 5579
f 5580 5581 5240
f 5581 5582 5241
f 5601 5571 5570
f 5601 5570 5515
f 5602 5574 5571
f 5601 5602 5571
f 5602 5605 5574
f 5523 5524 5601
f 5524 5603 5601
f 5603 5602 5601
f 5524 5525 5603
f 5525 5526 5603
f 5526 5529 5603
f 5603 5604 5602
f 5604 5605 5602
f 5608 5605 5604
f 5574 5605 5575
f 5605 5606 5575
f 5606 5576 5575
f 5606 5607 5576
f 5605 5608 5606
f 5608 5609 5606
f 5609 5607 5606
f 5609 5610 5607
f 5529 5530 5603
f 5530 5531 5603
f 5531 5532 5603
f 5532 5533 5603
f 5533 5616 5603
f 5603 5616 5604
f 5533 5534 5616
f 5534 5535 5616
f 5616 5617 5604
f 5617 5608 5604
f 5617 5624 5608
f 5535 5536 5616
f 5536 5620 5616
f 5620 5617 5616
f 5536 5537 5620
f 5537 5539 5620
f 5539 5538 5620
f 5538 7322 5620
f 7322 7323 5620
f 5620 5621 5617
f 5621 5624 5617
f 5627 5624 5621
f 5624 5609 5608
f 5624 5625 5609
f 5625 5610 5609
f 5625 5626 5610
f 5627 5625 5624
f 5627 5628 5625
f 5628 5626 5625
f 5628 5629 5626
f 5607 5578 5576
f 5638 5579 5578
f 5607 5638 5578
f 5639 5580 5579
f 5638 5639 5579
f 5639 5642 5580
f 5610 5638 5607
f 5640 5638 5610
f 5640 5639 5638
f 5640 5641 5639
f 5641 5642 5639
f 5645 5642 5641
f 5642 5581 5580
f 5642 5643 5581
f 5643 5582 5581
f 5643 5644 5582
f 5645 5643 5642
f 5645 5646 5643
f 5646 5644 5643
f 5646 5647 5644
f 5626 5640 5610
f 5648 5640 5626
f 5648 5641 5640
f 5648 5649 5641
f 5649 5645 5641
f 5649 5652 5645
f 5629 5648 5626
f 5650 5648 5629
f 5650 5649 5648
f 5650 5651 5649
f 5651 5652 5649
f 5655 5652 5651
f 5652 5646 5645
f 5652 5653 5646
f 5653 5647 5646
f 5653 5654 5647
f 5655 5653 5652
f 5655 5656 5653
f 5656 5654 5653
f 5656 5657 5654
f 5677 4631 5099
f 5100 5677 5099
f 5678 5679 5677
f 5678 5677 5100
f 5677 5679 4632
f 5679 5683 4639
f 5103 5678 5100
f 5680 5683 5679
f 5678 5680 5679
f 5684 5683 5680
f 5681 5678 5103
f 5681 5680 5678
f 5112 5681 5103
f 5692 5682 5681
f 5681 5682 5680
f 5682 5684 5680
f 5682 5689 5684
f 5693 5689 5682
f 5684 5685 5683
f 5684 5687 5685
f 5687 5686 5685
f 5687 5688 5686
f 5689 5687 5684
f 5689 5690 5687
f 5698 5690 5689
f 5698 5700 5690
f 5690 5688 5687
f 5690 5691 5688
f 5700 5691 5690
f 5700 5701 5691
f 5692 5681 5112
f 5117 5692 5112
f 5695 5692 5117
f 5695 5693 5692
f 5692 5693 5682
f 5693 5698 5689
f 5694 5698 5693
f 5695 5694 5693
f 5694 5699 5698
f 5118 5695 5117
f 5118 5696 5695
f 5695 5696 5694
f 5150 5696 5118
f 5737 5697 5696
f 5696 5697 5694
f 5697 5699 5694
f 5697 5704 5699
f 5699 5700 5698
f 5699 5702 5700
f 5700 5702 5701
f 5702 5703 5701
f 5704 5702 5699
f 5704 5705 5702
f 5705 5703 5702
f 5705 5706 5703
f 5738 5704 5697
f 5743 5705 5704
f 5745 5706 5705
f 5688 5707 5686
f 5707 5708 5709
f 5708 5707 5688
f 5710 5713 5709
f 5708 5710 5709
f 5691 5708 5688
f 5711 5708 5691
f 5711 5710 5708
f 5701 5711 5691
f 5722 5712 5711
f 5701 5722 5711
f 5711 5712 5710
f 5712 5714 5710
f 5722 5724 5712
f 5724 5719 5712
f 5714 5715 5713
f 5710 5714 5713
f 5714 5717 5715
f 5719 5717 5714
f 5717 5716 5715
f 5717 5720 5718
f 5717 5718 5716
f 5712 5719 5714
f 5719 5720 5717
f 5724 5726 5719
f 5726 5720 5719
f 5726 5728 5720
f 5720 5721 5718
f 5728 5721 5720
f 5728 5729 5721
f 5703 5722 5701
f 5723 5724 5722
f 5723 5722 5703
f 5725 5726 5724
f 5723 5725 5724
f 5706 5723 5703
f 5706 5731 5723
f 5731 5725 5723
f 5732 5727 5725
f 5727 5728 5726
f 5725 5727 5726
f 5727 5730 5728
f 5730 5729 5728
f 5730 5733 5729
f 5746 5731 5706
f 5756 5731 5746
f 5756 5732 5731
f 5731 5732 5725
f 5756 5758 5732
f 5758 5734 5732
f 5734 5730 5727
f 5735 5733 5730
f 5732 5734 5727
f 5734 5735 5730
f 5762 5734 5758
f 5762 5735 5734
f 5762 5763 5735
f 5735 5736 5733
f 5735 5763 5736
f 5763 5764 5736
f 5737 5696 5150
f 5153 5737 5150
f 5740 5737 5153
f 5740 5738 5737
f 5737 5738 5697
f 5738 5743 5704
f 5739 5743 5738
f 5740 5739 5738
f 5744 5743 5739
f 5156 5740 5153
f 5740 5741 5739
f 5742 5744 5739
f 5741 5740 5156
f 5161 5741 5156
f 5752 5742 5741
f 5741 5742 5739
f 5742 5749 5744
f 5752 5753 5742
f 5753 5749 5742
f 5753 5754 5749
f 5743 5745 5705
f 5744 5745 5743
f 5744 5747 5745
f 5745 5746 5706
f 5747 5746 5745
f 5747 5748 5746
f 5749 5747 5744
f 5749 5751 5747
f 5754 5751 5749
f 5754 5755 5751
f 5751 5748 5747
f 5751 5750 5748
f 5755 5750 5751
f 5755 5865 5750
f 5752 5741 5161
f 5748 5756 5746
f 5757 5758 5756
f 5757 5756 5748
f 5759 5762 5758
f 5757 5759 5758
f 5761 5765 5759
f 5750 5757 5748
f 5750 5760 5757
f 5760 5759 5757
f 5865 5760 5750
f 5865 5881 5760
f 5760 5881 5761
f 5760 5761 5759
f 5881 5882 5761
f 5882 5768 5761
f 5765 5763 5762
f 5759 5765 5762
f 5765 5766 5763
f 5766 5764 5763
f 5766 5767 5764
f 5768 5766 5765
f 5769 5767 5766
f 5761 5768 5765
f 5768 5769 5766
f 5882 5883 5768
f 5883 5769 5768
f 5883 5884 5769
f 5769 5770 5767
f 5884 5770 5769
f 5718 5771 5716
f 5772 5773 5771
f 5718 5772 5771
f 5721 5772 5718
f 5775 5774 5772
f 5774 5777 5773
f 5772 5774 5773
f 5776 5778 5774
f 5775 5772 5721
f 5729 5775 5721
f 5788 5775 5729
f 5775 5788 5776
f 5775 5776 5774
f 5788 5789 5776
f 5789 5783 5776
f 5778 5779 5777
f 5774 5778 5777
f 5778 5781 5779
f 5783 5781 5778
f 5781 5780 5779
f 5785 5782 5781
f 5781 5782 5780
f 5776 5783 5778
f 5783 5785 5781
f 5789 5784 5783
f 5784 5785 5783
f 5784 5787 5785
f 5785 5786 5782
f 5787 5786 5785
f 5787 5790 5786
f 5733 5788 5729
f 5791 5789 5788
f 5791 5788 5733
f 5736 5791 5733
f 5793 5792 5791
f 5791 5792 5789
f 5792 5784 5789
f 5795 5797 5792
f 5793 5791 5736
f 5764 5793 5736
f 5764 5794 5793
f 5794 5795 5793
f 5793 5795 5792
f 5794 5796 5795
f 5796 5800 5795
f 5792 5797 5784
f 5797 5787 5784
f 5797 5798 5787
f 5800 5798 5797
f 5798 5790 5787
f 5798 5799 5790
f 5798 5802 5799
f 5800 5797 5795
f 5800 5802 5798
f 5801 5802 5800
f 5796 5801 5800
f 5801 5804 5802
f 5802 5803 5799
f 5804 5803 5802
f 5804 5805 5803
f 5782 5806 5780
f 5782 5807 5806
f 5786 5807 5782
f 5807 5808 5806
f 5809 5812 5808
f 5807 5809 5808
f 5810 5809 5807
f 5811 5813 5809
f 5810 5807 5786
f 5790 5810 5786
f 5790 5821 5810
f 5810 5811 5809
f 5821 5811 5810
f 5822 5818 5811
f 5813 5814 5812
f 5813 5816 5814
f 5809 5813 5812
f 5818 5816 5813
f 5816 5815 5814
f 5816 5817 5815
f 5819 5817 5816
f 5811 5818 5813
f 5818 5819 5816
f 5823 5819 5818
f 5824 5820 5819
f 5819 5820 5817
f 5821 5822 5811
f 5822 5823 5818
f 5823 5824 5819
f 5824 5825 5820
f 5799 5821 5790
f 5826 5821 5799
f 5803 5826 5799
f 5826 5822 5821
f 5826 5827 5822
f 5827 5823 5822
f 5828 5827 5826
f 5830 5832 5827
f 5828 5830 5827
f 5828 5826 5803
f 5805 5828 5803
f 5805 5829 5828
f 5829 5830 5828
f 5831 5835 5830
f 5829 5831 5830
f 5832 5823 5827
f 5832 5824 5823
f 5832 5834 5824
f 5830 5835 5832
f 5835 5834 5832
f 5835 5836 5834
f 5834 5825 5824
f 5834 5833 5825
f 5836 5833 5834
f 5836 5837 5833
f 5838 5836 5835
f 5831 5838 5835
f 5838 5839 5836
f 5839 5837 5836
f 5839 5840 5837
f 5855 5839 5838
f 5857 5840 5839
f 5767 5794 5764
f 5841 5796 5794
f 5842 5801 5796
f 5841 5794 5767
f 5770 5841 5767
f 5841 5843 5842
f 5841 5842 5796
f 5844 5845 5842
f 5843 5841 5770
f 5885 5843 5770
f 5913 5844 5843
f 5843 5844 5842
f 5914 5848 5844
f 5845 5804 5801
f 5842 5845 5801
f 5845 5847 5804
f 5848 5847 5845
f 5844 5848 5845
f 5848 5849 5847
f 5847 5805 5804
f 5847 5846 5805
f 5849 5846 5847
f 5849 5850 5846
f 5915 5849 5848
f 5916 5850 5849
f 5846 5829 5805
f 5851 5829 5846
f 5850 5851 5846
f 5850 5853 5851
f 5851 5831 5829
f 5851 5852 5831
f 5852 5838 5831
f 5853 5852 5851
f 5853 5854 5852
f 5854 5855 5852
f 5852 5855 5838
f 5855 5857 5839
f 5854 5856 5855
f 5856 5857 5855
f 5856 5859 5857
f 5857 5858 5840
f 5859 5858 5857
f 5859 5940 5858
f 5228 5752 5161
f 5860 5753 5752
f 5860 5752 5228
f 5231 5860 5228
f 5862 5861 5860
f 5860 5861 5753
f 5861 5754 5753
f 5861 5864 5754
f 5861 5863 5864
f 5862 5860 5231
f 5862 5863 5861
f 5863 5869 5864
f 5238 5862 5231
f 5871 5862 5238
f 5871 5863 5862
f 5871 5872 5863
f 5872 5869 5863
f 5872 5875 5869
f 5864 5755 5754
f 5864 5866 5755
f 5869 5866 5864
f 5866 5865 5755
f 5866 5867 5865
f 5870 5867 5866
f 5869 5870 5866
f 5870 5868 5867
f 5869 5875 5870
f 5875 5876 5870
f 5876 5868 5870
f 5241 5871 5238
f 5873 5871 5241
f 5873 5872 5871
f 5873 5874 5872
f 5872 5874 5875
f 5874 5878 5875
f 5582 5873 5241
f 5981 5874 5873
f 5981 5873 5582
f 5982 5878 5874
f 5981 5982 5874
f 5987 5878 5982
f 5878 5876 5875
f 5878 5879 5876
f 5876 5877 5868
f 5879 5877 5876
f 5879 5880 5877
f 5987 5879 5878
f 5987 5906 5879
f 5906 5880 5879
f 5906 5907 5880
f 5884 5885 5770
f 5867 5881 5865
f 5886 5882 5881
f 5886 5881 5867
f 5868 5886 5867
f 5887 5883 5882
f 5886 5887 5882
f 5868 5888 5886
f 5888 5887 5886
f 5888 5889 5887
f 5889 5890 5887
f 5877 5888 5868
f 5896 5889 5888
f 5897 5893 5889
f 5890 5884 5883
f 5890 5883 5887
f 5890 5891 5884
f 5891 5885 5884
f 5891 5892 5885
f 5889 5893 5890
f 5893 5891 5890
f 5893 5894 5891
f 5894 5892 5891
f 5894 5895 5892
f 5894 5901 5895
f 5900 5894 5893
f 5896 5888 5877
f 5880 5896 5877
f 5898 5897 5896
f 5898 5896 5880
f 5896 5897 5889
f 5899 5900 5897
f 5898 5899 5897
f 5907 5898 5880
f 5908 5899 5898
f 5907 5908 5898
f 5909 5903 5899
f 5908 5909 5899
f 5897 5900 5893
f 5900 5901 5894
f 5903 5901 5900
f 5903 5904 5901
f 5899 5903 5900
f 5901 5902 5895
f 5901 5904 5902
f 5904 5905 5902
f 5910 5904 5903
f 5909 5910 5903
f 5910 5911 5904
f 5911 5905 5904
f 5911 5912 5905
f 6005 5910 5909
f 6008 5911 5910
f 6009 5912 5911
f 5825 6819 5820
f 5833 6819 5825
f 5837 6819 5833
f 5840 6819 5837
f 5858 6819 5840
f 5940 6819 5858
f 5942 6819 5940
f 5951 6819 5942
f 5953 6819 5951
f 5885 5913 5843
f 5892 5913 5885
f 5918 5914 5913
f 5913 5914 5844
f 5919 5915 5914
f 5914 5915 5848
f 5915 5916 5849
f 5922 5916 5915
f 5916 5917 5850
f 5923 5917 5916
f 5918 5913 5892
f 5918 5919 5914
f 5895 5918 5892
f 5920 5919 5918
f 5895 5920 5918
f 5902 5920 5895
f 5928 5921 5920
f 5921 5922 5919
f 5920 5921 5919
f 5929 5924 5921
f 5919 5922 5915
f 5922 5923 5916
f 5923 5925 5917
f 5922 5924 5923
f 5921 5924 5922
f 5924 5926 5923
f 5932 5926 5924
f 5926 5925 5923
f 5926 5927 5925
f 5933 5927 5926
f 5928 5920 5902
f 5905 5928 5902
f 5930 5928 5905
f 5930 5929 5928
f 5928 5929 5921
f 5930 5931 5929
f 5931 5932 5929
f 5912 5930 5905
f 5964 5930 5912
f 5964 5931 5930
f 5964 5965 5931
f 5965 5935 5931
f 5929 5932 5924
f 5932 5933 5926
f 5933 5934 5927
f 5931 5935 5932
f 5935 5933 5932
f 5935 5936 5933
f 5936 5934 5933
f 5965 5966 5935
f 5966 5936 5935
f 5966 5967 5936
f 5936 5937 5934
f 5936 5967 5937
f 5967 5968 5937
f 5917 5853 5850
f 5917 5938 5853
f 5925 5938 5917
f 5944 5938 5925
f 5938 5854 5853
f 5938 5939 5854
f 5854 5939 5856
f 5944 5939 5938
f 5944 5946 5939
f 5946 5941 5939
f 5939 5941 5856
f 5941 5859 5856
f 5941 5943 5859
f 5946 5948 5941
f 5948 5943 5941
f 5948 5950 5943
f 5943 5940 5859
f 5943 5942 5940
f 5950 5942 5943
f 5950 5951 5942
f 5927 5944 5925
f 5927 5945 5944
f 5927 5934 5945
f 5945 5946 5944
f 5947 5948 5946
f 5945 5947 5946
f 5949 5950 5948
f 5949 5948 5947
f 5949 5952 5950
f 5950 5952 5951
f 5952 5953 5951
f 5934 5954 5945
f 5954 5947 5945
f 5954 5955 5947
f 5955 5949 5947
f 5937 5954 5934
f 5954 5956 5955
f 5957 5958 5955
f 5956 5954 5937
f 5968 5956 5937
f 5968 5971 5956
f 5956 5957 5955
f 5971 5957 5956
f 5972 5961 5957
f 5971 5972 5957
f 5955 5958 5949
f 5958 5952 5949
f 5958 5959 5952
f 5959 5953 5952
f 5959 5960 5953
f 5961 5959 5958
f 5962 5960 5959
f 5961 5958 5957
f 5961 5962 5959
f 5975 5962 5961
f 5972 5975 5961
f 5975 5976 5962
f 5962 5963 5960
f 5976 5963 5962
f 5976 5977 5963
f 5960 6819 5953
f 5963 6819 5960
f 5977 6819 5963
f 6010 5964 5912
f 6024 5965 5964
f 6024 5964 6010
f 6025 5966 5965
f 6024 6025 5965
f 6028 5967 5966
f 6028 5966 6025
f 6028 5969 5967
f 5969 5968 5967
f 5969 5970 5968
f 5980 6819 5977
f 5970 5971 5968
f 5973 5971 5970
f 5973 5972 5971
f 5974 5975 5972
f 5973 5974 5972
f 6043 5978 5974
f 5978 5976 5975
f 5978 5975 5974
f 5978 5979 5976
f 5976 5979 5977
f 5979 5980 5977
f 6044 5979 5978
f 6045 5980 5979
f 6046 6819 5980
f 6053 6819 6046
f 6056 6819 6053
f 5644 5981 5582
f 5983 5982 5981
f 5983 5981 5644
f 5984 5987 5982
f 5983 5984 5982
f 5984 5988 5987
f 5647 5983 5644
f 5985 5984 5983
f 5985 5983 5647
f 5984 5986 5988
f 5985 5986 5984
f 5986 5991 5988
f 5988 5906 5987
f 5989 5906 5988
f 5989 5907 5906
f 5989 5990 5907
f 5991 5989 5988
f 5991 5992 5989
f 5992 5990 5989
f 5992 5993 5990
f 5654 5985 5647
f 5994 5986 5985
f 5994 5985 5654
f 5994 5995 5986
f 5995 5991 5986
f 5995 5998 5991
f 5657 5994 5654
f 5996 5994 5657
f 5996 5995 5994
f 5996 5997 5995
f 5997 5998 5995
f 6001 5998 5997
f 5998 5992 5991
f 5998 5999 5992
f 5999 5993 5992
f 5999 6000 5993
f 6001 5999 5998
f 6001 6002 5999
f 6002 6000 5999
f 6002 6003 6000
f 5990 5908 5907
f 6004 5909 5908
f 6004 5908 5990
f 6005 5909 6004
f 5993 6004 5990
f 6006 6005 6004
f 5993 6006 6004
f 6007 6008 6005
f 6006 6007 6005
f 6008 5910 6005
f 6009 5911 6008
f 6009 6010 5912
f 6011 6009 6008
f 6007 6011 6008
f 6011 6012 6009
f 6012 6010 6009
f 6012 6013 6010
f 6000 6006 5993
f 6014 6006 6000
f 6014 6007 6006
f 6014 6015 6007
f 6015 6011 6007
f 6003 6014 6000
f 6016 6014 6003
f 6016 6015 6014
f 6016 6017 6015
f 6017 6018 6015
f 6015 6018 6011
f 6018 6012 6011
f 6018 6019 6012
f 6012 6019 6013
f 6019 6020 6013
f 6021 6018 6017
f 6021 6019 6018
f 6021 6022 6019
f 6022 6020 6019
f 6022 6023 6020
f 6013 6024 6010
f 6026 6025 6024
f 6026 6024 6013
f 6027 6028 6025
f 6026 6027 6025
f 6029 5969 6028
f 6029 6028 6027
f 6029 6030 5969
f 6030 5970 5969
f 6030 6031 5970
f 6020 6026 6013
f 6032 6026 6020
f 6032 6027 6026
f 6033 6029 6027
f 6032 6033 6027
f 6023 6032 6020
f 6034 6032 6023
f 6034 6033 6032
f 6034 6035 6033
f 6035 6036 6033
f 6036 6030 6029
f 6033 6036 6029
f 6036 6037 6030
f 6037 6031 6030
f 6037 6038 6031
f 6039 6036 6035
f 6039 6037 6036
f 6039 6040 6037
f 6040 6038 6037
f 6040 6041 6038
f 6031 5973 5970
f 6042 5973 6031
f 6042 5974 5973
f 6043 5974 6042
f 6044 5978 6043
f 6045 5979 6044
f 6045 6046 5980
f 6038 6042 6031
f 6038 6047 6042
f 6047 6043 6042
f 6048 6044 6043
f 6047 6048 6043
f 6041 6047 6038
f 6049 6047 6041
f 6049 6048 6047
f 6049 6050 6048
f 6048 6050 6051
f 6051 6045 6044
f 6048 6051 6044
f 6051 6052 6045
f 6052 6046 6045
f 6052 6053 6046
f 6050 6054 6051
f 6054 6052 6051
f 6054 6055 6052
f 6055 6053 6052
f 6055 6056 6053
f 6058 6057 4284
f 6061 6058 4285
f 6057 6059 2559
f 6058 6060 6057
f 6060 6059 6057
f 6064 6060 6058
f 6061 6064 6058
f 6062 6061 4289
f 6063 6062 4290
f 6077 6063 4291
f 6065 6064 6061
f 6062 6065 6061
f 6063 6066 6062
f 6066 6065 6062
f 6079 6066 6063
f 6059 6067 2561
f 6060 6068 6059
f 6068 6067 6059
f 6071 6068 6060
f 6064 6071 6060
f 6067 6069 2569
f 6068 6070 6067
f 6070 6069 6067
f 6074 6070 6068
f 6071 6074 6068
f 6072 6071 6064
f 6065 6072 6064
f 6066 6073 6065
f 6073 6072 6065
f 6087 6073 6066
f 6075 6074 6071
f 6072 6075 6071
f 6073 6076 6072
f 6076 6075 6072
f 6089 6076 6073
f 6078 6077 4304
f 6081 6078 4305
f 6077 6079 6063
f 6078 6080 6077
f 6080 6079 6077
f 6081 6084 6078
f 6084 6080 6078
f 6082 6081 4309
f 6083 6082 4310
f 6137 6083 4311
f 6085 6084 6081
f 6082 6085 6081
f 6086 6085 6082
f 6083 6086 6082
f 6139 6086 6083
f 6079 6087 6066
f 6080 6088 6079
f 6088 6087 6079
f 6084 6091 6080
f 6091 6088 6080
f 6087 6089 6073
f 6088 6090 6087
f 6090 6089 6087
f 6091 6094 6088
f 6094 6090 6088
f 6092 6091 6084
f 6085 6092 6084
f 6086 6093 6085
f 6093 6092 6085
f 6147 6093 6086
f 6095 6094 6091
f 6092 6095 6091
f 6093 6096 6092
f 6096 6095 6092
f 6149 6096 6093
f 6069 6097 2571
f 6070 6098 6069
f 6098 6097 6069
f 6074 6101 6070
f 6101 6098 6070
f 6097 6099 2592
f 6098 6100 6097
f 6100 6099 6097
f 6101 6104 6098
f 6104 6100 6098
f 6075 6102 6074
f 6102 6101 6074
f 6076 6103 6075
f 6117 6103 6076
f 6103 6102 6075
f 6102 6105 6101
f 6105 6104 6101
f 6103 6106 6102
f 6119 6106 6103
f 6106 6105 6102
f 6099 6107 2594
f 6100 6108 6099
f 6108 6107 6099
f 6104 6111 6100
f 6111 6108 6100
f 6107 6109 2604
f 6108 6110 6107
f 6110 6109 6107
f 6114 6110 6108
f 6111 6114 6108
f 6105 6112 6104
f 6112 6111 6104
f 6106 6113 6105
f 6113 6112 6105
f 6127 6113 6106
f 6112 6115 6111
f 6115 6114 6111
f 6115 6229 6114
f 6113 6116 6112
f 6116 6115 6112
f 6129 6116 6113
f 6116 6231 6115
f 6089 6117 6076
f 6090 6118 6089
f 6118 6117 6089
f 6094 6121 6090
f 6121 6118 6090
f 6117 6119 6103
f 6118 6120 6117
f 6120 6119 6117
f 6121 6124 6118
f 6124 6120 6118
f 6122 6121 6094
f 6095 6122 6094
f 6096 6123 6095
f 6123 6122 6095
f 6177 6123 6096
f 6122 6125 6121
f 6125 6124 6121
f 6123 6126 6122
f 6126 6125 6122
f 6179 6126 6123
f 6119 6127 6106
f 6120 6128 6119
f 6128 6127 6119
f 6124 6131 6120
f 6131 6128 6120
f 6131 6135 6128
f 6127 6129 6113
f 6128 6130 6127
f 6130 6129 6127
f 6135 6130 6128
f 6132 6131 6124
f 6125 6132 6124
f 6132 6134 6131
f 6126 6133 6125
f 6133 6132 6125
f 6187 6133 6126
f 6133 6136 6132
f 6134 6135 6131
f 6136 6134 6132
f 6129 6239 6116
f 6130 6240 6129
f 6135 6245 6130
f 6134 6246 6135
f 6191 6136 6133
f 6136 6247 6134
f 6247 6246 6134
f 6309 6247 6136
f 6138 6137 4374
f 6141 6138 4375
f 6137 6139 6083
f 6140 6139 6137
f 6138 6140 6137
f 6141 6144 6138
f 6144 6140 6138
f 6142 6141 4379
f 6143 6142 4380
f 6145 6144 6141
f 6142 6145 6141
f 6143 6146 6142
f 6146 6145 6142
f 6139 6147 6086
f 6148 6147 6139
f 6140 6148 6139
f 6144 6151 6140
f 6151 6148 6140
f 6147 6149 6093
f 6150 6149 6147
f 6148 6150 6147
f 6151 6154 6148
f 6154 6150 6148
f 6152 6151 6144
f 6145 6152 6144
f 6146 6153 6145
f 6153 6152 6145
f 6155 6154 6151
f 6152 6155 6151
f 6153 6156 6152
f 6156 6155 6152
f 6157 6143 4381
f 6158 6157 4394
f 4399 6161 4395
f 6161 6158 4395
f 6157 6159 6143
f 6159 6146 6143
f 6160 6159 6157
f 6158 6160 6157
f 6161 6164 6158
f 6164 6160 6158
f 6162 6161 4399
f 4400 6162 4399
f 6163 6162 4400
f 4401 6163 4400
f 6165 6164 6161
f 6162 6165 6161
f 6166 6165 6162
f 6163 6166 6162
f 6159 6167 6146
f 6167 6153 6146
f 6168 6167 6159
f 6160 6168 6159
f 6164 6171 6160
f 6171 6168 6160
f 6167 6169 6153
f 6169 6156 6153
f 6170 6169 6167
f 6168 6170 6167
f 6171 6174 6168
f 6174 6170 6168
f 6170 6200 6169
f 6174 6203 6170
f 6172 6171 6164
f 6165 6172 6164
f 6173 6172 6165
f 6166 6173 6165
f 6172 6175 6171
f 6173 6176 6172
f 6175 6174 6171
f 6175 6204 6174
f 6176 6175 6172
f 6176 6205 6175
f 6149 6177 6096
f 6178 6177 6149
f 6150 6178 6149
f 6154 6181 6150
f 6181 6178 6150
f 6177 6179 6123
f 6180 6179 6177
f 6179 6187 6126
f 6178 6180 6177
f 6181 6184 6178
f 6184 6180 6178
f 6180 6188 6179
f 6184 6189 6180
f 6155 6182 6154
f 6182 6181 6154
f 6182 6185 6181
f 6156 6183 6155
f 6183 6182 6155
f 6183 6186 6182
f 6185 6184 6181
f 6185 6190 6184
f 6186 6185 6182
f 6186 6193 6185
f 6188 6187 6179
f 6187 6191 6133
f 6189 6188 6180
f 6188 6192 6187
f 6190 6189 6184
f 6193 6190 6185
f 6189 6194 6188
f 6192 6191 6187
f 6191 6309 6136
f 6310 6309 6191
f 6194 6192 6188
f 6192 6310 6191
f 6194 6313 6192
f 6313 6310 6192
f 6190 6195 6189
f 6193 6196 6190
f 6196 6195 6190
f 6195 6194 6189
f 6195 6197 6194
f 6197 6313 6194
f 6196 6198 6195
f 6198 6197 6195
f 6169 6199 6156
f 6199 6183 6156
f 6200 6199 6169
f 6199 6201 6183
f 6203 6200 6170
f 6200 6202 6199
f 6203 6206 6200
f 6201 6186 6183
f 6202 6201 6199
f 6201 6209 6186
f 6206 6202 6200
f 6202 6210 6201
f 6206 6215 6202
f 6204 6203 6174
f 6204 6207 6203
f 6205 6204 6175
f 6205 6208 6204
f 6207 6206 6203
f 6207 6216 6206
f 6208 6207 6204
f 6217 6216 6207
f 6208 6217 6207
f 6209 6193 6186
f 6210 6209 6201
f 6209 6211 6193
f 6211 6196 6193
f 6212 6211 6209
f 6215 6210 6202
f 6210 6212 6209
f 6215 6219 6210
f 6219 6212 6210
f 6211 6213 6196
f 6213 6198 6196
f 6212 6214 6211
f 6219 6221 6212
f 6214 6213 6211
f 6221 6214 6212
f 6221 6319 6214
f 6216 6215 6206
f 6216 6220 6215
f 6220 6219 6215
f 6217 6218 6216
f 6218 6220 6216
f 6220 6222 6219
f 6222 6221 6219
f 6222 6356 6221
f 6223 6222 6220
f 6223 6220 6218
f 6223 6359 6222
f 6109 6224 2606
f 6110 6225 6109
f 6225 6224 6109
f 6230 6225 6110
f 6114 6230 6110
f 6224 6226 2744
f 6225 6227 6224
f 6230 6232 6225
f 6227 6226 6224
f 6226 6238 2746
f 6227 6228 6226
f 6232 6227 6225
f 6228 6238 6226
f 6232 6235 6227
f 6235 6228 6227
f 6229 6230 6114
f 6233 6230 6229
f 6233 6232 6230
f 6231 6229 6115
f 6239 6231 6116
f 6231 6234 6229
f 6234 6233 6229
f 6242 6234 6231
f 6233 6236 6232
f 6236 6235 6232
f 6236 6260 6235
f 6234 6237 6233
f 6243 6237 6234
f 6237 6236 6233
f 6237 6262 6236
f 6238 6253 2755
f 6255 6238 6228
f 6255 6253 6238
f 6259 6255 6228
f 6235 6259 6228
f 6240 6239 6129
f 6239 6242 6231
f 6240 6241 6239
f 6241 6242 6239
f 6245 6240 6130
f 6245 6248 6240
f 6248 6241 6240
f 6242 6243 6234
f 6244 6242 6241
f 6244 6243 6242
f 6243 6286 6237
f 6248 6252 6241
f 6252 6244 6241
f 6246 6245 6135
f 6246 6249 6245
f 6247 6250 6246
f 6249 6248 6245
f 6250 6249 6246
f 6311 6250 6247
f 6249 6251 6248
f 6251 6252 6248
f 6250 6284 6249
f 6284 6251 6249
f 6320 6284 6250
f 6253 6254 2769
f 6255 6256 6253
f 6256 6254 6253
f 6259 6261 6255
f 6261 6256 6255
f 6261 6266 6256
f 6254 6257 2771
f 6256 6258 6254
f 6258 6257 6254
f 6257 6268 2773
f 6258 6269 6257
f 6266 6258 6256
f 6266 6273 6258
f 6260 6259 6235
f 6260 6263 6259
f 6263 6261 6259
f 6262 6260 6236
f 6286 6262 6237
f 6262 6264 6260
f 6288 6264 6262
f 6264 6263 6260
f 6263 6267 6261
f 6264 6265 6263
f 6265 6267 6263
f 6289 6265 6264
f 6267 6266 6261
f 6269 6268 6257
f 6268 6270 2777
f 6269 6271 6268
f 6271 6270 6268
f 6273 6269 6258
f 6276 6271 6269
f 6273 6276 6269
f 6270 6308 2778
f 6271 6272 6270
f 6272 6308 6270
f 6276 6278 6271
f 6278 6272 6271
f 6274 6273 6266
f 6267 6274 6266
f 6274 6277 6273
f 6277 6276 6273
f 6275 6267 6265
f 6275 6274 6267
f 6295 6275 6265
f 6275 6280 6274
f 6277 6279 6276
f 6279 6278 6276
f 6280 6277 6274
f 6297 6280 6275
f 6281 6279 6277
f 6280 6281 6277
f 6383 6281 6280
f 6287 6286 6243
f 6244 6287 6243
f 6252 6282 6244
f 6282 6287 6244
f 6283 6282 6252
f 6283 6252 6251
f 6284 6285 6251
f 6285 6283 6251
f 6285 6294 6283
f 6321 6285 6284
f 6286 6288 6262
f 6287 6290 6286
f 6290 6288 6286
f 6292 6287 6282
f 6288 6289 6264
f 6290 6291 6288
f 6291 6289 6288
f 6292 6290 6287
f 6292 6299 6290
f 6299 6291 6290
f 6283 6293 6282
f 6293 6292 6282
f 6293 6300 6292
f 6300 6299 6292
f 6294 6293 6283
f 6332 6294 6285
f 6294 6302 6293
f 6335 6302 6294
f 6302 6300 6293
f 6291 6296 6289
f 6304 6296 6291
f 6299 6304 6291
f 6289 6295 6265
f 6296 6295 6289
f 6295 6297 6275
f 6296 6298 6295
f 6304 6305 6296
f 6298 6297 6295
f 6298 6385 6297
f 6297 6383 6280
f 6385 6383 6297
f 6305 6298 6296
f 6305 6388 6298
f 6388 6385 6298
f 6300 6301 6299
f 6301 6304 6299
f 6302 6303 6300
f 6303 6301 6300
f 6336 6303 6302
f 6303 6307 6301
f 6306 6304 6301
f 6306 6305 6304
f 6387 6388 6305
f 6306 6387 6305
f 6307 6306 6301
f 6339 6307 6303
f 6307 6391 6306
f 6391 6387 6306
f 6497 6391 6307
f 6309 6311 6247
f 6312 6311 6309
f 6311 6320 6250
f 6310 6312 6309
f 6313 6314 6310
f 6314 6312 6310
f 6312 6322 6311
f 6314 6324 6312
f 6322 6320 6311
f 6324 6322 6312
f 6315 6314 6313
f 6315 6313 6197
f 6315 6325 6314
f 6198 6316 6197
f 6316 6315 6197
f 6316 6328 6315
f 6213 6317 6198
f 6317 6316 6198
f 6318 6317 6213
f 6317 6350 6316
f 6214 6318 6213
f 6319 6318 6214
f 6356 6319 6221
f 6359 6356 6222
f 6320 6321 6284
f 6323 6321 6320
f 6322 6323 6320
f 6324 6326 6322
f 6326 6323 6322
f 6321 6332 6285
f 6323 6333 6321
f 6326 6334 6323
f 6334 6333 6323
f 6325 6324 6314
f 6328 6325 6315
f 6327 6326 6324
f 6325 6327 6324
f 6328 6330 6325
f 6330 6327 6325
f 6329 6334 6326
f 6327 6329 6326
f 6330 6331 6327
f 6331 6329 6327
f 6333 6332 6321
f 6332 6335 6294
f 6337 6335 6332
f 6333 6337 6332
f 6334 6341 6333
f 6342 6334 6329
f 6331 6345 6329
f 6335 6336 6302
f 6338 6336 6335
f 6341 6337 6333
f 6341 6343 6337
f 6337 6338 6335
f 6343 6338 6337
f 6336 6339 6303
f 6340 6339 6336
f 6338 6340 6336
f 6343 6346 6338
f 6346 6340 6338
f 6339 6497 6307
f 6499 6497 6339
f 6340 6499 6339
f 6502 6499 6340
f 6346 6502 6340
f 6342 6341 6334
f 6342 6344 6341
f 6344 6343 6341
f 6345 6342 6329
f 6345 6348 6342
f 6348 6344 6342
f 6347 6346 6343
f 6344 6347 6343
f 6348 6349 6344
f 6349 6347 6344
f 6349 6506 6347
f 6503 6502 6346
f 6347 6503 6346
f 6350 6328 6316
f 6351 6350 6317
f 6318 6351 6317
f 6319 6357 6318
f 6357 6351 6318
f 6350 6352 6328
f 6352 6330 6328
f 6354 6352 6350
f 6351 6354 6350
f 6361 6354 6351
f 6357 6361 6351
f 6352 6353 6330
f 6353 6331 6330
f 6353 6369 6331
f 6355 6353 6352
f 6354 6355 6352
f 6361 6363 6354
f 6363 6355 6354
f 6356 6358 6319
f 6358 6357 6319
f 6358 6362 6357
f 6359 6360 6356
f 6360 6358 6356
f 6360 6365 6358
f 6362 6361 6357
f 6362 6364 6361
f 6364 6363 6361
f 6365 6362 6358
f 6366 6364 6362
f 6365 6366 6362
f 6355 6370 6353
f 6363 6375 6355
f 6375 6370 6355
f 6367 6375 6363
f 6364 6367 6363
f 6368 6367 6364
f 6366 6368 6364
f 6369 6345 6331
f 6370 6369 6353
f 6369 6371 6345
f 6371 6348 6345
f 6373 6371 6369
f 6370 6373 6369
f 6375 6376 6370
f 6376 6373 6370
f 6371 6372 6348
f 6372 6349 6348
f 6374 6372 6371
f 6372 6511 6349
f 6373 6374 6371
f 6378 6374 6373
f 6376 6378 6373
f 6374 6513 6372
f 6378 6517 6374
f 6377 6376 6375
f 6377 6375 6367
f 6380 6377 6367
f 6368 6380 6367
f 6377 6379 6376
f 6379 6378 6376
f 6379 6518 6378
f 6380 6381 6377
f 6381 6379 6377
f 6381 6521 6379
f 6278 6399 6272
f 6279 6400 6278
f 6281 6382 6279
f 6382 6400 6279
f 6384 6382 6281
f 6383 6384 6281
f 6385 6386 6383
f 6386 6384 6383
f 6386 6424 6384
f 6388 6389 6385
f 6389 6386 6385
f 6389 6426 6386
f 6390 6389 6388
f 6387 6390 6388
f 6390 6427 6389
f 6391 6392 6387
f 6392 6390 6387
f 6392 6430 6390
f 6498 6392 6391
f 6427 6426 6389
f 6430 6427 6390
f 6526 6430 6392
f 6308 6393 2806
f 6394 6308 6272
f 6394 6393 6308
f 6393 6395 2962
f 6397 6395 6393
f 6394 6397 6393
f 6399 6394 6272
f 6401 6397 6394
f 6399 6401 6394
f 6397 6398 6395
f 6395 6396 2965
f 6398 6396 6395
f 6401 6403 6397
f 6403 6398 6397
f 6400 6399 6278
f 6400 6402 6399
f 6405 6400 6382
f 6402 6401 6399
f 6402 6404 6401
f 6404 6403 6401
f 6405 6402 6400
f 6405 6406 6402
f 6422 6405 6382
f 6406 6404 6402
f 6423 6406 6405
f 6396 6407 2966
f 6398 6408 6396
f 6408 6407 6396
f 6407 6409 2977
f 6408 6411 6407
f 6413 6408 6398
f 6403 6413 6398
f 6413 6416 6408
f 6411 6409 6407
f 6416 6411 6408
f 6409 6410 2980
f 6411 6412 6409
f 6412 6410 6409
f 6410 6447 2981
f 6412 6448 6410
f 6416 6418 6411
f 6418 6412 6411
f 6418 6451 6412
f 6414 6413 6403
f 6404 6414 6403
f 6414 6417 6413
f 6406 6415 6404
f 6415 6414 6404
f 6432 6415 6406
f 6415 6420 6414
f 6420 6417 6414
f 6434 6420 6415
f 6417 6416 6413
f 6417 6419 6416
f 6419 6418 6416
f 6419 6452 6418
f 6420 6421 6417
f 6421 6419 6417
f 6435 6421 6420
f 6421 6453 6419
f 6384 6422 6382
f 6422 6423 6405
f 6424 6422 6384
f 6424 6425 6422
f 6425 6423 6422
f 6426 6424 6386
f 6426 6428 6424
f 6428 6425 6424
f 6427 6429 6426
f 6429 6428 6426
f 6430 6431 6427
f 6431 6429 6427
f 6527 6431 6430
f 6423 6432 6406
f 6425 6433 6423
f 6433 6432 6423
f 6432 6434 6415
f 6433 6436 6432
f 6436 6434 6432
f 6428 6438 6425
f 6438 6433 6425
f 6438 6441 6433
f 6441 6436 6433
f 6434 6435 6420
f 6436 6437 6434
f 6437 6435 6434
f 6435 6472 6421
f 6437 6473 6435
f 6441 6443 6436
f 6443 6437 6436
f 6443 6474 6437
f 6439 6438 6428
f 6429 6439 6428
f 6442 6441 6438
f 6439 6442 6438
f 6431 6440 6429
f 6440 6439 6429
f 6532 6440 6431
f 6440 6445 6439
f 6445 6442 6439
f 6534 6445 6440
f 6442 6444 6441
f 6444 6443 6441
f 6444 6475 6443
f 6445 6446 6442
f 6446 6444 6442
f 6535 6446 6445
f 6446 6476 6444
f 6448 6447 6410
f 6447 6449 3019
f 6448 6450 6447
f 6450 6449 6447
f 6451 6448 6412
f 6454 6450 6448
f 6451 6454 6448
f 6452 6451 6418
f 6455 6454 6451
f 6452 6455 6451
f 6453 6452 6419
f 6472 6453 6421
f 6453 6460 6452
f 6460 6455 6452
f 6477 6460 6453
f 6449 6456 3021
f 6450 6457 6449
f 6457 6456 6449
f 6454 6458 6450
f 6458 6457 6450
f 6455 6459 6454
f 6459 6458 6454
f 6460 6461 6455
f 6461 6459 6455
f 6478 6461 6460
f 6456 6462 3026
f 6457 6463 6456
f 6463 6462 6456
f 6462 6464 3037
f 6463 6465 6462
f 6465 6464 6462
f 6466 6463 6457
f 6458 6466 6457
f 6469 6465 6463
f 6466 6469 6463
f 6464 7803 3040
f 6465 7805 6464
f 7805 7803 6464
f 7809 7805 6465
f 6469 7809 6465
f 6467 6466 6458
f 6459 6467 6458
f 6467 6470 6466
f 6461 6468 6459
f 6468 6467 6459
f 6487 6468 6461
f 6468 6471 6467
f 6470 6469 6466
f 7812 7809 6469
f 6470 7812 6469
f 6471 6470 6467
f 6489 6471 6468
f 6471 7814 6470
f 7814 7812 6470
f 7834 7814 6471
f 6473 6472 6435
f 6472 6477 6453
f 6473 6479 6472
f 6479 6477 6472
f 6474 6473 6437
f 6474 6481 6473
f 6481 6479 6473
f 6475 6474 6443
f 6482 6481 6474
f 6475 6482 6474
f 6476 6475 6444
f 6567 6476 6446
f 6476 6485 6475
f 6485 6482 6475
f 6477 6478 6460
f 6479 6480 6477
f 6480 6478 6477
f 6481 6483 6479
f 6483 6480 6479
f 6572 6485 6476
f 6482 6484 6481
f 6484 6483 6481
f 6485 6486 6482
f 6486 6484 6482
f 6573 6486 6485
f 6478 6487 6461
f 6480 6488 6478
f 6488 6487 6478
f 6487 6489 6468
f 6488 6490 6487
f 6483 6491 6480
f 6491 6488 6480
f 6491 6494 6488
f 6490 6489 6487
f 6489 7834 6471
f 6490 7836 6489
f 7836 7834 6489
f 6494 6490 6488
f 6494 7841 6490
f 7841 7836 6490
f 6492 6491 6483
f 6484 6492 6483
f 6492 6495 6491
f 6486 6493 6484
f 6493 6492 6484
f 6582 6493 6486
f 6493 6496 6492
f 6495 6494 6491
f 7842 7841 6494
f 6495 7842 6494
f 6496 6495 6492
f 6584 6496 6493
f 6496 7844 6495
f 7844 7842 6495
f 7931 7844 6496
f 6497 6498 6391
f 6498 6526 6392
f 6500 6498 6497
f 6499 6500 6497
f 6502 6504 6499
f 6500 6501 6498
f 6504 6500 6499
f 6504 6508 6500
f 6501 6526 6498
f 6508 6501 6500
f 6503 6505 6502
f 6505 6504 6502
f 6505 6509 6504
f 6506 6503 6347
f 6506 6507 6503
f 6507 6505 6503
f 6507 6510 6505
f 6509 6508 6504
f 6510 6509 6505
f 6517 6513 6374
f 6511 6506 6349
f 6511 6512 6506
f 6513 6511 6372
f 6512 6507 6506
f 6514 6512 6511
f 6512 6515 6507
f 6513 6514 6511
f 6517 6519 6513
f 6519 6514 6513
f 6514 6516 6512
f 6519 6523 6514
f 6515 6510 6507
f 6516 6515 6512
f 6523 6516 6514
f 6518 6517 6378
f 6521 6518 6379
f 6518 6520 6517
f 6520 6519 6517
f 6520 6524 6519
f 6521 6522 6518
f 6522 6520 6518
f 6524 6523 6519
f 6525 6524 6520
f 6522 6525 6520
f 6526 6527 6430
f 6528 6527 6526
f 6528 6526 6501
f 6529 6528 6501
f 6508 6529 6501
f 6530 6529 6508
f 6509 6530 6508
f 6531 6530 6509
f 6510 6531 6509
f 6527 6532 6431
f 6533 6532 6527
f 6532 6534 6440
f 6536 6534 6532
f 6528 6533 6527
f 6529 6538 6528
f 6538 6533 6528
f 6533 6536 6532
f 6538 6541 6533
f 6541 6536 6533
f 6534 6535 6445
f 6537 6535 6534
f 6535 6567 6446
f 6536 6537 6534
f 6541 6543 6536
f 6543 6537 6536
f 6568 6535 6537
f 6543 6569 6537
f 6530 6539 6529
f 6539 6538 6529
f 6542 6541 6538
f 6539 6542 6538
f 6531 6540 6530
f 6540 6539 6530
f 6540 6545 6539
f 6545 6542 6539
f 6542 6544 6541
f 6544 6543 6541
f 6544 6570 6543
f 6545 6546 6542
f 6546 6544 6542
f 6546 6571 6544
f 6547 6531 6510
f 6515 6547 6510
f 6548 6547 6515
f 6516 6548 6515
f 6549 6548 6516
f 6523 6549 6516
f 6550 6549 6523
f 6524 6550 6523
f 6551 6550 6524
f 6525 6551 6524
f 6547 6552 6531
f 6552 6540 6531
f 6553 6552 6547
f 6552 6554 6540
f 6548 6553 6547
f 6549 6558 6548
f 6558 6553 6548
f 6553 6556 6552
f 6558 6561 6553
f 6554 6545 6540
f 6556 6554 6552
f 6561 6556 6553
f 6554 6555 6545
f 6557 6555 6554
f 6555 6546 6545
f 6555 6592 6546
f 6556 6557 6554
f 6563 6557 6556
f 6561 6563 6556
f 6557 6593 6555
f 6563 6598 6557
f 6550 6559 6549
f 6559 6558 6549
f 6559 6562 6558
f 6551 6560 6550
f 6560 6559 6550
f 6560 6565 6559
f 6562 6561 6558
f 6565 6562 6559
f 6562 6564 6561
f 6564 6563 6561
f 6564 6599 6563
f 6565 6566 6562
f 6566 6564 6562
f 6566 6600 6564
f 6568 6567 6535
f 6567 6572 6476
f 6569 6568 6537
f 6568 6574 6567
f 6569 6576 6568
f 6570 6569 6543
f 6570 6577 6569
f 6571 6570 6544
f 6574 6572 6567
f 6576 6574 6568
f 6572 6573 6485
f 6575 6573 6572
f 6574 6575 6572
f 6576 6578 6574
f 6578 6575 6574
f 6577 6576 6569
f 6571 6580 6570
f 6580 6577 6570
f 6577 6579 6576
f 6579 6578 6576
f 6580 6581 6577
f 6581 6579 6577
f 6573 6582 6486
f 6583 6582 6573
f 6582 6584 6493
f 6575 6583 6573
f 6578 6586 6575
f 6586 6583 6575
f 6583 6585 6582
f 6586 6589 6583
f 6585 6584 6582
f 6584 7931 6496
f 7933 7931 6584
f 6589 6585 6583
f 6585 7933 6584
f 6589 7938 6585
f 7938 7933 6585
f 6587 6586 6578
f 6579 6587 6578
f 6587 6590 6586
f 6581 6588 6579
f 6588 6587 6579
f 6588 6591 6587
f 6590 6589 6586
f 7939 7938 6589
f 6590 7939 6589
f 6591 6590 6587
f 6591 7941 6590
f 7941 7939 6590
f 6592 6571 6546
f 6593 6592 6555
f 6598 6593 6557
f 6599 6598 6563
f 6600 6599 6564
f 6592 6594 6571
f 6594 6580 6571
f 6596 6594 6592
f 6593 6596 6592
f 6598 6601 6593
f 6601 6596 6593
f 6594 6595 6580
f 6595 6581 6580
f 6597 6595 6594
f 6596 6597 6594
f 6601 6603 6596
f 6603 6597 6596
f 6602 6601 6598
f 6599 6602 6598
f 6605 6602 6599
f 6600 6605 6599
f 6602 6604 6601
f 6604 6603 6601
f 6605 6606 6602
f 6606 6604 6602
f 6595 6607 6581
f 6607 6588 6581
f 6608 6607 6595
f 6607 6609 6588
f 6597 6608 6595
f 6603 6611 6597
f 6611 6608 6597
f 6608 6610 6607
f 6611 6614 6608
f 6609 6591 6588
f 6610 6609 6607
f 6609 7960 6591
f 7960 7941 6591
f 7962 7960 6609
f 6614 6610 6608
f 6610 7962 6609
f 6614 7966 6610
f 7966 7962 6610
f 6612 6611 6603
f 6604 6612 6603
f 6612 6615 6611
f 6613 6612 6604
f 6606 6613 6604
f 6613 6616 6612
f 6615 6614 6611
f 7967 7966 6614
f 6615 7967 6614
f 6616 6615 6612
f 7970 7967 6615
f 6616 7970 6615
f 4844 6617 4401
f 6617 6163 4401
f 6618 6617 4844
f 4845 6618 4844
f 4849 6621 4845
f 6621 6618 4845
f 6617 6619 6163
f 6619 6166 6163
f 6620 6619 6617
f 6619 6627 6166
f 6618 6620 6617
f 6621 6624 6618
f 6624 6620 6618
f 6620 6628 6619
f 6624 6631 6620
f 6622 6621 4849
f 4850 6622 4849
f 6622 6625 6621
f 6623 6622 4850
f 4851 6623 4850
f 6623 6626 6622
f 6625 6624 6621
f 6625 6632 6624
f 6626 6625 6622
f 6626 6633 6625
f 6627 6173 6166
f 6628 6627 6619
f 6627 6629 6173
f 6631 6628 6620
f 6628 6630 6627
f 6631 6634 6628
f 6629 6176 6173
f 6630 6629 6627
f 6629 6657 6176
f 6634 6630 6628
f 6630 6658 6629
f 6634 6660 6630
f 6632 6631 6624
f 6632 6635 6631
f 6633 6632 6625
f 6633 6636 6632
f 6635 6634 6631
f 6635 6661 6634
f 6636 6635 6632
f 6636 6662 6635
f 4864 6637 4851
f 6637 6623 4851
f 6638 6637 4864
f 6637 6639 6623
f 4865 6638 4864
f 6641 6638 4865
f 6638 6640 6637
f 6639 6626 6623
f 6640 6639 6637
f 6639 6647 6626
f 6644 6640 6638
f 6640 6648 6639
f 4869 6641 4865
f 4870 6642 4869
f 6642 6641 4869
f 6641 6644 6638
f 6642 6645 6641
f 6643 6642 4870
f 4871 6643 4870
f 6643 6646 6642
f 6645 6644 6641
f 6644 6651 6640
f 6645 6652 6644
f 6646 6645 6642
f 6646 6653 6645
f 6647 6633 6626
f 6648 6647 6639
f 6647 6649 6633
f 6651 6648 6640
f 6648 6650 6647
f 6649 6636 6633
f 6650 6649 6647
f 6649 6682 6636
f 6654 6650 6648
f 6650 6683 6649
f 6652 6651 6644
f 6651 6654 6648
f 6652 6655 6651
f 6653 6652 6645
f 6653 6656 6652
f 6655 6654 6651
f 6654 6687 6650
f 6655 6688 6654
f 6656 6655 6652
f 6656 6689 6655
f 6657 6205 6176
f 6658 6657 6629
f 6657 6659 6205
f 6660 6658 6630
f 6658 6663 6657
f 6660 6664 6658
f 6659 6208 6205
f 6663 6659 6657
f 6664 6663 6658
f 6661 6660 6634
f 6661 6665 6660
f 6662 6661 6635
f 6662 6666 6661
f 6665 6664 6660
f 6659 6667 6208
f 6667 6217 6208
f 6669 6667 6659
f 6663 6669 6659
f 6664 6673 6663
f 6673 6669 6663
f 6674 6673 6664
f 6665 6674 6664
f 6666 6665 6661
f 6675 6674 6665
f 6666 6675 6665
f 6667 6668 6217
f 6668 6218 6217
f 6670 6668 6667
f 6669 6670 6667
f 6673 6676 6669
f 6676 6670 6669
f 6668 6671 6218
f 6671 6223 6218
f 6672 6671 6668
f 6671 6820 6223
f 6820 6359 6223
f 6822 6820 6671
f 6670 6672 6668
f 6676 6679 6670
f 6679 6672 6670
f 6672 6822 6671
f 6679 6826 6672
f 6674 6677 6673
f 6677 6676 6673
f 6675 6678 6674
f 6678 6677 6674
f 6678 6681 6677
f 6680 6679 6676
f 6677 6680 6676
f 6680 6705 6679
f 6681 6680 6677
f 6681 6706 6680
f 6682 6662 6636
f 6683 6682 6649
f 6687 6683 6650
f 6688 6687 6654
f 6689 6688 6655
f 6682 6684 6662
f 6684 6666 6662
f 6685 6684 6682
f 6683 6685 6682
f 6690 6685 6683
f 6684 6696 6666
f 6696 6675 6666
f 6686 6696 6684
f 6685 6686 6684
f 6691 6686 6685
f 6687 6690 6683
f 6688 6692 6687
f 6692 6690 6687
f 6693 6692 6688
f 6689 6693 6688
f 6690 6691 6685
f 6692 6694 6690
f 6694 6691 6690
f 6693 6695 6692
f 6695 6694 6692
f 6696 6697 6675
f 6698 6696 6686
f 6698 6697 6696
f 6697 6678 6675
f 6697 6699 6678
f 6701 6698 6686
f 6698 6700 6697
f 6699 6681 6678
f 6700 6699 6697
f 6704 6700 6698
f 6691 6701 6686
f 6694 6702 6691
f 6702 6701 6691
f 6701 6704 6698
f 6702 6710 6701
f 6703 6702 6694
f 6695 6703 6694
f 6711 6710 6702
f 6703 6711 6702
f 6710 6704 6701
f 6826 6822 6672
f 6705 6826 6679
f 6706 6705 6680
f 6707 6706 6681
f 6699 6707 6681
f 6708 6707 6699
f 6700 6708 6699
f 6709 6708 6700
f 6704 6709 6700
f 6710 6712 6704
f 6712 6709 6704
f 6709 6857 6708
f 6712 6859 6709
f 6711 6713 6710
f 6713 6712 6710
f 6713 6860 6712
f 4934 6714 4871
f 6714 6643 4871
f 6715 6714 4934
f 6714 6716 6643
f 4935 6715 4934
f 6718 6715 4935
f 6715 6717 6714
f 6716 6646 6643
f 6717 6716 6714
f 6716 6724 6646
f 6721 6717 6715
f 6717 6725 6716
f 4939 6718 4935
f 4940 6719 4939
f 6719 6718 4939
f 6718 6721 6715
f 6719 6722 6718
f 6720 6719 4940
f 4941 6720 4940
f 6720 6723 6719
f 6722 6721 6718
f 6721 6728 6717
f 6722 6729 6721
f 6723 6722 6719
f 6723 6730 6722
f 6724 6653 6646
f 6725 6724 6716
f 6724 6726 6653
f 6728 6725 6717
f 6725 6727 6724
f 6726 6656 6653
f 6727 6726 6724
f 6726 6754 6656
f 6731 6727 6725
f 6729 6728 6721
f 6728 6731 6725
f 6729 6732 6728
f 6730 6729 6722
f 6730 6733 6729
f 6732 6731 6728
f 6733 6732 6729
f 6727 6755 6726
f 6731 6760 6727
f 6732 6761 6731
f 6761 6760 6731
f 6762 6761 6732
f 6733 6762 6732
f 4954 6734 4941
f 6734 6720 4941
f 6734 6736 6720
f 4955 6735 4954
f 6735 6734 4954
f 6738 6735 4955
f 6735 6737 6734
f 6736 6723 6720
f 6736 6744 6723
f 6737 6736 6734
f 6741 6737 6735
f 6737 6745 6736
f 4959 6738 4955
f 4960 6739 4959
f 6739 6738 4959
f 6738 6741 6735
f 6739 6742 6738
f 6740 6739 4960
f 4961 6740 4960
f 6740 6743 6739
f 6742 6741 6738
f 6741 6746 6737
f 6742 6747 6741
f 6743 6742 6739
f 6743 6750 6742
f 6744 6730 6723
f 6744 6748 6730
f 6745 6744 6736
f 6746 6745 6737
f 6745 6749 6744
f 6748 6733 6730
f 6747 6746 6741
f 6750 6747 6742
f 6748 6774 6733
f 6774 6762 6733
f 6749 6748 6744
f 6751 6749 6745
f 6749 6775 6748
f 6775 6774 6748
f 6780 6775 6749
f 6746 6751 6745
f 6747 6752 6746
f 6750 6753 6747
f 6752 6751 6746
f 6751 6780 6749
f 6752 6781 6751
f 6781 6780 6751
f 6753 6752 6747
f 6753 6782 6752
f 6782 6781 6752
f 6819 6740 4961
f 6819 6743 6740
f 6819 6750 6743
f 6819 6753 6750
f 6819 6782 6753
f 6819 6785 6782
f 6819 6788 6785
f 6754 6689 6656
f 6755 6754 6726
f 6754 6756 6689
f 6756 6693 6689
f 6757 6756 6754
f 6760 6755 6727
f 6755 6757 6754
f 6763 6757 6755
f 6756 6758 6693
f 6758 6695 6693
f 6759 6758 6756
f 6757 6759 6756
f 6766 6759 6757
f 6760 6763 6755
f 6761 6764 6760
f 6764 6763 6760
f 6765 6764 6761
f 6762 6765 6761
f 6763 6766 6757
f 6764 6767 6763
f 6765 6768 6764
f 6767 6766 6763
f 6767 6772 6766
f 6768 6767 6764
f 6768 6773 6767
f 6758 6769 6695
f 6769 6703 6695
f 6770 6769 6758
f 6769 6792 6703
f 6792 6711 6703
f 6794 6792 6769
f 6759 6770 6758
f 6771 6770 6759
f 6770 6794 6769
f 6766 6771 6759
f 6772 6771 6766
f 6771 6797 6770
f 6772 6799 6771
f 6773 6772 6767
f 6773 6796 6772
f 6774 6777 6762
f 6777 6765 6762
f 6775 6776 6774
f 6776 6777 6774
f 6783 6776 6775
f 6777 6778 6765
f 6778 6768 6765
f 6778 6789 6768
f 6779 6777 6776
f 6779 6778 6777
f 6786 6779 6776
f 6779 6790 6778
f 6780 6783 6775
f 6781 6784 6780
f 6784 6783 6780
f 6782 6785 6781
f 6785 6784 6781
f 6783 6786 6776
f 6784 6787 6783
f 6787 6786 6783
f 6786 6791 6779
f 6787 6809 6786
f 6788 6787 6784
f 6785 6788 6784
f 6788 6810 6787
f 6789 6773 6768
f 6790 6789 6778
f 6791 6790 6779
f 6809 6791 6786
f 6810 6809 6787
f 6797 6794 6770
f 6792 6793 6711
f 6795 6793 6792
f 6793 6713 6711
f 6793 6883 6713
f 6794 6795 6792
f 6798 6795 6794
f 6795 6885 6793
f 6885 6883 6793
f 6887 6885 6795
f 6799 6797 6771
f 6796 6799 6772
f 6797 6798 6794
f 6799 6800 6797
f 6800 6798 6797
f 6798 6887 6795
f 6801 6800 6799
f 6801 6799 6796
f 6800 6889 6798
f 6889 6887 6798
f 6890 6889 6800
f 6801 6890 6800
f 6819 6810 6788
f 6819 6812 6810
f 6819 6816 6812
f 6819 6818 6816
f 6789 6802 6773
f 6802 6796 6773
f 6803 6802 6789
f 6790 6803 6789
f 6808 6803 6790
f 6802 6804 6796
f 6804 6801 6796
f 6803 6805 6802
f 6805 6804 6802
f 6813 6805 6803
f 6804 6806 6801
f 6806 6890 6801
f 6805 6807 6804
f 6807 6806 6804
f 6814 6807 6805
f 6809 6811 6791
f 6791 6808 6790
f 6811 6808 6791
f 6810 6812 6809
f 6812 6811 6809
f 6808 6813 6803
f 6811 6815 6808
f 6815 6813 6808
f 6816 6815 6811
f 6812 6816 6811
f 6813 6814 6805
f 6815 6817 6813
f 6817 6814 6813
f 6818 6817 6815
f 6816 6818 6815
f 6819 6923 6818
f 6819 6925 6923
f 6819 6928 6925
f 6819 6935 6928
f 6819 6937 6935
f 6819 7075 6937
f 6819 7077 7075
f 6820 6821 6359
f 6823 6821 6820
f 6821 6360 6359
f 6821 6824 6360
f 6822 6823 6820
f 6826 6827 6822
f 6827 6823 6822
f 6824 6365 6360
f 6825 6824 6821
f 6823 6825 6821
f 6827 6829 6823
f 6829 6825 6823
f 6824 6833 6365
f 6833 6366 6365
f 6835 6833 6824
f 6825 6835 6824
f 6829 6837 6825
f 6837 6835 6825
f 6828 6827 6826
f 6828 6826 6705
f 6830 6828 6705
f 6706 6830 6705
f 6831 6829 6827
f 6828 6831 6827
f 6832 6831 6828
f 6830 6832 6828
f 6839 6837 6829
f 6831 6839 6829
f 6840 6839 6831
f 6832 6840 6831
f 6833 6834 6366
f 6834 6368 6366
f 6836 6834 6833
f 6835 6836 6833
f 6838 6836 6835
f 6837 6838 6835
f 6836 6845 6834
f 6838 6847 6836
f 6839 6841 6837
f 6841 6838 6837
f 6841 6849 6838
f 6840 6842 6839
f 6842 6841 6839
f 6842 6850 6841
f 6850 6849 6841
f 6843 6380 6368
f 6834 6843 6368
f 6843 6844 6380
f 6845 6843 6834
f 6846 6844 6843
f 6844 6381 6380
f 6844 6938 6381
f 6845 6846 6843
f 6847 6845 6836
f 6847 6848 6845
f 6848 6846 6845
f 6846 6940 6844
f 6848 6944 6846
f 6849 6847 6838
f 6849 6851 6847
f 6851 6848 6847
f 6851 6945 6848
f 6850 6852 6849
f 6852 6851 6849
f 6852 6946 6851
f 6707 6853 6706
f 6853 6830 6706
f 6855 6853 6707
f 6708 6855 6707
f 6857 6855 6708
f 6853 6854 6830
f 6854 6832 6830
f 6856 6854 6853
f 6854 6863 6832
f 6855 6856 6853
f 6856 6865 6854
f 6858 6856 6855
f 6859 6857 6709
f 6857 6858 6855
f 6859 6861 6857
f 6858 6867 6856
f 6861 6858 6857
f 6861 6869 6858
f 6860 6859 6712
f 6860 6862 6859
f 6862 6861 6859
f 6862 6870 6861
f 6863 6840 6832
f 6863 6864 6840
f 6865 6863 6854
f 6864 6842 6840
f 6864 6873 6842
f 6866 6864 6863
f 6865 6866 6863
f 6867 6865 6856
f 6868 6866 6865
f 6866 6875 6864
f 6873 6850 6842
f 6875 6873 6864
f 6877 6875 6866
f 6870 6869 6861
f 6867 6868 6865
f 6869 6867 6858
f 6869 6871 6867
f 6871 6868 6867
f 6868 6877 6866
f 6872 6871 6869
f 6870 6872 6869
f 6871 6879 6868
f 6879 6877 6868
f 6880 6879 6871
f 6872 6880 6871
f 6873 6874 6850
f 6874 6852 6850
f 6876 6874 6873
f 6874 6953 6852
f 6875 6876 6873
f 6878 6876 6875
f 6876 6954 6874
f 6877 6878 6875
f 6879 6881 6877
f 6881 6878 6877
f 6878 6959 6876
f 6881 6960 6878
f 6882 6881 6879
f 6880 6882 6879
f 6882 6961 6881
f 6883 6860 6713
f 6883 6884 6860
f 6886 6884 6883
f 6884 6862 6860
f 6884 6893 6862
f 6885 6886 6883
f 6888 6886 6885
f 6887 6888 6885
f 6889 6891 6887
f 6891 6888 6887
f 6892 6891 6889
f 6890 6892 6889
f 6893 6870 6862
f 6895 6893 6884
f 6886 6895 6884
f 6900 6895 6886
f 6893 6894 6870
f 6894 6872 6870
f 6896 6894 6893
f 6895 6896 6893
f 6901 6896 6895
f 6894 6897 6872
f 6897 6880 6872
f 6898 6897 6894
f 6896 6898 6894
f 6905 6898 6896
f 6888 6900 6886
f 6891 6902 6888
f 6902 6900 6888
f 6899 6902 6891
f 6892 6899 6891
f 6900 6901 6895
f 6902 6903 6900
f 6903 6901 6900
f 6904 6903 6902
f 6904 6902 6899
f 6901 6905 6896
f 6903 6906 6901
f 6906 6905 6901
f 6907 6906 6903
f 6904 6907 6903
f 6897 6908 6880
f 6908 6882 6880
f 6909 6908 6897
f 6908 7058 6882
f 6898 6909 6897
f 6910 6909 6898
f 6909 7060 6908
f 6905 6910 6898
f 6906 6911 6905
f 6911 6910 6905
f 6910 7062 6909
f 6911 7064 6910
f 6912 6911 6906
f 6907 6912 6906
f 6912 7065 6911
f 6913 6890 6806
f 6913 6892 6890
f 6807 6914 6806
f 6914 6913 6806
f 6915 6914 6807
f 6814 6915 6807
f 6817 6922 6814
f 6922 6915 6814
f 6923 6922 6817
f 6818 6923 6817
f 6913 6916 6892
f 6916 6899 6892
f 6914 6917 6913
f 6917 6916 6913
f 6921 6917 6914
f 6916 6918 6899
f 6918 6904 6899
f 6917 6919 6916
f 6919 6918 6916
f 6926 6919 6917
f 6918 6920 6904
f 6920 6907 6904
f 6919 6930 6918
f 6930 6920 6918
f 6932 6930 6919
f 6915 6921 6914
f 6922 6924 6915
f 6924 6921 6915
f 6925 6924 6922
f 6923 6925 6922
f 6921 6926 6917
f 6924 6927 6921
f 6927 6926 6921
f 6928 6927 6924
f 6925 6928 6924
f 6926 6932 6919
f 6927 6934 6926
f 6934 6932 6926
f 6935 6934 6927
f 6928 6935 6927
f 6920 6929 6907
f 6929 6912 6907
f 6929 7068 6912
f 6930 6931 6920
f 6931 6929 6920
f 6933 6931 6930
f 6931 7070 6929
f 6932 6933 6930
f 6934 6936 6932
f 6936 6933 6932
f 6933 7072 6931
f 6936 7074 6933
f 6935 6937 6934
f 6937 6936 6934
f 6937 7075 6936
f 6938 6521 6381
f 6940 6938 6844
f 6944 6940 6846
f 6938 6939 6521
f 6939 6522 6521
f 6941 6939 6938
f 6940 6941 6938
f 6944 6947 6940
f 6947 6941 6940
f 6942 6525 6522
f 6939 6942 6522
f 6943 6942 6939
f 6941 6943 6939
f 6947 6950 6941
f 6950 6943 6941
f 6945 6944 6848
f 6946 6945 6851
f 6945 6948 6944
f 6948 6947 6944
f 6946 6949 6945
f 6949 6948 6945
f 6951 6950 6947
f 6948 6951 6947
f 6952 6951 6948
f 6949 6952 6948
f 6953 6946 6852
f 6954 6953 6874
f 6959 6954 6876
f 6953 6955 6946
f 6955 6949 6946
f 6956 6955 6953
f 6955 6957 6949
f 6954 6956 6953
f 6962 6956 6954
f 6956 6958 6955
f 6957 6952 6949
f 6958 6957 6955
f 6987 6958 6956
f 6960 6959 6878
f 6961 6960 6881
f 6959 6962 6954
f 6960 6963 6959
f 6963 6962 6959
f 6962 6987 6956
f 6963 6989 6962
f 6961 6964 6960
f 6964 6963 6960
f 6964 6990 6963
f 6989 6987 6962
f 6990 6989 6963
f 6965 6551 6525
f 6942 6965 6525
f 6966 6965 6942
f 6943 6966 6942
f 6967 6966 6943
f 6950 6967 6943
f 6968 6967 6950
f 6951 6968 6950
f 6969 6968 6951
f 6952 6969 6951
f 6965 6970 6551
f 6970 6560 6551
f 6971 6970 6965
f 6970 6972 6560
f 6966 6971 6965
f 6967 6976 6966
f 6976 6971 6966
f 6972 6565 6560
f 6974 6972 6970
f 6971 6974 6970
f 6976 6979 6971
f 6979 6974 6971
f 6972 6973 6565
f 6973 6566 6565
f 6975 6973 6972
f 6973 7008 6566
f 6974 6975 6972
f 6979 6980 6974
f 6980 6975 6974
f 6975 7009 6973
f 6980 7014 6975
f 6977 6976 6967
f 6968 6977 6967
f 6978 6977 6968
f 6969 6978 6968
f 6981 6979 6976
f 6977 6981 6976
f 6982 6981 6977
f 6978 6982 6977
f 6983 6980 6979
f 6981 6983 6979
f 6983 7015 6980
f 6984 6983 6981
f 6982 6984 6981
f 6984 7016 6983
f 6957 6985 6952
f 6985 6969 6952
f 6986 6985 6957
f 6958 6986 6957
f 6988 6986 6958
f 6989 6991 6987
f 6987 6988 6958
f 6991 6988 6987
f 6990 6992 6989
f 6992 6991 6989
f 6985 6993 6969
f 6993 6978 6969
f 6994 6993 6985
f 6986 6994 6985
f 6999 6994 6986
f 6993 6995 6978
f 6995 6982 6978
f 6997 6995 6993
f 6994 6997 6993
f 7002 6997 6994
f 6995 6996 6982
f 6996 6984 6982
f 6998 6996 6995
f 6997 6998 6995
f 7005 6998 6997
f 6988 6999 6986
f 6991 7000 6988
f 7000 6999 6988
f 7001 7000 6991
f 6992 7001 6991
f 6999 7002 6994
f 7000 7003 6999
f 7003 7002 6999
f 7004 7003 7000
f 7001 7004 7000
f 7002 7005 6997
f 7003 7006 7002
f 7006 7005 7002
f 7007 7006 7003
f 7004 7007 7003
f 6996 7033 6984
f 6998 7034 6996
f 7005 7039 6998
f 7006 7040 7005
f 7007 7041 7006
f 7008 6600 6566
f 7009 7008 6973
f 7008 7010 6600
f 7010 6605 6600
f 7012 7010 7008
f 7014 7009 6975
f 7009 7012 7008
f 7014 7017 7009
f 7017 7012 7009
f 7010 7011 6605
f 7011 6606 6605
f 7013 7011 7010
f 7012 7013 7010
f 7017 7018 7012
f 7018 7013 7012
f 7015 7014 6980
f 7019 7017 7014
f 7015 7019 7014
f 7016 7015 6983
f 7020 7019 7015
f 7016 7020 7015
f 7019 7021 7017
f 7021 7018 7017
f 7020 7022 7019
f 7022 7021 7019
f 7011 7023 6606
f 7023 6613 6606
f 7024 7023 7011
f 7023 7025 6613
f 7013 7024 7011
f 7018 7027 7013
f 7027 7024 7013
f 7024 7026 7023
f 7027 7030 7024
f 7025 6616 6613
f 7026 7025 7023
f 8230 7970 6616
f 7025 8230 6616
f 8232 8230 7025
f 7030 7026 7024
f 7026 8232 7025
f 8237 8232 7026
f 7030 8237 7026
f 7028 7027 7018
f 7021 7028 7018
f 7028 7031 7027
f 7029 7028 7021
f 7022 7029 7021
f 7029 7032 7028
f 7031 7030 7027
f 8240 8237 7030
f 7031 8240 7030
f 7032 7031 7028
f 8241 8240 7031
f 7032 8241 7031
f 7033 7016 6984
f 7034 7033 6996
f 7033 7035 7016
f 7035 7020 7016
f 7037 7035 7033
f 7039 7034 6998
f 7034 7037 7033
f 7042 7037 7034
f 7035 7036 7020
f 7036 7022 7020
f 7038 7036 7035
f 7037 7038 7035
f 7043 7038 7037
f 7040 7039 7005
f 7039 7042 7034
f 7040 7044 7039
f 7044 7042 7039
f 7041 7040 7006
f 7045 7044 7040
f 7041 7045 7040
f 7042 7043 7037
f 7044 7046 7042
f 7046 7043 7042
f 7045 7047 7044
f 7047 7046 7044
f 7036 7048 7022
f 7048 7029 7022
f 7049 7048 7036
f 7048 7050 7029
f 7038 7049 7036
f 7052 7049 7038
f 7049 7051 7048
f 7050 7032 7029
f 7051 7050 7048
f 7050 8261 7032
f 8261 8241 7032
f 8263 8261 7050
f 7055 7051 7049
f 7051 8263 7050
f 8267 8263 7051
f 7043 7052 7038
f 7046 7053 7043
f 7053 7052 7043
f 7052 7055 7049
f 7053 7056 7052
f 7054 7053 7046
f 7047 7054 7046
f 7054 7057 7053
f 7056 7055 7052
f 7055 8267 7051
f 7056 8270 7055
f 8270 8267 7055
f 7057 7056 7053
f 8271 8270 7056
f 7057 8271 7056
f 7058 6961 6882
f 7060 7058 6908
f 7062 7060 6909
f 7058 7059 6961
f 7059 6964 6961
f 7061 7059 7058
f 7059 7078 6964
f 7060 7061 7058
f 7063 7061 7060
f 7061 7080 7059
f 7078 6990 6964
f 7080 7078 7059
f 7082 7080 7061
f 7064 7062 6910
f 7065 7064 6911
f 7062 7063 7060
f 7064 7066 7062
f 7066 7063 7062
f 7063 7082 7061
f 7066 7084 7063
f 7065 7067 7064
f 7067 7066 7064
f 7067 7085 7066
f 7084 7082 7063
f 6819 7109 7077
f 6819 7112 7109
f 6819 7118 7112
f 6819 7124 7118
f 6819 7127 7124
f 7068 7065 6912
f 7070 7068 6929
f 7072 7070 6931
f 7068 7069 7065
f 7069 7067 7065
f 7069 7103 7067
f 7070 7071 7068
f 7071 7069 7068
f 7071 7105 7069
f 7073 7071 7070
f 7072 7073 7070
f 7074 7072 6933
f 7074 7076 7072
f 7073 7107 7071
f 7076 7073 7072
f 7075 7074 6936
f 7075 7077 7074
f 7077 7076 7074
f 8398 8400 6819
f 8403 8398 6819
f 6819 7161 7127
f 6819 7165 7161
f 7167 7165 6819
f 7175 7167 6819
f 7177 7175 6819
f 8400 7177 6819
f 7078 7079 6990
f 7079 6992 6990
f 7081 7079 7078
f 7080 7081 7078
f 7083 7081 7080
f 7082 7083 7080
f 7084 7086 7082
f 7083 7092 7081
f 7086 7083 7082
f 7086 7094 7083
f 7085 7084 7066
f 7085 7087 7084
f 7087 7086 7084
f 7087 7095 7086
f 7088 7001 6992
f 7079 7088 6992
f 7081 7090 7079
f 7090 7088 7079
f 7088 7089 7001
f 7089 7004 7001
f 7091 7089 7088
f 7092 7090 7081
f 7090 7091 7088
f 7093 7091 7090
f 7089 7098 7004
f 7098 7007 7004
f 7091 7099 7089
f 7094 7092 7083
f 7092 7093 7090
f 7094 7096 7092
f 7096 7093 7092
f 7095 7094 7086
f 7097 7096 7094
f 7095 7097 7094
f 7093 7100 7091
f 7096 7101 7093
f 7099 7098 7089
f 7098 7128 7007
f 7100 7099 7091
f 7099 7129 7098
f 7101 7100 7093
f 7100 7134 7099
f 7101 7135 7100
f 7102 7101 7096
f 7097 7102 7096
f 7102 7136 7101
f 7103 7085 7067
f 7103 7104 7085
f 7104 7087 7085
f 7105 7103 7069
f 7107 7105 7071
f 7105 7106 7103
f 7106 7104 7103
f 7110 7106 7105
f 7104 7113 7087
f 7106 7115 7104
f 7076 7108 7073
f 7109 7108 7076
f 7077 7109 7076
f 7108 7107 7073
f 7107 7110 7105
f 7108 7111 7107
f 7111 7110 7107
f 7109 7112 7108
f 7112 7111 7108
f 7110 7116 7106
f 7111 7117 7110
f 7118 7111 7112
f 7113 7095 7087
f 7113 7114 7095
f 7114 7097 7095
f 7115 7113 7104
f 7116 7115 7106
f 7115 7119 7113
f 7119 7114 7113
f 7122 7119 7115
f 7117 7116 7110
f 7116 7122 7115
f 7123 7122 7116
f 7117 7123 7116
f 7118 7117 7111
f 7118 7124 7117
f 7124 7123 7117
f 7114 7120 7097
f 7120 7102 7097
f 7120 7153 7102
f 7119 7121 7114
f 7121 7120 7114
f 7125 7121 7119
f 7121 7154 7120
f 7122 7125 7119
f 7123 7126 7122
f 7126 7125 7122
f 7125 7159 7121
f 7126 7160 7125
f 7127 7126 7123
f 7124 7127 7123
f 7127 7161 7126
f 7128 7041 7007
f 7129 7128 7098
f 7128 7130 7041
f 7130 7045 7041
f 7132 7130 7128
f 7134 7129 7099
f 7129 7132 7128
f 7137 7132 7129
f 7130 7131 7045
f 7131 7047 7045
f 7133 7131 7130
f 7132 7133 7130
f 7138 7133 7132
f 7135 7134 7100
f 7134 7137 7129
f 7135 7139 7134
f 7139 7137 7134
f 7136 7135 7101
f 7140 7139 7135
f 7136 7140 7135
f 7137 7138 7132
f 7139 7141 7137
f 7141 7138 7137
f 7140 7142 7139
f 7142 7141 7139
f 7131 7143 7047
f 7143 7054 7047
f 7144 7143 7131
f 7143 7145 7054
f 7133 7144 7131
f 7150 7144 7133
f 7144 7146 7143
f 7145 7057 7054
f 7146 7145 7143
f 7145 8360 7057
f 8360 8271 7057
f 8362 8360 7145
f 7147 7146 7144
f 7146 8362 7145
f 8366 8362 7146
f 7138 7150 7133
f 7150 7147 7144
f 7150 7151 7148
f 7150 7148 7147
f 7147 8366 7146
f 7148 8369 7147
f 8369 8366 7147
f 7151 7149 7148
f 8370 8369 7148
f 7149 8370 7148
f 7141 7151 7138
f 7151 7150 7138
f 7152 7151 7141
f 7142 7152 7141
f 7151 7152 7149
f 7153 7136 7102
f 7153 7155 7136
f 7155 7140 7136
f 7154 7153 7120
f 7159 7154 7121
f 7154 7156 7153
f 7156 7155 7153
f 7162 7156 7154
f 7155 7157 7140
f 7157 7142 7140
f 7156 7158 7155
f 7158 7157 7155
f 7163 7158 7156
f 7160 7159 7125
f 7159 7162 7154
f 7160 7164 7159
f 7164 7162 7159
f 7161 7160 7126
f 7161 7165 7160
f 7165 7164 7160
f 7162 7163 7156
f 7164 7166 7162
f 7166 7163 7162
f 7165 7167 7164
f 7167 7166 7164
f 7152 7168 7149
f 7168 8390 7149
f 8390 8370 7149
f 7169 8392 7168
f 8392 8390 7168
f 8396 8392 7169
f 7157 7170 7142
f 7170 7152 7142
f 7170 7168 7152
f 7158 7171 7157
f 7171 7170 7157
f 7173 7171 7158
f 7170 7171 7169
f 7170 7169 7168
f 7171 7172 7169
f 7172 8396 7169
f 7176 8399 7172
f 8399 8396 7172
f 8400 8399 7176
f 7177 8400 7176
f 7163 7173 7158
f 7166 7174 7163
f 7174 7173 7163
f 7173 7172 7171
f 7174 7176 7173
f 7175 7174 7166
f 7167 7175 7166
f 7175 7177 7174
f 7173 7176 7172
f 7177 7176 7174
f 7427 7425 7185
f 7178 7179 7417
f 7731 7178 3756
f 7731 7179 7178
f 7731 7732 7179
f 7185 7425 7179
f 7732 7185 7179
f 7732 7737 7185
f 7428 7427 7185
f 7180 7428 7185
f 7181 7180 7185
f 7183 7181 7185
f 7182 7183 7185
f 7184 7182 7185
f 7186 7184 7185
f 7193 7186 7185
f 7187 7186 7193
f 7188 7187 7193
f 7190 7188 7193
f 7191 7189 7193
f 7189 7190 7193
f 7192 7191 7193
f 7737 7193 7185
f 7737 7738 7193
f 7208 7192 7193
f 7194 7192 7208
f 7195 7194 7208
f 7197 7195 7208
f 7196 7197 7208
f 7200 7196 7208
f 7199 7200 7208
f 7201 7199 7208
f 7202 7201 7208
f 7203 7202 7208
f 7204 7203 7208
f 7205 7204 7208
f 7206 7205 7208
f 7207 7206 7208
f 7217 7207 7208
f 7218 7217 7208
f 7738 7208 7193
f 7738 7739 7208
f 7739 7222 7208
f 7212 7214 7232
f 7216 7209 7232
f 7209 7212 7232
f 7510 7492 7232
f 7492 7493 7232
f 7493 7215 7232
f 7215 7216 7232
f 7235 7510 7232
f 7219 7218 7222
f 7220 7219 7222
f 7221 7220 7222
f 7224 7223 7222
f 7223 7221 7222
f 7222 7218 7208
f 7226 7224 7222
f 7225 7226 7222
f 7232 7225 7222
f 7228 7225 7232
f 7227 7228 7232
f 7231 7227 7232
f 7760 7761 7232
f 7739 7760 7222
f 7760 7232 7222
f 7210 7230 7232
f 7213 7211 7232
f 7211 7210 7232
f 7230 7231 7232
f 7214 7213 7232
f 7761 7767 7235
f 7761 7235 7232
f 7235 7233 7510
f 7235 7236 7233
f 7236 7234 7233
f 7236 7237 7234
f 7237 7238 7234
f 7767 7768 7236
f 7767 7236 7235
f 7768 7769 7237
f 7768 7237 7236
f 7769 7240 7237
f 7242 7243 7701
f 7243 7244 7702
f 7240 7238 7237
f 7240 7239 7238
f 7239 7242 7700
f 7240 7241 7239
f 7241 7242 7239
f 7245 7242 7241
f 7863 7241 7240
f 7769 7863 7240
f 7864 7245 7241
f 7863 7864 7241
f 7864 7870 7245
f 7245 7243 7242
f 7245 7246 7243
f 7243 7246 7244
f 7246 7247 7244
f 7870 7246 7245
f 7870 7871 7246
f 7871 7247 7246
f 7247 7871 7248
f 7244 7705 7702
f 7250 7705 7244
f 7250 7706 7705
f 7250 7251 7706
f 7251 7710 7706
f 7251 7256 7710
f 7256 7711 7710
f 7256 7257 7711
f 7257 7249 7711
f 7257 7258 7249
f 7247 7250 7244
f 7252 7250 7247
f 7252 7251 7250
f 7252 7254 7251
f 7254 7256 7251
f 7259 7256 7254
f 7252 7247 7248
f 7254 7252 7253
f 7253 7252 7248
f 7259 7254 7255
f 7255 7254 7253
f 7261 7259 7255
f 7259 7257 7256
f 7257 7259 7260
f 7258 7257 7260
f 7263 7258 7260
f 7259 7261 7260
f 7261 7262 7260
f 7262 7263 7260
f 7264 7263 7262
f 7268 7265 5498
f 7268 5498 3551
f 7266 7265 7268
f 7269 7266 7268
f 7270 7269 7268
f 7271 7270 7268
f 7273 7271 7268
f 7277 7273 7268
f 7277 7268 3553
f 7274 7273 7277
f 7276 7274 7277
f 7278 7276 7277
f 7279 7278 7277
f 7280 7279 7277
f 7293 7280 7277
f 7291 7290 7297
f 7292 7291 7297
f 7300 7292 7297
f 7297 7293 7277
f 7297 7277 3561
f 7295 7293 7297
f 7296 7295 7297
f 7290 7296 7297
f 7305 7297 3563
f 7305 7300 7297
f 7301 7300 7305
f 7302 7301 7305
f 7304 7302 7305
f 7307 7304 7305
f 7306 7307 7305
f 7389 7306 7305
f 7329 7330 7614
f 7330 7331 7614
f 7614 7331 7335
f 7332 7333 7335
f 7331 7332 7335
f 7333 7334 7335
f 7334 7336 7335
f 7347 7617 7335
f 7336 7347 7335
f 7336 7339 7347
f 7339 7340 7347
f 7340 7341 7347
f 7344 7345 7347
f 7342 7343 7347
f 7343 7344 7347
f 7341 7342 7347
f 7356 7630 7347
f 7345 7346 7356
f 7346 7351 7356
f 7351 7352 7356
f 7352 7353 7356
f 7345 7356 7347
f 7353 7354 7356
f 7354 7355 7356
f 7355 7462 7356
f 7462 7461 7356
f 7461 7463 7356
f 7464 7632 7356
f 7389 7305 3591
f 7308 7306 7389
f 7310 7309 7389
f 7309 7308 7389
f 7389 7387 7386
f 7388 7387 7389
f 7386 7310 7389
f 7390 7388 7389
f 7391 7390 7389
f 7395 7391 7389
f 7400 7396 7395
f 7395 7389 3593
f 7392 7391 7395
f 7393 7392 7395
f 7398 7393 7395
f 7399 7398 7395
f 7396 7399 7395
f 7400 7395 7415
f 7397 7396 7400
f 7401 7397 7400
f 7401 7400 7417
f 7402 7401 7417
f 7403 7402 7417
f 7404 7403 7417
f 7415 7395 3600
f 7417 7400 7415
f 7178 7417 7415
f 7405 7404 7417
f 7416 7405 7417
f 7418 7416 7417
f 7419 7418 7417
f 7420 7419 7417
f 7179 7420 7417
f 7422 7421 7179
f 7421 7420 7179
f 7423 7422 7179
f 7424 7423 7179
f 7425 7424 7179
f 7178 7415 3443
f 7456 7457 7471
f 7457 7458 7471
f 7453 7456 7464
f 7463 7452 7356
f 7454 7453 7356
f 7452 7454 7356
f 7453 7464 7356
f 7456 7471 7464
f 7693 7464 7478
f 7467 7468 7471
f 7458 7459 7471
f 7459 7467 7471
f 7468 7469 7471
f 7470 7473 7471
f 7469 7470 7471
f 7476 7475 7471
f 7471 7475 7510
f 7473 7474 7471
f 7474 7476 7471
f 7464 7471 7478
f 7471 7233 7478
f 7234 7695 7478
f 7490 7491 7510
f 7491 7492 7510
f 7475 7509 7510
f 7507 7508 7510
f 7509 7507 7510
f 7508 7490 7510
f 7233 7471 7510
f 7233 7234 7478
f 7323 7324 5620
f 7324 7614 5620
f 7614 5621 5620
f 7324 7325 7614
f 7325 7326 7614
f 7326 7327 7614
f 7327 7329 7614
f 7617 7615 7614
f 7614 7615 5621
f 7615 5627 5621
f 7615 7619 5627
f 7618 7619 7615
f 7617 7614 7335
f 7630 7618 7617
f 7617 7618 7615
f 7622 7619 7618
f 7631 7622 7618
f 7619 5628 5627
f 7619 7620 5628
f 7622 7620 7619
f 7620 5629 5628
f 7620 7621 5629
f 7623 7621 7620
f 7622 7623 7620
f 7634 7623 7622
f 7623 7624 7621
f 7635 7624 7623
f 7630 7617 7347
f 7632 7631 7630
f 7630 7631 7618
f 7631 7634 7622
f 7633 7634 7631
f 7632 7630 7356
f 7693 7633 7632
f 7632 7633 7631
f 7637 7634 7633
f 7694 7637 7633
f 7634 7635 7623
f 7634 7637 7635
f 7635 7636 7624
f 7638 7636 7635
f 7637 7638 7635
f 7697 7638 7637
f 7638 7639 7636
f 7698 7639 7638
f 7621 5650 5629
f 7621 7645 5650
f 7645 5651 5650
f 7624 7645 7621
f 7647 7646 7645
f 7645 7646 5651
f 7646 5655 5651
f 7646 7649 5655
f 7648 7649 7646
f 7647 7645 7624
f 7636 7647 7624
f 7647 7655 7648
f 7647 7648 7646
f 7652 7649 7648
f 7656 7652 7648
f 7649 5656 5655
f 7649 7650 5656
f 7649 7652 7650
f 7650 5657 5656
f 7650 7651 5657
f 7653 7651 7650
f 7652 7653 7650
f 7659 7653 7652
f 7653 7654 7651
f 7660 7654 7653
f 7655 7647 7636
f 7639 7655 7636
f 7657 7656 7655
f 7655 7656 7648
f 7656 7659 7652
f 7658 7659 7656
f 7657 7655 7639
f 7699 7657 7639
f 7703 7658 7657
f 7657 7658 7656
f 7662 7659 7658
f 7704 7662 7658
f 7659 7660 7653
f 7662 7660 7659
f 7660 7661 7654
f 7663 7661 7660
f 7662 7663 7660
f 7707 7663 7662
f 7663 7664 7661
f 7708 7664 7663
f 7693 7632 7464
f 7694 7693 7695
f 7693 7694 7633
f 7694 7697 7637
f 7697 7694 7696
f 7695 7693 7478
f 7238 7696 7695
f 7696 7694 7695
f 7700 7697 7696
f 7239 7700 7696
f 7697 7698 7638
f 7698 7697 7700
f 7698 7699 7639
f 7699 7698 7701
f 7701 7698 7700
f 7242 7701 7700
f 7702 7699 7701
f 7243 7702 7701
f 7238 7695 7234
f 7238 7239 7696
f 7699 7703 7657
f 7703 7699 7702
f 7704 7703 7705
f 7703 7704 7658
f 7704 7707 7662
f 7707 7704 7706
f 7705 7703 7702
f 7706 7704 7705
f 7710 7707 7706
f 7707 7708 7663
f 7710 7708 7707
f 7708 7709 7664
f 7711 7709 7708
f 7710 7711 7708
f 7711 7249 7709
f 7735 7731 3760
f 7732 7731 7735
f 7736 7732 7735
f 7737 7732 7736
f 7743 7737 7736
f 7736 7735 7733
f 7733 7735 3758
f 7736 7733 7734
f 7743 7736 7734
f 7740 7743 7734
f 7738 7737 7743
f 7744 7738 7743
f 7738 7744 7739
f 7745 7760 7739
f 7744 7745 7739
f 7744 7743 7740
f 7741 7744 7740
f 7745 7744 7741
f 7758 7745 7742
f 7742 7745 7741
f 7754 7753 7746
f 7755 7754 7747
f 7746 7753 3765
f 7747 7754 7746
f 7851 7746 3841
f 7851 7747 7746
f 7851 7849 7747
f 7750 7755 7747
f 7849 7750 7747
f 7849 7852 7750
f 7756 7755 7750
f 7757 7756 7751
f 7785 7757 7752
f 7751 7756 7750
f 7852 7751 7750
f 7751 7852 7748
f 7752 7757 7751
f 7752 7751 7748
f 7749 7752 7748
f 7775 7752 7749
f 7753 7733 3770
f 7733 7753 7734
f 7753 7754 7734
f 7754 7740 7734
f 7754 7755 7740
f 7755 7741 7740
f 7755 7756 7741
f 7756 7742 7741
f 7756 7757 7742
f 7757 7762 7742
f 7761 7760 7758
f 7758 7760 7745
f 7759 7761 7758
f 7767 7761 7759
f 7764 7767 7759
f 7759 7758 7762
f 7762 7758 7742
f 7763 7759 7762
f 7764 7759 7763
f 7770 7764 7763
f 7768 7767 7764
f 7765 7768 7764
f 7769 7768 7765
f 7863 7769 7766
f 7766 7769 7765
f 7765 7764 7770
f 7771 7765 7770
f 7766 7765 7771
f 7772 7766 7771
f 7861 7766 7772
f 7777 7772 7771
f 7778 7865 7772
f 7786 7785 7775
f 7787 7786 7776
f 7776 7775 7773
f 7775 7785 7752
f 7776 7786 7775
f 7773 7775 7749
f 7774 7776 7773
f 7782 7776 7774
f 7782 7787 7776
f 7779 7782 7774
f 7777 7787 7782
f 7783 7777 7782
f 7778 7777 7783
f 7784 7778 7783
f 7875 7778 7784
f 7783 7782 7779
f 7780 7783 7779
f 7784 7783 7780
f 7879 7784 7781
f 7781 7784 7780
f 7785 7762 7757
f 7785 7763 7762
f 7785 7786 7763
f 7786 7770 7763
f 7786 7787 7770
f 7787 7771 7770
f 7787 7777 7771
f 7777 7778 7772
f 7790 7848 3809
f 7792 7850 7790
f 7798 7853 7792
f 7788 7791 3806
f 7793 7791 7788
f 7789 7793 7788
f 7800 7793 7789
f 7794 7800 7789
f 7791 7790 3810
f 7793 7792 7791
f 7792 7790 7791
f 7798 7792 7793
f 7800 7798 7793
f 7799 7854 7798
f 7802 7855 7799
f 7801 7800 7794
f 7795 7801 7794
f 7797 7801 7795
f 7796 7797 7795
f 7819 7797 7796
f 7799 7798 7800
f 7801 7799 7800
f 7797 7802 7801
f 7802 7799 7801
f 7822 7802 7797
f 7803 7804 3818
f 7805 7806 7803
f 7806 7804 7803
f 7809 7810 7805
f 7810 7806 7805
f 7804 7807 3819
f 7806 7808 7804
f 7808 7807 7804
f 7807 7788 3821
f 7808 7789 7807
f 7815 7808 7806
f 7810 7815 7806
f 7815 7794 7808
f 7812 7811 7809
f 7811 7810 7809
f 7814 7813 7812
f 7813 7811 7812
f 7833 7813 7814
f 7816 7815 7810
f 7811 7816 7810
f 7816 7795 7815
f 7813 7817 7811
f 7817 7816 7811
f 7837 7817 7813
f 7817 7796 7816
f 7789 7788 7807
f 7794 7789 7808
f 7795 7794 7815
f 7796 7795 7816
f 7818 7796 7817
f 7822 7856 7802
f 7823 7857 7822
f 7830 7858 7823
f 7818 7819 7796
f 7821 7819 7818
f 7820 7821 7818
f 7826 7821 7820
f 7824 7826 7820
f 7819 7822 7797
f 7823 7819 7821
f 7823 7822 7819
f 7830 7823 7821
f 7826 7830 7821
f 7831 7859 7830
f 7832 7860 7831
f 7827 7826 7824
f 7825 7827 7824
f 7829 7827 7825
f 7828 7829 7825
f 7916 7829 7828
f 7831 7830 7826
f 7827 7831 7826
f 7832 7831 7827
f 7829 7832 7827
f 7919 7832 7829
f 7835 7833 7834
f 7834 7833 7814
f 7836 7835 7834
f 7839 7835 7836
f 7841 7839 7836
f 7833 7837 7813
f 7835 7838 7833
f 7838 7837 7833
f 7837 7818 7817
f 7838 7820 7837
f 7839 7845 7835
f 7845 7838 7835
f 7845 7824 7838
f 7842 7840 7841
f 7840 7839 7841
f 7844 7843 7842
f 7843 7840 7842
f 7930 7843 7844
f 7846 7845 7839
f 7840 7846 7839
f 7846 7825 7845
f 7843 7847 7840
f 7847 7846 7840
f 7934 7847 7843
f 7847 7828 7846
f 7820 7818 7837
f 7824 7820 7838
f 7825 7824 7845
f 7828 7825 7846
f 7915 7828 7847
f 7848 7851 3839
f 7849 7851 7848
f 7850 7849 7848
f 7850 7848 7790
f 7852 7849 7850
f 7853 7852 7850
f 7853 7850 7792
f 7852 7853 7748
f 7853 7854 7748
f 7854 7853 7798
f 7854 7749 7748
f 7854 7855 7749
f 7855 7773 7749
f 7855 7854 7799
f 7856 7855 7802
f 7855 7856 7773
f 7856 7774 7773
f 7856 7857 7774
f 7857 7856 7822
f 7857 7779 7774
f 7857 7858 7779
f 7858 7857 7823
f 7858 7859 7780
f 7858 7780 7779
f 7859 7858 7830
f 7859 7860 7781
f 7859 7781 7780
f 7860 7877 7781
f 7860 7859 7831
f 7975 7860 7832
f 7862 7864 7861
f 7867 7870 7862
f 7864 7863 7861
f 7861 7863 7766
f 7870 7864 7862
f 7865 7861 7772
f 7862 7861 7865
f 7875 7866 7865
f 7866 7862 7865
f 7867 7862 7866
f 7872 7867 7866
f 7876 7872 7866
f 7868 7871 7867
f 7868 7869 7248
f 7871 7870 7867
f 7871 7868 7248
f 7868 7867 7872
f 7873 7868 7872
f 7881 7873 7872
f 7874 7869 7873
f 7869 7868 7873
f 7882 7874 7873
f 7879 7875 7784
f 7876 7875 7879
f 7876 7879 7880
f 7881 7876 7880
f 7887 7881 7880
f 7880 7879 7877
f 7877 7879 7781
f 7887 7880 7878
f 7878 7880 7877
f 7884 7887 7878
f 7882 7881 7887
f 7888 7882 7887
f 7883 7882 7888
f 7889 7883 7888
f 7977 7885 7884
f 7886 7889 7885
f 7978 7886 7885
f 7888 7887 7884
f 7885 7888 7884
f 7889 7888 7885
f 7875 7865 7778
f 7875 7876 7866
f 7876 7881 7872
f 7881 7882 7873
f 7882 7883 7874
f 7890 7255 7253
f 7869 7890 7253
f 7891 7261 7255
f 7891 7894 7261
f 7890 7891 7255
f 7869 7253 7248
f 7892 7890 7874
f 7890 7869 7874
f 7891 7890 7892
f 7883 7892 7874
f 7900 7893 7892
f 7893 7891 7892
f 7897 7894 7893
f 7894 7891 7893
f 7901 7897 7893
f 7894 7262 7261
f 7894 7895 7262
f 7895 7264 7262
f 7895 7896 7264
f 7896 7895 7898
f 7898 7895 7897
f 7895 7894 7897
f 7906 7898 7897
f 7896 7898 7899
f 7898 7907 7899
f 7900 7883 7889
f 7904 7900 7889
f 7900 7904 7901
f 7900 7901 7893
f 7901 7906 7897
f 7904 7905 7901
f 7914 7906 7905
f 7905 7906 7901
f 7902 7904 7886
f 7979 7902 7886
f 7980 7903 7902
f 7903 7905 7902
f 7911 7914 7903
f 7981 7911 7903
f 7904 7889 7886
f 7905 7904 7902
f 7914 7905 7903
f 7906 7907 7898
f 7907 7914 7908
f 7914 7907 7906
f 7909 7907 7908
f 7907 7909 7899
f 7910 7909 7908
f 7912 7908 7911
f 7982 7912 7911
f 7913 7910 7912
f 7983 7913 7912
f 7908 7914 7911
f 7910 7908 7912
f 7900 7892 7883
f 7919 7975 7832
f 7920 7976 7919
f 7921 7977 7920
f 7915 7916 7828
f 7918 7916 7915
f 7926 7924 7917
f 7917 7918 7915
f 7924 7918 7917
f 7916 7919 7829
f 7920 7919 7916
f 7918 7920 7916
f 7921 7920 7918
f 7924 7921 7918
f 7922 7978 7921
f 7923 7979 7922
f 7927 7925 7926
f 7925 7924 7926
f 7929 7928 7927
f 7928 7925 7927
f 7922 7921 7924
f 7925 7922 7924
f 7923 7922 7925
f 7928 7923 7925
f 7931 7930 7844
f 7932 7930 7931
f 7933 7932 7931
f 7938 7936 7933
f 7936 7932 7933
f 7930 7934 7843
f 7935 7934 7930
f 7934 7915 7847
f 7932 7935 7930
f 7936 7942 7932
f 7942 7935 7932
f 7935 7917 7934
f 7942 7926 7935
f 7939 7937 7938
f 7937 7936 7938
f 7941 7940 7939
f 7940 7937 7939
f 7943 7942 7936
f 7937 7943 7936
f 7943 7927 7942
f 7940 7944 7937
f 7944 7943 7937
f 7944 7929 7943
f 7917 7915 7934
f 7926 7917 7935
f 7927 7926 7942
f 7929 7927 7943
f 7945 7980 7923
f 7981 7980 7945
f 7946 7981 7945
f 7982 7981 7946
f 7951 7982 7946
f 7948 7947 7929
f 7947 7928 7929
f 7949 7947 7948
f 7950 7949 7948
f 7956 7954 7950
f 7956 7950 7965
f 7954 7949 7950
f 7945 7923 7928
f 7947 7945 7928
f 7946 7945 7947
f 7949 7946 7947
f 7954 7951 7949
f 7951 7946 7949
f 7983 7982 7951
f 7952 7983 7951
f 7984 7983 7952
f 7953 7984 7952
f 7957 7956 7972
f 7957 7955 7956
f 7955 7954 7956
f 7959 7957 7973
f 7959 7958 7957
f 7958 7955 7957
f 7952 7951 7954
f 7955 7952 7954
f 7953 7952 7955
f 7958 7953 7955
f 7960 7961 7941
f 7961 7940 7941
f 7963 7961 7960
f 7962 7963 7960
f 7966 7968 7962
f 7968 7963 7962
f 7961 7964 7940
f 7964 7944 7940
f 7965 7964 7961
f 7964 7948 7944
f 7963 7965 7961
f 7968 7972 7963
f 7972 7965 7963
f 7965 7950 7964
f 7972 7956 7965
f 7967 7969 7966
f 7969 7968 7966
f 7970 7971 7967
f 7971 7969 7967
f 7973 7972 7968
f 7969 7973 7968
f 7973 7957 7972
f 7974 7973 7969
f 7971 7974 7969
f 7974 7959 7973
f 7948 7929 7944
f 7950 7948 7964
f 7975 7877 7860
f 7975 7878 7877
f 7976 7975 7919
f 7975 7976 7878
f 7976 7977 7884
f 7976 7884 7878
f 7977 7976 7920
f 7977 7978 7885
f 7978 7977 7921
f 7978 7979 7886
f 7979 7978 7922
f 7979 7980 7902
f 7980 7979 7923
f 7980 7981 7903
f 7981 7982 7911
f 7982 7983 7912
f 7983 7984 7913
f 7258 7985 7249
f 7990 7985 7258
f 7990 7986 7985
f 7987 8114 7986
f 7990 7991 7986
f 7991 7987 7986
f 7991 7996 7987
f 7987 7988 8115
f 7988 7989 8116
f 7996 7988 7987
f 7996 7997 7988
f 7997 7989 7988
f 7997 7998 7989
f 7990 7258 7263
f 7991 7990 7992
f 7992 7990 7263
f 7996 7991 7994
f 7994 7991 7992
f 8002 7996 7994
f 7264 7992 7263
f 7994 7992 7993
f 7993 7992 7264
f 8002 7994 7995
f 7995 7994 7993
f 7999 8002 7995
f 7997 7996 8002
f 8003 7997 8002
f 7998 7997 8003
f 8004 7998 8003
f 8003 8002 7999
f 8000 8003 7999
f 8004 8003 8000
f 8001 8004 8000
f 8005 8117 7989
f 8005 8006 8118
f 8006 8119 8118
f 7998 8005 7989
f 8010 8005 7998
f 8010 8006 8005
f 8010 8012 8006
f 8012 8007 8006
f 8007 8119 8006
f 8007 8120 8119
f 8007 8008 8120
f 8008 8121 8120
f 8008 8009 8121
f 8012 8016 8007
f 8016 8008 8007
f 8016 8018 8008
f 8018 8009 8008
f 8018 8019 8009
f 8012 8010 8011
f 8010 7998 8004
f 8011 8010 8004
f 8016 8012 8013
f 8013 8012 8011
f 8011 8004 8001
f 8014 8013 8011
f 8014 8011 8001
f 8015 8017 8013
f 8014 8015 8013
f 8018 8016 8017
f 8017 8016 8013
f 8020 8018 8017
f 8019 8018 8020
f 8021 8019 8020
f 8023 8024 8021
f 8022 8020 8017
f 8022 8017 8015
f 8022 8023 8020
f 8023 8021 8020
f 8148 6819 6056
f 8148 8151 6819
f 8151 8158 6819
f 8158 8161 6819
f 8161 8053 6819
f 8053 8056 6819
f 8056 8066 6819
f 8066 8068 6819
f 8068 8071 6819
f 8071 8332 6819
f 8342 8292 6819
f 8325 8327 6819
f 8332 8325 6819
f 8327 8337 6819
f 8337 8342 6819
f 8009 8162 8121
f 8025 8162 8009
f 8025 8163 8162
f 8025 8026 8163
f 8026 8164 8163
f 8019 8025 8009
f 8032 8025 8019
f 8032 8026 8025
f 8032 8034 8026
f 8034 8029 8026
f 8029 8164 8026
f 8029 8027 8164
f 8029 8030 8027
f 8030 8028 8027
f 8030 8031 8028
f 8034 8038 8029
f 8038 8030 8029
f 8038 8040 8030
f 8040 8031 8030
f 8040 8041 8031
f 8032 8019 8021
f 8034 8032 8033
f 8033 8032 8021
f 8038 8034 8035
f 8035 8034 8033
f 8036 8033 8024
f 8036 8037 8035
f 8024 8033 8021
f 8036 8035 8033
f 8037 8039 8035
f 8040 8038 8039
f 8039 8038 8035
f 8042 8040 8039
f 8041 8040 8042
f 8043 8041 8042
f 8044 8039 8037
f 8044 8045 8042
f 8045 8046 8043
f 8044 8042 8039
f 8045 8043 8042
f 8031 8047 8028
f 8049 8047 8031
f 8049 8048 8047
f 8049 8050 8048
f 8050 8051 8048
f 8041 8049 8031
f 8057 8049 8041
f 8057 8050 8049
f 8057 8059 8050
f 8059 8054 8050
f 8054 8051 8050
f 8054 8052 8051
f 8054 8055 8052
f 8055 8053 8052
f 8055 8056 8053
f 8059 8063 8054
f 8063 8055 8054
f 8063 8065 8055
f 8065 8056 8055
f 8065 8066 8056
f 8057 8041 8043
f 8058 8057 8043
f 8059 8057 8058
f 8063 8059 8060
f 8060 8059 8058
f 8061 8058 8046
f 8061 8062 8060
f 8328 8062 8061
f 8329 8069 8062
f 8046 8058 8043
f 8061 8060 8058
f 8062 8064 8060
f 8065 8063 8064
f 8064 8063 8060
f 8067 8065 8064
f 8066 8065 8067
f 8068 8066 8067
f 8069 8064 8062
f 8069 8070 8067
f 8330 8070 8069
f 8070 8071 8068
f 8331 8071 8070
f 8069 8067 8064
f 8070 8068 8067
f 7651 5996 5657
f 7651 8072 5996
f 8072 5997 5996
f 7654 8072 7651
f 8074 8073 8072
f 8072 8073 5997
f 8073 6001 5997
f 8073 8076 6001
f 8075 8076 8073
f 8074 8072 7654
f 7661 8074 7654
f 8082 8075 8074
f 8074 8075 8073
f 8079 8076 8075
f 8083 8079 8075
f 8076 6002 6001
f 8076 8077 6002
f 8079 8077 8076
f 8077 6003 6002
f 8077 8078 6003
f 8081 8078 8077
f 8079 8081 8077
f 8086 8081 8079
f 8081 8080 8078
f 8087 8080 8081
f 8082 8074 7661
f 7664 8082 7661
f 8084 8083 8082
f 8082 8083 8075
f 8083 8086 8079
f 8085 8086 8083
f 8084 8082 7664
f 7709 8084 7664
f 8112 8085 8084
f 8084 8085 8083
f 8089 8086 8085
f 8113 8089 8085
f 8086 8087 8081
f 8089 8087 8086
f 8087 8088 8080
f 8090 8088 8087
f 8089 8090 8087
f 8114 8090 8089
f 8090 8091 8088
f 8115 8091 8090
f 8092 6017 6016
f 8078 6016 6003
f 8078 8092 6016
f 8094 8093 8092
f 8080 8092 8078
f 8092 8093 6017
f 8093 6021 6017
f 8095 8096 8093
f 8094 8092 8080
f 8088 8094 8080
f 8102 8095 8094
f 8094 8095 8093
f 8103 8099 8095
f 8093 8096 6021
f 8096 6022 6021
f 8096 8097 6022
f 8099 8097 8096
f 8097 6023 6022
f 8097 8098 6023
f 8097 8100 8098
f 8099 8096 8095
f 8099 8100 8097
f 8106 8100 8099
f 8100 8101 8098
f 8107 8101 8100
f 8102 8094 8088
f 8091 8102 8088
f 8104 8103 8102
f 8102 8103 8095
f 8105 8106 8103
f 8104 8102 8091
f 8116 8104 8091
f 8117 8105 8104
f 8104 8105 8103
f 8105 8118 8109
f 8103 8106 8099
f 8106 8107 8100
f 8107 8106 8109
f 8107 8108 8101
f 8108 8107 8110
f 8106 8105 8109
f 8110 8107 8109
f 8119 8110 8109
f 8111 8108 8110
f 8120 8111 8110
f 8112 8084 7709
f 7249 8112 7709
f 7985 8113 8112
f 8112 8113 8085
f 8113 8114 8089
f 7986 8114 8113
f 7985 8112 7249
f 7985 7986 8113
f 8114 8115 8090
f 7987 8115 8114
f 8115 8116 8091
f 7988 8116 8115
f 8116 8117 8104
f 7989 8117 8116
f 8005 8118 8117
f 8117 8118 8105
f 8118 8119 8109
f 8119 8120 8110
f 8120 8121 8111
f 8098 6034 6023
f 8098 8122 6034
f 8122 6035 6034
f 8101 8122 8098
f 8124 8123 8122
f 8122 8123 6035
f 8123 6039 6035
f 8125 8126 8123
f 8124 8122 8101
f 8108 8124 8101
f 8132 8125 8124
f 8124 8125 8123
f 8133 8129 8125
f 8123 8126 6039
f 8126 6040 6039
f 8126 8127 6040
f 8129 8127 8126
f 8127 6041 6040
f 8127 8128 6041
f 8130 8128 8127
f 8129 8126 8125
f 8129 8130 8127
f 8136 8130 8129
f 8130 8131 8128
f 8137 8131 8130
f 8132 8124 8108
f 8132 8108 8111
f 8133 8132 8134
f 8132 8133 8125
f 8136 8133 8135
f 8134 8132 8111
f 8121 8134 8111
f 8162 8135 8134
f 8135 8133 8134
f 8163 8139 8135
f 8133 8136 8129
f 8136 8137 8130
f 8137 8136 8139
f 8137 8138 8131
f 8138 8137 8140
f 8139 8136 8135
f 8140 8137 8139
f 8164 8140 8139
f 8141 8138 8140
f 8027 8141 8140
f 8128 6049 6041
f 8128 8142 6049
f 8131 8142 8128
f 8142 6050 6049
f 8142 8143 6050
f 8143 6054 6050
f 8144 8143 8142
f 8145 8146 8143
f 8144 8142 8131
f 8138 8144 8131
f 8144 8145 8143
f 8152 8145 8144
f 8153 8149 8145
f 8143 8146 6054
f 8146 6055 6054
f 8146 8147 6055
f 8149 8147 8146
f 8147 6056 6055
f 8147 8148 6056
f 8150 8148 8147
f 8149 8146 8145
f 8149 8150 8147
f 8156 8150 8149
f 8150 8151 8148
f 8157 8151 8150
f 8152 8144 8138
f 8152 8138 8141
f 8152 8153 8145
f 8153 8152 8154
f 8156 8153 8155
f 8154 8152 8141
f 8028 8154 8141
f 8155 8153 8154
f 8047 8155 8154
f 8048 8159 8155
f 8153 8156 8149
f 8156 8157 8150
f 8157 8156 8159
f 8157 8158 8151
f 8158 8157 8160
f 8159 8156 8155
f 8160 8157 8159
f 8051 8160 8159
f 8161 8158 8160
f 8052 8161 8160
f 8162 8134 8121
f 8162 8163 8135
f 8163 8164 8139
f 8164 8027 8140
f 8027 8028 8141
f 8028 8047 8154
f 8047 8048 8155
f 8048 8051 8159
f 8051 8052 8160
f 8052 8053 8161
f 8175 8167 7909
f 8175 8177 8168
f 8177 8181 8172
f 8181 8183 8173
f 8183 8174 8173
f 8183 8184 8174
f 7896 7993 7264
f 8165 7993 7896
f 8165 7995 7993
f 8165 8167 8166
f 8165 7896 7899
f 8165 8166 7995
f 8166 7999 7995
f 8166 8169 7999
f 8168 8169 8166
f 8167 8165 7899
f 7909 8167 7899
f 8175 8168 8167
f 8167 8168 8166
f 8172 8169 8168
f 8177 8172 8168
f 8169 8000 7999
f 8169 8170 8000
f 8172 8170 8169
f 8170 8001 8000
f 8170 8171 8001
f 8173 8171 8170
f 8172 8173 8170
f 8181 8173 8172
f 8173 8174 8171
f 8175 7909 7910
f 8177 8175 8176
f 8176 8175 7910
f 8181 8177 8178
f 8178 8177 8176
f 8182 8181 8178
f 8179 8176 7913
f 7984 8179 7913
f 8275 8180 8179
f 8180 8178 8179
f 8187 8182 8180
f 8276 8187 8180
f 8276 8277 8187
f 8176 7910 7913
f 8178 8176 8179
f 8182 8178 8180
f 8183 8181 8182
f 8185 8183 8182
f 8184 8183 8185
f 8186 8184 8185
f 8188 8185 8187
f 8277 8188 8187
f 8277 8278 8188
f 8189 8186 8188
f 8278 8189 8188
f 8278 8279 8189
f 8185 8182 8187
f 8186 8185 8188
f 8184 8192 8174
f 8200 8192 8184
f 8200 8193 8192
f 8200 8202 8193
f 8202 8197 8193
f 8202 8206 8197
f 8206 8198 8197
f 8206 8208 8198
f 8208 8199 8198
f 8208 8209 8199
f 8171 8014 8001
f 8171 8190 8014
f 8190 8015 8014
f 8174 8190 8171
f 8192 8191 8190
f 8190 8191 8015
f 8191 8022 8015
f 8193 8194 8191
f 8192 8190 8174
f 8192 8193 8191
f 8191 8194 8022
f 8194 8023 8022
f 8194 8195 8023
f 8197 8195 8194
f 8195 8024 8023
f 8195 8196 8024
f 8198 8196 8195
f 8197 8194 8193
f 8197 8198 8195
f 8198 8199 8196
f 8200 8184 8186
f 8202 8200 8201
f 8201 8200 8186
f 8206 8202 8203
f 8203 8202 8201
f 8201 8186 8189
f 8204 8201 8189
f 8203 8201 8204
f 8279 8204 8189
f 8279 8280 8204
f 8280 8205 8204
f 8205 8203 8204
f 8207 8203 8205
f 8280 8281 8205
f 8281 8212 8205
f 8211 8210 8213
f 8208 8206 8207
f 8207 8206 8203
f 8210 8208 8207
f 8209 8208 8210
f 8211 8209 8210
f 8212 8207 8205
f 8210 8207 8212
f 8213 8210 8212
f 8281 8282 8212
f 8282 8213 8212
f 8282 8283 8213
f 8214 8211 8213
f 8283 8214 8213
f 8283 8284 8214
f 8218 7959 7974
f 8220 8218 8234
f 8225 8220 8235
f 8228 8225 8242
f 8229 8228 8243
f 8275 7984 7953
f 8276 8275 8215
f 8215 8275 7953
f 8277 8276 8216
f 8221 8216 8219
f 8216 8276 8215
f 8221 8277 8216
f 8218 8217 7959
f 8217 7958 7959
f 8219 8217 8218
f 8224 8219 8220
f 8220 8219 8218
f 8225 8224 8220
f 8217 8215 7958
f 8215 7953 7958
f 8216 8215 8217
f 8219 8216 8217
f 8224 8221 8219
f 8278 8277 8221
f 8223 8221 8224
f 8223 8278 8221
f 8279 8278 8223
f 8222 8223 8226
f 8222 8279 8223
f 8226 8224 8225
f 8228 8226 8225
f 8227 8226 8228
f 8229 8227 8228
f 8226 8223 8224
f 8227 8222 8226
f 8230 8231 7970
f 8231 7971 7970
f 8233 8231 8230
f 8232 8233 8230
f 8237 8236 8232
f 8236 8233 8232
f 8231 8234 7971
f 8234 7974 7971
f 8235 8234 8231
f 8234 8218 7974
f 8233 8235 8231
f 8236 8242 8233
f 8242 8235 8233
f 8235 8220 8234
f 8242 8225 8235
f 8240 8238 8237
f 8238 8236 8237
f 8241 8239 8240
f 8239 8238 8240
f 8243 8242 8236
f 8238 8243 8236
f 8243 8228 8242
f 8244 8243 8238
f 8239 8244 8238
f 8244 8229 8243
f 8248 8229 8244
f 8250 8248 8264
f 8255 8250 8265
f 8274 8258 8272
f 8258 8255 8272
f 8259 8258 8274
f 8273 8259 8274
f 8280 8279 8222
f 8281 8280 8245
f 8245 8222 8227
f 8246 8245 8247
f 8245 8280 8222
f 8282 8281 8246
f 8251 8246 8249
f 8246 8281 8245
f 8247 8227 8229
f 8249 8247 8248
f 8248 8247 8229
f 8254 8249 8250
f 8250 8249 8248
f 8247 8245 8227
f 8249 8246 8247
f 8251 8282 8246
f 8252 8283 8251
f 8283 8282 8251
f 8252 8251 8254
f 8284 8283 8252
f 8253 8284 8252
f 8253 8252 8256
f 8256 8254 8255
f 8255 8254 8250
f 8256 8255 8258
f 8257 8256 8258
f 8259 8257 8258
f 8254 8251 8249
f 8256 8252 8254
f 8257 8253 8256
f 8261 8260 8241
f 8260 8239 8241
f 8262 8260 8261
f 8263 8262 8261
f 8266 8262 8263
f 8260 8264 8239
f 8264 8244 8239
f 8265 8264 8260
f 8264 8248 8244
f 8262 8265 8260
f 8272 8265 8262
f 8265 8250 8264
f 8267 8266 8263
f 8270 8268 8267
f 8268 8266 8267
f 8271 8269 8270
f 8269 8268 8270
f 8266 8272 8262
f 8268 8274 8266
f 8274 8272 8266
f 8272 8255 8265
f 8273 8274 8268
f 8269 8273 8268
f 8275 8179 7984
f 8275 8276 8180
f 8292 8381 6819
f 8381 8386 6819
f 8388 8403 6819
f 8386 8388 6819
f 8209 8298 8199
f 8304 8298 8209
f 8304 8299 8298
f 8304 8306 8299
f 8306 8303 8299
f 8306 8310 8303
f 8310 8293 8303
f 8310 8312 8293
f 8312 8294 8293
f 8294 8312 8295
f 8196 8036 8024
f 8196 8296 8036
f 8296 8037 8036
f 8199 8296 8196
f 8298 8297 8296
f 8296 8297 8037
f 8297 8044 8037
f 8299 8300 8297
f 8298 8296 8199
f 8298 8299 8297
f 8297 8300 8044
f 8300 8045 8044
f 8300 8301 8045
f 8303 8301 8300
f 8301 8046 8045
f 8301 8302 8046
f 8301 8293 8302
f 8303 8300 8299
f 8303 8293 8301
f 8293 8294 8302
f 8305 8211 8214
f 8307 8305 8308
f 8311 8307 8309
f 8304 8209 8211
f 8306 8304 8305
f 8305 8304 8211
f 8307 8306 8305
f 8310 8306 8307
f 8308 8305 8214
f 8284 8308 8214
f 8404 8308 8284
f 8404 8309 8308
f 8309 8307 8308
f 8404 8344 8309
f 8344 8315 8309
f 8313 8311 8315
f 8314 8313 8316
f 8311 8310 8307
f 8312 8310 8311
f 8313 8312 8311
f 8312 8313 8295
f 8313 8314 8295
f 8315 8311 8309
f 8316 8313 8315
f 8315 8344 8285
f 8316 8315 8285
f 8286 8316 8285
f 8317 8314 8316
f 8317 8316 8286
f 8287 8317 8286
f 8319 8318 8295
f 8318 8294 8295
f 8322 8320 8321
f 8321 8320 8319
f 8320 8318 8319
f 8324 8322 8323
f 8323 8322 8321
f 8326 8324 8323
f 8325 8324 8326
f 8327 8325 8326
f 8302 8061 8046
f 8302 8328 8061
f 8294 8328 8302
f 8328 8329 8062
f 8318 8329 8328
f 8320 8330 8329
f 8318 8328 8294
f 8318 8320 8329
f 8329 8330 8069
f 8330 8331 8070
f 8322 8331 8330
f 8331 8332 8071
f 8324 8332 8331
f 8324 8325 8332
f 8322 8330 8320
f 8322 8324 8331
f 8333 8314 8317
f 8334 8333 8335
f 8338 8334 8336
f 8314 8319 8295
f 8333 8319 8314
f 8333 8321 8319
f 8333 8334 8321
f 8334 8323 8321
f 8335 8333 8317
f 8288 8335 8287
f 8335 8317 8287
f 8336 8334 8335
f 8289 8336 8288
f 8336 8335 8288
f 8340 8336 8289
f 8340 8339 8338
f 8341 8337 8339
f 8323 8334 8338
f 8326 8323 8338
f 8339 8326 8338
f 8327 8326 8339
f 8337 8327 8339
f 8340 8338 8336
f 8340 8341 8339
f 8290 8340 8289
f 8291 8341 8290
f 8341 8340 8290
f 8341 8342 8337
f 8342 8341 8291
f 8292 8342 8291
f 8363 8347 8273
f 8347 8259 8273
f 8349 8347 8363
f 8364 8349 8363
f 8354 8349 8364
f 8371 8354 8364
f 8372 8357 8371
f 8357 8354 8371
f 8358 8357 8372
f 8373 8358 8372
f 8404 8284 8253
f 8343 8404 8253
f 8344 8404 8343
f 8343 8253 8257
f 8345 8343 8346
f 8345 8344 8343
f 8344 8345 8285
f 8348 8345 8346
f 8350 8345 8348
f 8346 8257 8259
f 8348 8346 8347
f 8347 8346 8259
f 8353 8348 8349
f 8349 8348 8347
f 8346 8343 8257
f 8355 8351 8353
f 8355 8356 8352
f 8345 8350 8285
f 8350 8286 8285
f 8350 8351 8286
f 8353 8350 8348
f 8351 8350 8353
f 8351 8287 8286
f 8287 8351 8352
f 8351 8355 8352
f 8354 8353 8349
f 8357 8355 8354
f 8355 8353 8354
f 8358 8356 8357
f 8356 8355 8357
f 8360 8359 8271
f 8359 8269 8271
f 8361 8359 8360
f 8362 8361 8360
f 8365 8361 8362
f 8363 8273 8269
f 8359 8363 8269
f 8364 8363 8359
f 8361 8364 8359
f 8371 8364 8361
f 8366 8365 8362
f 8369 8367 8366
f 8367 8365 8366
f 8370 8368 8369
f 8368 8367 8369
f 8365 8371 8361
f 8372 8371 8365
f 8367 8372 8365
f 8373 8372 8367
f 8368 8373 8367
f 8393 8377 8373
f 8377 8358 8373
f 8394 8379 8393
f 8379 8377 8393
f 8384 8379 8394
f 8401 8384 8394
f 8387 8384 8401
f 8402 8387 8401
f 8388 8387 8402
f 8403 8388 8402
f 8376 8374 8356
f 8376 8378 8375
f 8288 8287 8352
f 8374 8288 8352
f 8356 8374 8352
f 8289 8288 8374
f 8375 8289 8374
f 8290 8289 8375
f 8376 8375 8374
f 8378 8380 8375
f 8377 8376 8358
f 8376 8356 8358
f 8379 8378 8377
f 8378 8376 8377
f 8383 8378 8379
f 8383 8380 8378
f 8383 8385 8382
f 8385 8386 8381
f 8380 8290 8375
f 8291 8290 8380
f 8382 8291 8380
f 8383 8382 8380
f 8292 8291 8382
f 8292 8382 8381
f 8382 8385 8381
f 8384 8383 8379
f 8387 8385 8384
f 8385 8383 8384
f 8388 8386 8387
f 8386 8385 8387
f 8390 8389 8370
f 8389 8368 8370
f 8392 8391 8390
f 8391 8389 8390
f 8395 8391 8392
f 8393 8373 8368
f 8389 8393 8368
f 8394 8393 8389
f 8391 8394 8389
f 8401 8394 8391
f 8396 8395 8392
f 8399 8397 8396
f 8397 8395 8396
f 8400 8398 8399
f 8398 8397 8399
f 8395 8401 8391
f 8402 8401 8395
f 8397 8402 8395
f 8403 8402 8397
f 8398 8403 8397
f 5196 5199 5197
f 5248 5250 5295
f 5247 5248 5295
f 5253 5254 5257
f 5254 5252 5257
f 5252 5462 5257
f 5250 5249 5256
f 5249 5255 5256
f 5255 5253 5257
f 5255 5257 5256
f 5250 5256 5295
f 5462 5465 5257
f 5260 5261 5318
f 5261 5273 5318
f 5266 5265 5276
f 5270 5262 5274
f 5271 5270 5274
f 5269 5271 5274
f 5272 5269 5273
f 5261 5272 5273
f 5262 5266 5276
f 5268 5291 5275
f 5267 5268 5275
f 5264 5263 5277
f 5265 5264 5277
f 5263 5267 5277
f 5267 5275 5277
f 5262 5276 5274
f 5273 5269 5274
f 5265 5277 5276
f 5276 5362 5274
f 5275 5364 5277
f 5277 5363 5276
f 5280 5279 5292
f 5281 5280 5293
f 5288 5285 5287
f 5286 5287 5284
f 5285 5284 5287
f 5286 5281 5293
f 5287 5286 5293
f 5279 5278 5292
f 5280 5292 5293
f 5282 5283 5294
f 5283 5247 5294
f 5278 5282 5294
f 5292 5278 5294
f 5247 5295 5294
f 5297 5288 5287
f 5289 5288 5297
f 5296 5287 5293
f 5290 5289 5297
f 5291 5290 5297
f 5292 5298 5293
f 5298 5296 5293
f 5299 5292 5294
f 5295 5300 5294
f 5299 5298 5292
f 5300 5299 5294
f 5256 5303 5295
f 5257 5301 5256
f 5275 5291 5297
f 5296 5297 5287
f 5304 5275 5297
f 5465 5302 5257
f 5364 5363 5277
f 5304 5364 5275
f 5303 5300 5295
f 5309 5300 5303
f 5256 5301 5303
f 5302 5301 5257
f 5305 5297 5296
f 5298 5307 5296
f 5308 5298 5299
f 5305 5304 5297
f 5308 5307 5298
f 5306 5299 5300
f 5306 5308 5299
f 5307 5305 5296
f 5483 5391 5302
f 5301 5310 5303
f 5310 5309 5303
f 5302 5390 5301
f 5390 5310 5301
f 5391 5390 5302
f 5309 5306 5300
f 5406 5305 5307
f 5308 5407 5307
f 5408 5308 5306
f 5309 5393 5306
f 5311 5312 5313
f 5190 5189 5313
f 5189 5311 5313
f 5192 5190 5313
f 5312 5316 5317
f 5316 5315 5317
f 5314 5260 5318
f 5315 5314 5318
f 5312 5317 5313
f 5317 5315 5318
f 5191 5192 5328
f 5328 5192 5313
f 5193 5191 5327
f 5194 5193 5327
f 5273 5326 5318
f 5325 5317 5318
f 5191 5328 5327
f 5324 5328 5313
f 5317 5324 5313
f 5195 5194 5323
f 5196 5195 5323
f 5199 5196 5322
f 5198 5199 5322
f 5200 5198 5322
f 5322 5196 5323
f 5201 5200 5319
f 5202 5201 5319
f 5319 5200 5322
f 5320 5202 5319
f 5204 5202 5320
f 5203 5204 5320
f 5321 5203 5320
f 5330 5321 5320
f 5194 5327 5323
f 5342 5319 5322
f 5343 5320 5319
f 5326 5325 5318
f 5325 5324 5317
f 5325 5367 5324
f 5361 5273 5274
f 5362 5361 5274
f 5361 5326 5273
f 5276 5363 5362
f 5327 5365 5323
f 5329 5322 5323
f 5329 5342 5322
f 5328 5366 5327
f 5369 5328 5324
f 5365 5329 5323
f 5366 5365 5327
f 5341 5330 5320
f 5331 5330 5341
f 5343 5341 5320
f 5332 5331 5344
f 5333 5332 5344
f 5334 5333 5344
f 5335 5334 5344
f 5336 5335 5339
f 5337 5336 5339
f 5345 5337 5339
f 5344 5331 5341
f 5339 5335 5344
f 5342 5343 5319
f 5376 5341 5343
f 5379 5339 5344
f 5378 5344 5341
f 5378 5379 5344
f 5345 5347 5346
f 5347 5345 5350
f 5348 5347 5350
f 5349 5348 5350
f 5351 5349 5352
f 5352 5349 5350
f 5350 5345 5339
f 5353 5351 5352
f 5355 5353 5352
f 5360 5355 5352
f 5354 5355 5360
f 5356 5354 5360
f 5357 5356 5360
f 5387 5350 5339
f 5359 5352 5350
f 5379 5387 5339
f 5387 5359 5350
f 5359 5360 5352
f 5326 5368 5325
f 5374 5326 5361
f 5374 5368 5326
f 5363 5371 5362
f 5372 5363 5364
f 5370 5361 5362
f 5370 5374 5361
f 5369 5366 5328
f 5367 5369 5324
f 5368 5367 5325
f 5383 5365 5366
f 5382 5366 5369
f 5304 5373 5364
f 5373 5372 5364
f 5371 5370 5362
f 5372 5371 5363
f 5405 5373 5304
f 5368 5398 5367
f 5375 5369 5367
f 5375 5382 5369
f 5370 5400 5374
f 5374 5399 5368
f 5398 5375 5367
f 5399 5398 5368
f 5401 5370 5371
f 5305 5405 5304
f 5406 5405 5305
f 5407 5406 5307
f 5381 5342 5329
f 5365 5380 5329
f 5377 5343 5342
f 5377 5376 5343
f 5383 5380 5365
f 5380 5381 5329
f 5381 5377 5342
f 5376 5378 5341
f 5385 5378 5376
f 5386 5379 5378
f 5382 5383 5366
f 5381 5416 5377
f 5415 5381 5380
f 5413 5380 5383
f 5384 5376 5377
f 5415 5416 5381
f 5416 5384 5377
f 5384 5385 5376
f 5385 5386 5378
f 5389 5359 5387
f 5388 5387 5379
f 5388 5389 5387
f 5577 5360 5359
f 5389 5577 5359
f 5386 5388 5379
f 5585 5388 5386
f 5408 5407 5308
f 5392 5393 5309
f 5393 5408 5306
f 5310 5392 5309
f 5390 5395 5310
f 5395 5392 5310
f 5394 5395 5390
f 5391 5394 5390
f 5396 5394 5391
f 5394 5432 5395
f 5395 5431 5392
f 5397 5394 5396
f 5395 5432 5431
f 5397 5432 5394
f 5547 5397 5396
f 5372 5402 5371
f 5373 5403 5372
f 5404 5373 5405
f 5404 5403 5373
f 5400 5399 5374
f 5399 5418 5398
f 5400 5420 5399
f 5401 5400 5370
f 5402 5401 5371
f 5372 5403 5402
f 5401 5421 5400
f 5421 5420 5400
f 5403 5427 5402
f 5402 5426 5401
f 5404 5428 5403
f 5427 5426 5402
f 5426 5421 5401
f 5403 5428 5427
f 5407 5410 5406
f 5411 5407 5408
f 5409 5405 5406
f 5409 5404 5405
f 5393 5412 5408
f 5430 5393 5392
f 5412 5411 5408
f 5410 5409 5406
f 5411 5410 5407
f 5430 5412 5393
f 5431 5430 5392
f 5409 5429 5404
f 5433 5409 5410
f 5414 5383 5382
f 5375 5419 5382
f 5417 5375 5398
f 5413 5415 5380
f 5414 5413 5383
f 5418 5417 5398
f 5417 5419 5375
f 5419 5414 5382
f 5424 5415 5413
f 5415 5425 5416
f 5422 5384 5416
f 5584 5385 5384
f 5583 5386 5385
f 5422 5584 5384
f 5584 5583 5385
f 5420 5418 5399
f 5442 5414 5419
f 5417 5443 5419
f 5440 5417 5418
f 5414 5423 5413
f 5424 5425 5415
f 5423 5424 5413
f 5425 5422 5416
f 5442 5423 5414
f 5443 5442 5419
f 5429 5428 5404
f 5428 5447 5427
f 5448 5428 5429
f 5453 5448 5429
f 5411 5434 5410
f 5439 5412 5430
f 5412 5438 5411
f 5439 5438 5412
f 5435 5439 5430
f 5432 5436 5431
f 5431 5435 5430
f 5433 5429 5409
f 5434 5433 5410
f 5438 5434 5411
f 5437 5436 5432
f 5397 5437 5432
f 5547 8405 5397
f 5436 5435 5431
f 8405 5437 5397
f 8408 5434 5438
f 5433 5453 5429
f 5434 8406 5433
f 5439 8407 5438
f 5435 8409 5439
f 8406 5453 5433
f 5434 8408 8406
f 8407 8408 5438
f 5436 8411 5435
f 5420 5441 5418
f 5421 5444 5420
f 5445 5421 5426
f 5440 5443 5417
f 5441 5440 5418
f 5445 5444 5421
f 5444 5441 5420
f 5427 5446 5426
f 5446 5445 5426
f 5594 5424 5423
f 5424 5591 5425
f 5451 5442 5443
f 5440 5452 5443
f 5442 5449 5423
f 5594 5591 5424
f 5449 5594 5423
f 8416 5441 5444
f 5446 8418 5445
f 5445 8417 5444
f 5447 5446 5427
f 5448 5447 5428
f 5447 8414 5446
f 5450 5440 5441
f 5452 5451 5443
f 5450 5452 5440
f 5451 5449 5442
f 8416 5450 5441
f 8417 8416 5444
f 5454 5455 5456
f 5455 5461 5456
f 5455 5458 5461
f 5458 5459 5461
f 5459 5460 5461
f 5461 5460 5473
f 5463 5464 5456
f 5464 5454 5456
f 5476 5461 5473
f 5462 5463 5465
f 5465 5463 5456
f 5475 5465 5456
f 5461 5475 5456
f 5461 5476 5475
f 5460 5466 5473
f 5466 5467 5473
f 5467 5468 5473
f 5468 5474 5473
f 5468 5470 5474
f 5470 5471 5474
f 5471 5472 5474
f 5474 5479 5473
f 5472 5491 5474
f 5472 5484 5491
f 5491 5480 5474
f 5479 5476 5473
f 5474 5480 5479
f 5483 5465 5475
f 5477 5483 5475
f 5476 5477 5475
f 5479 5478 5476
f 5478 5477 5476
f 5502 5480 5491
f 5480 5481 5479
f 5502 5482 5480
f 5481 5478 5479
f 5504 5482 5502
f 5482 5481 5480
f 5483 5302 5465
f 5477 5540 5483
f 5540 5391 5483
f 5541 5477 5478
f 5484 5485 5491
f 5485 5486 5491
f 5486 5492 5491
f 5492 5502 5491
f 5486 5487 5492
f 5487 5489 5492
f 5489 5490 5492
f 5490 5495 5492
f 5495 5503 5492
f 5493 5494 5495
f 5490 5493 5495
f 5494 5496 5495
f 5496 5501 5495
f 5501 5506 5495
f 5496 5497 5501
f 5497 5499 5501
f 5499 5500 5501
f 5500 7267 5501
f 7267 5507 5501
f 5492 5503 5502
f 5495 5506 5503
f 5503 5504 5502
f 5505 5504 5503
f 5506 5505 5503
f 5508 5505 5506
f 5507 5506 5501
f 5507 5508 5506
f 5509 5508 5507
f 7282 5509 5507
f 5357 5511 5510
f 5511 5357 5518
f 5512 5511 5518
f 5513 5512 5519
f 5514 5513 5519
f 5516 5514 5519
f 5518 5357 5360
f 5519 5512 5518
f 5527 5516 5519
f 5612 5519 5518
f 5516 5520 5517
f 5520 5516 5527
f 5521 5520 5527
f 5522 5521 5527
f 5523 5522 5528
f 5524 5523 5528
f 5525 5524 5528
f 5526 5525 5528
f 5528 5522 5527
f 5618 5526 5528
f 5611 5518 5360
f 5577 5611 5360
f 5529 5526 5618
f 5530 5529 5618
f 5531 5530 5618
f 5532 5531 5619
f 5533 5532 5619
f 5534 5533 5619
f 5619 5531 5618
f 5622 5534 5619
f 5535 5534 5622
f 5536 5535 5622
f 5537 5536 5623
f 5539 5537 5623
f 5538 5539 5623
f 7322 5538 5623
f 5623 5536 5622
f 7616 7322 5623
f 5482 5544 5481
f 5504 5545 5482
f 5477 5541 5540
f 5540 5396 5391
f 5542 5541 5478
f 5481 5542 5478
f 5541 5543 5540
f 5548 5543 5541
f 5542 5548 5541
f 5546 5548 5542
f 5543 5396 5540
f 5544 5542 5481
f 5482 5545 5544
f 5545 5552 5544
f 5546 5542 5544
f 5552 5546 5544
f 5556 5553 5545
f 5545 5553 5552
f 5543 5547 5396
f 5549 5543 5548
f 5551 5549 5548
f 5549 5547 5543
f 5546 5551 5548
f 8472 5547 5549
f 5551 8473 5549
f 5550 5551 5546
f 5550 8474 5551
f 5553 5554 5552
f 5560 5555 5553
f 5552 5550 5546
f 5554 5550 5552
f 5554 8465 5550
f 5555 5554 5553
f 5505 5556 5504
f 5504 5556 5545
f 5557 5556 5505
f 5557 5505 5508
f 5558 5557 5508
f 5509 5558 5508
f 5559 5558 5509
f 7284 5559 5509
f 5557 5560 5556
f 5558 5561 5557
f 5559 5564 5558
f 7359 5565 5559
f 5556 5560 5553
f 5561 5562 5560
f 5561 5560 5557
f 5562 5555 5560
f 5563 5562 5561
f 5564 5563 5561
f 5558 5564 5561
f 5565 5564 5559
f 5565 5566 5564
f 5564 5566 5563
f 7363 5567 5565
f 5567 5566 5565
f 5547 8472 8405
f 8473 8472 5549
f 5587 5389 5388
f 5586 5577 5389
f 5590 5422 5425
f 5593 5583 5584
f 5592 5584 5422
f 5592 5593 5584
f 5583 5585 5386
f 5585 5587 5388
f 5587 5586 5389
f 5589 5586 5587
f 5597 5585 5583
f 5585 5588 5587
f 5593 5597 5583
f 5597 5588 5585
f 5588 5589 5587
f 5591 5590 5425
f 5590 5592 5422
f 5596 5593 5592
f 8533 5591 5594
f 8532 5590 5591
f 8531 5594 5449
f 5451 8534 5449
f 8531 8533 5594
f 8533 8532 5591
f 5590 5595 5592
f 5595 5596 5592
f 8532 5595 5590
f 5598 5597 5593
f 5599 5588 5597
f 5598 5599 5597
f 5600 5589 5588
f 5599 5600 5588
f 5596 5598 5593
f 8542 5598 5596
f 8543 5599 5598
f 8620 5600 5599
f 5613 5527 5519
f 5614 5528 5527
f 5611 5612 5518
f 5612 5613 5519
f 5658 5611 5577
f 5586 5658 5577
f 5658 5659 5611
f 5611 5659 5612
f 5659 5662 5612
f 5613 5614 5527
f 5614 5630 5528
f 5662 5613 5612
f 5662 5615 5613
f 5615 5614 5613
f 5615 5632 5614
f 5630 5618 5528
f 5631 5619 5618
f 5634 5622 5619
f 5635 5623 5622
f 5630 5631 5618
f 5631 5634 5619
f 5632 5630 5614
f 5632 5633 5630
f 5633 5631 5630
f 5633 5636 5631
f 5634 5635 5622
f 5636 5634 5631
f 5635 7625 5623
f 5636 5637 5634
f 5637 5635 5634
f 5637 7627 5635
f 5660 5658 5586
f 5661 5659 5658
f 5589 5660 5586
f 5660 5661 5658
f 5661 5663 5659
f 5663 5662 5659
f 5663 5664 5662
f 5664 5615 5662
f 5664 5669 5615
f 5667 5663 5661
f 5668 5664 5663
f 5666 5660 5589
f 5600 5666 5589
f 5665 5661 5660
f 5665 5667 5661
f 5666 5665 5660
f 8619 5666 5600
f 8621 5665 5666
f 8619 8621 5666
f 5667 5668 5663
f 5668 5673 5664
f 8625 5667 5665
f 8626 5668 5667
f 8621 8625 5665
f 8625 8626 5667
f 8626 8634 5668
f 5669 5632 5615
f 5669 5670 5632
f 5670 5633 5632
f 5670 5671 5633
f 5673 5669 5664
f 5674 5670 5669
f 5671 5636 5633
f 5671 5672 5636
f 5672 5637 5636
f 5672 7666 5637
f 5675 5671 5670
f 5676 5672 5671
f 5673 5674 5669
f 5674 5675 5670
f 5675 5676 5671
f 5676 7674 5672
f 8634 5673 5668
f 8634 8635 5673
f 8635 5674 5673
f 8635 8638 5674
f 8638 5675 5674
f 8638 8639 5675
f 8639 5676 5675
f 8639 9538 5676
f 7188 7190 7432
f 7190 7189 7432
f 7189 7191 7432
f 7191 7192 7432
f 7432 7192 7198
f 7192 7194 7198
f 7194 7195 7198
f 7195 7197 7198
f 7205 7203 7204
f 7217 7218 7499
f 7218 7219 7499
f 7219 7220 7498
f 7223 7229 7498
f 7220 7221 7498
f 7221 7223 7498
f 7223 7224 7229
f 7224 7226 7229
f 7225 7228 7229
f 7226 7225 7229
f 5500 7265 7267
f 7265 7266 7267
f 7266 7269 7267
f 7269 7272 7267
f 7272 7282 7267
f 7269 7270 7272
f 7270 7271 7272
f 7271 7275 7272
f 7275 7283 7272
f 7271 7273 7275
f 7273 7274 7275
f 7274 7276 7275
f 7276 7281 7275
f 7281 7286 7275
f 7276 7278 7281
f 7278 7279 7281
f 7279 7280 7281
f 7280 7294 7281
f 7280 7293 7294
f 7294 7287 7281
f 7267 7282 5507
f 7283 7282 7272
f 7275 7286 7283
f 7283 7284 7282
f 7284 5509 7282
f 7285 7284 7283
f 7286 7285 7283
f 7286 7288 7285
f 7281 7287 7286
f 7287 7288 7286
f 7312 7287 7294
f 7312 7289 7287
f 7289 7288 7287
f 7314 7289 7312
f 7292 7300 7299
f 7293 7295 7294
f 7295 7296 7294
f 7296 7298 7294
f 7296 7290 7298
f 7298 7312 7294
f 7290 7291 7298
f 7291 7292 7298
f 7313 7298 7299
f 7298 7292 7299
f 7298 7313 7312
f 7316 7313 7299
f 7300 7301 7299
f 7301 7302 7299
f 7302 7303 7299
f 7302 7304 7303
f 7304 7307 7303
f 7307 7306 7303
f 7306 7311 7303
f 7306 7308 7311
f 7308 7309 7311
f 7309 7310 7311
f 7303 7316 7299
f 7303 7317 7316
f 7311 7317 7303
f 7318 7317 7311
f 7313 7314 7312
f 7316 7315 7313
f 7315 7314 7313
f 7319 7315 7316
f 7317 7319 7316
f 7318 7320 7317
f 7320 7319 7317
f 7321 7320 7318
f 7323 7322 7616
f 7324 7323 7616
f 7325 7324 7328
f 7326 7325 7328
f 7327 7326 7328
f 7328 7324 7616
f 7337 7327 7328
f 7329 7327 7337
f 7330 7329 7337
f 7338 7330 7337
f 7330 7338 7331
f 7332 7331 7338
f 7333 7332 7338
f 7348 7333 7338
f 7334 7333 7348
f 7336 7334 7348
f 7339 7336 7348
f 7640 7348 7338
f 7340 7339 7348
f 7349 7340 7348
f 7341 7340 7349
f 7342 7341 7349
f 7641 7349 7348
f 7346 7345 7350
f 7343 7342 7349
f 7350 7343 7349
f 7344 7343 7350
f 7345 7344 7350
f 7355 7354 7358
f 7351 7346 7357
f 7352 7351 7357
f 7357 7346 7350
f 7358 7352 7357
f 7353 7352 7358
f 7354 7353 7358
f 7462 7355 7466
f 7466 7355 7358
f 7642 7350 7349
f 7643 7357 7350
f 7643 7644 7357
f 7644 7358 7357
f 7481 7466 7358
f 7644 7481 7358
f 7285 7359 7284
f 7359 5559 7284
f 7288 7360 7285
f 7360 7359 7285
f 7288 7361 7360
f 7289 7361 7288
f 7289 7362 7361
f 7314 7362 7289
f 7371 7362 7314
f 7360 7363 7359
f 7361 7364 7360
f 7362 7367 7361
f 7371 7368 7362
f 7363 5565 7359
f 7364 7363 7360
f 7361 7367 7364
f 7364 7365 7363
f 7363 7365 5567
f 7367 7366 7364
f 7367 7369 7366
f 7364 7366 7365
f 7362 7368 7367
f 7368 7369 7367
f 7376 7368 7371
f 7376 7370 7368
f 7370 7369 7368
f 7378 7370 7376
f 7315 7371 7314
f 7319 7372 7315
f 7320 7373 7319
f 7315 7372 7371
f 7373 7372 7319
f 7372 7376 7371
f 7372 7377 7376
f 7373 7377 7372
f 7380 7377 7373
f 7320 7374 7373
f 7321 7374 7320
f 7375 7374 7321
f 7374 7380 7373
f 7374 7381 7380
f 7375 7381 7374
f 7375 7382 7381
f 7377 7378 7376
f 7380 7379 7377
f 7377 7379 7378
f 7383 7379 7380
f 7381 7383 7380
f 7382 7384 7381
f 7384 7383 7381
f 7385 7384 7382
f 7310 7386 7311
f 7386 7387 7311
f 7387 7318 7311
f 7387 7388 7409
f 7388 7390 7409
f 7387 7409 7318
f 7390 7391 7409
f 7391 7392 7409
f 7392 7393 7394
f 7393 7398 7394
f 7392 7394 7409
f 7398 7399 7406
f 7399 7396 7406
f 7396 7397 7406
f 7397 7401 7406
f 7401 7402 7406
f 7402 7403 7407
f 7403 7404 7407
f 7404 7405 7408
f 7398 7406 7394
f 7402 7407 7406
f 7404 7408 7407
f 7409 7321 7318
f 7410 7321 7409
f 7394 7410 7409
f 7406 7411 7394
f 7411 7410 7394
f 7407 7413 7406
f 7413 7411 7406
f 7408 7414 7407
f 7410 7375 7321
f 7411 7539 7410
f 7413 7540 7411
f 7414 7413 7407
f 7412 7414 7408
f 7414 7542 7413
f 7543 7542 7414
f 7412 7543 7414
f 7412 7544 7543
f 7418 7405 7416
f 7405 7418 7408
f 7418 7419 7426
f 7419 7420 7426
f 7420 7421 7426
f 7421 7431 7426
f 7424 7422 7423
f 7421 7422 7431
f 7422 7424 7431
f 7418 7426 7408
f 7424 7425 7429
f 7180 7181 7430
f 7181 7183 7430
f 7183 7182 7430
f 7425 7427 7429
f 7427 7428 7429
f 7428 7180 7430
f 7182 7434 7430
f 7424 7429 7431
f 7428 7430 7429
f 7426 7412 7408
f 7431 7442 7426
f 7430 7443 7429
f 7434 7444 7430
f 7429 7445 7431
f 7429 7443 7445
f 7444 7443 7430
f 7441 7444 7434
f 7182 7184 7434
f 7184 7186 7434
f 7186 7187 7433
f 7187 7188 7433
f 7188 7432 7433
f 7186 7433 7434
f 7432 7440 7433
f 7433 7441 7434
f 7197 7196 7438
f 7196 7200 7438
f 7197 7439 7198
f 7200 7199 7436
f 7199 7201 7436
f 7201 7202 7436
f 7202 7203 7436
f 7203 7205 7435
f 7205 7206 7435
f 7206 7207 7500
f 7435 7206 7500
f 7436 7203 7435
f 7437 7432 7198
f 7197 7438 7439
f 7439 7437 7198
f 7438 7200 7436
f 7440 7441 7433
f 7437 7440 7432
f 7519 7438 7436
f 7438 7520 7439
f 7439 7449 7437
f 7442 7412 7426
f 7445 7442 7431
f 7443 7446 7445
f 7444 7448 7443
f 7441 7447 7444
f 7451 7447 7441
f 7544 7412 7442
f 7445 7554 7442
f 7446 7554 7445
f 7554 7544 7442
f 7448 7446 7443
f 7447 7448 7444
f 7451 7555 7447
f 7437 7450 7440
f 7440 7451 7441
f 7519 7520 7438
f 7449 7450 7437
f 7520 7449 7439
f 7450 7451 7440
f 7561 7450 7449
f 7450 7562 7451
f 7452 7463 7455
f 7454 7452 7455
f 7453 7454 7455
f 7456 7453 7455
f 7460 7456 7455
f 7458 7457 7460
f 7457 7456 7460
f 7459 7458 7460
f 7472 7459 7460
f 7463 7461 7455
f 7461 7462 7466
f 7461 7466 7465
f 7461 7465 7455
f 7480 7460 7455
f 7465 7480 7455
f 7480 7484 7460
f 7468 7467 7472
f 7467 7459 7472
f 7469 7468 7477
f 7468 7472 7477
f 7470 7469 7477
f 7476 7474 7479
f 7473 7470 7477
f 7474 7473 7479
f 7475 7476 7511
f 7511 7476 7479
f 7479 7473 7477
f 7484 7472 7460
f 7472 7485 7477
f 7486 7479 7477
f 7485 7486 7477
f 7484 7485 7472
f 7466 7482 7465
f 7481 7482 7466
f 7483 7480 7465
f 7482 7483 7465
f 7483 7487 7480
f 7486 7531 7479
f 7487 7484 7480
f 7488 7485 7484
f 7489 7486 7485
f 7487 7488 7484
f 7715 7487 7483
f 7488 7489 7485
f 7537 7531 7486
f 7489 7537 7486
f 7490 7508 7494
f 7491 7490 7494
f 7493 7492 7494
f 7492 7491 7494
f 7495 7493 7494
f 7210 7211 7501
f 7212 7209 7496
f 7214 7212 7497
f 7211 7213 7497
f 7214 7497 7213
f 7497 7212 7496
f 7211 7497 7501
f 7216 7215 7495
f 7209 7216 7496
f 7496 7216 7495
f 7215 7493 7495
f 7513 7495 7494
f 7514 7496 7495
f 7515 7497 7496
f 7497 7516 7501
f 7514 7515 7496
f 7515 7516 7497
f 7207 7217 7500
f 7217 7499 7500
f 7499 7219 7498
f 7228 7227 7505
f 7227 7231 7505
f 7229 7502 7498
f 7228 7506 7229
f 7503 7499 7498
f 7499 7504 7500
f 7228 7505 7506
f 7506 7502 7229
f 7230 7210 7501
f 7231 7230 7505
f 7505 7230 7501
f 7517 7435 7500
f 7518 7436 7435
f 7504 7517 7500
f 7502 7503 7498
f 7503 7504 7499
f 7517 7518 7435
f 7518 7519 7436
f 7521 7505 7501
f 7505 7524 7506
f 7506 7523 7502
f 7516 7521 7501
f 7475 7507 7509
f 7507 7475 7511
f 7508 7507 7511
f 7512 7508 7511
f 7508 7512 7494
f 7512 7513 7494
f 7531 7511 7479
f 7532 7512 7511
f 7513 7514 7495
f 7522 7503 7502
f 7503 7529 7504
f 7504 7525 7517
f 7528 7519 7518
f 7517 7527 7518
f 7525 7527 7517
f 7529 7525 7504
f 7521 7524 7505
f 7524 7523 7506
f 7523 7522 7502
f 7522 7529 7503
f 7521 7530 7524
f 7538 7521 7516
f 7519 7526 7520
f 7520 7560 7449
f 7528 7526 7519
f 7527 7528 7518
f 7526 7560 7520
f 7560 7561 7449
f 7525 7566 7527
f 7564 7522 7523
f 7524 7563 7523
f 7538 7530 7521
f 7567 7529 7522
f 7565 7525 7529
f 7564 7567 7522
f 7530 7563 7524
f 7563 7564 7523
f 7531 7532 7511
f 7532 7533 7512
f 7533 7513 7512
f 7535 7514 7513
f 7514 7534 7515
f 7533 7535 7513
f 7515 7536 7516
f 7534 7536 7515
f 7535 7534 7514
f 7576 7533 7532
f 7536 7538 7516
f 7534 7574 7536
f 7577 7535 7533
f 7576 7577 7533
f 7573 7534 7535
f 7575 7532 7531
f 7537 7575 7531
f 7575 7576 7532
f 7410 7539 7375
f 7540 7539 7411
f 7539 7382 7375
f 7548 7539 7540
f 7539 7548 7382
f 7542 7541 7540
f 7541 7548 7540
f 7413 7542 7540
f 7543 7545 7542
f 7544 7546 7543
f 7542 7545 7541
f 7546 7545 7543
f 7544 7547 7546
f 7556 7551 7547
f 7541 7549 7548
f 7548 7385 7382
f 7545 7550 7541
f 7550 7549 7541
f 7548 7549 7385
f 7549 9399 7385
f 7550 9445 7549
f 7552 9446 7550
f 7546 7552 7545
f 7552 7550 7545
f 7553 7552 7546
f 7547 7553 7546
f 7547 7551 7553
f 7553 9448 7552
f 7551 9449 7553
f 7446 7556 7554
f 7554 7547 7544
f 7557 7556 7446
f 7448 7557 7446
f 7447 7558 7448
f 7562 7555 7451
f 7555 7558 7447
f 7448 7558 7557
f 7556 7547 7554
f 7557 7559 7556
f 7555 7588 7558
f 7558 7587 7557
f 7561 7562 7450
f 7559 7551 7556
f 7587 7559 7557
f 7716 7488 7487
f 7717 7489 7488
f 7489 7579 7537
f 7716 7717 7488
f 7579 7489 7717
f 7559 9450 7551
f 7551 9450 9449
f 7589 7555 7562
f 7558 7588 7587
f 7571 7589 7562
f 7589 7588 7555
f 7527 7572 7528
f 7528 7568 7526
f 7561 7571 7562
f 7569 7561 7560
f 7526 7570 7560
f 7572 7568 7528
f 7568 7570 7526
f 7567 7565 7529
f 7565 7566 7525
f 7566 7572 7527
f 7584 7564 7563
f 7564 7586 7567
f 7569 7571 7561
f 7570 7569 7560
f 7596 7566 7565
f 7567 7594 7565
f 7584 7586 7564
f 7586 7594 7567
f 7597 7568 7572
f 7566 7595 7572
f 7568 7598 7570
f 7594 7596 7565
f 7596 7595 7566
f 7536 7578 7538
f 7577 7573 7535
f 7573 7574 7534
f 7574 7578 7536
f 7580 7576 7575
f 7581 7575 7537
f 7579 7581 7537
f 7582 7577 7576
f 7601 7574 7573
f 7574 7602 7578
f 7581 7580 7575
f 7729 7581 7579
f 7580 7582 7576
f 7577 7600 7573
f 7582 7600 7577
f 7600 7601 7573
f 7601 7602 7574
f 7538 7583 7530
f 7585 7563 7530
f 7578 7583 7538
f 7583 7585 7530
f 7585 7584 7563
f 7607 7583 7578
f 7608 7585 7583
f 7588 7590 7587
f 7589 7591 7588
f 7592 7589 7571
f 7593 7592 7571
f 9460 7559 7587
f 9460 9450 7559
f 7590 9460 7587
f 7591 7590 7588
f 7592 7591 7589
f 7593 9462 7592
f 7599 7569 7570
f 7569 7593 7571
f 7599 7593 7569
f 7595 7597 7572
f 7597 7598 7568
f 7598 7599 7570
f 7612 7596 7594
f 7596 7613 7595
f 7598 9468 7599
f 9467 7597 7595
f 7597 9466 7598
f 7613 9467 7595
f 7599 9461 7593
f 9467 9466 7597
f 9466 9468 7598
f 7602 7607 7578
f 7730 7580 7581
f 7603 7582 7580
f 7582 7604 7600
f 7605 7601 7600
f 7606 7602 7601
f 7730 7603 7580
f 7603 7604 7582
f 9469 7607 7602
f 7606 9469 7602
f 7604 7605 7600
f 7605 7606 7601
f 9469 9474 7607
f 7610 7584 7585
f 7586 7609 7594
f 7584 7611 7586
f 7607 7608 7583
f 7608 7610 7585
f 7610 7611 7584
f 7611 7609 7586
f 7609 7612 7594
f 7612 7613 7596
f 7608 9475 7610
f 9476 7611 7610
f 9473 7609 7611
f 7607 9474 7608
f 9474 9475 7608
f 7625 7616 5623
f 7626 7328 7616
f 7628 7337 7328
f 7629 7338 7337
f 7625 7626 7616
f 7626 7628 7328
f 7627 7625 5635
f 7627 7665 7625
f 7665 7626 7625
f 7668 7628 7626
f 7665 7668 7626
f 7628 7629 7337
f 7629 7640 7338
f 7669 7629 7628
f 7668 7669 7628
f 7670 7640 7629
f 7669 7670 7629
f 7640 7641 7348
f 7641 7642 7349
f 7642 7643 7350
f 7679 7641 7640
f 7670 7679 7640
f 7641 7680 7642
f 7680 7683 7642
f 7679 7680 7641
f 7683 7643 7642
f 7684 7644 7643
f 7684 7643 7683
f 7712 7481 7644
f 5637 7666 7627
f 7666 7667 7627
f 7667 7665 7627
f 7671 7668 7665
f 7667 7671 7665
f 7674 7666 5672
f 7676 7671 7667
f 7675 7667 7666
f 7672 7669 7668
f 7673 7670 7669
f 7671 7672 7668
f 7677 7672 7671
f 7672 7673 7669
f 7674 7675 7666
f 7675 7676 7667
f 9539 7675 7674
f 9542 7676 7675
f 7676 7677 7671
f 7678 7673 7672
f 7677 7678 7672
f 9543 7677 7676
f 9544 7678 7677
f 9538 7674 5676
f 9538 9539 7674
f 9539 9542 7675
f 9543 7676 9542
f 9543 9544 7677
f 7681 7679 7670
f 7682 7680 7679
f 7681 7682 7679
f 7682 7686 7680
f 7673 7681 7670
f 7686 7683 7680
f 7687 7684 7683
f 7684 7712 7644
f 7686 7687 7683
f 7687 7685 7684
f 7685 7712 7684
f 7688 7681 7673
f 7678 7688 7673
f 7689 7682 7681
f 7689 7681 7688
f 7689 7690 7682
f 7678 9555 7688
f 9555 7678 9544
f 9556 7689 7688
f 9555 9556 7688
f 7690 7686 7682
f 7691 7687 7686
f 7690 7691 7686
f 7692 7685 7687
f 7691 7692 7687
f 9559 7690 7689
f 9553 7691 7690
f 9554 7692 7691
f 7713 7482 7481
f 7714 7483 7482
f 7712 7713 7481
f 7713 7714 7482
f 7714 7715 7483
f 7718 7713 7712
f 7685 7718 7712
f 7718 7719 7713
f 7719 7714 7713
f 7722 7715 7714
f 7719 7722 7714
f 7715 7716 7487
f 7715 7723 7716
f 7722 7723 7715
f 7724 7717 7716
f 7728 7579 7717
f 7721 7719 7718
f 7726 7722 7719
f 7720 7718 7685
f 7692 7720 7685
f 7720 7721 7718
f 9598 7720 7692
f 7721 7726 7719
f 9599 7721 7720
f 7727 7723 7722
f 7723 7724 7716
f 7724 7728 7717
f 7723 7725 7724
f 7726 7727 7722
f 7727 7725 7723
f 9600 7728 7724
f 7725 9600 7724
f 7728 7729 7579
f 7729 7730 7581
f 9615 7729 7728
f 7729 9616 7730
f 9600 9615 7728
f 9615 9616 7729
f 7730 9617 7603
f 9618 7604 7603
f 8410 5436 5437
f 8413 5437 8405
f 8413 8410 5437
f 8472 8412 8405
f 8412 8413 8405
f 8409 8407 5439
f 8407 8426 8408
f 8409 8427 8407
f 5436 8410 8411
f 8411 8409 5435
f 8428 8427 8409
f 8413 8430 8410
f 8428 8409 8411
f 8410 8429 8411
f 8412 8431 8413
f 8429 8428 8411
f 8430 8429 8410
f 8418 8417 5445
f 5448 8415 5447
f 5453 8419 5448
f 8415 8414 5447
f 8414 8418 5446
f 8425 8419 5453
f 5448 8419 8415
f 8535 5451 5452
f 8536 5452 5450
f 8421 8416 8417
f 8418 8422 8417
f 8420 5450 8416
f 8536 8535 5452
f 8420 8536 5450
f 8419 8433 8415
f 8425 8434 8419
f 8419 8434 8433
f 8414 8423 8418
f 8423 8422 8418
f 8421 8420 8416
f 8422 8421 8417
f 8415 8432 8414
f 8432 8423 8414
f 8433 8432 8415
f 8425 5453 8406
f 8408 8424 8406
f 8424 8425 8406
f 8426 8424 8408
f 8427 8426 8407
f 8424 8439 8425
f 8426 8440 8424
f 8431 8430 8413
f 8478 8431 8412
f 8445 8430 8431
f 8478 8446 8431
f 8446 8445 8431
f 8496 8446 8478
f 8439 8434 8425
f 8548 8421 8422
f 8435 8423 8432
f 8423 8552 8422
f 8435 8552 8423
f 8436 8432 8433
f 8438 8434 8439
f 8434 8437 8433
f 8436 8435 8432
f 8438 8437 8434
f 8437 8436 8433
f 8437 8568 8436
f 8427 8441 8426
f 8428 8442 8427
f 8440 8439 8424
f 8441 8440 8426
f 8442 8441 8427
f 8429 8444 8428
f 8430 8443 8429
f 8444 8442 8428
f 8443 8444 8429
f 8451 8441 8442
f 8444 8452 8442
f 8445 8443 8430
f 8443 8453 8444
f 8448 8443 8445
f 8440 8447 8439
f 8441 8450 8440
f 8447 8438 8439
f 8450 8447 8440
f 8451 8450 8441
f 8452 8451 8442
f 8438 8569 8437
f 8447 8573 8438
f 8573 8569 8438
f 8446 8449 8445
f 8454 8446 8496
f 8453 8452 8444
f 8448 8453 8443
f 8449 8448 8445
f 8454 8449 8446
f 8455 8447 8450
f 8451 8456 8450
f 8452 8457 8451
f 8456 8455 8450
f 8455 8573 8447
f 8453 8459 8452
f 8449 8460 8448
f 8461 8449 8454
f 8512 8461 8454
f 8459 8457 8452
f 8457 8456 8451
f 8600 8456 8457
f 8448 8458 8453
f 8458 8459 8453
f 8460 8458 8448
f 8461 8460 8449
f 8599 8457 8459
f 8601 8599 8459
f 8458 8601 8459
f 8462 8458 8460
f 8461 8463 8460
f 8512 8464 8461
f 8458 8462 8601
f 8463 8462 8460
f 8464 8463 8461
f 8712 8463 8464
f 5551 8474 8473
f 8465 8474 5550
f 5555 8466 5554
f 5554 8466 8465
f 5562 8467 5555
f 8467 8466 5555
f 8483 8466 8467
f 8468 8484 8467
f 5563 8468 5562
f 5562 8468 8467
f 5566 8469 5563
f 8469 8468 5563
f 8469 8488 8468
f 8470 8489 8469
f 8470 5566 5567
f 5566 8470 8469
f 7365 8471 5567
f 8471 8470 5567
f 8471 8492 8470
f 9391 8493 8471
f 8488 8484 8468
f 8489 8488 8469
f 8492 8489 8470
f 8493 8492 8471
f 8473 8475 8472
f 8474 8476 8473
f 8475 8412 8472
f 8476 8475 8473
f 8477 8476 8474
f 8465 8477 8474
f 8482 8477 8465
f 8475 8478 8412
f 8466 8482 8465
f 8466 8483 8482
f 8484 8483 8467
f 8476 8479 8475
f 8477 8480 8476
f 8481 8477 8482
f 8481 8480 8477
f 8485 8481 8482
f 8479 8478 8475
f 8480 8479 8476
f 8497 8479 8480
f 8479 8496 8478
f 8497 8496 8479
f 8498 8497 8480
f 8481 8498 8480
f 8485 8499 8481
f 8483 8485 8482
f 8484 8486 8483
f 8488 8487 8484
f 8486 8485 8483
f 8487 8486 8484
f 8486 8500 8485
f 8489 8490 8488
f 8490 8487 8488
f 8491 8490 8489
f 8492 8491 8489
f 8494 8491 8492
f 8493 8494 8492
f 9400 8495 8493
f 8495 8494 8493
f 8498 8504 8497
f 8499 8498 8481
f 8500 8499 8485
f 8505 8498 8499
f 8506 8505 8499
f 8500 8506 8499
f 8507 8506 8500
f 8487 8501 8486
f 8490 8502 8487
f 8486 8501 8500
f 8502 8501 8487
f 8501 8507 8500
f 8501 8508 8507
f 8508 8501 8502
f 8519 8509 8502
f 8509 8508 8502
f 8497 8503 8496
f 8503 8454 8496
f 8504 8503 8497
f 8505 8504 8498
f 8503 8512 8454
f 8510 8503 8504
f 8509 8517 8508
f 8505 8511 8504
f 8510 8512 8503
f 8511 8510 8504
f 8513 8511 8505
f 8506 8513 8505
f 8507 8514 8506
f 8514 8513 8506
f 8513 8674 8511
f 8514 8675 8513
f 8516 8676 8514
f 8510 8515 8512
f 8515 8464 8512
f 8511 8673 8510
f 8673 8515 8510
f 8674 8673 8511
f 8513 8675 8674
f 8508 8516 8507
f 8516 8514 8507
f 8508 8517 8516
f 8517 8681 8516
f 8518 8517 8509
f 8491 8519 8490
f 8490 8519 8502
f 8494 8520 8491
f 8520 8519 8491
f 8520 8523 8519
f 8521 8524 8520
f 8495 8521 8494
f 8494 8521 8520
f 9402 8522 8495
f 8522 8521 8495
f 8522 8525 8521
f 9418 8526 8522
f 8523 8509 8519
f 8523 8518 8509
f 8524 8527 8523
f 8524 8523 8520
f 8528 8527 8524
f 8525 8528 8524
f 8521 8525 8524
f 8526 8525 8522
f 8525 8529 8528
f 8526 8529 8525
f 9422 8530 8526
f 8530 8529 8526
f 8527 8518 8523
f 8534 8531 5449
f 8535 8534 5451
f 8537 8532 8533
f 8531 8539 8533
f 8540 5595 8532
f 8541 5596 5595
f 8537 8540 8532
f 8540 8541 5595
f 8545 8535 8536
f 8544 8534 8535
f 8538 8531 8534
f 8538 8539 8531
f 8420 8546 8536
f 8421 8547 8420
f 8546 8545 8536
f 8545 8544 8535
f 8544 8538 8534
f 8539 8537 8533
f 8551 8537 8539
f 8537 8550 8540
f 8557 8541 8540
f 8541 8542 5596
f 8542 8543 5598
f 8543 8620 5599
f 8559 8542 8541
f 8557 8559 8541
f 8559 8560 8542
f 8560 8543 8542
f 8622 8620 8543
f 8560 8622 8543
f 8547 8546 8420
f 8548 8547 8421
f 8552 8548 8422
f 8546 8555 8545
f 8554 8538 8544
f 8549 8539 8538
f 8549 8551 8539
f 8553 8544 8545
f 8554 8549 8538
f 8553 8554 8544
f 8551 8550 8537
f 8550 8557 8540
f 8565 8548 8552
f 8556 8546 8547
f 8548 8564 8547
f 8556 8555 8546
f 8435 8566 8552
f 8436 8567 8435
f 8566 8565 8552
f 8565 8564 8548
f 8564 8556 8547
f 8555 8553 8545
f 8578 8549 8554
f 8549 8580 8551
f 8570 8553 8555
f 8553 8579 8554
f 8561 8557 8550
f 8578 8580 8549
f 8558 8550 8551
f 8558 8561 8550
f 8580 8558 8551
f 8557 8562 8559
f 8629 8622 8560
f 8563 8560 8559
f 8563 8629 8560
f 8561 8562 8557
f 8562 8563 8559
f 8586 8563 8562
f 8647 8629 8563
f 8567 8566 8435
f 8576 8565 8566
f 8567 8577 8566
f 8568 8567 8436
f 8437 8569 8568
f 8556 8571 8555
f 8575 8556 8564
f 8579 8578 8554
f 8570 8579 8553
f 8571 8570 8555
f 8565 8574 8564
f 8575 8571 8556
f 8574 8575 8564
f 8568 8572 8567
f 8577 8576 8566
f 8572 8577 8567
f 8569 8588 8568
f 8455 8590 8573
f 8589 8569 8573
f 8588 8572 8568
f 8589 8588 8569
f 8576 8574 8565
f 8602 8570 8571
f 8603 8571 8575
f 8604 8575 8574
f 8591 8574 8576
f 8456 8598 8455
f 8578 8583 8580
f 8582 8578 8579
f 8584 8558 8580
f 8587 8561 8558
f 8583 8584 8580
f 8584 8587 8558
f 8581 8579 8570
f 8581 8582 8579
f 8582 8583 8578
f 8602 8581 8570
f 8603 8602 8571
f 8605 8583 8582
f 8606 8584 8583
f 8584 8613 8587
f 8585 8562 8561
f 8587 8585 8561
f 8585 8586 8562
f 8586 8647 8563
f 8614 8585 8587
f 8613 8614 8587
f 8614 8615 8585
f 8615 8586 8585
f 8649 8647 8586
f 8615 8649 8586
f 8590 8589 8573
f 8589 8595 8588
f 8590 8596 8589
f 8592 8576 8577
f 8572 8594 8577
f 8604 8603 8575
f 8591 8604 8574
f 8592 8591 8576
f 8588 8593 8572
f 8594 8592 8577
f 8593 8594 8572
f 8597 8590 8598
f 8597 8596 8590
f 8592 8718 8591
f 8719 8592 8594
f 8593 8720 8594
f 8595 8702 8593
f 8720 8719 8594
f 8595 8593 8588
f 8596 8595 8589
f 8598 8590 8455
f 8600 8598 8456
f 8599 8600 8457
f 8599 8707 8600
f 8708 8599 8601
f 8600 8706 8598
f 8707 8706 8600
f 8706 8597 8598
f 8708 8707 8599
f 8462 8709 8601
f 8463 8710 8462
f 8709 8708 8601
f 8607 8581 8602
f 8611 8582 8581
f 8608 8602 8603
f 8609 8603 8604
f 8608 8607 8602
f 8607 8611 8581
f 8611 8605 8582
f 8605 8606 8583
f 8606 8613 8584
f 8616 8613 8606
f 8591 8610 8604
f 8610 8609 8604
f 8609 8608 8603
f 8718 8610 8591
f 8719 8718 8592
f 8723 8608 8609
f 8611 8724 8605
f 8608 8722 8607
f 8721 8611 8607
f 8721 8724 8611
f 8612 8606 8605
f 8612 8616 8606
f 8724 8612 8605
f 8617 8614 8613
f 8618 8615 8614
f 8616 8617 8613
f 8615 8660 8649
f 8618 8660 8615
f 8617 8618 8614
f 8757 8618 8617
f 8620 8619 5600
f 8620 8623 8619
f 8624 8621 8619
f 8622 8623 8620
f 8623 8624 8619
f 8627 8625 8621
f 8628 8626 8625
f 8624 8627 8621
f 8627 8628 8625
f 8628 8636 8626
f 8633 8628 8627
f 8630 8623 8622
f 8629 8630 8622
f 8631 8624 8623
f 8630 8631 8623
f 8646 8630 8629
f 8646 8648 8630
f 8648 8631 8630
f 8632 8627 8624
f 8631 8632 8624
f 8632 8633 8627
f 8633 8642 8628
f 8650 8632 8631
f 8648 8650 8631
f 8651 8633 8632
f 8650 8651 8632
f 8636 8634 8626
f 8636 8637 8634
f 8637 8635 8634
f 8637 8640 8635
f 8642 8636 8628
f 8643 8637 8636
f 8640 8638 8635
f 8640 8641 8638
f 8641 8639 8638
f 8644 8640 8637
f 8641 9540 8639
f 8645 8641 8640
f 8642 8643 8636
f 8643 8644 8637
f 8652 8642 8633
f 8651 8652 8633
f 8653 8643 8642
f 8652 8653 8642
f 8653 8654 8643
f 8644 8645 8640
f 8645 9548 8641
f 8654 8644 8643
f 8654 8655 8644
f 8655 8645 8644
f 8655 9568 8645
f 8647 8646 8629
f 8656 8646 8647
f 8657 8648 8646
f 8649 8656 8647
f 8656 8657 8646
f 8658 8650 8648
f 8659 8651 8650
f 8657 8658 8648
f 8658 8659 8650
f 8665 8652 8651
f 8666 8653 8652
f 8667 8654 8653
f 8668 8655 8654
f 8661 8656 8649
f 8660 8661 8649
f 8662 8657 8656
f 8661 8662 8656
f 8847 8660 8618
f 8848 8661 8660
f 8851 8662 8661
f 8663 8658 8657
f 8662 8663 8657
f 8664 8659 8658
f 8663 8664 8658
f 8850 8663 8662
f 8852 8664 8663
f 8850 8852 8663
f 8659 8665 8651
f 8665 8666 8652
f 8666 8667 8653
f 8667 8668 8654
f 8668 9583 8655
f 8669 8665 8659
f 8664 8669 8659
f 8670 8666 8665
f 8669 8670 8665
f 8862 8669 8664
f 8852 8862 8664
f 8863 8670 8669
f 8862 8863 8669
f 8671 8667 8666
f 8670 8671 8666
f 8671 8672 8667
f 8672 8668 8667
f 8672 9588 8668
f 8866 8671 8670
f 8863 8866 8670
f 8866 8867 8671
f 8867 8672 8671
f 8867 9738 8672
f 8515 8711 8464
f 8676 8675 8514
f 8673 8838 8515
f 8838 8711 8515
f 8677 8838 8673
f 8677 8673 8674
f 8675 8678 8674
f 8676 8679 8675
f 8678 8677 8674
f 8680 8679 8676
f 8679 8678 8675
f 8681 8676 8516
f 8517 8682 8681
f 8518 8682 8517
f 8683 8682 8518
f 8683 8685 8682
f 8681 8680 8676
f 8682 8684 8681
f 8684 8680 8681
f 8682 8685 8684
f 8686 8685 8683
f 8842 8678 8679
f 8680 8843 8679
f 8844 8843 8680
f 8844 8680 8684
f 8687 8844 8684
f 8685 8687 8684
f 8686 8688 8685
f 8688 8687 8685
f 8689 8688 8686
f 8527 8683 8518
f 8528 8690 8527
f 8527 8690 8683
f 8529 8691 8528
f 8528 8691 8690
f 8690 8686 8683
f 8691 8694 8690
f 8692 8695 8691
f 8694 8686 8690
f 8530 8692 8529
f 8529 8692 8691
f 9426 8693 8530
f 8530 8693 8692
f 8693 8698 8692
f 9696 8699 8693
f 8695 8694 8691
f 8694 8689 8686
f 8695 8696 8694
f 8698 8697 8695
f 8696 8689 8694
f 8697 8696 8695
f 8698 8695 8692
f 8699 8698 8693
f 8700 8697 8698
f 8699 8700 8698
f 9700 8701 8699
f 8701 8700 8699
f 8689 8884 8688
f 8696 8885 8689
f 8697 8902 8696
f 8700 8903 8697
f 8697 8903 8902
f 8701 8904 8700
f 8700 8904 8903
f 9702 8905 8701
f 8701 8905 8904
f 8702 8720 8593
f 8596 8703 8595
f 8704 8596 8597
f 8703 8702 8595
f 8705 8704 8597
f 8596 8704 8703
f 8704 8739 8703
f 8740 8704 8705
f 8708 8716 8707
f 8462 8710 8709
f 8712 8710 8463
f 8711 8712 8464
f 8710 8717 8709
f 8709 8715 8708
f 8706 8705 8597
f 8714 8706 8707
f 8714 8705 8706
f 8711 8731 8712
f 8717 8715 8709
f 8713 8717 8710
f 8712 8713 8710
f 8731 8713 8712
f 8839 8731 8711
f 8716 8714 8707
f 8715 8716 8708
f 8714 8741 8705
f 8716 8732 8714
f 8610 8728 8609
f 8729 8610 8718
f 8719 8725 8718
f 8720 8726 8719
f 8729 8728 8610
f 8725 8729 8718
f 8728 8723 8609
f 8723 8722 8608
f 8722 8721 8607
f 8753 8721 8722
f 8755 8724 8721
f 8727 8726 8720
f 8702 8727 8720
f 8703 8738 8702
f 8726 8725 8719
f 8738 8727 8702
f 8745 8725 8726
f 8739 8738 8703
f 8740 8739 8704
f 8742 8723 8728
f 8723 8730 8722
f 8730 8753 8722
f 8743 8728 8729
f 8725 8744 8729
f 8742 8730 8723
f 8743 8742 8728
f 8741 8740 8705
f 8839 8736 8731
f 8733 8716 8715
f 8732 8741 8714
f 8733 8732 8716
f 8734 8733 8715
f 8717 8734 8715
f 8713 8737 8717
f 8735 8713 8731
f 8717 8737 8734
f 8735 8737 8713
f 8736 8735 8731
f 8734 8781 8733
f 8845 8772 8736
f 8783 8737 8735
f 8737 8782 8734
f 8736 8771 8735
f 8727 8750 8726
f 8738 8751 8727
f 8751 8750 8727
f 8746 8738 8739
f 8738 8746 8751
f 8740 8747 8739
f 8748 8740 8741
f 8744 8743 8729
f 8745 8744 8725
f 8750 8745 8726
f 8764 8742 8743
f 8763 8743 8744
f 8749 8748 8741
f 8747 8746 8739
f 8748 8747 8740
f 8750 8773 8745
f 8745 8752 8744
f 8752 8763 8744
f 8774 8750 8751
f 8746 8776 8751
f 8775 8746 8747
f 8773 8752 8745
f 8774 8773 8750
f 8732 8749 8741
f 8733 8780 8732
f 8780 8749 8732
f 8781 8780 8733
f 8782 8781 8734
f 8612 8758 8616
f 8754 8612 8724
f 8754 8758 8612
f 8753 8755 8721
f 8755 8754 8724
f 8760 8754 8755
f 8756 8617 8616
f 8758 8756 8616
f 8756 8757 8617
f 8757 8847 8618
f 8766 8758 8754
f 8765 8756 8758
f 8767 8757 8756
f 8765 8767 8756
f 8767 8856 8757
f 8761 8730 8742
f 8762 8753 8730
f 8764 8761 8742
f 8762 8759 8753
f 8761 8762 8730
f 8753 8759 8755
f 8759 8760 8755
f 8760 8766 8754
f 8763 8764 8743
f 8799 8761 8764
f 8801 8762 8761
f 8801 8802 8762
f 8802 8759 8762
f 8803 8760 8759
f 8802 8803 8759
f 8803 8768 8760
f 8766 8765 8758
f 8769 8765 8766
f 8770 8767 8765
f 8760 8768 8766
f 8768 8769 8766
f 8769 8770 8765
f 8770 8857 8767
f 8737 8783 8782
f 8771 8783 8735
f 8772 8771 8736
f 8748 8777 8747
f 8778 8748 8749
f 8779 8778 8749
f 8776 8774 8751
f 8775 8776 8746
f 8774 8805 8773
f 8776 8807 8774
f 8777 8775 8747
f 8748 8778 8777
f 8808 8807 8776
f 8775 8808 8776
f 8777 8788 8775
f 8788 8808 8775
f 8778 8789 8777
f 8790 8789 8778
f 8779 8790 8778
f 8789 8788 8777
f 8779 8749 8780
f 8782 8785 8781
f 8781 8784 8780
f 8784 8779 8780
f 8783 8786 8782
f 8785 8784 8781
f 8786 8785 8782
f 8787 8783 8771
f 8787 8786 8783
f 8793 8771 8772
f 8895 8793 8772
f 8793 8787 8771
f 8784 8791 8779
f 8785 8794 8784
f 8789 8821 8788
f 8791 8790 8779
f 8790 8823 8789
f 8824 8790 8791
f 8824 8823 8790
f 8792 8824 8791
f 8795 8785 8786
f 8787 8797 8786
f 8793 8798 8787
f 8787 8798 8797
f 8796 8793 8895
f 8796 8798 8793
f 8794 8791 8784
f 8795 8794 8785
f 8797 8795 8786
f 8899 8796 8895
f 8795 8943 8794
f 8797 8944 8795
f 8794 8792 8791
f 8943 8792 8794
f 8944 8943 8795
f 8945 8944 8797
f 8798 8945 8797
f 8796 8947 8798
f 8899 8946 8796
f 8806 8763 8752
f 8763 8800 8764
f 8804 8752 8773
f 8800 8799 8764
f 8799 8801 8761
f 8805 8804 8773
f 8804 8806 8752
f 8806 8800 8763
f 8810 8801 8799
f 8812 8802 8801
f 8811 8803 8802
f 8811 8813 8803
f 8807 8805 8774
f 8818 8800 8806
f 8819 8806 8804
f 8805 8816 8804
f 8819 8818 8806
f 8809 8799 8800
f 8809 8810 8799
f 8810 8812 8801
f 8818 8809 8800
f 8812 8811 8802
f 8812 8830 8811
f 8813 8768 8803
f 8815 8769 8768
f 8813 8815 8768
f 8814 8770 8769
f 8815 8814 8769
f 8814 8916 8770
f 8832 8813 8811
f 8833 8815 8813
f 8834 8814 8815
f 8833 8834 8815
f 8834 8922 8814
f 8817 8805 8807
f 8822 8807 8808
f 8820 8808 8788
f 8816 8819 8804
f 8817 8816 8805
f 8820 8822 8808
f 8821 8820 8788
f 8822 8817 8807
f 8831 8810 8809
f 8819 8827 8818
f 8828 8819 8816
f 8825 8809 8818
f 8831 8829 8810
f 8825 8831 8809
f 8829 8812 8810
f 8822 8952 8817
f 8950 8821 8823
f 8953 8822 8820
f 8821 8949 8820
f 8823 8821 8789
f 8817 8826 8816
f 8828 8827 8819
f 8826 8828 8816
f 8827 8825 8818
f 8952 8826 8817
f 8953 8952 8822
f 8829 8830 8812
f 8830 8832 8811
f 8965 8825 8827
f 8825 8966 8831
f 8967 8829 8831
f 8968 8830 8829
f 8966 8967 8831
f 8967 8968 8829
f 8968 8835 8830
f 8832 8833 8813
f 8836 8833 8832
f 8837 8834 8833
f 8835 8832 8830
f 8835 8836 8832
f 8836 8837 8833
f 8839 8711 8838
f 8677 8840 8838
f 8840 8839 8838
f 8678 8841 8677
f 8841 8840 8677
f 8842 8841 8678
f 8841 8846 8840
f 8840 8845 8839
f 8843 8842 8679
f 8846 8845 8840
f 8842 8874 8841
f 8875 8874 8842
f 8874 8846 8841
f 8843 8875 8842
f 8876 8843 8844
f 8876 8875 8843
f 8845 8736 8839
f 8687 8883 8844
f 8688 8882 8687
f 8847 8848 8660
f 8848 8851 8661
f 8853 8851 8848
f 8856 8847 8757
f 8849 8848 8847
f 8856 8849 8847
f 8849 8853 8848
f 8851 8850 8662
f 8854 8850 8851
f 8855 8852 8850
f 8853 8854 8851
f 8854 8855 8850
f 8858 8849 8856
f 8857 8856 8767
f 8857 8858 8856
f 8859 8853 8849
f 8858 8859 8849
f 8916 8857 8770
f 8860 8854 8853
f 8859 8860 8853
f 8861 8855 8854
f 8860 8861 8854
f 8917 8858 8857
f 8918 8859 8858
f 8919 8860 8859
f 8929 8861 8860
f 8864 8862 8852
f 8865 8863 8862
f 8855 8864 8852
f 8864 8865 8862
f 8868 8866 8863
f 8869 8867 8866
f 8865 8868 8863
f 8868 8869 8866
f 8869 9740 8867
f 8855 8870 8864
f 8861 8870 8855
f 8871 8865 8864
f 8870 8871 8864
f 8872 8868 8865
f 8871 8872 8865
f 8873 8869 8868
f 8872 8873 8868
f 8873 9752 8869
f 8928 8870 8861
f 8930 8871 8870
f 8934 8872 8871
f 8935 8873 8872
f 8883 8876 8844
f 8876 8880 8875
f 8883 8881 8876
f 8877 8845 8846
f 8874 8879 8846
f 8877 8772 8845
f 8879 8877 8846
f 8878 8874 8875
f 8878 8879 8874
f 8886 8881 8883
f 8877 8895 8772
f 8896 8877 8879
f 8897 8896 8879
f 8897 8879 8878
f 8880 8887 8878
f 8880 8878 8875
f 8881 8880 8876
f 8882 8883 8687
f 8884 8882 8688
f 8885 8884 8689
f 8882 8886 8883
f 8884 8890 8882
f 8882 8890 8886
f 8885 8891 8884
f 8891 8890 8884
f 8906 8891 8885
f 8896 8895 8877
f 8887 8897 8878
f 8888 8880 8881
f 8886 8889 8881
f 8888 8887 8880
f 8889 8888 8881
f 8889 9047 8888
f 9048 8889 8893
f 8906 8894 8891
f 8890 8893 8886
f 8893 8889 8886
f 8892 8890 8891
f 8890 8892 8893
f 8892 9055 8893
f 8894 9045 8892
f 8894 8892 8891
f 8909 8894 8906
f 8909 9046 8894
f 8896 8899 8895
f 8897 8898 8896
f 8887 8900 8897
f 8900 8898 8897
f 8901 8900 8887
f 8898 8899 8896
f 8888 8901 8887
f 9047 8901 8888
f 9048 9047 8889
f 8696 8902 8885
f 8902 8906 8885
f 8907 8906 8902
f 8903 8907 8902
f 8904 8908 8903
f 8905 8912 8904
f 9768 8913 8905
f 8907 8909 8906
f 8908 8907 8903
f 8908 8910 8907
f 8912 8911 8908
f 8911 8910 8908
f 8910 8909 8907
f 8904 8912 8908
f 8913 8912 8905
f 8912 8914 8911
f 8913 8914 8912
f 8915 8914 8913
f 9772 8915 8913
f 8916 8917 8857
f 8917 8918 8858
f 8922 8916 8814
f 8922 8923 8916
f 8923 8917 8916
f 8920 8918 8917
f 8923 8920 8917
f 8918 8919 8859
f 8919 8929 8860
f 8931 8929 8919
f 8921 8919 8918
f 8920 8921 8918
f 8921 8931 8919
f 8924 8922 8834
f 8925 8923 8922
f 8926 8920 8923
f 8925 8926 8923
f 8837 8924 8834
f 8924 8925 8922
f 9085 8925 8924
f 8927 8921 8920
f 8926 8927 8920
f 8938 8931 8921
f 8927 8938 8921
f 9086 8926 8925
f 9087 8927 8926
f 9091 8938 8927
f 8929 8928 8861
f 8932 8928 8929
f 8928 8930 8870
f 8933 8930 8928
f 8931 8932 8929
f 8932 8933 8928
f 8930 8934 8871
f 8936 8934 8930
f 8934 8935 8872
f 8935 9795 8873
f 8937 8935 8934
f 8933 8936 8930
f 8936 8937 8934
f 8937 9797 8935
f 8939 8932 8931
f 8938 8939 8931
f 8940 8933 8932
f 8939 8940 8932
f 9092 8939 8938
f 9093 8940 8939
f 8941 8936 8933
f 8940 8941 8933
f 8942 8937 8936
f 8941 8942 8936
f 8942 9803 8937
f 9094 8941 8940
f 9095 8942 8941
f 8944 8960 8943
f 8945 8961 8944
f 8798 8947 8945
f 8946 8947 8796
f 8947 8962 8945
f 8963 8962 8947
f 8963 8947 8946
f 9049 8948 8946
f 8948 8963 8946
f 8949 8953 8820
f 8950 8949 8821
f 8951 8950 8823
f 8824 8951 8823
f 8792 8955 8824
f 8955 8951 8824
f 8792 8954 8955
f 8964 8827 8828
f 8969 8828 8826
f 8953 8958 8952
f 8949 8959 8953
f 8956 8826 8952
f 8969 8964 8828
f 8956 8969 8826
f 8951 8977 8950
f 8978 8951 8955
f 8979 8978 8955
f 8954 8979 8955
f 8957 8959 8949
f 8950 8957 8949
f 8958 8956 8952
f 8959 8958 8953
f 8977 8957 8950
f 8978 8977 8951
f 8954 8792 8943
f 8960 8954 8943
f 8961 8960 8944
f 8962 8961 8945
f 8961 8984 8960
f 8960 8976 8954
f 8964 8965 8827
f 8965 8966 8825
f 8972 8967 8966
f 8971 8968 8967
f 8991 8965 8964
f 8990 8964 8969
f 8970 8966 8965
f 8956 8989 8969
f 8992 8956 8958
f 8989 8990 8969
f 8990 8991 8964
f 8991 8970 8965
f 8970 8972 8966
f 8972 8971 8967
f 8994 8971 8972
f 8973 8835 8968
f 8974 8836 8835
f 8971 8973 8968
f 8973 8974 8835
f 8975 8837 8836
f 8974 8975 8836
f 9001 8973 8971
f 9241 8974 8973
f 8974 9240 8975
f 8954 8976 8979
f 8993 8958 8959
f 8995 8959 8957
f 8980 8957 8977
f 8978 8981 8977
f 8995 8993 8959
f 8980 8995 8957
f 8981 8980 8977
f 8979 8982 8978
f 8982 8981 8978
f 8983 8982 8979
f 8976 8983 8979
f 8984 9004 8976
f 9004 8983 8976
f 8962 8985 8961
f 8984 8976 8960
f 8985 8984 8961
f 8987 8985 8962
f 8963 8987 8962
f 8948 8988 8963
f 8963 8988 8987
f 8986 8948 9057
f 8986 8988 8948
f 8985 9007 8984
f 8987 9008 8985
f 9009 9008 8987
f 8988 9009 8987
f 8986 9010 8988
f 9007 9004 8984
f 9008 9007 8985
f 8992 8989 8956
f 8993 8992 8958
f 8997 8991 8990
f 8999 8989 8992
f 8998 8990 8989
f 8996 8970 8991
f 8997 8996 8991
f 9000 8972 8970
f 8996 9000 8970
f 9000 8994 8972
f 8995 9015 8993
f 9016 8992 8993
f 8999 8998 8989
f 9017 8995 8980
f 8981 9018 8980
f 9017 9015 8995
f 9015 9016 8993
f 9016 8999 8992
f 8998 8997 8990
f 8998 9022 8997
f 9021 8996 8997
f 9245 8994 9000
f 9244 9000 8996
f 8994 9001 8971
f 9001 9241 8973
f 9241 9240 8974
f 9312 9002 9003
f 9019 8981 8982
f 8983 9023 8982
f 9004 9024 8983
f 9024 9023 8983
f 9005 9004 9007
f 9005 9024 9004
f 8988 9010 9009
f 9006 9010 8986
f 9008 9011 9007
f 9009 9012 9008
f 9010 9014 9009
f 9014 9012 9009
f 9011 9005 9007
f 9012 9011 9008
f 9013 9014 9010
f 9013 9010 9006
f 9029 9013 9006
f 9018 9017 8980
f 9019 9018 8981
f 9023 9019 8982
f 9028 9017 9018
f 9017 9027 9015
f 9020 8998 8999
f 9016 9026 8999
f 9020 9022 8998
f 9022 9021 8997
f 9025 9016 9015
f 9026 9020 8999
f 9025 9026 9016
f 9021 9244 8996
f 9023 9033 9019
f 9019 9032 9018
f 9028 9027 9017
f 9032 9028 9018
f 9033 9032 9019
f 9023 9034 9033
f 9034 9023 9024
f 9005 9036 9024
f 9011 9035 9005
f 9027 9025 9015
f 9253 9020 9026
f 9020 9254 9022
f 9002 9025 9027
f 9025 9255 9026
f 9012 9042 9011
f 9014 9043 9012
f 9044 9043 9014
f 9013 9044 9014
f 9029 9030 9013
f 9013 9030 9044
f 9031 9030 9029
f 9034 9040 9033
f 9036 9034 9024
f 9005 9035 9036
f 9036 9039 9034
f 9028 9003 9027
f 9032 9038 9028
f 9255 9253 9026
f 9002 9255 9025
f 9003 9002 9027
f 9037 9032 9033
f 9038 9003 9028
f 9037 9038 9032
f 9035 9041 9036
f 9041 9039 9036
f 9042 9137 9035
f 9137 9041 9035
f 9040 9037 9033
f 9039 9040 9034
f 9038 9313 9003
f 9322 9038 9037
f 9138 9037 9040
f 9322 9313 9038
f 9042 9035 9011
f 9043 9042 9012
f 9043 9143 9042
f 9144 9043 9044
f 9143 9137 9042
f 9043 9144 9143
f 9030 9147 9044
f 9031 9145 9030
f 9055 9048 8893
f 8892 9045 9055
f 9046 9045 8894
f 9069 9046 8909
f 9049 8899 8898
f 8900 9053 8898
f 8901 9054 8900
f 9054 9053 8900
f 9050 9054 8901
f 9050 8901 9047
f 9048 9051 9047
f 9055 9052 9048
f 9051 9050 9047
f 9049 8946 8899
f 9053 9049 8898
f 9052 9051 9048
f 9052 9062 9051
f 9057 9049 9053
f 9050 9059 9054
f 9054 9058 9053
f 9057 8948 9049
f 9058 9057 9053
f 9051 9060 9050
f 9045 9056 9055
f 9056 9052 9055
f 9064 9056 9045
f 9046 9064 9045
f 9069 9065 9046
f 9065 9064 9046
f 9074 9065 9069
f 9059 9058 9054
f 9058 9088 9057
f 9060 9090 9059
f 9089 9058 9059
f 9050 9060 9059
f 9062 9060 9051
f 9061 9062 9052
f 9090 9089 9059
f 9061 9096 9062
f 9062 9063 9060
f 9063 9090 9060
f 9096 9063 9062
f 9097 9096 9061
f 9056 9061 9052
f 9064 9068 9056
f 9068 9061 9056
f 9064 9066 9068
f 9066 9064 9065
f 9067 9066 9065
f 9074 9067 9065
f 9077 9067 9074
f 9068 9097 9061
f 9098 9097 9068
f 9066 9098 9068
f 9067 9099 9066
f 9077 9100 9067
f 8910 9069 8909
f 8910 9070 9069
f 8911 9070 8910
f 9071 9070 8911
f 9070 9074 9069
f 9071 9075 9070
f 8914 9071 8911
f 8915 9072 8914
f 9072 9071 8914
f 9774 9073 8915
f 9073 9072 8915
f 9072 9076 9071
f 9073 9080 9072
f 9998 9081 9073
f 9075 9074 9070
f 9076 9075 9071
f 9072 9080 9076
f 9081 9080 9073
f 9075 9077 9074
f 9076 9078 9075
f 9078 9077 9075
f 9079 9078 9076
f 9080 9079 9076
f 9082 9079 9080
f 9081 9082 9080
f 9083 9082 9081
f 10002 9083 9081
f 9084 8924 8837
f 9084 9085 8924
f 8975 9084 8837
f 9085 9086 8925
f 9265 9084 8975
f 9240 9265 8975
f 9266 9085 9084
f 9086 9087 8926
f 9087 9091 8927
f 9269 9086 9085
f 9088 8986 9057
f 9089 9088 9058
f 9088 9006 8986
f 9091 9092 8938
f 9092 9093 8939
f 9093 9094 8940
f 9094 9095 8941
f 9095 10025 8942
f 9097 9117 9096
f 9066 9099 9098
f 9098 9118 9097
f 9099 9119 9098
f 9100 9099 9067
f 9119 9118 9098
f 9099 9101 9119
f 9100 9101 9099
f 9103 9102 9100
f 9102 9101 9100
f 9078 9103 9077
f 9079 9104 9078
f 9105 9104 9079
f 9103 9100 9077
f 9104 9103 9078
f 9104 9108 9103
f 9108 9102 9103
f 9109 9108 9104
f 9109 9104 9105
f 9082 9105 9079
f 9083 9106 9082
f 9082 9106 9105
f 10004 9107 9083
f 9107 9106 9083
f 9106 9110 9105
f 9107 9111 9106
f 10035 9112 9107
f 9109 9132 9108
f 9110 9109 9105
f 9110 9133 9109
f 9134 9133 9110
f 9106 9111 9110
f 9111 9134 9110
f 9112 9111 9107
f 9111 9135 9134
f 9112 9135 9111
f 9136 9135 9112
f 10040 9136 9112
f 9113 9088 9089
f 9090 9114 9089
f 9113 9006 9088
f 9115 9114 9090
f 9114 9113 9089
f 9063 9115 9090
f 9116 9063 9096
f 9116 9115 9063
f 9117 9116 9096
f 9114 9122 9113
f 9115 9123 9114
f 9118 9117 9097
f 9118 9121 9117
f 9116 9124 9115
f 9117 9120 9116
f 9113 9029 9006
f 9122 9029 9113
f 9123 9122 9114
f 9115 9124 9123
f 9120 9124 9116
f 9121 9120 9117
f 9128 9121 9118
f 9123 9125 9122
f 9124 9126 9123
f 9031 9029 9122
f 9163 9121 9128
f 9127 9126 9124
f 9125 9031 9122
f 9126 9125 9123
f 9127 9124 9120
f 9121 9162 9120
f 9162 9127 9120
f 9163 9162 9121
f 9119 9128 9118
f 9101 9129 9119
f 9129 9128 9119
f 9130 9129 9101
f 9102 9130 9101
f 9131 9102 9108
f 9131 9130 9102
f 9129 9168 9128
f 9129 9169 9168
f 9130 9169 9129
f 9131 9166 9130
f 9132 9167 9131
f 9168 9163 9128
f 9125 9146 9031
f 9132 9131 9108
f 9133 9132 9109
f 9039 9139 9040
f 9138 9322 9037
f 9139 9138 9040
f 9140 9139 9039
f 9041 9140 9039
f 9137 9141 9041
f 9141 9140 9041
f 9142 9137 9143
f 9142 9141 9137
f 9140 9336 9139
f 9337 9140 9141
f 9140 9337 9336
f 9148 9142 9143
f 9148 9152 9142
f 9142 9151 9141
f 9147 9144 9044
f 9144 9148 9143
f 9147 9149 9144
f 9030 9145 9147
f 9146 9145 9031
f 9150 9149 9147
f 9145 9150 9147
f 9153 9145 9146
f 9145 9153 9150
f 9154 9153 9146
f 9149 9148 9144
f 9151 9337 9141
f 9142 9152 9151
f 9155 9152 9148
f 9155 9354 9152
f 9149 9155 9148
f 9150 9156 9149
f 9156 9155 9149
f 9159 9156 9150
f 9153 9159 9150
f 9154 9157 9153
f 9153 9157 9159
f 9158 9157 9154
f 9156 9361 9155
f 9362 9361 9156
f 9362 9156 9159
f 9157 9363 9159
f 9158 9160 9157
f 9363 9362 9159
f 9157 9160 9363
f 9161 9160 9158
f 9126 9173 9125
f 9127 9174 9126
f 9175 9174 9127
f 9162 9175 9127
f 9168 9165 9163
f 9164 9175 9162
f 9164 9162 9163
f 9165 9164 9163
f 9166 9169 9130
f 9167 9166 9131
f 9169 9170 9168
f 9166 9171 9169
f 9171 9170 9169
f 9170 9165 9168
f 9170 9182 9165
f 9167 9172 9166
f 9172 9171 9166
f 9189 9176 9167
f 9176 9172 9167
f 9173 9146 9125
f 9174 9173 9126
f 9173 9154 9146
f 9174 9179 9173
f 9175 9180 9174
f 9179 9154 9173
f 9180 9179 9174
f 9164 9183 9175
f 9165 9181 9164
f 9171 9187 9170
f 9172 9188 9171
f 9171 9188 9187
f 9176 9177 9172
f 9177 9188 9172
f 9178 9177 9176
f 9158 9154 9179
f 9180 9184 9179
f 9183 9185 9180
f 9175 9183 9180
f 9181 9183 9164
f 9182 9181 9165
f 9186 9183 9181
f 9186 9185 9183
f 9182 9204 9181
f 9204 9186 9181
f 9205 9204 9182
f 9184 9158 9179
f 9185 9184 9180
f 9184 9161 9158
f 9187 9182 9170
f 9187 9205 9182
f 9188 9211 9187
f 9212 9188 9177
f 9188 9212 9211
f 9211 9205 9187
f 9178 9213 9177
f 9133 9189 9132
f 9189 9167 9132
f 9190 9189 9133
f 9134 9190 9133
f 9191 9190 9134
f 9190 9194 9189
f 9191 9195 9190
f 9196 9195 9191
f 9194 9176 9189
f 9195 9194 9190
f 9135 9191 9134
f 9136 9192 9135
f 9192 9191 9135
f 10053 9193 9136
f 9193 9192 9136
f 9192 9196 9191
f 9193 9200 9192
f 10223 9201 9193
f 9195 9197 9194
f 9178 9176 9194
f 9196 9198 9195
f 9197 9178 9194
f 9198 9197 9195
f 9199 9198 9196
f 9192 9200 9196
f 9201 9200 9193
f 9200 9199 9196
f 9202 9199 9200
f 9201 9202 9200
f 9203 9202 9201
f 10228 9203 9201
f 9197 9214 9178
f 9206 9184 9185
f 9186 9207 9185
f 9206 9161 9184
f 9207 9206 9185
f 9204 9209 9186
f 9209 9207 9186
f 9208 9209 9204
f 9205 9208 9204
f 9206 9367 9161
f 9207 9388 9206
f 9209 9389 9207
f 9389 9388 9207
f 9210 9208 9205
f 9208 9390 9209
f 9210 9218 9208
f 9211 9210 9205
f 9213 9217 9212
f 9212 9216 9211
f 9213 9212 9177
f 9214 9213 9178
f 9212 9217 9216
f 9215 9217 9213
f 9214 9215 9213
f 9219 9215 9214
f 9216 9210 9211
f 9209 9390 9389
f 9218 9390 9208
f 9220 9218 9210
f 9216 9220 9210
f 9217 9221 9216
f 9217 9222 9221
f 9221 9220 9216
f 9215 9222 9217
f 9219 9223 9215
f 9223 9222 9215
f 9224 9223 9219
f 9198 9225 9197
f 9199 9226 9198
f 9227 9226 9199
f 9202 9227 9199
f 9202 9228 9227
f 9203 9228 9202
f 10230 9229 9203
f 9229 9228 9203
f 9225 9214 9197
f 9226 9225 9198
f 9226 9230 9225
f 9225 9219 9214
f 9230 9219 9225
f 9231 9230 9226
f 9227 9231 9226
f 9232 9231 9227
f 9228 9232 9227
f 9229 9236 9228
f 10251 9237 9229
f 9231 9233 9230
f 9232 9234 9231
f 9224 9219 9230
f 9233 10448 9224
f 9235 9234 9232
f 9233 9224 9230
f 9234 9233 9231
f 9228 9236 9232
f 9236 9235 9232
f 9237 9236 9229
f 9234 10448 9233
f 9235 10448 9234
f 9238 10448 9235
f 9239 10448 9238
f 9238 9235 9236
f 9237 9238 9236
f 9239 9238 9237
f 10256 9239 9237
f 9244 9245 9000
f 9243 9240 9241
f 9249 9001 8994
f 9242 9241 9001
f 9245 9249 8994
f 9249 9242 9001
f 9242 9243 9241
f 9312 9260 9002
f 9313 9312 9003
f 9247 9244 9021
f 9248 9245 9244
f 9246 9021 9022
f 9253 9254 9020
f 9254 9246 9022
f 9246 9247 9021
f 9247 9248 9244
f 9249 9251 9242
f 9250 9249 9245
f 9250 9251 9249
f 9252 9243 9242
f 9251 9252 9242
f 9248 9250 9245
f 9262 9250 9248
f 9263 9251 9250
f 9287 9252 9251
f 9258 9246 9254
f 9257 9254 9253
f 9259 9253 9255
f 9257 9258 9254
f 9246 9261 9247
f 9256 9248 9247
f 9258 9261 9246
f 9261 9256 9247
f 9002 9260 9255
f 9260 9259 9255
f 9259 9257 9253
f 9259 9324 9257
f 9323 9258 9257
f 9326 9256 9261
f 9325 9261 9258
f 9325 9326 9261
f 9256 9262 9248
f 9262 9263 9250
f 9263 9287 9251
f 9292 9287 9263
f 9330 9262 9256
f 9326 9330 9256
f 9330 9264 9262
f 9264 9263 9262
f 9264 9292 9263
f 9265 9266 9084
f 9266 9269 9085
f 9270 9087 9086
f 9269 9270 9086
f 9277 9091 9087
f 9270 9277 9087
f 9267 9265 9240
f 9268 9266 9265
f 9243 9267 9240
f 9267 9268 9265
f 9268 9271 9266
f 9271 9269 9266
f 9272 9270 9269
f 9271 9272 9269
f 9278 9277 9270
f 9272 9278 9270
f 9285 9271 9268
f 9286 9272 9271
f 9297 9278 9272
f 9273 9092 9091
f 9277 9273 9091
f 9274 9093 9092
f 9273 9274 9092
f 9275 9094 9093
f 9274 9275 9093
f 9276 9095 9094
f 9275 9276 9094
f 9276 10350 9095
f 9279 9273 9277
f 9278 9279 9277
f 9280 9274 9273
f 9279 9280 9273
f 9298 9279 9278
f 9299 9280 9279
f 9281 9275 9274
f 9280 9281 9274
f 9282 9276 9275
f 9281 9282 9275
f 9282 10352 9276
f 9300 9281 9280
f 9301 9282 9281
f 9283 9267 9243
f 9252 9283 9243
f 9284 9268 9267
f 9284 9285 9268
f 9283 9284 9267
f 9288 9283 9252
f 9287 9288 9252
f 9289 9284 9283
f 9288 9289 9283
f 9289 9290 9284
f 9285 9286 9271
f 9286 9297 9272
f 9284 9290 9285
f 9290 9291 9285
f 9291 9286 9285
f 9302 9297 9286
f 9291 9302 9286
f 9293 9288 9287
f 9294 9289 9288
f 9292 9293 9287
f 9293 9294 9288
f 9295 9290 9289
f 9296 9291 9290
f 9307 9302 9291
f 9294 9295 9289
f 9295 9296 9290
f 9296 9307 9291
f 9372 9296 9295
f 9297 9298 9278
f 9298 9299 9279
f 9303 9298 9297
f 9302 9303 9297
f 9304 9299 9298
f 9303 9304 9298
f 9299 9300 9280
f 9300 9301 9281
f 9301 10370 9282
f 9305 9300 9299
f 9304 9305 9299
f 9306 9301 9300
f 9305 9306 9300
f 9308 9303 9302
f 9309 9304 9303
f 9310 9305 9304
f 9311 9306 9305
f 9307 9308 9302
f 9378 9307 9296
f 9379 9308 9307
f 9308 9309 9303
f 9380 9309 9308
f 9309 9310 9304
f 9381 9310 9309
f 9310 9311 9305
f 9382 9311 9310
f 9314 9312 9313
f 9315 9313 9322
f 9314 9327 9312
f 9316 9315 9322
f 9315 9314 9313
f 9315 9319 9314
f 9317 9327 9314
f 9318 9315 9316
f 9320 9318 9316
f 9319 9317 9314
f 9318 9319 9315
f 9318 9351 9319
f 9321 9317 9319
f 9340 9353 9320
f 9352 9318 9320
f 9351 9321 9319
f 9352 9351 9318
f 9328 9259 9260
f 9327 9260 9312
f 9327 9328 9260
f 9328 9324 9259
f 9324 9323 9257
f 9323 9325 9258
f 9323 9331 9325
f 9332 9326 9325
f 9138 9316 9322
f 9139 9335 9138
f 9336 9335 9139
f 9335 9316 9138
f 9339 9324 9328
f 9329 9323 9324
f 9338 9328 9327
f 9338 9339 9328
f 9339 9329 9324
f 9329 9331 9323
f 9331 9332 9325
f 9333 9330 9326
f 9333 9334 9330
f 9334 9264 9330
f 9369 9292 9264
f 9334 9369 9264
f 9332 9333 9326
f 9349 9333 9332
f 9350 9334 9333
f 9373 9369 9334
f 9335 9320 9316
f 9340 9335 9336
f 9151 9342 9337
f 9337 9341 9336
f 9340 9320 9335
f 9317 9338 9327
f 9347 9339 9338
f 9317 9346 9338
f 9342 9341 9337
f 9343 9342 9151
f 9341 9340 9336
f 9341 9356 9340
f 9152 9343 9151
f 9354 9343 9152
f 9361 9354 9155
f 9321 9346 9317
f 9345 9329 9339
f 9347 9345 9339
f 9348 9331 9329
f 9344 9332 9331
f 9345 9348 9329
f 9348 9344 9331
f 9346 9347 9338
f 9344 9349 9332
f 9349 9350 9333
f 9350 9373 9334
f 9353 9352 9320
f 9342 9355 9341
f 9343 9360 9342
f 9360 9355 9342
f 9357 9360 9343
f 9354 9357 9343
f 9358 9354 9361
f 9358 9357 9354
f 9356 9353 9340
f 9355 9356 9341
f 9359 9358 9361
f 9362 9359 9361
f 9363 9365 9362
f 9365 9359 9362
f 9364 9365 9363
f 9160 9364 9363
f 9161 9366 9160
f 9366 9364 9160
f 9367 9366 9161
f 9370 9293 9292
f 9369 9370 9292
f 9368 9294 9293
f 9370 9368 9293
f 9368 9371 9294
f 9374 9370 9369
f 9375 9368 9370
f 9374 9375 9370
f 9371 9295 9294
f 9371 9372 9295
f 9372 9378 9296
f 9376 9371 9368
f 9375 9376 9368
f 9377 9372 9371
f 9376 9377 9371
f 9377 9383 9372
f 10448 9345 9347
f 9373 9374 9369
f 10448 9348 9345
f 10448 9344 9348
f 10448 9349 9344
f 10448 9350 9349
f 10448 9373 9350
f 10448 9374 9373
f 9374 10448 9375
f 9378 9379 9307
f 9379 9380 9308
f 9383 9378 9372
f 9384 9379 9378
f 9385 9380 9379
f 9383 9384 9378
f 9384 9385 9379
f 9380 9381 9309
f 9381 9382 9310
f 9386 9381 9380
f 9387 9382 9381
f 9385 9386 9380
f 9386 9387 9381
f 10448 9376 9375
f 10448 9377 9376
f 10448 9383 9377
f 10448 9384 9383
f 10448 9385 9384
f 10448 9386 9385
f 9321 10448 9346
f 10448 9321 9351
f 9352 10448 9351
f 10448 9347 9346
f 10448 9352 9353
f 10448 9353 9356
f 9355 10448 9356
f 9388 9367 9206
f 9358 10448 9357
f 9359 10448 9358
f 9365 10448 9359
f 9360 10448 9355
f 10448 9360 9357
f 9364 10448 9365
f 9366 10448 9364
f 9367 10448 9366
f 9390 10448 9389
f 10448 9367 9388
f 9389 10448 9388
f 10448 9390 9218
f 9220 10448 9218
f 9221 10448 9220
f 9222 10448 9221
f 10448 9222 9223
f 9224 10448 9223
f 7366 9391 7365
f 9391 8471 7365
f 7369 9392 7366
f 9392 9391 7366
f 7369 9393 9392
f 9392 9400 9391
f 9393 9401 9392
f 7370 9393 7369
f 7370 9394 9393
f 7378 9394 7370
f 9395 9394 7378
f 9394 9404 9393
f 9395 9405 9394
f 9400 8493 9391
f 9401 9400 9392
f 9404 9401 9393
f 9405 9404 9394
f 9408 9405 9395
f 7379 9395 7378
f 7379 9396 9395
f 7383 9396 7379
f 9397 9396 7383
f 9396 9408 9395
f 9397 9409 9396
f 7384 9397 7383
f 7384 9398 9397
f 7385 9398 7384
f 9399 9398 7385
f 9398 9410 9397
f 9399 9414 9398
f 9401 9402 9400
f 9402 8495 9400
f 9404 9403 9401
f 9404 9406 9403
f 9403 9402 9401
f 9408 9407 9405
f 9405 9406 9404
f 9407 9406 9405
f 9411 9407 9408
f 9409 9408 9396
f 9410 9409 9397
f 9414 9410 9398
f 9399 9415 9414
f 9409 9411 9408
f 9410 9412 9409
f 9412 9411 9409
f 9413 9412 9410
f 9413 9410 9414
f 9415 9416 9414
f 9454 9417 9415
f 9416 9413 9414
f 9417 9416 9415
f 9455 9434 9417
f 9403 9418 9402
f 9402 9418 8522
f 9406 9419 9403
f 9419 9418 9403
f 9406 9420 9419
f 9419 9422 9418
f 9420 9423 9419
f 9407 9420 9406
f 9407 9421 9420
f 9411 9421 9407
f 9430 9421 9411
f 9421 9424 9420
f 9430 9425 9421
f 9422 8526 9418
f 9423 9422 9419
f 9420 9424 9423
f 9423 9426 9422
f 9426 8530 9422
f 9424 9427 9423
f 9424 9428 9427
f 9427 9426 9423
f 9425 9424 9421
f 9435 9425 9430
f 9435 9429 9425
f 9425 9428 9424
f 9429 9428 9425
f 9440 9429 9435
f 9412 9430 9411
f 9413 9431 9412
f 9412 9431 9430
f 9432 9431 9413
f 9431 9435 9430
f 9431 9436 9435
f 9432 9436 9431
f 9437 9436 9432
f 9416 9432 9413
f 9417 9433 9416
f 9416 9433 9432
f 9434 9433 9417
f 9433 9437 9432
f 9438 9437 9433
f 9434 9438 9433
f 9502 9439 9434
f 9439 9438 9434
f 9436 9440 9435
f 9437 9441 9436
f 9438 9442 9437
f 9439 9443 9438
f 9436 9441 9440
f 9442 9441 9437
f 9510 9444 9439
f 9443 9442 9438
f 9444 9443 9439
f 9512 9712 9444
f 7549 9445 9399
f 9446 9445 7550
f 7552 9448 9446
f 9445 9415 9399
f 9446 9454 9445
f 9445 9454 9415
f 9448 9447 9446
f 9448 9451 9447
f 9446 9447 9454
f 9449 9448 7553
f 9451 9448 9449
f 9450 9452 9449
f 9460 9453 9450
f 9452 9451 9449
f 9453 9452 9450
f 9463 9457 9453
f 9447 9455 9454
f 9451 9456 9447
f 9456 9455 9447
f 9458 9456 9451
f 9455 9417 9454
f 9456 9502 9455
f 9458 9503 9456
f 9452 9458 9451
f 9459 9458 9452
f 9453 9459 9452
f 9457 9459 9453
f 9459 9505 9458
f 9457 9504 9459
f 9483 9506 9457
f 9457 9506 9504
f 7590 9463 9460
f 9464 9463 7590
f 9465 7591 7592
f 7591 9464 7590
f 7591 9465 9464
f 9462 9465 7592
f 9461 9462 7593
f 9463 9453 9460
f 9464 9483 9463
f 9462 9485 9465
f 9461 9486 9462
f 9465 9484 9464
f 9487 9486 9461
f 9486 9485 9462
f 9468 9461 7599
f 9466 9480 9468
f 9487 9461 9468
f 9480 9487 9468
f 9619 7605 7604
f 9620 7606 7605
f 7606 9470 9469
f 9469 9471 9474
f 9619 9620 7605
f 9470 9471 9469
f 9620 9470 7606
f 9627 9471 9470
f 9472 7612 7609
f 7612 9478 7613
f 7613 9477 9467
f 9475 9476 7610
f 9476 9473 7611
f 9473 9472 7609
f 9467 9479 9466
f 9477 9479 9467
f 9478 9477 7613
f 9472 9478 7612
f 9482 9476 9475
f 9474 9481 9475
f 9479 9480 9466
f 9495 9472 9473
f 9493 9479 9477
f 9472 9496 9478
f 9478 9492 9477
f 9476 9494 9473
f 9481 9482 9475
f 9471 9481 9474
f 9494 9495 9473
f 9482 9494 9476
f 9495 9496 9472
f 9483 9457 9463
f 9484 9483 9464
f 9485 9488 9484
f 9485 9484 9465
f 9490 9485 9486
f 9484 9517 9483
f 9517 9506 9483
f 9484 9488 9517
f 9490 9488 9485
f 9480 9489 9487
f 9487 9491 9486
f 9489 9491 9487
f 9471 9630 9481
f 9491 9490 9486
f 9518 9489 9497
f 9489 9519 9491
f 9479 9497 9480
f 9496 9492 9478
f 9492 9493 9477
f 9497 9489 9480
f 9493 9497 9479
f 9498 9482 9481
f 9500 9495 9494
f 9495 9501 9496
f 9482 9499 9494
f 9630 9498 9481
f 9498 9499 9482
f 9525 9493 9492
f 9493 9524 9497
f 9523 9492 9496
f 9500 9501 9495
f 9501 9523 9496
f 9499 9500 9494
f 9523 9525 9492
f 9525 9524 9493
f 9455 9502 9434
f 9503 9502 9456
f 9458 9505 9503
f 9503 9510 9502
f 9502 9510 9439
f 9505 9511 9503
f 9507 9511 9505
f 9511 9510 9503
f 9504 9505 9459
f 9504 9507 9505
f 9506 9508 9504
f 9506 9517 9509
f 9508 9507 9504
f 9506 9509 9508
f 9517 9520 9509
f 9512 9510 9511
f 9513 9512 9511
f 9507 9513 9511
f 9515 9513 9507
f 9510 9512 9444
f 9513 9723 9512
f 9515 9724 9513
f 9508 9515 9507
f 9516 9515 9508
f 9509 9516 9508
f 9520 9514 9509
f 9520 9529 9514
f 9514 9516 9509
f 9516 9727 9515
f 9529 9728 9514
f 9514 9726 9516
f 9728 9726 9514
f 9529 9735 9728
f 9490 9521 9488
f 9488 9520 9517
f 9521 9520 9488
f 9491 9522 9490
f 9518 9519 9489
f 9522 9521 9490
f 9491 9519 9522
f 9521 9529 9520
f 9522 9530 9521
f 9519 9531 9522
f 9524 9533 9518
f 9518 9532 9519
f 9528 9533 9524
f 9532 9531 9519
f 9533 9532 9518
f 9524 9518 9497
f 9499 9664 9500
f 9501 9526 9523
f 9665 9501 9500
f 9527 9525 9523
f 9525 9528 9524
f 9664 9665 9500
f 9665 9526 9501
f 9526 9527 9523
f 9527 9528 9525
f 9530 9529 9521
f 9531 9530 9522
f 9528 9535 9533
f 9532 9536 9531
f 9533 9537 9532
f 9673 9535 9528
f 9530 9735 9529
f 9531 9534 9530
f 9536 9534 9531
f 9534 9735 9530
f 9537 9536 9532
f 9535 9537 9533
f 9535 9830 9537
f 9526 9678 9527
f 9527 9673 9528
f 9540 9538 8639
f 9541 9539 9538
f 9545 9542 9539
f 9540 9541 9538
f 9548 9540 8641
f 9541 9545 9539
f 9549 9541 9540
f 9546 9543 9542
f 9547 9544 9543
f 9545 9546 9542
f 9546 9547 9543
f 9550 9545 9541
f 9548 9549 9540
f 9549 9550 9541
f 9568 9548 8645
f 9568 9569 9548
f 9569 9549 9548
f 9570 9550 9549
f 9569 9570 9549
f 9551 9546 9545
f 9552 9547 9546
f 9551 9552 9546
f 9550 9551 9545
f 9550 9571 9551
f 9570 9571 9550
f 9571 9572 9551
f 9572 9552 9551
f 9556 9559 7689
f 9559 9553 7690
f 9553 9554 7691
f 9557 9555 9544
f 9558 9556 9555
f 9547 9557 9544
f 9557 9558 9555
f 9558 9560 9556
f 9560 9559 9556
f 9561 9553 9559
f 9560 9561 9559
f 9564 9554 9553
f 9561 9564 9553
f 9563 9557 9547
f 9552 9563 9547
f 9563 9562 9557
f 9562 9558 9557
f 9562 9565 9558
f 9573 9563 9552
f 9574 9562 9563
f 9577 9565 9562
f 9565 9560 9558
f 9566 9561 9560
f 9565 9566 9560
f 9561 9567 9564
f 9566 9567 9561
f 9578 9566 9565
f 9579 9567 9566
f 9583 9568 8655
f 9584 9569 9568
f 9585 9570 9569
f 9584 9585 9569
f 9586 9571 9570
f 9587 9572 9571
f 9585 9586 9570
f 9586 9587 9571
f 9572 9573 9552
f 9573 9574 9563
f 9575 9573 9572
f 9574 9577 9562
f 9587 9575 9572
f 9575 9576 9573
f 9576 9574 9573
f 9580 9577 9574
f 9576 9580 9574
f 9577 9578 9565
f 9578 9579 9566
f 9581 9578 9577
f 9580 9581 9577
f 9582 9579 9578
f 9581 9582 9578
f 9582 9644 9579
f 9597 9582 9581
f 9583 9584 9568
f 9588 9583 8668
f 9588 9589 9583
f 9589 9584 9583
f 9590 9585 9584
f 9589 9590 9584
f 9738 9588 8672
f 9738 9739 9588
f 9588 9739 9589
f 9744 9590 9589
f 9739 9744 9589
f 9592 9586 9585
f 9590 9592 9585
f 9591 9587 9586
f 9592 9591 9586
f 9742 9592 9590
f 9743 9591 9592
f 9593 9575 9587
f 9591 9593 9587
f 9593 9594 9575
f 9594 9576 9575
f 9595 9580 9576
f 9594 9595 9576
f 9753 9593 9591
f 9754 9594 9593
f 9755 9595 9594
f 9595 9596 9580
f 9596 9581 9580
f 9756 9596 9595
f 9596 9597 9581
f 9597 9693 9582
f 9757 9597 9596
f 9554 9598 7692
f 9598 9599 7720
f 9601 7726 7721
f 9599 9601 7721
f 9607 9598 9554
f 9608 9599 9598
f 9612 9601 9599
f 9602 7727 7726
f 9601 9602 7726
f 9602 9603 7727
f 9603 7725 7727
f 9604 9600 7725
f 9603 9604 7725
f 9612 9613 9601
f 9613 9602 9601
f 9605 9603 9602
f 9606 9604 9603
f 9564 9607 9554
f 9607 9608 9598
f 9608 9612 9599
f 9613 9605 9602
f 9605 9606 9603
f 9606 9629 9604
f 9609 9607 9564
f 9610 9608 9607
f 9611 9612 9608
f 9567 9609 9564
f 9609 9610 9607
f 9636 9609 9567
f 9610 9611 9608
f 9614 9613 9612
f 9611 9614 9612
f 9614 9639 9613
f 9639 9605 9613
f 9640 9606 9605
f 9639 9640 9605
f 9640 9666 9606
f 9616 9617 7730
f 9622 9615 9600
f 9623 9616 9615
f 9617 9618 7603
f 9618 9619 7604
f 9623 9621 9616
f 9625 9619 9618
f 9621 9617 9616
f 9624 9618 9617
f 9619 9628 9620
f 9620 9626 9470
f 9625 9628 9619
f 9621 9624 9617
f 9624 9625 9618
f 9604 9622 9600
f 9622 9623 9615
f 9628 9626 9620
f 9626 9627 9470
f 9627 9630 9471
f 9633 9625 9624
f 9625 9635 9628
f 9604 9629 9622
f 9632 9623 9622
f 9631 9621 9623
f 9629 9632 9622
f 9632 9631 9623
f 9621 9634 9624
f 9631 9634 9621
f 9652 9627 9626
f 9627 9653 9630
f 9651 9626 9628
f 9633 9635 9625
f 9635 9651 9628
f 9651 9652 9626
f 9652 9653 9627
f 9666 9629 9606
f 9666 9667 9629
f 9654 9631 9632
f 9629 9667 9632
f 9634 9633 9624
f 9631 9655 9634
f 9662 9498 9630
f 9663 9499 9498
f 9637 9610 9609
f 9638 9611 9610
f 9637 9638 9610
f 9579 9636 9567
f 9636 9637 9609
f 9644 9636 9579
f 9645 9637 9636
f 9644 9645 9636
f 9645 9646 9637
f 9646 9638 9637
f 9641 9614 9611
f 9638 9641 9611
f 9641 9642 9614
f 9642 9639 9614
f 9639 9643 9640
f 9642 9643 9639
f 9643 9668 9640
f 9649 9643 9642
f 9647 9641 9638
f 9648 9642 9641
f 9693 9644 9582
f 9694 9645 9644
f 9695 9646 9645
f 9694 9695 9645
f 9643 9691 9668
f 9646 9647 9638
f 9647 9648 9641
f 9648 9649 9642
f 9649 9691 9643
f 9646 9650 9647
f 9695 9650 9646
f 9825 9648 9647
f 9650 9825 9647
f 9826 9649 9648
f 9649 9846 9691
f 9825 9826 9648
f 9826 9846 9649
f 9653 9662 9630
f 9660 9652 9651
f 9661 9653 9652
f 9667 9654 9632
f 9658 9633 9634
f 9633 9659 9635
f 9635 9657 9651
f 9654 9655 9631
f 9655 9658 9634
f 9658 9659 9633
f 9659 9657 9635
f 9653 9656 9662
f 9661 9656 9653
f 9656 9676 9662
f 9657 9660 9651
f 9660 9661 9652
f 9654 9685 9655
f 9686 9658 9655
f 9670 9659 9658
f 9659 9672 9657
f 9663 9664 9499
f 9662 9663 9498
f 9663 9677 9664
f 9662 9676 9663
f 9680 9665 9664
f 9665 9679 9526
f 9677 9680 9664
f 9676 9677 9663
f 9668 9666 9640
f 9669 9667 9666
f 9668 9669 9666
f 9667 9684 9654
f 9669 9684 9667
f 9684 9685 9654
f 9685 9686 9655
f 9657 9671 9660
f 9660 9675 9661
f 9674 9656 9661
f 9686 9670 9658
f 9670 9672 9659
f 9672 9671 9657
f 9682 9676 9656
f 9674 9682 9656
f 9675 9674 9661
f 9671 9675 9660
f 9673 9831 9535
f 9844 9671 9672
f 9675 9833 9674
f 9671 9845 9675
f 9834 9682 9674
f 9844 9845 9671
f 9680 9679 9665
f 9679 9678 9526
f 9678 9673 9527
f 9683 9680 9677
f 9676 9681 9677
f 9838 9678 9679
f 9837 9679 9680
f 9681 9683 9677
f 9678 9832 9673
f 9837 9838 9679
f 9683 9837 9680
f 9838 9832 9678
f 9682 9681 9676
f 9692 9669 9668
f 9669 9687 9684
f 9689 9685 9684
f 9691 9692 9668
f 9692 9687 9669
f 9686 9688 9670
f 9690 9686 9685
f 9687 9689 9684
f 9687 9848 9689
f 9690 9688 9686
f 9670 9843 9672
f 9689 9690 9685
f 9688 9843 9670
f 9843 9844 9672
f 9847 9692 9691
f 9692 9849 9687
f 9693 9694 9644
f 9427 9696 9426
f 9426 9696 8693
f 9428 9697 9427
f 9427 9697 9696
f 9428 9698 9697
f 9697 9700 9696
f 9698 9701 9697
f 9429 9698 9428
f 9429 9699 9698
f 9699 9429 9440
f 9708 9699 9440
f 9699 9704 9698
f 9708 9705 9699
f 9700 8699 9696
f 9701 9700 9697
f 9698 9704 9701
f 9701 9702 9700
f 9702 8701 9700
f 9704 9703 9701
f 9706 9703 9704
f 9703 9702 9701
f 9705 9704 9699
f 9713 9705 9708
f 9713 9707 9705
f 9705 9706 9704
f 9707 9706 9705
f 9716 9707 9713
f 9441 9708 9440
f 9441 9709 9708
f 9442 9709 9441
f 9710 9709 9442
f 9709 9713 9708
f 9710 9714 9709
f 9715 9714 9710
f 9443 9710 9442
f 9443 9711 9710
f 9444 9711 9443
f 9712 9711 9444
f 9711 9715 9710
f 9712 9719 9711
f 9719 9715 9711
f 9723 9720 9712
f 9720 9719 9712
f 9714 9713 9709
f 9714 9716 9713
f 9715 9717 9714
f 9717 9716 9714
f 9718 9717 9715
f 9719 9718 9715
f 9720 9721 9719
f 9731 9722 9720
f 9721 9718 9719
f 9722 9721 9720
f 9703 9768 9702
f 9702 9768 8905
f 9706 9769 9703
f 9703 9769 9768
f 9706 9770 9769
f 9707 9770 9706
f 9707 9771 9770
f 9716 9771 9707
f 9716 9780 9771
f 9717 9780 9716
f 9717 9781 9780
f 9718 9781 9717
f 9721 9782 9718
f 9783 9721 9722
f 9512 9723 9712
f 9724 9723 9513
f 9515 9727 9724
f 9724 9731 9723
f 9723 9731 9720
f 9732 9731 9724
f 9727 9732 9724
f 9725 9732 9727
f 9726 9727 9516
f 9726 9725 9727
f 9728 9729 9726
f 9735 9730 9728
f 9729 9725 9726
f 9730 9729 9728
f 9736 9730 9735
f 9732 9733 9731
f 9732 9734 9733
f 9725 9734 9732
f 9725 9827 9734
f 9733 9722 9731
f 9729 9827 9725
f 9829 9729 9730
f 9729 9829 9827
f 9736 9828 9730
f 9737 9534 9536
f 9534 9736 9735
f 9534 9737 9736
f 9835 9737 9536
f 9537 9835 9536
f 9733 9784 9722
f 9740 9738 8867
f 9741 9739 9738
f 9746 9744 9739
f 9740 9741 9738
f 9741 9746 9739
f 9744 9742 9590
f 9742 9743 9592
f 9745 9742 9744
f 9746 9745 9744
f 9745 9747 9742
f 9747 9743 9742
f 9752 9740 8869
f 9752 9748 9740
f 9748 9741 9740
f 9749 9746 9741
f 9748 9749 9741
f 9750 9745 9746
f 9749 9750 9746
f 9751 9747 9745
f 9750 9751 9745
f 9795 9752 8873
f 9796 9748 9752
f 9799 9749 9748
f 9800 9750 9749
f 9801 9751 9750
f 9743 9753 9591
f 9753 9754 9593
f 9754 9755 9594
f 9758 9753 9743
f 9747 9758 9743
f 9758 9759 9753
f 9759 9754 9753
f 9762 9755 9754
f 9759 9762 9754
f 9755 9756 9595
f 9756 9757 9596
f 9757 9882 9597
f 9763 9756 9755
f 9764 9757 9756
f 9762 9763 9755
f 9763 9764 9756
f 9764 9890 9757
f 9760 9758 9747
f 9751 9760 9747
f 9760 9761 9758
f 9761 9759 9758
f 9759 9765 9762
f 9761 9765 9759
f 9811 9761 9760
f 9812 9765 9761
f 9766 9763 9762
f 9767 9764 9763
f 9765 9766 9762
f 9813 9766 9765
f 9766 9767 9763
f 9767 9892 9764
f 9810 9760 9751
f 9769 9772 9768
f 9770 9773 9769
f 9771 9776 9770
f 9780 9777 9771
f 9772 8913 9768
f 9773 9772 9769
f 9770 9776 9773
f 9773 9774 9772
f 9774 8915 9772
f 9776 9775 9773
f 9776 9778 9775
f 9775 9774 9773
f 9777 9776 9771
f 9785 9777 9780
f 9785 9779 9777
f 9777 9778 9776
f 9779 9778 9777
f 9788 9779 9785
f 9718 9782 9781
f 9781 9785 9780
f 9782 9786 9781
f 9787 9786 9782
f 9721 9783 9782
f 9784 9783 9722
f 9783 9787 9782
f 9784 9791 9783
f 9791 9787 9783
f 9903 9792 9784
f 9792 9791 9784
f 9903 9913 9792
f 9781 9786 9785
f 9786 9788 9785
f 9787 9789 9786
f 9786 9789 9788
f 9790 9789 9787
f 9791 9790 9787
f 9792 9793 9791
f 9913 9794 9792
f 9793 9790 9791
f 9794 9793 9792
f 9913 9915 9794
f 9915 10015 9794
f 9795 9796 9752
f 9797 9795 8935
f 9796 9799 9748
f 9797 9798 9795
f 9798 9796 9795
f 9802 9799 9796
f 9798 9802 9796
f 9799 9800 9749
f 9800 9801 9750
f 9805 9800 9799
f 9802 9805 9799
f 9806 9801 9800
f 9805 9806 9800
f 9806 9815 9801
f 9803 9797 8937
f 9803 9804 9797
f 9804 9798 9797
f 9807 9802 9798
f 9804 9807 9798
f 10025 9803 8942
f 10026 9804 9803
f 10027 9807 9804
f 9808 9805 9802
f 9807 9808 9802
f 9809 9806 9805
f 9808 9809 9805
f 9809 9817 9806
f 10028 9808 9807
f 10029 9809 9808
f 9814 9767 9766
f 9814 9963 9767
f 9801 9810 9751
f 9810 9811 9760
f 9811 9812 9761
f 9815 9810 9801
f 9815 9816 9810
f 9816 9811 9810
f 9819 9812 9811
f 9816 9819 9811
f 9812 9813 9765
f 9813 9814 9766
f 9820 9813 9812
f 9819 9820 9812
f 9821 9814 9813
f 9821 9965 9814
f 9820 9821 9813
f 9806 9817 9815
f 9818 9816 9815
f 9822 9819 9816
f 9817 9818 9815
f 10030 9817 9809
f 10031 9818 9817
f 9818 9822 9816
f 9823 9820 9819
f 9824 9821 9820
f 9823 9824 9820
f 9824 9970 9821
f 9822 9823 9819
f 9887 9826 9825
f 9888 9846 9826
f 9734 9903 9733
f 9827 9904 9734
f 9856 9828 9736
f 9828 9829 9730
f 9829 9905 9827
f 9828 9907 9829
f 9856 9908 9828
f 9908 9907 9828
f 9856 9909 9908
f 9832 9831 9673
f 9831 9830 9535
f 9537 9830 9835
f 9845 9833 9675
f 9833 9834 9674
f 9737 9856 9736
f 9835 9857 9737
f 9859 9830 9831
f 9832 9860 9831
f 9830 9858 9835
f 9859 9858 9830
f 9860 9859 9831
f 9836 9860 9832
f 9869 9834 9833
f 9837 9842 9838
f 9836 9832 9838
f 9682 9840 9681
f 9841 9683 9681
f 9834 9840 9682
f 9683 9839 9837
f 9840 9841 9681
f 9683 9841 9839
f 9842 9836 9838
f 9839 9842 9837
f 9834 9880 9840
f 9865 9841 9840
f 9841 9866 9839
f 9855 9690 9689
f 9850 9688 9690
f 9843 9852 9844
f 9853 9845 9844
f 9688 9851 9843
f 9855 9850 9690
f 9850 9851 9688
f 9846 9847 9691
f 9847 9849 9692
f 9849 9848 9687
f 9846 9854 9847
f 9848 9855 9689
f 9845 9868 9833
f 9852 9853 9844
f 9853 9868 9845
f 9851 9852 9843
f 9868 9869 9833
f 9869 9880 9834
f 9871 9848 9849
f 9888 9854 9846
f 9870 9849 9847
f 9871 9872 9848
f 9854 9870 9847
f 9870 9871 9849
f 9873 9850 9855
f 9848 9872 9855
f 9850 9874 9851
f 9857 9856 9737
f 9858 9857 9835
f 9859 9864 9858
f 9860 9863 9859
f 9836 9861 9860
f 9862 9836 9842
f 9862 9861 9836
f 9857 9909 9856
f 9921 9857 9858
f 9864 9921 9858
f 9921 9909 9857
f 9863 9864 9859
f 9861 9863 9860
f 9867 9926 9862
f 9862 9923 9861
f 9937 9926 9867
f 9839 9867 9842
f 9880 9865 9840
f 9865 9866 9841
f 9866 9867 9839
f 9867 9862 9842
f 9937 9867 9866
f 9851 9878 9852
f 9879 9853 9852
f 9875 9868 9853
f 9868 9876 9869
f 9869 9877 9880
f 9878 9879 9852
f 9879 9875 9853
f 9901 9871 9870
f 9872 9873 9855
f 9873 9874 9850
f 9874 9878 9851
f 9871 9902 9872
f 9875 9876 9868
f 9876 9877 9869
f 9875 9931 9876
f 9901 9902 9871
f 9929 9878 9874
f 9927 9873 9872
f 9873 9928 9874
f 9902 9927 9872
f 9878 9932 9879
f 9930 9875 9879
f 9929 9932 9878
f 9927 9928 9873
f 9928 9929 9874
f 9880 9881 9865
f 9936 9866 9865
f 9877 9881 9880
f 9881 9936 9865
f 9936 9937 9866
f 9882 9693 9597
f 9883 9694 9693
f 9882 9883 9693
f 9884 9695 9694
f 9883 9884 9694
f 9890 9882 9757
f 9882 9891 9883
f 9890 9891 9882
f 9889 9884 9883
f 9885 9650 9695
f 9884 9885 9695
f 9650 9886 9825
f 9885 9886 9650
f 9895 9885 9884
f 9896 9886 9885
f 9886 9887 9825
f 9888 9826 9887
f 9891 9889 9883
f 9889 9895 9884
f 9892 9890 9764
f 9894 9891 9890
f 9893 9889 9891
f 9892 9894 9890
f 9894 9893 9891
f 9893 9955 9889
f 9895 9896 9885
f 9886 9897 9887
f 9898 9888 9887
f 9896 9897 9886
f 9897 9898 9887
f 9956 9896 9895
f 9957 9897 9896
f 9958 9898 9897
f 9957 9958 9897
f 9955 9895 9889
f 9955 9956 9895
f 9956 9957 9896
f 9899 9854 9888
f 9898 9899 9888
f 9899 9900 9854
f 9854 9900 9870
f 9900 9901 9870
f 9975 9899 9898
f 9976 9900 9899
f 9733 9903 9784
f 9904 9903 9734
f 9827 9905 9904
f 9904 9913 9903
f 9914 9913 9904
f 9905 9914 9904
f 9906 9914 9905
f 9907 9905 9829
f 9906 9905 9907
f 9908 9910 9907
f 9909 9911 9908
f 9910 9906 9907
f 9911 9910 9908
f 9909 9912 9911
f 9914 9915 9913
f 9916 9915 9914
f 9906 9916 9914
f 9917 9916 9906
f 9916 10062 9915
f 10063 9916 9917
f 9910 9917 9906
f 9911 9919 9910
f 9910 9919 9917
f 9912 9920 9911
f 9912 9918 9920
f 9911 9920 9919
f 9919 10064 9917
f 9920 10066 9919
f 9918 10067 9920
f 10067 10066 9920
f 9918 10068 10067
f 9864 9924 9921
f 9921 9912 9909
f 9924 9912 9921
f 9925 9924 9864
f 9863 9925 9864
f 9922 9863 9861
f 9926 9923 9862
f 9923 9922 9861
f 9863 9922 9925
f 9918 9912 9924
f 9925 9940 9924
f 9923 9942 9922
f 9922 9941 9925
f 9935 9877 9876
f 9934 9926 9937
f 9935 9938 9877
f 9932 9930 9879
f 9930 9931 9875
f 9931 9935 9876
f 9927 9981 9928
f 9928 9980 9929
f 9982 9932 9929
f 9943 9923 9926
f 9933 9934 9937
f 9942 9941 9922
f 9943 9942 9923
f 9934 9943 9926
f 9930 9945 9931
f 9932 9944 9930
f 9980 9982 9929
f 9931 9946 9935
f 9944 9945 9930
f 9982 9944 9932
f 9945 9946 9931
f 9877 9938 9881
f 9936 9933 9937
f 9881 9939 9936
f 9938 9939 9881
f 9939 9933 9936
f 9952 9938 9935
f 9953 9939 9938
f 9940 9918 9924
f 9941 9940 9925
f 9951 9934 9933
f 9943 9949 9942
f 9942 9947 9941
f 9934 9948 9943
f 9950 9951 9933
f 9951 9948 9934
f 9946 9952 9935
f 9992 9945 9944
f 9993 9946 9945
f 9940 10068 9918
f 9941 10080 9940
f 9947 10080 9941
f 10080 10068 9940
f 9949 9947 9942
f 9948 9949 9943
f 10082 9950 9953
f 9946 10081 9952
f 9993 10081 9946
f 9950 10083 9951
f 10084 9948 9951
f 9939 9950 9933
f 9952 9953 9938
f 9953 9950 9939
f 10089 9953 9952
f 10081 10089 9952
f 10089 10082 9953
f 9963 9892 9767
f 9964 9894 9892
f 9963 9964 9892
f 9954 9893 9894
f 9964 9954 9894
f 9954 9959 9893
f 9958 9975 9898
f 9959 9955 9893
f 9955 9960 9956
f 9959 9960 9955
f 9961 9957 9956
f 9962 9958 9957
f 9972 9960 9959
f 9961 9962 9957
f 9962 9985 9958
f 9960 9961 9956
f 9965 9963 9814
f 9963 9966 9964
f 9965 9966 9963
f 9967 9954 9964
f 9971 9959 9954
f 9960 9973 9961
f 9974 9962 9961
f 9973 9974 9961
f 9974 9994 9962
f 9970 9965 9821
f 9968 9966 9965
f 9966 9967 9964
f 9967 9971 9954
f 9970 9968 9965
f 9969 9967 9966
f 9968 9969 9966
f 9969 10097 9967
f 9971 9972 9959
f 9972 9973 9960
f 10098 9972 9971
f 10097 9971 9967
f 10097 10098 9971
f 10098 10099 9972
f 10099 9973 9972
f 10100 9974 9973
f 10127 9994 9974
f 9977 9901 9900
f 9978 9902 9901
f 9975 9976 9899
f 9976 9977 9900
f 9977 9978 9901
f 9979 9927 9902
f 9979 9981 9927
f 9978 9979 9902
f 9986 9976 9975
f 9987 9977 9976
f 9977 9988 9978
f 9987 9988 9977
f 9981 9980 9928
f 9984 9981 9979
f 9978 9983 9979
f 9985 9975 9958
f 9985 9986 9975
f 9986 9987 9976
f 9981 9991 9980
f 9989 9982 9980
f 9982 9990 9944
f 9988 9983 9978
f 9983 9984 9979
f 9991 9989 9980
f 9989 9990 9982
f 9984 9991 9981
f 9994 9985 9962
f 9985 9996 9986
f 9995 9988 9987
f 9986 9997 9987
f 9994 9996 9985
f 9990 9992 9944
f 9992 9993 9945
f 10116 9984 9983
f 10117 9991 9984
f 9991 10112 9989
f 10114 9990 9989
f 9997 9995 9987
f 9996 9997 9986
f 9995 10115 9988
f 10128 9996 9994
f 9988 10115 9983
f 10115 10116 9983
f 10117 9984 10116
f 9775 9998 9774
f 9998 9073 9774
f 9778 9999 9775
f 9999 9998 9775
f 9778 10000 9999
f 9999 10002 9998
f 10000 10003 9999
f 9779 10000 9778
f 10001 10000 9779
f 9788 10001 9779
f 10011 10001 9788
f 10001 10006 10000
f 10011 10007 10001
f 9998 10002 9081
f 10003 10002 9999
f 10000 10006 10003
f 10001 10007 10006
f 10017 10007 10011
f 10003 10004 10002
f 10004 9083 10002
f 10006 10005 10003
f 10006 10008 10005
f 10005 10004 10003
f 10017 10009 10007
f 10007 10008 10006
f 10009 10008 10007
f 10010 10009 10017
f 9789 10011 9788
f 10012 10011 9789
f 9790 10012 9789
f 9790 10013 10012
f 10017 10011 10012
f 10014 10018 10013
f 10013 10016 10012
f 9793 10013 9790
f 9794 10014 9793
f 9793 10014 10013
f 10015 10014 9794
f 9915 10062 10015
f 10015 10021 10014
f 10018 10016 10013
f 10021 10018 10014
f 10062 10022 10015
f 10022 10021 10015
f 10072 10022 10062
f 10016 10017 10012
f 10016 10010 10017
f 10018 10019 10016
f 10021 10020 10018
f 10019 10010 10016
f 10020 10019 10018
f 10022 10023 10021
f 10072 10024 10022
f 10023 10020 10021
f 10024 10023 10022
f 10074 10024 10072
f 10074 10048 10024
f 10025 10026 9803
f 10026 10027 9804
f 10027 10028 9807
f 10028 10029 9808
f 10029 10030 9809
f 10355 10028 10027
f 10356 10029 10028
f 10030 10031 9817
f 10032 9822 9818
f 10031 10032 9818
f 10360 10030 10029
f 10361 10031 10030
f 10362 10032 10031
f 10033 9823 9822
f 10032 10033 9822
f 10034 9824 9823
f 10033 10034 9823
f 10034 10095 9824
f 10366 10033 10032
f 10362 10366 10032
f 10367 10034 10033
f 10366 10367 10033
f 10400 10095 10034
f 10367 10400 10034
f 10005 10035 10004
f 10035 9107 10004
f 10008 10036 10005
f 10036 10035 10005
f 10008 10037 10036
f 10036 10040 10035
f 10037 10041 10036
f 10009 10037 10008
f 10038 10037 10009
f 10010 10038 10009
f 10039 10038 10010
f 10038 10042 10037
f 10039 10043 10038
f 10035 10040 9112
f 10041 10040 10036
f 10037 10042 10041
f 10041 10053 10040
f 10053 9136 10040
f 10042 10054 10041
f 10054 10053 10041
f 10042 10055 10054
f 10038 10043 10042
f 10044 10043 10039
f 10043 10055 10042
f 10056 10055 10043
f 10044 10056 10043
f 10057 10056 10044
f 10019 10039 10010
f 10019 10045 10039
f 10020 10045 10019
f 10023 10046 10020
f 10046 10045 10020
f 10045 10044 10039
f 10047 10050 10046
f 10046 10049 10045
f 10046 10050 10049
f 10024 10047 10023
f 10047 10046 10023
f 10048 10047 10024
f 10154 10048 10074
f 10047 10048 10051
f 10047 10051 10050
f 10052 10048 10154
f 10048 10052 10051
f 10160 10052 10154
f 10045 10049 10044
f 10049 10057 10044
f 10050 10058 10049
f 10051 10059 10050
f 10049 10058 10057
f 10059 10058 10050
f 10052 10060 10051
f 10160 10061 10052
f 10060 10059 10051
f 10061 10060 10052
f 10170 10061 10160
f 10063 10062 9916
f 10064 10063 9917
f 9919 10066 10064
f 10063 10072 10062
f 10073 10072 10063
f 10064 10073 10063
f 10065 10073 10064
f 10067 10069 10066
f 10068 10070 10067
f 10066 10065 10064
f 10069 10065 10066
f 10070 10069 10067
f 10071 10070 10068
f 10073 10074 10072
f 10073 10075 10074
f 10065 10075 10073
f 10069 10076 10065
f 10076 10075 10065
f 10075 10154 10074
f 10076 10155 10075
f 10078 10156 10076
f 10070 10078 10069
f 10069 10078 10076
f 10071 10079 10070
f 10079 10078 10070
f 10071 10077 10079
f 10079 10157 10078
f 10079 10158 10157
f 10077 10158 10079
f 10090 10159 10077
f 10077 10159 10158
f 9947 10085 10080
f 10080 10071 10068
f 10085 10071 10080
f 10086 10085 9947
f 9949 10086 9947
f 9948 10087 9949
f 10087 10086 9949
f 10082 10083 9950
f 10083 10084 9951
f 10084 10087 9948
f 10120 10082 10089
f 10085 10077 10071
f 10086 10090 10085
f 10084 10092 10087
f 10083 10093 10084
f 10082 10088 10083
f 10120 10088 10082
f 10091 10086 10087
f 10092 10091 10087
f 10093 10092 10084
f 10088 10093 10083
f 10081 10126 10089
f 10090 10077 10085
f 10091 10090 10086
f 10092 10135 10091
f 10093 10138 10092
f 10091 10162 10090
f 10162 10159 10090
f 10135 10162 10091
f 10138 10135 10092
f 10095 9970 9824
f 10094 9968 9970
f 10095 10094 9970
f 10096 9969 9968
f 10094 10096 9968
f 10096 10102 9969
f 10105 10094 10095
f 10106 10096 10094
f 10103 10098 10097
f 10099 10100 9973
f 10100 10127 9974
f 10104 10099 10098
f 10101 10100 10099
f 9969 10102 10097
f 10103 10104 10098
f 10104 10101 10099
f 10100 10144 10127
f 10101 10144 10100
f 10102 10103 10097
f 10107 10102 10096
f 10400 10105 10095
f 10105 10106 10094
f 10106 10107 10096
f 10407 10107 10106
f 10108 10103 10102
f 10107 10108 10102
f 10108 10111 10103
f 10103 10111 10104
f 10109 10101 10104
f 10110 10144 10101
f 10111 10109 10104
f 10109 10110 10101
f 10408 10108 10107
f 10408 10409 10108
f 10167 10109 10111
f 10409 10111 10108
f 10109 10168 10110
f 9990 10113 9992
f 10119 9993 9992
f 9993 10118 10081
f 10117 10112 9991
f 10112 10114 9989
f 10114 10113 9990
f 10113 10119 9992
f 10118 10126 10081
f 10119 10118 9993
f 9996 10129 9997
f 10121 9995 9997
f 10122 10115 9995
f 10129 10121 9997
f 10121 10122 9995
f 10115 10124 10116
f 10125 10117 10116
f 10126 10120 10089
f 10133 10113 10114
f 10131 10126 10118
f 10134 10119 10113
f 10119 10130 10118
f 10133 10134 10113
f 10117 10123 10112
f 10125 10123 10117
f 10132 10114 10112
f 10122 10124 10115
f 10124 10125 10116
f 10123 10132 10112
f 10132 10133 10114
f 10127 10128 9994
f 10128 10129 9996
f 10127 10145 10128
f 10146 10129 10128
f 10147 10121 10129
f 10148 10122 10121
f 10144 10145 10127
f 10145 10146 10128
f 10126 10137 10120
f 10120 10136 10088
f 10134 10130 10119
f 10130 10131 10118
f 10088 10139 10093
f 10137 10136 10120
f 10136 10139 10088
f 10131 10137 10126
f 10149 10124 10122
f 10151 10125 10124
f 10125 10140 10123
f 10142 10133 10132
f 10133 10143 10134
f 10149 10151 10124
f 10151 10140 10125
f 10123 10141 10132
f 10140 10141 10123
f 10139 10138 10093
f 10130 10178 10131
f 10137 10175 10136
f 10179 10137 10131
f 10136 10176 10139
f 10134 10177 10130
f 10142 10143 10133
f 10143 10177 10134
f 10141 10142 10132
f 10177 10178 10130
f 10178 10179 10131
f 10146 10147 10129
f 10147 10148 10121
f 10144 10152 10145
f 10153 10146 10145
f 10148 10149 10122
f 10152 10153 10145
f 10150 10147 10146
f 10147 10186 10148
f 10153 10150 10146
f 10150 10186 10147
f 10148 10187 10149
f 10189 10140 10151
f 10188 10151 10149
f 10187 10188 10149
f 10190 10141 10140
f 10186 10187 10148
f 10110 10152 10144
f 10075 10155 10154
f 10156 10155 10076
f 10155 10160 10154
f 10155 10161 10160
f 10156 10161 10155
f 10157 10163 10156
f 10163 10161 10156
f 10078 10157 10156
f 10158 10164 10157
f 10159 10165 10158
f 10162 10166 10159
f 10164 10163 10157
f 10165 10164 10158
f 10159 10166 10165
f 10180 10172 10166
f 10409 10167 10111
f 10167 10168 10109
f 10161 10170 10160
f 10161 10169 10170
f 10163 10169 10161
f 10164 10171 10163
f 10171 10169 10163
f 10169 10281 10170
f 10171 10282 10169
f 10173 10283 10171
f 10165 10173 10164
f 10164 10173 10171
f 10174 10173 10165
f 10166 10174 10165
f 10166 10172 10174
f 10174 10285 10173
f 10172 10286 10174
f 10199 10287 10172
f 10172 10287 10286
f 10135 10180 10162
f 10138 10181 10135
f 10181 10180 10135
f 10139 10182 10138
f 10176 10182 10139
f 10179 10175 10137
f 10175 10176 10136
f 10182 10181 10138
f 10141 10192 10142
f 10193 10143 10142
f 10183 10177 10143
f 10177 10184 10178
f 10185 10179 10178
f 10192 10193 10142
f 10193 10183 10143
f 10180 10166 10162
f 10181 10199 10180
f 10182 10200 10181
f 10176 10201 10182
f 10179 10203 10175
f 10202 10176 10175
f 10185 10203 10179
f 10183 10184 10177
f 10184 10185 10178
f 10176 10202 10201
f 10203 10202 10175
f 10188 10189 10151
f 10189 10190 10140
f 10190 10192 10141
f 10197 10187 10186
f 10198 10188 10187
f 10191 10152 10110
f 10196 10153 10152
f 10194 10150 10153
f 10168 10191 10110
f 10191 10196 10152
f 10150 10195 10186
f 10196 10194 10153
f 10194 10195 10150
f 10210 10192 10190
f 10188 10208 10189
f 10197 10198 10187
f 10198 10208 10188
f 10189 10209 10190
f 10192 10212 10193
f 10211 10183 10193
f 10210 10212 10192
f 10208 10209 10189
f 10209 10210 10190
f 10424 10191 10168
f 10425 10196 10191
f 10424 10425 10191
f 10196 10213 10194
f 10214 10195 10194
f 10195 10197 10186
f 10199 10172 10180
f 10200 10199 10181
f 10201 10200 10182
f 10201 10204 10200
f 10222 10184 10183
f 10215 10185 10184
f 10185 10205 10203
f 10202 10206 10201
f 10203 10207 10202
f 10205 10207 10203
f 10215 10205 10185
f 10298 10199 10200
f 10298 10287 10199
f 10204 10298 10200
f 10206 10204 10201
f 10207 10206 10202
f 10205 10302 10207
f 10212 10211 10193
f 10211 10222 10183
f 10222 10215 10184
f 10208 10221 10209
f 10210 10216 10212
f 10220 10210 10209
f 10425 10213 10196
f 10213 10214 10194
f 10214 10218 10195
f 10219 10198 10197
f 10195 10218 10197
f 10198 10217 10208
f 10218 10219 10197
f 10219 10217 10198
f 10217 10221 10208
f 10310 10211 10212
f 10220 10216 10210
f 10222 10303 10215
f 10301 10205 10215
f 10311 10303 10222
f 10216 10310 10212
f 10473 10214 10213
f 10221 10220 10209
f 10214 10474 10218
f 10217 10305 10221
f 10475 10219 10218
f 10304 10217 10219
f 10474 10475 10218
f 10211 10311 10222
f 10310 10311 10211
f 10054 10223 10053
f 10223 9193 10053
f 10055 10224 10054
f 10224 10223 10054
f 10055 10225 10224
f 10224 10228 10223
f 10225 10229 10224
f 10056 10225 10055
f 10226 10225 10056
f 10057 10226 10056
f 10227 10226 10057
f 10226 10232 10225
f 10227 10233 10226
f 10223 10228 9201
f 10229 10228 10224
f 10225 10232 10229
f 10229 10230 10228
f 10230 9203 10228
f 10232 10231 10229
f 10231 10230 10229
f 10232 10235 10231
f 10226 10233 10232
f 10234 10233 10227
f 10233 10235 10232
f 10236 10235 10233
f 10234 10236 10233
f 10237 10236 10234
f 10058 10227 10057
f 10238 10227 10058
f 10059 10238 10058
f 10060 10239 10059
f 10239 10238 10059
f 10238 10234 10227
f 10239 10242 10238
f 10243 10242 10239
f 10241 10243 10239
f 10061 10241 10060
f 10241 10239 10060
f 10240 10241 10061
f 10170 10240 10061
f 10281 10240 10170
f 10240 10246 10241
f 10281 10247 10240
f 10241 10246 10243
f 10240 10247 10246
f 10281 10291 10247
f 10238 10242 10234
f 10242 10237 10234
f 10244 10242 10243
f 10246 10245 10243
f 10244 10237 10242
f 10245 10244 10243
f 10247 10248 10246
f 10291 10249 10247
f 10248 10245 10246
f 10249 10248 10247
f 10250 10249 10291
f 10231 10251 10230
f 10251 9229 10230
f 10235 10252 10231
f 10252 10251 10231
f 10235 10253 10252
f 10236 10253 10235
f 10254 10253 10236
f 10237 10254 10236
f 10255 10254 10237
f 10252 10256 10251
f 10253 10257 10252
f 10254 10260 10253
f 10255 10261 10254
f 10251 10256 9237
f 10257 10256 10252
f 10253 10260 10257
f 10258 10448 9239
f 10259 10448 10258
f 10263 10448 10259
f 10257 10258 10256
f 10258 9239 10256
f 10260 10259 10257
f 10259 10258 10257
f 10260 10263 10259
f 10254 10261 10260
f 10262 10261 10255
f 10263 10264 10448
f 10264 10265 10448
f 10265 10273 10448
f 10273 10274 10448
f 10261 10263 10260
f 10264 10263 10261
f 10262 10264 10261
f 10265 10264 10262
f 10244 10255 10237
f 10244 10266 10255
f 10244 10245 10266
f 10248 10267 10245
f 10245 10267 10266
f 10249 10270 10248
f 10250 10268 10249
f 10266 10262 10255
f 10267 10271 10266
f 10270 10272 10267
f 10270 10267 10248
f 10268 10270 10249
f 10269 10268 10250
f 10268 10275 10270
f 10275 10272 10270
f 10268 10276 10275
f 10269 10276 10268
f 10277 10276 10269
f 10271 10262 10266
f 10267 10272 10271
f 10272 10273 10271
f 10275 10274 10272
f 10274 10278 10448
f 10278 10279 10448
f 10279 10280 10448
f 10271 10265 10262
f 10273 10265 10271
f 10272 10274 10273
f 10276 10278 10275
f 10277 10279 10276
f 10280 10337 10448
f 10337 10338 10448
f 10278 10274 10275
f 10279 10278 10276
f 10280 10279 10277
f 10169 10282 10281
f 10283 10282 10171
f 10282 10291 10281
f 10282 10292 10291
f 10283 10292 10282
f 10284 10283 10285
f 10284 10292 10283
f 10285 10283 10173
f 10174 10286 10285
f 10286 10288 10285
f 10287 10289 10286
f 10298 10290 10287
f 10288 10284 10285
f 10289 10288 10286
f 10290 10289 10287
f 10292 10250 10291
f 10288 10294 10284
f 10284 10293 10292
f 10294 10293 10284
f 10292 10293 10250
f 10289 10296 10288
f 10288 10296 10294
f 10297 10296 10289
f 10290 10297 10289
f 10295 10290 10299
f 10293 10269 10250
f 10294 10327 10293
f 10296 10328 10294
f 10290 10295 10297
f 10297 10330 10296
f 10314 10331 10295
f 10295 10329 10297
f 10295 10331 10329
f 10206 10300 10204
f 10204 10299 10298
f 10300 10299 10204
f 10207 10306 10206
f 10306 10300 10206
f 10299 10290 10298
f 10303 10301 10215
f 10301 10302 10205
f 10302 10306 10207
f 10311 10309 10303
f 10308 10220 10221
f 10220 10307 10216
f 10475 10304 10219
f 10304 10305 10217
f 10312 10310 10216
f 10308 10307 10220
f 10307 10312 10216
f 10305 10308 10221
f 10300 10314 10299
f 10306 10315 10300
f 10301 10318 10302
f 10317 10301 10303
f 10309 10317 10303
f 10302 10316 10306
f 10302 10318 10316
f 10317 10318 10301
f 10483 10305 10304
f 10484 10308 10305
f 10308 10319 10307
f 10310 10313 10311
f 10313 10309 10311
f 10312 10313 10310
f 10307 10325 10312
f 10314 10295 10299
f 10315 10314 10300
f 10316 10315 10306
f 10318 10323 10316
f 10317 10324 10318
f 10322 10309 10313
f 10321 10317 10309
f 10319 10325 10307
f 10484 10319 10308
f 10322 10321 10309
f 10315 10342 10314
f 10316 10320 10315
f 10342 10331 10314
f 10320 10342 10315
f 10323 10320 10316
f 10324 10323 10318
f 10321 10324 10317
f 10344 10321 10322
f 10326 10313 10312
f 10325 10326 10312
f 10326 10322 10313
f 10505 10326 10325
f 10326 10506 10322
f 10505 10506 10326
f 10293 10327 10269
f 10328 10327 10294
f 10327 10277 10269
f 10327 10335 10277
f 10328 10335 10327
f 10330 10336 10328
f 10336 10335 10328
f 10330 10328 10296
f 10329 10330 10297
f 10329 10332 10330
f 10331 10333 10329
f 10334 10331 10342
f 10333 10332 10329
f 10332 10336 10330
f 10331 10334 10333
f 10335 10280 10277
f 10336 10337 10335
f 10332 10338 10336
f 10338 10337 10336
f 10332 10339 10338
f 10335 10337 10280
f 10333 10339 10332
f 10340 10339 10333
f 10334 10340 10333
f 10346 10341 10334
f 10334 10341 10340
f 10323 10345 10320
f 10320 10346 10342
f 10345 10346 10320
f 10324 10347 10323
f 10321 10343 10324
f 10506 10344 10322
f 10344 10343 10321
f 10347 10345 10323
f 10343 10347 10324
f 10346 10334 10342
f 10345 10348 10346
f 10347 10349 10345
f 10344 10512 10343
f 10343 10513 10347
f 10343 10512 10513
f 10348 10341 10346
f 10349 10348 10345
f 10513 10349 10347
f 10350 10025 9095
f 10350 10351 10025
f 10351 10026 10025
f 10354 10027 10026
f 10351 10354 10026
f 10354 10355 10027
f 10355 10356 10028
f 10356 10360 10029
f 10352 10350 9276
f 10352 10353 10350
f 10353 10351 10350
f 10357 10354 10351
f 10353 10357 10351
f 10370 10352 9282
f 10371 10353 10352
f 10372 10357 10353
f 10358 10355 10354
f 10355 10359 10356
f 10357 10358 10354
f 10373 10358 10357
f 10358 10359 10355
f 10359 10363 10356
f 10374 10359 10358
f 10360 10361 10030
f 10361 10362 10031
f 10363 10360 10356
f 10364 10361 10360
f 10365 10362 10361
f 10363 10364 10360
f 10385 10363 10359
f 10364 10365 10361
f 10368 10366 10362
f 10369 10367 10366
f 10402 10400 10367
f 10365 10368 10362
f 10368 10369 10366
f 10369 10402 10367
f 10370 10371 10352
f 10371 10372 10353
f 10375 10370 9301
f 9306 10375 9301
f 10375 10376 10370
f 10376 10371 10370
f 10377 10372 10371
f 10376 10377 10371
f 10372 10373 10357
f 10373 10374 10358
f 10374 10385 10359
f 10378 10373 10372
f 10377 10378 10372
f 10379 10374 10373
f 10378 10379 10373
f 10379 10390 10374
f 10380 10375 9306
f 10381 10376 10375
f 10382 10377 10376
f 10383 10378 10377
f 10384 10379 10378
f 9311 10380 9306
f 10380 10381 10375
f 10428 10380 9311
f 10381 10382 10376
f 10429 10381 10380
f 10430 10382 10381
f 10382 10383 10377
f 10383 10384 10378
f 10384 10395 10379
f 10386 10364 10363
f 10387 10365 10364
f 10386 10387 10364
f 10385 10386 10363
f 10390 10385 10374
f 10391 10386 10385
f 10390 10391 10385
f 10392 10387 10386
f 10391 10392 10386
f 10388 10368 10365
f 10387 10388 10365
f 10388 10389 10368
f 10389 10369 10368
f 10404 10402 10369
f 10389 10404 10369
f 10393 10388 10387
f 10392 10393 10387
f 10393 10394 10388
f 10394 10389 10388
f 10414 10404 10389
f 10395 10390 10379
f 10396 10391 10390
f 10397 10392 10391
f 10395 10396 10390
f 10396 10397 10391
f 10398 10393 10392
f 10394 10414 10389
f 10399 10394 10393
f 10417 10414 10394
f 10397 10398 10392
f 10398 10399 10393
f 10399 10417 10394
f 10402 10401 10400
f 10401 10105 10400
f 10403 10106 10105
f 10401 10403 10105
f 10403 10407 10106
f 10407 10408 10107
f 10405 10401 10402
f 10404 10405 10402
f 10406 10403 10401
f 10403 10410 10407
f 10405 10406 10401
f 10406 10410 10403
f 10419 10410 10406
f 10415 10405 10404
f 10416 10406 10405
f 10411 10408 10407
f 10413 10409 10408
f 10411 10413 10408
f 10410 10411 10407
f 10412 10167 10409
f 10413 10412 10409
f 10167 10418 10168
f 10412 10418 10167
f 10414 10415 10404
f 10415 10416 10405
f 10416 10419 10406
f 10417 10449 10414
f 10449 10415 10414
f 10451 10419 10416
f 10450 10416 10415
f 10449 10450 10415
f 10450 10451 10416
f 10410 10422 10411
f 10422 10423 10411
f 10423 10413 10411
f 10420 10412 10413
f 10412 10421 10418
f 10423 10420 10413
f 10421 10412 10420
f 10419 10422 10410
f 10455 10421 10420
f 10452 10422 10419
f 10422 10453 10423
f 10452 10453 10422
f 10451 10452 10419
f 10454 10420 10423
f 10418 10424 10168
f 10426 10424 10418
f 10427 10425 10424
f 10426 10427 10424
f 10425 10472 10213
f 10427 10472 10425
f 10421 10426 10418
f 10472 10473 10213
f 10473 10474 10214
f 9382 10428 9311
f 10428 10429 10380
f 10429 10430 10381
f 10433 10428 9382
f 10434 10429 10428
f 10435 10430 10429
f 9387 10433 9382
f 10433 10434 10428
f 10434 10435 10429
f 10431 10383 10382
f 10430 10431 10382
f 10432 10384 10383
f 10431 10432 10383
f 10432 10438 10384
f 10436 10431 10430
f 10437 10432 10431
f 10436 10437 10431
f 10437 10443 10432
f 10435 10436 10430
f 10448 9387 9386
f 10448 10433 9387
f 10448 10434 10433
f 10448 10435 10434
f 10436 10435 10448
f 10437 10436 10448
f 10443 10437 10448
f 10444 10443 10448
f 10438 10395 10384
f 10439 10396 10395
f 10438 10439 10395
f 10440 10397 10396
f 10439 10440 10396
f 10443 10438 10432
f 10444 10439 10438
f 10443 10444 10438
f 10445 10440 10439
f 10444 10445 10439
f 10441 10398 10397
f 10440 10441 10397
f 10441 10442 10398
f 10442 10399 10398
f 10457 10417 10399
f 10442 10457 10399
f 10447 10441 10440
f 10445 10447 10440
f 10441 10446 10442
f 10464 10457 10442
f 10445 10444 10448
f 10447 10445 10448
f 10446 10447 10448
f 10464 10446 10448
f 10447 10446 10441
f 10446 10464 10442
f 10465 10464 10448
f 10466 10465 10448
f 10467 10466 10448
f 10468 10467 10448
f 10469 10468 10448
f 10470 10469 10448
f 10339 10340 10448
f 10340 10341 10448
f 10338 10339 10448
f 10459 10450 10449
f 10450 10460 10451
f 10461 10452 10451
f 10456 10453 10452
f 10453 10454 10423
f 10454 10455 10420
f 10455 10480 10421
f 10460 10461 10451
f 10461 10456 10452
f 10462 10455 10454
f 10463 10454 10453
f 10456 10463 10453
f 10463 10462 10454
f 10462 10485 10455
f 10458 10449 10417
f 10457 10458 10417
f 10458 10459 10449
f 10465 10458 10457
f 10459 10460 10450
f 10466 10459 10458
f 10471 10470 10448
f 10471 10462 10463
f 10464 10465 10457
f 10467 10460 10459
f 10465 10466 10458
f 10466 10467 10459
f 10460 10468 10461
f 10469 10456 10461
f 10467 10468 10460
f 10468 10469 10461
f 10470 10463 10456
f 10469 10470 10456
f 10470 10471 10463
f 10471 10496 10462
f 10481 10427 10426
f 10480 10426 10421
f 10427 10476 10472
f 10472 10477 10473
f 10480 10481 10426
f 10476 10477 10472
f 10481 10476 10427
f 10479 10475 10474
f 10478 10474 10473
f 10477 10478 10473
f 10488 10477 10476
f 10482 10304 10475
f 10478 10479 10474
f 10479 10482 10475
f 10482 10483 10304
f 10483 10484 10305
f 10485 10480 10455
f 10480 10486 10481
f 10485 10486 10480
f 10487 10476 10481
f 10477 10494 10478
f 10489 10479 10478
f 10490 10482 10479
f 10482 10491 10483
f 10492 10484 10483
f 10494 10489 10478
f 10489 10490 10479
f 10486 10487 10481
f 10487 10488 10476
f 10488 10494 10477
f 10493 10486 10485
f 10496 10485 10462
f 10495 10319 10484
f 10492 10495 10484
f 10490 10491 10482
f 10491 10492 10483
f 10501 10491 10490
f 10497 10488 10487
f 10496 10493 10485
f 10486 10498 10487
f 10498 10497 10487
f 10493 10498 10486
f 10497 10499 10488
f 10499 10494 10488
f 10500 10489 10494
f 10502 10490 10489
f 10319 10504 10325
f 10495 10504 10319
f 10504 10505 10325
f 10496 10471 10448
f 10493 10496 10448
f 10498 10493 10448
f 10497 10498 10448
f 10500 10499 10448
f 10502 10500 10448
f 10501 10502 10448
f 10499 10497 10448
f 10510 10507 10448
f 10509 10510 10448
f 10513 10512 10448
f 10511 10508 10448
f 10508 10509 10448
f 10512 10511 10448
f 10503 10501 10448
f 10507 10503 10448
f 10341 10348 10448
f 10348 10349 10448
f 10349 10513 10448
f 10491 10503 10492
f 10507 10495 10492
f 10501 10503 10491
f 10503 10507 10492
f 10499 10500 10494
f 10500 10502 10489
f 10502 10501 10490
f 10506 10511 10344
f 10508 10511 10506
f 10511 10512 10344
f 10505 10508 10506
f 10504 10509 10505
f 10510 10504 10495
f 10507 10510 10495
f 10509 10508 10505
f 10510 10509 10504

