# https://github.com/mikedh/trimesh
v -3.20857453 -13.97468376 -1.85247135
v -3.21857953 -13.56962013 -1.85824776
v -3.22850943 -13.16455650 -1.86398089
v -3.23835921 -12.75949383 -1.86966765
v -3.24812317 -12.35443020 -1.87530470
v -2.65766668 -14.78481007 -2.33071113
v -2.66488886 -14.37974644 -2.33704472
v -2.25771022 -16.00000000 -2.57442498
v -2.26150632 -15.59493637 -2.57875395
v -2.26544189 -15.18987370 -2.58324146
v -2.45387411 -15.59493637 -2.45387411
v -2.44842029 -16.00000000 -2.44842029
v -2.45944333 -15.18987370 -2.45944333
v -2.26951957 -14.78481007 -2.58789110
v -2.27374101 -14.37974644 -2.59270453
v -2.46512866 -14.78481007 -2.46512866
v -2.47093034 -14.37974644 -2.47093034
v -2.81928039 -16.00000000 -2.16331005
v -2.82759905 -15.59493637 -2.16969299
v -2.83595586 -15.18987370 -2.17610550
v -2.99393749 -16.00000000 -2.00048494
v -3.00336242 -15.59493637 -2.00678253
v -3.01277995 -15.18987370 -2.01307511
v -2.84434843 -14.78481007 -2.18254542
v -2.85277414 -14.37974644 -2.18901062
v -3.02218676 -14.78481007 -2.01936054
v -3.18835998 -14.78481007 -1.84080052
v -3.03157926 -14.37974644 -2.02563643
v -3.19849992 -14.37974644 -1.84665477
v -2.63647366 -16.00000000 -2.31212521
v -2.64345765 -15.59493637 -2.31825018
v -2.65052223 -15.18987370 -2.32444572
v -2.67218685 -13.97468376 -2.34344506
v -2.67955804 -13.56962013 -2.34990931
v -2.68699932 -13.16455650 -2.35643506
v -2.69450665 -12.75949383 -2.36301899
v -2.70207644 -12.35443020 -2.36965752
v -2.27810764 -13.97468376 -2.59768391
v -2.28262067 -13.56962013 -2.60282993
v -2.28727961 -13.16455650 -2.60814238
v -2.47684765 -13.97468376 -2.47684765
v -2.48287940 -13.56962013 -2.48287940
v -2.48902392 -13.16455650 -2.48902392
v -2.29208422 -12.75949383 -2.61362123
v -2.29703379 -12.35443020 -2.61926508
v -2.49527907 -12.75949383 -2.49527907
v -2.50164199 -12.35443020 -2.50164199
v -2.86122966 -13.97468376 -2.19549870
v -2.86971116 -13.56962013 -2.20200682
v -2.87821436 -13.16455650 -2.20853162
v -3.04095316 -13.97468376 -2.03189993
v -3.05030394 -13.56962013 -2.03814793
v -3.05962706 -13.16455650 -2.04437757
v -2.88673449 -12.75949383 -2.21506929
v -2.89526677 -12.35443020 -2.22161651
v -3.06891727 -12.75949383 -2.05058503
v -3.07816887 -12.35443020 -2.05676675
v -3.25779533 -11.94936752 -1.88088894
v -3.26736975 -11.54430389 -1.88641679
v -3.27684021 -11.13924026 -1.89188457
v -3.28620052 -10.73417759 -1.89728868
v -3.29544425 -10.32911396 -1.90262556
v -3.30456495 -9.92405033 -1.90789151
v -3.31355619 -9.51898766 -1.91308248
v -3.32241130 -9.11392403 -1.91819501
v -3.33112359 -8.70886040 -1.92322516
v -3.33968687 -8.30379772 -1.92816913
v -2.70970392 -11.94936752 -2.37634659
v -2.71738434 -11.54430389 -2.38308191
v -2.72511196 -11.13924026 -2.38985920
v -2.73288155 -10.73417759 -2.39667296
v -2.74068713 -10.32911396 -2.40351820
v -2.30212617 -11.94936752 -2.62507176
v -2.30735970 -11.54430389 -2.63103962
v -2.31273150 -11.13924026 -2.63716483
v -2.50810957 -11.94936752 -2.50810957
v -2.51467776 -11.54430389 -2.51467776
v -2.52134275 -11.13924026 -2.52134275
v -2.10628510 -10.73417759 -2.74496412
v -2.31823850 -10.73417759 -2.64344454
v -2.11052918 -10.32911396 -2.75049520
v -2.32387710 -10.32911396 -2.64987397
v -2.52809978 -10.73417759 -2.52809978
v -2.53494382 -10.32911396 -2.53494382
v -2.90380597 -11.94936752 -2.22816873
v -2.91234612 -11.54430389 -2.23472190
v -2.92088151 -11.13924026 -2.24127126
v -3.08737636 -11.94936752 -2.06291890
v -3.09653378 -11.54430389 -2.06903768
v -3.10563469 -11.13924026 -2.07511878
v -2.93791270 -10.32911396 -2.25433969
v -3.12364197 -10.32911396 -2.08715081
v -2.92940593 -10.73417759 -2.24781227
v -3.11467314 -10.73417759 -2.08115792
v -2.74852252 -9.92405033 -2.41038942
v -2.75638080 -9.51898766 -2.41728115
v -2.76425576 -9.11392403 -2.42418718
v -2.77214003 -8.70886040 -2.43110156
v -2.78002691 -8.30379772 -2.43801808
v -2.11493683 -9.92405033 -2.75623941
v -2.11950493 -9.51898766 -2.76219273
v -2.32964349 -9.92405033 -2.65644908
v -2.33553267 -9.51898766 -2.66316462
v -2.12423038 -9.11392403 -2.76835084
v -2.34154010 -9.11392403 -2.67001486
v -2.54186940 -9.92405033 -2.54186940
v -2.54887104 -9.51898766 -2.54887104
v -2.55594254 -9.11392403 -2.55594254
v -2.12910938 -8.70886040 -2.77470922
v -2.34766078 -8.70886040 -2.67699409
v -2.13413763 -8.30379772 -2.78126240
v -2.35388875 -8.30379772 -2.68409586
v -2.56307769 -8.70886040 -2.56307769
v -2.57026982 -8.30379772 -2.57026982
v -2.94639540 -9.92405033 -2.26084876
v -2.95484710 -9.51898766 -2.26733398
v -3.13253498 -9.92405033 -2.09309292
v -3.14134502 -9.51898766 -2.09897971
v -2.96326089 -9.11392403 -2.27379012
v -3.15006542 -9.11392403 -2.10480642
v -2.97162962 -8.70886040 -2.28021169
v -3.15868926 -8.70886040 -2.11056876
v -2.97994590 -8.30379772 -2.28659296
v -3.16720963 -8.30379772 -2.11626172
v -1.68472528 -16.00000000 -2.91802979
v -1.68382692 -15.59493637 -2.91647363
v -1.68305707 -15.18987370 -2.91514039
v -1.68242443 -14.78481007 -2.91404438
v -1.68193650 -14.37974644 -2.91319966
v -1.30107033 -16.00000000 -3.14106154
v -1.29834485 -15.59493637 -3.13448167
v -1.29568636 -15.18987370 -3.12806368
v -1.10430491 -16.00000000 -3.25317740
v -1.10126662 -15.59493637 -3.24422669
v -1.09826028 -15.18987370 -3.23537040
v -1.49385619 -16.00000000 -3.02924085
v -1.49185610 -15.59493637 -3.02518487
v -1.48995697 -15.18987370 -3.02133393
v -1.29310513 -14.78481007 -3.12183189
v -1.29061055 -14.37974644 -3.11580944
v -1.09529567 -14.78481007 -3.22663713
v -1.09238231 -14.37974644 -3.21805429
v -1.48816836 -14.78481007 -3.01770711
v -1.48649955 -14.37974644 -3.01432276
v -1.68160093 -13.97468376 -2.91261816
v -1.68142414 -13.56962013 -2.91231203
v -1.68141222 -13.16455650 -2.91229153
v -1.88372147 -12.75949383 -2.81918836
v -1.88554668 -12.35443020 -2.82191992
v -1.68157089 -12.75949383 -2.91256618
v -1.68190491 -12.35443020 -2.91314459
v -1.28821194 -13.97468376 -3.11001873
v -1.28591812 -13.56962013 -3.10448098
v -1.28373742 -13.16455650 -3.09921622
v -1.08952916 -13.97468376 -3.20964932
v -1.08674514 -13.56962013 -3.20144796
v -1.08403873 -13.16455650 -3.19347525
v -1.48495877 -13.97468376 -3.01119852
v -1.48355436 -13.56962013 -3.00835061
v -1.48229373 -13.16455650 -3.00579429
v -1.28167784 -12.75949383 -3.09424400
v -1.27974689 -12.35443020 -3.08958220
v -1.08141828 -12.75949383 -3.18575525
v -1.07889128 -12.35443020 -3.17831135
v -1.48118389 -12.75949383 -3.00354385
v -1.48023140 -12.35443020 -3.00161242
v -0.46993929 -16.00000000 -3.56954336
v -0.46815774 -15.59493637 -3.55601096
v -0.90137786 -16.00000000 -3.36398792
v -0.89843202 -15.59493637 -3.35299397
v -0.89548737 -15.18987370 -3.34200454
v -0.69036424 -16.00000000 -3.47069526
v -0.68786621 -15.59493637 -3.45813680
v -0.68534768 -15.18987370 -3.44547534
v -0.46634710 -15.18987370 -3.54225802
v -0.89255255 -14.78481007 -3.33105159
v -0.88963610 -14.37974644 -3.32016706
v -0.68281567 -14.78481007 -3.43274617
v -0.46451220 -14.78481007 -3.52832055
v -0.46265778 -14.37974644 -3.51423478
v -0.68027699 -14.37974644 -3.41998315
v -0.23963867 -16.00000000 -3.65617967
v -0.23873056 -15.59493637 -3.64232469
v -0.23780009 -15.18987370 -3.62812829
v 0.00000000 -16.00000000 -3.72609782
v 0.00000000 -15.59493637 -3.71257257
v 0.00000000 -15.18987370 -3.69859219
v -0.23684965 -14.78481007 -3.61362743
v -0.23588161 -14.37974644 -3.59885812
v 0.00000000 -14.78481007 -3.68419099
v 0.00000000 -14.37974644 -3.66940498
v -0.88674623 -13.97468376 -3.30938196
v -0.46078858 -13.97468376 -3.50003672
v -0.45890927 -13.56962013 -3.48576212
v -0.67773843 -13.97468376 -3.40722108
v -0.67520672 -13.56962013 -3.39449334
v -0.45702454 -13.16455650 -3.47144604
v -0.67268831 -13.16455650 -3.38183260
v -0.45513898 -12.75949383 -3.45712376
v -0.67018968 -12.75949383 -3.36927104
v -0.45325705 -12.35443020 -3.44282913
v -0.66771710 -12.35443020 -3.35684037
v -0.23489839 -13.97468376 -3.58385682
v -0.23390235 -13.56962013 -3.56866026
v 0.00000000 -13.97468376 -3.65426922
v 0.00000000 -13.56962013 -3.63881993
v 0.00000000 -13.16455650 -3.62309241
v -0.23289590 -13.16455650 -3.55330467
v 0.00000000 -12.75949383 -3.60712314
v 0.00000000 -12.35443020 -3.59094787
v -0.23188138 -12.75949383 -3.53782606
v -0.23086114 -12.35443020 -3.52226043
v -0.88389105 -13.56962013 -3.29872632
v -0.88107848 -13.16455650 -3.28822970
v -0.87831616 -12.75949383 -3.27792048
v -0.87561148 -12.35443020 -3.26782656
v -2.06840515 -15.59493637 -2.69559789
v -1.87526405 -16.00000000 -2.80653095
v -1.87576926 -15.59493637 -2.80728698
v -2.06629634 -16.00000000 -2.69284987
v -2.07066345 -15.18987370 -2.69854116
v -1.87642026 -15.18987370 -2.80826139
v -2.07307625 -14.78481007 -2.70168567
v -1.87722373 -14.78481007 -2.80946398
v -2.07564759 -14.37974644 -2.70503664
v -1.87818599 -14.37974644 -2.81090403
v -2.07838082 -13.97468376 -2.70859861
v -2.08127904 -13.56962013 -2.71237564
v -1.87931228 -13.97468376 -2.81258965
v -1.88060760 -13.56962013 -2.81452799
v -2.08434391 -13.16455650 -2.71636987
v -1.88207603 -13.16455650 -2.81672597
v -2.08757734 -12.75949383 -2.72058392
v -2.09098029 -12.35443020 -2.72501850
v -1.88755417 -11.94936752 -2.82492447
v -1.88974583 -11.54430389 -2.82820439
v -1.89212286 -11.13924026 -2.83176184
v -1.68241870 -11.94936752 -2.91403461
v -1.68311608 -11.54430389 -2.91524243
v -1.68400025 -11.13924026 -2.91677380
v -1.89468586 -10.73417759 -2.83559775
v -1.89743519 -10.32911396 -2.83971238
v -1.68507385 -10.73417759 -2.91863346
v -1.68633914 -10.32911396 -2.92082500
v -1.27795160 -11.94936752 -3.08524799
v -1.27629864 -11.54430389 -3.08125758
v -1.27479422 -11.13924026 -3.07762551
v -1.07646561 -11.94936752 -3.17116547
v -1.07414818 -11.54430389 -3.16433835
v -1.07194579 -11.13924026 -3.15785050
v -1.47944224 -11.94936752 -3.00001216
v -1.47882187 -11.54430389 -2.99875402
v -1.47837520 -11.13924026 -2.99784827
v -1.27344406 -10.73417759 -3.07436585
v -1.06986487 -10.73417759 -3.15172052
v -1.27225339 -10.32911396 -3.07149148
v -1.06791162 -10.32911396 -3.14596605
v -1.47810674 -10.73417759 -2.99730396
v -1.47802031 -10.32911396 -2.99712873
v -1.90037024 -9.92405033 -2.84410501
v -1.90349019 -9.51898766 -2.84877443
v -1.90679371 -9.11392403 -2.85371852
v -1.68945050 -9.51898766 -2.92621422
v -1.68779767 -9.92405033 -2.92335129
v -1.69129825 -9.11392403 -2.92941451
v -1.91027892 -8.70886040 -2.85893440
v -1.91394329 -8.30379772 -2.86441851
v -1.69334078 -8.70886040 -2.93295240
v -1.69557786 -8.30379772 -2.93682718
v -1.27122712 -9.92405033 -3.06901383
v -1.27036965 -9.51898766 -3.06694365
v -1.06609154 -9.92405033 -3.14060426
v -1.06440997 -9.51898766 -3.13565063
v -1.26968467 -9.11392403 -3.06528997
v -1.06287181 -9.11392403 -3.13111925
v -1.47811937 -9.92405033 -2.99732971
v -1.47840691 -9.51898766 -2.99791265
v -1.47888517 -9.11392403 -2.99888253
v -1.26917601 -8.70886040 -3.06406188
v -1.06148171 -8.70886040 -3.12702417
v -1.06024373 -8.30379772 -3.12337708
v -1.47955620 -8.70886040 -3.00024319
v -1.48042142 -8.30379772 -3.00199771
v -1.26884651 -8.30379772 -3.06326628
v -0.66527665 -11.94936752 -3.34457159
v -0.66287434 -11.54430389 -3.33249426
v -0.45138323 -11.94936752 -3.42859626
v -0.44952193 -11.54430389 -3.41445804
v -0.66051590 -11.13924026 -3.32063770
v -0.44767737 -11.13924026 -3.40044713
v -0.65820700 -10.73417759 -3.30903006
v 0.00000000 -11.94936752 -3.57460284
v 0.00000000 -11.54430389 -3.55812335
v -0.22983752 -11.94936752 -3.50664306
v -0.22881284 -11.54430389 -3.49100947
v -0.22778937 -11.13924026 -3.47539425
v 0.00000000 -11.13924026 -3.54154563
v -0.22676934 -10.73417759 -3.45983171
v -0.44585377 -10.73417759 -3.38659573
v -0.22575501 -10.32911396 -3.44435573
v -0.44405523 -10.32911396 -3.37293434
v 0.00000000 -10.73417759 -3.52490473
v 0.00000000 -10.32911396 -3.50823617
v -0.87297159 -11.94936752 -3.25797439
v -0.87040353 -11.54430389 -3.24839020
v -0.86791384 -11.13924026 -3.23909855
v -0.86550891 -10.73417759 -3.23012328
v -0.86319494 -10.32911396 -3.22148752
v -0.65595311 -10.32911396 -3.29769897
v -0.44228578 -9.92405033 -3.35949397
v -0.44054922 -9.51898766 -3.34630370
v -0.22474851 -9.92405033 -3.42899966
v -0.22375201 -9.51898766 -3.41379595
v -0.43884942 -9.11392403 -3.33339238
v -0.22276758 -9.11392403 -3.39877653
v 0.00000000 -9.92405033 -3.49157453
v 0.00000000 -9.51898766 -3.47495437
v 0.00000000 -9.11392403 -3.45840955
v -0.43719000 -8.70886040 -3.32078767
v -0.22179729 -8.70886040 -3.38397264
v -0.22084312 -8.30379772 -3.36941481
v 0.00000000 -8.70886040 -3.44197392
v 0.00000000 -8.30379772 -3.42568040
v -0.86097771 -9.92405033 -3.21321249
v -0.85886270 -9.51898766 -3.20531940
v -0.85685527 -9.11392403 -3.19782758
v -0.65375948 -9.92405033 -3.28667092
v -0.65163112 -9.51898766 -3.27597094
v -0.64957291 -9.11392403 -3.26562357
v -0.85496038 -8.70886040 -3.19075561
v -0.85318261 -8.30379772 -3.18412089
v -0.64758956 -8.70886040 -3.25565267
v -0.64568549 -8.30379772 -3.24608016
v -0.43557447 -8.30379772 -3.30851650
v -2.09455299 -11.94936752 -2.72967458
v -2.09829521 -11.54430389 -2.73455167
v -2.10220647 -11.13924026 -2.73964858
v -3.30780768 -16.00000000 -1.63123024
v -3.31881857 -15.59493637 -1.63666010
v -3.32973528 -15.18987370 -1.64204383
v -3.44283366 -16.00000000 -1.42606843
v -3.45442772 -15.59493637 -1.43087077
v -3.46589231 -15.18987370 -1.43561959
v -3.34055448 -14.78481007 -1.64737916
v -3.35127139 -14.37974644 -1.65266407
v -3.48841667 -14.37974644 -1.44494951
v -3.47722340 -14.78481007 -1.44031310
v -3.56180644 -16.00000000 -1.20907032
v -3.57394028 -15.59493637 -1.21318924
v -3.58591580 -15.18987370 -1.21725440
v -3.66478157 -16.00000000 -0.98197526
v -3.67748356 -15.59493637 -0.98537874
v -3.69000292 -15.18987370 -0.98873335
v -3.59772825 -14.78481007 -1.22126424
v -3.60937333 -14.37974644 -1.22521722
v -3.70233488 -14.78481007 -0.99203765
v -3.71447420 -14.37974644 -0.99529034
v -3.36188126 -13.97468376 -1.65789640
v -3.37237954 -13.56962013 -1.66307354
v -3.38276076 -13.16455650 -1.66819298
v -3.49946737 -13.97468376 -1.44952691
v -3.51037049 -13.56962013 -1.45404303
v -3.52112055 -13.16455650 -1.45849586
v -3.39301944 -12.75949383 -1.67325199
v -3.40315032 -12.35443020 -1.67824805
v -3.53171253 -12.75949383 -1.46288323
v -3.54214096 -12.35443020 -1.46720278
v -3.76099420 -12.75949383 -1.00775540
v -3.77208614 -12.35443020 -1.01072741
v -3.62084603 -13.97468376 -1.22911155
v -3.63214087 -13.56962013 -1.23294568
v -3.64325309 -13.16455650 -1.23671770
v -3.72641540 -13.97468376 -0.99848998
v -3.73815298 -13.56962013 -1.00163507
v -3.74968123 -13.16455650 -1.00472403
v -3.65417671 -12.75949383 -1.24042583
v -3.66490626 -12.35443020 -1.24406803
v -3.15759397 -16.00000000 -1.82303774
v -3.16790318 -15.59493637 -1.82898974
v -3.17815995 -15.18987370 -1.83491147
v -3.76598430 -15.59493637 -0.74910086
v -3.77913094 -15.18987370 -0.75171590
v -3.82681799 -16.00000000 -0.50381017
v -3.84092116 -15.59493637 -0.50566685
v -3.85479617 -15.18987370 -0.50749356
v -3.79206729 -14.78481007 -0.75428909
v -3.80478716 -14.37974644 -0.75681925
v -3.86843610 -14.78481007 -0.50928926
v -3.88183403 -14.37974644 -0.51105314
v -3.75263309 -16.00000000 -0.74644512
v -3.90398049 -15.59493637 -0.25588042
v -3.88903928 -16.00000000 -0.25490111
v -3.91866469 -15.18987370 -0.25684285
v -3.94086027 -16.00000000 -0.00000000
v -3.95666981 -15.59493637 -0.00000000
v -3.97218370 -15.18987370 -0.00000000
v -3.93308330 -14.78481007 -0.25778791
v -3.94722772 -14.37974644 -0.25871497
v -3.98739219 -14.78481007 -0.00000000
v -4.00228453 -14.37974644 -0.00000000
v -3.81728482 -13.97468376 -0.75930518
v -3.82955360 -13.56962013 -0.76174557
v -3.84158731 -13.16455650 -0.76413924
v -3.90787411 -13.56962013 -0.51448143
v -3.89498258 -13.97468376 -0.51278418
v -3.92050147 -13.16455650 -0.51614380
v -3.85337925 -12.75949383 -0.76648474
v -3.86492252 -12.35443020 -0.76878089
v -3.93285680 -12.75949383 -0.51777041
v -3.94493222 -12.35443020 -0.51936018
v -3.96108913 -13.97468376 -0.25962350
v -3.97465897 -13.56962013 -0.26051292
v -3.98792791 -13.16455650 -0.26138261
v -4.04496050 -13.16455650 -0.00000000
v -4.01684999 -13.97468376 -0.00000000
v -4.03107882 -13.56962013 -0.00000000
v -4.00088692 -12.75949383 -0.26223201
v -4.01352739 -12.35443020 -0.26306051
v -4.05848455 -12.75949383 -0.00000000
v -4.07164049 -12.35443020 -0.00000000
v -3.41314769 -11.94936752 -1.68317819
v -3.42300534 -11.54430389 -1.68803942
v -3.43271756 -11.13924026 -1.69282901
v -3.55239987 -11.94936752 -1.47145224
v -3.56248379 -11.54430389 -1.47562909
v -3.57238674 -11.13924026 -1.47973096
v -3.44227815 -10.73417759 -1.69754374
v -3.45168114 -10.32911396 -1.70218074
v -3.58210278 -10.73417759 -1.48375559
v -3.59162617 -10.32911396 -1.48770022
v -3.78295088 -11.94936752 -1.01363862
v -3.79358220 -11.54430389 -1.01648724
v -3.80397391 -11.13924026 -1.01927173
v -3.81412005 -10.73417759 -1.02199042
v -3.82401443 -10.32911396 -1.02464163
v -3.67543602 -11.94936752 -1.24764240
v -3.68576050 -11.54430389 -1.25114703
v -3.69587326 -11.13924026 -1.25457990
v -3.70576906 -10.73417759 -1.25793910
v -3.71544147 -10.32911396 -1.26122248
v -3.46092010 -9.92405033 -1.70673692
v -3.46998930 -9.51898766 -1.71120930
v -3.47888231 -9.11392403 -1.71559489
v -3.60095096 -9.92405033 -1.49156272
v -3.61007118 -9.51898766 -1.49534047
v -3.61898136 -9.11392403 -1.49903119
v -3.48759294 -8.70886040 -1.71989048
v -3.49611545 -8.30379772 -1.72409332
v -3.62767529 -8.70886040 -1.50263238
v -3.63614774 -8.30379772 -1.50614166
v -3.83365107 -9.92405033 -1.02722371
v -3.84302354 -9.51898766 -1.02973509
v -3.85212636 -9.11392403 -1.03217411
v -3.76025486 -8.30379772 -1.27643454
v -3.86095357 -8.70886040 -1.03453946
v -3.86949968 -8.30379772 -1.03682935
v -3.72488499 -9.92405033 -1.26442814
v -3.73409390 -9.51898766 -1.26755404
v -3.74306202 -9.11392403 -1.27059841
v -3.75178432 -8.70886040 -1.27355921
v -3.87621069 -11.94936752 -0.77102625
v -3.88723683 -11.54430389 -0.77321953
v -3.89799428 -11.13924026 -0.77535927
v -3.95672035 -11.94936752 -0.52091211
v -3.96821308 -11.54430389 -0.52242517
v -3.97940278 -11.13924026 -0.52389830
v -3.90847635 -10.73417759 -0.77744430
v -3.91867614 -10.32911396 -0.77947313
v -3.99028230 -10.73417759 -0.52533060
v -4.00084352 -10.32911396 -0.52672106
v -4.03781700 -11.54430389 -0.26465252
v -4.04944801 -11.13924026 -0.26541486
v -4.02584076 -11.94936752 -0.26386753
v -4.08441830 -11.94936752 -0.00000000
v -4.09680796 -11.54430389 -0.00000000
v -4.10879946 -11.13924026 -0.00000000
v -4.06072521 -10.73417759 -0.26615399
v -4.07164049 -10.32911396 -0.26686940
v -4.12038326 -10.73417759 -0.00000000
v -4.13154984 -10.32911396 -0.00000000
v -3.92858696 -9.92405033 -0.78144455
v -3.93820238 -9.51898766 -0.78335714
v -3.94751620 -9.11392403 -0.78520977
v -4.01107931 -9.92405033 -0.52806860
v -4.02098227 -9.51898766 -0.52937239
v -4.03054571 -9.11392403 -0.53063142
v -3.95652199 -8.70886040 -0.78700119
v -3.96521401 -8.30379772 -0.78873008
v -4.03976250 -8.70886040 -0.53184485
v -4.04862642 -8.30379772 -0.53301173
v -4.08218431 -9.92405033 -0.26756051
v -4.09235001 -9.51898766 -0.26822680
v -4.10212898 -9.11392403 -0.26886773
v -4.14229059 -9.92405033 -0.00000000
v -4.15259600 -9.51898766 -0.00000000
v -4.16245842 -9.11392403 -0.00000000
v -4.11151409 -8.70886040 -0.26948288
v -4.12049770 -8.30379772 -0.27007169
v -4.17186975 -8.70886040 -0.00000000
v -4.18082237 -8.30379772 -0.00000000
v -0.00370527 -16.00000000 0.12106337
v -2.16716886 -5.87341785 -2.82430935
v -2.17309809 -5.46835423 -2.83203650
v -2.17913175 -5.06329107 -2.83989978
v -2.18526316 -4.65822792 -2.84789038
v -2.19148540 -4.25316477 -2.85599923
v -3.34809470 -7.89873409 -1.93302333
v -3.35634041 -7.49367094 -1.93778408
v -3.36441803 -7.08860779 -1.94244766
v -3.20801592 -6.27848101 -2.14352775
v -3.37232137 -6.68354416 -1.94701064
v -3.38004422 -6.27848101 -1.95146942
v -3.21577072 -5.87341785 -2.14870930
v -3.22337484 -5.46835423 -2.15379024
v -3.23082185 -5.06329107 -2.15876627
v -3.38758087 -5.87341785 -1.95582080
v -3.39492607 -5.46835423 -1.96006143
v -3.40207386 -5.06329107 -1.96418822
v -3.23810601 -4.65822792 -2.16363335
v -3.24522114 -4.25316477 -2.16838741
v -3.40901947 -4.65822792 -1.96819830
v -3.41575766 -4.25316477 -1.97208869
v -2.78790879 -7.89873409 -2.44493032
v -2.79577851 -7.49367094 -2.45183182
v -2.80362844 -7.08860779 -2.45871615
v -2.81145120 -6.68354416 -2.46557641
v -2.81923914 -6.27848101 -2.47240639
v -2.57751226 -7.89873409 -2.57751226
v -2.58479810 -7.49367094 -2.58479810
v -2.59211969 -7.08860779 -2.59211969
v -2.13931084 -7.89873409 -2.78800440
v -2.36021829 -7.89873409 -2.69131327
v -2.36664343 -7.49367094 -2.69863963
v -2.37315726 -7.08860779 -2.70606732
v -2.14462423 -7.49367094 -2.79492879
v -2.15007234 -7.08860779 -2.80202889
v -2.37975359 -6.68354416 -2.71358895
v -2.59946990 -6.68354416 -2.59946990
v -2.38642526 -6.27848101 -2.72119641
v -2.60684156 -6.27848101 -2.60684156
v -2.15564966 -6.68354416 -2.80929756
v -2.16135049 -6.27848101 -2.81672692
v -2.98820281 -7.89873409 -2.29292870
v -3.17561936 -7.89873409 -2.12188101
v -2.99639273 -7.49367094 -2.29921293
v -3.00450850 -7.08860779 -2.30544043
v -3.18391180 -7.49367094 -2.12742186
v -3.19207978 -7.08860779 -2.13287950
v -3.01254272 -6.68354416 -2.31160522
v -3.20011687 -6.68354416 -2.13824964
v -3.02048802 -6.27848101 -2.31770205
v -3.03608394 -5.46835423 -2.32966924
v -3.04372025 -5.06329107 -2.33552861
v -2.82698464 -5.87341785 -2.47919893
v -2.83468008 -5.46835423 -2.48594785
v -2.84231830 -5.06329107 -2.49264622
v -3.05123973 -4.65822792 -2.34129858
v -3.05863547 -4.25316477 -2.34697342
v -2.84989142 -4.65822792 -2.49928761
v -2.85739231 -4.25316477 -2.50586581
v -2.39316511 -5.87341785 -2.72888184
v -2.61422658 -5.87341785 -2.61422658
v -2.39996600 -5.46835423 -2.73663688
v -2.40682077 -5.06329107 -2.74445319
v -2.62161779 -5.46835423 -2.62161779
v -2.62900734 -5.06329107 -2.62900734
v -2.41372180 -4.65822792 -2.75232220
v -2.63638759 -4.65822792 -2.63638759
v -2.42066169 -4.25316477 -2.76023555
v -2.64375067 -4.25316477 -2.64375067
v -3.02833748 -5.87341785 -2.32372522
v -2.19779134 -3.84810138 -2.86421728
v -2.20417380 -3.44303799 -2.87253523
v -2.21062589 -3.03797460 -2.88094378
v -2.21713996 -2.63291144 -2.88943291
v -2.22370863 -2.22784805 -2.89799333
v -2.47666407 -1.01265824 -2.82409406
v -2.23032451 -1.82278478 -2.90661550
v -2.24366927 -1.01265824 -2.92400670
v -2.23698044 -1.41772151 -2.91528988
v -2.48361301 -0.60759491 -2.83201790
v -2.49052644 -0.20253165 -2.83990121
v -2.25038314 -0.60759491 -2.93275642
v -2.25711513 -0.20253165 -2.94152975
v -3.25216174 -3.84810138 -2.17302513
v -3.25892282 -3.44303799 -2.17754269
v -3.26549888 -3.03797460 -2.18193650
v -3.42228413 -3.84810138 -1.97585666
v -3.42859459 -3.44303799 -1.97949994
v -3.43468451 -3.03797460 -1.98301601
v -3.27188516 -2.63291144 -2.18620372
v -3.27807760 -2.22784805 -2.19034147
v -3.44055057 -2.63291144 -1.98640275
v -3.44618917 -2.22784805 -1.98965824
v -3.28407145 -1.82278478 -2.19434643
v -3.28986335 -1.41772151 -2.19821644
v -3.29544973 -1.01265824 -2.20194912
v -3.45159721 -1.82278478 -1.99278069
v -3.45677233 -1.41772151 -1.99576855
v -3.46171212 -1.01265824 -1.99862039
v -3.30082750 -0.60759491 -2.20554256
v -3.30599380 -0.20253165 -2.20899439
v -3.46641445 -0.60759491 -2.00133538
v -3.47087789 -0.20253165 -2.00391221
v -2.65839529 -3.44303799 -2.65839529
v -2.66566181 -3.03797460 -2.66566181
v -3.06590104 -3.84810138 -2.35254860
v -3.07302999 -3.44303799 -2.35801888
v -3.08001661 -3.03797460 -2.36337996
v -2.86481357 -3.84810138 -2.51237416
v -2.87214828 -3.44303799 -2.51880646
v -2.87938952 -3.03797460 -2.52515674
v -2.67288136 -2.63291144 -2.67288136
v -2.68004632 -2.22784805 -2.68004632
v -3.08685493 -2.63291144 -2.36862707
v -3.09353900 -2.22784805 -2.37375593
v -2.88653040 -2.63291144 -2.53141904
v -2.89356422 -2.22784805 -2.53758764
v -2.42763257 -3.84810138 -2.76818442
v -2.65108919 -3.84810138 -2.65108919
v -2.43462682 -3.44303799 -2.77616000
v -2.44163728 -3.03797460 -2.78415370
v -2.44865584 -2.63291144 -2.79215693
v -2.45567536 -2.22784805 -2.80016112
v -2.68715000 -1.82278478 -2.68715000
v -2.70114541 -1.01265824 -2.70114541
v -2.69418526 -1.41772151 -2.69418526
v -3.10006404 -1.82278478 -2.37876272
v -3.10642481 -1.41772151 -2.38364363
v -3.11261654 -1.01265824 -2.38839459
v -2.90048504 -1.82278478 -2.54365706
v -2.90728641 -1.41772151 -2.54962182
v -2.91396284 -1.01265824 -2.55547667
v -2.70802379 -0.60759491 -2.70802379
v -2.71481442 -0.20253165 -2.71481442
v -3.11863494 -0.60759491 -2.39301276
v -3.12447619 -0.20253165 -2.39749503
v -2.92050838 -0.60759491 -2.56121707
v -2.92691827 -0.20253165 -2.56683826
v -2.46268797 -1.82278478 -2.80815744
v -2.46968675 -1.41772151 -2.81613803
v -1.91778421 -7.89873409 -2.87016678
v -1.92179835 -7.49367094 -2.87617445
v -1.92598212 -7.08860779 -2.88243604
v -1.69800866 -7.89873409 -2.94103718
v -1.70063162 -7.49367094 -2.94558024
v -1.70344508 -7.08860779 -2.95045328
v -1.93033159 -6.68354416 -2.88894534
v -1.93484235 -6.27848101 -2.89569616
v -1.70644677 -6.68354416 -2.95565248
v -1.70963418 -6.27848101 -2.96117330
v -1.05916166 -7.89873409 -3.12018967
v -1.26895702 -7.08860779 -3.06353331
v -1.05823898 -7.49367094 -3.11747146
v -1.05747879 -7.08860779 -3.11523199
v -1.48148179 -7.89873409 -3.00414777
v -1.48273790 -7.49367094 -3.00669503
v -1.48418975 -7.08860779 -3.00963902
v -1.26869869 -7.89873409 -3.06290960
v -1.26873505 -7.49367094 -3.06299734
v -1.26936615 -6.68354416 -3.06452084
v -1.05688357 -6.68354416 -3.11347866
v -1.26996326 -6.27848101 -3.06596231
v -1.05645573 -6.27848101 -3.11221838
v -1.48583698 -6.68354416 -3.01297927
v -1.48767889 -6.27848101 -3.01671433
v -1.93950963 -5.87341785 -2.90268135
v -1.94432855 -5.46835423 -2.90989327
v -1.94929373 -5.06329107 -2.91732430
v -1.71300423 -5.87341785 -2.96701026
v -1.71655357 -5.46835423 -2.97315788
v -1.72027850 -5.06329107 -2.97960973
v -1.95439970 -4.65822792 -2.92496586
v -1.95964062 -4.25316477 -2.93280935
v -1.72417498 -4.65822792 -2.98635864
v -1.72823870 -4.25316477 -2.99339724
v -1.27074885 -5.87341785 -3.06785917
v -1.05619740 -5.87341785 -3.11145711
v -1.27172327 -5.46835423 -3.07021165
v -1.27288616 -5.06329107 -3.07301927
v -1.05610991 -5.46835423 -3.11119938
v -1.05619466 -5.06329107 -3.11144900
v -1.48971415 -5.87341785 -3.02084160
v -1.49194145 -5.46835423 -3.02535796
v -1.49435866 -5.06329107 -3.03025961
v -1.27577484 -4.25316477 -3.07999301
v -1.27423704 -4.65822792 -3.07628036
v -1.05645239 -4.65822792 -3.11220860
v -1.05688393 -4.25316477 -3.11347985
v -1.49696350 -4.65822792 -3.03554153
v -1.49975336 -4.25316477 -3.04119897
v -0.21990702 -7.89873409 -3.35513282
v -0.21899089 -7.49367094 -3.34115553
v -0.21809658 -7.08860779 -3.32751083
v 0.00000000 -7.89873409 -3.40956140
v 0.00000000 -7.49367094 -3.39364862
v 0.00000000 -7.08860779 -3.37797308
v -0.21722583 -6.68354416 -3.31422591
v 0.00000000 -6.68354416 -3.36256528
v 0.00000000 -6.27848101 -3.34745502
v -0.85152638 -7.89873409 -3.17793965
v -0.84999573 -7.49367094 -3.17222714
v -0.84859443 -7.08860779 -3.16699767
v -0.64386493 -7.89873409 -3.23692751
v -0.64213192 -7.49367094 -3.22821498
v -0.64049023 -7.08860779 -3.21996188
v -0.84732598 -6.68354416 -3.16226363
v -0.84619355 -6.27848101 -3.15803719
v -0.63894355 -6.68354416 -3.21218610
v -0.63749522 -6.27848101 -3.20490479
v -0.43400627 -7.89873409 -3.29660487
v -0.43248868 -7.49367094 -3.28507757
v -0.43102485 -7.08860779 -3.27395868
v -0.42961779 -6.68354416 -3.26327109
v -0.42827040 -6.27848101 -3.25303650
v -0.21638040 -6.27848101 -3.30132699
v 0.00000000 -5.87341785 -3.33267093
v 0.00000000 -5.46835423 -3.31824136
v -0.84519994 -5.87341785 -3.15432906
v -0.84434772 -5.46835423 -3.15114856
v -0.84363925 -5.06329107 -3.14850450
v -0.63614827 -5.87341785 -3.19813347
v -0.63490582 -5.46835423 -3.19188690
v -0.63377041 -5.06329107 -3.18617892
v -0.84307647 -4.65822792 -3.14640427
v -0.84266102 -4.25316477 -3.14485383
v -0.63274461 -4.65822792 -3.18102193
v -0.63183063 -4.25316477 -3.17642689
v -0.42698538 -5.87341785 -3.24327588
v -0.21556191 -5.87341785 -3.28883934
v -0.42576534 -5.46835423 -3.23400879
v -0.42461276 -5.06329107 -3.22525406
v -0.21477197 -5.46835423 -3.27678704
v -0.21401210 -5.06329107 -3.26519370
v 0.00000000 -5.06329107 -3.30419302
v -0.42352992 -4.65822792 -3.21702909
v -0.21328378 -4.65822792 -3.25408149
v -0.42251900 -4.25316477 -3.20935035
v -0.21258835 -4.25316477 -3.24347162
v 0.00000000 -4.65822792 -3.29055285
v 0.00000000 -4.25316477 -3.27734566
v -1.96501040 -3.84810138 -2.94084597
v -1.97050285 -3.44303799 -2.94906592
v -1.97611153 -3.03797460 -2.95745993
v -1.73246515 -3.84810138 -3.00071764
v -1.73684919 -3.44303799 -3.00831103
v -1.74138594 -3.03797460 -3.01616883
v -1.98183012 -2.63291144 -2.96601820
v -1.98765159 -2.22784805 -2.97473097
v -1.74607003 -2.63291144 -3.02428198
v -1.75089574 -2.22784805 -3.03264046
v -1.27749836 -3.84810138 -3.08415389
v -1.27940607 -3.44303799 -3.08875942
v -1.28149593 -3.03797460 -3.09380484
v -1.05748951 -3.84810138 -3.11526346
v -1.05826879 -3.44303799 -3.11755943
v -1.05922174 -3.03797460 -3.12036657
v -1.50272524 -3.84810138 -3.04722524
v -1.50587583 -3.44303799 -3.05361414
v -1.50920177 -3.03797460 -3.06035829
v -1.51269889 -2.63291144 -3.06745005
v -1.28376579 -2.63291144 -3.09928489
v -1.51636338 -2.22784805 -3.07488084
v -1.28621328 -2.22784805 -3.10519338
v -1.06034756 -2.63291144 -3.12368321
v -1.06164527 -2.22784805 -3.12750626
v -1.99356949 -1.82278478 -2.98358750
v -1.99957681 -1.41772151 -2.99257803
v -2.00566673 -1.01265824 -3.00169230
v -1.75585759 -1.82278478 -3.04123449
v -1.76094949 -1.41772151 -3.05005407
v -1.76616561 -1.01265824 -3.05908847
v -1.77149975 -0.60759491 -3.06832767
v -1.77694583 -0.20253165 -3.07776046
v -2.01183224 -0.60759491 -3.01091957
v -2.01806617 -0.20253165 -3.02024961
v -1.52019095 -1.82278478 -3.08264232
v -1.28883541 -1.82278478 -3.11152387
v -1.52417684 -1.41772151 -3.09072495
v -1.52831638 -1.01265824 -3.09911919
v -1.29162943 -1.41772151 -3.11826921
v -1.29459190 -1.01265824 -3.12542129
v -1.06311381 -1.82278478 -3.13183212
v -1.06475151 -1.41772151 -3.13665676
v -1.06655681 -1.01265824 -3.14197493
v -1.53260481 -0.60759491 -3.10781503
v -1.29771948 -0.60759491 -3.13297200
v -1.53703690 -0.20253165 -3.11680269
v -1.30100846 -0.20253165 -3.14091229
v -1.06852770 -0.60759491 -3.14778113
v -1.07066202 -0.20253165 -3.15406871
v -0.84239441 -3.84810138 -3.14385891
v -0.84227777 -3.44303799 -3.14342332
v -0.84231192 -3.03797460 -3.14355087
v -0.63103050 -3.84810138 -3.17240477
v -0.63034612 -3.44303799 -3.16896415
v -0.62977910 -3.03797460 -3.16611314
v -0.84249747 -2.63291144 -3.14424348
v -0.84283483 -2.22784805 -3.14550233
v -0.62933069 -2.63291144 -3.16385913
v -0.62900227 -2.22784805 -3.16220808
v -0.42158198 -3.84810138 -3.20223308
v -0.21192719 -3.84810138 -3.23338413
v -0.42072082 -3.44303799 -3.19569182
v -0.41993719 -3.03797460 -3.18973970
v -0.21130152 -3.44303799 -3.22383833
v -0.21071254 -3.03797460 -3.21485209
v 0.00000000 -3.84810138 -3.26459622
v 0.00000000 -3.44303799 -3.25232792
v 0.00000000 -3.03797460 -3.24056339
v -0.21016136 -2.63291144 -3.20644283
v -0.41923267 -2.63291144 -3.18438840
v -0.20964903 -2.22784805 -3.19862604
v -0.41860875 -2.22784805 -3.17964911
v 0.00000000 -2.63291144 -3.22932434
v 0.00000000 -2.22784805 -3.21863079
v -0.84332407 -1.82278478 -3.14732814
v -0.84396499 -1.41772151 -3.14972019
v -0.84475732 -1.01265824 -3.15267706
v -0.62879473 -1.82278478 -3.16116452
v -0.62870884 -1.41772151 -3.16073275
v -0.62874520 -1.01265824 -3.16091561
v -0.84570032 -0.60759491 -3.15619659
v -0.84679335 -0.20253165 -3.16027570
v -0.62890422 -0.60759491 -3.16171503
v -0.62918609 -0.20253165 -3.16313219
v -0.20917651 -1.82278478 -3.19141698
v -0.41806668 -1.82278478 -3.17553163
v -0.41760764 -1.41772151 -3.17204499
v -0.41723266 -1.01265824 -3.16919684
v -0.20874472 -1.41772151 -3.18482900
v -0.20835449 -1.01265824 -3.17887521
v 0.00000000 -1.82278478 -3.20850301
v 0.00000000 -1.41772151 -3.19895887
v 0.00000000 -1.01265824 -3.19001603
v -0.41694266 -0.60759491 -3.16699386
v -0.20800659 -0.60759491 -3.17356730
v -0.41673833 -0.20253165 -3.16544175
v -0.20770170 -0.20253165 -3.16891551
v 0.00000000 -0.60759491 -3.18169141
v 0.00000000 -0.20253165 -3.17399979
v -3.50444365 -7.89873409 -1.72820044
v -3.51257205 -7.49367094 -1.73220885
v -3.52049470 -7.08860779 -1.73611593
v -3.64439273 -7.89873409 -1.50955689
v -3.65240550 -7.49367094 -1.51287591
v -3.66018033 -7.08860779 -1.51609635
v -3.52820635 -6.68354416 -1.73991883
v -3.53570175 -6.27848101 -1.74361515
v -3.66771245 -6.68354416 -1.51921618
v -3.67499685 -6.27848101 -1.52223361
v -3.76846838 -7.89873409 -1.27922261
v -3.77641988 -7.49367094 -1.28192186
v -3.78410435 -7.08860779 -1.28453028
v -3.87775922 -7.89873409 -1.03904247
v -3.88572669 -7.49367094 -1.04117727
v -3.89339733 -7.08860779 -1.04323268
v -3.79151678 -6.68354416 -1.28704655
v -3.79865289 -6.27848101 -1.28946888
v -3.90076613 -6.68354416 -1.04520714
v -3.90782857 -6.27848101 -1.04709959
v -3.54297543 -5.87341785 -1.74720204
v -3.55002260 -5.46835423 -1.75067747
v -3.55683899 -5.06329107 -1.75403881
v -3.68202925 -5.87341785 -1.52514648
v -3.68880510 -5.46835423 -1.52795315
v -3.69532061 -5.06329107 -1.53065193
v -3.56341982 -4.65822792 -1.75728416
v -3.56976104 -4.25316477 -1.76041138
v -3.70157194 -4.65822792 -1.53324127
v -3.70755529 -4.25316477 -1.53571963
v -3.80550838 -5.87341785 -1.29179597
v -3.81207895 -5.46835423 -1.29402649
v -3.81836128 -5.06329107 -1.29615903
v -3.91458082 -5.87341785 -1.04890871
v -3.92101836 -5.46835423 -1.05063367
v -3.92713809 -5.06329107 -1.05227339
v -3.82435179 -4.65822792 -1.29819250
v -3.83004737 -4.25316477 -1.30012584
v -3.93293619 -4.65822792 -1.05382705
v -3.93841004 -4.25316477 -1.05529380
v -3.97358608 -7.89873409 -0.79039538
v -3.98163271 -7.49367094 -0.79199600
v -3.98934889 -7.08860779 -0.79353082
v -4.05713034 -7.89873409 -0.53413135
v -4.06526899 -7.49367094 -0.53520280
v -4.07303619 -7.08860779 -0.53622538
v -3.99672937 -6.68354416 -0.79499888
v -4.00376940 -6.27848101 -0.79639924
v -4.08042669 -6.68354416 -0.53719836
v -4.08743572 -6.27848101 -0.53812110
v -4.12907362 -7.89873409 -0.27063379
v -4.13723516 -7.49367094 -0.27116871
v -4.14497566 -7.08860779 -0.27167606
v -4.18930864 -7.89873409 -0.00000000
v -4.19732237 -7.49367094 -0.00000000
v -4.20485735 -7.08860779 -0.00000000
v -4.15229034 -6.68354416 -0.27215549
v -4.15917349 -6.27848101 -0.27260664
v -4.21190786 -6.68354416 -0.00000000
v -4.21846867 -6.27848101 -0.00000000
v -4.01046419 -5.87341785 -0.79773092
v -4.01681042 -5.46835423 -0.79899329
v -4.02280426 -5.06329107 -0.80018550
v -4.09405851 -5.87341785 -0.53899300
v -4.10029078 -5.46835423 -0.53981352
v -4.10612869 -5.06329107 -0.54058206
v -4.02844191 -4.65822792 -0.80130690
v -4.03372049 -4.25316477 -0.80235690
v -4.11156845 -4.65822792 -0.54129827
v -4.11660814 -4.25316477 -0.54196173
v -4.16562033 -5.87341785 -0.27302918
v -4.17718935 -5.06329107 -0.27378744
v -4.17162704 -5.46835423 -0.27342287
v -4.22453547 -5.87341785 -0.00000000
v -4.23010397 -5.46835423 -0.00000000
v -4.23517084 -5.06329107 -0.00000000
v -4.18230391 -4.65822792 -0.27412269
v -4.18696880 -4.25316477 -0.27442843
v -4.23973322 -4.65822792 -0.00000000
v -4.24378920 -4.25316477 -0.00000000
v -3.57585931 -3.84810138 -1.76341856
v -3.58171058 -3.44303799 -1.76630414
v -3.58731198 -3.03797460 -1.76906645
v -3.71326780 -3.84810138 -1.53808594
v -3.71870685 -3.44303799 -1.54033875
v -3.72386956 -3.03797460 -1.54247725
v -3.59266067 -2.63291144 -1.77170420
v -3.59775424 -2.22784805 -1.77421606
v -3.72875404 -2.63291144 -1.54450047
v -3.73335838 -2.22784805 -1.54640770
v -3.83544517 -3.84810138 -1.30195820
v -3.84054327 -3.44303799 -1.30368876
v -3.84533906 -3.03797460 -1.30531669
v -3.94355726 -3.84810138 -1.05667293
v -3.94837523 -3.44303799 -1.05796397
v -3.95286250 -3.03797460 -1.05916631
v -3.84983110 -2.63291144 -1.30684161
v -3.85401821 -2.22784805 -1.30826294
v -3.95701742 -2.63291144 -1.06027961
v -3.96083927 -2.22784805 -1.06130373
v -3.60259056 -1.82278478 -1.77660108
v -3.60716772 -1.41772151 -1.77885830
v -3.61148477 -1.01265824 -1.78098726
v -3.73768139 -1.82278478 -1.54819834
v -3.74172235 -1.41772151 -1.54987216
v -3.74548006 -1.01265824 -1.55142868
v -3.61554050 -0.60759491 -1.78298736
v -3.61933446 -0.20253165 -1.78485835
v -3.74895477 -0.60759491 -1.55286801
v -3.75214672 -0.20253165 -1.55419016
v -3.85789943 -1.82278478 -1.30958045
v -3.86147451 -1.41772151 -1.31079400
v -3.86474299 -1.01265824 -1.31190348
v -3.96432734 -1.82278478 -1.06223834
v -3.96748161 -1.41772151 -1.06308353
v -3.97030258 -1.01265824 -1.06383932
v -3.86770582 -0.60759491 -1.31290925
v -3.87036324 -0.20253165 -1.31381130
v -3.97279072 -0.60759491 -1.06450605
v -3.97494721 -0.20253165 -1.06508386
v -4.03863811 -3.84810138 -0.80333507
v -4.04319191 -3.44303799 -0.80424088
v -4.04738092 -3.03797460 -0.80507416
v -4.12124443 -3.84810138 -0.54257214
v -4.12547636 -3.44303799 -0.54312927
v -4.12930107 -3.03797460 -0.54363281
v -4.05120373 -2.63291144 -0.80583447
v -4.05465937 -2.22784805 -0.80652183
v -4.13271856 -2.63291144 -0.54408276
v -4.13572836 -2.22784805 -0.54447895
v -4.19118118 -3.84810138 -0.27470452
v -4.19493914 -3.44303799 -0.27495086
v -4.19824266 -3.03797460 -0.27516735
v -4.24733734 -3.84810138 -0.00000000
v -4.25037622 -3.44303799 -0.00000000
v -4.25290632 -3.03797460 -0.00000000
v -4.20109034 -2.63291144 -0.27535400
v -4.20348263 -2.22784805 -0.27551082
v -4.25492764 -2.63291144 -0.00000000
v -4.25644112 -2.22784805 -0.00000000
v -4.05774736 -1.82278478 -0.80713612
v -4.06046867 -1.41772151 -0.80767739
v -4.06282330 -1.01265824 -0.80814576
v -4.13833046 -1.82278478 -0.54482156
v -4.14052534 -1.41772151 -0.54511046
v -4.14231396 -1.01265824 -0.54534596
v -4.06481266 -0.60759491 -0.80854148
v -4.06643867 -0.20253165 -0.80886489
v -4.14369822 -0.60759491 -0.54552823
v -4.14468098 -0.20253165 -0.54565758
v -4.20542049 -1.82278478 -0.27563781
v -4.20690489 -1.41772151 -0.27573511
v -4.20793772 -1.01265824 -0.27580282
v -4.25744867 -1.82278478 -0.00000000
v -4.25795317 -1.41772151 -0.00000000
v -4.25795698 -1.01265824 -0.00000000
v -4.20852184 -0.60759491 -0.27584109
v -4.20866013 -0.20253165 -0.27585015
v -4.25746441 -0.60759491 -0.00000000
v -4.25647974 -0.20253165 -0.00000000
v 0.24743326 -16.00000000 -3.77510214
v 0.24660745 -15.59493637 -3.76250267
v 0.24574524 -15.18987370 -3.74934793
v 0.50024474 -16.00000000 -3.79973626
v 0.49877205 -15.59493637 -3.78854990
v 0.49721590 -15.18987370 -3.77672982
v 0.24484876 -14.78481007 -3.73567009
v 0.24392013 -14.37974644 -3.72150207
v 0.49558002 -14.78481007 -3.76430392
v 0.49386823 -14.37974644 -3.75130177
v 0.75539452 -16.00000000 -3.79762459
v 0.75351816 -15.59493637 -3.78819156
v 0.75150532 -15.18987370 -3.77807236
v 1.00954771 -16.00000000 -3.76768327
v 1.00753558 -15.59493637 -3.76017404
v 1.00533319 -15.18987370 -3.75195456
v 0.74936062 -14.78481007 -3.76729012
v 0.74708891 -14.37974644 -3.75586963
v 1.00294542 -14.78481007 -3.74304342
v 1.00037766 -14.37974644 -3.73346019
v 0.24296154 -13.97468376 -3.70687675
v 0.24197522 -13.56962013 -3.69182825
v 0.24096337 -13.16455650 -3.67639065
v 0.49208447 -13.97468376 -3.73775268
v 0.49023274 -13.56962013 -3.72368717
v 0.48831713 -13.16455650 -3.70913672
v 0.23992829 -12.75949383 -3.66059828
v 0.23887222 -12.35443020 -3.64448571
v 0.48634177 -12.75949383 -3.69413257
v 0.48431095 -12.35443020 -3.67870712
v 0.74469537 -13.97468376 -3.74383664
v 0.74218518 -13.56962013 -3.73121691
v 0.73956364 -13.16455650 -3.71803761
v 0.99763519 -13.97468376 -3.72322536
v 0.99472398 -13.56962013 -3.71236038
v 0.99164987 -13.16455650 -3.70088768
v 0.73683637 -12.75949383 -3.70432663
v 0.73400903 -12.35443020 -3.69011259
v 0.98841912 -12.75949383 -3.68883038
v 0.98503822 -12.35443020 -3.67621255
v 1.25943542 -16.00000000 -3.71017718
v 1.25753856 -15.59493637 -3.70458889
v 1.25540209 -15.18987370 -3.69829535
v 1.50219607 -16.00000000 -3.62662196
v 1.50061059 -15.59493637 -3.62279439
v 1.49874568 -15.18987370 -3.61829209
v 1.73564899 -16.00000000 -3.51954794
v 1.73448789 -15.59493637 -3.51719332
v 1.73301995 -15.18987370 -3.51421666
v 1.25303090 -14.78481007 -3.69130993
v 1.25042963 -14.37974644 -3.68364692
v 1.49660504 -14.78481007 -3.61312437
v 1.49419272 -14.37974644 -3.60730028
v 1.73124754 -14.78481007 -3.51062274
v 1.72917342 -14.37974644 -3.50641680
v 1.95846438 -16.00000000 -3.39215970
v 1.95774078 -15.59493637 -3.39090657
v 1.95669734 -15.18987370 -3.38909912
v 1.95533478 -14.78481007 -3.38673902
v 1.95365429 -14.37974644 -3.38382864
v 2.17020559 -16.00000000 -3.24794221
v 2.16983199 -15.59493637 -3.24738312
v 2.16913915 -15.18987370 -3.24634624
v 2.16812682 -14.78481007 -3.24483109
v 2.16679454 -14.37974644 -3.24283695
v 1.24760365 -13.97468376 -3.67532182
v 1.24455857 -13.56962013 -3.66635156
v 1.24130034 -13.16455650 -3.65675282
v 1.49151301 -13.97468376 -3.60083103
v 1.48857093 -13.56962013 -3.59372807
v 1.48537135 -13.16455650 -3.58600378
v 1.72680080 -13.97468376 -3.50160551
v 1.72413313 -13.56962013 -3.49619603
v 1.72117448 -13.16455650 -3.49019670
v 1.23783505 -12.75949383 -3.64654446
v 1.48192012 -12.75949383 -3.57767177
v 1.23416936 -12.35443020 -3.63574553
v 1.47822309 -12.35443020 -3.56874609
v 1.71792924 -12.75949383 -3.48361588
v 1.71440232 -12.35443020 -3.47646403
v 1.95165777 -13.97468376 -3.38037038
v 1.94934726 -13.56962013 -3.37636852
v 1.94672525 -13.16455650 -3.37182689
v 1.94379473 -12.75949383 -3.36675119
v 1.94055915 -12.35443020 -3.36114693
v 2.16514277 -13.97468376 -3.24036503
v 2.16317201 -13.56962013 -3.23741579
v 2.16088367 -13.16455650 -3.23399115
v 2.15827918 -12.75949383 -3.23009300
v 2.15536022 -12.35443020 -3.22572446
v 0.23779745 -11.94936752 -3.62808800
v 0.23670630 -11.54430389 -3.61144018
v 0.23560105 -11.13924026 -3.59457755
v 0.48222893 -11.94936752 -3.66289258
v 0.48010007 -11.54430389 -3.64672208
v 0.47792870 -11.13924026 -3.63022876
v 0.23448403 -10.73417759 -3.57753491
v 0.23335753 -10.32911396 -3.56034780
v 0.47571927 -10.73417759 -3.61344647
v 0.47347620 -10.32911396 -3.59640884
v 0.73108733 -11.94936752 -3.67542410
v 0.72807717 -11.54430389 -3.66029119
v 0.72498465 -11.13924026 -3.64474416
v 0.98151374 -11.94936752 -3.66305923
v 0.97785258 -11.54430389 -3.64939547
v 0.97406179 -11.13924026 -3.63524795
v 0.72181588 -10.73417759 -3.62881351
v 0.71857697 -10.32911396 -3.61253023
v 0.97014850 -10.73417759 -3.62064362
v 0.96612024 -10.32911396 -3.60560966
v 0.47120401 -9.92405033 -3.57914972
v 0.46890715 -9.51898766 -3.56170344
v 0.23222385 -9.92405033 -3.54305124
v 0.23108529 -9.51898766 -3.52568007
v 0.22994411 -9.11392403 -3.50826907
v 0.46659014 -9.11392403 -3.54410386
v 0.22880259 -8.70886040 -3.49085283
v 0.22766297 -8.30379772 -3.47346568
v 0.46425742 -8.70886040 -3.52638507
v 0.46191350 -8.30379772 -3.50858140
v 0.71527421 -9.92405033 -3.59592652
v 0.71191406 -9.51898766 -3.57903361
v 0.70850277 -9.11392403 -3.56188393
v 0.96198440 -9.92405033 -3.59017467
v 0.95774871 -9.51898766 -3.57436681
v 1.20836556 -9.92405033 -3.55973005
v 0.95342100 -9.11392403 -3.55821562
v 1.20350242 -9.51898766 -3.54540372
v 1.19850075 -9.11392403 -3.53066921
v 0.70504689 -8.70886040 -3.54451013
v 0.70155287 -8.30379772 -3.52694440
v 0.94900912 -8.70886040 -3.54175043
v 1.19336915 -8.70886040 -3.51555228
v 0.94452125 -8.30379772 -3.52500129
v 1.18811679 -8.30379772 -3.50007915
v 1.23030984 -11.94936752 -3.62437606
v 1.22626388 -11.54430389 -3.61245704
v 1.47428656 -11.94936752 -3.55924249
v 1.22203875 -11.13924026 -3.60000992
v 1.47011709 -11.54430389 -3.54917669
v 1.46572196 -11.13924026 -3.53856587
v 1.71059895 -11.94936752 -3.46875167
v 1.70652485 -11.54430389 -3.46048999
v 1.70218599 -11.13924026 -3.45169163
v 1.21764195 -10.73417759 -3.58705735
v 1.21308148 -10.32911396 -3.57362294
v 1.46110845 -10.73417759 -3.52742767
v 1.45628417 -10.32911396 -3.51578093
v 1.69758904 -10.73417759 -3.44236994
v 1.69274080 -10.32911396 -3.43253875
v 1.93702233 -11.94936752 -3.35502100
v 1.93318856 -11.54430389 -3.34838080
v 1.92906272 -11.13924026 -3.34123468
v 1.92464995 -10.73417759 -3.33359146
v 1.91995573 -10.32911396 -3.32546091
v 2.15212917 -11.94936752 -3.22088885
v 2.14858866 -11.54430389 -3.21559024
v 2.14474225 -11.13924026 -3.20983362
v 2.14059329 -10.73417759 -3.20362449
v 2.13614631 -10.32911396 -3.19696879
v 1.45125723 -9.92405033 -3.50364470
v 1.44603598 -9.51898766 -3.49103951
v 1.44062912 -9.11392403 -3.47798634
v 1.68764865 -9.92405033 -3.42221284
v 1.68232024 -9.51898766 -3.41140795
v 1.67676377 -9.11392403 -3.40014052
v 1.43504548 -8.70886040 -3.46450639
v 1.42929447 -8.30379772 -3.45062208
v 1.67098749 -8.70886040 -3.38842750
v 1.66500044 -8.30379772 -3.37628698
v 1.91498637 -9.92405033 -3.31685376
v 1.90974832 -9.51898766 -3.30778122
v 1.90424860 -9.11392403 -3.29825544
v 2.13140535 -9.92405033 -3.18987346
v 2.12637568 -9.51898766 -3.18234587
v 2.12106276 -9.11392403 -3.17439461
v 1.89849448 -8.70886040 -3.28828907
v 1.89249396 -8.30379772 -3.27789569
v 2.11547256 -8.70886040 -3.16602850
v 2.10961151 -8.30379772 -3.15725684
v 2.37124300 -16.00000000 -3.09026408
v 2.37104392 -15.59493637 -3.09000468
v 2.37053800 -15.18987370 -3.08934522
v 2.56255317 -16.00000000 -2.92203188
v 2.56228995 -15.59493637 -2.92173171
v 2.56174111 -15.18987370 -2.92110586
v 2.36972404 -14.78481007 -3.08828449
v 2.36860085 -14.37974644 -3.08682084
v 2.56090450 -14.78481007 -2.92015195
v 2.55977893 -14.37974644 -2.91886830
v 2.36716771 -13.97468376 -3.08495307
v 2.36542416 -13.56962013 -3.08268070
v 2.36336994 -13.16455650 -3.08000350
v 2.55836272 -13.97468376 -2.91725349
v 2.55665493 -13.56962013 -2.91530609
v 2.55465436 -13.16455650 -2.91302490
v 2.36100507 -12.75949383 -3.07692170
v 2.35833049 -12.35443020 -3.07343602
v 2.55236030 -12.75949383 -2.91040921
v 2.54977250 -12.35443020 -2.90745831
v 2.74543309 -16.00000000 -2.74543309
v 2.74483919 -15.59493637 -2.74483919
v 2.74398446 -15.18987370 -2.74398446
v 2.74286675 -14.78481007 -2.74286675
v 2.74148536 -14.37974644 -2.74148536
v 2.92117691 -16.00000000 -2.56180334
v 2.91999531 -15.59493637 -2.56076717
v 3.09075522 -16.00000000 -2.37161994
v 3.08877516 -15.59493637 -2.37010050
v 2.91857600 -15.18987370 -2.55952239
v 3.08657455 -15.18987370 -2.36841202
v 2.91691852 -14.78481007 -2.55806899
v 3.08415532 -14.78481007 -2.36655545
v 2.91502261 -14.37974644 -2.55640626
v 3.08151817 -14.37974644 -2.36453199
v 3.25454831 -16.00000000 -2.17461967
v 3.25163555 -15.59493637 -2.17267346
v 3.24851012 -15.18987370 -2.17058516
v 3.41216493 -16.00000000 -1.97001433
v 3.40828395 -15.59493637 -1.96777356
v 3.40418482 -15.18987370 -1.96540713
v 3.24517584 -14.78481007 -2.16835713
v 3.24163580 -14.37974644 -2.16599178
v 3.39987445 -14.78481007 -1.96291852
v 3.39535880 -14.37974644 -1.96031129
v 2.73983860 -13.97468376 -2.73983860
v 2.73792529 -13.56962013 -2.73792529
v 2.73574448 -13.16455650 -2.73574448
v 2.73329473 -12.75949383 -2.73329473
v 2.73057556 -12.35443020 -2.73057556
v 2.91288781 -13.97468376 -2.55453396
v 2.91051316 -13.56962013 -2.55245137
v 3.07866454 -13.97468376 -2.36234236
v 3.07559490 -13.56962013 -2.35998678
v 2.90789819 -13.16455650 -2.55015826
v 3.07230997 -13.16455650 -2.35746622
v 2.90504241 -12.75949383 -2.54765391
v 3.06881022 -12.75949383 -2.35478091
v 2.90194511 -12.35443020 -2.54493761
v 3.06509614 -12.35443020 -2.35193086
v 3.23789310 -13.97468376 -2.16349101
v 3.23395085 -13.56962013 -2.16085696
v 3.22981143 -13.16455650 -2.15809107
v 3.39064336 -13.97468376 -1.95758879
v 3.38573337 -13.56962013 -1.95475411
v 3.38063407 -13.16455650 -1.95181000
v 3.22547722 -12.75949383 -2.15519500
v 3.22095013 -12.35443020 -2.15216994
v 3.37534976 -12.75949383 -1.94875920
v 3.36988497 -12.35443020 -1.94560397
v 2.35534668 -11.94936752 -3.06954765
v 2.35205531 -11.54430389 -3.06525803
v 2.54689074 -11.94936752 -2.90417218
v 2.54371500 -11.54430389 -2.90055108
v 2.34845757 -11.13924026 -3.06056952
v 2.54024577 -11.13924026 -2.89659524
v 2.34455609 -10.73417759 -3.05548501
v 2.53648424 -10.73417759 -2.89230585
v 2.34035325 -10.32911396 -3.05000782
v 2.53243113 -10.32911396 -2.88768411
v 2.33585191 -9.92405033 -3.04414153
v 2.33105564 -9.51898766 -3.03789091
v 2.52808809 -9.92405033 -2.88273215
v 2.52345753 -9.51898766 -2.87745166
v 2.32596827 -9.11392403 -3.03126097
v 2.51854134 -9.11392403 -2.87184596
v 2.32059431 -8.70886040 -3.02425742
v 2.51334238 -8.70886040 -2.86591768
v 2.31493831 -8.30379772 -3.01688623
v 2.50786424 -8.30379772 -2.85967112
v 2.72432590 -11.54430389 -2.72432590
v 2.72758603 -11.94936752 -2.72758603
v 2.72079468 -11.13924026 -2.72079468
v 2.71699238 -10.73417759 -2.71699238
v 2.71291924 -10.32911396 -2.71291924
v 2.89860582 -11.94936752 -2.54200912
v 2.89502406 -11.54430389 -2.53886795
v 3.06116796 -11.94936752 -2.34891677
v 3.05702591 -11.54430389 -2.34573841
v 2.89119935 -11.13924026 -2.53551388
v 3.05267024 -11.13924026 -2.34239626
v 2.88713169 -10.73417759 -2.53194642
v 3.04810119 -10.73417759 -2.33889031
v 2.88282061 -10.32911396 -2.52816582
v 3.04331875 -10.32911396 -2.33522058
v 3.21623182 -11.94936752 -2.14901757
v 3.21132445 -11.54430389 -2.14573836
v 3.20622897 -11.13924026 -2.14233375
v 3.36424327 -11.94936752 -1.94234681
v 3.35842872 -11.54430389 -1.93898976
v 3.35244417 -11.13924026 -1.93553460
v 3.20094681 -10.73417759 -2.13880444
v 3.19547963 -10.32911396 -2.13515115
v 3.34629321 -10.73417759 -1.93198335
v 3.33997846 -10.32911396 -1.92833745
v 2.70857620 -9.92405033 -2.70857620
v 2.70396352 -9.51898766 -2.70396352
v 2.69908285 -9.11392403 -2.69908285
v 2.69393563 -8.70886040 -2.69393563
v 2.68852353 -8.30379772 -2.68852353
v 2.86314940 -8.70886040 -2.51091456
v 2.85762811 -8.30379772 -2.50607252
v 2.87826657 -9.92405033 -2.52417207
v 2.87346959 -9.51898766 -2.51996517
v 3.03832364 -9.92405033 -2.33138776
v 3.03311586 -9.51898766 -2.32739162
v 2.86843014 -9.11392403 -2.51554585
v 3.02769613 -9.11392403 -2.32323289
v 3.18982816 -9.92405033 -2.13137507
v 3.18399382 -9.51898766 -2.12747669
v 3.17797756 -9.11392403 -2.12345672
v 3.33350277 -9.92405033 -1.92459869
v 3.32686853 -9.51898766 -1.92076850
v 3.32007837 -9.11392403 -1.91684806
v 3.02206469 -8.70886040 -2.31891179
v 3.01622272 -8.30379772 -2.31442904
v 3.17178059 -8.70886040 -2.11931586
v 3.16540384 -8.30379772 -2.11505508
v 3.31313396 -8.70886040 -1.91283882
v 3.30603814 -8.30379772 -1.90874195
v 3.56237435 -16.00000000 -1.75676858
v 3.55759525 -15.59493637 -1.75441182
v 3.55257940 -15.18987370 -1.75193834
v 3.69187641 -15.18987370 -1.52922523
v 3.70315456 -16.00000000 -1.53389680
v 3.69765019 -15.59493637 -1.53161681
v 3.54733610 -14.78481007 -1.74935257
v 3.54187393 -14.37974644 -1.74665892
v 3.68584561 -14.78481007 -1.52672720
v 3.67956924 -14.37974644 -1.52412748
v 3.82587862 -15.59493637 -1.29871082
v 3.83185005 -16.00000000 -1.30073786
v 3.81959391 -15.18987370 -1.29657745
v 3.94541335 -16.00000000 -1.05717027
v 3.93929338 -15.59493637 -1.05553055
v 3.93280840 -15.18987370 -1.05379283
v 3.81301069 -14.78481007 -1.29434276
v 3.80614376 -14.37974644 -1.29201162
v 3.92597485 -14.78481007 -1.05196178
v 3.91880918 -14.37974644 -1.05004179
v 3.53620172 -13.97468376 -1.74386179
v 3.53032756 -13.56962013 -1.74096489
v 3.52425885 -13.16455650 -1.73797214
v 3.67305923 -13.97468376 -1.52143085
v 3.66632581 -13.56962013 -1.51864183
v 3.65937972 -13.16455650 -1.51576471
v 3.51800323 -12.75949383 -1.73488712
v 3.51156688 -12.35443020 -1.73171318
v 3.65223074 -12.75949383 -1.51280355
v 3.64488888 -12.35443020 -1.50976241
v 3.79900646 -13.97468376 -1.28958893
v 3.79161239 -13.56962013 -1.28707898
v 3.78397465 -13.16455650 -1.28448629
v 3.91132784 -13.97468376 -1.04803705
v 3.90354586 -13.56962013 -1.04595196
v 3.89547920 -13.16455650 -1.04379046
v 3.77610612 -12.75949383 -1.28181529
v 3.76801872 -12.35443020 -1.27907002
v 3.88714242 -12.75949383 -1.04155660
v 3.87855029 -12.35443020 -1.03925443
v 4.04069471 -16.00000000 -0.80374420
v 4.03477478 -15.59493637 -0.80256659
v 4.02843332 -15.18987370 -0.80130517
v 4.11474371 -16.00000000 -0.54171628
v 4.10936785 -15.59493637 -0.54100859
v 4.10351467 -15.18987370 -0.54023796
v 4.02168798 -14.78481007 -0.79996353
v 4.01455784 -14.37974644 -0.79854518
v 4.09720278 -14.78481007 -0.53940696
v 4.09044981 -14.37974644 -0.53851795
v 4.16507769 -16.00000000 -0.27299362
v 4.16055822 -15.59493637 -0.27269739
v 4.15550852 -15.18987370 -0.27236643
v 4.18989325 -16.00000000 0.00000000
v 4.18648148 -15.59493637 0.00000000
v 4.18249655 -15.18987370 0.00000000
v 4.14994812 -14.78481007 -0.27200198
v 4.14389515 -14.37974644 -0.27160522
v 4.17795563 -14.78481007 0.00000000
v 4.17287636 -14.37974644 0.00000000
v 4.00705910 -13.97468376 -0.79705364
v 3.99921012 -13.56962013 -0.79549235
v 3.99102736 -13.16455650 -0.79386473
v 4.08327532 -13.97468376 -0.53757340
v 4.07569695 -13.56962013 -0.53657568
v 4.06773329 -13.16455650 -0.53552723
v 3.98252821 -12.75949383 -0.79217410
v 3.97372866 -12.35443020 -0.79042375
v 4.05940199 -12.75949383 -0.53443038
v 4.05072069 -12.35443020 -0.53328753
v 4.13736773 -13.97468376 -0.27117741
v 4.13038540 -13.56962013 -0.27071977
v 4.12296581 -13.16455650 -0.27023345
v 4.16727734 -13.97468376 0.00000000
v 4.16117573 -13.56962013 0.00000000
v 4.15459061 -13.16455650 0.00000000
v 4.11512804 -12.75949383 -0.26971975
v 4.10689020 -12.35443020 -0.26917982
v 4.14754009 -12.75949383 0.00000000
v 4.14004230 -12.35443020 0.00000000
v 3.50495672 -11.94936752 -1.72845340
v 3.49817872 -11.54430389 -1.72511089
v 3.49123859 -11.13924026 -1.72168827
v 3.63736272 -11.94936752 -1.50664496
v 3.62966132 -11.54430389 -1.50345492
v 3.62179279 -11.13924026 -1.50019562
v 3.48414159 -10.73417759 -1.71818841
v 3.47689271 -10.32911396 -1.71461368
v 3.61376500 -10.73417759 -1.49687052
v 3.60558558 -10.32911396 -1.49348247
v 3.75972438 -11.94936752 -1.27625442
v 3.75123453 -11.54430389 -1.27337253
v 3.74255991 -11.13924026 -1.27042782
v 3.86971688 -11.94936752 -1.03688753
v 3.86065650 -11.54430389 -1.03445971
v 3.85138178 -11.13924026 -1.03197467
v 3.73371100 -10.73417759 -1.26742411
v 3.72469831 -10.32911396 -1.26436472
v 3.84190655 -10.73417759 -1.02943575
v 3.83224273 -10.32911396 -1.02684629
v 3.46949673 -9.92405033 -1.71096647
v 3.46195817 -9.51898766 -1.70724893
v 3.45428133 -9.11392403 -1.70346308
v 3.59726167 -9.92405033 -1.49003458
v 3.58879995 -9.51898766 -1.48652971
v 3.58020711 -9.11392403 -1.48297036
v 3.44647002 -8.70886040 -1.69961095
v 3.43852806 -8.30379772 -1.69569445
v 3.57148910 -8.70886040 -1.47935915
v 3.56265140 -8.30379772 -1.47569859
v 3.71553087 -9.92405033 -1.26125276
v 3.70621872 -9.51898766 -1.25809169
v 3.69677019 -9.11392403 -1.25488436
v 3.82240272 -9.92405033 -1.02420974
v 3.81239843 -9.51898766 -1.02152908
v 3.80224133 -9.11392403 -1.01880753
v 3.68719411 -8.70886040 -1.25163376
v 3.67749834 -8.30379772 -1.24834251
v 3.79194212 -8.70886040 -1.01604784
v 3.78151155 -8.30379772 -1.01325297
v 3.96464515 -11.94936752 -0.78861696
v 3.95529366 -11.54430389 -0.78675681
v 3.94568968 -11.13924026 -0.78484648
v 3.93584800 -10.73417759 -0.78288889
v 3.92578411 -10.32911396 -0.78088701
v 4.04170799 -11.94936752 -0.53210092
v 4.03238010 -11.54430389 -0.53087294
v 4.02275515 -11.13924026 -0.52960575
v 4.01284933 -10.73417759 -0.52830166
v 4.00267982 -10.32911396 -0.52696282
v 4.09827137 -11.94936752 -0.26861489
v 4.08928871 -11.54430389 -0.26802614
v 4.07996130 -11.13924026 -0.26741481
v 4.13211584 -11.94936752 0.00000000
v 4.12377930 -11.54430389 0.00000000
v 4.11505127 -11.13924026 0.00000000
v 4.07030678 -10.73417759 -0.26678202
v 4.06034327 -10.32911396 -0.26612896
v 4.10594940 -10.73417759 0.00000000
v 4.09649324 -10.32911396 0.00000000
v 3.91551185 -9.92405033 -0.77884376
v 3.90504551 -9.51898766 -0.77676183
v 3.89439893 -9.11392403 -0.77464408
v 3.88358498 -8.70886040 -0.77249312
v 3.87261701 -8.30379772 -0.77031142
v 3.95968127 -8.70886040 -0.52130193
v 3.94842887 -8.30379772 -0.51982051
v 3.99226236 -9.92405033 -0.52559131
v 3.98161316 -9.51898766 -0.52418929
v 3.97074771 -9.11392403 -0.52275884
v 4.05008745 -9.92405033 -0.26545677
v 4.03955746 -9.51898766 -0.26476657
v 4.02876997 -9.11392403 -0.26405954
v 4.08669996 -9.92405033 0.00000000
v 4.07658815 -9.51898766 0.00000000
v 4.06617594 -9.11392403 0.00000000
v 4.01774216 -8.70886040 -0.26333675
v 4.00649023 -8.30379772 -0.26259926
v 4.05548096 -8.70886040 0.00000000
v 4.04452038 -8.30379772 0.00000000
v 0.22652745 -7.89873409 -3.45614123
v 0.22539826 -7.49367094 -3.43891287
v 0.22427754 -7.08860779 -3.42181396
v 0.45956287 -7.89873409 -3.49072647
v 0.45720994 -7.49367094 -3.47285438
v 0.45485920 -7.08860779 -3.45499849
v 0.22316742 -6.68354416 -3.40487671
v 0.22206999 -6.27848101 -3.38813329
v 0.45251495 -6.68354416 -3.43719220
v 0.45018157 -6.27848101 -3.41946864
v 0.69802719 -7.89873409 -3.50921965
v 0.69447643 -7.49367094 -3.49136853
v 0.69090700 -7.08860779 -3.47342420
v 0.93068242 -7.08860779 -3.47335410
v 0.93996531 -7.89873409 -3.50799823
v 1.18275261 -7.89873409 -3.48427701
v 0.93534964 -7.49367094 -3.49077249
v 1.17728615 -7.49367094 -3.46817303
v 1.17172670 -7.08860779 -3.45179534
v 0.68732560 -6.68354416 -3.45541906
v 0.92597204 -6.68354416 -3.45577478
v 0.68373859 -6.27848101 -3.43738604
v 0.92122674 -6.27848101 -3.43806505
v 1.16608369 -6.68354416 -3.43517184
v 1.16036713 -6.27848101 -3.41833138
v 0.22098732 -5.87341785 -3.37161493
v 0.21992142 -5.46835423 -3.35535264
v 0.21887428 -5.06329107 -3.33937621
v 0.44786337 -5.87341785 -3.40186000
v 0.44556460 -5.46835423 -3.38439894
v 0.44328937 -5.06329107 -3.36711717
v 0.21784778 -4.65822792 -3.32371497
v 0.44104189 -4.65822792 -3.35004568
v 0.43882614 -4.25316477 -3.33321548
v 0.68015248 -5.87341785 -3.41935754
v 0.91645503 -5.87341785 -3.42025661
v 0.67657375 -5.46835423 -3.40136600
v 0.67300880 -5.06329107 -3.38344359
v 0.91166514 -5.46835423 -3.40238047
v 0.90686554 -5.06329107 -3.38446808
v 1.15458655 -5.87341785 -3.40130234
v 1.14875185 -5.46835423 -3.38411403
v 1.14287317 -5.06329107 -3.36679554
v 0.66946393 -4.65822792 -3.36562228
v 0.90206456 -4.65822792 -3.36655068
v 0.66594541 -4.25316477 -3.34793377
v 0.89727056 -4.25316477 -3.34865928
v 1.13696015 -4.65822792 -3.34937668
v 1.13102305 -4.25316477 -3.33188629
v 0.21684384 -4.25316477 -3.30839777
v 1.42338538 -7.89873409 -3.43635631
v 1.41732812 -7.49367094 -3.42173266
v 1.41113257 -7.08860779 -3.40677524
v 1.65881169 -7.89873409 -3.36373734
v 1.65243065 -7.49367094 -3.35079789
v 1.64586723 -7.08860779 -3.33748865
v 1.40480888 -6.68354416 -3.39150858
v 1.39836752 -6.27848101 -3.37595773
v 1.63913155 -6.68354416 -3.32382989
v 1.63223398 -6.27848101 -3.30984306
v 1.88625515 -7.89873409 -3.26708984
v 1.87978673 -7.49367094 -3.25588608
v 1.87309778 -7.08860779 -3.24430037
v 2.10348678 -7.89873409 -3.14809036
v 2.09710503 -7.49367094 -3.13853955
v 2.09047461 -7.08860779 -3.12861633
v 2.30900574 -7.89873409 -3.00915480
v 2.30280209 -7.49367094 -3.00107002
v 2.29633379 -7.08860779 -2.99264050
v 1.86619759 -6.68354416 -3.23234916
v 1.85909617 -6.27848101 -3.22004890
v 2.08360362 -6.68354416 -3.11833310
v 2.07650042 -6.27848101 -3.10770273
v 2.28960776 -6.68354416 -2.98387480
v 2.28263068 -6.27848101 -2.97478199
v 1.39181900 -5.87341785 -3.36014819
v 1.38517404 -5.46835423 -3.34410596
v 1.37844360 -5.06329107 -3.32785726
v 1.37163866 -4.65822792 -3.31142879
v 1.62518513 -5.87341785 -3.29554939
v 1.61799622 -5.46835423 -3.28097153
v 1.61067808 -5.06329107 -3.26613212
v 1.36477041 -4.25316477 -3.29484725
v 1.60324240 -4.65822792 -3.25105405
v 1.59570074 -4.25316477 -3.23576117
v 1.85180342 -5.87341785 -3.20741773
v 1.84433007 -5.46835423 -3.19447327
v 1.83668685 -5.06329107 -3.18123484
v 2.06917453 -5.87341785 -3.09673858
v 2.06163502 -5.46835423 -3.08545494
v 2.05389214 -5.06329107 -3.07386684
v 2.27541018 -5.87341785 -2.96537232
v 2.26795459 -5.46835423 -2.95565605
v 2.26027250 -5.06329107 -2.94564438
v 1.82888484 -4.65822792 -3.16772151
v 1.82093561 -4.25316477 -3.15395308
v 2.04595590 -4.65822792 -3.06198931
v 2.25237250 -4.65822792 -2.93534899
v 2.03783703 -4.25316477 -3.04983854
v 2.24426413 -4.25316477 -2.92478204
v 0.43664613 -3.84810138 -3.31665659
v 0.66245949 -3.84810138 -3.33040857
v 0.89249182 -3.84810138 -3.33082485
v 0.65901226 -3.44303799 -3.31307817
v 0.88773662 -3.44303799 -3.31307817
v 1.12507176 -3.84810138 -3.31435466
v 0.21586427 -3.84810138 -3.29345226
v 0.21491085 -3.44303799 -3.27890587
v 0.21398528 -3.03797460 -3.26478434
v 0.43450573 -3.44303799 -3.30039859
v 0.43240872 -3.03797460 -3.28447032
v 0.65560973 -3.03797460 -3.29597282
v 0.21308924 -2.63291144 -3.25111341
v 0.21222432 -2.22784805 -3.23791742
v 0.43035886 -2.63291144 -3.26890016
v 0.65225792 -2.63291144 -3.27912188
v 0.42835972 -2.22784805 -3.25371504
v 0.64896256 -2.22784805 -3.26255512
v 0.88301307 -3.03797460 -3.29544973
v 1.11911643 -3.44303799 -3.29681063
v 1.11316705 -3.03797460 -3.27928448
v 0.87832940 -2.63291144 -3.27796984
v 0.87369353 -2.22784805 -3.26066875
v 1.10723364 -2.63291144 -3.26180530
v 1.10132623 -2.22784805 -3.24440241
v 0.21139209 -1.82278478 -3.22521996
v 0.21059401 -1.41772151 -3.21304369
v 0.20983152 -1.01265824 -3.20141029
v 0.42641485 -1.82278478 -3.23894215
v 0.64572948 -1.82278478 -3.24630117
v 0.42452762 -1.41772151 -3.22460747
v 0.42270139 -1.01265824 -3.21073580
v 0.64256418 -1.41772151 -3.23038816
v 0.63947219 -1.01265824 -3.21484375
v 0.20910597 -0.60759491 -3.19034052
v 0.20841867 -0.20253165 -3.17985439
v 0.42093933 -0.60759491 -3.19735169
v 0.63645881 -0.60759491 -3.19969463
v 0.41924456 -0.20253165 -3.18447852
v 0.63352931 -0.20253165 -3.18496680
v 0.86911345 -1.82278478 -3.24357557
v 0.86459690 -1.41772151 -3.22671962
v 0.86015171 -1.01265824 -3.21012974
v 1.09545457 -1.82278478 -3.22710514
v 1.08962858 -1.41772151 -3.20994234
v 1.08385813 -1.01265824 -3.19294310
v 0.85578531 -0.60759491 -3.19383430
v 0.85150522 -0.20253165 -3.17786074
v 1.07815278 -0.60759491 -3.17613578
v 1.07252216 -0.20253165 -3.15954852
v 1.35785007 -3.84810138 -3.27814007
v 1.34389853 -3.03797460 -3.24445820
v 1.35088897 -3.44303799 -3.26133466
v 1.58806491 -3.84810138 -3.22027707
v 1.58034694 -3.44303799 -3.20462656
v 1.57255888 -3.03797460 -3.18883395
v 1.33689010 -2.63291144 -3.22753835
v 1.32987535 -2.22784805 -3.21060300
v 1.56471300 -2.63291144 -3.17292404
v 1.55682182 -2.22784805 -3.15692234
v 1.81285083 -3.84810138 -3.13994980
v 1.80464244 -3.44303799 -3.12573242
v 1.79632282 -3.03797460 -3.11132240
v 2.02954650 -3.84810138 -3.03743100
v 2.02109575 -3.44303799 -3.02478337
v 2.01249647 -3.03797460 -3.01191378
v 2.23595738 -3.84810138 -2.91395617
v 2.22746205 -3.44303799 -2.90288496
v 2.21878910 -3.03797460 -2.89158225
v 1.78790426 -2.63291144 -3.09674096
v 1.77939951 -2.22784805 -3.08201051
v 2.00376058 -2.63291144 -2.99883962
v 1.99490047 -2.22784805 -2.98557949
v 2.20994925 -2.63291144 -2.88006210
v 2.20095420 -2.22784805 -2.86833954
v 1.32286549 -1.82278478 -3.19367981
v 1.31587219 -1.41772151 -3.17679644
v 1.30890691 -1.01265824 -3.15998077
v 1.54889774 -1.82278478 -3.14085388
v 1.54095340 -1.41772151 -3.12474442
v 1.53300142 -1.01265824 -3.10861945
v 1.75349784 -1.01265824 -3.03714728
v 1.30198109 -0.60759491 -3.14326024
v 1.29510593 -0.20253165 -3.12666249
v 1.52505445 -0.60759491 -3.09250474
v 1.51712537 -0.20253165 -3.07642579
v 1.74477863 -0.60759491 -3.02204537
v 1.73603916 -0.20253165 -3.00690818
v 1.77082157 -1.82278478 -3.06715274
v 1.98592865 -1.82278478 -2.97215247
v 1.76218319 -1.41772151 -3.05219078
v 1.97685814 -1.41772151 -2.95857739
v 1.96770191 -1.01265824 -2.94487405
v 2.19181561 -1.82278478 -2.85642958
v 2.17315578 -1.01265824 -2.83211184
v 2.18254519 -1.41772151 -2.84434843
v 1.95847321 -0.60759491 -2.93106246
v 1.94918573 -0.20253165 -2.91716266
v 2.16366005 -0.60759491 -2.81973648
v 2.15407062 -0.20253165 -2.80723953
v 2.50211024 -7.89873409 -2.85310984
v 2.49608469 -7.49367094 -2.84623909
v 2.48979187 -7.08860779 -2.83906364
v 2.48323727 -6.68354416 -2.83158946
v 2.47642612 -6.27848101 -2.82382274
v 2.68284917 -7.89873409 -2.68284917
v 2.67691517 -7.49367094 -2.67691517
v 2.67072439 -7.08860779 -2.67072439
v 2.85186744 -7.89873409 -2.50102067
v 2.84586930 -7.49367094 -2.49576044
v 2.83963561 -7.08860779 -2.49029350
v 2.66428041 -6.68354416 -2.66428041
v 2.65758753 -6.27848101 -2.65758753
v 2.83316851 -6.68354416 -2.48462200
v 2.82647085 -6.27848101 -2.47874832
v 3.01017094 -7.89873409 -2.30978537
v 2.99744248 -7.08860779 -2.30001855
v 3.00391030 -7.49367094 -2.30498147
v 3.15884852 -7.89873409 -2.11067510
v 3.15211582 -7.49367094 -2.10617638
v 3.14520741 -7.08860779 -2.10156035
v 3.29879260 -7.89873409 -1.90455878
v 3.29139924 -7.49367094 -1.90029025
v 3.28386045 -7.08860779 -1.89593768
v 2.99076867 -6.68354416 -2.29489756
v 3.13812423 -6.68354416 -2.09682751
v 2.98389125 -6.27848101 -2.28962016
v 3.13086843 -6.27848101 -2.09197927
v 3.27617764 -6.68354416 -1.89150214
v 3.26835346 -6.27848101 -1.88698471
v 2.46936417 -5.87341785 -2.81577015
v 2.46205831 -5.46835423 -2.80743933
v 2.45451522 -5.06329107 -2.79883814
v 2.65064955 -5.87341785 -2.65064955
v 2.64347148 -5.46835423 -2.64347148
v 2.63605881 -5.06329107 -2.63605881
v 2.81954527 -5.87341785 -2.47267485
v 2.81239581 -5.46835423 -2.46640491
v 2.80502558 -5.06329107 -2.45994139
v 2.44674206 -4.65822792 -2.78997445
v 2.43874693 -4.25316477 -2.78085780
v 2.62841678 -4.65822792 -2.62841678
v 2.62055206 -4.25316477 -2.62055206
v 2.79743934 -4.65822792 -2.45328832
v 2.78964114 -4.25316477 -2.44644976
v 2.97681165 -5.87341785 -2.28418803
v 3.12344146 -5.87341785 -2.08701682
v 2.96953297 -5.46835423 -2.27860260
v 2.96205735 -5.06329107 -2.27286649
v 3.11584520 -5.46835423 -2.08194113
v 3.10808206 -5.06329107 -2.07675409
v 3.26038957 -5.87341785 -1.88238680
v 3.25228810 -5.46835423 -1.87770939
v 3.24405146 -5.06329107 -1.87295401
v 2.95438814 -4.65822792 -2.26698184
v 2.94652867 -4.25316477 -2.26095104
v 3.10015440 -4.65822792 -2.07145691
v 3.09206486 -4.25316477 -2.06605172
v 3.23568177 -4.65822792 -1.86812174
v 3.22718167 -4.25316477 -1.86321425
v 2.43053770 -3.84810138 -2.77149725
v 2.42212367 -3.44303799 -2.76190281
v 2.41351366 -3.03797460 -2.75208473
v 2.61247087 -3.84810138 -2.61247087
v 2.60418034 -3.44303799 -2.60418034
v 2.59568787 -3.03797460 -2.59568787
v 2.78163671 -3.84810138 -2.43942976
v 2.77343082 -3.44303799 -2.43223357
v 2.76502967 -3.03797460 -2.42486596
v 2.40471697 -2.63291144 -2.74205422
v 2.58700180 -2.63291144 -2.58700180
v 2.39574409 -2.22784805 -2.73182273
v 2.57813025 -2.22784805 -2.57813025
v 2.75643969 -2.63291144 -2.41733289
v 2.74766755 -2.22784805 -2.40963984
v 2.93848276 -3.84810138 -2.25477719
v 2.93025446 -3.44303799 -2.24846339
v 2.92184830 -3.03797460 -2.24201298
v 3.08381605 -3.84810138 -2.06053996
v 3.07541180 -3.44303799 -2.05492449
v 3.06685495 -3.03797460 -2.04920697
v 3.21855378 -3.84810138 -1.85823286
v 3.20980072 -3.44303799 -1.85317934
v 3.20092583 -3.03797460 -1.84805536
v 2.91326904 -2.63291144 -2.23543000
v 2.90452218 -2.22784805 -2.22871828
v 3.05814958 -2.63291144 -2.04339027
v 3.04929996 -2.22784805 -2.03747702
v 3.19193172 -2.63291144 -1.84286273
v 3.18282247 -2.22784805 -1.83760345
v 2.38660526 -1.82278478 -2.72140193
v 2.37731147 -1.41772151 -2.71080399
v 2.36787343 -1.01265824 -2.70004225
v 2.56908202 -1.82278478 -2.56908202
v 2.55986667 -1.41772151 -2.55986667
v 2.55049348 -1.01265824 -2.55049348
v 2.73872042 -1.82278478 -2.40179348
v 2.72033215 -1.01265824 -2.38566732
v 2.72960591 -1.41772151 -2.39380026
v 2.35830331 -0.60759491 -2.68912959
v 2.34861279 -0.20253165 -2.67807961
v 2.54097295 -0.60759491 -2.54097295
v 2.53131533 -0.20253165 -2.53131533
v 2.71090746 -0.60759491 -2.37740207
v 2.70134091 -0.20253165 -2.36901236
v 2.85848427 -0.20253165 -2.19339204
v 2.89561296 -1.82278478 -2.22188210
v 2.88654804 -1.41772151 -2.21492624
v 2.87733364 -1.01265824 -2.20785570
v 3.04031038 -1.82278478 -2.03147030
v 3.03118539 -1.41772151 -2.02537346
v 3.02193069 -1.01265824 -2.01918960
v 2.86797667 -0.60759491 -2.20067573
v 3.01255155 -0.60759491 -2.01292253
v 3.00305390 -0.20253165 -2.00657630
v 3.41395307 -7.08860779 -1.68357527
v 3.40552235 -6.68354416 -1.67941773
v 3.39697742 -6.27848101 -1.67520380
v 3.38832092 -5.87341785 -1.67093503
v 3.37955618 -5.46835423 -1.66661263
v 3.37068558 -5.06329107 -1.66223824
v 3.36171246 -4.65822792 -1.65781307
v 3.35263944 -4.25316477 -1.65333879
v 3.43045902 -7.89873409 -1.69171524
v 3.42226624 -7.49367094 -1.68767500
v 3.55370021 -7.89873409 -1.47199082
v 3.54464006 -7.49367094 -1.46823800
v 3.53547645 -7.08860779 -1.46444237
v 3.52621412 -6.68354416 -1.46060574
v 3.51685762 -6.27848101 -1.45673013
v 3.66769099 -7.89873409 -1.24501336
v 3.65777946 -7.49367094 -1.24164879
v 3.64777064 -7.08860779 -1.23825133
v 3.77095962 -7.89873409 -1.01042557
v 3.76029611 -7.49367094 -1.00756836
v 3.74953079 -7.08860779 -1.00468373
v 3.63767147 -6.68354416 -1.23482311
v 3.62748861 -6.27848101 -1.23136652
v 3.73867249 -6.68354416 -1.00177431
v 3.72772980 -6.27848101 -0.99884218
v 3.50741100 -5.87341785 -1.45281720
v 3.49787903 -5.46835423 -1.44886887
v 3.48826528 -5.06329107 -1.44488680
v 3.47857404 -4.65822792 -1.44087255
v 3.46880913 -4.25316477 -1.43682778
v 3.61722827 -5.87341785 -1.22788358
v 3.60689616 -5.46835423 -1.22437632
v 3.59649849 -5.06329107 -1.22084665
v 3.71671152 -5.87341785 -0.99588984
v 3.70562506 -5.46835423 -0.99291927
v 3.69447875 -5.06329107 -0.98993260
v 3.58604026 -4.65822792 -1.21729660
v 3.57552743 -4.25316477 -1.21372795
v 3.68327975 -4.65822792 -0.98693186
v 3.67203546 -4.25316477 -0.98391891
v 3.86150718 -7.89873409 -0.76810151
v 3.85026789 -7.49367094 -0.76586586
v 3.83891034 -7.08860779 -0.76360679
v 3.93700504 -7.89873409 -0.51831657
v 3.92542410 -7.49367094 -0.51679188
v 3.91369987 -7.08860779 -0.51524836
v 3.82744646 -6.68354416 -0.76132643
v 3.81588697 -6.27848101 -0.75902712
v 3.90184546 -6.68354416 -0.51368773
v 3.88987446 -6.27848101 -0.51211172
v 3.95956326 -6.68354416 -0.25952348
v 3.94742894 -6.27848101 -0.25872815
v 3.99503064 -7.89873409 -0.26184815
v 3.98337936 -7.49367094 -0.26108447
v 3.97155166 -7.08860779 -0.26030925
v 4.03331280 -7.89873409 0.00000000
v 4.02187443 -7.49367094 0.00000000
v 4.01022243 -7.08860779 0.00000000
v 3.99837327 -6.68354416 0.00000000
v 3.98634410 -6.27848101 0.00000000
v 3.80424261 -5.87341785 -0.75671089
v 3.79252338 -5.46835423 -0.75437981
v 3.78073907 -5.06329107 -0.75203574
v 3.87779951 -5.87341785 -0.51052195
v 3.86563253 -5.46835423 -0.50892019
v 3.85338593 -5.06329107 -0.50730789
v 3.76889944 -4.65822792 -0.74968070
v 3.75701380 -4.25316477 -0.74731648
v 3.84107113 -4.65822792 -0.50568658
v 3.82869935 -4.25316477 -0.50405782
v 3.93516326 -5.87341785 -0.25792423
v 3.92278051 -5.46835423 -0.25711262
v 3.91029453 -5.06329107 -0.25629425
v 3.96180844 -5.46835423 0.00000000
v 3.94933343 -5.06329107 0.00000000
v 3.89771914 -4.65822792 -0.25547001
v 3.88506722 -4.25316477 -0.25464076
v 3.93674064 -4.65822792 0.00000000
v 3.92404509 -4.25316477 0.00000000
v 3.97415042 -5.87341785 0.00000000
v 3.34346938 -3.84810138 -1.64881659
v 3.33420539 -3.44303799 -1.64424813
v 3.32485056 -3.03797460 -1.63963485
v 3.31540799 -2.63291144 -1.63497829
v 3.30588126 -2.22784805 -1.63028014
v 3.17360139 -1.82278478 -1.83227968
v 3.29627323 -1.82278478 -1.62554216
v 3.16427279 -1.41772151 -1.82689369
v 3.15484047 -1.01265824 -1.82144797
v 3.27682948 -1.01265824 -1.61595345
v 3.28658819 -1.41772151 -1.62076592
v 3.40888238 -1.82278478 -1.41200531
v 3.39870667 -1.41772151 -1.40779042
v 3.38848734 -1.01265824 -1.40355742
v 3.13568354 -0.20253165 -1.81038773
v 3.14530897 -0.60759491 -1.81594503
v 3.26700115 -0.60759491 -1.61110675
v 3.25710750 -0.20253165 -1.60622776
v 3.37822843 -0.60759491 -1.39930797
v 3.36793399 -0.20253165 -1.39504397
v 3.45897436 -3.84810138 -1.43275404
v 3.44907331 -3.44303799 -1.42865300
v 3.43911004 -3.03797460 -1.42452598
v 3.42908788 -2.63291144 -1.42037475
v 3.41901064 -2.22784805 -1.41620064
v 3.56496453 -3.84810138 -1.21014237
v 3.55435705 -3.44303799 -1.20654166
v 3.54370975 -3.03797460 -1.20292735
v 3.66075230 -3.84810138 -0.98089564
v 3.64943743 -3.44303799 -0.97786379
v 3.63809705 -3.03797460 -0.97482514
v 3.53302717 -2.63291144 -1.19930112
v 3.52231431 -2.22784805 -1.19566464
v 3.62673736 -2.63291144 -0.97178137
v 3.61536455 -2.22784805 -0.96873403
v 3.51157570 -1.82278478 -1.19201934
v 3.50081539 -1.41772151 -1.18836677
v 3.49003863 -1.01265824 -1.18470848
v 3.60398436 -1.82278478 -0.96568471
v 3.59260249 -1.41772151 -0.96263498
v 3.58122468 -1.01265824 -0.95958626
v 3.47924924 -0.60759491 -1.18104601
v 3.46845222 -0.20253165 -1.17738092
v 3.56985617 -0.60759491 -0.95654011
v 3.55850267 -0.20253165 -0.95349789
v 3.74509048 -3.84810138 -0.74494481
v 3.73313856 -3.44303799 -0.74256748
v 3.72116637 -3.03797460 -0.74018598
v 3.81628180 -3.84810138 -0.50242305
v 3.80382872 -3.44303799 -0.50078356
v 3.79135036 -3.03797460 -0.49914074
v 3.70918131 -2.63291144 -0.73780203
v 3.69719148 -2.22784805 -0.73541713
v 3.77885652 -2.63291144 -0.49749589
v 3.76635695 -2.22784805 -0.49585032
v 3.87235188 -3.84810138 -0.25380734
v 3.85958529 -3.44303799 -0.25297058
v 3.84677982 -3.03797460 -0.25213128
v 3.91126108 -3.84810138 0.00000000
v 3.89840317 -3.44303799 0.00000000
v 3.88548493 -3.03797460 0.00000000
v 3.83394718 -2.63291144 -0.25129017
v 3.82109880 -2.22784805 -0.25044805
v 3.87252021 -2.63291144 0.00000000
v 3.85952187 -2.22784805 0.00000000
v 3.68520451 -1.82278478 -0.73303276
v 3.67322731 -1.41772151 -0.73065031
v 3.66126704 -1.01265824 -0.72827125
v 3.75386095 -1.82278478 -0.49420518
v 3.74137735 -1.41772151 -0.49256167
v 3.72891498 -1.01265824 -0.49092096
v 3.64933038 -0.60759491 -0.72589695
v 3.63742399 -0.20253165 -0.72352862
v 3.71648216 -0.60759491 -0.48928416
v 3.70408678 -0.20253165 -0.48765230
v 3.80824590 -1.82278478 -0.24960563
v 3.79539919 -1.41772151 -0.24876361
v 3.78256893 -1.01265824 -0.24792266
v 3.84650302 -1.82278478 0.00000000
v 3.82045317 -1.01265824 0.00000000
v 3.83347607 -1.41772151 0.00000000
v 3.76976538 -0.60759491 -0.24708349
v 3.75699854 -0.20253165 -0.24624670
v 3.80744624 -0.60759491 0.00000000
v 3.79446673 -0.20253165 0.00000000
v -3.98332429 -16.00000000 0.26108086
v -3.99994063 -15.59493637 0.26216996
v -4.01621056 -15.18987370 0.26323634
v -4.05071831 -15.18987370 0.53328717
v -4.01663828 -16.00000000 0.52880049
v -4.03388309 -15.59493637 0.53107083
v -4.04766512 -14.37974644 0.26529798
v -4.03212309 -14.78481007 0.26427931
v -4.06713009 -14.78481007 0.53544784
v -4.08310509 -14.37974644 0.53755099
v -4.03996992 -16.00000000 0.80359995
v -4.05753851 -15.59493637 0.80709457
v -4.07462168 -15.18987370 0.81049263
v -4.05139017 -16.00000000 1.08556664
v -4.06885958 -15.59493637 1.09024763
v -4.08575726 -15.18987370 1.09477544
v -4.09120417 -14.78481007 0.81379110
v -4.10727167 -14.37974644 0.81698710
v -4.10206890 -14.78481007 1.09914601
v -4.11777925 -14.37974644 1.10335565
v -4.06282520 -13.97468376 0.26629162
v -4.07759142 -13.56962013 0.26725945
v -4.09195137 -13.16455650 0.26820067
v -4.09862947 -13.97468376 0.53959483
v -4.11369085 -13.56962013 0.54157770
v -4.12827635 -13.16455650 0.54349786
v -4.10589409 -12.75949383 0.26911452
v -4.11940813 -12.35443020 0.27000025
v -4.14237261 -12.75949383 0.54535371
v -4.15596819 -12.35443020 0.54714358
v -4.12280989 -13.97468376 0.82007784
v -4.13780499 -13.56962013 0.82306063
v -4.15224409 -13.16455650 0.82593268
v -4.13287401 -13.97468376 1.10740030
v -4.16611385 -12.75949383 0.82869154
v -4.17940187 -12.35443020 0.83133465
v -4.04798222 -16.00000000 1.37410486
v -4.06483507 -15.59493637 1.37982547
v -4.08102560 -15.18987370 1.38532162
v -4.09654045 -14.78481007 1.39058816
v -4.11136532 -14.37974644 1.39562047
v -4.04176617 -15.59493637 1.67415428
v -4.05668020 -15.18987370 1.68033206
v -4.02610207 -16.00000000 1.66766596
v -3.98175931 -16.00000000 1.96358633
v -3.99566126 -15.59493637 1.97044206
v -4.00873375 -15.18987370 1.97688866
v -4.07083130 -14.78481007 1.68619359
v -4.08420706 -14.37974644 1.69173408
v -4.02096558 -14.78481007 1.98292089
v -4.03234816 -14.37974644 1.98853409
v -4.14733982 -13.56962013 1.11127639
v -4.16116333 -13.16455650 1.11498046
v -4.12548637 -13.97468376 1.40041387
v -4.13889122 -13.56962013 1.40496421
v -4.15156794 -13.16455650 1.40926743
v -4.17433262 -12.75949383 1.11850905
v -4.18683481 -12.35443020 1.12185907
v -4.16350603 -12.75949383 1.41331983
v -4.17469454 -12.35443020 1.41711783
v -4.09679604 -13.97468376 1.69694853
v -4.10858774 -13.56962013 1.70183265
v -4.11957169 -13.16455650 1.70638251
v -4.04287195 -13.97468376 1.99372387
v -4.05253029 -13.56962013 1.99848676
v -4.06131601 -13.16455650 2.00281930
v -4.12974072 -12.75949383 1.71059453
v -4.13908577 -12.35443020 1.71446550
v -4.06922388 -12.75949383 2.00671911
v -4.07625008 -12.35443020 2.01018405
v -4.13248158 -11.94936752 0.27085716
v -4.14510393 -11.54430389 0.27168444
v -4.15726423 -11.13924026 0.27248147
v -4.18160820 -11.54430389 0.55051917
v -4.16905022 -11.94936752 0.54886585
v -4.19363022 -11.13924026 0.55210191
v -4.16895199 -10.73417759 0.27324757
v -4.18015814 -10.32911396 0.27398202
v -4.20510626 -10.73417759 0.55361271
v -4.21602583 -10.32911396 0.55505037
v -4.19209576 -11.94936752 0.83385974
v -4.20418501 -11.54430389 0.83626443
v -4.21565866 -11.13924026 0.83854663
v -4.22650623 -10.73417759 0.84070438
v -4.23671865 -10.32911396 0.84273577
v -4.19087219 -9.92405033 0.27468425
v -4.20108509 -9.51898766 0.27535367
v -4.21078873 -9.11392403 0.27598968
v -4.22638035 -9.92405033 0.55641353
v -4.23615980 -9.51898766 0.55770099
v -4.24535608 -9.11392403 0.55891174
v -4.21997452 -8.70886040 0.27659175
v -4.22863531 -8.30379772 0.27715939
v -4.25396252 -8.70886040 0.56004477
v -4.26197100 -8.30379772 0.56109911
v -4.24628735 -9.92405033 0.84463906
v -4.25520372 -9.51898766 0.84641260
v -4.26346064 -9.11392403 0.84805506
v -4.27105236 -8.70886040 0.84956509
v -4.27797222 -8.30379772 0.85094160
v -4.19865990 -11.94936752 1.12502754
v -4.20979738 -11.54430389 1.12801182
v -4.22023678 -11.13924026 1.13080907
v -4.18512487 -11.94936752 1.42065847
v -4.19478798 -11.54430389 1.42393863
v -4.20367670 -11.13924026 1.42695594
v -4.22997046 -10.73417759 1.13341713
v -4.23898983 -10.32911396 1.13583386
v -4.21178389 -10.73417759 1.42970800
v -4.21910477 -10.32911396 1.43219316
v -4.14760113 -11.94936752 1.71799266
v -4.15528107 -11.54430389 1.72117376
v -4.16212082 -11.13924026 1.72400689
v -4.08239126 -11.94936752 2.01321268
v -4.08764553 -11.54430389 2.01580358
v -4.09201193 -11.13924026 2.01795697
v -4.16811705 -10.73417759 1.72649062
v -4.17326736 -10.32911396 1.72862387
v -4.09549093 -10.73417759 2.01967263
v -4.09808445 -10.32911396 2.02095175
v -4.24728775 -9.92405033 1.13805723
v -4.25485802 -9.51898766 1.14008582
v -4.26169538 -9.11392403 1.14191782
v -4.22563457 -9.92405033 1.43440974
v -4.23136950 -9.51898766 1.43635643
v -4.23630667 -9.11392403 1.43803239
v -4.26779556 -8.70886040 1.14355242
v -4.27315521 -8.30379772 1.14498842
v -4.24044514 -8.70886040 1.43943715
v -4.24378395 -8.30379772 1.44057059
v -4.17757034 -9.92405033 1.73040628
v -4.18102598 -9.51898766 1.73183763
v -4.18363523 -9.11392403 1.73291838
v -4.09979486 -9.92405033 2.02179503
v -4.10062599 -9.51898766 2.02220488
v -4.10058260 -9.11392403 2.02218366
v -4.18540001 -8.70886040 1.73364937
v -4.18632317 -8.30379772 1.73403192
v -4.09967136 -8.70886040 2.02173424
v -4.09789944 -8.30379772 2.02086020
v -3.91108370 -16.00000000 2.25806522
v -3.92270231 -15.59493637 2.26477313
v -3.93342757 -15.18987370 2.27096558
v -3.81080294 -16.00000000 2.54629707
v -3.81972361 -15.59493637 2.55225778
v -3.82770967 -15.18987370 2.55759382
v -3.94325256 -14.78481007 2.27663779
v -3.95217109 -14.37974644 2.28178692
v -3.83475804 -14.78481007 2.56230354
v -3.84086728 -14.37974644 2.56638551
v -3.67868090 -16.00000000 2.82275128
v -3.68464136 -15.59493637 2.82732463
v -3.68965244 -15.18987370 2.83116984
v -3.69371605 -14.78481007 2.83428788
v -3.69683504 -14.37974644 2.83668137
v -3.96017814 -13.97468376 2.28640985
v -3.96727061 -13.56962013 2.29050469
v -3.97344542 -13.16455650 2.29406977
v -3.84603643 -13.97468376 2.56983948
v -3.85026646 -13.56962013 2.57266593
v -3.85355949 -13.16455650 2.57486606
v -3.97870159 -12.75949383 2.29710436
v -3.98303890 -12.35443020 2.29960871
v -3.85591865 -12.75949383 2.57644248
v -3.85734820 -12.35443020 2.57739758
v -3.69901371 -13.97468376 2.83835292
v -3.70025730 -13.56962013 2.83930731
v -3.70057273 -13.16455650 2.83954930
v -3.69996762 -12.75949383 2.83908510
v -3.69845128 -12.35443020 2.83792138
v -3.51385784 -16.00000000 3.08157063
v -3.51677728 -15.59493637 3.08413100
v -3.51876283 -15.18987370 3.08587217
v -3.31704545 -16.00000000 3.31704545
v -3.31703901 -15.59493637 3.31703901
v -3.31614256 -15.18987370 3.31614256
v -3.51982021 -14.78481007 3.08679962
v -3.51995754 -14.37974644 3.08692002
v -3.31436729 -14.78481007 3.31436729
v -3.31172514 -14.37974644 3.31172514
v -3.51918364 -13.97468376 3.08624125
v -3.51750827 -13.56962013 3.08477187
v -3.51494265 -13.16455650 3.08252192
v -3.30822897 -13.97468376 3.30822897
v -3.30389309 -13.56962013 3.30389309
v -3.29873276 -13.16455650 3.29873276
v -3.51149917 -12.75949383 3.07950211
v -3.50719118 -12.35443020 3.07572412
v -3.29276395 -12.75949383 3.29276395
v -3.28600407 -12.35443020 3.28600407
v -3.09055686 -16.00000000 3.52410460
v -3.08792615 -15.59493637 3.52110481
v -3.08447695 -15.18987370 3.51717186
v -3.08022428 -14.78481007 3.51232266
v -3.07518339 -14.37974644 3.50657439
v -2.83816314 -16.00000000 3.69876623
v -2.83337092 -15.59493637 3.69252110
v -2.82785392 -15.18987370 3.68533111
v -2.82162952 -14.78481007 3.67721915
v -2.81471610 -14.37974644 3.66820931
v -2.56479859 -16.00000000 3.83849216
v -2.55842566 -15.59493637 3.82895470
v -2.55143714 -15.18987370 3.81849527
v -2.26883960 -15.59493637 3.92974520
v -2.27614737 -16.00000000 3.94240308
v -2.26103210 -15.18987370 3.91622257
v -2.54385161 -14.78481007 3.80714297
v -2.53568935 -14.37974644 3.79492736
v -2.25274515 -14.78481007 3.90186930
v -2.24399900 -14.37974644 3.88672018
v -3.06937075 -13.97468376 3.49994659
v -3.06280422 -13.56962013 3.49245906
v -3.05550218 -13.16455650 3.48413253
v -3.04748368 -12.75949383 3.47498918
v -3.03876877 -12.35443020 3.46505165
v -2.80713272 -13.97468376 3.65832639
v -2.79889917 -13.56962013 3.64759636
v -2.79003596 -13.16455650 3.63604569
v -2.78056455 -12.75949383 3.62370229
v -2.77050662 -12.35443020 3.61059451
v -2.52697062 -13.97468376 3.78187895
v -2.51771665 -13.56962013 3.76802921
v -2.50794888 -13.16455650 3.75341082
v -2.23481393 -13.97468376 3.87081122
v -2.22521114 -13.56962013 3.85417867
v -2.21521187 -13.16455650 3.83685946
v -2.49768925 -12.75949383 3.73805594
v -2.48695993 -12.35443020 3.72199869
v -2.19410992 -12.35443020 3.80030966
v -2.20483732 -12.75949383 3.81889057
v -3.98645854 -11.94936752 2.30158305
v -3.98896289 -11.54430389 2.30302882
v -3.99055529 -11.13924026 2.30394816
v -3.85785389 -11.94936752 2.57773566
v -3.85744286 -11.54430389 2.57746077
v -3.85612273 -11.13924026 2.57657886
v -3.99124050 -10.73417759 2.30434370
v -3.99102426 -10.32911396 2.30421901
v -3.85390329 -10.73417759 2.57509589
v -3.85079455 -10.32911396 2.57301879
v -3.69603372 -11.94936752 2.83606648
v -3.69272661 -11.54430389 2.83352876
v -3.50203347 -11.94936752 3.07120109
v -3.49604154 -11.54430389 3.06594610
v -3.68854237 -11.13924026 2.83031797
v -3.48923182 -11.13924026 3.05997419
v -3.68349481 -10.73417759 2.82644486
v -3.67759848 -10.32911396 2.82192063
v -3.48162222 -10.73417759 3.05330086
v -3.47323108 -10.32911396 3.04594207
v -3.98991418 -9.92405033 2.30357814
v -3.98791814 -9.51898766 2.30242562
v -3.98504567 -9.11392403 2.30076718
v -3.84680843 -9.92405033 2.57035518
v -3.84195733 -9.51898766 2.56711388
v -3.83625531 -9.11392403 2.56330395
v -3.98130703 -8.70886040 2.29860878
v -3.97671437 -8.30379772 2.29595709
v -3.82971740 -8.70886040 2.55893540
v -3.82235909 -8.30379772 2.55401850
v -3.67086935 -9.92405033 2.81675720
v -3.66332459 -9.51898766 2.81096768
v -3.65498161 -9.11392403 2.80456591
v -3.46407819 -9.92405033 3.03791499
v -3.45418382 -9.51898766 3.02923775
v -3.44356894 -9.11392403 3.01992893
v -3.64585924 -8.70886040 2.79756618
v -3.63597775 -8.30379772 2.78998375
v -3.43225622 -8.70886040 3.01000786
v -3.42026782 -8.30379772 2.99949431
v -3.27847099 -11.94936752 3.27847099
v -3.27018428 -11.54430389 3.27018428
v -3.26116347 -11.13924026 3.26116347
v -3.25142956 -10.73417759 3.25142956
v -3.24100423 -10.32911396 3.24100423
v -3.22990942 -9.92405033 3.22990942
v -3.21816850 -9.51898766 3.21816850
v -3.02937865 -11.94936752 3.45434427
v -3.01933455 -11.54430389 3.44289112
v -3.00865865 -11.13924026 3.43071771
v -2.99737430 -10.73417759 3.41785026
v -2.98550463 -10.32911396 3.40431571
v -2.72486544 -10.73417759 3.55111384
v -2.71222115 -10.32911396 3.53463531
v -2.75988460 -11.94936752 3.59675145
v -2.74872136 -11.54430389 3.58220339
v -2.73704028 -11.13924026 3.56698036
v -2.47578406 -11.94936752 3.70527267
v -2.46418452 -11.54430389 3.68791270
v -2.45218468 -11.13924026 3.66995382
v -2.18305087 -11.94936752 3.78115511
v -2.17168260 -11.54430389 3.76146460
v -2.16002727 -11.13924026 3.74127698
v -2.43980837 -10.73417759 3.65143108
v -2.42707896 -10.32911396 3.63238049
v -2.14810705 -10.73417759 3.72063065
v -2.13594437 -10.32911396 3.69956398
v -3.20580482 -9.11392403 3.20580482
v -2.97307396 -9.92405033 3.39014125
v -2.96010685 -9.51898766 3.37535477
v -2.94662809 -9.11392403 3.35998535
v -2.69913173 -9.92405033 3.51757693
v -2.68562245 -9.51898766 3.49997115
v -2.67171812 -9.11392403 3.48185086
v -3.19284320 -8.70886040 3.19284320
v -3.17930841 -8.30379772 3.17930841
v -2.93266320 -8.70886040 3.34406161
v -2.65744424 -8.70886040 3.46324897
v -2.91823840 -8.30379772 3.32761312
v -2.64282656 -8.30379772 3.44419861
v -2.37311435 -8.70886040 3.55161667
v -2.35898209 -8.30379772 3.53046632
v -2.41402078 -9.92405033 3.61283755
v -2.40065789 -9.51898766 3.59283853
v -2.38701439 -9.11392403 3.57241964
v -2.12356091 -9.92405033 3.67811561
v -2.11097956 -9.51898766 3.65632367
v -1.97816837 -16.00000000 4.01132870
v -1.97057664 -15.59493637 3.99593401
v -1.96260166 -15.18987370 3.97976255
v -1.67660761 -16.00000000 4.04768896
v -1.66933262 -15.59493637 4.03012562
v -1.66178286 -15.18987370 4.01189852
v -1.95426273 -14.78481007 3.96285295
v -1.94557929 -14.37974644 3.94524455
v -1.65397573 -14.78481007 3.99305058
v -1.64592874 -14.37974644 3.97362351
v -1.37656200 -16.00000000 4.05522108
v -1.37010443 -15.59493637 4.03619766
v -1.36346638 -15.18987370 4.01664209
v -1.08213627 -16.00000000 4.03858757
v -1.07686043 -15.59493637 4.01889801
v -1.07148004 -15.18987370 3.99881768
v -1.35666263 -14.78481007 3.99659944
v -1.34970832 -14.37974644 3.97611260
v -1.06600666 -14.78481007 3.97839117
v -1.06045234 -14.37974644 3.95766187
v -1.93657076 -13.97468376 3.92697692
v -1.92725694 -13.56962013 3.90809035
v -1.91765773 -13.16455650 3.88862538
v -1.63765967 -13.97468376 3.95366025
v -1.62918591 -13.56962013 3.93320274
v -1.62052512 -13.16455650 3.91229367
v -1.90779316 -12.75949383 3.86862183
v -1.89768326 -12.35443020 3.84812093
v -1.61169469 -12.75949383 3.89097524
v -1.60271227 -12.35443020 3.86928964
v -1.34261811 -13.97468376 3.95522547
v -1.33540666 -13.56962013 3.93398118
v -1.32808864 -13.16455650 3.91242313
v -1.04914618 -13.56962013 3.91546655
v -1.05482829 -13.97468376 3.93667269
v -1.04341698 -13.16455650 3.89408517
v -1.32067847 -12.75949383 3.89059329
v -1.31319022 -12.35443020 3.86853361
v -1.03765190 -12.75949383 3.87256956
v -1.03186166 -12.35443020 3.85096002
v -0.79622895 -16.00000000 4.00291300
v -0.79234260 -15.59493637 3.98337507
v -0.78840667 -15.18987370 3.96358800
v -0.52046245 -16.00000000 3.95330501
v -0.51801294 -15.59493637 3.93469882
v -0.51554799 -15.18987370 3.91597581
v -0.78442961 -14.78481007 3.94359398
v -0.78041983 -14.37974644 3.92343545
v -0.51307297 -14.78481007 3.89717603
v -0.51059282 -14.37974644 3.87833762
v -0.00000000 -15.18987370 3.80052161
v -0.25525311 -16.00000000 3.89440966
v -0.25413975 -15.59493637 3.87742352
v -0.25302640 -15.18987370 3.86043668
v -0.00000000 -16.00000000 3.83005548
v -0.00000000 -15.59493637 3.81524205
v -0.00000000 -14.78481007 3.78592491
v -0.00000000 -14.37974644 3.77148056
v -0.25191531 -14.78481007 3.84348464
v -0.25080875 -14.37974644 3.82660198
v -0.77638543 -13.97468376 3.90315318
v -0.77233440 -13.56962013 3.88278723
v -0.76827461 -13.16455650 3.86237741
v -0.50811267 -13.97468376 3.85949874
v -0.50563717 -13.56962013 3.84069562
v -0.50317103 -13.16455650 3.82196355
v -0.50071877 -12.75949383 3.80333686
v -0.49828470 -12.35443020 3.78484821
v -0.76421368 -12.75949383 3.84196138
v -0.76015890 -12.35443020 3.82157683
v -0.24861781 -13.56962013 3.79317474
v -0.24753751 -13.16455650 3.77669263
v -0.00000000 -13.97468376 3.75721645
v -0.00000000 -13.56962013 3.74315834
v -0.00000000 -13.16455650 3.72933125
v -0.24970889 -13.97468376 3.80982137
v -0.24646987 -12.75949383 3.76040339
v -0.24541670 -12.35443020 3.74433517
v -0.00000000 -12.75949383 3.71575832
v -0.00000000 -12.35443020 3.70246148
v -1.87680733 -11.54430389 3.80578876
v -1.86608136 -11.13924026 3.78403878
v -1.57502460 -11.13924026 3.80244565
v -1.88734794 -11.94936752 3.82716298
v -1.59359491 -11.94936752 3.84727859
v -1.58436000 -11.54430389 3.82498360
v -1.85518992 -10.73417759 3.76195312
v -1.84415281 -10.32911396 3.73957181
v -1.56560528 -10.73417759 3.77970552
v -1.55611873 -10.32911396 3.75680304
v -1.29039764 -11.13924026 3.80138874
v -1.02024782 -11.54430389 3.80761671
v -1.01444459 -11.13924026 3.78595901
v -1.30563819 -11.94936752 3.84628606
v -1.29803610 -11.54430389 3.82389116
v -1.02605689 -11.94936752 3.82929611
v -1.28273606 -10.73417759 3.77881861
v -1.27506447 -10.32911396 3.75621891
v -1.00865710 -10.73417759 3.76435947
v -1.00289476 -10.32911396 3.74285436
v -1.83298945 -9.92405033 3.71693492
v -2.09822178 -9.11392403 3.63422680
v -1.82171941 -9.51898766 3.69408131
v -1.81036174 -9.11392403 3.67105055
v -2.08530998 -8.70886040 3.61186290
v -2.07226562 -8.30379772 3.58926964
v -1.79893553 -8.70886040 3.64788055
v -1.78745949 -8.30379772 3.62460923
v -1.54658139 -9.92405033 3.73377776
v -1.53700936 -9.51898766 3.71066880
v -1.52741814 -9.11392403 3.68751359
v -1.26739573 -9.92405033 3.73362756
v -1.25974226 -9.51898766 3.71108103
v -1.25211620 -9.11392403 3.68861556
v -1.51782358 -8.70886040 3.66435027
v -1.50824046 -8.30379772 3.64121461
v -1.24452937 -8.70886040 3.66626549
v -1.23699331 -8.30379772 3.64406466
v -0.75611758 -11.94936752 3.80125976
v -0.75209659 -11.54430389 3.78104472
v -0.74810266 -11.13924026 3.76096630
v -0.49587297 -11.94936752 3.76652908
v -0.49348757 -11.54430389 3.74841022
v -0.49113229 -11.13924026 3.73052001
v -0.74414235 -10.73417759 3.74105644
v -0.74022186 -10.32911396 3.72134662
v -0.48881081 -10.73417759 3.71288657
v -0.48652652 -10.32911396 3.69553590
v -0.24437973 -11.94936752 3.72851419
v -0.24336058 -11.54430389 3.71296501
v -0.24236079 -11.13924026 3.69771099
v -0.00000000 -11.54430389 3.67677569
v -0.00000000 -11.94936752 3.68946099
v -0.00000000 -11.13924026 3.66442299
v -0.24138178 -10.73417759 3.68277431
v -0.24042490 -10.32911396 3.66817522
v -0.00000000 -10.73417759 3.65241909
v -0.00000000 -10.32911396 3.64077830
v -0.73252398 -9.51898766 3.68264675
v -0.99716687 -9.92405033 3.72147751
v -0.99148232 -9.51898766 3.70026255
v -0.73634714 -9.92405033 3.70186710
v -0.98584980 -9.11392403 3.67924142
v -0.72875774 -9.11392403 3.66371274
v -0.48428273 -9.92405033 3.67849255
v -0.48208252 -9.51898766 3.66178036
v -0.47992879 -9.11392403 3.64542103
v -0.98027748 -8.70886040 3.65844536
v -0.72505373 -8.70886040 3.64509130
v -0.97477341 -8.30379772 3.63790393
v -0.47782424 -8.70886040 3.62943530
v -0.72141683 -8.30379772 3.62680721
v -0.47577140 -8.30379772 3.61384249
v -0.23949140 -9.92405033 3.65393281
v -0.23858245 -9.51898766 3.64006472
v -0.23769908 -9.11392403 3.62658715
v -0.00000000 -9.92405033 3.62951374
v -0.00000000 -9.51898766 3.61863756
v -0.00000000 -9.11392403 3.60815954
v -0.23684227 -8.70886040 3.61351490
v -0.23601291 -8.30379772 3.60086131
v -0.00000000 -8.70886040 3.59808898
v -0.00000000 -8.30379772 3.58843350
v -4.23676395 -7.89873409 0.27769217
v -4.24435377 -7.49367094 0.27818963
v -4.25139904 -7.08860779 0.27865142
v -4.26937532 -7.89873409 0.56207395
v -4.27617025 -7.49367094 0.56296849
v -4.28235102 -7.08860779 0.56378222
v -4.25789452 -6.68354416 0.27907714
v -4.26383543 -6.27848101 0.27946654
v -4.28791332 -6.68354416 0.56451452
v -4.29285383 -6.27848101 0.56516498
v -4.28421640 -7.89873409 0.85218358
v -4.28978014 -7.49367094 0.85329032
v -4.29466057 -7.08860779 0.85426110
v -4.29885530 -6.68354416 0.85509551
v -4.30236340 -6.27848101 0.85579324
v -4.26921844 -5.87341785 0.27981937
v -4.27404022 -5.46835423 0.28013539
v -4.27829790 -5.06329107 0.28041446
v -4.29717016 -5.87341785 0.56573319
v -4.30086040 -5.46835423 0.56621897
v -4.30392313 -5.06329107 0.56662226
v -4.28198957 -4.65822792 0.28065643
v -4.28511477 -4.25316477 0.28086129
v -4.30635881 -4.65822792 0.56694293
v -4.30816793 -4.25316477 0.56718111
v -4.30518341 -5.87341785 0.85635430
v -4.30731678 -5.46835423 0.85677862
v -4.30876446 -5.06329107 0.85706651
v -4.30952835 -4.65822792 0.85721850
v -4.30961180 -4.25316477 0.85723507
v -4.27777100 -7.89873409 1.14622533
v -4.28164244 -7.49367094 1.14726257
v -4.28476810 -7.08860779 1.14810014
v -4.24632406 -7.89873409 1.44143271
v -4.24806643 -7.49367094 1.44202423
v -4.24901390 -7.08860779 1.44234586
v -4.28714848 -6.68354416 1.14873791
v -4.28878498 -6.27848101 1.14917636
v -4.24917030 -6.68354416 1.44239902
v -4.24854040 -6.27848101 1.44218516
v -4.18640995 -7.89873409 1.73406768
v -4.18566465 -7.49367094 1.73375905
v -4.18409395 -7.08860779 1.73310852
v -4.09527493 -7.89873409 2.01956606
v -4.09180784 -7.49367094 2.01785636
v -4.08750868 -7.08860779 2.01573610
v -4.18170595 -6.68354416 1.73211932
v -4.17850876 -6.27848101 1.73079503
v -4.08238888 -6.68354416 2.01321149
v -4.07646132 -6.27848101 2.01028824
v -4.28967953 -5.87341785 1.14941621
v -4.28983593 -5.46835423 1.14945817
v -4.28925848 -5.06329107 1.14930332
v -4.24712944 -5.87341785 1.44170630
v -4.24494505 -5.46835423 1.44096470
v -4.24199438 -5.06329107 1.43996298
v -4.28795195 -4.65822792 1.14895332
v -4.28592300 -4.25316477 1.14840961
v -4.23828602 -4.65822792 1.43870425
v -4.23382998 -4.25316477 1.43719172
v -4.17451191 -5.87341785 1.72913945
v -4.16972637 -5.46835423 1.72715724
v -4.16416407 -5.06329107 1.72485316
v -4.06974030 -5.87341785 2.00697374
v -4.06223965 -5.46835423 2.00327492
v -4.05397606 -5.06329107 1.99919963
v -4.15783691 -4.65822792 1.72223258
v -4.15075970 -4.25316477 1.71930087
v -4.04496527 -4.65822792 1.99475610
v -4.03522587 -4.25316477 1.98995304
v -4.28767300 -3.84810138 0.28102896
v -4.28966475 -3.44303799 0.28115946
v -4.29109049 -3.03797460 0.28125292
v -4.30935240 -3.84810138 0.56733698
v -4.30991364 -3.44303799 0.56741089
v -4.30985546 -3.03797460 0.56740320
v -4.29195261 -2.63291144 0.28130943
v -4.29225349 -2.22784805 0.28132915
v -4.30918121 -2.63291144 0.56731451
v -4.30789614 -2.22784805 0.56714529
v -4.30901861 -3.84810138 0.85711712
v -4.30775404 -3.44303799 0.85686553
v -4.30582333 -3.03797460 0.85648155
v -4.30323362 -2.63291144 0.85596639
v -4.29999208 -2.22784805 0.85532165
v -4.29199696 -1.82278478 0.28131235
v -4.29118681 -1.41772151 0.28125924
v -4.28982782 -1.01265824 0.28117019
v -4.30600595 -1.82278478 0.56689644
v -4.30351686 -1.41772151 0.56656879
v -4.30043602 -1.01265824 0.56616318
v -4.28792620 -0.60759491 0.28104553
v -4.28548717 -0.20253165 0.28088567
v -4.29677153 -0.60759491 0.56568068
v -4.29253197 -0.20253165 0.56512254
v -4.29610777 -1.82278478 0.85454893
v -4.29158878 -1.41772151 0.85365009
v -4.28644609 -1.01265824 0.85262716
v -4.28069019 -0.60759491 0.85148227
v -4.27433348 -0.20253165 0.85021776
v -4.28317785 -3.84810138 1.14767408
v -4.27972555 -3.44303799 1.14674902
v -4.27557516 -3.03797460 1.14563692
v -4.22863770 -3.84810138 1.43542898
v -4.22271967 -3.44303799 1.43342018
v -4.21608925 -3.03797460 1.43116939
v -4.27073526 -2.63291144 1.14434016
v -4.26521826 -2.22784805 1.14286172
v -4.20875978 -2.63291144 1.42868137
v -4.20074558 -2.22784805 1.42596090
v -4.14294577 -3.84810138 1.71606433
v -4.13441181 -3.44303799 1.71252942
v -4.12517309 -3.03797460 1.70870268
v -4.02477551 -3.84810138 1.98479962
v -4.01363373 -3.44303799 1.97930527
v -4.00182104 -3.03797460 1.97347987
v -4.11524820 -2.63291144 1.70459163
v -4.10465431 -2.22784805 1.70020342
v -3.98935843 -2.63291144 1.96733379
v -3.97626686 -2.22784805 1.96087778
v -4.25903463 -1.82278478 1.14120495
v -4.25219774 -1.41772151 1.13937294
v -4.24472046 -1.01265824 1.13736939
v -4.19206190 -1.82278478 1.42301321
v -4.18272495 -1.41772151 1.41984379
v -4.17275190 -1.01265824 1.41645837
v -4.23661709 -0.60759491 1.13519812
v -4.22790241 -0.20253165 1.13286304
v -4.16215992 -0.60759491 1.41286290
v -4.15096712 -0.20253165 1.40906358
v -4.09341049 -1.82278478 1.69554615
v -4.08153677 -1.41772151 1.69062781
v -4.06905270 -1.01265824 1.68545687
v -3.96256900 -1.82278478 1.95412278
v -3.94828796 -1.41772151 1.94708014
v -3.93344712 -1.01265824 1.93976152
v -4.05598068 -0.60759491 1.68004215
v -4.04234123 -0.20253165 1.67439258
v -3.91807103 -0.60759491 1.93217874
v -3.90218401 -0.20253165 1.92434418
v -3.97128034 -7.89873409 2.29281974
v -3.96501851 -7.49367094 2.28920460
v -3.95794392 -7.08860779 2.28512001
v -3.81419730 -7.89873409 2.54856515
v -3.80525041 -7.49367094 2.54258704
v -3.79553723 -7.08860779 2.53609681
v -3.95007253 -6.68354416 2.28057551
v -3.94142103 -6.27848101 2.27558041
v -3.78507710 -6.68354416 2.52910757
v -3.77389097 -6.27848101 2.52163339
v -3.62535715 -7.89873409 2.78183436
v -3.61401916 -7.49367094 2.77313447
v -3.60198617 -7.08860779 2.76390123
v -3.40762782 -7.89873409 2.98840928
v -3.39435983 -7.49367094 2.97677374
v -3.38048935 -7.08860779 2.96460962
v -3.58928108 -6.68354416 2.75415230
v -3.57592773 -6.27848101 2.74390578
v -3.36604118 -6.68354416 2.95193911
v -3.35104179 -6.27848101 2.93878484
v -3.93200755 -5.87341785 2.27014565
v -3.92185044 -5.46835423 2.26428151
v -3.91096950 -5.06329107 2.25799942
v -3.76200032 -5.87341785 2.51368833
v -3.89938545 -4.65822792 2.25131130
v -3.88711929 -4.25316477 2.24422932
v -3.74942732 -5.46835423 2.50528717
v -3.73619485 -5.06329107 2.49644566
v -3.72232699 -4.65822792 2.48717928
v -3.70784783 -4.25316477 2.47750473
v -3.56195045 -5.87341785 2.73318076
v -3.54737425 -5.46835423 2.72199607
v -3.53222466 -5.06329107 2.71037149
v -3.33551717 -5.87341785 2.92517018
v -3.31949449 -5.46835423 2.91111851
v -3.30300069 -5.06329107 2.89665389
v -3.51652837 -4.65822792 2.69832706
v -3.50031137 -4.25316477 2.68588328
v -3.28606367 -4.65822792 2.88180065
v -3.26871133 -4.25316477 2.86658287
v -3.07070017 -5.46835423 3.07070017
v -3.05352783 -5.06329107 3.05352783
v -3.03602409 -4.65822792 3.03602409
v -3.01821709 -4.25316477 3.01821709
v -3.16522551 -7.89873409 3.16522551
v -3.15062070 -7.49367094 3.15062070
v -3.13552022 -7.08860779 3.13552022
v -2.90337944 -7.89873409 3.31066966
v -2.88811278 -7.49367094 3.29326129
v -2.87246513 -7.08860779 3.27541876
v -3.11995077 -6.68354416 3.11995077
v -3.10393929 -6.27848101 3.10393929
v -2.85646319 -6.68354416 3.25717211
v -2.84013438 -6.27848101 3.23855233
v -2.62789059 -7.89873409 3.42473388
v -2.61266232 -7.49367094 3.40488791
v -2.59716725 -7.08860779 3.38469434
v -2.34464169 -7.89873409 3.50900412
v -2.33011699 -7.49367094 3.48726654
v -2.31543207 -7.08860779 3.46528888
v -2.58143139 -6.68354416 3.36418676
v -2.56548023 -6.27848101 3.34339881
v -2.30061054 -6.68354416 3.44310689
v -2.28567576 -6.27848101 3.42075562
v -3.08751321 -5.87341785 3.08751321
v -2.82350516 -5.87341785 3.21959043
v -2.78945470 -5.06329107 3.18076348
v -2.80660295 -5.46835423 3.20031738
v -2.77208781 -4.65822792 3.16096020
v -2.75452900 -4.25316477 3.14093828
v -2.53303528 -5.46835423 3.30111575
v -2.51659203 -5.06329107 3.27968669
v -2.54933977 -5.87341785 3.32236409
v -2.27065158 -5.87341785 3.39827013
v -2.25556040 -5.46835423 3.37568450
v -2.24042511 -5.06329107 3.35303307
v -2.50003552 -4.65822792 3.25810981
v -2.48339057 -4.25316477 3.23641777
v -2.21011138 -4.25316477 3.30766535
v -2.22526813 -4.65822792 3.33034897
v -3.87419295 -3.84810138 2.23676634
v -3.86062956 -3.44303799 2.22893548
v -3.84645224 -3.03797460 2.22075009
v -3.83168507 -2.63291144 2.21222448
v -3.81635308 -2.22784805 2.20337248
v -3.69278240 -3.84810138 2.46743822
v -3.67715645 -3.44303799 2.45699739
v -3.66099572 -3.03797460 2.44619918
v -3.64432716 -2.63291144 2.43506145
v -3.62717748 -2.22784805 2.42360258
v -3.48360109 -3.84810138 2.67306113
v -3.46642494 -3.44303799 2.65988135
v -3.44881082 -3.03797460 2.64636564
v -3.21444368 -3.03797460 2.81899142
v -3.25097156 -3.84810138 2.85102558
v -3.23287272 -3.44303799 2.83515334
v -3.43078661 -2.63291144 2.63253522
v -3.41238093 -2.22784805 2.61841202
v -3.80048108 -1.82278478 2.19420886
v -3.78409529 -1.41772151 2.18474841
v -3.76722169 -1.01265824 2.17500639
v -3.60957432 -1.82278478 2.41184044
v -3.59154510 -1.41772151 2.39979386
v -3.57311845 -1.01265824 2.38748145
v -3.35516191 -1.01265824 2.57450628
v -3.74988699 -0.60759491 2.16499829
v -3.73211837 -0.20253165 2.15473938
v -3.55432224 -0.60759491 2.37492204
v -3.53518486 -0.20253165 2.36213517
v -3.33551764 -0.60759491 2.55943274
v -3.31563616 -0.20253165 2.54417706
v -3.39362264 -1.82278478 2.60401821
v -3.37453985 -1.41772151 2.58937550
v -3.00013471 -3.84810138 3.00013471
v -2.98180509 -3.44303799 2.98180509
v -2.96325636 -3.03797460 2.96325636
v -3.19571257 -2.63291144 2.80256462
v -3.17670822 -2.22784805 2.78589845
v -2.94451618 -2.63291144 2.94451618
v -2.68290877 -2.63291144 3.05927110
v -2.92561293 -2.22784805 2.92561293
v -2.66478944 -2.22784805 3.03860998
v -3.15745974 -1.82278478 2.76901770
v -3.13799524 -1.41772151 2.75194788
v -3.11834359 -1.01265824 2.73471403
v -2.90657377 -1.82278478 2.90657377
v -2.88742661 -1.41772151 2.88742661
v -2.86819863 -1.01265824 2.86819863
v -3.09853339 -0.60759491 2.71734095
v -3.07859302 -0.20253165 2.69985342
v -2.84891677 -0.60759491 2.84891677
v -2.82960796 -0.20253165 2.82960796
v -2.64663625 -1.82278478 3.01791024
v -2.62847447 -1.41772151 2.99720073
v -2.61032915 -1.01265824 2.97650981
v -2.34992886 -1.01265824 3.06248689
v -2.59222460 -0.60759491 2.95586562
v -2.57418537 -0.20253165 2.93529582
v -2.33355284 -0.60759491 3.04114532
v -2.31731772 -0.20253165 3.01998711
v -2.73680496 -3.84810138 3.12072802
v -2.71894264 -3.44303799 3.10035992
v -2.70096850 -3.03797460 3.07986426
v -2.46668172 -3.84810138 3.21464229
v -2.44993329 -3.44303799 3.19281530
v -2.43316936 -3.03797460 3.17096806
v -2.19497657 -3.84810138 3.28501463
v -2.17988491 -3.44303799 3.26242828
v -2.16485691 -3.03797460 3.23993754
v -2.41641355 -2.63291144 3.14913130
v -2.39968896 -2.22784805 3.12733555
v -2.14991331 -2.63291144 3.21757245
v -2.13507342 -2.22784805 3.19536328
v -2.38301849 -1.82278478 3.10561013
v -2.12035680 -1.82278478 3.17333841
v -2.36642456 -1.41772151 3.08398438
v -2.10578227 -1.41772151 3.15152597
v -2.04586601 -7.49367094 3.54354382
v -2.03255296 -7.08860779 3.52048516
v -1.75291371 -7.08860779 3.55455732
v -2.01919246 -6.68354416 3.49734402
v -2.00580478 -6.27848101 3.47415590
v -1.74141836 -6.68354416 3.53124714
v -1.72996140 -6.27848101 3.50801468
v -1.47031379 -6.68354416 3.54965138
v -1.46100247 -6.27848101 3.52717185
v -1.20757174 -6.68354416 3.55739164
v -1.20044768 -6.27848101 3.53640485
v -2.05911064 -7.89873409 3.56648421
v -1.77595186 -7.89873409 3.60127401
v -1.76443064 -7.49367094 3.57791138
v -1.49868369 -7.89873409 3.61814260
v -1.48916781 -7.49367094 3.59516907
v -1.47970665 -7.08860779 3.57232761
v -1.22951889 -7.89873409 3.62204599
v -1.22211707 -7.49367094 3.60024071
v -1.21479797 -7.08860779 3.57867956
v -1.99241018 -5.87341785 3.45095563
v -1.97902834 -5.46835423 3.42777777
v -1.96567869 -5.06329107 3.40465546
v -1.71855950 -5.87341785 3.48489380
v -1.69598448 -5.06329107 3.43911624
v -1.70722866 -5.46835423 3.46191716
v -1.95238006 -4.65822792 3.38162160
v -1.93915105 -4.25316477 3.35870814
v -1.68484223 -4.65822792 3.41652203
v -1.67381656 -4.25316477 3.39416432
v -1.45178545 -5.87341785 3.50492001
v -1.44267499 -5.46835423 3.48292542
v -1.43368304 -5.06329107 3.46121693
v -1.19343507 -5.87341785 3.51574636
v -1.18654251 -5.46835423 3.49544168
v -1.17977846 -5.06329107 3.47551513
v -1.42482090 -4.65822792 3.43982172
v -1.41609943 -4.25316477 3.41876650
v -1.17315054 -4.65822792 3.45599008
v -1.16666639 -4.25316477 3.43688846
v -0.95358717 -6.68354416 3.55883574
v -0.94853199 -6.27848101 3.53996968
v -0.70762932 -6.68354416 3.55749273
v -0.46812123 -6.68354416 3.55573392
v -0.70439237 -6.27848101 3.54121971
v -0.46635845 -6.27848101 3.54234409
v -0.00000000 -7.08860779 3.56201458
v -0.23298422 -6.68354416 3.55465221
v -0.23230207 -6.27848101 3.54424477
v -0.00000000 -6.68354416 3.55407047
v -0.00000000 -6.27848101 3.54656100
v -0.96934521 -7.89873409 3.61764574
v -0.96400023 -7.49367094 3.59769773
v -0.95874530 -7.08860779 3.57808614
v -0.71785164 -7.89873409 3.60888410
v -0.47377262 -7.89873409 3.59866023
v -0.71436268 -7.49367094 3.59134364
v -0.71095395 -7.08860779 3.57420683
v -0.47183004 -7.49367094 3.58390498
v -0.46994564 -7.08860779 3.56959152
v -0.23521177 -7.89873409 3.58863807
v -0.23443955 -7.49367094 3.57685637
v -0.23369686 -7.08860779 3.56552505
v -0.00000000 -7.89873409 3.57919931
v -0.00000000 -7.49367094 3.57039189
v -0.94358569 -5.87341785 3.52150989
v -0.93875384 -5.46835423 3.50347710
v -0.93404168 -5.06329107 3.48589087
v -0.70124644 -5.87341785 3.52540398
v -0.46465868 -5.87341785 3.52943325
v -0.69819456 -5.46835423 3.51006103
v -0.69523948 -5.06329107 3.49520493
v -0.46302328 -5.46835423 3.51701093
v -0.46145326 -5.06329107 3.50508547
v -0.92945397 -4.65822792 3.46876931
v -0.92499530 -4.25316477 3.45212936
v -0.69238371 -4.65822792 3.48084784
v -0.45994961 -4.65822792 3.49366426
v -0.68962950 -4.25316477 3.46700168
v -0.45851311 -4.25316477 3.48275304
v -0.23165077 -5.87341785 3.53430796
v -0.23103061 -5.46835423 3.52484584
v -0.23044176 -5.06329107 3.51586199
v -0.00000000 -5.87341785 3.53948665
v -0.00000000 -5.46835423 3.53284669
v -0.00000000 -5.06329107 3.52663946
v -0.22988439 -4.65822792 3.50735807
v -0.22935852 -4.25316477 3.49933505
v -0.00000000 -4.65822792 3.52086258
v -0.00000000 -4.25316477 3.51551223
v -1.91297352 -3.44303799 3.31336737
v -1.90005958 -3.03797460 3.29099965
v -1.92600965 -3.84810138 3.33594656
v -1.66292179 -3.84810138 3.37207174
v -1.65217149 -3.44303799 3.35027218
v -1.64157879 -3.03797460 3.32879257
v -1.88728428 -2.63291144 3.26887226
v -1.87466395 -2.22784805 3.24701309
v -1.63115668 -2.63291144 3.30765843
v -1.62091696 -2.22784805 3.28689456
v -1.40752923 -3.84810138 3.39807630
v -1.39912021 -3.44303799 3.37777495
v -1.39088190 -3.03797460 3.35788584
v -1.16033304 -3.84810138 3.41823077
v -1.15415692 -3.44303799 3.40003681
v -1.14814436 -3.03797460 3.38232422
v -1.38282323 -2.63291144 3.33843040
v -1.37495267 -2.22784805 3.31942940
v -1.14230108 -2.63291144 3.36511064
v -1.13663244 -2.22784805 3.34841132
v -1.86221373 -1.82278478 3.22544885
v -2.09136820 -1.01265824 3.12995362
v -1.83788347 -1.01265824 3.18330741
v -1.84994876 -1.41772151 3.20420527
v -1.61087155 -1.82278478 3.26652431
v -1.60103142 -1.41772151 3.24657035
v -1.59140706 -1.01265824 3.22705436
v -2.07713175 -0.60759491 3.10864735
v -2.06309080 -0.20253165 3.08763337
v -1.82603145 -0.60759491 3.16277933
v -1.58200860 -0.60759491 3.20799613
v -1.81440616 -0.20253165 3.14264369
v -1.57284558 -0.20253165 3.18941522
v -1.36727834 -1.82278478 3.30090189
v -1.35980785 -1.41772151 3.28286672
v -1.35254824 -1.01265824 3.26534033
v -1.12583852 -1.41772151 3.31661344
v -1.12072182 -1.01265824 3.30154014
v -1.13114345 -1.82278478 3.33224106
v -1.34550607 -0.60759491 3.24833894
v -1.33868742 -0.20253165 3.23187757
v -1.11579728 -0.60759491 3.28703260
v -1.11106801 -0.20253165 3.27310085
v -0.92066973 -3.84810138 3.43598628
v -0.91648126 -3.44303799 3.42035460
v -0.91243315 -3.03797460 3.40524697
v -0.68697888 -3.84810138 3.45367622
v -0.45714441 -3.84810138 3.47235656
v -0.68443364 -3.44303799 3.44088030
v -0.68199527 -3.03797460 3.42862177
v -0.45584393 -3.44303799 3.46247840
v -0.45461202 -3.03797460 3.45312119
v -0.90852875 -2.63291144 3.39067554
v -0.90477079 -2.22784805 3.37665057
v -0.67966509 -2.63291144 3.41690707
v -0.45344889 -2.63291144 3.44428635
v -0.67744410 -2.22784805 3.40574145
v -0.45235458 -2.22784805 3.43597436
v -0.22886418 -3.84810138 3.49179244
v -0.22840124 -3.44303799 3.48472977
v -0.22796962 -3.03797460 3.47814417
v -0.00000000 -3.84810138 3.51058412
v -0.00000000 -3.44303799 3.50607324
v -0.00000000 -3.03797460 3.50197363
v -0.22756907 -2.63291144 3.47203302
v -0.22719938 -2.22784805 3.46639252
v -0.00000000 -2.63291144 3.49827862
v -0.00000000 -2.22784805 3.49498081
v -0.90116185 -1.82278478 3.36318183
v -0.89770406 -1.41772151 3.35027719
v -0.89439940 -1.01265824 3.33794403
v -0.67533320 -1.82278478 3.39512944
v -0.45132905 -1.82278478 3.42818451
v -0.67333305 -1.41772151 3.38507366
v -0.67144400 -1.01265824 3.37557673
v -0.45037204 -1.41772151 3.42091537
v -0.44948331 -1.01265824 3.41416478
v -0.88825554 -0.20253165 3.31501460
v -0.89124942 -0.60759491 3.32618833
v -0.66966629 -0.60759491 3.36663985
v -0.44866240 -0.60759491 3.40792918
v -0.66799998 -0.20253165 3.35826278
v -0.44790879 -0.20253165 3.40220523
v -0.22686020 -1.82278478 3.46121788
v -0.22655122 -1.41772151 3.45650363
v -0.22627200 -1.01265824 3.45224380
v -0.00000000 -1.82278478 3.49207234
v -0.00000000 -1.41772151 3.48954463
v -0.00000000 -1.01265824 3.48738933
v -0.22602214 -0.60759491 3.44843149
v -0.22580114 -0.20253165 3.44505954
v -0.00000000 -0.60759491 3.48559642
v -0.00000000 -0.20253165 3.48415661
v 4.18818855 -16.00000000 0.27450839
v 4.18606186 -15.59493637 0.27436900
v 4.18332911 -15.18987370 0.27418986
v 4.15979815 -16.00000000 0.54764783
v 4.15904903 -15.59493637 0.54754919
v 4.15767431 -15.18987370 0.54736823
v 4.18000555 -14.78481007 0.27397203
v 4.17610836 -14.37974644 0.27371663
v 4.15568733 -14.78481007 0.54710662
v 4.15310240 -14.37974644 0.54676634
v 4.10533857 -16.00000000 0.81660259
v 4.10597658 -15.59493637 0.81672955
v 4.10598326 -15.18987370 0.81673080
v 4.02608585 -16.00000000 1.07878649
v 4.02804422 -15.59493637 1.07931113
v 4.02937889 -15.18987370 1.07966876
v 4.10536909 -14.78481007 0.81660873
v 4.10414696 -14.37974644 0.81636560
v 4.03009844 -14.78481007 1.07986164
v 4.03021336 -14.37974644 1.07989240
v 4.17165422 -13.97468376 0.27342466
v 4.16665936 -13.56962013 0.27309728
v 4.16114187 -13.16455650 0.27273563
v 4.14993477 -13.97468376 0.54634929
v 4.14619923 -13.56962013 0.54585749
v 4.14191198 -13.16455650 0.54529303
v 4.15511847 -12.75949383 0.27234083
v 4.14860678 -12.35443020 0.27191406
v 4.13708782 -12.75949383 0.54465795
v 4.13174438 -12.35443020 0.54395449
v 4.10232878 -13.97468376 0.81600392
v 4.09992790 -13.56962013 0.81552637
v 4.09695768 -13.16455650 0.81493556
v 4.02973270 -13.97468376 1.07976353
v 4.02866697 -13.56962013 1.07947803
v 4.02702761 -13.16455650 1.07903886
v 4.09343243 -12.75949383 0.81423432
v 4.08936644 -12.35443020 0.81342554
v 4.02482653 -12.75949383 1.07844901
v 4.02207565 -12.35443020 1.07771182
v 3.92380834 -16.00000000 1.33195353
v 3.92695475 -15.59493637 1.33302152
v 3.92949963 -15.18987370 1.33388543
v 3.80058217 -16.00000000 1.57425272
v 3.80473638 -15.59493637 1.57597339
v 3.80832291 -15.18987370 1.57745898
v 3.93144894 -14.78481007 1.33454704
v 3.93280911 -14.37974644 1.33500874
v 3.81134486 -14.78481007 1.57871079
v 3.81380653 -14.37974644 1.57973039
v 3.65862131 -16.00000000 1.80423236
v 3.66356826 -15.59493637 1.80667186
v 3.66799188 -15.18987370 1.80885339
v 3.50013876 -16.00000000 2.02080607
v 3.50564337 -15.59493637 2.02398419
v 3.51067781 -15.18987370 2.02689075
v 3.67189312 -14.78481007 1.81077731
v 3.67527318 -14.37974644 1.81244421
v 3.51524043 -14.78481007 2.02952504
v 3.51933050 -14.37974644 2.03188634
v 3.93358731 -13.97468376 1.33527303
v 3.93379188 -13.56962013 1.33534241
v 3.93343091 -13.16455650 1.33521986
v 3.81571198 -13.97468376 1.58051968
v 3.81706667 -13.56962013 1.58108079
v 3.81787634 -13.16455650 1.58141625
v 3.93251348 -12.75949383 1.33490849
v 3.93104982 -12.35443020 1.33441162
v 3.81814766 -12.75949383 1.58152854
v 3.81788778 -12.35443020 1.58142090
v 3.67813396 -13.97468376 1.81385493
v 3.68047810 -13.56962013 1.81501091
v 3.68230891 -13.16455650 1.81591380
v 3.52294755 -13.97468376 2.03397465
v 3.52609158 -13.56962013 2.03578997
v 3.52876329 -13.16455650 2.03733253
v 3.68362999 -12.75949383 1.81656528
v 3.68444610 -12.35443020 1.81696773
v 3.53096414 -12.75949383 2.03860307
v 3.53269649 -12.35443020 2.03960323
v 4.14162540 -11.94936752 0.27145648
v 4.13419199 -11.54430389 0.27096924
v 4.12632418 -11.13924026 0.27045357
v 4.12589788 -11.94936752 0.54318476
v 4.11956501 -11.54430389 0.54235101
v 4.11276293 -11.13924026 0.54145551
v 4.11804056 -10.73417759 0.26991066
v 4.10935974 -10.32911396 0.26934168
v 4.10550928 -10.73417759 0.54050052
v 4.09782124 -10.32911396 0.53948838
v 4.08477402 -11.94936752 0.81251210
v 4.07967186 -11.54430389 0.81149715
v 4.07407427 -11.13924026 0.81038374
v 4.01878738 -11.94936752 1.07683086
v 4.01497555 -11.54430389 1.07580948
v 4.01065397 -11.13924026 1.07465148
v 4.06799793 -10.73417759 0.80917507
v 4.06145906 -10.32911396 0.80787444
v 4.00583649 -10.73417759 1.07336068
v 4.00053740 -10.32911396 1.07194078
v 4.10029984 -9.92405033 0.26874784
v 4.09087849 -9.51898766 0.26813036
v 4.08111477 -9.11392403 0.26749042
v 4.08971691 -9.92405033 0.53842145
v 4.08121395 -9.51898766 0.53730202
v 4.07233000 -9.11392403 0.53613245
v 4.07102680 -8.70886040 0.26682919
v 4.06063223 -8.30379772 0.26614791
v 4.06308413 -8.70886040 0.53491515
v 4.05349302 -8.30379772 0.53365248
v 3.96735954 -8.30379772 1.06305075
v 4.05447388 -9.92405033 0.80648500
v 4.04706001 -9.51898766 0.80501026
v 4.03923368 -9.11392403 0.80345351
v 3.99477243 -9.92405033 1.07039607
v 3.98855615 -9.51898766 1.06873035
v 3.98190475 -9.11392403 1.06694818
v 4.03101254 -8.70886040 0.80181825
v 4.02241373 -8.30379772 0.80010784
v 3.97483373 -8.70886040 1.06505346
v 3.92904997 -11.94936752 1.33373272
v 3.92652488 -11.54430389 1.33287561
v 3.92348599 -11.13924026 1.33184397
v 3.81710410 -11.94936752 1.58109629
v 3.81580544 -11.54430389 1.58055830
v 3.81400037 -11.13924026 1.57981062
v 3.91994524 -10.73417759 1.33064210
v 3.91591501 -10.32911396 1.32927406
v 3.81169868 -10.73417759 1.57885730
v 3.80891037 -10.32911396 1.57770240
v 3.68476224 -11.94936752 1.81712365
v 3.68458438 -11.54430389 1.81703591
v 3.68391871 -11.13924026 1.81670773
v 3.53396225 -11.94936752 2.04033422
v 3.53476548 -11.54430389 2.04079771
v 3.53510928 -11.13924026 2.04099631
v 3.68277240 -10.73417759 1.81614244
v 3.68115306 -10.32911396 1.81534386
v 3.53499866 -10.73417759 2.04093242
v 3.53443861 -10.32911396 2.04060912
v 3.91140842 -9.92405033 1.32774425
v 3.90643907 -9.51898766 1.32605731
v 3.90102029 -9.11392403 1.32421803
v 3.80564642 -9.92405033 1.57635033
v 3.80191779 -9.51898766 1.57480586
v 3.79773617 -9.11392403 1.57307374
v 3.89516687 -8.70886040 1.32223094
v 3.88889289 -8.30379772 1.32010126
v 3.79311371 -8.70886040 1.57115912
v 3.78806305 -8.30379772 1.56906712
v 3.67906904 -9.92405033 1.81431603
v 3.67652869 -9.51898766 1.81306338
v 3.67354178 -9.11392403 1.81159043
v 3.53343463 -9.92405033 2.04002953
v 3.53199315 -9.51898766 2.03919721
v 3.53012133 -9.11392403 2.03811646
v 3.67011833 -8.70886040 1.80990207
v 3.66626835 -8.30379772 1.80800343
v 3.52782631 -8.70886040 2.03679156
v 3.52511644 -8.30379772 2.03522682
v 2.31181741 -16.00000000 3.01281905
v 0.95285064 -16.00000000 3.55608702
v 0.95179194 -15.59493637 3.55213594
v 1.18250072 -16.00000000 3.48353457
v 1.18199730 -15.59493637 3.48205161
v 0.95078725 -15.18987370 3.54838634
v 1.18155134 -15.18987370 3.48073792
v 0.94983858 -14.78481007 3.54484582
v 1.18116391 -14.78481007 3.47959661
v 0.94894755 -14.37974644 3.54152036
v 1.18083525 -14.37974644 3.47862864
v 0.24664065 -16.00000000 3.76300931
v 0.24583766 -15.59493637 3.75075769
v 0.24504519 -15.18987370 3.73866701
v 0.48519111 -15.59493637 3.68539238
v 0.48643857 -16.00000000 3.69486785
v 0.48397002 -15.18987370 3.67611742
v 0.24426487 -14.78481007 3.72676182
v 0.24349822 -14.37974644 3.71506500
v 0.48277780 -14.78481007 3.66706157
v 0.48161671 -14.37974644 3.65824223
v 0.72127235 -16.00000000 3.62608075
v 0.71994811 -15.59493637 3.61942339
v 0.71866626 -15.18987370 3.61297941
v 0.71742946 -14.78481007 3.60676146
v 0.71623987 -14.37974644 3.60078096
v 0.94811541 -13.97468376 3.53841496
v 0.94734317 -13.56962013 3.53553295
v 1.18056583 -13.97468376 3.47783470
v 1.18035519 -13.56962013 3.47721434
v 0.94663149 -13.16455650 3.53287697
v 1.18020296 -13.16455650 3.47676563
v 0.94598067 -12.75949383 3.53044796
v 1.18010807 -12.75949383 3.47648621
v 0.94539076 -12.35443020 3.52824640
v 1.18006945 -12.35443020 3.47637272
v 0.24274665 -13.97468376 3.70359826
v 0.24201150 -13.56962013 3.69238186
v 0.24129398 -13.16455650 3.68143463
v 0.48048881 -13.97468376 3.64967489
v 0.47939596 -13.56962013 3.64137387
v 0.47833985 -13.16455650 3.63335204
v 0.24059522 -12.75949383 3.67077374
v 0.23991629 -12.35443020 3.66041517
v 0.47732201 -12.75949383 3.62562060
v 0.47634372 -12.35443020 3.61818981
v 0.71509951 -13.97468376 3.59504795
v 0.71401012 -13.56962013 3.58957124
v 0.71297306 -13.16455650 3.58435774
v 0.71198964 -12.75949383 3.57941365
v 0.71106076 -12.35443020 3.57474375
v 1.41103852 -16.00000000 3.40654826
v 1.41130948 -15.59493637 3.40720248
v 1.41163087 -15.18987370 3.40797830
v 1.63872361 -16.00000000 3.32300282
v 1.63990867 -15.59493637 3.32540584
v 1.64112520 -15.18987370 3.32787275
v 1.41200221 -14.78481007 3.40887475
v 1.41242254 -14.37974644 3.40988946
v 1.64237130 -14.78481007 3.33039951
v 1.64364433 -14.37974644 3.33298111
v 1.86528611 -16.00000000 3.23077035
v 1.86744511 -15.59493637 3.23450971
v 1.86960483 -15.18987370 3.23825049
v 2.09000564 -16.00000000 3.12791443
v 2.09312487 -15.59493637 3.13258266
v 2.09620285 -15.18987370 3.13718939
v 1.87176180 -14.78481007 3.24198651
v 1.87391198 -14.37974644 3.24571085
v 2.09923506 -14.78481007 3.14172721
v 2.10221624 -14.37974644 3.14618897
v 1.41289055 -13.97468376 3.41101956
v 1.41340482 -13.56962013 3.41226101
v 1.41396332 -13.16455650 3.41360927
v 1.64494169 -13.97468376 3.33561182
v 1.64626038 -13.56962013 3.33828592
v 1.64759696 -13.16455650 3.34099603
v 1.41456366 -12.75949383 3.41505885
v 1.41520345 -12.35443020 3.41660333
v 1.64894772 -12.75949383 3.34373522
v 1.65030897 -12.35443020 3.34649539
v 1.87605143 -13.97468376 3.24941635
v 1.87817562 -13.56962013 3.25309563
v 1.88028002 -13.16455650 3.25674057
v 2.10514116 -13.97468376 3.15056634
v 2.10800433 -13.56962013 3.15485144
v 2.11080027 -13.16455650 3.15903592
v 1.88235974 -12.75949383 3.26034284
v 1.88441002 -12.35443020 3.26389408
v 2.11352348 -12.75949383 3.16311121
v 2.11616802 -12.35443020 3.16706920
v 0.70860696 -11.13924026 3.56240773
v 0.94486159 -11.94936752 3.52627134
v 0.94439250 -11.54430389 3.52452087
v 1.18008566 -11.94936752 3.47642040
v 1.18015492 -11.54430389 3.47662425
v 0.94398284 -11.13924026 3.52299190
v 1.18027520 -11.13924026 3.47697854
v 0.70790076 -10.73417759 3.55885744
v 0.70725024 -10.32911396 3.55558705
v 0.94363153 -10.73417759 3.52168083
v 1.18044424 -10.73417759 3.47747660
v 0.94333738 -10.32911396 3.52058315
v 1.18065965 -10.32911396 3.47811103
v 0.23925810 -11.94936752 3.65037322
v 0.23862150 -11.54430389 3.64066076
v 0.23800728 -11.13924026 3.63128924
v 0.47540617 -11.94936752 3.61106849
v 0.47451028 -11.54430389 3.60426354
v 0.47365686 -11.13924026 3.59778118
v 0.23741606 -10.73417759 3.62226915
v 0.23684844 -10.32911396 3.61360884
v 0.47284654 -10.73417759 3.59162593
v 0.47207975 -10.32911396 3.58580160
v 0.71018708 -11.94936752 3.57035160
v 0.70936906 -11.54430389 3.56623912
v 0.46890435 -8.30379772 3.56168222
v 0.70665503 -9.92405033 3.55259466
v 0.70611447 -9.51898766 3.54987717
v 0.70562780 -9.11392403 3.54743052
v 0.94309890 -9.92405033 3.51969290
v 0.94291437 -9.51898766 3.51900434
v 1.18091869 -9.92405033 3.47887421
v 1.18121850 -9.51898766 3.47975731
v 0.94278198 -9.11392403 3.51851010
v 1.18155611 -9.11392403 3.48075199
v 0.70519406 -8.70886040 3.54524994
v 0.70481211 -8.30379772 3.54332972
v 0.94269967 -8.70886040 3.51820302
v 1.18192828 -8.70886040 3.48184848
v 0.94266522 -8.30379772 3.51807451
v 1.18233192 -8.30379772 3.48303747
v 0.23630491 -9.92405033 3.60531616
v 0.23578586 -9.51898766 3.59739709
v 0.23529160 -9.11392403 3.58985615
v 0.47135681 -9.92405033 3.58031058
v 0.47067788 -9.51898766 3.57515335
v 0.47004294 -9.11392403 3.57033062
v 0.23482239 -8.70886040 3.58269739
v 0.23437838 -8.30379772 3.57592320
v 0.46945184 -8.70886040 3.56584096
v 1.41587985 -11.94936752 3.41823626
v 1.41658974 -11.54430389 3.41995001
v 1.41732979 -11.13924026 3.42173696
v 1.65167654 -11.94936752 3.34926867
v 1.65304613 -11.54430389 3.35204601
v 1.65441346 -11.13924026 3.35481882
v 1.41809666 -10.73417759 3.42358828
v 1.41888666 -10.32911396 3.42549539
v 1.65577400 -10.73417759 3.35757756
v 1.65712285 -10.32911396 3.36031294
v 1.88642573 -11.94936752 3.26738524
v 1.88840163 -11.54430389 3.27080750
v 1.89033246 -11.13924026 3.27415180
v 2.11872840 -11.94936752 3.17090106
v 2.12119865 -11.54430389 3.17459822
v 2.12357330 -11.13924026 3.17815208
v 1.89221287 -10.73417759 3.27740884
v 1.89403772 -10.32911396 3.28056955
v 2.12584662 -10.73417759 3.18155456
v 2.12801337 -10.32911396 3.18479705
v 1.41969597 -9.92405033 3.42744923
v 1.42052054 -9.51898766 3.42944002
v 1.42135644 -9.11392403 3.43145800
v 1.65845561 -9.92405033 3.36301517
v 1.65976727 -9.51898766 3.36567497
v 1.66105294 -9.11392403 3.36828232
v 1.42219949 -8.70886040 3.43349338
v 1.42304552 -8.30379772 3.43553567
v 1.66230798 -8.70886040 3.37082720
v 1.66352761 -8.30379772 3.37330008
v 1.89580154 -9.92405033 3.28362465
v 1.89749920 -9.51898766 3.28656507
v 1.89912534 -9.11392403 3.28938150
v 2.13006759 -9.92405033 3.18787146
v 2.13200426 -9.51898766 3.19076991
v 2.13381839 -9.11392403 3.19348502
v 1.90067506 -8.70886040 3.29206562
v 1.90214312 -8.30379772 3.29460859
v 2.13550496 -8.70886040 3.19600916
v 2.13705921 -8.30379772 3.19833517
v 3.32725501 -16.00000000 2.22320056
v 3.33307338 -15.59493637 2.22708845
v 3.33848143 -15.18987370 2.23070192
v 3.14195395 -16.00000000 2.41090608
v 3.14784336 -15.59493637 2.41542506
v 3.15338612 -15.18987370 2.41967821
v 3.34347558 -14.78481007 2.23403883
v 3.34805250 -14.37974644 2.23709726
v 3.15857744 -14.78481007 2.42366171
v 3.16341305 -14.37974644 2.42737222
v 2.74135733 -16.00000000 2.74135733
v 2.74669719 -15.59493637 2.74669719
v 2.75182271 -15.18987370 2.75182271
v 2.52941918 -16.00000000 2.88424993
v 2.53417492 -15.59493637 2.88967252
v 2.31581950 -15.59493637 3.01803470
v 2.53877974 -15.18987370 2.89492345
v 2.31972909 -15.18987370 3.02312994
v 2.75672770 -14.78481007 2.75672770
v 2.76140571 -14.37974644 2.76140571
v 2.54322720 -14.78481007 2.89999485
v 2.32354069 -14.78481007 3.02809715
v 2.54751134 -14.37974644 2.90487981
v 2.32724810 -14.37974644 3.03292894
v 2.94607973 -16.00000000 2.58364248
v 2.95180464 -15.59493637 2.58866310
v 2.95724916 -15.18987370 2.59343791
v 2.96240759 -14.78481007 2.59796190
v 2.96727419 -14.37974644 2.60222960
v 3.35221028 -13.97468376 2.23987532
v 3.35594654 -13.56962013 2.24237180
v 3.35925984 -13.16455650 2.24458575
v 3.16788840 -13.97468376 2.43080616
v 3.17199969 -13.56962013 2.43396091
v 3.17574406 -13.16455650 2.43683410
v 3.36214948 -12.75949383 2.24651647
v 3.36461520 -12.35443020 2.24816394
v 3.17911839 -12.75949383 2.43942332
v 3.18212056 -12.35443020 2.44172692
v 2.76585054 -13.97468376 2.76585054
v 2.77005649 -13.56962013 2.77005649
v 2.77401805 -13.16455650 2.77401805
v 2.55162549 -13.97468376 2.90957141
v 2.55556393 -13.56962013 2.91406202
v 2.33084559 -13.97468376 3.03761721
v 2.33432698 -13.56962013 3.04215407
v 2.55931997 -13.16455650 2.91834521
v 2.33768630 -13.16455650 3.04653192
v 2.77772951 -12.75949383 2.77772951
v 2.78118587 -12.35443020 2.78118587
v 2.56288791 -12.75949383 2.92241359
v 2.34091711 -12.75949383 3.05074263
v 2.56626201 -12.35443020 2.92626119
v 2.34401393 -12.35443020 3.05477858
v 2.97184348 -13.97468376 2.60623670
v 2.97611046 -13.56962013 2.60997868
v 2.98007035 -13.16455650 2.61345148
v 2.98371887 -12.75949383 2.61665130
v 2.98705220 -12.35443020 2.61957455
v 3.36665726 -11.94936752 2.24952841
v 3.36827612 -11.54430389 2.25061011
v 3.36947393 -11.13924026 2.25141048
v 3.18474865 -11.94936752 2.44374371
v 3.18700147 -11.54430389 2.44547224
v 3.18887830 -11.13924026 2.44691253
v 3.37025213 -10.73417759 2.25193048
v 3.37061357 -10.32911396 2.25217199
v 3.19037890 -10.73417759 2.44806385
v 3.19150376 -10.32911396 2.44892693
v 2.78438234 -11.94936752 2.78438234
v 2.78731441 -11.54430389 2.78731441
v 2.78997827 -11.13924026 2.78997827
v 2.56943679 -11.94936752 2.92988110
v 2.57240653 -11.54430389 2.93326735
v 2.34697056 -11.94936752 3.05863166
v 2.34978151 -11.54430389 3.06229472
v 2.57516623 -11.13924026 2.93641424
v 2.35244060 -11.13924026 3.06576037
v 2.79237008 -10.73417759 2.79237008
v 2.79448628 -10.32911396 2.79448628
v 2.57771111 -10.73417759 2.93931627
v 2.35494280 -10.73417759 3.06902122
v 2.58003664 -10.32911396 2.94196796
v 2.35728288 -10.32911396 3.07207084
v 2.99006701 -11.94936752 2.62221837
v 2.99275970 -11.54430389 2.62457991
v 2.99512792 -11.13924026 2.62665677
v 2.99716973 -10.73417759 2.62844729
v 2.99888349 -10.32911396 2.62995005
v 3.37056184 -9.92405033 2.25213742
v 3.37010026 -9.51898766 2.25182891
v 3.36923361 -9.11392403 2.25124979
v 3.19225359 -9.92405033 2.44950223
v 3.19263005 -9.51898766 2.44979119
v 3.19263530 -9.11392403 2.44979525
v 3.36796665 -8.70886040 2.25040340
v 3.36630559 -8.30379772 2.24929333
v 3.19227171 -8.70886040 2.44951630
v 3.19154286 -8.30379772 2.44895697
v 2.79632449 -9.92405033 2.79632449
v 2.79788184 -9.51898766 2.79788184
v 2.79915667 -9.11392403 2.79915667
v 2.58213878 -9.92405033 2.94436502
v 2.58401346 -9.51898766 2.94650269
v 2.58565736 -9.11392403 2.94837713
v 2.80014729 -8.70886040 2.80014729
v 2.80085301 -8.30379772 2.80085301
v 2.58706737 -8.70886040 2.94998479
v 2.58824062 -8.30379772 2.95132279
v 3.00026774 -9.92405033 2.63116407
v 3.00132203 -9.51898766 2.63208866
v 3.00204635 -9.11392403 2.63272405
v 3.00244117 -8.70886040 2.63307023
v 3.00250745 -8.30379772 2.63312840
v 2.35945535 -9.92405033 3.07490206
v 2.36145568 -9.51898766 3.07750893
v 2.36327934 -9.11392403 3.07988572
v 2.36492229 -8.70886040 3.08202648
v 2.36637998 -8.30379772 3.08392644
v 4.04994965 -7.89873409 0.26544774
v 4.03899670 -7.49367094 0.26472983
v 4.02779102 -7.08860779 0.26399538
v 4.04357576 -7.89873409 0.53234684
v 4.03334999 -7.49367094 0.53100061
v 4.02283382 -7.08860779 0.52961612
v 4.01635027 -6.68354416 0.26324552
v 4.00469208 -6.27848101 0.26248139
v 4.01204538 -6.68354416 0.52819580
v 4.00100183 -6.27848101 0.52674192
v 3.95949888 -7.89873409 1.06094456
v 3.95126796 -7.49367094 1.05873907
v 3.94268417 -7.08860779 1.05643904
v 3.93376422 -6.68354416 1.05404890
v 3.92452526 -6.27848101 1.05157340
v 4.01345491 -7.89873409 0.79832584
v 4.00415421 -7.49367094 0.79647577
v 3.99452853 -7.08860779 0.79456115
v 3.98459625 -6.68354416 0.79258549
v 3.97437477 -6.27848101 0.79055226
v 3.96858287 -5.06329107 0.26011467
v 3.96652126 -5.06329107 0.52220243
v 3.95622396 -4.65822792 0.25930461
v 3.94373107 -4.25316477 0.25848579
v 3.95463562 -4.65822792 0.52063769
v 3.94258261 -4.25316477 0.51905084
v 3.99283361 -5.87341785 0.26170415
v 3.98079157 -5.46835423 0.26091486
v 3.98972178 -5.87341785 0.52525687
v 3.97822237 -5.46835423 0.52374291
v 3.96388197 -5.87341785 0.78846514
v 3.95313573 -5.46835423 0.78632760
v 3.94215345 -5.06329107 0.78414309
v 3.91498494 -5.87341785 1.04901707
v 3.90516043 -5.46835423 1.04638457
v 3.89506888 -5.06329107 1.04368055
v 3.93095326 -4.65822792 0.78191519
v 3.91955209 -4.25316477 0.77964741
v 3.88472819 -4.65822792 1.04090977
v 3.87415552 -4.25316477 1.03807688
v 3.88221383 -7.89873409 1.31783402
v 3.87514472 -7.49367094 1.31543434
v 3.86770105 -7.08860779 1.31290758
v 3.78259754 -7.89873409 1.56680322
v 3.77673054 -7.49367094 1.56437302
v 3.77047610 -7.08860779 1.56178236
v 3.85989904 -6.68354416 1.31025910
v 3.85175443 -6.27848101 1.30749440
v 3.76384830 -6.68354416 1.55903697
v 3.75686169 -6.27848101 1.55614305
v 3.66200304 -7.89873409 1.80590010
v 3.65733385 -7.49367094 1.80359745
v 3.65227270 -7.08860779 1.80110157
v 3.52200007 -7.89873409 2.03342772
v 3.51848650 -7.49367094 2.03139925
v 3.51458549 -7.08860779 2.02914691
v 3.64683175 -6.68354416 1.79841840
v 3.64102411 -6.27848101 1.79555440
v 3.51030707 -6.68354416 2.02667665
v 3.50566196 -6.27848101 2.02399492
v 3.84328365 -5.87341785 1.30461907
v 3.82543015 -5.06329107 1.29855847
v 3.83450341 -5.46835423 1.30163848
v 3.74953127 -5.87341785 1.55310667
v 3.74187231 -5.46835423 1.54993427
v 3.73390031 -5.06329107 1.54663217
v 3.81608057 -4.65822792 1.29538476
v 3.80647182 -4.25316477 1.29212308
v 3.72563100 -4.65822792 1.54320693
v 3.71708012 -4.25316477 1.53966498
v 3.63486242 -5.87341785 1.79251587
v 3.62836099 -5.46835423 1.78930962
v 3.62153292 -5.06329107 1.78594244
v 3.50066137 -5.87341785 2.02110791
v 3.49531698 -5.46835423 2.01802206
v 3.48964047 -5.06329107 2.01474476
v 3.61439300 -4.65822792 1.78242135
v 3.60695553 -4.25316477 1.77875364
v 3.48364449 -4.65822792 2.01128316
v 3.47734189 -4.25316477 2.00764441
v 3.93112016 -3.84810138 0.25765923
v 3.91840696 -3.44303799 0.25682595
v 3.90560651 -3.03797460 0.25598699
v 3.93037915 -3.84810138 0.51744425
v 3.91804194 -3.44303799 0.51582003
v 3.90558743 -3.03797460 0.51418030
v 3.89273405 -2.63291144 0.25514328
v 3.87980437 -2.22784805 0.25429583
v 3.89303160 -2.63291144 0.51252735
v 3.88039064 -2.22784805 0.51086313
v 3.90796781 -3.84810138 0.77734315
v 3.89621758 -3.44303799 0.77500588
v 3.88431835 -3.03797460 0.77263892
v 3.86336851 -3.84810138 1.03518653
v 3.85238433 -3.44303799 1.03224325
v 3.84122038 -3.03797460 1.02925193
v 3.87228703 -2.63291144 0.77024579
v 3.86014032 -2.22784805 0.76782966
v 3.82989383 -2.63291144 1.02621698
v 3.81842208 -2.22784805 1.02314305
v 3.86683178 -1.82278478 0.25344557
v 3.85383058 -1.41772151 0.25259340
v 3.84081411 -1.01265824 0.25174025
v 3.86767983 -1.82278478 0.50918972
v 3.85491514 -1.41772151 0.50750917
v 3.84211111 -1.01265824 0.50582349
v 3.82779598 -0.60759491 0.25088701
v 3.81478930 -0.20253165 0.25003451
v 3.82928276 -0.60759491 0.50413465
v 3.81644440 -0.20253165 0.50244445
v 3.84789515 -1.82278478 0.76539391
v 3.82317352 -1.01265824 0.76047647
v 3.83556747 -1.41772151 0.76294178
v 3.80682158 -1.82278478 1.02003479
v 3.79510975 -1.41772151 1.01689661
v 3.78330278 -1.01265824 1.01373291
v 3.81072879 -0.60759491 0.75800109
v 3.79824924 -0.20253165 0.75551873
v 3.77141762 -0.60759491 1.01054823
v 3.75947022 -0.20253165 1.00734699
v 3.40908861 -0.60759491 1.96823823
v 3.40049052 -0.20253165 1.96327400
v 3.79662085 -3.84810138 1.28877914
v 3.78654456 -3.44303799 1.28535867
v 3.77626014 -3.03797460 1.28186750
v 3.68990040 -3.03797460 1.52840686
v 3.70826387 -3.84810138 1.53601325
v 3.69919872 -3.44303799 1.53225827
v 3.76578450 -2.63291144 1.27831161
v 3.75513482 -2.22784805 1.27469659
v 3.68038607 -2.63291144 1.52446580
v 3.67067194 -2.22784805 1.52044213
v 3.59923530 -3.84810138 1.77494645
v 3.59124732 -3.44303799 1.77100718
v 3.58300710 -3.03797460 1.76694357
v 3.47074580 -3.84810138 2.00383615
v 3.46386957 -3.44303799 1.99986613
v 3.45672727 -3.03797460 1.99574244
v 3.57452989 -2.63291144 1.76276302
v 3.56583142 -2.22784805 1.75847340
v 3.44933271 -2.63291144 1.99147320
v 3.44170046 -2.22784805 1.98706675
v 3.74432826 -1.82278478 1.27102816
v 3.73338151 -1.41772151 1.26731229
v 3.72231174 -1.01265824 1.26355457
v 3.66077471 -1.82278478 1.51634252
v 3.65071106 -1.41772151 1.51217401
v 3.64049745 -1.01265824 1.50794351
v 3.71113539 -0.60759491 1.25976074
v 3.69986916 -0.20253165 1.25593638
v 3.63015079 -0.60759491 1.50365770
v 3.61968780 -0.20253165 1.49932373
v 3.55692744 -1.82278478 1.75408244
v 3.54783368 -1.41772151 1.74959803
v 3.53856683 -1.01265824 1.74502802
v 3.43384504 -1.82278478 1.98253143
v 3.42578125 -1.41772151 1.97787571
v 3.41752410 -1.01265824 1.97310841
v 3.52914214 -0.60759491 1.74038029
v 3.51957655 -0.20253165 1.73566306
v 0.23356621 -7.49367094 3.56353188
v 0.23319800 -7.08860779 3.55791402
v 0.46840003 -7.89873409 3.55785155
v 0.46793836 -7.49367094 3.55434489
v 0.46751872 -7.08860779 3.55115724
v 0.23285490 -6.68354416 3.55267930
v 0.23253670 -6.27848101 3.54782438
v 0.46714035 -6.68354416 3.54828310
v 0.46680236 -6.27848101 3.54571605
v 0.70448065 -7.89873409 3.54166341
v 0.70419830 -7.49367094 3.54024410
v 0.70396352 -7.08860779 3.53906369
v 0.94267631 -7.89873409 3.51811600
v 1.18276334 -7.89873409 3.48430848
v 0.94273049 -7.49367094 3.51831818
v 0.94282514 -7.08860779 3.51867151
v 1.18321943 -7.49367094 3.48565197
v 1.18369627 -7.08860779 3.48705673
v 0.70377463 -6.68354416 3.53811383
v 0.70362979 -6.27848101 3.53738594
v 0.94295764 -6.68354416 3.51916575
v 1.18419051 -6.68354416 3.48851275
v 0.94312513 -6.27848101 3.51979089
v 1.18469846 -6.27848101 3.49000907
v 0.23395966 -7.89873409 3.56953454
v 0.23224317 -5.87341785 3.54334593
v 0.23197398 -5.46835423 3.53923893
v 0.23172878 -5.06329107 3.53549814
v 0.46650389 -5.87341785 3.54344869
v 0.46624383 -5.46835423 3.54147363
v 0.46602112 -5.06329107 3.53978181
v 0.23150717 -4.65822792 3.53211689
v 0.23130867 -4.25316477 3.52908826
v 0.46583459 -4.65822792 3.53836489
v 0.46568295 -4.25316477 3.53721333
v 0.70352721 -5.87341785 3.53687000
v 0.70346487 -5.46835423 3.53655672
v 0.70344079 -5.06329107 3.53643560
v 0.94332480 -5.87341785 3.52053618
v 1.18521631 -5.87341785 3.49153471
v 0.94355381 -5.46835423 3.52139068
v 0.94380915 -5.06329107 3.52234387
v 1.18574071 -5.46835423 3.49307942
v 1.18626773 -5.06329107 3.49463201
v 0.70345289 -4.65822792 3.53649640
v 0.70349890 -4.25316477 3.53672791
v 0.94408792 -4.65822792 3.52338409
v 1.18679392 -4.65822792 3.49618196
v 0.94438714 -4.25316477 3.52450085
v 1.18731558 -4.25316477 3.49771905
v 1.42389023 -7.89873409 3.43757510
v 1.42472923 -7.49367094 3.43960071
v 1.42555857 -7.08860779 3.44160271
v 1.66470683 -7.89873409 3.37569141
v 1.66584098 -7.49367094 3.37799144
v 1.66692555 -7.08860779 3.38019061
v 1.42637360 -6.68354416 3.44357061
v 1.42717040 -6.27848101 3.44549417
v 1.66795599 -6.68354416 3.38228011
v 1.66892779 -6.27848101 3.38425088
v 1.90352476 -7.89873409 3.29700160
v 1.90481532 -7.49367094 3.29923701
v 1.90601027 -7.08860779 3.30130672
v 2.13847685 -7.89873409 3.20045662
v 2.13975334 -7.49367094 3.20236707
v 2.14088488 -7.08860779 3.20406055
v 1.90710521 -6.68354416 3.30320311
v 1.90809608 -6.27848101 3.30491924
v 2.14186788 -6.68354416 3.20553184
v 2.14269900 -6.27848101 3.20677567
v 1.42794466 -5.87341785 3.44736338
v 1.42869234 -5.46835423 3.44916844
v 1.42940950 -5.06329107 3.45089984
v 1.66983688 -5.87341785 3.38609433
v 1.67067897 -5.46835423 3.38780189
v 1.67145038 -5.06329107 3.38936591
v 1.43009222 -4.65822792 3.45254779
v 1.43073666 -4.25316477 3.45410371
v 1.67214715 -4.65822792 3.39077902
v 1.67276585 -4.25316477 3.39203358
v 1.90897894 -5.87341785 3.30644846
v 1.90975034 -5.46835423 3.30778456
v 1.91040671 -5.06329107 3.30892134
v 2.14337516 -5.87341785 3.20778775
v 2.14389396 -5.46835423 3.20856404
v 2.14425278 -5.06329107 3.20910096
v 1.91094506 -4.65822792 3.30985403
v 1.91136277 -4.25316477 3.31057739
v 2.14444971 -4.65822792 3.20939589
v 2.14448357 -4.25316477 3.20944643
v 0.23113279 -3.84810138 3.52640486
v 0.23097898 -3.44303799 3.52405810
v 0.23084667 -3.03797460 3.52203965
v 0.46556497 -3.84810138 3.53631687
v 0.46547922 -3.44303799 3.53566575
v 0.46542439 -3.03797460 3.53524899
v 0.23073527 -2.63291144 3.52033997
v 0.23064412 -2.22784805 3.51894927
v 0.46539900 -2.63291144 3.53505635
v 0.46540162 -2.22784805 3.53507614
v 0.70357680 -3.84810138 3.53711939
v 0.70368427 -3.44303799 3.53765965
v 0.70381910 -3.03797460 3.53833747
v 0.94470376 -3.84810138 3.52568245
v 1.18782949 -3.84810138 3.49923301
v 0.94503498 -3.44303799 3.52691841
v 0.94537771 -3.03797460 3.52819753
v 1.18833208 -3.44303799 3.50071335
v 1.18882000 -3.03797460 3.50215101
v 0.70397902 -2.63291144 3.53914142
v 0.70416182 -2.22784805 3.54006052
v 0.94572914 -2.63291144 3.52950931
v 1.18929017 -2.63291144 3.50353599
v 0.94608647 -2.22784805 3.53084278
v 1.18973947 -2.22784805 3.50485945
v 0.23057257 -1.82278478 3.51785755
v 0.23051994 -1.41772151 3.51705456
v 0.23048551 -1.01265824 3.51652932
v 0.46543077 -1.82278478 3.53529763
v 0.46548498 -1.41772151 3.53570938
v 0.46556276 -1.01265824 3.53630018
v 0.23046860 -0.60759491 3.51627135
v 0.23046848 -0.20253165 3.51626945
v 0.46566263 -0.60759491 3.53705883
v 0.46578306 -0.20253165 3.53797364
v 0.70436525 -1.82278478 3.54108334
v 0.70458716 -1.41772151 3.54219890
v 0.70482528 -1.01265824 3.54339600
v 0.94644690 -1.82278478 3.53218794
v 1.19016492 -1.82278478 3.50611281
v 0.94680768 -1.41772151 3.53353429
v 0.94716632 -1.01265824 3.53487277
v 1.19056380 -1.41772151 3.50728774
v 1.19093335 -1.01265824 3.50837660
v 0.70507753 -0.60759491 3.54466414
v 0.70534176 -0.20253165 3.54599261
v 0.94752020 -0.60759491 3.53619361
v 1.19127119 -0.60759491 3.50937176
v 0.94786704 -0.20253165 3.53748775
v 1.19157493 -0.20253165 3.51026654
v 1.43133926 -3.84810138 3.45555878
v 1.43189669 -3.44303799 3.45690441
v 1.43240559 -3.03797460 3.45813298
v 1.67330337 -3.84810138 3.39312363
v 1.67375648 -3.44303799 3.39404249
v 1.67412257 -3.03797460 3.39478469
v 1.43286276 -2.63291144 3.45923686
v 1.43326557 -2.22784805 3.46020913
v 1.67439902 -2.63291144 3.39534545
v 1.67458379 -2.22784805 3.39572001
v 1.91165721 -3.84810138 3.31108761
v 1.91182649 -3.44303799 3.31138062
v 1.91186857 -3.03797460 3.31145334
v 2.14435267 -3.84810138 3.20925045
v 2.14405656 -3.44303799 3.20880723
v 2.14359474 -3.03797460 3.20811605
v 1.91178203 -2.63291144 3.31130362
v 1.91156590 -2.22784805 3.31092930
v 2.14296722 -2.63291144 3.20717692
v 2.14217448 -2.22784805 3.20599055
v 1.43361115 -1.82278478 3.46104336
v 1.43389702 -1.41772151 3.46173358
v 1.43412101 -1.01265824 3.46227455
v 1.67467463 -1.82278478 3.39590430
v 1.67467022 -1.41772151 3.39589524
v 1.67456901 -1.01265824 3.39568996
v 1.43428123 -0.60759491 3.46266127
v 1.43437588 -0.20253165 3.46288967
v 1.67437005 -0.60759491 3.39528656
v 1.67407262 -0.20253165 3.39468336
v 1.91121936 -1.82278478 3.31032920
v 1.91074204 -1.41772151 3.30950236
v 1.91013408 -1.01265824 3.30844927
v 2.14121723 -1.82278478 3.20455813
v 2.14009714 -1.41772151 3.20288181
v 2.13881564 -1.01265824 3.20096374
v 1.90939558 -0.60759491 3.30717015
v 1.90852737 -0.20253165 3.30566621
v 2.13737464 -0.60759491 3.19880724
v 2.13577676 -0.20253165 3.19641590
v 3.36425591 -7.89873409 2.24792385
v 3.36182499 -7.49367094 2.24629951
v 3.35901976 -7.08860779 2.24442506
v 3.19045234 -7.89873409 2.44812036
v 3.18900490 -7.49367094 2.44700956
v 3.18720508 -7.08860779 2.44562840
v 3.35584807 -6.68354416 2.24230599
v 3.35231876 -6.27848101 2.23994780
v 3.18505836 -6.68354416 2.44398117
v 3.18257117 -6.27848101 2.44207263
v 2.80127287 -7.89873409 2.80127287
v 2.80140710 -7.49367094 2.80140710
v 2.80125642 -7.08860779 2.80125642
v 2.58917522 -7.89873409 2.95238853
v 2.58986902 -7.49367094 2.95317960
v 2.59032083 -7.08860779 2.95369482
v 2.80082130 -6.68354416 2.80082130
v 2.80010390 -6.27848101 2.80010390
v 2.59052992 -6.68354416 2.95393324
v 2.59049559 -6.27848101 2.95389390
v 3.00224662 -7.89873409 2.63289952
v 3.00166082 -7.49367094 2.63238597
v 3.00075293 -7.08860779 2.63158965
v 2.99952579 -6.68354416 2.63051367
v 2.99798346 -6.27848101 2.62916088
v 3.34844041 -5.87341785 2.23735619
v 3.34422231 -5.46835423 2.23453808
v 3.33967471 -5.06329107 2.23149943
v 3.17974973 -5.87341785 2.43990779
v 3.17660141 -5.46835423 2.43749189
v 3.17313385 -5.06329107 2.43483114
v 3.33480787 -4.65822792 2.22824740
v 3.32963276 -4.25316477 2.22478938
v 3.16935515 -4.65822792 2.43193173
v 3.16527390 -4.25316477 2.42880011
v 2.79910588 -5.87341785 2.79910588
v 2.79782987 -5.46835423 2.79782987
v 2.79627895 -5.06329107 2.79627895
v 2.58893490 -5.06329107 2.95211458
v 2.59021783 -5.87341785 2.95357728
v 2.58969736 -5.46835423 2.95298386
v 2.79445672 -4.65822792 2.79445672
v 2.79236746 -4.25316477 2.79236746
v 2.58793235 -4.65822792 2.95097136
v 2.58669138 -4.25316477 2.94955611
v 2.99612975 -5.87341785 2.62753534
v 2.99396992 -5.46835423 2.62564135
v 2.99150920 -5.06329107 2.62348318
v 2.98875356 -4.65822792 2.62106657
v 2.98570895 -4.25316477 2.61839652
v 2.36764956 -7.89873409 3.08558083
v 2.36872721 -7.49367094 3.08698535
v 2.36961031 -7.08860779 3.08813643
v 2.37029648 -6.68354416 3.08903050
v 2.37078357 -6.27848101 3.08966541
v 2.37106967 -5.87341785 3.09003830
v 2.37115383 -5.46835423 3.09014797
v 2.37103510 -5.06329107 3.08999324
v 2.37071300 -4.65822792 3.08957338
v 2.37018776 -4.25316477 3.08888888
v 3.32416010 -3.84810138 2.22113276
v 3.31237054 -3.03797460 2.21325517
v 3.31840205 -3.44303799 2.21728539
v 3.16089916 -3.84810138 2.42544341
v 3.15624094 -3.44303799 2.42186880
v 3.15130877 -3.03797460 2.41808414
v 3.30607772 -2.63291144 2.20905066
v 3.29953671 -2.22784805 2.20467997
v 3.14066529 -2.22784805 2.40991712
v 3.14611316 -2.63291144 2.41409755
v 2.79001570 -3.84810138 2.79001570
v 2.78740644 -3.44303799 2.78740644
v 2.78454542 -3.03797460 2.78454542
v 2.58521461 -3.84810138 2.94787216
v 2.58350468 -3.44303799 2.94592261
v 2.58156538 -3.03797460 2.94371104
v 2.78143883 -2.63291144 2.78143883
v 2.77809310 -2.22784805 2.77809310
v 2.57940054 -2.63291144 2.94124246
v 2.57701445 -2.22784805 2.93852162
v 2.98238277 -3.84810138 2.61547947
v 2.97878194 -3.44303799 2.61232185
v 2.97491479 -3.03797460 2.60893035
v 2.97078919 -2.63291144 2.60531235
v 2.96641421 -2.22784805 2.60147548
v 3.29276013 -1.82278478 2.20015192
v 3.27855492 -1.01265824 2.19066024
v 3.28576183 -1.41772151 2.19547582
v 3.13497591 -1.82278478 2.40555167
v 3.12905693 -1.41772151 2.40100980
v 3.12292027 -1.01265824 2.39630103
v 3.27115345 -0.60759491 2.18571496
v 3.26357174 -0.20253165 2.18064880
v 3.11657810 -0.60759491 2.39143443
v 3.11004305 -0.20253165 2.38642001
v 2.94113231 -0.20253165 2.57930374
v 2.77451539 -1.82278478 2.77451539
v 2.77071309 -1.41772151 2.77071309
v 2.76669407 -1.01265824 2.76669407
v 2.57441187 -1.82278478 2.93555403
v 2.57159829 -1.41772151 2.93234587
v 2.56857944 -1.01265824 2.92890358
v 2.76246667 -0.60759491 2.76246667
v 2.75803971 -0.20253165 2.75803971
v 2.56536150 -0.60759491 2.92523408
v 2.35654354 -0.60759491 3.07110739
v 2.56195092 -0.20253165 2.92134523
v 2.35408711 -0.20253165 3.06790614
v 2.96179891 -1.82278478 2.59742785
v 2.95695281 -1.41772151 2.59317803
v 2.95188594 -1.01265824 2.58873463
v 2.94660878 -0.60759491 2.58410668
v 2.36945963 -3.84810138 3.08793998
v 2.36852980 -3.44303799 3.08672810
v 2.36739945 -3.03797460 3.08525491
v 2.36607051 -2.63291144 3.08352304
v 2.36454535 -2.22784805 3.08153558
v 2.36282659 -1.82278478 3.07929564
v 2.36091757 -1.41772151 3.07680774
v 2.35882187 -1.01265824 3.07407665
v -2.49739790 0.20253165 -2.84773636
v -2.50422025 0.60759491 -2.85551596
v -2.26385832 0.20253165 -2.95031762
v -2.27060556 0.60759491 -2.95911074
v -2.51769352 1.41772151 -2.87087941
v -2.51098752 1.01265824 -2.86323261
v -2.52433252 1.82278478 -2.87844944
v -2.27734995 1.01265824 -2.96790028
v -2.28408480 1.41772151 -2.97667718
v -2.29080343 1.82278478 -2.98543334
v -2.53089833 2.22784805 -2.88593650
v -2.53738618 2.63291144 -2.89333439
v -2.29749990 2.22784805 -2.99416018
v -2.30416775 2.63291144 -3.00284982
v -2.54379058 3.03797460 -2.90063715
v -2.55010700 3.44303799 -2.90783978
v -2.55633092 3.84810138 -2.91493678
v -2.31080103 3.03797460 -3.01149464
v -2.31739426 3.44303799 -3.02008700
v -2.32394195 3.84810138 -3.02862000
v -3.31094646 0.20253165 -2.21230364
v -3.31568313 0.60759491 -2.21546865
v -3.47510123 0.20253165 -2.00635076
v -3.47908378 0.60759491 -2.00865006
v -3.32020259 1.01265824 -2.21848845
v -3.32450366 1.41772151 -2.22136235
v -3.32858539 1.82278478 -2.22408962
v -3.48282528 1.01265824 -2.01081014
v -3.48632574 1.41772151 -2.01283097
v -3.48958540 1.82278478 -2.01471305
v -3.33244753 2.22784805 -2.22667027
v -3.33609033 2.63291144 -2.22910428
v -3.49260569 2.22784805 -2.01645684
v -3.49538732 2.63291144 -2.01806283
v -3.33951378 3.03797460 -2.23139191
v -3.34271932 3.44303799 -2.23353362
v -3.34570789 3.84810138 -2.23553061
v -3.49793267 3.03797460 -2.01953244
v -3.50024366 3.44303799 -2.02086663
v -3.50232267 3.84810138 -2.02206683
v -2.93931055 0.60759491 -2.57770610
v -2.72151113 0.20253165 -2.72151113
v -2.72810841 0.60759491 -2.72810841
v -2.93318701 0.20253165 -2.57233596
v -3.13013649 0.20253165 -2.40183806
v -3.13561225 0.60759491 -2.40603995
v -2.94528437 1.01265824 -2.58294511
v -2.95110440 1.41772151 -2.58804893
v -2.95676708 1.82278478 -2.59301519
v -2.73460031 1.01265824 -2.73460031
v -2.74098182 1.41772151 -2.74098182
v -2.74724817 1.82278478 -2.74724817
v -3.14090085 1.01265824 -2.41009808
v -3.14599991 1.41772151 -2.41401052
v -3.15090680 1.82278478 -2.41777587
v -2.96226954 2.22784805 -2.59784055
v -2.96760845 2.63291144 -2.60252285
v -2.75339484 2.22784805 -2.75339484
v -2.75941753 2.63291144 -2.75941753
v -3.15562010 2.22784805 -2.42139244
v -3.16013837 2.63291144 -2.42485952
v -2.97278190 3.03797460 -2.60705972
v -2.97778726 3.44303799 -2.61144948
v -2.98262334 3.84810138 -2.61569047
v -2.76531243 3.03797460 -2.76531243
v -2.77107596 3.44303799 -2.77107596
v -2.77670479 3.84810138 -2.77670479
v -3.16446066 3.03797460 -2.42817593
v -3.16858625 3.44303799 -2.43134165
v -3.17251539 3.84810138 -2.43435669
v -2.56245804 4.25316477 -2.92192340
v -2.56848478 4.65822792 -2.92879558
v -2.33043885 4.25316477 -3.03708696
v -2.33687997 4.65822792 -3.04548120
v -2.10230184 5.06329107 -3.14631701
v -2.10880852 5.46835423 -3.15605474
v -2.35582447 5.87341785 -3.07017016
v -2.11529112 5.87341785 -3.16575694
v -2.58022356 5.46835423 -2.94218087
v -2.57440782 5.06329107 -2.93554950
v -2.58592939 5.87341785 -2.94868731
v -2.34326077 5.06329107 -3.05379677
v -2.34957695 5.46835423 -3.06202817
v -2.82097769 7.49367094 -2.82097769
v -2.82517076 7.89873409 -2.82517076
v -2.36199951 6.27848101 -3.07821774
v -2.12174535 6.27848101 -3.17541623
v -2.36809874 6.68354416 -3.08616638
v -2.12816644 6.68354416 -3.18502617
v -2.59152293 6.27848101 -2.95506573
v -2.59700227 6.68354416 -2.96131372
v -2.38005781 7.49367094 -3.10175157
v -2.38591218 7.89873409 -3.10938120
v -2.13455033 7.08860779 -3.19458055
v -2.14089346 7.49367094 -3.20407343
v -2.37411904 7.08860779 -3.09401226
v -2.14719152 7.89873409 -3.21349931
v -2.60236549 7.08860779 -2.96742916
v -2.60761142 7.49367094 -2.97341108
v -2.61273885 7.89873409 -2.97925782
v -3.34848142 4.25316477 -2.23738384
v -3.35104203 4.65822792 -2.23909473
v -3.50417304 4.25316477 -2.02313519
v -3.50579786 4.65822792 -2.02407336
v -3.35339236 5.06329107 -2.24066520
v -3.35553527 5.46835423 -2.24209690
v -3.35747433 5.87341785 -2.24339271
v -3.50720143 5.06329107 -2.02488375
v -3.50838757 5.46835423 -2.02556849
v -3.50936103 5.87341785 -2.02613044
v -3.35921311 6.27848101 -2.24455452
v -3.36075616 6.68354416 -2.24558544
v -3.51012707 6.27848101 -2.02657270
v -3.51069093 6.68354416 -2.02689838
v -3.36210752 7.08860779 -2.24648857
v -3.36327267 7.49367094 -2.24726701
v -3.36425686 7.89873409 -2.24792457
v -3.51105833 7.08860779 -2.02711058
v -3.51123571 7.49367094 -2.02721286
v -3.51122928 7.89873409 -2.02720928
v -2.98728871 4.25316477 -2.61978197
v -2.99178243 4.65822792 -2.62372279
v -2.78219652 4.25316477 -2.78219652
v -2.78754854 4.65822792 -2.78754854
v -3.17624784 4.25316477 -2.43722081
v -3.17978477 4.65822792 -2.43993473
v -2.99610400 5.06329107 -2.62751269
v -3.00025368 5.46835423 -2.63115191
v -3.00423145 5.87341785 -2.63464022
v -2.79275870 5.06329107 -2.79275870
v -2.79782557 5.46835423 -2.79782557
v -2.80274773 5.87341785 -2.80274773
v -3.18312740 5.06329107 -2.44249940
v -3.18627667 5.46835423 -2.44491601
v -3.18923497 5.87341785 -2.44718599
v -3.00803828 6.27848101 -2.63797879
v -3.01167512 6.68354416 -2.64116836
v -2.80752420 6.27848101 -2.80752420
v -2.81215477 6.68354416 -2.81215477
v -3.19200444 6.27848101 -2.44931126
v -3.19458795 6.68354416 -2.45129371
v -3.01514387 7.08860779 -2.64421010
v -3.01844597 7.49367094 -2.64710617
v -3.02158427 7.89873409 -2.64985824
v -2.81663918 7.08860779 -2.81663918
v -3.19698882 7.08860779 -2.45313573
v -3.19921017 7.49367094 -2.45484042
v -3.20125628 7.89873409 -2.45641041
v -1.78249729 0.20253165 -3.08737588
v -1.78814816 0.60759491 -3.09716344
v -2.02436209 0.20253165 -3.02967215
v -2.03071284 0.60759491 -3.03917646
v -2.05002570 1.82278478 -3.06808043
v -1.79389179 1.01265824 -3.10711169
v -1.79972196 1.41772151 -3.11720991
v -1.55114305 1.01265824 -3.14540696
v -1.55609703 1.41772151 -3.15545273
v -1.80563223 1.82278478 -3.12744665
v -1.56116772 1.82278478 -3.16573477
v -2.03711152 1.01265824 -3.04875278
v -2.04355145 1.41772151 -3.05839086
v -1.54160762 0.20253165 -3.12607098
v -1.30445504 0.20253165 -3.14923310
v -1.54631150 0.60759491 -3.13560939
v -1.30805528 0.60759491 -3.15792465
v -1.07295740 0.20253165 -3.16083074
v -1.07541120 0.60759491 -3.16805935
v -1.31180477 1.01265824 -3.16697693
v -1.31569946 1.41772151 -3.17637944
v -1.31973481 1.82278478 -3.18612170
v -1.07802081 1.01265824 -3.17574668
v -1.08078301 1.41772151 -3.18388414
v -1.08369493 1.82278478 -3.19246244
v -2.05652785 2.22784805 -3.07781172
v -2.06305170 2.63291144 -3.08757496
v -1.81161630 2.22784805 -3.13781166
v -1.56634939 2.22784805 -3.17624235
v -1.57163656 2.63291144 -3.18696380
v -1.81766796 2.63291144 -3.14829326
v -2.06959033 3.03797460 -3.09736085
v -2.07613826 3.44303799 -3.10716033
v -1.82994902 3.44303799 -3.16956449
v -2.08268881 3.84810138 -3.11696410
v -1.83616614 3.84810138 -3.18033314
v -1.57702363 3.03797460 -3.19788742
v -1.58250463 3.44303799 -3.20900202
v -1.82378089 3.03797460 -3.15888119
v -1.58807433 3.84810138 -3.22029614
v -1.32390618 2.22784805 -3.19619226
v -1.32820916 2.63291144 -3.20658064
v -1.08675325 2.22784805 -3.20147204
v -1.08995473 2.63291144 -3.21090293
v -1.33263886 3.03797460 -3.21727490
v -1.33719075 3.44303799 -3.22826385
v -1.34185970 3.84810138 -3.23953605
v -1.09329557 3.03797460 -3.22074509
v -1.09677255 3.44303799 -3.23098779
v -1.10038173 3.84810138 -3.24162006
v -0.84803522 0.20253165 -3.16491055
v -0.84942478 0.60759491 -3.17009640
v -0.62959087 0.20253165 -3.16516709
v -0.63011843 0.60759491 -3.16781926
v -0.85096061 1.01265824 -3.17582822
v -0.85264111 1.41772151 -3.18209982
v -0.85446447 1.82278478 -3.18890476
v -0.63076842 1.01265824 -3.17108703
v -0.63154036 1.41772151 -3.17496800
v -0.63243371 1.82278478 -3.17945886
v -0.41662031 0.20253165 -3.16454554
v -0.20744045 0.20253165 -3.16492987
v -0.41658914 0.60759491 -3.16430855
v -0.20722343 0.60759491 -3.16161847
v 0.00000000 0.20253165 -3.16695595
v 0.00000000 0.60759491 -3.16057324
v -0.41664514 1.01265824 -3.16473389
v -0.41678858 1.41772151 -3.16582346
v -0.20705110 1.01265824 -3.15898943
v -0.20692392 1.41772151 -3.15704894
v -0.41701958 1.82278478 -3.16757822
v -0.20684223 1.82278478 -3.15580273
v 0.00000000 1.01265824 -3.15486383
v 0.00000000 1.41772151 -3.14983940
v 0.00000000 1.82278478 -3.14550996
v -0.85642886 2.22784805 -3.19623613
v -0.85853219 2.63291144 -3.20408559
v -0.63344759 2.22784805 -3.18455625
v -0.63458115 2.63291144 -3.19025493
v -0.86077219 3.03797460 -3.21244550
v -0.86314660 3.44303799 -3.22130704
v -0.86565292 3.84810138 -3.23066068
v -0.63583338 3.03797460 -3.19655013
v -0.63720298 3.44303799 -3.20343590
v -0.63868880 3.84810138 -3.21090531
v -0.41733816 2.22784805 -3.16999817
v -0.20680636 2.22784805 -3.15525532
v -0.41774425 2.63291144 -3.17308259
v -0.20681654 2.63291144 -3.15541053
v 0.00000000 2.22784805 -3.14188528
v 0.00000000 2.63291144 -3.13897347
v -0.41823763 3.03797460 -3.17683029
v -0.41881803 3.44303799 -3.18123865
v -0.20687295 3.03797460 -3.15627146
v -0.20697574 3.44303799 -3.15783954
v -0.41948500 3.84810138 -3.18630505
v -0.20712498 3.84810138 -3.16011643
v 0.00000000 3.03797460 -3.13678193
v 0.00000000 3.44303799 -3.13531756
v 0.00000000 3.84810138 -3.13458562
v -1.84242654 4.25316477 -3.19117618
v -2.08923674 4.25316477 -3.12676382
v -1.84872413 4.65822792 -3.20208406
v -2.09577608 4.65822792 -3.13655066
v -1.59372687 4.25316477 -3.23175836
v -1.59945679 4.65822792 -3.24337745
v -1.85505354 5.06329107 -3.21304703
v -1.86140895 5.46835423 -3.22405505
v -1.86778533 5.87341785 -3.23509908
v -1.60525846 5.06329107 -3.25514221
v -1.61112678 5.46835423 -3.26704192
v -1.61705625 5.87341785 -3.27906561
v -1.34664118 4.25316477 -3.25107932
v -1.35153019 4.65822792 -3.26288247
v -1.10411942 4.25316477 -3.25263095
v -1.10798180 4.65822792 -3.26400900
v -1.35652196 5.06329107 -3.27493358
v -1.36161160 5.46835423 -3.28722119
v -1.36679423 5.87341785 -3.29973316
v -1.11196494 5.06329107 -3.27574301
v -1.11606503 5.46835423 -3.28782153
v -1.12027800 5.87341785 -3.30023265
v -1.63516033 7.08860779 -3.31577706
v -1.64128375 7.49367094 -3.32819414
v -1.64744353 7.89873409 -3.34068513
v -1.37206531 6.27848101 -3.31245875
v -1.37741995 6.68354416 -3.32538581
v -1.12460005 6.27848101 -3.31296468
v -1.12902701 6.68354416 -3.32600617
v -1.38285351 7.08860779 -3.33850360
v -1.38836145 7.49367094 -3.35180116
v -1.39393926 7.89873409 -3.36526704
v -1.13818002 7.49367094 -3.35297036
v -1.13355494 7.08860779 -3.33934522
v -1.14289832 7.89873409 -3.36686993
v -1.87417722 6.27848101 -3.24617004
v -1.88057971 6.68354416 -3.25725961
v -1.62304163 6.27848101 -3.29120302
v -1.62907803 6.68354416 -3.30344343
v -1.88698804 7.08860779 -3.26835918
v -1.89339769 7.49367094 -3.27946091
v -1.89980412 7.89873409 -3.29055738
v -0.86828864 4.25316477 -3.24049735
v -0.87105107 4.65822792 -3.25080681
v -0.64028937 4.25316477 -3.21895194
v -0.64200312 4.65822792 -3.22756767
v -0.87393749 5.06329107 -3.26157904
v -0.87694502 5.46835423 -3.27280354
v -0.88007092 5.87341785 -3.28446937
v -0.64382857 5.06329107 -3.23674488
v -0.64576399 5.46835423 -3.24647498
v -0.64780760 5.87341785 -3.25674891
v -0.42023814 4.25316477 -3.19202542
v -0.20732066 4.25316477 -3.16310215
v -0.42107677 4.65822792 -3.19839573
v -0.20756279 4.65822792 -3.16679621
v 0.00000000 4.25316477 -3.13459086
v 0.00000000 4.65822792 -3.13533735
v -0.42200032 5.06329107 -3.20541072
v -0.42300799 5.46835423 -3.21306467
v -0.20785126 5.06329107 -3.17119741
v -0.20818596 5.46835423 -3.17630386
v -0.42409903 5.87341785 -3.22135186
v -0.20856670 5.87341785 -3.18211269
v 0.00000000 5.06329107 -3.13682818
v 0.00000000 5.46835423 -3.13906503
v 0.00000000 5.87341785 -3.14205003
v -0.88666576 6.68354416 -3.30908155
v -0.89012873 7.08860779 -3.32200551
v -0.89369798 7.49367094 -3.33532619
v -0.89737052 7.89873409 -3.34903240
v -0.65958190 7.89873409 -3.31594205
v -0.88331217 6.27848101 -3.29656577
v -0.64995760 6.27848101 -3.26755738
v -0.65221196 6.68354416 -3.27889109
v -0.65456885 7.08860779 -3.29073977
v -0.65702617 7.49367094 -3.30309367
v -0.42527252 6.27848101 -3.23026562
v -0.20899327 6.27848101 -3.18862104
v -0.42652753 6.68354416 -3.23979831
v -0.20946543 6.68354416 -3.19582486
v 0.00000000 6.27848101 -3.14578319
v 0.00000000 6.68354416 -3.15026498
v -0.42786306 7.08860779 -3.24994254
v -0.42927805 7.49367094 -3.26069069
v -0.20998286 7.08860779 -3.20371938
v -0.21054526 7.49367094 -3.21229982
v -0.43077141 7.89873409 -3.27203369
v -0.21115223 7.89873409 -3.22156048
v 0.00000000 7.08860779 -3.15549421
v 0.00000000 7.49367094 -3.16146994
v 0.00000000 7.89873409 -3.16818953
v -3.76003432 1.01265824 -1.55745721
v -3.76210570 1.41772151 -1.55831516
v -3.76390171 1.82278478 -1.55905914
v -3.62286663 0.20253165 -1.78660011
v -3.62613702 0.60759491 -1.78821290
v -3.75505662 0.20253165 -1.55539536
v -3.75768518 0.60759491 -1.55648422
v -3.62914658 1.01265824 -1.78969705
v -3.63189626 1.41772151 -1.79105306
v -3.63438773 1.82278478 -1.79228163
v -3.87271690 0.20253165 -1.31461024
v -3.87476826 0.60759491 -1.31530654
v -3.97677422 0.20253165 -1.06557345
v -3.97827339 0.60759491 -1.06597519
v -3.87651968 1.01265824 -1.31590104
v -3.87797332 1.41772151 -1.31639457
v -3.87913251 1.82278478 -1.31678808
v -3.97944784 1.01265824 -1.06628978
v -3.98030043 1.41772151 -1.06651831
v -3.98083448 1.82278478 -1.06666136
v -3.76542521 2.22784805 -1.55969024
v -3.76667953 2.63291144 -1.56020975
v -3.76766801 3.03797460 -1.56061924
v -3.76839519 3.44303799 -1.56092036
v -3.76886487 3.84810138 -1.56111491
v -3.63662291 2.22784805 -1.79338384
v -3.63860393 2.63291144 -1.79436088
v -3.64033389 3.03797460 -1.79521406
v -3.64181614 3.44303799 -1.79594493
v -3.64305401 3.84810138 -1.79655540
v -3.88000059 2.22784805 -1.31708276
v -3.88058138 2.63291144 -1.31727982
v -3.98105431 2.22784805 -1.06672037
v -3.98096442 2.63291144 -1.06669617
v -3.88087916 3.03797460 -1.31738102
v -3.88089895 3.44303799 -1.31738770
v -3.88064551 3.84810138 -1.31730163
v -3.98056960 3.03797460 -1.06659043
v -3.97987533 3.44303799 -1.06640434
v -3.97888732 3.84810138 -1.06613970
v -4.06770277 0.20253165 -0.80911642
v -4.06860876 0.60759491 -0.80929655
v -4.14526415 0.20253165 -0.54573435
v -4.14545107 0.60759491 -0.54575902
v -4.06915855 1.01265824 -0.80940598
v -4.06935692 1.41772151 -0.80944538
v -4.06920719 1.82278478 -0.80941564
v -4.14524651 1.01265824 -0.54573202
v -4.14465380 1.41772151 -0.54565406
v -4.14367867 1.82278478 -0.54552567
v -4.20835638 0.20253165 -0.27583024
v -4.20761490 0.60759491 -0.27578163
v -4.25500870 0.20253165 -0.00000000
v -4.25305605 0.60759491 -0.00000000
v -4.20644045 1.01265824 -0.27570468
v -4.20483923 1.41772151 -0.27559972
v -4.20281649 1.82278478 -0.27546716
v -4.25062847 1.01265824 -0.00000000
v -4.24773407 1.41772151 -0.00000000
v -4.24437904 1.82278478 -0.00000000
v -4.06871462 2.22784805 -0.80931765
v -4.06788397 2.63291144 -0.80915242
v -4.14232683 2.22784805 -0.54534763
v -4.14060354 2.63291144 -0.54512078
v -4.06672096 3.03797460 -0.80892110
v -4.06523180 3.44303799 -0.80862486
v -4.06342316 3.84810138 -0.80826509
v -4.13851595 3.03797460 -0.54484594
v -4.13607073 3.44303799 -0.54452401
v -4.13327551 3.84810138 -0.54415607
v -4.20037985 2.22784805 -0.27530742
v -4.19753551 2.63291144 -0.27512103
v -4.24057293 2.22784805 -0.00000000
v -4.23632479 2.63291144 -0.00000000
v -4.19429255 3.03797460 -0.27490845
v -4.19065857 3.44303799 -0.27467027
v -4.18664265 3.84810138 -0.27440706
v -4.23164320 3.03797460 -0.00000000
v -4.22653913 3.44303799 -0.00000000
v -4.22102261 3.84810138 -0.00000000
v -3.76908255 4.25316477 -1.56120515
v -3.76905322 4.65822792 -1.56119299
v -3.76878285 5.06329107 -1.56108093
v -3.76827717 5.46835423 -1.56087148
v -3.76754308 5.87341785 -1.56056738
v -3.64405155 4.25316477 -1.79704738
v -3.64481354 4.65822792 -1.79742312
v -3.64534473 5.06329107 -1.79768503
v -3.64565015 5.46835423 -1.79783571
v -3.64573598 5.87341785 -1.79787803
v -3.88012481 4.25316477 -1.31712496
v -3.87934279 4.65822792 -1.31685948
v -3.97761202 4.25316477 -1.06579792
v -3.97605586 4.65822792 -1.06538093
v -3.87830567 5.06329107 -1.31650734
v -3.87702060 5.46835423 -1.31607115
v -3.87549448 5.87341785 -1.31555307
v -3.97422647 5.06329107 -1.06489074
v -3.97213101 5.46835423 -1.06432927
v -3.96977735 5.87341785 -1.06369865
v -3.76658702 6.27848101 -1.56017148
v -3.76541686 6.68354416 -1.55968666
v -3.76403975 7.08860779 -1.55911624
v -3.76246381 7.49367094 -1.55846357
v -3.76069736 7.89873409 -1.55773187
v -3.64560771 6.27848101 -1.79781473
v -3.64527202 6.68354416 -1.79764926
v -3.64473581 7.08860779 -1.79738486
v -3.64400625 7.49367094 -1.79702497
v -3.64309049 7.89873409 -1.79657340
v -3.87373519 6.27848101 -1.31495595
v -3.87175059 6.68354416 -1.31428218
v -3.96717429 6.27848101 -1.06300116
v -3.96433043 6.68354416 -1.06223917
v -3.86954904 7.08860779 -1.31353498
v -3.86713958 7.49367094 -1.31271696
v -3.86453080 7.89873409 -1.31183147
v -3.96125507 7.08860779 -1.06141508
v -3.95795727 7.49367094 -1.06053150
v -3.95444727 7.89873409 -1.05959094
v -4.06130171 4.25316477 -0.80784315
v -4.05887556 4.65822792 -0.80736053
v -4.13013935 4.25316477 -0.54374313
v -4.12666941 4.65822792 -0.54328632
v -4.05615234 5.06329107 -0.80681890
v -4.05314064 5.46835423 -0.80621982
v -4.04984903 5.87341785 -0.80556512
v -4.12287569 5.06329107 -0.54278690
v -4.11876774 5.46835423 -0.54224604
v -4.11435556 5.87341785 -0.54166514
v -4.18225479 4.25316477 -0.27411947
v -4.17750454 4.65822792 -0.27380812
v -4.21510601 4.25316477 -0.00000000
v -4.20880032 4.65822792 -0.00000000
v -4.17240238 5.06329107 -0.27347371
v -4.16695976 5.46835423 -0.27311695
v -4.16118765 5.87341785 -0.27273864
v -4.20211840 5.06329107 -0.00000000
v -4.19507313 5.46835423 -0.00000000
v -4.18767786 5.87341785 -0.00000000
v -4.04628754 6.27848101 -0.80485660
v -4.04246473 6.68354416 -0.80409622
v -4.10964870 6.27848101 -0.54104555
v -4.10465956 6.68354416 -0.54038864
v -4.03839159 7.08860779 -0.80328602
v -4.03407812 7.49367094 -0.80242807
v -4.02953577 7.89873409 -0.80152452
v -4.09939814 7.08860779 -0.53969598
v -4.09387684 7.49367094 -0.53896910
v -4.08810759 7.89873409 -0.53820956
v -4.15509844 6.27848101 -0.27233952
v -4.14870453 6.68354416 -0.27192044
v -4.17994595 6.27848101 -0.00000000
v -4.17189217 6.68354416 -0.00000000
v -4.14201832 7.08860779 -0.27148223
v -4.13505363 7.49367094 -0.27102575
v -4.12782431 7.89873409 -0.27055189
v -4.16353178 7.08860779 -0.00000000
v -4.15487862 7.49367094 -0.00000000
v -4.14594984 7.89873409 -0.00000000
v -2.82921982 8.30379772 -2.82921982
v -2.83312607 8.70886040 -2.83312607
v -2.83689117 9.11392403 -2.83689117
v -2.84051776 9.51898766 -2.84051776
v -2.84400773 9.92405033 -2.84400773
v -2.39168024 8.30379772 -3.11689854
v -2.39736032 8.70886040 -3.12430096
v -2.15344191 8.30379772 -3.22285342
v -2.15964103 8.70886040 -3.23213124
v -2.61774731 8.30379772 -2.98496890
v -2.62263656 8.70886040 -2.99054384
v -2.40295100 9.11392403 -3.13158679
v -2.40845084 9.51898766 -3.13875413
v -2.41385913 9.92405033 -3.14580250
v -2.16578650 9.11392403 -3.24132848
v -2.17187548 9.51898766 -3.25044155
v -2.17790627 9.92405033 -3.25946689
v -2.62740660 9.11392403 -2.99598312
v -2.63205791 9.51898766 -3.00128698
v -2.63659143 9.92405033 -3.00645638
v -2.84736443 10.32911396 -2.84736443
v -2.85059071 10.73417759 -2.85059071
v -2.85369039 11.13924026 -2.85369039
v -2.65754223 11.94936752 -3.03034616
v -2.85666728 11.54430389 -2.85666728
v -2.85952568 11.94936752 -2.85952568
v -2.41917562 10.32911396 -3.15273118
v -2.42440009 10.73417759 -3.15953970
v -2.18387651 10.32911396 -3.26840210
v -2.18978477 10.73417759 -3.27724457
v -2.64100814 10.32911396 -3.01149249
v -2.64530945 10.73417759 -3.01639724
v -2.42953253 11.13924026 -3.16622829
v -2.43457341 11.54430389 -3.17279792
v -2.43952370 11.94936752 -3.17924929
v -2.19563007 11.13924026 -3.28599262
v -2.20141101 11.54430389 -3.29464436
v -2.20712686 11.94936752 -3.30319881
v -2.64949751 11.13924026 -3.02117276
v -2.65357423 11.54430389 -3.02582145
v -3.20638728 9.11392403 -2.46034741
v -3.20777869 9.51898766 -2.46141529
v -3.20902014 9.92405033 -2.46236777
v -3.36506557 8.30379772 -2.24846506
v -3.36570525 8.70886040 -2.24889231
v -3.51104641 8.30379772 -2.02710366
v -3.51069379 8.70886040 -2.02690005
v -3.36618185 9.11392403 -2.24921083
v -3.36650252 9.51898766 -2.24942517
v -3.36667418 9.92405033 -2.24953985
v -3.51017928 9.11392403 -2.02660298
v -3.50951099 9.51898766 -2.02621698
v -3.50869679 9.92405033 -2.02574706
v -3.21011734 10.32911396 -2.46320963
v -3.21107674 10.73417759 -2.46394587
v -3.21190548 11.13924026 -2.46458173
v -3.21261001 11.54430389 -2.46512246
v -3.21319818 11.94936752 -2.46557355
v -3.36670423 10.32911396 -2.24955988
v -3.36660051 10.73417759 -2.24949050
v -3.50774503 10.32911396 -2.02519751
v -3.50666499 10.73417759 -2.02457404
v -3.36637092 11.13924026 -2.24933720
v -3.36602402 11.54430389 -2.24910522
v -3.36556792 11.94936752 -2.24880052
v -3.50546551 11.13924026 -2.02388144
v -3.50415587 11.54430389 -2.02312541
v -3.50274587 11.94936752 -2.02231121
v -3.02456117 8.30379772 -2.65246916
v -3.02737999 8.70886040 -2.65494108
v -3.20313120 8.30379772 -2.45784903
v -3.20483994 8.70886040 -2.45916009
v -3.03004408 9.11392403 -2.65727735
v -3.03255725 9.51898766 -2.65948129
v -3.03492379 9.92405033 -2.66155672
v -3.03714824 10.32911396 -2.66350746
v -3.03923535 10.73417759 -2.66533780
v -3.04119039 11.13924026 -2.66705251
v -3.04301906 11.54430389 -2.66865611
v -3.04472709 11.94936752 -2.67015409
v -2.21277761 12.35443020 -3.31165552
v -2.21836257 12.75949383 -3.32001424
v -2.22388220 13.16455650 -3.32827497
v -2.22933698 13.56962013 -3.33643842
v -2.23472738 13.97468376 -3.34450579
v -2.66140437 12.35443020 -3.03474998
v -2.86227012 12.35443020 -2.86227012
v -2.66516352 12.75949383 -3.03903651
v -2.86490512 12.75949383 -2.86490512
v -2.66882348 13.16455650 -3.04320979
v -2.86743641 13.16455650 -2.86743641
v -2.67238760 13.56962013 -3.04727411
v -2.67586017 13.97468376 -3.05123353
v -2.86986876 13.56962013 -2.86986876
v -2.87220812 13.97468376 -2.87220812
v -2.44438457 12.35443020 -3.18558407
v -2.44915748 12.75949383 -3.19180393
v -2.45384383 13.16455650 -3.19791150
v -2.45844579 13.56962013 -3.20390892
v -2.46296573 13.97468376 -3.20979929
v -2.24005437 14.37974644 -3.35247827
v -2.24531913 14.78481007 -3.36035752
v -2.25052333 15.18987370 -3.36814594
v -2.25566840 15.59493637 -3.37584615
v -2.26075625 16.00000000 -3.38346076
v -2.67924500 14.37974644 -3.05509353
v -2.87446070 14.37974644 -2.87446070
v -2.68254733 14.78481007 -3.05885887
v -2.87663221 14.78481007 -2.87663221
v -2.68892241 15.59493637 -3.06612849
v -2.69200563 16.00000000 -3.06964421
v -2.68577147 15.18987370 -3.06253529
v -2.87872958 15.18987370 -2.87872958
v -2.88075924 15.59493637 -2.88075924
v -2.88272810 16.00000000 -2.88272810
v -2.46740603 14.37974644 -3.21558619
v -2.47176981 14.78481007 -3.22127295
v -2.47605968 15.18987370 -3.22686386
v -2.48027968 15.59493637 -3.23236322
v -2.48443270 16.00000000 -3.23777580
v -3.21367717 12.35443020 -2.46594119
v -3.21405530 12.75949383 -2.46623135
v -3.21434021 13.16455650 -2.46644998
v -3.21454072 13.56962013 -2.46660376
v -3.21466517 13.97468376 -2.46669936
v -3.36501169 12.35443020 -2.24842882
v -3.36436439 12.75949383 -2.24799633
v -3.50124502 12.35443020 -2.02144480
v -3.49966383 12.75949383 -2.02053189
v -3.36363554 13.16455650 -2.24750948
v -3.36283422 13.56962013 -2.24697399
v -3.36197066 13.97468376 -2.24639702
v -3.49801207 13.16455650 -2.01957822
v -3.49630070 13.56962013 -2.01859021
v -3.49454021 13.97468376 -2.01757383
v -3.21472263 14.37974644 -2.46674347
v -3.21472192 14.78481007 -2.46674299
v -3.21467257 15.18987370 -2.46670485
v -3.21458364 15.59493637 -2.46663690
v -3.21446514 16.00000000 -2.46654582
v -3.36105466 14.37974644 -2.24578500
v -3.36009645 14.78481007 -2.24514461
v -3.49274158 14.37974644 -2.01653528
v -3.49091554 14.78481007 -2.01548100
v -3.35910630 15.18987370 -2.24448299
v -3.35809469 15.59493637 -2.24380708
v -3.35707235 16.00000000 -2.24312401
v -3.48907375 15.18987370 -2.01441765
v -3.48722720 15.59493637 -2.01335168
v -3.48538780 16.00000000 -2.01228952
v -3.04632068 12.35443020 -2.67155170
v -3.04780626 12.75949383 -2.67285442
v -3.04919076 13.16455650 -2.67406845
v -3.05048084 13.56962013 -2.67519975
v -3.05168366 13.97468376 -2.67625475
v -3.05280733 14.37974644 -2.67724013
v -3.05385900 14.78481007 -2.67816234
v -3.05484676 15.18987370 -2.67902875
v -3.05577898 15.59493637 -2.67984629
v -3.05666399 16.00000000 -2.68062234
v -1.91259134 8.70886040 -3.31270528
v -1.65363538 8.30379772 -3.35324097
v -1.65985489 8.70886040 -3.36585259
v -1.91896439 9.11392403 -3.32374382
v -1.92531919 9.51898766 -3.33475065
v -1.93165243 9.92405033 -3.34572005
v -1.66609776 9.11392403 -3.37851214
v -1.67236006 9.51898766 -3.39121079
v -1.67863810 9.92405033 -3.40394139
v -1.39958251 8.30379772 -3.37889123
v -1.40528703 8.70886040 -3.39266300
v -1.14770579 8.30379772 -3.38103223
v -1.15259874 8.70886040 -3.39544630
v -1.41104841 9.11392403 -3.40657210
v -1.42272604 9.92405033 -3.43476439
v -1.41686273 9.51898766 -3.42060924
v -1.15757334 9.11392403 -3.41010094
v -1.16775250 9.92405033 -3.44008780
v -1.16262579 9.51898766 -3.42498493
v -1.90620327 8.30379772 -3.30164099
v -1.93796122 10.32911396 -3.35664725
v -1.94424272 10.73417759 -3.36752725
v -1.68492818 10.32911396 -3.41669631
v -1.69122684 10.73417759 -3.42946887
v -1.95049465 11.13924026 -3.37835574
v -1.95671475 11.54430389 -3.38912940
v -1.96290100 11.94936752 -3.39984417
v -1.69753098 11.13924026 -3.44225240
v -1.70383751 11.54430389 -3.45504069
v -1.71014357 11.94936752 -3.46782804
v -1.42863441 10.32911396 -3.44902849
v -1.43458426 10.73417759 -3.46339297
v -1.17294979 10.32911396 -3.45539880
v -1.17821431 10.73417759 -3.47090745
v -1.44057214 11.13924026 -3.47784877
v -1.44659448 11.54430389 -3.49238801
v -1.45264828 11.94936752 -3.50700307
v -1.18354261 11.13924026 -3.48660398
v -1.18893123 11.54430389 -3.50247860
v -1.19437718 11.94936752 -3.51852155
v -0.90114325 8.30379772 -3.36311245
v -0.90501308 8.70886040 -3.37755489
v -0.66223395 8.30379772 -3.32927465
v -0.66498011 8.70886040 -3.34308076
v -0.90897697 9.11392403 -3.39234829
v -0.91303188 9.51898766 -3.40748119
v -0.91717470 9.92405033 -3.42294264
v -0.66781831 9.11392403 -3.35734940
v -0.67074633 9.51898766 -3.37206960
v -0.67376202 9.92405033 -3.38723040
v -0.43570998 9.11392403 -3.30954576
v -0.43750492 9.51898766 -3.32317972
v -0.43937212 9.92405033 -3.33736253
v -0.43234199 8.30379772 -3.28396344
v -0.21180339 8.30379772 -3.23149538
v -0.43398857 8.70886040 -3.29647064
v -0.21249834 8.70886040 -3.24209809
v 0.00000000 8.30379772 -3.17565084
v 0.00000000 8.70886040 -3.18385029
v -0.21323659 9.11392403 -3.25336146
v -0.21401767 9.51898766 -3.26527858
v -0.21484108 9.92405033 -3.27784157
v 0.00000000 9.11392403 -3.19278407
v 0.00000000 9.51898766 -3.20244837
v 0.00000000 9.92405033 -3.21283793
v -0.92140251 10.32911396 -3.43872094
v -0.92571229 10.73417759 -3.45480537
v -0.67686319 10.32911396 -3.40282106
v -0.68004763 10.73417759 -3.41883039
v -0.93010122 11.13924026 -3.47118497
v -0.93456626 11.54430389 -3.48784876
v -0.93910474 11.94936752 -3.50478649
v -0.68331319 11.13924026 -3.43524718
v -0.68665761 11.54430389 -3.45206094
v -0.69007885 11.94936752 -3.46926069
v -0.44753721 11.54430389 -3.39938259
v -0.44974586 11.94936752 -3.41615891
v -0.44131029 10.32911396 -3.35208440
v -0.44331810 10.73417759 -3.36733508
v -0.44539419 11.13924026 -3.38310456
v -0.21756008 11.13924026 -3.31932545
v -0.21854746 11.54430389 -3.33438993
v -0.21957444 11.94936752 -3.35005832
v -0.21570633 10.32911396 -3.29104257
v -0.21661285 10.73417759 -3.30487323
v 0.00000000 10.32911396 -3.22394776
v 0.00000000 10.73417759 -3.23577237
v 0.00000000 11.13924026 -3.24830556
v 0.00000000 11.54430389 -3.26154113
v 0.00000000 11.94936752 -3.27547240
v -1.96905172 12.35443020 -3.41049767
v -1.97516549 12.75949383 -3.42108703
v -1.71644664 12.35443020 -3.48060966
v -1.72274435 12.75949383 -3.49338007
v -1.98124111 13.16455650 -3.43161035
v -1.98727763 13.56962013 -3.44206572
v -1.99327433 13.97468376 -3.45245242
v -1.72903454 13.16455650 -3.50613523
v -1.73531508 13.56962013 -3.51887083
v -1.74158430 13.97468376 -3.53158379
v -1.45873022 12.35443020 -3.52168632
v -1.46483755 12.75949383 -3.53643060
v -1.19987714 12.35443020 -3.53472400
v -1.20542824 12.75949383 -3.55107713
v -1.47711730 13.56962013 -3.56607652
v -1.48328471 13.97468376 -3.58096623
v -1.21102750 13.16455650 -3.56757188
v -1.21667218 13.56962013 -3.58420062
v -1.22235966 13.97468376 -3.60095525
v -1.47096741 13.16455650 -3.55122948
v -1.75408280 14.78481007 -3.55692792
v -1.99923074 14.37974644 -3.46276903
v -2.00514650 14.78481007 -3.47301579
v -1.74784064 14.37974644 -3.54427028
v -1.76030946 15.18987370 -3.56955457
v -1.76651978 15.59493637 -3.58214784
v -1.77271295 16.00000000 -3.59470630
v -2.01102185 15.18987370 -3.48319197
v -2.01685691 15.59493637 -3.49329853
v -2.02265191 16.00000000 -3.50333595
v -1.48946750 14.37974644 -3.59589267
v -1.49566340 14.78481007 -3.61085105
v -1.22808731 14.37974644 -3.61782837
v -1.23385274 14.78481007 -3.63481283
v -1.50187063 15.18987370 -3.62583637
v -1.50808728 15.59493637 -3.64084482
v -1.51431179 16.00000000 -3.65587211
v -1.23965359 15.18987370 -3.65190172
v -1.25135314 16.00000000 -3.68636751
v -1.24548781 15.59493637 -3.66908860
v -0.94371378 12.35443020 -3.52198768
v -0.94839072 12.75949383 -3.53944230
v -0.69357467 12.35443020 -3.48683548
v -0.45201871 12.35443020 -3.43342304
v -0.69714302 12.75949383 -3.50477481
v -0.45435447 12.75949383 -3.45116472
v -0.95313293 13.16455650 -3.55714035
v -0.95793778 13.56962013 -3.57507253
v -0.96280283 13.97468376 -3.59322906
v -0.70826244 13.97468376 -3.56067562
v -0.70078182 13.16455650 -3.52306819
v -0.45675170 13.16455650 -3.46937370
v -0.70448893 13.56962013 -3.54170513
v -0.45920911 13.56962013 -3.48803949
v -0.46172535 13.97468376 -3.50715208
v -0.22064036 12.35443020 -3.36632156
v -0.22174469 12.75949383 -3.38317013
v -0.22288677 13.16455650 -3.40059495
v -0.22528177 13.97468376 -3.43713570
v -0.22406600 13.56962013 -3.41858649
v 0.00000000 13.16455650 -3.32136989
v 0.00000000 13.56962013 -3.33801222
v 0.00000000 13.97468376 -3.35531306
v 0.00000000 12.35443020 -3.29009247
v 0.00000000 12.75949383 -3.30539417
v -0.96772557 14.37974644 -3.61160111
v -0.97270375 14.78481007 -3.63017988
v -0.71210027 14.37974644 -3.57996964
v -0.71600050 14.78481007 -3.59957743
v -0.46429905 14.37974644 -3.52670145
v -0.46692890 14.78481007 -3.54667711
v -0.97773504 15.18987370 -3.64895678
v -0.98794824 16.00000000 -3.68707299
v -0.98281723 15.59493637 -3.66792369
v -0.72398061 15.59493637 -3.63969612
v -0.72805679 16.00000000 -3.66018867
v -0.71996123 15.18987370 -3.61948943
v -0.46961361 15.18987370 -3.56706953
v -0.47235188 15.59493637 -3.58786869
v -0.47514242 16.00000000 -3.60906506
v -0.22653347 14.37974644 -3.45623279
v -0.22782044 14.78481007 -3.47586823
v 0.00000000 14.37974644 -3.37326479
v 0.00000000 14.78481007 -3.39185905
v -0.22914210 15.18987370 -3.49603295
v -0.23049781 15.59493637 -3.51671696
v -0.23188694 16.00000000 -3.53791094
v 0.00000000 15.18987370 -3.41108751
v 0.00000000 16.00000000 -3.45141459
v 0.00000000 15.59493637 -3.43094230
v -3.75874925 8.30379772 -1.55692482
v -3.64199686 8.30379772 -1.79603410
v -3.64073348 8.70886040 -1.79541099
v -3.75662804 8.70886040 -1.55604625
v -3.63930845 9.11392403 -1.79470837
v -3.63773108 9.51898766 -1.79393041
v -3.63601017 9.92405033 -1.79308188
v -3.75434351 9.11392403 -1.55509996
v -3.75190520 9.51898766 -1.55409002
v -3.74932265 9.92405033 -1.55302036
v -3.86173248 8.30379772 -1.31088161
v -3.85875440 8.70886040 -1.30987060
v -3.95073533 8.30379772 -1.05859637
v -3.94683194 8.70886040 -1.05755043
v -3.85560632 9.11392403 -1.30880201
v -3.85229897 9.51898766 -1.30767930
v -3.84884262 9.92405033 -1.30650604
v -3.94274807 9.11392403 -1.05645621
v -3.93849468 9.51898766 -1.05531645
v -3.93408370 9.92405033 -1.05413449
v -3.63415551 10.32911396 -1.79216719
v -3.63217640 10.73417759 -1.79119110
v -3.74660659 10.32911396 -1.55189526
v -3.74376702 10.73417759 -1.55071902
v -3.63008285 11.13924026 -1.79015875
v -3.62788510 11.54430389 -1.78907490
v -3.62559366 11.94936752 -1.78794491
v -3.74081492 11.13924026 -1.54949617
v -3.73776102 11.54430389 -1.54823124
v -3.73461676 11.94936752 -1.54692888
v -3.84524846 10.32911396 -1.30528605
v -3.84152770 10.73417759 -1.30402303
v -3.92952633 10.32911396 -1.05291343
v -3.92483497 10.73417759 -1.05165637
v -3.83769178 11.13924026 -1.30272090
v -3.83375239 11.54430389 -1.30138361
v -3.82972145 11.94936752 -1.30001533
v -3.92002201 11.13924026 -1.05036676
v -3.91510010 11.54430389 -1.04904783
v -3.91008162 11.94936752 -1.04770315
v -4.02477503 8.30379772 -0.80057758
v -4.01980829 8.70886040 -0.79958957
v -4.08210278 8.30379772 -0.53741902
v -4.07587528 8.70886040 -0.53659916
v -4.01464653 9.11392403 -0.79856282
v -4.00930262 9.51898766 -0.79749984
v -4.00378847 9.92405033 -0.79640305
v -4.06943846 9.11392403 -0.53575176
v -4.06280565 9.51898766 -0.53487849
v -4.05599070 9.92405033 -0.53398132
v -4.12034369 8.30379772 -0.27006158
v -4.11262655 8.70886040 -0.26955578
v -4.13676023 8.30379772 -0.00000000
v -4.12732649 8.70886040 -0.00000000
v -4.10468769 9.11392403 -0.26903543
v -4.09654188 9.51898766 -0.26850155
v -4.08820486 9.92405033 -0.26795512
v -4.11766529 9.11392403 -0.00000000
v -4.10779381 9.51898766 -0.00000000
v -4.09772873 9.92405033 -0.00000000
v -3.99811769 10.32911396 -0.79527503
v -3.99230289 10.73417759 -0.79411840
v -4.04900742 10.32911396 -0.53306198
v -4.04187107 10.73417759 -0.53212237
v -3.98635745 11.13924026 -0.79293579
v -3.98029518 11.54430389 -0.79172993
v -3.97412968 11.94936752 -0.79050350
v -4.03459501 11.13924026 -0.53116453
v -4.02719545 11.54430389 -0.53019035
v -4.01968670 11.94936752 -0.52920181
v -4.07969236 10.32911396 -0.26739717
v -4.07102060 10.73417759 -0.26682878
v -4.08748770 10.32911396 -0.00000000
v -4.07708931 10.73417759 -0.00000000
v -4.06220484 11.13924026 -0.26625097
v -4.05326223 11.54430389 -0.26566485
v -4.04420948 11.94936752 -0.26507151
v -4.06655025 11.13924026 -0.00000000
v -4.05589008 11.54430389 -0.00000000
v -4.04512644 11.94936752 -0.00000000
v -3.62321925 12.35443020 -1.78677404
v -3.62077260 12.75949383 -1.78556752
v -3.73139334 12.35443020 -1.54559374
v -3.72810245 12.75949383 -1.54423058
v -3.61826515 13.16455650 -1.78433084
v -3.61570764 13.56962013 -1.78306961
v -3.61311173 13.97468376 -1.78178954
v -3.72475600 13.16455650 -1.54284441
v -3.72136593 13.56962013 -1.54144025
v -3.71794415 13.97468376 -1.54002297
v -3.82561135 12.35443020 -1.29861999
v -3.82143402 12.75949383 -1.29720199
v -3.90497971 12.35443020 -1.04633617
v -3.89980769 12.75949383 -1.04495037
v -3.81720209 13.16455650 -1.29576552
v -3.81292868 13.56962013 -1.29431486
v -3.80862641 13.97468376 -1.29285443
v -3.89457917 13.16455650 -1.04354930
v -3.88930750 13.56962013 -1.04213679
v -3.88400626 13.97468376 -1.04071641
v -3.61048937 14.37974644 -1.78049636
v -3.60785222 14.78481007 -1.77919579
v -3.71450353 14.37974644 -1.53859770
v -3.71105623 14.78481007 -1.53716981
v -3.60521197 15.18987370 -1.77789378
v -3.60258102 15.59493637 -1.77659631
v -3.59997129 16.00000000 -1.77530944
v -3.70761490 15.18987370 -1.53574443
v -3.70419240 15.59493637 -1.53432679
v -3.70080161 16.00000000 -1.53292215
v -3.80430818 14.37974644 -1.29138863
v -3.79998779 14.78481007 -1.28992200
v -3.87868977 14.37974644 -1.03929186
v -3.87337208 14.78481007 -1.03786695
v -3.79567790 15.18987370 -1.28845906
v -3.79139256 15.59493637 -1.28700435
v -3.78714514 16.00000000 -1.28556252
v -3.86806703 15.18987370 -1.03644550
v -3.86278939 15.59493637 -1.03503132
v -3.85755324 16.00000000 -1.03362823
v -3.96787500 12.35443020 -0.78925943
v -3.96154571 12.75949383 -0.78800046
v -4.01208448 12.35443020 -0.52820092
v -4.00440407 12.75949383 -0.52718979
v -3.95515609 13.16455650 -0.78672945
v -3.94872069 13.56962013 -0.78544939
v -3.94225454 13.97468376 -0.78416318
v -3.99666142 13.16455650 -0.52617043
v -3.98887229 13.56962013 -0.52514499
v -3.98105311 13.97468376 -0.52411556
v -4.03506374 12.35443020 -0.26447204
v -4.02584124 12.75949383 -0.26386759
v -4.03427792 12.35443020 -0.00000000
v -4.02336359 12.75949383 -0.00000000
v -4.01656008 13.16455650 -0.26325923
v -4.00723696 13.56962013 -0.26264820
v -3.99789000 13.97468376 -0.26203555
v -4.01240253 13.16455650 -0.00000000
v -4.00141335 13.56962013 -0.00000000
v -3.99041605 13.97468376 -0.00000000
v -3.93577242 14.37974644 -0.78287381
v -3.92928958 14.78481007 -0.78158432
v -3.97321987 14.37974644 -0.52308434
v -3.96538901 14.78481007 -0.52205336
v -3.92282128 15.18987370 -0.78029770
v -3.91638279 15.59493637 -0.77901697
v -3.90998983 16.00000000 -0.77774531
v -3.95757699 15.18987370 -0.52102488
v -3.94980049 15.59493637 -0.52000111
v -3.94207621 16.00000000 -0.51898420
v -3.98853683 14.37974644 -0.26142251
v -3.97919512 14.78481007 -0.26081023
v -3.97942924 14.37974644 -0.00000000
v -3.96847248 14.78481007 -0.00000000
v -3.96988297 15.18987370 -0.26019987
v -3.96061850 15.59493637 -0.25959265
v -3.95141959 16.00000000 -0.25898972
v -3.95756531 15.18987370 -0.00000000
v -3.94672728 15.59493637 -0.00000000
v -3.93597817 16.00000000 -0.00000000
v -0.12067784 16.00000000 -0.01034061
v 0.20777085 0.20253165 -3.16997051
v 0.20716368 0.60759491 -3.16070700
v 0.41762003 0.20253165 -3.17213917
v 0.63068873 0.20253165 -3.17068624
v 0.41606861 0.60759491 -3.16035485
v 0.62794197 0.60759491 -3.15687728
v 0.20659827 1.01265824 -3.15208054
v 0.20607567 1.41772151 -3.14410710
v 0.20559685 1.82278478 -3.13680172
v 0.41459307 1.01265824 -3.14914703
v 0.41319600 1.41772151 -3.13853526
v 0.62529379 1.01265824 -3.14356399
v 0.62274885 1.41772151 -3.13076973
v 0.41187993 1.82278478 -3.12853885
v 0.62031156 1.82278478 -3.11851668
v 0.84731877 0.20253165 -3.16223669
v 0.84323299 0.60759491 -3.14698839
v 1.06697571 0.20253165 -3.14320898
v 1.06152272 0.60759491 -3.12714505
v 0.83925498 1.01265824 -3.13214231
v 0.83539152 1.41772151 -3.11772370
v 0.83164930 1.82278478 -3.10375738
v 1.05617237 1.01265824 -3.11138344
v 1.05093360 1.41772151 -3.09595060
v 1.04581547 1.82278478 -3.08087325
v 0.20516273 2.22784805 -3.13017845
v 0.20477417 2.63291144 -3.12424994
v 0.41064727 2.22784805 -3.11917567
v 0.61798626 2.22784805 -3.10682678
v 0.40950024 2.63291144 -3.11046314
v 0.61577708 2.63291144 -3.09572053
v 0.20443195 3.03797460 -3.11902881
v 0.20413680 3.44303799 -3.11452579
v 0.20388940 3.84810138 -3.11075091
v 0.40844104 3.03797460 -3.10241771
v 0.40747166 3.44303799 -3.09505463
v 0.61368799 3.03797460 -3.08521795
v 0.61172277 3.44303799 -3.07533813
v 0.40659404 3.84810138 -3.08838844
v 0.60988510 3.84810138 -3.06609941
v 0.82803470 2.22784805 -3.09026742
v 0.82455403 2.63291144 -3.07727742
v 1.04082668 2.22784805 -3.06617641
v 1.03597558 2.63291144 -3.05188560
v 0.82121342 3.03797460 -3.06481028
v 0.81801879 3.44303799 -3.05288768
v 0.81497580 3.84810138 -3.04153109
v 1.03127050 3.03797460 -3.03802514
v 1.02671981 3.44303799 -3.02461886
v 1.02233112 3.84810138 -3.01169062
v 1.28829300 0.20253165 -3.11021447
v 1.28155339 0.60759491 -3.09394360
v 1.50922668 0.20253165 -3.06040883
v 1.72729290 0.20253165 -2.99175906
v 1.50137115 0.60759491 -3.04447937
v 1.71855354 0.60759491 -2.97662210
v 1.27489829 1.01265824 -3.07787681
v 1.26833868 1.41772151 -3.06204057
v 1.26188552 1.82278478 -3.04646134
v 1.47819018 1.82278478 -2.99747324
v 1.49357140 1.01265824 -3.02866340
v 1.48584032 1.41772151 -3.01298594
v 1.70983458 1.01265824 -2.96152043
v 1.70114994 1.41772151 -2.94647813
v 1.69251311 1.82278478 -2.93151879
v 1.93985307 0.20253165 -2.90319538
v 1.93048918 0.60759491 -2.88918138
v 1.92110813 1.01265824 -2.87514138
v 1.91172385 1.41772151 -2.86109686
v 1.90235090 1.82278478 -2.84706926
v 1.25554967 2.22784805 -3.03116488
v 1.47063363 2.22784805 -2.98215008
v 1.24934149 2.63291144 -3.01617718
v 1.46318316 2.63291144 -2.96704197
v 1.68393791 2.22784805 -2.91666603
v 1.67543817 2.63291144 -2.90194416
v 1.24327171 3.03797460 -3.00152349
v 1.23735046 3.44303799 -2.98722816
v 1.45585084 3.03797460 -2.95217347
v 1.44864905 3.44303799 -2.93756962
v 1.23158789 3.84810138 -2.97331619
v 1.44158971 3.84810138 -2.92325497
v 1.66702747 3.03797460 -2.88737631
v 1.65871942 3.44303799 -2.87298632
v 1.65052748 3.84810138 -2.85879755
v 1.89300334 2.22784805 -2.83307981
v 1.88369584 2.63291144 -2.81915021
v 2.14440107 0.20253165 -2.79463792
v 2.13466477 0.60759491 -2.78194952
v 2.12487578 1.01265824 -2.76919198
v 2.11504769 1.41772151 -2.75638390
v 2.30889750 1.41772151 -2.63279295
v 2.10519505 1.82278478 -2.74354362
v 2.29879594 1.82278478 -2.62127447
v 2.09533215 2.22784805 -2.73069000
v 2.28865242 2.22784805 -2.60970783
v 2.08547306 2.63291144 -2.71784163
v 2.27848101 2.63291144 -2.59810948
v 1.87444282 3.03797460 -2.80530190
v 1.86525881 3.44303799 -2.79155707
v 1.85615826 3.84810138 -2.77793717
v 2.07563305 3.03797460 -2.70501781
v 2.06582665 3.44303799 -2.69223785
v 2.26829576 3.03797460 -2.58649564
v 2.25811148 3.44303799 -2.57488275
v 2.05606890 3.84810138 -2.67952108
v 2.24794269 3.84810138 -2.56328726
v 0.20369034 4.25316477 -3.10771394
v 0.20354016 4.65822792 -3.10542274
v 0.40580994 4.25316477 -3.08243251
v 0.40512106 4.65822792 -3.07719994
v 0.60817844 4.25316477 -3.05751944
v 0.60660607 4.65822792 -3.04961467
v 0.20343938 5.06329107 -3.10388517
v 0.20338842 5.46835423 -3.10310769
v 0.20338766 5.87341785 -3.10309601
v 0.40452895 5.06329107 -3.07270241
v 0.40403503 5.46835423 -3.06895089
v 0.40364069 5.87341785 -3.06595540
v 0.60517114 5.06329107 -3.04240084
v 0.60387665 5.46835423 -3.03589296
v 0.60272533 5.87341785 -3.03010488
v 0.81209004 4.25316477 -3.03076124
v 0.80936670 4.65822792 -3.02059770
v 1.01811254 4.25316477 -2.99926281
v 1.01407123 4.65822792 -2.98735762
v 0.80681103 5.06329107 -3.01105976
v 0.80442780 5.46835423 -3.00216556
v 0.80222183 5.87341785 -2.99393272
v 1.01021469 5.06329107 -2.97599649
v 1.00654995 5.46835423 -2.96520066
v 1.00308394 5.87341785 -2.95499015
v 1.20549607 5.87341785 -2.91032505
v 0.20343740 6.27848101 -3.10385513
v 0.20353796 6.68354416 -3.10538912
v 0.40334705 6.27848101 -3.06372499
v 0.60171992 6.27848101 -3.02505040
v 0.40315530 6.68354416 -3.06226850
v 0.60086286 6.68354416 -3.02074146
v 0.20368950 7.08860779 -3.10770130
v 0.20389223 7.49367094 -3.11079431
v 0.20414628 7.89873409 -3.11467028
v 0.40306640 7.08860779 -3.06159306
v 0.40308124 7.49367094 -3.06170607
v 0.60015643 7.08860779 -3.01718998
v 0.59960276 7.49367094 -3.01440668
v 0.40320063 7.89873409 -3.06261301
v 0.59920400 7.89873409 -3.01240182
v 0.80019754 6.27848101 -2.98637795
v 0.79835927 6.68354416 -2.97951746
v 0.99982321 6.27848101 -2.94538426
v 1.20088696 6.27848101 -2.89919758
v 0.99677414 6.68354416 -2.93640208
v 1.19650161 6.68354416 -2.88861036
v 0.79525685 7.49367094 -2.96793890
v 0.79671109 7.08860779 -2.97336626
v 0.79400021 7.89873409 -2.96324921
v 0.99394298 7.08860779 -2.92806149
v 0.99133557 7.49367094 -2.92038059
v 1.19234836 7.08860779 -2.87858367
v 1.18843544 7.49367094 -2.86913705
v 0.98895770 7.89873409 -2.91337562
v 1.18477070 7.89873409 -2.86028957
v 1.22599399 4.25316477 -2.95981145
v 1.43468487 4.25316477 -2.90925312
v 1.22057843 4.65822792 -2.94673705
v 1.42794609 4.65822792 -2.89558816
v 1.64246523 4.25316477 -2.84483337
v 1.63454616 4.65822792 -2.83111691
v 1.21535075 5.06329107 -2.93411636
v 1.21032035 5.46835423 -2.92197156
v 1.42138493 5.06329107 -2.88228369
v 1.41501296 5.46835423 -2.86936235
v 1.40884125 5.87341785 -2.85684729
v 1.40288067 6.27848101 -2.84476066
v 1.39714217 6.68354416 -2.83312416
v 1.39163637 7.08860779 -2.82195926
v 1.61918986 5.46835423 -2.80451918
v 1.62678325 5.06329107 -2.81767130
v 1.61177886 5.87341785 -2.79168296
v 1.84715569 4.25316477 -2.76446390
v 1.83826554 4.65822792 -2.75115895
v 2.03675842 4.65822792 -2.65435529
v 2.04637432 4.25316477 -2.66688704
v 2.23780417 4.25316477 -2.55172658
v 2.22771072 4.65822792 -2.54021716
v 1.82950246 5.06329107 -2.73804402
v 1.82088065 5.46835423 -2.72514057
v 2.02723622 5.06329107 -2.64194560
v 2.01782250 5.46835423 -2.62967753
v 1.81241465 5.87341785 -2.71247005
v 2.00853276 5.87341785 -2.61757088
v 2.21767783 5.06329107 -2.52877688
v 2.20772052 5.46835423 -2.51742268
v 2.19785404 5.87341785 -2.50617218
v 1.60456312 6.27848101 -2.77918482
v 1.59755528 6.68354416 -2.76704693
v 1.38637340 7.49367094 -2.81128716
v 1.38136339 7.89873409 -2.80112791
v 1.59076774 7.08860779 -2.75529051
v 1.58421302 7.49367094 -2.74393749
v 1.57790303 7.89873409 -2.73300815
v 1.80411851 6.27848101 -2.70005417
v 1.99938190 6.27848101 -2.60564518
v 1.79600632 6.68354416 -2.68791342
v 1.99038506 6.68354416 -2.59392023
v 2.18809390 6.27848101 -2.49504280
v 2.17845559 6.68354416 -2.48405242
v 1.78809226 7.08860779 -2.67606926
v 1.78039026 7.49367094 -2.66454220
v 1.98155725 7.08860779 -2.58241582
v 1.77291381 7.89873409 -2.65335321
v 1.97291362 7.49367094 -2.57115102
v 1.96446884 7.89873409 -2.56014562
v 2.16895437 7.08860779 -2.47321844
v 2.15960598 7.49367094 -2.46255875
v 2.15042591 7.89873409 -2.45209098
v 2.33881402 0.20253165 -2.66690636
v 2.32891989 0.60759491 -2.65562439
v 2.52153182 0.20253165 -2.52153182
v 2.51163363 0.60759491 -2.51163363
v 2.69164181 0.20253165 -2.36050653
v 2.68182015 0.60759491 -2.35189295
v 2.31894350 1.01265824 -2.64424825
v 2.50163221 1.01265824 -2.50163221
v 2.49153996 1.41772151 -2.49153996
v 2.48136926 1.82278478 -2.48136926
v 2.67188549 1.01265824 -2.34318066
v 2.66184902 1.41772151 -2.33437896
v 2.84886432 0.20253165 -2.18601060
v 2.83912516 0.60759491 -2.17853737
v 2.82927489 1.01265824 -2.17097902
v 2.81932282 1.41772151 -2.16334248
v 2.65172124 1.82278478 -2.32549715
v 2.80927825 1.82278478 -2.15563512
v 2.84896350 1.99486566 -2.09707713
v 2.85685611 1.95538747 -2.08915949
v 2.99344373 0.20253165 -2.00015521
v 2.98372817 0.60759491 -1.99366343
v 2.97391391 1.01265824 -1.98710573
v 2.96400857 1.41772151 -1.98048711
v 2.97551298 1.49944282 -1.95944321
v 2.99992061 1.41772151 -1.92816520
v 2.98792553 1.45640087 -1.94361436
v 3.06588674 1.21524179 -1.84217179
v 3.06020045 1.23174715 -1.84963167
v 3.01699424 1.36230874 -1.90605807
v 3.02601528 1.33383048 -1.89433777
v 2.91242385 1.71283746 -2.03128242
v 2.93322730 1.64115286 -2.00855136
v 2.95054841 1.58287764 -1.98955798
v 2.96069312 1.55216134 -1.97827196
v 2.89267755 1.79162979 -2.05234838
v 2.87827587 1.84995496 -2.06758666
v 2.88502598 1.82278478 -2.06048179
v 3.00779986 1.94059169 -2.06829858
v 3.08347034 1.83252299 -2.03179598
v 3.36697268 1.42763960 -1.83905709
v 3.15703511 1.72746158 -1.98955595
v 3.22863173 1.62521112 -1.94280124
v 3.29851103 1.52541327 -1.89245760
v 2.47113252 2.22784805 -2.47113252
v 2.46084285 2.63291144 -2.46084285
v 2.45051384 3.03797460 -2.45051384
v 2.44015908 3.44303799 -2.44015908
v 2.42979217 3.84810138 -2.42979217
v 2.64151382 2.22784805 -2.31654549
v 2.79915071 2.22784805 -2.14786386
v 2.82589269 2.14820457 -2.11830044
v 2.82782292 2.13523507 -2.11653185
v 2.82462931 2.16120791 -2.11922932
v 2.82010818 2.20864296 -2.12261486
v 2.81827903 2.22784805 -2.12398386
v 2.85040021 2.16538167 -2.11851001
v 2.81023550 2.31005383 -2.12985301
v 2.80911684 2.33572555 -2.12994647
v 2.80278063 2.47988105 -2.13053918
v 2.63123822 2.63291144 -2.30753398
v 2.78895068 2.63291144 -2.14003706
v 2.80355167 2.55818343 -2.12560225
v 2.80387115 2.59392095 -2.12338948
v 2.80431294 2.63291144 -2.12098002
v 2.80452800 2.65704703 -2.11948562
v 2.81351376 2.80220580 -2.10095453
v 2.81582355 2.84030008 -2.09615135
v 2.82456136 2.91820025 -2.08134961
v 2.82670474 2.93683457 -2.07781696
v 2.62090635 3.03797460 -2.29847336
v 2.61053085 3.44303799 -2.28937411
v 2.77868843 3.03797460 -2.13216257
v 2.76837468 3.44303799 -2.12424874
v 2.60012436 3.84810138 -2.28024793
v 2.75802112 3.84810138 -2.11630392
v 2.83736086 3.02855468 -2.06029820
v 2.83893275 3.03797460 -2.05791044
v 2.84411311 3.06942844 -2.04992414
v 2.86423612 3.19294453 -2.01883268
v 2.93004394 2.05163884 -2.09767413
v 2.86841941 2.87725973 -2.09646940
v 2.95070195 2.75974798 -2.12055182
v 3.03331828 2.64175963 -2.13241100
v 3.11558318 2.52427340 -2.13242173
v 3.19685912 2.40819907 -2.12131119
v 3.27660823 2.29430580 -2.10012794
v 3.37959290 2.88484025 -2.13494968
v 3.35443449 2.18315840 -2.07016587
v 3.21464920 3.12040424 -2.09818697
v 3.29692864 3.00289726 -2.12274909
v 2.86872625 3.21999145 -2.01204109
v 2.89825797 3.35705447 -1.96932507
v 3.13344908 3.23637033 -2.06127191
v 3.05397773 3.34986711 -2.01230860
v 2.91031885 3.41352367 -1.95185602
v 2.91380906 3.42684889 -1.94694495
v 2.91588950 3.43596506 -1.94348836
v 2.91339993 3.44303799 -1.94667161
v 2.91752148 3.44303799 -1.94081199
v 2.97681713 3.46006393 -1.95182419
v 2.93508434 3.51966453 -1.91178024
v 2.95414925 3.60226655 -1.88029587
v 2.96588278 3.64494467 -1.86135173
v 2.96971798 3.65900064 -1.85515380
v 2.90312457 3.84810138 -1.93980587
v 3.40052104 3.59256387 -2.01238275
v 3.24953175 3.80819917 -1.87919688
v 3.32358432 3.70244098 -1.95121133
v 3.50360584 1.97011948 -1.98961139
v 3.57502985 1.86811543 -1.94171989
v 3.64463043 1.76871538 -1.89017344
v 3.54332376 2.65100861 -2.12396502
v 3.46194339 2.76723170 -2.13512373
v 3.62317252 2.53697276 -2.10249901
v 3.88979340 2.89381075 -2.12648630
v 3.43011451 2.07507610 -2.03285217
v 3.70106816 2.42572618 -2.07201219
v 3.77676129 2.31762528 -2.03394318
v 3.85018563 2.21276426 -1.98974717
v 3.92144537 2.11099482 -1.94075239
v 3.64320302 3.24597836 -2.12463546
v 3.56094885 3.36344934 -2.09954643
v 3.72589707 3.12787914 -2.13723159
v 3.80831861 3.01016879 -2.13762903
v 3.90731454 3.60640001 -2.10056734
v 3.47983694 3.47928929 -2.06201458
v 3.67049170 3.94461799 -1.95017529
v 3.82631397 3.72208071 -2.06238174
v 3.74717855 3.83509779 -2.01205325
v 3.96973681 2.77963972 -2.10480285
v 4.19677687 2.45539260 -1.98998463
v 3.99077582 2.01198053 -1.88802183
v 4.04770184 2.66829419 -2.07385421
v 4.12341166 2.56016898 -2.03508711
v 4.26788235 2.35384393 -1.93992281
v 4.33695269 2.25520134 -1.88602996
v 4.39433575 2.91086173 -2.07570839
v 4.47006798 2.80270481 -2.03630185
v 3.98952246 3.48899484 -2.12622857
v 4.07222843 3.37087870 -2.13927317
v 4.23626709 3.13660693 -2.12889028
v 4.15470743 3.25308657 -2.13995361
v 4.31630135 3.02230668 -2.10705471
v 4.50110865 3.49598646 -2.14211369
v 4.33588409 3.73195124 -2.12754726
v 4.25374222 3.84926248 -2.10126972
v 4.41858530 3.61384201 -2.14109230
v 4.17287493 3.96475220 -2.06239510
v 2.41942739 4.25316477 -2.41942739
v 2.40907907 4.65822792 -2.40907907
v 2.39876199 5.06329107 -2.39876199
v 2.38849092 5.46835423 -2.38849092
v 2.37828040 5.87341785 -2.37828040
v 2.57927060 4.65822792 -2.26195979
v 2.58969998 4.25316477 -2.27110577
v 2.74763894 4.25316477 -2.10833764
v 2.73724031 4.65822792 -2.10035825
v 2.56885028 5.06329107 -2.25282121
v 2.55845261 5.46835423 -2.24370265
v 2.54809189 5.87341785 -2.23461652
v 2.72683740 5.06329107 -2.09237599
v 2.71644282 5.46835423 -2.08439994
v 2.86184287 5.46835423 -1.91222227
v 2.70606947 5.87341785 -2.07644010
v 2.85153198 5.87341785 -1.90533268
v 2.89282060 4.25316477 -1.93292093
v 2.88249850 4.65822792 -1.92602384
v 2.87216878 5.06329107 -1.91912186
v 2.36814594 6.27848101 -2.36814594
v 2.35810256 6.68354416 -2.35810256
v 2.34816599 7.08860779 -2.34816599
v 2.33835125 7.49367094 -2.33835125
v 2.32867408 7.89873409 -2.32867408
v 2.53778219 6.27848101 -2.22557521
v 2.52753806 6.68354416 -2.21659136
v 2.69573045 6.27848101 -2.06850672
v 2.84124804 6.27848101 -1.89846122
v 2.68543911 6.68354416 -2.06060982
v 2.83100295 6.68354416 -1.89161563
v 2.51737452 7.08860779 -2.20767832
v 2.50730634 7.49367094 -2.19884872
v 2.49734855 7.89873409 -2.19011593
v 2.67520928 7.08860779 -2.05276036
v 2.66505504 7.49367094 -2.04496861
v 2.82080913 7.08860779 -1.88480437
v 2.81067944 7.49367094 -1.87803590
v 2.65499020 7.89873409 -2.03724551
v 2.80062652 7.89873409 -1.87131882
v 3.59675717 4.04992199 -1.87747169
v 3.94413900 4.29142141 -1.87533867
v 4.09394360 4.07747793 -2.01134348
v 4.01753092 4.18660641 -1.94874108
v 4.51951504 4.20731163 -2.06207824
v 4.44080925 4.31971455 -2.01027799
v 4.36469364 4.42841911 -1.94693470
v 4.29166651 4.53271246 -1.87282515
v 3.12596893 0.20253165 -1.80477905
v 3.11617088 0.60759491 -1.79912210
v 3.24715304 0.20253165 -1.60131872
v 3.14590192 0.98436898 -1.72870338
v 3.15589404 0.99147910 -1.72854221
v 3.14717817 0.98082840 -1.72675955
v 3.23714232 0.60759491 -1.59638190
v 3.18694639 0.87251145 -1.66607821
v 3.19168496 0.86086297 -1.65878034
v 3.22176766 0.89740181 -1.66545510
v 3.23334360 0.76051480 -1.59450865
v 3.23103809 0.76540262 -1.59810138
v 3.28637862 0.80512774 -1.59706020
v 3.35760832 0.20253165 -1.39076698
v 3.36743617 0.47681379 -1.35133231
v 3.23852348 0.74762690 -1.58540249
v 3.27360964 0.66096306 -1.52368534
v 3.29906774 0.60759491 -1.47833729
v 3.28421760 0.63870323 -1.50479114
v 3.34919643 0.71541464 -1.52226067
v 3.31964159 0.56447738 -1.44167542
v 3.33307028 0.54148835 -1.41744041
v 3.40946102 0.62934786 -1.44005489
v 3.34967494 0.51294672 -1.38748074
v 3.10629487 1.01265824 -1.79342020
v 3.10389733 1.11028206 -1.79203594
v 3.10504651 1.10657561 -1.79031897
v 3.10719705 1.09981644 -1.78709590
v 3.13222218 1.02528608 -1.74936187
v 3.13645339 1.01265824 -1.74298346
v 3.38149643 0.45420432 -1.32232046
v 3.39506555 0.43217292 -1.29433632
v 3.41541147 0.39909568 -1.25233865
v 3.00547743 3.78876448 -1.79806411
v 3.02448392 3.84810138 -1.76820493
v 3.02973700 3.86457443 -1.75990486
v 3.03473139 3.88009810 -1.75210297
v 3.04859686 3.92899203 -1.72670376
v 3.05986333 3.96901917 -1.70604873
v 3.17879748 3.90921831 -1.79709673
v 3.69244337 0.96281952 -1.51566541
v 3.46623588 0.54826510 -1.34970081
v 3.75237775 0.87722415 -1.43369555
v 3.50062275 1.23676777 -1.72299874
v 3.43428874 1.33150244 -1.78268731
v 3.56596112 1.14345467 -1.65926898
v 3.84537005 1.48202956 -1.71751225
v 3.91016102 1.38949859 -1.65309930
v 3.71271181 1.67148507 -1.83558369
v 3.77956128 1.57601416 -1.77812076
v 3.63006401 1.05190647 -1.59051859
v 4.05848312 1.91528463 -1.83224559
v 4.12486887 1.82047629 -1.77367699
v 4.19014931 1.72724593 -1.71212161
v 4.25438309 1.63551080 -1.64698732
v 4.03564978 1.21028209 -1.50898981
v 3.97373557 1.29870450 -1.58394623
v 4.09522152 1.12520492 -1.42720866
v 4.37883759 1.45777130 -1.50227714
v 4.43801641 1.37325525 -1.42063665
v 4.31741285 1.54549503 -1.57738590
v 3.51848936 0.47363940 -1.25085032
v 3.45765185 0.20253165 -1.17371464
v 3.45366240 0.35217211 -1.17236042
v 3.43072081 0.38050401 -1.22031593
v 3.46522593 0.33473659 -1.14483845
v 3.47890019 0.32014695 -1.11183691
v 3.56519628 0.40693486 -1.14363527
v 3.80896020 0.79641598 -1.34382975
v 3.86117601 0.72184438 -1.24566269
v 3.90800095 0.65497136 -1.13925540
v 3.51301503 0.28286806 -1.02957177
v 3.52586961 0.27412984 -0.99817258
v 3.53019404 0.27107400 -0.98761839
v 3.60544658 0.34945169 -1.02869105
v 3.54716897 0.20253165 -0.95046109
v 3.54556012 0.26016518 -0.95002997
v 3.56046772 0.24613412 -0.90767318
v 3.56999683 0.24139424 -0.88022089
v 3.63854480 0.30218235 -0.90711653
v 3.94851041 0.59711772 -1.02516758
v 4.20371389 0.97026157 -1.24027622
v 4.25061893 0.90327400 -1.13465834
v 3.98198056 0.54931748 -0.90442657
v 4.29135370 0.84509891 -1.02142203
v 4.32516718 0.79680818 -0.90152258
v 4.15157461 1.04472399 -1.33779049
v 4.49410582 1.29315102 -1.33162367
v 4.40429401 2.15902781 -1.82907391
v 4.47022057 2.06487489 -1.76939011
v 3.60458422 0.22315156 -0.78067225
v 3.61177874 0.22230376 -0.75970304
v 3.62149048 0.22088654 -0.73142052
v 3.66409183 0.26569751 -0.78037423
v 3.62555480 0.20253165 -0.72116768
v 3.62503433 0.22035879 -0.72106415
v 3.64516258 0.21382882 -0.65026569
v 3.68203044 0.24007854 -0.65014488
v 3.64884853 0.21429203 -0.63711876
v 3.68222642 0.21751076 -0.51817727
v 3.69265413 0.22490646 -0.51815659
v 3.68323898 0.21801953 -0.51452440
v 3.69173741 0.20253165 -0.48602644
v 3.68828893 0.22043747 -0.49631685
v 3.69115233 0.22180557 -0.48594940
v 3.69400096 0.22298308 -0.47273564
v 3.71145821 0.23026295 -0.39174739
v 3.71270037 0.23074287 -0.38599020
v 4.02637768 0.48591170 -0.64883280
v 4.00797129 0.51219910 -0.77843523
v 4.35158110 0.75908554 -0.77630162
v 4.37044430 0.73214614 -0.64735448
v 4.03744459 0.47010630 -0.51732808
v 4.04173708 0.46397653 -0.38552752
v 4.38195229 0.71571064 -0.51636726
v 4.38662481 0.70903742 -0.38494623
v 3.74427772 0.20253165 -0.24541293
v 3.73649716 0.25114071 -0.27409318
v 3.73714709 0.25169834 -0.27102360
v 3.74054098 0.25453389 -0.25500882
v 3.74257278 0.25706279 -0.24530117
v 3.75622201 0.27730760 -0.15115906
v 3.75984621 0.28262240 -0.12617435
v 3.78152585 0.20253165 0.00000000
v 3.76935554 0.30129692 -0.05963584
v 3.77302027 0.30850860 -0.03390985
v 3.77785039 0.31801635 0.00000000
v 3.78379130 0.34144318 0.08215325
v 3.78677034 0.35330164 0.12339176
v 4.04007196 0.46635449 -0.25478375
v 4.03342295 0.47585022 -0.12608482
v 4.38524294 0.71101147 -0.25446394
v 4.37875462 0.72027773 -0.12594396
v 4.02280283 0.49101704 0.00000000
v 4.00914621 0.51052111 0.12331067
v 4.36816406 0.73540270 0.00000000
v 4.35441113 0.75504339 0.12316222
v 3.02529168 4.25316477 -1.74665296
v 3.11176252 4.00495386 -1.70567000
v 3.08425069 4.04424477 -1.66197813
v 3.08842325 4.05703831 -1.65444219
v 3.11604309 4.14118290 -1.60496950
v 3.01503229 4.65822792 -1.74072969
v 3.39734387 4.33471346 -1.60215306
v 3.13424230 4.18982697 -1.57273638
v 3.13515997 4.65822792 -1.54608977
v 3.14620519 4.22202873 -1.55153668
v 3.15062046 4.23539543 -1.54241216
v 3.14541626 4.25316477 -1.55114770
v 3.15651345 4.25316477 -1.53029668
v 3.17333317 4.30396605 -1.49564242
v 3.33931303 4.41759014 -1.49377763
v 3.21023035 4.40167046 -1.42044711
v 3.21736622 4.42049217 -1.40598118
v 3.23070765 4.45595026 -1.37891972
v 3.24750686 4.49517345 -1.34516132
v 3.28606248 4.49363995 -1.37824690
v 2.99451971 5.46835423 -1.72888684
v 3.00477171 5.06329107 -1.73480570
v 2.98428655 5.87341785 -1.72297859
v 3.12491727 5.06329107 -1.54103875
v 3.11469674 5.46835423 -1.53599846
v 3.10450649 5.87341785 -1.53097320
v 3.26075387 4.52978420 -1.31409490
v 3.27057433 4.55530930 -1.29107356
v 3.24334478 4.65822792 -1.34343731
v 3.28575349 4.59468460 -1.25558400
v 3.29629850 4.61852217 -1.23115838
v 3.31371236 4.65822792 -1.19079936
v 3.33011818 4.69565153 -1.15275323
v 3.33853936 4.71482086 -1.13328147
v 3.34104872 4.72124958 -1.12645328
v 3.36834383 4.78144169 -1.05290306
v 3.38658404 4.82205391 -1.00372267
v 3.39072847 4.83127594 -0.99255770
v 3.23304009 5.06329107 -1.33916903
v 3.22277713 5.46835423 -1.33491790
v 3.32954502 5.06329107 -1.13022828
v 3.31915545 5.46835423 -1.12670147
v 3.21256304 5.87341785 -1.33068717
v 3.30883765 5.87341785 -1.12319899
v 3.41463780 5.06329107 -0.91494942
v 3.40404582 5.46835423 -0.91211128
v 3.39354968 5.87341785 -0.90929890
v 2.97408199 6.27848101 -1.71708703
v 2.96391678 6.68354416 -1.71121824
v 3.09435582 6.27848101 -1.52596736
v 3.08425331 6.68354416 -1.52098548
v 2.95380211 7.08860779 -1.70537841
v 2.94374895 7.49367094 -1.69957423
v 2.93376899 7.89873409 -1.69381225
v 3.07420921 7.08860779 -1.51603222
v 3.06423259 7.49367094 -1.51111233
v 3.05433393 7.89873409 -1.50623083
v 3.20240569 6.27848101 -1.32647991
v 3.29859805 6.27848101 -1.11972320
v 3.19231296 6.68354416 -1.32229936
v 3.28844404 6.68354416 -1.11627638
v 3.38315606 6.27848101 -0.90651393
v 3.37287116 6.68354416 -0.90375805
v 3.18229318 7.08860779 -1.31814897
v 3.17235446 7.49367094 -1.31403220
v 3.27838278 7.08860779 -1.11286104
v 3.26842141 7.49367094 -1.10947955
v 3.16250587 7.89873409 -1.30995274
v 3.25856781 7.89873409 -1.10613465
v 3.36270118 7.08860779 -0.90103304
v 3.35265303 7.49367094 -0.89834064
v 3.34273338 7.89873409 -0.89568269
v 3.52640724 4.15039206 -1.79472125
v 3.45982027 4.24548817 -1.70270097
v 3.87419724 4.39130878 -1.79193652
v 3.80808091 4.48573256 -1.69932902
v 3.74613309 4.57420301 -1.59827399
v 3.68868375 4.65624905 -1.48948669
v 3.63605952 4.73140430 -1.37365472
v 4.22215509 4.63198566 -1.78877068
v 4.09512901 4.81339741 -1.59403491
v 4.15652943 4.72570848 -1.69558287
v 4.50515127 4.96543694 -1.69149256
v 4.03827667 4.89459133 -1.48485625
v 3.98629022 4.96883535 -1.36874986
v 4.44431400 5.05232143 -1.58946562
v 4.38807201 5.13264370 -1.47991633
v 4.33673286 5.20596361 -1.36356151
v 3.58858395 4.79920673 -1.25146699
v 3.54656506 4.85921574 -1.12364519
v 3.51027250 4.91104698 -0.99096811
v 3.41932344 4.88561583 -0.91620493
v 3.43216300 4.91310310 -0.87526757
v 3.43857908 4.92698860 -0.85479796
v 3.47991014 4.95440912 -0.85428226
v 3.93948126 5.03568554 -1.24641943
v 3.89814138 5.09472513 -1.11860025
v 3.86251974 5.14559793 -0.98608214
v 4.29059553 5.27185488 -1.24111927
v 4.24993420 5.32992506 -1.11333740
v 4.21497774 5.37984800 -0.98101503
v 3.41500473 7.89873409 -0.67928666
v 3.44184709 4.93289137 -0.84447265
v 3.46529913 4.97527552 -0.77030808
v 3.48305297 5.00723505 -0.71417433
v 3.48734117 5.01357126 -0.70073557
v 3.48945880 5.01673412 -0.69409651
v 3.49491239 5.02592802 -0.67308873
v 3.48819923 5.06329107 -0.69384593
v 3.47735333 5.46835423 -0.69168860
v 3.46662736 5.87341785 -0.68955505
v 3.83279657 5.18804693 -0.84971672
v 3.80905557 5.22195244 -0.71040595
v 3.51704645 5.06329107 -0.58764619
v 3.52117848 5.07026243 -0.57170993
v 3.53148794 5.08390236 -0.53233951
v 3.54323483 5.09963274 -0.48745960
v 3.54853582 5.10673714 -0.46717361
v 3.53861260 5.46835423 -0.46586719
v 3.55635929 5.11882734 -0.42830887
v 3.56837201 5.13221216 -0.36932760
v 3.52763724 5.87341785 -0.46442226
v 3.79126668 5.24735785 -0.56907117
v 3.77927852 5.26447868 -0.42660803
v 4.18588209 5.42140102 -0.84500742
v 4.16270590 5.45449972 -0.70621240
v 4.51650667 5.68683195 -0.70192963
v 4.14539433 5.47922325 -0.56553805
v 4.13377380 5.49581861 -0.42385757
v 4.49964952 5.71090651 -0.56194514
v 4.48837137 5.72701359 -0.42107177
v 3.58536100 5.15139627 -0.28587997
v 3.58557773 5.15164089 -0.28481364
v 3.59566784 5.15911865 -0.23567252
v 3.59908342 5.16178179 -0.21185604
v 3.60911536 5.16972828 -0.14188130
v 3.58699346 5.46835423 -0.23510396
v 3.57578707 5.87341785 -0.23436947
v 3.77282882 5.27368975 -0.28383592
v 3.77157235 5.27548456 -0.14145190
v 3.62048030 5.17305040 -0.06370577
v 3.62082720 5.17315149 -0.06131354
v 3.62971973 5.17576838 -0.00000000
v 3.62137747 5.46835423 0.00000000
v 3.63657594 5.17034769 0.08353260
v 3.60999513 5.87341785 0.00000000
v 3.77512074 5.27041626 -0.00000000
v 4.12756729 5.50468254 -0.28195971
v 4.12642097 5.50632000 -0.14050522
v 4.48237991 5.73556995 -0.28006652
v 4.48131561 5.73709011 -0.13955331
v 4.12994814 5.50128269 -0.00000000
v 4.48479462 5.73212147 -0.00000000
v 3.45602679 6.27848101 -0.68744648
v 3.44555807 6.68354416 -0.68536413
v 3.51680827 6.27848101 -0.46299657
v 3.50613189 6.68354416 -0.46159104
v 3.43522739 7.08860779 -0.68330920
v 3.42504072 7.49367094 -0.68128294
v 3.49561453 7.08860779 -0.46020639
v 3.48526216 7.49367094 -0.45884347
v 3.47508144 7.89873409 -0.45750314
v 3.56474400 6.27848101 -0.23364566
v 3.55387044 6.68354416 -0.23293298
v 3.59878731 6.27848101 0.00000000
v 3.58776140 6.68354416 0.00000000
v 3.54317355 7.08860779 -0.23223186
v 3.53265953 7.49367094 -0.23154274
v 3.52233481 7.89873409 -0.23086601
v 3.57692456 7.08860779 0.00000000
v 3.56628418 7.49367094 0.00000000
v 3.55584741 7.89873409 0.00000000
v 0.20445171 8.30379772 -3.11933017
v 0.20480855 8.70886040 -3.12477469
v 0.40342528 8.30379772 -3.06431937
v 0.40375578 8.70886040 -3.06682968
v 0.59896183 8.30379772 -3.01118469
v 0.59887809 8.70886040 -3.01076365
v 0.20521681 9.11392403 -3.13100362
v 0.20567644 9.51898766 -3.13801622
v 0.20618735 9.92405033 -3.14581108
v 0.40419263 9.11392403 -3.07014775
v 0.40473625 9.51898766 -3.07427692
v 0.40538698 9.92405033 -3.07921982
v 0.59895432 9.11392403 -3.01114655
v 0.59919184 9.51898766 -3.01234078
v 0.59959197 9.92405033 -3.01435256
v 0.79294479 8.30379772 -2.95931029
v 0.79209375 8.70886040 -2.95613408
v 0.98681486 8.30379772 -2.90706277
v 1.18136191 8.30379772 -2.85205984
v 0.98491222 8.70886040 -2.90145779
v 1.17821634 8.70886040 -2.84446573
v 0.79145026 9.11392403 -2.95373249
v 0.79101717 9.51898766 -2.95211625
v 0.79079723 9.92405033 -2.95129538
v 0.98325479 9.11392403 -2.89657521
v 1.17534113 9.11392403 -2.83752465
v 0.98184747 9.51898766 -2.89242935
v 0.98069471 9.92405033 -2.88903356
v 1.17274344 9.51898766 -2.83125305
v 1.17042971 9.92405033 -2.82566714
v 0.20674942 10.32911396 -3.15438676
v 0.20736250 10.73417759 -3.16374063
v 0.40614507 10.32911396 -3.08497787
v 0.40701064 10.73417759 -3.09155297
v 0.60015595 10.32911396 -3.01718760
v 0.60088468 10.73417759 -3.02085114
v 0.20802641 11.13924026 -3.17386961
v 0.20950578 11.94936752 -3.19644046
v 0.20874092 11.54430389 -3.18477106
v 0.40798387 11.13924026 -3.09894538
v 0.40906474 11.54430389 -3.10715532
v 0.41025323 11.94936752 -3.11618257
v 0.60177904 11.13924026 -3.02534771
v 0.60283995 11.54430389 -3.03068089
v 0.60406786 11.94936752 -3.03685427
v 0.79079294 10.32911396 -2.95127940
v 0.79100674 10.73417759 -2.95207739
v 0.97980088 10.32911396 -2.88640046
v 1.16840649 10.32911396 -2.82078266
v 0.97917014 10.73417759 -2.88454223
v 0.79144073 11.13924026 -2.95369720
v 0.79209703 11.54430389 -2.95614624
v 0.79297739 11.94936752 -2.95943189
v 0.97880644 11.13924026 -2.88347077
v 0.97871333 11.54430389 -2.88319659
v 0.97889447 11.94936752 -2.88373017
v 1.16667986 10.73417759 -2.81661439
v 1.16525590 11.13924026 -2.81317663
v 1.16414022 11.54430389 -2.81048322
v 1.16333830 11.94936752 -2.80854726
v 1.37661636 8.30379772 -2.79150176
v 1.37214172 8.70886040 -2.78242826
v 1.57184970 8.30379772 -2.72252369
v 1.56606483 8.70886040 -2.71250391
v 1.75869250 8.70886040 -2.63206935
v 1.36794901 9.11392403 -2.77392626
v 1.36404741 9.51898766 -2.76601458
v 1.36044562 9.92405033 -2.75871086
v 1.56055975 9.11392403 -2.70296884
v 1.75197411 9.11392403 -2.62201452
v 1.55534577 9.51898766 -2.69393802
v 1.55043387 9.92405033 -2.68543029
v 1.74553490 9.51898766 -2.61237764
v 1.73938751 9.92405033 -2.60317731
v 1.76567686 8.30379772 -2.64252210
v 1.95623779 8.30379772 -2.54941869
v 1.94823527 8.70886040 -2.53898954
v 2.14142966 8.30379772 -2.44183278
v 2.13263273 8.70886040 -2.43180180
v 1.94047594 9.11392403 -2.52887750
v 1.93297422 9.51898766 -2.51910090
v 1.92574441 9.92405033 -2.50967884
v 2.12405062 9.11392403 -2.42201567
v 2.11569881 9.51898766 -2.41249204
v 2.10759234 9.92405033 -2.40324831
v 2.30979538 8.70886040 -2.30979538
v 2.30062532 9.11392403 -2.30062532
v 2.29165578 9.51898766 -2.29165578
v 2.28290224 9.92405033 -2.28290224
v 1.35715234 10.32911396 -2.75203276
v 1.35417604 10.73417759 -2.74599743
v 1.54583490 10.32911396 -2.67746449
v 1.73354483 10.32911396 -2.59443307
v 1.54155922 10.73417759 -2.67005873
v 1.72801912 10.73417759 -2.58616352
v 1.35152471 11.13924026 -2.74062109
v 1.34920633 11.54430389 -2.73591995
v 1.34722853 11.94936752 -2.73190928
v 1.53761721 11.13924026 -2.66323113
v 1.72282279 11.13924026 -2.57838655
v 1.53401887 11.54430389 -2.65699863
v 1.53077412 11.94936752 -2.65137863
v 1.71796787 11.54430389 -2.57112074
v 1.71346617 11.94936752 -2.56438327
v 1.91880071 10.32911396 -2.50062990
v 1.91215742 10.73417759 -2.49197197
v 2.09974647 10.32911396 -2.39430213
v 2.09217668 10.73417759 -2.38567042
v 1.90582812 11.13924026 -2.48372364
v 1.89416659 11.94936752 -2.46852589
v 1.89982665 11.54430389 -2.47590232
v 2.08489799 11.13924026 -2.37737060
v 2.07792521 11.54430389 -2.36941957
v 2.07127309 11.94936752 -2.36183429
v 2.27438092 10.32911396 -2.27438092
v 2.26610732 10.73417759 -2.26610732
v 2.25809741 11.13924026 -2.25809741
v 2.25036645 11.54430389 -2.25036645
v 2.24293041 11.94936752 -2.24293041
v 0.21032074 12.35443020 -3.20887446
v 0.21118549 12.75949383 -3.22206783
v 0.41154915 12.35443020 -3.12602615
v 0.41295242 12.75949383 -3.13668513
v 0.60546350 12.35443020 -3.04387045
v 0.60702717 12.75949383 -3.05173159
v 0.21209970 13.16455650 -3.23601604
v 0.21306305 13.56962013 -3.25071406
v 0.21407518 13.97468376 -3.26615596
v 0.41446277 13.16455650 -3.14815736
v 0.41607991 13.56962013 -3.16044068
v 0.41780353 13.97468376 -3.17353272
v 0.61066008 13.56962013 -3.06999540
v 0.61272961 13.97468376 -3.08039975
v 0.60875928 13.16455650 -3.06043959
v 0.79408354 12.35443020 -2.96356010
v 0.79541701 12.75949383 -2.96853685
v 0.97935301 12.35443020 -2.88508105
v 0.98009217 12.75949383 -2.88725853
v 0.79697925 13.16455650 -2.97436714
v 0.79877150 13.56962013 -2.98105574
v 0.80079478 13.97468376 -2.98860693
v 0.98111480 13.16455650 -2.89027095
v 0.98242366 13.56962013 -2.89412665
v 0.98402125 13.97468376 -2.89883304
v 0.21740036 15.18987370 -3.31688833
v 0.21860366 15.59493637 -3.33524728
v 0.21985370 16.00000000 -3.35431933
v 0.21513569 14.37974644 -3.28233647
v 0.21624422 14.78481007 -3.29924941
v 0.41963321 14.37974644 -3.18743062
v 0.61496806 14.37974644 -3.09165311
v 0.42156851 14.78481007 -3.20213079
v 0.61737531 14.78481007 -3.10375524
v 0.42360902 15.18987370 -3.21762991
v 0.61995131 15.18987370 -3.11670566
v 0.42575419 15.59493637 -3.23392415
v 0.42800346 16.00000000 -3.25100899
v 0.62269586 15.59493637 -3.13050342
v 0.62560874 16.00000000 -3.14514732
v 0.80305022 14.37974644 -2.99702406
v 0.80553854 14.78481007 -3.00631070
v 0.98590994 14.37974644 -2.90439701
v 0.98809195 14.78481007 -2.91082501
v 0.80826056 15.18987370 -3.01646948
v 0.81121695 15.59493637 -3.02750278
v 0.81440806 16.00000000 -3.03941226
v 0.99056929 15.18987370 -2.91812301
v 1.16880035 15.18987370 -2.82173347
v 0.99334389 15.59493637 -2.92629671
v 0.99641746 16.00000000 -2.93535137
v 1.17103159 15.59493637 -2.82712030
v 1.17361915 16.00000000 -2.83336735
v 1.16285539 12.35443020 -2.80738139
v 1.16269660 12.75949383 -2.80699778
v 1.16286647 13.16455650 -2.80740809
v 1.16336977 13.56962013 -2.80862308
v 1.16421068 13.97468376 -2.81065321
v 1.16539359 14.37974644 -2.81350899
v 1.16692221 14.78481007 -2.81719923
v 1.34559858 12.35443020 -2.72860408
v 1.34432364 12.75949383 -2.72601867
v 1.52789235 12.35443020 -2.64638734
v 1.52538300 12.75949383 -2.64204097
v 1.70932925 12.35443020 -2.55819201
v 1.70556843 12.75949383 -2.55256343
v 1.34341061 13.16455650 -2.72416735
v 1.34286618 13.56962013 -2.72306323
v 1.34269679 13.97468376 -2.72271967
v 1.52325511 13.16455650 -2.63835526
v 1.52151740 13.56962013 -2.63534546
v 1.52017856 13.97468376 -2.63302636
v 1.70219493 13.16455650 -2.54751468
v 1.69921958 13.56962013 -2.54306173
v 1.69665313 13.97468376 -2.53922081
v 1.88886118 12.35443020 -2.46161175
v 1.88392377 12.75949383 -2.45517707
v 2.06495667 12.35443020 -2.35463166
v 2.05899000 12.75949383 -2.34782815
v 1.87936711 13.16455650 -2.44923878
v 1.87520397 13.56962013 -2.44381356
v 1.87144709 13.97468376 -2.43891740
v 2.05338788 13.16455650 -2.34144020
v 2.04816461 13.56962013 -2.33548427
v 2.04333425 13.97468376 -2.32997608
v 2.23580480 12.35443020 -2.23580480
v 2.22900510 12.75949383 -2.22900510
v 2.22254658 13.16455650 -2.22254658
v 2.21644473 13.56962013 -2.21644473
v 2.21071458 13.97468376 -2.21071458
v 1.34290850 14.37974644 -2.72314906
v 1.34350729 14.78481007 -2.72436309
v 1.51924682 14.37974644 -2.63141274
v 1.51873028 14.78481007 -2.63051796
v 1.69450605 14.37974644 -2.53600740
v 1.69278848 14.78481007 -2.53343701
v 1.34449887 15.18987370 -2.72637391
v 1.34588885 15.59493637 -2.72919250
v 1.34768248 16.00000000 -2.73282957
v 1.51863682 15.18987370 -2.63035631
v 1.51897418 15.59493637 -2.63094044
v 1.51974964 16.00000000 -2.63228369
v 1.69151044 15.18987370 -2.53152418
v 1.69068158 15.59493637 -2.53028393
v 1.69031167 16.00000000 -2.52973008
v 1.86810875 14.37974644 -2.43456674
v 1.86520112 14.78481007 -2.43077755
v 1.86273611 15.18987370 -2.42756510
v 1.86072552 15.59493637 -2.42494464
v 1.85918081 16.00000000 -2.42293167
v 2.03490734 14.78481007 -2.32036710
v 2.03891039 14.37974644 -2.32493186
v 2.20537138 14.37974644 -2.20537138
v 2.20042992 14.78481007 -2.20042992
v 2.03133821 15.18987370 -2.31629753
v 2.02821708 15.59493637 -2.31273818
v 2.02555656 16.00000000 -2.30970454
v 2.19590545 15.18987370 -2.19590545
v 2.19181228 15.59493637 -2.19181228
v 2.18816543 16.00000000 -2.18816543
v 2.31915021 8.30379772 -2.31915021
v 2.48751640 8.30379772 -2.18149352
v 2.47782540 8.70886040 -2.17299461
v 2.64502954 8.30379772 -2.02960253
v 2.79066372 8.30379772 -1.86466193
v 2.63518739 8.70886040 -2.02205038
v 2.78080463 8.70886040 -1.85807419
v 2.46829104 9.11392403 -2.16463327
v 2.44975424 9.92405033 -2.14837694
v 2.45892882 9.51898766 -2.15642262
v 2.62547851 9.11392403 -2.01460052
v 2.77106261 9.11392403 -1.85156488
v 2.61591792 9.51898766 -2.00726438
v 2.60652089 9.92405033 -2.00005388
v 2.76145196 9.51898766 -1.84514320
v 2.75198650 9.92405033 -1.83881855
v 2.44078350 10.32911396 -2.14050961
v 2.43203211 10.73417759 -2.13283491
v 2.58827806 10.73417759 -1.98605549
v 2.59730244 10.32911396 -1.99298024
v 2.42351604 11.13924026 -2.12536645
v 2.41525078 11.54430389 -2.11811829
v 2.40725279 11.94936752 -2.11110425
v 2.57946301 11.13924026 -1.97929156
v 2.57087326 11.54430389 -1.97270036
v 2.56252408 11.94936752 -1.96629393
v 2.39953780 12.35443020 -2.10433817
v 2.39212155 12.75949383 -2.09783435
v 2.55443144 12.35443020 -1.96008420
v 2.54661107 12.75949383 -1.95408344
v 2.38502026 13.16455650 -2.09160662
v 2.37824917 13.56962013 -2.08566856
v 2.53907895 13.16455650 -1.94830382
v 2.37182474 13.97468376 -2.08003449
v 2.53185081 13.56962013 -1.94275749
v 2.52494264 13.97468376 -1.93745673
v 2.36576247 14.37974644 -2.07471800
v 2.51837063 14.37974644 -1.93241370
v 2.36007786 14.78481007 -2.06973267
v 2.51215005 14.78481007 -1.92764056
v 2.35478687 15.18987370 -2.06509280
v 2.50629759 15.18987370 -1.92314982
v 2.34990525 15.59493637 -2.06081152
v 2.34544802 16.00000000 -2.05690265
v 2.50082874 15.59493637 -1.91895342
v 2.49575973 16.00000000 -1.91506386
v 2.92387390 8.30379772 -1.68809938
v 2.91407585 8.70886040 -1.68244243
v 3.04452372 8.30379772 -1.50139296
v 3.03481221 8.70886040 -1.49660385
v 2.90438724 9.11392403 -1.67684865
v 2.89482045 9.51898766 -1.67132545
v 2.88538885 9.92405033 -1.66588008
v 3.02521086 9.11392403 -1.49186897
v 3.01573062 9.51898766 -1.48719382
v 3.00638318 9.92405033 -1.48258412
v 3.15275621 8.30379772 -1.30591440
v 3.24882960 8.30379772 -1.10282910
v 3.14311504 8.70886040 -1.30192089
v 3.33294964 8.30379772 -0.89306116
v 3.23921537 8.70886040 -1.09956551
v 3.32330871 8.70886040 -0.89047790
v 3.13359213 9.11392403 -1.29797637
v 3.12419677 9.51898766 -1.29408467
v 3.11493969 9.92405033 -1.29025030
v 3.22973323 9.11392403 -1.09634674
v 3.31381822 9.11392403 -0.88793492
v 3.22039199 9.51898766 -1.09317577
v 3.21120048 9.92405033 -1.09005570
v 3.30448580 9.51898766 -0.88543433
v 3.29531932 9.92405033 -0.88297814
v 2.74268055 10.32911396 -1.83260059
v 2.73354888 10.73417759 -1.82649899
v 2.72460628 11.13924026 -1.82052362
v 2.85803628 11.13924026 -1.65008795
v 2.71586704 11.54430389 -1.81468439
v 2.70734668 11.94936752 -1.80899119
v 2.84927797 11.54430389 -1.64503145
v 2.84072256 11.94936752 -1.64009202
v 2.87610531 10.32911396 -1.66052020
v 2.86698318 10.73417759 -1.65525353
v 2.99718022 10.32911396 -1.47804570
v 2.98813391 10.73417759 -1.47358453
v 2.97925615 11.13924026 -1.46920657
v 2.97056007 11.54430389 -1.46491814
v 2.96205807 11.94936752 -1.46072531
v 3.10583115 10.32911396 -1.28647745
v 3.09688187 10.73417759 -1.28277051
v 3.20216799 10.32911396 -1.08698952
v 3.28632689 10.32911396 -0.88056862
v 3.19330359 10.73417759 -1.08398056
v 3.27751684 10.73417759 -0.87820798
v 3.08810258 11.13924026 -1.27913392
v 3.07950449 11.54430389 -1.27557254
v 3.07109928 11.94936752 -1.27209103
v 3.18461728 11.13924026 -1.08103192
v 3.26889753 11.13924026 -0.87589842
v 3.17611861 11.54430389 -1.07814693
v 3.16781807 11.94936752 -1.07532930
v 3.26047754 11.54430389 -0.87364233
v 3.25226641 11.94936752 -0.87144214
v 3.40512586 8.30379772 -0.67732161
v 3.39541054 8.70886040 -0.67538917
v 3.38586617 9.11392403 -0.67349064
v 3.37649918 9.51898766 -0.67162746
v 3.36731696 9.92405033 -0.66980094
v 3.35832644 10.32911396 -0.66801268
v 3.34953547 10.73417759 -0.66626406
v 3.40915966 10.73417759 -0.44882438
v 3.34095144 11.13924026 -0.66455656
v 3.33258224 11.54430389 -0.66289181
v 3.32443571 11.94936752 -0.66127139
v 3.40058589 11.13924026 -0.44769561
v 3.39224362 11.54430389 -0.44659737
v 3.38414049 11.94936752 -0.44553056
v 3.46507835 8.30379772 -0.45618623
v 3.45525956 8.70886040 -0.45489356
v 3.44563150 9.11392403 -0.45362601
v 3.43620086 9.51898766 -0.45238441
v 3.42697406 9.92405033 -0.45116970
v 3.51220632 8.30379772 -0.23020215
v 3.50228024 8.70886040 -0.22955157
v 3.54562092 8.30379772 0.00000000
v 3.53561187 8.70886040 0.00000000
v 3.49256325 9.11392403 -0.22891468
v 3.48306179 9.51898766 -0.22829193
v 3.47378230 9.92405033 -0.22768372
v 3.52582693 9.11392403 0.00000000
v 3.51627278 9.51898766 0.00000000
v 3.50695658 9.92405033 0.00000000
v 3.41795802 10.32911396 -0.44998270
v 3.46473169 10.32911396 -0.22709051
v 3.45591640 10.73417759 -0.22651272
v 3.49788475 10.32911396 0.00000000
v 3.48906374 10.73417759 0.00000000
v 3.44734287 11.13924026 -0.22595079
v 3.43901825 11.54430389 -0.22540517
v 3.43094921 11.94936752 -0.22487628
v 3.48050046 11.13924026 0.00000000
v 3.47220159 11.54430389 0.00000000
v 3.46417379 11.94936752 0.00000000
v 2.69906020 12.35443020 -1.80345440
v 2.83238435 12.35443020 -1.63527775
v 2.69102263 12.75949383 -1.79808390
v 2.82427716 12.75949383 -1.63059723
v 2.68324971 13.16455650 -1.79289019
v 2.81641603 13.16455650 -1.62605858
v 2.67575669 13.56962013 -1.78788352
v 2.66855907 13.97468376 -1.78307426
v 2.80881548 13.56962013 -1.62167037
v 2.80149031 13.97468376 -1.61744118
v 2.95376301 12.35443020 -1.45663476
v 2.94568849 12.75949383 -1.45265281
v 2.93784761 13.16455650 -1.44878614
v 2.93025398 13.56962013 -1.44504130
v 2.92292142 13.97468376 -1.44142532
v 3.06289864 12.35443020 -1.26869416
v 3.05491400 12.75949383 -1.26538682
v 3.15972567 12.35443020 -1.07258236
v 3.24427271 12.35443020 -0.86930025
v 3.15185213 12.75949383 -1.06990969
v 3.23650599 12.75949383 -0.86721915
v 3.04715800 13.16455650 -1.26217425
v 3.03964281 13.56962013 -1.25906122
v 3.03238082 13.97468376 -1.25605321
v 3.13680553 13.56962013 -1.06480205
v 3.12965465 13.97468376 -1.06237459
v 3.14420843 13.16455650 -1.06731498
v 3.22897601 13.16455650 -0.86520147
v 3.22169232 13.56962013 -0.86324984
v 3.21466494 13.97468376 -0.86136687
v 2.66167283 14.37974644 -1.77847290
v 2.79445529 14.37974644 -1.61337960
v 2.65511346 14.78481007 -1.77409005
v 2.78772593 14.78481007 -1.60949433
v 2.64889646 15.18987370 -1.76993608
v 2.78131700 15.18987370 -1.60579407
v 2.64303827 15.59493637 -1.76602161
v 2.63755417 16.00000000 -1.76235735
v 2.77524400 15.59493637 -1.60228789
v 2.76952219 16.00000000 -1.59898436
v 2.91586399 14.37974644 -1.43794501
v 2.90909553 14.78481007 -1.43460715
v 2.90263081 15.18987370 -1.43141901
v 2.89648366 15.59493637 -1.42838764
v 2.89066911 16.00000000 -1.42552018
v 3.02538490 14.37974644 -1.25315547
v 3.01866817 14.78481007 -1.25037324
v 3.12276721 14.37974644 -1.06003666
v 3.11615491 14.78481007 -1.05779207
v 3.20790434 14.37974644 -0.85955536
v 3.20142055 14.78481007 -0.85781801
v 3.01224351 15.18987370 -1.24771202
v 3.00032401 16.00000000 -1.24277484
v 3.00612426 15.59493637 -1.24517739
v 3.10982966 15.18987370 -1.05564487
v 3.10380340 15.59493637 -1.05359924
v 3.09808874 16.00000000 -1.05165935
v 3.19522429 15.18987370 -0.85615778
v 3.18932676 15.59493637 -0.85457748
v 3.31652021 12.35443020 -0.65969688
v 3.30884385 12.75949383 -0.65816993
v 3.37628388 12.35443020 -0.44449618
v 3.36868072 12.75949383 -0.44349524
v 3.30141497 13.16455650 -0.65669227
v 3.29424262 13.56962013 -0.65526557
v 3.28733540 13.97468376 -0.65389168
v 3.36133933 13.16455650 -0.44252872
v 3.35426712 13.56962013 -0.44159764
v 3.34747195 13.97468376 -0.44070303
v 3.41560483 12.75949383 -0.22387058
v 3.40834379 13.16455650 -0.22339466
v 3.40136623 13.56962013 -0.22293733
v 3.39467955 13.97468376 -0.22249906
v 3.28070259 14.37974644 -0.65257233
v 3.27435327 14.78481007 -0.65130937
v 3.34096217 14.37974644 -0.43984601
v 3.33474565 14.78481007 -0.43902761
v 3.26829696 15.18987370 -0.65010470
v 3.18373847 16.00000000 -0.85308015
v 3.26254320 15.59493637 -0.64896017
v 3.25710177 16.00000000 -0.64787781
v 3.32883120 15.18987370 -0.43824893
v 3.32322717 15.59493637 -0.43751115
v 3.31794214 16.00000000 -0.43681535
v 3.38829064 14.37974644 -0.22208031
v 3.38220739 14.78481007 -0.22168159
v 3.41612911 14.78481007 0.00000000
v 3.37643719 15.18987370 -0.22130339
v 3.37098765 15.59493637 -0.22094621
v 3.36586666 16.00000000 -0.22061056
v 3.41051149 15.18987370 0.00000000
v 3.40522599 15.59493637 0.00000000
v 3.40028000 16.00000000 0.00000000
v 3.42314243 12.35443020 -0.22436461
v 3.45642352 12.35443020 0.00000000
v 3.44895768 12.75949383 0.00000000
v 3.44178271 13.16455650 0.00000000
v 3.43490577 13.56962013 0.00000000
v 3.42833304 13.97468376 0.00000000
v 3.42207193 14.37974644 0.00000000
v -4.28251886 0.20253165 0.28069112
v -4.27902842 0.60759491 0.28046232
v -4.28772688 0.20253165 0.56448996
v -4.28236675 0.60759491 0.56378424
v -4.27502441 1.01265824 0.28019992
v -4.27051640 1.41772151 0.27990443
v -4.26551342 1.82278478 0.27957654
v -4.27646208 1.01265824 0.56300694
v -4.27002525 1.41772151 0.56215948
v -4.26306820 1.82278478 0.56124353
v -4.26738691 0.20253165 0.84883606
v -4.25986528 0.60759491 0.84733987
v -4.25178146 1.01265824 0.84573197
v -4.24315071 1.41772151 0.84401518
v -4.23398829 1.82278478 0.84219265
v -4.26002693 2.22784805 0.27921692
v -4.25406742 2.63291144 0.27882630
v -4.25560379 2.22784805 0.56026089
v -4.24764681 2.63291144 0.55921328
v -4.24764681 3.03797460 0.27840549
v -4.24077749 3.44303799 0.27795523
v -4.23347235 3.84810138 0.27747643
v -4.23921061 3.03797460 0.55810267
v -4.23031044 3.44303799 0.55693090
v -4.22096157 3.84810138 0.55570012
v -4.22430992 2.22784805 0.84026754
v -4.21413279 2.63291144 0.83824313
v -4.20347357 3.03797460 0.83612287
v -4.19235039 3.44303799 0.83391035
v -4.18078136 3.84810138 0.83160913
v -4.13821983 3.03797460 1.10883272
v -4.12479496 3.44303799 1.10523558
v -4.11094570 3.84810138 1.10152459
v -4.21859264 0.20253165 1.13036847
v -4.20870352 0.60759491 1.12771869
v -4.13919401 0.20253165 1.40506697
v -4.12685871 0.60759491 1.40087974
v -4.19825315 1.01265824 1.12491846
v -4.18725824 1.41772151 1.12197256
v -4.17573833 1.82278478 1.11888576
v -4.11398268 1.01265824 1.39650893
v -4.10058689 1.41772151 1.39196169
v -4.08669233 1.82278478 1.38724518
v -4.02815771 0.20253165 1.66851747
v -4.01345205 0.60759491 1.66242635
v -3.88581133 0.20253165 1.91627014
v -3.86897874 0.60759491 1.90796924
v -3.99824858 1.01265824 1.65612876
v -3.98257113 1.41772151 1.64963496
v -3.96644378 1.82278478 1.64295483
v -3.85171247 1.01265824 1.89945436
v -3.83403873 1.41772151 1.89073873
v -3.81598449 1.82278478 1.88183534
v -4.16371202 2.22784805 1.11566329
v -4.15119934 2.63291144 1.11231053
v -4.07232189 2.22784805 1.38236701
v -4.05749798 2.63291144 1.37733495
v -4.04224348 3.03797460 1.37215686
v -4.02658224 3.44303799 1.36684060
v -4.01053858 3.84810138 1.36139429
v -3.94989181 2.22784805 1.63609874
v -3.93294024 2.63291144 1.62907720
v -3.79757690 2.22784805 1.87275767
v -3.77884293 2.63291144 1.86351907
v -3.91561508 3.03797460 1.62190080
v -3.89794183 3.44303799 1.61458039
v -3.87994695 3.84810138 1.60712671
v -3.75981021 3.03797460 1.85413325
v -3.61794353 2.22784805 2.08882070
v -3.59791732 2.63291144 2.07725859
v -3.74050665 3.44303799 1.84461367
v -3.72095990 3.84810138 1.83497441
v -3.57768226 3.03797460 2.06557584
v -3.55726719 3.44303799 2.05378914
v -3.53670025 3.84810138 2.04191494
v -4.22574520 4.25316477 0.27696997
v -4.21760988 4.65822792 0.27643678
v -4.21118116 4.25316477 0.55441248
v -4.20098448 4.65822792 0.55307013
v -4.20908117 5.06329107 0.27587777
v -4.20017433 5.46835423 0.27529398
v -4.19090462 5.87341785 0.27468643
v -4.19039011 5.06329107 0.55167532
v -4.17941475 5.46835423 0.55023038
v -4.16807652 5.87341785 0.54873770
v -4.16878605 4.25316477 0.82922304
v -4.15638304 4.65822792 0.82675600
v -4.09669399 4.25316477 1.09770596
v -4.08206224 4.65822792 1.09378517
v -4.14359283 5.06329107 0.82421184
v -4.13043547 5.46835423 0.82159472
v -4.11693192 5.87341785 0.81890869
v -4.06707191 5.06329107 1.08976865
v -4.05174685 5.46835423 1.08566236
v -4.03611040 5.87341785 1.08147252
v -4.18128872 6.27848101 0.27405614
v -4.17134285 6.68354416 0.27340424
v -4.15639496 6.27848101 0.54719973
v -4.14438772 6.68354416 0.54561901
v -4.16108370 7.08860779 0.27273181
v -4.15052891 7.49367094 0.27204004
v -4.13969612 7.89873409 0.27133000
v -4.13207531 7.08860779 0.54399800
v -4.11947680 7.49367094 0.54233938
v -4.10661268 7.89873409 0.54064578
v -4.10310316 6.27848101 0.81615794
v -4.08897066 6.68354416 0.81334686
v -4.02018547 6.27848101 1.07720554
v -4.00399637 6.68354416 1.07286763
v -4.07455635 7.08860779 0.81047964
v -4.05988216 7.49367094 0.80756074
v -4.04497051 7.89873409 0.80459470
v -3.98756719 7.08860779 1.06846535
v -3.97092199 7.49367094 1.06400537
v -3.95408511 7.89873409 1.05949390
v -3.97739935 4.65822792 1.35014510
v -3.99413586 4.25316477 1.35582638
v -3.86165714 4.25316477 1.59955072
v -3.84309864 4.65822792 1.59186351
v -3.96035385 5.06329107 1.34435904
v -3.94302487 5.46835423 1.33847654
v -3.92543745 5.87341785 1.33250642
v -3.82429838 5.06329107 1.58407629
v -3.80528378 5.46835423 1.57620013
v -3.78608131 5.87341785 1.56824625
v -3.70119810 4.25316477 1.82522893
v -3.68124914 4.65822792 1.81539118
v -3.51601052 4.25316477 2.02996969
v -3.49522638 4.65822792 2.01796985
v -3.66114116 5.06329107 1.80547500
v -3.64090204 5.46835423 1.79549420
v -3.62055969 5.87341785 1.78546250
v -3.47437596 5.06329107 2.00593185
v -3.45348763 5.46835423 1.99387193
v -3.43258929 5.87341785 1.98180640
v -3.90761733 6.27848101 1.32645738
v -3.88959074 6.68354416 1.32033813
v -3.76671863 6.27848101 1.56022596
v -3.87138295 7.08860779 1.31415749
v -3.85302043 7.49367094 1.30792415
v -3.83452916 7.89873409 1.30164719
v -3.74722266 6.68354416 1.55215049
v -3.72762060 7.08860779 1.54403102
v -3.70793986 7.49367094 1.53587902
v -3.68820739 7.89873409 1.52770555
v -3.60014248 6.27848101 1.77539372
v -3.57967782 6.68354416 1.76530170
v -3.41170907 6.27848101 1.96975124
v -3.39087439 6.68354416 1.95772231
v -3.55919361 7.08860779 1.75520003
v -3.53871751 7.49367094 1.74510229
v -3.51827645 7.89873409 1.73502195
v -3.37011266 7.08860779 1.94573545
v -3.34945083 7.49367094 1.93380642
v -3.32891583 7.89873409 1.92195046
v -3.12497830 7.89873409 2.08804369
v -3.71394277 0.20253165 2.14424586
v -3.69538856 0.60759491 2.13353348
v -3.49600291 0.60759491 2.33595443
v -3.51573563 0.20253165 2.34913945
v -3.29554629 0.20253165 2.52876163
v -3.27527690 0.60759491 2.51320839
v -3.67648315 1.01265824 2.12261844
v -3.65725493 1.41772151 2.11151719
v -3.63773227 1.82278478 2.10024571
v -3.47601557 1.01265824 2.32259941
v -3.45580268 1.41772151 2.30909371
v -3.43539357 1.82278478 2.29545665
v -3.25485730 1.01265824 2.49753976
v -3.23431563 1.41772151 2.48177767
v -3.21368098 1.82278478 2.46594405
v -3.41481662 2.22784805 2.28170753
v -3.39410090 2.63291144 2.26786566
v -3.37327528 3.03797460 2.25395060
v -3.35236835 3.44303799 2.23998094
v -3.33140850 3.84810138 2.22597599
v -3.05855036 0.20253165 2.68227673
v -3.03843403 0.60759491 2.66463518
v -2.81029844 0.20253165 2.81029844
v -2.79101419 0.60759491 2.79101419
v -3.01827121 1.01265824 2.64695287
v -2.99808955 1.41772151 2.62925410
v -2.97791648 1.82278478 2.61156273
v -2.77178097 1.01265824 2.77178097
v -2.75262427 1.41772151 2.75262427
v -2.73356843 1.82278478 2.73356843
v -2.55623507 0.20253165 2.91482759
v -2.53839684 0.60759491 2.89448690
v -2.30124331 0.20253165 2.99903870
v -2.28534985 0.60759491 2.97832584
v -2.52069354 1.01265824 2.87430000
v -2.50314736 1.41772151 2.85429239
v -2.48577976 1.82278478 2.83448863
v -2.25418115 1.41772151 2.93770623
v -2.26965618 1.01265824 2.95787358
v -2.23894310 1.82278478 2.91784739
v -3.19298124 2.22784805 2.45006084
v -3.17224503 2.63291144 2.43414927
v -2.93770194 2.63291144 2.57629561
v -3.15149999 3.03797460 2.41823101
v -3.13077402 3.44303799 2.40232730
v -3.11009383 3.84810138 2.38645887
v -2.91771340 3.03797460 2.55876589
v -2.89783812 3.44303799 2.54133582
v -2.87810135 3.84810138 2.52402711
v -2.95777845 2.22784805 2.59390211
v -2.71463823 2.22784805 2.71463823
v -2.69585729 2.63291144 2.69585729
v -2.67724895 3.03797460 2.67724895
v -2.65883636 3.44303799 2.65883636
v -2.46861243 2.22784805 2.81491303
v -2.45166564 2.63291144 2.79558873
v -2.22395921 2.22784805 2.89831996
v -2.20924640 2.63291144 2.87914610
v -2.43495941 3.03797460 2.77653885
v -2.41851306 3.44303799 2.75778580
v -2.64064169 3.84810138 2.64064169
v -2.40234590 3.84810138 2.73935056
v -2.16689491 3.84810138 2.82395244
v -2.19482112 3.03797460 2.86034656
v -2.18069887 3.44303799 2.84194207
v -3.31042385 4.25316477 2.21195459
v -3.28944278 4.65822792 2.19793534
v -3.26849270 5.06329107 2.18393707
v -3.24760127 5.46835423 2.16997766
v -3.22679543 5.87341785 2.15607572
v -3.20610237 6.27848101 2.14224911
v -3.08948684 4.25316477 2.37064672
v -3.06897950 4.65822792 2.35491085
v -2.85852766 4.25316477 2.50686145
v -2.83914185 4.65822792 2.48986053
v -3.02836823 5.46835423 2.32374883
v -3.00831556 5.87341785 2.30836153
v -3.04859805 5.06329107 2.33927155
v -2.80102706 5.46835423 2.45643473
v -2.81996727 5.06329107 2.47304487
v -2.78234434 5.87341785 2.44005036
v -2.57046843 5.46835423 2.57046843
v -2.55367827 5.87341785 2.55367827
v -2.62268639 4.25316477 2.62268639
v -2.38647580 4.25316477 2.72125411
v -2.60499215 4.65822792 2.60499215
v -2.15342355 4.25316477 2.80639625
v -2.37092066 4.65822792 2.70351672
v -2.14029860 4.65822792 2.78929138
v -2.58757949 5.06329107 2.58757949
v -2.35569739 5.06329107 2.68615794
v -2.34082222 5.46835423 2.66919637
v -2.12753367 5.06329107 2.77265573
v -2.11514091 5.46835423 2.75650525
v -2.32631159 5.87341785 2.65264988
v -2.10313272 5.87341785 2.74085593
v -2.98846436 6.27848101 2.29312944
v -3.18554807 6.68354416 2.12851524
v -2.96883965 6.68354416 2.27807093
v -2.76394105 6.27848101 2.42391109
v -2.74583888 6.68354416 2.40803599
v -3.16515899 7.08860779 2.11489153
v -3.14496064 7.49367094 2.10139537
v -2.94946527 7.08860779 2.26320434
v -2.93036461 7.49367094 2.24854779
v -2.91156054 7.89873409 2.23411894
v -2.72805882 7.08860779 2.39244342
v -2.71062160 7.49367094 2.37715149
v -2.69354725 7.89873409 2.36217761
v -2.53722811 6.27848101 2.53722811
v -2.52113628 6.68354416 2.52113628
v -2.50542045 7.08860779 2.50542045
v -2.49009776 7.49367094 2.49009776
v -2.47518468 7.89873409 2.47518468
v -2.25973296 7.89873409 2.57673168
v -2.31218028 6.27848101 2.63653636
v -2.29844284 6.68354416 2.62087178
v -2.28511381 7.08860779 2.60567284
v -2.27220607 7.49367094 2.59095454
v -2.04926133 0.20253165 3.06693625
v -2.03565955 0.60759491 3.04657984
v -2.02230096 1.01265824 3.02658725
v -2.00920010 1.41772151 3.00698042
v -1.99637151 1.82278478 2.98778105
v -1.77041662 1.41772151 3.06645155
v -1.76010346 1.82278478 3.04858851
v -1.98382866 2.22784805 2.96900940
v -1.97158468 2.63291144 2.95068502
v -1.75008440 2.22784805 3.03123522
v -1.74036884 2.63291144 3.01440716
v -1.95965171 3.03797460 2.93282604
v -1.94804192 3.44303799 2.91545081
v -1.93676639 3.84810138 2.89857578
v -1.73096550 3.03797460 2.99812007
v -1.72188246 3.44303799 2.98238802
v -1.71312749 3.84810138 2.96722388
v -1.50898170 3.03797460 3.05991220
v -1.50227869 3.44303799 3.04631972
v -1.49587774 3.84810138 3.03333998
v -1.80302024 0.20253165 3.12292266
v -1.56392682 0.20253165 3.17132998
v -1.79188573 0.60759491 3.10363722
v -1.55526090 0.60759491 3.15375710
v -1.78101420 1.01265824 3.08480716
v -1.33209825 0.20253165 3.21596956
v -1.32574344 0.60759491 3.20062780
v -1.10653710 0.20253165 3.25975323
v -1.10220730 0.60759491 3.24699807
v -1.54685569 1.01265824 3.13671303
v -1.53871858 1.41772151 3.12021279
v -1.31962788 1.01265824 3.18586349
v -1.31375599 1.41772151 3.17168760
v -1.53085649 1.82278478 3.10426998
v -1.30813169 1.82278478 3.15810919
v -1.09808087 1.01265824 3.23484182
v -1.09415960 1.41772151 3.22329021
v -1.09044528 1.82278478 3.21234822
v -1.52327585 2.22784805 3.08889771
v -1.30275846 2.22784805 3.14513707
v -1.51598239 2.63291144 3.07410812
v -1.29763925 2.63291144 3.13277817
v -1.08693910 2.22784805 3.20201945
v -1.08364213 2.63291144 3.19230676
v -1.29277694 3.03797460 3.12103963
v -1.28817379 3.44303799 3.10992670
v -1.28383183 3.84810138 3.09944415
v -1.08055508 3.03797460 3.18321252
v -1.07767820 3.44303799 3.17473769
v -1.07501185 3.84810138 3.16688299
v -0.88541865 0.20253165 3.30442739
v -0.88273972 0.60759491 3.29442954
v -0.66644502 0.20253165 3.35044527
v -0.44722190 0.20253165 3.39698768
v -0.66500098 0.60759491 3.34318566
v -0.44660097 0.60759491 3.39227128
v -0.88021916 1.01265824 3.28502274
v -0.87785733 1.41772151 3.27620816
v -0.87565428 1.82278478 3.26798630
v -0.66366744 1.01265824 3.33648157
v -0.66244376 1.41772151 3.33032990
v -0.66132927 1.82278478 3.32472682
v -0.22560847 0.20253165 3.44212008
v -0.22544360 0.60759491 3.43960476
v -0.00000000 0.20253165 3.48305988
v -0.00000000 0.60759491 3.48229575
v -0.44604525 1.01265824 3.38805008
v -0.44555387 1.41772151 3.38431764
v -0.22530596 1.01265824 3.43750453
v -0.22519493 1.41772151 3.43581057
v -0.44512588 1.82278478 3.38106656
v -0.22510989 1.82278478 3.43451333
v -0.00000000 1.01265824 3.48185372
v -0.00000000 1.41772151 3.48172307
v -0.00000000 1.82278478 3.48189330
v -0.87360984 2.22784805 3.26035643
v -0.87172365 2.63291144 3.25331712
v -0.65942395 2.63291144 3.31514812
v -0.66032302 2.22784805 3.31966782
v -0.86999518 3.03797460 3.24686623
v -0.86842364 3.44303799 3.24100113
v -0.86700815 3.84810138 3.23571849
v -0.65863103 3.03797460 3.31116176
v -0.65794295 3.44303799 3.30770254
v -0.65735841 3.84810138 3.30476379
v -0.44476026 2.22784805 3.37828970
v -0.22505023 2.22784805 3.43360305
v -0.44445601 2.63291144 3.37597847
v -0.22501527 2.63291144 3.43306947
v -0.00000000 2.22784805 3.48235297
v -0.00000000 2.63291144 3.48309183
v -0.44421196 3.03797460 3.37412477
v -0.44402701 3.44303799 3.37272000
v -0.22500435 3.03797460 3.43290305
v -0.22501680 3.44303799 3.43309283
v -0.44389996 3.84810138 3.37175488
v -0.22505194 3.84810138 3.43362904
v -0.00000000 3.03797460 3.48409867
v -0.00000000 3.44303799 3.48536277
v -0.00000000 3.84810138 3.48687339
v -1.92583585 4.25316477 2.88221693
v -1.91526031 4.65822792 2.86638951
v -1.70470774 4.25316477 2.95264030
v -1.69662964 4.65822792 2.93864870
v -1.88575649 5.87341785 2.82223392
v -1.90504932 5.06329107 2.85110784
v -1.89521194 5.46835423 2.83638501
v -1.68889940 5.06329107 2.92525935
v -1.68152249 5.46835423 2.91248250
v -1.67450428 5.87341785 2.90032649
v -1.48978305 4.25316477 3.02098131
v -1.48399830 4.65822792 3.00925088
v -1.47852647 5.06329107 2.99815512
v -1.47337043 5.46835423 2.98769975
v -1.46853268 5.87341785 2.97788954
v -1.27238715 5.06329107 3.07181430
v -1.26910257 5.46835423 3.06388474
v -1.26608407 5.87341785 3.05659723
v -2.09152055 6.27848101 2.72572279
v -1.87669075 6.27848101 2.80866623
v -2.08031535 6.68354416 2.71111965
v -1.86802232 6.68354416 2.79569292
v -1.66784930 6.27848101 2.88879967
v -1.66156173 6.68354416 2.87790942
v -2.06952715 7.08860779 2.69706035
v -2.05916595 7.49367094 2.68355751
v -1.85975778 7.08860779 2.78332424
v -1.85190368 7.49367094 2.77156973
v -2.04924107 7.89873409 2.67062306
v -1.84446585 7.89873409 2.76043820
v -1.65564549 7.08860779 2.86766219
v -1.65010393 7.49367094 2.85806394
v -1.64494002 7.89873409 2.84911966
v -1.46401513 6.27848101 2.96872902
v -1.45981956 6.68354416 2.96022129
v -1.26333153 6.27848101 3.04995227
v -1.26084507 6.68354416 3.04394937
v -1.45239937 7.49367094 2.94517446
v -1.45594728 7.08860779 2.95236897
v -1.44917643 7.89873409 2.93863916
v -1.25862408 7.08860779 3.03858733
v -1.25666809 7.49367094 3.03386497
v -1.25497603 7.89873409 3.02978015
v -1.27975261 4.25316477 3.08959603
v -1.27593732 4.65822792 3.08038521
v -1.07255590 4.25316477 3.15964770
v -1.07030988 4.65822792 3.15303135
v -1.06827343 5.06329107 3.14703202
v -1.06644571 5.46835423 3.14164758
v -1.06482565 5.87341785 3.13687515
v -1.06341219 6.27848101 3.13271141
v -1.06220412 6.68354416 3.12915230
v -1.06119978 7.08860779 3.12619376
v -1.06039786 7.49367094 3.12383127
v -1.05979633 7.89873409 3.12205935
v -0.86574757 4.25316477 3.23101377
v -0.86464071 4.65822792 3.22688317
v -0.65687603 4.25316477 3.30233884
v -0.65649432 4.65822792 3.30041981
v -0.86368626 5.06329107 3.22332096
v -0.86288261 5.46835423 3.22032189
v -0.86222833 5.87341785 3.21787977
v -0.65621167 5.06329107 3.29899907
v -0.65602660 5.46835423 3.29806852
v -0.65593737 5.87341785 3.29761982
v -0.44382960 4.25316477 3.37122035
v -0.22510909 4.25316477 3.43450093
v -0.44381467 4.65822792 3.37110710
v -0.22518755 4.65822792 3.43569827
v -0.00000000 4.25316477 3.48862028
v -0.00000000 4.65822792 3.49059296
v -0.44385391 5.06329107 3.37140536
v -0.44394609 5.46835423 3.37210536
v -0.22528668 5.06329107 3.43721056
v -0.22540580 5.46835423 3.43902779
v -0.44408992 5.87341785 3.37319779
v -0.22554423 5.87341785 3.44113994
v -0.00000000 5.06329107 3.49278116
v -0.00000000 5.46835423 3.49517560
v -0.00000000 5.87341785 3.49776626
v -0.86172158 6.27848101 3.21598864
v -0.86136061 6.68354416 3.21464157
v -0.65594226 6.27848101 3.29764462
v -0.65603966 6.68354416 3.29813409
v -0.86114359 7.08860779 3.21383166
v -0.86106861 7.49367094 3.21355176
v -0.86113364 7.89873409 3.21379447
v -0.65622777 7.08860779 3.29907966
v -0.65650481 7.49367094 3.30047250
v -0.65686905 7.89873409 3.30230355
v -0.44428408 6.27848101 3.37467265
v -0.22570133 6.27848101 3.44353676
v -0.44452736 6.68354416 3.37652040
v -0.22587647 6.68354416 3.44620895
v -0.00000000 6.27848101 3.50054431
v -0.00000000 6.68354416 3.50350070
v -0.44481844 7.08860779 3.37873149
v -0.44515613 7.49367094 3.38129640
v -0.22606903 7.08860779 3.44914675
v -0.22627839 7.49367094 3.45234132
v -0.44553912 7.89873409 3.38420558
v -0.22650400 7.89873409 3.45578337
v -0.00000000 7.08860779 3.50662732
v -0.00000000 7.49367094 3.50991631
v -0.00000000 7.89873409 3.51335979
v -4.12860346 8.30379772 0.27060297
v -4.11726952 8.70886040 0.26986012
v -4.09350300 8.30379772 0.53891987
v -4.08016825 8.70886040 0.53716433
v -4.10571289 9.11392403 0.26910266
v -4.09395313 9.51898766 0.26833186
v -4.08200836 9.92405033 0.26754898
v -4.06662989 9.11392403 0.53538197
v -4.05290890 9.51898766 0.53357559
v -4.03902674 9.92405033 0.53174794
v -4.02984428 8.30379772 0.80158585
v -4.01452589 8.70886040 0.79853886
v -3.93708134 8.30379772 1.05493784
v -3.91993570 8.70886040 1.05034363
v -3.99903870 9.11392403 0.79545826
v -3.98340559 9.51898766 0.79234862
v -3.96765018 9.92405033 0.78921467
v -3.90267253 9.11392403 1.04571795
v -3.88531685 9.51898766 1.04106748
v -3.86789393 9.92405033 1.03639901
v -4.06989908 10.32911396 0.26675528
v -4.05764484 10.73417759 0.26595208
v -4.02500439 10.32911396 0.52990186
v -4.01086426 10.73417759 0.52804029
v -4.04526520 11.13924026 0.26514068
v -4.03278065 11.54430389 0.26432243
v -4.02021170 11.94936752 0.26349860
v -3.99662781 11.13924026 0.52616602
v -3.98231745 11.54430389 0.52428204
v -3.96795487 11.94936752 0.52239114
v -3.95179582 10.32911396 0.78606105
v -3.93586588 10.73417759 0.78289241
v -3.85042858 10.32911396 1.03171921
v -3.83294559 10.73417759 1.02703464
v -3.91988420 11.13924026 0.77971345
v -3.90387440 11.54430389 0.77652889
v -3.88786030 11.94936752 0.77334350
v -3.81547022 11.13924026 1.02235222
v -3.79802752 11.54430389 1.01767838
v -3.78064203 11.94936752 1.01301992
v -3.81593537 8.30379772 1.29533553
v -3.79726505 8.70886040 1.28899777
v -3.77854443 9.11392403 1.28264308
v -3.75979996 9.51898766 1.27628005
v -3.66845036 8.30379772 1.51952195
v -3.64869571 8.70886040 1.51133931
v -3.74105740 9.92405033 1.26991785
v -3.62897015 9.11392403 1.50316870
v -3.60930061 9.51898766 1.49502122
v -3.58971334 9.92405033 1.48690796
v -3.49789834 8.30379772 1.72497249
v -3.47760940 8.70886040 1.71496725
v -3.30853391 8.30379772 1.91018295
v -3.28833151 8.70886040 1.89851904
v -3.45743704 9.11392403 1.70501924
v -3.43740726 9.51898766 1.69514155
v -3.41754627 9.92405033 1.68534732
v -3.26833391 9.11392403 1.88697350
v -3.24856687 9.51898766 1.87556100
v -3.22905540 9.92405033 1.86429596
v -3.72234273 10.32911396 1.26356506
v -3.70368195 10.73417759 1.25723064
v -3.57023478 10.32911396 1.47883964
v -3.55089116 10.73417759 1.47082734
v -3.68510103 11.13924026 1.25092328
v -3.66662550 11.54430389 1.24465156
v -3.64828062 11.94936752 1.23842442
v -3.53170848 11.13924026 1.46288157
v -3.51271224 11.54430389 1.45501304
v -3.49392796 11.94936752 1.44723237
v -3.39788008 10.32911396 1.67564905
v -3.37843418 10.73417759 1.66605937
v -3.20982385 10.32911396 1.85319269
v -3.35923409 11.13924026 1.65659094
v -3.34030461 11.54430389 1.64725590
v -3.32167006 11.94936752 1.63806641
v -3.10523677 8.30379772 2.07485294
v -3.08576035 8.70886040 2.06183934
v -3.06657338 9.11392403 2.04901886
v -3.04769921 9.51898766 2.03640747
v -3.02916074 9.92405033 2.02402043
v -3.19089675 10.73417759 1.84226501
v -3.01098037 10.32911396 2.01187277
v -2.99318075 10.73417759 1.99997938
v -3.17229772 11.13924026 1.83152688
v -3.15405011 11.54430389 1.82099164
v -3.13617706 11.94936752 1.81067264
v -2.97578287 11.13924026 1.98835456
v -2.94227743 11.94936752 1.96596694
v -2.95880842 11.54430389 1.97701252
v -4.00757837 12.35443020 0.26267058
v -3.99490142 12.75949383 0.26183969
v -3.95356250 12.35443020 0.52049637
v -3.93916273 12.75949383 0.51860058
v -3.98220158 13.16455650 0.26100728
v -3.96949935 13.56962013 0.26017475
v -3.95681596 13.97468376 0.25934342
v -3.92477751 13.16455650 0.51670676
v -3.91042948 13.56962013 0.51481783
v -3.89614105 13.97468376 0.51293671
v -3.87186527 12.35443020 0.77016187
v -3.85591340 12.75949383 0.76698887
v -3.76333880 12.35443020 1.00838363
v -3.84002805 13.16455650 0.76382911
v -3.82423329 13.56962013 0.76068729
v -3.80855250 13.97468376 0.75756818
v -3.74614263 12.75949383 1.00377584
v -3.72907782 13.16455650 0.99920338
v -3.71216941 13.56962013 0.99467278
v -3.69544125 13.97468376 0.99019051
v -3.94417214 14.37974644 0.25851470
v -3.93158913 14.78481007 0.25768995
v -3.88193440 14.37974644 0.51106638
v -3.86783242 14.78481007 0.50920981
v -3.91908741 15.18987370 0.25687057
v -3.90668845 15.59493637 0.25605789
v -3.89441323 16.00000000 0.25525334
v -3.85385680 15.18987370 0.50736988
v -3.84003043 15.59493637 0.50554961
v -3.82637548 16.00000000 0.50375187
v -3.79300928 14.37974644 0.75447643
v -3.77762723 14.78481007 0.75141674
v -3.76242948 15.18987370 0.74839377
v -3.67891812 14.37974644 0.98576313
v -3.66262388 14.78481007 0.98139709
v -3.74743986 15.59493637 0.74541211
v -3.73268104 16.00000000 0.74247646
v -3.64658260 15.18987370 0.97709882
v -3.63081789 15.59493637 0.97287476
v -3.61535382 16.00000000 0.96873116
v -3.63009214 12.35443020 1.23225021
v -3.61208510 12.75949383 1.22613776
v -3.47538066 12.35443020 1.43954980
v -3.45709562 12.75949383 1.43197584
v -3.59428453 13.16455650 1.22009528
v -3.57671523 13.56962013 1.21413124
v -3.55940175 13.97468376 1.20825410
v -3.43909717 13.16455650 1.42452073
v -3.42140985 13.56962013 1.41719437
v -3.40405774 13.97468376 1.41000688
v -3.23376226 13.97468376 1.59471512
v -3.30335522 12.35443020 1.62903452
v -3.28538346 12.75949383 1.62017190
v -3.26777887 13.16455650 1.61149013
v -3.25056410 13.56962013 1.60300076
v -3.54236817 14.37974644 1.20247197
v -3.52563930 14.78481007 1.19679332
v -3.38706446 14.37974644 1.40296805
v -3.21739578 14.37974644 1.58664405
v -3.37045360 14.78481007 1.39608753
v -3.50923848 15.18987370 1.19122601
v -3.49318981 15.59493637 1.18577814
v -3.47751641 16.00000000 1.18045771
v -3.35424829 15.18987370 1.38937521
v -3.33847165 15.59493637 1.38284028
v -3.32314610 16.00000000 1.37649214
v -3.11870098 12.35443020 1.80058289
v -3.10164428 12.75949383 1.79073513
v -2.92621064 12.35443020 1.95523155
v -2.91062760 12.75949383 1.94481921
v -2.71670127 12.75949383 2.08459806
v -3.08502817 13.16455650 1.78114188
v -3.06887460 13.56962013 1.77181554
v -3.05320406 13.97468376 1.76276815
v -2.89554763 13.16455650 1.93474305
v -2.70360708 13.16455650 2.07455063
v -2.88098931 13.56962013 1.92501545
v -2.86697102 13.97468376 1.91564870
v -2.69107676 13.56962013 2.06493592
v -2.67912555 13.97468376 2.05576539
v -3.20148683 14.78481007 1.57879865
v -3.18605709 15.18987370 1.57118952
v -3.17112803 15.59493637 1.56382728
v -3.15672064 16.00000000 1.55672240
v -3.03803706 14.37974644 1.75401151
v -3.02339363 14.78481007 1.74555707
v -2.85351062 14.37974644 1.90665483
v -2.66776824 14.37974644 2.04705071
v -2.84062576 14.78481007 1.89804542
v -2.65701962 14.78481007 2.03880286
v -3.00929356 15.18987370 1.73741639
v -2.98279977 16.00000000 1.72212029
v -2.99575591 15.59493637 1.72960055
v -2.82833314 15.18987370 1.88983178
v -2.81664968 15.59493637 1.88202512
v -2.80559158 16.00000000 1.87463629
v -2.64689302 15.18987370 2.03103256
v -2.63740277 15.59493637 2.02375031
v -2.62856150 16.00000000 2.01696610
v -2.89307547 8.30379772 2.21993494
v -2.87493157 8.70886040 2.20601249
v -2.66056395 8.70886040 2.33325195
v -2.67685509 8.30379772 2.34753895
v -2.85715008 9.11392403 2.19236827
v -2.83975196 9.51898766 2.17901826
v -2.82275748 9.92405033 2.16597795
v -2.46069717 8.30379772 2.46069717
v -2.44665074 8.70886040 2.44665074
v -2.24770641 8.30379772 2.56301808
v -2.23613834 8.70886040 2.54982710
v -2.64469194 9.11392403 2.31933260
v -2.62925720 9.51898766 2.30579662
v -2.61427641 9.92405033 2.29265881
v -2.43305993 9.11392403 2.43305993
v -2.41993904 9.51898766 2.41993904
v -2.40730190 9.92405033 2.40730190
v -2.22503996 9.11392403 2.53717160
v -2.21442151 9.51898766 2.52506399
v -2.20429373 9.92405033 2.51351523
v -2.80618668 10.32911396 2.15326262
v -2.79005861 10.73417759 2.14088726
v -2.77439213 11.13924026 2.12886596
v -2.75920582 11.54430389 2.11721301
v -2.74451709 11.94936752 2.10594201
v -2.59976649 10.32911396 2.27993417
v -2.58574367 10.73417759 2.26763630
v -2.39516139 10.32911396 2.39516139
v -2.38353038 10.73417759 2.38353038
v -2.19466567 10.32911396 2.50253654
v -2.18554664 10.73417759 2.49213815
v -2.57222319 11.13924026 2.25577903
v -2.55922008 11.54430389 2.24437571
v -2.54674888 11.94936752 2.23343873
v -2.37242055 11.13924026 2.37242055
v -2.17694521 11.13924026 2.48233008
v -2.36184382 11.54430389 2.36184382
v -2.35181093 11.94936752 2.35181093
v -2.16886926 11.54430389 2.47312140
v -2.16132712 11.94936752 2.46452117
v -2.73034334 12.35443020 2.09506607
v -2.53482342 12.35443020 2.22298050
v -2.52345753 12.75949383 2.21301293
v -2.33341908 12.75949383 2.33341908
v -2.34233284 12.35443020 2.34233284
v -2.15432525 12.35443020 2.45653725
v -2.14787102 12.75949383 2.44917750
v -2.51266408 13.16455650 2.20354724
v -2.50245523 13.56962013 2.19459438
v -2.49284363 13.97468376 2.18616509
v -2.32507992 13.16455650 2.32507992
v -2.31732392 13.56962013 2.31732392
v -2.31016040 13.97468376 2.31016040
v -2.14197063 13.16455650 2.44244957
v -2.13663030 13.56962013 2.43635988
v -2.13185549 13.97468376 2.43091536
v -2.48384047 14.37974644 2.17826962
v -2.47545695 14.78481007 2.17091751
v -2.30359745 14.37974644 2.30359745
v -2.29764295 14.78481007 2.29764295
v -2.12765169 14.37974644 2.42612171
v -2.12402368 14.78481007 2.42198467
v -2.46770430 15.18987370 2.16411853
v -2.46059251 15.59493637 2.15788174
v -2.45413160 16.00000000 2.15221572
v -2.29230475 15.18987370 2.29230475
v -2.28759027 15.59493637 2.28759027
v -2.28350592 16.00000000 2.28350592
v -2.12097621 15.18987370 2.41850972
v -2.11851382 15.59493637 2.41570187
v -2.11664033 16.00000000 2.41356587
v -2.03976107 8.30379772 2.65826821
v -1.83744955 8.30379772 2.74993753
v -2.03073406 8.70886040 2.64650416
v -1.83085990 8.70886040 2.74007535
v -1.64015627 8.30379772 2.84083390
v -1.63575506 8.70886040 2.83321095
v -2.02216792 9.11392403 2.63534045
v -2.01406956 9.51898766 2.62478638
v -2.00644588 9.92405033 2.61485100
v -1.82470131 9.11392403 2.73085856
v -1.63173819 9.11392403 2.82625341
v -1.81897795 9.51898766 2.72229290
v -1.81369352 9.92405033 2.71438408
v -1.62810719 9.51898766 2.81996441
v -1.62486351 9.92405033 2.81434608
v -1.44627905 8.30379772 2.93276381
v -1.44370735 8.70886040 2.92754889
v -1.25354695 8.30379772 3.02633023
v -1.25237978 8.70886040 3.02351236
v -1.44146121 9.11392403 2.92299414
v -1.43954027 9.51898766 2.91909885
v -1.43794394 9.92405033 2.91586208
v -1.25147307 9.11392403 3.02132320
v -1.25082517 9.51898766 3.01975894
v -1.25043452 9.92405033 3.01881599
v -1.98081589 11.54430389 2.58144951
v -1.97565055 11.94936752 2.57471800
v -1.99930298 10.32911396 2.60554242
v -1.99264681 10.73417759 2.59686804
v -1.80885124 10.32911396 2.70713711
v -1.62200797 10.32911396 2.80940008
v -1.80445421 10.73417759 2.70055652
v -1.61954117 10.73417759 2.80512762
v -1.98648286 11.13924026 2.58883476
v -1.80050504 11.13924026 2.69464612
v -1.61746383 11.13924026 2.80152941
v -1.79700601 11.54430389 2.68940949
v -1.79395902 11.94936752 2.68484926
v -1.61577582 11.54430389 2.79860592
v -1.61447740 11.94936752 2.79635692
v -1.43667173 10.32911396 2.91328216
v -1.43572247 10.73417759 2.91135716
v -1.25029933 10.32911396 3.01848960
v -1.25041771 10.73417759 3.01877546
v -1.43509519 11.13924026 2.91008520
v -1.43478858 11.54430389 2.90946341
v -1.43480134 11.94936752 2.90948939
v -1.25078773 11.13924026 3.01966882
v -1.25140738 11.54430389 3.02116466
v -1.25227439 11.94936752 3.02325773
v -1.05939353 8.30379772 3.12087274
v -1.05918753 8.70886040 3.12026572
v -1.05917633 9.11392403 3.12023258
v -1.05935776 9.51898766 3.12076712
v -1.05972970 9.92405033 3.12186289
v -1.06028998 10.32911396 3.12351370
v -1.06103647 10.73417759 3.12571263
v -1.06196678 11.13924026 3.12845325
v -1.06307876 11.54430389 3.13172889
v -1.06437004 11.94936752 3.13553309
v -0.86133671 8.30379772 3.21455240
v -0.86167568 8.70886040 3.21581745
v -0.65731871 8.30379772 3.30456448
v -0.65785211 8.70886040 3.30724573
v -0.86214852 9.11392403 3.21758223
v -0.86275315 9.51898766 3.21983862
v -0.86348748 9.92405033 3.22257924
v -0.65846741 9.11392403 3.31033921
v -0.65916300 9.51898766 3.31383610
v -0.65993714 9.92405033 3.31772804
v -0.44694835 9.11392403 3.39490962
v -0.44750097 9.51898766 3.39910746
v -0.44809327 9.92405033 3.40360618
v -0.44596627 8.30379772 3.38745022
v -0.22674528 8.30379772 3.45946455
v -0.44643641 8.70886040 3.39102125
v -0.22700170 8.70886040 3.46337676
v -0.00000000 8.30379772 3.51695085
v -0.00000000 8.70886040 3.52068305
v -0.22727275 9.11392403 3.46751213
v -0.22755794 9.51898766 3.47186327
v -0.22785681 9.92405033 3.47642326
v -0.00000000 9.11392403 3.52455020
v -0.00000000 9.51898766 3.52854681
v -0.00000000 9.92405033 3.53266788
v -0.86434937 10.32911396 3.22579575
v -0.86533678 10.73417759 3.22948098
v -0.66078818 10.32911396 3.32200670
v -0.44872412 10.32911396 3.40839815
v -0.66171455 10.73417759 3.32666373
v -0.44939262 10.73417759 3.41347575
v -0.86644763 11.13924026 3.23362660
v -0.86767989 11.54430389 3.23822546
v -0.86903161 11.94936752 3.24327016
v -0.66271472 11.13924026 3.33169174
v -0.45009780 11.13924026 3.41883230
v -0.66378707 11.54430389 3.33708310
v -0.66493022 11.94936752 3.34282994
v -0.45083877 11.54430389 3.42446041
v -0.45161471 11.94936752 3.43035412
v -0.22816896 10.32911396 3.48118567
v -0.22849396 10.73417759 3.48614430
v -0.00000000 10.32911396 3.53690910
v -0.00000000 10.73417759 3.54126620
v -0.22883147 11.13924026 3.49129367
v -0.22918114 11.54430389 3.49662852
v -0.22954269 11.94936752 3.50214458
v -0.00000000 11.13924026 3.54573631
v -0.00000000 11.54430389 3.55031633
v -0.00000000 11.94936752 3.55500412
v -1.97099113 12.35443020 2.56864572
v -1.96684158 12.75949383 2.56323791
v -1.96320534 13.16455650 2.55849886
v -1.96008563 13.56962013 2.55443335
v -1.95748544 13.97468376 2.55104470
v -1.79136586 12.35443020 2.68096852
v -1.61356807 12.35443020 2.79478192
v -1.78922796 12.75949383 2.67776895
v -1.61304772 12.75949383 2.79388070
v -1.78754652 13.16455650 2.67525244
v -1.61291552 13.16455650 2.79365158
v -1.78632247 13.56962013 2.67342043
v -1.78555644 13.97468376 2.67227411
v -1.61317086 13.56962013 2.79409409
v -1.61381292 13.97468376 2.79520583
v -1.43513191 12.35443020 2.91015959
v -1.43577862 12.75949383 2.91147089
v -1.25338674 12.35443020 3.02594328
v -1.25474226 12.75949383 3.02921581
v -1.43673980 13.16455650 2.91342020
v -1.43801379 13.56962013 2.91600347
v -1.43959856 13.97468376 2.91921711
v -1.25633872 13.16455650 3.03307009
v -1.25817382 13.56962013 3.03750038
v -1.26024532 13.97468376 3.04250145
v -1.95540738 14.37974644 2.54833651
v -1.95385385 14.78481007 2.54631186
v -1.95282710 15.18987370 2.54497385
v -1.95232892 15.59493637 2.54432464
v -1.95236123 16.00000000 2.54436660
v -1.78524911 14.37974644 2.67181420
v -1.61484051 14.37974644 2.79698586
v -1.78540075 14.78481007 2.67204094
v -1.61625266 14.78481007 2.79943156
v -1.78601146 15.18987370 2.67295504
v -1.61804807 15.18987370 2.80254149
v -1.78708136 15.59493637 2.67455626
v -1.78861034 16.00000000 2.67684436
v -1.62022555 15.59493637 2.80631304
v -1.62278366 16.00000000 2.81074381
v -1.44149232 14.37974644 2.92305708
v -1.44369304 14.78481007 2.92751980
v -1.26255107 14.37974644 3.04806781
v -1.26508880 14.78481007 3.05419445
v -1.44619882 15.18987370 2.93260098
v -1.44900763 15.59493637 2.93829679
v -1.45211744 16.00000000 2.94460273
v -1.26785624 15.18987370 3.06087565
v -1.27085125 15.59493637 3.06810617
v -1.06583846 12.35443020 3.13985896
v -1.06748176 12.75949383 3.14469981
v -1.06929755 13.16455650 3.15004921
v -1.07128394 13.56962013 3.15590072
v -1.07343853 13.97468376 3.16224813
v -1.07575941 14.37974644 3.16908503
v -1.07824433 14.78481007 3.17640543
v -1.08089149 15.18987370 3.18420362
v -1.27407169 16.00000000 3.07588124
v -1.08369875 15.59493637 3.19247365
v -1.08666444 16.00000000 3.20121026
v -0.87050080 12.35443020 3.24875307
v -0.87208551 12.75949383 3.25466752
v -0.66614276 12.35443020 3.34892583
v -0.45242479 12.35443020 3.43650746
v -0.66742337 12.75949383 3.35536385
v -0.45326835 12.75949383 3.44291496
v -0.87378401 13.16455650 3.26100636
v -0.87559438 13.56962013 3.26776266
v -0.87751502 13.97468376 3.27493072
v -0.66877073 13.16455650 3.36213756
v -0.45414472 13.16455650 3.44957161
v -0.67018372 13.56962013 3.36924100
v -0.67166108 13.97468376 3.37666845
v -0.45505324 13.56962013 3.45647240
v -0.45599338 13.97468376 3.46361351
v -0.22991583 12.35443020 3.50783777
v -0.23030034 12.75949383 3.51370406
v -0.00000000 12.35443020 3.55979800
v -0.23069601 13.16455650 3.51974106
v -0.23110269 13.56962013 3.52594566
v -0.23152024 13.97468376 3.53231621
v -0.00000000 12.75949383 3.56469727
v -0.00000000 13.16455650 3.56970096
v -0.00000000 13.56962013 3.57480931
v -0.00000000 13.97468376 3.58002305
v -0.87954420 14.37974644 3.28250360
v -0.88168031 14.78481007 3.29047585
v -0.67320186 14.37974644 3.38441443
v -0.45696467 14.37974644 3.47099113
v -0.67480505 14.78481007 3.39247394
v -0.45796666 14.78481007 3.47860217
v -0.88392198 15.18987370 3.29884171
v -0.88626760 15.59493637 3.30759573
v -0.88871592 16.00000000 3.31673312
v -0.67646968 15.18987370 3.40084291
v -0.45899898 15.18987370 3.48644328
v -0.67819500 15.59493637 3.40951657
v -0.67998022 16.00000000 3.41849136
v -0.46006134 15.59493637 3.49451280
v -0.46115348 16.00000000 3.50280833
v -0.23194855 14.37974644 3.53885102
v -0.23238757 14.78481007 3.54554915
v -0.23283729 15.18987370 3.55241036
v -0.23329768 15.59493637 3.55943465
v -0.00000000 14.37974644 3.58534336
v -0.00000000 14.78481007 3.59077191
v -0.23376878 16.00000000 3.56662250
v -0.00000000 15.18987370 3.59631109
v -0.00000000 15.59493637 3.60196376
v -0.00000000 16.00000000 3.60773325
v 3.80180693 0.20253165 0.24918360
v 3.78872132 0.36231714 0.15088803
v 3.79193187 0.37714040 0.19609053
v 3.79566216 0.39480132 0.24878085
v 3.79534197 0.39313549 0.24419971
v 3.79549360 0.41357589 0.30893314
v 3.79534268 0.42959026 0.35926071
v 3.79533434 0.43072841 0.36283252
v 3.79514766 0.45078251 0.42082947
v 3.79494476 0.47156969 0.47973719
v 3.80361032 0.20253165 0.50075483
v 3.79485798 0.47915894 0.49960256
v 3.79225540 0.48964068 0.53163677
v 3.95607257 0.58631790 0.47931463
v 3.78946781 0.50108123 0.56584907
v 3.78710508 0.51094937 0.59528363
v 3.93493295 0.61650825 0.59471399
v 3.99320078 0.53329325 0.24402550
v 3.97545099 0.55864257 0.36254004
v 4.33826637 0.77810073 0.24368148
v 4.32024479 0.80383801 0.36192605
v 4.30056190 0.83194834 0.47834525
v 4.27912521 0.86256272 0.59331018
v 3.78574991 0.20253165 0.75303245
v 3.78325224 0.52857882 0.64259058
v 3.77778316 0.55399150 0.70956612
v 3.91163301 0.64978409 0.70886379
v 3.77435255 0.57173932 0.75076544
v 3.77421951 0.57204151 0.75157648
v 3.77139688 0.57853258 0.76873958
v 3.75948000 0.60759491 0.84173965
v 3.75632882 0.61616647 0.86081231
v 3.76267290 0.59888470 0.82237071
v 3.88558364 0.68698668 0.82154703
v 3.74747658 0.20253165 1.00413334
v 3.74438167 0.64893878 0.93306124
v 3.73910594 0.66608232 0.96440214
v 3.73873901 0.66729081 0.96660614
v 3.85610723 0.72908336 0.93215632
v 3.73545313 0.60759491 1.00091159
v 3.73312759 0.68584198 1.00028849
v 3.72298765 0.70559418 1.04064083
v 3.71559954 0.72327214 1.06960201
v 3.82255077 0.77700675 1.03971159
v 4.22934580 0.93365526 0.81913799
v 4.25557327 0.89619845 0.70696890
v 4.19978380 0.97587466 0.92924941
v 4.16623878 1.02378178 1.03636062
v 4.50982332 1.27070379 1.03288984
v 3.39174461 0.20253165 1.95822465
v 3.38286710 0.60759491 1.95309913
v 3.37387300 1.01265824 1.94790649
v 3.36477828 1.41772151 1.94265556
v 3.35559845 1.82278478 1.93735564
v 3.41547537 2.22784805 1.79489899
v 3.41366792 2.24646449 1.79733455
v 3.41589451 2.22345328 1.79432499
v 3.40462470 2.33965135 1.80951583
v 3.40077639 2.38124919 1.81458020
v 3.39681768 2.42504311 1.81972694
v 3.39394593 2.45751405 1.82353628
v 3.38872647 2.51926088 1.83029819
v 3.38417697 2.57749033 1.83593178
v 3.38001704 2.63291144 1.84095442
v 3.37782717 2.66147137 1.84354711
v 3.34634924 2.22784805 1.93201566
v 3.37535095 2.69981003 1.84610379
v 3.33704662 2.63291144 1.92664468
v 3.37114024 2.76717758 1.85031641
v 3.36861610 2.80866623 1.85290527
v 3.36793065 2.82470560 1.85332441
v 3.41196060 2.83861446 1.85125041
v 3.36452866 2.90635443 1.85528255
v 3.36223054 2.96156383 1.85660160
v 3.36259389 2.95261908 1.85640585
v 3.36031699 3.21646523 1.84487939
v 3.36099839 3.28355455 1.83948815
v 3.36387014 3.35073805 1.82968009
v 3.36802912 3.45114613 1.81526840
v 3.37068224 3.48577952 1.80776107
v 3.36770248 3.44303799 1.81643271
v 3.40863752 3.84810138 1.70878327
v 3.41476941 3.88843012 1.69385624
v 3.38078618 3.62074804 1.77897882
v 3.38081050 3.62107062 1.77890992
v 3.38080573 3.62100530 1.77892363
v 3.39998722 3.79159284 1.72968495
v 3.39551187 3.75144672 1.74115539
v 3.39598203 3.75559545 1.73995435
v 3.36088634 3.03797460 1.85474694
v 3.36001897 3.08358574 1.85364127
v 3.35933614 3.12000251 1.85273945
v 3.35976791 3.16519475 1.84905660
v 3.32770562 3.03797460 1.92125177
v 3.31834245 3.44303799 1.91584587
v 3.30897236 3.84810138 1.91043603
v 3.68852973 0.20253165 1.25208712
v 3.69056582 0.78673893 1.16748536
v 3.67713356 0.60759491 1.24821866
v 3.67160034 0.84311414 1.24118900
v 3.67035580 0.84764338 1.24591792
v 3.66590476 0.85891265 1.25854206
v 3.64777446 0.90465891 1.30997956
v 3.64031744 0.92370981 1.33134139
v 3.63612342 0.93704093 1.34311199
v 3.69581580 0.77110630 1.14708650
v 3.69665790 0.76863015 1.14384735
v 3.78439212 0.83150291 1.14294183
v 3.74132657 0.89300704 1.24042022
v 3.69332147 0.96156549 1.33073378
v 3.60912442 0.20253165 1.49494827
v 3.59847784 0.60759491 1.49053824
v 3.61223960 1.01265824 1.41017151
v 3.61122489 1.01585364 1.41300821
v 3.64063215 1.03681338 1.41266394
v 3.60914087 1.02395070 1.41868424
v 3.59720230 1.07017457 1.45121908
v 3.54559660 1.27118826 1.56829298
v 3.53450727 1.32211947 1.59152007
v 3.58776379 1.01265824 1.48610044
v 3.58495951 1.11818027 1.48493886
v 3.58570385 1.11525917 1.48288870
v 3.58486629 1.11845648 1.48514259
v 3.58477664 1.11872137 1.48533881
v 3.55788898 1.21765959 1.54269421
v 3.55539608 1.22680771 1.54801333
v 3.92844725 1.36338305 1.48104620
v 3.86836219 1.44919336 1.54403579
v 3.80562949 1.53878522 1.59750569
v 4.12818146 1.07813275 1.13922977
v 4.08529043 1.13938785 1.23644423
v 4.03750801 1.20762825 1.32658827
v 4.47186756 1.32491028 1.13537920
v 4.42915201 1.38591433 1.23231220
v 4.38159657 1.45383108 1.32227182
v 3.98506260 1.28252804 1.40842152
v 4.21317768 1.69435823 1.53947198
v 4.15063715 1.78367484 1.59280586
v 4.32940197 1.52837276 1.40399790
v 4.27303553 1.60887218 1.47655642
v 3.50988555 0.20253165 1.73088396
v 3.50008583 0.60759491 1.72605133
v 3.49019313 1.01265824 1.72117281
v 3.52992129 1.34318054 1.60112607
v 3.51660991 1.41772151 1.62804484
v 3.51432157 1.43041110 1.63263273
v 3.50796962 1.46577060 1.64535570
v 3.48022413 1.41772151 1.71625662
v 3.50069237 1.51415479 1.65933692
v 3.48142576 1.65387344 1.69618189
v 3.47260594 1.72539353 1.71249974
v 3.47294021 1.72237086 1.71190393
v 3.49667764 1.54126942 1.66715944
v 3.48913884 1.59269369 1.68181252
v 3.46704602 1.76714325 1.72086644
v 3.67550778 1.72461808 1.67898965
v 3.60947132 1.81892812 1.70959401
v 3.46328020 1.79621577 1.72648489
v 3.45990348 1.82278478 1.73161030
v 3.45616245 1.85177934 1.73721159
v 3.45272589 1.88048041 1.74222994
v 3.44098115 1.98222983 1.75915742
v 3.43964195 1.99421513 1.76106393
v 3.54334164 1.91337097 1.73553622
v 3.74109101 1.63095558 1.64211404
v 4.08625507 1.87562215 1.63716400
v 4.02079964 1.96910238 1.67363334
v 4.49559927 2.02863026 1.58796716
v 3.43114710 2.07360148 1.77295244
v 3.42796063 2.10321641 1.77742171
v 3.42688751 2.11362457 1.77894163
v 3.42741680 2.10837579 1.77819896
v 3.47722220 2.00779939 1.75836110
v 3.69044709 2.44089460 1.78949666
v 3.48425484 2.73536754 1.83965755
v 3.55457735 2.63493657 1.82461965
v 3.62317252 2.53697276 1.80759108
v 3.95487833 2.06324768 1.70365083
v 3.75687885 2.34602022 1.77064478
v 3.82291412 2.25171208 1.75071502
v 3.88887405 2.15751147 1.72882271
v 3.83177948 2.97666311 1.82693934
v 3.90158844 2.87696576 1.81273866
v 3.53429651 3.40151286 1.83279109
v 3.68635106 3.18435645 1.84388661
v 3.61092997 3.29206896 1.84284270
v 3.41813660 3.91091800 1.68563831
v 3.42389631 3.95947266 1.66753411
v 3.65666723 3.96436143 1.72115135
v 3.45721555 3.51159573 1.81194711
v 3.76004601 3.07910919 1.83791900
v 3.80749989 3.74895000 1.79879570
v 3.73134065 3.85771680 1.76642764
v 3.88409257 3.63956451 1.81918895
v 3.96018028 3.53090000 1.82904696
v 4.23440027 2.40166116 1.72206736
v 4.16860390 2.49562788 1.74305081
v 4.03664351 2.68408728 1.77970243
v 4.10278654 2.58962512 1.76194739
v 3.96973681 2.77963972 1.79670954
v 4.36606836 2.21361923 1.66818130
v 4.30027199 2.30758619 1.69763899
v 4.43138552 2.12033725 1.63209403
v 4.51429558 2.73954129 1.73540115
v 4.44869661 2.83322644 1.75328362
v 4.38284111 2.92727780 1.76995265
v 4.03502178 3.42401481 1.83018005
v 4.17930269 3.21796083 1.81424344
v 4.10813141 3.31960368 1.82458639
v 4.15780401 3.98627615 1.78557444
v 4.23389959 3.87760067 1.80554116
v 4.24859810 3.11899686 1.80089641
v 4.31630135 3.02230668 1.78587437
v 4.30943394 3.76972580 1.81523359
v 4.38369131 3.66367579 1.81648493
v 4.45621252 3.56010461 1.81129277
v 3.64125371 5.16659737 0.14050497
v 3.64468145 5.16141510 0.18138672
v 3.64821029 5.15606737 0.22354420
v 3.64952207 5.15404749 0.23920231
v 3.64048576 5.46835423 0.23861004
v 3.65014458 5.14706469 0.27944449
v 3.65147996 5.12900496 0.35733268
v 3.62901211 5.87341785 0.23785801
v 3.78309631 5.25902653 0.14013503
v 3.79518247 5.24176550 0.27870512
v 3.65250349 5.11504555 0.41672346
v 3.65327048 5.10314655 0.45728198
v 3.65372133 5.09618282 0.48102155
v 3.65336967 5.09392786 0.48764819
v 3.64303493 5.46835423 0.47961465
v 3.64995074 5.07169533 0.55223364
v 3.64889097 5.06329107 0.57294953
v 3.64689231 5.04742289 0.61206698
v 3.63157463 5.87341785 0.47810587
v 3.81117320 5.21892834 0.41554716
v 3.83100414 5.19060659 0.55050761
v 4.13778114 5.49009562 0.13920705
v 4.14962482 5.47318125 0.27689689
v 4.49246264 5.72117043 0.13827951
v 4.50404453 5.70462990 0.27509391
v 4.16529846 5.45079660 0.41292500
v 4.18476963 5.42298937 0.54714352
v 4.51938820 5.68271685 0.41031539
v 3.64124870 4.99881077 0.72428936
v 3.64011383 4.99402285 0.73336023
v 3.63412499 4.96854591 0.78127712
v 3.62967038 4.94953680 0.81704861
v 3.62577367 4.93006945 0.84893000
v 3.61399102 4.87087059 0.94540083
v 3.61210489 4.85967636 0.96120113
v 3.61133504 4.85509396 0.96765429
v 3.59451723 4.79073286 1.05208254
v 3.59093285 4.77701521 1.07007670
v 3.59147429 4.77909184 1.06735826
v 3.59993362 4.78299761 1.06992543
v 3.64313483 5.01721907 0.68578213
v 3.63939428 5.06329107 0.72392052
v 3.62789822 5.46835423 0.72163385
v 3.61656570 5.87341785 0.71937966
v 3.85476542 5.15667200 0.68335402
v 3.88268733 5.11679554 0.81368756
v 3.60548472 5.06329107 0.96608675
v 3.59424233 5.46835423 0.96307433
v 3.58315182 5.87341785 0.96010262
v 3.91510391 5.07049990 0.94087166
v 3.95239282 5.01724577 1.06399167
v 4.20815897 5.38958597 0.67931229
v 4.23572493 5.35021734 0.80901271
v 4.26782322 5.30437660 0.93557972
v 4.30484390 5.25150537 1.05806613
v 3.61771822 6.27848101 0.23711778
v 3.60661316 6.68354416 0.23638992
v 3.62029433 6.27848101 0.47662079
v 3.60920358 6.68354416 0.47516066
v 3.59570479 7.08860779 0.23567495
v 3.58500123 7.49367094 0.23497339
v 3.57451010 7.89873409 0.23428577
v 3.59831142 7.08860779 0.47372669
v 3.58762717 7.49367094 0.47232008
v 3.57715940 7.89873409 0.47094199
v 3.60540771 6.27848101 0.71716017
v 3.59443474 6.68354416 0.71497750
v 3.57222509 6.27848101 0.95717484
v 3.56147408 6.68354416 0.95429415
v 3.58365726 7.08860779 0.71283376
v 3.57308507 7.49367094 0.71073085
v 3.56272840 7.89873409 0.70867074
v 3.55091023 7.08860779 0.95146352
v 3.54054427 7.49367094 0.94868600
v 3.53038764 7.89873409 0.94596452
v 3.40963674 4.25316477 1.68144667
v 3.39962602 4.65822792 1.67650998
v 3.29961061 4.25316477 1.90503109
v 3.29027295 4.65822792 1.89963996
v 3.38967967 5.06329107 1.67160499
v 3.37981248 5.46835423 1.66673911
v 3.37003899 5.87341785 1.66191936
v 3.27172971 5.46835423 1.88893402
v 3.28097415 5.06329107 1.89427137
v 3.26255441 5.87341785 1.88363659
v 3.41044235 7.89873409 1.41265142
v 3.36037374 6.27848101 1.65715301
v 3.35083103 6.68354416 1.65244699
v 3.12975597 6.27848101 2.09123611
v 3.12137532 6.68354416 2.08563638
v 3.25346279 6.27848101 1.87838769
v 3.24446988 6.68354416 1.87319565
v 3.34142494 7.08860779 1.64780843
v 3.33216882 7.49367094 1.64324379
v 3.32307673 7.89873409 1.63875997
v 3.11308169 7.08860779 2.08009481
v 3.10488987 7.49367094 2.07462120
v 3.09681392 7.89873409 2.06922483
v 3.23558998 7.08860779 1.86806870
v 3.22683716 7.49367094 1.86301529
v 3.21822572 7.89873409 1.85804343
v 3.52476907 4.49085331 1.35191417
v 3.57171607 4.69086123 1.16824150
v 3.56748271 4.67188549 1.18986607
v 3.56367993 4.65168142 1.20970631
v 3.56491327 4.65822792 1.20327830
v 3.56350040 4.65822792 1.20964539
v 3.56076455 4.64033890 1.22027767
v 3.64266968 4.72196436 1.18846071
v 3.54898477 4.59444189 1.26306617
v 3.53783274 4.55111313 1.30356288
v 3.69082737 4.65318775 1.30038643
v 3.50917768 4.41933060 1.40958345
v 3.49872112 4.36140203 1.44921768
v 3.50241303 4.38174582 1.43523443
v 3.47010708 4.23079681 1.53111231
v 3.44880295 4.12024403 1.59292078
v 3.45334554 4.14362812 1.57975554
v 3.51598549 4.16527605 1.59104359
v 3.47856522 4.27483845 1.50651968
v 3.47680664 4.26558876 1.51164913
v 3.47441983 4.25316477 1.51860142
v 3.49094963 4.65822792 1.44599867
v 3.80352473 4.49223948 1.49821508
v 3.86753893 4.40081739 1.58112514
v 3.74449134 4.57654762 1.40415883
v 3.55249977 5.06329107 1.20591116
v 3.54162169 5.46835423 1.20221865
v 3.53087974 5.87341785 1.19857216
v 3.48043203 5.06329107 1.44164217
v 3.47001672 5.46835423 1.43732798
v 3.45971775 5.87341785 1.43306196
v 3.99490404 4.95653343 1.18185556
v 4.04288101 4.88801527 1.29304302
v 4.09639215 4.81159306 1.39599943
v 4.15527868 4.72749472 1.48916721
v 4.21912622 4.63631105 1.57113969
v 4.50705099 4.96272421 1.48008764
v 4.34713840 5.19110250 1.17524993
v 4.39494276 5.12283087 1.28568840
v 4.44830799 5.04661798 1.38781762
v 3.43298793 4.01767492 1.64033389
v 3.58455086 4.06735420 1.66261268
v 3.93589616 4.30319309 1.65174985
v 4.00774193 4.20058680 1.70938218
v 4.08206987 4.09443617 1.75385141
v 4.35884142 4.43677711 1.69754910
v 4.50811672 4.22358942 1.77232170
v 4.43281555 4.33113098 1.74122405
v 4.28727198 4.53898907 1.64081812
v 3.52028632 6.27848101 1.19497621
v 3.50985479 6.68354416 1.19143522
v 3.44954872 6.27848101 1.42884982
v 3.43952346 6.68354416 1.42469728
v 3.49959731 7.08860779 1.18795323
v 3.48952603 7.49367094 1.18453443
v 3.47965288 7.89873409 1.18118298
v 3.42965555 7.08860779 1.42060983
v 3.41995740 7.49367094 1.41659272
v 0.23048441 0.20253165 3.51651239
v 0.23051566 0.60759491 3.51698923
v 0.46592262 0.20253165 3.53903365
v 0.46607986 0.60759491 3.54022789
v 0.23056149 1.01265824 3.51768875
v 0.23062119 1.41772151 3.51859951
v 0.23069401 1.82278478 3.51971054
v 0.46625334 1.01265824 3.54154563
v 0.46644166 1.41772151 3.54297614
v 0.46664348 1.82278478 3.54450917
v 0.70561600 0.20253165 3.54737115
v 0.70589823 0.60759491 3.54878998
v 0.94820440 0.20253165 3.53874707
v 1.19184256 0.20253165 3.51105499
v 0.94853026 0.60759491 3.53996301
v 1.19207203 0.60759491 3.51173115
v 0.70618653 1.01265824 3.55023932
v 0.70647913 1.41772151 3.55171037
v 0.70677423 1.82278478 3.55319405
v 0.94884253 1.01265824 3.54112840
v 0.94913930 1.41772151 3.54223609
v 1.19226182 1.01265824 3.51229000
v 1.19241011 1.41772151 3.51272702
v 0.94941884 1.82278478 3.54327941
v 1.19251597 1.82278478 3.51303864
v 0.23077926 2.22784805 3.52101111
v 0.23087622 2.63291144 3.52249026
v 0.46685746 2.22784805 3.54613447
v 0.46708235 2.63291144 3.54784250
v 0.23098420 3.03797460 3.52413774
v 0.23110251 3.44303799 3.52594304
v 0.23123054 3.84810138 3.52789617
v 0.46731690 3.03797460 3.54962420
v 0.46755996 3.44303799 3.55147052
v 0.46781042 3.84810138 3.55337286
v 0.70707029 2.22784805 3.55468225
v 0.70736563 2.63291144 3.55616713
v 0.94967961 2.22784805 3.54425263
v 1.19257796 2.22784805 3.51322150
v 0.94992012 2.63291144 3.54515004
v 1.19259548 2.63291144 3.51327276
v 0.70765883 3.03797460 3.55764127
v 0.70794863 3.44303799 3.55909801
v 0.70823371 3.84810138 3.56053138
v 0.95013911 3.03797460 3.54596734
v 0.95033544 3.44303799 3.54670024
v 1.19256771 3.03797460 3.51319098
v 1.19249427 3.44303799 3.51297474
v 0.95050824 3.84810138 3.54734516
v 1.19237506 3.84810138 3.51262355
v 1.43440342 0.20253165 3.46295619
v 1.43436265 0.60759491 3.46285772
v 1.67367637 0.20253165 3.39387989
v 1.67318106 0.60759491 3.39287567
v 1.43425262 1.01265824 3.46259212
v 1.43407273 1.41772151 3.46215773
v 1.43382239 1.82278478 3.46155357
v 1.67258716 1.01265824 3.39167142
v 1.67189527 1.41772151 3.39026809
v 1.67110610 1.82278478 3.38866782
v 1.90753055 0.20253165 3.30393982
v 1.90640664 0.60759491 3.30199313
v 2.13402510 0.20253165 3.19379425
v 2.13212276 0.60759491 3.19094729
v 1.90515745 1.01265824 3.29982948
v 1.90378511 1.41772151 3.29745269
v 1.90229237 1.82278478 3.29486704
v 2.13007355 1.01265824 3.18788052
v 2.12788153 1.41772151 3.18459988
v 2.12555122 1.82278478 3.18111229
v 1.43350172 2.22784805 3.46077919
v 1.43311059 2.63291144 3.45983505
v 1.67022097 2.22784805 3.38687301
v 1.66924143 2.63291144 3.38488674
v 1.43264961 3.03797460 3.45872235
v 1.43211949 3.44303799 3.45744252
v 1.43152118 3.84810138 3.45599794
v 1.66816950 3.03797460 3.38271308
v 1.66700721 3.44303799 3.38035631
v 1.66575718 3.84810138 3.37782145
v 1.90068209 2.22784805 3.29207778
v 1.89895749 2.63291144 3.28909087
v 2.12308764 2.22784805 3.17742515
v 2.12049556 2.63291144 3.17354584
v 1.89712226 3.03797460 3.28591228
v 1.89518046 3.44303799 3.28254890
v 1.89313638 3.84810138 3.27900839
v 2.11778092 3.03797460 3.16948318
v 2.11494970 3.44303799 3.16524601
v 2.11200809 3.84810138 3.16084337
v 2.31290412 4.65822792 3.01423550
v 2.30872035 5.06329107 3.00878310
v 2.30446100 5.46835423 3.00323200
v 2.30013561 5.87341785 2.99759507
v 2.29575396 6.27848101 2.99188471
v 2.29132605 6.68354416 2.98611426
v 2.28686237 7.08860779 2.98029709
v 2.28237319 7.49367094 2.97444677
v 2.27786922 7.89873409 2.96857691
v 0.23136762 4.25316477 3.52998757
v 0.23151316 4.65822792 3.53220820
v 0.46806723 4.25316477 3.55532360
v 0.46832940 4.65822792 3.55731511
v 0.23166655 5.06329107 3.53454852
v 0.23182727 5.46835423 3.53700066
v 0.23199479 5.87341785 3.53955650
v 0.46859604 5.06329107 3.55934024
v 0.46886629 5.46835423 3.56139326
v 0.46913943 5.87341785 3.56346750
v 0.70851296 4.25316477 3.56193542
v 0.70878547 4.65822792 3.56330514
v 0.95065677 4.25316477 3.54789925
v 1.19221008 4.25316477 3.51213741
v 0.95078039 4.65822792 3.54836059
v 1.19199955 4.65822792 3.51151729
v 0.95087868 5.06329107 3.54872751
v 0.95095146 5.46835423 3.54899931
v 1.19174397 5.06329107 3.51076460
v 1.19144428 5.46835423 3.50988173
v 0.95099872 5.87341785 3.54917550
v 1.19110131 5.87341785 3.50887132
v 0.70905030 5.06329107 3.56463647
v 0.70930672 5.46835423 3.56592560
v 0.70955408 5.87341785 3.56716919
v 0.23216860 6.27848101 3.54220819
v 0.23234823 6.68354416 3.54494905
v 0.23253329 7.08860779 3.54777241
v 0.23272337 7.49367094 3.55067253
v 0.23291811 7.89873409 3.55364370
v 0.95102060 6.27848101 3.54925704
v 1.19071615 6.27848101 3.50773668
v 0.95101738 6.68354416 3.54924512
v 1.19029045 6.68354416 3.50648260
v 0.95098954 7.08860779 3.54914141
v 0.95093787 7.49367094 3.54894829
v 1.18982565 7.08860779 3.50511360
v 1.18932378 7.49367094 3.50363493
v 0.95086312 7.89873409 3.54866958
v 1.18878698 7.89873409 3.50205326
v 0.46941468 6.27848101 3.56555843
v 0.46969151 6.68354416 3.56766129
v 0.46996936 7.08860779 3.56977177
v 0.47024781 7.49367094 3.57188654
v 0.47052643 7.89873409 3.57400322
v 0.70979190 6.27848101 3.56836486
v 0.71001989 6.68354416 3.56951094
v 0.71023774 7.08860779 3.57060599
v 0.71044534 7.49367094 3.57165003
v 0.71064281 7.89873409 3.57264280
v 1.43085599 4.25316477 3.45439196
v 1.43012536 4.65822792 3.45262814
v 1.66442227 4.25316477 3.37511468
v 1.66300559 4.65822792 3.37224197
v 1.42933118 5.06329107 3.45071077
v 1.42847562 5.46835423 3.44864535
v 1.42756093 5.87341785 3.44643688
v 1.66151071 5.06329107 3.36921024
v 1.65994108 5.46835423 3.36602759
v 1.65830100 5.87341785 3.36270189
v 1.89099467 4.25316477 3.27529883
v 1.88876021 4.65822792 3.27142859
v 2.10896254 4.25316477 3.15628552
v 2.10582018 4.65822792 3.15158272
v 1.88643849 5.06329107 3.26740718
v 1.88403487 5.46835423 3.26324415
v 1.88155544 5.87341785 3.25894952
v 2.10258818 5.06329107 3.14674544
v 2.09927392 5.46835423 3.14178538
v 2.09588528 5.87341785 3.13671398
v 1.42658973 6.27848101 3.44409227
v 1.42556489 6.68354416 3.44161820
v 1.65659475 6.27848101 3.35924172
v 1.65482676 6.68354416 3.35565686
v 1.42448974 7.08860779 3.43902230
v 1.42336738 7.49367094 3.43631268
v 1.42220151 7.89873409 3.43349814
v 1.65300202 7.08860779 3.35195661
v 1.65112567 7.49367094 3.34815168
v 1.64920294 7.89873409 3.34425259
v 1.87900627 6.27848101 3.25453424
v 1.87639368 6.68354416 3.25000930
v 2.09243035 6.27848101 3.13154316
v 2.08891726 6.68354416 3.12628555
v 1.87372458 7.08860779 3.24538612
v 1.87100577 7.49367094 3.24067712
v 1.86824441 7.89873409 3.23589420
v 2.08535457 7.08860779 3.12095380
v 2.08175135 7.49367094 3.11556101
v 2.07811594 7.89873409 3.11012030
v 3.25582385 0.20253165 2.17547202
v 3.24792433 0.60759491 2.17019367
v 3.10332775 0.20253165 2.38126707
v 2.93546700 0.20253165 2.57433558
v 3.09644556 0.60759491 2.37598634
v 2.92962480 0.60759491 2.56921196
v 3.23988771 1.01265824 2.16482377
v 3.23172879 1.41772151 2.15937209
v 3.22346282 1.82278478 2.15384889
v 3.08940959 1.01265824 2.37058735
v 3.08223367 1.41772151 2.36508107
v 2.92361712 1.01265824 2.56394339
v 2.91745615 1.41772151 2.55854034
v 3.07493114 1.82278478 2.35947776
v 2.91115403 1.82278478 2.55301356
v 2.75342226 0.20253165 2.75342226
v 2.74862385 0.60759491 2.74862385
v 2.55835509 0.20253165 2.91724491
v 2.35145760 0.20253165 3.06447911
v 2.55458117 0.60759491 2.91294146
v 2.34866023 0.60759491 3.06083345
v 2.74365425 1.01265824 2.74365425
v 2.73852372 1.41772151 2.73852372
v 2.73324299 1.82278478 2.73324299
v 2.55063701 1.01265824 2.90844417
v 2.54653096 1.41772151 2.90376186
v 2.34570050 1.01265824 3.05697656
v 2.34258509 1.41772151 3.05291629
v 2.54227138 1.82278478 2.89890480
v 2.33932018 1.82278478 3.04866147
v 3.21510410 2.22784805 2.14826393
v 3.20666838 2.63291144 2.14262724
v 3.06751609 2.22784805 2.35378790
v 2.90472341 2.22784805 2.54737401
v 3.06000280 2.63291144 2.34802270
v 2.89817667 2.63291144 2.54163265
v 3.04473734 3.44303799 2.33630919
v 3.03701401 3.84810138 2.33038282
v 3.19817019 3.03797460 2.13694906
v 3.18962502 3.44303799 2.13123918
v 3.18104768 3.84810138 2.12550807
v 3.05240512 3.03797460 2.34219265
v 2.89152694 3.03797460 2.53580117
v 2.88478756 3.44303799 2.52989078
v 2.87797141 3.84810138 2.52391315
v 2.72782230 2.22784805 2.72782230
v 2.72227335 2.63291144 2.72227335
v 2.53786731 2.22784805 2.89388299
v 2.33591270 2.22784805 3.04422069
v 2.53332806 2.63291144 2.88870692
v 2.33237004 2.63291144 3.03960371
v 2.71660709 3.03797460 2.71660709
v 2.71083522 3.44303799 2.71083522
v 2.70496964 3.84810138 2.70496964
v 2.52866316 3.03797460 2.88338757
v 2.52388215 3.44303799 2.87793612
v 2.32869959 3.03797460 3.03482032
v 2.32490921 3.44303799 3.02988076
v 2.51899576 3.84810138 2.87236404
v 2.32100773 3.84810138 3.02479601
v 2.86416292 4.65822792 2.51180339
v 2.85719752 5.06329107 2.50569510
v 2.85020995 5.46835423 2.49956703
v 2.84321380 5.87341785 2.49343157
v 3.02924943 4.25316477 2.32442474
v 3.02145815 4.65822792 2.31844640
v 3.17245364 4.25316477 2.11976576
v 3.16385770 4.65822792 2.11402202
v 2.87109184 4.25316477 2.51787996
v 3.01365471 5.06329107 2.31245852
v 3.00585341 5.46835423 2.30647254
v 3.13820934 5.87341785 2.09688449
v 2.99806905 5.87341785 2.30049944
v 3.15527511 5.06329107 2.10828733
v 3.14672065 5.46835423 2.10257149
v 2.69902253 4.25316477 2.69902253
v 2.69300556 4.65822792 2.69300556
v 2.51401377 4.25316477 2.86668324
v 2.31700301 4.25316477 3.01957703
v 2.50894713 4.65822792 2.86090589
v 2.68693185 5.06329107 2.68693185
v 2.68081355 5.46835423 2.68081355
v 2.67466307 5.87341785 2.67466307
v 2.50380683 5.06329107 2.85504460
v 2.49860358 5.46835423 2.84911156
v 2.49334908 5.87341785 2.84311962
v 2.83622265 6.27848101 2.48730040
v 2.82925057 6.68354416 2.48118615
v 2.82231140 7.08860779 2.47510052
v 2.81541872 7.49367094 2.46905613
v 2.80858684 7.89873409 2.46306443
v 2.99031615 6.27848101 2.29455018
v 2.98260880 6.68354416 2.28863621
v 2.97496176 7.08860779 2.28276849
v 2.96738887 7.49367094 2.27695751
v 2.95990491 7.89873409 2.27121496
v 2.66849375 6.27848101 2.66849375
v 2.66231823 6.68354416 2.66231823
v 2.48805451 6.27848101 2.83708239
v 2.48273134 6.68354416 2.83101249
v 2.47739148 7.08860779 2.82492375
v 2.47204709 7.49367094 2.81882930
v 2.46670961 7.89873409 2.81274319
v 2.65614939 7.08860779 2.65614939
v 2.65000033 7.49367094 2.65000033
v 2.64388394 7.89873409 2.64388394
v 3.56423950 8.30379772 0.23361260
v 3.55419636 8.70886040 0.23295434
v 3.56691694 8.30379772 0.46959352
v 3.55690765 8.70886040 0.46827579
v 3.54438877 9.11392403 0.23231152
v 3.53482366 9.51898766 0.23168458
v 3.52550817 9.92405033 0.23107401
v 3.54714036 9.11392403 0.46698987
v 3.53762245 9.51898766 0.46573684
v 3.52836227 9.92405033 0.46451768
v 3.55259657 8.30379772 0.70665538
v 3.54269886 8.70886040 0.70468658
v 3.52045059 8.30379772 0.94330186
v 3.51074338 8.70886040 0.94070083
v 3.53304434 9.11392403 0.70276624
v 3.52364206 9.51898766 0.70089597
v 3.51450038 9.92405033 0.69907761
v 3.50127625 9.11392403 0.93816417
v 3.49205899 9.51898766 0.93569440
v 3.48310113 9.92405033 0.93329418
v 3.51644921 10.32911396 0.23048027
v 3.50765419 10.73417759 0.22990380
v 3.51936698 10.32911396 0.46333346
v 3.51064467 10.73417759 0.46218514
v 3.49913001 11.13924026 0.22934510
v 3.49088311 11.54430389 0.22880456
v 3.48292041 11.94936752 0.22828266
v 3.50220227 11.13924026 0.46107367
v 3.49404740 11.54430389 0.46000004
v 3.48618674 11.94936752 0.45896518
v 3.50562811 10.32911396 0.69731277
v 3.49703336 10.73417759 0.69560319
v 3.47441220 10.32911396 0.93096590
v 3.46600080 10.73417759 0.92871213
v 3.48872399 11.13924026 0.69395036
v 3.48070812 11.54430389 0.69235587
v 3.47299314 11.94936752 0.69082129
v 3.45787621 11.13924026 0.92653513
v 3.45004678 11.54430389 0.92443722
v 3.44252110 11.94936752 0.92242074
v 3.40112257 8.30379772 1.40879107
v 3.39201045 8.70886040 1.40501678
v 3.38311815 9.11392403 1.40133345
v 3.37445688 9.51898766 1.39774585
v 3.36603856 9.92405033 1.39425886
v 3.31416130 8.30379772 1.63436353
v 3.30543637 8.70886040 1.63006079
v 3.08886814 8.30379772 2.06391573
v 3.08106613 8.70886040 2.05870271
v 3.20976925 8.30379772 1.85316110
v 3.20148134 8.70886040 1.84837615
v 3.29691410 9.11392403 1.62585807
v 3.19337559 9.11392403 1.84369636
v 3.28860712 9.51898766 1.62176156
v 3.28052759 9.92405033 1.61777723
v 3.18546510 9.51898766 1.83912921
v 3.17776275 9.92405033 1.83468223
v 3.07342219 9.11392403 2.05359507
v 3.06594944 9.51898766 2.04860187
v 3.05866146 9.92405033 2.04373217
v 3.35787392 10.32911396 1.39087701
v 3.34997416 10.73417759 1.38760471
v 3.40913463 11.13924026 1.15724528
v 3.40153384 11.54430389 1.15466511
v 3.39423513 11.94936752 1.15218759
v 3.34234977 11.13924026 1.38444662
v 3.33501101 11.54430389 1.38140678
v 3.32796812 11.94936752 1.37848961
v 3.24395490 11.94936752 1.59974146
v 3.27268791 10.32911396 1.61391103
v 3.17028117 10.32911396 1.83036280
v 3.26509953 10.73417759 1.61016881
v 3.16303301 10.73417759 1.82617795
v 3.05157137 10.32911396 2.03899479
v 3.04469204 10.73417759 2.03439832
v 3.25777364 11.13924026 1.60655618
v 3.15603018 11.13924026 1.82213485
v 3.25072169 11.54430389 1.60307860
v 3.14928460 11.54430389 1.81824040
v 3.14280820 11.94936752 1.81450117
v 3.03803658 11.13924026 2.02995110
v 3.03161716 11.54430389 2.02566195
v 3.02544641 11.94936752 2.02153850
v 3.46998954 8.30379772 1.17790270
v 3.46054721 8.70886040 1.17469740
v 3.45133686 9.11392403 1.17157102
v 3.44236946 9.51898766 1.16852701
v 3.43365550 9.92405033 1.16556895
v 3.42520499 10.32911396 1.16270041
v 3.41702819 10.73417759 1.15992475
v 3.41561675 13.56962013 0.91521174
v 3.40972900 13.97468376 0.91363412
v 3.40419126 14.37974644 0.91215026
v 3.39901090 14.78481007 0.91076219
v 3.41399336 16.00000000 0.67908549
v 3.39419460 15.18987370 0.90947169
v 3.38974953 15.59493637 0.90828067
v 3.38568234 16.00000000 0.90719086
v 3.47524881 12.35443020 0.22777984
v 3.46787477 12.75949383 0.22729652
v 3.47862768 12.35443020 0.45797002
v 3.47137713 12.75949383 0.45701545
v 3.46080494 13.16455650 0.22683313
v 3.45404601 13.56962013 0.22639014
v 3.44760489 13.97468376 0.22596796
v 3.46444178 13.16455650 0.45610240
v 3.45782828 13.56962013 0.45523173
v 3.45154357 13.97468376 0.45440435
v 3.46558690 12.35443020 0.68934810
v 3.45849681 12.75949383 0.68793780
v 3.43530726 12.35443020 0.92048782
v 3.42841363 12.75949383 0.91864061
v 3.45172977 13.16455650 0.68659174
v 3.44529319 13.56962013 0.68531144
v 3.43919396 13.97468376 0.68409818
v 3.42184758 13.16455650 0.91688126
v 3.44148755 14.37974644 0.22556701
v 3.43570113 14.78481007 0.22518775
v 3.44559431 14.37974644 0.45362109
v 3.43998671 14.78481007 0.45288286
v 3.43025184 15.18987370 0.22483058
v 3.42514658 15.59493637 0.22449598
v 3.42039204 16.00000000 0.22418433
v 3.43472767 15.18987370 0.45219046
v 3.42982316 15.59493637 0.45154479
v 3.42528009 16.00000000 0.45094666
v 3.43343878 14.37974644 0.68295342
v 3.42803454 14.78481007 0.68187845
v 3.42298794 15.18987370 0.68087465
v 3.41830540 15.59493637 0.67994320
v 3.38724732 12.35443020 1.14981556
v 3.38057947 12.75949383 1.14755213
v 3.32123089 12.35443020 1.37569892
v 3.23748326 12.35443020 1.59655011
v 3.31480885 12.75949383 1.37303877
v 3.23131776 12.75949383 1.59350955
v 3.37423992 13.16455650 1.14540005
v 3.36823678 13.56962013 1.14336240
v 3.36257863 13.97468376 1.14144158
v 3.30871129 13.16455650 1.37051308
v 3.22546816 13.16455650 1.59062493
v 3.30294728 13.56962013 1.36812556
v 3.29752588 13.97468376 1.36588001
v 3.21994472 13.56962013 1.58790100
v 3.21475673 13.97468376 1.58534253
v 3.13661242 12.35443020 1.81092393
v 3.13070798 12.75949383 1.80751514
v 3.01953602 12.35443020 2.01758933
v 3.01389790 12.75949383 2.01382208
v 3.12510633 13.16455650 1.80428100
v 3.11981773 13.56962013 1.80122769
v 3.11485291 13.97468376 1.79836118
v 3.00854373 13.16455650 2.01024461
v 2.99873257 13.97468376 2.00368905
v 3.00348496 13.56962013 2.00686455
v 3.35727286 14.37974644 1.13964057
v 3.35232759 14.78481007 1.13796186
v 3.29245543 14.37974644 1.36377978
v 3.20991349 14.37974644 1.58295417
v 3.28774452 14.78481007 1.36182845
v 3.20542455 14.78481007 1.58074045
v 3.34775019 15.18987370 1.13640809
v 3.34354782 15.59493637 1.13498151
v 3.33972764 16.00000000 1.13368475
v 3.28340125 15.18987370 1.36002934
v 3.20129848 15.18987370 1.57870579
v 3.27584887 16.00000000 1.35690105
v 3.27943349 15.59493637 1.35838580
v 3.19754410 15.59493637 1.57685423
v 3.19416976 16.00000000 1.57519019
v 3.11022186 14.37974644 1.79568744
v 3.10593462 14.78481007 1.79321218
v 2.99429727 14.37974644 2.00072551
v 2.99019003 14.78481007 1.99798107
v 3.10200047 15.18987370 1.79094088
v 3.09842920 15.59493637 1.78887892
v 3.09522986 16.00000000 1.78703177
v 2.98642087 15.18987370 1.99546266
v 2.98300028 15.59493637 1.99317694
v 2.97993779 16.00000000 1.99113071
v 2.27336097 8.30379772 2.96270156
v 2.26885915 8.70886040 2.95683503
v 2.26437521 9.11392403 2.95099139
v 2.25992012 9.51898766 2.94518518
v 2.25550461 9.92405033 2.93943095
v 2.25114036 10.32911396 2.93374324
v 2.24683857 10.73417759 2.92813706
v 2.05256581 10.73417759 3.07188177
v 2.24261045 11.13924026 2.92262697
v 2.04901791 11.13924026 3.06657195
v 2.23846745 11.54430389 2.91722775
v 2.23442101 11.94936752 2.91195416
v 2.04552579 11.54430389 3.06134558
v 2.04209924 11.94936752 3.05621767
v 0.23311719 8.30379772 3.55668092
v 0.23332034 8.70886040 3.55978060
v 0.23352732 9.11392403 3.56293845
v 0.95076644 8.30379772 3.54830861
v 1.18821728 8.30379772 3.50037527
v 0.95064902 8.70886040 3.54787040
v 1.18761742 8.70886040 3.49860787
v 0.95051223 9.11392403 3.54735994
v 1.18698990 9.11392403 3.49675965
v 0.95035762 9.51898766 3.54678273
v 0.95018691 9.92405033 3.54614592
v 1.18633795 9.51898766 3.49483871
v 1.18566430 9.92405033 3.49285436
v 0.47080502 8.30379772 3.57611918
v 0.47108331 8.70886040 3.57823300
v 0.23373792 9.51898766 3.56615162
v 0.23395199 9.92405033 3.56941748
v 0.47136125 9.11392403 3.58034420
v 0.47163877 9.51898766 3.58245230
v 0.47191596 9.92405033 3.58455777
v 0.71083027 8.30379772 3.57358527
v 0.71100807 8.70886040 3.57447910
v 0.71117657 9.11392403 3.57532620
v 0.71133643 9.51898766 3.57612967
v 0.71148825 9.92405033 3.57689309
v 0.95000207 10.32911396 3.54545593
v 1.18497252 10.32911396 3.49081635
v 0.94980508 10.73417759 3.54472089
v 1.18426585 10.73417759 3.48873472
v 0.94959813 11.13924026 3.54394865
v 1.18354809 11.13924026 3.48662019
v 0.94938368 11.54430389 3.54314804
v 0.94916409 11.94936752 3.54232860
v 1.18282294 11.54430389 3.48448420
v 1.18209445 11.94936752 3.48233795
v 0.23416939 10.32911396 3.57273459
v 0.23439007 10.73417759 3.57610130
v 0.47219294 10.32911396 3.58666158
v 0.47246996 10.73417759 3.58876562
v 0.23461396 11.13924026 3.57951713
v 0.23484106 11.54430389 3.58298230
v 0.23507144 11.94936752 3.58649707
v 0.47274733 11.13924026 3.59087229
v 0.47302541 11.54430389 3.59298468
v 0.47330469 11.94936752 3.59510612
v 0.71163291 10.32911396 3.57762027
v 0.71177131 10.73417759 3.57831597
v 0.71190459 11.13924026 3.57898593
v 0.71203387 11.54430389 3.57963586
v 0.71216047 11.94936752 3.58027244
v 1.42099607 8.30379772 3.43058801
v 1.41975510 8.70886040 3.42759180
v 1.64723945 8.30379772 3.34027123
v 1.64524102 8.70886040 3.33621883
v 1.41848278 9.11392403 3.42452049
v 1.41718376 9.51898766 3.42138433
v 1.41586268 9.92405033 3.41819501
v 1.64321375 9.11392403 3.33210778
v 1.64116383 9.51898766 3.32795095
v 1.63909757 9.92405033 3.32376099
v 1.86544800 8.30379772 3.23105073
v 1.86262393 8.70886040 3.22615933
v 2.07445812 8.30379772 3.10464573
v 2.07078671 8.70886040 3.09915137
v 1.85978019 9.11392403 3.22123384
v 1.85692477 9.51898766 3.21628809
v 1.85406578 9.92405033 3.21133614
v 2.06711149 9.11392403 3.09365082
v 2.06344175 9.51898766 3.08815908
v 2.05978775 9.92405033 3.08269024
v 1.63494313 10.73417759 3.31533670
v 1.41452444 10.32911396 3.41496420
v 1.41317415 10.73417759 3.41170430
v 1.63702178 10.32911396 3.31955171
v 1.63286865 11.13924026 3.31113005
v 1.63080537 11.54430389 3.30694628
v 1.62876058 11.94936752 3.30279994
v 1.41181707 11.13924026 3.40842772
v 1.41045856 11.54430389 3.40514803
v 1.40910423 11.94936752 3.40187836
v 1.85121143 10.32911396 3.20639229
v 1.84837031 10.73417759 3.20147133
v 2.05615902 10.32911396 3.07725954
v 1.84555101 11.13924026 3.19658804
v 1.84276223 11.54430389 3.19175792
v 1.84001291 11.94936752 3.18699574
v 2.03548551 12.75949383 3.04631925
v 2.23048234 12.35443020 2.90682125
v 2.03874922 12.35443020 3.05120373
v 2.22666311 12.75949383 2.90184379
v 2.03231883 13.16455650 3.04157996
v 2.02925920 13.56962013 3.03700113
v 2.02631760 13.97468376 3.03259850
v 2.22297430 13.16455650 2.89703655
v 2.21942759 13.56962013 2.89241433
v 2.21603417 13.97468376 2.88799191
v 2.02350402 14.37974644 3.02838778
v 2.02082896 14.78481007 3.02438426
v 2.21280527 14.37974644 2.88378406
v 2.20975208 14.78481007 2.87980509
v 2.01830268 15.18987370 3.02060342
v 2.01593590 15.59493637 3.01706123
v 2.01373863 16.00000000 3.01377296
v 2.20688581 15.18987370 2.87606955
v 2.20421743 15.59493637 2.87259197
v 2.20175791 16.00000000 2.86938667
v 0.94894207 12.35443020 3.54150009
v 1.18136668 12.35443020 3.48019409
v 0.94872040 12.75949383 3.54067278
v 1.18064392 12.75949383 3.47806478
v 0.94850200 13.16455650 3.53985763
v 1.17993045 13.16455650 3.47596312
v 0.94828981 13.56962013 3.53906584
v 0.94808710 13.97468376 3.53830934
v 1.17923093 13.56962013 3.47390246
v 1.17855000 13.97468376 3.47189641
v 0.23530515 12.35443020 3.59006286
v 0.23554231 12.75949383 3.59368134
v 0.47358572 12.35443020 3.59724069
v 0.47386917 12.75949383 3.59939361
v 0.23578310 13.16455650 3.59735489
v 0.23602769 13.56962013 3.60108662
v 0.23627631 13.97468376 3.60488009
v 0.47415572 13.16455650 3.60157013
v 0.47444615 13.56962013 3.60377622
v 0.47474131 13.97468376 3.60601830
v 0.71228588 12.35443020 3.58090281
v 0.71241158 12.75949383 3.58153486
v 0.71253920 13.16455650 3.58217645
v 0.71267051 13.56962013 3.58283663
v 0.71280742 13.97468376 3.58352494
v 0.94789708 14.37974644 3.53760004
v 1.17789245 14.37974644 3.46995926
v 0.94772309 14.78481007 3.53695083
v 1.17726302 14.78481007 3.46810508
v 0.94756871 15.18987370 3.53637457
v 1.17666698 15.18987370 3.46634889
v 0.94743741 15.59493637 3.53588462
v 0.94733298 16.00000000 3.53549480
v 1.17610908 15.59493637 3.46470571
v 1.17559469 16.00000000 3.46319032
v 0.23652926 14.37974644 3.60873914
v 0.23678684 14.78481007 3.61266899
v 0.47504216 14.37974644 3.60830355
v 0.47534972 14.78481007 3.61063957
v 0.23704937 15.18987370 3.61667442
v 0.23731723 15.59493637 3.62076139
v 0.23759086 16.00000000 3.62493610
v 0.47566500 15.18987370 3.61303425
v 0.47598913 15.59493637 3.61549640
v 0.47632337 16.00000000 3.61803532
v 0.71295178 14.37974644 3.58425069
v 0.71310574 14.78481007 3.58502460
v 0.71327138 15.18987370 3.58585715
v 0.71345091 15.59493637 3.58675981
v 0.71364665 16.00000000 3.58774400
v 1.62674177 12.35443020 3.29870582
v 1.62475622 12.75949383 3.29467964
v 1.40775979 12.35443020 3.39863276
v 1.40643120 12.75949383 3.39542532
v 1.62281168 13.16455650 3.29073668
v 1.62091589 13.56962013 3.28689218
v 1.61907661 13.97468376 3.28316259
v 1.40512443 13.16455650 3.39227033
v 1.40384555 13.56962013 3.38918304
v 1.40260100 13.97468376 3.38617826
v 1.83731174 12.35443020 3.18231726
v 1.83466792 12.75949383 3.17773819
v 1.83209062 13.16455650 3.17327404
v 1.82958889 13.56962013 3.16894102
v 1.82717204 13.97468376 3.16475463
v 1.61730170 14.37974644 3.27956343
v 1.61559916 14.78481007 3.27611113
v 1.40139687 14.37974644 3.38327122
v 1.40023983 14.78481007 3.38047791
v 1.61397707 15.18987370 3.27282190
v 1.61244345 15.59493637 3.26971197
v 1.61100650 16.00000000 3.26679802
v 1.39913630 15.18987370 3.37781382
v 1.39809287 15.59493637 3.37529492
v 1.39711642 16.00000000 3.37293744
v 1.82484925 14.37974644 3.16073155
v 1.82262981 14.78481007 3.15688753
v 1.82052326 15.18987370 3.15323877
v 1.81853867 15.59493637 3.14980149
v 1.81668568 16.00000000 3.14659190
v 2.80182910 8.30379772 2.45713806
v 2.79515934 8.70886040 2.45128894
v 2.78859138 9.11392403 2.44552898
v 2.78213859 9.51898766 2.43987012
v 2.77581453 9.92405033 2.43432403
v 2.95252347 8.30379772 2.26555109
v 2.94525909 8.70886040 2.25997686
v 2.93812513 9.11392403 2.25450277
v 2.93113565 9.51898766 2.24913955
v 2.92430425 9.92405033 2.24389768
v 2.46139121 8.30379772 2.80667877
v 2.45610452 8.70886040 2.80065036
v 2.63781381 8.30379772 2.63781381
v 2.63180232 8.70886040 2.63180232
v 2.45086122 9.11392403 2.79467154
v 2.44567347 9.51898766 2.78875613
v 2.44055414 9.92405033 2.78291845
v 2.62586331 9.11392403 2.62586331
v 2.62000918 9.51898766 2.62000918
v 2.61425352 9.92405033 2.61425352
v 2.76963258 10.32911396 2.42890263
v 2.76360607 10.73417759 2.42361760
v 2.75774813 11.13924026 2.41848016
v 2.75207162 11.54430389 2.41350198
v 2.74658942 11.94936752 2.40869427
v 2.91764426 10.32911396 2.23878717
v 2.91116881 10.73417759 2.23381829
v 2.90489101 11.13924026 2.22900128
v 2.89882421 11.54430389 2.22434592
v 2.89298058 11.94936752 2.21986198
v 2.43551493 10.32911396 2.77717257
v 2.43056846 10.73417759 2.77153206
v 2.60860896 10.32911396 2.60860896
v 2.60308886 10.73417759 2.60308886
v 2.42572689 11.13924026 2.76601124
v 2.58740163 11.94936752 2.58740163
v 2.42100239 11.54430389 2.76062417
v 2.41640735 11.94936752 2.75538445
v 2.59770560 11.13924026 2.59770560
v 2.59247231 11.54430389 2.59247231
v 2.57779813 12.75949383 2.57779813
v 2.74131441 12.35443020 2.40406823
v 2.73625922 12.75949383 2.39963484
v 2.57329011 13.16455650 2.57329011
v 2.56899452 13.56962013 2.56899452
v 2.56492329 13.97468376 2.56492329
v 2.73143578 13.16455650 2.39540482
v 2.72685647 13.56962013 2.39138889
v 2.72253346 13.97468376 2.38759780
v 2.88737273 12.35443020 2.21555901
v 2.88201308 12.75949383 2.21144629
v 2.87691379 13.16455650 2.20753360
v 2.87208652 13.56962013 2.20382953
v 2.86754298 13.97468376 2.20034313
v 2.58250594 12.35443020 2.58250594
v 2.41195369 12.35443020 2.75030613
v 2.40765381 12.75949383 2.74540281
v 2.40351939 13.16455650 2.74068856
v 2.39956284 13.56962013 2.73617697
v 2.39579558 13.97468376 2.73188114
v 2.86329484 14.37974644 2.19708347
v 2.85935307 14.78481007 2.19405866
v 2.56108809 14.37974644 2.56108809
v 2.55750108 14.78481007 2.55750108
v 2.71847844 14.37974644 2.38404155
v 2.71470308 14.78481007 2.38073063
v 2.85572863 15.18987370 2.19127774
v 2.85243249 15.59493637 2.18874860
v 2.84947515 16.00000000 2.18647909
v 2.55417395 15.18987370 2.55417395
v 2.55111766 15.59493637 2.55111766
v 2.54834414 16.00000000 2.54834414
v 2.71121860 15.18987370 2.37767482
v 2.70803666 15.59493637 2.37488437
v 2.70516777 16.00000000 2.37236857
v 2.39222956 14.37974644 2.72781491
v 2.38887644 14.78481007 2.72399163
v 2.38574791 15.18987370 2.72042394
v 2.38285494 15.59493637 2.71712542
v 2.38020945 16.00000000 2.71410871
v 4.68316507 2.49837041 -1.88422406
v 4.54338217 2.69800115 -1.99034357
v 4.61434364 2.59665751 -1.93925381
v 4.89000368 2.94058657 -1.99084353
v 5.02941895 2.74148107 -1.88262892
v 4.96083355 2.83943129 -1.93876755
v 4.58274508 3.37939739 -2.13119292
v 4.66286564 3.26497364 -2.10927033
v 4.68228483 3.97485185 -2.12861133
v 4.76496506 3.85677195 -2.14270687
v 4.84752083 3.73887038 -2.14412689
v 4.92922592 3.62218356 -2.13341069
v 5.00942993 3.50764060 -2.11146641
v 4.74097061 3.15342760 -2.07759094
v 4.81673050 3.04523134 -2.03760552
v 5.37571812 2.98452640 -1.88126826
v 5.19394302 3.98174071 -2.14601111
v 5.27570963 3.86496592 -2.13556099
v 5.43424654 3.63855124 -2.08150697
v 5.35599422 3.75030756 -2.11365914
v 5.08760738 3.39599109 -2.07951808
v 5.16340160 3.28774619 -2.03901482
v 5.23664331 3.18314600 -1.99150360
v 5.30735445 3.08216023 -1.93848515
v 5.58330345 3.42567635 -1.99234223
v 5.51008177 3.53024793 -2.04054761
v 5.70255852 3.99297452 -2.11586595
v 5.78088856 3.88110709 -2.08357430
v 5.72206783 3.22749996 -1.88016510
v 5.65390968 3.32484007 -1.93842685
v 5.85677242 3.77273440 -2.04222083
v 6.06847191 3.47039604 -1.87934124
v 5.92998600 3.66817451 -1.99337780
v 6.00050259 3.56746602 -1.93861282
v 6.27669287 3.91063762 -1.99462867
v 6.41493416 3.71320844 -1.87881815
v 6.34713602 3.81003428 -1.93906248
v 4.60022736 4.09204197 -2.10167551
v 5.02872181 4.21770096 -2.12944221
v 4.94676590 4.33474588 -2.10180736
v 4.78776836 4.56181812 -2.00888324
v 4.63932943 4.77381086 -1.86995959
v 4.71197033 4.67006874 -1.94478357
v 4.86622715 4.44976711 -2.06145525
v 5.05935144 4.91156912 -1.94231665
v 4.98711538 5.01473331 -1.86677194
v 5.11136627 4.09967184 -2.14413691
v 5.29335308 4.57738018 -2.10168958
v 5.45778608 4.34254551 -2.14540339
v 5.37519073 4.46050406 -2.13006210
v 5.54037333 4.22459888 -2.14778566
v 5.62219477 4.10774565 -2.13766170
v 5.13481236 4.80379963 -2.00718617
v 5.21300602 4.69212770 -2.06055212
v 5.55984497 4.93440247 -2.05939627
v 5.33501291 5.25549603 -1.86329305
v 5.48193407 5.04567051 -2.00521588
v 5.40682745 5.15293407 -1.93956351
v 5.88681030 4.46744776 -2.14947128
v 5.72168827 4.70326614 -2.13049507
v 5.63998413 4.81995201 -2.10134768
v 5.80422211 4.58539534 -2.14652777
v 5.96868134 4.35052395 -2.13973188
v 6.04912281 4.23564148 -2.11810470
v 6.12753439 4.12365818 -2.08573771
v 6.15067196 4.82822657 -2.14753389
v 6.06821108 4.94599247 -2.13076639
v 5.98665333 5.06246901 -2.10080862
v 5.82912445 5.28744316 -2.00300241
v 5.75438786 5.39417839 -1.93655574
v 5.68301010 5.49611712 -1.85955489
v 5.90673733 5.17660093 -2.05801606
v 6.17637539 5.52913046 -2.00057650
v 6.03109360 5.73661423 -1.85559058
v 6.10202217 5.63531780 -1.93332529
v 6.39568710 4.47830820 -2.12039447
v 6.23325253 4.71028900 -2.15108919
v 6.31516838 4.59330130 -2.14179158
v 6.47418451 4.36620283 -2.08801508
v 6.57969809 4.95312595 -2.15266228
v 6.66165447 4.83607912 -2.14386177
v 6.20347500 4.01520395 -2.04405236
v 6.55019093 4.25765419 -2.04606009
v 6.62342644 4.15306282 -1.99611306
v 6.69381285 4.05254030 -1.93979537
v 6.41475439 5.18868923 -2.13090205
v 6.33335543 5.30493879 -2.10010052
v 6.49713230 5.07104206 -2.14844608
v 6.68008518 5.54737043 -2.09925318
v 6.25367546 5.41873360 -2.05644131
v 6.44971895 5.87636757 -1.92990589
v 6.37925053 5.97700596 -1.85143423
v 6.52367640 5.77074480 -1.99797118
v 6.60065269 5.66081095 -2.05470347
v 6.72746801 6.21731234 -1.84712100
v 6.76145935 3.95593143 -1.87861693
v 6.74225140 4.72097540 -2.12275481
v 6.82083941 4.60874033 -2.09042549
v 7.08881569 4.96364212 -2.12520671
v 7.16750002 4.85126972 -2.09298873
v 6.97018909 4.39544678 -1.99784958
v 6.89692163 4.50008345 -2.04826236
v 7.10805130 4.19855928 -1.87875795
v 7.04053640 4.29498005 -1.94083059
v 7.24366808 4.74249029 -2.05067801
v 6.84360027 5.31384659 -2.14929032
v 6.76131439 5.43136263 -2.13093019
v 6.92614508 5.19596004 -2.15421462
v 7.00814009 5.07885933 -2.14596510
v 7.27259159 5.43879509 -2.15577149
v 7.10788679 5.67401838 -2.13087988
v 7.02683544 5.78977156 -2.09829736
v 7.19007254 5.55664444 -2.15009379
v 6.94766140 5.90284395 -2.05283475
v 7.45471334 4.44108582 -1.87926161
v 7.31698227 4.63778639 -1.99985695
v 7.38730907 4.53734922 -1.94218743
v 7.59043264 4.98487139 -2.05332685
v 7.66380882 4.88007927 -2.00215459
v 7.80145073 4.68350649 -1.88014805
v 7.73413467 4.77964354 -1.94388545
v 7.35462332 5.32164192 -2.14812469
v 7.43537998 5.20630932 -2.12777209
v 7.51416731 5.09378958 -2.09572482
v 7.53654671 5.79944038 -2.15088558
v 7.45446587 5.91666365 -2.13078165
v 7.78194427 5.44897604 -2.13047361
v 7.61903620 5.68163300 -2.15735984
v 7.70110321 5.56442928 -2.15036559
v 6.87101889 6.01230049 -1.99521983
v 6.79746675 6.11734390 -1.92633188
v 7.21839285 6.25381088 -1.99235713
v 7.07573175 6.45755196 -1.84268665
v 7.14525366 6.35826445 -1.92263901
v 7.37360048 6.03215122 -2.09726524
v 7.80104780 6.15930557 -2.13066721
v 7.72037411 6.27451944 -2.09619021
v 7.29469252 6.14484406 -2.05086875
v 7.49306822 6.59914589 -1.91886342
v 7.42402792 6.69774580 -1.83816779
v 7.64173889 6.38682270 -2.04884052
v 7.56578827 6.49529076 -1.98941898
v 8.14826584 4.92581511 -1.88143754
v 7.86084175 5.33629942 -2.09865570
v 7.96547604 5.92447805 -2.15900731
v 8.04757881 5.80722237 -2.15271378
v 8.12850857 5.69164324 -2.13333583
v 8.20752430 5.57879734 -2.10180378
v 7.93721581 5.22722530 -2.05622911
v 8.01067066 5.12232113 -2.00476241
v 8.08101559 5.02185869 -1.94594443
v 8.28402042 5.46954966 -2.05940652
v 8.35757065 5.36450958 -2.00770068
v 8.47507286 5.93430996 -2.13638425
v 8.55421638 5.82128191 -2.10519314
v 8.49516392 5.16800547 -1.88315034
v 8.42795467 5.26398993 -1.94838440
v 8.63084698 5.71184206 -2.06288123
v 8.84214783 5.41007280 -1.88530731
v 8.70450974 5.60664034 -2.01099110
v 8.77495575 5.50603294 -1.95122647
v 7.88301897 6.04223919 -2.15169525
v 8.06714916 6.51688528 -2.09510732
v 8.22948551 6.28504610 -2.15255427
v 8.14762688 6.40195131 -2.13057017
v 8.31190968 6.16733217 -2.16074395
v 7.91319466 6.73675537 -1.98644221
v 7.98879147 6.62879229 -2.04678559
v 7.84089804 6.84000587 -1.91504276
v 8.33584118 6.87076569 -2.04474139
v 8.26060104 6.97821951 -1.98346472
v 8.18873024 7.08086252 -1.91121495
v 8.39405060 6.05002260 -2.15519667
v 8.65833378 6.41019917 -2.16260004
v 8.49419880 6.64460802 -2.13052464
v 8.41391945 6.75925875 -2.09405231
v 8.57594204 6.52786636 -2.15349555
v 8.74051476 6.29283190 -2.15784311
v 8.82163715 6.17697716 -2.13964534
v 8.90091801 6.06375265 -2.10884833
v 8.92238522 6.77070570 -2.15455294
v 8.84075642 6.88728428 -2.13056636
v 8.76067638 7.00165033 -2.09306216
v 8.60799694 7.21969891 -1.98052490
v 8.53655148 7.32173395 -1.90741885
v 8.68287945 7.11275578 -2.04274583
v 8.88434887 7.56263924 -1.90369391
v 4.53497267 1.97239923 -1.70686424
v 4.59864235 1.88146973 -1.64097297
v 4.72202778 1.70525706 -1.49556911
v 4.66111326 1.79225206 -1.57087874
v 4.78078604 1.62134159 -1.41402090
v 5.06524038 1.95271039 -1.48890638
v 5.12355375 1.86943066 -1.40740156
v 4.54613161 1.21885073 -1.23472881
v 4.59308004 1.15180087 -1.12987840
v 4.88845634 1.46757197 -1.22905743
v 4.93541336 1.40051067 -1.12494934
v 4.83657932 1.54166019 -1.32536912
v 4.63400602 1.09335256 -1.01748443
v 4.66813469 1.04461205 -0.89843005
v 4.97649765 1.34183645 -1.01338458
v 5.01091242 1.29268682 -0.89517444
v 5.17902088 1.79021502 -1.31906557
v 5.23071623 1.71638644 -1.22329891
v 5.27764702 1.64936233 -1.11990452
v 5.57293749 1.96525574 -1.21748888
v 5.61980963 1.89831543 -1.11477697
v 5.31885672 1.59050858 -1.00915205
v 5.35352993 1.54099011 -0.89178127
v 4.75015116 2.40270448 -1.82609785
v 4.81562614 2.30919695 -1.76529300
v 4.87985182 2.21747279 -1.70177591
v 4.94295359 2.12735438 -1.63509429
v 5.00485468 2.03895068 -1.56446481
v 5.22479820 2.46245027 -1.69689047
v 5.28733063 2.37314463 -1.62938774
v 5.09606171 2.64630532 -1.82334542
v 5.16109371 2.55342984 -1.76141667
v 5.44203138 2.88982129 -1.82084346
v 5.50663280 2.79756141 -1.75779092
v 5.56982279 2.70731616 -1.69224083
v 5.40849590 2.20010304 -1.48232794
v 5.34865379 2.28556657 -1.55818212
v 5.46634150 2.11749077 -1.40081787
v 5.52145529 2.03878021 -1.31275105
v 5.66111374 1.83932710 -1.00481641
v 5.69601727 1.78947985 -0.88827580
v 5.63178778 2.61882162 -1.62388849
v 5.91493607 2.95205593 -1.68785799
v 5.97633648 2.86436653 -1.61863017
v 5.75181246 2.44740796 -1.47587192
v 5.80917168 2.36549044 -1.39430773
v 5.69252682 2.53207660 -1.55206776
v 6.03648996 2.77845883 -1.54615724
v 6.09520960 2.69459867 -1.46957469
v 6.15206528 2.61339998 -1.38790774
v 5.78806686 3.13324356 -1.81861734
v 5.85225010 3.04158020 -1.75444424
v 6.13417387 3.37656379 -1.81669176
v 6.43870401 2.94164991 -1.46347177
v 6.49504232 2.86118984 -1.38165379
v 6.19795465 3.28547549 -1.75140381
v 6.26014709 3.19665527 -1.68377185
v 6.32099056 3.10976219 -1.61364496
v 6.60546589 3.44110084 -1.68001115
v 6.66576052 3.35499120 -1.60896385
v 6.48035765 3.61977410 -1.81509030
v 6.54375315 3.52923632 -1.74869585
v 6.38055754 3.02469134 -1.54048443
v 6.72474432 3.27075386 -1.53508234
v 5.86390686 2.28732085 -1.30646265
v 5.91514683 2.21414232 -1.21166277
v 5.96192932 2.14733005 -1.10959911
v 6.00329733 2.08825088 -1.00040650
v 6.03840303 2.03811431 -0.88468337
v 6.25737000 2.46300960 -1.20585477
v 6.30403328 2.39636731 -1.10440278
v 6.20639896 2.53580356 -1.30023634
v 6.54895449 2.78419566 -1.29410720
v 6.59963131 2.71182156 -1.20009851
v 6.34543514 2.33723903 -0.99595118
v 6.38071728 2.28685141 -0.88102889
v 6.64614820 2.64538884 -1.09921944
v 6.68755627 2.58625150 -0.99147868
v 6.72298765 2.53565049 -0.87733728
v 4.71425724 0.97874212 -0.64572632
v 4.72620344 0.96168154 -0.51528651
v 4.73126125 0.95445764 -0.38427764
v 4.69495010 1.00631535 -0.77399433
v 5.03810835 1.25384712 -0.77153438
v 5.05784559 1.22565925 -0.64396501
v 5.07022429 1.20798063 -0.51409841
v 5.40123749 1.47285724 -0.64208740
v 5.38108397 1.50163901 -0.76894289
v 5.07567167 1.20020092 -0.38353065
v 5.41404295 1.45456910 -0.51281565
v 5.41988182 1.44623017 -0.38271418
v 4.73017454 0.95600986 -0.25408921
v 4.72386503 0.96502060 -0.12577786
v 4.71332550 0.98007280 0.00000000
v 4.69950008 0.99981749 0.12299363
v 5.06877804 1.21004641 -0.12558910
v 5.05830956 1.22499633 0.00000000
v 5.04443359 1.24481356 0.12280726
v 5.07489157 1.20131540 -0.25366515
v 5.41941738 1.44689310 -0.25319734
v 5.41351557 1.45532215 -0.12538037
v 5.40313864 1.47014189 0.00000000
v 5.38923311 1.49000132 0.12260556
v 5.72390699 1.74964929 -0.76624101
v 5.74446106 1.72029507 -0.64011031
v 6.06660604 1.99783599 -0.76344985
v 6.08754539 1.96793199 -0.63805079
v 5.75768614 1.70140755 -0.51145118
v 5.76391792 1.69250798 -0.38183737
v 6.10118246 1.94845641 -0.51001781
v 6.10780621 1.93899643 -0.38090941
v 5.76377821 1.69270730 -0.25269154
v 5.75810194 1.70081389 -0.12515435
v 6.10799837 1.93872201 -0.25215349
v 6.10256100 1.94648755 -0.12491377
v 5.74783421 1.71547735 0.00000000
v 5.73391962 1.73535001 0.12239099
v 6.09242010 1.96096992 0.00000000
v 6.07851553 1.98082817 0.12216605
v 6.40921116 2.24615788 -0.76059043
v 6.43051910 2.21572685 -0.63592583
v 6.44455910 2.19567585 -0.50852865
v 6.45157385 2.18565726 -0.37993959
v 6.45210361 2.18490076 -0.25158906
v 6.44691706 2.19230819 -0.12466143
v 6.43691921 2.20658660 0.00000000
v 6.42304277 2.22640419 0.12193328
v 4.57026720 4.87244177 -1.78525317
v 4.91852093 5.11269569 -1.78141451
v 4.85393095 5.20494032 -1.68708897
v 4.79367065 5.29100037 -1.58459735
v 4.73804951 5.37043571 -1.47469735
v 4.68736506 5.44282103 -1.35811949
v 5.03816414 5.67944002 -1.35245407
v 5.26690245 5.35276794 -1.77728617
v 5.20285177 5.44424152 -1.68240380
v 5.61539698 5.59267855 -1.77290094
v 5.55189800 5.68336439 -1.67746997
v 5.14318085 5.52946043 -1.57946169
v 5.08818913 5.60799646 -1.46923065
v 5.49282551 5.76772833 -1.57409120
v 5.43847036 5.84535551 -1.46354795
v 5.38910770 5.91585302 -1.34659588
v 4.64190197 5.50774908 -1.23559499
v 4.60191679 5.56485367 -1.10788321
v 4.99337578 5.74340439 -1.22987556
v 4.95406294 5.79954910 -1.10226488
v 4.56761789 5.61383772 -0.97579122
v 4.92041159 5.84760809 -0.97043526
v 5.34499216 5.97885609 -1.22398996
v 5.30634499 6.03404999 -1.09650922
v 5.27333021 6.08119965 -0.96497178
v 5.96398973 5.83244848 -1.76829207
v 5.90105200 5.92233229 -1.67232084
v 5.84258604 6.00583076 -1.56851888
v 5.78887129 6.08254290 -1.45768154
v 6.13937140 6.31958961 -1.45166433
v 6.31266546 6.07209969 -1.76349413
v 6.25029755 6.16117001 -1.66699088
v 6.66140938 6.31165409 -1.75854218
v 6.59961653 6.39990330 -1.66151464
v 6.19244289 6.24379539 -1.56277859
v 6.54237652 6.48165083 -1.55690455
v 6.48994827 6.55652618 -1.44552946
v 5.74017143 6.15209341 -1.34057605
v 5.69672632 6.21413994 -1.21796775
v 6.09133339 6.38819504 -1.33442605
v 6.04855204 6.44929266 -1.21183848
v 5.65873671 6.26839447 -1.09064364
v 5.62634563 6.31465387 -0.95942545
v 6.01121044 6.50262213 -1.08469534
v 5.97942877 6.54801130 -0.95382082
v 6.44256830 6.62419128 -1.32817733
v 6.40044451 6.68435049 -1.20563161
v 6.36373901 6.73677111 -1.07869172
v 6.33255100 6.78131247 -0.94818240
v 6.71629572 6.97088003 -1.07265997
v 6.68568420 7.01459789 -0.94253463
v 4.53913641 5.65451336 -0.84017605
v 4.89252996 5.88742733 -0.83524430
v 4.87042713 5.91899300 -0.69757617
v 4.85400057 5.94245243 -0.55830741
v 4.84303808 5.95810890 -0.41826189
v 4.83723402 5.96639776 -0.27816373
v 4.83622408 5.96784019 -0.13859978
v 4.83963013 5.96297646 -0.00000000
v 5.24603224 6.12018538 -0.83023387
v 5.22443581 6.15102863 -0.69317043
v 5.59961367 6.35283089 -0.82516646
v 5.57850170 6.38298178 -0.68873078
v 5.20841599 6.17390728 -0.55463982
v 5.19774246 6.18915081 -0.41543901
v 5.56286383 6.40531540 -0.55095696
v 5.55245256 6.42018461 -0.41261414
v 5.19209814 6.19721127 -0.27625871
v 5.19111586 6.19861412 -0.13764821
v 5.54694080 6.42805576 -0.27435863
v 5.54595995 6.42945671 -0.13670209
v 5.19442320 6.19389057 -0.00000000
v 5.54914522 6.42490721 -0.00000000
v 5.95324421 6.58540678 -0.82006359
v 5.93259478 6.61489725 -0.68427527
v 5.91731310 6.63672113 -0.54727346
v 5.90713692 6.65125465 -0.40979809
v 6.30689430 6.81795406 -0.81494665
v 6.28668356 6.84681749 -0.67982203
v 6.27173328 6.86816931 -0.54360366
v 6.26176548 6.88240480 -0.40700155
v 6.66053438 7.05051613 -0.80983686
v 6.64073896 7.07878637 -0.67538869
v 6.62609339 7.09970236 -0.53996176
v 6.61630726 7.11367893 -0.40423504
v 5.90173054 6.65897560 -0.27247062
v 5.90072536 6.66041088 -0.13576491
v 5.90376663 6.65606785 -0.00000000
v 6.25643778 6.89001322 -0.27060163
v 6.25538349 6.89151907 -0.13484004
v 6.25825834 6.88741302 -0.00000000
v 6.61103201 7.12121248 -0.26875848
v 6.60990477 7.12282276 -0.13393080
v 6.61259317 7.11898279 -0.00000000
v 6.82662392 3.86286664 -1.81383598
v 6.88965225 3.77285266 -1.74634540
v 6.95090199 3.68537951 -1.67660332
v 7.01065874 3.60003781 -1.60461652
v 6.78231287 3.18853712 -1.45759690
v 6.83812332 3.10883212 -1.37558019
v 7.12605333 3.43523717 -1.45198298
v 7.18132639 3.35629916 -1.36972022
v 7.06906414 3.51662636 -1.52998245
v 7.29646349 3.92947865 -1.67357481
v 7.35569572 3.84488583 -1.60063148
v 7.41352987 3.76229000 -1.52521491
v 7.46994114 3.68172669 -1.44666159
v 7.52467060 3.60356498 -1.36410630
v 7.81399107 3.92798448 -1.44166315
v 6.94195604 2.96054316 -1.19442689
v 6.98830032 2.89435697 -1.09407973
v 7.02968836 2.83524895 -0.98701698
v 7.06524324 2.78447056 -0.87363297
v 6.89159584 3.03246498 -1.28810930
v 7.23434496 3.28058100 -1.28227568
v 7.28436804 3.20914054 -1.18887162
v 7.62689018 3.45758033 -1.18346405
v 7.57722235 3.52851343 -1.27663839
v 7.33051586 3.14323473 -1.08901358
v 7.37185764 3.08419204 -0.98259336
v 7.40751266 3.03327155 -0.86994016
v 7.67281961 3.39198637 -1.08405030
v 7.71409178 3.33304310 -0.97823477
v 7.74982309 3.28201389 -0.86628276
v 7.86817360 3.85060358 -1.35876918
v 7.92024803 3.77623367 -1.27122843
v 7.96954489 3.70583034 -1.17823422
v 8.31235504 3.95385933 -1.17321146
v 8.01523590 3.64057660 -1.07921863
v 8.05641651 3.58176446 -0.97396749
v 8.09220219 3.53065825 -0.86268419
v 8.35778999 3.88897157 -1.07454646
v 8.39885807 3.83031988 -0.96981728
v 8.43467617 3.77916670 -0.85916752
v 6.75175047 2.49457312 -0.75768375
v 6.77341080 2.46363854 -0.63375235
v 7.09425306 2.74304056 -0.75475055
v 7.11624956 2.71162653 -0.63154739
v 6.78784418 2.44302607 -0.50699675
v 6.79524803 2.43245196 -0.37893724
v 7.13106585 2.69046664 -0.50543523
v 7.13885546 2.67934155 -0.37791187
v 7.43674755 2.99151969 -0.75181156
v 7.45906305 2.95964980 -0.62932771
v 7.47425222 2.93795776 -0.50385720
v 7.48242378 2.92628741 -0.37687284
v 7.77926254 3.23996997 -0.74888718
v 7.80188084 3.20766807 -0.62711018
v 7.81743097 3.18545961 -0.50227576
v 7.82598019 3.17325044 -0.37582964
v 6.79612017 2.43120670 -0.25100422
v 6.79119492 2.43824077 -0.12440014
v 7.14007330 2.67760229 -0.25040495
v 7.13541889 2.68424964 -0.12413274
v 6.78135490 2.45229363 0.00000000
v 6.76752424 2.47204566 0.12169528
v 7.12575102 2.69805717 0.00000000
v 7.11198282 2.71772003 0.12145464
v 7.48399019 2.92405033 -0.24979728
v 7.47961521 2.93029881 -0.12386212
v 7.47013140 2.94384265 0.00000000
v 7.45644140 2.96339440 0.12121402
v 7.82789707 3.17051291 -0.24918723
v 7.82380819 3.17635202 -0.12359117
v 7.81452131 3.18961549 0.00000000
v 7.80092335 3.20903492 0.12097608
v 8.12182522 3.48835135 -0.74599761
v 8.14472961 3.45564079 -0.62491149
v 8.16063023 3.43293190 -0.50070387
v 8.16955185 3.42019153 -0.37479177
v 8.46446419 3.73662472 -0.74316269
v 8.48763847 3.70352864 -0.62274802
v 8.80720615 3.98475122 -0.74040204
v 8.83063412 3.95129180 -0.62063611
v 8.50387859 3.68033552 -0.49915451
v 8.51316547 3.66707182 -0.37376866
v 8.84720230 3.92763066 -0.49764058
v 8.85684967 3.91385245 -0.37276971
v 8.17181969 3.41695261 -0.24858092
v 8.16802406 3.42237306 -0.12332280
v 8.15894413 3.43534040 0.00000000
v 8.14545250 3.45460868 0.12074351
v 8.51578522 3.66333103 -0.24798439
v 8.51228809 3.66832519 -0.12305994
v 8.85981941 3.90961075 -0.24740377
v 8.85662651 3.91417170 -0.12280552
v 8.50342560 3.68098259 0.00000000
v 8.49005222 3.70008111 0.12051902
v 8.84798908 3.92650652 0.00000000
v 8.83474636 3.94541860 0.12030534
v 7.17297792 4.10583401 -1.81295097
v 7.23566008 4.01631498 -1.74437690
v 7.51942492 4.34866858 -1.81245708
v 7.58178234 4.25961304 -1.74281383
v 7.64215899 4.17338657 -1.67095113
v 7.70088243 4.08952045 -1.59703612
v 7.75815535 4.00772619 -1.52080917
v 6.94899082 6.63855696 -1.65592802
v 7.01020527 6.55113411 -1.75347209
v 6.89236689 6.71942472 -1.55093145
v 6.84057999 6.79338408 -1.43931031
v 7.24239349 6.95714664 -1.54489446
v 7.19124508 7.03019476 -1.43304062
v 7.35903692 6.79056311 -1.74832058
v 7.29840326 6.87715673 -1.65026677
v 7.77234221 6.93791389 -1.83360219
v 7.70788765 7.02996397 -1.74312472
v 7.64783430 7.11572981 -1.64456749
v 7.54192066 7.26698971 -1.42675436
v 7.59243727 7.19484472 -1.53882873
v 6.79385328 6.86011600 -1.32186186
v 6.75237799 6.91934967 -1.19937706
v 7.14516497 7.09600401 -1.31551147
v 7.10432673 7.15432692 -1.19310462
v 7.06885338 7.20498753 -1.06662726
v 7.03880024 7.24790812 -0.93690181
v 7.49647808 7.33188868 -1.30915821
v 7.45626497 7.38931847 -1.18684387
v 7.80816841 7.62436056 -1.18062437
v 7.42138529 7.43913221 -1.06062067
v 7.39187098 7.48128319 -0.93130791
v 7.77386427 7.67335224 -1.05466700
v 7.74486828 7.71476269 -0.92577678
v 7.98799658 4.41709089 -1.66875720
v 8.04622841 4.33392763 -1.59385729
v 7.86597013 4.59136295 -1.81237578
v 7.92802572 4.50273848 -1.74167919
v 8.21261787 4.83391047 -1.81272805
v 8.27439690 4.74568176 -1.74099553
v 8.33398438 4.66058111 -1.66701698
v 8.10295200 4.25291777 -1.51679313
v 8.15821838 4.17398882 -1.43701708
v 8.21185303 4.09739113 -1.35373914
v 8.62090111 4.98843384 -1.74078500
v 8.39174366 4.57809258 -1.59112036
v 8.68013096 4.90384531 -1.66575396
v 8.44793224 4.49784660 -1.51319396
v 8.50263691 4.41972017 -1.43275177
v 8.55572510 4.34390306 -1.34904528
v 8.79310799 4.74249744 -1.51003826
v 8.73743820 4.82200193 -1.58885038
v 8.84726143 4.66515827 -1.42889440
v 8.55937386 5.07630348 -1.81353521
v 8.90624332 5.31853533 -1.81481814
v 8.26344299 4.02371311 -1.26607597
v 8.60682487 4.27092552 -1.26120996
v 8.65534115 4.20163679 -1.16842425
v 8.89980602 4.59011650 -1.34471548
v 8.70050335 4.13713741 -1.07006085
v 8.74144077 4.07867336 -0.96580940
v 8.77727127 4.02750158 -0.85575539
v 8.05674171 7.26936102 -1.73792207
v 7.99726582 7.35430145 -1.63886702
v 8.12065983 7.17807674 -1.82902765
v 8.34667969 7.59289885 -1.63320231
v 7.94247675 7.43254852 -1.53276992
v 7.89258528 7.50380087 -1.42048538
v 8.29249191 7.67028761 -1.52675378
v 8.24321651 7.74066019 -1.41426766
v 8.46896553 7.41825628 -1.82448292
v 8.40558243 7.50877762 -1.73275077
v 8.75439167 7.74823761 -1.72764933
v 8.81724548 7.65847349 -1.82000709
v 8.69605637 7.83154917 -1.62761068
v 8.64246178 7.90809059 -1.52081621
v 8.59379101 7.97759914 -1.40813518
v 7.84776974 7.56780434 -1.30283403
v 8.19901562 7.80378485 -1.29657078
v 8.16001129 7.85948944 -1.17447555
v 8.09776592 7.94838524 -0.92033201
v 8.12626457 7.90768480 -1.04879284
v 6.99473095 7.31084585 -0.67099297
v 7.01413536 7.28313351 -0.80475521
v 6.98036385 7.33136368 -0.53636169
v 6.97073269 7.34511900 -0.40150884
v 7.36766863 7.51584768 -0.79972255
v 7.34862995 7.54303789 -0.66665214
v 7.72110558 7.74869967 -0.79475945
v 7.70240736 7.77540302 -0.66238326
v 7.33451557 7.56319475 -0.53281730
v 7.32501268 7.57676697 -0.39883310
v 7.68851900 7.79523754 -0.52934206
v 7.67911816 7.80866337 -0.39621779
v 6.96548462 7.35261393 -0.26694795
v 6.96426058 7.35436201 -0.13304044
v 6.96674299 7.35081625 -0.00000000
v 7.31976604 7.58425951 -0.26517662
v 7.31842327 7.58617735 -0.13217217
v 7.67384863 7.81618929 -0.26345092
v 7.67236519 7.81830788 -0.13132910
v 7.32068110 7.58295250 -0.00000000
v 7.67438126 7.81542826 -0.00000000
v 8.07441807 7.98172903 -0.78988612
v 8.55019283 8.03986454 -1.29040015
v 8.51176739 8.09474087 -1.16842675
v 8.90127659 8.27607632 -1.28435385
v 8.86341381 8.33015060 -1.16250670
v 8.47855949 8.14216805 -1.04302466
v 8.45053482 8.18218994 -0.91499680
v 8.83072281 8.37683773 -1.03738844
v 8.80315113 8.41621494 -0.90979409
v 8.05603504 8.00798321 -0.65820312
v 8.04234600 8.02753258 -0.52594930
v 8.03302193 8.04084969 -0.39367270
v 8.42757893 8.21497536 -0.78512251
v 8.40948391 8.24081707 -0.65412837
v 8.78056049 8.44847775 -0.78048831
v 8.76272869 8.47394466 -0.65017515
v 8.39596844 8.26011944 -0.52265197
v 8.38669491 8.27336407 -0.39120743
v 8.74935913 8.49303722 -0.51946294
v 8.74011040 8.50624561 -0.38883129
v 8.02770519 8.04844189 -0.26177725
v 8.02606010 8.05079174 -0.13051432
v 8.38130760 8.28105736 -0.26016176
v 8.37948036 8.28366661 -0.12973081
v 8.02781773 8.04828167 -0.00000000
v 8.38096428 8.28154755 -0.00000000
v 8.73462963 8.51407337 -0.25861061
v 8.73260212 8.51696873 -0.12898153
v 8.73379707 8.51526260 -0.00000000
v 8.97769833 5.95409966 -2.06667662
v 9.05149269 5.84871006 -2.01465535
v 9.12202168 5.74798346 -1.95449162
v 9.18922329 5.65201044 -1.88792956
v 9.46915627 5.98983574 -1.95820236
v 9.53639221 5.89381313 -1.89103866
v 9.16820145 6.41964388 -2.14314771
v 9.00474644 6.65308285 -2.16460776
v 9.08697224 6.53565121 -2.16068339
v 9.24763012 6.30620766 -2.11279607
v 9.35114479 6.89598608 -2.16680098
v 9.43342209 6.77848291 -2.16374898
v 9.32457447 6.19632006 -2.07081723
v 9.39852047 6.09071541 -2.01871705
v 9.10741329 7.24407053 -2.09217477
v 9.18729496 7.12998772 -2.13073206
v 9.26881218 7.01356983 -2.15576196
v 9.45412254 7.48653030 -2.09142923
v 9.02989769 7.35477495 -2.04083776
v 8.95537090 7.46120930 -1.97766221
v 9.30271244 7.70276737 -1.97491682
v 9.37688446 7.59683800 -2.03905678
v 9.23211002 7.80359745 -1.90008032
v 9.51476574 6.66231108 -2.14692068
v 9.59435558 6.54864550 -2.11706328
v 9.86133003 6.90497780 -2.15099502
v 9.94109344 6.79106474 -2.12167931
v 9.67148018 6.43850040 -2.07532859
v 9.74559593 6.33265162 -2.02320004
v 9.81636333 6.23158550 -1.96238160
v 9.88366127 6.13547373 -1.89465690
v 10.01841450 6.68063784 -2.08023787
v 9.61521721 7.25646400 -2.15715861
v 9.53380966 7.37272644 -2.13105965
v 9.69752693 7.13891315 -2.16921425
v 9.77986145 7.02132797 -2.16707253
v 9.96159649 7.49939537 -2.15878129
v 9.80079651 7.72904062 -2.09086585
v 9.88029194 7.61550951 -2.13158846
v 9.72383213 7.83895731 -2.03744364
v 9.65000820 7.94438934 -1.97232926
v 10.36538219 6.92272949 -2.08557343
v 10.16364574 6.47322702 -1.96705329
v 10.23103333 6.37698650 -1.89880729
v 10.09272289 6.57451534 -2.02812982
v 10.43990326 6.81630182 -2.03353286
v 10.51100731 6.71475506 -1.97224236
v 10.57851410 6.61834478 -1.90351379
v 10.04389000 7.38186836 -2.17188358
v 10.12628937 7.26418924 -2.17068839
v 10.20789433 7.14764500 -2.15540290
v 10.28784561 7.03346348 -2.12667418
v 10.14742756 7.97161293 -2.09052491
v 10.30794525 7.74236965 -2.16066813
v 10.22673798 7.85834551 -2.13235807
v 10.55445862 7.39031172 -2.16017795
v 10.39023018 7.62485456 -2.17484617
v 10.47270584 7.50706768 -2.17463207
v 10.85845280 6.95616388 -1.97797501
v 10.92610836 6.85954189 -1.90880096
v 10.71238422 7.16477203 -2.09136462
v 10.63461304 7.27584028 -2.13207936
v 10.65425968 7.98539400 -2.16285896
v 10.81910801 7.74996614 -2.17894030
v 10.73654556 7.86787701 -2.17814064
v 11.05942249 7.40676165 -2.09764218
v 10.90102291 7.63297892 -2.16535497
v 10.98139668 7.51819324 -2.13792777
v 10.78714180 7.05800724 -2.03943682
v 11.13443947 7.29962587 -2.04587054
v 11.16549492 7.99288607 -2.18365097
v 11.24758816 7.87564564 -2.17097020
v 11.40649986 7.64869595 -2.10443878
v 11.32819939 7.76052046 -2.14425373
v 11.20598602 7.19744730 -1.98427832
v 11.27381992 7.10056973 -1.91469479
v 11.33792973 7.00901222 -1.83896101
v 11.55361080 7.43859911 -1.99118102
v 11.68589401 7.24967909 -1.84485495
v 11.62165546 7.34142160 -1.92122197
v 11.48180199 7.54115295 -2.05286455
v 11.75361919 7.89057016 -2.11178732
v 11.82923126 7.78258419 -2.06045008
v 11.90133286 7.67961311 -1.99871242
v 11.96961880 7.58208990 -1.92841053
v 12.03402233 7.49011326 -1.85143554
v 12.24915600 7.92048216 -2.00690389
v 12.38231945 7.73030519 -1.85873055
v 12.31771755 7.82256603 -1.93628979
v 12.73079300 7.97024488 -1.86676848
v 9.13848972 4.98685312 -1.50735116
v 9.19210434 4.91028404 -1.42547166
v 8.96754646 5.23098564 -1.74106944
v 9.02644253 5.14687300 -1.66499126
v 9.31433678 5.47332907 -1.74187088
v 9.37292767 5.38965321 -1.66475141
v 9.25323009 5.56059790 -1.81659830
v 9.08332062 5.06564236 -1.58707166
v 9.48408890 5.23089886 -1.50515783
v 9.42940044 5.30900097 -1.58580804
v 9.60034084 5.80248499 -1.81889725
v 9.66128063 5.71545458 -1.74321091
v 9.71959305 5.63217592 -1.66505718
v 10.00838280 5.95735359 -1.74511182
v 9.53717804 5.15507889 -1.42250931
v 9.82991505 5.47461891 -1.50348222
v 9.88249683 5.39952517 -1.42003226
v 9.77568722 5.55206490 -1.58508277
v 8.99852371 4.44913340 -1.16390038
v 8.95041180 4.51784372 -1.25665867
v 9.24411106 4.83600998 -1.34077692
v 9.29422379 4.76444244 -1.25244939
v 9.34192276 4.69632006 -1.15966666
v 9.04340076 4.38504267 -1.06578827
v 9.08418941 4.32678986 -0.96196836
v 9.38650227 4.63265467 -1.06175435
v 9.42712688 4.57463598 -0.95831817
v 9.68555927 4.94316912 -1.15574896
v 9.72982979 4.87994337 -1.05798435
v 9.77027798 4.82217789 -0.95488220
v 9.58865547 5.08156109 -1.33725607
v 9.63827515 5.01069689 -1.24860859
v 9.93345451 5.32674932 -1.33417821
v 9.98258591 5.25658321 -1.24516189
v 10.02945042 5.18965387 -1.15217257
v 9.16548347 7.89874983 -1.81563985
v 9.10315418 7.98776627 -1.72265625
v 9.94758034 6.04418850 -1.82173681
v 10.06644630 5.87442970 -1.66593087
v 10.17598057 5.71799850 -1.50234842
v 10.12218857 5.79482174 -1.58491898
v 10.22807121 5.64360571 -1.41806507
v 10.52229500 5.96102333 -1.50177956
v 10.57391453 5.88730240 -1.41663158
v 10.27852249 5.57155371 -1.33156848
v 10.37361431 5.43574810 -1.14896202
v 10.32716942 5.50207806 -1.24213409
v 10.07340527 5.12687922 -1.05450237
v 10.11366463 5.06938362 -0.95168322
v 10.41724777 5.37343264 -1.05133212
v 10.45730782 5.31622124 -0.94874346
v 10.67204380 5.74715948 -1.23954964
v 10.62387180 5.81595516 -1.32945096
v 10.71807003 5.68142653 -1.14614129
v 11.01722336 5.99180412 -1.23743200
v 11.06283474 5.92666388 -1.14373350
v 10.76137829 5.61957598 -1.04849648
v 10.80123043 5.56266117 -0.94608450
v 11.10581493 5.86528158 -1.04601777
v 10.29495239 6.28570080 -1.82513952
v 10.35564899 6.19901705 -1.74759591
v 10.41349602 6.11640406 -1.66739500
v 10.46891403 6.03725815 -1.58533955
v 10.70308781 6.44043589 -1.75068569
v 10.76074791 6.35808849 -1.66947210
v 10.64246464 6.52701426 -1.82912838
v 10.99012184 6.76812077 -1.83372736
v 11.05070400 6.68160057 -1.75440454
v 11.10821056 6.59947252 -1.67218542
v 10.81587219 6.27936268 -1.58636725
v 10.86886787 6.20367765 -1.50179899
v 10.92003822 6.13059855 -1.41575527
v 10.96951771 6.05993414 -1.32784939
v 9.15007687 4.23269224 -0.73773503
v 9.12001514 4.27562571 -0.85246992
v 9.17374420 4.19889164 -0.61859190
v 9.46293068 4.52350378 -0.84933287
v 9.19062901 4.17477846 -0.49617478
v 9.20063019 4.16049528 -0.37180433
v 9.49310398 4.48041105 -0.73518056
v 9.51699638 4.44629002 -0.61663121
v 9.83631229 4.72787046 -0.73275727
v 9.80604362 4.77109957 -0.84636539
v 9.86041451 4.69344902 -0.61476976
v 9.53418541 4.42174101 -0.49476978
v 9.54453468 4.40696096 -0.37088180
v 9.87789917 4.66847944 -0.49343801
v 9.88858891 4.65321255 -0.37001136
v 9.20394993 4.15575361 -0.24684510
v 9.20106316 4.15987587 -0.12256249
v 9.19266033 4.17187691 0.00000000
v 9.17955971 4.19058704 0.12010521
v 9.54820251 4.40172243 -0.24631442
v 9.54562664 4.40540171 -0.12233377
v 9.89260292 4.64747953 -0.24581778
v 9.89033985 4.65071154 -0.12212229
v 9.53746510 4.41705751 0.00000000
v 9.52451515 4.43555117 0.11992137
v 9.88242626 4.66201353 0.00000000
v 9.86963749 4.68027782 0.11975658
v 10.17972851 4.97503424 -0.73048329
v 10.20402718 4.94033146 -0.61302286
v 10.22179508 4.91495609 -0.49219179
v 10.23281956 4.89921236 -0.36920211
v 10.14937782 5.01837969 -0.84358823
v 10.49295616 5.26530981 -0.84102166
v 10.52337551 5.22186756 -0.72837651
v 10.54785919 5.18690109 -0.61140561
v 10.56590080 5.16113424 -0.49104324
v 10.57725239 5.14492273 -0.36846310
v 10.86727810 5.46833611 -0.72645438
v 10.83680344 5.51185751 -0.83868539
v 10.89193535 5.43312216 -0.60993284
v 10.91024113 5.40697765 -0.49000427
v 10.92191410 5.39030695 -0.36780325
v 10.23717785 4.89298773 -0.24536115
v 10.23523045 4.89576960 -0.12193097
v 10.22756958 4.90670967 0.00000000
v 10.21495056 4.92473173 0.11961360
v 10.58195305 5.13821030 -0.24495044
v 10.58032227 5.14053965 -0.12176270
v 10.57292080 5.15110970 0.00000000
v 10.56047821 5.16887903 0.11949515
v 10.92695332 5.38311052 -0.24459153
v 10.92564106 5.38498545 -0.12162037
v 10.91850281 5.39517927 0.00000000
v 10.90624523 5.41268492 0.11940401
v 11.14545345 5.80867243 -0.94372731
v 11.39850521 6.92250156 -1.75877631
v 11.45589161 6.84054422 -1.67555785
v 11.21570969 6.44594860 -1.50242960
v 11.26645374 6.37347841 -1.41545928
v 11.16307163 6.52112246 -1.58802509
v 11.51052189 6.76252413 -1.59033608
v 11.56282997 6.68782043 -1.50369453
v 11.61317253 6.61592436 -1.41576660
v 11.91024113 6.92927933 -1.50561666
v 11.96020603 6.85792112 -1.41670001
v 11.74649715 7.16312885 -1.76382530
v 11.80379963 7.08129311 -1.67961359
v 11.85823154 7.00355625 -1.59332347
v 12.09468842 7.40347242 -1.76957715
v 12.20620918 7.24420452 -1.59701121
v 12.15194130 7.32170725 -1.68437672
v 11.36272240 6.23599148 -1.23580432
v 11.31547260 6.30347157 -1.32678688
v 11.40792465 6.17143631 -1.14176130
v 11.66174984 6.54654837 -1.32628644
v 11.45057678 6.11052275 -1.04391801
v 11.48999596 6.05422640 -0.94169247
v 11.70855808 6.47970009 -1.23468924
v 11.75335693 6.41571999 -1.14024663
v 12.05474281 6.72290897 -1.23410904
v 12.00836277 6.78914642 -1.32637048
v 12.09914780 6.65949249 -1.13921142
v 11.79568195 6.35527372 -1.04221821
v 11.83487892 6.29929447 -0.93999994
v 12.14114857 6.59950876 -1.04093921
v 12.18012142 6.54384947 -0.93866920
v 12.44308567 7.64352131 -1.77605784
v 12.50032520 7.56177521 -1.68987250
v 12.55446434 7.48445702 -1.60142326
v 12.79169750 7.88326502 -1.78329456
v 12.25795078 7.17031002 -1.50821924
v 12.30756664 7.09945107 -1.41828239
v 12.60597038 7.41089869 -1.51152575
v 12.65526485 7.34049892 -1.42053652
v 12.90300655 7.72429895 -1.60658443
v 12.84896088 7.80148411 -1.69612682
v 12.95431042 7.65103006 -1.51556015
v 13.00331211 7.58104706 -1.42348564
v 12.40129185 6.96559811 -1.23408544
v 12.44531250 6.90272999 -1.13867664
v 12.48699379 6.84320307 -1.04010129
v 12.52574158 6.78786421 -0.93771935
v 12.35532284 7.03124714 -1.32706165
v 12.74821854 7.20774651 -1.23464036
v 12.70264530 7.27283287 -1.32838213
v 12.79186630 7.14541101 -1.13866329
v 13.05034065 7.51388407 -1.33035433
v 13.09553814 7.44933462 -1.23579526
v 13.13882637 7.38751364 -1.13919222
v 12.83323383 7.08633184 -1.03972435
v 12.87175941 7.03131199 -0.93716896
v 13.17988777 7.32887173 -1.03982806
v 13.21819210 7.27416706 -0.93703628
v 11.18094063 5.75799084 -0.83659863
v 11.21146011 5.71440506 -0.72473395
v 11.55594444 5.96004248 -0.72323185
v 11.23627949 5.67895937 -0.60861903
v 11.25484180 5.65244961 -0.48908660
v 11.26682949 5.63532925 -0.36723134
v 11.58091640 5.92437887 -0.60747838
v 11.59972572 5.89751625 -0.48830178
v 11.61202335 5.87995338 -0.36675602
v 11.27220535 5.62765217 -0.24429023
v 11.27121162 5.62907124 -0.12150683
v 11.61773300 5.87179947 -0.24405228
v 11.61705875 5.87276220 -0.12142491
v 11.26434135 5.63888264 0.00000000
v 11.25227451 5.65611601 0.11934289
v 11.61046028 5.88218546 0.00000000
v 11.59859085 5.89913750 0.11931451
v 11.52539062 6.00367832 -0.83478022
v 11.87017250 6.24888945 -0.83324850
v 11.90075302 6.20521593 -0.72196442
v 12.21531010 6.49359512 -0.83202124
v 12.24590969 6.44989395 -0.72094750
v 11.92586994 6.16934681 -0.60652488
v 11.94491863 6.14214182 -0.48766106
v 11.95752048 6.12414503 -0.36638582
v 11.96356106 6.11551809 -0.24388330
v 11.96320724 6.11602259 -0.12137742
v 11.95688438 6.12505341 0.00000000
v 11.94521713 6.14171600 0.11932158
v 12.56082153 6.73776579 -0.83111596
v 12.59143448 6.69404602 -0.72019666
v 12.27116203 6.41383028 -0.60577208
v 12.29044342 6.38629293 -0.48717555
v 12.30334377 6.36786890 -0.36612910
v 12.61681557 6.65779734 -0.60523331
v 12.63632393 6.62993670 -0.48685607
v 12.64951897 6.61109209 -0.36599407
v 12.90672684 6.98137331 -0.83054978
v 12.93734837 6.93764162 -0.71972710
v 12.96285343 6.90121651 -0.60492158
v 12.98258305 6.87304020 -0.48671326
v 12.99606800 6.85378075 -0.36598879
v 13.25304699 7.22439003 -0.83033931
v 13.28367233 7.18065166 -0.71955365
v 13.30929565 7.14405727 -0.60484964
v 13.32924175 7.11557198 -0.48675749
v 13.34301376 7.09590292 -0.36612114
v 12.30971432 6.35877228 -0.24378890
v 12.30968189 6.35881853 -0.12136710
v 12.65621567 6.60152864 -0.24377453
v 12.65650463 6.60111570 -0.12139669
v 12.30363655 6.36745214 0.00000000
v 12.29217625 6.38381815 0.11936678
v 12.65074062 6.60934782 0.00000000
v 12.63949299 6.62541056 0.11945276
v 13.00308990 6.84375334 -0.24384563
v 13.00370121 6.84288025 -0.12146887
v 12.99822044 6.85070705 0.00000000
v 12.98719025 6.86646032 0.11958215
v 13.35035896 7.08541346 -0.24400745
v 13.35129261 7.08407974 -0.12158630
v 13.34609890 7.09149742 0.00000000
v 13.33528900 7.10693502 0.11975756
v 9.57982063 8.04462719 -1.89661825
v 9.99724865 8.18609142 -1.96994090
v 9.92746830 8.28574753 -1.89334869
v 10.49400711 8.21425819 -2.09044814
v 10.57314110 8.10124302 -2.13340950
v 10.07073021 8.08114815 -2.03603959
v 10.27503777 8.52697849 -1.89031279
v 10.41756916 8.32342339 -2.03488588
v 10.34442043 8.42789078 -1.96779335
v 10.84052658 8.45698929 -2.09067774
v 11.00053501 8.22847366 -2.16539502
v 10.91949368 8.34421158 -2.13478422
v 11.08283329 8.11093903 -2.18180633
v 10.69151211 8.66980457 -1.96592844
v 10.76433754 8.56579876 -2.03402543
v 10.62251663 8.76834011 -1.88755167
v 11.11102676 8.80828762 -2.03350043
v 11.03851223 8.91184902 -1.96438837
v 10.96989059 9.00985050 -1.88510668
v 11.34676552 8.47161674 -2.16831756
v 11.18697834 8.69981670 -2.09125638
v 11.26579094 8.58726120 -2.13652468
v 11.51186562 8.23582935 -2.18880320
v 11.42908955 8.35404587 -2.18588376
v 11.59415245 8.11831284 -2.17706108
v 11.67502022 8.00282001 -2.15109229
v 11.53335381 8.94275379 -2.09222698
v 11.69294739 8.71483040 -2.17166877
v 11.61202526 8.83039951 -2.13867402
v 11.38540745 9.15404224 -1.96321559
v 11.31714630 9.25153065 -1.88301933
v 11.45762539 9.05090427 -2.03335404
v 11.66426945 9.49339867 -1.88133061
v 11.85821819 8.47879887 -2.19443703
v 11.94071674 8.36098003 -2.18366575
v 11.77531242 8.59720135 -2.19041443
v 12.02186298 8.24509048 -2.15848064
v 12.10078239 8.13238144 -2.11972308
v 12.03907585 8.95812035 -2.17549205
v 12.20455074 8.72179699 -2.20059371
v 12.12149715 8.84041023 -2.19544029
v 12.17673302 8.02391338 -2.06866002
v 11.87964439 9.18581200 -2.09363317
v 11.95818901 9.07363796 -2.14127541
v 11.80412483 9.29366493 -2.03362918
v 11.73218822 9.39640045 -1.96245229
v 12.36872673 8.48732948 -2.16645646
v 12.44799328 8.37412548 -2.12828183
v 12.28728104 8.60364628 -2.19082427
v 12.59708595 8.16119957 -2.01578712
v 12.52430916 8.26513481 -2.07752895
v 12.66595650 8.06284142 -1.94488990
v 9.04537773 8.07027912 -1.62212980
v 9.45185089 8.22738743 -1.71781051
v 9.39462471 8.30911446 -1.61679673
v 8.99236584 8.14598751 -1.51499295
v 8.94428825 8.21464920 -1.40212178
v 9.34218407 8.38400745 -1.50931966
v 9.29468632 8.45184231 -1.39626122
v 9.51366520 8.13910770 -1.81142080
v 9.74377823 8.54808331 -1.61164916
v 9.86177444 8.37956810 -1.80739021
v 9.80046558 8.46712589 -1.71315086
v 9.69189644 8.62217903 -1.50383198
v 9.64496136 8.68920898 -1.39058673
v 9.99509430 8.92677975 -1.38513148
v 9.25224495 8.51245499 -1.27846289
v 9.21492481 8.56575298 -1.15674412
v 9.18272972 8.61173153 -1.03190982
v 9.15558624 8.65049744 -0.90474653
v 9.60307312 8.74903202 -1.27275848
v 9.56627655 8.80158234 -1.15116727
v 9.95373917 8.98584080 -1.26727116
v 9.53455544 8.84688568 -1.02661431
v 9.50781441 8.88507462 -0.89987630
v 9.91744518 9.03767490 -1.14580405
v 9.88617420 9.08233452 -1.02152681
v 9.85981178 9.11998272 -0.89520520
v 10.20979595 8.62015438 -1.80358803
v 10.14898205 8.70700550 -1.70871639
v 10.09282017 8.78721237 -1.60672426
v 10.55771351 8.86088753 -1.80005467
v 10.49738216 8.94705105 -1.70454574
v 10.04148197 8.86053181 -1.49856532
v 10.44173145 9.02652836 -1.60205925
v 10.39091969 9.09909439 -1.49355459
v 10.34506130 9.16458702 -1.37992835
v 10.84564877 9.18728638 -1.70067751
v 10.79049301 9.26605701 -1.59769070
v 10.90551376 9.10178947 -1.79683018
v 11.13908672 9.50582504 -1.59365535
v 10.74019146 9.33789444 -1.48883462
v 10.69484234 9.40265942 -1.37500978
v 11.08927631 9.57696152 -1.48443985
v 11.04441738 9.64102745 -1.37040746
v 10.30422020 9.22291374 -1.26203120
v 10.26840591 9.27406216 -1.14068186
v 10.23756123 9.31811237 -1.01667166
v 10.21155262 9.35525703 -0.89075470
v 10.58869457 9.55425549 -1.01207316
v 10.56301212 9.59093285 -0.88654584
v 10.65449429 9.46028328 -1.25706840
v 10.61913681 9.51077843 -1.13582790
v 11.00453949 9.69797897 -1.25241196
v 10.96961498 9.74785519 -1.13126850
v 10.93954849 9.79079533 -1.00775480
v 10.91416740 9.82704353 -0.88259923
v 9.13333607 8.68227386 -0.77600276
v 9.11573982 8.70740318 -0.64635944
v 9.48587894 8.91640186 -0.77168494
v 9.46849346 8.94123173 -0.64269686
v 9.10249138 8.72632408 -0.51639479
v 9.09324265 8.73953247 -0.38655356
v 9.45533848 8.96001816 -0.51345974
v 9.44606590 8.97326183 -0.38438326
v 9.83816433 9.15089798 -0.76755333
v 9.82096100 9.17546749 -0.63920283
v 9.80787468 9.19415665 -0.51066995
v 9.79855251 9.20746994 -0.38232926
v 9.08764553 8.74752617 -0.25712970
v 9.08539867 8.75073528 -0.12826939
v 9.44033051 8.98145199 -0.25572497
v 9.43784523 8.98500156 -0.12759720
v 9.08629131 8.74946117 -0.00000000
v 9.09024811 8.74380970 0.12771520
v 9.43842220 8.98417759 -0.00000000
v 9.44201374 8.97904873 0.12712084
v 9.79265785 9.21588802 -0.25440213
v 9.78991699 9.21980286 -0.12696779
v 9.79016685 9.21944714 -0.00000000
v 9.79338646 9.21484852 0.12657142
v 10.19016647 9.38579941 -0.76362628
v 10.17311954 9.41014576 -0.63589227
v 10.54186153 9.62113953 -0.75992167
v 10.52494240 9.64530182 -0.63277996
v 10.16007519 9.42877483 -0.50803721
v 10.15067959 9.44219303 -0.38040021
v 10.51191425 9.66390896 -0.50557315
v 10.50242138 9.67746544 -0.37860471
v 10.89322281 9.85695457 -0.75645703
v 10.87640667 9.88097191 -0.62988043
v 10.86336708 9.89959335 -0.50328916
v 10.85375404 9.91332245 -0.37695110
v 10.14460373 9.45086956 -0.25316685
v 10.14159107 9.45517159 -0.12638389
v 10.49614429 9.68642998 -0.25202468
v 10.49284363 9.69114399 -0.12584822
v 10.14150047 9.45530128 -0.00000000
v 10.14434242 9.45124340 0.12606956
v 10.49240208 9.69177532 -0.00000000
v 10.49485970 9.68826485 0.12561783
v 10.84725571 9.92260361 -0.25098109
v 10.84364986 9.92775249 -0.12536345
v 10.84284687 9.92889977 -0.00000000
v 10.84491634 9.92594433 0.12521879
v 11.25318050 9.34288216 -1.79395473
v 11.19376564 9.42773628 -1.69715035
v 11.60069752 9.58418846 -1.79146791
v 11.54171562 9.66842461 -1.69400215
v 11.39376354 9.87972069 -1.36615288
v 11.48749542 9.74585819 -1.58998919
v 11.43815613 9.81632233 -1.48040390
v 11.35433388 9.93603325 -1.24809086
v 11.31981850 9.98532581 -1.12702990
v 11.29010201 10.02776527 -1.00373983
v 11.26499271 10.06362438 -0.87893504
v 11.24422932 10.09327888 -0.75324959
v 11.22748661 10.11718941 -0.62720776
v 11.21441174 10.13586235 -0.50119638
v 11.20465374 10.14979839 -0.37544763
v 11.19791317 10.15942478 -0.25004154
v 11.19398785 10.16503048 -0.12493226
v 11.19281292 10.16670895 -0.00000000
v 11.19448853 10.16431522 0.12487500
v 12.26553822 8.63469791 -0.09867418
v 4.68317747 1.02312887 0.24330199
v 4.66490316 1.04922700 0.36126506
v 5.02795410 1.26834857 0.24289171
v 5.00944614 1.29478085 0.36056405
v 4.64493036 1.07775092 0.47731954
v 4.62320757 1.10877454 0.59184122
v 4.98919868 1.32369733 0.47624686
v 4.96719933 1.35511529 0.59031886
v 5.37261772 1.51373053 0.24245536
v 5.35389376 1.54047060 0.35983002
v 5.33338642 1.56975853 0.47513655
v 5.31112146 1.60155606 0.58875495
v 4.59940958 1.14276171 0.70499867
v 4.57300615 1.18046939 0.81664133
v 4.94316149 1.38944530 0.70296764
v 4.91658497 1.42740059 0.81407416
v 4.54335785 1.22281158 0.92623985
v 4.88685036 1.46986616 0.92314744
v 4.85332441 1.51774573 1.02932119
v 5.28684902 1.63622057 0.70089018
v 5.26010132 1.67442048 0.81145358
v 5.60357571 1.92150044 0.80879688
v 5.23027945 1.71701026 0.91999185
v 5.19676065 1.76488006 1.02567708
v 5.57366610 1.96421576 0.91679299
v 5.54015112 2.01207948 1.02198005
v 5.71718836 1.75924468 0.24199778
v 5.69826698 1.78626704 0.35907012
v 5.67751360 1.81590557 0.47399819
v 5.65499353 1.84806812 0.58716154
v 5.63049269 1.88305867 0.69878101
v 6.06168747 2.00486064 0.24152380
v 6.04258633 2.03214025 0.35829157
v 6.02160168 2.06210923 0.47284132
v 5.99883604 2.09462237 0.58555073
v 6.40613699 2.25054789 0.24103840
v 6.38687277 2.27806020 0.35750163
v 6.36567068 2.30833983 0.47167566
v 6.34266949 2.34118915 0.58393461
v 6.70974207 2.55456734 0.47051096
v 6.68651485 2.58773923 0.58232546
v 5.97411251 2.12993050 0.69665474
v 5.94702816 2.16861153 0.80612141
v 5.88351583 2.25931644 1.01825237
v 5.91702938 2.21145439 0.91357088
v 6.31772947 2.37680721 0.69452608
v 6.29047871 2.41572499 0.80344450
v 6.66136312 2.62365913 0.69240981
v 6.63394833 2.66281199 0.80078357
v 6.26038933 2.45869756 0.91034549
v 6.22687340 2.50656319 1.01451671
v 6.60376596 2.70591664 0.90713698
v 6.57024336 2.75379157 1.01079583
v 4.77292919 1.63256216 1.22805035
v 4.72560263 1.70015132 1.31781185
v 4.81546879 1.57180941 1.13141477
v 5.06954288 1.94656622 1.31323659
v 4.61755562 1.85445881 1.47191131
v 4.67366409 1.77432704 1.39942181
v 4.55793476 1.93960571 1.53475738
v 5.15900278 1.81880403 1.12736094
v 5.11663818 1.87930655 1.22368515
v 5.01786470 2.02037001 1.39472234
v 4.96201992 2.10012436 1.46714056
v 4.90264606 2.18491936 1.52992201
v 4.84052515 2.27363682 1.58301997
v 5.46029758 2.12612271 1.21924317
v 5.50248861 2.06586766 1.12324226
v 5.41343260 2.19305229 1.30857420
v 5.30644274 2.34584999 1.46227443
v 5.24732256 2.43028212 1.52499640
v 5.18542576 2.51868033 1.57799506
v 5.36201763 2.26648045 1.38992894
v 5.59197664 2.67567754 1.52001166
v 5.53031063 2.76374578 1.57292366
v 4.77649021 2.36508846 1.62693465
v 4.71132231 2.45815825 1.66266429
v 4.57992458 2.64581299 1.71530199
v 4.64565849 2.55193543 1.69158947
v 4.92545271 2.88996029 1.70855820
v 5.05656767 2.70270872 1.65711319
v 4.99104404 2.79628634 1.68553352
v 4.85999250 2.98344707 1.72779858
v 4.52682114 3.45926523 1.80160880
v 4.59560442 3.36103201 1.78913081
v 4.79461145 3.07682061 1.74468696
v 4.72904205 3.17046380 1.76028275
v 4.66286564 3.26497364 1.77512217
v 4.73235226 3.90334821 1.80284154
v 4.87433195 3.70058036 1.78907466
v 4.80428457 3.80061841 1.79807770
v 4.94260693 3.60307360 1.77747965
v 5.00942993 3.50764060 1.76448941
v 5.12157869 2.60986304 1.62171662
v 5.40181255 2.94725990 1.65155959
v 5.46665955 2.85464883 1.61647153
v 5.20569849 3.22733951 1.72027624
v 5.27098894 3.13409543 1.70186830
v 5.33643389 3.04063010 1.67950296
v 5.14053440 3.32040358 1.73619163
v 5.07524681 3.41364384 1.75072753
v 5.22183228 3.94191074 1.77667940
v 5.28960371 3.84512305 1.76598048
v 5.55141783 3.47121382 1.71286702
v 5.61653805 3.37821198 1.69526470
v 5.48646736 3.56397223 1.72783136
v 5.42145777 3.65681577 1.74132216
v 5.35599422 3.75030756 1.75401235
v 5.84594440 2.31297398 1.11908388
v 5.80392408 2.37298512 1.21475124
v 5.75728941 2.43958664 1.30385303
v 6.14753580 2.61986899 1.21023667
v 6.10112858 2.68614531 1.29910207
v 5.70613861 2.51263714 1.38507116
v 5.65083694 2.59161639 1.45734346
v 5.99521589 2.83740401 1.45237851
v 6.05024242 2.75881839 1.38017929
v 5.93661976 2.92108798 1.51499939
v 5.87519073 3.00881815 1.56783760
v 6.18938923 2.56009626 1.11491048
v 6.44496727 2.93270493 1.29435015
v 6.53284121 2.80720758 1.11074734
v 6.49114990 2.86674881 1.20572639
v 6.39434385 3.00500226 1.37528348
v 6.33959389 3.08319354 1.44741094
v 6.28126478 3.16649604 1.50999129
v 6.22007656 3.25388217 1.56276894
v 6.68398476 3.32896447 1.44247258
v 6.56497908 3.49892259 1.55775046
v 6.62592411 3.41188407 1.50501978
v 5.74706459 3.19180131 1.64603531
v 5.68183517 3.28495789 1.67352986
v 5.81174135 3.09943295 1.61123097
v 5.89715338 3.71506405 1.70560443
v 5.83241320 3.80752254 1.71964049
v 5.70255852 3.99297452 1.74372745
v 5.76767540 3.89997768 1.73210204
v 6.09233093 3.43632174 1.64057279
v 6.15683413 3.34420180 1.60602748
v 5.96210623 3.62230206 1.68878043
v 6.02725410 3.52926087 1.66764677
v 6.24290943 3.95888519 1.69852209
v 6.30769730 3.86635876 1.68244863
v 6.43761969 3.68080997 1.63520491
v 6.37269688 3.77352953 1.66188669
v 6.50194597 3.58894253 1.60089386
v 4.84711027 5.95229292 0.13735582
v 4.85841322 5.93615103 0.27330258
v 4.53849125 5.65543461 0.54379994
v 4.87341452 5.91472673 0.40772754
v 4.89214420 5.88797760 0.54048842
v 4.56150675 5.62256527 0.67529780
v 4.58871984 5.58370113 0.80436903
v 4.91478491 5.85564327 0.67132419
v 4.94164944 5.81727695 0.79977214
v 4.65726757 5.48580456 1.05216849
v 4.62050629 5.53830528 0.93031919
v 4.97313213 5.77231503 0.92510742
v 5.00964403 5.72017097 1.04631793
v 5.36195517 5.95463085 1.04053342
v 5.20169544 6.18350506 0.13643928
v 5.21270323 6.16778469 0.27152929
v 5.55618954 6.41484737 0.13553314
v 5.56688786 6.39956856 0.26978019
v 5.22735262 6.14686298 0.40517044
v 5.24570417 6.12065411 0.53722048
v 5.58117628 6.37916279 0.40265292
v 5.59914732 6.35349751 0.53400707
v 5.26797152 6.08885288 0.66740501
v 5.29449320 6.05097628 0.79523742
v 5.62104416 6.32222557 0.66355348
v 5.32568121 6.00643492 0.91996181
v 5.91056442 6.64635944 0.13464059
v 5.92094040 6.63154078 0.26806140
v 5.93486071 6.61166096 0.40018365
v 5.95244980 6.58654118 0.53085929
v 6.26479292 6.87808084 0.13376477
v 6.27483511 6.86373901 0.26637882
v 6.28838205 6.84439230 0.39777112
v 6.30558872 6.81981850 0.52778780
v 6.61884880 7.11004877 0.13290873
v 6.62854671 7.09619856 0.26473835
v 6.64171553 7.07739210 0.39542362
v 6.65854216 7.05336094 0.52480328
v 5.64722967 6.28482819 0.79078001
v 5.97397995 6.55579281 0.65978259
v 5.99983883 6.51886272 0.78641492
v 5.67813396 6.24069262 0.91489929
v 5.71418142 6.18921089 1.03483391
v 6.03047037 6.47511625 0.90993673
v 6.06630516 6.42393875 1.02923834
v 6.32675791 6.78958559 0.65610516
v 6.35229921 6.75310898 0.78215694
v 6.70459127 6.98759604 0.77802062
v 6.38267088 6.70973396 0.90509081
v 6.41830683 6.65884018 1.02376509
v 6.67935658 7.02363443 0.65253389
v 4.57073164 4.87177801 1.56111717
v 4.69935513 5.42569685 1.16866529
v 4.74699593 5.35765934 1.27834582
v 5.05153608 5.66034317 1.16212273
v 4.85882521 5.19795036 1.47100401
v 4.80022144 5.28164530 1.37963891
v 4.92234135 5.10724020 1.55108750
v 5.09902239 5.59252548 1.27103841
v 5.40366268 5.89506626 1.15564311
v 5.45100546 5.82745361 1.26378930
v 5.21058607 5.43319559 1.46194386
v 5.27393913 5.34271860 1.54108083
v 5.15211630 5.51669931 1.37148845
v 5.56231785 5.66848278 1.45293498
v 5.50397635 5.75180340 1.36339164
v 4.58370781 4.11563492 1.79188693
v 4.65868378 4.00855780 1.80144250
v 4.63866377 4.77476168 1.62984955
v 4.70995188 4.67295122 1.68568683
v 4.78356647 4.56781912 1.72858191
v 4.85842800 4.46090555 1.75907540
v 4.93350840 4.35368013 1.77826571
v 5.00792074 4.24740744 1.78771377
v 5.06106091 4.90912819 1.67382956
v 4.99005747 5.01053143 1.61887681
v 5.08099937 4.14304066 1.78928983
v 5.15234327 4.04115152 1.78498077
v 5.13431025 4.80451727 1.71596134
v 5.20872641 4.69823933 1.74587357
v 5.28329134 4.59174967 1.76471651
v 5.35713863 4.48628521 1.77408683
v 5.42962646 4.38276196 1.77586937
v 5.56931925 4.18325996 1.76446152
v 5.50038385 4.28170967 1.77204132
v 5.55900192 4.93560648 1.73275387
v 5.34143877 5.24631882 1.60793185
v 5.41215420 5.14532661 1.66201186
v 5.48503447 5.04124260 1.70339870
v 5.69279385 5.48214436 1.59704697
v 5.85578489 5.98698092 1.35537350
v 5.62551022 5.57823467 1.53112686
v 5.91400433 5.90383482 1.44400477
v 5.97703981 5.81381035 1.52125573
v 6.04410791 5.71802759 1.58625448
v 6.39536762 5.95398903 1.57558656
v 5.63659286 4.08718300 1.75467062
v 5.70632839 4.72520208 1.76060116
v 5.63304853 4.82985687 1.75127816
v 5.77822685 4.62252092 1.76261961
v 5.84840202 4.52230072 1.75929832
v 6.11390162 4.14312792 1.72310221
v 5.91678953 4.42463255 1.75245953
v 5.98357391 4.32925463 1.74358773
v 6.04912281 4.23564148 1.73367083
v 6.05548334 4.96416950 1.74729598
v 6.12679529 4.86232567 1.74958003
v 5.76321936 5.38156605 1.65026808
v 5.83572817 5.27801275 1.69093025
v 5.90924311 5.17302227 1.71975434
v 5.98276997 5.06801462 1.73798919
v 6.11424303 5.61786413 1.63863242
v 6.17837429 4.05105066 1.71165347
v 6.39568710 4.47830820 1.72387886
v 6.26424122 4.66603279 1.74071169
v 6.19639301 4.76292944 1.74679065
v 6.33054495 4.57134056 1.73276889
v 6.58869028 4.20267105 1.69165421
v 6.46013689 4.38626432 1.71435821
v 6.52435350 4.29455328 1.70390475
v 6.71817017 4.01775455 1.65628314
v 6.65331697 4.11037493 1.67630303
v 6.67750502 4.81344318 1.72225153
v 6.61167049 4.90746403 1.72925591
v 6.25943995 5.41050148 1.70691228
v 6.40459538 5.20319796 1.73421049
v 6.33244705 5.30623674 1.72488856
v 6.18637800 5.51484489 1.67859209
v 6.47532558 5.10218525 1.73678958
v 6.54435349 5.00360298 1.73455715
v 6.46521187 5.85424042 1.62713945
v 6.53697300 5.75175524 1.66642034
v 6.60958147 5.64805937 1.69426525
v 6.68206978 5.54453516 1.71201444
v 5.75571680 6.12989235 1.14924741
v 5.80292797 6.06246853 1.25662136
v 6.10768175 6.36484718 1.14295650
v 6.15477228 6.29759455 1.24955761
v 6.20752525 6.22225571 1.34745955
v 6.55918121 6.45765114 1.33967471
v 6.45953846 6.59995556 1.13679099
v 6.50652170 6.53285646 1.24262094
v 6.26562977 6.13927364 1.43518078
v 6.32851315 6.04946709 1.51149714
v 6.61717892 6.37482214 1.42649066
v 6.67991400 6.28522635 1.50188124
v 6.75055885 2.49627495 0.24054657
v 6.73114777 2.52399659 0.35670769
v 7.09497452 2.74201059 0.24005340
v 7.07543278 2.76991892 0.35591722
v 7.05383635 2.80076170 0.46935710
v 7.03039265 2.83424282 0.58073556
v 7.43940639 2.98772264 0.23956399
v 7.41974926 3.01579595 0.35513774
v 7.78387737 3.23337913 0.23908350
v 7.76411963 3.26159644 0.35437685
v 7.39797497 3.04689288 0.46822396
v 7.37432432 3.08066988 0.57917738
v 7.74217939 3.29293013 0.46712154
v 7.71832991 3.32699060 0.57766324
v 6.97745657 2.90984344 0.79815614
v 7.00503492 2.87045741 0.69032091
v 6.94717932 2.95308352 0.90396541
v 6.91364574 3.00097442 1.00711238
v 6.87632036 3.05428100 1.10661960
v 7.25710011 3.24808311 1.00348926
v 7.21984434 3.30128980 1.10255241
v 7.34876490 3.11717176 0.68827415
v 7.32102442 3.15678978 0.79557979
v 7.69257450 3.36377335 0.68628466
v 7.66467190 3.40362215 0.79307210
v 7.29064989 3.20016909 0.90085107
v 7.63419724 3.44714499 0.89781415
v 7.60062551 3.49508977 0.99994922
v 7.56343269 3.54820681 1.09857118
v 8.12841034 3.47894764 0.23861718
v 8.10856533 3.50728893 0.35364217
v 8.08647156 3.53884244 0.46605992
v 8.06243134 3.57317472 0.57620579
v 8.47302723 3.72439528 0.23817025
v 8.45310879 3.75284171 0.35294139
v 8.81775188 3.96968937 0.23774804
v 8.79777241 3.99822283 0.35228229
v 8.43087196 3.78459930 0.46504924
v 8.40665054 3.81919169 0.57481754
v 8.03648376 3.61023188 0.68436742
v 8.00841999 3.65031123 0.79065073
v 8.38051414 3.85651755 0.68253756
v 8.35228920 3.89682746 0.78833336
v 7.97784138 3.69398189 0.89487505
v 7.94424200 3.74196672 0.99651527
v 7.90710449 3.79500484 1.09470153
v 8.32160282 3.94065142 0.89205402
v 8.28796959 3.98868537 0.99321038
v 6.83478546 3.11359906 1.20124793
v 6.78882217 3.17924118 1.28962660
v 7.17845917 3.36039376 1.19682884
v 7.13271046 3.42573023 1.28496063
v 6.73845911 3.25116706 1.37041450
v 6.84708738 3.83364153 1.59586334
v 6.97060966 3.65723419 1.50011766
v 6.90990877 3.74392343 1.55281544
v 7.08260345 3.49729037 1.36560309
v 7.02840233 3.57469726 1.43759513
v 7.25487757 3.98886895 1.54799736
v 7.52219009 3.60710740 1.19249654
v 7.47664833 3.67214775 1.28038204
v 7.82065344 3.91846943 1.27592027
v 7.37286139 3.82037115 1.43281126
v 7.42679214 3.74334979 1.36088061
v 7.31533432 3.90252805 1.49531806
v 7.77104139 3.98932290 1.35627842
v 6.78293943 3.92525482 1.62996531
v 7.86599588 3.85371399 1.18827879
v 6.97270489 7.34230185 0.13207547
v 6.98204994 7.32895565 0.26314566
v 6.99483776 7.31069326 0.39314935
v 7.01128674 7.28720140 0.52191603
v 7.32633638 7.57487631 0.13126792
v 7.33532047 7.56204510 0.26160640
v 7.67971706 7.80780792 0.13048899
v 7.68833447 7.79550123 0.26012602
v 7.34772539 7.54432917 0.39095637
v 7.36380100 7.52137089 0.51913643
v 7.70035648 7.77833223 0.38885257
v 7.71606350 7.75589991 0.51647455
v 6.73471642 6.94457293 0.90037817
v 6.77016830 6.89394188 1.01843297
v 7.03175497 7.25796986 0.64908129
v 7.05669451 7.22235250 0.77402055
v 7.08658791 7.17966032 0.89581531
v 7.12187147 7.12927008 1.01326048
v 7.38393211 7.49262094 0.64575964
v 7.40858936 7.45740652 0.77017111
v 7.73586655 7.72761822 0.64258128
v 7.76025581 7.69278669 0.76648653
v 7.43826580 7.41502380 0.89141852
v 7.47339773 7.36485100 1.00826609
v 7.78973198 7.65069056 0.88720429
v 7.82472849 7.60071087 1.00346828
v 8.77540398 4.03016949 0.46409962
v 8.75100708 4.06501150 0.57351106
v 8.25087833 4.04165697 1.09096861
v 8.72468662 4.10260057 0.68081015
v 8.69629955 4.14314175 0.78613770
v 8.63182735 4.23521757 0.99005741
v 8.59477425 4.28813553 1.08739817
v 8.66550255 4.18712473 0.88937140
v 8.06805229 7.99081993 0.51394045
v 8.08753872 7.96299028 0.63955832
v 8.11167431 7.92852116 0.76298106
v 8.14096642 7.88668776 0.88318890
v 8.17584515 7.83687544 0.99888551
v 8.21658611 7.77869225 1.10856950
v 7.19226789 4.07828522 1.59096992
v 7.53749657 4.32285976 1.58624792
v 7.71737576 4.06596565 1.42815340
v 7.66011143 4.14774752 1.49065435
v 7.59989643 4.23374319 1.54333031
v 6.93449974 4.44641638 1.68503523
v 6.99897051 4.35434198 1.67037773
v 6.74225140 4.72097540 1.71438813
v 6.80638361 4.62938499 1.70590568
v 6.87035370 4.53802633 1.69642949
v 7.12829733 4.16964436 1.62488770
v 7.06368065 4.26192665 1.65087020
v 7.08881569 4.96364212 1.70523524
v 7.15264225 4.87248850 1.69778049
v 7.21637678 4.78146648 1.68926287
v 6.75365734 5.44229794 1.72138345
v 6.89227772 5.24432755 1.72263670
v 6.95907497 5.14893150 1.71813047
v 6.82381105 5.34210825 1.72428739
v 6.88750124 5.98876143 1.65445125
v 6.95965767 5.88571167 1.68185079
v 7.02445173 5.05556345 1.71207297
v 7.24016190 5.48510981 1.71106768
v 7.10266113 5.68148088 1.70885384
v 7.03163004 5.78292418 1.69940519
v 7.17224646 5.58210278 1.71211231
v 7.47370195 4.41396761 1.62000668
v 7.40923500 4.50603628 1.64568233
v 7.34466362 4.59825373 1.66470742
v 7.28034115 4.69011593 1.67869985
v 7.69040108 4.84210157 1.65932727
v 7.62621880 4.93376303 1.67268372
v 7.81916189 4.65821218 1.61535716
v 7.75483990 4.75007343 1.64075470
v 7.30645180 5.39043808 1.70737350
v 7.37138462 5.29770422 1.70227087
v 7.43537998 5.20630932 1.69645679
v 7.49891520 5.11557198 1.69001865
v 7.45159960 5.92075729 1.69666040
v 7.52062607 5.82217741 1.70030320
v 7.56242561 5.02486897 1.68244064
v 7.78194427 5.44897604 1.68808997
v 7.58800173 5.72595501 1.69988883
v 7.65379763 5.63198900 1.69702315
v 7.71830177 5.53986692 1.69288254
v 6.81126976 6.83524275 1.13077164
v 6.85815907 6.76827812 1.23583424
v 6.91073608 6.69319057 1.33204448
v 7.26217318 6.92889833 1.32459390
v 6.74655819 6.19004917 1.56507540
v 6.96863461 6.61050272 1.41796196
v 7.09766531 6.42622805 1.55475330
v 7.03122854 6.52110958 1.49243808
v 7.16285801 7.07073498 1.12491906
v 7.20966721 7.00388479 1.22922051
v 7.31998253 6.84633827 1.40962255
v 7.38244104 6.75713825 1.48319757
v 7.44867516 6.66254616 1.54465270
v 7.51765966 6.56402588 1.59385896
v 7.73353624 6.99333429 1.47418988
v 7.79957342 6.89902353 1.53480566
v 7.51428556 7.30645704 1.11925411
v 7.56102896 7.23970032 1.22280264
v 7.61347628 7.16479778 1.31734860
v 7.67120552 7.08235168 1.40150011
v 6.81611347 6.09071398 1.61582339
v 7.23795033 6.22588062 1.64272058
v 7.16693354 6.32730246 1.60471845
v 7.30965710 6.12347269 1.66970623
v 7.38111830 6.02141571 1.68709934
v 7.58830833 6.46312952 1.63126445
v 7.65956974 6.36135769 1.65786874
v 7.80046511 6.16013813 1.68484187
v 7.73052502 6.26002264 1.67513478
v 8.20989513 4.10018730 1.18420351
v 8.16474342 4.16467094 1.27160549
v 8.11536694 4.23518705 1.35182810
v 8.06196022 4.31146049 1.42365456
v 7.94497681 4.47852945 1.53884876
v 8.00495338 4.39287424 1.48616064
v 7.88278341 4.56735086 1.58173227
v 8.22813892 4.81174469 1.57745802
v 8.29012966 4.72321177 1.53458774
v 8.34987354 4.63788891 1.48187113
v 8.55390549 4.34650183 1.18029857
v 8.50893402 4.41072750 1.26746750
v 8.45978546 4.48091888 1.34756124
v 8.89804554 4.59263134 1.17659175
v 8.85324383 4.65661478 1.26353657
v 8.80431175 4.72649622 1.34351003
v 8.40662861 4.55683422 1.41934788
v 8.63536835 4.96777296 1.53058255
v 8.75139713 4.80206633 1.41526699
v 8.69488525 4.88277292 1.47782028
v 8.57357311 5.05602598 1.57346129
v 8.91909504 5.30018091 1.56977797
v 8.10050201 4.99402809 1.63612282
v 8.16468525 4.90236616 1.61097479
v 7.84520245 5.35863400 1.68265688
v 7.90850353 5.26823092 1.67599869
v 8.03618813 5.08587790 1.65427303
v 7.97213745 5.17735243 1.66702223
v 7.93579245 5.96687031 1.68913877
v 8.00111008 5.87358761 1.68711758
v 8.06520176 5.78205442 1.68394589
v 8.38203144 5.32957458 1.64958060
v 8.31809998 5.42087793 1.66175199
v 8.12850857 5.69164324 1.68017185
v 8.19150639 5.60167313 1.67573166
v 8.25461292 5.51154757 1.66997349
v 8.44622898 5.23789072 1.63182271
v 8.51027966 5.14641714 1.60689545
v 8.47507286 5.93430996 1.67274010
v 8.53782845 5.84468651 1.66928053
v 8.60075665 5.75481510 1.66440213
v 8.79202843 5.48165131 1.62789106
v 8.85595608 5.39035320 1.60315561
v 8.72793579 5.57318401 1.64528680
v 8.66411209 5.66433430 1.65690958
v 7.86827898 6.80090189 1.58327937
v 7.91222668 7.47574997 1.21660388
v 7.96462870 7.40091276 1.31033397
v 7.86553383 7.54243422 1.11379731
v 8.26324368 7.71205807 1.21064723
v 8.31561279 7.63726664 1.30357540
v 8.08449936 7.22971916 1.46544528
v 8.02228832 7.31856585 1.39362252
v 8.15034580 7.13568115 1.52524483
v 8.21877766 7.03795004 1.57301390
v 8.37321472 7.55500317 1.38601768
v 8.61406231 7.94864893 1.20495582
v 8.66641331 7.87388372 1.29709864
v 8.43531513 7.46631479 1.45699394
v 8.50097752 7.37253857 1.51600254
v 8.63871765 7.17582512 1.59890294
v 8.56914234 7.27518940 1.56309688
v 8.78596783 7.70314312 1.44886625
v 8.72396851 7.79168701 1.37871361
v 8.85145569 7.60961676 1.50711131
v 8.91936111 7.51263762 1.55356276
v 7.86894321 6.06234121 1.68889892
v 8.07984161 6.49875879 1.66354990
v 7.93856335 6.70052528 1.62011874
v 8.00938511 6.59938192 1.64637578
v 8.14925003 6.39963388 1.67343676
v 8.21719170 6.30260277 1.67793822
v 8.28353024 6.20786190 1.67885625
v 8.34838581 6.11523867 1.67769527
v 8.28870392 6.93808508 1.60931957
v 8.35909176 6.83756018 1.63526452
v 8.41208363 6.02426767 1.67549884
v 8.63120937 6.44893599 1.66907990
v 8.42905903 6.73763704 1.65238273
v 8.49794674 6.63925505 1.66248381
v 8.56536674 6.54296970 1.66746008
v 8.69562244 6.35694551 1.66879463
v 8.75894642 6.26650953 1.66757953
v 8.82163715 6.17697716 1.66583240
v 8.88416958 6.08767223 1.66334081
v 8.77816868 6.97666931 1.64167142
v 8.84654808 6.87901258 1.65202177
v 8.91346073 6.78345108 1.65750313
v 8.70868111 7.07590771 1.62457216
v 8.03282261 8.04113293 0.12974149
v 8.04106808 8.02935791 0.25871006
v 8.05270767 8.01273537 0.38684580
v 8.38562965 8.27488518 0.12902820
v 8.39349747 8.26364803 0.25736377
v 8.74560070 8.49840450 0.25609246
v 8.73811245 8.50909996 0.12835187
v 8.40475655 8.24756908 0.38494375
v 8.41974640 8.22616100 0.51154405
v 8.75648117 8.48286629 0.38315406
v 8.77112484 8.46195316 0.50929528
v 8.43892860 8.19876671 0.63670278
v 8.46282482 8.16463852 0.75966889
v 8.79001427 8.43497562 0.63402677
v 8.81368828 8.40116501 0.75656426
v 8.49195099 8.12304211 0.87938863
v 8.52673054 8.07337189 0.99453640
v 8.56742382 8.01525688 1.10359156
v 8.84266567 8.35978127 0.87581998
v 8.87736511 8.31022644 0.99043953
v 8.91802883 8.25215244 1.09888446
v 9.16260815 4.21479654 0.23735583
v 9.14257908 4.24340057 0.35167265
v 9.48755074 4.48834229 0.35112029
v 9.12008762 4.27552128 0.46322128
v 9.09552383 4.31060314 0.57229906
v 9.46494675 4.52062416 0.46242452
v 9.44022083 4.55593586 0.57119423
v 9.50761700 4.45968390 0.23699896
v 9.85280418 4.70431805 0.23668280
v 9.83271027 4.73301554 0.35063303
v 9.81000137 4.76544619 0.46171954
v 9.78512096 4.80097961 0.57020926
v 9.06902218 4.34845114 0.67920041
v 9.04047203 4.38922405 0.78408152
v 9.41354084 4.59403896 0.67772341
v 9.38482761 4.63504553 0.78218246
v 9.00955963 4.43337250 0.88684750
v 8.97583485 4.48153543 0.98707944
v 8.93880939 4.53441334 1.08401561
v 9.32001305 4.72761059 0.98429930
v 9.35379410 4.67936611 0.88450271
v 9.28300476 4.78046370 1.08084643
v 9.75826550 4.83933401 0.67639446
v 9.72938728 4.88057661 0.78045827
v 9.69822693 4.92507696 0.88235730
v 9.66438007 4.97341537 0.98174000
v 9.62737942 5.02625847 1.07791626
v 10.00895691 5.21892118 0.97942436
v 9.97195053 5.27177143 1.07525039
v 10.19819164 4.94866610 0.23641269
v 10.17807961 4.97738886 0.35021871
v 10.54380322 5.19269371 0.23619398
v 10.52368259 5.22142935 0.34988520
v 10.15527534 5.00995636 0.46111667
v 10.13024521 5.04570389 0.56935686
v 10.50078964 5.25412273 0.46062618
v 10.47561455 5.29007721 0.56864977
v 10.88966179 5.43636799 0.23603205
v 10.86954021 5.46510458 0.34964037
v 10.84656715 5.49791384 0.46025839
v 10.82125092 5.53406906 0.56810069
v 10.10321522 5.08430624 0.67522866
v 10.07417011 5.12578773 0.77892667
v 10.44841194 5.32892609 0.67424119
v 10.41919708 5.37064934 0.77760535
v 10.04287815 5.17047644 0.88043159
v 10.38776779 5.41553497 0.87874579
v 10.35376263 5.46409988 0.97737521
v 10.31673908 5.51697493 1.07287419
v 10.79387665 5.57316351 0.67344719
v 10.76449013 5.61513233 0.77651191
v 11.13963032 5.81698799 0.67286181
v 11.11006832 5.85920811 0.77566397
v 10.69881630 5.70892429 0.97561538
v 10.73291588 5.66022491 0.87732005
v 10.66176224 5.76184225 1.07081318
v 11.07834244 5.90451717 0.87617451
v 11.04413700 5.95336628 0.97416747
v 11.00704098 6.00634623 1.06909227
v 9.19768906 4.90230751 1.25984263
v 9.14896297 4.97189569 1.33970642
v 9.24233341 4.83854914 1.17311120
v 9.04000187 5.12750769 1.47404301
v 9.09627914 5.04713535 1.41144526
v 8.98070240 5.21219635 1.52686882
v 9.20172119 5.63416147 1.59979236
v 9.44129086 5.29202032 1.40791667
v 9.38523769 5.37207317 1.47057450
v 9.32614517 5.45646477 1.52348256
v 9.26471710 5.54419422 1.56644499
v 9.58678722 5.08422995 1.16988456
v 9.54228783 5.14778137 1.25641584
v 9.49375439 5.21709394 1.33618259
v 9.93142509 5.32964754 1.16694009
v 9.88705730 5.39301157 1.25328672
v 9.83870316 5.46206856 1.33297074
v 9.73060417 5.61645031 1.46744978
v 9.54758453 5.87782907 1.59684312
v 9.61044788 5.78805113 1.56349909
v 9.67170906 5.70056105 1.52046013
v 9.78644562 5.53669977 1.40471518
v 10.01740551 5.94446802 1.51783824
v 8.94693756 5.99803019 1.65932202
v 9.07390785 5.81669807 1.64142895
v 9.01017761 5.90771437 1.65253234
v 9.13790607 5.72529840 1.62436509
v 9.48387051 5.96882248 1.62128246
v 8.98859310 7.41376352 1.58890462
v 9.13644218 7.94022608 1.44109285
v 9.20176411 7.84693623 1.49860358
v 9.33831787 7.65191698 1.57936084
v 9.26941872 7.75031471 1.54444599
v 9.89355564 6.12134314 1.59434569
v 9.95629883 6.03173637 1.56097794
v 9.61930466 7.98823881 1.53578103
v 9.68788052 7.89030218 1.57030749
v 9.75663090 7.79211664 1.59538102
v 9.16820145 6.41964388 1.65948725
v 8.97882748 6.69009876 1.65984869
v 9.04281616 6.59871292 1.66045439
v 9.10578728 6.50878143 1.66022646
v 9.29315853 6.24118805 1.65477085
v 9.23053074 6.33062840 1.65795052
v 9.35629940 6.15101242 1.64865816
v 9.41995144 6.06010771 1.63804483
v 9.32637787 6.93135691 1.65120161
v 9.38996506 6.84054518 1.65271366
v 9.45260525 6.75108624 1.65347850
v 9.05814075 7.31443977 1.61433589
v 9.12716007 7.21586943 1.63145411
v 9.19504642 7.11891794 1.64208913
v 9.26146984 7.02405548 1.64810646
v 9.47602558 7.45525026 1.62176883
v 9.40746021 7.55317116 1.60459304
v 9.63942146 6.48428440 1.65078723
v 9.70248318 6.39422226 1.64532530
v 9.51476574 6.66231108 1.65374303
v 9.57691479 6.57355309 1.65314841
v 9.82992840 6.21221304 1.61868131
v 9.76607418 6.30340481 1.63517261
v 9.79939842 6.99342537 1.64737475
v 9.86133003 6.90497780 1.64863884
v 9.98573112 6.72731543 1.64740992
v 9.92332172 6.81644440 1.64897311
v 9.54343414 7.35898113 1.63272488
v 9.60938644 7.26479149 1.63930929
v 9.67385769 7.17271662 1.64317799
v 9.73706532 7.08244610 1.64561141
v 10.02126217 7.41418409 1.63581705
v 9.82475567 7.69482470 1.61265397
v 9.89170361 7.59921265 1.62396765
v 9.95720387 7.50566769 1.63115060
v 10.27626705 5.57477522 1.16430533
v 10.23201466 5.63797331 1.25048518
v 10.18382549 5.70679522 1.33010316
v 10.57717705 5.88264227 1.24804139
v 10.52913666 5.95125198 1.32761216
v 10.13175964 5.78115225 1.40187466
v 10.07611656 5.86061954 1.46470463
v 10.62132835 5.81958771 1.16200840
v 10.23964310 6.36469126 1.59233856
v 10.30228138 6.27523518 1.55891919
v 10.42178726 6.10456181 1.46237469
v 10.47724819 6.02535582 1.39942956
v 10.36324596 6.18816805 1.51565373
v 10.58585644 6.60785961 1.59086037
v 10.96662998 6.06405878 1.16007674
v 10.92256260 6.12699318 1.24598551
v 10.87465382 6.19541454 1.32552993
v 10.82292557 6.26928997 1.39741373
v 10.76763153 6.34825754 1.46049559
v 10.70924377 6.43164396 1.51394355
v 10.64840412 6.51853180 1.55736077
v 11.11366272 6.59168625 1.45910335
v 10.93220425 6.85083532 1.58995020
v 10.99468040 6.76161051 1.55634117
v 11.05541134 6.67487764 1.51274514
v 10.17608738 6.45545864 1.61660028
v 10.04873371 6.63733816 1.64257276
v 10.11228180 6.54658175 1.63285112
v 10.33208847 6.97027731 1.64467859
v 10.39505482 6.88035250 1.64043987
v 10.52235508 6.69854879 1.61507857
v 10.45858002 6.78962851 1.63111985
v 10.14616680 7.23580170 1.64195466
v 10.08411503 7.32442045 1.63918734
v 10.20789433 7.14764500 1.64421427
v 10.26975441 7.05929995 1.64546442
v 10.17334080 7.93460560 1.60414779
v 10.30491829 7.74669313 1.62366998
v 10.23984718 7.83962440 1.61585653
v 10.49290752 7.47821617 1.63725817
v 10.55445862 7.39031172 1.64050925
v 10.36858559 7.65576601 1.62915862
v 10.43111038 7.56647205 1.63348114
v 10.86874008 6.94147205 1.61415565
v 10.67849922 7.21316481 1.64263308
v 10.61621380 7.30211735 1.64266217
v 10.74145126 7.12325954 1.63896668
v 10.80497551 7.03253698 1.63001847
v 10.65252209 7.98787546 1.61690712
v 10.71582508 7.89746904 1.62324262
v 10.83961964 7.72067213 1.63332558
v 10.77804852 7.80860519 1.62853312
v 11.02496338 7.45597363 1.64131391
v 11.08792686 7.36605215 1.63819349
v 10.90102291 7.63297892 1.63756406
v 10.96270084 7.54489422 1.64060676
v 11.23579121 5.67965603 0.23593222
v 11.21567726 5.70838213 0.34949204
v 11.58221436 5.92252493 0.23589981
v 11.56211472 5.95123053 0.34944806
v 11.19262886 5.74129915 0.46002355
v 11.16717625 5.77764940 0.56772226
v 11.53899670 5.98424625 0.45993194
v 11.51341057 6.02078676 0.56752717
v 11.92895412 6.16494083 0.23594011
v 11.90887547 6.19361687 0.34951615
v 11.88569355 6.22672415 0.45999372
v 11.85997677 6.26345205 0.56752801
v 12.23274040 6.46870184 0.46021912
v 12.20689487 6.50561333 0.56773740
v 11.48569393 6.06037045 0.67250007
v 11.45595169 6.10284662 0.77507895
v 11.38974571 6.19739866 0.97305399
v 11.35259151 6.25046015 1.06773686
v 11.42406654 6.14838314 0.87532920
v 11.83208847 6.30328035 0.67237705
v 11.80216217 6.34601974 0.77477443
v 12.17883301 6.54568911 0.67250764
v 12.14871883 6.58869791 0.77476764
v 11.77010918 6.39179564 0.87480402
v 11.73566055 6.44099283 0.97229749
v 11.69843483 6.49415731 1.06677186
v 12.08190155 6.68412256 0.97192013
v 12.11648941 6.63472509 0.87461877
v 12.04458809 6.73741150 1.06622195
v 12.27603436 6.40687180 0.23605840
v 12.25598145 6.43550968 0.34970415
v 12.62347603 6.64828539 0.23625989
v 12.60345650 6.67687702 0.35001972
v 12.58015919 6.71014881 0.46061823
v 12.55418587 6.74724197 0.56816775
v 12.97130394 6.88914871 0.23654978
v 12.95132065 6.91768742 0.35047051
v 12.92797089 6.95103359 0.46120110
v 12.90187168 6.98830700 0.56883156
v 13.31953812 7.12942982 0.23693319
v 13.29959679 7.15790987 0.35106415
v 13.27619743 7.19132662 0.46197775
v 13.24997330 7.22877932 0.56974107
v 12.49564171 6.83085251 0.77507591
v 12.52595043 6.78756714 0.67290664
v 12.46322727 6.87714481 0.87479311
v 12.42848587 6.92676020 0.97194415
v 12.39106941 6.98019600 1.06611180
v 12.77543449 7.16887856 0.97239143
v 12.73789883 7.22248507 1.06646574
v 12.87345886 7.02888489 0.67358893
v 12.84295082 7.07245588 0.77571636
v 13.22138119 7.26961327 0.67456907
v 13.19066620 7.31347895 0.77670592
v 12.81034088 7.11902666 0.87534660
v 13.15785122 7.36034298 0.87629855
v 13.12276459 7.41045141 0.97328383
v 13.08509254 7.46425247 1.06730819
v 11.31218815 6.30816317 1.15853822
v 11.26818752 6.37100172 1.24434757
v 11.22039223 6.43926048 1.32388878
v 11.65802097 6.55187464 1.15742004
v 11.61406898 6.61464405 1.24315739
v 11.56636906 6.68276644 1.32272077
v 11.16880703 6.51293278 1.39586163
v 11.40176105 6.91785192 1.51209569
v 11.51490688 6.75626230 1.39480722
v 11.45989323 6.83482933 1.45823383
v 11.27869701 7.09360504 1.58964729
v 11.34111977 7.00445604 1.55589867
v 11.68773270 7.24705315 1.55607224
v 11.62534237 7.33615541 1.58999133
v 11.96022511 6.85789442 1.24244463
v 11.91259956 6.92590952 1.32205784
v 12.00414658 6.79516745 1.15674961
v 11.86124134 6.99925756 1.39428461
v 11.80633926 7.07766628 1.45792294
v 11.74830437 7.16054869 1.51203275
v 12.20782471 7.24189758 1.39432776
v 12.15301228 7.32017803 1.45820653
v 12.09505463 7.40295029 1.51259375
v 12.03453159 7.48938560 1.55690050
v 11.97215176 7.57847261 1.59102237
v 11.21524906 7.18421793 1.61387146
v 11.15147400 7.27529860 1.62958729
v 11.18630219 7.96317101 1.63019776
v 11.24758816 7.87564564 1.63541985
v 11.37148571 7.69870043 1.64076221
v 11.30921745 7.78762960 1.63933945
v 11.56188965 7.42677546 1.61426628
v 11.43448830 7.60872459 1.63816154
v 11.49808121 7.51790428 1.62986720
v 11.71807003 7.94133949 1.64101958
v 11.78113747 7.85126925 1.63891208
v 11.90867138 7.66913223 1.61538088
v 11.84480381 7.76034451 1.63089919
v 12.35058308 7.03801727 1.15655398
v 12.30667114 7.10072994 1.24223888
v 12.25910091 7.16866732 1.32193184
v 12.69734764 7.28039837 1.15686023
v 12.65342522 7.34312630 1.24256933
v 12.60588837 7.41101599 1.32237446
v 12.49992657 7.56234455 1.45912039
v 12.38152599 7.73143768 1.55842257
v 12.31913376 7.82054281 1.59278035
v 12.44202328 7.64503908 1.51381624
v 12.55467129 7.48416042 1.39497042
v 12.78922367 7.88679695 1.51573777
v 12.72872829 7.97319365 1.56067729
v 13.04445744 7.52228594 1.15769470
v 13.00050259 7.58505964 1.24346519
v 12.95297718 7.65293407 1.32341707
v 12.90179729 7.72602558 1.39624643
v 12.84709644 7.80414724 1.46070015
v 12.25560093 7.91127777 1.61725616
v 9.09735489 8.73366070 0.25490135
v 9.44873619 8.96944714 0.25379556
v 9.10786057 8.71865654 0.38148430
v 9.12216568 8.69822693 0.50720388
v 9.45887184 8.95497227 0.37994197
v 9.47284889 8.93501091 0.50527966
v 9.79972458 9.20579720 0.25278023
v 9.80949497 9.19184303 0.37853456
v 9.82315350 9.17233658 0.50353241
v 9.14077663 8.67164707 0.63154233
v 9.16424465 8.63813114 0.75368124
v 9.19309235 8.59693241 0.87249917
v 9.26838303 8.48940659 1.09446919
v 9.22772980 8.54746532 0.98661369
v 9.49119473 8.90880966 0.62926131
v 9.51447487 8.87556267 0.75103414
v 9.54321194 8.83452225 0.86944282
v 9.57780743 8.78511524 0.98307747
v 9.61846828 8.72704411 1.09036684
v 9.96826744 8.96509171 1.08659887
v 9.84124947 9.14649296 0.62719578
v 9.86435890 9.11348915 0.74863714
v 9.89300442 9.07257938 0.86666739
v 9.92757797 9.02320290 0.97984993
v 10.15029621 9.44274044 0.25186041
v 10.50042915 9.68031025 0.25104120
v 10.15970707 9.42930031 0.37726951
v 10.17305851 9.41023254 0.50197178
v 10.50948715 9.66737461 0.37615421
v 10.52254295 9.64872837 0.50060755
v 10.85010242 9.91853714 0.25032756
v 10.85881424 9.90609550 0.37519613
v 10.87158680 9.88785553 0.49944958
v 10.19091988 9.38472366 0.62535775
v 10.21387577 9.35193920 0.74650460
v 10.54018497 9.62353420 0.62375933
v 10.56300735 9.59094048 0.74465090
v 10.59153175 9.55020332 0.86202604
v 10.24245071 9.31113052 0.86418951
v 10.27702332 9.26175499 0.97694999
v 10.31776142 9.20357609 1.08318663
v 10.88902473 9.86295128 0.62241262
v 10.91173172 9.83052158 0.74309051
v 10.94022655 9.78982639 0.86019373
v 10.66693020 9.44252205 1.08015156
v 10.62612438 9.50079918 0.97439682
v 10.97486115 9.74036312 0.97220975
v 11.01575756 9.68195724 1.07751572
v 8.96466541 8.18554878 1.19955313
v 9.01701260 8.11078835 1.29092944
v 9.31503487 8.42278099 1.19446266
v 9.36739349 8.34800434 1.28509367
v 9.07453346 8.02864075 1.37173867
v 9.48672295 8.17758465 1.43370402
v 9.42489338 8.26588631 1.36512089
v 9.66515350 8.66037178 1.18970776
v 9.71753979 8.58555603 1.27961731
v 10.01500320 8.89834690 1.18531239
v 9.55188942 8.08451748 1.49051225
v 9.83679485 8.41524220 1.42673051
v 9.90181732 8.32238102 1.48286974
v 9.96900272 8.22642994 1.52760243
v 10.03726864 8.12893677 1.56178081
v 9.77503204 8.50344849 1.35888863
v 10.12493420 8.74134922 1.35307062
v 10.06743336 8.82346821 1.27452660
v 10.47458172 8.97961330 1.34769535
v 10.10564041 8.03129196 1.58673692
v 10.18664265 8.65322018 1.42020297
v 10.25153351 8.56054688 1.47570908
v 10.31850243 8.46490479 1.51994479
v 10.38646984 8.36783695 1.55381680
v 10.52177238 8.17460537 1.59628868
v 10.45447826 8.27071095 1.57869828
v 10.53625107 8.89154053 1.41415238
v 10.36456680 9.13673115 1.18130028
v 10.41705799 9.06176472 1.26984775
v 10.60102272 8.79903603 1.46906304
v 10.66778851 8.70368481 1.51284277
v 10.73547363 8.60702133 1.54645169
v 10.80313396 8.51039124 1.57130253
v 10.87004089 8.41483879 1.58911502
v 11.01684856 8.94278812 1.50633121
v 11.08426571 8.84650517 1.53972185
v 10.71382523 9.37554932 1.17769563
v 10.82395840 9.21826267 1.34279156
v 10.76639652 9.30047035 1.26560724
v 11.06276131 9.61482906 1.17452240
v 11.11542988 9.53961086 1.26183152
v 10.88560295 9.13022518 1.40860963
v 10.95027065 9.03786945 1.46296442
v 10.58785725 8.08022690 1.60843062
v 11.00000954 8.22922421 1.61090171
v 10.93572617 8.32102966 1.60172915
v 11.06297493 8.13929939 1.61810935
v 11.12492561 8.05082512 1.62438369
v 11.32321548 9.98047447 0.97040820
v 11.36422348 9.92190933 1.07530081
v 11.19929409 10.15745258 0.24972458
v 11.20766640 10.14549541 0.37440273
v 11.22016716 10.12764263 0.49850765
v 11.23741817 10.10300541 0.62132984
v 11.26003075 10.07071114 0.74183804
v 11.28851700 10.03002834 0.85870969
v 11.21813774 8.65531731 1.58266568
v 11.15159798 8.75034523 1.56458747
v 11.28344631 8.56204605 1.59579170
v 11.49985886 8.99058914 1.55859053
v 11.56605244 8.89605522 1.57697928
v 11.63101006 8.80328560 1.59065795
v 11.17304802 9.45732307 1.33838820
v 11.41135693 9.85459518 1.17180502
v 11.52183437 9.69681644 1.33451414
v 11.46414185 9.77921009 1.25854743
v 11.23468399 9.36929798 1.40360570
v 11.29926395 9.27706814 1.45744658
v 11.36566830 9.18223286 1.50044477
v 11.43283653 9.08630657 1.53366363
v 11.58347893 9.60877895 1.39917171
v 11.64798641 9.51665306 1.45254230
v 12.04171085 8.95435715 1.59783340
v 11.71423626 9.42203903 1.49521852
v 11.78117275 9.32644367 1.52831364
v 11.84790516 9.23113918 1.55334973
v 11.91377735 9.13706398 1.57209492
v 11.97840977 9.04475975 1.58636785
v 11.34737396 8.47074795 1.60569394
v 11.41003132 8.38126469 1.61379945
v 11.53295231 8.20571518 1.62791598
v 11.47173977 8.29313469 1.62107396
v 11.59415245 8.11831284 1.63411796
v 11.65576553 8.03032017 1.63890171
v 11.69460964 8.71245575 1.60132420
v 11.87956810 8.44830799 1.62652183
v 11.94071674 8.36098003 1.63370049
v 11.75698853 8.62337017 1.61035383
v 11.81848812 8.53553963 1.61864543
v 12.06471825 8.18388653 1.64212799
v 12.00234604 8.27296352 1.63933551
v 12.12788200 8.09367943 1.64048719
v 12.19164848 8.00261116 1.63272500
v 12.10384274 8.86562252 1.60781395
v 12.22615051 8.69094944 1.62605774
v 12.16516590 8.77804470 1.61713982
v 12.66629791 8.06235313 1.59530556
v 12.41143322 8.42633820 1.64413023
v 12.47472477 8.33594894 1.64292908
v 12.28728104 8.60364628 1.63420975
v 12.34896088 8.51555824 1.64068377
v 12.53862190 8.24469376 1.63538635
v 12.60268688 8.15320015 1.61993337
f 220 9 8
f 220 217 9
f 217 221 10
f 217 10 9
f 221 14 10
f 12 8 11
f 31 30 12
f 31 12 11
f 9 13 11
f 10 16 13
f 13 32 11
f 32 31 11
f 6 32 13
f 8 9 11
f 9 10 13
f 221 223 14
f 223 225 15
f 223 15 14
f 225 227 38
f 225 38 15
f 14 17 16
f 16 6 13
f 16 17 7
f 16 7 6
f 15 41 17
f 41 33 17
f 17 33 7
f 10 14 16
f 14 15 17
f 38 41 15
f 30 19 18
f 30 31 19
f 18 19 22
f 31 32 20
f 31 20 19
f 32 24 20
f 19 20 23
f 18 22 21
f 379 378 21
f 22 379 21
f 19 23 22
f 20 26 23
f 380 379 22
f 27 380 23
f 23 380 22
f 25 51 28
f 32 6 24
f 6 7 25
f 24 6 25
f 20 24 26
f 24 25 28
f 7 48 25
f 7 33 48
f 48 51 25
f 26 28 29
f 24 28 26
f 26 27 23
f 26 29 27
f 51 1 28
f 28 1 29
f 227 39 38
f 227 228 39
f 228 40 39
f 228 231 40
f 231 44 40
f 38 42 41
f 41 34 33
f 41 42 34
f 39 43 42
f 40 46 43
f 42 35 34
f 42 43 35
f 43 36 35
f 38 39 42
f 39 40 43
f 231 233 44
f 233 45 44
f 44 45 47
f 73 76 45
f 233 234 45
f 234 73 45
f 234 335 73
f 44 47 46
f 46 36 43
f 46 37 36
f 46 47 37
f 76 68 47
f 45 76 47
f 47 68 37
f 40 44 46
f 51 48 52
f 49 50 53
f 49 53 52
f 50 56 53
f 33 49 48
f 33 34 49
f 48 49 52
f 34 50 49
f 35 54 50
f 34 35 50
f 51 52 2
f 51 2 1
f 52 53 3
f 52 3 2
f 53 4 3
f 50 54 56
f 54 57 56
f 54 55 57
f 85 88 55
f 55 88 57
f 36 55 54
f 35 36 54
f 37 85 55
f 36 37 55
f 68 85 37
f 56 4 53
f 4 56 5
f 56 57 5
f 57 88 58
f 57 58 5
f 89 60 59
f 90 61 60
f 94 62 61
f 92 63 62
f 63 441 62
f 117 64 63
f 64 442 63
f 118 65 64
f 65 443 64
f 120 122 66
f 120 66 65
f 122 67 66
f 66 447 65
f 122 124 67
f 544 507 124
f 124 507 67
f 67 448 66
f 507 842 67
f 86 68 69
f 70 87 69
f 78 71 70
f 71 93 70
f 83 72 71
f 72 91 71
f 95 115 72
f 84 95 72
f 74 75 78
f 335 336 74
f 73 74 77
f 335 74 73
f 336 337 75
f 337 80 75
f 336 75 74
f 76 77 69
f 73 77 76
f 68 76 69
f 77 78 70
f 74 78 77
f 75 83 78
f 77 70 69
f 75 80 83
f 80 82 84
f 82 106 84
f 102 106 82
f 337 79 80
f 79 82 80
f 79 81 82
f 81 100 102
f 81 102 82
f 78 83 71
f 80 84 83
f 83 84 72
f 84 106 95
f 85 89 88
f 85 86 89
f 86 87 90
f 86 90 89
f 87 94 90
f 68 86 85
f 87 86 69
f 93 87 70
f 88 89 59
f 88 59 58
f 89 90 60
f 87 93 94
f 94 93 92
f 93 91 92
f 91 117 92
f 115 117 91
f 91 93 71
f 115 91 72
f 90 94 61
f 94 92 62
f 92 117 63
f 106 96 95
f 96 116 95
f 107 97 96
f 97 119 96
f 108 98 97
f 113 99 98
f 98 121 97
f 123 121 98
f 114 523 99
f 99 123 98
f 523 543 99
f 543 123 99
f 102 107 106
f 102 103 107
f 103 108 107
f 103 105 108
f 100 101 103
f 100 103 102
f 101 105 103
f 101 104 105
f 106 107 96
f 107 108 97
f 105 110 113
f 105 113 108
f 110 114 113
f 110 112 114
f 532 528 112
f 112 528 114
f 104 110 105
f 109 112 110
f 104 109 110
f 111 532 112
f 109 111 112
f 111 531 532
f 108 113 98
f 113 114 99
f 528 523 114
f 115 116 118
f 115 118 117
f 116 119 120
f 116 120 118
f 116 115 95
f 119 116 96
f 117 118 64
f 118 120 65
f 119 121 122
f 119 122 120
f 121 124 122
f 121 123 124
f 543 544 123
f 123 544 124
f 121 119 97
f 136 126 125
f 136 137 126
f 219 218 125
f 126 219 125
f 137 127 126
f 137 138 127
f 138 128 127
f 127 222 126
f 222 219 126
f 224 222 127
f 138 143 128
f 143 129 128
f 143 144 129
f 128 224 127
f 129 226 128
f 226 224 128
f 144 145 129
f 144 158 145
f 145 229 129
f 229 226 129
f 130 137 136
f 130 131 137
f 131 132 138
f 133 134 131
f 134 133 169
f 133 131 130
f 134 135 132
f 135 134 170
f 141 135 171
f 134 132 131
f 135 139 132
f 131 138 137
f 132 143 138
f 132 139 143
f 139 140 144
f 152 158 140
f 135 141 139
f 141 142 140
f 142 141 176
f 141 140 139
f 155 142 177
f 142 152 140
f 142 155 152
f 139 144 143
f 140 158 144
f 158 146 145
f 230 229 145
f 146 230 145
f 159 147 146
f 160 150 147
f 147 232 146
f 232 230 146
f 148 232 147
f 165 151 150
f 150 148 147
f 150 149 148
f 166 238 151
f 150 151 149
f 238 235 151
f 151 235 149
f 152 153 159
f 153 154 160
f 156 155 192
f 155 153 152
f 155 156 153
f 213 157 156
f 214 163 157
f 156 154 153
f 156 157 154
f 157 161 154
f 152 159 158
f 158 159 146
f 153 160 159
f 159 160 147
f 154 165 160
f 154 161 165
f 215 164 163
f 157 163 161
f 163 162 161
f 216 248 164
f 163 164 162
f 164 248 245
f 164 245 162
f 160 165 150
f 161 166 165
f 165 166 151
f 162 251 166
f 251 238 166
f 161 162 166
f 245 251 162
f 170 134 169
f 172 170 169
f 172 173 170
f 171 135 170
f 173 171 170
f 173 174 171
f 174 176 171
f 167 173 172
f 167 168 173
f 168 174 173
f 175 178 174
f 168 175 174
f 174 178 176
f 178 181 177
f 178 177 176
f 195 192 181
f 181 192 177
f 179 181 178
f 175 179 178
f 179 180 181
f 180 195 181
f 180 193 195
f 182 168 167
f 182 183 168
f 183 175 168
f 183 184 175
f 184 179 175
f 185 186 183
f 1002 186 185
f 185 183 182
f 186 187 184
f 1003 187 186
f 1004 190 187
f 186 184 183
f 187 188 184
f 184 188 179
f 188 189 180
f 203 193 189
f 1008 191 190
f 187 190 188
f 190 189 188
f 190 191 189
f 1009 205 191
f 191 203 189
f 191 205 203
f 188 180 179
f 189 193 180
f 176 141 171
f 177 142 176
f 192 155 177
f 195 213 192
f 196 213 195
f 214 213 196
f 198 214 196
f 215 214 198
f 193 196 195
f 193 194 196
f 194 197 198
f 194 198 196
f 197 200 198
f 200 215 198
f 202 216 200
f 285 304 202
f 197 199 200
f 199 202 200
f 201 285 202
f 199 201 202
f 287 285 201
f 205 204 203
f 205 206 204
f 1022 206 205
f 206 208 204
f 206 207 208
f 207 211 208
f 1023 207 206
f 1024 209 207
f 203 194 193
f 203 204 194
f 204 197 194
f 208 199 197
f 204 208 197
f 207 209 211
f 209 212 211
f 1028 210 209
f 209 210 212
f 210 292 294
f 1029 292 210
f 211 201 199
f 208 211 199
f 212 287 201
f 211 212 201
f 294 287 212
f 210 294 212
f 213 156 192
f 213 214 157
f 215 163 214
f 216 215 200
f 215 216 164
f 304 248 216
f 304 216 202
f 220 218 217
f 218 219 217
f 219 221 217
f 222 223 221
f 219 222 221
f 224 225 223
f 222 224 223
f 224 226 225
f 226 227 225
f 229 227 226
f 218 501 125
f 501 136 125
f 229 228 227
f 229 230 228
f 230 231 228
f 232 233 231
f 230 232 231
f 234 233 148
f 233 232 148
f 335 234 149
f 149 234 148
f 235 335 149
f 501 182 167
f 501 1002 185
f 501 185 182
f 501 133 130
f 501 172 169
f 133 501 169
f 501 130 136
f 501 167 172
f 251 239 238
f 238 236 235
f 238 239 236
f 252 240 239
f 253 243 240
f 239 240 237
f 239 237 236
f 240 241 237
f 244 260 242
f 258 244 243
f 243 241 240
f 243 242 241
f 259 264 244
f 243 244 242
f 264 260 244
f 304 249 248
f 248 246 245
f 248 249 246
f 305 250 249
f 249 250 247
f 249 247 246
f 250 254 247
f 306 255 250
f 251 252 239
f 245 252 251
f 245 246 252
f 252 253 240
f 246 253 252
f 246 247 253
f 247 258 253
f 250 255 254
f 255 256 254
f 307 257 255
f 255 257 256
f 257 270 256
f 308 272 257
f 257 272 270
f 253 258 243
f 247 254 258
f 254 259 258
f 258 259 244
f 259 276 264
f 254 256 259
f 256 276 259
f 270 276 256
f 261 101 260
f 264 261 260
f 262 104 261
f 263 262 261
f 276 263 264
f 264 263 261
f 277 265 263
f 263 265 262
f 266 109 262
f 265 266 262
f 268 267 266
f 267 111 266
f 642 531 267
f 269 642 267
f 278 268 265
f 278 282 268
f 282 269 268
f 268 266 265
f 282 283 269
f 283 645 269
f 656 645 283
f 268 269 267
f 645 642 269
f 272 271 270
f 272 273 271
f 273 274 271
f 273 275 274
f 276 277 263
f 270 277 276
f 270 271 277
f 277 278 265
f 271 278 277
f 271 274 278
f 275 279 274
f 280 284 279
f 275 280 279
f 281 659 284
f 280 281 284
f 652 659 281
f 274 282 278
f 274 279 282
f 279 283 282
f 279 284 283
f 284 656 283
f 659 656 284
f 287 286 285
f 287 288 286
f 288 289 286
f 290 291 289
f 288 290 289
f 299 309 291
f 290 299 291
f 301 327 309
f 299 301 309
f 301 310 327
f 1092 293 292
f 1093 297 293
f 294 288 287
f 294 295 288
f 295 290 288
f 295 296 290
f 296 299 290
f 292 295 294
f 292 293 295
f 293 296 295
f 293 297 296
f 297 298 296
f 1094 302 297
f 296 298 299
f 298 301 299
f 300 310 301
f 298 300 301
f 312 310 300
f 297 302 298
f 302 300 298
f 1098 303 302
f 302 303 300
f 303 312 300
f 303 316 312
f 1099 316 303
f 304 305 249
f 305 304 285
f 286 305 285
f 305 306 250
f 306 305 286
f 289 306 286
f 307 306 289
f 307 255 306
f 291 307 289
f 308 307 291
f 307 308 257
f 324 272 308
f 309 308 291
f 327 324 309
f 309 324 308
f 310 311 328
f 311 314 329
f 312 311 310
f 312 313 311
f 313 314 311
f 313 315 314
f 316 313 312
f 316 317 313
f 1114 317 316
f 317 318 315
f 1115 318 317
f 317 315 313
f 315 319 314
f 320 334 319
f 315 320 319
f 711 334 321
f 321 334 320
f 692 711 321
f 1116 322 318
f 1118 323 322
f 318 320 315
f 318 322 320
f 322 321 320
f 1119 695 323
f 322 323 321
f 323 692 321
f 323 695 692
f 327 325 324
f 324 273 272
f 324 325 273
f 328 326 325
f 325 275 273
f 325 326 275
f 327 328 325
f 310 328 327
f 328 329 326
f 311 329 328
f 329 330 326
f 332 331 330
f 326 280 275
f 326 330 280
f 330 281 280
f 333 701 331
f 330 331 281
f 331 652 281
f 701 652 331
f 332 330 329
f 314 332 329
f 314 319 332
f 319 333 332
f 332 333 331
f 704 701 333
f 319 334 333
f 334 704 333
f 711 704 334
f 336 335 235
f 236 336 235
f 337 336 236
f 79 337 237
f 237 337 236
f 241 79 237
f 81 79 241
f 242 81 241
f 100 81 242
f 260 100 242
f 101 100 260
f 104 101 261
f 109 104 262
f 111 109 266
f 531 111 267
f 378 379 339
f 338 378 339
f 379 380 340
f 379 340 339
f 380 344 340
f 349 341 342
f 343 350 342
f 342 341 338
f 342 338 339
f 340 343 339
f 343 342 339
f 347 343 340
f 344 380 27
f 29 345 27
f 345 344 27
f 1 358 29
f 358 345 29
f 347 354 343
f 346 355 347
f 361 370 346
f 344 347 340
f 345 346 344
f 346 347 344
f 358 361 345
f 361 346 345
f 349 348 341
f 349 352 348
f 350 349 342
f 354 350 343
f 350 353 349
f 352 351 348
f 352 381 351
f 353 352 349
f 356 353 350
f 353 382 352
f 355 354 347
f 354 356 350
f 355 357 354
f 370 355 346
f 370 373 355
f 357 356 354
f 356 386 353
f 357 387 356
f 373 357 355
f 373 401 357
f 359 358 1
f 2 359 1
f 359 362 358
f 3 360 2
f 360 359 2
f 364 360 3
f 359 360 363
f 362 371 361
f 372 362 363
f 362 361 358
f 362 359 363
f 360 366 363
f 365 364 4
f 4 364 3
f 360 364 366
f 421 365 5
f 365 4 5
f 58 421 5
f 364 365 367
f 421 424 365
f 364 367 366
f 366 376 363
f 365 424 367
f 367 377 366
f 424 436 367
f 374 402 373
f 375 403 374
f 368 407 375
f 369 408 368
f 431 461 369
f 371 370 361
f 371 374 370
f 372 371 362
f 376 372 363
f 372 375 371
f 374 373 370
f 375 374 371
f 368 375 372
f 377 376 366
f 376 368 372
f 436 377 367
f 377 369 376
f 436 431 377
f 369 368 376
f 431 369 377
f 501 378 338
f 341 501 338
f 390 381 384
f 385 381 382
f 390 384 383
f 384 391 383
f 381 385 384
f 388 385 382
f 385 393 384
f 387 386 356
f 386 388 382
f 387 389 386
f 401 387 357
f 401 405 387
f 389 388 386
f 389 398 388
f 388 397 385
f 405 389 387
f 405 411 389
f 381 390 351
f 382 381 352
f 386 382 353
f 391 392 383
f 391 395 392
f 397 393 385
f 393 391 384
f 396 391 393
f 395 394 392
f 395 1963 394
f 396 395 391
f 399 396 393
f 396 1964 395
f 398 397 388
f 397 399 393
f 398 400 397
f 411 398 389
f 411 415 398
f 400 399 397
f 399 1969 396
f 400 1968 399
f 415 400 398
f 415 1982 400
f 402 401 373
f 402 404 401
f 403 402 374
f 407 403 375
f 403 406 402
f 404 405 401
f 404 412 405
f 409 406 403
f 406 404 402
f 413 404 406
f 408 407 368
f 407 409 403
f 461 408 369
f 461 464 408
f 408 410 407
f 410 409 407
f 409 417 406
f 464 410 408
f 410 418 409
f 464 473 410
f 412 411 405
f 412 416 411
f 413 412 404
f 417 413 406
f 412 413 414
f 416 1983 415
f 1984 416 414
f 416 415 411
f 416 412 414
f 413 419 414
f 473 474 418
f 418 417 409
f 413 417 419
f 473 418 410
f 417 418 420
f 417 420 419
f 419 1988 414
f 418 474 420
f 420 1989 419
f 474 2032 420
f 351 501 348
f 348 501 341
f 390 501 351
f 501 390 383
f 392 501 383
f 394 501 392
f 1962 501 394
f 422 421 58
f 59 422 58
f 421 422 425
f 423 422 59
f 427 423 60
f 60 423 59
f 422 423 426
f 421 425 424
f 425 437 424
f 422 426 425
f 423 429 426
f 426 438 425
f 423 427 429
f 427 428 430
f 441 444 428
f 428 427 61
f 61 427 60
f 62 428 61
f 441 428 62
f 427 430 429
f 429 439 426
f 428 444 430
f 430 440 429
f 444 457 430
f 432 462 431
f 437 433 432
f 438 434 433
f 433 463 432
f 463 462 432
f 467 463 433
f 439 435 434
f 440 451 435
f 434 467 433
f 468 467 434
f 435 468 434
f 451 481 435
f 481 468 435
f 437 436 424
f 436 437 432
f 438 437 425
f 439 438 426
f 437 438 433
f 436 432 431
f 440 439 429
f 438 439 434
f 457 440 430
f 439 440 435
f 440 457 451
f 441 442 445
f 442 443 446
f 442 441 63
f 443 442 64
f 441 445 444
f 445 458 444
f 442 446 445
f 446 459 445
f 443 447 449
f 447 448 450
f 842 845 448
f 447 443 65
f 448 447 66
f 842 448 67
f 443 449 446
f 447 450 449
f 449 460 446
f 460 459 446
f 454 460 449
f 448 845 450
f 450 454 449
f 845 852 450
f 852 454 450
f 457 452 451
f 457 458 452
f 458 453 452
f 458 459 453
f 482 481 451
f 452 482 451
f 483 482 452
f 453 483 452
f 459 460 455
f 459 455 453
f 460 456 455
f 460 454 456
f 852 855 454
f 454 855 456
f 487 483 453
f 488 487 455
f 455 487 453
f 456 488 455
f 855 882 456
f 882 488 456
f 458 457 444
f 459 458 445
f 462 461 431
f 462 465 461
f 463 466 462
f 465 464 461
f 465 471 464
f 466 465 462
f 469 466 463
f 466 472 465
f 467 469 463
f 470 469 467
f 470 467 468
f 481 484 468
f 484 470 468
f 469 477 466
f 470 478 469
f 484 491 470
f 473 471 475
f 476 471 472
f 471 473 464
f 472 471 465
f 477 472 466
f 473 475 474
f 475 2033 474
f 471 476 475
f 479 476 472
f 476 2034 475
f 478 477 469
f 477 479 472
f 491 478 470
f 478 480 477
f 491 494 478
f 480 479 477
f 479 2038 476
f 494 480 478
f 480 2039 479
f 494 2047 480
f 485 484 481
f 482 485 481
f 486 485 482
f 483 486 482
f 485 492 484
f 486 493 485
f 487 489 483
f 489 486 483
f 489 487 490
f 487 488 490
f 882 885 488
f 488 885 490
f 489 497 486
f 498 489 490
f 885 892 490
f 492 491 484
f 492 495 491
f 493 492 485
f 493 496 492
f 495 494 491
f 495 2048 494
f 496 495 492
f 496 2049 495
f 497 493 486
f 498 497 489
f 497 499 493
f 892 498 490
f 498 500 497
f 892 895 498
f 499 496 493
f 500 499 497
f 499 2053 496
f 895 500 498
f 2054 499 500
f 895 2442 500
f 12 501 8
f 501 18 21
f 30 501 12
f 501 30 18
f 501 220 8
f 501 218 220
f 378 501 21
f 504 669 505
f 673 506 505
f 506 569 505
f 674 572 506
f 544 508 507
f 544 547 508
f 508 843 507
f 547 509 508
f 547 548 509
f 509 844 508
f 510 513 516
f 548 550 511
f 548 511 509
f 550 512 511
f 511 848 509
f 550 510 512
f 510 516 512
f 512 849 511
f 516 862 512
f 513 514 517
f 514 515 518
f 513 517 516
f 517 863 516
f 514 518 517
f 518 864 517
f 515 519 521
f 519 520 522
f 515 521 518
f 519 522 521
f 521 868 518
f 520 588 522
f 522 869 521
f 546 545 524
f 528 524 523
f 545 543 523
f 524 545 523
f 529 525 524
f 529 530 525
f 525 546 524
f 549 546 525
f 551 549 526
f 571 551 527
f 530 538 526
f 530 526 525
f 538 527 526
f 526 549 525
f 538 540 527
f 540 554 527
f 540 562 554
f 527 551 526
f 554 571 527
f 528 532 529
f 532 533 529
f 533 530 529
f 533 534 530
f 531 533 532
f 531 535 533
f 535 534 533
f 535 536 534
f 528 529 524
f 534 538 530
f 537 540 538
f 534 537 538
f 539 562 540
f 537 539 540
f 561 562 539
f 536 537 534
f 541 539 537
f 536 541 537
f 542 502 561
f 542 561 539
f 541 542 539
f 543 545 547
f 543 547 544
f 545 546 548
f 545 548 547
f 549 550 546
f 546 550 548
f 549 510 550
f 549 551 510
f 571 513 551
f 551 513 510
f 562 565 555
f 565 566 556
f 571 554 552
f 555 553 552
f 562 555 554
f 554 555 552
f 565 556 555
f 555 556 553
f 566 568 559
f 568 570 560
f 556 557 553
f 559 558 557
f 560 607 558
f 566 559 556
f 568 560 559
f 556 559 557
f 559 560 558
f 570 610 560
f 561 563 565
f 561 565 562
f 563 564 566
f 563 566 565
f 502 563 561
f 502 503 563
f 503 564 563
f 503 504 564
f 564 567 568
f 564 568 566
f 567 570 568
f 567 569 570
f 569 620 570
f 504 567 564
f 567 504 505
f 569 567 505
f 619 569 506
f 514 571 552
f 571 514 513
f 515 514 552
f 553 515 552
f 557 519 553
f 519 515 553
f 520 519 557
f 558 520 557
f 520 558 585
f 572 619 506
f 573 621 572
f 742 573 572
f 574 622 573
f 743 574 573
f 640 624 576
f 623 622 574
f 575 623 574
f 744 575 574
f 624 623 575
f 576 624 575
f 748 576 575
f 749 578 576
f 641 640 578
f 641 580 577
f 578 640 576
f 580 641 578
f 767 580 578
f 768 579 580
f 580 579 577
f 579 581 577
f 583 582 581
f 584 3842 582
f 769 583 579
f 579 583 581
f 775 584 583
f 776 3844 584
f 583 584 582
f 588 520 585
f 586 589 585
f 587 590 586
f 924 923 589
f 590 924 589
f 589 588 585
f 588 922 522
f 589 923 588
f 590 589 586
f 591 593 587
f 615 592 591
f 616 595 592
f 592 594 591
f 593 928 590
f 928 924 590
f 594 929 593
f 929 928 593
f 942 929 594
f 593 590 587
f 594 593 591
f 598 594 592
f 628 596 595
f 595 598 592
f 596 599 595
f 629 597 596
f 597 600 596
f 598 942 594
f 599 943 598
f 943 942 598
f 944 943 599
f 600 944 599
f 599 598 595
f 600 599 596
f 630 601 597
f 601 603 597
f 636 602 601
f 637 3862 602
f 602 604 601
f 948 944 600
f 603 948 600
f 604 949 603
f 949 948 603
f 4185 949 604
f 603 600 597
f 604 603 601
f 3864 604 602
f 620 610 570
f 620 605 611
f 605 606 612
f 610 611 608
f 610 608 607
f 611 612 609
f 611 609 608
f 610 607 560
f 620 611 610
f 605 612 611
f 606 617 612
f 606 613 617
f 613 618 617
f 614 631 618
f 613 614 618
f 612 617 615
f 612 615 609
f 617 618 616
f 617 616 615
f 618 628 616
f 619 620 569
f 619 621 605
f 619 605 620
f 621 606 605
f 621 622 606
f 621 619 572
f 622 621 573
f 622 613 606
f 622 623 613
f 623 624 614
f 623 614 613
f 624 625 614
f 558 607 585
f 607 608 586
f 607 586 585
f 608 587 586
f 608 609 587
f 609 615 591
f 609 591 587
f 615 616 592
f 625 632 631
f 614 625 631
f 625 627 632
f 627 633 632
f 627 626 633
f 631 628 618
f 631 632 629
f 631 629 628
f 632 633 630
f 632 630 629
f 626 638 633
f 626 634 638
f 634 639 638
f 635 3885 639
f 634 635 639
f 633 638 636
f 630 636 601
f 633 636 630
f 638 637 636
f 638 639 637
f 639 3886 637
f 636 637 602
f 640 625 624
f 640 641 627
f 640 627 625
f 627 641 626
f 626 641 577
f 634 626 577
f 581 634 577
f 582 635 581
f 635 634 581
f 3883 635 582
f 616 628 595
f 628 629 596
f 629 630 597
f 535 642 643
f 642 645 643
f 536 535 643
f 644 536 643
f 646 644 643
f 656 646 645
f 656 657 646
f 645 646 643
f 657 647 646
f 657 658 647
f 646 647 644
f 541 536 644
f 648 541 644
f 542 541 648
f 647 648 644
f 650 649 648
f 649 542 648
f 502 542 649
f 667 502 649
f 651 667 649
f 658 650 647
f 658 665 650
f 665 651 650
f 647 650 648
f 670 667 651
f 665 666 651
f 666 670 651
f 666 683 670
f 650 651 649
f 652 660 659
f 652 654 660
f 660 654 653
f 654 655 653
f 659 657 656
f 659 660 657
f 660 658 657
f 660 653 658
f 655 661 653
f 662 663 661
f 655 662 661
f 664 677 663
f 662 664 663
f 664 678 677
f 653 665 658
f 661 666 665
f 653 661 665
f 663 683 666
f 661 663 666
f 677 683 663
f 667 668 503
f 667 503 502
f 670 668 667
f 668 504 503
f 668 669 504
f 671 669 668
f 670 671 668
f 683 684 671
f 683 671 670
f 671 672 669
f 671 684 672
f 684 685 672
f 672 673 669
f 675 674 673
f 669 673 505
f 676 742 674
f 673 674 506
f 672 675 673
f 685 690 675
f 685 675 672
f 690 676 675
f 675 676 674
f 690 691 676
f 691 745 676
f 678 679 677
f 678 681 679
f 681 680 679
f 681 682 680
f 677 684 683
f 677 679 684
f 679 685 684
f 679 680 685
f 687 686 691
f 682 687 680
f 688 686 687
f 682 688 687
f 689 752 686
f 688 689 686
f 680 690 685
f 687 691 690
f 680 687 690
f 686 758 691
f 712 711 692
f 693 712 692
f 694 713 693
f 695 693 692
f 695 696 693
f 1482 696 695
f 696 694 693
f 696 697 694
f 1483 697 696
f 697 698 694
f 697 699 698
f 699 716 698
f 1484 699 697
f 1488 700 699
f 699 700 716
f 700 730 716
f 700 717 730
f 1489 717 700
f 704 702 701
f 701 654 652
f 701 702 654
f 705 703 702
f 702 655 654
f 702 703 655
f 704 705 702
f 711 705 704
f 711 712 705
f 705 706 703
f 712 706 705
f 712 713 706
f 703 662 655
f 703 707 662
f 707 664 662
f 706 707 703
f 709 708 707
f 707 708 664
f 708 678 664
f 719 678 708
f 710 719 708
f 709 707 706
f 713 714 709
f 713 709 706
f 714 710 709
f 709 710 708
f 714 715 710
f 715 722 710
f 715 729 722
f 722 719 710
f 713 712 693
f 714 713 694
f 715 714 698
f 698 714 694
f 716 729 715
f 716 715 698
f 730 729 716
f 717 718 733
f 1507 718 717
f 1508 735 718
f 740 735 1509
f 719 681 678
f 719 720 681
f 722 720 719
f 720 682 681
f 720 721 682
f 723 721 720
f 729 723 722
f 729 731 723
f 722 723 720
f 731 724 723
f 731 732 724
f 723 724 721
f 721 725 688
f 721 688 682
f 725 689 688
f 724 725 721
f 727 726 725
f 725 726 689
f 726 755 689
f 728 792 726
f 732 727 724
f 732 736 727
f 736 728 727
f 727 725 724
f 736 738 728
f 727 728 726
f 738 795 728
f 730 731 729
f 730 733 731
f 733 732 731
f 733 734 732
f 717 733 730
f 718 734 733
f 718 735 734
f 734 736 732
f 737 738 736
f 734 737 736
f 739 802 738
f 737 739 738
f 735 737 734
f 735 740 737
f 740 739 737
f 741 740 1513
f 740 741 739
f 741 803 739
f 1531 808 741
f 535 531 642
f 745 743 742
f 674 742 572
f 742 743 573
f 746 744 743
f 743 744 574
f 745 742 676
f 745 746 743
f 758 745 691
f 758 746 745
f 758 759 746
f 746 747 744
f 759 747 746
f 759 760 747
f 747 748 744
f 744 748 575
f 748 749 576
f 750 751 749
f 750 749 748
f 751 767 749
f 747 750 748
f 760 750 747
f 760 761 750
f 761 751 750
f 761 763 751
f 763 770 751
f 752 758 686
f 752 753 759
f 753 760 759
f 753 754 760
f 755 753 752
f 689 755 752
f 755 756 753
f 756 754 753
f 756 757 754
f 752 759 758
f 754 761 760
f 754 762 761
f 762 763 761
f 764 777 763
f 762 764 763
f 757 762 754
f 757 765 762
f 765 764 762
f 766 778 764
f 765 766 764
f 763 777 770
f 777 779 771
f 779 772 771
f 779 780 772
f 749 767 578
f 767 768 580
f 770 767 751
f 770 768 767
f 770 771 768
f 768 769 579
f 771 769 768
f 771 772 769
f 777 771 770
f 780 773 772
f 780 786 773
f 786 774 773
f 788 3990 774
f 786 788 774
f 769 775 583
f 772 775 769
f 772 773 775
f 775 776 584
f 773 776 775
f 773 774 776
f 774 3992 776
f 777 778 779
f 778 777 764
f 778 781 779
f 781 780 779
f 781 782 780
f 766 783 778
f 783 784 781
f 783 781 778
f 784 782 781
f 784 785 782
f 782 786 780
f 782 787 786
f 787 788 786
f 789 4003 788
f 787 789 788
f 785 787 782
f 785 790 787
f 790 789 787
f 790 791 789
f 791 4004 789
f 792 755 726
f 792 756 755
f 792 793 756
f 795 793 792
f 793 757 756
f 793 794 757
f 796 794 793
f 802 795 738
f 802 804 796
f 795 792 728
f 795 796 793
f 802 796 795
f 796 797 794
f 804 797 796
f 804 805 797
f 794 765 757
f 794 798 765
f 797 798 794
f 798 766 765
f 798 799 766
f 799 783 766
f 800 799 798
f 801 817 799
f 800 798 797
f 805 800 797
f 805 812 800
f 800 801 799
f 812 801 800
f 812 814 801
f 814 820 801
f 803 804 802
f 803 802 739
f 803 806 804
f 806 805 804
f 806 807 805
f 741 808 803
f 808 806 803
f 808 809 806
f 1588 809 808
f 809 807 806
f 809 810 807
f 1589 810 809
f 807 812 805
f 807 811 812
f 811 814 812
f 811 813 814
f 813 828 814
f 810 811 807
f 810 815 811
f 1590 815 810
f 815 813 811
f 815 816 813
f 816 827 813
f 1594 816 815
f 1595 833 816
f 817 783 799
f 817 784 783
f 817 818 784
f 820 818 817
f 818 785 784
f 818 819 785
f 821 819 818
f 820 817 801
f 820 821 818
f 814 828 820
f 828 821 820
f 828 829 821
f 821 822 819
f 829 822 821
f 829 830 822
f 819 790 785
f 819 823 790
f 822 823 819
f 823 791 790
f 823 824 791
f 824 4007 791
f 825 824 823
f 826 4040 824
f 825 823 822
f 830 825 822
f 830 836 825
f 825 826 824
f 836 826 825
f 836 838 826
f 838 4042 826
f 827 828 813
f 827 829 828
f 827 831 829
f 831 830 829
f 831 832 830
f 816 833 827
f 833 831 827
f 833 834 831
f 1607 834 833
f 834 832 831
f 834 835 832
f 1608 835 834
f 832 836 830
f 832 837 836
f 837 838 836
f 839 4050 838
f 837 839 838
f 1609 840 835
f 835 837 832
f 835 840 837
f 840 839 837
f 840 841 839
f 841 4051 839
f 1616 841 840
f 1617 4054 841
f 851 872 859
f 842 843 846
f 847 843 844
f 843 842 507
f 844 843 508
f 845 842 846
f 853 852 845
f 853 845 846
f 843 847 846
f 853 846 854
f 846 847 854
f 851 850 848
f 848 850 844
f 862 849 512
f 865 851 849
f 849 851 848
f 862 865 849
f 848 844 509
f 849 848 511
f 850 847 844
f 847 850 858
f 847 858 854
f 850 859 858
f 850 851 859
f 851 865 872
f 852 856 855
f 852 853 856
f 853 857 856
f 857 853 854
f 883 882 855
f 856 883 855
f 884 883 856
f 857 884 856
f 858 860 854
f 860 857 854
f 861 860 858
f 859 861 858
f 872 875 859
f 875 861 859
f 860 888 857
f 888 884 857
f 889 888 860
f 861 889 860
f 875 902 861
f 902 889 861
f 865 873 872
f 866 874 873
f 867 878 874
f 870 879 878
f 871 932 879
f 863 862 516
f 866 865 862
f 863 866 862
f 864 863 517
f 867 866 863
f 864 867 863
f 865 866 873
f 866 867 874
f 868 864 518
f 869 868 521
f 870 867 864
f 871 870 868
f 868 870 864
f 922 869 522
f 925 871 869
f 869 871 868
f 867 870 878
f 870 871 879
f 873 876 872
f 876 875 872
f 877 876 873
f 874 877 873
f 876 903 875
f 903 902 875
f 904 903 876
f 877 904 876
f 881 880 878
f 878 880 874
f 880 877 874
f 935 881 879
f 879 881 878
f 880 908 877
f 908 904 877
f 909 908 880
f 881 909 880
f 962 909 881
f 883 887 886
f 882 886 885
f 882 883 886
f 883 884 887
f 886 893 885
f 887 894 886
f 884 890 887
f 888 891 890
f 902 905 889
f 889 905 891
f 884 888 890
f 888 889 891
f 890 898 887
f 891 899 890
f 905 912 891
f 893 892 885
f 893 896 892
f 894 893 886
f 894 897 893
f 896 895 892
f 896 2443 895
f 897 896 893
f 897 2444 896
f 898 894 887
f 899 898 890
f 898 900 894
f 912 899 891
f 899 901 898
f 912 915 899
f 900 897 894
f 901 900 898
f 900 2448 897
f 915 901 899
f 901 2449 900
f 915 2457 901
f 902 903 906
f 902 906 905
f 903 907 906
f 903 904 907
f 906 914 905
f 907 913 906
f 904 908 910
f 904 910 907
f 908 911 910
f 908 909 911
f 909 965 911
f 910 918 907
f 919 918 910
f 911 919 910
f 972 919 911
f 914 912 905
f 914 916 912
f 913 914 906
f 917 914 913
f 916 915 912
f 916 2458 915
f 917 916 914
f 917 2459 916
f 918 913 907
f 918 920 913
f 919 921 918
f 920 917 913
f 921 920 918
f 920 2463 917
f 975 921 919
f 921 2464 920
f 925 933 932
f 933 926 934
f 926 927 934
f 927 930 938
f 927 938 934
f 930 931 939
f 930 939 938
f 931 952 939
f 923 922 588
f 923 926 922
f 926 925 922
f 922 925 869
f 927 926 923
f 924 927 923
f 925 932 871
f 925 926 933
f 928 930 924
f 930 927 924
f 929 931 928
f 931 930 928
f 945 931 929
f 936 935 932
f 932 935 879
f 933 936 932
f 937 933 934
f 937 936 933
f 935 962 881
f 936 963 935
f 963 962 935
f 964 963 936
f 937 964 936
f 938 940 934
f 940 937 934
f 939 941 938
f 941 940 938
f 955 941 939
f 940 968 937
f 968 964 937
f 941 969 940
f 969 968 940
f 982 969 941
f 931 945 952
f 945 946 953
f 945 953 952
f 946 947 954
f 946 954 953
f 947 950 958
f 947 958 954
f 950 951 959
f 950 959 958
f 951 4192 959
f 942 945 929
f 943 946 942
f 946 945 942
f 947 946 943
f 944 947 943
f 950 947 944
f 948 950 944
f 949 951 948
f 951 950 948
f 4187 951 949
f 952 955 939
f 953 956 952
f 956 955 952
f 954 957 953
f 957 956 953
f 955 982 941
f 956 983 955
f 983 982 955
f 957 984 956
f 984 983 956
f 958 960 954
f 960 957 954
f 959 961 958
f 961 960 958
f 4194 961 959
f 989 988 960
f 4222 989 961
f 960 988 957
f 988 984 957
f 961 989 960
f 962 965 909
f 962 963 966
f 962 966 965
f 963 967 966
f 967 963 964
f 965 972 911
f 966 973 965
f 973 972 965
f 974 973 966
f 967 974 966
f 968 970 964
f 970 967 964
f 969 971 968
f 971 970 968
f 985 971 969
f 978 974 967
f 970 978 967
f 979 978 970
f 992 979 971
f 971 979 970
f 972 975 919
f 973 976 972
f 974 977 973
f 976 975 972
f 975 2512 921
f 976 2513 975
f 977 976 973
f 977 2514 976
f 978 980 974
f 979 981 978
f 980 977 974
f 980 2518 977
f 981 980 978
f 995 981 979
f 981 2519 980
f 982 985 969
f 983 986 982
f 986 985 982
f 987 986 983
f 984 987 983
f 993 992 985
f 985 992 971
f 986 993 985
f 994 993 986
f 987 994 986
f 990 987 984
f 988 990 984
f 989 991 988
f 991 990 988
f 4224 991 989
f 998 994 987
f 990 998 987
f 999 998 990
f 4232 999 991
f 991 999 990
f 992 995 979
f 993 996 992
f 994 997 993
f 996 995 992
f 995 2527 981
f 996 2528 995
f 997 996 993
f 997 2529 996
f 998 1000 994
f 999 1001 998
f 1000 997 994
f 1000 2533 997
f 1001 1000 998
f 4234 1001 999
f 1001 2534 1000
f 1002 1003 186
f 1005 1003 1002
f 1003 1004 187
f 1006 1004 1003
f 1007 1008 1004
f 1005 1006 1003
f 1012 1006 1005
f 1006 1007 1004
f 1013 1007 1006
f 1014 1010 1007
f 1004 1008 190
f 1008 1009 191
f 1010 1009 1008
f 1022 205 1009
f 1011 1022 1009
f 1007 1010 1008
f 1010 1011 1009
f 1018 1011 1010
f 1011 1025 1022
f 1019 1025 1011
f 1012 1013 1006
f 1015 1013 1012
f 1015 1016 1013
f 1013 1014 1007
f 1016 1014 1013
f 1016 1017 1014
f 1017 1018 1014
f 1042 1016 1015
f 1042 1043 1016
f 1043 1017 1016
f 1043 1044 1017
f 1044 1020 1017
f 1014 1018 1010
f 1018 1019 1011
f 1017 1020 1018
f 1020 1019 1018
f 1020 1021 1019
f 1032 1025 1019
f 1021 1032 1019
f 1035 1032 1021
f 1051 1020 1044
f 1020 1051 1021
f 1051 1052 1021
f 1052 1035 1021
f 1052 1067 1035
f 1022 1023 206
f 1025 1023 1022
f 1026 1024 1023
f 1027 1028 1024
f 1023 1024 207
f 1025 1026 1023
f 1032 1026 1025
f 1026 1027 1024
f 1033 1027 1026
f 1033 1034 1027
f 1034 1030 1027
f 1024 1028 209
f 1030 1029 1028
f 1028 1029 210
f 1092 292 1029
f 1031 1092 1029
f 1027 1030 1028
f 1034 1038 1030
f 1038 1031 1030
f 1038 1039 1031
f 1039 1095 1031
f 1030 1031 1029
f 1095 1092 1031
f 1102 1095 1039
f 1032 1033 1026
f 1035 1033 1032
f 1035 1036 1033
f 1036 1034 1033
f 1036 1037 1034
f 1034 1037 1038
f 1067 1036 1035
f 1067 1068 1036
f 1068 1037 1036
f 1069 1040 1037
f 1068 1069 1037
f 1037 1040 1038
f 1040 1039 1038
f 1040 1041 1039
f 1041 1102 1039
f 1105 1102 1041
f 1076 1041 1040
f 1069 1076 1040
f 1078 1105 1041
f 1076 1078 1041
f 1078 1137 1105
f 1045 1043 1042
f 1045 1046 1043
f 1046 1044 1043
f 1047 1051 1044
f 1046 1047 1044
f 1048 1046 1045
f 1049 1047 1046
f 1050 1053 1047
f 1048 1049 1046
f 1049 1050 1047
f 1053 1052 1051
f 1047 1053 1051
f 1053 1054 1052
f 1054 1067 1052
f 1070 1067 1054
f 1055 1054 1053
f 1056 1070 1054
f 1050 1055 1053
f 1055 1056 1054
f 1056 1073 1070
f 1057 1049 1048
f 1057 1058 1049
f 1062 1058 1057
f 1058 1050 1049
f 1059 1055 1050
f 1058 1059 1050
f 1063 1059 1058
f 1064 1060 1059
f 1060 1056 1055
f 1059 1060 1055
f 1060 1061 1056
f 1065 1061 1060
f 1061 1073 1056
f 1082 1073 1061
f 1066 1082 1061
f 1062 1063 1058
f 1182 1063 1062
f 1182 1183 1063
f 1063 1064 1059
f 1183 1064 1063
f 1184 1065 1064
f 1183 1184 1064
f 1064 1065 1060
f 1065 1066 1061
f 1188 1066 1065
f 1184 1188 1065
f 1188 1189 1066
f 1066 1087 1082
f 1189 1087 1066
f 1192 1087 1189
f 1070 1068 1067
f 1070 1071 1068
f 1071 1069 1068
f 1072 1076 1069
f 1071 1072 1069
f 1073 1071 1070
f 1074 1072 1071
f 1073 1074 1071
f 1075 1077 1072
f 1074 1075 1072
f 1077 1078 1076
f 1072 1077 1076
f 1079 1137 1078
f 1077 1079 1078
f 1139 1137 1079
f 1080 1079 1077
f 1075 1080 1077
f 1081 1139 1079
f 1080 1081 1079
f 1143 1139 1081
f 1082 1074 1073
f 1082 1083 1074
f 1087 1083 1082
f 1083 1075 1074
f 1084 1080 1075
f 1083 1084 1075
f 1088 1084 1083
f 1089 1085 1084
f 1085 1081 1080
f 1084 1085 1080
f 1090 1086 1085
f 1086 1143 1081
f 1085 1086 1081
f 1152 1143 1086
f 1091 1152 1086
f 1087 1088 1083
f 1192 1088 1087
f 1192 1193 1088
f 1088 1089 1084
f 1193 1089 1088
f 1193 1194 1089
f 1194 1090 1089
f 1089 1090 1085
f 1194 1198 1090
f 1198 1091 1090
f 1090 1091 1086
f 1091 1157 1152
f 1198 1199 1091
f 1199 1157 1091
f 1252 1157 1199
f 501 1005 1002
f 501 1012 1005
f 501 1015 1012
f 501 1042 1015
f 501 1045 1042
f 501 1048 1045
f 501 1057 1048
f 501 1062 1057
f 1182 1062 501
f 1185 1182 501
f 1202 1185 501
f 1092 1093 293
f 1095 1093 1092
f 1093 1094 297
f 1096 1094 1093
f 1097 1098 1094
f 1095 1096 1093
f 1102 1096 1095
f 1102 1103 1096
f 1096 1097 1094
f 1103 1097 1096
f 1103 1104 1097
f 1104 1100 1097
f 1094 1098 302
f 1100 1099 1098
f 1101 1114 1099
f 1097 1100 1098
f 1108 1100 1104
f 1108 1101 1100
f 1100 1101 1099
f 1114 1101 1112
f 1108 1109 1101
f 1101 1109 1112
f 1109 1122 1112
f 1098 1099 303
f 1114 316 1099
f 1105 1103 1102
f 1105 1106 1103
f 1106 1104 1103
f 1106 1107 1104
f 1107 1108 1104
f 1137 1106 1105
f 1137 1138 1106
f 1138 1107 1106
f 1140 1110 1107
f 1138 1140 1107
f 1107 1110 1108
f 1110 1109 1108
f 1110 1111 1109
f 1111 1122 1109
f 1125 1122 1111
f 1146 1111 1110
f 1140 1146 1110
f 1147 1125 1111
f 1146 1147 1111
f 1147 1127 1125
f 1113 1115 1112
f 1122 1113 1112
f 1122 1123 1113
f 1123 1117 1113
f 1123 1124 1117
f 1114 1115 317
f 1115 1114 1112
f 1115 1116 318
f 1116 1115 1113
f 1117 1116 1113
f 1116 1118 322
f 1117 1118 1116
f 1120 1119 1118
f 1118 1119 323
f 1482 695 1119
f 1121 1482 1119
f 1120 1118 1117
f 1124 1120 1117
f 1124 1131 1120
f 1131 1121 1120
f 1120 1121 1119
f 1485 1482 1121
f 1131 1132 1121
f 1132 1485 1121
f 1492 1485 1132
f 1125 1123 1122
f 1125 1126 1123
f 1126 1124 1123
f 1126 1128 1124
f 1127 1126 1125
f 1127 1129 1126
f 1129 1128 1126
f 1129 1130 1128
f 1128 1131 1124
f 1133 1132 1131
f 1128 1133 1131
f 1135 1492 1132
f 1133 1135 1132
f 1496 1492 1135
f 1130 1133 1128
f 1134 1135 1133
f 1130 1134 1133
f 1136 1496 1135
f 1134 1136 1135
f 1497 1496 1136
f 1139 1138 1137
f 1139 1141 1138
f 1141 1140 1138
f 1142 1146 1140
f 1141 1142 1140
f 1143 1141 1139
f 1143 1144 1141
f 1144 1142 1141
f 1145 1148 1142
f 1144 1145 1142
f 1148 1147 1146
f 1142 1148 1146
f 1149 1127 1147
f 1148 1149 1147
f 1162 1127 1149
f 1145 1150 1148
f 1150 1149 1148
f 1150 1151 1149
f 1151 1162 1149
f 1151 1165 1162
f 1152 1144 1143
f 1152 1153 1144
f 1153 1145 1144
f 1153 1154 1145
f 1154 1150 1145
f 1154 1155 1150
f 1155 1151 1150
f 1155 1156 1151
f 1156 1165 1151
f 1172 1165 1156
f 1157 1153 1152
f 1153 1158 1154
f 1159 1155 1154
f 1157 1158 1153
f 1252 1158 1157
f 1252 1253 1158
f 1158 1159 1154
f 1253 1159 1158
f 1253 1256 1159
f 1256 1160 1159
f 1160 1156 1155
f 1161 1172 1156
f 1159 1160 1155
f 1256 1258 1160
f 1258 1161 1160
f 1160 1161 1156
f 1161 1175 1172
f 1258 1260 1161
f 1260 1175 1161
f 1262 1175 1260
f 1162 1129 1127
f 1162 1163 1129
f 1163 1130 1129
f 1163 1164 1130
f 1165 1163 1162
f 1165 1166 1163
f 1166 1164 1163
f 1166 1167 1164
f 1173 1167 1166
f 1164 1134 1130
f 1168 1136 1134
f 1164 1168 1134
f 1169 1497 1136
f 1532 1497 1169
f 1168 1169 1136
f 1167 1168 1164
f 1170 1169 1168
f 1167 1170 1168
f 1174 1170 1167
f 1170 1178 1171
f 1170 1171 1169
f 1171 1532 1169
f 1535 1532 1171
f 1179 1535 1171
f 1172 1166 1165
f 1172 1173 1166
f 1173 1174 1167
f 1174 1178 1170
f 1178 1179 1171
f 1175 1173 1172
f 1176 1174 1173
f 1175 1176 1173
f 1262 1176 1175
f 1262 1263 1176
f 1176 1177 1174
f 1263 1177 1176
f 1263 1266 1177
f 1177 1178 1174
f 1180 1179 1178
f 1542 1535 1179
f 1181 1542 1179
f 1181 1545 1542
f 1177 1180 1178
f 1266 1180 1177
f 1268 1180 1266
f 1268 1181 1180
f 1180 1181 1179
f 1268 1270 1181
f 1270 1545 1181
f 1548 1545 1270
f 1185 1183 1182
f 1185 1186 1183
f 1186 1184 1183
f 1187 1188 1184
f 1186 1187 1184
f 1202 1186 1185
f 1203 1187 1186
f 1204 1190 1187
f 1190 1189 1188
f 1190 1188 1187
f 1190 1191 1189
f 1191 1192 1189
f 1195 1192 1191
f 1205 1191 1190
f 1206 1195 1191
f 1195 1193 1192
f 1195 1196 1193
f 1196 1194 1193
f 1197 1198 1194
f 1196 1197 1194
f 1227 1196 1195
f 1228 1197 1196
f 1229 1200 1197
f 1200 1199 1198
f 1200 1198 1197
f 1201 1252 1199
f 1200 1201 1199
f 1254 1252 1201
f 1230 1201 1200
f 1231 1254 1201
f 1202 1203 1186
f 1207 1203 1202
f 1207 1208 1203
f 1203 1204 1187
f 1208 1204 1203
f 1208 1211 1204
f 1211 1205 1204
f 1204 1205 1190
f 1205 1206 1191
f 1211 1213 1205
f 1213 1206 1205
f 1213 1215 1206
f 1206 1227 1195
f 1215 1227 1206
f 1232 1227 1215
f 1209 1208 1207
f 1209 1210 1208
f 1210 1211 1208
f 1212 1213 1211
f 1210 1212 1211
f 1214 1215 1213
f 1214 1213 1212
f 1214 1216 1215
f 1216 1232 1215
f 1234 1232 1216
f 1219 1214 1212
f 1217 1210 1209
f 1217 1218 1210
f 1220 1218 1217
f 1218 1212 1210
f 1218 1219 1212
f 1221 1219 1218
f 1222 1223 1219
f 1220 1221 1218
f 1221 1222 1219
f 1223 1216 1214
f 1224 1234 1216
f 1219 1223 1214
f 1223 1224 1216
f 1225 1224 1223
f 1224 1242 1234
f 1226 1242 1224
f 1222 1225 1223
f 1225 1226 1224
f 1245 1242 1226
f 1227 1228 1196
f 1232 1228 1227
f 1232 1233 1228
f 1228 1229 1197
f 1233 1229 1228
f 1233 1236 1229
f 1236 1230 1229
f 1229 1230 1200
f 1236 1238 1230
f 1238 1231 1230
f 1230 1231 1201
f 1273 1254 1231
f 1238 1240 1231
f 1240 1273 1231
f 1277 1273 1240
f 1234 1233 1232
f 1234 1235 1233
f 1235 1236 1233
f 1237 1238 1236
f 1235 1237 1236
f 1239 1240 1238
f 1239 1238 1237
f 1241 1277 1240
f 1239 1241 1240
f 1279 1277 1241
f 1242 1235 1234
f 1243 1237 1235
f 1244 1239 1237
f 1242 1243 1235
f 1245 1243 1242
f 1243 1244 1237
f 1247 1248 1244
f 1246 1244 1243
f 1245 1246 1243
f 1246 1247 1244
f 1248 1241 1239
f 1249 1279 1241
f 1244 1248 1239
f 1250 1249 1248
f 1248 1249 1241
f 1249 1287 1279
f 1251 1287 1249
f 1250 1248 1247
f 1250 1251 1249
f 1290 1287 1251
f 1349 1290 1251
f 1322 1221 1220
f 1323 1222 1221
f 1324 1225 1222
f 1328 1226 1225
f 1329 1245 1226
f 1342 1246 1245
f 1343 1247 1246
f 1344 1250 1247
f 1348 1251 1250
f 1254 1253 1252
f 1254 1255 1253
f 1255 1256 1253
f 1257 1258 1256
f 1255 1257 1256
f 1273 1255 1254
f 1272 1257 1255
f 1274 1259 1257
f 1259 1260 1258
f 1259 1258 1257
f 1261 1262 1260
f 1259 1261 1260
f 1264 1262 1261
f 1275 1261 1259
f 1276 1264 1261
f 1264 1263 1262
f 1297 1265 1264
f 1264 1265 1263
f 1263 1265 1266
f 1265 1267 1266
f 1267 1268 1266
f 1269 1270 1268
f 1267 1269 1268
f 1271 1548 1270
f 1269 1271 1270
f 1682 1548 1271
f 1273 1272 1255
f 1277 1272 1273
f 1277 1278 1272
f 1272 1274 1257
f 1278 1274 1272
f 1278 1281 1274
f 1281 1275 1274
f 1274 1275 1259
f 1281 1283 1275
f 1283 1276 1275
f 1275 1276 1261
f 1276 1297 1264
f 1283 1285 1276
f 1285 1297 1276
f 1304 1297 1285
f 1279 1278 1277
f 1279 1280 1278
f 1280 1281 1278
f 1282 1283 1281
f 1280 1282 1281
f 1284 1285 1283
f 1284 1283 1282
f 1286 1304 1285
f 1284 1286 1285
f 1306 1304 1286
f 1279 1287 1280
f 1288 1282 1280
f 1289 1284 1282
f 1287 1288 1280
f 1288 1289 1282
f 1290 1288 1287
f 1290 1291 1288
f 1402 1291 1290
f 1291 1289 1288
f 1292 1293 1289
f 1291 1292 1289
f 1403 1292 1291
f 1404 1295 1292
f 1293 1286 1284
f 1294 1306 1286
f 1289 1293 1284
f 1293 1294 1286
f 1294 1310 1306
f 1295 1294 1293
f 1295 1293 1292
f 1408 1296 1295
f 1296 1310 1294
f 1295 1296 1294
f 1313 1310 1296
f 1409 1313 1296
f 1298 1267 1265
f 1297 1298 1265
f 1304 1298 1297
f 1304 1305 1298
f 1298 1299 1267
f 1305 1299 1298
f 1305 1308 1299
f 1299 1269 1267
f 1300 1271 1269
f 1301 1682 1271
f 1299 1300 1269
f 1308 1300 1299
f 1308 1302 1300
f 1302 1301 1300
f 1300 1301 1271
f 1687 1682 1301
f 1303 1687 1301
f 1302 1303 1301
f 1690 1687 1303
f 1306 1305 1304
f 1306 1307 1305
f 1307 1308 1305
f 1307 1309 1308
f 1309 1302 1308
f 1309 1316 1302
f 1302 1316 1303
f 1316 1317 1303
f 1317 1690 1303
f 1697 1690 1317
f 1310 1307 1306
f 1310 1311 1307
f 1311 1309 1307
f 1311 1312 1309
f 1313 1311 1310
f 1313 1314 1311
f 1422 1314 1313
f 1314 1312 1311
f 1314 1315 1312
f 1423 1315 1314
f 1312 1316 1309
f 1318 1317 1316
f 1312 1318 1316
f 1319 1697 1317
f 1318 1319 1317
f 1700 1697 1319
f 1315 1318 1312
f 1320 1318 1315
f 1320 1319 1318
f 1424 1320 1315
f 1428 1321 1320
f 1320 1321 1319
f 1321 1700 1319
f 1703 1700 1321
f 1429 1703 1321
f 1207 1202 501
f 1209 1207 501
f 1217 1209 501
f 1220 1217 501
f 1322 1220 501
f 1326 1322 501
f 1333 1326 501
f 1322 1323 1221
f 1326 1323 1322
f 1326 1327 1323
f 1323 1324 1222
f 1327 1324 1323
f 1327 1325 1324
f 1325 1328 1324
f 1333 1327 1326
f 1333 1332 1327
f 1332 1325 1327
f 1332 1334 1325
f 1334 1330 1325
f 1324 1328 1225
f 1328 1329 1226
f 1325 1330 1328
f 1330 1329 1328
f 1330 1331 1329
f 1329 1342 1245
f 1331 1342 1329
f 1331 1345 1342
f 1334 1338 1330
f 1338 1331 1330
f 1338 1339 1331
f 1339 1345 1331
f 1352 1345 1339
f 1335 1332 1333
f 1335 1336 1332
f 1336 1334 1332
f 1336 1337 1334
f 1337 1338 1334
f 1364 1340 1337
f 1337 1340 1338
f 1340 1339 1338
f 1340 1341 1339
f 1341 1352 1339
f 1355 1352 1341
f 1340 1368 1341
f 1369 1355 1341
f 1362 1336 1335
f 1362 1363 1336
f 1363 1337 1336
f 1363 1364 1337
f 1364 1368 1340
f 1368 1369 1341
f 1369 1382 1355
f 1342 1343 1246
f 1345 1343 1342
f 1345 1346 1343
f 1343 1344 1247
f 1343 1346 1344
f 1346 1347 1344
f 1347 1348 1344
f 1352 1346 1345
f 1352 1353 1346
f 1353 1347 1346
f 1353 1354 1347
f 1347 1354 1350
f 1344 1348 1250
f 1350 1349 1348
f 1348 1349 1251
f 1349 1402 1290
f 1351 1402 1349
f 1347 1350 1348
f 1358 1351 1350
f 1350 1351 1349
f 1405 1402 1351
f 1359 1405 1351
f 1354 1358 1350
f 1358 1359 1351
f 1412 1405 1359
f 1355 1353 1352
f 1355 1356 1353
f 1353 1356 1354
f 1357 1358 1354
f 1356 1357 1354
f 1382 1356 1355
f 1383 1357 1356
f 1383 1384 1357
f 1384 1360 1357
f 1360 1359 1358
f 1360 1358 1357
f 1361 1412 1359
f 1360 1361 1359
f 1415 1412 1361
f 1384 1388 1360
f 1388 1361 1360
f 1388 1389 1361
f 1389 1415 1361
f 1442 1415 1389
f 1382 1383 1356
f 1335 1333 501
f 1362 1335 501
f 1365 1362 501
f 1372 1365 501
f 1375 1372 501
f 1365 1363 1362
f 1365 1366 1363
f 1366 1364 1363
f 1366 1367 1364
f 1367 1368 1364
f 1372 1366 1365
f 1373 1367 1366
f 1374 1370 1367
f 1370 1368 1367
f 1370 1369 1368
f 1370 1371 1369
f 1371 1382 1369
f 1385 1382 1371
f 1378 1371 1370
f 1379 1385 1371
f 1372 1373 1366
f 1375 1373 1372
f 1373 1374 1367
f 1376 1374 1373
f 1377 1378 1374
f 1375 1376 1373
f 2922 1376 1375
f 1376 1377 1374
f 2923 1377 1376
f 2924 1380 1377
f 1374 1378 1370
f 1378 1379 1371
f 1380 1379 1378
f 1392 1385 1379
f 1381 1392 1379
f 1380 1378 1377
f 1380 1381 1379
f 2928 1381 1380
f 1395 1392 1381
f 2929 1395 1381
f 1385 1383 1382
f 1385 1386 1383
f 1386 1384 1383
f 1386 1387 1384
f 1387 1388 1384
f 1392 1386 1385
f 1393 1387 1386
f 1394 1390 1387
f 1390 1388 1387
f 1390 1389 1388
f 1390 1391 1389
f 1391 1442 1389
f 1447 1442 1391
f 1390 1398 1391
f 1399 1447 1391
f 1392 1393 1386
f 1395 1393 1392
f 1393 1394 1387
f 1396 1394 1393
f 1397 1398 1394
f 1395 1396 1393
f 2942 1396 1395
f 1396 1397 1394
f 2943 1397 1396
f 2944 1400 1397
f 1394 1398 1390
f 1400 1399 1398
f 1398 1399 1391
f 1452 1447 1399
f 1401 1452 1399
f 1400 1398 1397
f 2948 1401 1400
f 1400 1401 1399
f 1455 1452 1401
f 2949 1455 1401
f 1423 1424 1315
f 1424 1428 1320
f 1428 1429 1321
f 1805 1703 1429
f 1402 1403 1291
f 1405 1403 1402
f 1403 1404 1292
f 1406 1404 1403
f 1407 1408 1404
f 1405 1406 1403
f 1412 1406 1405
f 1406 1407 1404
f 1413 1407 1406
f 1414 1410 1407
f 1412 1413 1406
f 1413 1414 1407
f 1404 1408 1295
f 1410 1409 1408
f 1408 1409 1296
f 1409 1422 1313
f 1411 1422 1409
f 1410 1408 1407
f 1418 1411 1410
f 1410 1411 1409
f 1425 1422 1411
f 1419 1425 1411
f 1415 1413 1412
f 1415 1416 1413
f 1416 1414 1413
f 1416 1417 1414
f 1417 1418 1414
f 1442 1416 1415
f 1442 1443 1416
f 1443 1417 1416
f 1443 1444 1417
f 1444 1420 1417
f 1418 1419 1411
f 1419 1432 1425
f 1414 1418 1410
f 1420 1418 1417
f 1420 1419 1418
f 1420 1421 1419
f 1421 1432 1419
f 1435 1432 1421
f 1444 1445 1420
f 1445 1421 1420
f 1445 1446 1421
f 1446 1435 1421
f 1446 1462 1435
f 1422 1423 1314
f 1425 1423 1422
f 1426 1424 1423
f 1425 1426 1423
f 1425 1432 1426
f 1426 1427 1424
f 1433 1427 1426
f 1427 1428 1424
f 1430 1429 1428
f 1431 1805 1429
f 1430 1428 1427
f 1434 1430 1427
f 1438 1431 1430
f 1430 1431 1429
f 1807 1805 1431
f 1439 1807 1431
f 1432 1433 1426
f 1433 1434 1427
f 1435 1433 1432
f 1435 1436 1433
f 1436 1434 1433
f 1462 1436 1435
f 1462 1463 1436
f 1436 1437 1434
f 1463 1437 1436
f 1463 1464 1437
f 1434 1438 1430
f 1438 1439 1431
f 1812 1807 1439
f 1437 1438 1434
f 1440 1439 1438
f 1441 1812 1439
f 1440 1438 1437
f 1464 1440 1437
f 1440 1465 1441
f 1464 1465 1440
f 1440 1441 1439
f 1815 1812 1441
f 1466 1815 1441
f 1449 1445 1444
f 1450 1446 1445
f 1451 1462 1446
f 1447 1443 1442
f 1447 1448 1443
f 1448 1444 1443
f 1448 1449 1444
f 1452 1448 1447
f 1453 1449 1448
f 1454 1450 1449
f 1450 1445 1449
f 1450 1451 1446
f 1469 1462 1451
f 1458 1451 1450
f 1459 1469 1451
f 1452 1453 1448
f 1455 1453 1452
f 1453 1454 1449
f 1456 1454 1453
f 1457 1458 1454
f 1455 1456 1453
f 3002 1456 1455
f 1456 1457 1454
f 3003 1457 1456
f 3004 1460 1457
f 1454 1458 1450
f 1460 1459 1458
f 1458 1459 1451
f 1472 1469 1459
f 1461 1472 1459
f 1460 1458 1457
f 3008 1461 1460
f 1460 1461 1459
f 1475 1472 1461
f 3009 1475 1461
f 1469 1463 1462
f 1469 1470 1463
f 1470 1464 1463
f 1470 1471 1464
f 1471 1465 1464
f 1467 1466 1465
f 1465 1466 1441
f 1837 1815 1466
f 1468 1837 1466
f 1471 1467 1465
f 1467 1468 1466
f 1840 1837 1468
f 1479 1840 1468
f 1469 1472 1470
f 1473 1471 1470
f 1474 1467 1471
f 1478 1468 1467
f 1472 1473 1470
f 1475 1473 1472
f 1473 1474 1471
f 1476 1474 1473
f 1475 1476 1473
f 3022 1476 1475
f 1476 1477 1474
f 3023 1477 1476
f 1474 1478 1467
f 1477 1478 1474
f 1480 1479 1478
f 1478 1479 1468
f 1849 1840 1479
f 1481 1849 1479
f 1480 1478 1477
f 3024 1480 1477
f 3028 1481 1480
f 1480 1481 1479
f 1852 1849 1481
f 3029 1852 1481
f 1485 1483 1482
f 1485 1486 1483
f 1482 1483 696
f 1486 1484 1483
f 1486 1487 1484
f 1483 1484 697
f 1492 1486 1485
f 1492 1493 1486
f 1493 1487 1486
f 1493 1494 1487
f 1490 1488 1487
f 1484 1488 699
f 1487 1488 1484
f 1490 1489 1488
f 1488 1489 700
f 1507 717 1489
f 1490 1491 1489
f 1491 1507 1489
f 1510 1507 1491
f 1494 1490 1487
f 1494 1501 1490
f 1501 1491 1490
f 1501 1503 1491
f 1503 1510 1491
f 1503 1516 1510
f 1496 1493 1492
f 1496 1498 1493
f 1498 1494 1493
f 1498 1495 1494
f 1497 1498 1496
f 1497 1499 1498
f 1499 1495 1498
f 1499 1500 1495
f 1495 1501 1494
f 1502 1503 1501
f 1495 1502 1501
f 1504 1516 1503
f 1502 1504 1503
f 1517 1516 1504
f 1500 1502 1495
f 1505 1504 1502
f 1500 1505 1502
f 1506 1517 1504
f 1505 1506 1504
f 1506 1522 1517
f 1507 1508 718
f 1510 1508 1507
f 1510 1511 1508
f 1509 735 1508
f 1511 1509 1508
f 1511 1512 1509
f 1516 1511 1510
f 1516 1518 1511
f 1518 1512 1511
f 1518 1519 1512
f 1513 740 1509
f 1512 1513 1509
f 1514 1513 1512
f 1514 1531 1513
f 1515 1531 1514
f 1588 1531 1515
f 1519 1514 1512
f 1525 1515 1514
f 1519 1525 1514
f 1527 1582 1515
f 1525 1527 1515
f 1517 1518 1516
f 1517 1520 1518
f 1520 1519 1518
f 1520 1521 1519
f 1522 1520 1517
f 1522 1523 1520
f 1523 1521 1520
f 1523 1524 1521
f 1521 1525 1519
f 1526 1527 1525
f 1521 1526 1525
f 1528 1583 1527
f 1526 1528 1527
f 1524 1526 1521
f 1524 1529 1526
f 1529 1528 1526
f 1529 1530 1528
f 1530 1584 1528
f 1564 1587 1530
f 1531 741 1513
f 1532 1499 1497
f 1532 1533 1499
f 1533 1500 1499
f 1533 1534 1500
f 1535 1533 1532
f 1535 1536 1533
f 1542 1536 1535
f 1536 1534 1533
f 1536 1537 1534
f 1543 1537 1536
f 1534 1505 1500
f 1534 1538 1505
f 1538 1506 1505
f 1538 1540 1539
f 1538 1539 1506
f 1539 1522 1506
f 1557 1522 1539
f 1541 1557 1539
f 1537 1538 1534
f 1537 1540 1538
f 1540 1541 1539
f 1541 1561 1557
f 1544 1540 1537
f 1551 1541 1540
f 1552 1561 1541
f 1542 1543 1536
f 1545 1543 1542
f 1545 1546 1543
f 1543 1544 1537
f 1546 1544 1543
f 1546 1547 1544
f 1548 1546 1545
f 1549 1547 1546
f 1548 1549 1546
f 1549 1550 1547
f 1544 1551 1540
f 1547 1551 1544
f 1553 1552 1551
f 1547 1553 1551
f 1551 1552 1541
f 1567 1561 1552
f 1553 1554 1552
f 1554 1567 1552
f 1554 1570 1567
f 1550 1553 1547
f 1555 1554 1553
f 1555 1553 1550
f 1556 1570 1554
f 1555 1556 1554
f 1573 1570 1556
f 1557 1523 1522
f 1557 1558 1523
f 1561 1558 1557
f 1558 1524 1523
f 1558 1559 1524
f 1562 1559 1558
f 1559 1529 1524
f 1559 1560 1529
f 1529 1560 1530
f 1560 1564 1530
f 1561 1562 1558
f 1567 1562 1561
f 1562 1563 1559
f 1568 1563 1562
f 1563 1560 1559
f 1565 1564 1560
f 1566 1632 1564
f 1563 1565 1560
f 1569 1565 1563
f 1569 1576 1565
f 1576 1566 1565
f 1565 1566 1564
f 1577 1635 1566
f 1576 1577 1566
f 1567 1568 1562
f 1570 1568 1567
f 1570 1571 1568
f 1568 1569 1563
f 1571 1569 1568
f 1571 1572 1569
f 1570 1573 1571
f 1573 1574 1571
f 1574 1572 1571
f 1574 1575 1572
f 1578 1577 1576
f 1572 1576 1569
f 1578 1576 1572
f 1580 1642 1577
f 1578 1580 1577
f 1575 1578 1572
f 1579 1580 1578
f 1575 1579 1578
f 1581 1645 1580
f 1579 1581 1580
f 1722 1648 1581
f 1582 1588 1515
f 1583 1591 1582
f 1583 1582 1527
f 1583 1585 1591
f 1584 1585 1583
f 1584 1583 1528
f 1584 1586 1585
f 1530 1587 1584
f 1587 1586 1584
f 1588 808 1531
f 1588 1589 809
f 1589 1588 1582
f 1591 1589 1582
f 1589 1590 810
f 1591 1590 1589
f 1591 1592 1590
f 1585 1592 1591
f 1585 1593 1592
f 1590 1594 815
f 1592 1594 1590
f 1596 1594 1592
f 1594 1595 816
f 1596 1595 1594
f 1596 1598 1595
f 1598 1607 1595
f 1593 1596 1592
f 1593 1597 1596
f 1597 1598 1596
f 1599 1610 1598
f 1597 1599 1598
f 1586 1593 1585
f 1600 1593 1586
f 1587 1601 1586
f 1632 1601 1587
f 1601 1600 1586
f 1601 1602 1600
f 1634 1602 1601
f 1600 1597 1593
f 1600 1603 1597
f 1603 1599 1597
f 1604 1611 1599
f 1603 1604 1599
f 1602 1603 1600
f 1602 1605 1603
f 1633 1605 1602
f 1605 1604 1603
f 1605 1606 1604
f 1606 1622 1604
f 1638 1606 1605
f 1639 1625 1606
f 1607 833 1595
f 1607 1608 834
f 1610 1607 1598
f 1610 1608 1607
f 1610 1612 1608
f 1608 1609 835
f 1612 1609 1608
f 1612 1613 1609
f 1611 1612 1610
f 1599 1611 1610
f 1611 1614 1612
f 1614 1613 1612
f 1614 1615 1613
f 1609 1616 840
f 1613 1616 1609
f 1618 1616 1613
f 1618 1617 1616
f 1618 1620 1617
f 1616 1617 841
f 1620 4843 1617
f 1615 1618 1613
f 1615 1619 1618
f 1619 1620 1618
f 1619 1621 1620
f 1621 4845 1620
f 1622 1614 1611
f 1622 1623 1614
f 1622 1611 1604
f 1623 1615 1614
f 1623 1624 1615
f 1606 1625 1622
f 1625 1623 1622
f 1625 1626 1623
f 1657 1626 1625
f 1626 1624 1623
f 1626 1627 1624
f 1658 1627 1626
f 1624 1619 1615
f 1624 1628 1619
f 1628 1621 1619
f 1628 1629 1621
f 1629 4846 1621
f 1630 1629 1628
f 1631 4858 1629
f 1627 1628 1624
f 1627 1630 1628
f 1659 1630 1627
f 1630 1631 1629
f 1664 1631 1630
f 1665 4860 1631
f 1632 1587 1564
f 1632 1634 1601
f 1635 1634 1632
f 1634 1633 1602
f 1636 1633 1634
f 1635 1632 1566
f 1635 1636 1634
f 1642 1636 1635
f 1642 1635 1577
f 1642 1643 1636
f 1636 1637 1633
f 1643 1637 1636
f 1643 1644 1637
f 1633 1638 1605
f 1637 1638 1633
f 1638 1639 1606
f 1640 1639 1638
f 1641 1657 1639
f 1640 1641 1639
f 1637 1640 1638
f 1644 1640 1637
f 1651 1640 1644
f 1651 1641 1640
f 1651 1652 1641
f 1652 1660 1641
f 1645 1643 1642
f 1645 1642 1580
f 1643 1646 1644
f 1645 1646 1643
f 1646 1647 1644
f 1581 1648 1645
f 1648 1646 1645
f 1648 1649 1646
f 1742 1649 1648
f 1649 1647 1646
f 1649 1650 1647
f 1743 1650 1649
f 1647 1651 1644
f 1647 1653 1651
f 1653 1652 1651
f 1654 1670 1652
f 1653 1654 1652
f 1650 1653 1647
f 1650 1655 1653
f 1744 1655 1650
f 1655 1654 1653
f 1656 1671 1654
f 1655 1656 1654
f 1751 1656 1655
f 1753 1675 1656
f 1657 1625 1639
f 1657 1658 1626
f 1641 1660 1657
f 1660 1658 1657
f 1660 1661 1658
f 1658 1659 1627
f 1661 1659 1658
f 1661 1662 1659
f 1670 1661 1660
f 1670 1660 1652
f 1670 1672 1661
f 1661 1672 1662
f 1672 1663 1662
f 1659 1664 1630
f 1662 1664 1659
f 1666 1664 1662
f 1664 1665 1631
f 1666 1665 1664
f 1666 1667 1665
f 1667 4893 1665
f 1663 1666 1662
f 1668 1667 1666
f 1663 1668 1666
f 1669 4895 1667
f 1668 1669 1667
f 1671 1672 1670
f 1671 1670 1654
f 1671 1673 1672
f 1673 1663 1672
f 1673 1674 1663
f 1656 1675 1671
f 1675 1673 1671
f 1675 1677 1673
f 1677 1674 1673
f 1677 1676 1674
f 1674 1668 1663
f 1674 1678 1668
f 1676 1678 1674
f 1678 1669 1668
f 1678 1679 1669
f 1679 4896 1669
f 1680 1679 1678
f 1681 4908 1679
f 1676 1680 1678
f 1680 1681 1679
f 1772 1677 1675
f 1773 1676 1677
f 1773 1774 1676
f 1774 1680 1676
f 1774 1781 1680
f 1781 1681 1680
f 1781 1782 1681
f 1782 4930 1681
f 1682 1549 1548
f 1682 1683 1549
f 1683 1550 1549
f 1683 1684 1550
f 1684 1555 1550
f 1684 1685 1555
f 1685 1556 1555
f 1685 1686 1556
f 1686 1573 1556
f 1712 1573 1686
f 1712 1574 1573
f 1712 1713 1574
f 1574 1713 1575
f 1713 1714 1575
f 1714 1579 1575
f 1714 1721 1579
f 1721 1581 1579
f 1721 1722 1581
f 1687 1683 1682
f 1688 1684 1683
f 1687 1688 1683
f 1690 1688 1687
f 1688 1689 1684
f 1691 1689 1688
f 1690 1691 1688
f 1691 1692 1689
f 1689 1685 1684
f 1693 1686 1685
f 1694 1712 1686
f 1689 1693 1685
f 1692 1693 1689
f 1695 1694 1693
f 1693 1694 1686
f 1694 1715 1712
f 1696 1715 1694
f 1695 1693 1692
f 1695 1696 1694
f 1718 1715 1696
f 1697 1691 1690
f 1697 1699 1691
f 1699 1692 1691
f 1699 1698 1692
f 1698 1695 1692
f 1698 1706 1695
f 1706 1696 1695
f 1706 1708 1696
f 1708 1718 1696
f 1727 1718 1708
f 1700 1699 1697
f 1700 1701 1699
f 1701 1698 1699
f 1701 1702 1698
f 1703 1701 1700
f 1703 1704 1701
f 1704 1702 1701
f 1704 1705 1702
f 1702 1706 1698
f 1707 1708 1706
f 1702 1707 1706
f 1709 1727 1708
f 1707 1709 1708
f 1709 1728 1727
f 1705 1707 1702
f 1710 1707 1705
f 1710 1709 1707
f 1709 1711 1728
f 1710 1711 1709
f 1711 1733 1728
f 1712 1715 1713
f 1715 1716 1713
f 1716 1714 1713
f 1716 1717 1714
f 1718 1716 1715
f 1719 1717 1716
f 1718 1719 1716
f 1719 1720 1717
f 1729 1720 1719
f 1717 1721 1714
f 1723 1722 1721
f 1717 1723 1721
f 1724 1742 1722
f 1723 1724 1722
f 1720 1723 1717
f 1725 1724 1723
f 1725 1723 1720
f 1730 1725 1720
f 1736 1726 1725
f 1726 1745 1724
f 1725 1726 1724
f 1737 1748 1726
f 1727 1719 1718
f 1727 1729 1719
f 1729 1730 1720
f 1730 1736 1725
f 1728 1729 1727
f 1728 1731 1729
f 1731 1730 1729
f 1731 1732 1730
f 1733 1731 1728
f 1733 1734 1731
f 1734 1732 1731
f 1734 1735 1732
f 1732 1736 1730
f 1738 1737 1736
f 1738 1736 1732
f 1736 1737 1726
f 1739 1757 1737
f 1738 1739 1737
f 1741 1760 1739
f 1735 1738 1732
f 1740 1739 1738
f 1735 1740 1738
f 1740 1741 1739
f 1742 1648 1722
f 1742 1743 1649
f 1745 1743 1742
f 1745 1742 1724
f 1745 1746 1743
f 1743 1744 1650
f 1746 1744 1743
f 1746 1747 1744
f 1748 1746 1745
f 1748 1749 1746
f 1748 1745 1726
f 1757 1749 1748
f 1746 1749 1747
f 1749 1750 1747
f 1758 1750 1749
f 1744 1751 1655
f 1747 1751 1744
f 1752 1751 1747
f 1751 1753 1656
f 1752 1753 1751
f 1752 1754 1753
f 1754 1772 1753
f 1750 1752 1747
f 1750 1755 1752
f 1759 1755 1750
f 1755 1754 1752
f 1755 1756 1754
f 1756 1775 1754
f 1766 1756 1755
f 1767 1778 1756
f 1759 1766 1755
f 1766 1767 1756
f 1757 1748 1737
f 1757 1758 1749
f 1760 1758 1757
f 1760 1757 1739
f 1760 1761 1758
f 1758 1759 1750
f 1758 1761 1759
f 1761 1762 1759
f 1763 1761 1760
f 1764 1762 1761
f 1741 1763 1760
f 1763 1764 1761
f 1764 1765 1762
f 1762 1766 1759
f 1768 1766 1762
f 1768 1767 1766
f 1769 1788 1767
f 1768 1769 1767
f 1765 1768 1762
f 1770 1769 1768
f 1771 1791 1769
f 1765 1770 1768
f 1770 1771 1769
f 1753 1772 1675
f 1772 1773 1677
f 1775 1773 1772
f 1775 1772 1754
f 1775 1776 1773
f 1776 1774 1773
f 1776 1777 1774
f 1756 1778 1775
f 1778 1776 1775
f 1778 1780 1776
f 1788 1780 1778
f 1780 1777 1776
f 1780 1779 1777
f 1780 1789 1779
f 1777 1781 1774
f 1783 1781 1777
f 1783 1782 1781
f 1784 5060 1782
f 1783 1784 1782
f 1786 5062 1784
f 1779 1783 1777
f 1779 1785 1783
f 1785 1784 1783
f 1785 1786 1784
f 1788 1778 1767
f 1788 1789 1780
f 1789 1790 1779
f 1790 1785 1779
f 1790 1794 1785
f 1794 1786 1785
f 1794 1787 1786
f 1787 5064 1786
f 1791 1788 1769
f 1791 1789 1788
f 1791 1792 1789
f 1792 1790 1789
f 1792 1793 1790
f 1882 1792 1791
f 1771 1882 1791
f 1882 1884 1792
f 1884 1793 1792
f 1884 1885 1793
f 1793 1794 1790
f 1794 1795 1787
f 1796 5072 1787
f 1795 1794 1793
f 1885 1795 1793
f 1885 1892 1795
f 1795 1796 1787
f 1892 1796 1795
f 1892 1891 1796
f 1891 5080 1796
f 1805 1704 1703
f 1805 1806 1704
f 1806 1705 1704
f 1806 1797 1705
f 1797 1710 1705
f 1797 1798 1710
f 1798 1711 1710
f 1798 1799 1711
f 1799 1733 1711
f 1799 1800 1733
f 1733 1800 1734
f 1800 1801 1734
f 1801 1735 1734
f 1801 1802 1735
f 1823 1802 1801
f 1803 1741 1740
f 1802 1740 1735
f 1802 1803 1740
f 1804 1763 1741
f 1803 1804 1741
f 1824 1803 1802
f 1825 1804 1803
f 1826 1877 1804
f 1807 1806 1805
f 1808 1797 1806
f 1807 1808 1806
f 1812 1808 1807
f 1808 1809 1797
f 1813 1809 1808
f 1809 1798 1797
f 1810 1799 1798
f 1811 1800 1799
f 1810 1798 1809
f 1814 1810 1809
f 1810 1818 1811
f 1810 1811 1799
f 1822 1800 1811
f 1819 1822 1811
f 1812 1813 1808
f 1813 1814 1809
f 1816 1814 1813
f 1812 1815 1813
f 1815 1816 1813
f 1837 1816 1815
f 1816 1817 1814
f 1838 1817 1816
f 1814 1818 1810
f 1817 1818 1814
f 1820 1819 1818
f 1818 1819 1811
f 1827 1822 1819
f 1821 1827 1819
f 1821 1830 1827
f 1817 1820 1818
f 1839 1820 1817
f 1843 1821 1820
f 1820 1821 1819
f 1844 1830 1821
f 1822 1801 1800
f 1822 1823 1801
f 1827 1823 1822
f 1823 1824 1802
f 1828 1824 1823
f 1824 1825 1803
f 1829 1825 1824
f 1833 1826 1825
f 1825 1826 1804
f 1834 1897 1826
f 1827 1828 1823
f 1830 1828 1827
f 1828 1829 1824
f 1831 1829 1828
f 1830 1831 1828
f 1831 1832 1829
f 1857 1831 1830
f 1858 1832 1831
f 1829 1833 1825
f 1832 1833 1829
f 1835 1834 1833
f 1833 1834 1826
f 1836 1902 1834
f 1832 1835 1833
f 1835 1836 1834
f 1859 1835 1832
f 1863 1836 1835
f 1864 1905 1836
f 1837 1838 1816
f 1840 1838 1837
f 1838 1839 1817
f 1841 1839 1838
f 1840 1841 1838
f 1849 1841 1840
f 1841 1842 1839
f 1841 1850 1842
f 1839 1843 1820
f 1842 1843 1839
f 1845 1844 1843
f 1843 1844 1821
f 1844 1857 1830
f 1846 1857 1844
f 1845 1843 1842
f 1851 1845 1842
f 1847 1846 1845
f 1845 1846 1844
f 1860 1857 1846
f 1848 1860 1846
f 1849 1850 1841
f 1850 1851 1842
f 1851 1847 1845
f 1855 1848 1847
f 1847 1848 1846
f 1867 1860 1848
f 1856 1867 1848
f 1876 1867 1856
f 1852 1850 1849
f 1853 1851 1850
f 1852 1853 1850
f 3382 1853 1852
f 1853 1854 1851
f 3383 1854 1853
f 1854 1847 1851
f 1855 1847 1854
f 3384 1855 1854
f 3388 1856 1855
f 1855 1856 1848
f 3389 1876 1856
f 1857 1858 1831
f 1860 1858 1857
f 1858 1859 1832
f 1858 1861 1859
f 1860 1861 1858
f 1867 1861 1860
f 1861 1862 1859
f 1861 1868 1862
f 1859 1863 1835
f 1862 1863 1859
f 1865 1864 1863
f 1863 1864 1836
f 1866 1922 1864
f 1865 1863 1862
f 1869 1865 1862
f 1872 1866 1865
f 1865 1866 1864
f 1873 1925 1866
f 1867 1868 1861
f 1867 1876 1868
f 1868 1869 1862
f 1870 1869 1868
f 1876 1870 1868
f 1870 1871 1869
f 3409 1871 1870
f 1869 1872 1865
f 1871 1872 1869
f 1874 1873 1872
f 1872 1873 1866
f 1875 1932 1873
f 1871 1874 1872
f 3402 1874 1871
f 1874 3404 1875
f 1874 1875 1873
f 3405 1935 1875
f 3408 1870 1876
f 1877 1764 1763
f 1804 1877 1763
f 1877 1878 1764
f 1878 1765 1764
f 1878 1879 1765
f 1897 1878 1877
f 1897 1898 1878
f 1878 1898 1879
f 1898 1899 1879
f 1879 1770 1765
f 1879 1880 1770
f 1880 1771 1770
f 1881 1882 1771
f 1880 1881 1771
f 1899 1880 1879
f 1899 1900 1880
f 1900 1881 1880
f 1900 1901 1881
f 1901 1883 1881
f 1883 1884 1882
f 1883 1882 1881
f 1883 1887 1884
f 1887 1885 1884
f 1887 1886 1885
f 1888 1883 1901
f 1888 1887 1883
f 1888 1889 1887
f 1889 1886 1887
f 1889 1890 1886
f 1886 1892 1885
f 1893 1892 1886
f 1893 1891 1892
f 1894 5257 1891
f 1893 1894 1891
f 1890 1893 1886
f 1895 1893 1890
f 1893 1895 1894
f 1896 5259 1894
f 1895 1896 1894
f 1918 1896 1895
f 1919 5270 1896
f 1897 1877 1826
f 1902 1898 1897
f 1903 1899 1898
f 1904 1900 1899
f 1908 1901 1900
f 1902 1897 1834
f 1902 1903 1898
f 1905 1903 1902
f 1903 1904 1899
f 1906 1904 1903
f 1905 1902 1836
f 1905 1906 1903
f 1905 1922 1906
f 1906 1907 1904
f 1923 1907 1906
f 1904 1908 1900
f 1907 1908 1904
f 1908 1909 1901
f 1909 1888 1901
f 1911 1912 1909
f 1908 1910 1909
f 1910 1908 1907
f 1924 1910 1907
f 1910 1911 1909
f 1928 1911 1910
f 1929 1915 1911
f 1912 1888 1909
f 1912 1889 1888
f 1912 1913 1889
f 1915 1913 1912
f 1889 1913 1890
f 1913 1914 1890
f 1916 1914 1913
f 1915 1912 1911
f 1915 1916 1913
f 1942 1916 1915
f 1916 1917 1914
f 1916 1943 1917
f 1914 1895 1890
f 1914 1918 1895
f 1917 1918 1914
f 1918 1919 1896
f 1920 1919 1918
f 1921 5319 1919
f 1920 1918 1917
f 1944 1920 1917
f 1920 1921 1919
f 1948 1921 1920
f 1949 5332 1921
f 1922 1905 1864
f 1922 1923 1906
f 1925 1923 1922
f 1923 1924 1907
f 1923 1926 1924
f 1925 1922 1866
f 1925 1926 1923
f 1932 1926 1925
f 1926 1927 1924
f 1926 1933 1927
f 1924 1928 1910
f 1928 1929 1911
f 1927 1928 1924
f 1930 1929 1928
f 1931 1942 1929
f 1930 1928 1927
f 1934 1930 1927
f 1930 1931 1929
f 1938 1931 1930
f 1939 1945 1931
f 1932 1925 1873
f 1932 1933 1926
f 1935 1933 1932
f 1933 1934 1927
f 1933 1936 1934
f 1935 1932 1875
f 1935 1936 1933
f 3462 1936 1935
f 1936 1937 1934
f 3463 1937 1936
f 1934 1938 1930
f 1937 1938 1934
f 1938 1939 1931
f 1941 1952 1939
f 1940 1939 1938
f 1940 1938 1937
f 3464 1940 1937
f 1940 1941 1939
f 3468 1941 1940
f 3469 1955 1941
f 1929 1942 1915
f 1942 1943 1916
f 1943 1944 1917
f 1946 1944 1943
f 1945 1943 1942
f 1945 1942 1931
f 1945 1946 1943
f 1952 1946 1945
f 1946 1947 1944
f 1953 1947 1946
f 1944 1948 1920
f 1944 1947 1948
f 1948 1949 1921
f 1950 1949 1948
f 1951 5351 1949
f 1950 1951 1949
f 1947 1950 1948
f 1954 1950 1947
f 1958 1951 1950
f 1959 5359 1951
f 1952 1945 1939
f 1952 1953 1946
f 1955 1953 1952
f 1953 1954 1947
f 1953 1957 1954
f 1955 1957 1953
f 1955 1952 1941
f 3482 1957 1955
f 1957 1956 1954
f 3483 1956 1957
f 1954 1958 1950
f 1956 1958 1954
f 1958 1959 1951
f 1960 1959 1958
f 1961 5373 1959
f 1960 1958 1956
f 3484 1960 1956
f 1960 1961 1959
f 3488 1961 1960
f 3489 5380 1961
f 1963 1962 394
f 1963 1967 1962
f 1964 1963 395
f 1969 1964 396
f 1963 1964 1965
f 1964 1970 1965
f 1967 1966 1962
f 1967 1963 1965
f 1964 1969 1970
f 1971 1969 1968
f 1982 1968 400
f 1982 1985 1968
f 1968 1969 399
f 1969 1971 1970
f 1985 1971 1968
f 1973 1972 1966
f 1967 1973 1966
f 1974 1967 1965
f 1974 1973 1967
f 1978 1974 1965
f 1976 1972 1973
f 1972 1976 1975
f 1974 1977 1973
f 1977 1976 1973
f 1980 1977 1974
f 1970 1978 1965
f 1971 1979 1970
f 1979 1978 1970
f 1985 1992 1971
f 1992 1979 1971
f 1978 1980 1974
f 1979 1981 1978
f 1981 1980 1978
f 1992 1995 1979
f 1995 1981 1979
f 1983 1982 415
f 1983 1986 1982
f 1984 1983 416
f 1988 1984 414
f 1984 1987 1983
f 1986 1985 1982
f 1987 1986 1983
f 1990 1987 1984
f 1989 1988 419
f 1988 1990 1984
f 2032 1989 420
f 1989 1991 1988
f 2032 2036 1989
f 1991 1990 1988
f 2036 1991 1989
f 1993 1992 1985
f 1993 1985 1986
f 1987 1994 1986
f 1994 1993 1986
f 1996 1994 1987
f 1993 2013 1992
f 2013 1995 1992
f 1994 2014 1993
f 2014 2013 1993
f 2018 2014 1994
f 1990 1996 1987
f 1997 1996 1990
f 2036 2042 1991
f 2042 1997 1991
f 1991 1997 1990
f 1996 2018 1994
f 2019 2018 1996
f 2019 1996 1997
f 2042 2062 1997
f 2062 2019 1997
f 1966 501 1962
f 1972 501 1966
f 501 1972 1975
f 1998 501 1975
f 2005 501 1998
f 1976 1999 1975
f 1999 1998 1975
f 1977 2000 1976
f 2000 1999 1976
f 2001 2000 1977
f 1999 2003 1998
f 2003 2005 1998
f 2000 2004 1999
f 2004 2003 1999
f 2009 2004 2000
f 1980 2001 1977
f 1981 2002 1980
f 2002 2001 1980
f 1995 2015 1981
f 2015 2002 1981
f 2001 2009 2000
f 2002 2010 2001
f 2010 2009 2001
f 2015 2022 2002
f 2022 2010 2002
f 2008 2003 2004
f 2003 2007 2005
f 2007 2006 2005
f 2007 2103 2006
f 2008 2007 2003
f 2011 2008 2004
f 2008 2104 2007
f 2009 2011 2004
f 2010 2012 2009
f 2022 2025 2010
f 2012 2011 2009
f 2025 2012 2010
f 2011 2108 2008
f 2012 2109 2011
f 2025 2117 2012
f 2013 2016 1995
f 2016 2015 1995
f 2014 2017 2013
f 2017 2016 2013
f 2020 2017 2014
f 2023 2022 2015
f 2016 2023 2015
f 2017 2024 2016
f 2018 2020 2014
f 2021 2020 2018
f 2021 2018 2019
f 2062 2065 2019
f 2065 2021 2019
f 2020 2028 2017
f 2021 2029 2020
f 2065 2072 2021
f 2023 2026 2022
f 2024 2023 2016
f 2028 2024 2017
f 2024 2027 2023
f 2026 2025 2022
f 2027 2026 2023
f 2030 2027 2024
f 2029 2028 2020
f 2028 2030 2024
f 2072 2029 2021
f 2029 2031 2028
f 2072 2075 2029
f 2031 2030 2028
f 2075 2031 2029
f 2006 501 2005
f 2102 501 2006
f 2105 501 2102
f 2112 501 2105
f 2132 501 2112
f 2033 2032 474
f 2033 2035 2032
f 2034 2033 475
f 2038 2034 476
f 2034 2037 2033
f 2035 2036 2032
f 2037 2035 2033
f 2040 2037 2034
f 2039 2038 479
f 2038 2040 2034
f 2047 2039 480
f 2041 2038 2039
f 2047 2050 2039
f 2041 2040 2038
f 2050 2041 2039
f 2043 2042 2036
f 2043 2036 2035
f 2037 2044 2035
f 2044 2043 2035
f 2045 2044 2037
f 2043 2063 2042
f 2063 2062 2042
f 2044 2064 2043
f 2064 2063 2043
f 2068 2064 2044
f 2040 2045 2037
f 2046 2045 2040
f 2041 2046 2040
f 2050 2057 2041
f 2057 2046 2041
f 2045 2068 2044
f 2069 2068 2045
f 2046 2069 2045
f 2057 2082 2046
f 2082 2069 2046
f 2048 2047 494
f 2048 2051 2047
f 2049 2048 495
f 2049 2052 2048
f 2051 2050 2047
f 2052 2051 2048
f 2053 2049 496
f 2054 2053 499
f 2053 2055 2049
f 2442 2054 500
f 2054 2056 2053
f 2442 2445 2054
f 2055 2052 2049
f 2056 2055 2053
f 2445 2056 2054
f 2051 2058 2050
f 2058 2057 2050
f 2052 2059 2051
f 2059 2058 2051
f 2058 2083 2057
f 2083 2082 2057
f 2059 2084 2058
f 2084 2083 2058
f 2055 2060 2052
f 2060 2059 2052
f 2061 2060 2055
f 2056 2061 2055
f 2445 2452 2056
f 2452 2061 2056
f 2060 2088 2059
f 2088 2084 2059
f 2089 2088 2060
f 2061 2089 2060
f 2452 2472 2061
f 2472 2089 2061
f 2063 2066 2062
f 2066 2065 2062
f 2064 2067 2063
f 2067 2066 2063
f 2070 2067 2064
f 2066 2073 2065
f 2067 2074 2066
f 2068 2070 2064
f 2071 2070 2068
f 2069 2071 2068
f 2082 2085 2069
f 2085 2071 2069
f 2070 2078 2067
f 2071 2079 2070
f 2085 2092 2071
f 2073 2072 2065
f 2073 2076 2072
f 2078 2074 2067
f 2074 2073 2066
f 2074 2077 2073
f 2076 2075 2072
f 2077 2076 2073
f 2080 2077 2074
f 2079 2078 2070
f 2078 2080 2074
f 2092 2079 2071
f 2079 2081 2078
f 2092 2095 2079
f 2081 2080 2078
f 2095 2081 2079
f 2086 2085 2082
f 2083 2086 2082
f 2087 2086 2083
f 2084 2087 2083
f 2086 2093 2085
f 2087 2094 2086
f 2088 2090 2084
f 2090 2087 2084
f 2091 2090 2088
f 2089 2091 2088
f 2472 2475 2089
f 2475 2091 2089
f 2090 2098 2087
f 2091 2099 2090
f 2475 2482 2091
f 2093 2092 2085
f 2093 2096 2092
f 2094 2093 2086
f 2094 2097 2093
f 2096 2095 2092
f 2097 2096 2093
f 2098 2094 2087
f 2099 2098 2090
f 2098 2100 2094
f 2482 2099 2091
f 2099 2101 2098
f 2482 2485 2099
f 2100 2097 2094
f 2101 2100 2098
f 2485 2101 2099
f 2103 2102 2006
f 2104 2103 2007
f 2108 2104 2008
f 2106 2105 2102
f 2106 2102 2103
f 2104 2107 2103
f 2107 2106 2103
f 2110 2107 2104
f 2109 2108 2011
f 2117 2109 2012
f 2108 2110 2104
f 2109 2111 2108
f 2111 2110 2108
f 2117 2120 2109
f 2120 2111 2109
f 2106 2113 2105
f 2107 2114 2106
f 2110 2115 2107
f 2111 2116 2110
f 2120 2127 2111
f 2113 2112 2105
f 2114 2113 2106
f 2115 2114 2107
f 2113 2133 2112
f 2133 2132 2112
f 2114 2134 2113
f 2134 2133 2113
f 2138 2134 2114
f 2116 2115 2110
f 2127 2116 2111
f 2115 2138 2114
f 2116 2139 2115
f 2139 2138 2115
f 2127 2142 2116
f 2142 2139 2116
f 2118 2117 2025
f 2118 2025 2026
f 2027 2119 2026
f 2119 2118 2026
f 2123 2119 2027
f 2118 2121 2117
f 2121 2120 2117
f 2119 2122 2118
f 2122 2121 2118
f 2125 2122 2119
f 2030 2123 2027
f 2031 2124 2030
f 2075 2192 2031
f 2124 2123 2030
f 2192 2124 2031
f 2123 2125 2119
f 2126 2125 2123
f 2124 2126 2123
f 2192 2195 2124
f 2195 2126 2124
f 2121 2128 2120
f 2122 2129 2121
f 2125 2130 2122
f 2126 2131 2125
f 2195 2202 2126
f 2128 2127 2120
f 2129 2128 2121
f 2130 2129 2122
f 2128 2143 2127
f 2143 2142 2127
f 2129 2144 2128
f 2144 2143 2128
f 2148 2144 2129
f 2131 2130 2125
f 2202 2131 2126
f 2130 2148 2129
f 2149 2148 2130
f 2131 2149 2130
f 2202 2204 2131
f 2204 2149 2131
f 2135 501 2132
f 2152 501 2135
f 2133 2136 2132
f 2136 2135 2132
f 2134 2137 2133
f 2137 2136 2133
f 2140 2137 2134
f 2136 2153 2135
f 2137 2154 2136
f 2138 2140 2134
f 2139 2141 2138
f 2141 2140 2138
f 2142 2145 2139
f 2145 2141 2139
f 2140 2155 2137
f 2141 2156 2140
f 2145 2172 2141
f 2143 2146 2142
f 2146 2145 2142
f 2144 2147 2143
f 2147 2146 2143
f 2150 2147 2144
f 2146 2173 2145
f 2147 2174 2146
f 2148 2150 2144
f 2151 2150 2148
f 2149 2151 2148
f 2204 2232 2149
f 2232 2151 2149
f 2150 2175 2147
f 2153 2152 2135
f 2154 2153 2136
f 2155 2154 2137
f 2156 2155 2140
f 2156 2161 2155
f 2172 2156 2141
f 2172 2177 2156
f 2153 2158 2152
f 2154 2159 2153
f 2158 2157 2152
f 2158 2163 2157
f 2159 2158 2153
f 2160 2159 2154
f 2159 2164 2158
f 2155 2160 2154
f 2161 2160 2155
f 2160 2168 2159
f 2161 2169 2160
f 2177 2161 2156
f 2177 2182 2161
f 2163 2162 2157
f 2164 2163 2158
f 2168 2164 2159
f 2163 2165 2162
f 2164 2167 2163
f 2165 2166 2162
f 2280 2166 2165
f 2167 2165 2163
f 2170 2167 2164
f 2167 2281 2165
f 2169 2168 2160
f 2182 2169 2161
f 2168 2170 2164
f 2169 2171 2168
f 2182 2185 2169
f 2171 2170 2168
f 2170 2285 2167
f 2171 2286 2170
f 2185 2171 2169
f 2185 2299 2171
f 2173 2172 2145
f 2173 2178 2172
f 2174 2173 2146
f 2175 2174 2147
f 2174 2179 2173
f 2176 2175 2150
f 2175 2180 2174
f 2151 2176 2150
f 2232 2239 2151
f 2239 2176 2151
f 2176 2181 2175
f 2239 2246 2176
f 2246 2181 2176
f 2178 2177 2172
f 2178 2183 2177
f 2179 2178 2173
f 2180 2179 2174
f 2179 2184 2178
f 2181 2180 2175
f 2180 2188 2179
f 2181 2189 2180
f 2246 2249 2181
f 2183 2182 2177
f 2183 2186 2182
f 2184 2183 2178
f 2188 2184 2179
f 2184 2187 2183
f 2191 2187 2184
f 2186 2185 2182
f 2186 2300 2185
f 2187 2186 2183
f 2187 2301 2186
f 2189 2188 2180
f 2188 2191 2184
f 2249 2189 2181
f 2189 2190 2188
f 2249 2252 2189
f 2190 2191 2188
f 2252 2190 2189
f 2191 2305 2187
f 2076 2193 2075
f 2077 2194 2076
f 2193 2192 2075
f 2194 2193 2076
f 2198 2194 2077
f 2193 2196 2192
f 2196 2195 2192
f 2194 2197 2193
f 2197 2196 2193
f 2200 2197 2194
f 2080 2198 2077
f 2081 2199 2080
f 2095 2212 2081
f 2199 2198 2080
f 2212 2199 2081
f 2198 2200 2194
f 2201 2200 2198
f 2199 2201 2198
f 2212 2215 2199
f 2215 2201 2199
f 2196 2203 2195
f 2197 2206 2196
f 2200 2208 2197
f 2201 2209 2200
f 2215 2222 2201
f 2203 2202 2195
f 2206 2203 2196
f 2208 2206 2197
f 2203 2205 2202
f 2205 2204 2202
f 2206 2207 2203
f 2207 2205 2203
f 2210 2207 2206
f 2209 2208 2200
f 2222 2209 2201
f 2208 2210 2206
f 2211 2210 2208
f 2209 2211 2208
f 2222 2225 2209
f 2225 2211 2209
f 2096 2213 2095
f 2097 2214 2096
f 2213 2212 2095
f 2214 2213 2096
f 2213 2216 2212
f 2216 2215 2212
f 2214 2217 2213
f 2217 2216 2213
f 2100 2218 2097
f 2101 2219 2100
f 2485 2582 2101
f 2218 2214 2097
f 2219 2218 2100
f 2582 2219 2101
f 2218 2220 2214
f 2220 2217 2214
f 2221 2220 2218
f 2219 2221 2218
f 2582 2585 2219
f 2585 2221 2219
f 2216 2223 2215
f 2217 2224 2216
f 2220 2228 2217
f 2221 2229 2220
f 2223 2222 2215
f 2224 2223 2216
f 2223 2226 2222
f 2226 2225 2222
f 2224 2227 2223
f 2227 2226 2223
f 2228 2224 2217
f 2229 2228 2220
f 2585 2592 2221
f 2592 2229 2221
f 2228 2230 2224
f 2230 2227 2224
f 2231 2230 2228
f 2229 2231 2228
f 2592 2595 2229
f 2595 2231 2229
f 2231 2267 2230
f 2595 2626 2231
f 2205 2233 2204
f 2233 2232 2204
f 2207 2234 2205
f 2235 2234 2207
f 2234 2233 2205
f 2210 2235 2207
f 2236 2235 2210
f 2211 2236 2210
f 2225 2237 2211
f 2237 2236 2211
f 2226 2238 2225
f 2238 2237 2225
f 2227 2259 2226
f 2259 2238 2226
f 2230 2266 2227
f 2266 2259 2227
f 2267 2266 2230
f 2626 2267 2231
f 2240 2239 2232
f 2233 2240 2232
f 2240 2247 2239
f 2234 2241 2233
f 2241 2240 2233
f 2242 2241 2234
f 2247 2246 2239
f 2241 2248 2240
f 2248 2247 2240
f 2244 2248 2241
f 2235 2242 2234
f 2236 2243 2235
f 2237 2260 2236
f 2243 2242 2235
f 2260 2243 2236
f 2242 2244 2241
f 2245 2244 2242
f 2260 2263 2243
f 2243 2245 2242
f 2263 2245 2243
f 2263 2274 2245
f 2247 2250 2246
f 2250 2249 2246
f 2248 2251 2247
f 2251 2250 2247
f 2255 2251 2248
f 2253 2252 2249
f 2250 2253 2249
f 2251 2254 2250
f 2254 2253 2250
f 2257 2254 2251
f 2255 2248 2244
f 2256 2255 2244
f 2245 2256 2244
f 2274 2256 2245
f 2255 2257 2251
f 2258 2257 2255
f 2256 2258 2255
f 2274 2277 2256
f 2277 2258 2256
f 2238 2261 2237
f 2259 2262 2238
f 2262 2261 2238
f 2261 2260 2237
f 2261 2264 2260
f 2264 2263 2260
f 2262 2265 2261
f 2265 2264 2261
f 2266 2268 2259
f 2268 2262 2259
f 2270 2268 2266
f 2267 2270 2266
f 2626 2629 2267
f 2629 2270 2267
f 2268 2269 2262
f 2269 2265 2262
f 2271 2269 2268
f 2270 2271 2268
f 2629 2636 2270
f 2636 2271 2270
f 2264 2275 2263
f 2265 2276 2264
f 2276 2275 2264
f 2269 2272 2265
f 2272 2276 2265
f 2273 2272 2269
f 2271 2273 2269
f 2636 2639 2271
f 2639 2273 2271
f 2273 2384 2272
f 2639 2750 2273
f 2750 2384 2273
f 2275 2274 2263
f 2275 2278 2274
f 2278 2277 2274
f 2276 2380 2275
f 2380 2278 2275
f 2383 2276 2272
f 2383 2380 2276
f 2384 2383 2272
f 2157 501 2152
f 2162 501 2157
f 2166 501 2162
f 2279 501 2166
f 2282 501 2279
f 2289 501 2282
f 2333 3093 501
f 2292 501 2289
f 2319 501 2292
f 2322 501 2319
f 2330 501 2322
f 2333 501 2330
f 2280 2279 2166
f 2280 2283 2279
f 2281 2280 2165
f 2285 2281 2167
f 2281 2284 2280
f 2283 2282 2279
f 2283 2290 2282
f 2284 2283 2280
f 2287 2284 2281
f 2284 2291 2283
f 2286 2285 2170
f 2285 2287 2281
f 2286 2288 2285
f 2299 2286 2171
f 2299 2302 2286
f 2288 2287 2285
f 2287 2295 2284
f 2302 2288 2286
f 2290 2289 2282
f 2290 2293 2289
f 2291 2290 2283
f 2295 2291 2284
f 2293 2292 2289
f 2291 2294 2290
f 2294 2293 2290
f 2297 2294 2291
f 2288 2296 2287
f 2296 2295 2287
f 2302 2309 2288
f 2309 2296 2288
f 2295 2297 2291
f 2296 2298 2295
f 2298 2297 2295
f 2309 2313 2296
f 2313 2298 2296
f 2300 2299 2185
f 2300 2303 2299
f 2301 2300 2186
f 2305 2301 2187
f 2303 2302 2299
f 2301 2304 2300
f 2304 2303 2300
f 2307 2304 2301
f 2252 2362 2190
f 2306 2305 2191
f 2306 2191 2190
f 2362 2306 2190
f 2305 2307 2301
f 2308 2307 2305
f 2306 2308 2305
f 2362 2363 2306
f 2363 2308 2306
f 2310 2309 2302
f 2303 2310 2302
f 2304 2311 2303
f 2311 2310 2303
f 2315 2311 2304
f 2312 2313 2309
f 2310 2312 2309
f 2311 2314 2310
f 2314 2312 2310
f 2317 2314 2311
f 2307 2315 2304
f 2316 2315 2307
f 2308 2316 2307
f 2363 2372 2308
f 2372 2316 2308
f 2315 2317 2311
f 2318 2317 2315
f 2316 2318 2315
f 2372 2374 2316
f 2374 2318 2316
f 2320 2319 2292
f 2293 2320 2292
f 2294 2321 2293
f 2321 2320 2293
f 2325 2321 2294
f 2323 2322 2319
f 2320 2323 2319
f 2327 2324 2321
f 2321 2324 2320
f 2324 2323 2320
f 2297 2325 2294
f 2298 2326 2297
f 2326 2325 2297
f 2339 2326 2298
f 2313 2339 2298
f 2326 2328 2325
f 2328 2327 2325
f 2325 2327 2321
f 2339 2342 2326
f 2342 2328 2326
f 2334 3094 2333
f 3095 2334 2329
f 2331 2330 2322
f 2323 2331 2322
f 2324 2332 2323
f 2332 2331 2323
f 2337 2332 2324
f 2334 2333 2330
f 2331 2334 2330
f 2332 2329 2331
f 2329 2334 2331
f 2335 2329 2332
f 2336 2335 2337
f 2335 3099 2329
f 2336 3100 2335
f 2354 2351 2338
f 2351 2336 2338
f 2351 3118 2336
f 2327 2337 2324
f 2328 2338 2327
f 2338 2337 2327
f 2342 2354 2328
f 2354 2338 2328
f 2337 2335 2332
f 2338 2336 2337
f 2340 2339 2313
f 2340 2313 2312
f 2314 2341 2312
f 2341 2340 2312
f 2347 2341 2314
f 2343 2342 2339
f 2340 2343 2339
f 2341 2344 2340
f 2344 2343 2340
f 2345 2344 2341
f 2397 2400 2348
f 2400 2346 2348
f 2317 2347 2314
f 2348 2347 2317
f 2318 2348 2317
f 2374 2397 2318
f 2397 2348 2318
f 2347 2345 2341
f 2346 2345 2347
f 2348 2346 2347
f 2350 2349 2343
f 2355 2350 2344
f 2352 2351 2354
f 2352 2354 2349
f 2352 3119 2351
f 2350 2353 2349
f 2353 2352 2349
f 2357 2353 2350
f 2353 3120 2352
f 2349 2354 2342
f 2343 2349 2342
f 2344 2350 2343
f 2345 2355 2344
f 2356 2355 2345
f 2346 2356 2345
f 2400 2407 2346
f 2407 2356 2346
f 2355 2357 2350
f 2358 2357 2355
f 2357 3124 2353
f 2411 3186 2358
f 2356 2358 2355
f 2407 2411 2356
f 2411 2358 2356
f 2358 3125 2357
f 2359 2362 2252
f 2253 2359 2252
f 2254 2360 2253
f 2360 2359 2253
f 2365 2360 2254
f 2360 2361 2359
f 2367 2361 2360
f 2364 2363 2362
f 2364 2362 2359
f 2361 2364 2359
f 2257 2365 2254
f 2366 2365 2257
f 2258 2366 2257
f 2277 2379 2258
f 2379 2366 2258
f 2365 2367 2360
f 2368 2367 2365
f 2366 2368 2365
f 2379 2387 2366
f 2387 2368 2366
f 2369 2364 2361
f 2375 2369 2361
f 2371 2373 2369
f 2371 2370 2373
f 2377 2371 2369
f 2364 2373 2363
f 2373 2372 2363
f 2369 2373 2364
f 2373 2370 2372
f 2370 2374 2372
f 2367 2375 2361
f 2376 2375 2367
f 2368 2376 2367
f 2387 2390 2368
f 2390 2376 2368
f 2375 2377 2369
f 2378 2377 2375
f 2376 2378 2375
f 2390 2418 2376
f 2418 2378 2376
f 2278 2381 2277
f 2381 2379 2277
f 2380 2382 2278
f 2382 2381 2278
f 2381 2388 2379
f 2388 2387 2379
f 2382 2389 2381
f 2389 2388 2381
f 2383 2385 2380
f 2385 2382 2380
f 2386 2385 2383
f 2384 2386 2383
f 2750 2751 2384
f 2751 2386 2384
f 2385 2393 2382
f 2393 2389 2382
f 2394 2393 2385
f 2386 2394 2385
f 2751 2753 2386
f 2753 2394 2386
f 2388 2391 2387
f 2391 2390 2387
f 2389 2392 2388
f 2392 2391 2388
f 2391 2419 2390
f 2419 2418 2390
f 2392 2421 2391
f 2421 2419 2391
f 2393 2395 2389
f 2395 2392 2389
f 2396 2395 2393
f 2394 2396 2393
f 2753 2756 2394
f 2756 2396 2394
f 2395 2426 2392
f 2426 2421 2392
f 2428 2426 2395
f 2396 2428 2395
f 2756 2790 2396
f 2790 2428 2396
f 2398 2374 2370
f 2398 2397 2374
f 2371 2399 2370
f 2399 2398 2370
f 2403 2399 2371
f 2398 2401 2397
f 2401 2400 2397
f 2399 2402 2398
f 2402 2401 2398
f 2405 2402 2399
f 2377 2403 2371
f 2404 2403 2377
f 2378 2404 2377
f 2418 2420 2378
f 2420 2404 2378
f 2403 2405 2399
f 2406 2405 2403
f 2404 2406 2403
f 2420 2423 2404
f 2423 2406 2404
f 2408 2407 2400
f 2401 2408 2400
f 2402 2409 2401
f 2409 2408 2401
f 2413 2409 2402
f 3187 2411 2410
f 2410 2411 2407
f 2408 2410 2407
f 2412 2410 2408
f 2415 2412 2409
f 2412 3188 2410
f 2409 2412 2408
f 2405 2413 2402
f 2414 2413 2405
f 2423 2432 2406
f 2432 2414 2406
f 2406 2414 2405
f 2413 2415 2409
f 2416 2415 2413
f 2415 3192 2412
f 2414 2416 2413
f 2432 2435 2414
f 2435 2416 2414
f 2416 3193 2415
f 2435 3214 2416
f 2419 2417 2418
f 2417 2420 2418
f 2421 2422 2419
f 2422 2417 2419
f 2424 2420 2417
f 2424 2423 2420
f 2422 2425 2417
f 2425 2424 2417
f 2426 2427 2421
f 2427 2422 2421
f 2430 2427 2426
f 2428 2430 2426
f 2790 2793 2428
f 2793 2430 2428
f 2427 2429 2422
f 2429 2425 2422
f 2431 2429 2427
f 2430 2431 2427
f 2793 2794 2430
f 2794 2431 2430
f 2433 2432 2423
f 2424 2433 2423
f 2434 2433 2424
f 2425 2434 2424
f 2436 2435 2432
f 2433 2436 2432
f 2436 3215 2435
f 2437 2436 2433
f 2434 2437 2433
f 2437 3216 2436
f 2429 2438 2425
f 2438 2434 2425
f 2439 2438 2429
f 2431 2439 2429
f 2794 2799 2431
f 2799 2439 2431
f 2438 2440 2434
f 2440 2437 2434
f 2441 2440 2438
f 2440 3220 2437
f 2439 2441 2438
f 2799 2802 2439
f 2802 2441 2439
f 2441 3221 2440
f 2802 3566 2441
f 2443 2442 895
f 2443 2446 2442
f 2444 2443 896
f 2446 2445 2442
f 2447 2446 2443
f 2444 2447 2443
f 2448 2444 897
f 2449 2448 900
f 2457 2449 901
f 2448 2450 2444
f 2450 2447 2444
f 2451 2450 2448
f 2449 2451 2448
f 2457 2460 2449
f 2460 2451 2449
f 2446 2453 2445
f 2453 2452 2445
f 2447 2454 2446
f 2454 2453 2446
f 2453 2473 2452
f 2473 2472 2452
f 2454 2474 2453
f 2474 2473 2453
f 2450 2455 2447
f 2455 2454 2447
f 2456 2455 2450
f 2451 2456 2450
f 2460 2467 2451
f 2467 2456 2451
f 2455 2478 2454
f 2478 2474 2454
f 2479 2478 2455
f 2456 2479 2455
f 2467 2492 2456
f 2492 2479 2456
f 2458 2457 915
f 2459 2458 916
f 2458 2461 2457
f 2461 2460 2457
f 2462 2461 2458
f 2459 2462 2458
f 2463 2459 917
f 2464 2463 920
f 2512 2464 921
f 2463 2465 2459
f 2465 2462 2459
f 2466 2465 2463
f 2464 2466 2463
f 2515 2466 2464
f 2461 2468 2460
f 2468 2467 2460
f 2462 2469 2461
f 2469 2468 2461
f 2468 2493 2467
f 2493 2492 2467
f 2469 2494 2468
f 2494 2493 2468
f 2465 2470 2462
f 2470 2469 2462
f 2471 2470 2465
f 2466 2471 2465
f 2522 2471 2466
f 2470 2498 2469
f 2498 2494 2469
f 2499 2498 2470
f 2471 2499 2470
f 2542 2499 2471
f 2476 2475 2472
f 2473 2476 2472
f 2477 2476 2473
f 2474 2477 2473
f 2476 2483 2475
f 2477 2484 2476
f 2478 2480 2474
f 2480 2477 2474
f 2481 2480 2478
f 2479 2481 2478
f 2492 2495 2479
f 2495 2481 2479
f 2480 2488 2477
f 2481 2489 2480
f 2495 2502 2481
f 2483 2482 2475
f 2483 2486 2482
f 2484 2483 2476
f 2484 2487 2483
f 2486 2485 2482
f 2487 2486 2483
f 2488 2484 2477
f 2489 2488 2480
f 2488 2490 2484
f 2502 2489 2481
f 2489 2491 2488
f 2502 2505 2489
f 2490 2487 2484
f 2491 2490 2488
f 2505 2491 2489
f 2493 2496 2492
f 2496 2495 2492
f 2497 2496 2493
f 2494 2497 2493
f 2496 2503 2495
f 2497 2504 2496
f 2498 2500 2494
f 2500 2497 2494
f 2501 2500 2498
f 2499 2501 2498
f 2545 2501 2499
f 2500 2508 2497
f 2501 2509 2500
f 2503 2502 2495
f 2503 2506 2502
f 2504 2503 2496
f 2504 2507 2503
f 2506 2505 2502
f 2507 2506 2503
f 2507 2604 2506
f 2508 2504 2497
f 2509 2508 2500
f 2508 2510 2504
f 2552 2509 2501
f 2509 2511 2508
f 2510 2507 2504
f 2511 2510 2508
f 2555 2511 2509
f 2510 2606 2507
f 2511 2607 2510
f 2513 2512 975
f 2514 2513 976
f 2512 2515 2464
f 2513 2516 2512
f 2516 2515 2512
f 2517 2516 2513
f 2514 2517 2513
f 2518 2514 977
f 2519 2518 980
f 2527 2519 981
f 2518 2520 2514
f 2520 2517 2514
f 2519 2521 2518
f 2521 2520 2518
f 2530 2521 2519
f 2515 2522 2466
f 2516 2523 2515
f 2523 2522 2515
f 2517 2524 2516
f 2524 2523 2516
f 2522 2542 2471
f 2523 2543 2522
f 2543 2542 2522
f 2524 2544 2523
f 2544 2543 2523
f 2520 2525 2517
f 2525 2524 2517
f 2521 2526 2520
f 2526 2525 2520
f 2537 2526 2521
f 2525 2548 2524
f 2548 2544 2524
f 2526 2549 2525
f 2549 2548 2525
f 2562 2549 2526
f 2528 2527 995
f 2529 2528 996
f 2527 2530 2519
f 2528 2531 2527
f 2531 2530 2527
f 2532 2531 2528
f 2529 2532 2528
f 2533 2529 997
f 2534 2533 1000
f 6046 2534 1001
f 2535 2532 2529
f 2533 2535 2529
f 2534 2536 2533
f 2536 2535 2533
f 6048 2536 2534
f 2530 2537 2521
f 2531 2538 2530
f 2538 2537 2530
f 2532 2539 2531
f 2539 2538 2531
f 2537 2562 2526
f 2538 2563 2537
f 2563 2562 2537
f 2539 2564 2538
f 2564 2563 2538
f 2535 2540 2532
f 2540 2539 2532
f 2536 2541 2535
f 2541 2540 2535
f 6056 2541 2536
f 2540 2568 2539
f 2568 2564 2539
f 2541 2569 2540
f 2569 2568 2540
f 6079 2569 2541
f 2542 2545 2499
f 2543 2546 2542
f 2546 2545 2542
f 2547 2546 2543
f 2544 2547 2543
f 2545 2552 2501
f 2546 2553 2545
f 2547 2554 2546
f 2548 2550 2544
f 2550 2547 2544
f 2549 2551 2548
f 2551 2550 2548
f 2565 2551 2549
f 2550 2558 2547
f 2551 2559 2550
f 2553 2552 2545
f 2552 2555 2509
f 2553 2556 2552
f 2554 2553 2546
f 2554 2557 2553
f 2556 2555 2552
f 2557 2556 2553
f 2555 2662 2511
f 2556 2663 2555
f 2557 2664 2556
f 2558 2554 2547
f 2558 2560 2554
f 2559 2558 2550
f 2572 2559 2551
f 2559 2561 2558
f 2560 2557 2554
f 2560 2665 2557
f 2561 2560 2558
f 2575 2561 2559
f 2561 2666 2560
f 2562 2565 2549
f 2563 2566 2562
f 2566 2565 2562
f 2564 2567 2563
f 2567 2566 2563
f 2565 2572 2551
f 2566 2573 2565
f 2574 2573 2566
f 2567 2574 2566
f 2568 2570 2564
f 2570 2567 2564
f 2569 2571 2568
f 2571 2570 2568
f 6081 2571 2569
f 2578 2574 2567
f 2570 2578 2567
f 2571 2579 2570
f 2579 2578 2570
f 6089 2579 2571
f 2573 2572 2565
f 2572 2575 2559
f 2573 2576 2572
f 2574 2577 2573
f 2576 2575 2572
f 2575 2680 2561
f 2576 2681 2575
f 2577 2576 2573
f 2577 2682 2576
f 2578 2580 2574
f 2579 2581 2578
f 2581 2580 2578
f 6091 2581 2579
f 2580 2577 2574
f 2580 2687 2577
f 2581 2688 2580
f 2688 2687 2580
f 6202 2688 2581
f 2486 2583 2485
f 2487 2584 2486
f 2583 2582 2485
f 2584 2583 2486
f 2583 2586 2582
f 2586 2585 2582
f 2584 2587 2583
f 2587 2586 2583
f 2490 2588 2487
f 2588 2584 2487
f 2589 2588 2490
f 2491 2589 2490
f 2505 2602 2491
f 2602 2589 2491
f 2588 2590 2584
f 2590 2587 2584
f 2591 2590 2588
f 2589 2591 2588
f 2602 2605 2589
f 2605 2591 2589
f 2593 2592 2585
f 2586 2593 2585
f 2594 2593 2586
f 2587 2594 2586
f 2593 2596 2592
f 2594 2597 2593
f 2596 2595 2592
f 2596 2627 2595
f 2597 2596 2593
f 2597 2628 2596
f 2590 2598 2587
f 2598 2594 2587
f 2599 2598 2590
f 2598 2600 2594
f 2591 2599 2590
f 2605 2612 2591
f 2612 2599 2591
f 2599 2601 2598
f 2612 2615 2599
f 2600 2597 2594
f 2601 2600 2598
f 2600 2632 2597
f 2615 2601 2599
f 2601 2633 2600
f 2615 2646 2601
f 2506 2603 2505
f 2603 2602 2505
f 2604 2603 2506
f 2603 2608 2602
f 2608 2605 2602
f 2609 2608 2603
f 2604 2609 2603
f 2606 2604 2507
f 2607 2606 2510
f 2606 2610 2604
f 2662 2607 2511
f 2607 2611 2606
f 2610 2609 2604
f 2611 2610 2606
f 2667 2611 2607
f 2608 2613 2605
f 2609 2614 2608
f 2610 2618 2609
f 2611 2619 2610
f 2613 2612 2605
f 2614 2613 2608
f 2613 2616 2612
f 2614 2617 2613
f 2616 2615 2612
f 2616 2622 2615
f 2617 2616 2613
f 2617 2623 2616
f 2618 2614 2609
f 2619 2618 2610
f 2672 2619 2611
f 2618 2620 2614
f 2621 2620 2618
f 2619 2621 2618
f 2676 2621 2619
f 2620 2617 2614
f 2620 2624 2617
f 2633 2632 2600
f 2646 2633 2601
f 2622 2646 2615
f 2623 2622 2616
f 2624 2623 2617
f 2625 2624 2620
f 2621 2625 2620
f 2695 2625 2621
f 2625 2651 2624
f 2627 2626 2595
f 2628 2627 2596
f 2632 2628 2597
f 2630 2629 2626
f 2627 2630 2626
f 2628 2631 2627
f 2631 2630 2627
f 2631 2638 2630
f 2630 2637 2629
f 2637 2636 2629
f 2638 2637 2630
f 2632 2634 2628
f 2634 2631 2628
f 2635 2634 2632
f 2633 2635 2632
f 2646 2647 2633
f 2634 2642 2631
f 2647 2635 2633
f 2635 2643 2634
f 2647 2654 2635
f 2642 2638 2631
f 2643 2642 2634
f 2637 2640 2636
f 2640 2639 2636
f 2638 2641 2637
f 2641 2640 2637
f 2739 2750 2639
f 2640 2739 2639
f 2740 2739 2640
f 2641 2740 2640
f 2654 2643 2635
f 2642 2644 2638
f 2644 2641 2638
f 2645 2644 2642
f 2643 2645 2642
f 2654 2655 2643
f 2644 2742 2641
f 2742 2740 2641
f 2743 2742 2644
f 2655 2645 2643
f 2655 2759 2645
f 2645 2743 2644
f 2649 2646 2622
f 2623 2648 2622
f 2649 2647 2646
f 2649 2652 2647
f 2648 2649 2622
f 2653 2649 2648
f 2624 2650 2623
f 2650 2648 2623
f 2651 2650 2624
f 2650 2658 2648
f 2722 2651 2625
f 2651 2659 2650
f 2652 2654 2647
f 2653 2652 2649
f 2653 2657 2652
f 2656 2654 2652
f 2656 2655 2654
f 2656 2760 2655
f 2657 2656 2652
f 2657 2761 2656
f 2658 2653 2648
f 2659 2658 2650
f 2658 2661 2653
f 2725 2659 2651
f 2659 2660 2658
f 2660 2661 2658
f 2728 2660 2659
f 2661 2657 2653
f 2661 2765 2657
f 2766 2661 2660
f 2663 2662 2555
f 2662 2667 2607
f 2663 2668 2662
f 2664 2663 2556
f 2664 2669 2663
f 2665 2664 2557
f 2665 2670 2664
f 2666 2665 2560
f 2680 2666 2561
f 2666 2671 2665
f 2668 2667 2662
f 2667 2672 2611
f 2668 2673 2667
f 2669 2668 2663
f 2669 2674 2668
f 2670 2669 2664
f 2670 2678 2669
f 2678 2674 2669
f 2671 2670 2665
f 2683 2671 2666
f 2671 2679 2670
f 2679 2678 2670
f 2693 2679 2671
f 2673 2672 2667
f 2674 2673 2668
f 2672 2676 2619
f 2673 2677 2672
f 2677 2676 2672
f 2674 2675 2673
f 2675 2677 2673
f 2678 2698 2674
f 2698 2675 2674
f 2679 2699 2678
f 2699 2698 2678
f 2704 2699 2679
f 2681 2680 2575
f 2682 2681 2576
f 2687 2682 2577
f 2680 2683 2666
f 2681 2684 2680
f 2684 2683 2680
f 2685 2684 2681
f 2682 2685 2681
f 2683 2693 2671
f 2684 2694 2683
f 2685 2686 2684
f 2694 2693 2683
f 2686 2694 2684
f 2689 2685 2682
f 2687 2689 2682
f 2688 2690 2687
f 2690 2689 2687
f 6205 2690 2688
f 2689 2691 2685
f 2691 2686 2685
f 2690 2692 2689
f 2692 2691 2689
f 6206 2692 2690
f 2693 2704 2679
f 2694 2705 2693
f 2705 2704 2693
f 2706 2705 2694
f 2706 2694 2686
f 2691 2710 2686
f 2692 2711 2691
f 2676 2695 2621
f 2677 2696 2676
f 2696 2695 2676
f 2697 2677 2675
f 2697 2696 2677
f 2695 2722 2625
f 2696 2723 2695
f 2724 2723 2696
f 2697 2724 2696
f 2698 2700 2675
f 2700 2697 2675
f 2699 2702 2698
f 2702 2700 2698
f 2707 2702 2699
f 2700 2701 2697
f 2701 2724 2697
f 2702 2703 2700
f 2703 2701 2700
f 2714 2703 2702
f 2704 2707 2699
f 2705 2708 2704
f 2706 2709 2705
f 2708 2707 2704
f 2709 2708 2705
f 2707 2714 2702
f 2708 2715 2707
f 2715 2714 2707
f 2709 2716 2708
f 2716 2715 2708
f 2710 2706 2686
f 2712 2709 2706
f 2710 2712 2706
f 2711 2710 2691
f 6222 2711 2692
f 2711 2713 2710
f 2713 2712 2710
f 6224 2713 2711
f 2718 2716 2709
f 2712 2718 2709
f 2713 2719 2712
f 2719 2718 2712
f 2714 2735 2703
f 2715 2737 2714
f 2737 2735 2714
f 2716 2717 2715
f 2717 2737 2715
f 2720 2717 2716
f 2718 2720 2716
f 6232 2719 2713
f 2719 2721 2718
f 2721 2720 2718
f 6234 2721 2719
f 2720 2856 2717
f 2721 2857 2720
f 6321 2857 2721
f 2723 2722 2695
f 2722 2725 2651
f 2723 2726 2722
f 2726 2725 2722
f 2725 2728 2659
f 2727 2726 2723
f 2724 2727 2723
f 2726 2729 2725
f 2729 2728 2725
f 2728 2831 2660
f 2730 2729 2726
f 2727 2730 2726
f 2731 2724 2701
f 2731 2727 2724
f 2703 2732 2701
f 2732 2731 2701
f 2735 2732 2703
f 2731 2733 2727
f 2733 2730 2727
f 2732 2734 2731
f 2734 2733 2731
f 2736 2734 2732
f 2735 2736 2732
f 2737 2738 2735
f 2738 2736 2735
f 2850 2737 2717
f 2850 2738 2737
f 2856 2850 2717
f 2857 2856 2720
f 2752 2750 2739
f 2741 2752 2739
f 2740 2741 2739
f 2742 2744 2740
f 2744 2741 2740
f 2745 2744 2742
f 2759 2743 2645
f 2743 2745 2742
f 2759 2762 2743
f 2744 2746 2741
f 2746 2755 2741
f 2747 2746 2744
f 2762 2745 2743
f 2745 2747 2744
f 2762 2769 2745
f 2748 2755 2746
f 2749 2748 2746
f 2769 2747 2745
f 2747 2749 2746
f 2769 2772 2747
f 2772 2749 2747
f 2780 2779 2748
f 2749 2780 2748
f 2772 2804 2749
f 2804 2780 2749
f 2752 2751 2750
f 2754 2753 2751
f 2752 2754 2751
f 2755 2754 2752
f 2755 2752 2741
f 2757 2756 2753
f 2754 2757 2753
f 2758 2757 2754
f 2755 2758 2754
f 2757 2791 2756
f 2791 2790 2756
f 2792 2791 2757
f 2758 2792 2757
f 2758 2755 2748
f 2779 2758 2748
f 2779 2792 2758
f 2760 2759 2655
f 2760 2764 2759
f 2761 2760 2656
f 2761 2763 2760
f 2764 2762 2759
f 2764 2770 2762
f 2763 2764 2760
f 2771 2764 2763
f 2765 2761 2657
f 2766 2765 2661
f 2765 2767 2761
f 2831 2766 2660
f 2766 2768 2765
f 2767 2763 2761
f 2768 2767 2765
f 2767 2775 2763
f 2832 2768 2766
f 2768 2776 2767
f 2770 2769 2762
f 2770 2773 2769
f 2773 2772 2769
f 2771 2770 2764
f 2771 2774 2770
f 2773 2805 2772
f 2805 2804 2772
f 2774 2773 2770
f 2806 2805 2773
f 2774 2806 2773
f 2776 2775 2767
f 2775 2771 2763
f 2775 2777 2771
f 2839 2776 2768
f 2776 2778 2775
f 2777 2774 2771
f 2778 2777 2775
f 2777 2813 2774
f 2813 2806 2774
f 2814 2813 2777
f 2842 2778 2776
f 2778 2814 2777
f 2872 2814 2778
f 2783 2781 2779
f 2780 2783 2779
f 2804 2807 2780
f 2807 2783 2780
f 2782 2796 2781
f 2784 2782 2781
f 2783 2784 2781
f 2807 2808 2783
f 2808 2784 2783
f 3543 2803 2785
f 2786 2798 2782
f 2801 2798 2786
f 2787 2786 2782
f 2784 2787 2782
f 2808 2819 2784
f 2819 2787 2784
f 2788 2801 2786
f 2788 2785 2801
f 2789 2788 2786
f 2788 3547 2785
f 2787 2789 2786
f 2819 2822 2787
f 2822 2789 2787
f 2789 3548 2788
f 2822 3567 2789
f 2791 2795 2790
f 2795 2793 2790
f 2792 2796 2791
f 2796 2795 2791
f 2795 2797 2793
f 2797 2794 2793
f 2796 2798 2795
f 2798 2797 2795
f 2781 2792 2779
f 2796 2792 2781
f 2782 2798 2796
f 2800 2799 2794
f 2797 2800 2794
f 2801 2800 2797
f 2798 2801 2797
f 2803 2802 2799
f 2800 2803 2799
f 2802 2803 3542
f 2785 2803 2800
f 2801 2785 2800
f 2805 2809 2804
f 2809 2807 2804
f 2810 2809 2805
f 2806 2810 2805
f 2809 2811 2807
f 2811 2808 2807
f 2810 2812 2809
f 2812 2811 2809
f 2813 2815 2806
f 2815 2810 2806
f 2817 2815 2813
f 2814 2817 2813
f 2875 2817 2814
f 2815 2816 2810
f 2816 2812 2810
f 2818 2816 2815
f 2817 2818 2815
f 2876 2818 2817
f 2811 2820 2808
f 2820 2819 2808
f 2812 2821 2811
f 2821 2820 2811
f 2820 2823 2819
f 2823 2822 2819
f 2823 3568 2822
f 2824 2823 2820
f 2821 2824 2820
f 2824 3569 2823
f 2816 2825 2812
f 2825 2821 2812
f 2826 2825 2816
f 2818 2826 2816
f 2887 2826 2818
f 2825 2827 2821
f 2827 2824 2821
f 2828 2827 2825
f 2827 3573 2824
f 2826 2828 2825
f 2890 2828 2826
f 2828 3574 2827
f 2729 2829 2728
f 2829 2831 2728
f 2830 2829 2729
f 2730 2830 2729
f 2830 2834 2829
f 2831 2832 2766
f 2829 2833 2831
f 2833 2832 2831
f 2832 2839 2768
f 2833 2840 2832
f 2834 2833 2829
f 2834 2841 2833
f 2733 2835 2730
f 2835 2830 2730
f 2734 2836 2733
f 2836 2835 2733
f 2849 2836 2734
f 2835 2837 2830
f 2837 2834 2830
f 2836 2838 2835
f 2838 2837 2835
f 2853 2838 2836
f 2837 2845 2834
f 2840 2839 2832
f 2839 2842 2776
f 2840 2843 2839
f 2841 2840 2833
f 2841 2844 2840
f 2843 2842 2839
f 2842 2872 2778
f 2843 2873 2842
f 2873 2872 2842
f 2844 2843 2840
f 2844 2874 2843
f 2838 2846 2837
f 2862 2846 2838
f 2845 2841 2834
f 2845 2847 2841
f 2846 2845 2837
f 2846 2848 2845
f 2847 2844 2841
f 2847 2881 2844
f 2848 2847 2845
f 2867 2848 2846
f 2848 2882 2847
f 2738 2852 2736
f 2736 2849 2734
f 2852 2849 2736
f 2850 2851 2738
f 2851 2852 2738
f 2849 2853 2836
f 2852 2854 2849
f 2854 2853 2849
f 2855 2852 2851
f 2855 2854 2852
f 2856 2858 2850
f 2858 2851 2850
f 2857 2860 2856
f 2860 2858 2856
f 6341 2860 2857
f 2858 2859 2851
f 2859 2855 2851
f 2860 2861 2858
f 2861 2859 2858
f 6342 2861 2860
f 2853 2862 2838
f 2854 2863 2853
f 2863 2862 2853
f 2862 2867 2846
f 2863 2865 2862
f 2864 2863 2854
f 2855 2864 2854
f 2864 2866 2863
f 2865 2867 2862
f 2866 2865 2863
f 2866 2899 2865
f 2867 2897 2848
f 2898 2867 2865
f 2868 2864 2855
f 2859 2868 2855
f 2861 2869 2859
f 2869 2868 2859
f 6346 2869 2861
f 2870 2866 2864
f 2868 2870 2864
f 2870 2907 2866
f 2869 2871 2868
f 2871 2870 2868
f 6348 2871 2869
f 2871 2906 2870
f 2873 2877 2872
f 2872 2875 2814
f 2877 2875 2872
f 2874 2873 2843
f 2878 2877 2873
f 2874 2878 2873
f 2875 2876 2817
f 2877 2879 2875
f 2879 2876 2875
f 2878 2880 2877
f 2880 2879 2877
f 2881 2874 2844
f 2881 2883 2874
f 2883 2878 2874
f 2882 2881 2847
f 2897 2882 2848
f 2882 2885 2881
f 2885 2883 2881
f 2900 2885 2882
f 2883 2884 2878
f 2884 2880 2878
f 2885 2886 2883
f 2886 2884 2883
f 2901 2886 2885
f 2876 2887 2818
f 2879 2888 2876
f 2888 2887 2876
f 2880 2889 2879
f 2889 2888 2879
f 2887 2890 2826
f 2888 2891 2887
f 2891 2890 2887
f 2890 3632 2828
f 2891 3633 2890
f 2892 2891 2888
f 2889 2892 2888
f 2892 3634 2891
f 2884 2893 2880
f 2893 2889 2880
f 2886 2894 2884
f 2894 2893 2884
f 2912 2894 2886
f 2893 2895 2889
f 2895 2892 2889
f 2895 3638 2892
f 2894 2896 2893
f 2896 2895 2893
f 2915 2896 2894
f 2896 3639 2895
f 2898 2897 2867
f 2897 2900 2882
f 2898 2902 2897
f 2902 2900 2897
f 2899 2898 2865
f 2903 2902 2898
f 2899 2903 2898
f 2900 2901 2885
f 2902 2904 2900
f 2904 2901 2900
f 2903 2905 2902
f 2905 2904 2902
f 2906 2907 2870
f 6371 2906 2871
f 2907 2899 2866
f 2908 2903 2899
f 2907 2908 2899
f 2910 2907 2906
f 2910 2908 2907
f 6373 2910 2906
f 2908 2909 2903
f 2909 2905 2903
f 2910 2911 2908
f 2911 2909 2908
f 6374 2911 2910
f 2904 2913 2901
f 2901 2912 2886
f 2913 2912 2901
f 2905 2914 2904
f 2914 2913 2904
f 2912 2915 2894
f 2913 2916 2912
f 2916 2915 2912
f 2915 3657 2896
f 2916 3658 2915
f 2917 2916 2913
f 2914 2917 2913
f 2917 3659 2916
f 2909 2918 2905
f 2918 2914 2905
f 2911 2919 2909
f 2919 2918 2909
f 6383 2919 2911
f 2920 2917 2914
f 2918 2920 2914
f 2920 3663 2917
f 2919 2921 2918
f 2921 2920 2918
f 6385 2921 2919
f 2921 3664 2920
f 3263 2975 501
f 3266 3263 501
f 3146 3082 501
f 3276 3273 501
f 3082 3276 501
f 3287 3266 501
f 3273 3287 501
f 2922 1375 501
f 2925 2922 501
f 2932 2925 501
f 2935 2932 501
f 2962 2935 501
f 2965 2962 501
f 2922 2923 1376
f 2925 2923 2922
f 2923 2924 1377
f 2926 2924 2923
f 2927 2928 2924
f 2925 2926 2923
f 2926 2927 2924
f 2924 2928 1380
f 2928 2929 1381
f 2930 2929 2928
f 2929 2942 1395
f 2931 2942 2929
f 2930 2928 2927
f 2930 2931 2929
f 2945 2942 2931
f 2932 2926 2925
f 2932 2933 2926
f 2933 2927 2926
f 2933 2934 2927
f 2934 2930 2927
f 2935 2933 2932
f 2935 2936 2933
f 2936 2934 2933
f 2937 2938 2934
f 2936 2937 2934
f 2934 2938 2930
f 2938 2931 2930
f 2938 2939 2931
f 2939 2945 2931
f 2952 2945 2939
f 2940 2939 2938
f 2940 2938 2937
f 2940 2941 2939
f 2941 2952 2939
f 2955 2952 2941
f 2942 2943 1396
f 2945 2943 2942
f 2943 2944 1397
f 2946 2944 2943
f 2947 2948 2944
f 2945 2946 2943
f 2946 2947 2944
f 2944 2948 1400
f 2950 2949 2948
f 2948 2949 1401
f 2949 3002 1455
f 2951 3002 2949
f 2950 2948 2947
f 2950 2951 2949
f 3005 3002 2951
f 2952 2946 2945
f 2952 2953 2946
f 2953 2947 2946
f 2953 2954 2947
f 2954 2950 2947
f 2955 2953 2952
f 2955 2956 2953
f 2956 2954 2953
f 2957 2958 2954
f 2956 2957 2954
f 2954 2958 2950
f 2958 2951 2950
f 2958 2959 2951
f 3012 3005 2959
f 2959 3005 2951
f 2960 2959 2958
f 2960 2958 2957
f 2961 3012 2959
f 2960 2961 2959
f 3015 3012 2961
f 2972 2965 501
f 2975 2972 501
f 2962 2963 2936
f 2963 2964 2937
f 2965 2963 2962
f 2966 2963 2965
f 2964 2963 2966
f 2968 2964 2967
f 2967 2964 2966
f 2964 2968 2940
f 2968 2969 2941
f 2969 2982 2955
f 2969 2968 2970
f 2970 2968 2967
f 2971 2969 2970
f 2982 2969 2971
f 2985 2982 2971
f 2962 2936 2935
f 2963 2937 2936
f 2964 2940 2937
f 2968 2941 2940
f 2969 2955 2941
f 2966 2965 2972
f 2973 2966 2972
f 2973 2967 2966
f 2974 2970 2967
f 2973 2974 2967
f 2975 2973 2972
f 2976 2973 2975
f 3263 2976 2975
f 2974 2973 2976
f 2977 2974 2976
f 2978 2974 2977
f 2978 2971 2970
f 2974 2978 2970
f 2978 2979 2971
f 2979 2985 2971
f 2992 2985 2979
f 2980 2978 2977
f 2979 2978 2980
f 2981 2979 2980
f 2992 2979 2981
f 2995 2992 2981
f 2982 2983 2956
f 2983 2984 2957
f 2983 2982 2985
f 2986 2983 2985
f 2984 2983 2986
f 2988 2984 2987
f 2987 2984 2986
f 2984 2988 2960
f 2988 2989 2961
f 3042 3015 2989
f 2989 2988 2990
f 2990 2988 2987
f 3042 2989 2991
f 2991 2989 2990
f 3045 3042 2991
f 2982 2956 2955
f 2983 2957 2956
f 2984 2960 2957
f 2988 2961 2960
f 2989 3015 2961
f 2992 2986 2985
f 2992 2993 2986
f 2993 2987 2986
f 2994 2990 2987
f 2993 2994 2987
f 2993 2992 2995
f 2996 2993 2995
f 2994 2993 2996
f 2997 2994 2996
f 2998 2994 2997
f 2998 2991 2990
f 2994 2998 2990
f 2999 3045 2991
f 2998 2999 2991
f 3052 3045 2999
f 3000 2998 2997
f 2999 2998 3000
f 3001 2999 3000
f 3052 2999 3001
f 3055 3052 3001
f 3002 3003 1456
f 3005 3003 3002
f 3003 3004 1457
f 3006 3004 3003
f 3007 3008 3004
f 3005 3006 3003
f 3006 3007 3004
f 3004 3008 1460
f 3010 3009 3008
f 3009 3022 1475
f 3008 3009 1461
f 3011 3022 3009
f 3010 3008 3007
f 3010 3011 3009
f 3025 3022 3011
f 3012 3013 3006
f 3005 3012 3006
f 3013 3007 3006
f 3013 3014 3007
f 3014 3010 3007
f 3015 3013 3012
f 3015 3016 3013
f 3016 3014 3013
f 3017 3018 3014
f 3016 3017 3014
f 3014 3018 3010
f 3018 3011 3010
f 3018 3019 3011
f 3019 3025 3011
f 3033 3025 3019
f 3020 3018 3017
f 3020 3019 3018
f 3020 3021 3019
f 3021 3033 3019
f 3036 3033 3021
f 3022 3023 1476
f 3025 3023 3022
f 3023 3024 1477
f 3026 3024 3023
f 3025 3026 3023
f 3026 3027 3024
f 3024 3028 1480
f 3027 3028 3024
f 3030 3029 3028
f 3028 3029 1481
f 3029 3382 1852
f 3031 3382 3029
f 3030 3028 3027
f 3030 3031 3029
f 3385 3382 3031
f 3033 3026 3025
f 3033 3034 3026
f 3034 3027 3026
f 3034 3035 3027
f 3036 3034 3033
f 3036 3037 3034
f 3037 3035 3034
f 3037 3038 3035
f 3035 3030 3027
f 3035 3039 3030
f 3030 3039 3031
f 3039 3040 3031
f 3040 3385 3031
f 3397 3385 3040
f 3038 3039 3035
f 3041 3039 3038
f 3041 3040 3039
f 3041 3032 3040
f 3032 3397 3040
f 3392 3397 3032
f 3042 3043 3016
f 3043 3044 3017
f 3043 3042 3045
f 3046 3043 3045
f 3043 3046 3044
f 3047 3048 3044
f 3046 3047 3044
f 3044 3048 3020
f 3048 3049 3021
f 3049 3062 3036
f 3050 3049 3048
f 3050 3048 3047
f 3051 3062 3049
f 3050 3051 3049
f 3065 3062 3051
f 3042 3016 3015
f 3043 3017 3016
f 3044 3020 3017
f 3048 3021 3020
f 3049 3036 3021
f 3052 3046 3045
f 3052 3053 3046
f 3053 3047 3046
f 3054 3050 3047
f 3053 3054 3047
f 3053 3052 3055
f 3056 3053 3055
f 3054 3053 3056
f 3057 3054 3056
f 3058 3054 3057
f 3058 3051 3050
f 3054 3058 3050
f 3059 3065 3051
f 3058 3059 3051
f 3072 3065 3059
f 3060 3058 3057
f 3059 3058 3060
f 3061 3059 3060
f 3072 3059 3061
f 3075 3072 3061
f 3036 3062 3037
f 3062 3063 3037
f 3063 3038 3037
f 3063 3064 3038
f 3065 3063 3062
f 3065 3066 3063
f 3066 3064 3063
f 3066 3067 3064
f 3064 3041 3038
f 3068 3032 3041
f 3064 3068 3041
f 3069 3392 3032
f 3068 3069 3032
f 3422 3392 3069
f 3067 3068 3064
f 3070 3069 3068
f 3070 3068 3067
f 3071 3422 3069
f 3070 3071 3069
f 3425 3422 3071
f 3072 3066 3065
f 3072 3073 3066
f 3073 3067 3066
f 3073 3074 3067
f 3073 3072 3075
f 3076 3073 3075
f 3074 3073 3076
f 3077 3074 3076
f 3074 3070 3067
f 3070 3078 3071
f 3074 3078 3070
f 3079 3425 3071
f 3078 3079 3071
f 3432 3425 3079
f 3078 3074 3077
f 3080 3078 3077
f 3079 3078 3080
f 3079 3080 3081
f 3432 3079 3081
f 3435 3432 3081
f 3093 3097 501
f 3103 3083 501
f 3097 3103 501
f 3133 3136 501
f 3136 3143 501
f 3083 3085 501
f 3085 3133 501
f 3143 3146 501
f 3146 3278 3082
f 3147 3280 3278
f 3148 3284 3280
f 3151 3286 3284
f 3152 3307 3286
f 3084 3086 3083
f 3086 3085 3083
f 3087 3088 3084
f 3088 3086 3084
f 3090 3088 3087
f 3107 3108 3091
f 3089 3090 3087
f 3091 3092 3089
f 3092 3090 3089
f 3108 3110 3091
f 3110 3092 3091
f 3094 3093 2333
f 3094 3096 3093
f 3095 3094 2334
f 3099 3095 2329
f 3095 3098 3094
f 3104 3103 3097
f 3104 3097 3096
f 3096 3097 3093
f 3098 3105 3096
f 3105 3104 3096
f 3106 3105 3098
f 3098 3096 3094
f 3101 3098 3095
f 3100 3099 2335
f 3099 3101 3095
f 3100 3102 3099
f 3118 3100 2336
f 3118 3121 3100
f 3102 3101 3099
f 3101 3106 3098
f 3107 3106 3101
f 3102 3107 3101
f 3121 3102 3100
f 3128 3107 3102
f 3121 3128 3102
f 3103 3084 3083
f 3103 3104 3084
f 3104 3105 3087
f 3104 3087 3084
f 3105 3089 3087
f 3106 3107 3091
f 3105 3106 3089
f 3106 3091 3089
f 3128 3108 3107
f 3128 3109 3108
f 3129 3112 3109
f 3130 3114 3112
f 3109 3111 3108
f 3111 3110 3108
f 3112 3113 3109
f 3113 3111 3109
f 3115 3113 3112
f 3131 3116 3114
f 3131 3132 3116
f 3196 3174 3132
f 3132 3174 3116
f 3114 3115 3112
f 3117 3115 3114
f 3116 3117 3114
f 3174 3176 3116
f 3176 3117 3116
f 3119 3122 3118
f 3119 3118 2351
f 3120 3123 3119
f 3120 3119 2352
f 3124 3120 2353
f 3122 3121 3118
f 3129 3128 3121
f 3122 3129 3121
f 3123 3122 3119
f 3126 3123 3120
f 3123 3130 3122
f 3130 3129 3122
f 3131 3130 3123
f 3125 3124 2357
f 3124 3126 3120
f 3186 3125 2358
f 3125 3127 3124
f 3186 3189 3125
f 3127 3126 3124
f 3126 3131 3123
f 3132 3131 3126
f 3189 3127 3125
f 3127 3132 3126
f 3189 3196 3127
f 3196 3132 3127
f 3128 3129 3109
f 3129 3130 3112
f 3130 3131 3114
f 3137 3144 3136
f 3138 3145 3137
f 3134 3133 3085
f 3086 3134 3085
f 3135 3134 3086
f 3139 3135 3088
f 3088 3135 3086
f 3137 3136 3133
f 3134 3137 3133
f 3138 3137 3134
f 3135 3138 3134
f 3141 3138 3135
f 3141 3149 3138
f 3142 3150 3141
f 3156 3163 3142
f 3140 3139 3090
f 3090 3139 3088
f 3092 3140 3090
f 3153 3140 3092
f 3110 3153 3092
f 3139 3141 3135
f 3142 3141 3139
f 3140 3142 3139
f 3156 3142 3140
f 3153 3156 3140
f 3147 3146 3143
f 3144 3143 3136
f 3144 3147 3143
f 3148 3147 3144
f 3151 3148 3145
f 3145 3144 3137
f 3149 3145 3138
f 3145 3148 3144
f 3146 3147 3278
f 3147 3148 3280
f 3152 3151 3149
f 3150 3149 3141
f 3149 3151 3145
f 3150 3152 3149
f 3166 3152 3150
f 3163 3150 3142
f 3163 3166 3150
f 3148 3151 3284
f 3151 3152 3286
f 3152 3166 3307
f 3157 3164 3156
f 3158 3165 3157
f 3154 3153 3110
f 3111 3154 3110
f 3155 3154 3111
f 3159 3155 3113
f 3113 3155 3111
f 3157 3156 3153
f 3154 3157 3153
f 3158 3157 3154
f 3155 3158 3154
f 3161 3158 3155
f 3161 3169 3158
f 3162 3170 3161
f 3160 3159 3115
f 3115 3159 3113
f 3223 3160 3117
f 3117 3160 3115
f 3176 3223 3117
f 3159 3161 3155
f 3162 3161 3159
f 3160 3162 3159
f 3226 3162 3160
f 3223 3226 3160
f 3226 3233 3162
f 3167 3166 3163
f 3164 3163 3156
f 3164 3167 3163
f 3168 3167 3164
f 3171 3168 3165
f 3165 3164 3157
f 3169 3165 3158
f 3165 3168 3164
f 3166 3308 3307
f 3166 3167 3308
f 3167 3168 3310
f 3167 3310 3308
f 3168 3314 3310
f 3170 3169 3161
f 3169 3171 3165
f 3233 3170 3162
f 3170 3172 3169
f 3233 3236 3170
f 3168 3171 3314
f 3171 3316 3314
f 3172 3171 3169
f 3171 3172 3316
f 3236 3337 3172
f 3172 3337 3316
f 3236 3172 3170
f 3196 3197 3175
f 3196 3175 3174
f 3178 3197 3173
f 3197 3178 3175
f 3182 3178 3173
f 3175 3177 3174
f 3177 3176 3174
f 3178 3179 3175
f 3179 3177 3175
f 3183 3179 3178
f 3180 3182 3173
f 3184 3182 3180
f 3181 3184 3180
f 3199 3202 3181
f 3202 3184 3181
f 3182 3183 3178
f 3185 3183 3182
f 3184 3185 3182
f 3202 3204 3184
f 3204 3185 3184
f 3187 3186 2411
f 3187 3190 3186
f 3188 3187 2410
f 3192 3188 2412
f 3188 3191 3187
f 3190 3189 3186
f 3197 3196 3189
f 3190 3197 3189
f 3191 3190 3187
f 3194 3191 3188
f 3190 3191 3173
f 3197 3190 3173
f 3191 3180 3173
f 3193 3192 2415
f 3192 3194 3188
f 3214 3193 2416
f 3193 3195 3192
f 3214 3217 3193
f 3195 3194 3192
f 3191 3194 3180
f 3194 3181 3180
f 3217 3195 3193
f 3194 3195 3181
f 3217 3199 3195
f 3195 3199 3181
f 3217 3200 3199
f 3201 3200 3218
f 3222 3208 3219
f 3208 3201 3219
f 3209 3208 3222
f 3209 3222 3198
f 3544 3551 3198
f 3551 3209 3198
f 3200 3203 3199
f 3203 3202 3199
f 3201 3206 3200
f 3206 3203 3200
f 3203 3205 3202
f 3205 3204 3202
f 3206 3207 3203
f 3207 3205 3203
f 3208 3210 3201
f 3210 3206 3201
f 3212 3210 3208
f 3209 3212 3208
f 3551 3554 3209
f 3554 3212 3209
f 3210 3211 3206
f 3211 3207 3206
f 3213 3211 3210
f 3212 3213 3210
f 3554 3555 3212
f 3555 3213 3212
f 3215 3214 2435
f 3215 3218 3214
f 3216 3215 2436
f 3216 3219 3215
f 3218 3217 3214
f 3200 3217 3218
f 3219 3218 3215
f 3219 3201 3218
f 3220 3216 2437
f 3221 3220 2440
f 3220 3222 3216
f 3566 3221 2441
f 3220 3221 3198
f 3566 3544 3221
f 3222 3219 3216
f 3222 3220 3198
f 3221 3544 3198
f 3224 3223 3176
f 3177 3224 3176
f 3225 3224 3177
f 3229 3225 3179
f 3179 3225 3177
f 3227 3226 3223
f 3224 3227 3223
f 3227 3234 3226
f 3228 3227 3224
f 3225 3228 3224
f 3231 3228 3225
f 3228 3235 3227
f 3183 3229 3179
f 3230 3229 3183
f 3185 3230 3183
f 3204 3243 3185
f 3243 3230 3185
f 3229 3231 3225
f 3232 3231 3229
f 3231 3239 3228
f 3230 3232 3229
f 3243 3246 3230
f 3246 3232 3230
f 3232 3240 3231
f 3246 3253 3232
f 3234 3233 3226
f 3234 3237 3233
f 3235 3234 3227
f 3239 3235 3228
f 3235 3238 3234
f 3236 3338 3337
f 3236 3237 3338
f 3237 3236 3233
f 3237 3340 3338
f 3237 3238 3340
f 3238 3344 3340
f 3238 3237 3234
f 3241 3238 3235
f 3240 3239 3231
f 3239 3241 3235
f 3253 3240 3232
f 3240 3242 3239
f 3253 3256 3240
f 3238 3241 3344
f 3241 3346 3344
f 3242 3241 3239
f 3241 3242 3346
f 3242 3377 3346
f 3256 3377 3242
f 3256 3242 3240
f 3244 3243 3204
f 3205 3244 3204
f 3245 3244 3205
f 3207 3245 3205
f 3247 3246 3243
f 3244 3247 3243
f 3247 3254 3246
f 3248 3247 3244
f 3245 3248 3244
f 3248 3255 3247
f 3211 3249 3207
f 3249 3245 3207
f 3250 3249 3211
f 3213 3250 3211
f 3555 3592 3213
f 3592 3250 3213
f 3249 3251 3245
f 3251 3248 3245
f 3252 3251 3249
f 3251 3259 3248
f 3250 3252 3249
f 3592 3595 3250
f 3595 3252 3250
f 3252 3260 3251
f 3595 3602 3252
f 3254 3253 3246
f 3254 3257 3253
f 3255 3254 3247
f 3255 3258 3254
f 3378 3377 3256
f 3257 3378 3256
f 3257 3256 3253
f 3379 3378 3257
f 3258 3379 3257
f 3258 3257 3254
f 3259 3255 3248
f 3259 3261 3255
f 3260 3262 3259
f 3602 3605 3260
f 3380 3379 3258
f 3261 3380 3258
f 3381 3380 3261
f 3261 3258 3255
f 3262 3261 3259
f 3262 3381 3261
f 3772 3381 3262
f 3605 3772 3262
f 3605 3262 3260
f 3260 3259 3251
f 3602 3260 3252
f 3263 3264 2976
f 3266 3264 3263
f 3264 3265 2977
f 3267 3265 3264
f 3268 3269 3265
f 3267 3266 3287
f 3288 3267 3287
f 3268 3267 3288
f 3289 3268 3288
f 3271 3268 3289
f 3266 3267 3264
f 3267 3268 3265
f 3265 3269 2980
f 3269 3270 2981
f 3271 3270 3269
f 3270 3292 2995
f 3272 3292 3270
f 3290 3271 3289
f 3272 3271 3290
f 3291 3272 3290
f 3295 3272 3291
f 3317 3295 3291
f 3271 3269 3268
f 3271 3272 3270
f 3295 3292 3272
f 3274 3288 3273
f 3274 3273 3276
f 3275 3289 3274
f 3275 3274 3277
f 3281 3275 3279
f 3277 3276 3082
f 3278 3277 3082
f 3279 3277 3278
f 3283 3279 3280
f 3280 3279 3278
f 3277 3274 3276
f 3279 3275 3277
f 3281 3290 3275
f 3282 3281 3283
f 3282 3291 3281
f 3302 3282 3285
f 3302 3317 3282
f 3285 3283 3284
f 3284 3283 3280
f 3286 3285 3284
f 3305 3285 3286
f 3307 3305 3286
f 3283 3281 3279
f 3285 3282 3283
f 3305 3302 3285
f 3288 3287 3273
f 3289 3288 3274
f 3290 3289 3275
f 3291 3290 3281
f 3317 3291 3282
f 3292 3293 2996
f 3295 3293 3292
f 3293 3294 2997
f 3296 3294 3293
f 3297 3298 3294
f 3296 3295 3317
f 3318 3296 3317
f 3297 3296 3318
f 3319 3297 3318
f 3300 3297 3319
f 3295 3296 3293
f 3296 3297 3294
f 3300 3299 3298
f 3301 3322 3299
f 3320 3300 3319
f 3301 3300 3320
f 3321 3301 3320
f 3325 3301 3321
f 3347 3325 3321
f 3300 3298 3297
f 3300 3301 3299
f 3325 3322 3301
f 3303 3302 3305
f 3303 3318 3302
f 3304 3303 3306
f 3311 3304 3309
f 3304 3319 3303
f 3308 3306 3307
f 3306 3305 3307
f 3310 3309 3308
f 3309 3306 3308
f 3313 3309 3310
f 3306 3303 3305
f 3309 3304 3306
f 3312 3311 3313
f 3311 3320 3304
f 3312 3321 3311
f 3332 3347 3312
f 3314 3313 3310
f 3315 3313 3314
f 3316 3315 3314
f 3337 3335 3316
f 3335 3315 3316
f 3313 3311 3309
f 3315 3312 3313
f 3335 3332 3315
f 3332 3312 3315
f 3318 3317 3302
f 3319 3318 3303
f 3320 3319 3304
f 3321 3320 3311
f 3347 3321 3312
f 3264 2977 2976
f 3265 2980 2977
f 3269 2981 2980
f 3270 2995 2981
f 3292 2996 2995
f 3293 2997 2996
f 3294 3000 2997
f 3294 3298 3000
f 3298 3001 3000
f 3298 3299 3001
f 3299 3055 3001
f 3299 3322 3055
f 3325 3323 3322
f 3326 3324 3323
f 3327 3328 3324
f 3326 3325 3347
f 3348 3326 3347
f 3327 3326 3348
f 3349 3327 3348
f 3330 3327 3349
f 3325 3326 3323
f 3326 3327 3324
f 3330 3329 3328
f 3331 3352 3329
f 3350 3330 3349
f 3331 3330 3350
f 3351 3331 3350
f 3355 3331 3351
f 3372 3355 3351
f 3330 3328 3327
f 3330 3331 3329
f 3355 3352 3331
f 3333 3348 3332
f 3334 3349 3333
f 3338 3336 3337
f 3336 3335 3337
f 3340 3339 3338
f 3339 3336 3338
f 3343 3339 3340
f 3333 3332 3335
f 3336 3333 3335
f 3339 3334 3336
f 3334 3333 3336
f 3341 3334 3339
f 3341 3350 3334
f 3342 3351 3341
f 3362 3372 3342
f 3344 3343 3340
f 3345 3343 3344
f 3346 3345 3344
f 3377 3365 3346
f 3365 3345 3346
f 3343 3341 3339
f 3342 3341 3343
f 3345 3342 3343
f 3362 3342 3345
f 3365 3362 3345
f 3348 3347 3332
f 3349 3348 3333
f 3350 3349 3334
f 3351 3350 3341
f 3372 3351 3342
f 3355 3353 3352
f 3356 3354 3353
f 3356 3355 3372
f 3373 3356 3372
f 3357 3356 3373
f 3374 3357 3373
f 3355 3356 3353
f 3356 3357 3354
f 3357 3358 3354
f 3360 3359 3358
f 3361 3722 3359
f 3360 3357 3374
f 3375 3360 3374
f 3361 3360 3375
f 3376 3361 3375
f 3725 3361 3376
f 3742 3725 3376
f 3360 3358 3357
f 3360 3361 3359
f 3725 3722 3361
f 3377 3378 3366
f 3377 3366 3365
f 3378 3379 3367
f 3378 3367 3366
f 3363 3362 3365
f 3366 3363 3365
f 3367 3364 3366
f 3364 3363 3366
f 3379 3380 3370
f 3379 3370 3367
f 3380 3371 3370
f 3380 3381 3371
f 3772 3735 3381
f 3381 3735 3371
f 3370 3368 3367
f 3368 3364 3367
f 3369 3368 3370
f 3371 3369 3370
f 3735 3732 3371
f 3732 3369 3371
f 3373 3372 3362
f 3363 3373 3362
f 3374 3373 3363
f 3364 3374 3363
f 3375 3374 3364
f 3376 3375 3368
f 3368 3375 3364
f 3742 3376 3369
f 3369 3376 3368
f 3732 3742 3369
f 3322 3056 3055
f 3322 3323 3056
f 3323 3057 3056
f 3323 3324 3057
f 3324 3060 3057
f 3324 3328 3060
f 3328 3061 3060
f 3328 3329 3061
f 3329 3075 3061
f 3329 3352 3075
f 3352 3076 3075
f 3352 3353 3076
f 3353 3077 3076
f 3353 3354 3077
f 3354 3080 3077
f 3354 3358 3080
f 3080 3358 3081
f 3358 3359 3081
f 3359 3435 3081
f 3722 3435 3359
f 3382 3383 1853
f 3385 3383 3382
f 3383 3384 1854
f 3386 3384 3383
f 3385 3386 3383
f 3386 3387 3384
f 3384 3388 1855
f 3387 3388 3384
f 3390 3389 3388
f 3388 3389 1856
f 3389 3408 1876
f 3391 3408 3389
f 3390 3388 3387
f 3399 3390 3387
f 3400 3391 3390
f 3390 3391 3389
f 3410 3408 3391
f 3401 3410 3391
f 3393 3394 3399
f 3395 3400 3394
f 3395 3401 3400
f 3395 3396 3401
f 3396 3412 3401
f 3415 3412 3396
f 3397 3386 3385
f 3397 3398 3386
f 3398 3387 3386
f 3398 3399 3387
f 3392 3398 3397
f 3392 3393 3398
f 3393 3399 3398
f 3399 3400 3390
f 3400 3401 3391
f 3412 3410 3401
f 3394 3400 3399
f 3409 3402 1871
f 3413 3403 3411
f 3402 3404 1874
f 3403 3404 3402
f 3406 3405 3404
f 3404 3405 1875
f 3407 3462 3405
f 3406 3404 3403
f 3414 3406 3403
f 3418 3407 3406
f 3406 3407 3405
f 3419 3465 3407
f 3408 3409 1870
f 3410 3409 3408
f 3411 3402 3409
f 3410 3411 3409
f 3412 3411 3410
f 3411 3403 3402
f 3412 3413 3411
f 3413 3414 3403
f 3413 3412 3415
f 3416 3413 3415
f 3414 3413 3416
f 3417 3414 3416
f 3414 3418 3406
f 3418 3419 3407
f 3418 3414 3417
f 3420 3418 3417
f 3418 3420 3419
f 3420 3421 3419
f 3421 3472 3419
f 3422 3393 3392
f 3422 3423 3393
f 3423 3394 3393
f 3423 3424 3394
f 3425 3423 3422
f 3425 3426 3423
f 3426 3424 3423
f 3426 3427 3424
f 3424 3395 3394
f 3424 3428 3395
f 3428 3396 3395
f 3428 3429 3396
f 3429 3415 3396
f 3429 3442 3415
f 3430 3428 3427
f 3430 3429 3428
f 3427 3428 3424
f 3430 3431 3429
f 3431 3442 3429
f 3445 3442 3431
f 3432 3426 3425
f 3426 3432 3433
f 3427 3426 3433
f 3434 3427 3433
f 3432 3435 3433
f 3435 3436 3433
f 3436 3434 3433
f 3436 3437 3434
f 3438 3430 3434
f 3439 3431 3438
f 3452 3445 3439
f 3430 3427 3434
f 3431 3430 3438
f 3445 3431 3439
f 3437 3438 3434
f 3440 3438 3437
f 3440 3439 3438
f 3440 3441 3439
f 3455 3452 3441
f 3441 3452 3439
f 3442 3416 3415
f 3442 3444 3416
f 3444 3417 3416
f 3444 3443 3417
f 3445 3444 3442
f 3445 3446 3444
f 3446 3443 3444
f 3446 3447 3443
f 3443 3420 3417
f 3443 3448 3420
f 3448 3421 3420
f 3448 3449 3421
f 3449 3475 3421
f 3447 3448 3443
f 3450 3448 3447
f 3450 3449 3448
f 3450 3451 3449
f 3451 3504 3449
f 3453 3446 3452
f 3454 3447 3453
f 3446 3445 3452
f 3447 3446 3453
f 3455 3456 3453
f 3455 3453 3452
f 3456 3457 3454
f 3456 3454 3453
f 3748 3457 3456
f 3458 3450 3454
f 3451 3450 3458
f 3459 3451 3458
f 3508 3451 3459
f 3450 3447 3454
f 3460 3458 3457
f 3457 3458 3454
f 3460 3459 3458
f 3749 3460 3457
f 3753 3461 3460
f 3460 3461 3459
f 3461 3514 3459
f 3754 3517 3461
f 3405 3462 1935
f 3462 3463 1936
f 3462 3465 3463
f 3463 3464 1937
f 3466 3464 3463
f 3465 3462 3407
f 3465 3466 3463
f 3465 3472 3466
f 3466 3467 3464
f 3473 3467 3466
f 3464 3468 1940
f 3467 3468 3464
f 3468 3469 1941
f 3470 3469 3468
f 3471 3482 3469
f 3470 3468 3467
f 3474 3470 3467
f 3470 3471 3469
f 3478 3471 3470
f 3479 3485 3471
f 3472 3465 3419
f 3472 3473 3466
f 3475 3473 3472
f 3473 3474 3467
f 3476 3474 3473
f 3475 3472 3421
f 3475 3476 3473
f 3476 3477 3474
f 3474 3478 3470
f 3477 3478 3474
f 3478 3479 3471
f 3480 3479 3478
f 3481 3492 3479
f 3480 3478 3477
f 3480 3481 3479
f 3510 3481 3480
f 3511 3495 3481
f 3469 3482 1955
f 3482 3483 1957
f 3485 3483 3482
f 3483 3484 1956
f 3486 3484 3483
f 3485 3482 3471
f 3485 3486 3483
f 3492 3486 3485
f 3486 3487 3484
f 3494 3487 3486
f 3484 3488 1960
f 3487 3488 3484
f 3488 3489 1961
f 3490 3489 3488
f 3491 7006 3489
f 3490 3488 3487
f 3493 3490 3487
f 3490 3491 3489
f 3498 3491 3490
f 3499 7016 3491
f 3492 3485 3479
f 3492 3494 3486
f 3495 3494 3492
f 3494 3493 3487
f 3496 3493 3494
f 3495 3492 3481
f 3495 3496 3494
f 3524 3496 3495
f 3496 3497 3493
f 3496 3525 3497
f 3493 3498 3490
f 3497 3498 3493
f 3498 3499 3491
f 3500 3499 3498
f 3501 7029 3499
f 3500 3498 3497
f 3526 3500 3497
f 3500 3501 3499
f 3530 3501 3500
f 3531 7040 3501
f 3518 3784 3519
f 3783 3522 3519
f 3788 3523 3522
f 3789 3537 3523
f 3807 3538 3537
f 3809 3539 3538
f 3808 3502 3539
f 3813 3503 3502
f 3814 7055 3503
f 3504 3475 3449
f 3504 3505 3476
f 3504 3476 3475
f 3505 3477 3476
f 3505 3506 3477
f 3508 3504 3451
f 3504 3508 3505
f 3508 3509 3505
f 3509 3506 3505
f 3509 3507 3506
f 3506 3480 3477
f 3506 3510 3480
f 3510 3511 3481
f 3527 3513 3521
f 3507 3510 3506
f 3512 3510 3507
f 3512 3511 3510
f 3512 3513 3511
f 3513 3524 3511
f 3514 3508 3459
f 3509 3508 3514
f 3515 3509 3514
f 3507 3509 3515
f 3516 3507 3515
f 3518 3516 3515
f 3517 3514 3461
f 3517 3515 3514
f 3517 3518 3515
f 3782 3518 3517
f 3518 3519 3516
f 3512 3507 3516
f 3520 3512 3516
f 3519 3520 3516
f 3513 3512 3520
f 3521 3513 3520
f 3522 3521 3520
f 3523 3534 3521
f 3522 3520 3519
f 3522 3523 3521
f 3511 3524 3495
f 3524 3525 3496
f 3527 3525 3524
f 3525 3526 3497
f 3526 3525 3528
f 3527 3524 3513
f 3525 3527 3528
f 3527 3534 3528
f 3529 3526 3528
f 3535 3529 3528
f 3530 3526 3529
f 3531 3530 3532
f 7102 3531 3533
f 3526 3530 3500
f 3530 3531 3501
f 3532 3530 3529
f 3536 3532 3529
f 3533 3531 3532
f 3540 3533 3532
f 3541 7116 3533
f 3534 3527 3521
f 3534 3535 3528
f 3537 3535 3534
f 3535 3536 3529
f 3538 3536 3535
f 3537 3534 3523
f 3537 3538 3535
f 3538 3539 3536
f 3536 3540 3532
f 3539 3540 3536
f 3540 3541 3533
f 3540 3502 3541
f 3503 7146 3541
f 3502 3540 3539
f 3502 3503 3541
f 3545 3566 3542
f 2803 3543 3542
f 3543 3546 3542
f 3566 3545 3544
f 3552 3551 3544
f 3545 3552 3544
f 3546 3545 3542
f 3553 3552 3545
f 3546 3553 3545
f 3547 3543 2785
f 3548 3547 2788
f 3547 3549 3543
f 3567 3548 2789
f 3548 3550 3547
f 3567 3570 3548
f 3549 3546 3543
f 3550 3549 3547
f 3549 3560 3546
f 3560 3553 3546
f 3561 3560 3549
f 3570 3550 3548
f 3550 3561 3549
f 3570 3577 3550
f 3577 3561 3550
f 3552 3556 3551
f 3556 3554 3551
f 3553 3557 3552
f 3557 3556 3552
f 3556 3558 3554
f 3558 3555 3554
f 3557 3559 3556
f 3559 3558 3556
f 3560 3562 3553
f 3562 3557 3553
f 3564 3562 3560
f 3561 3564 3560
f 3577 3580 3561
f 3580 3564 3561
f 3562 3563 3557
f 3563 3559 3557
f 3565 3563 3562
f 3564 3565 3562
f 3580 3581 3564
f 3581 3565 3564
f 3566 2802 3542
f 3568 3567 2822
f 3568 3571 3567
f 3569 3568 2823
f 3569 3572 3568
f 3571 3570 3567
f 3571 3578 3570
f 3578 3577 3570
f 3572 3571 3568
f 3579 3578 3571
f 3572 3579 3571
f 3573 3569 2824
f 3574 3573 2827
f 3573 3575 3569
f 3632 3574 2828
f 3574 3576 3573
f 3575 3572 3569
f 3576 3575 3573
f 3575 3586 3572
f 3586 3579 3572
f 3587 3586 3575
f 3635 3576 3574
f 3576 3587 3575
f 3642 3587 3576
f 3578 3582 3577
f 3582 3580 3577
f 3579 3583 3578
f 3583 3582 3578
f 3582 3584 3580
f 3584 3581 3580
f 3583 3585 3582
f 3585 3584 3582
f 3586 3588 3579
f 3588 3583 3579
f 3590 3588 3586
f 3587 3590 3586
f 3645 3590 3587
f 3588 3589 3583
f 3589 3585 3583
f 3591 3589 3588
f 3590 3591 3588
f 3646 3591 3590
f 3593 3592 3555
f 3558 3593 3555
f 3594 3593 3558
f 3559 3594 3558
f 3596 3595 3592
f 3593 3596 3592
f 3596 3603 3595
f 3597 3596 3593
f 3594 3597 3593
f 3597 3604 3596
f 3563 3598 3559
f 3598 3594 3559
f 3599 3598 3563
f 3565 3599 3563
f 3581 3612 3565
f 3612 3599 3565
f 3598 3600 3594
f 3600 3597 3594
f 3601 3600 3598
f 3600 3608 3597
f 3599 3601 3598
f 3612 3615 3599
f 3615 3601 3599
f 3601 3609 3600
f 3615 3622 3601
f 3603 3606 3602
f 3604 3607 3603
f 3773 3772 3605
f 3606 3773 3605
f 3606 3605 3602
f 3774 3773 3606
f 3607 3774 3606
f 3607 3606 3603
f 3603 3602 3595
f 3604 3603 3596
f 3608 3610 3604
f 3609 3611 3608
f 3622 3625 3609
f 3775 3774 3607
f 3610 3775 3607
f 3776 3775 3610
f 3610 3607 3604
f 3611 3610 3608
f 3611 3776 3610
f 3777 3776 3611
f 3625 3777 3611
f 3625 3611 3609
f 3608 3604 3597
f 3609 3608 3600
f 3622 3609 3601
f 3584 3613 3581
f 3613 3612 3581
f 3585 3614 3584
f 3614 3613 3584
f 3613 3616 3612
f 3616 3615 3612
f 3616 3623 3615
f 3617 3616 3613
f 3614 3617 3613
f 3617 3624 3616
f 3589 3618 3585
f 3618 3614 3585
f 3619 3618 3589
f 3591 3619 3589
f 3682 3619 3591
f 3618 3620 3614
f 3620 3617 3614
f 3621 3620 3618
f 3620 3628 3617
f 3619 3621 3618
f 3685 3621 3619
f 3621 3629 3620
f 3623 3626 3622
f 3624 3627 3623
f 3778 3777 3625
f 3626 3778 3625
f 3626 3625 3622
f 3779 3778 3626
f 3627 3779 3626
f 3627 3626 3623
f 3623 3622 3615
f 3624 3623 3616
f 3628 3630 3624
f 3629 3631 3628
f 3780 3779 3627
f 3630 3780 3627
f 3781 3780 3630
f 3630 3627 3624
f 3631 3630 3628
f 3631 3781 3630
f 3834 3781 3631
f 3695 3631 3629
f 3628 3624 3617
f 3629 3628 3620
f 3692 3629 3621
f 3633 3632 2890
f 3632 3635 3574
f 3633 3636 3632
f 3634 3633 2891
f 3634 3637 3633
f 3636 3635 3632
f 3635 3642 3576
f 3636 3643 3635
f 3643 3642 3635
f 3637 3636 3633
f 3644 3643 3636
f 3637 3644 3636
f 3638 3634 2892
f 3638 3640 3634
f 3639 3638 2895
f 3657 3639 2896
f 3639 3641 3638
f 3640 3637 3634
f 3640 3651 3637
f 3651 3644 3637
f 3641 3640 3638
f 3660 3641 3639
f 3641 3652 3640
f 3652 3651 3640
f 3667 3652 3641
f 3642 3645 3587
f 3643 3647 3642
f 3647 3645 3642
f 3644 3648 3643
f 3648 3647 3643
f 3645 3646 3590
f 3647 3649 3645
f 3649 3646 3645
f 3648 3650 3647
f 3650 3649 3647
f 3651 3653 3644
f 3653 3648 3644
f 3652 3655 3651
f 3655 3653 3651
f 3670 3655 3652
f 3653 3654 3648
f 3654 3650 3648
f 3655 3656 3653
f 3656 3654 3653
f 3671 3656 3655
f 3658 3657 2915
f 3657 3660 3639
f 3658 3661 3657
f 3659 3658 2916
f 3659 3662 3658
f 3661 3660 3657
f 3660 3667 3641
f 3661 3668 3660
f 3668 3667 3660
f 3662 3661 3658
f 3669 3668 3661
f 3662 3669 3661
f 3663 3659 2917
f 3663 3665 3659
f 3664 3663 2920
f 7381 3664 2921
f 3664 3666 3663
f 3665 3662 3659
f 3676 3669 3662
f 3665 3676 3662
f 3666 3665 3663
f 7383 3666 3664
f 3666 3677 3665
f 3677 3676 3665
f 7391 3677 3666
f 3667 3670 3652
f 3668 3672 3667
f 3672 3670 3667
f 3669 3673 3668
f 3673 3672 3668
f 3670 3671 3655
f 3672 3674 3670
f 3674 3671 3670
f 3673 3675 3672
f 3675 3674 3672
f 3676 3678 3669
f 3678 3673 3669
f 3677 3680 3676
f 3680 3678 3676
f 7393 3680 3677
f 3678 3679 3673
f 3679 3675 3673
f 3680 3681 3678
f 3681 3679 3678
f 7394 3681 3680
f 3646 3682 3591
f 3649 3683 3646
f 3683 3682 3646
f 3650 3684 3649
f 3684 3683 3649
f 3682 3685 3619
f 3683 3686 3682
f 3686 3685 3682
f 3685 3692 3621
f 3686 3693 3685
f 3687 3686 3683
f 3684 3687 3683
f 3687 3694 3686
f 3654 3688 3650
f 3688 3684 3650
f 3656 3689 3654
f 3689 3688 3654
f 3702 3689 3656
f 3688 3690 3684
f 3690 3687 3684
f 3690 3698 3687
f 3689 3691 3688
f 3691 3690 3688
f 3705 3691 3689
f 3691 3699 3690
f 3692 3695 3629
f 3693 3696 3692
f 3694 3697 3693
f 3695 3834 3631
f 3835 3834 3695
f 3696 3835 3695
f 3696 3695 3692
f 3836 3835 3696
f 3697 3836 3696
f 3697 3696 3693
f 3693 3692 3685
f 3694 3693 3686
f 3698 3700 3694
f 3699 3701 3698
f 3837 3836 3697
f 3700 3837 3697
f 3700 3697 3694
f 3838 3837 3700
f 3701 3838 3700
f 3839 3838 3701
f 3701 3700 3698
f 3715 3701 3699
f 3698 3694 3687
f 3699 3698 3690
f 3712 3699 3691
f 3671 3702 3656
f 3674 3703 3671
f 3703 3702 3671
f 3675 3704 3674
f 3704 3703 3674
f 3702 3705 3689
f 3703 3706 3702
f 3706 3705 3702
f 3705 3712 3691
f 3706 3713 3705
f 3707 3706 3703
f 3704 3707 3703
f 3707 3714 3706
f 3679 3708 3675
f 3708 3704 3675
f 3681 3709 3679
f 3709 3708 3679
f 7431 3709 3681
f 3710 3707 3704
f 3708 3710 3704
f 3710 3718 3707
f 3709 3711 3708
f 3711 3710 3708
f 7433 3711 3709
f 3711 3719 3710
f 3712 3715 3699
f 3713 3716 3712
f 3714 3717 3713
f 3715 3839 3701
f 3840 3839 3715
f 3716 3840 3715
f 3716 3715 3712
f 3841 3840 3716
f 3717 3841 3716
f 3717 3716 3713
f 3713 3712 3705
f 3714 3713 3706
f 3718 3720 3714
f 3719 3721 3718
f 3841 3717 3827
f 3717 3720 3827
f 3720 3717 3714
f 3720 3829 3827
f 3720 3721 3829
f 3721 7588 3829
f 3721 3720 3718
f 7443 3721 3719
f 3718 3714 3707
f 3719 3718 3710
f 7441 3719 3711
f 3722 3723 3436
f 3725 3723 3722
f 3723 3724 3437
f 3726 3724 3723
f 3726 3725 3742
f 3743 3726 3742
f 3727 3726 3743
f 3744 3727 3743
f 3725 3726 3723
f 3726 3727 3724
f 3724 3728 3440
f 3727 3728 3724
f 3730 3729 3728
f 3728 3729 3441
f 3729 3747 3455
f 3731 3747 3729
f 3730 3727 3744
f 3745 3730 3744
f 3731 3730 3745
f 3746 3731 3745
f 3750 3731 3746
f 3767 3750 3746
f 3730 3728 3727
f 3730 3731 3729
f 3750 3747 3731
f 3772 3773 3736
f 3772 3736 3735
f 3773 3774 3737
f 3773 3737 3736
f 3736 3733 3735
f 3733 3732 3735
f 3737 3734 3736
f 3734 3733 3736
f 3774 3775 3740
f 3774 3740 3737
f 3775 3741 3740
f 3775 3776 3741
f 3776 3777 3761
f 3776 3761 3741
f 3740 3738 3737
f 3738 3734 3737
f 3739 3738 3740
f 3741 3739 3740
f 3761 3757 3741
f 3757 3739 3741
f 3743 3742 3732
f 3733 3743 3732
f 3744 3743 3733
f 3734 3744 3733
f 3745 3744 3734
f 3746 3745 3738
f 3738 3745 3734
f 3767 3746 3739
f 3739 3746 3738
f 3757 3767 3739
f 3747 3748 3456
f 3750 3748 3747
f 3748 3749 3457
f 3751 3749 3748
f 3751 3750 3767
f 3751 3767 3768
f 3752 3751 3768
f 3769 3752 3768
f 3750 3751 3748
f 3751 3752 3749
f 3749 3753 3460
f 3755 3754 3753
f 3752 3753 3749
f 3753 3754 3461
f 3756 3782 3754
f 3755 3752 3769
f 3770 3755 3769
f 3756 3755 3770
f 3771 3756 3770
f 3785 3756 3771
f 3755 3753 3752
f 3755 3756 3754
f 3758 3768 3757
f 3759 3769 3758
f 3777 3778 3762
f 3777 3762 3761
f 3778 3779 3760
f 3778 3760 3762
f 3762 3758 3761
f 3758 3757 3761
f 3760 3759 3762
f 3759 3758 3762
f 3763 3770 3759
f 3764 3771 3763
f 3779 3780 3765
f 3779 3765 3760
f 3780 3766 3765
f 3780 3781 3766
f 3781 3795 3766
f 3763 3759 3760
f 3765 3763 3760
f 3764 3763 3765
f 3766 3764 3765
f 3792 3764 3766
f 3768 3767 3757
f 3769 3768 3758
f 3770 3769 3759
f 3771 3770 3763
f 3802 3771 3764
f 3722 3436 3435
f 3723 3437 3436
f 3724 3440 3437
f 3728 3441 3440
f 3729 3455 3441
f 3747 3456 3455
f 3754 3782 3517
f 3782 3784 3518
f 3785 3784 3782
f 3784 3783 3519
f 3784 3786 3783
f 3802 3785 3771
f 3786 3785 3802
f 3803 3786 3802
f 3787 3786 3803
f 3804 3787 3803
f 3785 3782 3756
f 3785 3786 3784
f 3786 3787 3783
f 3783 3788 3522
f 3787 3788 3783
f 3788 3789 3523
f 3791 3789 3788
f 3790 3807 3789
f 3791 3787 3804
f 3805 3791 3804
f 3790 3791 3805
f 3806 3790 3805
f 3810 3790 3806
f 3791 3788 3787
f 3791 3790 3789
f 3792 3802 3764
f 3793 3803 3792
f 3794 3804 3793
f 3834 3795 3781
f 3834 3835 3796
f 3834 3796 3795
f 3835 3836 3797
f 3835 3797 3796
f 3795 3792 3766
f 3793 3792 3795
f 3796 3793 3795
f 3794 3793 3796
f 3797 3794 3796
f 3798 3805 3794
f 3799 3806 3798
f 3836 3837 3800
f 3836 3800 3797
f 3837 3838 3801
f 3837 3801 3800
f 3838 3821 3801
f 3800 3798 3797
f 3798 3794 3797
f 3801 3799 3800
f 3799 3798 3800
f 3818 3799 3801
f 3803 3802 3792
f 3804 3803 3793
f 3805 3804 3794
f 3806 3805 3798
f 3830 3806 3799
f 3789 3807 3537
f 3807 3809 3538
f 3810 3809 3807
f 3810 3811 3809
f 3809 3808 3539
f 3811 3808 3809
f 3808 3811 3812
f 3830 3810 3806
f 3811 3810 3830
f 3831 3811 3830
f 3811 3831 3812
f 3831 3832 3812
f 3810 3807 3790
f 3808 3813 3502
f 3813 3808 3812
f 3815 3813 3812
f 3813 3814 3503
f 3814 3813 3815
f 3816 3814 3815
f 7570 3814 3816
f 3832 3815 3812
f 3832 3833 3815
f 3833 3816 3815
f 7572 3816 3817
f 3816 3833 3817
f 3819 3818 3821
f 3818 3830 3799
f 3819 3831 3818
f 3820 3819 3822
f 3820 3832 3819
f 3838 3839 3821
f 3839 3840 3822
f 3839 3822 3821
f 3840 3841 3823
f 3840 3823 3822
f 3821 3818 3801
f 3822 3819 3821
f 3823 3820 3822
f 3824 3833 3820
f 3824 3820 3823
f 3824 3825 3817
f 3825 3824 3826
f 7585 3825 3828
f 3826 3841 3827
f 3841 3826 3823
f 3829 3828 3827
f 3828 3826 3827
f 7587 3828 3829
f 3826 3824 3823
f 3828 3825 3826
f 3831 3830 3818
f 3832 3831 3819
f 3833 3832 3820
f 3833 3824 3817
f 3825 7573 3817
f 3844 3843 3842
f 3845 3847 3843
f 3992 3993 3845
f 3992 3845 3844
f 3844 3842 584
f 3844 3845 3843
f 3993 3849 3845
f 3993 4001 3849
f 3845 3849 3847
f 3892 3847 3846
f 3847 3849 3846
f 3848 3893 3846
f 3850 3848 3846
f 3851 3852 3848
f 4001 3850 3849
f 4001 4002 3850
f 3849 3850 3846
f 3850 3851 3848
f 4002 3851 3850
f 4002 3994 3851
f 3994 3854 3851
f 3908 3907 3857
f 3964 3908 3858
f 4016 4021 3859
f 3854 3855 3853
f 3852 3899 3848
f 3853 3900 3852
f 3854 3853 3852
f 3855 3859 3856
f 3856 3906 3853
f 3855 3856 3853
f 3854 3852 3851
f 3994 4015 3854
f 4015 3855 3854
f 4015 4016 3855
f 4016 3859 3855
f 4021 4022 3860
f 4022 4024 3861
f 3859 3860 3857
f 3857 3907 3856
f 3859 3857 3856
f 3860 3858 3857
f 3860 3861 3858
f 3861 3912 3858
f 3858 3908 3857
f 4021 3860 3859
f 4024 3914 3861
f 3860 4022 3861
f 3895 3896 3868
f 3886 3863 3862
f 3862 3864 602
f 3863 3865 3862
f 3887 3866 3863
f 3866 3869 3863
f 3864 4185 604
f 3865 4186 3864
f 4186 4185 3864
f 4189 4186 3865
f 3869 4189 3865
f 3865 3864 3862
f 3869 3865 3863
f 3894 3867 3866
f 3867 3870 3866
f 3895 3868 3867
f 3896 3872 3868
f 3868 3871 3867
f 3871 3870 3867
f 3874 3871 3868
f 4190 4189 3869
f 3870 4190 3869
f 3871 4191 3870
f 4191 4190 3870
f 4207 4191 3871
f 3870 3869 3866
f 3896 3901 3872
f 3901 3902 3873
f 3902 3909 3876
f 3909 3910 3877
f 3910 3911 3878
f 3901 3873 3872
f 3872 3874 3868
f 3873 3875 3872
f 3875 3874 3872
f 3902 3876 3873
f 3876 3879 3873
f 3879 3875 3873
f 3874 4207 3871
f 3875 4208 3874
f 4208 4207 3874
f 3879 4209 3875
f 4209 4208 3875
f 3909 3877 3876
f 3880 3879 3876
f 3877 3880 3876
f 3910 3878 3877
f 3911 3942 3878
f 3878 3881 3877
f 3881 3880 3877
f 3944 3881 3878
f 4210 4209 3879
f 3880 4210 3879
f 3881 4211 3880
f 4211 4210 3880
f 4267 4211 3881
f 3883 3884 3882
f 3885 3883 3882
f 3883 3885 635
f 3891 3884 3843
f 3884 3888 3882
f 3891 3888 3884
f 3885 3886 639
f 3885 3882 3887
f 3885 3887 3886
f 3886 3862 637
f 3886 3887 3863
f 3882 3894 3887
f 3882 3888 3894
f 3887 3894 3866
f 3892 3891 3847
f 3891 3889 3888
f 3891 3892 3889
f 3893 3892 3846
f 3899 3893 3848
f 3892 3890 3889
f 3892 3893 3890
f 3893 3897 3890
f 3888 3895 3894
f 3888 3889 3895
f 3894 3895 3867
f 3889 3896 3895
f 3890 3901 3896
f 3889 3890 3896
f 3842 3883 582
f 3884 3883 3842
f 3843 3884 3842
f 3847 3891 3843
f 3899 3897 3893
f 3899 3900 3898
f 3900 3899 3852
f 3899 3898 3897
f 3906 3903 3900
f 3906 3900 3853
f 3900 3903 3898
f 3897 3902 3901
f 3897 3901 3890
f 3897 3898 3902
f 3898 3909 3902
f 3898 3903 3909
f 3906 3907 3904
f 3907 3906 3856
f 3906 3904 3903
f 3907 3908 3905
f 3904 3907 3905
f 3908 3962 3905
f 3903 3910 3909
f 3903 3904 3910
f 3904 3911 3910
f 3966 3911 3905
f 3911 3904 3905
f 3965 3964 3912
f 3971 3965 3913
f 3972 3971 3921
f 3973 3920 3922
f 3973 3972 3920
f 4091 3915 3914
f 4024 4091 3914
f 4093 3923 3915
f 4091 4093 3915
f 4093 3916 3923
f 3914 3912 3861
f 3914 3913 3912
f 3912 3964 3858
f 3914 3915 3913
f 3915 3923 3921
f 3915 3921 3913
f 3913 3965 3912
f 3921 3971 3913
f 3916 3924 3923
f 3916 3917 3924
f 3924 3917 3918
f 3917 3919 3918
f 3921 3923 3920
f 3923 3924 3920
f 3972 3921 3920
f 3924 3918 3922
f 3920 3924 3922
f 3931 3979 3922
f 3979 3973 3922
f 3980 3979 3931
f 3932 3980 3931
f 3939 3986 3932
f 3986 3980 3932
f 3986 3939 3925
f 3939 3940 3925
f 3940 3926 3925
f 3940 3941 3926
f 3919 3927 3918
f 3928 3929 3927
f 3919 3928 3927
f 3930 3937 3929
f 3928 3930 3929
f 3930 3935 3937
f 3927 3932 3931
f 3927 3931 3918
f 3918 3931 3922
f 3929 3939 3932
f 3927 3929 3932
f 3929 3937 3939
f 3933 3934 3941
f 3935 3933 3937
f 3935 3936 3933
f 3936 3934 3933
f 3936 3938 3934
f 3937 3940 3939
f 3937 3933 3940
f 3933 3941 3940
f 3911 3966 3942
f 3966 3967 3943
f 3967 3974 3946
f 3974 3975 3947
f 3975 3976 3948
f 3966 3943 3942
f 3942 3944 3878
f 3945 3944 3942
f 3967 3946 3943
f 3943 3945 3942
f 3946 3949 3943
f 3949 3945 3943
f 3944 4267 3881
f 4268 4267 3944
f 3945 4268 3944
f 3949 4269 3945
f 4269 4268 3945
f 3974 3947 3946
f 3950 3949 3946
f 3947 3950 3946
f 3975 3948 3947
f 3948 3951 3947
f 3951 3950 3947
f 4270 4269 3949
f 3950 4270 3949
f 3951 4271 3950
f 4271 4270 3950
f 3976 3981 3952
f 3981 3982 3953
f 3982 3987 3956
f 3987 3988 3957
f 3988 3989 3958
f 3976 3952 3948
f 3981 3953 3952
f 3952 3954 3948
f 3954 3951 3948
f 3955 3954 3952
f 3982 3956 3953
f 3953 3955 3952
f 3956 3959 3953
f 3959 3955 3953
f 3954 4287 3951
f 4287 4271 3951
f 4288 4287 3954
f 3955 4288 3954
f 3959 4289 3955
f 4289 4288 3955
f 3987 3957 3956
f 3960 3959 3956
f 3957 3960 3956
f 3988 3958 3957
f 3961 3960 3957
f 3958 3961 3957
f 4290 4289 3959
f 3960 4290 3959
f 4291 4290 3960
f 3961 4291 3960
f 3964 3962 3908
f 3964 3963 3962
f 3964 3965 3963
f 3965 3971 3968
f 3965 3968 3963
f 3967 3966 3962
f 3962 3966 3905
f 3974 3967 3963
f 3963 3967 3962
f 3968 3974 3963
f 3972 3970 3969
f 3971 3972 3969
f 3971 3969 3968
f 3972 3973 3970
f 3975 3974 3968
f 3969 3975 3968
f 3976 3975 3969
f 3970 3976 3969
f 3979 3978 3977
f 3973 3977 3970
f 3977 3981 3970
f 3980 3983 3978
f 3978 3982 3977
f 3983 3987 3978
f 3979 3977 3973
f 3979 3980 3978
f 3980 3986 3983
f 3981 3976 3970
f 3982 3981 3977
f 3987 3982 3978
f 3986 3984 3983
f 3984 3988 3983
f 3985 3984 3925
f 3985 3989 3984
f 3984 3986 3925
f 3926 3985 3925
f 3988 3987 3983
f 3989 3988 3984
f 3990 3992 774
f 3990 3991 3993
f 3991 3995 4001
f 3990 4003 3991
f 4003 3990 788
f 4003 4005 3991
f 4005 3995 3991
f 4005 3997 3995
f 3992 3844 776
f 3990 3993 3992
f 3991 4001 3993
f 3995 4002 4001
f 3995 3996 4002
f 4002 3996 3994
f 3999 4015 3994
f 3996 3999 3994
f 3997 3996 3995
f 3997 3998 3996
f 3998 3999 3996
f 4000 4017 3999
f 3998 4000 3999
f 4004 4005 4003
f 4004 4003 789
f 4004 4006 4005
f 4006 3997 4005
f 4006 4009 3997
f 4007 4004 791
f 4007 4006 4004
f 4007 4008 4006
f 4040 4008 4007
f 4008 4009 4006
f 4008 4012 4009
f 4041 4012 4008
f 4009 3998 3997
f 4009 4010 3998
f 4010 4000 3998
f 4011 4018 4000
f 4010 4011 4000
f 4012 4010 4009
f 4012 4013 4010
f 4044 4013 4012
f 4013 4014 4011
f 4014 4030 4011
f 4045 4014 4013
f 4046 4032 4014
f 4013 4011 4010
f 4017 4016 4015
f 4017 4015 3999
f 4017 4020 4016
f 4020 4021 4016
f 4020 4028 4021
f 4018 4020 4017
f 4000 4018 4017
f 4018 4019 4020
f 4019 4028 4020
f 4019 4026 4028
f 4028 4022 4021
f 4028 4023 4022
f 4023 4024 4022
f 4025 4091 4024
f 4023 4025 4024
f 4026 4027 4023
f 4026 4023 4028
f 4027 4025 4023
f 4029 4090 4025
f 4027 4029 4025
f 4030 4019 4018
f 4030 4018 4011
f 4030 4031 4019
f 4031 4026 4019
f 4031 4034 4026
f 4014 4032 4030
f 4032 4031 4030
f 4032 4033 4031
f 4065 4033 4032
f 4033 4034 4031
f 4033 4037 4034
f 4066 4037 4033
f 4034 4027 4026
f 4034 4035 4027
f 4035 4029 4027
f 4035 4036 4029
f 4036 4094 4029
f 4037 4035 4034
f 4037 4038 4035
f 4069 4038 4037
f 4038 4036 4035
f 4038 4039 4036
f 4039 4102 4036
f 4070 4039 4038
f 4071 4104 4039
f 4040 4007 824
f 4040 4041 4008
f 4042 4041 4040
f 4041 4044 4012
f 4043 4044 4041
f 4042 4040 826
f 4042 4043 4041
f 4050 4042 838
f 4050 4043 4042
f 4050 4052 4043
f 4047 4044 4043
f 4052 4047 4043
f 4052 4056 4047
f 4044 4045 4013
f 4047 4045 4044
f 4045 4046 4014
f 4049 4065 4046
f 4048 4046 4045
f 4047 4048 4045
f 4056 4048 4047
f 4056 4057 4048
f 4048 4049 4046
f 4057 4049 4048
f 4057 4060 4049
f 4060 4067 4049
f 4051 4052 4050
f 4051 4050 839
f 4051 4053 4052
f 4053 4056 4052
f 4053 4058 4056
f 841 4054 4051
f 4054 4053 4051
f 4054 4055 4053
f 4843 4055 4054
f 4055 4058 4053
f 4055 4062 4058
f 4844 4062 4055
f 4058 4057 4056
f 4058 4059 4057
f 4059 4060 4057
f 4061 4075 4060
f 4059 4061 4060
f 4062 4059 4058
f 4062 4063 4059
f 4849 4063 4062
f 4063 4061 4059
f 4063 4064 4061
f 4064 4076 4061
f 4850 4064 4063
f 4851 4079 4064
f 4065 4032 4046
f 4065 4066 4033
f 4065 4067 4066
f 4069 4037 4066
f 4068 4069 4066
f 4067 4065 4049
f 4067 4068 4066
f 4060 4075 4067
f 4075 4068 4067
f 4075 4077 4068
f 4068 4072 4069
f 4077 4072 4068
f 4077 4081 4072
f 4069 4070 4038
f 4072 4070 4069
f 4070 4071 4039
f 4073 4071 4070
f 4074 4132 4071
f 4072 4073 4070
f 4081 4073 4072
f 4081 4082 4073
f 4073 4074 4071
f 4082 4074 4073
f 4082 4085 4074
f 4085 4134 4074
f 4076 4077 4075
f 4076 4075 4061
f 4076 4078 4077
f 4078 4081 4077
f 4078 4083 4081
f 4064 4079 4076
f 4079 4078 4076
f 4079 4080 4078
f 4868 4080 4079
f 4080 4083 4078
f 4080 4087 4083
f 4869 4087 4080
f 4083 4082 4081
f 4083 4084 4082
f 4084 4085 4082
f 4086 4142 4085
f 4084 4086 4085
f 4087 4084 4083
f 4087 4088 4084
f 4874 4088 4087
f 4088 4086 4084
f 4088 4089 4086
f 4089 4143 4086
f 4875 4089 4088
f 4876 4146 4089
f 4090 4093 4091
f 4090 4091 4025
f 4092 4096 3916
f 4092 3916 4093
f 4090 4092 4093
f 4094 4092 4090
f 4094 4090 4029
f 4095 4096 4092
f 4094 4095 4092
f 4095 4099 4096
f 4096 4097 3917
f 4096 3917 3916
f 4097 4098 3919
f 4097 3919 3917
f 4099 4097 4096
f 4099 4100 4097
f 4100 4101 4098
f 4100 4098 4097
f 4102 4094 4036
f 4102 4095 4094
f 4102 4103 4095
f 4103 4099 4095
f 4103 4106 4099
f 4039 4104 4102
f 4104 4103 4102
f 4132 4105 4104
f 4104 4105 4103
f 4105 4106 4103
f 4105 4109 4106
f 4133 4109 4105
f 4106 4100 4099
f 4106 4107 4100
f 4109 4107 4106
f 4107 4101 4100
f 4107 4108 4101
f 4110 4108 4107
f 4109 4110 4107
f 4136 4110 4109
f 4110 4111 4108
f 4137 4111 4110
f 4119 4113 4112
f 4113 4114 4131
f 4120 4114 4113
f 4117 4116 4115
f 4116 4128 4115
f 4128 4116 4112
f 4116 4119 4112
f 4118 4119 4116
f 4162 4118 4117
f 4117 4118 4116
f 4123 4119 4118
f 4157 4123 4118
f 4119 4120 4113
f 4119 4123 4120
f 4120 4121 4114
f 4122 4121 4120
f 4123 4122 4120
f 4158 4122 4123
f 4122 4124 4121
f 4159 4124 4122
f 4098 3928 3919
f 4125 3930 3928
f 4125 3928 4098
f 4126 3935 3930
f 4126 4129 3935
f 4125 4126 3930
f 4101 4125 4098
f 4101 4127 4125
f 4127 4126 4125
f 4127 4128 4126
f 4128 4129 4126
f 4128 4112 4129
f 4129 3936 3935
f 4129 4130 3936
f 4130 3938 3936
f 4130 4131 3938
f 4112 4130 4129
f 4112 4113 4130
f 4113 4131 4130
f 4108 4127 4101
f 4115 4127 4108
f 4128 4127 4115
f 4111 4115 4108
f 4111 4117 4115
f 4111 4138 4117
f 4132 4104 4071
f 4134 4133 4132
f 4132 4133 4105
f 4136 4109 4133
f 4135 4136 4133
f 4134 4132 4074
f 4142 4134 4085
f 4142 4135 4134
f 4134 4135 4133
f 4135 4139 4136
f 4142 4144 4135
f 4144 4139 4135
f 4144 4148 4139
f 4136 4137 4110
f 4139 4137 4136
f 4137 4138 4111
f 4140 4138 4137
f 4140 4141 4138
f 4139 4140 4137
f 4148 4140 4139
f 4148 4149 4140
f 4149 4141 4140
f 4149 4152 4141
f 4143 4144 4142
f 4143 4142 4086
f 4145 4148 4144
f 4143 4145 4144
f 4145 4150 4148
f 4089 4146 4143
f 4146 4145 4143
f 4950 4147 4146
f 4146 4147 4145
f 4147 4150 4145
f 4147 4154 4150
f 4951 4154 4147
f 4150 4149 4148
f 4150 4151 4149
f 4151 4152 4149
f 4151 4153 4152
f 4154 4151 4150
f 4154 4155 4151
f 4956 4155 4154
f 4155 4153 4151
f 4155 4156 4153
f 4957 4156 4155
f 4162 4157 4118
f 4157 4158 4123
f 4158 4159 4122
f 4165 4159 4158
f 4165 4166 4159
f 4159 4160 4124
f 4166 4160 4159
f 4166 4161 4160
f 4138 4162 4117
f 4141 4162 4138
f 4163 4162 4141
f 4162 4163 4157
f 4163 4164 4157
f 4164 4158 4157
f 4164 4165 4158
f 4152 4163 4141
f 4152 4167 4163
f 4167 4164 4163
f 4167 4169 4164
f 4169 4165 4164
f 4169 4173 4165
f 4173 4166 4165
f 4173 4174 4166
f 4166 4174 4161
f 4174 4177 4161
f 4153 4167 4152
f 4168 4169 4167
f 4168 4167 4153
f 4170 4173 4169
f 4168 4170 4169
f 4170 4175 4173
f 4156 4168 4153
f 4156 4171 4168
f 4171 4170 4168
f 4958 4171 4156
f 4976 4172 4171
f 4171 4172 4170
f 4172 4175 4170
f 4172 4179 4175
f 4977 4179 4172
f 4175 4174 4173
f 4175 4176 4174
f 4176 4177 4174
f 4176 4178 4177
f 4179 4176 4175
f 4179 4180 4176
f 4982 4180 4179
f 4180 4178 4176
f 4180 4181 4178
f 4983 4181 4180
f 4187 4192 951
f 4187 4188 4193
f 4187 4193 4192
f 4188 4182 4196
f 4188 4196 4193
f 4182 4183 4197
f 4182 4197 4196
f 4183 4184 4198
f 4183 4198 4197
f 4184 4212 4198
f 4185 4187 949
f 4186 4188 4185
f 4188 4187 4185
f 4182 4188 4186
f 4189 4182 4186
f 4183 4182 4189
f 4190 4183 4189
f 4191 4184 4190
f 4184 4183 4190
f 4202 4184 4191
f 4192 4194 959
f 4193 4195 4192
f 4195 4194 4192
f 4196 4199 4193
f 4199 4195 4193
f 4223 4222 4194
f 4226 4223 4195
f 4194 4222 961
f 4195 4223 4194
f 4199 4226 4195
f 4197 4200 4196
f 4200 4199 4196
f 4198 4201 4197
f 4201 4200 4197
f 4214 4201 4198
f 4227 4226 4199
f 4228 4227 4200
f 4242 4228 4201
f 4200 4227 4199
f 4201 4228 4200
f 4184 4202 4212
f 4202 4203 4213
f 4202 4213 4212
f 4203 4204 4216
f 4203 4216 4213
f 4204 4205 4217
f 4204 4217 4216
f 4205 4206 4218
f 4205 4218 4217
f 4206 4272 4218
f 4207 4202 4191
f 4208 4203 4207
f 4203 4202 4207
f 4209 4204 4208
f 4204 4203 4208
f 4210 4205 4209
f 4205 4204 4209
f 4211 4206 4210
f 4206 4205 4210
f 4262 4206 4211
f 4212 4214 4198
f 4213 4215 4212
f 4215 4214 4212
f 4216 4219 4213
f 4219 4215 4213
f 4243 4242 4214
f 4246 4243 4215
f 4214 4242 4201
f 4215 4243 4214
f 4219 4246 4215
f 4217 4220 4216
f 4220 4219 4216
f 4218 4221 4217
f 4221 4220 4217
f 4274 4221 4218
f 4247 4246 4219
f 4248 4247 4220
f 4302 4248 4221
f 4220 4247 4219
f 4221 4248 4220
f 4222 4224 989
f 4223 4225 4222
f 4225 4224 4222
f 4229 4225 4223
f 4226 4229 4223
f 4233 4232 4224
f 4224 4232 991
f 4225 4233 4224
f 4236 4233 4225
f 4229 4236 4225
f 4230 4229 4226
f 4227 4230 4226
f 4228 4231 4227
f 4231 4230 4227
f 4244 4231 4228
f 4237 4236 4229
f 4230 4237 4229
f 4238 4237 4230
f 4252 4238 4231
f 4231 4238 4230
f 4232 4234 999
f 4233 4235 4232
f 4236 4239 4233
f 4235 4234 4232
f 4234 6046 1001
f 4235 6047 4234
f 4239 4235 4233
f 4239 6050 4235
f 4237 4240 4236
f 4238 4241 4237
f 4240 4239 4236
f 4240 6051 4239
f 4241 4240 4237
f 4254 4241 4238
f 4241 6052 4240
f 4242 4244 4228
f 4243 4245 4242
f 4245 4244 4242
f 4246 4249 4243
f 4249 4245 4243
f 4253 4252 4244
f 4244 4252 4231
f 4245 4253 4244
f 4256 4253 4245
f 4249 4256 4245
f 4250 4249 4246
f 4247 4250 4246
f 4248 4251 4247
f 4251 4250 4247
f 4304 4251 4248
f 4257 4256 4249
f 4250 4257 4249
f 4251 4258 4250
f 4258 4257 4250
f 4312 4258 4251
f 4252 4254 4238
f 4253 4255 4252
f 4256 4259 4253
f 4255 4254 4252
f 4254 6061 4241
f 4255 6062 4254
f 4259 4255 4253
f 4259 6065 4255
f 4257 4260 4256
f 4258 4261 4257
f 4260 4259 4256
f 4260 6066 4259
f 4261 4260 4257
f 4314 4261 4258
f 4261 6067 4260
f 4262 4272 4206
f 4262 4273 4272
f 4262 4263 4273
f 4263 4264 4276
f 4263 4276 4273
f 4264 4265 4277
f 4264 4277 4276
f 4265 4266 4278
f 4265 4278 4277
f 4267 4262 4211
f 4263 4262 4267
f 4268 4263 4267
f 4269 4264 4268
f 4264 4263 4268
f 4270 4265 4269
f 4265 4264 4269
f 4271 4266 4270
f 4266 4265 4270
f 4272 4274 4218
f 4275 4274 4272
f 4273 4275 4272
f 4276 4279 4273
f 4279 4275 4273
f 4274 4302 4221
f 4303 4302 4274
f 4275 4303 4274
f 4279 4306 4275
f 4306 4303 4275
f 4277 4280 4276
f 4280 4279 4276
f 4278 4281 4277
f 4281 4280 4277
f 4280 4307 4279
f 4307 4306 4279
f 4281 4308 4280
f 4308 4307 4280
f 4266 4282 4292
f 4266 4292 4278
f 4282 4293 4292
f 4282 4283 4293
f 4283 4284 4296
f 4283 4296 4293
f 4284 4285 4297
f 4284 4297 4296
f 4285 4286 4298
f 4285 4298 4297
f 4287 4282 4271
f 4282 4266 4271
f 4283 4282 4287
f 4288 4283 4287
f 4289 4284 4288
f 4284 4283 4288
f 4290 4285 4289
f 4285 4284 4289
f 4291 4286 4290
f 4286 4285 4290
f 4292 4294 4278
f 4294 4281 4278
f 4295 4294 4292
f 4293 4295 4292
f 4296 4299 4293
f 4299 4295 4293
f 4294 4322 4281
f 4322 4308 4281
f 4323 4322 4294
f 4295 4323 4294
f 4299 4326 4295
f 4326 4323 4295
f 4297 4300 4296
f 4300 4299 4296
f 4298 4301 4297
f 4301 4300 4297
f 4327 4326 4299
f 4300 4327 4299
f 4328 4327 4300
f 4301 4328 4300
f 4302 4304 4248
f 4305 4304 4302
f 4303 4305 4302
f 4306 4309 4303
f 4309 4305 4303
f 4304 4312 4251
f 4313 4312 4304
f 4305 4313 4304
f 4309 4316 4305
f 4316 4313 4305
f 4310 4309 4306
f 4307 4310 4306
f 4308 4311 4307
f 4311 4310 4307
f 4310 4317 4309
f 4311 4318 4310
f 4312 4314 4258
f 4313 4315 4312
f 4316 4319 4313
f 4315 4314 4312
f 4314 6121 4261
f 4319 4315 4313
f 4315 6122 4314
f 4319 6125 4315
f 4317 4316 4309
f 4317 4320 4316
f 4318 4317 4310
f 4318 4321 4317
f 4320 4319 4316
f 4320 6126 4319
f 4321 4320 4317
f 4321 6127 4320
f 4322 4324 4308
f 4324 4311 4308
f 4325 4324 4322
f 4323 4325 4322
f 4323 4326 4329
f 4323 4329 4325
f 4324 4332 4311
f 4325 4333 4324
f 4329 4336 4325
f 4326 4330 4329
f 4326 4327 4330
f 4327 4331 4330
f 4327 4328 4331
f 4330 4337 4329
f 4331 4338 4330
f 4332 4318 4311
f 4333 4332 4324
f 4332 4334 4318
f 4336 4333 4325
f 4333 4335 4332
f 4336 4339 4333
f 4334 4321 4318
f 4335 4334 4332
f 4334 6141 4321
f 4339 4335 4333
f 4335 6142 4334
f 4339 6145 4335
f 4337 4336 4329
f 4337 4340 4336
f 4338 4337 4330
f 4338 4341 4337
f 4340 4339 4336
f 4340 6146 4339
f 4341 4340 4337
f 4341 6147 4340
f 4351 4342 3941
f 3941 4342 3926
f 4351 4343 4342
f 4352 4359 4344
f 4351 4352 4343
f 4352 4344 4343
f 4359 4360 4345
f 4359 4345 4344
f 4360 4361 4346
f 4360 4346 4345
f 4347 4351 3934
f 4347 4348 4352
f 4348 4353 4359
f 3938 4347 3934
f 4349 4348 4347
f 3938 4349 4347
f 4350 4356 4353
f 4349 4350 4348
f 4350 4353 4348
f 3934 4351 3941
f 4347 4352 4351
f 4348 4359 4352
f 4353 4354 4360
f 4354 4355 4361
f 4356 4357 4354
f 4356 4354 4353
f 4357 4358 4355
f 4357 4355 4354
f 4353 4360 4359
f 4354 4361 4360
f 4523 4377 4371
f 4526 4378 4377
f 4527 4379 4378
f 4361 4372 4362
f 4361 4362 4346
f 4362 4372 4363
f 4372 4373 4363
f 4373 4364 4363
f 4373 4380 4364
f 4380 4381 4366
f 4380 4366 4364
f 4381 4365 4367
f 4381 4367 4366
f 4368 4372 4355
f 4369 4380 4373
f 4368 4369 4373
f 4358 4370 4368
f 4370 4369 4368
f 4370 4522 4371
f 4358 4368 4355
f 4370 4371 4369
f 4371 4374 4369
f 4355 4372 4361
f 4368 4373 4372
f 4374 4381 4380
f 4369 4374 4380
f 4374 4375 4381
f 4375 4365 4381
f 4375 4376 4365
f 4377 4374 4371
f 4377 4378 4375
f 4377 4375 4374
f 4378 4376 4375
f 4378 4379 4376
f 4412 4385 3989
f 4412 4413 4386
f 4413 4382 4389
f 4382 4383 4390
f 4383 4384 4391
f 3989 4385 3958
f 4412 4386 4385
f 4385 4387 3958
f 4387 3961 3958
f 4388 4387 4385
f 4413 4389 4386
f 4386 4388 4385
f 4389 4392 4386
f 4392 4388 4386
f 4387 4683 3961
f 4683 4291 3961
f 4684 4683 4387
f 4388 4684 4387
f 4392 4686 4388
f 4686 4684 4388
f 4382 4390 4389
f 4393 4392 4389
f 4390 4393 4389
f 4383 4391 4390
f 4394 4393 4390
f 4391 4394 4390
f 4687 4686 4392
f 4393 4687 4392
f 4688 4687 4393
f 4394 4688 4393
f 4384 4395 4400
f 4395 4396 4401
f 4396 4397 4404
f 4397 4398 4405
f 4398 4399 4406
f 4384 4400 4391
f 4395 4401 4400
f 4400 4402 4391
f 4402 4394 4391
f 4403 4402 4400
f 4396 4404 4401
f 4401 4403 4400
f 4407 4403 4401
f 4402 4702 4394
f 4702 4688 4394
f 4703 4702 4402
f 4403 4703 4402
f 4706 4703 4403
f 4397 4405 4404
f 4404 4407 4401
f 4405 4408 4404
f 4408 4407 4404
f 4398 4406 4405
f 4409 4408 4405
f 4406 4409 4405
f 4407 4706 4403
f 4408 4707 4407
f 4707 4706 4407
f 4708 4707 4408
f 4409 4708 4408
f 4410 3985 3926
f 4411 4410 4342
f 4410 4412 3985
f 4414 4411 4343
f 4411 4413 4410
f 4414 4382 4411
f 4342 4410 3926
f 4343 4411 4342
f 4344 4414 4343
f 4412 3989 3985
f 4413 4412 4410
f 4382 4413 4411
f 4415 4414 4344
f 4415 4383 4414
f 4416 4415 4345
f 4416 4384 4415
f 4345 4415 4344
f 4346 4416 4345
f 4383 4382 4414
f 4384 4383 4415
f 4417 4416 4346
f 4418 4417 4362
f 4417 4395 4416
f 4419 4418 4363
f 4418 4396 4417
f 4362 4417 4346
f 4418 4362 4363
f 4395 4384 4416
f 4396 4395 4417
f 4397 4396 4418
f 4420 4419 4364
f 4419 4397 4418
f 4420 4398 4419
f 4421 4420 4366
f 4421 4399 4420
f 4364 4419 4363
f 4366 4420 4364
f 4367 4421 4366
f 4398 4397 4419
f 4399 4398 4420
f 4528 4422 4379
f 4592 4423 4422
f 4593 4424 4423
f 4596 4425 4424
f 4597 4426 4425
f 4427 4428 4365
f 4365 4428 4367
f 4427 4430 4428
f 4427 4429 4430
f 4429 4432 4430
f 4429 4431 4432
f 4431 4433 4435
f 4431 4435 4432
f 4433 4434 4436
f 4433 4436 4435
f 4376 4427 4365
f 4437 4429 4427
f 4437 4427 4376
f 4437 4438 4429
f 4438 4431 4429
f 4422 4437 4379
f 4379 4437 4376
f 4438 4437 4422
f 4423 4438 4422
f 4439 4438 4423
f 4440 4439 4424
f 4431 4438 4439
f 4440 4433 4439
f 4433 4431 4439
f 4441 4440 4425
f 4434 4433 4440
f 4441 4434 4440
f 4424 4439 4423
f 4425 4440 4424
f 4426 4441 4425
f 4598 4442 4426
f 4443 4458 4442
f 4613 4443 4442
f 4614 4444 4443
f 4444 4459 4443
f 4445 4460 4444
f 4619 4445 4444
f 4446 4461 4445
f 4620 4446 4445
f 4434 4447 4448
f 4434 4448 4436
f 4447 4449 4450
f 4447 4450 4448
f 4449 4454 4450
f 4453 4455 4454
f 4449 4453 4454
f 4453 4451 4455
f 4451 4456 4455
f 4451 4452 4456
f 4457 4441 4426
f 4457 4447 4441
f 4447 4434 4441
f 4458 4457 4442
f 4459 4458 4443
f 4458 4449 4457
f 4449 4447 4457
f 4453 4449 4458
f 4442 4457 4426
f 4460 4459 4444
f 4459 4453 4458
f 4459 4460 4451
f 4453 4459 4451
f 4461 4460 4445
f 4460 4452 4451
f 4460 4461 4452
f 4399 4462 4467
f 4462 4463 4468
f 4463 4464 4471
f 4464 4465 4472
f 4465 4466 4473
f 4399 4467 4406
f 4462 4468 4467
f 4467 4469 4406
f 4469 4409 4406
f 4470 4469 4467
f 4463 4471 4468
f 4468 4470 4467
f 4474 4470 4468
f 4469 4762 4409
f 4762 4708 4409
f 4763 4762 4469
f 4470 4763 4469
f 4766 4763 4470
f 4464 4472 4471
f 4471 4474 4468
f 4472 4475 4471
f 4475 4474 4471
f 4465 4473 4472
f 4476 4475 4472
f 4473 4476 4472
f 4474 4766 4470
f 4475 4767 4474
f 4767 4766 4474
f 4768 4767 4475
f 4476 4768 4475
f 4466 4477 4482
f 4477 4478 4483
f 4478 4479 4486
f 4479 4480 4487
f 4480 4481 4488
f 4466 4482 4473
f 4482 4484 4473
f 4484 4476 4473
f 4477 4483 4482
f 4478 4486 4483
f 4483 4485 4482
f 4485 4484 4482
f 4489 4485 4483
f 4484 4782 4476
f 4782 4768 4476
f 4485 4783 4484
f 4783 4782 4484
f 4786 4783 4485
f 4479 4487 4486
f 4486 4489 4483
f 4487 4490 4486
f 4490 4489 4486
f 4480 4488 4487
f 4491 4490 4487
f 4488 4491 4487
f 4489 4786 4485
f 4490 4787 4489
f 4787 4786 4489
f 4788 4787 4490
f 4491 4788 4490
f 4492 4421 4367
f 4493 4492 4428
f 4492 4462 4421
f 4494 4493 4430
f 4493 4463 4492
f 4428 4492 4367
f 4430 4493 4428
f 4462 4399 4421
f 4463 4462 4492
f 4464 4463 4493
f 4495 4494 4432
f 4494 4464 4493
f 4495 4465 4494
f 4496 4495 4435
f 4436 4496 4435
f 4496 4466 4495
f 4432 4494 4430
f 4435 4495 4432
f 4465 4464 4494
f 4466 4465 4495
f 4448 4497 4436
f 4497 4496 4436
f 4497 4477 4496
f 4450 4498 4448
f 4498 4497 4448
f 4499 4498 4450
f 4498 4478 4497
f 4477 4466 4496
f 4478 4477 4497
f 4479 4478 4498
f 4454 4499 4450
f 4455 4500 4454
f 4500 4499 4454
f 4499 4479 4498
f 4500 4480 4499
f 4501 4500 4455
f 4456 4501 4455
f 4501 4481 4500
f 4480 4479 4499
f 4481 4480 4500
f 4504 4505 4502
f 4114 4521 4131
f 4503 4521 4114
f 4521 4503 4502
f 4121 4503 4114
f 4503 4511 4504
f 4503 4504 4502
f 4508 4505 4504
f 4512 4508 4504
f 4505 4508 4506
f 4507 4358 4506
f 4509 4507 4506
f 4508 4509 4506
f 4515 4509 4508
f 4509 4510 4507
f 4517 4510 4509
f 4511 4503 4121
f 4124 4511 4121
f 4513 4512 4511
f 4511 4512 4504
f 4512 4515 4508
f 4514 4515 4512
f 4513 4511 4124
f 4160 4513 4124
f 4542 4514 4513
f 4513 4514 4512
f 4514 4518 4515
f 4543 4518 4514
f 4515 4517 4509
f 4518 4517 4515
f 4517 4516 4510
f 4517 4520 4516
f 4518 4520 4517
f 4546 4520 4518
f 4520 4519 4516
f 4520 4547 4519
f 4547 4548 4519
f 4521 4349 4131
f 4131 4349 3938
f 4521 4350 4349
f 4350 4521 4502
f 4356 4350 4502
f 4505 4356 4502
f 4357 4356 4505
f 4357 4505 4506
f 4358 4357 4506
f 4522 4370 4507
f 4510 4522 4507
f 4524 4523 4522
f 4522 4523 4371
f 4525 4526 4523
f 4532 4525 4524
f 4524 4522 4510
f 4516 4524 4510
f 4533 4529 4525
f 4524 4525 4523
f 4523 4526 4377
f 4526 4527 4378
f 4529 4527 4526
f 4527 4528 4379
f 4530 4528 4527
f 4536 4530 4529
f 4525 4529 4526
f 4529 4530 4527
f 4530 4531 4528
f 4537 4531 4530
f 4516 4532 4524
f 4519 4532 4516
f 4534 4533 4532
f 4532 4533 4525
f 4535 4536 4533
f 4534 4532 4519
f 4548 4534 4519
f 4548 4567 4534
f 4567 4535 4534
f 4534 4535 4533
f 4567 4568 4535
f 4568 4539 4535
f 4533 4536 4529
f 4536 4537 4530
f 4539 4537 4536
f 4537 4538 4531
f 4540 4538 4537
f 4540 4541 4538
f 4535 4539 4536
f 4539 4540 4537
f 4568 4571 4539
f 4571 4540 4539
f 4571 4572 4540
f 4572 4541 4540
f 4572 4573 4541
f 4370 4358 4507
f 4542 4513 4160
f 4161 4542 4160
f 4544 4542 4161
f 4544 4543 4542
f 4542 4543 4514
f 4543 4546 4518
f 4544 4545 4543
f 4545 4546 4543
f 4545 4549 4546
f 4555 4545 4544
f 4557 4549 4545
f 4557 4552 4549
f 4546 4547 4520
f 4549 4547 4546
f 4549 4550 4547
f 4550 4548 4547
f 4550 4551 4548
f 4552 4550 4549
f 4552 4553 4550
f 4553 4551 4550
f 4553 4554 4551
f 4177 4544 4161
f 4555 4544 4177
f 4555 4557 4545
f 4178 4555 4177
f 4556 4557 4555
f 4556 4555 4178
f 4557 4558 4552
f 4556 4558 4557
f 4558 4561 4552
f 4181 4556 4178
f 4181 4559 4556
f 4559 4558 4556
f 4984 4559 4181
f 5566 4560 4559
f 4559 4560 4558
f 4560 4561 4558
f 4560 4564 4561
f 5567 4564 4560
f 4561 4553 4552
f 4561 4562 4553
f 4562 4554 4553
f 4562 4563 4554
f 4564 4562 4561
f 4564 4565 4562
f 5572 4565 4564
f 4565 4563 4562
f 4565 4566 4563
f 5573 4566 4565
f 4569 4568 4567
f 4551 4567 4548
f 4569 4567 4551
f 4570 4571 4568
f 4569 4570 4568
f 4554 4569 4551
f 4579 4570 4569
f 4554 4579 4569
f 4580 4574 4570
f 4579 4580 4570
f 4570 4574 4571
f 4574 4572 4571
f 4574 4575 4572
f 4575 4573 4572
f 4575 4576 4573
f 4581 4575 4574
f 4580 4581 4574
f 4581 4577 4575
f 4577 4576 4575
f 4577 4578 4576
f 4563 4579 4554
f 4585 4580 4579
f 4586 4581 4580
f 4585 4586 4580
f 4582 4577 4581
f 4586 4582 4581
f 4582 4583 4577
f 4583 4578 4577
f 4583 4584 4578
f 4590 4584 4583
f 4585 4579 4563
f 4566 4585 4563
f 4566 4587 4585
f 4587 4586 4585
f 5574 4587 4566
f 5596 4588 4587
f 4587 4588 4586
f 4586 4588 4582
f 5597 4589 4588
f 4588 4589 4582
f 4589 4583 4582
f 4589 4590 4583
f 5602 4590 4589
f 4590 4591 4584
f 5604 4591 4590
f 4594 4593 4592
f 4528 4592 4422
f 4531 4592 4528
f 4595 4596 4593
f 4592 4593 4423
f 4594 4592 4531
f 4538 4594 4531
f 4602 4595 4594
f 4594 4595 4593
f 4603 4599 4595
f 4606 4607 4601
f 4599 4597 4596
f 4593 4596 4424
f 4596 4597 4425
f 4600 4598 4597
f 4597 4598 4426
f 4595 4599 4596
f 4599 4600 4597
f 4603 4611 4599
f 4611 4600 4599
f 4611 4606 4600
f 4600 4601 4598
f 4606 4601 4600
f 4602 4594 4538
f 4541 4602 4538
f 4604 4602 4541
f 4604 4603 4602
f 4602 4603 4595
f 4604 4605 4603
f 4605 4611 4603
f 4573 4604 4541
f 4573 4632 4604
f 4632 4605 4604
f 4632 4633 4605
f 4633 4608 4605
f 4605 4608 4611
f 4611 4608 4606
f 4608 4609 4606
f 4609 4607 4606
f 4609 4610 4607
f 4633 4638 4608
f 4638 4609 4608
f 4638 4639 4609
f 4639 4610 4609
f 4639 4640 4610
f 4607 4622 4615
f 4615 4622 4612
f 4622 4623 4612
f 4623 4616 4612
f 4615 4613 4601
f 4601 4613 4598
f 4598 4613 4442
f 4613 4614 4443
f 4615 4614 4613
f 4615 4612 4614
f 4612 4619 4614
f 4607 4615 4601
f 4617 4618 4621
f 4623 4626 4616
f 4626 4627 4617
f 4626 4617 4616
f 4627 4618 4617
f 4627 4628 4618
f 4614 4619 4444
f 4619 4620 4445
f 4612 4616 4619
f 4616 4620 4619
f 4616 4617 4620
f 4620 4621 4446
f 4617 4621 4620
f 4610 4622 4607
f 4624 4622 4610
f 4624 4625 4623
f 4624 4623 4622
f 4625 4626 4623
f 4640 4624 4610
f 4640 4657 4624
f 4657 4625 4624
f 4658 4629 4625
f 4657 4658 4625
f 4629 4627 4626
f 4625 4629 4626
f 4629 4631 4627
f 4631 4628 4627
f 4631 4630 4628
f 4663 4631 4629
f 4658 4663 4629
f 4663 4665 4631
f 4665 4664 4630
f 4631 4665 4630
f 4634 4633 4632
f 4576 4632 4573
f 4634 4632 4576
f 4636 4638 4633
f 4634 4636 4633
f 4578 4634 4576
f 4635 4636 4634
f 4635 4634 4578
f 4637 4642 4636
f 4635 4637 4636
f 4644 4640 4639
f 4644 4641 4640
f 4642 4639 4638
f 4636 4642 4638
f 4642 4644 4639
f 4643 4644 4642
f 4637 4643 4642
f 4643 4645 4644
f 4644 4645 4641
f 4645 4646 4641
f 4584 4635 4578
f 4647 4637 4635
f 4647 4635 4584
f 4648 4643 4637
f 4647 4648 4637
f 4591 4647 4584
f 4591 4655 4647
f 4655 4648 4647
f 4655 4656 4648
f 4656 4649 4648
f 4643 4649 4645
f 4649 4651 4645
f 4648 4649 4643
f 4651 4646 4645
f 4651 4650 4646
f 4656 4652 4649
f 4652 4651 4649
f 4652 4653 4651
f 4651 4653 4650
f 4653 4654 4650
f 5692 4654 4653
f 5603 4655 4591
f 5685 4656 4655
f 4656 5686 4652
f 5691 4653 4652
f 4641 4657 4640
f 4659 4657 4641
f 4659 4658 4657
f 4660 4663 4658
f 4659 4660 4658
f 4661 4660 4659
f 4662 4668 4660
f 4661 4662 4660
f 4646 4659 4641
f 4646 4661 4659
f 4668 4665 4663
f 4660 4668 4663
f 4668 4666 4665
f 4665 4666 4664
f 4666 4667 4664
f 4669 4666 4668
f 4662 4669 4668
f 4669 4670 4666
f 4666 4670 4667
f 4670 4671 4667
f 4650 4661 4646
f 4672 4661 4650
f 4672 4662 4661
f 4673 4669 4662
f 4672 4673 4662
f 4654 4672 4650
f 4654 4674 4672
f 5693 4674 4654
f 4674 4673 4672
f 4675 4676 4673
f 4674 4675 4673
f 5713 4675 4674
f 5714 4679 4675
f 4677 4671 4670
f 4677 4678 4671
f 4673 4676 4669
f 4676 4670 4669
f 4676 4677 4670
f 4675 4679 4676
f 4679 4677 4676
f 4679 4681 4677
f 5710 4681 4679
f 4681 4678 4677
f 4681 4680 4678
f 4681 5711 4680
f 4618 4842 4621
f 4628 4842 4618
f 4842 4461 4446
f 4461 4842 4452
f 4452 4842 4456
f 4842 4501 4456
f 4621 4842 4446
f 4630 4842 4628
f 4664 4842 4630
f 4667 4842 4664
f 4671 4842 4667
f 4678 4842 4671
f 4680 4842 4678
f 4680 5712 4842
f 4682 4692 4286
f 4286 4692 4298
f 4682 4693 4692
f 4682 4685 4693
f 4685 4689 4696
f 4685 4696 4693
f 4689 4690 4697
f 4689 4697 4696
f 4690 4691 4698
f 4690 4698 4697
f 4683 4682 4291
f 4682 4286 4291
f 4685 4682 4683
f 4684 4685 4683
f 4686 4689 4684
f 4689 4685 4684
f 4687 4690 4686
f 4690 4689 4686
f 4688 4691 4687
f 4691 4690 4687
f 4692 4694 4298
f 4694 4301 4298
f 4695 4694 4692
f 4693 4695 4692
f 4696 4699 4693
f 4699 4695 4693
f 4694 4722 4301
f 4722 4328 4301
f 4723 4722 4694
f 4695 4723 4694
f 4699 4726 4695
f 4726 4723 4695
f 4697 4700 4696
f 4700 4699 4696
f 4698 4701 4697
f 4701 4700 4697
f 4727 4726 4699
f 4700 4727 4699
f 4728 4727 4700
f 4701 4728 4700
f 4691 4704 4712
f 4691 4712 4698
f 4704 4713 4712
f 4704 4705 4713
f 4705 4716 4713
f 4705 4709 4716
f 4709 4710 4717
f 4709 4717 4716
f 4710 4718 4717
f 4710 4711 4718
f 4702 4704 4688
f 4704 4691 4688
f 4705 4704 4702
f 4703 4705 4702
f 4709 4705 4703
f 4706 4709 4703
f 4707 4710 4706
f 4710 4709 4706
f 4711 4710 4707
f 4708 4711 4707
f 4714 4701 4698
f 4715 4714 4712
f 4712 4714 4698
f 4713 4715 4712
f 4719 4715 4713
f 4714 4742 4701
f 4742 4728 4701
f 4743 4742 4714
f 4715 4743 4714
f 4746 4743 4715
f 4716 4719 4713
f 4717 4720 4716
f 4720 4719 4716
f 4721 4720 4717
f 4718 4721 4717
f 4719 4746 4715
f 4720 4747 4719
f 4747 4746 4719
f 4748 4747 4720
f 4721 4748 4720
f 4722 4724 4328
f 4328 4724 4331
f 4722 4725 4724
f 4722 4723 4725
f 4723 4726 4729
f 4723 4729 4725
f 4724 4732 4331
f 4725 4733 4724
f 4729 4736 4725
f 4726 4730 4729
f 4727 4731 4730
f 4726 4727 4730
f 4727 4728 4731
f 4730 4737 4729
f 4731 4738 4730
f 4732 4338 4331
f 4733 4732 4724
f 4732 4734 4338
f 4736 4733 4725
f 4733 4735 4732
f 4736 4739 4733
f 4734 4341 4338
f 4735 4734 4732
f 4734 6526 4341
f 4739 4735 4733
f 4735 6527 4734
f 4739 6530 4735
f 4737 4736 4729
f 4737 4740 4736
f 4738 4737 4730
f 4738 4741 4737
f 4740 4739 4736
f 4740 6531 4739
f 4741 4740 4737
f 4741 6532 4740
f 4728 4744 4731
f 4742 4744 4728
f 4742 4745 4744
f 4743 4745 4742
f 4749 4745 4743
f 4744 4752 4731
f 4745 4753 4744
f 4746 4749 4743
f 4747 4750 4746
f 4750 4749 4746
f 4751 4750 4747
f 4748 4751 4747
f 4749 4756 4745
f 4750 4757 4749
f 4751 4758 4750
f 4752 4738 4731
f 4753 4752 4744
f 4752 4754 4738
f 4756 4753 4745
f 4753 4755 4752
f 4754 4741 4738
f 4755 4754 4752
f 4754 6546 4741
f 4759 4755 4753
f 4755 6547 4754
f 4757 4756 4749
f 4756 4759 4753
f 4757 4760 4756
f 4758 4757 4750
f 4758 4761 4757
f 4760 4759 4756
f 4759 6550 4755
f 4760 6551 4759
f 4761 4760 4757
f 4761 6552 4760
f 4764 4772 4711
f 4711 4772 4718
f 4764 4773 4772
f 4764 4765 4773
f 4765 4776 4773
f 4769 4777 4776
f 4770 4778 4777
f 4762 4764 4708
f 4764 4711 4708
f 4765 4764 4762
f 4763 4765 4762
f 4769 4765 4763
f 4766 4769 4763
f 4767 4770 4766
f 4770 4769 4766
f 4771 4770 4767
f 4768 4771 4767
f 4765 4769 4776
f 4769 4770 4777
f 4770 4771 4778
f 4772 4774 4718
f 4774 4721 4718
f 4775 4774 4772
f 4773 4775 4772
f 4779 4775 4773
f 4774 4802 4721
f 4802 4748 4721
f 4803 4802 4774
f 4775 4803 4774
f 4806 4803 4775
f 4776 4779 4773
f 4777 4780 4776
f 4780 4779 4776
f 4781 4780 4777
f 4778 4781 4777
f 4779 4806 4775
f 4780 4807 4779
f 4807 4806 4779
f 4808 4807 4780
f 4781 4808 4780
f 4771 4792 4778
f 4784 4793 4792
f 4785 4796 4793
f 4789 4797 4796
f 4790 4798 4797
f 4782 4784 4768
f 4784 4771 4768
f 4783 4785 4782
f 4785 4784 4782
f 4789 4785 4783
f 4771 4784 4792
f 4784 4785 4793
f 4786 4789 4783
f 4787 4790 4786
f 4790 4789 4786
f 4791 4790 4787
f 4788 4791 4787
f 4785 4789 4796
f 4789 4790 4797
f 4790 4791 4798
f 4792 4794 4778
f 4794 4781 4778
f 4793 4795 4792
f 4795 4794 4792
f 4799 4795 4793
f 4794 4822 4781
f 4822 4808 4781
f 4823 4822 4794
f 4826 4823 4795
f 4795 4823 4794
f 4796 4799 4793
f 4797 4800 4796
f 4800 4799 4796
f 4801 4800 4797
f 4798 4801 4797
f 4827 4826 4799
f 4799 4826 4795
f 4800 4827 4799
f 4828 4827 4800
f 4801 4828 4800
f 4842 4481 4501
f 4481 4842 4488
f 4842 4491 4488
f 4842 4788 4491
f 4842 4791 4788
f 4791 4842 4798
f 4802 4804 4748
f 4804 4751 4748
f 4805 4804 4802
f 4803 4805 4802
f 4809 4805 4803
f 4804 4812 4751
f 4805 4813 4804
f 4806 4809 4803
f 4807 4810 4806
f 4810 4809 4806
f 4811 4810 4807
f 4808 4811 4807
f 4809 4816 4805
f 4810 4817 4809
f 4811 4818 4810
f 4812 4814 4758
f 4812 4758 4751
f 4813 4812 4804
f 4816 4813 4805
f 4813 4815 4812
f 4758 4814 4761
f 4815 4814 4812
f 4814 6616 4761
f 4819 4815 4813
f 4815 6617 4814
f 4817 4816 4809
f 4816 4819 4813
f 4817 4820 4816
f 4818 4817 4810
f 4818 4821 4817
f 4820 4819 4816
f 4819 6620 4815
f 4820 6621 4819
f 4821 4820 4817
f 4821 6622 4820
f 4822 4824 4808
f 4824 4811 4808
f 4823 4825 4822
f 4825 4824 4822
f 4824 4832 4811
f 4829 4825 4823
f 4825 4833 4824
f 4826 4829 4823
f 4827 4830 4826
f 4828 4831 4827
f 4830 4829 4826
f 4829 4836 4825
f 4830 4837 4829
f 4831 4830 4827
f 4831 4838 4830
f 4832 4818 4811
f 4832 4834 4818
f 4833 4832 4824
f 4836 4833 4825
f 4833 4835 4832
f 4834 4821 4818
f 4834 6636 4821
f 4835 4834 4832
f 4839 4835 4833
f 4835 6637 4834
f 4837 4836 4829
f 4836 4839 4833
f 4837 4840 4836
f 4838 4837 4830
f 4838 4841 4837
f 4840 4839 4836
f 4839 6640 4835
f 4840 6641 4839
f 4841 4840 4837
f 4841 6642 4840
f 4842 4831 4828
f 4842 4801 4798
f 4842 4828 4801
f 4842 4838 4831
f 4842 4841 4838
f 4842 6642 4841
f 4843 4054 1617
f 4843 4844 4055
f 4845 4843 1620
f 4845 4844 4843
f 4845 4847 4844
f 4844 4849 4062
f 4847 4849 4844
f 4852 4849 4847
f 4846 4847 4845
f 4846 4845 1621
f 4846 4848 4847
f 4848 4852 4847
f 4848 4854 4852
f 4849 4850 4063
f 4852 4850 4849
f 4852 4853 4850
f 4850 4851 4064
f 4850 4853 4851
f 4853 4856 4851
f 4856 4868 4851
f 4854 4853 4852
f 4854 4855 4853
f 4855 4856 4853
f 4857 4870 4856
f 4855 4857 4856
f 4858 4846 1629
f 4858 4848 4846
f 4858 4859 4848
f 4860 4859 4858
f 4859 4854 4848
f 4859 4862 4854
f 4861 4862 4859
f 4860 4858 1631
f 4860 4861 4859
f 4893 4861 4860
f 4861 4865 4862
f 4894 4865 4861
f 4894 4899 4865
f 4862 4855 4854
f 4862 4863 4855
f 4865 4863 4862
f 4863 4857 4855
f 4863 4864 4857
f 4864 4871 4857
f 4866 4864 4863
f 4867 4883 4864
f 4865 4866 4863
f 4899 4866 4865
f 4899 4900 4866
f 4866 4867 4864
f 4900 4867 4866
f 4901 4885 4867
f 4900 4901 4867
f 4868 4079 4851
f 4868 4869 4080
f 4870 4868 4856
f 4870 4869 4868
f 4870 4872 4869
f 4874 4087 4869
f 4872 4874 4869
f 4872 4877 4874
f 4871 4872 4870
f 4857 4871 4870
f 4871 4873 4872
f 4873 4877 4872
f 4873 4879 4877
f 4874 4875 4088
f 4877 4875 4874
f 4877 4878 4875
f 4875 4876 4089
f 4878 4876 4875
f 4878 4881 4876
f 4881 4950 4876
f 4879 4878 4877
f 4879 4880 4878
f 4880 4881 4878
f 4882 4952 4881
f 4880 4882 4881
f 4883 4871 4864
f 4883 4873 4871
f 4883 4884 4873
f 4885 4884 4883
f 4884 4879 4873
f 4884 4887 4879
f 4886 4887 4884
f 4867 4885 4883
f 4885 4886 4884
f 4913 4885 4901
f 4913 4886 4885
f 4913 4915 4886
f 4886 4890 4887
f 4915 4890 4886
f 4919 4890 4915
f 4887 4880 4879
f 4887 4888 4880
f 4888 4882 4880
f 4890 4888 4887
f 4888 4889 4882
f 4889 4954 4882
f 4891 4889 4888
f 4892 4965 4889
f 4890 4891 4888
f 4919 4891 4890
f 4919 4920 4891
f 4891 4892 4889
f 4920 4892 4891
f 4920 4923 4892
f 4923 4967 4892
f 4893 4860 1665
f 4893 4894 4861
f 4895 4893 1667
f 4895 4894 4893
f 4895 4897 4894
f 4897 4899 4894
f 4903 4899 4897
f 4896 4897 4895
f 4896 4895 1669
f 4896 4898 4897
f 4898 4903 4897
f 4898 4905 4903
f 4903 4900 4899
f 4903 4904 4900
f 4900 4904 4901
f 4902 4913 4901
f 4904 4902 4901
f 4905 4904 4903
f 4905 4906 4904
f 4906 4902 4904
f 4907 4914 4902
f 4906 4907 4902
f 4912 4917 4907
f 4908 4898 4896
f 4908 4896 1679
f 4908 4909 4898
f 4908 4930 4909
f 4909 4905 4898
f 4909 4910 4905
f 4931 4910 4909
f 4930 4908 1681
f 4930 4931 4909
f 4910 4906 4905
f 4910 4911 4906
f 4932 4911 4910
f 4911 4907 4906
f 4911 4912 4907
f 4933 4912 4911
f 4914 4915 4913
f 4914 4913 4902
f 4914 4916 4915
f 4916 4919 4915
f 4916 4921 4919
f 4907 4917 4914
f 4917 4916 4914
f 4917 4918 4916
f 4928 4918 4917
f 4918 4921 4916
f 4918 4925 4921
f 4929 4925 4918
f 4921 4920 4919
f 4921 4922 4920
f 4922 4923 4920
f 4924 5006 4923
f 4922 4924 4923
f 4925 4922 4921
f 4925 4926 4922
f 4925 4941 4926
f 4926 4924 4922
f 4926 4927 4924
f 4927 5007 4924
f 4942 4927 4926
f 4943 5010 4927
f 4928 4917 4912
f 4928 4929 4918
f 4929 4941 4925
f 4941 4942 4926
f 5060 4930 1782
f 5060 4931 4930
f 5060 5061 4931
f 4931 4932 4910
f 5061 4932 4931
f 5066 4932 5061
f 4935 4928 4912
f 4932 4933 4911
f 5066 4933 4932
f 5066 4934 4933
f 4933 4935 4912
f 4936 4937 4935
f 4934 4935 4933
f 4934 4936 4935
f 4935 4937 4928
f 4937 4929 4928
f 4937 4939 4929
f 4939 4941 4929
f 4939 4944 4941
f 4938 4939 4937
f 4938 4937 4936
f 4938 4940 4939
f 4940 4944 4939
f 4946 4944 4940
f 4941 4944 4942
f 4944 4945 4942
f 4942 4943 4927
f 4945 4943 4942
f 4945 4948 4943
f 4948 5023 4943
f 4946 4945 4944
f 4946 4947 4945
f 4945 4947 4948
f 4949 5026 4948
f 4947 4949 4948
f 5108 5027 4949
f 4950 4146 4876
f 4952 4950 4881
f 4952 4951 4950
f 4950 4951 4147
f 4956 4154 4951
f 4952 4953 4951
f 4953 4956 4951
f 4953 4959 4956
f 4954 4953 4952
f 4954 4952 4882
f 4955 4959 4953
f 4954 4955 4953
f 4955 4962 4959
f 4956 4957 4155
f 4959 4957 4956
f 4959 4960 4957
f 4957 4958 4156
f 4960 4958 4957
f 4960 4961 4958
f 4962 4960 4959
f 4962 4963 4960
f 4963 4961 4960
f 4963 4964 4961
f 4965 4954 4889
f 4965 4955 4954
f 4967 4966 4965
f 4965 4966 4955
f 4966 4962 4955
f 4966 4969 4962
f 4968 4969 4966
f 4892 4967 4965
f 5006 4967 4923
f 5006 4968 4967
f 4967 4968 4966
f 4968 4972 4969
f 5006 5008 4968
f 5008 4972 4968
f 5012 4972 5008
f 4962 4969 4963
f 4969 4970 4963
f 4972 4970 4969
f 4970 4964 4963
f 4970 4971 4964
f 4973 4971 4970
f 4972 4973 4970
f 5012 4973 4972
f 5012 5013 4973
f 4973 4974 4971
f 5013 4974 4973
f 5013 4975 4974
f 4976 4171 4958
f 4961 4976 4958
f 4978 4976 4961
f 4978 4977 4976
f 4976 4977 4172
f 4982 4179 4977
f 4978 4980 4977
f 4980 4982 4977
f 4980 4985 4982
f 4964 4978 4961
f 4979 4980 4978
f 4964 4979 4978
f 4981 4985 4980
f 4979 4981 4980
f 4981 4987 4985
f 4982 4983 4180
f 4985 4983 4982
f 4985 4986 4983
f 4983 4984 4181
f 4986 4984 4983
f 4986 4989 4984
f 4987 4986 4985
f 4987 4988 4986
f 4988 4989 4986
f 4988 4990 4989
f 4971 4979 4964
f 4991 4979 4971
f 4991 4981 4979
f 4974 4991 4971
f 4993 4992 4991
f 4991 4992 4981
f 4992 4987 4981
f 4992 4998 4987
f 4993 4995 4992
f 4995 4998 4992
f 5000 4998 4995
f 4974 4993 4991
f 4974 4975 4993
f 4994 4995 4993
f 4975 4994 4993
f 4996 5000 4995
f 4994 4996 4995
f 4996 5002 5000
f 4998 4988 4987
f 4998 4997 4988
f 5000 4997 4998
f 5000 5001 4997
f 4997 4990 4988
f 4997 4999 4990
f 5001 4999 4997
f 5001 5004 4999
f 5002 5001 5000
f 5002 5003 5001
f 5003 5004 5001
f 5003 5005 5004
f 5007 5008 5006
f 5007 5006 4924
f 5009 5012 5008
f 5007 5009 5008
f 5009 5014 5012
f 5010 5007 4927
f 5010 5009 5007
f 5010 5011 5009
f 5011 5014 5009
f 5011 5021 5014
f 5014 5013 5012
f 5014 5015 5013
f 5015 4975 5013
f 5015 5016 4975
f 5020 5016 5015
f 5021 5015 5014
f 5021 5020 5015
f 5016 4994 4975
f 5017 4994 5016
f 5017 4996 4994
f 5022 5017 5016
f 5017 5038 5018
f 5017 5018 4996
f 5018 5002 4996
f 5018 5019 5002
f 5019 5003 5002
f 5019 5040 5003
f 5040 5005 5003
f 5040 5041 5005
f 5023 5011 5010
f 5024 5021 5011
f 5029 5020 5021
f 5029 5030 5020
f 5020 5022 5016
f 5030 5022 5020
f 5030 5033 5022
f 5023 5010 4943
f 5026 5023 4948
f 5026 5024 5023
f 5023 5024 5011
f 5024 5029 5021
f 5025 5029 5024
f 5026 5025 5024
f 5031 5029 5025
f 5027 5025 5026
f 4949 5027 5026
f 5027 5028 5025
f 5028 5031 5025
f 5209 5028 5027
f 5028 5035 5031
f 5210 5035 5028
f 5031 5030 5029
f 5031 5032 5030
f 5032 5033 5030
f 5032 5034 5033
f 5035 5032 5031
f 5036 5034 5032
f 5035 5036 5032
f 5211 5036 5035
f 5036 5037 5034
f 5212 5037 5036
f 5039 5019 5018
f 5022 5038 5017
f 5033 5038 5022
f 5045 5038 5033
f 5045 5039 5038
f 5038 5039 5018
f 5039 5042 5019
f 5045 5047 5039
f 5047 5042 5039
f 5051 5042 5047
f 5042 5040 5019
f 5043 5041 5040
f 5042 5043 5040
f 5051 5043 5042
f 5051 5052 5043
f 5043 5044 5041
f 5052 5044 5043
f 5052 5054 5044
f 5034 5045 5033
f 5045 5046 5047
f 5046 5045 5034
f 5048 5051 5047
f 5046 5048 5047
f 5048 5053 5051
f 5037 5046 5034
f 5037 5049 5046
f 5049 5048 5046
f 5213 5049 5037
f 5229 5049 5213
f 5229 5050 5049
f 5049 5050 5048
f 5050 5053 5048
f 5050 5057 5053
f 5229 5230 5050
f 5230 5057 5050
f 5230 5231 5057
f 5053 5052 5051
f 5053 5055 5052
f 5055 5054 5052
f 5055 5056 5054
f 5058 5056 5055
f 5057 5055 5053
f 5057 5058 5055
f 5231 5058 5057
f 5231 5232 5058
f 5058 5059 5056
f 5232 5059 5058
f 5232 5233 5059
f 5060 5062 5061
f 5062 5060 1784
f 5063 5066 5061
f 5062 5063 5061
f 5064 5063 5062
f 5063 5067 5066
f 5065 5067 5063
f 5064 5062 1786
f 5064 5065 5063
f 5065 5070 5067
f 5067 4934 5066
f 5068 4936 4934
f 5067 5068 4934
f 5070 5068 5067
f 5068 5069 4936
f 5069 4938 4936
f 5071 5069 5068
f 5076 5104 5069
f 5070 5071 5068
f 5071 5076 5069
f 5072 5064 1787
f 5072 5065 5064
f 5072 5073 5065
f 5073 5070 5065
f 5073 5074 5070
f 5070 5074 5071
f 5074 5075 5071
f 5075 5076 5071
f 5077 5109 5076
f 5075 5077 5076
f 5083 5077 5075
f 5095 5097 5077
f 5097 5096 5077
f 5078 5112 5077
f 5079 5078 5077
f 5096 5079 5077
f 5080 5073 5072
f 5081 5074 5073
f 5080 5072 1796
f 5080 5081 5073
f 5257 5080 1891
f 5257 5081 5080
f 5257 5258 5081
f 5081 5082 5074
f 5258 5082 5081
f 5258 5281 5082
f 5082 5075 5074
f 5082 5083 5075
f 5084 5094 5083
f 5086 5084 5083
f 5090 5089 5083
f 5085 5086 5083
f 5089 5085 5083
f 5281 5083 5082
f 5281 5088 5083
f 5088 5090 5083
f 5083 5094 5077
f 5093 5092 5077
f 5092 5091 5077
f 5094 5093 5077
f 5091 5095 5077
f 5104 4938 5069
f 5104 4940 4938
f 5104 5105 4940
f 5076 5109 5104
f 5104 5109 5105
f 5109 5120 5105
f 5105 4946 4940
f 5105 5106 4946
f 5120 5106 5105
f 5120 5130 5106
f 4946 5106 4947
f 5106 5107 4947
f 5130 5107 5106
f 5130 5131 5107
f 5107 4949 4947
f 5107 5108 4949
f 5131 5108 5107
f 5131 5134 5108
f 5134 5209 5108
f 5110 5120 5109
f 5110 5109 5077
f 5112 5110 5077
f 5112 5111 5110
f 5111 5113 5110
f 5114 5115 5110
f 5113 5114 5110
f 5110 5121 5120
f 5115 5117 5110
f 5117 5119 5110
f 5117 5118 5119
f 5119 5122 5110
f 5122 5123 5110
f 5123 5121 5110
f 5121 5130 5120
f 5123 5124 5121
f 5124 5125 5121
f 5125 5126 5121
f 5132 5130 5121
f 5127 5132 5121
f 5126 5127 5121
f 5127 5128 5132
f 5128 5129 5132
f 5132 5131 5130
f 5132 5133 5131
f 5129 5136 5132
f 5136 5137 5132
f 5139 5133 5132
f 5133 5134 5131
f 5135 5215 5134
f 5133 5135 5134
f 5137 5138 5132
f 5138 5139 5132
f 5139 5151 5133
f 5151 5152 5133
f 5152 5155 5133
f 5155 5156 5133
f 5158 5135 5133
f 5158 5165 5135
f 5165 5216 5135
f 5156 5158 5133
f 5156 5157 5158
f 5157 5159 5158
f 5159 5161 5158
f 5161 5165 5158
f 5161 5162 5165
f 5162 5163 5165
f 5163 5164 5165
f 5164 5290 5165
f 5292 5226 5165
f 5209 5027 5108
f 5215 5210 5209
f 5209 5210 5028
f 5210 5211 5035
f 5214 5211 5210
f 5211 5212 5036
f 5211 5218 5212
f 5212 5213 5037
f 5219 5213 5212
f 5215 5209 5134
f 5215 5214 5210
f 5214 5218 5211
f 5216 5214 5215
f 5216 5215 5135
f 5217 5218 5214
f 5216 5217 5214
f 5217 5221 5218
f 5226 5216 5165
f 5226 5217 5216
f 5226 5227 5217
f 5227 5221 5217
f 5227 5228 5221
f 5218 5219 5212
f 5219 5220 5213
f 5221 5219 5218
f 5221 5222 5219
f 5222 5220 5219
f 5222 5224 5220
f 5228 5222 5221
f 5228 5223 5222
f 5223 5224 5222
f 5223 5225 5224
f 5394 5227 5226
f 5399 5228 5227
f 5415 5223 5228
f 5223 5414 5225
f 5220 5229 5213
f 5234 5230 5229
f 5234 5229 5220
f 5236 5235 5234
f 5235 5231 5230
f 5234 5235 5230
f 5235 5240 5231
f 5238 5240 5235
f 5224 5234 5220
f 5224 5236 5234
f 5236 5238 5235
f 5238 5243 5240
f 5225 5236 5224
f 5237 5238 5236
f 5237 5236 5225
f 5239 5243 5238
f 5237 5239 5238
f 5245 5243 5239
f 5240 5232 5231
f 5240 5241 5232
f 5243 5241 5240
f 5232 5241 5233
f 5241 5242 5233
f 5244 5242 5241
f 5243 5244 5241
f 5244 5247 5242
f 5245 5244 5243
f 5245 5246 5244
f 5246 5247 5244
f 5246 5248 5247
f 5416 5237 5225
f 5262 5260 5281
f 5259 5258 5257
f 5259 5257 1894
f 5259 5263 5258
f 5263 5281 5258
f 5264 5262 5281
f 5268 5265 5263
f 5267 5268 5263
f 5272 5267 5263
f 5263 5265 5281
f 5265 5264 5281
f 5270 5263 5259
f 5270 5277 5263
f 5270 5259 1896
f 5278 5277 5270
f 5280 5278 5270
f 5271 5280 5270
f 5287 5271 5270
f 5273 5272 5263
f 5275 5273 5263
f 5274 5275 5263
f 5277 5274 5263
f 5282 5087 5281
f 5283 5282 5281
f 5284 5283 5281
f 5285 5284 5281
f 5087 5088 5281
f 5286 5285 5281
f 5260 5286 5281
f 5288 5287 5270
f 5319 5288 5270
f 5290 5291 5165
f 5291 5292 5165
f 5292 5293 5394
f 5319 5270 1919
f 5289 5288 5319
f 5321 5289 5319
f 5320 5321 5319
f 5322 5320 5319
f 5323 5322 5319
f 5328 5323 5319
f 5330 5329 5319
f 5332 5319 1921
f 5332 5330 5319
f 5329 5328 5319
f 5333 5330 5332
f 5334 5333 5332
f 5335 5334 5332
f 5347 5335 5332
f 5351 5332 1949
f 5351 5347 5332
f 5348 5347 5351
f 5349 5348 5351
f 5352 5349 5351
f 5353 5352 5351
f 5359 5353 5351
f 5359 5351 1951
f 5355 5353 5359
f 5356 5355 5359
f 5358 5356 5359
f 5360 5358 5359
f 5361 5360 5359
f 5362 5361 5359
f 5364 5362 5359
f 5364 5363 5362
f 5373 5364 5359
f 5373 5359 1959
f 5374 5364 5373
f 5375 5374 5373
f 5376 5375 5373
f 5377 5376 5373
f 5378 5377 5373
f 5380 5378 5373
f 5380 5373 1961
f 5379 5378 5380
f 5381 5379 5380
f 5382 5381 5380
f 5383 5382 5380
f 7006 5384 5380
f 5384 5383 5380
f 5292 5394 5226
f 5293 5294 5394
f 5294 5295 5394
f 5295 5396 5394
f 5396 5397 5394
f 5397 5398 5394
f 5398 5401 5394
f 5401 5403 5394
f 5403 5405 5394
f 5405 5399 5394
f 5394 5399 5227
f 5399 5415 5228
f 5405 5402 5399
f 5402 5415 5399
f 5402 5417 5415
f 5403 5404 5405
f 5404 5406 5405
f 5407 5402 5405
f 5406 5407 5405
f 5407 5409 5402
f 5409 5410 5402
f 5402 5422 5417
f 5410 5411 5402
f 5411 5412 5402
f 5412 5422 5402
f 5422 5432 5417
f 5415 5414 5223
f 5415 5417 5414
f 5417 5418 5414
f 5414 5416 5225
f 5418 5416 5414
f 5418 5419 5416
f 5432 5418 5417
f 5432 5433 5418
f 5433 5419 5418
f 5433 5436 5419
f 5412 5420 5422
f 5420 5421 5422
f 5421 5423 5422
f 5423 5424 5422
f 5426 5432 5422
f 5424 5425 5422
f 5425 5426 5422
f 5426 5434 5432
f 5426 5427 5434
f 5427 5428 5434
f 5428 5429 5434
f 5429 5430 5434
f 5430 5431 5434
f 5431 5485 5434
f 5434 5433 5432
f 5434 5435 5433
f 5435 5436 5433
f 5435 5437 5436
f 5434 5438 5435
f 5485 5438 5434
f 5438 5439 5435
f 5439 5437 5435
f 5439 5440 5437
f 5445 5246 5245
f 5446 5248 5246
f 5416 5441 5237
f 5441 5239 5237
f 5419 5441 5416
f 5443 5441 5419
f 5443 5442 5441
f 5441 5442 5239
f 5442 5245 5239
f 5442 5445 5245
f 5444 5445 5442
f 5436 5443 5419
f 5451 5444 5443
f 5443 5444 5442
f 5448 5445 5444
f 5453 5448 5444
f 5436 5451 5443
f 5451 5453 5444
f 5453 5457 5448
f 5445 5446 5246
f 5448 5446 5445
f 5446 5447 5248
f 5449 5447 5446
f 5448 5449 5446
f 5457 5449 5448
f 5457 5458 5449
f 5449 5450 5447
f 5458 5450 5449
f 5458 5461 5450
f 5437 5451 5436
f 5452 5453 5451
f 5452 5451 5437
f 5454 5457 5453
f 5452 5454 5453
f 5459 5457 5454
f 5440 5452 5437
f 5455 5452 5440
f 5455 5454 5452
f 5456 5459 5454
f 5455 5456 5454
f 5463 5459 5456
f 5459 5458 5457
f 5459 5460 5458
f 5460 5461 5458
f 5460 5462 5461
f 5463 5460 5459
f 5463 5464 5460
f 5460 5464 5462
f 5464 5465 5462
f 5485 5486 5438
f 5486 5487 5438
f 5487 5496 5438
f 5504 5455 5440
f 5547 5456 5455
f 5548 5463 5456
f 5548 5551 5463
f 5551 5464 5463
f 5551 5552 5464
f 5552 5465 5464
f 5552 5495 5465
f 5496 5497 5438
f 5497 5498 5438
f 5502 5439 5438
f 5498 5502 5438
f 5502 5503 5439
f 5498 5499 5502
f 5499 5500 5502
f 5500 5501 5502
f 5501 5507 5502
f 5507 5503 5502
f 5507 5508 5503
f 5503 5440 5439
f 5503 5504 5440
f 5512 5504 5503
f 5508 5509 5503
f 5509 5510 5503
f 5510 5512 5503
f 5510 5511 5512
f 5511 5513 5512
f 5513 5514 5512
f 5514 5525 5512
f 5512 5515 5504
f 5530 5515 5512
f 5525 5530 5512
f 5525 5526 5530
f 5526 5527 5530
f 5527 5528 5530
f 5528 5529 5530
f 5529 5534 5530
f 5530 5531 5515
f 5537 5531 5530
f 5534 5537 5530
f 5534 5535 5537
f 5535 5536 5537
f 5536 5538 5537
f 5538 7222 5537
f 7222 7223 5537
f 5537 5539 5531
f 7226 5539 5537
f 5504 5547 5455
f 5515 5547 5504
f 5549 5548 5547
f 5547 5548 5456
f 5550 5551 5548
f 5549 5547 5515
f 5531 5549 5515
f 5556 5550 5549
f 5549 5550 5548
f 5553 5551 5550
f 5557 5553 5550
f 5553 5552 5551
f 5553 5554 5552
f 5560 5554 5553
f 5554 5495 5552
f 5554 5555 5495
f 5561 5555 5554
f 5556 5549 5531
f 5539 5556 5531
f 5558 5557 5556
f 5556 5557 5550
f 5557 5560 5553
f 5559 5560 5557
f 5558 5556 5539
f 7229 5558 5539
f 7277 5559 5558
f 5558 5559 5557
f 5563 5560 5559
f 7278 5563 5559
f 5560 5561 5554
f 5563 5561 5560
f 5561 5562 5555
f 5561 5564 5562
f 5563 5564 5561
f 7281 5564 5563
f 5564 5565 5562
f 7282 5565 5564
f 5566 4559 4984
f 4989 5566 4984
f 5568 5566 4989
f 5568 5567 5566
f 5566 5567 4560
f 5572 4564 5567
f 5568 5569 5567
f 5569 5572 5567
f 5569 5575 5572
f 4990 5568 4989
f 5570 5569 5568
f 5570 5568 4990
f 5571 5575 5569
f 5570 5571 5569
f 5571 5578 5575
f 5572 5573 4565
f 5575 5573 5572
f 5575 5576 5573
f 5573 5574 4566
f 5576 5574 5573
f 5576 5577 5574
f 5578 5576 5575
f 5578 5579 5576
f 5579 5577 5576
f 5579 5580 5577
f 4999 5570 4990
f 5581 5570 4999
f 5581 5571 5570
f 5004 5581 4999
f 5583 5582 5581
f 5583 5581 5004
f 5581 5582 5571
f 5582 5578 5571
f 5582 5587 5578
f 5583 5585 5582
f 5585 5587 5582
f 5590 5587 5585
f 5005 5583 5004
f 5584 5585 5583
f 5584 5583 5005
f 5586 5590 5585
f 5584 5586 5585
f 5586 5591 5590
f 5587 5579 5578
f 5587 5588 5579
f 5590 5588 5587
f 5590 5592 5588
f 5588 5580 5579
f 5588 5589 5580
f 5592 5589 5588
f 5592 5593 5589
f 5591 5592 5590
f 5591 5594 5592
f 5594 5593 5592
f 5594 5595 5593
f 5596 4587 5574
f 5577 5596 5574
f 5598 5596 5577
f 5598 5597 5596
f 5596 5597 4588
f 5598 5599 5597
f 5599 5602 5597
f 5600 5599 5598
f 5601 5605 5599
f 5580 5598 5577
f 5580 5600 5598
f 5600 5601 5599
f 5597 5602 4589
f 5602 5604 4590
f 5605 5602 5599
f 5605 5604 5602
f 5605 5606 5604
f 5604 5603 4591
f 5604 5606 5603
f 5606 5607 5603
f 5608 5606 5605
f 5609 5607 5606
f 5601 5608 5605
f 5608 5609 5606
f 5609 5610 5607
f 5589 5600 5580
f 5611 5600 5589
f 5611 5601 5600
f 5593 5611 5589
f 5613 5611 5593
f 5613 5612 5611
f 5611 5612 5601
f 5612 5608 5601
f 5613 5615 5612
f 5615 5616 5612
f 5595 5613 5593
f 5614 5615 5613
f 5595 5614 5613
f 5622 5619 5615
f 5614 5622 5615
f 5612 5616 5608
f 5616 5609 5608
f 5616 5617 5609
f 5619 5616 5615
f 5619 5617 5616
f 5619 5620 5617
f 5617 5610 5609
f 5617 5618 5610
f 5620 5618 5617
f 5620 5621 5618
f 5623 5620 5619
f 5622 5623 5619
f 5623 5624 5620
f 5624 5621 5620
f 5624 5625 5621
f 5041 5584 5005
f 5626 5586 5584
f 5627 5591 5586
f 5626 5584 5041
f 5044 5626 5041
f 5628 5627 5626
f 5626 5627 5586
f 5627 5631 5591
f 5629 5631 5627
f 5628 5626 5044
f 5054 5628 5044
f 5640 5628 5054
f 5640 5629 5628
f 5628 5629 5627
f 5629 5634 5631
f 5640 5630 5629
f 5630 5634 5629
f 5635 5634 5630
f 5631 5594 5591
f 5631 5632 5594
f 5634 5632 5631
f 5632 5595 5594
f 5632 5633 5595
f 5636 5633 5632
f 5634 5636 5632
f 5635 5636 5634
f 5635 5638 5636
f 5636 5637 5633
f 5638 5637 5636
f 5638 5639 5637
f 5056 5640 5054
f 5641 5640 5056
f 5641 5630 5640
f 5641 5642 5630
f 5642 5635 5630
f 5059 5641 5056
f 5643 5642 5641
f 5642 5645 5635
f 5644 5645 5642
f 5059 5643 5641
f 5233 5643 5059
f 5805 5643 5233
f 5805 5644 5643
f 5643 5644 5642
f 5644 5648 5645
f 5805 5651 5644
f 5651 5648 5644
f 5651 5652 5648
f 5645 5638 5635
f 5646 5639 5638
f 5645 5646 5638
f 5648 5646 5645
f 5646 5647 5639
f 5646 5649 5647
f 5648 5649 5646
f 5652 5649 5648
f 5652 5653 5649
f 5653 5650 5649
f 5649 5650 5647
f 5653 5654 5650
f 5633 5614 5595
f 5633 5655 5614
f 5655 5622 5614
f 5637 5655 5633
f 5637 5657 5655
f 5657 5656 5655
f 5655 5656 5622
f 5656 5623 5622
f 5657 5659 5656
f 5659 5661 5656
f 5639 5657 5637
f 5658 5659 5657
f 5658 5657 5639
f 5660 5664 5659
f 5658 5660 5659
f 5656 5661 5623
f 5661 5624 5623
f 5661 5662 5624
f 5664 5662 5661
f 5659 5664 5661
f 5664 5666 5662
f 5662 5625 5624
f 5662 5663 5625
f 5666 5663 5662
f 5666 5667 5663
f 5665 5666 5664
f 5665 5664 5660
f 5665 5668 5666
f 5666 5668 5667
f 5668 5669 5667
f 5647 5658 5639
f 5670 5658 5647
f 5670 5660 5658
f 5650 5670 5647
f 5672 5671 5670
f 5670 5671 5660
f 5671 5665 5660
f 5673 5674 5671
f 5672 5673 5671
f 5650 5672 5670
f 5654 5672 5650
f 5680 5673 5672
f 5681 5677 5673
f 5671 5674 5665
f 5674 5668 5665
f 5674 5676 5668
f 5673 5677 5674
f 5677 5676 5674
f 5677 5678 5676
f 5676 5669 5668
f 5676 5675 5669
f 5678 5675 5676
f 5678 5679 5675
f 5682 5678 5677
f 5683 5679 5678
f 5680 5672 5654
f 5680 5681 5673
f 5681 5682 5677
f 5682 5683 5678
f 5825 5683 5682
f 5683 5684 5679
f 5826 5684 5683
f 5685 4655 5603
f 5607 5685 5603
f 5687 5685 5607
f 5687 5686 5685
f 5685 5686 4656
f 5688 5691 5686
f 5687 5688 5686
f 5610 5687 5607
f 5689 5688 5687
f 5689 5687 5610
f 5690 5694 5688
f 5689 5690 5688
f 5686 5691 4652
f 5691 5692 4653
f 5694 5692 5691
f 5694 5695 5692
f 5694 5691 5688
f 5692 5693 4654
f 5695 5693 5692
f 5695 5696 5693
f 5699 5695 5694
f 5690 5699 5694
f 5699 5697 5695
f 5697 5696 5695
f 5697 5698 5696
f 5618 5689 5610
f 5700 5689 5618
f 5700 5690 5689
f 5621 5700 5618
f 5702 5700 5621
f 5702 5701 5700
f 5700 5701 5690
f 5701 5699 5690
f 5703 5704 5701
f 5702 5703 5701
f 5625 5702 5621
f 5738 5703 5702
f 5625 5738 5702
f 5739 5707 5703
f 5738 5739 5703
f 5701 5704 5699
f 5699 5704 5697
f 5704 5705 5697
f 5707 5705 5704
f 5707 5704 5703
f 5707 5708 5705
f 5705 5698 5697
f 5705 5706 5698
f 5708 5706 5705
f 5708 5709 5706
f 5740 5708 5707
f 5739 5740 5707
f 5740 5741 5708
f 5741 5709 5708
f 5741 5742 5709
f 5713 5714 4675
f 5714 5710 4679
f 5710 5711 4681
f 5711 5712 4680
f 5713 4674 5693
f 5696 5713 5693
f 5715 5713 5696
f 5715 5714 5713
f 5715 5717 5714
f 5714 5717 5710
f 5698 5715 5696
f 5698 5716 5715
f 5716 5717 5715
f 5718 5719 5717
f 5716 5718 5717
f 5717 5719 5710
f 5719 5711 5710
f 5719 5721 5711
f 5721 5712 5711
f 5721 5722 5712
f 5720 5721 5719
f 5718 5720 5719
f 5720 5723 5721
f 5723 5722 5721
f 5723 5724 5722
f 5725 5718 5716
f 5726 5720 5718
f 5706 5716 5698
f 5725 5716 5706
f 5709 5725 5706
f 5727 5725 5709
f 5725 5726 5718
f 5727 5726 5725
f 5728 5729 5726
f 5727 5728 5726
f 5742 5727 5709
f 5742 5743 5727
f 5743 5728 5727
f 5744 5732 5728
f 5743 5744 5728
f 5729 5723 5720
f 5730 5724 5723
f 5730 5731 5724
f 5726 5729 5720
f 5729 5730 5723
f 5732 5729 5728
f 5732 5730 5729
f 5732 5734 5730
f 5734 5731 5730
f 5733 5734 5732
f 5744 5733 5732
f 5733 5736 5734
f 5734 5735 5731
f 5736 5735 5734
f 5736 5737 5735
f 5712 5722 4842
f 5722 5724 4842
f 5724 5731 4842
f 5731 5735 4842
f 5735 5737 4842
f 5737 5783 4842
f 5663 5738 5625
f 5745 5738 5663
f 5745 5739 5738
f 5667 5745 5663
f 5747 5746 5745
f 5747 5745 5667
f 5745 5746 5739
f 5746 5740 5739
f 5748 5751 5746
f 5747 5748 5746
f 5669 5747 5667
f 5749 5748 5747
f 5749 5747 5669
f 5750 5754 5748
f 5749 5750 5748
f 5746 5751 5740
f 5751 5741 5740
f 5751 5752 5741
f 5754 5752 5751
f 5754 5751 5748
f 5754 5755 5752
f 5752 5742 5741
f 5752 5753 5742
f 5755 5753 5752
f 5755 5756 5753
f 5757 5755 5754
f 5750 5757 5754
f 5757 5758 5755
f 5758 5756 5755
f 5764 5758 5757
f 5765 5759 5758
f 5758 5759 5756
f 5675 5749 5669
f 5760 5749 5675
f 5760 5750 5749
f 5679 5760 5675
f 5679 5762 5760
f 5762 5761 5760
f 5760 5761 5750
f 5761 5757 5750
f 5762 5763 5761
f 5763 5764 5761
f 5761 5764 5757
f 5764 5765 5758
f 5767 5764 5763
f 5767 5765 5764
f 5767 5768 5765
f 5765 5766 5759
f 5768 5766 5765
f 5768 5769 5766
f 5684 5762 5679
f 5762 5770 5763
f 5770 5762 5684
f 5827 5770 5684
f 5831 5771 5770
f 5770 5771 5763
f 5771 5767 5763
f 5832 5772 5771
f 5771 5772 5767
f 5772 5768 5767
f 5772 5773 5768
f 5835 5773 5772
f 5773 5769 5768
f 5773 5774 5769
f 5836 5774 5773
f 5753 5743 5742
f 5775 5743 5753
f 5756 5775 5753
f 5777 5775 5756
f 5775 5744 5743
f 5775 5776 5744
f 5744 5776 5733
f 5777 5776 5775
f 5777 5778 5776
f 5778 5781 5776
f 5759 5777 5756
f 5779 5778 5777
f 5780 5784 5778
f 5759 5779 5777
f 5766 5779 5759
f 5779 5780 5778
f 5790 5780 5779
f 5791 5787 5780
f 5776 5781 5733
f 5781 5736 5733
f 5781 5782 5736
f 5784 5782 5781
f 5784 5781 5778
f 5784 5785 5782
f 5782 5737 5736
f 5782 5783 5737
f 5785 5783 5782
f 5785 5786 5783
f 5787 5785 5784
f 5788 5786 5785
f 5780 5787 5784
f 5787 5788 5785
f 5792 5788 5787
f 5793 5789 5788
f 5788 5789 5786
f 5790 5779 5766
f 5769 5790 5766
f 5796 5790 5769
f 5790 5791 5780
f 5796 5791 5790
f 5796 5795 5791
f 5795 5792 5791
f 5791 5792 5787
f 5792 5793 5788
f 5795 5799 5792
f 5799 5793 5792
f 5799 5800 5793
f 5793 5794 5789
f 5800 5794 5793
f 5800 5801 5794
f 5774 5796 5769
f 5774 5797 5796
f 5838 5797 5774
f 5797 5795 5796
f 5797 5798 5795
f 5798 5799 5795
f 5841 5798 5797
f 5841 5843 5798
f 5843 5802 5798
f 5798 5802 5799
f 5802 5800 5799
f 5802 5803 5800
f 5843 5845 5802
f 5845 5803 5802
f 5845 5847 5803
f 5803 5801 5800
f 5803 5804 5801
f 5847 5804 5803
f 5847 5848 5804
f 5242 5805 5233
f 5806 5805 5242
f 5806 5651 5805
f 5247 5806 5242
f 5808 5807 5806
f 5806 5807 5651
f 5807 5652 5651
f 5807 5812 5652
f 5810 5812 5807
f 5808 5806 5247
f 5808 5810 5807
f 5810 5815 5812
f 5248 5808 5247
f 5809 5810 5808
f 5809 5808 5248
f 5811 5815 5810
f 5816 5815 5811
f 5809 5811 5810
f 5812 5653 5652
f 5812 5814 5653
f 5812 5815 5814
f 5814 5654 5653
f 5814 5813 5654
f 5817 5813 5814
f 5815 5817 5814
f 5817 5818 5813
f 5816 5817 5815
f 5816 5819 5817
f 5819 5818 5817
f 5819 5820 5818
f 5813 5680 5654
f 5821 5681 5680
f 5821 5680 5813
f 5818 5821 5813
f 5824 5822 5821
f 5822 5682 5681
f 5821 5822 5681
f 5818 5824 5821
f 5824 5823 5822
f 5823 5825 5822
f 5820 5824 5818
f 5876 5824 5820
f 5824 5876 5823
f 5876 5877 5823
f 5877 5828 5823
f 5822 5825 5682
f 5825 5826 5683
f 5826 5827 5684
f 5828 5825 5823
f 5828 5826 5825
f 5828 5829 5826
f 5829 5827 5826
f 5829 5830 5827
f 5877 5878 5828
f 5878 5829 5828
f 5878 5880 5829
f 5880 5830 5829
f 5880 5881 5830
f 5831 5770 5827
f 5831 5832 5771
f 5833 5832 5831
f 5830 5831 5827
f 5833 5831 5830
f 5834 5835 5832
f 5833 5834 5832
f 5881 5833 5830
f 5881 5946 5833
f 5946 5834 5833
f 5946 5948 5834
f 5948 5837 5834
f 5832 5835 5772
f 5835 5836 5773
f 5836 5838 5774
f 5837 5836 5835
f 5837 5835 5834
f 5837 5839 5836
f 5950 5839 5837
f 5839 5838 5836
f 5839 5840 5838
f 5839 5952 5840
f 5948 5950 5837
f 5950 5952 5839
f 5952 5953 5840
f 5841 5797 5838
f 5840 5841 5838
f 5842 5841 5840
f 5953 5842 5840
f 5842 5843 5841
f 5844 5845 5843
f 5842 5844 5843
f 5976 5844 5842
f 5978 5846 5844
f 5846 5847 5845
f 5846 5845 5844
f 5846 5849 5847
f 5980 5849 5846
f 5849 5848 5847
f 5849 5850 5848
f 5982 5850 5849
f 5783 5786 4842
f 5786 5789 4842
f 5789 5794 4842
f 5794 5801 4842
f 5801 5804 4842
f 5804 5848 4842
f 5848 5850 4842
f 5850 5983 4842
f 5983 5985 4842
f 5985 5990 4842
f 5990 5998 4842
f 5998 6002 4842
f 6002 6024 4842
f 6024 6026 4842
f 6026 6029 4842
f 6029 6035 4842
f 6035 6038 4842
f 6038 7798 4842
f 5447 5809 5248
f 5851 5811 5809
f 5852 5816 5811
f 5852 5855 5816
f 5855 5819 5816
f 5855 5856 5819
f 5856 5820 5819
f 5856 5857 5820
f 5851 5809 5447
f 5450 5851 5447
f 5853 5852 5851
f 5851 5852 5811
f 5854 5855 5852
f 5853 5851 5450
f 5461 5853 5450
f 5861 5853 5461
f 5861 5854 5853
f 5853 5854 5852
f 5858 5855 5854
f 5861 5863 5854
f 5863 5858 5854
f 5863 5867 5858
f 5858 5856 5855
f 5859 5857 5856
f 5858 5859 5856
f 5867 5859 5858
f 5867 5868 5859
f 5859 5860 5857
f 5868 5860 5859
f 5868 5869 5860
f 5462 5861 5461
f 5862 5863 5861
f 5862 5861 5462
f 5865 5867 5863
f 5865 5863 5862
f 5870 5867 5865
f 5864 5865 5862
f 5465 5862 5462
f 5864 5862 5465
f 5866 5870 5865
f 5864 5866 5865
f 5871 5870 5866
f 5867 5870 5868
f 5870 5872 5868
f 5872 5869 5868
f 5872 5873 5869
f 5871 5872 5870
f 5871 5874 5872
f 5874 5873 5872
f 5874 5875 5873
f 5857 5876 5820
f 5884 5876 5857
f 5884 5877 5876
f 5884 5885 5877
f 5885 5878 5877
f 5879 5880 5878
f 5885 5879 5878
f 5879 5882 5880
f 5882 5881 5880
f 5882 5883 5881
f 5860 5884 5857
f 5886 5885 5884
f 5885 5887 5879
f 5886 5884 5860
f 5869 5886 5860
f 5891 5886 5869
f 5886 5891 5887
f 5886 5887 5885
f 5891 5892 5887
f 5892 5888 5887
f 5887 5888 5879
f 5888 5882 5879
f 5888 5889 5882
f 5897 5889 5888
f 5889 5883 5882
f 5889 5890 5883
f 5898 5890 5889
f 5893 5892 5891
f 5895 5897 5892
f 5873 5891 5869
f 5873 5893 5891
f 5893 5895 5892
f 5875 5893 5873
f 5894 5895 5893
f 5894 5893 5875
f 5896 5900 5895
f 5894 5896 5895
f 5892 5897 5888
f 5897 5898 5889
f 5900 5898 5897
f 5898 5899 5890
f 5902 5899 5898
f 5902 5903 5899
f 5895 5900 5897
f 5900 5902 5898
f 5901 5902 5900
f 5901 5900 5896
f 5901 5904 5902
f 5904 5903 5902
f 5904 5905 5903
f 5495 5864 5465
f 5906 5864 5495
f 5906 5866 5864
f 5906 5907 5866
f 5907 5871 5866
f 5907 5908 5871
f 5907 5921 5908
f 5908 5874 5871
f 5908 5909 5874
f 5909 5875 5874
f 5909 5910 5875
f 5922 5909 5908
f 5923 5910 5909
f 5923 5924 5910
f 5910 5894 5875
f 5910 5911 5894
f 5911 5896 5894
f 5911 5912 5896
f 5912 5901 5896
f 5924 5911 5910
f 5935 5911 5924
f 5935 5912 5911
f 5935 5913 5912
f 5913 5914 5912
f 5912 5914 5901
f 5914 5904 5901
f 5914 5915 5904
f 5904 5915 5905
f 5915 5916 5905
f 5913 5917 5914
f 5917 5915 5914
f 5917 5918 5915
f 5917 5940 5918
f 5915 5918 5916
f 5918 5919 5916
f 5941 5919 5918
f 5555 5906 5495
f 5920 5906 5555
f 5920 5907 5906
f 5562 5920 5555
f 5925 5921 5920
f 5920 5921 5907
f 5921 5922 5908
f 5926 5922 5921
f 5922 5923 5909
f 5929 5923 5922
f 5930 5924 5923
f 5925 5920 5562
f 5565 5925 5562
f 5927 5926 5925
f 5925 5926 5921
f 5926 5929 5922
f 5928 5929 5926
f 5927 5925 5565
f 7676 5928 5927
f 7283 5927 5565
f 5927 5928 5926
f 5932 5929 5928
f 7677 5932 5928
f 5929 5930 5923
f 5932 5930 5929
f 5930 5931 5924
f 5933 5931 5930
f 5932 5933 5930
f 7680 5933 5932
f 5933 5934 5931
f 7681 5934 5933
f 5931 5935 5924
f 5936 5913 5935
f 5937 5917 5913
f 5936 5935 5931
f 5934 5936 5931
f 5938 5937 5936
f 5936 5937 5913
f 5939 5940 5937
f 5938 5936 5934
f 7682 5938 5934
f 7696 5939 5938
f 5938 5939 5937
f 7697 5943 5939
f 5937 5940 5917
f 5940 5941 5918
f 5943 5941 5940
f 5941 5942 5919
f 5944 5942 5941
f 5943 5940 5939
f 5943 5944 5941
f 7700 5944 5943
f 5944 5945 5942
f 7701 5945 5944
f 5883 5946 5881
f 5947 5948 5946
f 5947 5946 5883
f 5949 5950 5948
f 5947 5949 5948
f 5957 5951 5949
f 5951 5952 5950
f 5951 5950 5949
f 5951 5954 5952
f 5954 5953 5952
f 5954 5955 5953
f 5958 5954 5951
f 5959 5955 5954
f 5890 5947 5883
f 5956 5947 5890
f 5956 5949 5947
f 5899 5956 5890
f 5961 5957 5956
f 5956 5957 5949
f 5962 5958 5957
f 5957 5958 5951
f 5958 5959 5954
f 5967 5959 5958
f 5959 5960 5955
f 5959 5968 5960
f 5961 5956 5899
f 5903 5961 5899
f 5903 5963 5961
f 5963 5962 5961
f 5961 5962 5957
f 5963 5965 5962
f 5965 5967 5962
f 5905 5963 5903
f 5964 5965 5963
f 5964 5963 5905
f 5966 5972 5965
f 5966 5965 5964
f 5962 5967 5958
f 5967 5968 5959
f 5965 5972 5967
f 5972 5968 5967
f 5972 5970 5968
f 5968 5969 5960
f 5970 5969 5968
f 5970 5971 5969
f 5973 5970 5972
f 5973 5972 5966
f 5974 5970 5973
f 5974 5971 5970
f 5974 5975 5971
f 5953 5976 5842
f 5955 5976 5953
f 5977 5976 5955
f 5976 5978 5844
f 5977 5978 5976
f 5979 5980 5978
f 5977 5979 5978
f 5960 5977 5955
f 5986 5979 5977
f 5987 5981 5979
f 5978 5980 5846
f 5980 5982 5849
f 5981 5982 5980
f 5981 5980 5979
f 5981 5984 5982
f 5982 5983 5850
f 5984 5983 5982
f 5984 5985 5983
f 5987 5988 5981
f 5988 5984 5981
f 5988 5989 5984
f 5989 5985 5984
f 5989 5990 5985
f 5986 5977 5960
f 5969 5986 5960
f 5986 5987 5979
f 5991 5987 5986
f 5992 5988 5987
f 5997 5989 5988
f 5999 5990 5989
f 5991 5986 5969
f 5971 5991 5969
f 5971 5993 5991
f 5991 5992 5987
f 5993 5992 5991
f 5993 5994 5992
f 5994 5997 5992
f 5971 5975 5993
f 5975 5995 5993
f 5995 5994 5993
f 5996 6000 5994
f 5995 5996 5994
f 5992 5997 5988
f 5997 5999 5989
f 6000 5997 5994
f 6000 5999 5997
f 6000 6001 5999
f 5999 5998 5990
f 6001 5998 5999
f 6001 6002 5998
f 6003 6001 6000
f 6004 6002 6001
f 5996 6003 6000
f 6003 6004 6001
f 6004 6024 6002
f 5916 5964 5905
f 6005 5966 5964
f 6005 5964 5916
f 6006 5973 5966
f 6005 6006 5966
f 5919 6005 5916
f 6007 6005 5919
f 6007 6006 6005
f 5942 6007 5919
f 6039 6008 6007
f 6007 6008 6006
f 6008 6009 6006
f 6015 6012 6008
f 6009 5974 5973
f 6009 6010 5974
f 6006 6009 5973
f 6010 5975 5974
f 6010 6011 5975
f 6012 6009 6008
f 6012 6010 6009
f 6012 6013 6010
f 6016 6013 6012
f 6013 6011 6010
f 6013 6014 6011
f 6017 6014 6013
f 6039 6007 5942
f 6039 6015 6008
f 6015 6016 6012
f 6016 6017 6013
f 6017 6018 6014
f 6043 6018 6017
f 6011 5995 5975
f 6011 6019 5995
f 6019 5996 5995
f 6020 6003 5996
f 6019 6020 5996
f 6014 6019 6011
f 6021 6019 6014
f 6018 6021 6014
f 6021 6020 6019
f 6021 6022 6020
f 6022 6023 6020
f 6030 6022 6021
f 6031 6027 6022
f 6023 6004 6003
f 6020 6023 6003
f 6023 6025 6004
f 6025 6024 6004
f 6025 6026 6024
f 6027 6023 6022
f 6027 6025 6023
f 6027 6028 6025
f 6033 6028 6027
f 6025 6028 6026
f 6028 6029 6026
f 6034 6029 6028
f 6030 6021 6018
f 6044 6030 6018
f 6030 6031 6022
f 6045 6031 6030
f 6032 6033 6031
f 6045 6030 6044
f 6045 6032 6031
f 6031 6033 6027
f 6033 6034 6028
f 6036 6034 6033
f 6034 6035 6029
f 6037 6035 6034
f 6032 6036 6033
f 6036 6037 6034
f 7796 6037 6036
f 6037 6038 6035
f 7797 6038 6037
f 5945 6039 5942
f 6040 6015 6039
f 6041 6016 6015
f 6040 6039 5945
f 7702 6040 5945
f 7774 6041 6040
f 6040 6041 6015
f 7775 6042 6041
f 6042 6017 6016
f 6042 6016 6041
f 6042 6043 6017
f 7778 6043 6042
f 6043 6044 6018
f 7779 6044 6043
f 7780 6045 6044
f 7792 6032 6045
f 7793 6036 6032
f 6047 6046 4234
f 6050 6047 4235
f 6046 6048 2534
f 6047 6049 6046
f 6049 6048 6046
f 6053 6049 6047
f 6050 6053 6047
f 6051 6050 4239
f 6052 6051 4240
f 6061 6052 4241
f 6054 6053 6050
f 6051 6054 6050
f 6052 6055 6051
f 6055 6054 6051
f 6063 6055 6052
f 6048 6056 2536
f 6049 6057 6048
f 6057 6056 6048
f 6053 6058 6049
f 6058 6057 6049
f 6056 6079 2541
f 6057 6080 6056
f 6080 6079 6056
f 6058 6083 6057
f 6083 6080 6057
f 6054 6059 6053
f 6059 6058 6053
f 6055 6060 6054
f 6060 6059 6054
f 6071 6060 6055
f 6059 6084 6058
f 6084 6083 6058
f 6060 6085 6059
f 6085 6084 6059
f 6099 6085 6060
f 6062 6061 4254
f 6061 6063 6052
f 6062 6064 6061
f 6065 6062 4255
f 6065 6068 6062
f 6064 6063 6061
f 6068 6064 6062
f 6066 6065 4259
f 6066 6069 6065
f 6067 6066 4260
f 6121 6067 4261
f 6067 6070 6066
f 6069 6068 6065
f 6070 6069 6066
f 6123 6070 6067
f 6063 6071 6055
f 6064 6072 6063
f 6072 6071 6063
f 6068 6073 6064
f 6073 6072 6064
f 6071 6099 6060
f 6072 6100 6071
f 6100 6099 6071
f 6073 6076 6072
f 6076 6100 6072
f 6069 6074 6068
f 6074 6073 6068
f 6070 6075 6069
f 6075 6074 6069
f 6131 6075 6070
f 6074 6077 6073
f 6077 6076 6073
f 6075 6078 6074
f 6078 6077 6074
f 6133 6078 6075
f 6079 6081 2569
f 6080 6082 6079
f 6082 6081 6079
f 6083 6086 6080
f 6086 6082 6080
f 6081 6089 2571
f 6082 6090 6081
f 6090 6089 6081
f 6093 6090 6082
f 6086 6093 6082
f 6084 6087 6083
f 6087 6086 6083
f 6085 6088 6084
f 6088 6087 6084
f 6101 6088 6085
f 6087 6094 6086
f 6088 6095 6087
f 6094 6093 6086
f 6095 6094 6087
f 6106 6095 6088
f 6089 6091 2579
f 6090 6092 6089
f 6092 6091 6089
f 6096 6092 6090
f 6093 6096 6090
f 6091 6202 2581
f 6092 6203 6091
f 6203 6202 6091
f 6096 6208 6092
f 6094 6097 6093
f 6097 6096 6093
f 6095 6098 6094
f 6098 6097 6094
f 6108 6098 6095
f 6097 6209 6096
f 6098 6210 6097
f 6208 6203 6092
f 6209 6208 6096
f 6210 6209 6097
f 6114 6210 6098
f 6099 6101 6085
f 6100 6102 6099
f 6102 6101 6099
f 6103 6100 6076
f 6103 6102 6100
f 6101 6106 6088
f 6102 6107 6101
f 6107 6106 6101
f 6103 6110 6102
f 6110 6107 6102
f 6077 6104 6076
f 6104 6103 6076
f 6078 6105 6077
f 6105 6104 6077
f 6162 6105 6078
f 6104 6111 6103
f 6111 6110 6103
f 6105 6112 6104
f 6112 6111 6104
f 6163 6112 6105
f 6106 6108 6095
f 6107 6109 6106
f 6109 6108 6106
f 6110 6113 6107
f 6113 6109 6107
f 6111 6116 6110
f 6116 6113 6110
f 6112 6117 6111
f 6117 6116 6111
f 6171 6117 6112
f 6108 6114 6098
f 6109 6115 6108
f 6115 6114 6108
f 6113 6118 6109
f 6118 6115 6109
f 6119 6113 6116
f 6119 6118 6113
f 6117 6120 6116
f 6120 6119 6116
f 6173 6120 6117
f 6122 6121 4314
f 6121 6123 6067
f 6125 6122 4315
f 6122 6124 6121
f 6125 6128 6122
f 6124 6123 6121
f 6128 6124 6122
f 6126 6125 4319
f 6126 6129 6125
f 6127 6126 4320
f 6127 6130 6126
f 6129 6128 6125
f 6130 6129 6126
f 6123 6131 6070
f 6132 6131 6123
f 6124 6132 6123
f 6128 6135 6124
f 6135 6132 6124
f 6131 6133 6075
f 6134 6133 6131
f 6132 6134 6131
f 6135 6138 6132
f 6138 6134 6132
f 6136 6135 6128
f 6129 6136 6128
f 6130 6137 6129
f 6137 6136 6129
f 6136 6139 6135
f 6139 6138 6135
f 6137 6140 6136
f 6140 6139 6136
f 6141 6127 4321
f 6142 6141 4334
f 6141 6143 6127
f 6145 6142 4335
f 6142 6144 6141
f 6145 6148 6142
f 6143 6130 6127
f 6144 6143 6141
f 6148 6144 6142
f 6146 6145 4339
f 6146 6149 6145
f 6147 6146 4340
f 6147 6150 6146
f 6149 6148 6145
f 6150 6149 6146
f 6143 6151 6130
f 6151 6137 6130
f 6152 6151 6143
f 6144 6152 6143
f 6148 6155 6144
f 6155 6152 6144
f 6151 6153 6137
f 6153 6140 6137
f 6154 6153 6151
f 6152 6154 6151
f 6155 6158 6152
f 6158 6154 6152
f 6156 6155 6148
f 6149 6156 6148
f 6157 6156 6149
f 6150 6157 6149
f 6156 6159 6155
f 6159 6158 6155
f 6160 6159 6156
f 6157 6160 6156
f 6133 6162 6078
f 6134 6161 6133
f 6138 6165 6134
f 6161 6162 6133
f 6165 6161 6134
f 6162 6163 6105
f 6164 6163 6162
f 6164 6162 6161
f 6165 6168 6161
f 6168 6164 6161
f 6139 6166 6138
f 6166 6165 6138
f 6140 6167 6139
f 6167 6166 6139
f 6166 6169 6165
f 6169 6168 6165
f 6167 6170 6166
f 6170 6169 6166
f 6163 6171 6112
f 6164 6172 6163
f 6168 6175 6164
f 6172 6171 6163
f 6175 6172 6164
f 6171 6173 6117
f 6174 6173 6171
f 6172 6174 6171
f 6175 6178 6172
f 6178 6174 6172
f 6174 6268 6173
f 6178 6269 6174
f 6169 6176 6168
f 6176 6175 6168
f 6170 6177 6169
f 6177 6176 6169
f 6179 6178 6175
f 6176 6179 6175
f 6177 6180 6176
f 6180 6179 6176
f 6179 6270 6178
f 6180 6271 6179
f 6153 6181 6140
f 6181 6167 6140
f 6182 6181 6153
f 6154 6182 6153
f 6158 6184 6154
f 6184 6182 6154
f 6181 6183 6167
f 6183 6170 6167
f 6187 6183 6181
f 6182 6187 6181
f 6184 6188 6182
f 6188 6187 6182
f 6185 6184 6158
f 6159 6185 6158
f 6160 6186 6159
f 6186 6185 6159
f 6189 6188 6184
f 6185 6189 6184
f 6186 6190 6185
f 6190 6189 6185
f 6190 6197 6189
f 6183 6191 6170
f 6191 6177 6170
f 6192 6191 6183
f 6191 6193 6177
f 6187 6192 6183
f 6188 6195 6187
f 6195 6192 6187
f 6192 6194 6191
f 6195 6198 6192
f 6193 6180 6177
f 6194 6193 6191
f 6193 6272 6180
f 6299 6272 6193
f 6198 6194 6192
f 6194 6299 6193
f 6198 6303 6194
f 6303 6299 6194
f 6189 6196 6188
f 6196 6195 6188
f 6196 6199 6195
f 6197 6196 6189
f 6197 6200 6196
f 6199 6198 6195
f 6304 6303 6198
f 6199 6304 6198
f 6200 6199 6196
f 6201 6304 6199
f 6200 6201 6199
f 6203 6204 6202
f 6202 6205 2688
f 6204 6205 6202
f 6208 6211 6203
f 6211 6204 6203
f 6205 6206 2690
f 6204 6207 6205
f 6207 6206 6205
f 6211 6214 6204
f 6214 6207 6204
f 6209 6212 6208
f 6212 6211 6208
f 6210 6213 6209
f 6213 6212 6209
f 6217 6213 6210
f 6212 6215 6211
f 6215 6214 6211
f 6213 6216 6212
f 6216 6215 6212
f 6242 6216 6213
f 6206 6222 2692
f 6217 6210 6114
f 6115 6218 6114
f 6118 6219 6115
f 6218 6217 6114
f 6218 6243 6217
f 6219 6218 6115
f 6219 6245 6218
f 6217 6242 6213
f 6243 6242 6217
f 6245 6243 6218
f 6119 6220 6118
f 6220 6219 6118
f 6220 6246 6219
f 6120 6221 6119
f 6221 6220 6119
f 6267 6221 6120
f 6221 6247 6220
f 6246 6245 6219
f 6207 6223 6206
f 6214 6226 6207
f 6215 6227 6214
f 6216 6228 6215
f 6228 6227 6215
f 6251 6228 6216
f 6223 6222 6206
f 6222 6224 2711
f 6223 6225 6222
f 6226 6223 6207
f 6226 6229 6223
f 6225 6224 6222
f 6229 6225 6223
f 6229 6236 6225
f 6224 6232 2713
f 6225 6233 6224
f 6227 6226 6214
f 6227 6230 6226
f 6230 6229 6226
f 6230 6237 6229
f 6228 6231 6227
f 6231 6230 6227
f 6252 6231 6228
f 6231 6238 6230
f 6233 6232 6224
f 6232 6234 2719
f 6233 6235 6232
f 6235 6234 6232
f 6236 6233 6225
f 6236 6240 6233
f 6234 6321 2721
f 6235 6322 6234
f 6322 6321 6234
f 6240 6235 6233
f 6323 6322 6235
f 6240 6323 6235
f 6238 6237 6230
f 6256 6238 6231
f 6237 6236 6229
f 6237 6239 6236
f 6238 6241 6237
f 6239 6240 6236
f 6324 6240 6239
f 6241 6239 6237
f 6258 6241 6238
f 6241 6325 6239
f 6242 6251 6216
f 6243 6244 6242
f 6244 6251 6242
f 6245 6248 6243
f 6248 6244 6243
f 6273 6247 6221
f 6246 6249 6245
f 6249 6248 6245
f 6247 6246 6220
f 6247 6250 6246
f 6250 6249 6246
f 6275 6250 6247
f 6250 6262 6249
f 6251 6252 6228
f 6253 6251 6244
f 6253 6252 6251
f 6248 6254 6244
f 6254 6253 6244
f 6249 6255 6248
f 6255 6254 6248
f 6262 6255 6249
f 6285 6262 6250
f 6252 6256 6231
f 6253 6257 6252
f 6257 6256 6252
f 6254 6260 6253
f 6260 6257 6253
f 6260 6265 6257
f 6256 6258 6238
f 6257 6259 6256
f 6259 6258 6256
f 6258 6328 6241
f 6259 6329 6258
f 6265 6259 6257
f 6265 6332 6259
f 6255 6261 6254
f 6261 6260 6254
f 6262 6263 6255
f 6286 6263 6262
f 6263 6261 6255
f 6266 6265 6260
f 6261 6266 6260
f 6263 6264 6261
f 6264 6266 6261
f 6288 6264 6263
f 6266 6333 6265
f 6173 6267 6120
f 6268 6267 6173
f 6267 6273 6221
f 6269 6268 6174
f 6268 6274 6267
f 6270 6269 6178
f 6271 6270 6179
f 6272 6271 6180
f 6274 6273 6267
f 6269 6279 6268
f 6279 6274 6268
f 6273 6275 6247
f 6274 6276 6273
f 6279 6281 6274
f 6276 6275 6273
f 6275 6285 6250
f 6287 6285 6275
f 6281 6276 6274
f 6276 6287 6275
f 6281 6291 6276
f 6291 6287 6276
f 6277 6279 6269
f 6270 6277 6269
f 6271 6278 6270
f 6278 6277 6270
f 6280 6279 6277
f 6278 6282 6277
f 6280 6281 6279
f 6283 6291 6281
f 6283 6281 6280
f 6282 6280 6277
f 6282 6284 6280
f 6284 6283 6280
f 6285 6286 6262
f 6289 6286 6285
f 6287 6289 6285
f 6291 6292 6287
f 6292 6289 6287
f 6286 6288 6263
f 6290 6288 6286
f 6289 6290 6286
f 6292 6294 6289
f 6294 6290 6289
f 6293 6292 6291
f 6293 6291 6283
f 6284 6296 6283
f 6296 6293 6283
f 6293 6295 6292
f 6295 6294 6292
f 6296 6297 6293
f 6297 6295 6293
f 6272 6298 6271
f 6298 6278 6271
f 6300 6298 6272
f 6299 6300 6272
f 6303 6305 6299
f 6305 6300 6299
f 6300 6302 6298
f 6305 6308 6300
f 6298 6301 6278
f 6301 6282 6278
f 6302 6301 6298
f 6301 6311 6282
f 6308 6302 6300
f 6302 6312 6301
f 6308 6313 6302
f 6304 6306 6303
f 6306 6305 6303
f 6307 6306 6304
f 6307 6304 6201
f 6306 6309 6305
f 6307 6310 6306
f 6310 6309 6306
f 6309 6308 6305
f 6311 6284 6282
f 6312 6311 6301
f 6311 6317 6284
f 6313 6312 6302
f 6312 6318 6311
f 6313 6319 6312
f 6309 6314 6308
f 6314 6313 6308
f 6314 6320 6313
f 6315 6314 6309
f 6310 6315 6309
f 6315 6316 6314
f 6320 6319 6313
f 6316 6320 6314
f 6317 6296 6284
f 6318 6317 6311
f 6317 6439 6296
f 6441 6439 6317
f 6439 6297 6296
f 6319 6318 6312
f 6318 6441 6317
f 6319 6445 6318
f 6445 6441 6318
f 6446 6445 6319
f 6320 6446 6319
f 6449 6446 6320
f 6449 6320 6316
f 6322 6343 6321
f 6323 6345 6322
f 6324 6323 6240
f 6326 6345 6323
f 6324 6326 6323
f 6325 6324 6239
f 6328 6325 6241
f 6325 6327 6324
f 6327 6326 6324
f 6330 6327 6325
f 6327 6354 6326
f 6329 6328 6258
f 6328 6330 6325
f 6329 6331 6328
f 6332 6329 6259
f 6332 6335 6329
f 6331 6330 6328
f 6330 6359 6327
f 6331 6361 6330
f 6361 6359 6330
f 6335 6331 6329
f 6335 6338 6331
f 6338 6361 6331
f 6333 6332 6265
f 6333 6336 6332
f 6334 6266 6264
f 6334 6333 6266
f 6421 6334 6264
f 6334 6337 6333
f 6336 6335 6332
f 6339 6338 6335
f 6336 6339 6335
f 6423 6337 6334
f 6337 6336 6333
f 6337 6340 6336
f 6340 6339 6336
f 6431 6340 6337
f 6339 6366 6338
f 6340 6367 6339
f 6321 6341 2857
f 6343 6341 6321
f 6345 6343 6322
f 6341 6342 2860
f 6343 6344 6341
f 6344 6342 6341
f 6345 6350 6343
f 6350 6344 6343
f 6351 6345 6326
f 6351 6350 6345
f 6354 6351 6326
f 6359 6354 6327
f 6342 6346 2861
f 6344 6347 6342
f 6347 6346 6342
f 6350 6352 6344
f 6352 6347 6344
f 6346 6348 2869
f 6347 6349 6346
f 6349 6348 6346
f 6348 6371 2871
f 6349 6372 6348
f 6356 6349 6347
f 6352 6356 6347
f 6356 6377 6349
f 6351 6353 6350
f 6353 6352 6350
f 6354 6355 6351
f 6355 6353 6351
f 6360 6355 6354
f 6353 6357 6352
f 6357 6356 6352
f 6357 6378 6356
f 6355 6358 6353
f 6363 6358 6355
f 6358 6357 6353
f 6358 6379 6357
f 6359 6360 6354
f 6361 6362 6359
f 6362 6360 6359
f 6365 6361 6338
f 6365 6362 6361
f 6360 6363 6355
f 6362 6364 6360
f 6364 6363 6360
f 6363 6396 6358
f 6364 6397 6363
f 6365 6368 6362
f 6368 6364 6362
f 6368 6400 6364
f 6366 6365 6338
f 6367 6366 6339
f 6464 6367 6340
f 6369 6368 6365
f 6366 6369 6365
f 6369 6401 6368
f 6367 6370 6366
f 6370 6369 6366
f 6466 6370 6367
f 6370 6402 6369
f 6372 6371 6348
f 6372 6375 6371
f 6377 6372 6349
f 6377 6380 6372
f 6371 6373 2906
f 6375 6373 6371
f 6380 6375 6372
f 6373 6374 2910
f 6375 6376 6373
f 6376 6374 6373
f 6380 6387 6375
f 6387 6376 6375
f 6378 6377 6356
f 6381 6380 6377
f 6378 6381 6377
f 6379 6378 6357
f 6396 6379 6358
f 6379 6382 6378
f 6382 6381 6378
f 6399 6382 6379
f 6381 6388 6380
f 6388 6387 6380
f 6382 6391 6381
f 6391 6388 6381
f 6406 6391 6382
f 6374 6383 2911
f 6376 6384 6374
f 6384 6383 6374
f 6387 6389 6376
f 6389 6384 6376
f 6383 6385 2919
f 6384 6386 6383
f 6386 6385 6383
f 6385 7381 2921
f 6386 7382 6385
f 6393 6386 6384
f 6389 6393 6384
f 6393 7385 6386
f 6388 6390 6387
f 6390 6389 6387
f 6391 6392 6388
f 6392 6390 6388
f 6407 6392 6391
f 6394 6393 6389
f 6390 6394 6389
f 6394 7386 6393
f 6392 6395 6390
f 6395 6394 6390
f 6410 6395 6392
f 6395 7387 6394
f 6397 6396 6363
f 6396 6399 6379
f 6397 6398 6396
f 6398 6399 6396
f 6400 6397 6364
f 6400 6403 6397
f 6403 6398 6397
f 6399 6406 6382
f 6408 6399 6398
f 6408 6406 6399
f 6403 6412 6398
f 6412 6408 6398
f 6401 6400 6368
f 6404 6403 6400
f 6401 6404 6400
f 6402 6401 6369
f 6476 6402 6370
f 6402 6405 6401
f 6405 6404 6401
f 6478 6405 6402
f 6404 6413 6403
f 6413 6412 6403
f 6405 6416 6404
f 6416 6413 6404
f 6486 6416 6405
f 6406 6407 6391
f 6408 6409 6406
f 6409 6407 6406
f 6412 6414 6408
f 6414 6409 6408
f 6407 6410 6392
f 6409 6411 6407
f 6411 6410 6407
f 6410 7406 6395
f 6411 7407 6410
f 6414 6418 6409
f 6418 6411 6409
f 6418 7410 6411
f 6413 6415 6412
f 6415 6414 6412
f 6416 6417 6413
f 6417 6415 6413
f 6487 6417 6416
f 6419 6418 6414
f 6415 6419 6414
f 6419 7411 6418
f 6417 6420 6415
f 6420 6419 6415
f 6490 6420 6417
f 6420 7412 6419
f 6290 6422 6288
f 6294 6426 6290
f 6288 6421 6264
f 6422 6421 6288
f 6421 6423 6334
f 6426 6422 6290
f 6422 6424 6421
f 6426 6428 6422
f 6424 6423 6421
f 6423 6431 6337
f 6432 6431 6423
f 6428 6424 6422
f 6424 6432 6423
f 6428 6433 6424
f 6433 6432 6424
f 6427 6426 6294
f 6295 6427 6294
f 6297 6425 6295
f 6425 6427 6295
f 6427 6429 6426
f 6429 6428 6426
f 6429 6434 6428
f 6430 6427 6425
f 6430 6429 6427
f 6430 6435 6429
f 6431 6464 6340
f 6465 6464 6431
f 6432 6465 6431
f 6436 6465 6432
f 6433 6436 6432
f 6434 6433 6428
f 6437 6436 6433
f 6434 6437 6433
f 6435 6434 6429
f 6435 6438 6434
f 6438 6437 6434
f 6439 6440 6297
f 6440 6425 6297
f 6442 6440 6439
f 6441 6442 6439
f 6445 6447 6441
f 6447 6442 6441
f 6442 6444 6440
f 6447 6451 6442
f 6440 6443 6425
f 6443 6430 6425
f 6444 6443 6440
f 6443 6454 6430
f 6451 6444 6442
f 6444 6455 6443
f 6451 6459 6444
f 6446 6448 6445
f 6448 6447 6445
f 6449 6450 6446
f 6450 6448 6446
f 6448 6452 6447
f 6453 6452 6448
f 6450 6453 6448
f 6452 6451 6447
f 6452 6458 6451
f 6453 6460 6452
f 6454 6435 6430
f 6455 6454 6443
f 6454 6456 6435
f 6456 6438 6435
f 6457 6456 6454
f 6459 6455 6444
f 6455 6457 6454
f 6459 6461 6455
f 6461 6457 6455
f 6461 6473 6457
f 6458 6459 6451
f 6462 6461 6459
f 6462 6459 6458
f 6460 6458 6452
f 6463 6462 6458
f 6460 6463 6458
f 6462 6474 6461
f 6463 6475 6462
f 6464 6466 6367
f 6467 6466 6464
f 6466 6476 6370
f 6465 6467 6464
f 6468 6465 6436
f 6468 6467 6465
f 6467 6477 6466
f 6468 6480 6467
f 6437 6469 6436
f 6469 6468 6436
f 6469 6481 6468
f 6438 6470 6437
f 6470 6469 6437
f 6456 6471 6438
f 6471 6470 6438
f 6472 6471 6456
f 6457 6472 6456
f 6473 6472 6457
f 6474 6473 6461
f 6475 6474 6462
f 6477 6476 6466
f 6476 6478 6402
f 6479 6478 6476
f 6480 6477 6467
f 6477 6479 6476
f 6480 6483 6477
f 6483 6479 6477
f 6478 6486 6405
f 6488 6486 6478
f 6479 6488 6478
f 6483 6492 6479
f 6492 6488 6479
f 6481 6480 6468
f 6484 6483 6480
f 6481 6484 6480
f 6482 6481 6469
f 6470 6482 6469
f 6482 6485 6481
f 6485 6484 6481
f 6484 6493 6483
f 6493 6492 6483
f 6485 6496 6484
f 6496 6493 6484
f 6486 6487 6416
f 6489 6487 6486
f 6488 6489 6486
f 6492 6494 6488
f 6494 6489 6488
f 6487 6490 6417
f 6491 6490 6487
f 6490 7480 6420
f 6489 6491 6487
f 6494 6498 6489
f 6498 6491 6489
f 6491 7481 6490
f 6498 7484 6491
f 6493 6495 6492
f 6495 6494 6492
f 6496 6497 6493
f 6497 6495 6493
f 6499 6498 6494
f 6495 6499 6494
f 6499 7485 6498
f 6497 6500 6495
f 6500 6499 6495
f 6500 7486 6499
f 6501 6482 6470
f 6471 6501 6470
f 6502 6501 6471
f 6501 6503 6482
f 6503 6485 6482
f 6504 6503 6501
f 6472 6502 6471
f 6473 6505 6472
f 6505 6502 6472
f 6502 6504 6501
f 6505 6508 6502
f 6508 6504 6502
f 6503 6511 6485
f 6511 6496 6485
f 6513 6511 6503
f 6504 6513 6503
f 6508 6517 6504
f 6517 6513 6504
f 6506 6505 6473
f 6474 6506 6473
f 6509 6508 6505
f 6506 6509 6505
f 6507 6506 6474
f 6475 6507 6474
f 6510 6509 6506
f 6507 6510 6506
f 6509 6518 6508
f 6518 6517 6508
f 6510 6521 6509
f 6521 6518 6509
f 6511 6512 6496
f 6512 6497 6496
f 6514 6512 6511
f 6513 6514 6511
f 6517 6519 6513
f 6519 6514 6513
f 6512 6515 6497
f 6515 6500 6497
f 6516 6515 6512
f 6515 7505 6500
f 6514 6516 6512
f 6519 6523 6514
f 6523 6516 6514
f 6516 7506 6515
f 6523 7507 6516
f 6518 6520 6517
f 6520 6519 6517
f 6521 6522 6518
f 6522 6520 6518
f 6524 6523 6519
f 6520 6524 6519
f 6524 7508 6523
f 6525 6524 6520
f 6522 6525 6520
f 6525 7509 6524
f 6526 6147 4341
f 6527 6526 4734
f 6526 6528 6147
f 6530 6527 4735
f 6527 6529 6526
f 6530 6533 6527
f 6528 6150 6147
f 6529 6528 6526
f 6533 6529 6527
f 6531 6530 4739
f 6531 6534 6530
f 6532 6531 4740
f 6532 6535 6531
f 6534 6533 6530
f 6535 6534 6531
f 6535 6542 6534
f 6528 6536 6150
f 6536 6157 6150
f 6537 6536 6528
f 6529 6537 6528
f 6533 6540 6529
f 6540 6537 6529
f 6536 6538 6157
f 6538 6160 6157
f 6539 6538 6536
f 6537 6539 6536
f 6540 6543 6537
f 6543 6539 6537
f 6534 6541 6533
f 6541 6540 6533
f 6542 6541 6534
f 6544 6543 6540
f 6541 6544 6540
f 6545 6544 6541
f 6542 6545 6541
f 6546 6532 4741
f 6547 6546 4754
f 6546 6548 6532
f 6550 6547 4755
f 6547 6549 6546
f 6548 6535 6532
f 6549 6548 6546
f 6548 6556 6535
f 6553 6549 6547
f 6549 6557 6548
f 6551 6550 4759
f 6552 6551 4760
f 6550 6553 6547
f 6551 6554 6550
f 6552 6555 6551
f 6554 6553 6550
f 6553 6560 6549
f 6554 6561 6553
f 6555 6554 6551
f 6555 6562 6554
f 6556 6542 6535
f 6557 6556 6548
f 6560 6557 6549
f 6556 6558 6542
f 6558 6545 6542
f 6559 6558 6556
f 6557 6559 6556
f 6563 6559 6557
f 6559 6587 6558
f 6561 6560 6553
f 6560 6563 6557
f 6561 6564 6560
f 6562 6561 6554
f 6562 6565 6561
f 6564 6563 6560
f 6563 6590 6559
f 6564 6591 6563
f 6565 6564 6561
f 6565 6592 6564
f 6538 6566 6160
f 6566 6186 6160
f 6567 6566 6538
f 6539 6567 6538
f 6543 6568 6539
f 6568 6567 6539
f 6566 6570 6186
f 6569 6568 6543
f 6544 6569 6543
f 6572 6569 6544
f 6545 6572 6544
f 6570 6190 6186
f 6571 6570 6566
f 6570 6576 6190
f 6567 6571 6566
f 6568 6573 6567
f 6573 6571 6567
f 6571 6577 6570
f 6573 6580 6571
f 6569 6574 6568
f 6572 6575 6569
f 6574 6573 6568
f 6574 6581 6573
f 6575 6574 6569
f 6575 6582 6574
f 6576 6197 6190
f 6577 6576 6570
f 6580 6577 6571
f 6576 6578 6197
f 6579 6578 6576
f 6577 6579 6576
f 6580 6583 6577
f 6583 6579 6577
f 6578 6200 6197
f 6578 6602 6200
f 6579 6603 6578
f 6583 6604 6579
f 6581 6580 6573
f 6582 6581 6574
f 6581 6584 6580
f 6584 6583 6580
f 6582 6585 6581
f 6585 6584 6581
f 6558 6586 6545
f 6586 6572 6545
f 6587 6586 6558
f 6586 6588 6572
f 6590 6587 6559
f 6587 6589 6586
f 6588 6575 6572
f 6589 6588 6586
f 6588 6596 6575
f 6593 6589 6587
f 6589 6597 6588
f 6599 6597 6589
f 6591 6590 6563
f 6590 6593 6587
f 6591 6594 6590
f 6592 6591 6564
f 6592 6595 6591
f 6594 6593 6590
f 6595 6594 6591
f 6593 6599 6589
f 6594 6600 6593
f 6600 6599 6593
f 6601 6600 6594
f 6595 6601 6594
f 6596 6582 6575
f 6597 6596 6588
f 6596 6598 6582
f 6598 6585 6582
f 6607 6598 6596
f 6597 6607 6596
f 6610 6607 6597
f 6599 6610 6597
f 6600 6611 6599
f 6611 6610 6599
f 6601 6612 6600
f 6612 6611 6600
f 6602 6201 6200
f 6603 6602 6578
f 6604 6603 6579
f 6584 6605 6583
f 6605 6604 6583
f 6605 6720 6604
f 6585 6606 6584
f 6606 6605 6584
f 6606 6721 6605
f 6598 6608 6585
f 6608 6606 6585
f 6609 6608 6598
f 6608 6735 6606
f 6609 6598 6607
f 6613 6609 6607
f 6609 6736 6608
f 6737 6736 6609
f 6610 6613 6607
f 6611 6615 6610
f 6615 6613 6610
f 6612 6614 6611
f 6614 6615 6611
f 6613 6737 6609
f 6615 6738 6613
f 6738 6737 6613
f 6739 6738 6615
f 6739 6615 6614
f 6616 6552 4761
f 6617 6616 4814
f 6616 6618 6552
f 6620 6617 4815
f 6617 6619 6616
f 6618 6555 6552
f 6619 6618 6616
f 6618 6626 6555
f 6623 6619 6617
f 6619 6627 6618
f 6621 6620 4819
f 6620 6623 6617
f 6621 6624 6620
f 6622 6621 4820
f 6622 6625 6621
f 6624 6623 6620
f 6623 6629 6619
f 6624 6630 6623
f 6625 6624 6621
f 6625 6631 6624
f 6626 6562 6555
f 6627 6626 6618
f 6626 6628 6562
f 6629 6627 6619
f 6627 6632 6626
f 6628 6565 6562
f 6632 6628 6626
f 6633 6632 6627
f 6630 6629 6623
f 6629 6633 6627
f 6630 6634 6629
f 6631 6630 6624
f 6631 6635 6630
f 6634 6633 6629
f 6628 6656 6565
f 6632 6657 6628
f 6633 6660 6632
f 6634 6661 6633
f 6635 6634 6630
f 6635 6662 6634
f 6636 6622 4821
f 6636 6638 6622
f 6637 6636 4834
f 6640 6637 4835
f 6637 6639 6636
f 6638 6625 6622
f 6638 6646 6625
f 6639 6638 6636
f 6643 6639 6637
f 6639 6647 6638
f 6641 6640 4839
f 6640 6643 6637
f 6641 6644 6640
f 6642 6641 4840
f 6642 6645 6641
f 6644 6643 6640
f 6643 6648 6639
f 6644 6651 6643
f 6645 6644 6641
f 6645 6652 6644
f 6646 6631 6625
f 6646 6649 6631
f 6647 6646 6638
f 6648 6647 6639
f 6651 6648 6643
f 6652 6651 6644
f 6647 6650 6646
f 6649 6635 6631
f 6649 6671 6635
f 6650 6649 6646
f 6653 6650 6647
f 6650 6672 6649
f 6648 6653 6647
f 6651 6654 6648
f 6652 6655 6651
f 6654 6653 6648
f 6653 6676 6650
f 6654 6677 6653
f 6655 6654 6651
f 6655 6678 6654
f 6645 6642 4842
f 6652 6645 4842
f 6655 6652 4842
f 6678 6655 4842
f 6681 6678 4842
f 6699 6681 4842
f 6656 6592 6565
f 6657 6656 6628
f 6656 6658 6592
f 6660 6657 6632
f 6657 6659 6656
f 6658 6595 6592
f 6659 6658 6656
f 6663 6659 6657
f 6658 6667 6595
f 6667 6601 6595
f 6668 6667 6658
f 6659 6668 6658
f 6669 6668 6659
f 6661 6660 6633
f 6660 6663 6657
f 6661 6664 6660
f 6664 6663 6660
f 6662 6661 6634
f 6662 6665 6661
f 6665 6664 6661
f 6663 6669 6659
f 6664 6670 6663
f 6670 6669 6663
f 6665 6666 6664
f 6666 6670 6664
f 6667 6682 6601
f 6668 6683 6667
f 6669 6687 6668
f 6671 6662 6635
f 6671 6673 6662
f 6672 6671 6649
f 6676 6672 6650
f 6673 6665 6662
f 6672 6675 6671
f 6675 6673 6671
f 6679 6675 6672
f 6673 6674 6665
f 6674 6666 6665
f 6675 6696 6673
f 6696 6674 6673
f 6697 6696 6675
f 6677 6676 6653
f 6678 6677 6654
f 6676 6679 6672
f 6677 6680 6676
f 6680 6679 6676
f 6681 6680 6677
f 6678 6681 6677
f 6679 6697 6675
f 6680 6698 6679
f 6698 6697 6679
f 6681 6699 6680
f 6699 6698 6680
f 6682 6612 6601
f 6683 6682 6667
f 6687 6683 6668
f 6683 6685 6682
f 6682 6684 6612
f 6684 6614 6612
f 6685 6684 6682
f 6690 6685 6683
f 6684 6755 6614
f 6755 6739 6614
f 6686 6755 6684
f 6685 6686 6684
f 6691 6686 6685
f 6688 6687 6669
f 6670 6688 6669
f 6687 6690 6683
f 6688 6692 6687
f 6689 6688 6670
f 6666 6689 6670
f 6689 6693 6688
f 6692 6690 6687
f 6693 6692 6688
f 6690 6691 6685
f 6692 6694 6690
f 6694 6691 6690
f 6693 6695 6692
f 6695 6694 6692
f 6674 6700 6666
f 6700 6689 6666
f 6700 6702 6689
f 6696 6701 6674
f 6701 6700 6674
f 6706 6701 6696
f 6701 6704 6700
f 6709 6704 6701
f 6702 6693 6689
f 6702 6703 6693
f 6703 6695 6693
f 6704 6702 6700
f 6704 6705 6702
f 6705 6703 6702
f 6712 6705 6704
f 6697 6706 6696
f 6698 6708 6697
f 6708 6706 6697
f 6706 6709 6701
f 6708 6710 6706
f 6699 6707 6698
f 6707 6708 6698
f 6710 6709 6706
f 6711 6710 6708
f 6711 6708 6707
f 6709 6712 6704
f 6710 6713 6709
f 6713 6712 6709
f 6711 6714 6710
f 6714 6713 6710
f 6705 6772 6703
f 6712 6777 6705
f 6713 6778 6712
f 6714 6779 6713
f 6707 6699 4842
f 6711 6707 4842
f 6714 6711 4842
f 6779 6714 4842
f 6782 6779 4842
f 6785 6782 4842
f 6925 6785 4842
f 6933 6925 4842
f 6935 6933 4842
f 6942 6935 4842
f 6953 6942 4842
f 6955 6953 4842
f 6602 6715 6201
f 6715 6307 6201
f 6716 6715 6602
f 6603 6716 6602
f 6604 6719 6603
f 6719 6716 6603
f 6715 6718 6307
f 6718 6310 6307
f 6717 6718 6715
f 6716 6717 6715
f 6719 6726 6716
f 6726 6717 6716
f 6720 6719 6604
f 6727 6726 6719
f 6720 6727 6719
f 6721 6720 6605
f 6721 6728 6720
f 6728 6727 6720
f 6718 6722 6310
f 6722 6315 6310
f 6723 6722 6718
f 6722 6724 6315
f 6723 6718 6717
f 6726 6729 6717
f 6729 6723 6717
f 6723 6725 6722
f 6724 6316 6315
f 6725 6724 6722
f 6729 6732 6723
f 6732 6725 6723
f 6732 6792 6725
f 6728 6731 6727
f 6727 6730 6726
f 6730 6729 6726
f 6731 6730 6727
f 6730 6733 6729
f 6733 6732 6729
f 6733 6793 6732
f 6731 6734 6730
f 6734 6733 6730
f 6734 6794 6733
f 6724 6786 6316
f 6786 6449 6316
f 6788 6786 6724
f 6725 6788 6724
f 6735 6721 6606
f 6736 6735 6608
f 6735 6740 6721
f 6740 6728 6721
f 6741 6740 6735
f 6736 6741 6735
f 6737 6746 6736
f 6738 6747 6737
f 6739 6748 6738
f 6740 6742 6728
f 6741 6743 6740
f 6746 6741 6736
f 6742 6731 6728
f 6743 6742 6740
f 6749 6743 6741
f 6742 6744 6731
f 6744 6734 6731
f 6745 6744 6742
f 6744 6813 6734
f 6743 6745 6742
f 6750 6745 6743
f 6745 6814 6744
f 6747 6746 6737
f 6746 6749 6741
f 6747 6751 6746
f 6751 6749 6746
f 6748 6747 6738
f 6752 6751 6747
f 6748 6752 6747
f 6749 6750 6743
f 6751 6753 6749
f 6753 6750 6749
f 6750 6819 6745
f 6753 6811 6750
f 6752 6754 6751
f 6754 6753 6751
f 6755 6756 6739
f 6757 6755 6686
f 6756 6748 6739
f 6757 6756 6755
f 6756 6759 6748
f 6759 6752 6748
f 6758 6759 6756
f 6762 6757 6686
f 6757 6758 6756
f 6765 6758 6757
f 6759 6760 6752
f 6760 6754 6752
f 6761 6760 6759
f 6761 6759 6758
f 6768 6761 6758
f 6691 6762 6686
f 6694 6763 6691
f 6763 6762 6691
f 6762 6765 6757
f 6763 6766 6762
f 6766 6765 6762
f 6764 6763 6694
f 6695 6764 6694
f 6764 6767 6763
f 6767 6766 6763
f 6765 6768 6758
f 6766 6769 6765
f 6769 6768 6765
f 6767 6770 6766
f 6770 6769 6766
f 6703 6771 6695
f 6771 6764 6695
f 6771 6773 6764
f 6772 6771 6703
f 6777 6772 6705
f 6772 6774 6771
f 6773 6767 6764
f 6774 6773 6771
f 6780 6774 6772
f 6773 6775 6767
f 6775 6770 6767
f 6774 6776 6773
f 6776 6775 6773
f 6783 6776 6774
f 6778 6777 6712
f 6777 6780 6772
f 6778 6781 6777
f 6779 6778 6713
f 6779 6782 6778
f 6781 6780 6777
f 6780 6783 6774
f 6781 6784 6780
f 6782 6781 6778
f 6782 6785 6781
f 6784 6783 6780
f 6785 6784 6781
f 6786 6787 6449
f 6787 6450 6449
f 6789 6787 6786
f 6788 6789 6786
f 6792 6788 6725
f 6792 6795 6788
f 6795 6789 6788
f 6787 6790 6450
f 6790 6453 6450
f 6791 6790 6787
f 6789 6791 6787
f 6795 6796 6789
f 6796 6791 6789
f 6790 6801 6453
f 6791 6802 6790
f 6796 6805 6791
f 6793 6792 6732
f 6797 6795 6792
f 6793 6797 6792
f 6794 6793 6733
f 6798 6797 6793
f 6794 6798 6793
f 6799 6796 6795
f 6797 6799 6795
f 6800 6799 6797
f 6798 6800 6797
f 6799 6806 6796
f 6800 6807 6799
f 6801 6460 6453
f 6802 6801 6790
f 6801 6803 6460
f 6803 6463 6460
f 6804 6803 6801
f 6805 6802 6791
f 6802 6804 6801
f 6805 6808 6802
f 6808 6804 6802
f 6803 6836 6463
f 6804 6837 6803
f 6808 6838 6804
f 6806 6805 6796
f 6809 6808 6805
f 6806 6809 6805
f 6807 6806 6799
f 6810 6809 6806
f 6807 6810 6806
f 6809 6839 6808
f 6810 6840 6809
f 6813 6794 6734
f 6814 6813 6744
f 6819 6814 6745
f 6811 6819 6750
f 6812 6811 6753
f 6754 6812 6753
f 6813 6815 6794
f 6815 6798 6794
f 6817 6815 6813
f 6814 6817 6813
f 6820 6817 6814
f 6815 6816 6798
f 6816 6800 6798
f 6818 6816 6815
f 6817 6818 6815
f 6821 6818 6817
f 6816 6826 6800
f 6818 6827 6816
f 6819 6820 6814
f 6822 6819 6811
f 6822 6820 6819
f 6823 6822 6811
f 6812 6823 6811
f 6820 6821 6817
f 6822 6824 6820
f 6824 6821 6820
f 6823 6825 6822
f 6825 6824 6822
f 6821 6830 6818
f 6824 6831 6821
f 6825 6832 6824
f 6826 6807 6800
f 6827 6826 6816
f 6826 6828 6807
f 6828 6810 6807
f 6829 6828 6826
f 6830 6827 6818
f 6827 6829 6826
f 6833 6829 6827
f 6828 6841 6810
f 6829 6842 6828
f 6831 6830 6821
f 6830 6833 6827
f 6831 6834 6830
f 6834 6833 6830
f 6832 6831 6824
f 6832 6835 6831
f 6835 6834 6831
f 6833 6843 6829
f 6834 6844 6833
f 6835 6845 6834
f 6836 6475 6463
f 6837 6836 6803
f 6838 6837 6804
f 6839 6838 6808
f 6840 6839 6809
f 6841 6840 6810
f 6842 6841 6828
f 6843 6842 6829
f 6844 6843 6833
f 6845 6844 6834
f 6845 6879 6844
f 6836 6846 6475
f 6846 6507 6475
f 6847 6846 6836
f 6846 6848 6507
f 6848 6510 6507
f 6849 6848 6846
f 6837 6847 6836
f 6838 6850 6837
f 6850 6847 6837
f 6847 6849 6846
f 6850 6853 6847
f 6853 6849 6847
f 6848 6859 6510
f 6859 6521 6510
f 6861 6859 6848
f 6849 6861 6848
f 6853 6856 6849
f 6856 6861 6849
f 6851 6850 6838
f 6839 6851 6838
f 6854 6853 6850
f 6851 6854 6850
f 6852 6851 6839
f 6840 6852 6839
f 6855 6854 6851
f 6852 6855 6851
f 6854 6857 6853
f 6857 6856 6853
f 6855 6858 6854
f 6858 6857 6854
f 6859 6860 6521
f 6860 6522 6521
f 6862 6860 6859
f 6861 6862 6859
f 6856 6865 6861
f 6865 6862 6861
f 6860 6863 6522
f 6863 6525 6522
f 6864 6863 6860
f 6863 7870 6525
f 6862 6864 6860
f 6865 6868 6862
f 6868 6864 6862
f 6864 7871 6863
f 6868 7872 6864
f 6857 6866 6856
f 6866 6865 6856
f 6858 6867 6857
f 6867 6866 6857
f 6869 6868 6865
f 6866 6869 6865
f 6869 7885 6868
f 6870 6869 6866
f 6867 6870 6866
f 6870 7886 6869
f 6841 6871 6840
f 6871 6852 6840
f 6872 6871 6841
f 6871 6873 6852
f 6873 6855 6852
f 6875 6873 6871
f 6842 6872 6841
f 6877 6872 6842
f 6872 6875 6871
f 6880 6875 6872
f 6873 6874 6855
f 6874 6858 6855
f 6876 6874 6873
f 6875 6876 6873
f 6881 6876 6875
f 6843 6877 6842
f 6844 6878 6843
f 6878 6877 6843
f 6877 6880 6872
f 6878 6882 6877
f 6882 6880 6877
f 6879 6878 6844
f 6883 6882 6878
f 6879 6883 6878
f 6880 6881 6875
f 6882 6884 6880
f 6884 6881 6880
f 6883 6885 6882
f 6885 6884 6882
f 6874 6886 6858
f 6886 6867 6858
f 6887 6886 6874
f 6876 6887 6874
f 6890 6887 6876
f 6886 6888 6867
f 6888 6870 6867
f 6889 6888 6886
f 6888 7905 6870
f 6887 6889 6886
f 6893 6889 6887
f 6889 7906 6888
f 6881 6890 6876
f 6884 6891 6881
f 6891 6890 6881
f 6885 6892 6884
f 6892 6891 6884
f 6890 6893 6887
f 6891 6894 6890
f 6894 6893 6890
f 6893 7909 6889
f 6894 7910 6893
f 6895 6894 6891
f 6892 6895 6891
f 6895 7911 6894
f 6760 6896 6754
f 6896 6812 6754
f 6897 6896 6760
f 6761 6897 6760
f 6898 6897 6761
f 6768 6898 6761
f 6769 6899 6768
f 6899 6898 6768
f 6900 6899 6769
f 6770 6900 6769
f 6896 6901 6812
f 6901 6823 6812
f 6903 6901 6896
f 6897 6903 6896
f 6905 6903 6897
f 6901 6902 6823
f 6902 6825 6823
f 6904 6902 6901
f 6903 6904 6901
f 6906 6904 6903
f 6902 6911 6825
f 6904 6912 6902
f 6898 6905 6897
f 6899 6907 6898
f 6907 6905 6898
f 6908 6907 6899
f 6900 6908 6899
f 6905 6906 6903
f 6907 6909 6905
f 6909 6906 6905
f 6908 6910 6907
f 6910 6909 6907
f 6906 6915 6904
f 6909 6916 6906
f 6910 6917 6909
f 6911 6832 6825
f 6912 6911 6902
f 6911 6913 6832
f 6913 6835 6832
f 6914 6913 6911
f 6915 6912 6904
f 6912 6914 6911
f 6918 6914 6912
f 6913 6945 6835
f 6914 6946 6913
f 6916 6915 6906
f 6915 6918 6912
f 6916 6919 6915
f 6919 6918 6915
f 6917 6916 6909
f 6920 6919 6916
f 6917 6920 6916
f 6918 6947 6914
f 6775 6921 6770
f 6921 6900 6770
f 6776 6922 6775
f 6922 6921 6775
f 6923 6922 6776
f 6784 6924 6783
f 6783 6923 6776
f 6924 6923 6783
f 6785 6925 6784
f 6925 6924 6784
f 6921 6926 6900
f 6926 6908 6900
f 6922 6928 6921
f 6928 6926 6921
f 6930 6928 6922
f 6926 6927 6908
f 6927 6910 6908
f 6928 6929 6926
f 6929 6927 6926
f 6931 6929 6928
f 6927 6936 6910
f 6929 6937 6927
f 6923 6930 6922
f 6924 6932 6923
f 6932 6930 6923
f 6933 6932 6924
f 6925 6933 6924
f 6930 6931 6928
f 6934 6930 6932
f 6934 6931 6930
f 6933 6935 6932
f 6935 6934 6932
f 6931 6940 6929
f 6934 6941 6931
f 6935 6942 6934
f 6936 6917 6910
f 6936 6938 6917
f 6938 6920 6917
f 6937 6936 6927
f 6940 6937 6929
f 6937 6939 6936
f 6939 6938 6936
f 6943 6939 6937
f 6941 6940 6931
f 6940 6943 6937
f 6941 6944 6940
f 6944 6943 6940
f 6942 6941 6934
f 6953 6944 6941
f 6942 6953 6941
f 6989 6955 4842
f 6993 6989 4842
f 6995 6993 4842
f 7002 6995 4842
f 7005 7002 4842
f 8017 7005 4842
f 6945 6845 6835
f 6945 6956 6845
f 6946 6945 6913
f 6946 6957 6945
f 6947 6946 6914
f 6919 6948 6918
f 6947 6962 6946
f 6948 6947 6918
f 6948 6963 6947
f 6920 6949 6919
f 6949 6948 6919
f 6949 6964 6948
f 6950 6949 6920
f 6938 6950 6920
f 6950 6981 6949
f 6951 6950 6938
f 6939 6951 6938
f 6952 6951 6939
f 6951 6982 6950
f 6943 6952 6939
f 6944 6954 6943
f 6954 6952 6943
f 6952 6987 6951
f 6954 6988 6952
f 6955 6954 6944
f 6953 6955 6944
f 6955 6989 6954
f 6956 6879 6845
f 6957 6956 6945
f 6956 6958 6879
f 6958 6883 6879
f 6960 6958 6956
f 6962 6957 6946
f 6957 6960 6956
f 6965 6960 6957
f 6958 6959 6883
f 6959 6885 6883
f 6961 6959 6958
f 6960 6961 6958
f 6966 6961 6960
f 6963 6962 6947
f 6962 6965 6957
f 6963 6967 6962
f 6964 6963 6948
f 6964 6968 6963
f 6967 6965 6962
f 6968 6967 6963
f 6965 6966 6960
f 6967 6969 6965
f 6969 6966 6965
f 6968 6970 6967
f 6970 6969 6967
f 6959 6971 6885
f 6971 6892 6885
f 6972 6971 6959
f 6961 6972 6959
f 6974 6972 6961
f 6971 6973 6892
f 6973 6895 6892
f 6977 6973 6971
f 6972 6977 6971
f 6978 6977 6972
f 6966 6974 6961
f 6969 6975 6966
f 6975 6974 6966
f 6970 6976 6969
f 6976 6975 6969
f 6974 6978 6972
f 6975 6979 6974
f 6979 6978 6974
f 6980 6979 6975
f 6976 6980 6975
f 6973 7986 6895
f 6977 7987 6973
f 6978 7990 6977
f 6979 7991 6978
f 6980 7992 6979
f 6981 6964 6949
f 6981 6983 6964
f 6982 6981 6950
f 6987 6982 6951
f 6983 6968 6964
f 6982 6985 6981
f 6985 6983 6981
f 6990 6985 6982
f 6983 6984 6968
f 6984 6970 6968
f 6985 6986 6983
f 6986 6984 6983
f 6991 6986 6985
f 6988 6987 6952
f 6989 6988 6954
f 6987 6990 6982
f 6988 6992 6987
f 6992 6990 6987
f 6993 6992 6988
f 6989 6993 6988
f 6990 6991 6985
f 6992 6994 6990
f 6994 6991 6990
f 6993 6995 6992
f 6995 6994 6992
f 6984 6996 6970
f 6996 6976 6970
f 6986 6997 6984
f 6997 6996 6984
f 6998 6997 6986
f 6996 7000 6976
f 6997 7001 6996
f 6991 6998 6986
f 6994 6999 6991
f 6999 6998 6991
f 7002 6999 6994
f 6995 7002 6994
f 7000 6980 6976
f 7000 8011 6980
f 7001 7000 6996
f 7003 7001 6997
f 7001 8012 7000
f 6998 7003 6997
f 6999 7004 6998
f 7004 7003 6998
f 7003 8015 7001
f 7004 8016 7003
f 7005 7004 6999
f 7002 7005 6999
f 7005 8017 7004
f 7006 5380 3489
f 5385 5384 7006
f 7007 5385 7006
f 7008 7007 7006
f 7010 7008 7006
f 7009 7010 7006
f 7011 7009 7006
f 7016 7011 7006
f 7016 7006 3491
f 7012 7011 7016
f 7013 7012 7016
f 7014 7013 7016
f 7015 7014 7016
f 7017 7015 7016
f 7029 7017 7016
f 7018 7017 7029
f 7020 7018 7029
f 7029 7016 3499
f 7021 7020 7029
f 7030 7021 7029
f 7031 7030 7029
f 7033 7031 7029
f 7040 7033 7029
f 7034 7033 7040
f 7035 7034 7040
f 7040 7029 3501
f 7038 7035 7040
f 7036 7038 7040
f 7045 7036 7040
f 7102 7045 7040
f 7037 7036 7045
f 7041 7037 7045
f 7042 7041 7045
f 7043 7042 7045
f 7046 7043 7045
f 7047 7046 7045
f 7104 7047 7045
f 7570 7056 7055
f 7057 7148 7056
f 7571 7057 7056
f 7167 7166 7059
f 7168 7167 7059
f 7174 7168 7059
f 7175 7174 7059
f 7058 7153 7057
f 7576 7577 7058
f 7576 7058 7057
f 7059 7163 7058
f 7577 7578 7059
f 7577 7059 7058
f 7578 7071 7059
f 7176 7177 7059
f 7177 7175 7059
f 7062 7176 7071
f 7060 7062 7071
f 7061 7060 7071
f 7071 7176 7059
f 7066 7065 7071
f 7065 7064 7071
f 7063 7061 7071
f 7064 7063 7071
f 7067 7066 7071
f 7073 7067 7071
f 7578 7600 7071
f 7600 7601 7073
f 7600 7073 7071
f 7068 7067 7073
f 7069 7068 7073
f 7070 7069 7073
f 7072 7070 7073
f 7074 7072 7073
f 7075 7074 7073
f 7099 7076 7073
f 7076 7075 7073
f 7078 7076 7099
f 7080 7078 7099
f 7079 7080 7099
f 7601 7608 7099
f 7601 7099 7073
f 7093 7090 7100
f 7090 7091 7100
f 7091 7089 7100
f 7089 7085 7100
f 7087 7092 7101
f 7088 7087 7101
f 7192 7088 7101
f 7094 7093 7101
f 7092 7094 7101
f 7081 7099 7100
f 7096 7095 7099
f 7097 7096 7099
f 7098 7097 7099
f 7095 7079 7099
f 7081 7098 7099
f 7082 7081 7100
f 7083 7082 7100
f 7086 7083 7100
f 7084 7086 7100
f 7085 7084 7100
f 7608 7609 7100
f 7099 7608 7100
f 7101 7093 7100
f 7609 7101 7100
f 7609 7610 7101
f 7610 7299 7101
f 7104 7102 7116
f 7111 7112 7104
f 7103 7111 7104
f 7105 7103 7104
f 7106 7104 7117
f 7106 7105 7104
f 7107 7106 7117
f 7108 7107 7117
f 7102 7040 3531
f 7102 7104 7045
f 7048 7047 7104
f 7112 7048 7104
f 7116 7102 3533
f 7117 7104 7116
f 7146 7117 7116
f 7118 7110 7117
f 7109 7108 7117
f 7110 7109 7117
f 7125 7118 7117
f 7147 7125 7117
f 7119 7118 7125
f 7121 7119 7125
f 7122 7121 7125
f 7127 7122 7125
f 7148 7126 7125
f 7128 7126 7148
f 7129 7128 7148
f 7130 7129 7148
f 7126 7127 7125
f 7146 7116 3541
f 7146 7147 7117
f 7147 7146 7055
f 7147 7148 7125
f 7148 7147 7056
f 7055 7146 3503
f 7056 7147 7055
f 7131 7130 7148
f 7123 7131 7148
f 7124 7123 7148
f 7149 7124 7148
f 7150 7149 7153
f 7151 7150 7153
f 7153 7149 7148
f 7152 7151 7153
f 7154 7152 7153
f 7158 7154 7153
f 7153 7148 7057
f 7155 7159 7153
f 7156 7157 7153
f 7157 7155 7153
f 7159 7158 7153
f 7156 7153 7058
f 7163 7160 7058
f 7160 7156 7058
f 7164 7163 7059
f 7165 7164 7059
f 7166 7165 7059
f 7223 7226 5537
f 7223 7224 7226
f 7224 7225 7226
f 7227 7228 7226
f 7228 7232 7226
f 7232 7233 7226
f 7225 7227 7226
f 7226 7229 5539
f 7236 7229 7226
f 7233 7234 7236
f 7234 7235 7236
f 7233 7236 7226
f 7235 7237 7236
f 7237 7238 7236
f 7238 7263 7236
f 7236 7240 7229
f 7264 7240 7236
f 7252 7253 7268
f 7253 7254 7268
f 7254 7255 7268
f 7255 7256 7268
f 7256 7257 7268
f 7260 7259 7268
f 7257 7258 7268
f 7258 7260 7268
f 7259 7328 7268
f 7238 7239 7263
f 7239 7262 7263
f 7262 7250 7263
f 7250 7251 7263
f 7263 7264 7236
f 7251 7252 7263
f 7252 7268 7263
f 7268 7264 7263
f 7264 7265 7240
f 7269 7265 7264
f 7268 7269 7264
f 7348 7269 7268
f 7269 7270 7265
f 7349 7270 7269
f 7229 7277 5558
f 7240 7277 7229
f 7279 7278 7277
f 7277 7278 5559
f 7278 7281 5563
f 7280 7281 7278
f 7279 7277 7240
f 7265 7279 7240
f 7287 7280 7279
f 7279 7280 7278
f 7284 7281 7280
f 7288 7284 7280
f 7281 7282 5564
f 7281 7284 7282
f 7282 7283 5565
f 7285 7283 7282
f 7284 7285 7282
f 7284 7291 7285
f 7285 7286 7283
f 7292 7286 7285
f 7287 7279 7265
f 7270 7287 7265
f 7289 7288 7287
f 7287 7288 7280
f 7288 7291 7284
f 7290 7291 7288
f 7289 7287 7270
f 7372 7290 7289
f 7350 7289 7270
f 7289 7290 7288
f 7294 7291 7290
f 7373 7294 7290
f 7291 7292 7285
f 7294 7292 7291
f 7292 7293 7286
f 7295 7293 7292
f 7294 7295 7292
f 7376 7295 7294
f 7376 7377 7295
f 7295 7296 7293
f 7377 7296 7295
f 7377 7378 7296
f 7301 7302 7352
f 7302 7303 7353
f 7297 7192 7101
f 7299 7297 7101
f 7298 7297 7299
f 7300 7298 7299
f 7301 7298 7300
f 7305 7301 7300
f 7610 7636 7299
f 7636 7300 7299
f 7636 7637 7300
f 7637 7305 7300
f 7637 7643 7305
f 7305 7302 7301
f 7305 7304 7302
f 7304 7303 7302
f 7304 7306 7303
f 7643 7304 7305
f 7643 7644 7304
f 7644 7306 7304
f 7644 7641 7306
f 7308 7374 7303
f 7308 7375 7374
f 7308 7309 7375
f 7309 7379 7375
f 7309 7314 7379
f 7314 7380 7379
f 7314 7315 7380
f 7315 7307 7380
f 7315 7316 7307
f 7306 7308 7303
f 7312 7308 7306
f 7312 7309 7308
f 7320 7314 7313
f 7312 7313 7309
f 7313 7314 7309
f 7641 7312 7306
f 7310 7313 7312
f 7641 7310 7312
f 7320 7313 7311
f 7313 7310 7311
f 7317 7320 7311
f 7320 7315 7314
f 7320 7321 7315
f 7321 7316 7315
f 7321 7322 7316
f 7319 7322 7318
f 7321 7320 7317
f 7318 7321 7317
f 7322 7321 7318
f 7324 7325 7259
f 7259 7325 7328
f 7325 7327 7328
f 7327 7326 7328
f 7326 7329 7328
f 7328 7348 7268
f 7329 7344 7328
f 7331 7332 7344
f 7329 7331 7344
f 7344 7348 7328
f 7334 7336 7344
f 7336 7335 7344
f 7337 7339 7297
f 7343 7337 7297
f 7335 7297 7344
f 7335 7341 7297
f 7341 7342 7297
f 7342 7343 7297
f 7332 7323 7344
f 7323 7334 7344
f 7351 7348 7344
f 7298 7351 7344
f 7298 7301 7351
f 7348 7349 7269
f 7351 7349 7348
f 7349 7350 7270
f 7352 7350 7349
f 7351 7352 7349
f 7301 7352 7351
f 7352 7353 7350
f 7302 7353 7352
f 7339 7338 7297
f 7338 7363 7297
f 7193 7192 7297
f 7363 7193 7297
f 7297 7298 7344
f 7350 7372 7289
f 7353 7372 7350
f 7374 7372 7353
f 7374 7373 7372
f 7372 7373 7290
f 7373 7376 7294
f 7374 7375 7373
f 7375 7376 7373
f 7379 7376 7375
f 7303 7374 7353
f 7379 7377 7376
f 7379 7380 7377
f 7380 7378 7377
f 7380 7307 7378
f 7469 7629 7627
f 7470 7648 7629
f 7382 7381 6385
f 7381 7383 3664
f 7382 7384 7381
f 7385 7382 6386
f 7385 7388 7382
f 7384 7383 7381
f 7383 7391 3666
f 7384 7392 7383
f 7392 7391 7383
f 7388 7384 7382
f 7397 7392 7384
f 7388 7397 7384
f 7386 7385 6393
f 7386 7389 7385
f 7387 7386 6394
f 7406 7387 6395
f 7387 7390 7386
f 7389 7388 7385
f 7398 7397 7388
f 7389 7398 7388
f 7390 7389 7386
f 7408 7390 7387
f 7390 7399 7389
f 7399 7398 7389
f 7416 7399 7390
f 7391 7393 3677
f 7392 7395 7391
f 7395 7393 7391
f 7397 7400 7392
f 7400 7395 7392
f 7393 7394 3680
f 7395 7396 7393
f 7396 7394 7393
f 7400 7402 7395
f 7402 7396 7395
f 7398 7401 7397
f 7401 7400 7397
f 7399 7404 7398
f 7404 7401 7398
f 7418 7404 7399
f 7401 7403 7400
f 7403 7402 7400
f 7404 7405 7401
f 7405 7403 7401
f 7419 7405 7404
f 7407 7406 6410
f 7406 7408 7387
f 7407 7409 7406
f 7410 7407 6411
f 7410 7413 7407
f 7409 7408 7406
f 7408 7416 7390
f 7409 7417 7408
f 7417 7416 7408
f 7413 7409 7407
f 7413 7422 7409
f 7422 7417 7409
f 7411 7410 6418
f 7411 7414 7410
f 7412 7411 6419
f 7480 7412 6420
f 7412 7415 7411
f 7414 7413 7410
f 7423 7422 7413
f 7414 7423 7413
f 7415 7414 7411
f 7482 7415 7412
f 7415 7424 7414
f 7424 7423 7414
f 7490 7424 7415
f 7416 7418 7399
f 7417 7420 7416
f 7420 7418 7416
f 7422 7425 7417
f 7425 7420 7417
f 7418 7419 7404
f 7420 7421 7418
f 7421 7419 7418
f 7425 7427 7420
f 7427 7421 7420
f 7423 7426 7422
f 7426 7425 7422
f 7424 7429 7423
f 7429 7426 7423
f 7492 7429 7424
f 7426 7428 7425
f 7428 7427 7425
f 7429 7430 7426
f 7430 7428 7426
f 7493 7430 7429
f 7394 7431 3681
f 7396 7432 7394
f 7432 7431 7394
f 7402 7435 7396
f 7435 7432 7396
f 7431 7433 3709
f 7432 7434 7431
f 7434 7433 7431
f 7433 7441 3711
f 7434 7442 7433
f 7438 7434 7432
f 7435 7438 7432
f 7438 7445 7434
f 7403 7436 7402
f 7436 7435 7402
f 7405 7437 7403
f 7437 7436 7403
f 7451 7437 7405
f 7439 7438 7435
f 7436 7439 7435
f 7439 7446 7438
f 7437 7440 7436
f 7440 7439 7436
f 7453 7440 7437
f 7440 7447 7439
f 7441 7443 3719
f 7442 7444 7441
f 7445 7448 7442
f 7443 7588 3721
f 7443 7590 7588
f 7443 7444 7590
f 7444 7443 7441
f 7444 7596 7590
f 7444 7448 7596
f 7448 7444 7442
f 7442 7441 7433
f 7445 7442 7434
f 7446 7449 7445
f 7447 7450 7446
f 7448 7597 7596
f 7448 7449 7597
f 7449 7448 7445
f 7449 7599 7597
f 7449 7450 7599
f 7450 7618 7599
f 7450 7449 7446
f 7463 7450 7447
f 7446 7445 7438
f 7447 7446 7439
f 7461 7447 7440
f 7419 7451 7405
f 7421 7452 7419
f 7452 7451 7419
f 7427 7455 7421
f 7455 7452 7421
f 7451 7453 7437
f 7452 7454 7451
f 7454 7453 7451
f 7453 7461 7440
f 7454 7462 7453
f 7455 7458 7452
f 7458 7454 7452
f 7458 7465 7454
f 7428 7456 7427
f 7456 7455 7427
f 7430 7457 7428
f 7457 7456 7428
f 7530 7457 7430
f 7459 7458 7455
f 7456 7459 7455
f 7459 7466 7458
f 7457 7460 7456
f 7460 7459 7456
f 7532 7460 7457
f 7467 7459 7460
f 7461 7463 7447
f 7462 7464 7461
f 7465 7468 7462
f 7450 7463 7618
f 7463 7464 7620
f 7463 7620 7618
f 7464 7463 7461
f 7464 7468 7626
f 7620 7464 7626
f 7468 7464 7462
f 7462 7461 7453
f 7465 7462 7454
f 7466 7465 7458
f 7466 7469 7465
f 7467 7466 7459
f 7540 7467 7460
f 7467 7470 7466
f 7468 7627 7626
f 7468 7469 7627
f 7469 7468 7465
f 7469 7470 7629
f 7470 7469 7466
f 7542 7470 7467
f 7542 7471 7648
f 7543 7472 7471
f 7547 7473 7472
f 7548 7474 7473
f 7549 7475 7474
f 7562 7476 7475
f 7563 7477 7476
f 7567 7568 7478
f 7567 7478 7477
f 7568 7569 7479
f 7568 7479 7478
f 7481 7480 6490
f 7480 7482 7412
f 7484 7481 6491
f 7481 7483 7480
f 7484 7487 7481
f 7483 7482 7480
f 7482 7490 7415
f 7491 7490 7482
f 7487 7483 7481
f 7483 7491 7482
f 7487 7502 7483
f 7502 7491 7483
f 7485 7484 6498
f 7485 7488 7484
f 7486 7485 6499
f 7486 7489 7485
f 7488 7487 7484
f 7503 7502 7487
f 7488 7503 7487
f 7489 7488 7485
f 7489 7504 7488
f 7490 7492 7424
f 7494 7492 7490
f 7491 7494 7490
f 7502 7496 7491
f 7496 7494 7491
f 7492 7493 7429
f 7495 7493 7492
f 7494 7495 7492
f 7496 7498 7494
f 7498 7495 7494
f 7502 7503 7497
f 7502 7497 7496
f 7503 7504 7500
f 7503 7500 7497
f 7497 7499 7496
f 7499 7498 7496
f 7500 7501 7497
f 7501 7499 7497
f 7504 7503 7488
f 7505 7486 6500
f 7506 7505 6515
f 7505 7520 7486
f 7507 7506 6516
f 7506 7521 7505
f 7507 7522 7506
f 7520 7489 7486
f 7521 7520 7505
f 7522 7521 7506
f 7508 7507 6523
f 7508 7523 7507
f 7509 7508 6524
f 7509 7524 7508
f 7523 7522 7507
f 7525 7510 7504
f 7504 7510 7500
f 7525 7512 7510
f 7525 7526 7512
f 7526 7527 7514
f 7526 7514 7512
f 7510 7511 7500
f 7511 7501 7500
f 7513 7511 7510
f 7512 7513 7510
f 7514 7516 7512
f 7516 7513 7512
f 7527 7528 7515
f 7527 7515 7514
f 7528 7518 7515
f 7515 7517 7514
f 7517 7516 7514
f 7518 7519 7515
f 7519 7517 7515
f 7520 7525 7489
f 7525 7504 7489
f 7526 7525 7520
f 7521 7526 7520
f 7522 7527 7521
f 7527 7526 7521
f 7528 7527 7522
f 7523 7528 7522
f 7524 7523 7508
f 7529 7528 7523
f 7524 7529 7523
f 7528 7529 7518
f 7493 7530 7430
f 7531 7530 7493
f 7495 7531 7493
f 7498 7534 7495
f 7534 7531 7495
f 7530 7532 7457
f 7533 7532 7530
f 7532 7540 7460
f 7531 7533 7530
f 7534 7537 7531
f 7537 7533 7531
f 7533 7541 7532
f 7537 7544 7533
f 7499 7535 7498
f 7535 7534 7498
f 7501 7536 7499
f 7536 7535 7499
f 7538 7537 7534
f 7535 7538 7534
f 7538 7545 7537
f 7536 7539 7535
f 7539 7538 7535
f 7539 7546 7538
f 7543 7542 7540
f 7541 7540 7532
f 7540 7542 7467
f 7547 7543 7541
f 7544 7541 7533
f 7541 7543 7540
f 7544 7547 7541
f 7542 7648 7470
f 7543 7547 7472
f 7542 7543 7471
f 7548 7547 7544
f 7545 7544 7537
f 7545 7548 7544
f 7549 7548 7545
f 7546 7545 7538
f 7546 7549 7545
f 7547 7548 7473
f 7548 7549 7474
f 7557 7564 7553
f 7511 7550 7501
f 7550 7536 7501
f 7551 7550 7511
f 7513 7551 7511
f 7516 7554 7513
f 7554 7551 7513
f 7550 7552 7536
f 7552 7539 7536
f 7553 7552 7550
f 7552 7560 7539
f 7551 7553 7550
f 7554 7557 7551
f 7557 7553 7551
f 7553 7561 7552
f 7558 7565 7557
f 7559 7566 7558
f 7555 7554 7516
f 7517 7555 7516
f 7556 7555 7517
f 7519 7556 7517
f 7558 7557 7554
f 7555 7558 7554
f 7559 7558 7555
f 7556 7559 7555
f 7562 7549 7546
f 7563 7562 7560
f 7560 7546 7539
f 7561 7560 7552
f 7560 7562 7546
f 7567 7563 7561
f 7564 7561 7553
f 7561 7563 7560
f 7564 7567 7561
f 7549 7562 7475
f 7562 7563 7476
f 7563 7567 7477
f 7568 7567 7564
f 7565 7564 7557
f 7565 7568 7564
f 7569 7568 7565
f 7566 7569 7565
f 7566 7565 7558
f 7570 7055 3814
f 7570 7571 7056
f 7572 7570 3816
f 7571 7570 7572
f 7574 7571 7572
f 7571 7576 7057
f 7576 7571 7574
f 7579 7576 7574
f 7574 7572 7573
f 7573 7572 3817
f 7575 7574 7573
f 7579 7574 7575
f 7581 7579 7575
f 7580 7577 7579
f 7583 7578 7580
f 7577 7576 7579
f 7578 7577 7580
f 7600 7578 7583
f 7580 7579 7581
f 7582 7580 7581
f 7583 7580 7582
f 7602 7583 7584
f 7584 7583 7582
f 7585 7573 3825
f 7585 7586 7575
f 7586 7585 7587
f 7586 7591 7581
f 7591 7586 7589
f 7588 7587 3829
f 7590 7589 7588
f 7589 7587 7588
f 7596 7594 7590
f 7594 7589 7590
f 7587 7585 3828
f 7589 7586 7587
f 7594 7591 7589
f 7591 7582 7581
f 7591 7592 7582
f 7592 7591 7594
f 7592 7584 7582
f 7592 7593 7584
f 7593 7603 7584
f 7593 7592 7595
f 7615 7593 7598
f 7597 7595 7596
f 7595 7594 7596
f 7617 7598 7599
f 7599 7598 7597
f 7598 7595 7597
f 7595 7592 7594
f 7598 7593 7595
f 7585 7575 7573
f 7586 7581 7575
f 7623 7638 7614
f 7602 7600 7583
f 7604 7601 7602
f 7611 7608 7604
f 7601 7600 7602
f 7608 7601 7604
f 7604 7602 7603
f 7603 7602 7584
f 7605 7604 7603
f 7611 7604 7605
f 7612 7611 7605
f 7609 7611 7606
f 7610 7609 7606
f 7636 7610 7607
f 7607 7610 7606
f 7609 7608 7611
f 7611 7612 7606
f 7612 7613 7606
f 7613 7607 7606
f 7614 7634 7607
f 7613 7614 7607
f 7615 7603 7593
f 7615 7605 7603
f 7615 7616 7605
f 7616 7615 7617
f 7616 7612 7605
f 7616 7621 7612
f 7621 7616 7619
f 7619 7617 7618
f 7618 7617 7599
f 7620 7619 7618
f 7624 7619 7620
f 7624 7620 7626
f 7617 7615 7598
f 7619 7616 7617
f 7624 7621 7619
f 7625 7622 7624
f 7628 7623 7625
f 7621 7613 7612
f 7621 7622 7613
f 7622 7621 7624
f 7622 7614 7613
f 7622 7623 7614
f 7623 7622 7625
f 7645 7623 7628
f 7625 7624 7626
f 7627 7625 7626
f 7628 7625 7627
f 7647 7628 7629
f 7629 7628 7627
f 7645 7630 7638
f 7630 7646 7631
f 7650 7632 7631
f 7651 7633 7632
f 7637 7636 7634
f 7634 7636 7607
f 7643 7637 7635
f 7635 7637 7634
f 7639 7643 7635
f 7638 7634 7614
f 7638 7635 7634
f 7638 7630 7635
f 7630 7639 7635
f 7639 7630 7631
f 7644 7643 7639
f 7640 7644 7639
f 7641 7644 7640
f 7642 7641 7640
f 7640 7639 7631
f 7632 7640 7631
f 7642 7640 7632
f 7633 7642 7632
f 7647 7645 7628
f 7649 7646 7647
f 7653 7650 7649
f 7645 7638 7623
f 7646 7645 7647
f 7645 7646 7630
f 7646 7650 7631
f 7650 7646 7649
f 7649 7647 7648
f 7648 7647 7629
f 7653 7649 7471
f 7471 7649 7648
f 7472 7653 7471
f 7654 7651 7653
f 7655 7652 7654
f 7650 7651 7632
f 7651 7650 7653
f 7651 7652 7633
f 7652 7651 7654
f 7654 7653 7472
f 7473 7654 7472
f 7474 7655 7473
f 7655 7654 7473
f 7652 7656 7633
f 7666 7657 7656
f 7667 7658 7657
f 7673 7659 7658
f 7660 7665 7659
f 7674 7660 7659
f 7641 7642 7310
f 7310 7661 7311
f 7642 7661 7310
f 7662 7317 7311
f 7661 7662 7311
f 7662 7663 7317
f 7661 7642 7633
f 7656 7661 7633
f 7662 7661 7656
f 7657 7662 7656
f 7663 7662 7657
f 7658 7663 7657
f 7663 7318 7317
f 7663 7664 7318
f 7664 7319 7318
f 7664 7665 7319
f 7664 7663 7658
f 7659 7664 7658
f 7665 7664 7659
f 7668 7666 7655
f 7669 7667 7668
f 7670 7673 7669
f 7666 7656 7652
f 7666 7652 7655
f 7667 7666 7668
f 7666 7667 7657
f 7667 7673 7658
f 7673 7667 7669
f 7475 7668 7474
f 7668 7655 7474
f 7669 7668 7475
f 7476 7669 7475
f 7670 7669 7476
f 7477 7670 7476
f 7671 7674 7670
f 7675 7674 7671
f 7672 7675 7671
f 7673 7674 7659
f 7674 7673 7670
f 7674 7675 7660
f 7671 7670 7477
f 7478 7671 7477
f 7672 7671 7478
f 7479 7672 7478
f 7798 7801 4842
f 7801 7770 4842
f 7770 7773 4842
f 7773 7839 4842
f 7839 7842 4842
f 7842 7845 4842
f 7852 7855 4842
f 7845 7852 4842
f 7855 8124 4842
f 8124 8130 4842
f 8130 8127 4842
f 8127 8135 4842
f 7975 7972 4842
f 7972 8055 4842
f 8135 7975 4842
f 7739 7740 7715
f 7283 7676 5927
f 7286 7676 7283
f 7678 7677 7676
f 7676 7677 5928
f 7677 7680 5932
f 7679 7680 7677
f 7678 7676 7286
f 7293 7678 7286
f 7686 7679 7678
f 7683 7680 7679
f 7678 7679 7677
f 7687 7683 7679
f 7680 7681 5933
f 7683 7681 7680
f 7681 7682 5934
f 7681 7684 7682
f 7683 7684 7681
f 7690 7684 7683
f 7684 7685 7682
f 7691 7685 7684
f 7686 7678 7293
f 7296 7686 7293
f 7688 7687 7686
f 7686 7687 7679
f 7687 7690 7683
f 7688 7689 7687
f 7689 7690 7687
f 7693 7690 7689
f 7688 7686 7296
f 7378 7688 7296
f 7759 7688 7378
f 7759 7689 7688
f 7759 7760 7689
f 7760 7693 7689
f 7760 7761 7693
f 7690 7691 7684
f 7690 7693 7691
f 7693 7694 7691
f 7691 7692 7685
f 7694 7692 7691
f 7694 7695 7692
f 7761 7694 7693
f 7761 7762 7694
f 7762 7695 7694
f 7762 7763 7695
f 7682 7696 5938
f 7685 7696 7682
f 7698 7697 7696
f 7696 7697 5939
f 7699 7700 7697
f 7698 7696 7685
f 7692 7698 7685
f 7706 7699 7698
f 7698 7699 7697
f 7706 7707 7699
f 7707 7703 7699
f 7697 7700 5943
f 7700 7701 5944
f 7703 7701 7700
f 7701 7702 5945
f 7704 7702 7701
f 7703 7700 7699
f 7703 7704 7701
f 7707 7710 7703
f 7710 7704 7703
f 7710 7711 7704
f 7704 7705 7702
f 7711 7705 7704
f 7711 7712 7705
f 7706 7698 7692
f 7695 7706 7692
f 7708 7706 7695
f 7708 7707 7706
f 7708 7709 7707
f 7709 7710 7707
f 7763 7708 7695
f 7763 7764 7708
f 7764 7709 7708
f 7764 7765 7709
f 7765 7713 7709
f 7713 7710 7709
f 7713 7711 7710
f 7713 7714 7711
f 7714 7712 7711
f 7714 7715 7712
f 7765 7738 7713
f 7738 7714 7713
f 7738 7739 7714
f 7739 7715 7714
f 7718 7761 7717
f 7316 7716 7307
f 7721 7716 7316
f 7716 7721 7717
f 7721 7722 7717
f 7722 7718 7717
f 7722 7727 7718
f 7719 7762 7718
f 7763 7762 7719
f 7720 7763 7719
f 7727 7719 7718
f 7727 7729 7719
f 7729 7720 7719
f 7729 7730 7720
f 7725 7722 7721
f 7322 7721 7316
f 7725 7721 7322
f 7726 7727 7722
f 7725 7726 7722
f 7728 7727 7726
f 7723 7725 7319
f 7724 7726 7723
f 7733 7728 7724
f 7725 7322 7319
f 7726 7725 7723
f 7728 7726 7724
f 7729 7727 7728
f 7731 7729 7728
f 7730 7729 7731
f 7732 7730 7731
f 7734 7731 7733
f 7732 7734 7735
f 7731 7728 7733
f 7732 7731 7734
f 7764 7763 7720
f 7736 7764 7720
f 7765 7764 7736
f 7737 7765 7736
f 7738 7765 7737
f 7730 7736 7720
f 7745 7737 7736
f 7745 7736 7730
f 7747 7741 7737
f 7745 7747 7737
f 7739 7738 7741
f 7741 7738 7737
f 7742 7739 7741
f 7740 7739 7742
f 7743 7740 7742
f 7751 7742 7741
f 7747 7751 7741
f 7751 7753 7742
f 7753 7743 7742
f 7743 7753 7744
f 7745 7730 7732
f 7747 7745 7746
f 7746 7745 7732
f 7751 7747 7748
f 7748 7747 7746
f 7746 7732 7735
f 7748 7746 7749
f 7749 7746 7735
f 7750 7748 7749
f 7752 7748 7750
f 7752 7753 7751
f 7752 7751 7748
f 7754 7753 7752
f 7753 7754 7744
f 7754 7755 7744
f 7756 7752 7750
f 7754 7752 7756
f 7757 7754 7756
f 7755 7754 7757
f 7758 7755 7757
f 8084 7758 7757
f 7307 7759 7378
f 7716 7759 7307
f 7716 7760 7759
f 7760 7716 7717
f 7761 7760 7717
f 7762 7761 7718
f 7806 7786 7740
f 7806 7807 7787
f 7807 7791 7787
f 7807 7812 7791
f 7812 7766 7791
f 7812 7813 7766
f 7813 7767 7766
f 7813 7814 7767
f 7797 7798 6038
f 7768 7802 7767
f 7768 7769 7803
f 7769 7804 7803
f 7814 7768 7767
f 7814 7831 7768
f 7832 7771 7769
f 7831 7769 7768
f 7831 7832 7769
f 7771 7804 7769
f 7771 7805 7804
f 7805 7771 7772
f 7770 7805 7772
f 7773 7770 7772
f 7771 7837 7772
f 7832 7837 7771
f 7837 7838 7772
f 7838 7773 7772
f 7838 7839 7773
f 7702 7774 6040
f 7705 7774 7702
f 7776 7775 7774
f 7774 7775 6041
f 7777 7778 7775
f 7776 7774 7705
f 7712 7776 7705
f 7784 7776 7712
f 7784 7777 7776
f 7776 7777 7775
f 7784 7785 7777
f 7785 7781 7777
f 7775 7778 6042
f 7778 7779 6043
f 7781 7779 7778
f 7779 7780 6044
f 7782 7780 7779
f 7781 7778 7777
f 7781 7782 7779
f 7785 7788 7781
f 7788 7782 7781
f 7788 7789 7782
f 7782 7783 7780
f 7789 7783 7782
f 7789 7790 7783
f 7715 7784 7712
f 7786 7784 7715
f 7786 7785 7784
f 7786 7787 7785
f 7787 7788 7785
f 7740 7786 7715
f 7806 7787 7786
f 7791 7788 7787
f 7791 7789 7788
f 7791 7766 7789
f 7766 7790 7789
f 7766 7767 7790
f 7780 7792 6045
f 7783 7792 7780
f 7792 7793 6032
f 7794 7793 7792
f 7795 7796 7793
f 7794 7792 7783
f 7790 7794 7783
f 7802 7794 7790
f 7794 7795 7793
f 7802 7795 7794
f 7802 7803 7795
f 7803 7799 7795
f 7793 7796 6036
f 7796 7797 6037
f 7799 7797 7796
f 7800 7798 7797
f 7799 7796 7795
f 7799 7800 7797
f 7803 7804 7799
f 7804 7800 7799
f 7804 7805 7800
f 7800 7801 7798
f 7805 7801 7800
f 7805 7770 7801
f 7767 7802 7790
f 7768 7803 7802
f 7806 7740 7743
f 7808 7807 7806
f 7808 7806 7743
f 7810 7812 7807
f 7808 7810 7807
f 7808 7743 7744
f 7810 7808 7809
f 7809 7808 7744
f 7815 7810 7811
f 7811 7810 7809
f 7815 7813 7812
f 7815 7812 7810
f 7815 7817 7813
f 7817 7814 7813
f 7817 7818 7814
f 7817 7815 7816
f 7816 7815 7811
f 7819 7817 7816
f 7818 7817 7819
f 7820 7818 7819
f 7755 7809 7744
f 7821 7811 7809
f 7821 7809 7755
f 7822 7816 7811
f 7821 7822 7811
f 7821 7755 7758
f 7823 7821 7758
f 7822 7821 7823
f 8085 7823 7758
f 8105 7824 7823
f 7824 7822 7823
f 7825 7822 7824
f 8106 7828 7824
f 7819 7816 7825
f 7816 7822 7825
f 7826 7819 7825
f 7820 7819 7826
f 7827 7820 7826
f 7828 7825 7824
f 7828 7826 7825
f 7828 7830 7826
f 8107 7830 7828
f 7830 7827 7826
f 7830 7829 7827
f 8108 7829 7830
f 7818 7831 7814
f 7833 7831 7818
f 7833 7832 7831
f 7835 7837 7832
f 7833 7835 7832
f 7833 7818 7820
f 7834 7833 7820
f 7835 7833 7834
f 7840 7835 7836
f 7836 7835 7834
f 7840 7838 7837
f 7840 7837 7835
f 7840 7843 7838
f 7843 7839 7838
f 7843 7842 7839
f 7843 7840 7841
f 7841 7840 7836
f 7844 7843 7841
f 7842 7843 7844
f 7845 7842 7844
f 7847 7836 7846
f 7834 7820 7827
f 7846 7834 7827
f 7836 7834 7846
f 7841 7836 7847
f 7829 7846 7827
f 7848 7846 7829
f 8109 7848 7829
f 7848 7847 7846
f 7848 7849 7847
f 7849 7850 7847
f 8116 7849 7848
f 8117 7853 7849
f 7850 7841 7847
f 7851 7844 7850
f 7852 7845 7851
f 7844 7841 7850
f 7845 7844 7851
f 7853 7850 7849
f 7853 7851 7850
f 7853 7854 7851
f 8122 7854 7853
f 7854 7852 7851
f 7854 7855 7852
f 8123 7855 7854
f 7932 7856 7569
f 7569 7856 7479
f 7932 7857 7856
f 7932 7933 7857
f 7933 7937 7858
f 7933 7858 7857
f 7859 7937 7938
f 7937 7859 7858
f 7939 7860 7938
f 7860 7859 7938
f 7952 7861 7939
f 7861 7860 7939
f 7862 7861 7952
f 7862 8087 7861
f 7862 7952 7863
f 7864 7862 7863
f 7864 8090 7862
f 7866 8092 7864
f 7865 7864 7863
f 7868 7866 7865
f 7866 7864 7865
f 7867 8093 7866
f 7867 7866 7868
f 7869 7867 7868
f 7870 7509 6525
f 7871 7870 6863
f 7870 7883 7509
f 7872 7871 6864
f 7885 7872 6868
f 7886 7885 6869
f 7529 7873 7518
f 7890 7875 7873
f 7891 7877 7875
f 7873 7874 7518
f 7874 7519 7518
f 7876 7874 7873
f 7875 7876 7873
f 7877 7878 7875
f 7878 7876 7875
f 7892 7879 7877
f 7893 7880 7879
f 7879 7881 7877
f 7881 7878 7877
f 7880 7882 7879
f 7882 7881 7879
f 7871 7884 7870
f 7872 7887 7871
f 7883 7524 7509
f 7884 7883 7870
f 7883 7890 7524
f 7890 7529 7524
f 7891 7890 7883
f 7887 7884 7871
f 7884 7891 7883
f 7887 7892 7884
f 7892 7891 7884
f 7885 7888 7872
f 7886 7889 7885
f 7888 7887 7872
f 7893 7892 7887
f 7888 7893 7887
f 7889 7888 7885
f 7894 7893 7888
f 7889 7894 7888
f 7890 7873 7529
f 7890 7891 7875
f 7891 7892 7877
f 7892 7893 7879
f 7893 7894 7880
f 7905 7886 6870
f 7906 7905 6888
f 7894 7895 7880
f 7915 7897 7895
f 7916 7899 7897
f 7895 7896 7880
f 7896 7882 7880
f 7898 7896 7895
f 7897 7898 7895
f 7900 7898 7897
f 7917 7901 7899
f 7918 7902 7901
f 7899 7900 7897
f 7901 7903 7899
f 7903 7900 7899
f 7902 7904 7901
f 7904 7903 7901
f 7905 7907 7886
f 7909 7906 6889
f 7906 7908 7905
f 7907 7889 7886
f 7908 7907 7905
f 7907 7915 7889
f 7915 7894 7889
f 7916 7915 7907
f 7912 7908 7906
f 7908 7916 7907
f 7917 7916 7908
f 7910 7909 6893
f 7909 7912 7906
f 7910 7913 7909
f 7911 7910 6894
f 7911 7914 7910
f 7913 7912 7909
f 7912 7917 7908
f 7913 7918 7912
f 7918 7917 7912
f 7914 7913 7910
f 7919 7918 7913
f 7914 7919 7913
f 7915 7895 7894
f 7915 7916 7897
f 7916 7917 7899
f 7917 7918 7901
f 7918 7919 7902
f 7922 7930 7559
f 7923 7931 7922
f 7927 7934 7923
f 7874 7920 7519
f 7920 7556 7519
f 7921 7920 7874
f 7876 7921 7874
f 7878 7924 7876
f 7924 7921 7876
f 7922 7559 7556
f 7920 7922 7556
f 7923 7922 7920
f 7921 7923 7920
f 7927 7923 7921
f 7924 7927 7921
f 7928 7935 7927
f 7929 7936 7928
f 7925 7924 7878
f 7881 7925 7878
f 7926 7925 7881
f 7882 7926 7881
f 7928 7927 7924
f 7925 7928 7924
f 7929 7928 7925
f 7926 7929 7925
f 7930 7932 7566
f 7932 7569 7566
f 7933 7932 7930
f 7930 7566 7559
f 7931 7930 7922
f 7931 7933 7930
f 7934 7937 7931
f 7937 7933 7931
f 7934 7931 7923
f 7938 7937 7934
f 7935 7938 7934
f 7935 7934 7927
f 7939 7938 7935
f 7936 7939 7935
f 7936 7935 7928
f 7943 7950 7929
f 7951 7943 7940
f 7942 7941 7896
f 7896 7941 7882
f 7941 7926 7882
f 7947 7942 7898
f 7898 7942 7896
f 7943 7929 7926
f 7941 7943 7926
f 7940 7943 7941
f 7942 7940 7941
f 7944 7940 7942
f 7944 7953 7940
f 7945 7954 7944
f 7946 7955 7945
f 7948 7947 7900
f 7948 7945 7947
f 7900 7947 7898
f 7903 7948 7900
f 7949 7948 7903
f 7949 7946 7948
f 7904 7949 7903
f 7947 7944 7942
f 7945 7944 7947
f 7946 7945 7948
f 7952 7939 7936
f 7950 7952 7936
f 7952 7950 7863
f 7950 7936 7929
f 7951 7950 7943
f 7950 7951 7863
f 7951 7865 7863
f 7953 7951 7940
f 7951 7953 7865
f 7953 7868 7865
f 7953 7954 7868
f 7954 7953 7944
f 7954 7869 7868
f 7954 7955 7869
f 7955 7954 7945
f 8020 8017 4842
f 8025 8020 4842
f 8008 8025 4842
f 8010 8008 4842
f 8050 8010 4842
f 8047 8050 4842
f 8055 8047 4842
f 7957 8111 7867
f 7958 7957 7869
f 7957 7867 7869
f 7959 7957 7958
f 7963 7959 7956
f 7959 8112 7957
f 7956 7959 7958
f 7964 7963 7960
f 7963 8113 7959
f 7964 8114 7963
f 7960 7963 7956
f 7961 7964 7960
f 7965 7964 7961
f 7965 8115 7964
f 7962 7965 7961
f 8051 7967 7966
f 8052 7970 7967
f 7968 7965 7962
f 7968 8131 7965
f 7966 7968 7962
f 7969 7968 7966
f 7973 7969 7967
f 7969 8132 7968
f 7967 7969 7966
f 7973 8133 7969
f 7974 8134 7973
f 7975 8135 7974
f 8053 7971 7970
f 8054 7972 7971
f 7974 7973 7970
f 7970 7973 7967
f 7971 7974 7970
f 7975 7974 7971
f 7972 7975 7971
f 7919 7976 7902
f 7996 7978 7976
f 7997 7980 7978
f 7976 7977 7902
f 7977 7904 7902
f 7979 7977 7976
f 7978 7979 7976
f 7981 7979 7978
f 7998 7982 7980
f 7999 7983 7982
f 7980 7981 7978
f 7982 7984 7980
f 7984 7981 7980
f 7983 7985 7982
f 7985 7984 7982
f 7986 7911 6895
f 7987 7986 6973
f 7986 7988 7911
f 7990 7987 6977
f 7987 7989 7986
f 7988 7914 7911
f 7989 7988 7986
f 7988 7996 7914
f 7996 7919 7914
f 7997 7996 7988
f 7993 7989 7987
f 7989 7997 7988
f 7998 7997 7989
f 7991 7990 6978
f 7990 7993 7987
f 7991 7994 7990
f 7992 7991 6979
f 7992 7995 7991
f 7994 7993 7990
f 7993 7998 7989
f 7994 7999 7993
f 7999 7998 7993
f 7995 7994 7991
f 8000 7999 7994
f 7995 8000 7994
f 7996 7976 7919
f 7996 7997 7978
f 7997 7998 7980
f 7998 7999 7982
f 7999 8000 7983
f 8000 8001 7983
f 8021 8003 8001
f 8022 8005 8003
f 8001 8002 7983
f 8002 7985 7983
f 8003 8004 8001
f 8004 8002 8001
f 8006 8004 8003
f 8023 8007 8005
f 8024 8008 8007
f 8005 8006 8003
f 8007 8009 8005
f 8009 8006 8005
f 8008 8010 8007
f 8010 8009 8007
f 8011 7992 6980
f 8011 8013 7992
f 8012 8011 7000
f 8015 8012 7001
f 8012 8014 8011
f 8013 7995 7992
f 8013 8021 7995
f 8021 8000 7995
f 8014 8013 8011
f 8018 8014 8012
f 8014 8022 8013
f 8022 8021 8013
f 8023 8022 8014
f 8016 8015 7003
f 8015 8018 8012
f 8016 8019 8015
f 8017 8016 7004
f 8017 8020 8016
f 8019 8018 8015
f 8018 8023 8014
f 8019 8024 8018
f 8024 8023 8018
f 8020 8019 8016
f 8025 8024 8019
f 8020 8025 8019
f 8021 8001 8000
f 8021 8022 8003
f 8022 8023 8005
f 8023 8024 8007
f 8024 8025 8008
f 8026 8036 7946
f 8027 8037 8026
f 8028 7949 7904
f 8029 8028 7977
f 8028 8026 7949
f 7977 8028 7904
f 8033 8029 7979
f 8029 8027 8028
f 7979 8029 7977
f 8026 7946 7949
f 8027 8026 8028
f 8030 8027 8029
f 8030 8038 8027
f 8031 8039 8030
f 8040 8039 8031
f 8032 8040 8031
f 8034 8033 7981
f 8033 8030 8029
f 8034 8031 8033
f 7981 8033 7979
f 7984 8034 7981
f 8035 8034 7984
f 8035 8032 8034
f 7985 8035 7984
f 8031 8030 8033
f 8032 8031 8034
f 7955 7958 7869
f 8036 7958 7955
f 8036 7956 7958
f 8036 7955 7946
f 8037 8036 8026
f 8036 8037 7956
f 8037 7960 7956
f 8038 8037 8027
f 8038 8039 7961
f 8037 8038 7960
f 8038 7961 7960
f 8039 8038 8030
f 8039 8040 7962
f 8039 7962 7961
f 8041 8032 8035
f 8041 8051 8032
f 8051 8040 8032
f 8053 8052 8042
f 8042 8041 8043
f 8045 8042 8044
f 8042 8052 8041
f 8052 8051 8041
f 8043 8035 7985
f 8043 8041 8035
f 8002 8043 7985
f 8004 8044 8002
f 8044 8043 8002
f 8048 8044 8004
f 8042 8043 8044
f 8054 8053 8045
f 8046 8045 8048
f 8045 8053 8042
f 8046 8054 8045
f 8055 8054 8046
f 8047 8046 8049
f 8047 8055 8046
f 8006 8048 8004
f 8009 8049 8006
f 8049 8048 8006
f 8048 8045 8044
f 8049 8046 8048
f 8050 8049 8009
f 8010 8050 8009
f 8050 8047 8049
f 8040 8051 7966
f 8040 7966 7962
f 8051 8052 7967
f 8052 8053 7970
f 8053 8054 7971
f 8054 8055 7972
f 8056 8061 7660
f 8068 8056 7675
f 7675 8056 7660
f 8068 8057 8056
f 8057 8062 8056
f 8058 8063 8057
f 8068 8069 8057
f 8069 8073 8058
f 8069 8058 8057
f 8059 8064 8058
f 8073 8074 8059
f 8073 8059 8058
f 8060 8065 8059
f 8074 8060 8059
f 8074 8075 8060
f 8061 7723 7665
f 7665 7723 7319
f 8061 7724 7723
f 8061 7665 7660
f 8062 8061 8056
f 8061 8062 7724
f 8062 8063 7733
f 8062 7733 7724
f 8063 8062 8057
f 8063 8064 7734
f 8063 7734 7733
f 8064 8063 8058
f 8064 8065 7735
f 7734 8064 7735
f 8065 8064 8059
f 8068 7675 7672
f 8069 8068 8066
f 8066 8068 7672
f 8073 8069 8067
f 8067 8069 8066
f 8070 8073 8067
f 8066 7672 7479
f 7856 8066 7479
f 8067 8066 7856
f 7857 8067 7856
f 8070 8067 7857
f 7858 8070 7857
f 8074 8073 8070
f 8071 8074 8070
f 8075 8074 8071
f 8072 8075 8071
f 8071 8070 7858
f 7859 8071 7858
f 8072 8071 7859
f 7860 8072 7859
f 8083 8082 8077
f 8076 8081 8060
f 8075 8076 8060
f 8088 8076 8075
f 8088 8077 8076
f 8077 8082 8076
f 8088 8089 8077
f 8089 8078 8077
f 8084 8083 8078
f 8085 8084 8079
f 8078 8083 8077
f 8079 8084 8078
f 8089 8094 8078
f 8094 8079 8078
f 8079 8094 8095
f 8080 8085 8079
f 8080 8079 8095
f 8091 8080 8095
f 8065 8081 7749
f 8065 7749 7735
f 8081 7750 7749
f 8081 8065 8060
f 8082 8081 8076
f 8081 8082 7750
f 8082 7756 7750
f 8082 8083 7756
f 8083 7757 7756
f 8083 8084 7757
f 8084 8085 7758
f 8088 8075 8072
f 8089 8088 8086
f 8087 8086 7861
f 8086 8088 8072
f 8094 8089 8087
f 8090 8087 7862
f 8087 8089 8086
f 8086 8072 7860
f 7861 8086 7860
f 8095 8094 8090
f 8092 8090 7864
f 8090 8094 8087
f 8092 8095 8090
f 8091 8095 8092
f 8093 8091 8092
f 8093 8092 7866
f 8105 8085 8080
f 8106 8105 8097
f 8107 8106 8098
f 8097 8105 8080
f 8097 8080 8091
f 8110 8097 8091
f 8098 8097 8110
f 8102 8098 8096
f 8098 8106 8097
f 8098 8110 8096
f 8102 8107 8098
f 8108 8107 8102
f 8108 8102 8103
f 8109 8108 8103
f 8104 8109 8103
f 8103 8102 8099
f 8099 8102 8096
f 8100 8103 8099
f 8104 8103 8100
f 8101 8104 8100
f 8085 8105 7823
f 8105 8106 7824
f 8106 8107 7828
f 8107 8108 7830
f 8108 8109 7829
f 8110 8091 8093
f 8111 8110 8093
f 8110 8111 8096
f 8111 8093 7867
f 8112 8111 7957
f 8111 8112 8096
f 8112 8099 8096
f 8113 8112 7959
f 8112 8113 8099
f 8113 8100 8099
f 8113 8114 8100
f 8114 8113 7963
f 8114 8101 8100
f 8114 8115 8101
f 8115 8114 7964
f 8116 8109 8104
f 8120 8116 8104
f 8116 8120 8117
f 8120 8121 8117
f 8121 8122 8117
f 8120 8104 8101
f 8118 8120 8101
f 8121 8120 8118
f 8128 8121 8119
f 8119 8121 8118
f 8128 8122 8121
f 8128 8123 8122
f 8128 8129 8123
f 8129 8124 8123
f 8129 8130 8124
f 8129 8128 8125
f 8125 8128 8119
f 8126 8129 8125
f 8130 8129 8126
f 8127 8130 8126
f 8109 8116 7848
f 8116 8117 7849
f 8117 8122 7853
f 8122 8123 7854
f 8123 8124 7855
f 8131 8118 8115
f 8115 8118 8101
f 8131 8115 7965
f 8131 8132 8119
f 8131 8119 8118
f 8132 8125 8119
f 8132 8131 7968
f 8133 8132 7969
f 8132 8133 8125
f 8133 8134 8126
f 8133 8126 8125
f 8134 8133 7973
f 8134 8135 8127
f 8134 8127 8126
f 8135 8134 7974
f 5079 5098 5140
f 5086 5085 5102
f 5085 5089 5102
f 5089 5090 5103
f 5090 5088 5103
f 5091 5092 5099
f 5097 5095 5098
f 5096 5097 5098
f 5079 5096 5098
f 5098 5095 5099
f 5095 5091 5099
f 5094 5084 5101
f 5093 5094 5101
f 5092 5093 5101
f 5092 5101 5099
f 5101 5084 5102
f 5084 5086 5102
f 5088 5087 5100
f 5103 5088 5100
f 5148 5098 5099
f 5101 5176 5099
f 5169 5101 5102
f 5169 5176 5101
f 5089 5103 5102
f 5103 5170 5102
f 5111 5112 5116
f 5114 5113 5116
f 5113 5111 5116
f 5123 5122 5142
f 5124 5123 5142
f 5125 5124 5142
f 5126 5125 5142
f 5127 5126 5141
f 5128 5127 5141
f 5129 5128 5141
f 5136 5129 5141
f 5138 5151 5139
f 5112 5078 5140
f 5078 5079 5140
f 5112 5140 5116
f 5140 5145 5116
f 5144 5114 5116
f 5117 5115 5144
f 5115 5114 5144
f 5119 5118 5143
f 5118 5117 5144
f 5098 5146 5140
f 5145 5144 5116
f 5146 5145 5140
f 5122 5119 5143
f 5142 5122 5143
f 5143 5118 5144
f 5126 5142 5141
f 5142 5149 5141
f 5150 5142 5143
f 5146 5172 5145
f 5147 5143 5144
f 5145 5173 5144
f 5150 5149 5142
f 5147 5150 5143
f 5173 5147 5144
f 5172 5173 5145
f 5146 5098 5148
f 5176 5148 5099
f 5149 5153 5141
f 5182 5149 5150
f 5151 5138 5154
f 5153 5136 5141
f 5137 5136 5153
f 5138 5137 5153
f 5152 5151 5154
f 5160 5152 5154
f 5154 5138 5153
f 5155 5152 5160
f 5156 5155 5160
f 5157 5156 5160
f 5159 5157 5160
f 5161 5159 5160
f 5168 5160 5154
f 5162 5161 5160
f 5163 5290 5164
f 5167 5162 5160
f 5163 5162 5167
f 5296 5163 5167
f 5166 5154 5153
f 5186 5153 5149
f 5186 5166 5153
f 5166 5168 5154
f 5168 5167 5160
f 5249 5167 5168
f 5171 5170 5103
f 5171 5103 5100
f 5170 5169 5102
f 5305 5171 5100
f 5171 5180 5170
f 5305 5192 5171
f 5171 5192 5180
f 5308 5192 5305
f 5174 5146 5148
f 5174 5172 5146
f 5177 5174 5148
f 5173 5183 5147
f 5175 5172 5174
f 5184 5173 5172
f 5184 5183 5173
f 5177 5190 5174
f 5190 5175 5174
f 5175 5184 5172
f 5193 5190 5177
f 5176 5177 5148
f 5169 5178 5176
f 5179 5169 5170
f 5178 5177 5176
f 5179 5178 5169
f 5178 5193 5177
f 5194 5178 5179
f 5180 5179 5170
f 5181 5150 5147
f 5181 5182 5150
f 5182 5186 5149
f 5183 5181 5147
f 5185 5182 5181
f 5183 5199 5181
f 5200 5183 5184
f 5175 5202 5184
f 5199 5185 5181
f 5200 5199 5183
f 5185 5188 5182
f 5189 5166 5186
f 5166 5187 5168
f 5188 5186 5182
f 5188 5189 5186
f 5189 5187 5166
f 5187 5249 5168
f 5252 5187 5189
f 5188 5251 5189
f 5190 5201 5175
f 5203 5190 5193
f 5203 5201 5190
f 5197 5203 5193
f 5180 5191 5179
f 5191 5194 5179
f 5192 5195 5180
f 5196 5195 5192
f 5308 5196 5192
f 5195 5191 5180
f 5194 5193 5178
f 5194 5197 5193
f 5345 5196 5308
f 8138 5195 5196
f 5345 8136 5196
f 5191 5198 5194
f 8137 5191 5195
f 5198 5197 5194
f 8137 5198 5191
f 8138 8137 5195
f 5202 5200 5184
f 5201 5202 5175
f 5202 5207 5200
f 5206 5185 5199
f 5205 5199 5200
f 5205 5206 5199
f 5206 5208 5185
f 8142 5201 5203
f 5201 5204 5202
f 5204 5207 5202
f 8143 5203 5197
f 8143 8142 5203
f 8142 5204 5201
f 5207 5205 5200
f 5205 8173 5206
f 5207 8144 5205
f 5185 5208 5188
f 5208 5251 5188
f 5249 5466 5167
f 5251 5252 5189
f 5250 5249 5187
f 5250 5468 5249
f 5252 5250 5187
f 8173 5253 5206
f 5208 5254 5251
f 5255 5252 5251
f 5256 5250 5252
f 5255 5256 5252
f 5256 5473 5250
f 5253 5208 5206
f 5253 5254 5208
f 5254 5255 5251
f 5254 8178 5255
f 8177 5256 5255
f 8177 8450 5256
f 5286 5260 5261
f 5260 5262 5261
f 5262 5266 5261
f 5262 5264 5266
f 5264 5265 5266
f 5265 5269 5266
f 5265 5268 5269
f 5267 5272 5269
f 5268 5267 5269
f 5269 5302 5266
f 5272 5273 5276
f 5273 5275 5276
f 5276 5275 5279
f 5275 5274 5279
f 5272 5276 5269
f 5274 5277 5279
f 5277 5278 5279
f 5278 5280 5298
f 5278 5298 5279
f 5280 5271 5298
f 5284 5285 5261
f 5282 5283 5100
f 5283 5284 5301
f 5285 5286 5261
f 5301 5284 5261
f 5087 5282 5100
f 5300 5301 5261
f 5283 5301 5100
f 5266 5300 5261
f 5271 5287 5298
f 5290 5163 5296
f 5291 5290 5296
f 5292 5291 5296
f 5293 5292 5296
f 5294 5293 5296
f 5294 5296 5395
f 5295 5294 5395
f 5466 5296 5167
f 5276 5307 5269
f 5297 5276 5279
f 5297 5307 5276
f 5298 5299 5279
f 5325 5299 5298
f 5299 5297 5279
f 5325 5314 5299
f 5301 5305 5100
f 5306 5301 5300
f 5302 5300 5266
f 5307 5302 5269
f 5302 5303 5300
f 5306 5305 5301
f 5303 5306 5300
f 5304 5302 5307
f 5302 5304 5303
f 5313 5304 5307
f 5306 5308 5305
f 5309 5306 5303
f 5297 5313 5307
f 5312 5297 5299
f 5312 5313 5297
f 5314 5312 5299
f 5325 5343 5314
f 5311 5304 5313
f 5317 5311 5313
f 5310 5309 5303
f 5309 5308 5306
f 5345 5308 5309
f 5304 5310 5303
f 5304 5311 5310
f 5310 5346 5309
f 8323 5346 5310
f 5311 8323 5310
f 5317 8324 5311
f 5311 8324 8323
f 5312 5317 5313
f 5315 5317 5312
f 5314 5315 5312
f 5343 5316 5314
f 5344 5316 5343
f 5316 5315 5314
f 8326 5317 5315
f 5316 8325 5315
f 5287 5288 5318
f 5287 5318 5298
f 5288 5289 5318
f 5289 5321 5318
f 5321 5320 5318
f 5320 5324 5318
f 5320 5322 5324
f 5322 5323 5324
f 5318 5325 5298
f 5324 5326 5318
f 5331 5327 5324
f 5326 5325 5318
f 5326 5343 5325
f 5327 5326 5324
f 5323 5331 5324
f 5323 5328 5331
f 5328 5329 5331
f 5329 5330 5331
f 5330 5333 5331
f 5331 5333 5336
f 5333 5334 5336
f 5334 5335 5336
f 5335 5350 5336
f 5337 5331 5336
f 5350 5340 5336
f 5340 5337 5336
f 5337 5327 5331
f 5338 5343 5326
f 5337 5339 5327
f 5338 5326 5327
f 5339 5338 5327
f 5340 5341 5337
f 5341 5339 5337
f 5366 5342 5340
f 5342 5341 5340
f 5341 8331 5339
f 5342 8335 5341
f 5367 8336 5342
f 5338 5344 5343
f 8330 5344 5338
f 5339 8330 5338
f 5339 8331 8330
f 8335 8331 5341
f 5346 5345 5309
f 5335 5347 5350
f 5347 5348 5350
f 5348 5349 5350
f 5349 5352 5350
f 5352 5354 5350
f 5352 5353 5354
f 5353 5355 5354
f 5354 5366 5350
f 5350 5366 5340
f 5365 5366 5354
f 5355 5357 5354
f 5355 5356 5357
f 5356 5358 5357
f 5358 5360 5357
f 5360 5361 5357
f 5361 5362 5357
f 5357 5365 5354
f 5357 5369 5365
f 5362 5363 5357
f 5363 5369 5357
f 5363 5364 5370
f 5363 5370 5369
f 5367 5342 5366
f 5365 5367 5366
f 5368 8405 5367
f 5368 5367 5365
f 5369 5368 5365
f 5370 5371 5369
f 5371 5368 5369
f 5371 8402 5368
f 5372 5371 5370
f 8403 5371 5372
f 5364 5374 5370
f 5374 5375 5370
f 5375 5386 5370
f 5375 5376 5386
f 5376 5377 5386
f 5377 5378 5386
f 5378 5379 5387
f 5378 5387 5386
f 5379 5381 5387
f 5381 5382 5387
f 5382 5383 5390
f 5382 5390 5387
f 5383 5384 5390
f 5384 5385 5391
f 5384 5391 5390
f 5386 5372 5370
f 5387 5388 5386
f 5386 5388 5372
f 5388 8404 5372
f 5387 5389 5388
f 5389 8414 5388
f 5390 5389 5387
f 5391 5392 5390
f 5393 5392 5391
f 5390 5392 5389
f 5392 8415 5389
f 5393 8416 5392
f 5396 5295 5395
f 5397 5396 5395
f 5296 5467 5395
f 5466 5467 5296
f 5400 5397 5395
f 5398 5397 5400
f 5401 5398 5400
f 5467 5400 5395
f 5403 5401 5408
f 5404 5403 5408
f 5406 5404 5408
f 5407 5406 5408
f 5409 5407 5408
f 5408 5401 5400
f 5410 5409 5408
f 5411 5410 5413
f 5412 5411 5413
f 5413 5410 5408
f 5420 5412 5413
f 5482 5420 5413
f 5421 5420 5482
f 5423 5421 5482
f 5424 5423 5482
f 5425 5424 5483
f 5426 5425 5483
f 5427 5426 5483
f 5428 5427 5483
f 5429 5431 5430
f 5468 5466 5249
f 5469 5467 5466
f 5467 5470 5400
f 5469 5470 5467
f 5468 5469 5466
f 5475 5469 5468
f 5474 5470 5469
f 5471 5408 5400
f 5470 5471 5400
f 5472 5413 5408
f 5471 5472 5408
f 5477 5471 5470
f 5474 5477 5470
f 5478 5472 5471
f 5477 5478 5471
f 5250 5473 5468
f 5473 5475 5468
f 5475 5474 5469
f 5479 5474 5475
f 8450 5473 5256
f 5476 5475 5473
f 8450 5476 5473
f 5476 5479 5475
f 5480 5477 5474
f 5479 5480 5474
f 5481 5478 5477
f 5480 5481 5477
f 8455 5481 5480
f 5472 5482 5413
f 5483 5424 5482
f 5429 5428 5483
f 5490 5483 5482
f 5489 5482 5472
f 5478 5489 5472
f 5489 5490 5482
f 5484 5429 5483
f 5431 5429 5484
f 5491 5484 5483
f 5485 5431 5484
f 5486 5485 5484
f 5488 5486 5484
f 5487 5486 5488
f 5505 5488 5484
f 5490 5491 5483
f 5491 5505 5484
f 5518 5505 5491
f 5492 5489 5478
f 5481 5492 5478
f 5493 5490 5489
f 5492 5493 5489
f 8466 5492 5481
f 8467 5493 5492
f 8466 8467 5492
f 5490 5494 5491
f 5493 5494 5490
f 5494 5518 5491
f 8470 5494 5493
f 8501 5518 5494
f 8467 8470 5493
f 8470 8501 5494
f 5496 5487 5488
f 5497 5496 5488
f 5498 5497 5488
f 5506 5498 5488
f 5499 5498 5506
f 5500 5499 5516
f 5501 5500 5516
f 5507 5501 5516
f 5505 5506 5488
f 5519 5506 5505
f 5516 5499 5506
f 5521 5516 5506
f 5508 5507 5516
f 5509 5508 5516
f 5510 5509 5517
f 5511 5510 5517
f 5513 5511 5517
f 5514 5513 5517
f 5517 5509 5516
f 5522 5517 5516
f 5518 5519 5505
f 5519 5521 5506
f 5520 5519 5518
f 8501 5520 5518
f 5523 5521 5519
f 5520 5523 5519
f 5521 5522 5516
f 5522 5541 5517
f 5523 5524 5521
f 5524 5522 5521
f 5524 5543 5522
f 5525 5514 5532
f 5526 5525 5532
f 5527 5526 5532
f 5528 5527 5532
f 5529 5528 5533
f 5532 5514 5517
f 5541 5532 5517
f 5533 5528 5532
f 5542 5533 5532
f 5534 5529 5533
f 5535 5534 5533
f 5536 5535 5540
f 5538 5536 5540
f 7222 5538 7230
f 5540 5535 5533
f 5545 5540 5533
f 7230 5538 5540
f 7243 7230 5540
f 5541 5542 5532
f 5543 5541 5522
f 5544 5542 5541
f 5543 5544 5541
f 5542 5545 5533
f 5545 7243 5540
f 5544 5546 5542
f 5546 5545 5542
f 5546 7245 5545
f 7245 7243 5545
f 7008 5385 7007
f 5385 7008 5391
f 7008 7023 5391
f 7008 7010 7023
f 7010 7009 7023
f 7009 7011 7023
f 7011 7012 7024
f 7012 7013 7024
f 7011 7024 7023
f 7013 7014 7024
f 7014 7019 7024
f 7014 7015 7019
f 7015 7017 7019
f 7017 7018 7019
f 7018 7022 7019
f 7018 7020 7022
f 7020 7021 7022
f 7021 7030 7022
f 7023 5393 5391
f 7025 5393 7023
f 7024 7025 7023
f 7026 7025 7024
f 7025 8417 5393
f 7026 9285 7025
f 7019 7026 7024
f 7027 7026 7019
f 7022 7027 7019
f 7028 7027 7022
f 7027 9286 7026
f 7028 9289 7027
f 9290 9289 7028
f 7030 7031 7032
f 7031 7033 7032
f 7033 7034 7032
f 7030 7032 7022
f 7034 7035 7039
f 7035 7038 7039
f 7038 7036 7039
f 7036 7037 7039
f 7032 7034 7039
f 7037 7041 7044
f 7043 7041 7042
f 7041 7043 7044
f 7043 7049 7044
f 7037 7044 7039
f 7049 7052 7044
f 7046 7047 7049
f 7043 7046 7049
f 7047 7048 7049
f 7048 7113 7049
f 7113 7053 7049
f 7032 7028 7022
f 7051 7028 7032
f 7051 7032 7039
f 7044 7050 7039
f 7050 7051 7039
f 7051 9290 7028
f 7050 9297 7051
f 7052 7050 7044
f 7049 7053 7052
f 7135 7053 7113
f 9297 9290 7051
f 7052 9298 7050
f 9298 9297 7050
f 7053 9301 7052
f 9301 9298 7052
f 7135 7054 7053
f 7138 7054 7135
f 7053 7054 9301
f 7066 7064 7065
f 7070 7072 7180
f 7072 7074 7180
f 7076 7078 7077
f 7074 7075 7180
f 7075 7076 7077
f 7078 7080 7077
f 7084 7085 7195
f 7094 7090 7093
f 7085 7089 7195
f 7089 7091 7195
f 7081 7097 7098
f 7106 7107 7114
f 7107 7108 7114
f 7108 7109 7115
f 7109 7110 7115
f 7048 7112 7113
f 7103 7112 7111
f 7112 7103 7113
f 7103 7114 7113
f 7103 7105 7114
f 7114 7135 7113
f 7105 7106 7114
f 7108 7115 7114
f 7115 7136 7114
f 7110 7118 7115
f 7118 7119 7115
f 7137 7136 7115
f 7119 7121 7120
f 7119 7120 7115
f 7121 7122 7120
f 7122 7127 7120
f 7124 7131 7123
f 7129 7130 7132
f 7124 7149 7134
f 7131 7124 7133
f 7130 7131 7133
f 7120 7137 7115
f 7127 7141 7120
f 7127 7126 7141
f 7126 7128 7141
f 7141 7137 7120
f 7128 7132 7141
f 7128 7129 7132
f 7130 7133 7132
f 7124 7134 7133
f 7134 7142 7133
f 7114 7136 7135
f 7136 7138 7135
f 7137 7139 7136
f 7141 7140 7137
f 7139 7138 7136
f 7140 7139 7137
f 7144 9339 7140
f 7132 7144 7141
f 7141 7144 7140
f 7133 7145 7132
f 7145 7144 7132
f 7143 7142 7134
f 7133 7142 7145
f 7145 9343 7144
f 7142 9342 7145
f 7143 9344 7142
f 7142 9344 9342
f 7173 9344 7143
f 7149 7150 7134
f 7150 7151 7134
f 7158 7152 7154
f 7158 7159 7161
f 7159 7155 7161
f 7155 7157 7161
f 7156 7160 7162
f 7157 7156 7162
f 7160 7163 7162
f 7163 7164 7162
f 7151 7152 7170
f 7152 7158 7170
f 7151 7170 7134
f 7158 7161 7170
f 7161 7157 7162
f 7165 7166 7169
f 7166 7167 7169
f 7167 7168 7178
f 7164 7165 7162
f 7165 7169 7162
f 7169 7167 7178
f 7169 7183 7162
f 7172 7161 7162
f 7170 7143 7134
f 7161 7171 7170
f 7183 7172 7162
f 7172 7171 7161
f 7171 7143 7170
f 7171 7173 7143
f 7172 7208 7171
f 7168 7174 7178
f 7177 7176 7184
f 7176 7062 7184
f 7063 7064 7182
f 7064 7066 7182
f 7061 7063 7179
f 7062 7060 7184
f 7060 7061 7184
f 7174 7185 7178
f 7174 7175 7185
f 7175 7177 7185
f 7186 7169 7178
f 7177 7184 7185
f 7061 7179 7184
f 7179 7063 7182
f 7067 7068 7181
f 7068 7069 7181
f 7066 7067 7182
f 7069 7070 7181
f 7070 7180 7181
f 7067 7181 7182
f 7180 7188 7181
f 7077 7187 7180
f 7196 7187 7077
f 7186 7183 7169
f 7185 7186 7178
f 7179 7204 7184
f 7184 7202 7185
f 7181 7205 7182
f 7203 7179 7182
f 7187 7188 7180
f 7188 7205 7181
f 7203 7204 7179
f 7205 7203 7182
f 7075 7077 7180
f 7080 7196 7077
f 7081 7082 7191
f 7082 7083 7189
f 7083 7086 7189
f 7086 7084 7189
f 7084 7195 7189
f 7082 7189 7191
f 7092 7087 7194
f 7192 7193 7194
f 7087 7088 7194
f 7088 7192 7194
f 7194 7193 7364
f 7090 7094 7198
f 7091 7090 7198
f 7091 7197 7195
f 7094 7092 7194
f 7197 7091 7198
f 7195 7199 7189
f 7094 7194 7198
f 7189 7200 7191
f 7212 7190 7191
f 7190 7214 7196
f 7196 7213 7187
f 7200 7212 7191
f 7212 7214 7190
f 7197 7199 7195
f 7199 7200 7189
f 7194 7367 7198
f 7215 7197 7198
f 7079 7095 7190
f 7080 7079 7190
f 7095 7096 7190
f 7096 7097 7191
f 7097 7081 7191
f 7190 7096 7191
f 7080 7190 7196
f 7207 7183 7186
f 7183 7206 7172
f 7207 7206 7183
f 7201 7207 7186
f 7185 7201 7186
f 7184 7204 7202
f 7202 7201 7185
f 7217 7188 7187
f 7188 7218 7205
f 7203 7210 7204
f 7211 7203 7205
f 7218 7211 7205
f 7206 7208 7172
f 7208 7173 7171
f 9363 7207 7201
f 7207 9361 7206
f 9362 9363 7201
f 7204 7209 7202
f 7202 9362 7201
f 7210 7209 7204
f 7211 7210 7203
f 7209 9362 7202
f 7214 7213 7196
f 7213 7217 7187
f 7217 7218 7188
f 7212 7221 7214
f 7219 7200 7199
f 7367 7215 7198
f 7197 7216 7199
f 7215 7216 7197
f 7200 7220 7212
f 7219 7220 7200
f 7216 7219 7199
f 7213 9369 7217
f 9368 7213 7214
f 7221 9368 7214
f 7218 9371 7211
f 7217 9372 7218
f 9369 9372 7217
f 9368 9369 7213
f 7220 7221 7212
f 7215 9497 7216
f 7216 9498 7219
f 7219 9373 7220
f 7223 7222 7230
f 7224 7223 7230
f 7231 7224 7230
f 7225 7224 7231
f 7244 7231 7230
f 7227 7225 7231
f 7228 7227 7231
f 7241 7228 7231
f 7247 7241 7231
f 7232 7228 7241
f 7233 7232 7241
f 7234 7233 7241
f 7235 7234 7241
f 7242 7235 7241
f 7237 7235 7242
f 7238 7237 7242
f 7239 7238 7242
f 7266 7239 7242
f 7248 7242 7241
f 7243 7244 7230
f 7244 7247 7231
f 7245 7246 7243
f 7246 7244 7243
f 7249 7247 7244
f 7246 7249 7244
f 7247 7248 7241
f 7248 7273 7242
f 7249 9433 7247
f 7247 9433 7248
f 9433 9436 7248
f 7251 7253 7252
f 7254 7253 7267
f 7260 7258 7261
f 7259 7260 7261
f 7324 7259 7261
f 7255 7254 7271
f 7256 7255 7271
f 7257 7256 7272
f 7258 7257 7272
f 7272 7256 7271
f 7258 7272 7261
f 7272 7354 7261
f 7262 7239 7266
f 7250 7262 7266
f 7267 7250 7266
f 7273 7266 7242
f 7251 7250 7267
f 7253 7251 7267
f 7271 7254 7267
f 7273 7274 7266
f 7274 7267 7266
f 7274 7275 7267
f 9436 7273 7248
f 9437 7274 7273
f 9437 9441 7274
f 9436 9437 7273
f 7275 7271 7267
f 7275 7276 7271
f 7276 7272 7271
f 7276 7360 7272
f 9441 7275 7274
f 9441 9440 7275
f 9440 7276 7275
f 7330 7324 7261
f 7327 7325 7330
f 7325 7324 7330
f 7333 7327 7330
f 7332 7331 7333
f 7326 7327 7333
f 7329 7326 7333
f 7331 7329 7333
f 7323 7332 7347
f 7332 7333 7347
f 7354 7330 7261
f 7354 7355 7330
f 7355 7333 7330
f 7355 7356 7333
f 7336 7334 7347
f 7334 7323 7347
f 7335 7336 7345
f 7345 7336 7347
f 7339 7337 7340
f 7338 7339 7340
f 7342 7341 7345
f 7343 7342 7346
f 7341 7335 7345
f 7337 7343 7346
f 7337 7346 7340
f 7342 7345 7346
f 7333 7356 7347
f 7357 7345 7347
f 7345 7358 7346
f 7361 7355 7354
f 7356 7357 7347
f 7362 7356 7355
f 7358 7345 7357
f 7358 7371 7346
f 7359 7357 7356
f 7362 7359 7356
f 9482 7358 7357
f 7359 9482 7357
f 9482 9499 7358
f 7360 7354 7272
f 7360 7361 7354
f 9483 7360 7276
f 7361 7362 7355
f 9484 7361 7360
f 7193 7363 7364
f 7364 7338 7340
f 7363 7338 7364
f 7365 7364 7340
f 7366 7194 7364
f 7346 7365 7340
f 7365 7366 7364
f 7366 7367 7194
f 7371 7365 7346
f 7365 7368 7366
f 7371 7368 7365
f 7370 7367 7366
f 7368 7370 7366
f 7369 7215 7367
f 7370 7369 7367
f 7369 9497 7215
f 9497 9498 7216
f 9499 7371 7358
f 7371 9500 7368
f 8136 8138 5196
f 8346 8136 5345
f 5198 8149 5197
f 8137 8150 5198
f 8139 8137 8138
f 8139 8150 8137
f 8136 8141 8138
f 8141 8158 8139
f 8136 8140 8141
f 8140 8136 8346
f 8141 8139 8138
f 8353 8140 8346
f 8149 8143 5197
f 8143 8147 8142
f 8145 5207 5204
f 8146 5204 8142
f 8144 8173 5205
f 8145 8144 5207
f 8146 8145 5204
f 8147 8146 8142
f 8148 8143 8149
f 8148 8147 8143
f 8156 8148 8149
f 8146 8182 8145
f 8153 8147 8148
f 8152 8182 8146
f 8147 8152 8146
f 8150 8149 5198
f 8156 8149 8150
f 8139 8157 8150
f 8157 8156 8150
f 8140 8159 8141
f 8151 8140 8353
f 8151 8159 8140
f 8355 8151 8353
f 8155 8148 8156
f 8153 8152 8147
f 8155 8153 8148
f 8154 8155 8156
f 8155 8187 8153
f 8154 8162 8155
f 8162 8187 8155
f 8158 8157 8139
f 8157 8154 8156
f 8161 8157 8158
f 8159 8158 8141
f 8159 8160 8158
f 8161 8154 8157
f 8160 8161 8158
f 8165 8159 8151
f 8164 8165 8151
f 8355 8164 8151
f 8165 8160 8159
f 8161 8163 8154
f 8163 8162 8154
f 8165 8168 8160
f 8373 8164 8355
f 8164 8169 8165
f 8373 8167 8164
f 8166 8161 8160
f 8166 8163 8161
f 8168 8166 8160
f 8169 8168 8165
f 8164 8167 8169
f 8375 8167 8373
f 8200 8163 8166
f 8168 8217 8166
f 8170 8168 8169
f 8217 8200 8166
f 8170 8217 8168
f 8167 8172 8169
f 8219 8170 8172
f 8167 8171 8172
f 8375 8171 8167
f 8172 8170 8169
f 8383 8171 8375
f 8171 8220 8172
f 8231 8171 8383
f 8231 8220 8171
f 8144 8175 8173
f 8174 8144 8145
f 8174 8175 8144
f 8175 8179 8173
f 8182 8174 8145
f 8176 5254 5253
f 8179 5253 8173
f 8179 8176 5253
f 8176 8178 5254
f 8178 8177 5255
f 8181 8177 8178
f 8175 8189 8179
f 8188 8176 8179
f 8180 8178 8176
f 8189 8188 8179
f 8188 8180 8176
f 8180 8181 8178
f 8181 8451 8177
f 8183 8175 8174
f 8185 8174 8182
f 8152 8184 8182
f 8186 8152 8153
f 8185 8183 8174
f 8184 8185 8182
f 8183 8189 8175
f 8186 8184 8152
f 8187 8186 8153
f 8197 8184 8186
f 8196 8183 8185
f 8184 8195 8185
f 8195 8196 8185
f 8196 8190 8183
f 8193 8180 8188
f 8189 8192 8188
f 8190 8189 8183
f 8190 8192 8189
f 8192 8193 8188
f 8191 8181 8180
f 8193 8191 8180
f 8190 8204 8192
f 8205 8193 8192
f 8193 8206 8191
f 8205 8206 8193
f 8194 8186 8187
f 8194 8197 8186
f 8162 8198 8187
f 8163 8199 8162
f 8198 8194 8187
f 8197 8195 8184
f 8202 8195 8197
f 8203 8196 8195
f 8199 8198 8162
f 8200 8199 8163
f 8213 8198 8199
f 8201 8197 8194
f 8198 8212 8194
f 8202 8203 8195
f 8201 8202 8197
f 8212 8201 8194
f 8213 8212 8198
f 8207 8190 8196
f 8203 8207 8196
f 8222 8203 8202
f 8204 8205 8192
f 8207 8204 8190
f 8210 8205 8204
f 8209 8206 8205
f 8207 8208 8204
f 8208 8210 8204
f 8225 8207 8203
f 8225 8208 8207
f 8210 8209 8205
f 8227 8209 8210
f 8211 8199 8200
f 8211 8213 8199
f 8214 8211 8200
f 8223 8201 8212
f 8201 8221 8202
f 8215 8212 8213
f 8215 8223 8212
f 8211 8216 8213
f 8232 8211 8214
f 8216 8215 8213
f 8232 8216 8211
f 8233 8232 8214
f 8216 8243 8215
f 8217 8214 8200
f 8170 8218 8217
f 8218 8214 8217
f 8219 8218 8170
f 8233 8214 8218
f 8219 8237 8218
f 8220 8219 8172
f 8221 8222 8202
f 8222 8225 8203
f 8223 8221 8201
f 8242 8221 8223
f 8221 8224 8222
f 8241 8223 8215
f 8241 8242 8223
f 8242 8224 8221
f 8224 8229 8222
f 8229 8225 8222
f 8228 8208 8225
f 8228 8226 8208
f 8226 8210 8208
f 8226 8227 8210
f 8229 8228 8225
f 8265 8228 8229
f 8266 8226 8228
f 8226 8230 8227
f 8266 8230 8226
f 8232 8244 8216
f 8234 8232 8233
f 8234 8244 8232
f 8235 8234 8233
f 8220 8236 8219
f 8237 8233 8218
f 8236 8237 8219
f 8239 8236 8220
f 8231 8239 8220
f 8231 8238 8239
f 8238 8231 8544
f 8237 8235 8233
f 8239 8251 8236
f 8252 8251 8239
f 8640 8250 8238
f 8238 8252 8239
f 8240 8237 8236
f 8240 8235 8237
f 8251 8240 8236
f 8243 8241 8215
f 8244 8243 8216
f 8243 8248 8241
f 8246 8242 8241
f 8247 8224 8242
f 8247 8249 8224
f 8246 8247 8242
f 8244 8245 8243
f 8245 8248 8243
f 8257 8244 8234
f 8235 8258 8234
f 8257 8245 8244
f 8248 8246 8241
f 8248 8261 8246
f 8270 8247 8246
f 8270 8273 8247
f 8249 8229 8224
f 8249 8265 8229
f 8265 8266 8228
f 8273 8249 8247
f 8250 8252 8238
f 8240 8259 8235
f 8253 8240 8251
f 8252 8254 8251
f 8253 8259 8240
f 8254 8253 8251
f 8250 8256 8252
f 8642 8255 8250
f 8256 8254 8252
f 8285 8254 8256
f 8255 8256 8250
f 8258 8257 8234
f 8259 8258 8235
f 8263 8245 8257
f 8258 8264 8257
f 8260 8248 8245
f 8260 8261 8248
f 8261 8270 8246
f 8263 8260 8245
f 8259 8262 8258
f 8279 8259 8253
f 8262 8264 8258
f 8279 8262 8259
f 8264 8263 8257
f 8297 8260 8263
f 8271 8261 8260
f 8264 8280 8263
f 8280 8297 8263
f 8254 8284 8253
f 8284 8279 8253
f 8269 8266 8265
f 8268 8230 8266
f 8249 8267 8265
f 8267 8269 8265
f 8273 8267 8249
f 8269 8268 8266
f 8269 8275 8268
f 8261 8272 8270
f 8271 8272 8261
f 8297 8271 8260
f 8277 8267 8273
f 8276 8273 8270
f 8276 8277 8273
f 8277 8274 8267
f 8274 8269 8267
f 8274 8275 8269
f 8272 8276 8270
f 8303 8276 8272
f 8276 8302 8277
f 8302 8304 8277
f 8304 8274 8277
f 8655 8275 8274
f 8304 8655 8274
f 8286 8285 8256
f 8278 8255 8675
f 8255 8286 8256
f 8255 8278 8286
f 8291 8278 8677
f 8282 8262 8279
f 8284 8283 8279
f 8262 8281 8264
f 8281 8280 8264
f 8282 8281 8262
f 8283 8282 8279
f 8301 8280 8281
f 8282 8308 8281
f 8289 8282 8283
f 8287 8290 8283
f 8289 8308 8282
f 8285 8284 8254
f 8285 8287 8284
f 8288 8285 8286
f 8287 8283 8284
f 8288 8287 8285
f 8292 8288 8286
f 8278 8292 8286
f 8291 8292 8278
f 8290 8289 8283
f 8314 8289 8290
f 8293 8315 8290
f 8292 8295 8288
f 8296 8295 8292
f 8692 8291 8677
f 8692 8294 8291
f 8291 8296 8292
f 8293 8287 8288
f 8293 8290 8287
f 8295 8293 8288
f 8294 8296 8291
f 8693 8294 8692
f 8771 8293 8295
f 8296 8772 8295
f 8771 8315 8293
f 8772 8771 8295
f 8773 8296 8294
f 8297 8300 8271
f 8298 8272 8271
f 8299 8297 8280
f 8299 8300 8297
f 8300 8298 8271
f 8301 8299 8280
f 8308 8301 8281
f 8312 8299 8301
f 8310 8300 8299
f 8300 8311 8298
f 8310 8311 8300
f 8298 8303 8272
f 8303 8302 8276
f 8306 8302 8303
f 8703 8655 8304
f 8307 8304 8302
f 8305 8303 8298
f 8305 8306 8303
f 8306 8307 8302
f 8311 8305 8298
f 8307 8703 8304
f 8320 8307 8306
f 8307 8709 8703
f 8308 8309 8301
f 8312 8310 8299
f 8309 8312 8301
f 8313 8308 8289
f 8313 8309 8308
f 8317 8310 8312
f 8318 8311 8310
f 8314 8313 8289
f 8315 8314 8290
f 8778 8309 8313
f 8779 8313 8314
f 8309 8316 8312
f 8316 8317 8312
f 8317 8318 8310
f 8778 8316 8309
f 8311 8321 8305
f 8318 8321 8311
f 8785 8318 8317
f 8319 8306 8305
f 8321 8319 8305
f 8319 8320 8306
f 8320 8709 8307
f 8712 8709 8320
f 8321 8790 8319
f 8789 8321 8318
f 8789 8790 8321
f 8322 8320 8319
f 8790 8322 8319
f 8322 8712 8320
f 8326 8324 5317
f 8326 8349 8324
f 5344 8327 5316
f 8334 8327 5344
f 8325 8326 5315
f 8325 8350 8326
f 8327 8325 5316
f 8350 8349 8326
f 8328 8350 8325
f 8334 8329 8327
f 8328 8325 8327
f 8339 8329 8334
f 8329 8328 8327
f 8339 8360 8329
f 8336 8335 5342
f 8330 8334 5344
f 8332 8334 8330
f 8331 8332 8330
f 8331 8333 8332
f 8339 8334 8332
f 8333 8340 8332
f 8333 8331 8335
f 8336 8337 8335
f 8405 8338 8336
f 8337 8333 8335
f 8337 8341 8333
f 8338 8337 8336
f 8340 8339 8332
f 8340 8361 8339
f 8333 8341 8340
f 8361 8360 8339
f 8342 8361 8340
f 8341 8342 8340
f 8343 8342 8341
f 8338 8344 8337
f 8345 8344 8338
f 8344 8341 8337
f 8344 8343 8341
f 8362 8343 8344
f 8345 8362 8344
f 8363 8362 8345
f 5346 8346 5345
f 8323 8347 5346
f 8348 8347 8323
f 8347 8346 5346
f 8324 8348 8323
f 8347 8353 8346
f 8354 8347 8348
f 8324 8349 8348
f 8349 8351 8348
f 8354 8353 8347
f 8351 8354 8348
f 8352 8349 8350
f 8352 8351 8349
f 8354 8355 8353
f 8356 8354 8351
f 8364 8352 8359
f 8356 8355 8354
f 8357 8356 8351
f 8356 8373 8355
f 8352 8357 8351
f 8364 8357 8352
f 8328 8359 8350
f 8359 8352 8350
f 8328 8358 8359
f 8329 8358 8328
f 8360 8358 8329
f 8358 8369 8359
f 8369 8364 8359
f 8367 8369 8358
f 8368 8360 8361
f 8360 8367 8358
f 8389 8343 8362
f 8363 8390 8362
f 8391 8390 8363
f 8374 8373 8356
f 8357 8374 8356
f 8364 8365 8357
f 8369 8366 8364
f 8365 8374 8357
f 8364 8366 8365
f 8370 8380 8366
f 8368 8367 8360
f 8367 8370 8369
f 8368 8371 8367
f 8372 8368 8387
f 8370 8366 8369
f 8371 8370 8367
f 8371 8385 8370
f 8368 8372 8371
f 8375 8373 8374
f 8365 8378 8374
f 8378 8375 8374
f 8366 8379 8365
f 8379 8378 8365
f 8385 8380 8370
f 8376 8385 8371
f 8372 8376 8371
f 8394 8377 8372
f 8377 8376 8372
f 8377 8548 8376
f 8395 8549 8377
f 8378 8383 8375
f 8384 8378 8379
f 8384 8383 8378
f 8366 8380 8379
f 8380 8381 8379
f 8381 8384 8379
f 8380 8382 8381
f 8384 8544 8383
f 8545 8384 8381
f 8544 8231 8383
f 8382 8380 8385
f 8386 8382 8385
f 8376 8386 8385
f 8548 8386 8376
f 8549 8548 8377
f 8387 8368 8361
f 8342 8387 8361
f 8342 8388 8387
f 8343 8388 8342
f 8343 8389 8388
f 8388 8394 8387
f 8394 8372 8387
f 8392 8394 8388
f 8389 8392 8388
f 8389 8393 8392
f 8390 8389 8362
f 8390 8393 8389
f 8391 8397 8390
f 8395 8377 8394
f 8392 8395 8394
f 8393 8396 8392
f 8396 8395 8392
f 8396 8563 8395
f 8393 8399 8396
f 8397 8393 8390
f 8397 8399 8393
f 8398 8397 8391
f 8400 8397 8398
f 8401 8400 8398
f 8400 8399 8397
f 8405 8336 5367
f 8402 8405 5368
f 5371 8403 8402
f 8404 8403 5372
f 8405 8406 8338
f 8402 8406 8405
f 8407 8406 8402
f 8403 8407 8402
f 8403 8408 8407
f 8404 8408 8403
f 8411 8408 8404
f 8406 8345 8338
f 8410 8345 8406
f 8407 8410 8406
f 8407 8409 8410
f 8363 8345 8410
f 8426 8363 8410
f 8409 8426 8410
f 8427 8426 8409
f 8408 8409 8407
f 8412 8409 8408
f 8411 8412 8408
f 8413 8412 8411
f 8412 8427 8409
f 8413 8430 8412
f 8414 8404 5388
f 8415 8414 5389
f 5392 8416 8415
f 8417 8416 5393
f 8414 8411 8404
f 8414 8421 8411
f 8415 8421 8414
f 8418 8421 8415
f 8416 8418 8415
f 8416 8419 8418
f 8417 8419 8416
f 8420 8419 8417
f 8421 8413 8411
f 8422 8413 8421
f 8418 8422 8421
f 8423 8422 8418
f 8422 8431 8413
f 8423 8434 8422
f 8419 8423 8418
f 8424 8423 8419
f 8420 8424 8419
f 8425 8424 8420
f 8424 8435 8423
f 8438 8424 8425
f 8439 8438 8425
f 8426 8391 8363
f 8427 8428 8426
f 8426 8428 8391
f 8429 8428 8427
f 8412 8430 8427
f 8430 8429 8427
f 8431 8430 8413
f 8431 8432 8430
f 8430 8432 8429
f 8433 8432 8431
f 8434 8431 8422
f 8434 8433 8431
f 8435 8434 8423
f 8435 8436 8434
f 8434 8436 8433
f 8437 8436 8435
f 8424 8438 8435
f 8438 8437 8435
f 8439 8440 8438
f 8438 8440 8437
f 8441 8440 8439
f 8428 8398 8391
f 8428 8442 8398
f 8429 8442 8428
f 8443 8442 8429
f 8442 8401 8398
f 8584 8401 8442
f 8443 8584 8442
f 8585 8584 8443
f 8432 8443 8429
f 8432 8444 8443
f 8433 8444 8432
f 8445 8444 8433
f 8444 8585 8443
f 8588 8585 8444
f 8445 8588 8444
f 8589 8588 8445
f 8436 8445 8433
f 8446 8445 8436
f 8437 8446 8436
f 8447 8446 8437
f 8446 8589 8445
f 8600 8589 8446
f 8447 8600 8446
f 8601 8600 8447
f 8440 8447 8437
f 8440 8448 8447
f 8441 8448 8440
f 8449 8448 8441
f 8448 8601 8447
f 8448 8604 8601
f 8449 8604 8448
f 8605 8604 8449
f 8451 8450 8177
f 8452 5476 8450
f 8451 8452 8450
f 8453 5479 5476
f 8452 8453 5476
f 8457 8451 8181
f 8451 8458 8452
f 8461 8453 8452
f 8458 8461 8452
f 5479 8454 5480
f 8453 8454 5479
f 8454 8455 5480
f 8462 8454 8453
f 8461 8462 8453
f 8456 8455 8454
f 8462 8456 8454
f 8191 8457 8181
f 8457 8458 8451
f 8460 8458 8457
f 8463 8461 8458
f 8459 8457 8191
f 8206 8459 8191
f 8459 8460 8457
f 8460 8463 8458
f 8464 8462 8461
f 8465 8456 8462
f 8464 8465 8462
f 8463 8464 8461
f 8478 8464 8463
f 8464 8487 8465
f 8455 8466 5481
f 8468 8466 8455
f 8469 8467 8466
f 8456 8468 8455
f 8468 8469 8466
f 8471 8470 8467
f 8502 8501 8470
f 8471 8502 8470
f 8469 8471 8467
f 8474 8471 8469
f 8509 8502 8471
f 8472 8468 8456
f 8465 8472 8456
f 8473 8469 8468
f 8472 8473 8468
f 8473 8474 8469
f 8488 8472 8465
f 8487 8488 8465
f 8491 8473 8472
f 8488 8491 8472
f 8474 8509 8471
f 8492 8474 8473
f 8491 8492 8473
f 8511 8509 8474
f 8492 8511 8474
f 8475 8459 8206
f 8209 8475 8206
f 8475 8476 8459
f 8476 8460 8459
f 8477 8463 8460
f 8476 8477 8460
f 8480 8475 8209
f 8481 8476 8475
f 8477 8478 8463
f 8227 8480 8209
f 8480 8481 8475
f 8476 8484 8477
f 8481 8484 8476
f 8478 8487 8464
f 8489 8487 8478
f 8479 8478 8477
f 8484 8479 8477
f 8479 8489 8478
f 8482 8480 8227
f 8483 8481 8480
f 8485 8484 8481
f 8230 8482 8227
f 8482 8483 8480
f 8483 8485 8481
f 8486 8479 8484
f 8485 8486 8484
f 8495 8489 8479
f 8486 8495 8479
f 8649 8485 8483
f 8650 8486 8485
f 8660 8495 8486
f 8650 8660 8486
f 8490 8488 8487
f 8493 8491 8488
f 8489 8490 8487
f 8490 8493 8488
f 8497 8493 8490
f 8494 8492 8491
f 8493 8494 8491
f 8523 8511 8492
f 8494 8523 8492
f 8498 8494 8493
f 8527 8523 8494
f 8495 8496 8489
f 8496 8490 8489
f 8496 8497 8490
f 8661 8496 8495
f 8660 8661 8495
f 8499 8497 8496
f 8661 8499 8496
f 8497 8498 8493
f 8498 8527 8494
f 8531 8527 8498
f 8500 8498 8497
f 8499 8500 8497
f 8500 8531 8498
f 8503 5520 8501
f 8502 8503 8501
f 8503 8504 5520
f 8510 8503 8502
f 8504 5523 5520
f 8504 8505 5523
f 8505 5524 5523
f 8505 8506 5524
f 8506 5543 5524
f 8507 5544 5543
f 8506 8507 5543
f 8508 5546 5544
f 8507 8508 5544
f 9431 7245 5546
f 8508 9431 5546
f 8513 8504 8503
f 8514 8505 8504
f 8509 8510 8502
f 8510 8513 8503
f 8512 8510 8509
f 8511 8512 8509
f 8512 8515 8510
f 8513 8514 8504
f 8515 8513 8510
f 8514 8517 8505
f 8516 8514 8513
f 8515 8516 8513
f 8516 8519 8514
f 8517 8506 8505
f 8518 8507 8506
f 8521 8508 8507
f 9445 9431 8508
f 8519 8517 8514
f 8517 8518 8506
f 8520 8518 8517
f 8519 8520 8517
f 8518 8521 8507
f 8522 8521 8518
f 8521 9445 8508
f 9447 9445 8521
f 8520 8522 8518
f 8522 9447 8521
f 8524 8512 8511
f 8523 8524 8511
f 8524 8525 8512
f 8528 8524 8523
f 8528 8529 8524
f 8525 8515 8512
f 8526 8516 8515
f 8525 8526 8515
f 8526 8535 8516
f 8529 8525 8524
f 8529 8530 8525
f 8530 8526 8525
f 8527 8528 8523
f 8532 8528 8527
f 8531 8532 8527
f 8533 8529 8528
f 8534 8530 8529
f 8532 8533 8528
f 8533 8534 8529
f 8535 8519 8516
f 8536 8520 8519
f 8535 8536 8519
f 8538 8535 8526
f 8530 8538 8526
f 8539 8536 8535
f 8538 8539 8535
f 9457 9447 8522
f 8537 8522 8520
f 8536 8537 8520
f 8537 9457 8522
f 8540 8537 8536
f 8539 8540 8536
f 9461 9457 8537
f 8540 9461 8537
f 8541 8538 8530
f 8542 8539 8538
f 8543 8540 8539
f 9465 9461 8540
f 8534 8541 8530
f 8541 8542 8538
f 8542 8543 8539
f 8543 9465 8540
f 8382 8546 8381
f 8384 8545 8544
f 8545 8640 8544
f 8546 8545 8381
f 8382 8547 8546
f 8546 8641 8545
f 8641 8640 8545
f 8547 8553 8546
f 8553 8641 8546
f 8554 8553 8547
f 8386 8547 8382
f 8548 8552 8386
f 8552 8547 8386
f 8550 8552 8548
f 8549 8550 8548
f 8549 8551 8550
f 8551 8556 8550
f 8552 8554 8547
f 8552 8555 8554
f 8555 8552 8550
f 8644 8553 8554
f 8556 8555 8550
f 8555 8645 8554
f 8556 8646 8555
f 8557 8556 8551
f 8646 8645 8555
f 8558 8646 8556
f 8557 8558 8556
f 8574 8558 8557
f 8563 8549 8395
f 8559 8563 8396
f 8399 8559 8396
f 8399 8560 8559
f 8400 8560 8399
f 8561 8560 8400
f 8401 8561 8400
f 8401 8562 8561
f 8561 8568 8560
f 8562 8569 8561
f 8551 8549 8563
f 8564 8551 8563
f 8559 8564 8563
f 8560 8565 8559
f 8565 8564 8559
f 8560 8568 8565
f 8569 8568 8561
f 8570 8569 8562
f 8564 8557 8551
f 8565 8567 8564
f 8567 8557 8564
f 8568 8566 8565
f 8566 8567 8565
f 8568 8571 8566
f 8567 8574 8557
f 8567 8575 8574
f 8575 8567 8566
f 8571 8576 8566
f 8569 8571 8568
f 8570 8572 8569
f 8572 8571 8569
f 8572 8578 8571
f 8573 8572 8570
f 8681 8558 8574
f 8575 8682 8574
f 8576 8694 8575
f 8576 8575 8566
f 8571 8578 8576
f 8578 8577 8576
f 8694 8682 8575
f 8577 8694 8576
f 8581 8577 8578
f 8573 8579 8572
f 8573 8580 8579
f 8579 8578 8572
f 8579 8581 8578
f 8582 8581 8579
f 8580 8582 8579
f 8583 8582 8580
f 8698 8581 8582
f 8583 8699 8582
f 8700 8699 8583
f 8584 8562 8401
f 8586 8562 8584
f 8585 8586 8584
f 8587 8586 8585
f 8586 8570 8562
f 8587 8592 8586
f 8588 8587 8585
f 8589 8590 8588
f 8588 8590 8587
f 8590 8593 8587
f 8591 8590 8589
f 8594 8590 8591
f 8592 8570 8586
f 8593 8592 8587
f 8594 8593 8590
f 8595 8594 8591
f 8592 8573 8570
f 8596 8573 8592
f 8593 8596 8592
f 8597 8596 8593
f 8594 8597 8593
f 8594 8598 8597
f 8595 8598 8594
f 8599 8598 8595
f 8600 8591 8589
f 8601 8602 8600
f 8600 8602 8591
f 8602 8595 8591
f 8603 8602 8601
f 8603 8608 8602
f 8604 8603 8601
f 8605 8606 8604
f 8607 8606 8605
f 8604 8606 8603
f 8606 8609 8603
f 8607 8610 8606
f 8608 8595 8602
f 8609 8608 8603
f 8606 8610 8609
f 8611 8610 8607
f 8608 8599 8595
f 8612 8599 8608
f 8609 8612 8608
f 8613 8612 8609
f 8610 8613 8609
f 8610 8614 8613
f 8611 8614 8610
f 8615 8614 8611
f 8596 8580 8573
f 8616 8580 8596
f 8597 8616 8596
f 8617 8616 8597
f 8616 8583 8580
f 8620 8583 8616
f 8620 8616 8617
f 8621 8620 8617
f 8598 8617 8597
f 8598 8618 8617
f 8599 8618 8598
f 8619 8618 8599
f 8618 8621 8617
f 8618 8624 8621
f 8619 8624 8618
f 8620 8700 8583
f 8621 8622 8620
f 8622 8700 8620
f 8623 8622 8621
f 8624 8623 8621
f 8625 8624 8619
f 8625 8626 8624
f 8626 8623 8624
f 8627 8626 8625
f 8612 8619 8599
f 8612 8628 8619
f 8613 8628 8612
f 8629 8628 8613
f 8628 8625 8619
f 8629 8632 8628
f 8614 8629 8613
f 8614 8630 8629
f 8615 8630 8614
f 8631 8630 8615
f 8630 8633 8629
f 8631 8636 8630
f 8637 8636 8631
f 8632 8625 8628
f 8632 8627 8625
f 8633 8632 8629
f 8633 8634 8632
f 8634 8627 8632
f 8635 8634 8633
f 8630 8636 8633
f 8636 8635 8633
f 8637 8638 8636
f 8638 8635 8636
f 8639 8638 8637
f 8640 8238 8544
f 8641 8642 8640
f 8553 8643 8641
f 8642 8250 8640
f 8643 8642 8641
f 8644 8643 8553
f 8643 8675 8642
f 8644 8676 8643
f 8643 8676 8675
f 8645 8644 8554
f 8645 8673 8644
f 8675 8255 8642
f 8648 8482 8230
f 8268 8648 8230
f 8647 8483 8482
f 8648 8647 8482
f 8647 8649 8483
f 8653 8648 8268
f 8653 8654 8648
f 8654 8647 8648
f 8654 8651 8647
f 8649 8650 8485
f 8649 8652 8650
f 8662 8660 8650
f 8651 8649 8647
f 8651 8652 8649
f 8652 8662 8650
f 8666 8662 8652
f 8275 8653 8268
f 8275 8656 8653
f 8657 8654 8653
f 8655 8656 8275
f 8656 8657 8653
f 8657 8659 8654
f 8702 8657 8656
f 8659 8651 8654
f 8658 8652 8651
f 8659 8658 8651
f 8658 8666 8652
f 8705 8659 8657
f 8705 8706 8659
f 8706 8658 8659
f 8716 8666 8658
f 8706 8716 8658
f 8663 8661 8660
f 8664 8499 8661
f 8663 8664 8661
f 8662 8663 8660
f 8667 8663 8662
f 8669 8664 8663
f 8665 8500 8499
f 8664 8665 8499
f 8665 8722 8500
f 8670 8665 8664
f 8670 8725 8665
f 8666 8667 8662
f 8667 8669 8663
f 8671 8669 8667
f 8668 8667 8666
f 8716 8668 8666
f 8668 8671 8667
f 8669 8670 8664
f 8672 8670 8669
f 8671 8672 8669
f 8672 8727 8670
f 8644 8673 8676
f 8674 8673 8645
f 8676 8677 8675
f 8673 8678 8676
f 8677 8278 8675
f 8674 8679 8673
f 8678 8677 8676
f 8678 8692 8677
f 8673 8679 8678
f 8684 8679 8674
f 8646 8674 8645
f 8680 8674 8646
f 8558 8680 8646
f 8681 8680 8558
f 8682 8681 8574
f 8684 8674 8680
f 8681 8686 8680
f 8686 8684 8680
f 8682 8687 8681
f 8687 8686 8681
f 8679 8683 8678
f 8683 8692 8678
f 8684 8685 8679
f 8679 8685 8683
f 8690 8685 8684
f 8864 8685 8690
f 8688 8687 8682
f 8688 8691 8687
f 8686 8690 8684
f 8689 8690 8686
f 8689 8686 8687
f 8689 8868 8690
f 8691 8861 8689
f 8691 8689 8687
f 8697 8691 8688
f 8693 8692 8683
f 8685 8863 8683
f 8863 8693 8683
f 8685 8864 8863
f 8694 8688 8682
f 8695 8688 8694
f 8577 8695 8694
f 8581 8696 8577
f 8696 8695 8577
f 8581 8698 8696
f 8695 8697 8688
f 8880 8695 8696
f 8880 8697 8695
f 8698 8879 8696
f 8879 8880 8696
f 8698 8884 8879
f 8699 8698 8582
f 8699 8884 8698
f 8700 8885 8699
f 8701 8656 8655
f 8703 8701 8655
f 8701 8702 8656
f 8702 8705 8657
f 8710 8701 8703
f 8709 8710 8703
f 8704 8702 8701
f 8710 8704 8701
f 8704 8707 8702
f 8707 8705 8702
f 8708 8706 8705
f 8707 8708 8705
f 8708 8717 8706
f 8715 8708 8707
f 8711 8710 8709
f 8713 8704 8710
f 8711 8713 8710
f 8713 8714 8704
f 8712 8711 8709
f 8897 8711 8712
f 9162 8713 8711
f 8714 8707 8704
f 8714 8715 8707
f 8715 8743 8708
f 9165 8714 8713
f 8717 8716 8706
f 8717 8718 8716
f 8718 8668 8716
f 8718 8720 8668
f 8743 8717 8708
f 8744 8718 8717
f 8720 8671 8668
f 8720 8719 8671
f 8719 8672 8671
f 8719 8742 8672
f 8747 8720 8718
f 8743 8744 8717
f 8722 8531 8500
f 8722 8721 8531
f 8721 8532 8531
f 8721 8723 8532
f 8725 8722 8665
f 8725 8726 8722
f 8726 8721 8722
f 8726 8729 8721
f 8723 8533 8532
f 8723 8724 8533
f 8724 8534 8533
f 8729 8723 8721
f 8729 8730 8723
f 8730 8724 8723
f 8670 8727 8725
f 8728 8726 8725
f 8727 8728 8725
f 8728 8731 8726
f 8751 8728 8727
f 8731 8729 8726
f 8732 8730 8729
f 8731 8732 8729
f 8752 8731 8728
f 8753 8732 8731
f 8733 8541 8534
f 8724 8733 8534
f 8734 8542 8541
f 8733 8734 8541
f 8736 8733 8724
f 8737 8734 8733
f 8730 8736 8724
f 8736 8737 8733
f 8735 8543 8542
f 8734 8735 8542
f 9645 9465 8543
f 8735 9645 8543
f 8740 8735 8734
f 9649 9645 8735
f 8737 8740 8734
f 8740 9649 8735
f 8738 8736 8730
f 8738 8739 8736
f 8739 8737 8736
f 8732 8738 8730
f 8762 8738 8732
f 8763 8739 8738
f 8739 8741 8737
f 8741 8740 8737
f 9651 9649 8740
f 8766 8741 8739
f 8741 9651 8740
f 9848 9651 8741
f 8622 8935 8700
f 8623 8934 8622
f 8742 8727 8672
f 8742 8751 8727
f 8751 8752 8728
f 8752 8753 8731
f 8753 8762 8732
f 8762 8763 8738
f 8763 8766 8739
f 8766 9848 8741
f 9162 9165 8713
f 9165 9166 8714
f 9166 8715 8714
f 9166 8745 8715
f 8744 8747 8718
f 8747 8748 8720
f 8748 8719 8720
f 8748 8754 8719
f 8746 8744 8743
f 8745 8743 8715
f 8745 8746 8743
f 8746 8749 8744
f 8749 8747 8744
f 8750 8748 8747
f 8749 8750 8747
f 8750 8756 8748
f 9179 8750 8749
f 8754 8742 8719
f 8754 8755 8742
f 8755 8751 8742
f 8755 8758 8751
f 8758 8752 8751
f 8759 8753 8752
f 8758 8759 8752
f 8756 8754 8748
f 8756 8757 8754
f 8757 8755 8754
f 9217 8756 8750
f 9218 8757 8756
f 8760 8758 8755
f 8757 8760 8755
f 8761 8759 8758
f 8760 8761 8758
f 9221 8760 8757
f 9222 8761 8760
f 8764 8762 8753
f 8759 8764 8753
f 8765 8763 8762
f 8764 8765 8762
f 8767 8766 8763
f 8765 8767 8763
f 9851 9848 8766
f 8767 9851 8766
f 8768 8764 8759
f 8761 8768 8759
f 8769 8765 8764
f 8768 8769 8764
f 9229 8768 8761
f 9230 8769 8768
f 8770 8767 8765
f 8769 8770 8765
f 9854 9851 8767
f 8770 9854 8767
f 9233 8770 8769
f 9234 9854 8770
f 8693 8774 8294
f 8773 8772 8296
f 8771 8772 8783
f 8784 8772 8773
f 8774 8773 8294
f 8867 8774 8693
f 8775 8784 8773
f 8776 8774 8867
f 8774 8775 8773
f 8776 8775 8774
f 8871 8776 8867
f 8801 8776 8871
f 8898 8801 8871
f 8315 8777 8314
f 8771 8780 8315
f 8779 8778 8313
f 8777 8779 8314
f 8780 8771 8783
f 8780 8777 8315
f 8778 8787 8316
f 8316 8786 8317
f 8781 8778 8779
f 8787 8786 8316
f 8781 8787 8778
f 8780 8794 8777
f 8795 8780 8783
f 8777 8782 8779
f 8782 8781 8779
f 8794 8782 8777
f 8795 8794 8780
f 8772 8784 8783
f 8784 8798 8783
f 8786 8785 8317
f 8804 8786 8787
f 8786 8788 8785
f 8803 8787 8781
f 8803 8804 8787
f 8804 8788 8786
f 8785 8789 8318
f 8792 8789 8785
f 8791 8790 8789
f 8793 8322 8790
f 8322 8896 8712
f 8791 8793 8790
f 8793 8896 8322
f 8788 8792 8785
f 8792 8791 8789
f 8792 8811 8791
f 9169 8896 8793
f 9110 8793 8791
f 9110 9169 8793
f 8798 8795 8783
f 8782 8805 8781
f 8794 8806 8782
f 8796 8794 8795
f 8798 8797 8795
f 8806 8805 8782
f 8796 8806 8794
f 8797 8796 8795
f 8802 8797 8798
f 8797 8821 8796
f 8799 8784 8775
f 8799 8798 8784
f 8800 8799 8775
f 8776 8800 8775
f 8801 8800 8776
f 8799 8802 8798
f 8800 8815 8799
f 8813 8815 8800
f 8898 8814 8801
f 8813 8800 8801
f 8815 8802 8799
f 8805 8803 8781
f 8805 8807 8803
f 8809 8804 8803
f 8808 8788 8804
f 8809 8808 8804
f 8806 8819 8805
f 8807 8809 8803
f 8819 8807 8805
f 8820 8806 8796
f 8820 8819 8806
f 8825 8809 8807
f 8809 8823 8808
f 8810 8792 8788
f 8810 8811 8792
f 8808 8810 8788
f 8811 9110 8791
f 9115 8810 8808
f 9111 8811 8810
f 8823 9115 8808
f 8802 8822 8797
f 8822 8821 8797
f 8812 8822 8802
f 8920 8814 8898
f 8814 8813 8801
f 8812 8802 8815
f 8813 8816 8815
f 8816 8812 8815
f 8814 8817 8813
f 8920 8818 8814
f 8926 8818 8920
f 8817 8816 8813
f 8816 8831 8812
f 8817 8839 8816
f 8818 8817 8814
f 8821 8820 8796
f 8820 8827 8819
f 8828 8820 8821
f 8824 8807 8819
f 8824 8825 8807
f 8825 8823 8809
f 8827 8824 8819
f 8822 8826 8821
f 8832 8822 8812
f 8828 8827 8820
f 8826 8828 8821
f 8832 8826 8822
f 8831 8832 8812
f 8827 8833 8824
f 9114 8825 8824
f 8835 8827 8828
f 8833 9114 8824
f 8829 8839 8817
f 8926 8830 8818
f 8818 8829 8817
f 8927 8830 8926
f 8818 8830 8829
f 8846 8830 8927
f 8832 8837 8826
f 8838 8837 8832
f 8838 8832 8831
f 8834 8828 8826
f 8834 8835 8828
f 8835 8833 8827
f 8837 8834 8826
f 8836 8838 8831
f 9122 8835 8834
f 8837 8841 8834
f 8842 8837 8838
f 8844 8838 8836
f 8841 9122 8834
f 8842 8841 8837
f 8839 8831 8816
f 8839 8836 8831
f 8840 8839 8829
f 8840 8836 8839
f 8845 8840 8829
f 8830 8845 8829
f 8846 8845 8830
f 8847 8846 8927
f 8840 8843 8836
f 8844 8842 8838
f 8843 8844 8836
f 9134 8842 8844
f 8851 8852 8843
f 9135 9134 8844
f 8843 9135 8844
f 8852 9135 8843
f 8851 8840 8845
f 8846 8848 8845
f 8851 8843 8840
f 8848 8851 8845
f 8850 8846 8847
f 8850 8854 8848
f 8849 8850 8847
f 8850 8848 8846
f 8848 8853 8851
f 8853 8852 8851
f 9147 8852 8853
f 9151 9147 8853
f 8849 8855 8850
f 8856 8855 8849
f 8854 8853 8848
f 8854 9151 8853
f 8850 8855 8854
f 8855 8857 8854
f 8857 9151 8854
f 8856 8859 8855
f 8858 8859 8856
f 8859 8857 8855
f 8859 9159 8857
f 8858 9161 8859
f 8860 9161 8858
f 8634 8939 8627
f 8635 8949 8634
f 8861 8868 8689
f 8862 8691 8697
f 8862 8861 8691
f 8881 8862 8697
f 8881 8875 8862
f 8863 8867 8693
f 8864 8865 8863
f 8865 8867 8863
f 8868 8864 8690
f 8868 8866 8864
f 8866 8865 8864
f 8870 8866 8868
f 8865 8871 8867
f 8866 8872 8865
f 8870 8868 8861
f 8862 8869 8861
f 8869 8870 8861
f 8875 8869 8862
f 8891 8875 8881
f 8870 8873 8866
f 8878 8873 8870
f 8872 8871 8865
f 8872 8898 8871
f 8873 8872 8866
f 8873 8874 8872
f 8874 8898 8872
f 8878 8899 8873
f 8901 8899 8878
f 8873 8899 8874
f 8869 8878 8870
f 8875 8876 8869
f 8876 8878 8869
f 8891 8877 8875
f 8877 8876 8875
f 8891 8893 8877
f 8893 8902 8877
f 8876 8901 8878
f 8900 8876 8877
f 8880 8881 8697
f 8882 8880 8879
f 8882 8881 8880
f 8883 8882 8879
f 8884 8883 8879
f 8882 8891 8881
f 8883 8892 8882
f 8886 8888 8883
f 8885 8884 8699
f 8885 8886 8884
f 8700 8935 8885
f 8935 8887 8885
f 8937 8887 8935
f 8884 8886 8883
f 8887 8886 8885
f 8892 8891 8882
f 8888 8892 8883
f 8887 8889 8886
f 8886 8889 8888
f 8890 8889 8887
f 8937 8890 8887
f 8943 8890 8937
f 8890 8908 8889
f 8943 8909 8890
f 8943 8965 8909
f 8893 8891 8892
f 8894 8893 8892
f 8888 8894 8892
f 8895 8894 8888
f 8889 8895 8888
f 8889 8908 8895
f 8909 8908 8890
f 8896 8897 8712
f 8897 9162 8711
f 8922 8899 8901
f 8923 8922 8901
f 8900 8901 8876
f 8900 8923 8901
f 8902 8903 8900
f 8902 8900 8877
f 8905 8902 8893
f 8903 8923 8900
f 8905 8904 8902
f 8904 8903 8902
f 8913 8904 8905
f 8913 8932 8904
f 8894 8905 8893
f 8907 8905 8894
f 8907 8894 8895
f 8908 8906 8895
f 8906 8907 8895
f 8910 8914 8906
f 8907 8913 8905
f 8912 8913 8907
f 8912 8907 8906
f 8914 8912 8906
f 8909 8910 8908
f 8908 8910 8906
f 8965 8911 8909
f 8911 8910 8909
f 8911 8917 8910
f 8966 8911 8965
f 8966 8918 8911
f 8912 8933 8913
f 8917 8916 8914
f 8914 8915 8912
f 8915 8933 8912
f 8916 8915 8914
f 8918 8917 8911
f 8972 8918 8966
f 8910 8917 8914
f 8918 8919 8917
f 8919 8916 8917
f 8988 8919 8918
f 8972 8988 8918
f 8972 9047 8988
f 8874 8920 8898
f 8899 8921 8874
f 8921 8920 8874
f 8899 8922 8921
f 8926 8920 8921
f 8924 8926 8921
f 8922 8924 8921
f 8923 8925 8922
f 8925 8928 8924
f 8930 8925 8923
f 8922 8925 8924
f 8924 8927 8926
f 8930 8929 8925
f 8993 8929 8930
f 8928 8927 8924
f 8928 8847 8927
f 8925 8929 8928
f 8903 8930 8923
f 8904 8931 8903
f 8931 8930 8903
f 8932 8931 8904
f 8913 8933 8932
f 8993 8930 8931
f 8932 8991 8931
f 8991 8993 8931
f 8933 8992 8932
f 8992 8991 8932
f 8915 9006 8933
f 8934 8935 8622
f 8936 8934 8623
f 8937 8935 8934
f 8940 8937 8934
f 8936 8940 8934
f 8941 8940 8936
f 8626 8936 8623
f 8626 8938 8936
f 8627 8938 8626
f 8939 8938 8627
f 8938 8941 8936
f 8945 8941 8938
f 8939 8945 8938
f 8946 8945 8939
f 8940 8943 8937
f 8942 8943 8940
f 8941 8942 8940
f 8941 8944 8942
f 8942 8965 8943
f 8944 8961 8942
f 8946 8947 8945
f 8945 8944 8941
f 8947 8944 8945
f 8947 8962 8944
f 8948 8947 8946
f 8948 8963 8947
f 8634 8949 8939
f 8950 8949 8635
f 8949 8946 8939
f 8953 8946 8949
f 8950 8953 8949
f 8954 8953 8950
f 8638 8950 8635
f 8638 8951 8950
f 8639 8951 8638
f 8952 8951 8639
f 8951 8954 8950
f 8951 8957 8954
f 8952 8957 8951
f 8958 8957 8952
f 8953 8948 8946
f 8954 8955 8953
f 8955 8948 8953
f 8964 8948 8955
f 8956 8955 8954
f 8956 8976 8955
f 8957 8956 8954
f 8958 8959 8957
f 8960 8959 8958
f 8957 8959 8956
f 8959 8977 8956
f 8960 8978 8959
f 8961 8965 8942
f 8944 8962 8961
f 8963 8962 8947
f 8948 8964 8963
f 8964 8969 8963
f 8961 8966 8965
f 8962 8967 8961
f 8967 8966 8961
f 8962 8968 8967
f 8963 8968 8962
f 8969 8968 8963
f 8970 8969 8964
f 8967 8972 8966
f 8971 8972 8967
f 8968 8971 8967
f 8973 8971 8968
f 8971 9047 8972
f 8971 9048 9047
f 9048 8971 8973
f 9050 9048 8973
f 8969 8973 8968
f 8974 8973 8969
f 8970 8974 8969
f 8975 8974 8970
f 8975 9051 8974
f 8974 9050 8973
f 9051 9050 8974
f 8976 8964 8955
f 8977 8976 8956
f 8976 8970 8964
f 8977 8980 8976
f 8959 8978 8977
f 8960 8979 8978
f 8978 8981 8977
f 8979 8982 8978
f 8980 8970 8976
f 8981 8980 8977
f 8978 8982 8981
f 8983 8982 8979
f 8980 8975 8970
f 8980 8984 8975
f 8981 8984 8980
f 8985 8984 8981
f 8984 9052 8975
f 8985 9056 8984
f 8982 8985 8981
f 8982 8986 8985
f 8983 8986 8982
f 8987 8986 8983
f 8986 9057 8985
f 8987 9060 8986
f 9061 9060 8987
f 8919 9007 8916
f 9009 8919 8988
f 9047 9010 8988
f 9010 9009 8988
f 9064 9010 9047
f 8929 8989 8928
f 8928 8989 8847
f 8993 8990 8929
f 8994 8990 8993
f 8990 8989 8929
f 8990 8999 8989
f 8994 9000 8990
f 9006 8992 8933
f 9006 8996 8992
f 8991 8994 8993
f 8995 8991 8992
f 9008 8996 9006
f 8995 8994 8991
f 8997 8995 8996
f 8995 9001 8994
f 8996 8995 8992
f 8989 8849 8847
f 8999 8849 8989
f 9000 8999 8990
f 9001 9000 8994
f 8995 8997 9001
f 9008 8998 8996
f 8998 8997 8996
f 9008 9014 8998
f 8998 9024 8997
f 9014 9025 8998
f 9036 9025 9014
f 8999 8856 8849
f 9000 9002 8999
f 9002 8856 8999
f 9004 9000 9001
f 9004 9020 9002
f 9003 9004 9001
f 9004 9002 9000
f 8858 8856 9002
f 8997 9003 9001
f 9024 9003 8997
f 9025 9024 8998
f 9005 9006 8915
f 8916 9005 8915
f 8916 9007 9005
f 9005 9008 9006
f 9005 9011 9008
f 9009 9012 9007
f 9007 9011 9005
f 9007 9012 9011
f 9009 9007 8919
f 9010 9016 9009
f 9016 9012 9009
f 9064 9017 9010
f 9016 9015 9012
f 9011 9014 9008
f 9013 9014 9011
f 9012 9013 9011
f 9012 9015 9013
f 9013 9036 9014
f 9033 9015 9018
f 9015 9032 9013
f 9017 9018 9016
f 9017 9016 9010
f 9065 9017 9064
f 9065 9019 9017
f 9019 9018 9017
f 9065 9067 9019
f 9018 9015 9016
f 9003 9021 9004
f 9003 9022 9021
f 9020 8858 9002
f 9021 9020 9004
f 9020 8860 8858
f 9023 9020 9021
f 9023 8860 9020
f 9029 9023 9021
f 9022 9029 9021
f 9022 9028 9029
f 9024 9022 9003
f 9025 9026 9024
f 9026 9022 9024
f 9036 9027 9025
f 9027 9026 9025
f 9030 9026 9027
f 9038 9027 9036
f 9038 9031 9027
f 9026 9028 9022
f 9038 9040 9031
f 9030 9028 9026
f 9031 9030 9027
f 9032 9036 9013
f 9015 9033 9032
f 9034 9039 9033
f 9019 9034 9018
f 9034 9033 9018
f 9067 9035 9019
f 9035 9034 9019
f 9076 9035 9067
f 9035 9043 9034
f 9076 9044 9035
f 9044 9043 9035
f 9084 9044 9076
f 9038 9036 9032
f 9037 9038 9032
f 9033 9037 9032
f 9039 9037 9033
f 9043 9039 9034
f 9284 9030 9031
f 9040 9284 9031
f 9037 9040 9038
f 9041 9040 9037
f 9043 9042 9039
f 9039 9041 9037
f 9039 9042 9041
f 9044 9045 9043
f 9045 9042 9043
f 9046 9044 9084
f 9041 9284 9040
f 9044 9046 9045
f 9089 9046 9084
f 9048 9064 9047
f 9050 9049 9048
f 9049 9064 9048
f 9053 9049 9050
f 9051 9053 9050
f 9052 9051 8975
f 9052 9054 9051
f 9054 9053 9051
f 9055 9054 9052
f 9054 9069 9053
f 9055 9070 9054
f 9056 9052 8984
f 9056 9055 9052
f 9057 9056 8985
f 9057 9058 9056
f 9058 9055 9056
f 9059 9058 9057
f 8986 9060 9057
f 9060 9059 9057
f 9061 9062 9060
f 9060 9062 9059
f 9063 9062 9061
f 9058 9071 9055
f 9059 9072 9058
f 9062 9073 9059
f 9063 9074 9062
f 9049 9065 9064
f 9053 9066 9049
f 9066 9065 9049
f 9053 9069 9066
f 9067 9065 9066
f 9068 9067 9066
f 9069 9068 9066
f 9069 9078 9068
f 9070 9069 9054
f 9071 9070 9055
f 9070 9078 9069
f 9079 9078 9070
f 9071 9079 9070
f 9080 9079 9071
f 9058 9072 9071
f 9073 9072 9059
f 9072 9080 9071
f 9094 9080 9072
f 9073 9094 9072
f 9095 9094 9073
f 9062 9074 9073
f 9075 9074 9063
f 9074 9095 9073
f 9074 9098 9095
f 9075 9098 9074
f 9099 9098 9075
f 9068 9076 9067
f 9077 9076 9068
f 9078 9077 9068
f 9078 9081 9077
f 9077 9084 9076
f 9081 9085 9077
f 9079 9081 9078
f 9080 9082 9079
f 9082 9081 9079
f 9082 9086 9081
f 9083 9082 9080
f 9087 9082 9083
f 9085 9084 9077
f 9081 9086 9085
f 9087 9086 9082
f 9088 9087 9083
f 9087 9091 9086
f 9088 9092 9087
f 9085 9089 9084
f 9086 9090 9085
f 9042 9284 9041
f 9045 9284 9042
f 9046 9284 9045
f 9089 9284 9046
f 9090 9089 9085
f 9091 9090 9086
f 9090 9284 9089
f 9091 9284 9090
f 9092 9284 9091
f 9092 9091 9087
f 9093 9092 9088
f 9094 9083 9080
f 9095 9096 9094
f 9096 9083 9094
f 9096 9088 9083
f 9097 9096 9095
f 9097 9102 9096
f 9098 9097 9095
f 9099 9100 9098
f 9098 9100 9097
f 9100 9103 9097
f 9101 9100 9099
f 9101 9104 9100
f 9096 9102 9088
f 9103 9102 9097
f 9102 9093 9088
f 9103 9106 9102
f 9100 9104 9103
f 9105 9104 9101
f 9104 9107 9103
f 9105 9108 9104
f 9093 9284 9092
f 9106 9284 9093
f 9107 9284 9106
f 9106 9093 9102
f 9107 9106 9103
f 9108 9284 9107
f 9108 9109 9284
f 9109 10096 9284
f 9104 9108 9107
f 9109 9108 9105
f 9112 9110 8811
f 9171 9169 9110
f 9115 9111 8810
f 9111 9112 8811
f 9112 9171 9110
f 9113 8823 8825
f 9114 9113 8825
f 9118 9111 9115
f 9117 9115 8823
f 9117 9118 9115
f 9116 9112 9111
f 9116 9188 9112
f 9118 9116 9111
f 9113 9117 8823
f 9124 9117 9113
f 9117 9123 9118
f 9125 9116 9118
f 9123 9125 9118
f 9125 9191 9116
f 8833 9121 9114
f 9119 9113 9114
f 9120 8833 8835
f 9120 9121 8833
f 9121 9119 9114
f 9122 9120 8835
f 9120 9131 9121
f 9129 9120 9122
f 9121 9130 9119
f 9131 9130 9121
f 9119 9124 9113
f 9124 9123 9117
f 9127 9123 9124
f 9128 9125 9123
f 9128 9199 9125
f 9126 9124 9119
f 9126 9127 9124
f 9130 9126 9119
f 9127 9128 9123
f 9140 9128 9127
f 8841 9133 9122
f 9129 9131 9120
f 8842 9132 8841
f 9132 9133 8841
f 9133 9129 9122
f 9138 9131 9129
f 9136 9130 9131
f 9134 9132 8842
f 9132 9145 9133
f 9143 9132 9134
f 9133 9137 9129
f 9137 9138 9129
f 9138 9136 9131
f 9145 9137 9133
f 9138 9152 9136
f 9141 9126 9130
f 9139 9127 9126
f 9136 9141 9130
f 9141 9139 9126
f 9139 9140 9127
f 9140 9265 9128
f 9155 9139 9141
f 9154 9141 9136
f 9154 9155 9141
f 9139 9142 9140
f 9142 9267 9140
f 9155 9142 9139
f 9135 9144 9134
f 9146 9135 8852
f 9143 9145 9132
f 9144 9143 9134
f 9146 9144 9135
f 9147 9146 8852
f 9153 9138 9137
f 9150 9145 9143
f 9145 9148 9137
f 9148 9153 9137
f 9146 9158 9144
f 9151 9157 9147
f 9156 9146 9147
f 9156 9158 9146
f 9144 9149 9143
f 9149 9150 9143
f 9150 9148 9145
f 9158 9149 9144
f 9153 9152 9138
f 9152 9154 9136
f 9160 9157 9151
f 9157 9156 9147
f 8857 9160 9151
f 9159 9160 8857
f 9161 9159 8859
f 9164 9162 8897
f 9163 8897 8896
f 9169 9163 8896
f 9163 9164 8897
f 9167 9165 9162
f 9167 9168 9165
f 9168 9166 9165
f 9168 9176 9166
f 9164 9167 9162
f 9164 9173 9167
f 9174 9168 9167
f 9172 9163 9169
f 9171 9172 9169
f 9170 9164 9163
f 9172 9170 9163
f 9112 9188 9171
f 9189 9172 9171
f 9190 9170 9172
f 9189 9190 9172
f 9170 9173 9164
f 9173 9174 9167
f 9174 9180 9168
f 9193 9173 9170
f 9190 9193 9170
f 9175 9174 9173
f 9175 9182 9174
f 9193 9175 9173
f 9176 8745 9166
f 9176 9177 8745
f 8745 9177 8746
f 9177 9178 8746
f 9180 9176 9168
f 9180 9181 9176
f 9181 9177 9176
f 9181 9183 9177
f 9178 8749 8746
f 9178 9179 8749
f 9179 9217 8750
f 9183 9178 9177
f 9183 9184 9178
f 9184 9179 9178
f 9184 9219 9179
f 9182 9180 9174
f 9185 9181 9180
f 9182 9185 9180
f 9185 9186 9181
f 9186 9183 9181
f 9187 9184 9183
f 9186 9187 9183
f 9187 9225 9184
f 9207 9186 9185
f 9186 9208 9187
f 9188 9189 9171
f 9192 9189 9188
f 9194 9190 9189
f 9191 9188 9116
f 9191 9192 9188
f 9192 9194 9189
f 9195 9193 9190
f 9194 9195 9190
f 9196 9175 9193
f 9198 9194 9192
f 9195 9196 9193
f 9201 9195 9194
f 9195 9202 9196
f 9199 9191 9125
f 9197 9192 9191
f 9199 9197 9191
f 9197 9198 9192
f 9199 9266 9197
f 9265 9199 9128
f 9265 9266 9199
f 9200 9198 9197
f 9266 9200 9197
f 9198 9201 9194
f 9201 9202 9195
f 9204 9202 9201
f 9203 9201 9198
f 9200 9203 9198
f 9203 9204 9201
f 9205 9182 9175
f 9205 9206 9182
f 9196 9205 9175
f 9206 9185 9182
f 9206 9207 9185
f 9211 9205 9196
f 9202 9211 9196
f 9212 9206 9205
f 9211 9212 9205
f 9207 9208 9186
f 9209 9207 9206
f 9212 9209 9206
f 9210 9208 9207
f 9209 9210 9207
f 9213 9211 9202
f 9214 9212 9211
f 9204 9213 9202
f 9272 9213 9204
f 9213 9214 9211
f 9273 9214 9213
f 9215 9209 9212
f 9214 9215 9212
f 9216 9210 9209
f 9215 9216 9209
f 9274 9215 9214
f 9275 9216 9215
f 9217 9218 8756
f 9219 9217 9179
f 9220 9218 9217
f 9219 9220 9217
f 9218 9221 8757
f 9221 9222 8760
f 9223 9221 9218
f 9220 9223 9218
f 9224 9222 9221
f 9223 9224 9221
f 9225 9219 9184
f 9226 9220 9219
f 9225 9226 9219
f 9241 9225 9187
f 9242 9226 9225
f 9227 9223 9220
f 9226 9227 9220
f 9228 9224 9223
f 9227 9228 9223
f 9245 9227 9226
f 9245 9246 9227
f 9246 9228 9227
f 9222 9229 8761
f 9231 9229 9222
f 9229 9230 8768
f 9232 9230 9229
f 9224 9231 9222
f 9231 9232 9229
f 9230 9233 8769
f 9235 9233 9230
f 9233 9234 8770
f 9236 9234 9233
f 9232 9235 9230
f 9235 9236 9233
f 9237 9231 9224
f 9228 9237 9224
f 9238 9232 9231
f 9237 9238 9231
f 9246 9253 9228
f 9253 9237 9228
f 9253 9254 9237
f 9254 9238 9237
f 9239 9235 9232
f 9238 9239 9232
f 9240 9236 9235
f 9239 9240 9235
f 9254 9257 9238
f 9257 9239 9238
f 9257 9258 9239
f 9258 9240 9239
f 9208 9241 9187
f 9243 9241 9208
f 9241 9242 9225
f 9244 9242 9241
f 9210 9243 9208
f 9243 9244 9241
f 9242 9245 9226
f 9247 9245 9242
f 9248 9246 9245
f 9244 9247 9242
f 9247 9248 9245
f 9249 9243 9210
f 9216 9249 9210
f 9250 9244 9243
f 9249 9250 9243
f 9276 9249 9216
f 9275 9276 9216
f 9277 9250 9249
f 9251 9247 9244
f 9250 9251 9244
f 9252 9248 9247
f 9251 9252 9247
f 9278 9251 9250
f 9279 9252 9251
f 9255 9253 9246
f 9256 9254 9253
f 9248 9255 9246
f 9255 9256 9253
f 9259 9257 9254
f 9260 9258 9257
f 9256 9259 9254
f 9259 9260 9257
f 9261 9255 9248
f 9252 9261 9248
f 9261 9262 9255
f 9262 9256 9255
f 9280 9261 9252
f 9262 9263 9256
f 9263 9259 9256
f 9263 9264 9259
f 9264 9260 9259
f 9276 9277 9249
f 9277 9278 9250
f 9278 9279 9251
f 9279 9280 9252
f 9281 9262 9261
f 9280 9281 9261
f 9282 9263 9262
f 9281 9282 9262
f 9283 9264 9263
f 9282 9283 9263
f 9267 9265 9140
f 9268 9266 9265
f 9270 9200 9266
f 9268 9270 9266
f 9267 9268 9265
f 9271 9203 9200
f 9270 9271 9200
f 9269 9204 9203
f 9271 9269 9203
f 9284 9153 9148
f 9284 9150 9149
f 9150 9284 9148
f 9284 9152 9153
f 9284 9155 9154
f 9152 9284 9154
f 9269 9272 9204
f 9272 9273 9213
f 9273 9274 9214
f 9274 9275 9215
f 9269 9284 9272
f 9284 9142 9155
f 9284 9267 9142
f 9284 9268 9267
f 9284 9270 9268
f 9284 9271 9270
f 9284 9269 9271
f 9284 9156 9157
f 9160 9284 9157
f 9284 9160 9159
f 9161 9284 9159
f 9284 9158 9156
f 9158 9284 9149
f 8860 9284 9161
f 9023 9284 8860
f 9284 9023 9029
f 9028 9284 9029
f 9030 9284 9028
f 9284 9273 9272
f 9284 9274 9273
f 9284 9275 9274
f 9284 9276 9275
f 9284 9277 9276
f 9284 9278 9277
f 9284 9280 9279
f 9284 9279 9278
f 9284 9281 9280
f 9284 9282 9281
f 9283 9282 9284
f 10270 9283 9284
f 9285 8417 7025
f 9286 9285 7026
f 7027 9289 9286
f 9286 9287 9285
f 9285 8420 8417
f 9285 9287 8420
f 9288 9287 9286
f 9289 9288 9286
f 9290 9291 9289
f 9289 9291 9288
f 9292 9291 9290
f 9287 8425 8420
f 9287 9293 8425
f 9288 9293 9287
f 9294 9293 9288
f 9293 8439 8425
f 9311 8439 9293
f 9294 9311 9293
f 9312 9311 9294
f 9291 9294 9288
f 9291 9295 9294
f 9292 9295 9291
f 9296 9295 9292
f 9295 9312 9294
f 9313 9312 9295
f 9296 9313 9295
f 9314 9313 9296
f 9297 9292 9290
f 9298 9299 9297
f 9301 9300 9298
f 9297 9299 9292
f 9300 9304 9299
f 9300 9299 9298
f 9305 9300 9302
f 7054 9302 9301
f 9302 9300 9301
f 7138 9303 7054
f 7054 9303 9302
f 9340 9303 7138
f 9303 9307 9302
f 9340 9308 9303
f 9345 9308 9340
f 9299 9296 9292
f 9304 9296 9299
f 9305 9304 9300
f 9304 9314 9296
f 9305 9315 9304
f 9315 9314 9304
f 9307 9306 9305
f 9306 9315 9305
f 9307 9305 9302
f 9308 9309 9307
f 9303 9308 9307
f 9345 9310 9308
f 9309 9306 9307
f 9310 9309 9308
f 9352 9310 9345
f 9311 8441 8439
f 9312 9316 9311
f 9311 9316 8441
f 9317 9316 9312
f 9313 9317 9312
f 9314 9318 9313
f 9313 9318 9317
f 9319 9314 9315
f 9306 9326 9315
f 9317 9320 9316
f 9319 9318 9314
f 9318 9321 9317
f 9319 9322 9318
f 9316 8449 8441
f 9320 8449 9316
f 9321 9320 9317
f 9320 8605 8449
f 9577 8605 9320
f 9321 9577 9320
f 9578 9577 9321
f 9318 9322 9321
f 9323 9322 9319
f 9322 9578 9321
f 9322 9324 9578
f 9323 9324 9322
f 9325 9324 9323
f 9326 9319 9315
f 9309 9327 9306
f 9306 9327 9326
f 9326 9323 9319
f 9327 9330 9326
f 9329 9331 9327
f 9310 9329 9309
f 9329 9327 9309
f 9310 9328 9329
f 9352 9328 9310
f 9352 9393 9328
f 9328 9334 9329
f 9334 9331 9329
f 9328 9335 9334
f 9393 9335 9328
f 9404 9335 9393
f 9330 9323 9326
f 9330 9325 9323
f 9331 9332 9330
f 9331 9330 9327
f 9334 9333 9331
f 9332 9325 9330
f 9333 9332 9331
f 9335 9336 9334
f 9404 9337 9335
f 9406 9337 9404
f 9336 9333 9334
f 9335 9337 9336
f 9337 9593 9336
f 9406 9594 9337
f 7139 9340 7138
f 9338 7139 7140
f 9338 9340 7139
f 9339 9338 7140
f 9338 9345 9340
f 9346 9345 9338
f 9339 9346 9338
f 9343 9341 9339
f 9339 9341 9346
f 9343 9339 7144
f 9342 9343 7145
f 9347 9343 9342
f 9344 9348 9342
f 9347 9341 9343
f 9348 9347 9342
f 9352 9345 9346
f 9341 9351 9346
f 7173 9349 9344
f 9350 9349 7173
f 9344 9349 9348
f 9360 9356 9350
f 9349 9354 9348
f 9355 9349 9350
f 9347 9353 9341
f 9353 9351 9341
f 9351 9352 9346
f 9351 9393 9352
f 9353 9394 9351
f 9395 9353 9357
f 9348 9357 9347
f 9354 9357 9348
f 9357 9353 9347
f 9355 9354 9349
f 9356 9355 9350
f 9359 9356 9378
f 9356 9358 9355
f 9354 9398 9357
f 9398 9395 9357
f 9399 9398 9354
f 9355 9399 9354
f 9359 9358 9356
f 9358 9399 9355
f 9403 9359 9380
f 7208 9350 7173
f 9360 7208 7206
f 9361 9360 7206
f 9363 9361 7207
f 7208 9360 9350
f 9366 9363 9362
f 7209 9364 9362
f 9370 7210 7211
f 7210 9367 7209
f 9370 9367 7210
f 9367 9364 7209
f 9378 9360 9361
f 9378 9356 9360
f 9363 9365 9361
f 9366 9365 9363
f 9364 9366 9362
f 9365 9378 9361
f 9372 9371 7218
f 9371 9370 7211
f 9377 9372 9369
f 9368 9376 9369
f 9375 7221 7220
f 7221 9374 9368
f 9498 9373 7219
f 9373 9375 7220
f 9375 9374 7221
f 9374 9376 9368
f 9382 9364 9367
f 9371 9384 9370
f 9371 9372 9385
f 9376 9377 9369
f 9372 9377 9385
f 9381 9367 9370
f 9384 9381 9370
f 9371 9385 9384
f 9373 9508 9375
f 9387 9376 9374
f 9375 9386 9374
f 9508 9386 9375
f 9364 9383 9366
f 9379 9365 9366
f 9365 9380 9378
f 9379 9380 9365
f 9383 9379 9366
f 9380 9359 9378
f 9379 9417 9380
f 9381 9382 9367
f 9382 9383 9364
f 9388 9381 9384
f 9385 9390 9384
f 9377 9376 9392
f 9377 9391 9385
f 9376 9387 9392
f 9386 9387 9374
f 9391 9377 9392
f 9391 9390 9385
f 9389 9382 9381
f 9382 9416 9383
f 9388 9389 9381
f 9415 9379 9383
f 9416 9415 9383
f 9389 9416 9382
f 9390 9388 9384
f 9386 9527 9387
f 9387 9420 9392
f 9391 9419 9390
f 9421 9391 9392
f 9527 9420 9387
f 9420 9421 9392
f 9394 9393 9351
f 9395 9394 9353
f 9398 9397 9395
f 9394 9404 9393
f 9395 9396 9394
f 9396 9404 9394
f 9395 9397 9396
f 9401 9397 9398
f 9358 9400 9399
f 9399 9401 9398
f 9400 9401 9399
f 9359 9402 9358
f 9417 9403 9380
f 9358 9402 9400
f 9403 9402 9359
f 9400 9408 9401
f 9402 9409 9400
f 9410 9402 9403
f 9417 9411 9403
f 9423 9411 9417
f 9411 9410 9403
f 9396 9406 9404
f 9407 9406 9396
f 9397 9407 9396
f 9401 9405 9397
f 9408 9405 9401
f 9405 9407 9397
f 9407 9595 9406
f 9405 9625 9407
f 9409 9408 9400
f 9408 9626 9405
f 9626 9625 9405
f 9629 9626 9408
f 9410 9412 9409
f 9402 9410 9409
f 9423 9413 9411
f 9411 9414 9410
f 9430 9413 9423
f 9629 9408 9409
f 9412 9629 9409
f 9410 9414 9412
f 9413 9414 9411
f 9413 9631 9414
f 9430 9632 9413
f 9415 9417 9379
f 9424 9389 9388
f 9416 9422 9415
f 9425 9416 9389
f 9390 9418 9388
f 9419 9418 9390
f 9418 9424 9388
f 9424 9425 9389
f 9421 9419 9391
f 9415 9423 9417
f 9425 9422 9416
f 9422 9423 9415
f 9421 9543 9419
f 9426 9418 9419
f 9418 9427 9424
f 9429 9425 9424
f 9543 9426 9419
f 9426 9427 9418
f 9422 9430 9423
f 9425 9428 9422
f 9429 9428 9425
f 9427 9429 9424
f 9428 9430 9422
f 9426 9552 9427
f 9643 9428 9429
f 9427 9551 9429
f 9552 9551 9427
f 9428 9630 9430
f 9551 9643 9429
f 9428 9643 9630
f 9432 7246 7245
f 9431 9432 7245
f 9434 7249 7246
f 9432 9434 7246
f 9449 9434 9432
f 9434 9435 7249
f 9435 9433 7249
f 9435 9438 9433
f 9450 9435 9434
f 9438 9436 9433
f 9439 9437 9436
f 9438 9439 9436
f 9453 9438 9435
f 9439 9442 9437
f 9454 9439 9438
f 9440 9483 7276
f 9442 9441 9437
f 9443 9440 9441
f 9442 9443 9441
f 9443 9485 9440
f 9453 9454 9438
f 9454 9456 9439
f 9456 9442 9439
f 9456 9444 9442
f 9444 9443 9442
f 9444 9490 9443
f 9446 9432 9431
f 9445 9446 9431
f 9448 9446 9445
f 9446 9449 9432
f 9451 9449 9446
f 9447 9448 9445
f 9448 9451 9446
f 9449 9450 9434
f 9450 9453 9435
f 9452 9450 9449
f 9451 9452 9449
f 9452 9455 9450
f 9455 9453 9450
f 9455 9469 9453
f 9469 9454 9453
f 9469 9472 9454
f 9472 9456 9454
f 9472 9473 9456
f 9473 9444 9456
f 9473 9565 9444
f 9458 9448 9447
f 9459 9451 9448
f 9457 9458 9447
f 9458 9459 9448
f 9462 9458 9457
f 9461 9462 9457
f 9458 9463 9459
f 9462 9463 9458
f 9460 9452 9451
f 9460 9470 9452
f 9459 9460 9451
f 9464 9460 9459
f 9463 9464 9459
f 9476 9470 9460
f 9466 9462 9461
f 9467 9463 9462
f 9468 9464 9463
f 9464 9476 9460
f 9481 9476 9464
f 9467 9468 9463
f 9468 9481 9464
f 9465 9466 9461
f 9466 9467 9462
f 9470 9455 9452
f 9470 9471 9455
f 9471 9469 9455
f 9471 9474 9469
f 9477 9471 9470
f 9474 9472 9469
f 9567 9565 9473
f 9475 9473 9472
f 9474 9475 9472
f 9475 9567 9473
f 9479 9474 9471
f 9480 9475 9474
f 9476 9477 9470
f 9477 9479 9471
f 9478 9477 9476
f 9481 9478 9476
f 9657 9479 9477
f 9478 9657 9477
f 9571 9567 9475
f 9479 9480 9474
f 9480 9571 9475
f 9658 9480 9479
f 9657 9658 9479
f 9480 9730 9571
f 9658 9730 9480
f 9488 9482 7359
f 9488 9506 9482
f 9483 9484 7360
f 9487 7362 7361
f 9484 9487 7361
f 9489 9484 9483
f 9494 9487 9484
f 9489 9494 9484
f 9440 9485 9483
f 9485 9489 9483
f 9486 7359 7362
f 9487 9486 7362
f 9486 9488 7359
f 9494 9492 9487
f 9487 9492 9486
f 9493 9488 9486
f 9491 9489 9485
f 9490 9485 9443
f 9490 9491 9485
f 9496 9494 9489
f 9565 9490 9444
f 9566 9491 9490
f 9491 9496 9489
f 9521 9496 9491
f 9488 9517 9506
f 9493 9517 9488
f 9492 9493 9486
f 9494 9495 9492
f 9522 9493 9492
f 9520 9517 9493
f 9522 9520 9493
f 9496 9495 9494
f 9495 9522 9492
f 9501 7370 7368
f 9502 7369 7370
f 9503 9497 7369
f 9504 9498 9497
f 9501 9502 7370
f 9502 9503 7369
f 9499 9500 7371
f 9500 9501 7368
f 9506 9499 9482
f 9498 9507 9373
f 9503 9504 9497
f 9504 9507 9498
f 9507 9508 9373
f 9511 9503 9502
f 9500 9509 9501
f 9506 9505 9499
f 9505 9500 9499
f 9505 9509 9500
f 9510 9502 9501
f 9509 9510 9501
f 9503 9512 9504
f 9513 9507 9504
f 9511 9512 9503
f 9515 9508 9507
f 9508 9514 9386
f 9512 9513 9504
f 9513 9515 9507
f 9505 9519 9509
f 9510 9511 9502
f 9516 9510 9509
f 9515 9514 9508
f 9514 9527 9386
f 9530 9513 9512
f 9513 9531 9515
f 9519 9516 9509
f 9510 9529 9511
f 9511 9528 9512
f 9516 9529 9510
f 9529 9528 9511
f 9528 9530 9512
f 9518 9505 9506
f 9517 9518 9506
f 9518 9519 9505
f 9518 9539 9519
f 9538 9518 9517
f 9520 9538 9517
f 9566 9521 9491
f 9521 9523 9496
f 9523 9495 9496
f 9523 9524 9495
f 9524 9522 9495
f 9525 9520 9522
f 9524 9525 9522
f 9574 9524 9523
f 9526 9525 9524
f 9574 9526 9524
f 9526 9561 9525
f 9514 9534 9527
f 9514 9515 9533
f 9515 9531 9533
f 9535 9420 9527
f 9532 9421 9420
f 9534 9535 9527
f 9514 9533 9534
f 9530 9531 9513
f 9516 9541 9529
f 9528 9537 9530
f 9536 9528 9529
f 9541 9536 9529
f 9532 9543 9421
f 9535 9532 9420
f 9533 9547 9534
f 9534 9544 9535
f 9530 9546 9531
f 9531 9545 9533
f 9537 9546 9530
f 9528 9536 9537
f 9546 9545 9531
f 9545 9547 9533
f 9540 9516 9519
f 9539 9540 9519
f 9538 9539 9518
f 9520 9542 9538
f 9540 9541 9516
f 9558 9539 9538
f 9555 9540 9539
f 9558 9555 9539
f 9555 9557 9540
f 9540 9557 9541
f 9541 9556 9536
f 9525 9542 9520
f 9542 9558 9538
f 9550 9543 9532
f 9543 9548 9426
f 9550 9548 9543
f 9549 9550 9532
f 9535 9549 9532
f 9547 9544 9534
f 9544 9549 9535
f 9536 9559 9537
f 9560 9546 9537
f 9545 9553 9547
f 9554 9545 9546
f 9559 9560 9537
f 9560 9554 9546
f 9548 9552 9426
f 9544 9693 9549
f 9694 9550 9549
f 9550 9690 9548
f 9553 9692 9547
f 9692 9693 9544
f 9693 9694 9549
f 9692 9544 9547
f 9554 9553 9545
f 9564 9557 9555
f 9557 9556 9541
f 9556 9559 9536
f 9561 9542 9525
f 9562 9558 9542
f 9561 9562 9542
f 9558 9563 9555
f 9562 9563 9558
f 9564 9700 9557
f 9556 9703 9559
f 9700 9556 9557
f 9559 9701 9560
f 9560 9702 9554
f 9700 9703 9556
f 9563 9564 9555
f 9750 9561 9526
f 9561 9704 9562
f 9704 9561 9750
f 9705 9563 9562
f 9565 9566 9490
f 9568 9566 9565
f 9567 9568 9565
f 9566 9569 9521
f 9568 9569 9566
f 9573 9523 9521
f 9569 9573 9521
f 9573 9574 9523
f 9572 9568 9567
f 9571 9572 9567
f 9568 9570 9569
f 9572 9570 9568
f 9730 9731 9571
f 9731 9572 9571
f 9732 9570 9572
f 9575 9573 9569
f 9576 9574 9573
f 9570 9575 9569
f 9575 9576 9573
f 9735 9575 9570
f 9576 9734 9574
f 9734 9526 9574
f 9734 9750 9526
f 9577 8607 8605
f 9577 9579 8607
f 9578 9579 9577
f 9580 9579 9578
f 9579 8611 8607
f 9580 9583 9579
f 9324 9580 9578
f 9324 9581 9580
f 9325 9581 9324
f 9332 9582 9325
f 9582 9581 9325
f 9581 9584 9580
f 9592 9588 9582
f 9582 9587 9581
f 9588 9587 9582
f 9583 8611 9579
f 9584 9583 9580
f 9587 9584 9581
f 9584 9585 9583
f 9583 8615 8611
f 9585 8615 9583
f 9586 9585 9584
f 9587 9586 9584
f 9589 9587 9588
f 9598 9590 9588
f 9587 9589 9586
f 9590 9589 9588
f 9600 9609 9590
f 9333 9592 9332
f 9592 9582 9332
f 9336 9591 9333
f 9333 9591 9592
f 9591 9598 9592
f 9593 9591 9336
f 9337 9594 9593
f 9595 9594 9406
f 9598 9588 9592
f 9593 9599 9591
f 9599 9598 9591
f 9594 9602 9593
f 9602 9599 9593
f 9594 9596 9602
f 9596 9594 9595
f 9597 9596 9595
f 9599 9600 9598
f 9602 9601 9599
f 9603 9601 9602
f 9600 9590 9598
f 9601 9616 9600
f 9601 9600 9599
f 9603 9617 9601
f 9596 9603 9602
f 9596 9604 9603
f 9597 9604 9596
f 9605 9604 9597
f 9604 9620 9603
f 9605 9621 9604
f 9622 9621 9605
f 9585 8631 8615
f 9585 9606 8631
f 9586 9606 9585
f 9607 9606 9586
f 9606 8637 8631
f 9610 8637 9606
f 9607 9610 9606
f 9611 9610 9607
f 9589 9607 9586
f 9589 9608 9607
f 9590 9608 9589
f 9609 9608 9590
f 9608 9611 9607
f 9608 9614 9611
f 9609 9614 9608
f 9616 9615 9609
f 9615 9614 9609
f 9610 8639 8637
f 9611 9612 9610
f 9612 8639 9610
f 9613 9612 9611
f 9614 9613 9611
f 9618 9672 9615
f 9615 9671 9614
f 9672 9671 9615
f 9671 9613 9614
f 9616 9609 9600
f 9601 9617 9616
f 9620 9617 9603
f 9617 9618 9616
f 9618 9615 9616
f 9620 9619 9617
f 9623 9619 9620
f 9619 9618 9617
f 9604 9621 9620
f 9621 9623 9620
f 9622 9624 9621
f 9624 9623 9621
f 9673 9624 9622
f 9619 9674 9618
f 9623 9675 9619
f 9625 9595 9407
f 9625 9597 9595
f 9626 9627 9625
f 9629 9628 9626
f 9633 9628 9629
f 9627 9597 9625
f 9628 9636 9627
f 9626 9628 9627
f 9633 9637 9628
f 9412 9633 9629
f 9414 9634 9412
f 9634 9633 9412
f 9632 9631 9413
f 9630 9632 9430
f 9414 9631 9634
f 9635 9632 9630
f 9631 9639 9634
f 9634 9640 9633
f 9639 9640 9634
f 9631 9641 9639
f 9632 9641 9631
f 9685 9635 9630
f 9635 9641 9632
f 9627 9605 9597
f 9636 9605 9627
f 9637 9636 9628
f 9640 9637 9633
f 9636 9622 9605
f 9637 9644 9636
f 9644 9622 9636
f 9640 9638 9637
f 9642 9638 9640
f 9637 9638 9644
f 9642 9640 9639
f 9641 9687 9639
f 9687 9642 9639
f 9643 9685 9630
f 9638 9759 9644
f 9673 9622 9644
f 9759 9673 9644
f 9646 9466 9465
f 9645 9646 9465
f 9647 9467 9466
f 9646 9647 9466
f 9650 9646 9645
f 9649 9650 9645
f 9653 9647 9646
f 9650 9653 9646
f 9648 9468 9467
f 9647 9648 9467
f 9659 9481 9468
f 9648 9659 9468
f 9654 9648 9647
f 9653 9654 9647
f 9663 9659 9648
f 9654 9663 9648
f 9652 9650 9649
f 9655 9653 9650
f 9651 9652 9649
f 9651 9849 9652
f 9652 9655 9650
f 9850 9655 9652
f 9656 9654 9653
f 9665 9663 9654
f 9655 9656 9653
f 9679 9656 9655
f 9656 9665 9654
f 9662 9658 9657
f 9738 9730 9658
f 9481 9660 9478
f 9659 9660 9481
f 9661 9657 9478
f 9660 9661 9478
f 9664 9660 9659
f 9663 9664 9659
f 9667 9661 9660
f 9661 9662 9657
f 9668 9662 9661
f 9662 9738 9658
f 9746 9738 9662
f 9664 9667 9660
f 9666 9664 9663
f 9669 9667 9664
f 9665 9666 9663
f 9666 9669 9664
f 9667 9668 9661
f 9668 9746 9662
f 9670 9668 9667
f 9807 9746 9668
f 9669 9670 9667
f 9670 9807 9668
f 9613 9869 9612
f 9671 9870 9613
f 9672 9872 9671
f 9674 9873 9672
f 9674 9672 9618
f 9675 9674 9619
f 9678 9675 9623
f 9675 9881 9674
f 9678 9882 9675
f 9675 9882 9881
f 9885 9882 9678
f 9624 9678 9623
f 9624 9676 9678
f 9673 9676 9624
f 9677 9676 9673
f 9676 9885 9678
f 9676 9886 9885
f 9677 9886 9676
f 9887 9886 9677
f 9848 9849 9651
f 9849 9850 9652
f 9850 9679 9655
f 9679 9680 9656
f 9680 9665 9656
f 9681 9666 9665
f 9680 9681 9665
f 9682 9669 9666
f 9681 9682 9666
f 9863 9682 9681
f 9683 9670 9669
f 9682 9683 9669
f 9684 9807 9670
f 9683 9684 9670
f 9864 9683 9682
f 9683 9865 9684
f 9864 9865 9683
f 9688 9641 9635
f 9685 9689 9635
f 9689 9688 9635
f 9686 9689 9685
f 9688 9687 9641
f 9688 9762 9687
f 9686 9763 9689
f 9765 9686 9711
f 9689 9764 9688
f 9765 9763 9686
f 9552 9696 9551
f 9691 9552 9548
f 9694 9690 9550
f 9690 9691 9548
f 9695 9643 9551
f 9696 9695 9551
f 9691 9696 9552
f 9706 9553 9554
f 9553 9697 9692
f 9692 9698 9693
f 9693 9699 9694
f 9706 9697 9553
f 9697 9698 9692
f 9695 9685 9643
f 9690 9713 9691
f 9712 9696 9691
f 9696 9711 9695
f 9713 9712 9691
f 9714 9690 9694
f 9699 9714 9694
f 9698 9699 9693
f 9714 9713 9690
f 9722 9698 9697
f 9702 9706 9554
f 9700 9710 9703
f 9707 9701 9703
f 9703 9701 9559
f 9701 9702 9560
f 9709 9564 9563
f 9564 9708 9700
f 9704 9705 9562
f 9709 9708 9564
f 9705 9709 9563
f 9720 9706 9702
f 9701 9719 9702
f 9710 9707 9703
f 9706 9721 9697
f 9720 9721 9706
f 9707 9719 9701
f 9719 9720 9702
f 9708 9710 9700
f 9704 9753 9705
f 9705 9754 9709
f 9724 9710 9708
f 9709 9723 9708
f 9686 9685 9695
f 9712 9711 9696
f 9711 9686 9695
f 9698 9725 9699
f 9716 9714 9699
f 9718 9712 9713
f 9714 9715 9713
f 9725 9716 9699
f 9716 9715 9714
f 9712 9717 9711
f 9715 9718 9713
f 9718 9717 9712
f 9717 9765 9711
f 9785 9715 9716
f 9721 9722 9697
f 9722 9725 9698
f 9719 9729 9720
f 9726 9721 9720
f 9710 9727 9707
f 9707 9728 9719
f 9754 9723 9709
f 9723 9724 9708
f 9724 9727 9710
f 9727 9728 9707
f 9721 9783 9722
f 9722 9784 9725
f 9729 9726 9720
f 9726 9783 9721
f 9725 9786 9716
f 9783 9784 9722
f 9784 9786 9725
f 9728 9729 9719
f 9723 9825 9724
f 9724 9787 9727
f 9788 9728 9727
f 9789 9729 9728
f 9825 9787 9724
f 9739 9731 9730
f 9731 9732 9572
f 9738 9739 9730
f 9733 9731 9739
f 9733 9732 9731
f 9737 9576 9575
f 9576 9736 9734
f 9752 9750 9734
f 9736 9576 9737
f 9736 9752 9734
f 9732 9735 9570
f 9735 9737 9575
f 9743 9752 9736
f 9732 9740 9735
f 9741 9737 9735
f 9740 9741 9735
f 9733 9740 9732
f 9742 9736 9737
f 9749 9740 9733
f 9744 9741 9740
f 9741 9742 9737
f 9742 9743 9736
f 9745 9742 9741
f 9749 9744 9740
f 9742 9804 9743
f 9744 9745 9741
f 9804 9827 9743
f 9745 9804 9742
f 9746 9747 9738
f 9738 9747 9739
f 9748 9733 9739
f 9747 9748 9739
f 9748 9749 9733
f 9805 9747 9746
f 9807 9805 9746
f 9806 9748 9747
f 9805 9806 9747
f 9811 9749 9748
f 9749 9810 9744
f 9751 9704 9750
f 9752 9751 9750
f 9751 9753 9704
f 9753 9754 9705
f 9756 9753 9751
f 9752 9755 9751
f 9758 9754 9753
f 9757 9723 9754
f 9743 9755 9752
f 9755 9756 9751
f 9756 9758 9753
f 9758 9757 9754
f 9757 9825 9723
f 9828 9756 9755
f 9756 9826 9758
f 9827 9755 9743
f 9642 9760 9638
f 9638 9760 9759
f 9761 9760 9642
f 9759 9677 9673
f 9760 9769 9759
f 9770 9760 9761
f 9771 9770 9761
f 9687 9761 9642
f 9762 9761 9687
f 9764 9762 9688
f 9689 9763 9764
f 9763 9768 9764
f 9717 9766 9765
f 9765 9767 9763
f 9762 9771 9761
f 9764 9775 9762
f 9775 9771 9762
f 9768 9775 9764
f 9763 9767 9768
f 9766 9767 9765
f 9782 9779 9766
f 9769 9677 9759
f 9770 9772 9769
f 9770 9769 9760
f 9771 9773 9770
f 9769 9887 9677
f 9772 9887 9769
f 9770 9773 9772
f 9774 9773 9771
f 9777 9775 9768
f 9775 9774 9771
f 9777 9774 9775
f 9778 9777 9768
f 9767 9778 9768
f 9766 9776 9767
f 9779 9776 9766
f 9767 9776 9778
f 9777 9929 9774
f 9778 9932 9777
f 9776 9931 9778
f 9796 9779 9782
f 9796 9780 9779
f 9779 9933 9776
f 9801 9780 9796
f 9776 9933 9931
f 9780 9933 9779
f 9781 9718 9715
f 9718 9782 9717
f 9785 9781 9715
f 9781 9782 9718
f 9782 9766 9717
f 9786 9785 9716
f 9726 9793 9783
f 9794 9784 9783
f 9784 9791 9786
f 9793 9794 9783
f 9729 9792 9726
f 9787 9788 9727
f 9788 9789 9728
f 9792 9793 9726
f 9789 9792 9729
f 9787 9832 9788
f 9790 9785 9786
f 9785 9795 9781
f 9791 9790 9786
f 9794 9791 9784
f 9781 9796 9782
f 9790 9795 9785
f 9795 9796 9781
f 9788 9835 9789
f 9797 9792 9789
f 9792 9798 9793
f 9799 9794 9793
f 9797 9798 9792
f 9835 9797 9789
f 9802 9790 9791
f 9790 9800 9795
f 9795 9801 9796
f 9802 9800 9790
f 9794 9803 9791
f 9798 9799 9793
f 9799 9803 9794
f 9803 9802 9791
f 9843 9798 9797
f 9795 9800 9801
f 9953 9803 9799
f 9798 9951 9799
f 9843 9951 9798
f 9803 9952 9802
f 9954 9800 9802
f 9951 9953 9799
f 9953 9952 9803
f 9745 9813 9804
f 9813 9833 9804
f 9806 9811 9748
f 9808 9805 9807
f 9809 9806 9805
f 9684 9808 9807
f 9815 9808 9684
f 9808 9809 9805
f 9809 9814 9806
f 9811 9810 9749
f 9812 9745 9744
f 9810 9812 9744
f 9812 9813 9745
f 9814 9811 9806
f 9817 9810 9811
f 9814 9817 9811
f 9818 9812 9810
f 9820 9813 9812
f 9813 9819 9833
f 9817 9818 9810
f 9865 9815 9684
f 9816 9809 9808
f 9815 9816 9808
f 9816 9822 9809
f 10221 9816 9815
f 9816 10224 9822
f 9820 9819 9813
f 9818 9820 9812
f 9823 9818 9817
f 9822 9814 9809
f 9822 9821 9814
f 9821 9817 9814
f 9823 9824 9818
f 9824 9820 9818
f 9956 9819 9820
f 9824 9956 9820
f 9821 9823 9817
f 9957 9821 9822
f 9757 9830 9825
f 9828 9826 9756
f 9758 9829 9757
f 9831 9787 9825
f 9826 9829 9758
f 9829 9830 9757
f 9827 9828 9755
f 9827 9834 9828
f 9833 9827 9804
f 9830 9831 9825
f 9831 9832 9787
f 9832 9835 9788
f 9829 9839 9830
f 9830 9836 9831
f 9828 9837 9826
f 9838 9829 9826
f 9833 9834 9827
f 9834 9837 9828
f 9837 9838 9826
f 9831 9840 9832
f 9841 9835 9832
f 9839 9836 9830
f 9842 9797 9835
f 9840 9841 9832
f 9836 9840 9831
f 9838 9839 9829
f 9847 9834 9833
f 9838 9846 9839
f 9844 9837 9834
f 9837 9845 9838
f 9847 9844 9834
f 9842 9843 9797
f 9841 9842 9835
f 9836 9968 9840
f 9969 9841 9840
f 9841 9966 9842
f 9967 9836 9839
f 9844 9845 9837
f 9845 9846 9838
f 9846 9967 9839
f 9967 9968 9836
f 9819 9847 9833
f 9819 9977 9847
f 9847 9978 9844
f 9956 9977 9819
f 9852 9849 9848
f 9851 9852 9848
f 9855 9850 9849
f 9852 9855 9849
f 9856 9679 9850
f 9855 9856 9850
f 9859 9680 9679
f 9856 9859 9679
f 9853 9852 9851
f 9854 9853 9851
f 9857 9855 9852
f 9853 9857 9852
f 10172 9853 9854
f 10174 9857 9853
f 9857 9858 9855
f 9858 9856 9855
f 9861 9859 9856
f 9858 9861 9856
f 10175 9858 9857
f 10181 9861 9858
f 9860 9681 9680
f 9859 9860 9680
f 9860 9863 9681
f 9862 9860 9859
f 9866 9863 9860
f 9861 9862 9859
f 10182 9862 9861
f 9862 9866 9860
f 9863 9864 9682
f 9867 9864 9863
f 9866 9867 9863
f 9867 9868 9864
f 9868 9865 9864
f 9865 10220 9815
f 9868 10220 9865
f 10220 10221 9815
f 10221 10224 9816
f 9612 8952 8639
f 9612 9869 8952
f 9870 9869 9613
f 9869 8958 8952
f 9876 8958 9869
f 9870 9876 9869
f 9871 9876 9870
f 9671 9872 9870
f 9873 9872 9672
f 9881 9875 9873
f 9872 9871 9870
f 9874 9871 9872
f 9873 9874 9872
f 9875 9874 9873
f 9876 8960 8958
f 9877 8960 9876
f 9871 9877 9876
f 9878 9877 9871
f 9877 8979 8960
f 9878 9898 9877
f 9874 9878 9871
f 9874 9879 9878
f 9875 9879 9874
f 9883 9880 9875
f 9880 9879 9875
f 9879 9899 9878
f 9891 9903 9880
f 9880 9902 9879
f 9903 9902 9880
f 9881 9873 9674
f 9882 9883 9881
f 9885 9884 9882
f 9883 9875 9881
f 9884 9883 9882
f 9889 9884 9885
f 9886 9889 9885
f 9887 9888 9886
f 9890 9888 9887
f 9886 9888 9889
f 9888 9893 9889
f 9890 9894 9888
f 9884 9891 9883
f 9891 9880 9883
f 9892 9884 9889
f 9892 9891 9884
f 9893 9892 9889
f 9892 9910 9891
f 9910 9903 9891
f 9893 9911 9892
f 9894 9893 9888
f 9895 9894 9890
f 9892 9911 9910
f 9914 9911 9893
f 9939 9897 9895
f 9894 9914 9893
f 9894 9896 9914
f 9895 9896 9894
f 9897 9896 9895
f 9877 9898 8979
f 9899 9898 9878
f 9879 9902 9899
f 9899 9900 9898
f 9898 8983 8979
f 9900 8983 9898
f 9901 9900 9899
f 9902 9901 9899
f 9903 9904 9902
f 9910 9905 9903
f 9902 9904 9901
f 9905 9904 9903
f 9912 9909 9905
f 9900 8987 8983
f 9900 9906 8987
f 9901 9906 9900
f 9907 9906 9901
f 9906 9061 8987
f 10057 9061 9906
f 9907 10057 9906
f 9907 10058 10057
f 9904 9907 9901
f 9908 9907 9904
f 9905 9908 9904
f 9909 9908 9905
f 9908 10058 9907
f 9908 10061 10058
f 9909 10061 9908
f 9918 10062 9909
f 10062 10061 9909
f 9911 9912 9910
f 9914 9913 9911
f 9913 9912 9911
f 9915 9913 9914
f 9912 9905 9910
f 9913 9918 9912
f 9915 9919 9913
f 9896 9915 9914
f 9896 9916 9915
f 9897 9916 9896
f 9942 9917 9897
f 9917 9916 9897
f 9916 9923 9915
f 10001 9924 9917
f 9917 9922 9916
f 9924 9922 9917
f 9918 9909 9912
f 9919 9918 9913
f 9923 9919 9915
f 9919 9920 9918
f 9920 10062 9918
f 9923 9921 9919
f 9919 9921 9920
f 9925 9921 9923
f 9916 9922 9923
f 9922 9925 9923
f 9924 9926 9922
f 10008 9927 9924
f 9922 9926 9925
f 9927 9926 9924
f 10015 10074 9927
f 9772 9890 9887
f 9773 9930 9772
f 9930 9890 9772
f 9773 9928 9930
f 9774 9928 9773
f 9929 9928 9774
f 9928 9939 9930
f 9930 9895 9890
f 9939 9895 9930
f 9932 9929 9777
f 9940 9939 9928
f 9929 9940 9928
f 9941 9940 9929
f 9931 9932 9778
f 9931 9935 9932
f 9938 9780 9801
f 9933 9936 9931
f 9780 9937 9933
f 9938 9937 9780
f 9934 9938 9801
f 9932 9941 9929
f 9935 9941 9932
f 9936 9935 9931
f 9937 9936 9933
f 9945 9936 9937
f 9938 9948 9937
f 9947 9938 9934
f 9946 9947 9934
f 9940 9942 9939
f 9941 9943 9940
f 9944 9943 9941
f 9942 9897 9939
f 9940 9943 9942
f 9943 10001 9942
f 9944 10002 9943
f 9935 9944 9941
f 9936 9949 9935
f 9949 9944 9935
f 9945 9949 9936
f 9948 9945 9937
f 9947 9948 9938
f 9946 9962 9947
f 9945 10006 9949
f 9949 10003 9944
f 10006 10003 9949
f 10007 10006 9945
f 9948 10007 9945
f 9950 9948 9947
f 9962 9950 9947
f 9948 9950 10007
f 9800 9934 9801
f 9952 9954 9802
f 9954 9934 9800
f 9953 9973 9952
f 9954 9946 9934
f 9952 9955 9954
f 9973 9955 9952
f 9955 9946 9954
f 9961 9946 9955
f 10224 9957 9822
f 9957 9958 9821
f 9958 9823 9821
f 9960 9824 9823
f 9958 9960 9823
f 9959 9956 9824
f 9960 9959 9824
f 10230 9958 9957
f 9959 9982 9956
f 9958 9963 9960
f 10230 9963 9958
f 9964 9959 9960
f 9961 9962 9946
f 9965 9982 9959
f 9963 9964 9960
f 9964 9965 9959
f 9964 10239 9965
f 10239 10037 9965
f 9843 9970 9951
f 9971 9843 9842
f 9966 9971 9842
f 9968 9969 9840
f 9969 9966 9841
f 9972 9953 9951
f 9971 9970 9843
f 9970 9972 9951
f 9844 9979 9845
f 9846 9974 9967
f 9980 9846 9845
f 9967 9975 9968
f 9968 9976 9969
f 9980 9974 9846
f 9972 9973 9953
f 9986 9971 9966
f 9983 9970 9971
f 9970 9984 9972
f 9986 9983 9971
f 9985 9966 9969
f 9975 9976 9968
f 9974 9975 9967
f 9976 9985 9969
f 9985 9986 9966
f 9996 9975 9974
f 9977 9978 9847
f 9978 9979 9844
f 9979 9980 9845
f 9956 9982 9977
f 9978 9993 9979
f 9981 9978 9977
f 9982 9981 9977
f 9994 9980 9979
f 9980 9995 9974
f 9993 9994 9979
f 9981 9993 9978
f 9988 9973 9972
f 9973 9987 9955
f 9983 9984 9970
f 9984 9988 9972
f 9973 9988 9987
f 9987 9961 9955
f 9975 9989 9976
f 9990 9985 9976
f 9985 9992 9986
f 9991 9983 9986
f 9996 9989 9975
f 9989 9990 9976
f 10028 9988 9984
f 10009 9961 9987
f 9988 10026 9987
f 10028 10026 9988
f 9983 10027 9984
f 9992 9991 9986
f 9991 10027 9983
f 9990 9992 9985
f 10027 10028 9984
f 10036 9992 9990
f 9994 9995 9980
f 9995 9996 9974
f 9981 9999 9993
f 9993 10000 9994
f 9982 9998 9981
f 9965 9998 9982
f 9998 9999 9981
f 9995 10034 9996
f 9996 10033 9989
f 9997 9995 9994
f 9999 10000 9993
f 10000 9997 9994
f 9989 10035 9990
f 10034 10033 9996
f 9997 10034 9995
f 10039 9999 9998
f 9965 10037 9998
f 10001 9917 9942
f 10002 10001 9943
f 10003 10002 9944
f 10006 10005 10003
f 10002 10008 10001
f 10008 9924 10001
f 10004 10008 10002
f 10003 10004 10002
f 10005 10004 10003
f 10007 10012 10006
f 9950 10011 10007
f 10012 10005 10006
f 10011 10012 10007
f 10004 10015 10008
f 10015 9927 10008
f 10005 10016 10004
f 9962 10013 9950
f 9961 10010 9962
f 10009 10010 9961
f 9950 10013 10011
f 10010 10013 9962
f 10011 10018 10012
f 10026 10014 10009
f 10009 10021 10010
f 10013 10019 10011
f 10010 10020 10013
f 10014 10021 10009
f 10021 10020 10010
f 10004 10016 10015
f 10012 10017 10005
f 10017 10016 10005
f 10016 10115 10015
f 10018 10117 10017
f 10017 10116 10016
f 10117 10116 10017
f 10018 10017 10012
f 10019 10018 10011
f 10013 10020 10019
f 10020 10022 10019
f 10031 10023 10014
f 10021 10025 10020
f 10024 10021 10014
f 10023 10024 10014
f 10019 10121 10018
f 10121 10117 10018
f 10022 10121 10019
f 10020 10025 10022
f 10024 10025 10021
f 10044 10125 10023
f 10023 10126 10024
f 10026 10009 9987
f 10030 10027 9991
f 10029 9991 9992
f 10036 10029 9992
f 10027 10032 10028
f 10028 10031 10026
f 10029 10030 9991
f 10030 10032 10027
f 10032 10031 10028
f 10031 10014 10026
f 10047 10030 10029
f 10030 10048 10032
f 10033 10035 9989
f 10035 10036 9990
f 10040 10033 10034
f 9997 10043 10034
f 10033 10041 10035
f 10038 10000 9999
f 10042 9997 10000
f 10039 10038 9999
f 10037 10039 9998
f 10042 10000 10038
f 10042 10043 9997
f 10046 10036 10035
f 10036 10045 10029
f 10043 10040 10034
f 10040 10041 10033
f 10046 10045 10036
f 10045 10047 10029
f 10041 10046 10035
f 10037 10263 10039
f 10039 10049 10038
f 10051 10040 10043
f 10042 10052 10043
f 10050 10042 10038
f 10263 10049 10039
f 10049 10050 10038
f 10032 10044 10031
f 10048 10044 10032
f 10044 10023 10031
f 10047 10048 10030
f 10056 10046 10041
f 10045 10054 10047
f 10053 10045 10046
f 10040 10055 10041
f 10052 10051 10043
f 10050 10052 10042
f 10051 10055 10040
f 10055 10056 10041
f 10047 10141 10048
f 10048 10140 10044
f 10053 10054 10045
f 10056 10053 10046
f 10054 10141 10047
f 10141 10140 10048
f 10140 10125 10044
f 10143 10055 10051
f 10052 10142 10051
f 10267 10052 10050
f 10055 10145 10056
f 10144 10053 10056
f 10267 10142 10052
f 10142 10143 10051
f 10057 9063 9061
f 10058 10059 10057
f 10059 9063 10057
f 10060 10059 10058
f 10061 10060 10058
f 10062 10063 10061
f 9920 10064 10062
f 10064 10063 10062
f 10063 10060 10061
f 10059 9075 9063
f 9921 10071 9920
f 10071 10064 9920
f 9925 10072 9921
f 10060 10065 10059
f 10063 10066 10060
f 10064 10067 10063
f 10071 10068 10064
f 10059 10065 9075
f 10066 10065 10060
f 10065 9099 9075
f 10086 9099 10065
f 10066 10086 10065
f 10087 10086 10066
f 10063 10067 10066
f 10068 10067 10064
f 10070 10068 10076
f 10067 10087 10066
f 10068 10069 10067
f 10067 10069 10087
f 10070 10069 10068
f 10072 10071 9921
f 10075 10072 9925
f 10072 10076 10071
f 10075 10077 10072
f 10080 10077 10075
f 9926 10075 9925
f 9926 10073 10075
f 9927 10073 9926
f 10074 10073 9927
f 10073 10080 10075
f 10073 10081 10080
f 10081 10073 10074
f 10115 10082 10074
f 10082 10081 10074
f 10076 10068 10071
f 10077 10076 10072
f 10077 10078 10076
f 10080 10079 10077
f 10078 10070 10076
f 10077 10079 10078
f 10084 10079 10080
f 10081 10084 10080
f 10118 10085 10082
f 10082 10083 10081
f 10085 10083 10082
f 10081 10083 10084
f 10083 10102 10084
f 10085 10103 10083
f 10131 10104 10085
f 10086 9101 9099
f 10087 10088 10086
f 10088 9101 10086
f 10089 10088 10087
f 10088 9105 9101
f 10089 10092 10088
f 10069 10089 10087
f 10069 10090 10089
f 10070 10090 10069
f 10078 10091 10070
f 10091 10090 10070
f 10090 10093 10089
f 10101 10095 10091
f 10091 10094 10090
f 10095 10094 10091
f 10088 10092 9105
f 10093 10092 10089
f 10092 9109 9105
f 10093 10096 10092
f 10090 10094 10093
f 10096 10097 9284
f 10097 10098 9284
f 10098 10099 9284
f 10096 9109 10092
f 10097 10096 10093
f 10094 10097 10093
f 10095 10098 10094
f 10107 10099 10095
f 10099 10109 9284
f 10109 10110 9284
f 10110 10112 9284
f 10112 10113 9284
f 10098 10097 10094
f 10099 10098 10095
f 10079 10101 10078
f 10101 10091 10078
f 10100 10101 10079
f 10084 10100 10079
f 10102 10100 10084
f 10100 10107 10101
f 10107 10095 10101
f 10102 10108 10100
f 10108 10107 10100
f 10083 10103 10102
f 10104 10103 10085
f 10103 10111 10102
f 10111 10108 10102
f 10114 10166 9284
f 10166 10167 9284
f 10167 10168 9284
f 10153 10106 10104
f 10105 10111 10103
f 10104 10105 10103
f 10106 10105 10104
f 10108 10109 10107
f 10111 10110 10108
f 10112 10110 10111
f 10113 10114 9284
f 10107 10109 10099
f 10108 10110 10109
f 10105 10112 10111
f 10105 10113 10112
f 10106 10113 10105
f 10156 10114 10106
f 10114 10113 10106
f 10115 10074 10015
f 10116 10115 10016
f 10116 10118 10115
f 10117 10119 10116
f 10121 10120 10117
f 10118 10082 10115
f 10119 10118 10116
f 10120 10119 10117
f 10123 10130 10120
f 10025 10124 10022
f 10022 10123 10121
f 10123 10120 10121
f 10124 10123 10022
f 10024 10122 10025
f 10125 10126 10023
f 10126 10122 10024
f 10122 10124 10025
f 10122 10133 10124
f 10124 10132 10123
f 10128 10125 10140
f 10134 10122 10126
f 10125 10127 10126
f 10128 10127 10125
f 10134 10133 10122
f 10127 10134 10126
f 10119 10131 10118
f 10131 10085 10118
f 10119 10129 10131
f 10120 10129 10119
f 10130 10129 10120
f 10129 10153 10131
f 10154 10153 10129
f 10130 10154 10129
f 10132 10130 10123
f 10133 10132 10124
f 10132 10155 10130
f 10155 10154 10130
f 10133 10135 10132
f 10134 10136 10133
f 10146 10139 10128
f 10128 10138 10127
f 10127 10137 10134
f 10139 10138 10128
f 10138 10137 10127
f 10135 10155 10132
f 10136 10135 10133
f 10134 10137 10136
f 10151 10161 10139
f 10138 10162 10137
f 10139 10160 10138
f 10161 10160 10139
f 10053 10147 10054
f 10148 10141 10054
f 10141 10146 10140
f 10147 10148 10054
f 10148 10146 10141
f 10144 10147 10053
f 10145 10144 10056
f 10143 10145 10055
f 10302 10143 10142
f 10143 10303 10145
f 10146 10128 10140
f 10150 10147 10144
f 10149 10144 10145
f 10147 10152 10148
f 10148 10151 10146
f 10150 10152 10147
f 10149 10150 10144
f 10303 10149 10145
f 10152 10151 10148
f 10151 10139 10146
f 10311 10150 10149
f 10150 10312 10152
f 10171 10151 10152
f 10311 10312 10150
f 10312 10171 10152
f 10171 10161 10151
f 10153 10104 10131
f 10154 10156 10153
f 10135 10158 10155
f 10155 10157 10154
f 10158 10157 10155
f 10156 10106 10153
f 10157 10156 10154
f 10157 10166 10156
f 10158 10167 10157
f 10163 10168 10158
f 10136 10163 10135
f 10137 10159 10136
f 10163 10158 10135
f 10159 10163 10136
f 10137 10162 10159
f 10160 10162 10138
f 10165 10160 10161
f 10159 10169 10163
f 10170 10169 10159
f 10162 10170 10159
f 10160 10164 10162
f 10316 10165 10161
f 10165 10164 10160
f 10162 10164 10170
f 10157 10167 10166
f 10166 10114 10156
f 10168 10167 10158
f 10169 10168 10163
f 10171 10316 10161
f 9234 10172 9854
f 10172 10174 9853
f 9236 10173 9234
f 10173 10172 9234
f 10173 10176 10172
f 10176 10174 10172
f 10174 10175 9857
f 10175 10181 9858
f 10176 10177 10174
f 10177 10175 10174
f 10186 10181 10175
f 10177 10186 10175
f 10192 10186 10177
f 10178 10173 9236
f 9240 10178 9236
f 10179 10176 10173
f 10178 10179 10173
f 9258 10196 9240
f 10196 10178 9240
f 10196 10198 10178
f 10198 10179 10178
f 10180 10177 10176
f 10179 10180 10176
f 10180 10192 10177
f 10199 10180 10179
f 10205 10192 10180
f 10183 9866 9862
f 10181 10182 9861
f 10182 10183 9862
f 10187 10182 10181
f 10186 10187 10181
f 10188 10183 10182
f 10187 10188 10182
f 10185 9867 9866
f 10184 9868 9867
f 10185 10184 9867
f 10183 10185 9866
f 10189 10185 10183
f 10188 10189 10183
f 10189 10190 10185
f 10190 10184 10185
f 10193 10187 10186
f 10194 10188 10187
f 10195 10189 10188
f 10191 10190 10189
f 10194 10195 10188
f 10195 10191 10189
f 10192 10193 10186
f 10193 10194 10187
f 10206 10193 10192
f 10210 10194 10193
f 10211 10195 10194
f 10197 10196 9258
f 10200 10198 10196
f 9260 10197 9258
f 10197 10200 10196
f 10198 10199 10179
f 10201 10199 10198
f 10199 10205 10180
f 10207 10205 10199
f 10200 10201 10198
f 10201 10207 10199
f 10202 10197 9260
f 9264 10202 9260
f 10203 10200 10197
f 10202 10203 10197
f 10271 10203 10202
f 10204 10201 10200
f 10203 10204 10200
f 10213 10207 10201
f 10204 10213 10201
f 10272 10204 10203
f 10273 10213 10204
f 10205 10206 10192
f 10206 10210 10193
f 10205 10208 10206
f 10209 10210 10206
f 10208 10209 10206
f 10207 10208 10205
f 10210 10211 10194
f 10211 10212 10195
f 10195 10212 10191
f 10217 10211 10210
f 10209 10217 10210
f 10216 10212 10211
f 10217 10216 10211
f 10214 10208 10207
f 10213 10214 10207
f 10215 10209 10208
f 10214 10215 10208
f 10274 10214 10213
f 10275 10215 10214
f 10215 10218 10209
f 10218 10217 10209
f 10219 10216 10217
f 10268 10218 10215
f 10218 10219 10217
f 10269 10219 10218
f 10270 10202 9264
f 9283 10270 9264
f 10270 10271 10202
f 10271 10272 10203
f 10272 10273 10204
f 10273 10274 10213
f 9868 10222 10220
f 10222 9868 10184
f 10223 10221 10220
f 10226 10224 10221
f 10222 10223 10220
f 10223 10226 10221
f 10228 10223 10222
f 10227 10222 10184
f 10225 9957 10224
f 10226 10225 10224
f 10225 10230 9957
f 10235 10226 10223
f 10228 10235 10223
f 10190 10227 10184
f 10227 10228 10222
f 10229 10227 10190
f 10191 10229 10190
f 10229 10237 10227
f 10227 10237 10228
f 10236 10235 10228
f 10237 10236 10228
f 10226 10231 10225
f 10232 10230 10225
f 10231 10226 10235
f 10231 10232 10225
f 10233 9963 10230
f 10241 10232 10231
f 10232 10233 10230
f 10234 9964 9963
f 10233 10234 9963
f 10234 10239 9964
f 10240 10231 10235
f 10236 10240 10235
f 10248 10237 10229
f 10238 10236 10237
f 10248 10238 10237
f 10233 10243 10234
f 10242 10233 10232
f 10241 10242 10232
f 10234 10245 10239
f 10244 10037 10239
f 10242 10243 10233
f 10243 10245 10234
f 10240 10241 10231
f 10246 10240 10236
f 10245 10244 10239
f 10251 10243 10242
f 10252 10245 10243
f 10240 10249 10241
f 10238 10246 10236
f 10246 10249 10240
f 10250 10242 10241
f 10249 10250 10241
f 10250 10251 10242
f 10247 10229 10191
f 10212 10247 10191
f 10247 10248 10229
f 10256 10247 10212
f 10216 10256 10212
f 10258 10248 10247
f 10248 10257 10238
f 10245 10253 10244
f 10251 10252 10243
f 10252 10253 10245
f 10253 10265 10244
f 10262 10249 10246
f 10250 10255 10251
f 10254 10250 10249
f 10262 10254 10249
f 10253 10278 10265
f 10251 10277 10252
f 10276 10253 10252
f 10255 10277 10251
f 10254 10255 10250
f 10277 10276 10252
f 10276 10278 10253
f 10256 10258 10247
f 10216 10259 10256
f 10258 10257 10248
f 10260 10258 10256
f 10282 10257 10258
f 10260 10282 10258
f 10219 10259 10216
f 10259 10260 10256
f 10261 10246 10238
f 10257 10261 10238
f 10261 10262 10246
f 10286 10261 10257
f 10287 10262 10261
f 10282 10286 10257
f 10286 10287 10261
f 10288 10254 10262
f 10244 10263 10037
f 10244 10265 10263
f 10264 10049 10263
f 10049 10266 10050
f 10265 10264 10263
f 10264 10266 10049
f 10266 10267 10050
f 10298 10264 10265
f 10271 10270 9284
f 10272 10271 9284
f 10273 10272 9284
f 10274 10273 9284
f 10275 10274 9284
f 10268 10275 9284
f 10274 10275 10214
f 10283 10269 9284
f 10269 10268 9284
f 10275 10268 10215
f 10268 10269 10218
f 10269 10283 10219
f 10297 10296 9284
f 10292 10297 9284
f 10314 10315 9284
f 10313 10292 9284
f 10315 10313 9284
f 10285 10283 9284
f 10284 10285 9284
f 10290 10284 9284
f 10291 10290 9284
f 10293 10291 9284
f 10294 10293 9284
f 10295 10294 9284
f 10296 10295 9284
f 10318 10317 9284
f 10316 10322 9284
f 10321 10318 9284
f 10322 10321 9284
f 10320 10319 9284
f 10319 10314 9284
f 10317 10320 9284
f 10170 10164 9284
f 10168 10169 9284
f 10169 10170 9284
f 10165 10316 9284
f 10164 10165 9284
f 10254 10289 10255
f 10279 10277 10255
f 10276 10281 10278
f 10277 10280 10276
f 10289 10279 10255
f 10279 10280 10277
f 10281 10304 10278
f 10280 10281 10276
f 10283 10259 10219
f 10285 10260 10259
f 10283 10285 10259
f 10284 10282 10260
f 10285 10284 10260
f 10287 10288 10262
f 10282 10290 10286
f 10291 10287 10286
f 10288 10289 10254
f 10290 10291 10286
f 10291 10293 10287
f 10288 10294 10289
f 10293 10288 10287
f 10294 10295 10289
f 10295 10279 10289
f 10279 10296 10280
f 10293 10294 10288
f 10284 10290 10282
f 10297 10281 10280
f 10281 10292 10304
f 10297 10292 10281
f 10295 10296 10279
f 10296 10297 10280
f 10264 10299 10266
f 10300 10142 10267
f 10301 10267 10266
f 10278 10298 10265
f 10298 10299 10264
f 10301 10300 10267
f 10299 10301 10266
f 10300 10302 10142
f 10302 10303 10143
f 10307 10299 10298
f 10300 10306 10302
f 10299 10308 10301
f 10305 10300 10301
f 10278 10304 10298
f 10304 10307 10298
f 10307 10308 10299
f 10310 10303 10302
f 10303 10309 10149
f 10308 10305 10301
f 10305 10306 10300
f 10309 10311 10149
f 10310 10309 10303
f 10306 10310 10302
f 10313 10307 10304
f 10307 10315 10308
f 10292 10313 10304
f 10319 10306 10305
f 10320 10310 10306
f 10318 10311 10309
f 10310 10317 10309
f 10319 10320 10306
f 10314 10305 10308
f 10315 10314 10308
f 10313 10315 10307
f 10314 10319 10305
f 10321 10312 10311
f 10312 10322 10171
f 10318 10321 10311
f 10320 10317 10310
f 10317 10318 10309
f 10321 10322 10312
f 10322 10316 10171

