# https://github.com/mikedh/trimesh
v 4.57925466 -10.11038557 0.00000000
v 4.56204822 -10.11038557 -0.29901244
v 4.51754696 -10.11038557 -0.59474634
v 4.44626391 -10.11038557 -0.88441688
v 4.34962247 -10.11038557 -1.16547783
v 4.22983038 -10.11038557 -1.43583394
v 4.08965437 -10.11038557 -1.69399030
v 3.93213066 -10.11038557 -1.93911225
v 3.76025617 -10.11038557 -2.17098491
v 3.57670670 -10.11038557 -2.38987901
v 3.38362335 -10.11038557 -2.59634552
v 3.18249617 -10.11038557 -2.79097423
v 2.97415773 -10.11038557 -2.97415773
v 2.75888164 -10.11038557 -3.14590158
v 2.53656378 -10.11038557 -3.30571428
v 2.30695155 -10.11038557 -3.45259698
v 2.06987963 -10.11038557 -3.58513669
v 1.82547088 -10.11038557 -3.70168875
v 1.57426800 -10.11038557 -3.80061916
v 1.31727482 -10.11038557 -3.88056650
v 1.05590175 -10.11038557 -3.94067896
v 0.79182736 -10.11038557 -3.98078495
v 0.52680296 -10.11038557 -4.00146572
v 0.26243693 -10.11038557 -4.00401383
v 0.00000000 -10.11038557 -3.99027941
v -0.25971104 -10.11038557 -3.96242470
v -0.51642308 -10.11038557 -3.92262272
v -0.77033705 -10.11038557 -3.87274589
v -1.02198322 -10.11038557 -3.81409330
v -1.27200313 -10.11038557 -3.74720038
v -1.52089386 -10.11038557 -3.67176260
v -1.76875858 -10.11038557 -3.58668758
v -2.01510834 -10.11038557 -3.49027002
v -2.25875389 -10.11038557 -3.38046410
v -2.49781244 -10.11038557 -3.25521254
v -2.72983632 -10.11038557 -3.11278174
v -2.95205036 -10.11038557 -2.95205036
v -3.16166529 -10.11038557 -2.77270604
v -3.35622018 -10.11038557 -2.57531832
v -3.53389890 -10.11038557 -2.36127575
v -3.69376642 -10.11038557 -2.13259704
v -3.83588019 -10.11038557 -1.89164677
v -3.96124890 -10.11038557 -1.64080302
v -4.07163374 -10.11038557 -1.38213341
v -4.16921124 -10.11038557 -1.11713678
v -4.25614019 -10.11038557 -0.84659892
v -4.33409257 -10.11038557 -0.57059411
v -4.40381780 -10.11038557 -0.28864147
v -4.46480956 -10.11038557 -0.00000000
v -4.51513327 -10.11038557 0.29593747
v -4.55145262 -10.11038557 0.59921011
v -4.56926716 -10.11038557 0.90888375
v -4.56334324 -10.11038557 1.22274413
v -4.52829260 -10.11038557 1.53714821
v -4.45922980 -10.11038557 1.84707346
v -4.35242553 -10.11038557 2.14637874
v -4.20586975 -10.11038557 2.42826003
v -4.01966716 -10.11038557 2.68585573
v -3.79620692 -10.11038557 2.91293202
v -3.54007681 -10.11038557 3.10456404
v -3.25772395 -10.11038557 3.25772395
v -2.95689788 -10.11038557 3.37169582
v -2.64593970 -10.11038557 3.44825575
v -2.33300193 -10.11038557 3.49158413
v -2.02529290 -10.11038557 3.50791020
v -1.72843667 -10.11038557 3.50492284
v -1.44602436 -10.11038557 3.49101163
v -1.17940816 -10.11038557 3.47442441
v -0.92775761 -10.11038557 3.46243854
v -0.68836439 -10.11038557 3.46064150
v -0.45715052 -10.11038557 3.47240291
v -0.22931007 -10.11038557 3.49859557
v -0.00000000 -10.11038557 3.53759207
v 0.23500800 -10.11038557 3.58552918
v 0.47879376 -10.11038557 3.63679967
v 0.73293342 -10.11038557 3.68470512
v 0.99735667 -10.11038557 3.72218576
v 1.27042056 -10.11038557 3.74253828
v 1.54917460 -10.11038557 3.74003834
v 1.82976752 -10.11038557 3.71040147
v 2.10792950 -10.11038557 3.65104100
v 2.37945766 -10.11038557 3.56111004
v 2.64063629 -10.11038557 3.44134422
v 2.88853791 -10.11038557 3.29374622
v 3.12117147 -10.11038557 3.12117147
v 3.33746961 -10.11038557 2.92688229
v 3.53713107 -10.11038557 2.71413613
v 3.72035616 -10.11038557 2.48586251
v 3.88752701 -10.11038557 2.24446477
v 4.03889076 -10.11038557 1.99176050
v 4.17429995 -10.11038557 1.72905165
v 4.29305301 -10.11038557 1.45729513
v 4.39385953 -10.11038557 1.17733111
v 4.47493393 -10.11038557 0.89011970
v 4.53419984 -10.11038557 0.59693873
v 4.56956998 -10.11038557 0.29950544
v 4.57596044 -9.59190426 0.00000000
v 4.55621422 -9.59190426 -0.29863006
v 4.50933361 -9.59190426 -0.59366503
v 4.43596703 -9.59190426 -0.88236870
v 4.33765537 -9.59190426 -1.16227125
v 4.21669168 -9.59190426 -1.43137395
v 4.07588562 -9.59190426 -1.68828710
v 3.91826955 -9.59190426 -1.93227671
v 3.74679147 -9.59190426 -2.16321107
v 3.56404100 -9.59190426 -2.38141606
v 3.37204810 -9.59190426 -2.58746351
v 3.17218182 -9.59190426 -2.78192880
v 2.96515940 -9.59190426 -2.96515940
v 2.75115810 -9.59190426 -3.13709457
v 2.53000608 -9.59190426 -3.29716812
v 2.30141589 -9.59190426 -3.44431228
v 2.06521893 -9.59190426 -3.57706412
v 1.82155980 -9.59190426 -3.69375788
v 1.57101778 -9.59190426 -3.79277244
v 1.31463589 -9.59190426 -3.87279243
v 1.05385452 -9.59190426 -3.93303860
v 0.79036374 -9.59190426 -3.97342685
v 0.52590252 -9.59190426 -3.99462620
v 0.26204287 -9.59190426 -3.99800158
v 0.00000000 -9.59190426 -3.98544609
v -0.25949479 -9.59190426 -3.95912543
v -0.51623208 -9.59190426 -3.92117197
v -0.77046224 -9.59190426 -3.87337523
v -1.02273991 -9.59190426 -3.81691731
v -1.27369888 -9.59190426 -3.75219589
v -1.52379416 -9.59190426 -3.67876452
v -1.77305609 -9.59190426 -3.59540208
v -2.02090102 -9.59190426 -3.50030325
v -2.26603584 -9.59190426 -3.39136229
v -2.50647955 -9.59190426 -3.26650774
v -2.73970631 -9.59190426 -3.12403630
v -2.96289415 -9.59190426 -2.96289415
v -3.17324478 -9.59190426 -2.78286099
v -3.36832610 -9.59190426 -2.58460752
v -3.54638190 -9.59190426 -2.36961663
v -3.70655564 -9.59190426 -2.13998090
v -3.84898491 -9.59190426 -1.89810930
v -3.97474188 -9.59190426 -1.64639199
v -4.08561743 -9.59190426 -1.38688024
v -4.18377137 -9.59190426 -1.12103816
v -4.27129346 -9.59190426 -0.84961309
v -4.34973677 -9.59190426 -0.57265371
v -4.41969317 -9.59190426 -0.28968199
v -4.48047897 -9.59190426 -0.00000000
v -4.52998685 -9.59190426 0.29691102
v -4.56473923 -9.59190426 0.60095932
v -4.58015117 -9.59190426 0.91104871
v -4.57098167 -9.59190426 1.22479085
v -4.53192413 -9.59190426 1.53838095
v -4.45826507 -9.59190426 1.84667386
v -4.34652729 -9.59190426 2.14347005
v -4.19501188 -9.59190426 2.42199124
v -4.00416403 -9.59190426 2.67549687
v -3.77670767 -9.59190426 2.89796972
v -3.51752348 -9.59190426 3.08478530
v -3.23327696 -9.59190426 3.23327696
v -2.93183632 -9.59190426 3.34311859
v -2.62154722 -9.59190426 3.41646686
v -2.31045108 -9.59190426 3.45783440
v -2.00554079 -9.59190426 3.47369855
v -1.71214373 -9.59190426 3.47188403
v -1.43350501 -9.59190426 3.46078723
v -1.17061829 -9.59190426 3.44853029
v -0.92231939 -9.59190426 3.44214283
v -0.68562423 -9.59190426 3.44686578
v -0.45626234 -9.59190426 3.46565651
v -0.22933325 -9.59190426 3.49894925
v -0.00000000 -9.59190426 3.54469243
v 0.23586802 -9.59190426 3.59865057
v 0.48118020 -9.59190426 3.65492646
v 0.73729530 -9.59190426 3.70663378
v 1.00390774 -9.59190426 3.74663471
v 1.27914965 -9.59190426 3.76825336
v 1.55987984 -9.59190426 3.76588305
v 1.84210730 -9.59190426 3.73542408
v 2.12148149 -9.59190426 3.67451372
v 2.39377660 -9.59190426 3.58253985
v 2.65530285 -9.59190426 3.46045805
v 2.90319251 -9.59190426 3.31045659
v 3.13553024 -9.59190426 3.13553024
v 3.35132240 -9.59190426 2.93903087
v 3.55032475 -9.59190426 2.72425999
v 3.73276818 -9.59190426 2.49415595
v 3.89903598 -9.59190426 2.25110947
v 4.04935052 -9.59190426 1.99691869
v 4.18352288 -9.59190426 1.73287192
v 4.30080637 -9.59190426 1.45992704
v 4.39987619 -9.59190426 1.17894327
v 4.47893623 -9.59190426 0.89091581
v 4.53593286 -9.59190426 0.59716689
v 4.56883899 -9.59190426 0.29945753
v 4.57240167 -9.07342295 0.00000000
v 4.55016814 -9.07342295 -0.29823378
v 4.50098370 -9.07342295 -0.59256575
v 4.42562876 -9.07342295 -0.88031229
v 4.32575631 -9.07342295 -1.15908291
v 4.20373780 -9.07342295 -1.42697670
v 4.06241816 -9.07342295 -1.68270870
v 3.90481823 -9.07342295 -1.92564325
v 3.73383035 -9.07342295 -2.15572796
v 3.55195272 -9.07342295 -2.37333893
v 3.36110105 -9.07342295 -2.57906355
v 3.16252251 -9.07342295 -2.77345781
v 2.95682015 -9.07342295 -2.95682015
v 2.74407789 -9.07342295 -3.12902113
v 2.52406017 -9.07342295 -3.28941926
v 2.29644921 -9.07342295 -3.43687912
v 2.06107724 -9.07342295 -3.56989050
v 1.81811390 -9.07342295 -3.68677029
v 1.56817700 -9.07342295 -3.78591418
v 1.31234925 -9.07342295 -3.86605624
v 1.05210035 -9.07342295 -3.92649197
v 0.78913017 -9.07342295 -3.96722527
v 0.52516331 -9.07342295 -3.98901134
v 0.26173366 -9.07342295 -3.99328401
v 0.00000000 -9.07342295 -3.98197429
v -0.25937156 -9.07342295 -3.95724530
v -0.51623347 -9.07342295 -3.92118252
v -0.77088229 -9.07342295 -3.87548700
v -1.02389274 -9.07342295 -3.82121971
v -1.27588583 -9.07342295 -3.75863845
v -1.52726961 -9.07342295 -3.68715502
v -1.77799740 -9.07342295 -3.60542207
v -2.02738784 -9.07342295 -3.51153874
v -2.27404267 -9.07342295 -3.40334536
v -2.51588318 -9.07342295 -3.27876280
v -2.75030744 -9.07342295 -3.13612458
v -2.97444996 -9.07342295 -2.97444996
v -3.18550729 -9.07342295 -2.79361492
v -3.38107980 -9.07342295 -2.59439378
v -3.55947408 -9.07342295 -2.37836454
v -3.71991348 -9.07342295 -2.14769305
v -3.86261547 -9.07342295 -1.90483115
v -3.98871375 -9.07342295 -1.65217933
v -4.10002563 -9.07342295 -1.39177116
v -4.19869027 -9.07342295 -1.12503567
v -4.28672469 -9.07342295 -0.85268256
v -4.36556048 -9.07342295 -0.57473694
v -4.43563139 -9.07342295 -0.29072664
v -4.49607851 -9.07342295 -0.00000000
v -4.54462695 -9.07342295 0.29787059
v -4.57766581 -9.07342295 0.60266114
v -4.59053604 -9.07342295 0.91311439
v -4.57800094 -9.07342295 1.22667166
v -4.53484734 -9.07342295 1.53937324
v -4.45654416 -9.07342295 1.84596103
v -4.33987397 -9.07342295 2.14018900
v -4.18345283 -9.07342295 2.41531762
v -3.98806553 -9.07342295 2.66474019
v -3.75676497 -9.07342295 2.88266715
v -3.49471432 -9.07342295 3.06478221
v -3.20878329 -9.07342295 3.20878329
v -2.90694208 -9.07342295 3.31473215
v -2.59752352 -9.07342295 3.38515855
v -2.28844140 -9.07342295 3.42489458
v -1.98645935 -9.07342295 3.44064853
v -1.69659824 -9.07342295 3.44036089
v -1.42175227 -9.07342295 3.43241362
v -1.16255707 -9.07342295 3.42478269
v -0.91752024 -9.07342295 3.42423216
v -0.68339184 -9.07342295 3.43564276
v -0.45572190 -9.07342295 3.46155146
v -0.22953004 -9.07342295 3.50195164
v -0.00000000 -9.07342295 3.55437117
v 0.23688792 -9.07342295 3.61421128
v 0.48386213 -9.07342295 3.67529777
v 0.74205692 -9.07342295 3.73057206
v 1.01092808 -9.07342295 3.77283495
v 1.28838302 -9.07342295 3.79545398
v 1.57109311 -9.07342295 3.79295430
v 1.85493301 -9.07342295 3.76143206
v 2.13547788 -9.07342295 3.69875618
v 2.40848558 -9.07342295 3.60455339
v 2.67029805 -9.07342295 3.48000017
v 2.91811179 -9.07342295 3.32746876
v 3.15008994 -9.07342295 3.15008994
v 3.36531394 -9.07342295 2.95130111
v 3.56359660 -9.07342295 2.73444384
v 3.74519893 -9.07342295 2.50246192
v 3.91050488 -9.07342295 2.25773104
v 4.05971215 -9.07342295 2.00202848
v 4.19259153 -9.07342295 1.73662827
v 4.30835357 -9.07342295 1.46248897
v 4.40564261 -9.07342295 1.18048838
v 4.48265625 -9.07342295 0.89165577
v 4.53736811 -9.07342295 0.59735584
v 4.56781523 -9.07342295 0.29939043
v 4.56855141 -8.55494164 0.00000000
v 4.54388975 -8.55494164 -0.29782227
v 4.49248321 -8.55494164 -0.59144663
v 4.41524048 -8.55494164 -0.87824594
v 4.31392099 -8.55494164 -1.15591165
v 4.19096754 -8.55494164 -1.42264178
v 4.04925257 -8.55494164 -1.67725533
v 3.89177785 -8.55494164 -1.91921245
v 3.72137346 -8.55494164 -2.14853597
v 3.54044126 -8.55494164 -2.36564722
v 3.35077983 -8.55494164 -2.57114379
v 3.15351388 -8.55494164 -2.76555745
v 2.94913379 -8.55494164 -2.94913379
v 2.73763328 -8.55494164 -3.12167247
v 2.51871735 -8.55494164 -3.28245636
v 2.29204236 -8.55494164 -3.43028380
v 2.05744556 -8.55494164 -3.56360024
v 1.81512479 -8.55494164 -3.68070895
v 1.56573819 -8.55494164 -3.78002636
v 1.31040862 -8.55494164 -3.86033932
v 1.05063417 -8.55494164 -3.92102009
v 0.78812278 -8.55494164 -3.96216077
v 0.52458267 -8.55494164 -3.98460099
v 0.26150791 -8.55494164 -3.98983974
v 0.00000000 -8.55494164 -3.97984071
v -0.25933964 -8.55494164 -3.95675828
v -0.51642336 -8.55494164 -3.92262486
v -0.77159054 -8.55494164 -3.87904758
v -1.02543147 -8.55494164 -3.82696235
v -1.27854946 -8.55494164 -3.76648524
v -1.53130067 -8.55494164 -3.69688683
v -1.78355728 -8.55494164 -3.61669638
v -2.03453749 -8.55494164 -3.52392230
v -2.28273682 -8.55494164 -3.41635708
v -2.52597959 -8.55494164 -3.29192069
v -2.76159007 -8.55494164 -3.14898996
v -2.98666275 -8.55494164 -2.98666275
v -3.19839298 -8.55494164 -2.80491536
v -3.39441736 -8.55494164 -2.60462805
v -3.57310809 -8.55494164 -2.38747450
v -3.73376976 -8.55494164 -2.15569298
v -3.87669939 -8.55494164 -1.91177657
v -4.00309014 -8.55494164 -1.65813423
v -4.11478247 -8.55494164 -1.39678043
v -4.21389098 -8.55494164 -1.12910868
v -4.30235628 -8.55494164 -0.85579187
v -4.38148613 -8.55494164 -0.57683359
v -4.45155584 -8.55494164 -0.29177038
v -4.51153369 -8.55494164 -0.00000000
v -4.55898257 -8.55494164 0.29881150
v -4.59016654 -8.55494164 0.60430689
v -4.60036283 -8.55494164 0.91506906
v -4.58435073 -8.55494164 1.22837308
v -4.53702204 -8.55494164 1.54011145
v -4.45403814 -8.55494164 1.84492300
v -4.33244854 -8.55494164 2.13652718
v -4.17118747 -8.55494164 2.40823621
v -3.97137775 -8.55494164 2.65358977
v -3.73639480 -8.55494164 2.86703657
v -3.47167329 -8.55494164 3.04457576
v -3.18427246 -8.55494164 3.18427246
v -2.88224765 -8.55494164 3.28657356
v -2.57390141 -8.55494164 3.35437362
v -2.26700364 -8.55494164 3.39281072
v -1.96807529 -8.55494164 3.40880640
v -1.68182147 -8.55494164 3.41039658
v -1.41078134 -8.55494164 3.40592746
v -1.15523364 -8.55494164 3.40320857
v -0.91336405 -8.55494164 3.40872104
v -0.68166721 -8.55494164 3.42697250
v -0.45552713 -8.55494164 3.46007209
v -0.22989835 -8.55494164 3.50757101
v -0.00000000 -8.55494164 3.56658111
v 0.23806369 -8.55494164 3.63215000
v 0.48682990 -8.55494164 3.69784022
v 0.74720178 -8.55494164 3.75643702
v 1.01839362 -8.55494164 3.80069672
v 1.29808884 -8.55494164 3.82404642
v 1.58277506 -8.55494164 3.82115702
v 1.86819831 -8.55494164 3.78833141
v 2.14986618 -8.55494164 3.72367746
v 2.42352697 -8.55494164 3.62706443
v 2.68556017 -8.55494164 3.49989016
v 2.93323093 -8.55494164 3.34470884
v 3.16478369 -8.55494164 3.16478369
v 3.37937612 -8.55494164 2.96363332
v 3.57687820 -8.55494164 2.74463518
v 3.75758049 -8.55494164 2.51073501
v 3.92186709 -8.55494164 2.26429102
v 4.06991119 -8.55494164 2.00705809
v 4.20144447 -8.55494164 1.74029528
v 4.31563715 -8.55494164 1.46496141
v 4.41110617 -8.55494164 1.18195234
v 4.48604706 -8.55494164 0.89233024
v 4.53846497 -8.55494164 0.59750025
v 4.56646483 -8.55494164 0.29930192
v 4.56438504 -8.03646033 0.00000000
v 4.53736111 -8.03646033 -0.29739436
v 4.48382027 -8.03646033 -0.59030614
v 4.40479551 -8.03646033 -0.87616830
v 4.30214682 -8.03646033 -1.15275677
v 4.17838109 -8.03646033 -1.41836926
v 4.03639057 -8.03646033 -1.67192772
v 3.87915043 -8.03646033 -1.91298529
v 3.70942208 -8.03646033 -2.14163583
v 3.52950635 -8.03646033 -2.35834075
v 3.34108221 -8.03646033 -2.56370255
v 3.14515159 -8.03646033 -2.75822392
v 2.94209403 -8.03646033 -2.94209403
v 2.73181643 -8.03646033 -3.11503963
v 2.51396874 -8.03646033 -3.27626784
v 2.28818603 -8.03646033 -3.42451240
v 2.05431471 -8.03646033 -3.55817745
v 1.81258388 -8.03646033 -3.67555651
v 1.56369374 -8.03646033 -3.77509064
v 1.30880754 -8.03646033 -3.85562268
v 1.04945074 -8.03646033 -3.91660349
v 0.78733759 -8.03646033 -3.95821335
v 0.52415787 -8.03646033 -3.98137428
v 0.26136416 -8.03646033 -3.98764649
v 0.00000000 -8.03646033 -3.97902093
v -0.25939724 -8.03646033 -3.95763706
v -0.51679767 -8.03646033 -3.92546800
v -0.77257995 -8.03646033 -3.88402169
v -1.02734541 -8.03646033 -3.83410528
v -1.28167459 -8.03646033 -3.77569159
v -1.53586696 -8.03646033 -3.70791084
v -1.78970959 -8.03646033 -3.62917203
v -2.04231766 -8.03646033 -3.53739796
v -2.29207967 -8.03646033 -3.43033964
v -2.53672392 -8.03646033 -3.30592298
v -2.77350350 -8.03646033 -3.16257462
v -2.99947650 -8.03646033 -2.99947650
v -3.21184118 -8.03646033 -2.81670912
v -3.40827417 -8.03646033 -2.61526075
v -3.58721606 -8.03646033 -2.39690114
v -3.74805399 -8.03646033 -2.16393998
v -3.89116406 -8.03646033 -1.91890976
v -4.01779677 -8.03646033 -1.66422591
v -4.12981236 -8.03646033 -1.40188240
v -4.22929699 -8.03646033 -1.13323671
v -4.31811136 -8.03646033 -0.85892575
v -4.39743712 -8.03646033 -0.57893358
v -4.46739111 -8.03646033 -0.29280828
v -4.52677144 -8.03646033 -0.00000000
v -4.57298449 -8.03646033 0.29972924
v -4.60217766 -8.03646033 0.60588818
v -4.60957499 -8.03646033 0.91690147
v -4.58998336 -8.03646033 1.22988233
v -4.53841089 -8.03646033 1.54058290
v -4.45072107 -8.03646033 1.84354903
v -4.32423705 -8.03646033 2.13247772
v -4.15821368 -8.03646033 2.40074579
v -3.95410966 -8.03646033 2.64205161
v -3.71561577 -8.03646033 2.85109226
v -3.44842658 -8.03646033 3.02418895
v -3.15977584 -8.03646033 3.15977584
v -2.85778694 -8.03646033 3.25868146
v -2.55071465 -8.03646033 3.32415605
v -2.24616904 -8.03646033 3.36162953
v -1.95041537 -8.03646033 3.37821852
v -1.66783442 -8.03646033 3.38203364
v -1.40060685 -8.03646033 3.38136405
v -1.14865646 -8.03646033 3.38383283
v -0.90985398 -8.03646033 3.39562128
v -0.68044972 -8.03646033 3.42085175
v -0.45567550 -8.03646033 3.46119903
v -0.23043585 -8.03646033 3.51577165
v -0.00000000 -8.03646033 3.58127092
v 0.23939103 -8.03646033 3.65240134
v 0.49007333 -8.03646033 3.72247649
v 0.75271266 -8.03646033 3.78414207
v 1.02627944 -8.03646033 3.83012701
v 1.30823435 -8.03646033 3.85393413
v 1.59488534 -8.03646033 3.85039383
v 1.88185594 -8.03646033 3.81602634
v 2.16459315 -8.03646033 3.74918532
v 2.43884254 -8.03646033 3.64998580
v 2.70102709 -8.03646033 3.52004704
v 2.94848500 -8.03646033 3.36210278
v 3.17954471 -8.03646033 3.17954471
v 3.39344128 -8.03646033 2.97596813
v 3.59010181 -8.03646033 2.75478201
v 3.76984585 -8.03646033 2.51893046
v 3.93305717 -8.03646033 2.27075162
v 4.07988463 -8.03646033 2.01197644
v 4.21002199 -8.03646033 1.74384821
v 4.32260155 -8.03646033 1.46732551
v 4.41621635 -8.03646033 1.18332160
v 4.48906393 -8.03646033 0.89293033
v 4.53918514 -8.03646033 0.59759506
v 4.56475629 -8.03646033 0.29918993
v 4.55988041 -7.51797901 0.00000000
v 4.53056659 -7.51797901 -0.29694902
v 4.47498519 -7.51797901 -0.58914298
v 4.39428914 -7.51797901 -0.87407846
v 4.29043288 -7.51797901 -1.14961803
v 4.16598010 -7.51797901 -1.41415969
v 4.02383500 -7.51797901 -1.66672703
v 3.86693880 -7.51797901 -1.90696318
v 3.69797802 -7.51797901 -2.13502860
v 3.51914808 -7.51797901 -2.35141957
v 3.33200608 -7.51797901 -2.55673819
v 3.13743128 -7.51797901 -2.75145339
v 2.93569443 -7.51797901 -2.93569443
v 2.72661929 -7.51797901 -3.10911342
v 2.50980521 -7.51797901 -3.27084183
v 2.28487068 -7.51797901 -3.41955063
v 2.05167530 -7.51797901 -3.55360586
v 1.81048243 -7.51797901 -3.67129520
v 1.56203589 -7.51797901 -3.77108823
v 1.30753939 -7.51797901 -3.85188685
v 1.04854472 -7.51797901 -3.91322215
v 0.78677049 -7.51797901 -3.95536236
v 0.52388604 -7.51797901 -3.97930957
v 0.26130088 -7.51797901 -3.98668104
v 0.00000000 -7.51797901 -3.97948942
v -0.25954248 -7.51797901 -3.95985297
v -0.51735211 -7.51797901 -3.92967944
v -0.77384318 -7.51797901 -3.89037236
v -1.02962338 -7.51797901 -3.84260676
v -1.28524543 -7.51797901 -3.78621094
v -1.54094735 -7.51797901 -3.72017599
v -1.79642728 -7.51797901 -3.64279417
v -2.05069505 -7.51797901 -3.55190802
v -2.30203153 -7.51797901 -3.44523366
v -2.54807029 -7.51797901 -3.32070985
v -2.78599601 -7.51797901 -3.17681959
v -3.01283425 -7.51797901 -3.01283425
v -3.22579041 -7.51797901 -2.82894226
v -3.42258496 -7.51797901 -2.62624181
v -3.60172966 -7.51797901 -2.40659882
v -3.76269540 -7.51797901 -2.17239320
v -3.90593679 -7.51797901 -1.92619486
v -4.03275949 -7.51797901 -1.67042367
v -4.14504009 -7.51797901 -1.40705151
v -4.24483242 -7.51797901 -1.13739942
v -4.33391385 -7.51797901 -0.86206906
v -4.41333791 -7.51797901 -0.58102696
v -4.48306310 -7.51797901 -0.29383548
v -4.54172037 -7.51797901 -0.00000000
v -4.58656542 -7.51797901 0.30061938
v -4.61363763 -7.51797901 0.60739692
v -4.61811848 -7.51797901 0.91860088
v -4.59485392 -7.51797901 1.23118740
v -4.53897952 -7.51797901 1.54077593
v -4.44657015 -7.51797901 1.84182966
v -4.31522866 -7.51797901 2.12803527
v -4.14453247 -7.51797901 2.39284694
v -3.93627317 -7.51797901 2.63013365
v -3.69444914 -7.51797901 2.83485053
v -3.42500270 -7.51797901 3.00364675
v -3.13532665 -7.51797901 3.13532665
v -2.83359515 -7.51797901 3.23109601
v -2.52799784 -7.51797901 3.29455092
v -2.22596915 -7.51797901 3.33139826
v -1.93350626 -7.51797901 3.34893108
v -1.65465764 -7.51797901 3.35531376
v -1.39124275 -7.51797901 3.35875712
v -1.14283321 -7.51797901 3.36667807
v -0.90699242 -7.51797901 3.38494178
v -0.67973803 -7.51797901 3.41727383
v -0.45616393 -7.51797901 3.46490902
v -0.23113992 -7.51797901 3.52651373
v -0.00000000 -7.51797901 3.59838503
v 0.24086539 -7.51797901 3.67489569
v 0.49358171 -7.51797901 3.74912528
v 0.75857159 -7.51797901 3.81359692
v 1.03455975 -7.51797901 3.86102955
v 1.31878582 -7.51797901 3.88501775
v 1.60738269 -7.51797901 3.88056508
v 1.89585778 -7.51797901 3.84441928
v 2.17960480 -7.51797901 3.77518625
v 2.45437352 -7.51797901 3.67322956
v 2.71663638 -7.51797901 3.54038946
v 2.96380900 -7.51797901 3.37957644
v 3.19430643 -7.51797901 3.19430643
v 3.40744219 -7.51797901 2.98824660
v 3.60320043 -7.51797901 2.76483293
v 3.78192906 -7.51797901 2.52700421
v 3.94401102 -7.51797901 2.27707583
v 4.08957102 -7.51797901 2.01675324
v 4.21826616 -7.51797901 1.74726305
v 4.32919325 -7.51797901 1.46956309
v 4.42092483 -7.51797901 1.18458324
v 4.49166448 -7.51797901 0.89344762
v 4.53949275 -7.51797901 0.59763556
v 4.56266057 -7.51797901 0.29905257
v 4.55501780 -6.99949770 0.00000000
v 4.52349294 -6.99949770 -0.29648539
v 4.46597044 -6.99949770 -0.58795616
v 4.38371860 -6.99949770 -0.87197585
v 4.27877996 -6.99949770 -1.14649564
v 4.15376755 -6.99949770 -1.41001409
v 4.01158977 -6.99949770 -1.66165489
v 3.85514657 -6.99949770 -1.90114790
v 3.68704359 -6.99949770 -2.12871561
v 3.50936675 -6.99949770 -2.34488390
v 3.32354940 -6.99949770 -2.55024915
v 3.13034850 -6.99949770 -2.74524195
v 2.92992840 -6.99949770 -2.92992840
v 2.72203357 -6.99949770 -3.10388441
v 2.50621741 -6.99949770 -3.26616612
v 2.28208651 -6.99949770 -3.41538383
v 2.04951771 -6.99949770 -3.54986880
v 1.80881147 -6.99949770 -3.66790681
v 1.56075664 -6.99949770 -3.76799985
v 1.30659740 -6.99949770 -3.84911181
v 1.04791056 -6.99949770 -3.91085544
v 0.78641723 -6.99949770 -3.95358640
v 0.52376423 -6.99949770 -3.97838430
v 0.26131648 -6.99949770 -3.98691909
v 0.00000000 -6.99949770 -3.98121937
v -0.25977338 -6.99949770 -3.96337591
v -0.51808220 -6.99949770 -3.93522499
v -0.77537251 -6.99949770 -3.89806084
v -1.03225366 -6.99949770 -3.85242310
v -1.28924549 -6.99949770 -3.79799475
v -1.54651988 -6.99949770 -3.73362928
v -1.80368238 -6.99949770 -3.65750605
v -2.05963532 -6.99949770 -3.56739302
v -2.31255166 -6.99949770 -3.46097814
v -2.55997173 -6.99949770 -3.33622012
v -2.79901488 -6.99949770 -3.19166477
v -3.02667818 -6.99949770 -3.02667818
v -3.24017845 -6.99949770 -2.84156024
v -3.43728390 -6.99949770 -2.63752070
v -3.61658019 -6.99949770 -2.41652162
v -3.77762306 -6.99949770 -2.18101169
v -3.92094498 -6.99949770 -1.93359608
v -4.04790442 -6.99949770 -1.67669691
v -4.16039090 -6.99949770 -1.41226241
v -4.26042207 -6.99949770 -1.14157665
v -4.34968863 -6.99949770 -0.86520686
v -4.42911416 -6.99949770 -0.58310394
v -4.49849922 -6.99949770 -0.29484722
v -4.55631080 -6.99949770 -0.00000000
v -4.59966012 -6.99949770 0.30147765
v -4.62448729 -6.99949770 0.60882530
v -4.62594189 -6.99949770 0.92015705
v -4.59892039 -6.99949770 1.23227700
v -4.53869664 -6.99949770 1.54067991
v -4.44156575 -6.99949770 1.83975677
v -4.30541578 -6.99949770 2.12319610
v -4.13014794 -6.99949770 2.38454202
v -3.91788311 -6.99949770 2.61784580
v -3.67291878 -6.99949770 2.81832971
v -3.40143236 -6.99949770 2.98297612
v -3.11095986 -6.99949770 3.11095986
v -2.80970877 -6.99949770 3.20385881
v -2.50578627 -6.99949770 3.26560424
v -2.20643579 -6.99949770 3.30216451
v -1.91737444 -6.99949770 3.32098994
v -1.64231115 -6.99949770 3.33027757
v -1.38270227 -6.99949770 3.33813858
v -1.13777068 -6.99949770 3.35176435
v -0.90478088 -6.99949770 3.37668821
v -0.67953006 -6.99949770 3.41622830
v -0.45698881 -6.99949770 3.47117466
v -0.23200767 -6.99949770 3.53975301
v -0.00000000 -6.99949770 3.61786346
v 0.24248192 -6.99949770 3.69955913
v 0.49734379 -6.99949770 3.77770118
v 0.76475989 -6.99949770 3.84470759
v 1.04320788 -6.99949770 3.89330479
v 1.32970860 -6.99949770 3.91719523
v 1.62022490 -6.99949770 3.91156893
v 1.91015492 -6.99949770 3.87341100
v 2.19484646 -6.99949770 3.80158558
v 2.47006068 -6.99949770 3.69670705
v 2.73232540 -6.99949770 3.56083578
v 2.97913797 -6.99949770 3.39705579
v 3.20900263 -6.99949770 3.20900263
v 3.42131230 -6.99949770 3.00041036
v 3.61610801 -6.99949770 2.77473727
v 3.79376537 -6.99949770 2.53491298
v 3.95466600 -6.99949770 2.28322748
v 4.09891064 -6.99949770 2.02135903
v 4.22612102 -6.99949770 1.75051664
v 4.33536087 -6.99949770 1.47165671
v 4.42518561 -6.99949770 1.18572491
v 4.49380879 -6.99949770 0.89387415
v 4.53935446 -6.99949770 0.59761735
v 4.56015118 -6.99949770 0.29888810
v 4.54978006 -6.48101639 0.00000000
v 4.51612929 -6.48101639 -0.29600275
v 4.45677070 -6.48101639 -0.58674499
v 4.37308307 -6.48101639 -0.86986031
v 4.26719049 -6.48101639 -1.14339025
v 4.14174779 -6.48101639 -1.40593393
v 3.99965978 -6.48101639 -1.65671333
v 3.84377802 -6.48101639 -1.89554155
v 3.67662152 -6.48101639 -2.12269842
v 3.50016285 -6.48101639 -2.33873405
v 3.31571010 -6.48101639 -2.54423384
v 3.12389862 -6.48101639 -2.73958556
v 2.92478908 -6.48101639 -2.92478908
v 2.71805067 -6.48101639 -3.09934279
v 2.50319567 -6.48101639 -3.26222811
v 2.27982343 -6.48101639 -3.41199688
v 2.04783201 -6.48101639 -3.54694909
v 1.80756176 -6.48101639 -3.66537265
v 1.55984779 -6.48101639 -3.76580570
v 1.30597454 -6.48101639 -3.84727694
v 1.04754255 -6.48101639 -3.90948203
v 0.78627339 -6.48101639 -3.95286325
v 0.52378933 -6.48101639 -3.97857496
v 0.26140930 -6.48101639 -3.98833518
v 0.00000000 -6.48101639 -3.98418263
v -0.26008788 -6.48101639 -3.96817422
v -0.51898320 -6.48101639 -3.94206879
v -0.77715986 -6.48101639 -3.90704646
v -1.03522403 -6.48101639 -3.86350866
v -1.29365763 -6.48101639 -3.81099247
v -1.55256178 -6.48101639 -3.74821570
v -1.81144595 -6.48101639 -3.67324902
v -2.06910311 -6.48101639 -3.58379171
v -2.32359825 -6.48101639 -3.47751053
v -2.57238028 -6.48101639 -3.35239125
v -2.81250646 -6.48101639 -3.20704896
v -3.04094960 -6.48101639 -3.04094960
v -3.25494240 -6.48101639 -2.85450788
v -3.45230468 -6.48101639 -2.64904655
v -3.63169865 -6.48101639 -2.42662346
v -3.79276597 -6.48101639 -2.18975445
v -3.93611613 -6.48101639 -1.94107767
v -4.06315806 -6.48101639 -1.68301517
v -4.17579066 -6.48101639 -1.41748992
v -4.27599159 -6.48101639 -1.14574849
v -4.36536168 -6.48101639 -0.86832443
v -4.44469286 -6.48101639 -0.58515492
v -4.51362847 -6.48101639 -0.29583884
v -4.57047499 -6.48101639 -0.00000000
v -4.61220555 -6.48101639 0.30229992
v -4.63466996 -6.48101639 0.61016588
v -4.63299659 -6.48101639 0.92156032
v -4.60214377 -6.48101639 1.23314071
v -4.53753419 -6.48101639 1.54028531
v -4.43569156 -6.48101639 1.83732360
v -4.29479412 -6.48101639 2.11795808
v -4.11506740 -6.48101639 2.37583527
v -3.89895725 -6.48101639 2.60519994
v -3.65105118 -6.48101639 2.80155011
v -3.37774845 -6.48101639 2.96220589
v -3.08671211 -6.48101639 3.08671211
v -2.78616539 -6.48101639 3.17701274
v -2.48411585 -6.48101639 3.23736281
v -2.18760085 -6.48101639 3.27397604
v -1.90204607 -6.48101639 3.29444043
v -1.63081434 -6.48101639 3.30696435
v -1.37499776 -6.48101639 3.31953823
v -1.13347475 -6.48101639 3.33910893
v -0.90321997 -6.48101639 3.37086281
v -0.67982294 -6.48101639 3.41770074
v -0.45814598 -6.48101639 3.47996424
v -0.23303590 -6.48101639 3.55544076
v -0.00000000 -6.48101639 3.63964164
v 0.24423548 -6.48101639 3.72631329
v 0.50134781 -6.48101639 3.80811466
v 0.77125811 -6.48101639 3.87737636
v 1.05219628 -6.48101639 3.92684998
v 1.34096713 -6.48101639 3.95036178
v 1.63336892 -6.48101639 3.94330141
v 1.92469764 -6.48101639 3.90290073
v 2.21026289 -6.48101639 3.82828763
v 2.48584442 -6.48101639 3.72032909
v 2.74803138 -6.48101639 3.58130422
v 2.99440715 -6.48101639 3.41446695
v 3.22356756 -6.48101639 3.22356756
v 3.43498579 -6.48101639 3.01240169
v 3.62875951 -6.48101639 2.78444511
v 3.80529135 -6.48101639 2.54261439
v 3.96496105 -6.48101639 2.28917133
v 4.10784561 -6.48101639 2.02576527
v 4.23353266 -6.48101639 1.75358664
v 4.34105527 -6.48101639 1.47358970
v 4.42895510 -6.48101639 1.18673494
v 4.49545946 -6.48101639 0.89420248
v 4.53873950 -6.48101639 0.59753639
v 4.55720420 -6.48101639 0.29869494
v 4.54415256 -5.96253508 0.00000000
v 4.50846718 -5.96253508 -0.29550055
v 4.44738283 -5.96253508 -0.58550906
v 4.36238362 -5.96253508 -0.86773205
v 4.25566849 -5.96253508 -1.14030294
v 4.12992642 -5.96253508 -1.40192111
v 3.98805090 -5.96253508 -1.65190477
v 3.83283810 -5.96253508 -1.89014658
v 3.66671486 -5.96253508 -2.11697881
v 3.49153696 -5.96253508 -2.33297041
v 3.30848601 -5.96253508 -2.53869060
v 3.11807682 -5.96253508 -2.73447998
v 2.92026929 -5.96253508 -2.92026929
v 2.71466167 -5.96253508 -3.09547837
v 2.50072995 -5.96253508 -3.25901472
v 2.27807099 -5.96253508 -3.40937417
v 2.04660800 -5.96253508 -3.54482903
v 1.80672378 -5.96253508 -3.66367341
v 1.55930088 -5.96253508 -3.76448532
v 1.30566361 -5.96253508 -3.84636096
v 1.04743478 -5.96253508 -3.90907980
v 0.78633437 -5.96253508 -3.95316981
v 0.52395811 -5.96253508 -3.97985699
v 0.26157758 -5.96253508 -3.99090264
v 0.00000000 -5.96253508 -3.98834962
v -0.26048379 -5.96253508 -3.97421461
v -0.52005016 -5.96253508 -3.95017314
v -0.77919676 -5.96253508 -3.91728665
v -1.03852170 -5.96253508 -3.87581575
v -1.29846396 -5.96253508 -3.82515146
v -1.55904940 -5.96253508 -3.76387821
v -1.81968812 -5.96253508 -3.68996249
v -2.07906205 -5.96253508 -3.60104110
v -2.33512848 -5.96253508 -3.49476674
v -2.58524694 -5.96253508 -3.36915940
v -2.82641615 -5.96253508 -3.22290993
v -3.05558906 -5.96253508 -3.05558906
v -3.27001875 -5.96253508 -2.86772948
v -3.46758055 -5.96253508 -2.66076814
v -3.64701586 -5.96253508 -2.43685809
v -3.80805314 -5.96253508 -2.19858051
v -3.95137805 -5.96253508 -1.94860401
v -4.07844740 -5.96253508 -1.68934823
v -4.19116595 -5.96253508 -1.42270913
v -4.29146759 -5.96253508 -1.14989528
v -4.38086016 -5.96253508 -0.87140726
v -4.46000248 -5.96253508 -0.58717047
v -4.52838159 -5.96253508 -0.29680581
v -4.58414721 -5.96253508 -0.00000000
v -4.62414102 -5.96253508 0.30308221
v -4.64413159 -5.96253508 0.61141152
v -4.63923687 -5.96253508 0.92280159
v -4.60448819 -5.96253508 1.23376889
v -4.53546737 -5.96253508 1.53958372
v -4.42893463 -5.96253508 1.83452479
v -4.28336271 -5.96253508 2.11232073
v -4.09930134 -5.96253508 2.36673273
v -3.87951631 -5.96253508 2.59220992
v -3.62887541 -5.96253508 2.78453404
v -3.35398598 -5.96253508 2.94136676
v -3.06262162 -5.96253508 3.06262162
v -2.76300366 -5.96253508 3.15060184
v -2.46302298 -5.96253508 3.20987405
v -2.16949622 -5.96253508 3.24688055
v -1.88754687 -5.96253508 3.26932707
v -1.62018582 -5.96253508 3.28541183
v -1.36814058 -5.96253508 3.30298355
v -1.12995021 -5.96253508 3.32872597
v -0.90230928 -5.96253508 3.36746409
v -0.68061298 -5.96253508 3.42167253
v -0.45963066 -5.96253508 3.49124145
v -0.23422110 -5.96253508 3.57352349
v -0.00000000 -5.96253508 3.66365032
v 0.24612064 -5.96253508 3.75507531
v 0.50558140 -5.96253508 3.84027201
v 0.77804608 -5.96253508 3.91150179
v 1.06149657 -5.96253508 3.96155914
v 1.35252496 -5.96253508 3.98441006
v 1.64677086 -5.96253508 3.97565654
v 1.93943555 -5.96253508 3.93278626
v 2.22579835 -5.96253508 3.85519582
v 2.50166487 -5.96253508 3.74400606
v 2.76369158 -5.96253508 3.60171299
v 3.00955205 -5.96253508 3.43173640
v 3.23793603 -5.96253508 3.23793603
v 3.44839773 -5.96253508 3.02416364
v 3.64109111 -5.96253508 2.79390748
v 3.81644503 -5.96253508 2.55006704
v 3.97483684 -5.96253508 2.29487312
v 4.11632002 -5.96253508 2.02994439
v 4.24044938 -5.96253508 1.75645164
v 4.34622974 -5.96253508 1.47534620
v 4.43219228 -5.96253508 1.18760234
v 4.49658173 -5.96253508 0.89442572
v 4.53761978 -5.96253508 0.59738898
v 4.55379837 -5.96253508 0.29847171
v 4.53812329 -5.44405377 0.00000000
v 4.50050055 -5.44405377 -0.29497839
v 4.43780586 -5.44405377 -0.58424822
v 4.35162323 -5.44405377 -0.86559168
v 4.24421956 -5.44405377 -1.13723520
v 4.11831027 -5.44405377 -1.39797796
v 3.97676985 -5.44405377 -1.64723201
v 3.82233226 -5.44405377 -1.88496567
v 3.65732694 -5.44405377 -2.11155869
v 3.48348969 -5.44405377 -2.32759340
v 3.30187481 -5.44405377 -2.53361765
v 3.11287796 -5.44405377 -2.72992070
v 2.91636150 -5.44405377 -2.91636150
v 2.71185722 -5.44405377 -3.09228051
v 2.49880980 -5.44405377 -3.25651234
v 2.27681837 -5.44405377 -3.40749950
v 2.04583509 -5.44405377 -3.54349031
v 1.80628772 -5.44405377 -3.66278917
v 1.55910715 -5.44405377 -3.76401762
v 1.30565710 -5.44405377 -3.84634180
v 1.04758108 -5.44405377 -3.90962582
v 0.78659538 -5.44405377 -3.95448200
v 0.52426719 -5.44405377 -3.98220469
v 0.26181949 -5.44405377 -3.99459346
v 0.00000000 -5.44405377 -3.99368922
v -0.26095881 -5.44405377 -3.98146208
v -0.52127786 -5.44405377 -3.95949846
v -0.78147433 -5.44405377 -3.92873677
v -1.04213334 -5.44405377 -3.88929458
v -1.30364590 -5.44405377 -3.84041699
v -1.56595828 -5.44405377 -3.78055771
v -1.82837805 -5.44405377 -3.70758393
v -2.08947475 -5.44405377 -3.61907642
v -2.34709849 -5.44405377 -3.51268112
v -2.59852176 -5.44405377 -3.38645949
v -2.84068852 -5.44405377 -3.23918444
v -3.07053638 -5.44405377 -3.07053638
v -3.28534346 -5.44405377 -2.88116889
v -3.48304447 -5.44405377 -2.67263402
v -3.66246255 -5.44405377 -2.44717924
v -3.82341378 -5.44405377 -2.20744897
v -3.96665890 -5.44405377 -1.95613969
v -4.09370005 -5.44405377 -1.69566608
v -4.20644423 -5.44405377 -1.42789541
v -4.30677777 -5.44405377 -1.15399763
v -4.39611258 -5.44405377 -0.87444116
v -4.47497312 -5.44405377 -0.58914139
v -4.54269124 -5.44405377 -0.29774371
v -4.59726394 -5.44405377 -0.00000000
v -4.63540831 -5.44405377 0.30382071
v -4.65282093 -5.44405377 0.61255550
v -4.64462005 -5.44405377 0.92387237
v -4.60592106 -5.44405377 1.23415283
v -4.53247481 -5.44405377 1.53856788
v -4.42128547 -5.44405377 1.83135641
v -4.27112401 -5.44405377 2.10628527
v -4.08286348 -5.44405377 2.35724233
v -3.85958393 -5.44405377 2.57889153
v -3.60642302 -5.44405377 2.76730572
v -3.33018196 -5.44405377 2.92049120
v -3.03872808 -5.44405377 3.03872808
v -2.74026310 -5.44405377 3.12467121
v -2.44254438 -5.44405377 3.18318582
v -2.15215361 -5.44405377 3.22092550
v -1.87390193 -5.44405377 3.24569335
v -1.61044327 -5.44405377 3.26565590
v -1.36214103 -5.44405377 3.28849935
v -1.12720073 -5.44405377 3.32062626
v -0.90204736 -5.44405377 3.36648658
v -0.68189558 -5.44405377 3.42812058
v -0.46143743 -5.44405377 3.50496527
v -0.23555946 -5.44405377 3.59394285
v -0.00000000 -5.44405377 3.68981541
v 0.24813167 -5.44405377 3.78575775
v 0.51003169 -5.44405377 3.87407532
v 0.78510288 -5.44405377 3.94697871
v 1.07107952 -5.44405377 3.99732320
v 1.36434480 -5.44405377 4.01923017
v 1.66038603 -5.44405377 4.00852647
v 1.95431761 -5.44405377 3.96296409
v 2.24139663 -5.44405377 3.88221284
v 2.51746197 -5.44405377 3.76764810
v 2.77924335 -5.44405377 3.62198045
v 3.02450860 -5.44405377 3.44879107
v 3.25204361 -5.44405377 3.25204361
v 3.46148423 -5.44405377 3.03564020
v 3.65304029 -5.44405377 2.80307640
v 3.82716606 -5.44405377 2.55723061
v 3.98423594 -5.44405377 2.30029969
v 4.12428009 -5.44405377 2.03386986
v 4.24682180 -5.44405377 1.75909119
v 4.35084004 -5.44405377 1.47691118
v 4.43485872 -5.44405377 1.18831681
v 4.49714354 -5.44405377 0.89453747
v 4.53596999 -5.44405377 0.59717178
v 4.54991513 -5.44405377 0.29821719
v 4.53168283 -4.92557246 0.00000000
v 4.49222577 -4.92557246 -0.29443603
v 4.42804097 -4.92557246 -0.58296265
v 4.34080672 -4.92557246 -0.86344014
v 4.23285078 -4.92557246 -1.13418895
v 4.10690729 -4.92557246 -1.39410717
v 3.96582414 -4.92557246 -1.64269814
v 3.81226643 -4.92557246 -1.88000175
v 3.64846124 -4.92557246 -2.10644008
v 3.47602157 -4.92557246 -2.32260336
v 3.29587391 -4.92557246 -2.52901300
v 3.10829651 -4.92557246 -2.72590288
v 2.91305772 -4.92557246 -2.91305772
v 2.70962751 -4.92557246 -3.08973801
v 2.49742434 -4.92557246 -3.25470677
v 2.27605433 -4.92557246 -3.40635602
v 2.04550232 -4.92557246 -3.54291395
v 1.80624340 -4.92557246 -3.66269928
v 1.55925754 -4.92557246 -3.76438070
v 1.30594727 -4.92557246 -3.84719660
v 1.04797507 -4.92557246 -3.91109621
v 0.78705142 -4.92557246 -3.95677466
v 0.52471303 -4.92557246 -3.98559112
v 0.26213310 -4.92557246 -3.99937822
v 0.00000000 -4.92557246 -4.00016873
v -0.26151054 -4.92557246 -3.98987981
v -0.52266083 -4.92557246 -3.97000317
v -0.78398328 -4.92557246 -3.94135012
v -1.04604503 -4.92557246 -3.90389320
v -1.30918415 -4.92557246 -3.85673215
v -1.57326306 -4.92557246 -3.79819302
v -1.83748396 -4.92557246 -3.72604887
v -2.10030282 -4.92557246 -3.63783120
v -2.35946344 -4.92557246 -3.53118658
v -2.61215387 -4.92557246 -3.40422521
v -2.85526730 -4.92557246 -3.25580836
v -3.08573075 -4.92557246 -3.08573075
v -3.30085204 -4.92557246 -2.89476955
v -3.49862916 -4.92557246 -2.68459257
v -3.67796947 -4.92557246 -2.45754063
v -3.83877731 -4.92557246 -2.21631911
v -3.98188737 -4.92557246 -1.96364954
v -4.10884437 -4.92557246 -1.70193906
v -4.22155392 -4.92557246 -1.43302446
v -4.32185109 -4.92557246 -1.15803651
v -4.41104897 -4.92557246 -0.87741219
v -4.48953660 -4.92557246 -0.59105871
v -4.55649209 -4.92557246 -0.29864827
v -4.60976398 -4.92557246 -0.00000000
v -4.64595183 -4.92557246 0.30451177
v -4.66068962 -4.92557246 0.61359143
v -4.64910661 -4.92557246 0.92476480
v -4.60641312 -4.92557246 1.23428468
v -4.52853860 -4.92557246 1.53723172
v -4.41273810 -4.92557246 1.82781597
v -4.25808386 -4.92557246 2.09985458
v -4.06577076 -4.92557246 2.34737384
v -3.83918664 -4.92557246 2.56526250
v -3.58372805 -4.92557246 2.74989125
v -3.30637535 -4.92557246 2.89961336
v -3.01507254 -4.92557246 3.01507254
v -2.71798400 -4.92557246 3.09926675
v -2.42271695 -4.92557246 3.15734621
v -2.13560440 -4.92557246 3.19615785
v -1.86113563 -4.92557246 3.22358148
v -1.60160335 -4.92557246 3.24773032
v -1.35700818 -4.92557246 3.27610754
v -1.12522874 -4.92557246 3.31481698
v -0.90243160 -4.92557246 3.36792058
v -0.68366522 -4.92557246 3.43701714
v -0.46356025 -4.92557246 3.52108969
v -0.23704681 -4.92557246 3.61663548
v -0.00000000 -4.92557246 3.71805793
v 0.25026254 -4.92557246 3.81826852
v 0.51468523 -4.92557246 3.90942247
v 0.79240687 -4.92557246 3.98369833
v 1.08091508 -4.92557246 4.03403001
v 1.37638852 -4.92557246 4.05470984
v 1.67416903 -4.92557246 4.04180158
v 1.96929222 -4.92557246 3.99332959
v 2.25700122 -4.92557246 3.90924078
v 2.53317562 -4.92557246 3.79116524
v 2.79462428 -4.92557246 3.64202527
v 3.03921327 -4.92557246 3.46555854
v 3.26582673 -4.92557246 3.26582673
v 3.47418258 -4.92557246 3.04677635
v 3.66454603 -4.92557246 2.81190507
v 3.83739585 -4.92557246 2.56406593
v 3.99310291 -4.92557246 2.30541904
v 4.13167426 -4.92557246 2.03751627
v 4.25260300 -4.92557246 1.76148584
v 4.35484456 -4.92557246 1.47827053
v 4.43691875 -4.92557246 1.18886880
v 4.49711566 -4.92557246 0.89453192
v 4.53376756 -4.92557246 0.59688182
v 4.54553866 -4.92557246 0.29793034
v 4.52482439 -4.40709115 0.00000000
v 4.48364158 -4.40709115 -0.29387340
v 4.41809145 -4.40709115 -0.58165277
v 4.32994066 -4.40709115 -0.86127875
v 4.22157065 -4.40709115 -1.13116645
v 4.09572649 -4.40709115 -1.39031180
v 3.95522196 -4.40709115 -1.63830658
v 3.80264689 -4.40709115 -1.87525792
v 3.64012130 -4.40709115 -2.10162501
v 3.46913295 -4.40709115 -2.31800053
v 3.29048039 -4.40709115 -2.52487441
v 3.10432652 -4.40709115 -2.72242129
v 2.91034943 -4.40709115 -2.91034943
v 2.70796219 -4.40709115 -3.08783907
v 2.49656215 -4.40709115 -3.25358314
v 2.27576712 -4.40709115 -3.40592619
v 2.04559830 -4.40709115 -3.54308019
v 1.80658025 -4.40709115 -3.66338235
v 1.55974266 -4.40709115 -3.76555188
v 1.30652603 -4.40709115 -3.84890158
v 1.04861008 -4.40709115 -3.91346609
v 0.78769726 -4.40709115 -3.96002153
v 0.52529189 -4.40709115 -3.98998805
v 0.26251638 -4.40709115 -4.00522598
v 0.00000000 -4.40709115 -4.00775370
v -0.26213643 -4.40709115 -3.99942911
v -0.52419334 -4.40709115 -3.98164370
v -0.78671389 -4.40709115 -3.95507783
v -1.05024225 -4.40709115 -3.91955744
v -1.31505865 -4.40709115 -3.87403786
v -1.58093755 -4.40709115 -3.81672088
v -1.84697310 -4.40709115 -3.74529096
v -2.11150691 -4.40709115 -3.65723725
v -2.37217753 -4.40709115 -3.55021457
v -2.62609152 -4.40709115 -3.42238910
v -2.87009549 -4.40709115 -3.27271667
v -3.10111079 -4.40709115 -3.10111079
v -3.31647966 -4.40709115 -2.90847460
v -3.51426725 -4.40709115 -2.69659210
v -3.69346750 -4.40709115 -2.46789609
v -3.85407358 -4.40709115 -2.22515042
v -3.99699279 -4.40709115 -1.97109871
v -4.12380963 -4.40709115 -1.70813788
v -4.23642462 -4.40709115 -1.43807238
v -4.33661786 -4.40709115 -1.16199325
v -4.42560098 -4.40709115 -0.88030677
v -4.50362668 -4.40709115 -0.59291370
v -4.56972102 -4.40709115 -0.29951534
v -4.62158862 -4.40709115 -0.00000000
v -4.65571877 -4.40709115 0.30515193
v -4.66769235 -4.40709115 0.61451336
v -4.65266032 -4.40709115 0.92547168
v -4.60593859 -4.40709115 1.23415752
v -4.52364441 -4.40709115 1.53557036
v -4.40329008 -4.40709115 1.82390247
v -4.24425155 -4.40709115 2.09303324
v -4.04804329 -4.40709115 2.33713888
v -3.81835378 -4.40709115 2.55134243
v -3.56082686 -4.40709115 2.73231855
v -3.28260688 -4.40709115 2.87876897
v -2.99169724 -4.40709115 2.99169724
v -2.69620722 -4.40709115 3.07443510
v -2.40357761 -4.40709115 3.13240333
v -2.11987945 -4.40709115 3.17262381
v -1.84927143 -4.40709115 3.20303207
v -1.59368154 -4.40709115 3.23166646
v -1.35274978 -4.40709115 3.26582686
v -1.12403536 -4.40709115 3.31130139
v -0.90345820 -4.40709115 3.37175189
v -0.68591539 -4.40709115 3.44832952
v -0.46599239 -4.40709115 3.53956358
v -0.23867867 -4.40709115 3.64153282
v -0.00000000 -4.40709115 3.74829387
v 0.25250690 -4.40709115 3.85251087
v 0.51952803 -4.40709115 3.94620715
v 0.79993568 -4.40709115 4.02154823
v 1.09097242 -4.40709115 4.07156450
v 1.38861726 -4.40709115 4.09073453
v 1.68807381 -4.40709115 4.07537068
v 1.98430730 -4.40709115 4.02377716
v 2.27255536 -4.40709115 3.93618135
v 2.54874577 -4.40709115 3.81446761
v 2.80977234 -4.40709115 3.66176660
v 3.05360326 -4.40709115 3.48196718
v 3.27922281 -4.40709115 3.27922281
v 3.48643141 -4.40709115 3.05751828
v 3.67554891 -4.40709115 2.82034788
v 3.84707770 -4.40709115 2.57053514
v 4.00138447 -4.40709115 2.31020040
v 4.13845339 -4.40709115 2.04085936
v 4.25774861 -4.40709115 1.76361722
v 4.35820441 -4.40709115 1.47941105
v 4.43833952 -4.40709115 1.18924949
v 4.49647170 -4.40709115 0.89440383
v 4.53099283 -4.40709115 0.59651652
v 4.54065590 -4.40709115 0.29761031
v 4.51754378 -3.88860984 0.00000000
v 4.47474910 -3.88860984 -0.29329055
v 4.40796266 -3.88860984 -0.58031929
v 4.31903336 -3.88860984 -0.85910915
v 4.21038902 -3.88860984 -1.12817034
v 4.08477783 -3.88860984 -1.38659523
v 3.94497211 -3.88860984 -1.63406095
v 3.79348016 -3.88860984 -1.87073739
v 3.63231064 -3.88860984 -2.09711553
v 3.46282392 -3.88860984 -2.31378497
v 3.28569089 -3.88860984 -2.52119929
v 3.10096146 -3.88860984 -2.71947021
v 2.90822756 -3.88860984 -2.90822756
v 2.70685032 -3.88860984 -3.08657123
v 2.49621125 -3.88860984 -3.25312584
v 2.27594451 -3.88860984 -3.40619167
v 2.04611117 -3.88860984 -3.54396850
v 1.80728729 -3.88860984 -3.66481609
v 1.56055273 -3.88860984 -3.76750756
v 1.30738500 -3.88860984 -3.85143201
v 1.04947915 -3.88860984 -3.91670951
v 0.78852743 -3.88860984 -3.96419508
v 0.52599989 -3.88860984 -3.99536583
v 0.26296721 -3.88860984 -4.01210425
v 0.00000000 -3.88860984 -4.01640795
v -0.26283383 -3.88860984 -4.01006930
v -0.52586935 -3.88860984 -3.99437431
v -0.78965601 -3.88860984 -3.96986882
v -1.05470990 -3.88860984 -3.93623093
v -1.32124860 -3.88860984 -3.89227286
v -1.58895469 -3.88860984 -3.83607595
v -1.85681182 -3.88860984 -3.76524190
v -2.12304669 -3.88860984 -3.67722474
v -2.38519405 -3.88860984 -3.56969516
v -2.64028212 -3.88860984 -3.44088266
v -2.88511544 -3.88860984 -3.28984364
v -3.11661464 -3.88860984 -3.11661464
v -3.33216123 -3.88860984 -2.92222697
v -3.52989136 -3.88860984 -2.70858091
v -3.70888781 -3.88860984 -2.47819960
v -3.86923295 -3.88860984 -2.23390268
v -4.01190527 -3.88860984 -1.97845273
v -4.13852610 -3.88860984 -1.71423364
v -4.25098716 -3.88860984 -1.44301569
v -4.35100996 -3.88860984 -1.16584960
v -4.43970203 -3.88860984 -0.88311164
v -4.51717914 -3.88860984 -0.59469792
v -4.58231721 -3.88860984 -0.30034094
v -4.63268172 -3.88860984 -0.00000000
v -4.66465920 -3.88860984 0.30573792
v -4.67378695 -3.88860984 0.61531573
v -4.65524831 -3.88860984 0.92598646
v -4.60447521 -3.88860984 1.23376541
v -4.51778151 -3.88860984 1.53358017
v -4.39294257 -3.88860984 1.81961639
v -4.22963983 -3.88860984 2.08582754
v -4.02970434 -3.88860984 2.32655089
v -3.79711746 -3.88860984 2.53715277
v -3.53775809 -3.88860984 2.71461726
v -3.25891899 -3.88860984 2.85799525
v -2.96864547 -3.88860984 2.96864547
v -2.67497406 -3.88860984 3.05022332
v -2.38516311 -3.88860984 3.10840508
v -2.10500899 -3.88860984 3.15036859
v -1.83833171 -3.88860984 3.18408393
v -1.58669196 -3.88860984 3.21749300
v -1.34937213 -3.88860984 3.25767251
v -1.12362026 -3.88860984 3.31007854
v -0.90512208 -3.88860984 3.37796158
v -0.68863858 -3.88860984 3.46201994
v -0.46872640 -3.88860984 3.56033051
v -0.24045019 -3.88860984 3.66856105
v -0.00000000 -3.88860984 3.78043420
v 0.25485811 -3.88860984 3.88838337
v 0.52454554 -3.88860984 3.98431893
v 0.80766626 -3.88860984 4.06041248
v 1.10121994 -3.88860984 4.10980877
v 1.40099141 -3.88860984 4.12718760
v 1.70205370 -3.88860984 4.10912113
v 1.99931040 -3.88860984 4.05420044
v 2.28800219 -3.88860984 3.96293604
v 2.56411254 -3.88860984 3.83746561
v 2.82462599 -3.88860984 3.68112426
v 3.06761658 -3.88860984 3.49794631
v 3.29217049 -3.88860984 3.29217049
v 3.49817080 -3.88860984 3.06781345
v 3.68599132 -3.88860984 2.82836062
v 3.85615698 -3.88860984 2.57660172
v 4.00902965 -3.88860984 2.31461435
v 4.14457081 -3.88860984 2.04387614
v 4.26221695 -3.88860984 1.76546807
v 4.36088350 -3.88860984 1.48032048
v 4.43909109 -3.88860984 1.18945087
v 4.49518823 -3.88860984 0.89414853
v 4.52762899 -3.88860984 0.59607367
v 4.53525660 -3.88860984 0.29725642
v 4.50983939 -3.37012852 0.00000000
v 4.46555175 -3.37012852 -0.29268772
v 4.39766193 -3.37012852 -0.57896318
v 4.30809475 -3.37012852 -0.85693333
v 4.19931694 -3.37012852 -1.12520358
v 4.07407212 -3.37012852 -1.38296113
v 3.93508381 -3.37012852 -1.62996508
v 3.78477290 -3.37012852 -1.86644345
v 3.62503260 -3.37012852 -2.09291355
v 3.45709419 -3.37012852 -2.30995649
v 3.28150150 -3.37012852 -2.51798466
v 3.09819419 -3.37012852 -2.71704338
v 2.90668234 -3.37012852 -2.90668234
v 2.70628031 -3.37012852 -3.08592126
v 2.49635905 -3.37012852 -3.25331845
v 2.27657367 -3.37012852 -3.40713328
v 2.04702855 -3.37012852 -3.54555746
v 1.80835310 -3.37012852 -3.66697733
v 1.56167757 -3.37012852 -3.77022317
v 1.30851541 -3.37012852 -3.85476209
v 1.05057502 -3.37012852 -3.92079934
v 0.78953619 -3.37012852 -3.96926649
v 0.52683292 -3.37012852 -4.00169335
v 0.26348333 -3.37012852 -4.01997882
v 0.00000000 -3.37012852 -4.02609338
v -0.26359993 -3.37012852 -4.02175769
v -0.52768258 -3.37012852 -4.00814713
v -0.79279901 -3.37012852 -3.98566977
v -1.05943226 -3.37012852 -3.95385500
v -1.32773245 -3.37012852 -3.91137366
v -1.59728654 -3.37012852 -3.85619082
v -1.86696552 -3.37012852 -3.78583156
v -2.13488091 -3.37012852 -3.69772221
v -2.39846540 -3.37012852 -3.58955714
v -2.65467235 -3.37012852 -3.45963637
v -2.90026887 -3.37012852 -3.30712281
v -3.13218007 -3.37012852 -3.13218007
v -3.34783156 -3.37012852 -2.93596948
v -3.54543425 -3.37012852 -2.72050738
v -3.72416193 -3.37012852 -2.48840545
v -3.88418644 -3.37012852 -2.24253609
v -4.02655584 -3.37012852 -1.98567759
v -4.15292525 -3.37012852 -1.72019796
v -4.26517382 -3.37012852 -1.44783142
v -4.36496090 -3.37012852 -1.16958775
v -4.45328748 -3.37012852 -0.88581396
v -4.53013198 -3.37012852 -0.59640319
v -4.59422235 -3.37012852 -0.30112124
v -4.64298995 -3.37012852 -0.00000000
v -4.67272621 -3.37012852 0.30626666
v -4.67893454 -3.37012852 0.61599342
v -4.65684121 -3.37012852 0.92630331
v -4.60200436 -3.37012852 1.23310335
v -4.51094285 -3.37012852 1.53125876
v -4.38170033 -3.37012852 1.81495970
v -4.21426483 -3.37012852 2.07824543
v -4.01078030 -3.37012852 2.31562508
v -3.77551245 -3.37012852 2.52271677
v -3.51456249 -3.37012852 2.69681865
v -3.23535563 -3.37012852 2.83733073
v -2.94596140 -3.37012852 2.94596140
v -2.65432607 -3.37012852 3.02667880
v -2.36750985 -3.37012852 3.08539891
v -2.09102237 -3.37012852 3.12943613
v -1.82833765 -3.37012852 3.16677370
v -1.58064729 -3.37012852 3.20523562
v -1.34687999 -3.37012852 3.25165594
v -1.12398161 -3.37012852 3.31114306
v -0.90741683 -3.37012852 3.38652570
v -0.69182622 -3.37012852 3.47804525
v -0.47175416 -3.37012852 3.58332858
v -0.24235619 -3.37012852 3.69764096
v -0.00000000 -3.37012852 3.81438472
v 0.25730921 -3.37012852 3.92577994
v 0.52972268 -3.37012852 4.02364325
v 0.81557487 -3.37012852 4.10017176
v 1.11162534 -3.37012852 4.14864224
v 1.41347071 -3.37012852 4.16395045
v 1.71606156 -3.37012852 4.14293910
v 2.01424878 -3.37012852 4.08449247
v 2.30328482 -3.37012852 3.98940634
v 2.57921638 -3.37012852 3.86007010
v 2.83912437 -3.37012852 3.70001891
v 3.08119224 -3.37012852 3.51342638
v 3.30460968 -3.37012852 3.30460968
v 3.50934249 -3.37012852 3.07761077
v 3.69581756 -3.37012852 2.83590056
v 3.86458123 -3.37012852 2.58223062
v 4.01598988 -3.37012852 2.31863284
v 4.14998249 -3.37012852 2.04654488
v 4.26596917 -3.37012852 1.76702229
v 4.36284869 -3.37012852 1.48098757
v 4.43914649 -3.37012852 1.18946572
v 4.49324479 -3.37012852 0.89376196
v 4.52366220 -3.37012852 0.59555143
v 4.52933327 -3.37012852 0.29686819
v 4.50171220 -2.85164721 0.00000000
v 4.45605524 -2.85164721 -0.29206529
v 4.38719853 -2.85164721 -0.57758564
v 4.29713629 -2.85164721 -0.85475355
v 4.18836664 -2.85164721 -1.12226946
v 4.06362088 -2.85164721 -1.37941341
v 3.92556667 -2.85164721 -1.62602296
v 3.77653178 -2.85164721 -1.86237937
v 3.61829027 -2.85164721 -2.08902086
v 3.45194298 -2.85164721 -2.30651456
v 3.27790769 -2.85164721 -2.51522703
v 3.09601687 -2.85164721 -2.71513392
v 2.90570327 -2.85164721 -2.90570327
v 2.70623984 -2.85164721 -3.08587511
v 2.49699225 -2.85164721 -3.25414365
v 2.27764118 -2.85164721 -3.40873091
v 2.04833753 -2.85164721 -3.54782467
v 1.80976575 -2.85164721 -3.66984191
v 1.56310658 -2.85164721 -3.77367311
v 1.30990813 -2.85164721 -3.85886492
v 1.05189008 -2.85164721 -3.92570723
v 0.79071755 -2.85164721 -3.97520557
v 0.52778669 -2.85164721 -4.00893792
v 0.26406240 -2.85164721 -4.02881375
v 0.00000000 -2.85164721 -4.03677000
v -0.26443179 -2.85164721 -4.03444947
v -0.52962642 -2.85164721 -4.02291203
v -0.79613184 -2.85164721 -4.00242506
v -1.06439299 -2.85164721 -3.97236871
v -1.33448790 -2.85164721 -3.93127458
v -1.60590433 -2.85164721 -3.87699602
v -1.87739871 -2.85164721 -3.80698798
v -2.14696744 -2.85164721 -3.71865669
v -2.41194318 -2.85164721 -3.60972806
v -2.66920819 -2.85164721 -3.47857984
v -2.91549702 -2.85164721 -3.32448720
v -3.14774457 -2.85164721 -3.14774457
v -3.36342540 -2.85164721 -2.94964491
v -3.56082891 -2.85164721 -2.73232013
v -3.73922195 -2.85164721 -2.49846823
v -3.89886589 -2.85164721 -2.25101127
v -4.04087660 -2.85164721 -1.99273981
v -4.16693986 -2.85164721 -1.72600300
v -4.27891845 -2.85164721 -1.45249709
v -4.37840603 -2.85164721 -1.17319036
v -4.46629478 -2.85164721 -0.88840127
v -4.54242552 -2.85164721 -0.59802167
v -4.60538069 -2.85164721 -0.30185260
v -4.65246280 -2.85164721 -0.00000000
v -4.67987605 -2.85164721 0.30673528
v -4.68309962 -2.85164721 0.61654176
v -4.65741323 -2.85164721 0.92641709
v -4.59851111 -2.85164721 1.23216734
v -4.50312507 -2.85164721 1.52860498
v -4.36957173 -2.85164721 1.80993587
v -4.19814608 -2.85164721 2.07029654
v -3.99130056 -2.85164721 2.30437845
v -3.75357608 -2.85164721 2.50805936
v -3.49128282 -2.85164721 2.67895553
v -3.21196208 -2.85164721 2.81681514
v -2.92368990 -2.85164721 2.92368990
v -2.63430482 -2.85164721 3.00384894
v -2.35065369 -2.85164721 3.06343154
v -2.07794791 -2.85164721 3.10986882
v -1.81930900 -2.85164721 3.15113562
v -1.57555857 -2.85164721 3.19491673
v -1.34527640 -2.85164721 3.24778454
v -1.12511598 -2.85164721 3.31448480
v -0.91033464 -2.85164721 3.39741511
v -0.69546862 -2.85164721 3.49635684
v -0.47506676 -2.85164721 3.60849030
v -0.24439112 -2.85164721 3.72868788
v -0.00000000 -2.85164721 3.85004614
v 0.25985295 -2.85164721 3.96458986
v 0.53504386 -2.85164721 4.06406161
v 0.82363713 -2.85164721 4.14070347
v 1.12215563 -2.85164721 4.18794183
v 1.42601433 -2.85164721 4.20090275
v 1.73004981 -2.85164721 4.17670971
v 2.02906951 -2.85164721 4.11454593
v 2.31834651 -2.85164721 4.01549395
v 2.59399818 -2.85164721 3.88219263
v 2.85320738 -2.85164721 3.71837225
v 3.09427038 -2.85164721 3.52833914
v 3.31648180 -2.85164721 3.31648180
v 3.51989003 -2.85164721 3.08686071
v 3.70497400 -2.85164721 2.84292654
v 3.87230034 -2.85164721 2.58738837
v 4.02221918 -2.85164721 2.32222933
v 4.15464717 -2.85164721 2.04884525
v 4.26896927 -2.85164721 1.76826497
v 4.36406981 -2.85164721 1.48140208
v 4.43848181 -2.85164721 1.18928762
v 4.49062395 -2.85164721 0.89324064
v 4.51908153 -2.85164721 0.59494837
v 4.52288125 -2.85164721 0.29644530
v 4.49316567 -2.33316590 0.00000000
v 4.44626747 -2.33316590 -0.29142377
v 4.37658356 -2.33316590 -0.57618816
v 4.28617086 -2.33316590 -0.85257239
v 4.17755132 -2.33316590 -1.11937150
v 4.05343624 -2.33316590 -1.37595619
v 3.91643051 -2.33316590 -1.62223863
v 3.76876332 -2.33316590 -1.85854839
v 3.61208632 -2.33316590 -2.08543901
v 3.44736891 -2.33316590 -2.30345827
v 3.27490420 -2.33316590 -2.51292237
v 3.09442082 -2.33316590 -2.71373423
v 2.90527903 -2.33316590 -2.90527903
v 2.70671580 -2.33316590 -3.08641783
v 2.49809685 -2.33316590 -3.25558320
v 2.27913293 -2.33316590 -3.41096348
v 2.05002460 -2.33316590 -3.55074676
v 1.81151282 -2.33316590 -3.67338461
v 1.56482870 -2.33316590 -3.77783067
v 1.31155362 -2.33316590 -3.86371238
v 1.05341640 -2.33316590 -3.93140351
v 0.79206520 -2.33316590 -3.98198065
v 0.52885667 -2.33316590 -4.01706521
v 0.26470195 -2.33316590 -4.03857128
v 0.00000000 -2.33316590 -4.04839577
v -0.26532634 -2.33316590 -4.04809765
v -0.53169397 -2.33316590 -4.03861662
v -0.79964298 -2.33316590 -4.02007673
v -1.06957515 -2.33316590 -3.99170880
v -1.34149191 -2.33316590 -3.95190774
v -1.61477847 -2.33316590 -3.89842009
v -1.88807504 -2.33316590 -3.82863744
v -2.15926329 -2.33316590 -3.73995373
v -2.42557822 -2.33316590 -3.63013435
v -2.68383499 -2.33316590 -3.49764186
v -2.93074073 -2.33316590 -3.34186931
v -3.16324546 -2.33316590 -3.16324546
v -3.37887762 -2.33316590 -2.96319615
v -3.57600875 -2.33316590 -2.74396802
v -3.75400062 -2.33316590 -2.50834302
v -3.91320406 -2.33316590 -2.25928942
v -4.05480086 -2.33316590 -1.99960650
v -4.18050419 -2.33316590 -1.73162153
v -4.29215662 -2.33316590 -1.45699084
v -4.39128266 -2.33316590 -1.17664064
v -4.47866357 -2.33316590 -0.89086157
v -4.55400256 -2.33316590 -0.59954581
v -4.61573924 -2.33316590 -0.30253153
v -4.66105282 -2.33316590 -0.00000000
v -4.68606821 -2.33316590 0.30714114
v -4.68625017 -2.33316590 0.61695654
v -4.65694218 -2.33316590 0.92632339
v -4.59398424 -2.33316590 1.23095437
v -4.49432854 -2.33316590 1.52561896
v -4.35656873 -2.33316590 1.80454985
v -4.18130643 -2.33316590 2.06199214
v -3.97129748 -2.33316590 2.29282967
v -3.73134813 -2.33316590 2.49320711
v -3.46796365 -2.33316590 2.66106210
v -3.18878483 -2.33316590 2.79648924
v -2.90187632 -2.33316590 2.90187632
v -2.61495173 -2.33316590 2.98178097
v -2.33462975 -2.33316590 3.04254873
v -2.06581271 -2.33316590 3.09170721
v -1.81126394 -2.33316590 3.13720117
v -1.57143509 -2.33316590 3.18655514
v -1.34456262 -2.33316590 3.24606132
v -1.12701824 -2.33316590 3.32008868
v -0.91386624 -2.33316590 3.41059524
v -0.69955498 -2.33316590 3.51690038
v -0.47865458 -2.33316590 3.63574249
v -0.24654905 -2.33316590 3.76161162
v -0.00000000 -2.33316590 3.88731404
v 0.26248176 -2.33316590 4.00469784
v 0.54049296 -2.33316590 4.10545159
v 0.83182802 -2.33316590 4.18188188
v 1.13277722 -2.33316590 4.22758214
v 1.43858089 -2.33316590 4.23792264
v 1.74397053 -2.33316590 4.21031730
v 2.04371961 -2.33316590 4.14425340
v 2.33313074 -2.33316590 4.04110099
v 2.60839943 -2.33316590 3.90374562
v 2.86681590 -2.33316590 3.73610722
v 3.10679247 -2.33316590 3.54261785
v 3.32772989 -2.33316590 3.32772989
v 3.52975887 -2.33316590 3.09551545
v 3.71340927 -2.33316590 2.84939915
v 3.87926668 -2.33316590 2.59204313
v 4.02767425 -2.33316590 2.32537882
v 4.15852645 -2.33316590 2.05075830
v 4.27118427 -2.33316590 1.76918245
v 4.36451978 -2.33316590 1.48155483
v 4.43707622 -2.33316590 1.18891099
v 4.48731135 -2.33316590 0.89258172
v 4.51387902 -2.33316590 0.59426345
v 4.51589861 -2.33316590 0.29598763
v 4.48420575 -1.81468459 0.00000000
v 4.43619846 -1.81468459 -0.29076381
v 4.36582985 -1.81468459 -0.57477240
v 4.27521266 -1.81468459 -0.85039267
v 4.16688508 -1.81468459 -1.11651349
v 4.04353079 -1.81468459 -1.37259375
v 3.90768519 -1.81468459 -1.61861620
v 3.76147383 -1.81468459 -1.85495361
v 3.60642293 -1.81468459 -2.08216925
v 3.44336990 -1.81468459 -2.30078621
v 3.27248491 -1.81468459 -2.51106599
v 3.09339649 -1.81468459 -2.71283591
v 2.90539739 -1.81468459 -2.90539739
v 2.70769421 -1.81468459 -3.08753350
v 2.49965806 -1.81468459 -3.25761781
v 2.28103413 -1.81468459 -3.41380882
v 2.05207562 -1.81468459 -3.55429924
v 1.81358131 -1.81468459 -3.67757910
v 1.56683238 -1.81468459 -3.78266797
v 1.31344192 -1.81468459 -3.86927511
v 1.05514564 -1.81468459 -3.93785713
v 0.79357253 -1.81468459 -3.98955852
v 0.53003811 -1.81468459 -4.02603919
v 0.26539936 -1.81468459 -4.04921172
v 0.00000000 -1.81468459 -4.06092659
v -0.26628035 -1.81468459 -4.06265305
v -0.53387802 -1.81468459 -4.05520619
v -0.80332042 -1.81468459 -4.03856448
v -1.07496118 -1.81468459 -4.01180974
v -1.34872071 -1.81468459 -3.97320308
v -1.62387853 -1.81468459 -3.92038958
v -1.89895732 -1.81468459 -3.85070451
v -2.17172469 -1.81468459 -3.76153750
v -2.43932067 -1.81468459 -3.65070137
v -2.69849762 -1.81468459 -3.51675057
v -2.94594050 -1.81468459 -3.35920133
v -3.17862002 -1.81468459 -3.17862002
v -3.39412333 -1.81468459 -2.97656627
v -3.59090768 -1.81468459 -2.75540037
v -3.76843150 -1.81468459 -2.51798543
v -3.92713484 -1.81468459 -2.26733236
v -4.06826330 -1.81468459 -2.00624544
v -4.19355410 -1.81468459 -1.73702698
v -4.30482575 -1.81468459 -1.46129144
v -4.40353023 -1.81468459 -1.17992237
v -4.49033585 -1.81468459 -0.89318333
v -4.56480849 -1.81468459 -0.60096844
v -4.62524789 -1.81468459 -0.30315476
v -4.66871563 -1.81468459 -0.00000000
v -4.69126556 -1.81468459 0.30748179
v -4.68835772 -1.81468459 0.61723400
v -4.65540963 -1.81468459 0.92601855
v -4.58841632 -1.81468459 1.22946245
v -4.48455735 -1.81468459 1.52230209
v -4.34270682 -1.81468459 1.79880806
v -4.16377200 -1.81468459 2.05334512
v -3.95080624 -1.81468459 2.28099904
v -3.70887063 -1.81468459 2.47818813
v -3.44465124 -1.81468459 2.64317386
v -3.16587133 -1.81468459 2.77639464
v -2.88056630 -1.81468459 2.88056630
v -2.59630785 -1.81468459 2.96052171
v -2.31947218 -1.81468459 3.02279500
v -2.05464244 -1.81468459 3.07498971
v -1.80421891 -1.81468459 3.12499882
v -1.56828421 -1.81468459 3.18016578
v -1.34473798 -1.81468459 3.24648466
v -1.12968149 -1.81468459 3.32793436
v -0.91800086 -1.81468459 3.42602585
v -0.70407334 -1.81468459 3.53961572
v -0.48250721 -1.81468459 3.66500613
v -0.24882373 -1.81468459 3.79631645
v -0.00000000 -1.81468459 3.92607888
v 0.26518781 -1.81468459 4.04598410
v 0.54605336 -1.81468459 4.14768702
v 0.84012196 -1.81468459 4.22357832
v 1.14345593 -1.81468459 4.26743563
v 1.45112858 -1.81468459 4.27488694
v 1.75777558 -1.81468459 4.24364565
v 2.05814614 -1.81468459 4.17350752
v 2.34758140 -1.81468459 4.06613026
v 2.62236236 -1.81468459 3.92464262
v 2.87989190 -1.81468459 3.75314820
v 3.11870142 -1.81468459 3.55619740
v 3.33829881 -1.81468459 3.33829881
v 3.53889661 -1.81468459 3.10352903
v 3.72107433 -1.81468459 2.85528076
v 3.88543523 -1.81468459 2.59616482
v 4.03231461 -1.81468459 2.32805793
v 4.16158488 -1.81468459 2.05226655
v 4.27258429 -1.81468459 1.76976236
v 4.36417467 -1.81468459 1.48143768
v 4.43491205 -1.81468459 1.18833110
v 4.48329571 -1.81468459 0.89178296
v 4.50804964 -1.81468459 0.59349599
v 4.50838617 -1.81468459 0.29549524
v 4.47484074 -1.29620328 0.00000000
v 4.42586024 -1.29620328 -0.29008621
v 4.35495182 -1.29620328 -0.57334028
v 4.26427707 -1.29620328 -0.84821745
v 4.15638275 -1.29620328 -1.11369940
v 4.03391743 -1.29620328 -1.36933045
v 3.89934054 -1.29620328 -1.61515974
v 3.75466918 -1.29620328 -1.85159793
v 3.60130158 -1.29620328 -2.07921244
v 3.43994298 -1.29620328 -2.29849642
v 3.27064276 -1.29620328 -2.50965246
v 3.09293333 -1.29620328 -2.71242973
v 2.90604518 -1.29620328 -2.90604518
v 2.70916019 -1.29620328 -3.08920514
v 2.50166024 -1.29620328 -3.26022710
v 2.28332923 -1.29620328 -3.41724368
v 2.05447581 -1.29620328 -3.55845648
v 1.81595766 -1.29620328 -3.68239785
v 1.56910554 -1.29620328 -3.78815587
v 1.31556259 -1.29620328 -3.87552241
v 1.05706910 -1.29620328 -3.94503559
v 0.79523262 -1.29620328 -3.99790437
v 0.53132605 -1.29620328 -4.03582203
v 0.26615191 -1.29620328 -4.06069346
v 0.00000000 -1.29620328 -4.07431623
v -0.26729045 -1.29620328 -4.07806419
v -0.53617108 -1.29620328 -4.07262368
v -0.80715171 -1.29620328 -4.05782567
v -1.08053290 -1.29620328 -4.03260369
v -1.35614978 -1.29620328 -3.99508843
v -1.63317331 -1.29620328 -3.94282915
v -1.91000754 -1.29620328 -3.87311216
v -2.18430711 -1.29620328 -3.78333090
v -2.45312004 -1.29620328 -3.67135359
v -2.71314047 -1.29620328 -3.53583350
v -2.96103667 -1.29620328 -3.37641521
v -3.19380558 -1.29620328 -3.19380558
v -3.40909798 -1.29620328 -2.98969869
v -3.60546027 -1.29620328 -2.76656697
v -3.78244912 -1.29620328 -2.52735170
v -3.94059334 -1.29620328 -2.27510263
v -4.08120012 -1.29620328 -2.01262517
v -4.20602724 -1.29620328 -1.74219353
v -4.31686530 -1.29620328 -1.46537831
v -4.41509040 -1.29620328 -1.18301991
v -4.50125612 -1.29620328 -0.89535551
v -4.57479148 -1.29620328 -0.60228272
v -4.63385950 -1.29620328 -0.30371920
v -4.67541012 -1.29620328 -0.00000000
v -4.69543439 -1.29620328 0.30775503
v -4.68939744 -1.29620328 0.61737089
v -4.65280086 -1.29620328 0.92549963
v -4.58180368 -1.29620328 1.22769060
v -4.47381929 -1.29620328 1.51865701
v -4.32800503 -1.29620328 1.79271838
v -4.14557206 -1.29620328 2.04436990
v -3.92986470 -1.29620328 2.26890844
v -3.68618779 -1.29620328 2.46303193
v -3.42139329 -1.29620328 2.62532740
v -3.14326979 -1.29620328 2.75657362
v -2.85980555 -1.29620328 2.85980555
v -2.57841362 -1.29620328 2.94011725
v -2.30521395 -1.29620328 3.00421330
v -2.04446112 -1.29620328 3.05975229
v -1.79818842 -1.29620328 3.11455371
v -1.56611123 -1.29620328 3.17575941
v -1.34579977 -1.29620328 3.24904806
v -1.13309696 -1.29620328 3.33799601
v -0.92272615 -1.29620328 3.44366087
v -0.70901055 -1.29620328 3.56443673
v -0.48661348 -1.29620328 3.69619635
v -0.25120850 -1.29620328 3.83270107
v -0.00000000 -1.29620328 3.96622610
v 0.26796294 -1.29620328 4.08832450
v 0.55170798 -1.29620328 4.19063815
v 0.84849280 -1.29620328 4.26566139
v 1.15415709 -1.29620328 4.30737292
v 1.46361523 -1.29620328 4.31167143
v 1.77141671 -1.29620328 4.27657824
v 2.07229636 -1.29620328 4.20220132
v 2.36164287 -1.29620328 4.09048545
v 2.63583009 -1.29620328 3.94479850
v 2.89237863 -1.29620328 3.76942121
v 3.12994176 -1.29620328 3.56901455
v 3.34813534 -1.29620328 3.34813534
v 3.54725307 -1.29620328 3.11085745
v 3.72792270 -1.29620328 2.86053570
v 3.89076370 -1.29620328 2.59972519
v 4.03610269 -1.29620328 2.33024498
v 4.16379010 -1.29620328 2.05335404
v 4.27314257 -1.29620328 1.76999361
v 4.36301373 -1.29620328 1.48104359
v 4.43197480 -1.29620328 1.18754407
v 4.47856880 -1.29620328 0.89084272
v 4.50159128 -1.29620328 0.59264574
v 4.50034745 -1.29620328 0.29496836
v 4.46508126 -0.77772197 0.00000000
v 4.41526676 -0.77772197 -0.28939187
v 4.34396539 -0.77772197 -0.57189389
v 4.25338050 -0.77772197 -0.84604998
v 4.14605973 -0.77772197 -1.11093336
v 4.02460922 -0.77772197 -1.36617074
v 3.89140615 -0.77772197 -1.61187321
v 3.74835473 -0.77772197 -1.84848399
v 3.59672300 -0.77772197 -2.07656899
v 3.43708428 -0.77772197 -2.29658629
v 3.26936964 -0.77772197 -2.50867556
v 3.09301971 -0.77772197 -2.71250548
v 2.90720813 -0.77772197 -2.90720813
v 2.71109788 -0.77772197 -3.09141465
v 2.50408686 -0.77772197 -3.26338953
v 2.28600188 -0.77772197 -3.42124358
v 2.05720965 -0.77772197 -3.56319164
v 1.81862766 -0.77772197 -3.68781209
v 1.57163558 -0.77772197 -3.79426394
v 1.31790475 -0.77772197 -3.88242219
v 1.05917766 -0.77772197 -3.95290485
v 0.79703822 -0.77772197 -4.00698170
v 0.53271525 -0.77772197 -4.04637406
v 0.26695674 -0.77772197 -4.07297281
v 0.00000000 -0.77772197 -4.08851627
v -0.26835311 -0.77772197 -4.09427731
v -0.53856531 -0.77772197 -4.09080966
v -0.81112391 -0.77772197 -4.07779529
v -1.08627153 -0.77772197 -4.05402055
v -1.36375392 -0.77772197 -4.01748950
v -1.64263083 -0.77772197 -3.96566162
v -1.92118698 -0.77772197 -3.89578181
v -2.19696536 -0.77772197 -3.80525563
v -2.46692533 -0.77772197 -3.69201467
v -2.72770762 -0.77772197 -3.55481778
v -2.97596947 -0.77772197 -3.39344280
v -3.20873970 -0.77772197 -3.20873970
v -3.42373756 -0.77772197 -3.00253726
v -3.61960193 -0.77772197 -2.77741825
v -3.79598913 -0.77772197 -2.53639884
v -3.95351608 -0.77772197 -2.28256358
v -4.09354917 -0.77772197 -2.01871505
v -4.21786317 -0.77772197 -1.74709613
v -4.32821686 -0.77772197 -1.46923164
v -4.42590723 -0.77772197 -1.18591827
v -4.51137152 -0.77772197 -0.89736759
v -4.58390253 -0.77772197 -0.60348222
v -4.64153003 -0.77772197 -0.30422195
v -4.68109849 -0.77772197 -0.00000000
v -4.69854456 -0.77772197 0.30795888
v -4.68934822 -0.77772197 0.61736440
v -4.64910497 -0.77772197 0.92476448
v -4.57414645 -0.77772197 1.22563885
v -4.46212583 -0.77772197 1.51468762
v -4.31248580 -0.77772197 1.78629011
v -4.12673895 -0.77772197 2.03508244
v -3.90851330 -0.77772197 2.25658121
v -3.66334571 -0.77772197 2.44776935
v -3.39823877 -0.77772197 2.60756032
v -3.12102896 -0.77772197 2.73706894
v -2.83963958 -0.77772197 2.83963958
v -2.56130864 -0.77772197 2.92061275
v -2.29188662 -0.77772197 2.98684479
v -2.03529096 -0.77772197 3.04602818
v -1.79318487 -0.77772197 3.10588730
v -1.56491925 -0.77772197 3.17334232
v -1.34774316 -0.77772197 3.25373982
v -1.13725396 -0.77772197 3.35024213
v -0.92802816 -0.77772197 3.46344825
v -0.71435223 -0.77772197 3.59129119
v -0.49096144 -0.77772197 3.72922236
v -0.25369637 -0.77772197 3.87065864
v -0.00000000 -0.77772197 4.00763614
v 0.27079876 -0.77772197 4.13159064
v 0.55743929 -0.77772197 4.23417181
v 0.85691391 -0.77772197 4.30799714
v 1.16484559 -0.77772197 4.34726294
v 1.47599840 -0.77772197 4.34815107
v 1.78484563 -0.77772197 4.30899852
v 2.08611781 -0.77772197 4.23022845
v 2.37526024 -0.77772197 4.11407142
v 2.64874679 -0.77772197 3.96412972
v 2.90422074 -0.77772197 3.78485416
v 3.14045981 -0.77772197 3.58100809
v 3.35718838 -0.77772197 3.35718838
v 3.55478048 -0.77772197 3.11745881
v 3.73391054 -0.77772197 2.86513033
v 3.89521269 -0.77772197 2.60269791
v 4.03900397 -0.77772197 2.33192003
v 4.16511289 -0.77772197 2.05400637
v 4.27283560 -0.77772197 1.76986646
v 4.36101945 -0.77772197 1.48036663
v 4.42825316 -0.77772197 1.18654686
v 4.47312551 -0.77772197 0.88975998
v 4.49450473 -0.77772197 0.59171277
v 4.49178857 -0.77772197 0.29440738
v 4.45494011 -0.25924066 0.00000000
v 4.40443374 -0.25924066 -0.28868184
v 4.33288783 -0.25924066 -0.57043550
v 4.24254023 -0.25924066 -0.84389372
v 4.13593186 -0.25924066 -1.10821960
v 4.01561921 -0.25924066 -1.36311904
v 3.88389123 -0.25924066 -1.60876042
v 3.74253512 -0.25924066 -1.84561407
v 3.59268695 -0.25924066 -2.07423878
v 3.43478879 -0.25924066 -2.29505250
v 3.26865627 -0.25924066 -2.50812817
v 3.09364282 -0.25924066 -2.71305194
v 2.90887089 -0.25924066 -2.90887089
v 2.71349036 -0.25924066 -3.09414275
v 2.50692043 -0.25924066 -3.26708231
v 2.28903490 -0.25924066 -3.42578282
v 2.06026093 -0.25924066 -3.56847660
v 1.82157650 -0.25924066 -3.69379175
v 1.57440934 -0.25924066 -3.80096038
v 1.32045700 -0.25924066 -3.88994089
v 1.06146178 -0.25924066 -3.96142930
v 0.79898170 -0.25924066 -4.01675228
v 0.53420024 -0.25924066 -4.05765369
v 0.26781085 -0.25924066 -4.08600404
v 0.00000000 -0.25924066 -4.10347605
v -0.26946466 -0.25924066 -4.11123629
v -0.54105258 -0.25924066 -4.10970233
v -0.81522364 -0.25924066 -4.09840598
v -1.09215769 -0.25924066 -4.07598800
v -1.37150722 -0.25924066 -4.04032999
v -1.65221838 -0.25924066 -3.98880803
v -1.93245618 -0.25924066 -3.91863348
v -2.20965363 -0.25924066 -3.82723236
v -2.48068507 -0.25924066 -3.71260757
v -2.74214291 -0.25924066 -3.57363021
v -2.99067916 -0.25924066 -3.41021599
v -3.22336026 -0.25924066 -3.22336026
v -3.43797869 -0.25924066 -3.01502639
v -3.63326902 -0.25924066 -2.78790538
v -3.80898843 -0.25924066 -2.54508470
v -3.96584115 -0.25924066 -2.28967945
v -4.10525015 -0.25924066 -2.02448533
v -4.22900352 -0.25924066 -1.75171061
v -4.33882433 -0.25924066 -1.47283240
v -4.43592733 -0.25924066 -1.18860315
v -4.52063191 -0.25924066 -0.89920960
v -4.59209564 -0.25924066 -0.60456086
v -4.64821867 -0.25924066 -0.30466035
v -4.68574638 -0.25924066 -0.00000000
v -4.70056953 -0.25924066 0.30809160
v -4.68819265 -0.25924066 0.61721227
v -4.64431486 -0.25924066 0.92381166
v -4.56544855 -0.25924066 1.22330825
v -4.44949207 -0.25924066 1.51039903
v -4.29617491 -0.25924066 1.77953392
v -4.10730792 -0.25924066 2.02550012
v -3.88679488 -0.25924066 2.24404207
v -3.64039229 -0.25924066 2.43243236
v -3.37523771 -0.25924066 2.58991098
v -3.09919790 -0.25924066 2.71792361
v -2.82011348 -0.25924066 2.82011348
v -2.54503142 -0.25924066 2.90205214
v -2.27952014 -0.25924066 2.97072848
v -2.02715214 -0.25924066 3.03384757
v -1.78921839 -0.25924066 3.09901715
v -1.56470902 -0.25924066 3.17291602
v -1.35056106 -0.25924066 3.26054282
v -1.14213979 -0.25924066 3.36463532
v -0.93389129 -0.25924066 3.48532976
v -0.72008281 -0.25924066 3.62010074
v -0.49553834 -0.25924066 3.76398739
v -0.25627997 -0.25924066 3.91007681
v -0.00000000 -0.25924066 4.05018460
v 0.27368656 -0.25924066 4.17565006
v 0.56322935 -0.25924066 4.27815164
v 0.86535818 -0.25924066 4.35044936
v 1.17548595 -0.25924066 4.38697330
v 1.48823548 -0.25924066 4.38420034
v 1.79801417 -0.25924066 4.34079018
v 2.09955850 -0.25924066 4.25748346
v 2.38837940 -0.25924066 4.13679446
v 2.66105785 -0.25924066 3.98255451
v 2.91536449 -0.25924066 3.79937697
v 3.15020383 -0.25924066 3.59211902
v 3.36540912 -0.25924066 3.36540912
v 3.56143363 -0.25924066 3.12329347
v 3.73899678 -0.25924066 2.86903313
v 3.89874576 -0.25924066 2.60505863
v 4.04098704 -0.25924066 2.33306495
v 4.16552727 -0.25924066 2.05421072
v 4.27164314 -0.25924066 1.76937252
v 4.35817760 -0.25924066 1.47940195
v 4.42373900 -0.25924066 1.18533729
v 4.46696374 -0.25924066 0.88853433
v 4.48679359 -0.25924066 0.59069758
v 4.48271820 -0.25924066 0.29381287
v 4.44443216 0.25924066 0.00000000
v 4.39337858 0.25924066 -0.28795725
v 4.32173757 0.25924066 -0.56896755
v 4.23177425 0.25924066 -0.84175223
v 4.12601522 0.25924066 -1.10556245
v 4.00696027 0.25924066 -1.36017973
v 3.87680441 0.25924066 -1.60582497
v 3.73721413 0.25924066 -1.84299005
v 3.58919215 0.25924066 -2.07222105
v 3.43305032 0.25924066 -2.29389089
v 3.26849210 0.25924066 -2.50800220
v 3.09478861 0.25924066 -2.71405677
v 2.91101689 0.25924066 -2.91101689
v 2.71631962 0.25924066 -3.09736889
v 2.51014250 0.25924066 -3.27128140
v 2.29241022 0.25924066 -3.43083435
v 2.06361263 0.25924066 -3.57428193
v 1.82478867 0.25924066 -3.70030538
v 1.57741304 0.25924066 -3.80821196
v 1.32320745 0.25924066 -3.89804344
v 1.06391148 0.25924066 -3.97057169
v 0.80105513 0.25924066 -4.02717609
v 0.53577529 0.25924066 -4.06961737
v 0.26871111 0.25924066 -4.09973927
v 0.00000000 0.25924066 -4.11914267
v -0.27062127 0.25924066 -4.12888268
v -0.54362443 0.25924066 -4.12923751
v -0.81943701 0.25924066 -4.11958806
v -1.09817141 0.25924066 -4.09843152
v -1.37938312 0.25924066 -4.06353163
v -1.66190259 0.25924066 -4.01218778
v -1.94377503 0.25924066 -3.94158585
v -2.22232557 0.25924066 -3.84918080
v -2.49434744 0.25924066 -3.73305475
v -2.75639006 0.25924066 -3.59219746
v -3.00510619 0.25924066 -3.42666686
v -3.23760561 0.25924066 -3.23760561
v -3.45175878 0.25924066 -3.02711121
v -3.64639902 0.25924066 -2.79798038
v -3.82138537 0.25924066 -2.55336807
v -3.97750831 0.25924066 -2.29641549
v -4.11624468 0.25924066 -2.02990724
v -4.23939212 0.25924066 -1.75601371
v -4.34863404 0.25924066 -1.47616235
v -4.44509994 0.25924066 -1.19106094
v -4.52899006 0.25924066 -0.90087213
v -4.59932786 0.25924066 -0.60551300
v -4.65388788 0.25924066 -0.30503193
v -4.68932289 0.25924066 -0.00000000
v -4.70148640 0.25924066 0.30815170
v -4.68591712 0.25924066 0.61691269
v -4.63842720 0.25924066 0.92264054
v -4.55571761 0.25924066 1.22070085
v -4.43593664 0.25924066 1.50579759
v -4.27910138 0.25924066 1.77246183
v -4.08731703 0.25924066 2.01564170
v -3.86475445 0.25924066 2.23131702
v -3.61737693 0.25924066 2.41705399
v -3.35244090 0.25924066 2.57241838
v -3.07782571 0.25924066 2.69918070
v -2.80127168 0.25924066 2.80127168
v -2.52961915 0.25924066 2.88447782
v -2.26814258 0.25924066 2.95590095
v -2.02006257 0.25924066 3.02323728
v -1.78629665 0.25924066 3.09395655
v -1.56547882 0.25924066 3.17447702
v -1.35424403 0.25924066 3.26943430
v -1.14773968 0.25924066 3.38113208
v -0.94029826 0.25924066 3.50924088
v -0.72618544 0.25924066 3.65078074
v -0.50033067 0.25924066 3.80038877
v -0.25895159 0.25924066 3.95083782
v -0.00000000 0.25924066 4.09374236
v 0.27661743 0.25924066 4.22036640
v 0.56905980 0.25924066 4.32243833
v 0.87379813 0.25924066 4.39287983
v 1.18604240 0.25924066 4.42637049
v 1.50028377 0.25924066 4.41969348
v 1.81087438 0.25924066 4.37183748
v 2.11256699 0.25924066 4.28386208
v 2.40094719 0.25924066 4.15856252
v 2.67271000 0.25924066 3.99999318
v 2.92575786 0.25924066 3.81292188
v 3.15912418 0.25924066 3.60229073
v 3.37275113 0.25924066 3.37275113
v 3.56716998 0.25924066 3.12832411
v 3.74314327 0.25924066 2.87221485
v 3.90132956 0.25924066 2.60678507
v 4.04202373 0.25924066 2.33366349
v 4.16501054 0.25924066 2.05395590
v 4.26954828 0.25924066 1.76850480
v 4.35447722 0.25924066 1.47814584
v 4.41842739 0.25924066 1.18391405
v 4.46008442 0.25924066 0.88716595
v 4.47846424 0.25924066 0.58960100
v 4.47314746 0.25924066 0.29318557
v 4.43357424 0.77772197 0.00000000
v 4.38212013 0.77772197 -0.28721933
v 4.31053408 0.77772197 -0.56749258
v 4.22110109 0.77772197 -0.83962921
v 4.11632597 0.77772197 -1.10296622
v 3.99864493 0.77772197 -1.35735705
v 3.87015365 0.77772197 -1.60307013
v 3.73239455 0.77772197 -1.84061330
v 3.58623608 0.77772197 -2.07051437
v 3.43186134 0.77772197 -2.29309644
v 3.26886521 0.77772197 -2.50828850
v 3.09644165 0.77772197 -2.71550645
v 2.91362827 0.77772197 -2.91362827
v 2.71956645 0.77772197 -3.10107120
v 2.51373357 0.77772197 -3.27596137
v 2.29610889 0.77772197 -3.43636979
v 2.06724697 0.77772197 -3.58057679
v 1.82824797 0.77772197 -3.70732014
v 1.58063232 0.77772197 -3.81598398
v 1.32614365 0.77772197 -3.90669321
v 1.06651631 0.77772197 -3.98029306
v 0.80325016 0.77772197 -4.03821125
v 0.53743440 0.77772197 -4.08221954
v 0.26965423 0.77772197 -4.11412846
v 0.00000000 0.77772197 -4.13546091
v -0.27181894 0.77772197 -4.14715565
v -0.54627211 0.77772197 -4.14934863
v -0.82374973 0.77772197 -4.14126957
v -1.10429217 0.77772197 -4.12127447
v -1.38735440 0.77772197 -4.08701427
v -1.67164941 0.77772197 -4.03571868
v -1.95510286 0.77772197 -3.96455641
v -2.23493437 0.77772197 -3.87101989
v -2.50786036 0.77772197 -3.75327826
v -2.77039278 0.77772197 -3.61044617
v -3.01919126 0.77772197 -3.44272782
v -3.25141471 0.77772197 -3.25141471
v -3.46501619 0.77772197 -3.03873765
v -3.65893067 0.77772197 -2.80759625
v -3.83311985 0.77772197 -2.56120880
v -3.98845921 0.77772197 -2.30273800
v -4.12647654 0.77772197 -2.03495303
v -4.24897514 0.77772197 -1.75998313
v -4.35759490 0.77772197 -1.47920415
v -4.45337706 0.77772197 -1.19327879
v -4.53640167 0.77772197 -0.90234640
v -4.60555948 0.77772197 -0.60633341
v -4.65850351 0.77772197 -0.30533445
v -4.69180071 0.77772197 -0.00000000
v -4.70127598 0.77772197 0.30813791
v -4.68251181 0.77772197 0.61646437
v -4.63144251 0.77772197 0.92125119
v -4.54496495 0.77772197 1.21781969
v -4.42148165 0.77772197 1.50089078
v -4.26129731 0.77772197 1.76508714
v -4.06680691 0.77772197 2.00552723
v -3.84243905 0.77772197 2.21843322
v -3.59435035 0.77772197 2.40166812
v -3.32989971 0.77772197 2.55512192
v -3.05696125 0.77772197 2.68088307
v -2.78315764 0.77772197 2.78315764
v -2.51510744 0.77772197 2.86793038
v -2.25777992 0.77772197 2.94239608
v -2.01403774 0.77772197 3.01422049
v -1.78442471 0.77772197 3.09071426
v -1.56722431 0.77772197 3.17801652
v -1.35878020 0.77772197 3.28038559
v -1.15403676 0.77772197 3.39968266
v -0.94723006 0.77772197 3.53511072
v -0.73264205 0.77772197 3.68324031
v -0.50532414 0.77772197 3.83831788
v -0.26170316 0.77772197 3.99281857
v -0.00000000 0.77772197 4.13817571
v 0.27958217 0.77772197 4.26559964
v 0.57491195 0.77772197 4.36688984
v 0.88220591 0.77772197 4.43514861
v 1.19647896 0.77772197 4.46532027
v 1.51210063 0.77772197 4.45450483
v 1.82337867 0.77772197 4.40202552
v 2.12509260 0.77772197 4.30926149
v 2.41291161 0.77772197 4.17928551
v 2.68365150 0.77772197 4.01636830
v 2.93535076 0.77772197 3.82542359
v 3.16717347 0.77772197 3.61146918
v 3.37917055 0.77772197 3.37917055
v 3.57194980 0.77772197 3.13251590
v 3.74631491 0.77772197 2.87464853
v 3.90293394 0.77772197 2.60785708
v 4.04208915 0.77772197 2.33370126
v 4.16354337 0.77772197 2.05323237
v 4.26653743 0.77772197 1.76725767
v 4.34991064 0.77772197 1.47659569
v 4.41231654 0.77772197 1.18227665
v 4.45249142 0.77772197 0.88565561
v 4.46952574 0.77772197 0.58842423
v 4.46308983 0.77772197 0.29252636
v 4.42238496 1.29620328 0.00000000
v 4.37067859 1.29620328 -0.28646941
v 4.29929765 1.29620328 -0.56601327
v 4.21053964 1.29620328 -0.83752841
v 4.10688012 1.29620328 -1.10043521
v 3.99068515 1.29620328 -1.35465507
v 3.86394597 1.29620328 -1.60049882
v 3.72807799 1.29620328 -1.83848461
v 3.58381487 1.29620328 -2.06911648
v 3.43121286 1.29620328 -2.29266313
v 3.26976220 1.29620328 -2.50897678
v 3.09858511 1.29620328 -2.71738621
v 2.91668585 1.29620328 -2.91668585
v 2.72321048 1.29620328 -3.10522642
v 2.51767304 1.29620328 -3.28109538
v 2.30011097 1.29620328 -3.44235933
v 2.07114532 1.29620328 -3.58732892
v 1.83193747 1.29620328 -3.71480171
v 1.58405216 1.29620328 -3.82424021
v 1.32925261 1.29620328 -3.91585192
v 1.06926538 1.29620328 -3.99055271
v 0.80555809 1.29620328 -4.04981399
v 0.53917130 1.29620328 -4.09541260
v 0.27063678 1.29620328 -4.12911939
v 0.00000000 1.29620328 -4.15237328
v -0.27305354 1.29620328 -4.16599203
v -0.54898655 1.29620328 -4.16996682
v -0.82814703 1.29620328 -4.16337629
v -1.11049886 1.29620328 -4.14443817
v -1.39539325 1.29620328 -4.11069597
v -1.68142421 1.29620328 -4.05931713
v -1.96639846 1.29620328 -3.98746162
v -2.24743287 1.29620328 -3.89266791
v -2.52117158 1.29620328 -3.77319991
v -2.78409491 1.29620328 -3.62830313
v -3.03287555 1.29620328 -3.45833175
v -3.26472730 1.29620328 -3.26472730
v -3.47769039 1.29620328 -3.04985262
v -3.67080414 1.29620328 -2.81670709
v -3.84413351 1.29620328 -2.56856789
v -3.99863750 1.29620328 -2.30861443
v -4.13589174 1.29620328 -2.03959609
v -4.25770124 1.29620328 -1.76359760
v -4.36565848 1.29620328 -1.48194136
v -4.46071361 1.29620328 -1.19524461
v -4.54282556 1.29620328 -0.90362419
v -4.61075401 1.29620328 -0.60701728
v -4.66203486 1.29620328 -0.30556591
v -4.69315613 1.29620328 -0.00000000
v -4.69992281 1.29620328 0.30804922
v -4.67797065 1.29620328 0.61586652
v -4.62336500 1.29620328 0.91964448
v -4.53320552 1.29620328 1.21466876
v -4.40615254 1.29620328 1.49568724
v -4.24279779 1.29620328 1.75742439
v -4.04582065 1.29620328 1.99517795
v -3.81989748 1.29620328 2.20541884
v -3.57136431 1.29620328 2.38630934
v -3.30766578 1.29620328 2.53806122
v -3.03665293 1.29620328 2.66307315
v -2.76581362 1.29620328 2.76581362
v -2.50153005 1.29620328 2.85244834
v -2.24845583 1.29620328 2.93024469
v -2.00909049 1.29620328 3.00681640
v -1.78360486 1.29620328 3.08929424
v -1.56993842 1.29620328 3.18352019
v -1.36415519 1.29620328 3.29336196
v -1.16101194 1.29620328 3.42023088
v -0.95466597 1.29620328 3.56286189
v -0.73943331 1.29620328 3.71738226
v -0.51050366 1.29620328 3.87766028
v -0.26452626 1.29620328 4.03589076
v -0.00000000 1.29620328 4.18334658
v 0.28257139 1.29620328 4.31120632
v 0.58076679 1.29620328 4.41136172
v 0.89055341 1.29620328 4.47711434
v 1.20675954 1.29620328 4.50368792
v 1.52364355 1.29620328 4.48850915
v 1.83547993 1.29620328 4.43124054
v 2.13708549 1.29620328 4.33358067
v 2.42422192 1.29620328 4.19887554
v 2.69383231 1.29620328 4.03160496
v 2.94409515 1.29620328 3.83681950
v 3.17430671 1.29620328 3.61960309
v 3.38462623 1.29620328 3.38462623
v 3.57573634 1.29620328 3.13583661
v 3.74847969 1.29620328 2.87630963
v 3.90353200 1.29620328 2.60825670
v 4.04116176 1.29620328 2.33316583
v 4.16110979 1.29620328 2.05203226
v 4.26260038 1.29620328 1.76562689
v 4.34447343 1.29620328 1.47475001
v 4.40540776 1.29620328 1.18042545
v 4.44419150 1.29620328 0.88400465
v 4.45998972 1.29620328 0.58716879
v 4.45256098 1.29620328 0.29183627
v 4.41088455 1.81468459 0.00000000
v 4.35907532 1.81468459 -0.28570889
v 4.28804923 1.81468459 -0.56453239
v 4.20010892 1.81468459 -0.83545361
v 4.09769341 1.81468459 -1.09797364
v 3.98309217 1.81468459 -1.35207760
v 3.85818732 1.81468459 -1.59811352
v 3.72426472 1.81468459 -1.83660411
v 3.58192315 1.81468459 -2.06802429
v 3.43109429 1.81468459 -2.29258391
v 3.27116807 1.81468459 -2.51005554
v 3.10120062 1.81468459 -2.71967995
v 2.92016905 1.81468459 -2.92016905
v 2.72723003 1.81468459 -3.10980984
v 2.52193921 1.81468459 -3.28665517
v 2.30439557 1.81468459 -3.44877169
v 2.07528820 1.81468459 -3.59450460
v 1.83583951 1.81468459 -3.72271425
v 1.58765692 1.81468459 -3.83294288
v 1.33252079 1.81468459 -3.92547967
v 1.07214729 1.81468459 -4.00130817
v 0.80796982 1.81468459 -4.06193860
v 0.54097944 1.81468459 -4.10914684
v 0.27165521 1.81468459 -4.14465760
v 0.00000000 1.81468459 -4.16981994
v -0.27432078 1.81468459 -4.18532626
v -0.55175836 1.81468459 -4.19102086
v -0.83261372 1.81468459 -4.18583182
v -1.11676989 1.81468459 -4.16784196
v -1.40347130 1.81468459 -4.13449313
v -1.69119181 1.81468459 -4.08289820
v -1.97762017 1.81468459 -4.01021700
v -2.25977359 1.81468459 -3.91404268
v -2.53422882 1.81468459 -3.79274145
v -2.79744052 1.81468459 -3.64569547
v -3.04610075 1.81468459 -3.47341220
v -3.27748400 1.81468459 -3.27748400
v -3.48972209 1.81468459 -3.06040413
v -3.68196119 1.81468459 -2.82526819
v -3.85436986 1.81468459 -2.57540761
v -4.00798895 1.81468459 -2.31401350
v -4.14443868 1.81468459 -2.04381098
v -4.26552170 1.81468459 -1.76683694
v -4.37277917 1.81468459 -1.48435851
v -4.46706748 1.81468459 -1.19694712
v -4.54822370 1.81468459 -0.90469794
v -4.61487832 1.81468459 -0.60756026
v -4.66445473 1.81468459 -0.30572451
v -4.69336906 1.81468459 -0.00000000
v -4.69741518 1.81468459 0.30788486
v -4.67229137 1.81468459 0.61511883
v -4.61420262 1.81468459 0.91782197
v -4.52045779 1.81468459 1.21125301
v -4.38997797 1.81468459 1.49019672
v -4.22364065 1.81468459 1.74948924
v -4.02440352 1.81468459 1.98461619
v -3.79718011 1.81468459 2.19230296
v -3.54847137 1.81468459 2.37101277
v -3.28579075 1.81468459 2.52127592
v -3.01694835 1.81468459 2.64579269
v -2.74928038 1.81468459 2.74928038
v -2.48891865 1.81468459 2.83806779
v -2.24019140 1.81468459 2.91947427
v -2.00523081 1.81468459 3.00103998
v -1.78383643 1.81468459 3.08969533
v -1.57361122 1.81468459 3.19096790
v -1.37035200 1.81468459 3.30832238
v -1.16864395 1.81468459 3.44271407
v -0.96258349 1.81468459 3.59241048
v -0.74653863 1.81468459 3.75310316
v -0.51585342 1.81468459 3.91829575
v -0.26741215 1.81468459 4.07992107
v -0.00000000 1.81468459 4.22911277
v 0.28557548 1.81468459 4.35703984
v 0.58660501 1.81468459 4.45570742
v 0.89881230 1.81468459 4.51863459
v 1.21684801 1.81468459 4.54133861
v 1.53487025 1.81468459 4.52158196
v 1.84713165 1.81468459 4.45937029
v 2.14849686 1.81468459 4.35672065
v 2.43482881 1.81468459 4.21724721
v 2.70320421 1.81468459 4.04563100
v 2.95194522 1.81468459 3.84704991
v 3.18048148 1.81468459 3.62664406
v 3.38907984 1.81468459 3.38907984
v 3.57849587 1.81468459 3.13825665
v 3.74960888 1.81468459 2.87717608
v 3.90310021 1.81468459 2.60796818
v 4.03922344 1.81468459 2.33204674
v 4.15769725 1.81468459 2.05034938
v 4.25773025 1.81468459 1.76360962
v 4.33816444 1.81468459 1.47260839
v 4.39770542 1.81468459 1.17836162
v 4.43519420 1.81468459 0.88221498
v 4.44987028 1.81468459 0.58583654
v 4.44157867 1.81468459 0.29111645
v 4.39909472 2.33316590 0.00000000
v 4.34733261 2.33316590 -0.28493923
v 4.27681020 2.33316590 -0.56305275
v 4.18982791 2.33316590 -0.83340859
v 4.08878102 2.33316590 -1.09558557
v 3.97587632 2.33316590 -1.34962815
v 3.85288243 2.33316590 -1.59591616
v 3.72095354 2.33316590 -1.83497122
v 3.58055390 2.33316590 -2.06723376
v 3.43149337 2.33316590 -2.29285056
v 3.27306617 2.33316590 -2.51151200
v 3.10426821 2.33316590 -2.72237016
v 2.92405580 2.33316590 -2.92405580
v 2.73160212 2.33316590 -3.11479525
v 2.52650922 2.33316590 -3.29261091
v 2.30894078 2.33316590 -3.45557407
v 2.07965525 2.33316590 -3.60206856
v 1.83993565 2.33316590 -3.73102041
v 1.59143028 2.33316590 -3.84205257
v 1.33593406 2.33316590 -3.93553484
v 1.07515019 2.33316590 -4.01251513
v 0.81047589 2.33316590 -4.07453744
v 0.54285202 2.33316590 -4.12337047
v 0.27270579 2.33316590 -4.16068640
v 0.00000000 2.33316590 -4.18773876
v -0.27561619 2.33316590 -4.20509050
v -0.55457789 2.33316590 -4.21243728
v -0.83713417 2.33316590 -4.20855767
v -1.12308313 2.33316590 -4.19140329
v -1.41155964 2.33316590 -4.15832060
v -1.70091654 2.33316590 -4.10637577
v -1.98872597 2.33316590 -4.03273733
v -2.27190891 2.33316590 -3.93506167
v -2.54697986 2.33316590 -3.81182474
v -2.81037405 2.33316590 -3.66255076
v -3.05880929 2.33316590 -3.48790352
v -3.28962651 2.33316590 -3.28962651
v -3.50105340 2.33316590 -3.07034142
v -3.69234529 2.33316590 -2.83323619
v -3.86377447 2.33316590 -2.58169156
v -4.01646168 2.33316590 -2.31890523
v -4.15206829 2.33316590 -2.04757349
v -4.27239049 2.33316590 -1.76968209
v -4.37891428 2.33316590 -1.48644110
v -4.47239965 2.33316590 -1.19837587
v -4.55256132 2.33316590 -0.90556075
v -4.61790269 2.33316590 -0.60795842
v -4.66573947 2.33316590 -0.30580872
v -4.69242310 2.33316590 -0.00000000
v -4.69374507 2.33316590 0.30764431
v -4.66547540 2.33316590 0.61422149
v -4.60396693 2.33316590 0.91578596
v -4.50674361 2.33316590 1.20757831
v -4.37298970 2.33316590 1.48442998
v -4.20386633 2.33316590 1.74129845
v -4.00260282 2.33316590 1.97386527
v -3.77433858 2.33316590 2.17911539
v -3.52572461 2.33316590 2.35581387
v -3.26432596 2.33316590 2.50480541
v -2.99789405 2.33316590 2.62908252
v -2.73359692 2.33316590 2.73359692
v -2.47730254 2.33316590 2.82482215
v -2.23300494 2.33316590 2.91010869
v -2.00246566 2.33316590 2.99690164
v -1.78511568 2.33316590 3.09191106
v -1.57822985 2.33316590 3.20033354
v -1.37735098 2.33316590 3.32521941
v -1.17690926 2.33316590 3.46706289
v -0.97095839 2.33316590 3.62366603
v -0.75393622 2.33316590 3.79029333
v -0.52135685 2.33316590 3.96009844
v -0.27035179 2.33316590 4.12477131
v -0.00000000 2.33316590 4.27532813
v 0.28858464 2.33316590 4.40295072
v 0.59240709 2.33316590 4.49977858
v 0.90695411 2.33316590 4.55956620
v 1.22670832 2.33316590 4.57813778
v 1.54573888 2.33316590 4.55359989
v 1.85828810 2.33316590 4.48630433
v 2.15927907 2.33316590 4.37858480
v 2.44468457 2.33316590 4.23431789
v 2.71172099 2.33316590 4.05837726
v 2.95885750 2.33316590 3.85605817
v 3.18565802 2.33316590 3.63254678
v 3.39249602 2.33316590 3.39249602
v 3.58019783 2.33316590 3.13974923
v 3.74967701 2.33316590 2.87722836
v 3.90161843 2.33316590 2.60697809
v 4.03625950 2.33316590 2.33033551
v 4.15329663 2.33316590 2.04817923
v 4.25192353 2.33316590 1.76120439
v 4.33098567 2.33316590 1.47017153
v 4.38921686 2.33316590 1.17608711
v 4.42551176 2.33316590 0.88028902
v 4.43918387 2.33316590 0.58442964
v 4.43016258 2.33316590 0.29036820
v 4.38703843 2.85164721 0.00000000
v 4.33547352 2.85164721 -0.28416195
v 4.26560221 2.85164721 -0.56157718
v 4.17971531 2.85164721 -0.83139707
v 4.08015742 2.85164721 -1.09327489
v 3.96904680 2.85164721 -1.34730984
v 3.84803456 2.85164721 -1.59390810
v 3.71814156 2.85164721 -1.83358450
v 3.57969833 2.85164721 -2.06673979
v 3.43239600 2.85164721 -2.29345368
v 3.27543805 2.85164721 -2.51333201
v 3.10776627 2.85164721 -2.72543787
v 2.92832252 2.85164721 -2.92832252
v 2.73630241 2.85164721 -3.12015490
v 2.53135900 2.85164721 -3.29893128
v 2.31372365 2.85164721 -3.46273215
v 2.08422524 2.85164721 -3.60998401
v 1.84420669 2.85164721 -3.73968122
v 1.59535524 2.85164721 -3.85152826
v 1.33947771 2.85164721 -3.94597408
v 1.07826170 2.85164721 -4.02412744
v 0.81306640 2.85164721 -4.08756083
v 0.54478193 2.85164721 -4.13802956
v 0.27378467 2.85164721 -4.17714690
v 0.00000000 2.85164721 -4.20606532
v -0.27693520 2.85164721 -4.22521459
v -0.55743516 2.85164721 -4.23414042
v -0.84169237 2.85164721 -4.23147329
v -1.12941599 2.85164721 -4.21503787
v -1.41962886 2.85164721 -4.18209178
v -1.71056231 2.85164721 -4.12966272
v -1.99967354 2.85164721 -4.05493681
v -2.28379110 2.85164721 -3.95564222
v -2.55937268 2.85164721 -3.83037190
v -2.82284043 2.85164721 -3.67879728
v -3.07094445 2.85164721 -3.50174101
v -3.30109773 2.85164721 -3.30109773
v -3.51162798 2.85164721 -3.07961509
v -3.70190180 2.85164721 -2.84056916
v -3.87229504 2.85164721 -2.58738482
v -4.02400618 2.85164721 -2.32326105
v -4.15873416 2.85164721 -2.05086073
v -4.27826446 2.85164721 -1.77211516
v -4.38402411 2.85164721 -1.48817566
v -4.47667425 2.85164721 -1.19952125
v -4.55580695 2.85164721 -0.90620635
v -4.61980085 2.85164721 -0.60820832
v -4.66586901 2.85164721 -0.30581721
v -4.69030551 2.85164721 -0.00000000
v -4.68890819 2.85164721 0.30732728
v -4.65752785 2.85164721 0.61317517
v -4.59267302 2.85164721 0.91353946
v -4.49208814 2.85164721 1.20365139
v -4.35522234 2.85164721 1.47839877
v -4.18351767 2.85164721 1.73286976
v -3.98046758 2.85164721 1.96294938
v -3.75142554 2.85164721 2.16588655
v -3.50317732 2.85164721 2.34074825
v -3.24332219 2.85164721 2.48868865
v -2.97953522 2.85164721 2.61298226
v -2.71880018 2.85164721 2.71880018
v -2.46670841 2.85164721 2.81274186
v -2.22691174 2.85164721 2.90216789
v -2.00079878 2.85164721 2.99440698
v -1.78743563 2.85164721 3.09592932
v -1.58377835 2.85164721 3.21158480
v -1.38512974 2.85164721 3.34399900
v -1.18578207 2.85164721 3.49320132
v -0.97976467 2.85164721 3.65653153
v -0.76160303 2.85164721 3.82883698
v -0.52699666 2.85164721 4.00293702
v -0.27333582 2.85164721 4.17029867
v -0.00000000 2.85164721 4.32184293
v 0.29158890 2.85164721 4.44878695
v 0.59815331 2.85164721 4.54342543
v 0.91495027 2.85164721 4.59976563
v 1.23630456 2.85164721 4.61395145
v 1.55620802 2.85164721 4.58444101
v 1.86890441 2.85164721 4.51193437
v 2.16938578 2.85164721 4.39907919
v 2.45374323 2.85164721 4.25000795
v 2.71933859 2.85164721 4.06977781
v 2.96479106 2.85164721 3.86379094
v 3.18979943 2.85164721 3.63726914
v 3.39484246 2.85164721 3.39484246
v 3.58081495 2.85164721 3.14029043
v 3.74866204 2.85164721 2.87644955
v 3.89906997 2.85164721 2.60527526
v 4.03225872 2.85164721 2.32802566
v 4.14790220 2.85164721 2.04551900
v 4.24517997 2.85164721 1.75841112
v 4.32294225 2.85164721 1.46744116
v 4.37995230 2.85164721 1.17360468
v 4.41515898 2.85164721 0.87822973
v 4.42794910 2.85164721 0.58295056
v 4.41833413 2.85164721 0.28959292
v 4.37473971 3.37012852 0.00000000
v 4.32352165 3.37012852 -0.28337858
v 4.25444688 3.37012852 -0.56010856
v 4.16978934 3.37012852 -0.82942267
v 4.07183615 3.37012852 -1.09104521
v 3.96261149 3.37012852 -1.34512535
v 3.84364537 3.37012852 -1.59209004
v 3.71582410 3.37012852 -1.83244166
v 3.57934573 3.37012852 -2.06653622
v 3.43378617 3.37012852 -2.29438257
v 3.27826342 3.37012852 -2.51549999
v 3.11167142 3.37012852 -2.72886259
v 2.93294406 3.37012852 -2.93294406
v 2.74130515 3.37012852 -3.12585944
v 2.53646330 3.37012852 -3.30558332
v 2.31872020 3.37012852 -3.47021002
v 2.08897599 3.37012852 -3.61821256
v 1.84863263 3.37012852 -3.74865615
v 1.59941412 3.37012852 -3.86132725
v 1.34313642 3.37012852 -3.95675230
v 1.08146895 3.37012852 -4.03609706
v 0.81573109 3.37012852 -4.10095714
v 0.54676178 3.37012852 -4.15306807
v 0.27488784 3.37012852 -4.19397795
v 0.00000000 3.37012852 -4.22473292
v -0.27827304 3.37012852 -4.24562614
v -0.56031994 3.37012852 -4.25605246
v -0.84627191 3.37012852 -4.25449622
v -1.13574546 3.37012852 -4.23865976
v -1.42764916 3.37012852 -4.20571880
v -1.72009267 3.37012852 -4.15267106
v -2.01042037 3.37012852 -4.07672922
v -2.29537246 3.37012852 -3.97570173
v -2.57135555 3.37012852 -3.84830553
v -2.83478527 3.37012852 -3.69436409
v -3.08245049 3.37012852 -3.51486114
v -3.31184192 3.37012852 -3.31184192
v -3.52139124 3.37012852 -3.08817723
v -3.71057813 3.37012852 -2.84722674
v -3.87988161 3.37012852 -2.59245401
v -4.03057554 3.37012852 -2.32705387
v -4.16439262 3.37012852 -2.05365117
v -4.28310338 3.37012852 -1.77411951
v -4.38807207 3.37012852 -1.48954975
v -4.47985866 3.37012852 -1.20037451
v -4.55793249 3.37012852 -0.90662914
v -4.62055002 3.37012852 -0.60830695
v -4.66482686 3.37012852 -0.30574891
v -4.68700717 3.37012852 -0.00000000
v -4.68290390 3.37012852 0.30693374
v -4.64845739 3.37012852 0.61198103
v -4.58033940 3.37012852 0.91108615
v -4.47651967 3.37012852 1.19947983
v -4.33671324 3.37012852 1.47211578
v -4.16263965 3.37012852 1.72422180
v -3.95804832 3.37012852 1.95189343
v -3.72849440 3.37012852 2.15264725
v -3.48088272 3.37012852 2.32585148
v -3.22282932 3.37012852 2.47296392
v -2.96191538 3.37012852 2.59753007
v -2.70492475 3.37012852 2.70492475
v -2.45716008 3.37012852 2.80185408
v -2.22192388 3.37012852 2.89566757
v -2.00023051 3.37012852 2.99355650
v -1.79078593 3.37012852 3.10173221
v -1.59023766 3.37012852 3.22468297
v -1.39366313 3.37012852 3.36460043
v -1.19523426 3.37012852 3.52104660
v -0.98897459 3.37012852 3.69090343
v -0.76951483 3.37012852 3.86861227
v -0.53275485 3.37012852 4.04667486
v -0.27635457 3.37012852 4.21635596
v -0.00000000 3.37012852 4.36850408
v 0.29457817 3.37012852 4.49439432
v 0.60382380 3.37012852 4.58649711
v 0.92277225 3.37012852 4.63908936
v 1.24560112 3.37012852 4.64864665
v 1.56623693 3.37012852 4.61398520
v 1.87893675 3.37012852 4.53615459
v 2.17877214 3.37012852 4.41811285
v 2.46196072 3.37012852 4.26424105
v 2.72601524 3.37012852 4.07977012
v 2.96970762 3.37012852 3.87019833
v 3.19287173 3.37012852 3.64077243
v 3.39609006 3.37012852 3.39609006
v 3.58032329 3.37012852 3.13985925
v 3.74654536 3.37012852 2.87482537
v 3.89544165 3.37012852 2.60285089
v 4.02721334 3.37012852 2.32511271
v 4.14151163 3.37012852 2.04236752
v 4.23750260 3.37012852 1.75523105
v 4.31404237 3.37012852 1.46442006
v 4.36992472 3.37012852 1.17091780
v 4.40415308 3.37012852 0.87604052
v 4.41618663 3.37012852 0.58140200
v 4.40611632 3.37012852 0.28879212
v 4.36222344 3.88860984 0.00000000
v 4.31150091 3.88860984 -0.28259070
v 4.24336564 3.88860984 -0.55864968
v 4.16006752 3.88860984 -0.82748888
v 4.06382958 3.88860984 -1.08889985
v 3.95657674 3.88860984 -1.34307682
v 3.83971472 3.88860984 -1.59046191
v 3.71399450 3.88860984 -1.83153940
v 3.57948334 3.88860984 -2.06661567
v 3.43564583 3.88860984 -2.29562515
v 3.28152002 3.88860984 -2.51799887
v 3.11595849 3.88860984 -2.73262226
v 2.93789363 3.88860984 -2.93789363
v 2.74658319 3.88860984 -3.13187789
v 2.54179558 3.88860984 -3.31253250
v 2.32390535 3.88860984 -3.47797015
v 2.09388444 3.88860984 -3.62671423
v 1.85319268 3.88860984 -3.75790301
v 1.60358853 3.88860984 -3.87140518
v 1.34689429 3.88860984 -3.96782263
v 1.08475857 3.88860984 -4.04837411
v 0.81845929 3.88860984 -4.11467269
v 0.54878393 3.88860984 -4.16842783
v 0.27601114 3.88860984 -4.21111621
v 0.00000000 3.88860984 -4.24367262
v -0.27962484 3.88860984 -4.26625056
v -0.56322170 3.88860984 -4.27809355
v -0.85085604 3.88860984 -4.27754216
v -1.14204809 3.88860984 -4.26218150
v -1.43559031 3.88860984 -4.22911269
v -1.72947091 3.88860984 -4.17531213
v -2.02092382 3.88860984 -4.09802811
v -2.30660543 3.88860984 -3.99515779
v -2.58287718 3.88860984 -3.86554887
v -2.84615492 3.88860984 -3.70918131
v -3.09327283 3.88860984 -3.52720165
v -3.32180484 3.88860984 -3.32180484
v -3.53029039 3.88860984 -3.09598158
v -3.71832383 3.88860984 -2.85317022
v -3.88648667 3.88860984 -2.59686737
v -4.03612551 3.88860984 -2.33025815
v -4.16900290 3.88860984 -2.05592471
v -4.28687006 3.88860984 -1.77567972
v -4.39102475 3.88860984 -1.49055205
v -4.48192357 3.88860984 -1.20092780
v -4.55891326 3.88860984 -0.90682423
v -4.62013089 3.88860984 -0.60825177
v -4.66260011 3.88860984 -0.30560296
v -4.68252261 3.88860984 -0.00000000
v -4.67573516 3.88860984 0.30646387
v -4.63827622 3.88860984 0.61064065
v -4.56698787 3.88860984 0.90843037
v -4.46006944 3.88860984 1.19507200
v -4.31750224 3.88860984 1.46559452
v -4.14127916 3.88860984 1.71537399
v -3.93539679 3.88860984 1.94072293
v -3.70559898 3.88860984 2.13942857
v -3.45889365 3.88860984 2.31115885
v -3.20289600 3.88860984 2.45766854
v -2.94507606 3.88860984 2.58276239
v -2.69200260 3.88860984 2.69200260
v -2.44867823 3.88860984 2.79218238
v -2.21804995 3.88860984 2.89061898
v -2.00075763 3.88860984 2.99434539
v -1.79515275 3.88860984 3.10929578
v -1.59758546 3.88860984 3.23958284
v -1.40292319 3.88860984 3.38695620
v -1.20523547 3.88860984 3.55050919
v -0.99855868 3.88860984 3.72667173
v -0.77764621 3.88860984 3.90949148
v -0.53861278 3.88860984 4.09117024
v -0.27939814 3.88860984 4.26279190
v -0.00000000 3.88860984 4.41515553
v 0.29754220 3.88860984 4.53961679
v 0.60939863 3.88860984 4.62884212
v 0.93039157 3.88860984 4.67739429
v 1.25456271 3.88860984 4.68209177
v 1.57578556 3.88860984 4.64211457
v 1.88834247 3.88860984 4.55886200
v 2.18739490 3.88860984 4.43559807
v 2.46929500 3.88860984 4.27694440
v 2.73171161 3.88860984 4.08829534
v 2.97357168 3.88860984 3.87523406
v 3.19484401 3.88860984 3.64302139
v 3.39621297 3.88860984 3.39621297
v 3.57870230 3.88860984 3.13843768
v 3.74331186 3.88860984 2.87234421
v 3.89072376 3.88860984 2.59969850
v 4.02111907 3.88860984 2.32159418
v 4.13412594 3.88860984 2.03872530
v 4.22889760 3.88860984 1.75166674
v 4.30429713 3.88860984 1.46111199
v 4.35914975 3.88860984 1.16803066
v 4.39251357 3.88860984 0.87372527
v 4.40391896 3.88860984 0.57978693
v 4.39353350 3.88860984 0.28796740
v 4.34951511 4.40709115 0.00000000
v 4.29943530 4.40709115 -0.28179988
v 4.23237947 4.40709115 -0.55720333
v 4.15056641 4.40709115 -0.82559899
v 4.05614872 4.40709115 -1.08684177
v 3.95094719 4.40709115 -1.34116585
v 3.83624050 4.40709115 -1.58902284
v 3.71264397 4.40709115 -1.83087339
v 3.58009621 4.40709115 -2.06696951
v 3.43795477 4.40709115 -2.29716794
v 3.28518360 4.40709115 -2.52081003
v 3.12060046 4.40709115 -2.73669316
v 2.94314281 4.40709115 -2.94314281
v 2.75210790 4.40709115 -3.13817761
v 2.54732809 4.40709115 -3.31974260
v 2.32925296 4.40709115 -3.48597341
v 2.09892654 4.40709115 -3.63544742
v 1.85786522 4.40709115 -3.76737799
v 1.60785940 4.40709115 -3.88171597
v 1.35073480 4.40709115 -3.97913641
v 1.08811669 4.40709115 -4.06090677
v 0.82123991 4.40709115 -4.12865183
v 0.55084044 4.40709115 -4.18404855
v 0.27715028 4.40709115 -4.22849617
v 0.00000000 4.40709115 -4.26281332
v -0.28098556 4.40709115 -4.28701117
v -0.56612969 4.40709115 -4.30018189
v -0.85542763 4.40709115 -4.30052512
v -1.14830009 4.40709115 -4.28551428
v -1.44342180 4.40709115 -4.25218350
v -1.73866007 4.40709115 -4.19749673
v -2.03114125 4.40709115 -4.11874701
v -2.31744266 4.40709115 -4.01392844
v -2.59388685 4.40709115 -3.88202600
v -2.85689666 4.40709115 -3.72318022
v -3.10335817 4.40709115 -3.53870178
v -3.33093394 4.40709115 -3.33093394
v -3.53827469 4.40709115 -3.10298362
v -3.72509078 4.40709115 -2.85836269
v -3.89206528 4.40709115 -2.60059488
v -4.04061464 4.40709115 -2.33284995
v -4.17252718 4.40709115 -2.05766269
v -4.28953042 4.40709115 -1.77678167
v -4.39285194 4.40709115 -1.49117230
v -4.48284298 4.40709115 -1.20117416
v -4.55872800 4.40709115 -0.90678738
v -4.61852772 4.40709115 -0.60804071
v -4.65917938 4.40709115 -0.30537875
v -4.67684991 4.40709115 -0.00000000
v -4.66740843 4.40709115 0.30591811
v -4.62699989 4.40709115 0.60915609
v -4.55264336 4.40709115 0.90557707
v -4.44277145 4.40709115 1.19043702
v -4.29763147 4.40709115 1.45884931
v -4.11948476 4.40709115 1.70634646
v -3.91256565 4.40709115 1.92946385
v -3.68279325 4.40709115 2.12626168
v -3.43726222 4.40709115 2.29670519
v -3.18356938 4.40709115 2.44283871
v -2.92905655 4.40709115 2.56871365
v -2.68006279 4.40709115 2.68006279
v -2.44128016 4.40709115 2.78374650
v -2.21529493 4.40709115 2.88702856
v -2.00237318 4.40709115 2.99676324
v -1.80051869 4.40709115 3.11858984
v -1.60579617 4.40709115 3.25623252
v -1.41287913 4.40709115 3.41099195
v -1.21575299 4.40709115 3.58149283
v -1.00848576 4.40709115 3.76372010
v -0.78597063 4.40709115 3.95134118
v -0.54455115 4.40709115 4.13627660
v -0.28245637 4.40709115 4.30945139
v -0.00000000 4.40709115 4.46163855
v 0.30047069 4.40709115 4.58429689
v 0.61485780 4.40709115 4.67030866
v 0.93777994 4.40709115 4.71453812
v 1.26315456 4.40709115 4.71415698
v 1.58481476 4.40709115 4.66871374
v 1.89708021 4.40709115 4.57995677
v 2.19521257 4.40709115 4.45145073
v 2.47570624 4.40709115 4.28804900
v 2.73639097 4.40709115 4.09529849
v 2.97635064 4.40709115 3.87885568
v 3.19568854 4.40709115 3.64398439
v 3.39518872 4.40709115 3.39518872
v 3.57593494 4.40709115 3.13601078
v 3.73894994 4.40709115 2.86899719
v 3.88491014 4.40709115 2.59581397
v 4.01397504 4.40709115 2.31746957
v 4.12574945 4.40709115 2.03459447
v 4.21937426 4.40709115 1.74772204
v 4.29372049 4.40709115 1.45752171
v 4.34764551 4.40709115 1.16494810
v 4.38026204 4.40709115 0.87128829
v 4.39117023 4.40709115 0.57810853
v 4.38061119 4.40709115 0.28712043
v 4.33664061 4.92557246 0.00000000
v 4.28734864 4.92557246 -0.28100768
v 4.22150866 4.92557246 -0.55577216
v 4.14130142 4.92557246 -0.82375607
v 4.04880299 4.92557246 -1.08487349
v 3.94572556 4.92557246 -1.33939334
v 3.83321846 4.92557246 -1.58777107
v 3.71176147 4.92557246 -1.83043819
v 3.58116713 4.92557246 -2.06758781
v 3.44069059 4.92557246 -2.29899595
v 3.28922778 4.92557246 -2.52391324
v 3.12556840 4.92557246 -2.74104992
v 2.94866143 4.92557246 -2.94866143
v 2.75784918 4.92557246 -3.14472428
v 2.55303176 4.92557246 -3.32717577
v 2.33473578 4.92557246 -3.49417903
v 2.10407737 4.92557246 -3.64436891
v 1.86262785 4.92557246 -3.77703564
v 1.61220694 4.92557246 -3.89221186
v 1.35464084 4.92557246 -3.99064324
v 1.09152891 4.92557246 -4.07364136
v 0.82406149 4.92557246 -4.14283688
v 0.55292309 4.92557246 -4.19986786
v 0.27830083 4.92557246 -4.24605018
v 0.00000000 4.92557246 -4.28208179
v -0.28235005 4.92557246 -4.30782924
v -0.56903288 4.92557246 -4.32223382
v -0.85996929 4.92557246 -4.32335755
v -1.15447734 4.92557246 -4.30856808
v -1.45111282 4.92557246 -4.27484050
v -1.74762310 4.92557246 -4.21913538
v -2.04103009 4.92557246 -4.13879960
v -2.32783722 4.92557246 -4.03193233
v -2.60433452 4.92557246 -3.89766205
v -2.86695885 4.92557246 -3.73629351
v -3.11265467 4.92557246 -3.54930240
v -3.33917843 4.92557246 -3.33917843
v -3.54529552 4.92557246 -3.10914072
v -3.73083331 4.92557246 -2.86276909
v -3.89657520 4.92557246 -2.60360831
v -4.04400438 4.92557246 -2.33480702
v -4.17493071 4.92557246 -2.05884798
v -4.29105356 4.92557246 -1.77741258
v -4.39352675 4.92557246 -1.49140137
v -4.48259427 4.92557246 -1.20110752
v -4.55735888 4.92557246 -0.90651504
v -4.61572819 4.92557246 -0.60767214
v -4.65455886 4.92557246 -0.30507591
v -4.66999065 4.92557246 -0.00000000
v -4.65793360 4.92557246 0.30529710
v -4.61464721 4.92557246 0.60752983
v -4.53733376 4.92557246 0.90253180
v -4.42466226 4.92557246 1.18558468
v -4.27714506 4.92557246 1.45189511
v -4.09730637 4.92557246 1.69715987
v -3.88960819 4.92557246 1.91814249
v -3.66013096 4.92557246 2.11317759
v -3.41603952 4.92557246 2.28252463
v -3.16489474 4.92557246 2.42850915
v -2.91389352 4.92557246 2.55541603
v -2.66913120 4.92557246 2.66913120
v -2.43497957 4.92557246 2.77656206
v -2.21365993 4.92557246 2.88489778
v -2.00506635 4.92557246 3.00079386
v -1.80686261 4.92557246 3.12957784
v -1.61484087 4.92557246 3.27457334
v -1.42349728 4.92557246 3.43662644
v -1.22675189 4.92557246 3.61389454
v -1.01872298 4.92557246 3.80192592
v -0.79446045 4.92557246 3.99402242
v -0.55055005 4.92557246 4.18184282
v -0.28551885 4.92557246 4.35617591
v -0.00000000 4.92557246 4.50779221
v 0.30335324 4.92557246 4.62827610
v 0.62018136 4.92557246 4.71074509
v 0.94490930 4.92557246 4.75037982
v 1.27134246 4.92557246 4.74471464
v 1.59328637 4.92557246 4.69367028
v 1.90511006 4.92557246 4.59934255
v 2.20218555 4.92557246 4.46559053
v 2.48115694 4.92557246 4.29748987
v 2.74001927 4.92557246 4.10072863
v 2.97801494 4.92557246 3.88102463
v 3.19538084 4.92557246 3.64363352
v 3.39299824 4.92557246 3.39299824
v 3.57200768 4.92557246 3.13256666
v 3.73345155 4.92557246 2.86477813
v 3.87799809 4.92557246 2.59119548
v 4.00578377 4.92557246 2.31274034
v 4.11638967 4.92557246 2.02997874
v 4.20894485 4.92557246 1.74340204
v 4.28232907 4.92557246 1.45365484
v 4.33543245 4.92557246 1.16167562
v 4.36742202 4.92557246 0.86873425
v 4.37796602 4.92557246 0.57637016
v 4.36737583 4.92557246 0.28625294
v 4.32362596 5.44405377 0.00000000
v 4.27526435 5.44405377 -0.28021563
v 4.21077256 5.44405377 -0.55435872
v 4.13228653 5.44405377 -0.82196290
v 4.04180000 5.44405377 -1.08299705
v 3.94091246 5.44405377 -1.33775952
v 3.83064200 5.44405377 -1.58670387
v 3.71133351 5.44405377 -1.83022715
v 3.58267644 5.44405377 -2.06845921
v 3.44382853 5.44405377 -2.30109266
v 3.29362403 5.44405377 -2.52728661
v 3.13083142 5.44405377 -2.74566546
v 2.95441766 5.44405377 -2.95441766
v 2.76377542 5.44405377 -3.15148187
v 2.55887628 5.44405377 -3.33479249
v 2.34032548 5.44405377 -3.50254460
v 2.10931101 5.44405377 -3.65343384
v 1.86745733 5.44405377 -3.78682885
v 1.61661067 5.44405377 -3.90284341
v 1.35859469 5.44405377 -4.00229090
v 1.09498036 5.44405377 -4.08652234
v 0.82691217 5.44405377 -4.15716822
v 0.55502341 5.44405377 -4.21582135
v 0.27945822 5.44405377 -4.26370849
v 0.00000000 5.44405377 -4.30140272
v -0.28371301 5.44405377 -4.32862412
v -0.57192004 5.44405377 -4.34416398
v -0.86446330 5.44405377 -4.34595047
v -1.16055543 5.44405377 -4.33125183
v -1.45863237 5.44405377 -4.29699238
v -1.75632286 5.44405377 -4.24013847
v -2.05054797 5.44405377 -4.15809994
v -2.33774260 5.44405377 -4.04908895
v -2.61417099 5.44405377 -3.91238337
v -2.87629101 5.44405377 -3.74845542
v -3.12111203 5.44405377 -3.55894618
v -3.34648952 5.44405377 -3.34648952
v -3.55130655 5.44405377 -3.11441226
v -3.73550831 5.44405377 -2.86635634
v -3.89997698 5.44405377 -2.60588131
v -4.04625918 5.44405377 -2.33610883
v -4.17618187 5.44405377 -2.05946499
v -4.29141184 5.44405377 -1.77756099
v -4.39302559 5.44405377 -1.49123125
v -4.48115821 5.44405377 -1.20072272
v -4.55479150 5.44405377 -0.90600436
v -4.61172348 5.44405377 -0.60714491
v -4.64873615 5.44405377 -0.30469426
v -4.66194981 5.44405377 -0.00000000
v -4.64732385 5.44405377 0.30460170
v -4.60124006 5.44405377 0.60576475
v -4.52108973 5.44405377 0.89930066
v -4.40578077 5.44405377 1.18052540
v -4.25608891 5.44405377 1.44474751
v -4.07479500 5.44405377 1.68783535
v -3.86657801 5.44405377 1.90678526
v -3.63766534 5.44405377 2.10020706
v -3.39527525 5.44405377 2.26865039
v -3.14691518 5.44405377 2.41471295
v -2.89962077 5.44405377 2.54289916
v -2.65923025 5.44405377 2.65923025
v -2.42978631 5.44405377 2.77064027
v -2.21314201 5.44405377 2.88422283
v -2.00882231 5.44405377 3.00641505
v -1.81415962 5.44405377 3.14221663
v -1.62468723 5.44405377 3.29453980
v -1.43474117 5.44405377 3.46377158
v -1.23819496 5.44405377 3.64760474
v -1.02923587 5.44405377 3.84116056
v -0.80308700 5.44405377 4.03739101
v -0.55658905 5.44405377 4.22771353
v -0.28857501 5.44405377 4.40280383
v -0.00000000 5.44405377 4.55345368
v 0.30617943 5.44405377 4.67139533
v 0.62534942 5.44405377 4.75000040
v 0.95175192 5.44405377 4.78477999
v 1.27909289 5.44405377 4.77363966
v 1.60116333 5.44405377 4.71687508
v 1.91239370 5.44405377 4.61692681
v 2.20827629 5.44405377 4.47794133
v 2.48561203 5.44405377 4.30520632
v 2.74256530 5.44405377 4.10453904
v 2.97853813 5.44405377 3.88170646
v 3.19389978 5.44405377 3.64194470
v 3.38962596 5.44405377 3.38962596
v 3.56691052 5.44405377 3.12809657
v 3.72681218 5.44405377 2.85968356
v 3.86998839 5.44405377 2.58584357
v 3.99655110 5.44405377 2.30740985
v 4.10605726 5.44405377 2.02488336
v 4.19762450 5.44405377 1.73871300
v 4.27014204 5.44405377 1.44951790
v 4.32253318 5.44405377 1.15821928
v 4.35401874 5.44405377 0.86606818
v 4.36433315 5.44405377 0.57457536
v 4.35385453 5.44405377 0.28536670
v 4.31049708 5.96253508 0.00000000
v 4.26320519 5.96253508 -0.27942523
v 4.20018934 5.96253508 -0.55296542
v 4.12353408 5.96253508 -0.82022193
v 4.03514533 5.96253508 -1.08121393
v 3.93650618 5.96253508 -1.33626379
v 3.82850209 5.96253508 -1.58581749
v 3.71134408 5.96253508 -1.83023236
v 3.58460198 5.96253508 -2.06957092
v 3.44734146 5.96253508 -2.30343992
v 3.29834163 5.96253508 -2.53090655
v 3.13635664 5.96253508 -2.75051095
v 2.96037787 5.96253508 -2.96037787
v 2.76985354 5.96253508 -3.15841263
v 2.56483002 5.96253508 -3.34255155
v 2.34599262 5.96253508 -3.51102607
v 2.11460065 5.96253508 -3.66259576
v 1.87232963 5.96253508 -3.79670890
v 1.62104940 5.96253508 -3.91355946
v 1.36257803 5.96253508 -4.01402544
v 1.09845565 5.96253508 -4.09949228
v 0.82977970 5.96253508 -4.17158426
v 0.55713265 5.96253508 -4.23184259
v 0.28061774 5.96253508 -4.28139934
v 0.00000000 5.96253508 -4.32069888
v -0.28506906 5.96253508 -4.34931333
v -0.57477972 5.96253508 -4.36588539
v -0.86889172 5.96253508 -4.36821364
v -1.16650975 5.96253508 -4.35347364
v -1.46594932 5.96253508 -4.31854743
v -1.76472230 5.96253508 -4.26041650
v -2.05965278 5.96253508 -4.17656267
v -2.34711292 5.96253508 -4.06531883
v -2.62334801 5.96253508 -3.92611775
v -2.88484403 5.96253508 -3.75960194
v -3.12868172 5.96253508 -3.56757776
v -3.35282046 5.96253508 -3.35282046
v -3.55626388 5.96253508 -3.11875972
v -3.73907538 5.96253508 -2.86909345
v -3.90223411 5.96253508 -2.60738947
v -4.04734654 5.96253508 -2.33673661
v -4.17625224 5.96253508 -2.05949969
v -4.29058089 5.96253508 -1.77721680
v -4.39132823 5.96253508 -1.49065507
v -4.47851894 5.96253508 -1.20001553
v -4.55101489 5.96253508 -0.90525315
v -4.60650818 5.96253508 -0.60645831
v -4.64171224 5.96253508 -0.30423389
v -4.65273570 5.96253508 -0.00000000
v -4.63559550 5.96253508 0.30383298
v -4.58680325 5.96253508 0.60386410
v -4.50394449 5.96253508 0.89589026
v -4.38616797 5.96253508 1.17527016
v -4.23451042 5.96253508 1.43742260
v -4.05200244 5.96253508 1.67839436
v -3.84352868 5.96253508 1.89541859
v -3.61544875 5.96253508 2.08738031
v -3.37501741 5.96253508 2.25511454
v -3.12967130 5.96253508 2.40148126
v -2.88626888 5.96253508 2.53118988
v -2.65037863 5.96253508 2.65037863
v -2.42570613 5.96253508 2.76598773
v -2.21373407 5.96253508 2.88499440
v -2.01362210 5.96253508 3.01359844
v -1.82238099 5.96253508 3.15645646
v -1.63529957 5.96253508 3.31605948
v -1.44657144 5.96253508 3.49233240
v -1.25004280 5.96253508 3.68250735
v -1.03998838 5.96253508 3.88128948
v -0.81182059 5.96253508 4.08129774
v -0.56264715 5.96253508 4.27372944
v -0.29161406 5.96253508 4.44917081
v -0.00000000 5.96253508 4.59845875
v 0.30893881 5.96253508 4.71349533
v 0.63034223 5.96253508 4.78792457
v 0.95828049 5.96253508 4.81760137
v 1.28637315 5.96253508 4.80080996
v 1.60840986 5.96253508 4.73822266
v 1.91889452 5.96253508 4.63262117
v 2.21344941 5.96253508 4.48843140
v 2.48903907 5.96253508 4.31114213
v 2.74400081 5.96253508 4.10668743
v 2.97789698 5.96253508 3.88087090
v 3.19122765 5.96253508 3.63889772
v 3.38505984 5.96253508 3.38505984
v 3.56063704 5.96253508 3.12259487
v 3.71903083 5.96253508 2.85371272
v 3.86088523 5.96253508 2.57976103
v 3.98628611 5.96253508 2.30148336
v 4.09476588 5.96253508 2.01931506
v 4.18543106 5.96253508 1.73366231
v 4.25718096 5.96253508 1.44511821
v 4.30897228 5.96253508 1.15458564
v 4.34007893 5.96253508 0.86329537
v 4.35029942 5.96253508 0.57272778
v 4.34007489 5.96253508 0.28446354
v 4.29727948 6.48101639 0.00000000
v 4.25119298 6.48101639 -0.27863791
v 4.18977572 6.48101639 -0.55159444
v 4.11505453 6.48101639 -0.81853524
v 4.02884233 6.48101639 -1.07952505
v 3.93250253 6.48101639 -1.33490473
v 3.82678700 6.48101639 -1.58510707
v 3.71177448 6.48101639 -1.83044461
v 3.58691898 6.48101639 -2.07090864
v 3.45119977 6.48101639 -2.30601796
v 3.30334757 6.48101639 -2.53474774
v 3.14210917 6.48101639 -2.75555579
v 2.96650671 6.48101639 -2.96650671
v 2.77604891 6.48101639 -3.16547710
v 2.57086009 6.48101639 -3.35041010
v 2.35170669 6.48101639 -3.51957778
v 2.11991852 6.48101639 -3.67180658
v 1.87721991 6.48101639 -3.80662542
v 1.62550127 6.48101639 -3.92430722
v 1.36657195 6.48101639 -4.02579116
v 1.10193890 6.48101639 -4.11249197
v 0.83265145 6.48101639 -4.18602151
v 0.55924180 6.48101639 -4.24786319
v 0.28177456 6.48101639 -4.29904902
v 0.00000000 6.48101639 -4.33989114
v -0.28641266 6.48101639 -4.36981269
v -0.57760027 6.48101639 -4.38730966
v -0.87323638 6.48101639 -4.39005572
v -1.17231547 6.48101639 -4.37514091
v -1.47303248 6.48101639 -4.33941374
v -1.77278445 6.48101639 -4.27988026
v -2.06830283 6.48101639 -4.19410323
v -2.35590302 6.48101639 -4.08054374
v -2.63181842 6.48101639 -3.93879461
v -2.89257028 6.48101639 -3.76967098
v -3.13531705 6.48101639 -3.57514390
v -3.35812676 6.48101639 -3.35812676
v -3.56012612 6.48101639 -3.12214681
v -3.74149687 6.48101639 -2.87095153
v -3.90331305 6.48101639 -2.60811039
v -4.04723714 6.48101639 -2.33667345
v -4.17511664 6.48101639 -2.05893967
v -4.28853963 6.48101639 -1.77637128
v -4.38841776 6.48101639 -1.48966710
v -4.47466395 6.48101639 -1.19898259
v -4.54602141 6.48101639 -0.90425988
v -4.60008020 6.48101639 -0.60561205
v -4.63349143 6.48101639 -0.30369507
v -4.64235977 6.48101639 -0.00000000
v -4.62276789 6.48101639 0.30299222
v -4.57136430 6.48101639 0.60183153
v -4.48593361 6.48101639 0.89230767
v -4.36586665 6.48101639 1.16983044
v -4.21245818 6.48101639 1.42993687
v -4.02898091 6.48101639 1.66885854
v -3.82051341 6.48101639 1.88406871
v -3.59353234 6.48101639 2.07472686
v -3.35531194 6.48101639 2.24194776
v -3.11320088 6.48101639 2.38884305
v -2.87386499 6.48101639 2.52031195
v -2.64259102 6.48101639 2.64259102
v -2.42274053 6.48101639 2.76260611
v -2.21542459 6.48101639 2.88719754
v -2.01944254 6.48101639 3.02230935
v -1.83149406 6.48101639 3.17224077
v -1.64663874 6.48101639 3.33905306
v -1.45894598 6.48101639 3.52220716
v -1.26225385 6.48101639 3.71847992
v -1.05094296 6.48101639 3.92217251
v -0.82063062 6.48101639 4.12558872
v -0.56870294 6.48101639 4.31972772
v -0.29462509 6.48101639 4.49511025
v -0.00000000 6.48101639 4.64264222
v 0.31162096 6.48101639 4.75441714
v 0.63514025 6.48101639 4.82436914
v 0.96446823 6.48101639 4.84870922
v 1.29315144 6.48101639 4.82610686
v 1.61499152 6.48101639 4.75761161
v 1.92457775 6.48101639 4.64634170
v 2.21767185 6.48101639 4.49699365
v 2.49140831 6.48101639 4.31524578
v 2.74430058 6.48101639 4.10713607
v 2.97607158 6.48101639 3.87849200
v 3.18735019 6.48101639 3.63447632
v 3.37929137 6.48101639 3.37929137
v 3.55318435 6.48101639 3.11605904
v 3.71010998 6.48101639 2.84686752
v 3.85069613 6.48101639 2.57295290
v 3.97500104 6.48101639 2.29496792
v 4.08253207 6.48101639 2.01328202
v 4.17238495 6.48101639 1.72825843
v 4.24346956 6.48101639 1.44046381
v 4.29477608 6.48101639 1.15078178
v 4.32563058 6.48101639 0.86042142
v 4.33589336 6.48101639 0.57083119
v 4.32606464 6.48101639 0.28354526
v 4.28399806 6.99949770 0.00000000
v 4.23924835 6.99949770 -0.27785502
v 4.17954676 6.99949770 -0.55024777
v 4.10685623 6.99949770 -0.81690450
v 4.02289190 6.99949770 -1.07793064
v 3.92889462 6.99949770 -1.33368001
v 3.82548224 6.99949770 -1.58456663
v 3.71260319 6.99949770 -1.83085328
v 3.58959994 6.99949770 -2.07245649
v 3.45537132 6.99949770 -2.30880530
v 3.30860655 6.99949770 -2.53878310
v 3.14805209 6.99949770 -2.76076759
v 2.97276705 6.99949770 -2.97276705
v 2.78232543 6.99949770 -3.17263410
v 2.57693233 6.99949770 -3.35832360
v 2.35743609 6.99949770 -3.52815244
v 2.12523596 6.99949770 -3.68101665
v 1.88210257 6.99949770 -3.81652648
v 1.62994373 6.99949770 -3.93503225
v 1.37055697 6.99949770 -4.03753065
v 1.10541377 6.99949770 -4.12546037
v 0.83551442 6.99949770 -4.20041465
v 0.56134161 6.99949770 -4.26381288
v 0.28292373 6.99949770 -4.31658196
v 0.00000000 6.99949770 -4.35889861
v -0.28773819 6.99949770 -4.39003645
v -0.58036990 6.99949770 -4.40834709
v -0.87747893 6.99949770 -4.41138448
v -1.17794768 6.99949770 -4.39616058
v -1.47985065 6.99949770 -4.35949943
v -1.78047259 6.99949770 -4.29844107
v -2.07645691 6.99949770 -4.21063808
v -2.36406858 6.99949770 -4.09468690
v -2.63953627 6.99949770 -3.95034520
v -2.89942373 6.99949770 -3.77860257
v -3.14097333 6.99949770 -3.58159364
v -3.36236626 6.99949770 -3.36236626
v -3.56285455 6.99949770 -3.12453958
v -3.74273809 6.99949770 -2.87190395
v -3.90318335 6.99949770 -2.60802374
v -4.04590484 6.99949770 -2.33590425
v -4.17275318 6.99949770 -2.05777414
v -4.28527034 6.99949770 -1.77501709
v -4.38428062 6.99949770 -1.48826273
v -4.46958409 6.99949770 -1.19762145
v -4.53980673 6.99949770 -0.90302370
v -4.59244072 6.99949770 -0.60460629
v -4.62408117 6.99949770 -0.30307829
v -4.63083655 6.99949770 -0.00000000
v -4.60886317 6.99949770 0.30208085
v -4.55495325 6.99949770 0.59967097
v -4.46709472 6.99949770 0.88856039
v -4.34492117 6.99949770 1.16421812
v -4.18998164 6.99949770 1.42230711
v -4.00578278 6.99949770 1.65924956
v -3.79758470 6.99949770 1.87276152
v -3.57196569 6.99949770 2.06227535
v -3.33620238 6.99949770 2.22917916
v -3.09753852 6.99949770 2.37682490
v -2.86243240 6.99949770 2.51028584
v -2.63587792 6.99949770 2.63587792
v -2.42088652 6.99949770 2.76049201
v -2.21819758 6.99949770 2.89081137
v -2.02625613 6.99949770 3.03250660
v -1.84146226 6.99949770 3.18950620
v -1.65866225 6.99949770 3.36343431
v -1.47181985 6.99949770 3.55328743
v -1.27478443 6.99949770 3.75539383
v -1.06206059 6.99949770 3.96366408
v -0.82948560 6.99949770 4.17010571
v -0.57473456 6.99949770 4.36554237
v -0.29759706 6.99949770 4.54045369
v -0.00000000 6.99949770 4.68583838
v 0.31421553 6.99949770 4.79400264
v 0.63972418 6.99949770 4.85918757
v 0.97028892 6.99949770 4.87797180
v 1.29939696 6.99949770 4.84941546
v 1.62087538 6.99949770 4.77494491
v 1.92941060 6.99949770 4.65800923
v 2.22091294 6.99949770 4.50356594
v 2.49269283 6.99949770 4.31747063
v 2.74344253 6.99949770 4.10585190
v 2.97304537 6.99949770 3.87454817
v 3.18225667 6.99949770 3.62866828
v 3.37231562 6.99949770 3.37231562
v 3.54455311 6.99949770 3.10848965
v 3.70005555 6.99949770 2.83915248
v 3.83943189 6.99949770 2.56542637
v 3.96271114 6.99949770 2.28787234
v 4.06937513 6.99949770 2.00679373
v 4.15850899 6.99949770 1.72251082
v 4.22903355 6.99949770 1.43556345
v 4.27997241 6.99949770 1.14681515
v 4.31070272 6.99949770 0.85745208
v 4.32114398 6.99949770 0.56888940
v 4.31185146 6.99949770 0.28261368
v 4.27067676 7.51797901 0.00000000
v 4.22739048 7.51797901 -0.27707781
v 4.16951555 7.51797901 -0.54892714
v 4.09894518 7.51797901 -0.81533089
v 4.01729227 7.51797901 -1.07643022
v 3.92567274 7.51797901 -1.33258633
v 3.82457039 7.51797901 -1.58418893
v 3.71380582 7.51797901 -1.83144636
v 3.59261461 7.51797901 -2.07419701
v 3.45982138 7.51797901 -2.31177874
v 3.31408095 7.51797901 -2.54298376
v 3.15414643 7.51797901 -2.76611218
v 2.97912001 7.51797901 -2.97912001
v 2.78864550 7.51797901 -3.17984076
v 2.58301132 7.51797901 -3.36624589
v 2.36314819 7.51797901 -3.53670119
v 2.13052338 7.51797901 -3.69017475
v 1.88695122 7.51797901 -3.82635856
v 1.63435355 7.51797901 -3.94567851
v 1.37451304 7.51797901 -4.04918485
v 1.10886345 7.51797901 -4.13833474
v 0.83835526 7.51797901 -4.21469653
v 0.56342261 7.51797901 -4.27961958
v 0.28406018 7.51797901 -4.33392082
v 0.00000000 7.51797901 -4.37763875
v -0.28903995 7.51797901 -4.40989743
v -0.58307665 7.51797901 -4.42890687
v -0.88160088 7.51797901 -4.43210694
v -1.18338136 7.51797901 -4.41643936
v -1.48637273 7.51797901 -4.37871286
v -1.78775030 7.51797901 -4.31601102
v -2.08407444 7.51797901 -4.22608491
v -2.37156625 7.51797901 -4.10767323
v -2.64645700 7.51797901 -3.96070279
v -2.90536010 7.51797901 -3.78633900
v -3.14560799 7.51797901 -3.58687847
v -3.36549927 7.51797901 -3.36549927
v -3.56441320 7.51797901 -3.12590648
v -3.74276728 7.51797901 -2.87192635
v -3.90181773 7.51797901 -2.60711126
v -4.04332676 7.51797901 -2.33441580
v -4.16914326 7.51797901 -2.05599393
v -4.28075857 7.51797901 -1.77314826
v -4.37890655 7.51797901 -1.48643848
v -4.46327347 7.51797901 -1.19593052
v -4.53236977 7.51797901 -0.90154440
v -4.58359406 7.51797901 -0.60344161
v -4.61349194 7.51797901 -0.30238424
v -4.61818339 7.51797901 -0.00000000
v -4.59390611 7.51797901 0.30110051
v -4.53760240 7.51797901 0.59738669
v -4.44746730 7.51797901 0.88465625
v -4.32337711 7.51797901 1.15844541
v -4.16713084 7.51797901 1.41455031
v -3.98246019 7.51797901 1.64958902
v -3.77479400 7.51797901 1.86152240
v -3.55079648 7.51797901 2.05005330
v -3.31772954 7.51797901 2.21683600
v -3.08271537 7.51797901 2.36545070
v -2.85199039 7.51797901 2.50112844
v -2.63024531 7.51797901 2.63024531
v -2.42013643 7.51797901 2.75963669
v -2.22203241 7.51797901 2.89580902
v -2.03403095 7.51797901 3.04414244
v -1.85224505 7.51797901 3.20818253
v -1.67132416 7.51797901 3.38911013
v -1.48514542 7.51797901 3.58545821
v -1.28758887 7.51797901 3.79311450
v -1.07330092 7.51797901 4.00561355
v -0.83835326 7.51797901 4.21468647
v -0.58071979 7.51797901 4.41100470
v -0.30051883 7.51797901 4.58503131
v -0.00000000 7.51797901 4.72788151
v 0.31671223 7.51797901 4.83209493
v 0.64407506 7.51797901 4.89223580
v 0.97571704 7.51797901 4.90526080
v 1.30508006 7.51797901 4.87062508
v 1.62603012 7.51797901 4.79013025
v 1.93336237 7.51797901 4.66754965
v 2.22314458 7.51797901 4.50809125
v 2.49286861 7.51797901 4.31777508
v 2.74140779 7.51797901 4.10280669
v 2.96880523 7.51797901 3.86902230
v 3.17593988 7.51797901 3.62146535
v 3.36413121 7.51797901 3.36413121
v 3.53474747 7.51797901 3.09989033
v 3.68887681 7.51797901 2.83057474
v 3.82710646 7.51797901 2.55719078
v 3.94943457 7.51797901 2.28020711
v 4.05531691 7.51797901 1.99986099
v 4.14382817 7.51797901 1.71642983
v 4.21390042 7.51797901 1.43042644
v 4.26459044 7.51797901 1.14269356
v 4.29532513 7.51797901 0.85439329
v 4.30608053 7.51797901 0.56690626
v 4.29746267 7.51797901 0.28167058
v 4.25733833 8.03646033 0.00000000
v 4.21563680 8.03646033 -0.27630743
v 4.15969300 8.03646033 -0.54763397
v 4.09132480 8.03646033 -0.81381510
v 4.01203884 8.03646033 -1.07502257
v 3.92282413 8.03646033 -1.33161936
v 3.82403093 8.03646033 -1.58396548
v 3.71535495 8.03646033 -1.83221030
v 3.59592986 8.03646033 -2.07611107
v 3.46451261 8.03646033 -2.31491332
v 3.31973081 8.03646033 -2.54731904
v 3.16035117 8.03646033 -2.77155359
v 2.98552496 8.03646033 -2.98552496
v 2.79497005 8.03646033 -3.18705252
v 2.58906041 8.03646033 -3.37412922
v 2.36880928 8.03646033 -3.54517363
v 2.13575036 8.03646033 -3.69922814
v 1.89173871 8.03646033 -3.83606663
v 1.63870689 8.03646033 -3.95618839
v 1.37841956 8.03646033 -4.06069307
v 1.11227067 8.03646033 -4.15105064
v 0.84116028 8.03646033 -4.22879831
v 0.56547506 8.03646033 -4.29520949
v 0.28517873 8.03646033 -4.35098657
v 0.00000000 8.03646033 -4.39602753
v -0.29031213 8.03646033 -4.42930716
v -0.58570844 8.03646033 -4.44889726
v -0.88558364 8.03646033 -4.45212961
v -1.18859150 8.03646033 -4.43588388
v -1.49256777 8.03646033 -4.39696286
v -1.79458157 8.03646033 -4.33250317
v -2.09111556 8.03646033 -4.24036289
v -2.37835374 8.03646033 -4.11942952
v -2.65253748 8.03646033 -3.96980288
v -2.91033700 8.03646033 -3.79282503
v -3.14918073 8.03646033 -3.59095240
v -3.36748869 8.03646033 -3.36748869
v -3.56476896 8.03646033 -3.12621847
v -3.74155578 8.03646033 -2.87099673
v -3.89919207 8.03646033 -2.60535685
v -4.03948331 8.03646033 -2.33219677
v -4.16427160 8.03646033 -2.05359149
v -4.27499320 8.03646033 -1.77076016
v -4.37228855 8.03646033 -1.48419197
v -4.45572938 8.03646033 -1.19390909
v -4.52371254 8.03646033 -0.89982237
v -4.57354759 8.03646033 -0.60211896
v -4.60173715 8.03646033 -0.30161379
v -4.60442038 8.03646033 -0.00000000
v -4.57792390 8.03646033 0.30005299
v -4.51934613 8.03646033 0.59498321
v -4.42709236 8.03646033 0.88060342
v -4.30128103 8.03646033 1.15252478
v -4.14395604 8.03646033 1.40668353
v -3.95906470 8.03646033 1.63989829
v -3.75219134 8.03646033 1.85037600
v -3.53007010 8.03646033 2.03808692
v -3.29993113 8.03646033 2.20494349
v -3.06875878 8.03646033 2.35474143
v -2.84255389 8.03646033 2.49285286
v -2.62569451 8.03646033 2.62569451
v -2.42047777 8.03646033 2.76002592
v -2.22690368 8.03646033 2.90215738
v -2.04273067 8.03646033 3.05716249
v -1.86379790 8.03646033 3.22819266
v -1.68457522 8.03646033 3.41598063
v -1.49887241 8.03646033 3.61859811
v -1.30061955 8.03646033 3.83150163
v -1.08462229 8.03646033 4.04786551
v -0.84720063 8.03646033 4.25916518
v -0.58663612 8.03646033 4.45594370
v -0.30337922 8.03646033 4.62867238
v -0.00000000 8.03646033 4.76860639
v 0.31910090 8.03646033 4.86853894
v 0.64817431 8.03646033 4.92337269
v 0.98072784 8.03646033 4.93045179
v 1.31017231 8.03646033 4.88962964
v 1.63042612 8.03646033 4.80308045
v 1.93640457 8.03646033 4.67489417
v 2.22434129 8.03646033 4.51051794
v 2.49191465 8.03646033 4.31612278
v 2.73818078 8.03646033 4.09797714
v 2.96334146 8.03646033 3.86190179
v 3.16839615 8.03646033 3.61286338
v 3.35474029 8.03646033 3.35474029
v 3.52377501 8.03646033 3.09026774
v 3.67658631 8.03646033 2.82114390
v 3.81373682 8.03646033 2.54825747
v 3.93519222 8.03646033 2.27198429
v 4.04038166 8.03646033 1.99249574
v 4.12836950 8.03646033 1.71002664
v 4.19809920 8.03646033 1.42506265
v 4.24866034 8.03646033 1.13842511
v 4.27952811 8.03646033 0.85125107
v 4.29073216 8.03646033 0.56488561
v 4.28292494 8.03646033 0.28071773
v 4.24400407 8.55494164 0.00000000
v 4.20400277 8.55494164 -0.27554490
v 4.15008757 8.55494164 -0.54636939
v 4.08399573 8.55494164 -0.81235726
v 4.00712394 8.55494164 -1.07370562
v 3.92033288 8.55494164 -1.33077369
v 3.82384019 8.55494164 -1.58388647
v 3.71722005 8.55494164 -1.83313006
v 3.59950965 8.55494164 -2.07817787
v 3.46940501 8.55494164 -2.31818232
v 3.32551379 8.55494164 -2.55175648
v 3.16662328 8.55494164 -2.77705408
v 2.99193955 8.55494164 -2.99193955
v 2.80125855 8.55494164 -3.19422319
v 2.59504174 8.55494164 -3.38192424
v 2.37438469 8.55494164 -3.55351782
v 2.14088559 8.55494164 -3.70812262
v 1.89643719 8.55494164 -3.84559419
v 1.64297926 8.55494164 -3.96650280
v 1.38225539 8.55494164 -4.07199307
v 1.11561772 8.55494164 -4.16354203
v 0.84391545 8.55494164 -4.24264947
v 0.56748903 8.55494164 -4.31050716
v 0.28627410 8.55494164 -4.36769868
v 0.00000000 8.55494164 -4.41397951
v -0.29154886 8.55494164 -4.44817608
v -0.58825308 8.55494164 -4.46822575
v -0.88940854 8.55494164 -4.47135868
v -1.19355314 8.55494164 -4.45440095
v -1.49840505 8.55494164 -4.41415895
v -1.80093090 8.55494164 -4.34783179
v -2.09754123 8.55494164 -4.25339285
v -2.38439001 8.55494164 -4.12988465
v -2.65773623 8.55494164 -3.97758336
v -2.91431404 8.55494164 -3.79800800
v -3.15165362 8.55494164 -3.59377218
v -3.36830011 8.55494164 -3.36830011
v -3.56389166 8.55494164 -3.12544910
v -3.73907803 8.55494164 -2.86909549
v -3.89528552 8.55494164 -2.60274657
v -4.03435816 8.55494164 -2.32923777
v -4.15812621 8.55494164 -2.05056092
v -4.26796636 8.55494164 -1.76784955
v -4.36442281 8.55494164 -1.48152191
v -4.44695226 8.55494164 -1.19155727
v -4.51384011 8.55494164 -0.89785862
v -4.56231155 8.55494164 -0.60063971
v -4.58883289 8.55494164 -0.30076800
v -4.58957007 8.55494164 -0.00000000
v -4.56094592 8.55494164 0.29894019
v -4.50022054 8.55494164 0.59246527
v -4.40601218 8.55494164 0.87641031
v -4.27868007 8.55494164 1.14646887
v -4.12050736 8.55494164 1.39872377
v -3.93564696 8.55494164 1.63019835
v -3.72982496 8.55494164 1.83934612
v -3.50982931 8.55494164 2.02640089
v -3.28284148 8.55494164 2.19352455
v -3.05569205 8.55494164 2.34471497
v -2.83413325 8.55494164 2.48546816
v -2.62222192 8.55494164 2.62222192
v -2.42189307 8.55494164 2.76163976
v -2.23278118 8.55494164 2.90981709
v -2.05231446 8.55494164 3.07150564
v -1.87607236 8.55494164 3.24945265
v -1.69836289 8.55494164 3.44393925
v -1.51294797 8.55494164 3.65257952
v -1.31382699 8.55494164 3.87040950
v -1.09598190 8.55494164 4.09026015
v -0.85599408 8.55494164 4.30337282
v -0.59246080 8.55494164 4.50018657
v -0.30616700 8.55494164 4.67120578
v -0.00000000 8.55494164 4.80784876
v 0.32137152 8.55494164 4.90318184
v 0.65200379 8.55494164 4.95246048
v 0.98529742 8.55494164 4.95342465
v 1.31464663 8.55494164 4.90632803
v 1.63403562 8.55494164 4.81371370
v 1.93851102 8.55494164 4.67997959
v 2.22448035 8.55494164 4.51079992
v 2.48981304 8.55494164 4.31248269
v 2.73374927 8.55494164 4.09134492
v 2.95664791 8.55494164 3.85317857
v 3.15962535 8.55494164 3.60286221
v 3.34414849 8.55494164 3.34414849
v 3.51164667 8.55494164 3.07963148
v 3.66319974 8.55494164 2.81087203
v 3.79934284 8.55494164 2.53863972
v 3.92000756 8.55494164 2.26321742
v 4.02459583 8.55494164 1.98471103
v 4.11216173 8.55494164 1.70331316
v 4.18166021 8.55494164 1.41948237
v 4.23221307 8.55494164 1.13401807
v 4.26334216 8.55494164 0.84803148
v 4.27512770 8.55494164 0.56283124
v 4.26826403 8.55494164 0.27975680
v 4.23069347 9.07342295 0.00000000
v 4.19250158 9.07342295 -0.27479107
v 4.14070504 9.07342295 -0.54513416
v 4.07695559 9.07342295 -0.81095689
v 4.00253671 9.07342295 -1.07247648
v 3.91817972 9.07342295 -1.33004279
v 3.82397115 9.07342295 -1.58394071
v 3.71936744 9.07342295 -1.83418904
v 3.60331501 9.07342295 -2.08037489
v 3.47445592 9.07342295 -2.32155722
v 3.33138523 9.07342295 -2.55626179
v 3.17291768 9.07342295 -2.78257412
v 2.99831971 9.07342295 -2.99831971
v 2.80746909 9.07342295 -3.20130494
v 2.60091629 9.07342295 -3.38958010
v 2.37983875 9.07342295 -3.56168039
v 2.14589695 9.07342295 -3.71680255
v 1.90101808 9.07342295 -3.85488332
v 1.64714557 9.07342295 -3.97656118
v 1.38599891 9.07342295 -4.08302111
v 1.11888651 9.07342295 -4.17574131
v 0.84660644 9.07342295 -4.25617798
v 0.56945441 9.07342295 -4.32543564
v 0.28734091 9.07342295 -4.38397518
v 0.00000000 9.07342295 -4.43140806
v -0.29274422 9.07342295 -4.46641370
v -0.59069833 9.07342295 -4.48679928
v -0.89305690 9.07342295 -4.48970025
v -1.19824141 9.07342295 -4.47189781
v -1.50385419 9.07342295 -4.43021159
v -1.80676336 9.07342295 -4.36191260
v -2.10331336 9.07342295 -4.26509758
v -2.38963533 9.07342295 -4.13896980
v -2.66201348 9.07342295 -3.98398471
v -2.91725293 9.07342295 -3.80183804
v -3.15299118 9.07342295 -3.59529738
v -3.36790189 9.07342295 -3.36790189
v -3.56175415 9.07342295 -3.12357456
v -3.73531167 9.07342295 -2.86620545
v -3.89008047 9.07342295 -2.59926867
v -4.02793829 9.07342295 -2.32553126
v -4.15069835 9.07342295 -2.04689791
v -4.25967339 9.07342295 -1.76441449
v -4.35530866 9.07342295 -1.47842807
v -4.43694555 9.07342295 -1.18887598
v -4.50276041 9.07342295 -0.89565473
v -4.54989891 9.07342295 -0.59900556
v -4.57479780 9.07342295 -0.29984809
v -4.57365731 9.07342295 -0.00000000
v -4.54300347 9.07342295 0.29776418
v -4.48026328 9.07342295 0.58983785
v -4.38426996 9.07342295 0.87208552
v -4.25562169 9.07342295 1.14029039
v -4.09683451 9.07342295 1.39068792
v -3.91225633 9.07342295 1.62050963
v -3.70774096 9.07342295 1.82845550
v -3.49011390 9.07342295 2.01501820
v -3.26649115 9.07342295 2.18259961
v -3.04353406 9.07342295 2.33538582
v -2.82673398 9.07342295 2.47897916
v -2.61981888 9.07342295 2.61981888
v -2.42435975 9.07342295 2.76445247
v -2.23962978 9.07342295 2.91874235
v -2.06273699 9.07342295 3.08710406
v -1.88901605 9.07342295 3.27187178
v -1.71263138 9.07342295 3.47287290
v -1.52731677 9.07342295 3.68726887
v -1.32715999 9.07342295 3.90968726
v -1.10733584 9.07342295 4.13263363
v -0.86469945 9.07342295 4.34713769
v -0.59817092 9.07342295 4.54355919
v -0.30887098 9.07342295 4.71246051
v -0.00000000 9.07342295 4.84544590
v 0.32351425 9.07342295 4.93587361
v 0.65554588 9.07342295 4.97936531
v 0.98940284 9.07342295 4.97406398
v 1.31847736 9.07342295 4.92062450
v 1.63683279 9.07342295 4.82195392
v 1.93965795 9.07342295 4.68274854
v 2.22354185 9.07342295 4.50889683
v 2.48654903 9.07342295 4.30682926
v 2.72810440 9.07342295 4.08289676
v 2.94872187 9.07342295 3.84284915
v 3.14963087 9.07342295 3.59146568
v 3.33236489 9.07342295 3.33236489
v 3.49837668 9.07342295 3.06799401
v 3.64873584 9.07342295 2.79977348
v 3.78394714 9.07342295 2.52835264
v 3.90390642 9.07342295 2.25392142
v 4.00798784 9.07342295 1.97652087
v 4.09523517 9.07342295 1.69630195
v 4.16461478 9.07342295 1.41369622
v 4.21528007 9.07342295 1.12948089
v 4.24679774 9.07342295 0.84474059
v 4.25929532 9.07342295 0.56074687
v 4.25350447 9.07342295 0.27878941
v 4.21742402 9.59190426 0.00000000
v 4.18114390 9.59190426 -0.27404665
v 4.13154830 9.59190426 -0.54392865
v 4.07019878 9.59190426 -0.80961287
v 3.99826286 9.59190426 -1.07133130
v 3.91634197 9.59190426 -1.32941896
v 3.82439344 9.59190426 -1.58411563
v 3.72176020 9.59190426 -1.83536902
v 3.60730396 9.59190426 -2.08267791
v 3.47961998 9.59190426 -2.32500774
v 3.33729813 9.59190426 -2.56079892
v 3.17918732 9.59190426 -2.78807245
v 3.00461975 9.59190426 -3.00461975
v 2.81355835 9.59190426 -3.20824842
v 2.60664390 9.59190426 -3.39704446
v 2.38513486 9.59190426 -3.56960658
v 2.15075155 9.59190426 -3.72521095
v 1.90545215 9.59190426 -3.86387473
v 1.65118019 9.59190426 -3.98630160
v 1.38962799 9.59190426 -4.09371204
v 1.12205854 9.59190426 -4.18757947
v 0.84921862 9.59190426 -4.26931032
v 0.57136085 9.59190426 -4.33991656
v 0.28837372 9.59190426 -4.39973282
v 0.00000000 9.59190426 -4.44822547
v -0.29389222 9.59190426 -4.48392875
v -0.59303189 9.59190426 -4.50452445
v -0.89651008 9.59190426 -4.50706051
v -1.20263162 9.59190426 -4.48828231
v -1.50888518 9.59190426 -4.44503240
v -1.81204474 9.59190426 -4.37466299
v -2.10839491 9.59190426 -4.27540194
v -2.39405140 9.59190426 -4.14661865
v -2.66533130 9.59190426 -3.98895019
v -2.91911764 9.59190426 -3.80426818
v -3.15316055 9.59190426 -3.59549050
v -3.36626526 9.59190426 -3.36626526
v -3.55833236 9.59190426 -3.12057373
v -3.73023753 9.59190426 -2.86231192
v -3.88356263 9.59190426 -2.59491359
v -4.02021398 9.59190426 -2.32107162
v -4.14198254 9.59190426 -2.04259974
v -4.25011275 9.59190426 -1.76045434
v -4.34494843 9.59190426 -1.47491125
v -4.42571558 9.59190426 -1.18586692
v -4.49048410 9.59190426 -0.89321282
v -4.53632522 9.59190426 -0.59721855
v -4.55965286 9.59190426 -0.29885544
v -4.55670897 9.59190426 -0.00000000
v -4.52412953 9.59190426 0.29652712
v -4.45951316 9.59190426 0.58710604
v -4.36190956 9.59190426 0.86763776
v -4.23215328 9.59190426 1.13400205
v -4.07298632 9.59190426 1.38259255
v -3.88894050 9.59190426 1.61085190
v -3.68598294 9.59190426 1.81772563
v -3.47096035 9.59190426 2.00395989
v -3.25090666 9.59190426 2.17218639
v -3.03229907 9.59190426 2.32676491
v -2.82035650 9.59190426 2.47338627
v -2.61847144 9.59190426 2.61847144
v -2.42785001 9.59190426 2.76843235
v -2.24740938 9.59190426 2.92888092
v -2.07394843 9.59190426 3.10388317
v -1.90257273 9.59190426 3.29535264
v -1.72732180 9.59190426 3.50266211
v -1.54192112 9.59190426 3.72252689
v -1.34056573 9.59190426 3.94917929
v -1.11863926 9.59190426 4.17481856
v -0.87328214 9.59190426 4.39028581
v -0.60374343 9.59190426 4.58588665
v -0.31147999 9.59190426 4.75226626
v -0.00000000 9.59190426 4.88123715
v 0.32551948 9.59190426 4.96646754
v 0.65878352 9.59190426 5.00395766
v 0.99302217 9.59190426 4.99225957
v 1.32164037 9.59190426 4.93242901
v 1.63879385 9.59190426 4.82773101
v 1.93982412 9.59190426 4.68314971
v 2.22150879 9.59190426 4.50477420
v 2.48211106 9.59190426 4.29914246
v 2.72124069 9.59190426 4.07262449
v 2.93956413 9.59190426 3.83091456
v 3.13841955 9.59190426 3.57868162
v 3.31940190 9.59190426 3.31940190
v 3.48398239 9.59190426 3.05537055
v 3.63321623 9.59190426 2.78786487
v 3.76757488 9.59190426 2.51741305
v 3.88691684 9.59190426 2.24411248
v 3.99058786 9.59190426 1.96794015
v 4.07762137 9.59190426 1.68900607
v 4.14699504 9.59190426 1.40771513
v 4.19789303 9.59190426 1.12482205
v 4.22992493 9.59190426 0.84138438
v 4.24326225 9.59190426 0.55863607
v 4.23866930 9.59190426 0.27781706
v 4.20421085 10.11038557 0.00000000
v 4.16993764 10.11038557 -0.27331215
v 4.12261706 10.11038557 -0.54275283
v 4.06371630 10.11038557 -0.80832343
v 3.99428455 10.11038557 -1.07026532
v 3.91479334 10.11038557 -1.32889327
v 3.82507317 10.11038557 -1.58439718
v 3.72435812 10.11038557 -1.83665017
v 3.61143153 10.11038557 -2.08506097
v 3.48484918 10.11038557 -2.32850178
v 3.34320317 10.11038557 -2.56533002
v 3.18538321 10.11038557 -2.79350610
v 3.01079232 10.11038557 -3.01079232
v 2.81948172 10.11038557 -3.21500272
v 2.61218333 10.11038557 -3.40426360
v 2.39023553 10.11038557 -3.57724026
v 2.15541572 10.11038557 -3.73328954
v 1.90970954 10.11038557 -3.87250785
v 1.65505690 10.11038557 -3.99566082
v 1.39312006 10.11038557 -4.10399936
v 1.12511493 10.11038557 -4.19898610
v 0.85173711 10.11038557 -4.28197163
v 0.57319790 10.11038557 -4.35387029
v 0.28936700 10.11038557 -4.41488722
v 0.00000000 10.11038557 -4.46434315
v -0.29498684 10.11038557 -4.50062945
v -0.59524145 10.11038557 -4.52130771
v -0.89974947 10.11038557 -4.52334605
v -1.20669933 10.11038557 -4.50346319
v -1.51346850 10.11038557 -4.45853442
v -1.81674163 10.11038557 -4.38600227
v -2.11275000 10.11038557 -4.28423320
v -2.39760149 10.11038557 -4.15276759
v -2.66765374 10.11038557 -3.99242597
v -2.91987447 10.11038557 -3.80525449
v -3.15213150 10.11038557 -3.59431710
v -3.36336440 10.11038557 -3.36336440
v -3.55360535 10.11038557 -3.11642825
v -3.72383969 10.11038557 -2.85740269
v -3.87572093 10.11038557 -2.58967393
v -4.01117870 10.11038557 -2.31585510
v -4.13197642 10.11038557 -2.03766527
v -4.23928597 10.11038557 -1.75596974
v -4.33334737 10.11038557 -1.47097322
v -4.41327143 10.11038557 -1.18253252
v -4.47702443 10.11038557 -0.89053553
v -4.52160837 10.11038557 -0.59528104
v -4.54342116 10.11038557 -0.29779156
v -4.53875373 10.11038557 -0.00000000
v -4.50435850 10.11038557 0.29523125
v -4.43800992 10.11038557 0.58427509
v -4.33897512 10.11038557 0.86307581
v -4.20832185 10.11038557 1.12761644
v -4.04901047 10.11038557 1.37445385
v -3.86574515 10.11038557 1.60124407
v -3.66459163 10.11038557 1.80717660
v -3.45240145 10.11038557 1.99324490
v -3.23611016 10.11038557 2.16229968
v -3.02199642 10.11038557 2.31885941
v -2.81499600 10.11038557 2.46868524
v -2.61816025 10.11038557 2.61816025
v -2.43233071 10.11038557 2.77354161
v -2.25607490 10.11038557 2.94017405
v -2.08589451 10.11038557 3.12176174
v -1.91668235 10.11038557 3.31979122
v -1.74237220 10.11038557 3.53318130
v -1.55670109 10.11038557 3.75820889
v -1.35398989 10.11038557 3.98872560
v -1.12984645 10.11038557 4.21664434
v -0.88170721 10.11038557 4.43264148
v -0.60915529 10.11038557 4.62699378
v -0.31398294 10.11038557 4.79045389
v -0.00000000 10.11038557 4.91506441
v 0.32737784 10.11038557 4.99482070
v 0.66170031 10.11038557 5.02611284
v 0.99613459 10.11038557 5.00790676
v 1.32411316 10.11038557 4.94165759
v 1.63989713 10.11038557 4.83098118
v 1.93899086 10.11038557 4.68113803
v 2.21836716 10.11038557 4.49840361
v 2.47649081 10.11038557 4.28940791
v 2.71315609 10.11038557 4.06052505
v 2.92917897 10.11038557 3.81738036
v 3.12600164 10.11038557 3.56452171
v 3.30527521 10.11038557 3.30527521
v 3.46848420 10.11038557 3.04177901
v 3.61666525 10.11038557 2.77516486
v 3.75025362 10.11038557 2.50583935
v 3.86906879 10.11038557 2.23380791
v 3.97242757 10.11038557 1.95898449
v 4.05935290 10.11038557 1.68143903
v 4.12883356 10.11038557 1.40155014
v 4.18008353 10.11038557 1.12005001
v 4.21275316 10.11038557 0.83796870
v 4.22705451 10.11038557 0.55650228
v 4.22377975 10.11038557 0.27684115
v -0.00000000 -10.11038557 0.00000000
v -0.00000000 10.11038557 -0.00000000
f 97 98 1
f 98 2 1
f 98 99 2
f 99 3 2
f 99 100 3
f 100 4 3
f 100 101 4
f 101 5 4
f 101 102 5
f 102 6 5
f 102 103 6
f 103 7 6
f 103 104 7
f 104 8 7
f 104 105 8
f 105 9 8
f 105 106 9
f 106 10 9
f 106 107 10
f 107 11 10
f 107 108 11
f 108 12 11
f 108 109 12
f 109 13 12
f 109 110 13
f 110 14 13
f 110 111 14
f 111 15 14
f 111 112 15
f 112 16 15
f 112 113 16
f 113 17 16
f 113 114 17
f 114 18 17
f 114 115 18
f 115 19 18
f 115 116 19
f 116 20 19
f 116 117 20
f 117 21 20
f 117 118 21
f 118 22 21
f 118 119 22
f 119 23 22
f 119 120 23
f 120 24 23
f 120 121 24
f 121 25 24
f 121 122 25
f 122 26 25
f 122 123 26
f 123 27 26
f 123 124 27
f 124 28 27
f 124 125 28
f 125 29 28
f 125 126 29
f 126 30 29
f 126 127 30
f 127 31 30
f 127 128 31
f 128 32 31
f 128 129 32
f 129 33 32
f 129 130 33
f 130 34 33
f 130 131 34
f 131 35 34
f 131 132 35
f 132 36 35
f 132 133 36
f 133 37 36
f 133 134 37
f 134 38 37
f 134 135 38
f 135 39 38
f 135 136 39
f 136 40 39
f 136 137 40
f 137 41 40
f 137 138 41
f 138 42 41
f 138 139 42
f 139 43 42
f 139 140 43
f 140 44 43
f 140 141 44
f 141 45 44
f 141 142 45
f 142 46 45
f 142 143 46
f 143 47 46
f 143 144 47
f 144 48 47
f 144 145 48
f 145 49 48
f 145 146 49
f 146 50 49
f 146 147 50
f 147 51 50
f 147 148 51
f 148 52 51
f 148 149 52
f 149 53 52
f 149 150 53
f 150 54 53
f 150 151 54
f 151 55 54
f 151 152 55
f 152 56 55
f 152 153 56
f 153 57 56
f 153 154 57
f 154 58 57
f 154 155 58
f 155 59 58
f 155 156 59
f 156 60 59
f 156 157 60
f 157 61 60
f 157 158 61
f 158 62 61
f 158 159 62
f 159 63 62
f 159 160 63
f 160 64 63
f 160 161 64
f 161 65 64
f 161 162 65
f 162 66 65
f 162 163 66
f 163 67 66
f 163 164 67
f 164 68 67
f 164 165 68
f 165 69 68
f 165 166 69
f 166 70 69
f 166 167 70
f 167 71 70
f 167 168 71
f 168 72 71
f 168 169 72
f 169 73 72
f 169 170 73
f 170 74 73
f 170 171 74
f 171 75 74
f 171 172 75
f 172 76 75
f 172 173 76
f 173 77 76
f 173 174 77
f 174 78 77
f 174 175 78
f 175 79 78
f 175 176 79
f 176 80 79
f 176 177 80
f 177 81 80
f 177 178 81
f 178 82 81
f 178 179 82
f 179 83 82
f 179 180 83
f 180 84 83
f 180 181 84
f 181 85 84
f 181 182 85
f 182 86 85
f 182 183 86
f 183 87 86
f 183 184 87
f 184 88 87
f 184 185 88
f 185 89 88
f 185 186 89
f 186 90 89
f 186 187 90
f 187 91 90
f 187 188 91
f 188 92 91
f 188 189 92
f 189 93 92
f 189 190 93
f 190 94 93
f 190 191 94
f 191 95 94
f 191 192 95
f 192 96 95
f 192 97 96
f 97 1 96
f 193 194 97
f 194 98 97
f 194 195 98
f 195 99 98
f 195 196 99
f 196 100 99
f 196 197 100
f 197 101 100
f 197 198 101
f 198 102 101
f 198 199 102
f 199 103 102
f 199 200 103
f 200 104 103
f 200 201 104
f 201 105 104
f 201 202 105
f 202 106 105
f 202 203 106
f 203 107 106
f 203 204 107
f 204 108 107
f 204 205 108
f 205 109 108
f 205 206 109
f 206 110 109
f 206 207 110
f 207 111 110
f 207 208 111
f 208 112 111
f 208 209 112
f 209 113 112
f 209 210 113
f 210 114 113
f 210 211 114
f 211 115 114
f 211 212 115
f 212 116 115
f 212 213 116
f 213 117 116
f 213 214 117
f 214 118 117
f 214 215 118
f 215 119 118
f 215 216 119
f 216 120 119
f 216 217 120
f 217 121 120
f 217 218 121
f 218 122 121
f 218 219 122
f 219 123 122
f 219 220 123
f 220 124 123
f 220 221 124
f 221 125 124
f 221 222 125
f 222 126 125
f 222 223 126
f 223 127 126
f 223 224 127
f 224 128 127
f 224 225 128
f 225 129 128
f 225 226 129
f 226 130 129
f 226 227 130
f 227 131 130
f 227 228 131
f 228 132 131
f 228 229 132
f 229 133 132
f 229 230 133
f 230 134 133
f 230 231 134
f 231 135 134
f 231 232 135
f 232 136 135
f 232 233 136
f 233 137 136
f 233 234 137
f 234 138 137
f 234 235 138
f 235 139 138
f 235 236 139
f 236 140 139
f 236 237 140
f 237 141 140
f 237 238 141
f 238 142 141
f 238 239 142
f 239 143 142
f 239 240 143
f 240 144 143
f 240 241 144
f 241 145 144
f 241 242 145
f 242 146 145
f 242 243 146
f 243 147 146
f 243 244 147
f 244 148 147
f 244 245 148
f 245 149 148
f 245 246 149
f 246 150 149
f 246 247 150
f 247 151 150
f 247 248 151
f 248 152 151
f 248 249 152
f 249 153 152
f 249 250 153
f 250 154 153
f 250 251 154
f 251 155 154
f 251 252 155
f 252 156 155
f 252 253 156
f 253 157 156
f 253 254 157
f 254 158 157
f 254 255 158
f 255 159 158
f 255 256 159
f 256 160 159
f 256 257 160
f 257 161 160
f 257 258 161
f 258 162 161
f 258 259 162
f 259 163 162
f 259 260 163
f 260 164 163
f 260 261 164
f 261 165 164
f 261 262 165
f 262 166 165
f 262 263 166
f 263 167 166
f 263 264 167
f 264 168 167
f 264 265 168
f 265 169 168
f 265 266 169
f 266 170 169
f 266 267 170
f 267 171 170
f 267 268 171
f 268 172 171
f 268 269 172
f 269 173 172
f 269 270 173
f 270 174 173
f 270 271 174
f 271 175 174
f 271 272 175
f 272 176 175
f 272 273 176
f 273 177 176
f 273 274 177
f 274 178 177
f 274 275 178
f 275 179 178
f 275 276 179
f 276 180 179
f 276 277 180
f 277 181 180
f 277 278 181
f 278 182 181
f 278 279 182
f 279 183 182
f 279 280 183
f 280 184 183
f 280 281 184
f 281 185 184
f 281 282 185
f 282 186 185
f 282 283 186
f 283 187 186
f 283 284 187
f 284 188 187
f 284 285 188
f 285 189 188
f 285 286 189
f 286 190 189
f 286 287 190
f 287 191 190
f 287 288 191
f 288 192 191
f 288 193 192
f 193 97 192
f 289 290 193
f 290 194 193
f 290 291 194
f 291 195 194
f 291 292 195
f 292 196 195
f 292 293 196
f 293 197 196
f 293 294 197
f 294 198 197
f 294 295 198
f 295 199 198
f 295 296 199
f 296 200 199
f 296 297 200
f 297 201 200
f 297 298 201
f 298 202 201
f 298 299 202
f 299 203 202
f 299 300 203
f 300 204 203
f 300 301 204
f 301 205 204
f 301 302 205
f 302 206 205
f 302 303 206
f 303 207 206
f 303 304 207
f 304 208 207
f 304 305 208
f 305 209 208
f 305 306 209
f 306 210 209
f 306 307 210
f 307 211 210
f 307 308 211
f 308 212 211
f 308 309 212
f 309 213 212
f 309 310 213
f 310 214 213
f 310 311 214
f 311 215 214
f 311 312 215
f 312 216 215
f 312 313 216
f 313 217 216
f 313 314 217
f 314 218 217
f 314 315 218
f 315 219 218
f 315 316 219
f 316 220 219
f 316 317 220
f 317 221 220
f 317 318 221
f 318 222 221
f 318 319 222
f 319 223 222
f 319 320 223
f 320 224 223
f 320 321 224
f 321 225 224
f 321 322 225
f 322 226 225
f 322 323 226
f 323 227 226
f 323 324 227
f 324 228 227
f 324 325 228
f 325 229 228
f 325 326 229
f 326 230 229
f 326 327 230
f 327 231 230
f 327 328 231
f 328 232 231
f 328 329 232
f 329 233 232
f 329 330 233
f 330 234 233
f 330 331 234
f 331 235 234
f 331 332 235
f 332 236 235
f 332 333 236
f 333 237 236
f 333 334 237
f 334 238 237
f 334 335 238
f 335 239 238
f 335 336 239
f 336 240 239
f 336 337 240
f 337 241 240
f 337 338 241
f 338 242 241
f 338 339 242
f 339 243 242
f 339 340 243
f 340 244 243
f 340 341 244
f 341 245 244
f 341 342 245
f 342 246 245
f 342 343 246
f 343 247 246
f 343 344 247
f 344 248 247
f 344 345 248
f 345 249 248
f 345 346 249
f 346 250 249
f 346 347 250
f 347 251 250
f 347 348 251
f 348 252 251
f 348 349 252
f 349 253 252
f 349 350 253
f 350 254 253
f 350 351 254
f 351 255 254
f 351 352 255
f 352 256 255
f 352 353 256
f 353 257 256
f 353 354 257
f 354 258 257
f 354 355 258
f 355 259 258
f 355 356 259
f 356 260 259
f 356 357 260
f 357 261 260
f 357 358 261
f 358 262 261
f 358 359 262
f 359 263 262
f 359 360 263
f 360 264 263
f 360 361 264
f 361 265 264
f 361 362 265
f 362 266 265
f 362 363 266
f 363 267 266
f 363 364 267
f 364 268 267
f 364 365 268
f 365 269 268
f 365 366 269
f 366 270 269
f 366 367 270
f 367 271 270
f 367 368 271
f 368 272 271
f 368 369 272
f 369 273 272
f 369 370 273
f 370 274 273
f 370 371 274
f 371 275 274
f 371 372 275
f 372 276 275
f 372 373 276
f 373 277 276
f 373 374 277
f 374 278 277
f 374 375 278
f 375 279 278
f 375 376 279
f 376 280 279
f 376 377 280
f 377 281 280
f 377 378 281
f 378 282 281
f 378 379 282
f 379 283 282
f 379 380 283
f 380 284 283
f 380 381 284
f 381 285 284
f 381 382 285
f 382 286 285
f 382 383 286
f 383 287 286
f 383 384 287
f 384 288 287
f 384 289 288
f 289 193 288
f 385 386 289
f 386 290 289
f 386 387 290
f 387 291 290
f 387 388 291
f 388 292 291
f 388 389 292
f 389 293 292
f 389 390 293
f 390 294 293
f 390 391 294
f 391 295 294
f 391 392 295
f 392 296 295
f 392 393 296
f 393 297 296
f 393 394 297
f 394 298 297
f 394 395 298
f 395 299 298
f 395 396 299
f 396 300 299
f 396 397 300
f 397 301 300
f 397 398 301
f 398 302 301
f 398 399 302
f 399 303 302
f 399 400 303
f 400 304 303
f 400 401 304
f 401 305 304
f 401 402 305
f 402 306 305
f 402 403 306
f 403 307 306
f 403 404 307
f 404 308 307
f 404 405 308
f 405 309 308
f 405 406 309
f 406 310 309
f 406 407 310
f 407 311 310
f 407 408 311
f 408 312 311
f 408 409 312
f 409 313 312
f 409 410 313
f 410 314 313
f 410 411 314
f 411 315 314
f 411 412 315
f 412 316 315
f 412 413 316
f 413 317 316
f 413 414 317
f 414 318 317
f 414 415 318
f 415 319 318
f 415 416 319
f 416 320 319
f 416 417 320
f 417 321 320
f 417 418 321
f 418 322 321
f 418 419 322
f 419 323 322
f 419 420 323
f 420 324 323
f 420 421 324
f 421 325 324
f 421 422 325
f 422 326 325
f 422 423 326
f 423 327 326
f 423 424 327
f 424 328 327
f 424 425 328
f 425 329 328
f 425 426 329
f 426 330 329
f 426 427 330
f 427 331 330
f 427 428 331
f 428 332 331
f 428 429 332
f 429 333 332
f 429 430 333
f 430 334 333
f 430 431 334
f 431 335 334
f 431 432 335
f 432 336 335
f 432 433 336
f 433 337 336
f 433 434 337
f 434 338 337
f 434 435 338
f 435 339 338
f 435 436 339
f 436 340 339
f 436 437 340
f 437 341 340
f 437 438 341
f 438 342 341
f 438 439 342
f 439 343 342
f 439 440 343
f 440 344 343
f 440 441 344
f 441 345 344
f 441 442 345
f 442 346 345
f 442 443 346
f 443 347 346
f 443 444 347
f 444 348 347
f 444 445 348
f 445 349 348
f 445 446 349
f 446 350 349
f 446 447 350
f 447 351 350
f 447 448 351
f 448 352 351
f 448 449 352
f 449 353 352
f 449 450 353
f 450 354 353
f 450 451 354
f 451 355 354
f 451 452 355
f 452 356 355
f 452 453 356
f 453 357 356
f 453 454 357
f 454 358 357
f 454 455 358
f 455 359 358
f 455 456 359
f 456 360 359
f 456 457 360
f 457 361 360
f 457 458 361
f 458 362 361
f 458 459 362
f 459 363 362
f 459 460 363
f 460 364 363
f 460 461 364
f 461 365 364
f 461 462 365
f 462 366 365
f 462 463 366
f 463 367 366
f 463 464 367
f 464 368 367
f 464 465 368
f 465 369 368
f 465 466 369
f 466 370 369
f 466 467 370
f 467 371 370
f 467 468 371
f 468 372 371
f 468 469 372
f 469 373 372
f 469 470 373
f 470 374 373
f 470 471 374
f 471 375 374
f 471 472 375
f 472 376 375
f 472 473 376
f 473 377 376
f 473 474 377
f 474 378 377
f 474 475 378
f 475 379 378
f 475 476 379
f 476 380 379
f 476 477 380
f 477 381 380
f 477 478 381
f 478 382 381
f 478 479 382
f 479 383 382
f 479 480 383
f 480 384 383
f 480 385 384
f 385 289 384
f 481 482 385
f 482 386 385
f 482 483 386
f 483 387 386
f 483 484 387
f 484 388 387
f 484 485 388
f 485 389 388
f 485 486 389
f 486 390 389
f 486 487 390
f 487 391 390
f 487 488 391
f 488 392 391
f 488 489 392
f 489 393 392
f 489 490 393
f 490 394 393
f 490 491 394
f 491 395 394
f 491 492 395
f 492 396 395
f 492 493 396
f 493 397 396
f 493 494 397
f 494 398 397
f 494 495 398
f 495 399 398
f 495 496 399
f 496 400 399
f 496 497 400
f 497 401 400
f 497 498 401
f 498 402 401
f 498 499 402
f 499 403 402
f 499 500 403
f 500 404 403
f 500 501 404
f 501 405 404
f 501 502 405
f 502 406 405
f 502 503 406
f 503 407 406
f 503 504 407
f 504 408 407
f 504 505 408
f 505 409 408
f 505 506 409
f 506 410 409
f 506 507 410
f 507 411 410
f 507 508 411
f 508 412 411
f 508 509 412
f 509 413 412
f 509 510 413
f 510 414 413
f 510 511 414
f 511 415 414
f 511 512 415
f 512 416 415
f 512 513 416
f 513 417 416
f 513 514 417
f 514 418 417
f 514 515 418
f 515 419 418
f 515 516 419
f 516 420 419
f 516 517 420
f 517 421 420
f 517 518 421
f 518 422 421
f 518 519 422
f 519 423 422
f 519 520 423
f 520 424 423
f 520 521 424
f 521 425 424
f 521 522 425
f 522 426 425
f 522 523 426
f 523 427 426
f 523 524 427
f 524 428 427
f 524 525 428
f 525 429 428
f 525 526 429
f 526 430 429
f 526 527 430
f 527 431 430
f 527 528 431
f 528 432 431
f 528 529 432
f 529 433 432
f 529 530 433
f 530 434 433
f 530 531 434
f 531 435 434
f 531 532 435
f 532 436 435
f 532 533 436
f 533 437 436
f 533 534 437
f 534 438 437
f 534 535 438
f 535 439 438
f 535 536 439
f 536 440 439
f 536 537 440
f 537 441 440
f 537 538 441
f 538 442 441
f 538 539 442
f 539 443 442
f 539 540 443
f 540 444 443
f 540 541 444
f 541 445 444
f 541 542 445
f 542 446 445
f 542 543 446
f 543 447 446
f 543 544 447
f 544 448 447
f 544 545 448
f 545 449 448
f 545 546 449
f 546 450 449
f 546 547 450
f 547 451 450
f 547 548 451
f 548 452 451
f 548 549 452
f 549 453 452
f 549 550 453
f 550 454 453
f 550 551 454
f 551 455 454
f 551 552 455
f 552 456 455
f 552 553 456
f 553 457 456
f 553 554 457
f 554 458 457
f 554 555 458
f 555 459 458
f 555 556 459
f 556 460 459
f 556 557 460
f 557 461 460
f 557 558 461
f 558 462 461
f 558 559 462
f 559 463 462
f 559 560 463
f 560 464 463
f 560 561 464
f 561 465 464
f 561 562 465
f 562 466 465
f 562 563 466
f 563 467 466
f 563 564 467
f 564 468 467
f 564 565 468
f 565 469 468
f 565 566 469
f 566 470 469
f 566 567 470
f 567 471 470
f 567 568 471
f 568 472 471
f 568 569 472
f 569 473 472
f 569 570 473
f 570 474 473
f 570 571 474
f 571 475 474
f 571 572 475
f 572 476 475
f 572 573 476
f 573 477 476
f 573 574 477
f 574 478 477
f 574 575 478
f 575 479 478
f 575 576 479
f 576 480 479
f 576 481 480
f 481 385 480
f 577 578 481
f 578 482 481
f 578 579 482
f 579 483 482
f 579 580 483
f 580 484 483
f 580 581 484
f 581 485 484
f 581 582 485
f 582 486 485
f 582 583 486
f 583 487 486
f 583 584 487
f 584 488 487
f 584 585 488
f 585 489 488
f 585 586 489
f 586 490 489
f 586 587 490
f 587 491 490
f 587 588 491
f 588 492 491
f 588 589 492
f 589 493 492
f 589 590 493
f 590 494 493
f 590 591 494
f 591 495 494
f 591 592 495
f 592 496 495
f 592 593 496
f 593 497 496
f 593 594 497
f 594 498 497
f 594 595 498
f 595 499 498
f 595 596 499
f 596 500 499
f 596 597 500
f 597 501 500
f 597 598 501
f 598 502 501
f 598 599 502
f 599 503 502
f 599 600 503
f 600 504 503
f 600 601 504
f 601 505 504
f 601 602 505
f 602 506 505
f 602 603 506
f 603 507 506
f 603 604 507
f 604 508 507
f 604 605 508
f 605 509 508
f 605 606 509
f 606 510 509
f 606 607 510
f 607 511 510
f 607 608 511
f 608 512 511
f 608 609 512
f 609 513 512
f 609 610 513
f 610 514 513
f 610 611 514
f 611 515 514
f 611 612 515
f 612 516 515
f 612 613 516
f 613 517 516
f 613 614 517
f 614 518 517
f 614 615 518
f 615 519 518
f 615 616 519
f 616 520 519
f 616 617 520
f 617 521 520
f 617 618 521
f 618 522 521
f 618 619 522
f 619 523 522
f 619 620 523
f 620 524 523
f 620 621 524
f 621 525 524
f 621 622 525
f 622 526 525
f 622 623 526
f 623 527 526
f 623 624 527
f 624 528 527
f 624 625 528
f 625 529 528
f 625 626 529
f 626 530 529
f 626 627 530
f 627 531 530
f 627 628 531
f 628 532 531
f 628 629 532
f 629 533 532
f 629 630 533
f 630 534 533
f 630 631 534
f 631 535 534
f 631 632 535
f 632 536 535
f 632 633 536
f 633 537 536
f 633 634 537
f 634 538 537
f 634 635 538
f 635 539 538
f 635 636 539
f 636 540 539
f 636 637 540
f 637 541 540
f 637 638 541
f 638 542 541
f 638 639 542
f 639 543 542
f 639 640 543
f 640 544 543
f 640 641 544
f 641 545 544
f 641 642 545
f 642 546 545
f 642 643 546
f 643 547 546
f 643 644 547
f 644 548 547
f 644 645 548
f 645 549 548
f 645 646 549
f 646 550 549
f 646 647 550
f 647 551 550
f 647 648 551
f 648 552 551
f 648 649 552
f 649 553 552
f 649 650 553
f 650 554 553
f 650 651 554
f 651 555 554
f 651 652 555
f 652 556 555
f 652 653 556
f 653 557 556
f 653 654 557
f 654 558 557
f 654 655 558
f 655 559 558
f 655 656 559
f 656 560 559
f 656 657 560
f 657 561 560
f 657 658 561
f 658 562 561
f 658 659 562
f 659 563 562
f 659 660 563
f 660 564 563
f 660 661 564
f 661 565 564
f 661 662 565
f 662 566 565
f 662 663 566
f 663 567 566
f 663 664 567
f 664 568 567
f 664 665 568
f 665 569 568
f 665 666 569
f 666 570 569
f 666 667 570
f 667 571 570
f 667 668 571
f 668 572 571
f 668 669 572
f 669 573 572
f 669 670 573
f 670 574 573
f 670 671 574
f 671 575 574
f 671 672 575
f 672 576 575
f 672 577 576
f 577 481 576
f 673 674 577
f 674 578 577
f 674 675 578
f 675 579 578
f 675 676 579
f 676 580 579
f 676 677 580
f 677 581 580
f 677 678 581
f 678 582 581
f 678 679 582
f 679 583 582
f 679 680 583
f 680 584 583
f 680 681 584
f 681 585 584
f 681 682 585
f 682 586 585
f 682 683 586
f 683 587 586
f 683 684 587
f 684 588 587
f 684 685 588
f 685 589 588
f 685 686 589
f 686 590 589
f 686 687 590
f 687 591 590
f 687 688 591
f 688 592 591
f 688 689 592
f 689 593 592
f 689 690 593
f 690 594 593
f 690 691 594
f 691 595 594
f 691 692 595
f 692 596 595
f 692 693 596
f 693 597 596
f 693 694 597
f 694 598 597
f 694 695 598
f 695 599 598
f 695 696 599
f 696 600 599
f 696 697 600
f 697 601 600
f 697 698 601
f 698 602 601
f 698 699 602
f 699 603 602
f 699 700 603
f 700 604 603
f 700 701 604
f 701 605 604
f 701 702 605
f 702 606 605
f 702 703 606
f 703 607 606
f 703 704 607
f 704 608 607
f 704 705 608
f 705 609 608
f 705 706 609
f 706 610 609
f 706 707 610
f 707 611 610
f 707 708 611
f 708 612 611
f 708 709 612
f 709 613 612
f 709 710 613
f 710 614 613
f 710 711 614
f 711 615 614
f 711 712 615
f 712 616 615
f 712 713 616
f 713 617 616
f 713 714 617
f 714 618 617
f 714 715 618
f 715 619 618
f 715 716 619
f 716 620 619
f 716 717 620
f 717 621 620
f 717 718 621
f 718 622 621
f 718 719 622
f 719 623 622
f 719 720 623
f 720 624 623
f 720 721 624
f 721 625 624
f 721 722 625
f 722 626 625
f 722 723 626
f 723 627 626
f 723 724 627
f 724 628 627
f 724 725 628
f 725 629 628
f 725 726 629
f 726 630 629
f 726 727 630
f 727 631 630
f 727 728 631
f 728 632 631
f 728 729 632
f 729 633 632
f 729 730 633
f 730 634 633
f 730 731 634
f 731 635 634
f 731 732 635
f 732 636 635
f 732 733 636
f 733 637 636
f 733 734 637
f 734 638 637
f 734 735 638
f 735 639 638
f 735 736 639
f 736 640 639
f 736 737 640
f 737 641 640
f 737 738 641
f 738 642 641
f 738 739 642
f 739 643 642
f 739 740 643
f 740 644 643
f 740 741 644
f 741 645 644
f 741 742 645
f 742 646 645
f 742 743 646
f 743 647 646
f 743 744 647
f 744 648 647
f 744 745 648
f 745 649 648
f 745 746 649
f 746 650 649
f 746 747 650
f 747 651 650
f 747 748 651
f 748 652 651
f 748 749 652
f 749 653 652
f 749 750 653
f 750 654 653
f 750 751 654
f 751 655 654
f 751 752 655
f 752 656 655
f 752 753 656
f 753 657 656
f 753 754 657
f 754 658 657
f 754 755 658
f 755 659 658
f 755 756 659
f 756 660 659
f 756 757 660
f 757 661 660
f 757 758 661
f 758 662 661
f 758 759 662
f 759 663 662
f 759 760 663
f 760 664 663
f 760 761 664
f 761 665 664
f 761 762 665
f 762 666 665
f 762 763 666
f 763 667 666
f 763 764 667
f 764 668 667
f 764 765 668
f 765 669 668
f 765 766 669
f 766 670 669
f 766 767 670
f 767 671 670
f 767 768 671
f 768 672 671
f 768 673 672
f 673 577 672
f 769 770 673
f 770 674 673
f 770 771 674
f 771 675 674
f 771 772 675
f 772 676 675
f 772 773 676
f 773 677 676
f 773 774 677
f 774 678 677
f 774 775 678
f 775 679 678
f 775 776 679
f 776 680 679
f 776 777 680
f 777 681 680
f 777 778 681
f 778 682 681
f 778 779 682
f 779 683 682
f 779 780 683
f 780 684 683
f 780 781 684
f 781 685 684
f 781 782 685
f 782 686 685
f 782 783 686
f 783 687 686
f 783 784 687
f 784 688 687
f 784 785 688
f 785 689 688
f 785 786 689
f 786 690 689
f 786 787 690
f 787 691 690
f 787 788 691
f 788 692 691
f 788 789 692
f 789 693 692
f 789 790 693
f 790 694 693
f 790 791 694
f 791 695 694
f 791 792 695
f 792 696 695
f 792 793 696
f 793 697 696
f 793 794 697
f 794 698 697
f 794 795 698
f 795 699 698
f 795 796 699
f 796 700 699
f 796 797 700
f 797 701 700
f 797 798 701
f 798 702 701
f 798 799 702
f 799 703 702
f 799 800 703
f 800 704 703
f 800 801 704
f 801 705 704
f 801 802 705
f 802 706 705
f 802 803 706
f 803 707 706
f 803 804 707
f 804 708 707
f 804 805 708
f 805 709 708
f 805 806 709
f 806 710 709
f 806 807 710
f 807 711 710
f 807 808 711
f 808 712 711
f 808 809 712
f 809 713 712
f 809 810 713
f 810 714 713
f 810 811 714
f 811 715 714
f 811 812 715
f 812 716 715
f 812 813 716
f 813 717 716
f 813 814 717
f 814 718 717
f 814 815 718
f 815 719 718
f 815 816 719
f 816 720 719
f 816 817 720
f 817 721 720
f 817 818 721
f 818 722 721
f 818 819 722
f 819 723 722
f 819 820 723
f 820 724 723
f 820 821 724
f 821 725 724
f 821 822 725
f 822 726 725
f 822 823 726
f 823 727 726
f 823 824 727
f 824 728 727
f 824 825 728
f 825 729 728
f 825 826 729
f 826 730 729
f 826 827 730
f 827 731 730
f 827 828 731
f 828 732 731
f 828 829 732
f 829 733 732
f 829 830 733
f 830 734 733
f 830 831 734
f 831 735 734
f 831 832 735
f 832 736 735
f 832 833 736
f 833 737 736
f 833 834 737
f 834 738 737
f 834 835 738
f 835 739 738
f 835 836 739
f 836 740 739
f 836 837 740
f 837 741 740
f 837 838 741
f 838 742 741
f 838 839 742
f 839 743 742
f 839 840 743
f 840 744 743
f 840 841 744
f 841 745 744
f 841 842 745
f 842 746 745
f 842 843 746
f 843 747 746
f 843 844 747
f 844 748 747
f 844 845 748
f 845 749 748
f 845 846 749
f 846 750 749
f 846 847 750
f 847 751 750
f 847 848 751
f 848 752 751
f 848 849 752
f 849 753 752
f 849 850 753
f 850 754 753
f 850 851 754
f 851 755 754
f 851 852 755
f 852 756 755
f 852 853 756
f 853 757 756
f 853 854 757
f 854 758 757
f 854 855 758
f 855 759 758
f 855 856 759
f 856 760 759
f 856 857 760
f 857 761 760
f 857 858 761
f 858 762 761
f 858 859 762
f 859 763 762
f 859 860 763
f 860 764 763
f 860 861 764
f 861 765 764
f 861 862 765
f 862 766 765
f 862 863 766
f 863 767 766
f 863 864 767
f 864 768 767
f 864 769 768
f 769 673 768
f 865 866 769
f 866 770 769
f 866 867 770
f 867 771 770
f 867 868 771
f 868 772 771
f 868 869 772
f 869 773 772
f 869 870 773
f 870 774 773
f 870 871 774
f 871 775 774
f 871 872 775
f 872 776 775
f 872 873 776
f 873 777 776
f 873 874 777
f 874 778 777
f 874 875 778
f 875 779 778
f 875 876 779
f 876 780 779
f 876 877 780
f 877 781 780
f 877 878 781
f 878 782 781
f 878 879 782
f 879 783 782
f 879 880 783
f 880 784 783
f 880 881 784
f 881 785 784
f 881 882 785
f 882 786 785
f 882 883 786
f 883 787 786
f 883 884 787
f 884 788 787
f 884 885 788
f 885 789 788
f 885 886 789
f 886 790 789
f 886 887 790
f 887 791 790
f 887 888 791
f 888 792 791
f 888 889 792
f 889 793 792
f 889 890 793
f 890 794 793
f 890 891 794
f 891 795 794
f 891 892 795
f 892 796 795
f 892 893 796
f 893 797 796
f 893 894 797
f 894 798 797
f 894 895 798
f 895 799 798
f 895 896 799
f 896 800 799
f 896 897 800
f 897 801 800
f 897 898 801
f 898 802 801
f 898 899 802
f 899 803 802
f 899 900 803
f 900 804 803
f 900 901 804
f 901 805 804
f 901 902 805
f 902 806 805
f 902 903 806
f 903 807 806
f 903 904 807
f 904 808 807
f 904 905 808
f 905 809 808
f 905 906 809
f 906 810 809
f 906 907 810
f 907 811 810
f 907 908 811
f 908 812 811
f 908 909 812
f 909 813 812
f 909 910 813
f 910 814 813
f 910 911 814
f 911 815 814
f 911 912 815
f 912 816 815
f 912 913 816
f 913 817 816
f 913 914 817
f 914 818 817
f 914 915 818
f 915 819 818
f 915 916 819
f 916 820 819
f 916 917 820
f 917 821 820
f 917 918 821
f 918 822 821
f 918 919 822
f 919 823 822
f 919 920 823
f 920 824 823
f 920 921 824
f 921 825 824
f 921 922 825
f 922 826 825
f 922 923 826
f 923 827 826
f 923 924 827
f 924 828 827
f 924 925 828
f 925 829 828
f 925 926 829
f 926 830 829
f 926 927 830
f 927 831 830
f 927 928 831
f 928 832 831
f 928 929 832
f 929 833 832
f 929 930 833
f 930 834 833
f 930 931 834
f 931 835 834
f 931 932 835
f 932 836 835
f 932 933 836
f 933 837 836
f 933 934 837
f 934 838 837
f 934 935 838
f 935 839 838
f 935 936 839
f 936 840 839
f 936 937 840
f 937 841 840
f 937 938 841
f 938 842 841
f 938 939 842
f 939 843 842
f 939 940 843
f 940 844 843
f 940 941 844
f 941 845 844
f 941 942 845
f 942 846 845
f 942 943 846
f 943 847 846
f 943 944 847
f 944 848 847
f 944 945 848
f 945 849 848
f 945 946 849
f 946 850 849
f 946 947 850
f 947 851 850
f 947 948 851
f 948 852 851
f 948 949 852
f 949 853 852
f 949 950 853
f 950 854 853
f 950 951 854
f 951 855 854
f 951 952 855
f 952 856 855
f 952 953 856
f 953 857 856
f 953 954 857
f 954 858 857
f 954 955 858
f 955 859 858
f 955 956 859
f 956 860 859
f 956 957 860
f 957 861 860
f 957 958 861
f 958 862 861
f 958 959 862
f 959 863 862
f 959 960 863
f 960 864 863
f 960 865 864
f 865 769 864
f 961 962 865
f 962 866 865
f 962 963 866
f 963 867 866
f 963 964 867
f 964 868 867
f 964 965 868
f 965 869 868
f 965 966 869
f 966 870 869
f 966 967 870
f 967 871 870
f 967 968 871
f 968 872 871
f 968 969 872
f 969 873 872
f 969 970 873
f 970 874 873
f 970 971 874
f 971 875 874
f 971 972 875
f 972 876 875
f 972 973 876
f 973 877 876
f 973 974 877
f 974 878 877
f 974 975 878
f 975 879 878
f 975 976 879
f 976 880 879
f 976 977 880
f 977 881 880
f 977 978 881
f 978 882 881
f 978 979 882
f 979 883 882
f 979 980 883
f 980 884 883
f 980 981 884
f 981 885 884
f 981 982 885
f 982 886 885
f 982 983 886
f 983 887 886
f 983 984 887
f 984 888 887
f 984 985 888
f 985 889 888
f 985 986 889
f 986 890 889
f 986 987 890
f 987 891 890
f 987 988 891
f 988 892 891
f 988 989 892
f 989 893 892
f 989 990 893
f 990 894 893
f 990 991 894
f 991 895 894
f 991 992 895
f 992 896 895
f 992 993 896
f 993 897 896
f 993 994 897
f 994 898 897
f 994 995 898
f 995 899 898
f 995 996 899
f 996 900 899
f 996 997 900
f 997 901 900
f 997 998 901
f 998 902 901
f 998 999 902
f 999 903 902
f 999 1000 903
f 1000 904 903
f 1000 1001 904
f 1001 905 904
f 1001 1002 905
f 1002 906 905
f 1002 1003 906
f 1003 907 906
f 1003 1004 907
f 1004 908 907
f 1004 1005 908
f 1005 909 908
f 1005 1006 909
f 1006 910 909
f 1006 1007 910
f 1007 911 910
f 1007 1008 911
f 1008 912 911
f 1008 1009 912
f 1009 913 912
f 1009 1010 913
f 1010 914 913
f 1010 1011 914
f 1011 915 914
f 1011 1012 915
f 1012 916 915
f 1012 1013 916
f 1013 917 916
f 1013 1014 917
f 1014 918 917
f 1014 1015 918
f 1015 919 918
f 1015 1016 919
f 1016 920 919
f 1016 1017 920
f 1017 921 920
f 1017 1018 921
f 1018 922 921
f 1018 1019 922
f 1019 923 922
f 1019 1020 923
f 1020 924 923
f 1020 1021 924
f 1021 925 924
f 1021 1022 925
f 1022 926 925
f 1022 1023 926
f 1023 927 926
f 1023 1024 927
f 1024 928 927
f 1024 1025 928
f 1025 929 928
f 1025 1026 929
f 1026 930 929
f 1026 1027 930
f 1027 931 930
f 1027 1028 931
f 1028 932 931
f 1028 1029 932
f 1029 933 932
f 1029 1030 933
f 1030 934 933
f 1030 1031 934
f 1031 935 934
f 1031 1032 935
f 1032 936 935
f 1032 1033 936
f 1033 937 936
f 1033 1034 937
f 1034 938 937
f 1034 1035 938
f 1035 939 938
f 1035 1036 939
f 1036 940 939
f 1036 1037 940
f 1037 941 940
f 1037 1038 941
f 1038 942 941
f 1038 1039 942
f 1039 943 942
f 1039 1040 943
f 1040 944 943
f 1040 1041 944
f 1041 945 944
f 1041 1042 945
f 1042 946 945
f 1042 1043 946
f 1043 947 946
f 1043 1044 947
f 1044 948 947
f 1044 1045 948
f 1045 949 948
f 1045 1046 949
f 1046 950 949
f 1046 1047 950
f 1047 951 950
f 1047 1048 951
f 1048 952 951
f 1048 1049 952
f 1049 953 952
f 1049 1050 953
f 1050 954 953
f 1050 1051 954
f 1051 955 954
f 1051 1052 955
f 1052 956 955
f 1052 1053 956
f 1053 957 956
f 1053 1054 957
f 1054 958 957
f 1054 1055 958
f 1055 959 958
f 1055 1056 959
f 1056 960 959
f 1056 961 960
f 961 865 960
f 1057 1058 961
f 1058 962 961
f 1058 1059 962
f 1059 963 962
f 1059 1060 963
f 1060 964 963
f 1060 1061 964
f 1061 965 964
f 1061 1062 965
f 1062 966 965
f 1062 1063 966
f 1063 967 966
f 1063 1064 967
f 1064 968 967
f 1064 1065 968
f 1065 969 968
f 1065 1066 969
f 1066 970 969
f 1066 1067 970
f 1067 971 970
f 1067 1068 971
f 1068 972 971
f 1068 1069 972
f 1069 973 972
f 1069 1070 973
f 1070 974 973
f 1070 1071 974
f 1071 975 974
f 1071 1072 975
f 1072 976 975
f 1072 1073 976
f 1073 977 976
f 1073 1074 977
f 1074 978 977
f 1074 1075 978
f 1075 979 978
f 1075 1076 979
f 1076 980 979
f 1076 1077 980
f 1077 981 980
f 1077 1078 981
f 1078 982 981
f 1078 1079 982
f 1079 983 982
f 1079 1080 983
f 1080 984 983
f 1080 1081 984
f 1081 985 984
f 1081 1082 985
f 1082 986 985
f 1082 1083 986
f 1083 987 986
f 1083 1084 987
f 1084 988 987
f 1084 1085 988
f 1085 989 988
f 1085 1086 989
f 1086 990 989
f 1086 1087 990
f 1087 991 990
f 1087 1088 991
f 1088 992 991
f 1088 1089 992
f 1089 993 992
f 1089 1090 993
f 1090 994 993
f 1090 1091 994
f 1091 995 994
f 1091 1092 995
f 1092 996 995
f 1092 1093 996
f 1093 997 996
f 1093 1094 997
f 1094 998 997
f 1094 1095 998
f 1095 999 998
f 1095 1096 999
f 1096 1000 999
f 1096 1097 1000
f 1097 1001 1000
f 1097 1098 1001
f 1098 1002 1001
f 1098 1099 1002
f 1099 1003 1002
f 1099 1100 1003
f 1100 1004 1003
f 1100 1101 1004
f 1101 1005 1004
f 1101 1102 1005
f 1102 1006 1005
f 1102 1103 1006
f 1103 1007 1006
f 1103 1104 1007
f 1104 1008 1007
f 1104 1105 1008
f 1105 1009 1008
f 1105 1106 1009
f 1106 1010 1009
f 1106 1107 1010
f 1107 1011 1010
f 1107 1108 1011
f 1108 1012 1011
f 1108 1109 1012
f 1109 1013 1012
f 1109 1110 1013
f 1110 1014 1013
f 1110 1111 1014
f 1111 1015 1014
f 1111 1112 1015
f 1112 1016 1015
f 1112 1113 1016
f 1113 1017 1016
f 1113 1114 1017
f 1114 1018 1017
f 1114 1115 1018
f 1115 1019 1018
f 1115 1116 1019
f 1116 1020 1019
f 1116 1117 1020
f 1117 1021 1020
f 1117 1118 1021
f 1118 1022 1021
f 1118 1119 1022
f 1119 1023 1022
f 1119 1120 1023
f 1120 1024 1023
f 1120 1121 1024
f 1121 1025 1024
f 1121 1122 1025
f 1122 1026 1025
f 1122 1123 1026
f 1123 1027 1026
f 1123 1124 1027
f 1124 1028 1027
f 1124 1125 1028
f 1125 1029 1028
f 1125 1126 1029
f 1126 1030 1029
f 1126 1127 1030
f 1127 1031 1030
f 1127 1128 1031
f 1128 1032 1031
f 1128 1129 1032
f 1129 1033 1032
f 1129 1130 1033
f 1130 1034 1033
f 1130 1131 1034
f 1131 1035 1034
f 1131 1132 1035
f 1132 1036 1035
f 1132 1133 1036
f 1133 1037 1036
f 1133 1134 1037
f 1134 1038 1037
f 1134 1135 1038
f 1135 1039 1038
f 1135 1136 1039
f 1136 1040 1039
f 1136 1137 1040
f 1137 1041 1040
f 1137 1138 1041
f 1138 1042 1041
f 1138 1139 1042
f 1139 1043 1042
f 1139 1140 1043
f 1140 1044 1043
f 1140 1141 1044
f 1141 1045 1044
f 1141 1142 1045
f 1142 1046 1045
f 1142 1143 1046
f 1143 1047 1046
f 1143 1144 1047
f 1144 1048 1047
f 1144 1145 1048
f 1145 1049 1048
f 1145 1146 1049
f 1146 1050 1049
f 1146 1147 1050
f 1147 1051 1050
f 1147 1148 1051
f 1148 1052 1051
f 1148 1149 1052
f 1149 1053 1052
f 1149 1150 1053
f 1150 1054 1053
f 1150 1151 1054
f 1151 1055 1054
f 1151 1152 1055
f 1152 1056 1055
f 1152 1057 1056
f 1057 961 1056
f 1153 1154 1057
f 1154 1058 1057
f 1154 1155 1058
f 1155 1059 1058
f 1155 1156 1059
f 1156 1060 1059
f 1156 1157 1060
f 1157 1061 1060
f 1157 1158 1061
f 1158 1062 1061
f 1158 1159 1062
f 1159 1063 1062
f 1159 1160 1063
f 1160 1064 1063
f 1160 1161 1064
f 1161 1065 1064
f 1161 1162 1065
f 1162 1066 1065
f 1162 1163 1066
f 1163 1067 1066
f 1163 1164 1067
f 1164 1068 1067
f 1164 1165 1068
f 1165 1069 1068
f 1165 1166 1069
f 1166 1070 1069
f 1166 1167 1070
f 1167 1071 1070
f 1167 1168 1071
f 1168 1072 1071
f 1168 1169 1072
f 1169 1073 1072
f 1169 1170 1073
f 1170 1074 1073
f 1170 1171 1074
f 1171 1075 1074
f 1171 1172 1075
f 1172 1076 1075
f 1172 1173 1076
f 1173 1077 1076
f 1173 1174 1077
f 1174 1078 1077
f 1174 1175 1078
f 1175 1079 1078
f 1175 1176 1079
f 1176 1080 1079
f 1176 1177 1080
f 1177 1081 1080
f 1177 1178 1081
f 1178 1082 1081
f 1178 1179 1082
f 1179 1083 1082
f 1179 1180 1083
f 1180 1084 1083
f 1180 1181 1084
f 1181 1085 1084
f 1181 1182 1085
f 1182 1086 1085
f 1182 1183 1086
f 1183 1087 1086
f 1183 1184 1087
f 1184 1088 1087
f 1184 1185 1088
f 1185 1089 1088
f 1185 1186 1089
f 1186 1090 1089
f 1186 1187 1090
f 1187 1091 1090
f 1187 1188 1091
f 1188 1092 1091
f 1188 1189 1092
f 1189 1093 1092
f 1189 1190 1093
f 1190 1094 1093
f 1190 1191 1094
f 1191 1095 1094
f 1191 1192 1095
f 1192 1096 1095
f 1192 1193 1096
f 1193 1097 1096
f 1193 1194 1097
f 1194 1098 1097
f 1194 1195 1098
f 1195 1099 1098
f 1195 1196 1099
f 1196 1100 1099
f 1196 1197 1100
f 1197 1101 1100
f 1197 1198 1101
f 1198 1102 1101
f 1198 1199 1102
f 1199 1103 1102
f 1199 1200 1103
f 1200 1104 1103
f 1200 1201 1104
f 1201 1105 1104
f 1201 1202 1105
f 1202 1106 1105
f 1202 1203 1106
f 1203 1107 1106
f 1203 1204 1107
f 1204 1108 1107
f 1204 1205 1108
f 1205 1109 1108
f 1205 1206 1109
f 1206 1110 1109
f 1206 1207 1110
f 1207 1111 1110
f 1207 1208 1111
f 1208 1112 1111
f 1208 1209 1112
f 1209 1113 1112
f 1209 1210 1113
f 1210 1114 1113
f 1210 1211 1114
f 1211 1115 1114
f 1211 1212 1115
f 1212 1116 1115
f 1212 1213 1116
f 1213 1117 1116
f 1213 1214 1117
f 1214 1118 1117
f 1214 1215 1118
f 1215 1119 1118
f 1215 1216 1119
f 1216 1120 1119
f 1216 1217 1120
f 1217 1121 1120
f 1217 1218 1121
f 1218 1122 1121
f 1218 1219 1122
f 1219 1123 1122
f 1219 1220 1123
f 1220 1124 1123
f 1220 1221 1124
f 1221 1125 1124
f 1221 1222 1125
f 1222 1126 1125
f 1222 1223 1126
f 1223 1127 1126
f 1223 1224 1127
f 1224 1128 1127
f 1224 1225 1128
f 1225 1129 1128
f 1225 1226 1129
f 1226 1130 1129
f 1226 1227 1130
f 1227 1131 1130
f 1227 1228 1131
f 1228 1132 1131
f 1228 1229 1132
f 1229 1133 1132
f 1229 1230 1133
f 1230 1134 1133
f 1230 1231 1134
f 1231 1135 1134
f 1231 1232 1135
f 1232 1136 1135
f 1232 1233 1136
f 1233 1137 1136
f 1233 1234 1137
f 1234 1138 1137
f 1234 1235 1138
f 1235 1139 1138
f 1235 1236 1139
f 1236 1140 1139
f 1236 1237 1140
f 1237 1141 1140
f 1237 1238 1141
f 1238 1142 1141
f 1238 1239 1142
f 1239 1143 1142
f 1239 1240 1143
f 1240 1144 1143
f 1240 1241 1144
f 1241 1145 1144
f 1241 1242 1145
f 1242 1146 1145
f 1242 1243 1146
f 1243 1147 1146
f 1243 1244 1147
f 1244 1148 1147
f 1244 1245 1148
f 1245 1149 1148
f 1245 1246 1149
f 1246 1150 1149
f 1246 1247 1150
f 1247 1151 1150
f 1247 1248 1151
f 1248 1152 1151
f 1248 1153 1152
f 1153 1057 1152
f 1249 1250 1153
f 1250 1154 1153
f 1250 1251 1154
f 1251 1155 1154
f 1251 1252 1155
f 1252 1156 1155
f 1252 1253 1156
f 1253 1157 1156
f 1253 1254 1157
f 1254 1158 1157
f 1254 1255 1158
f 1255 1159 1158
f 1255 1256 1159
f 1256 1160 1159
f 1256 1257 1160
f 1257 1161 1160
f 1257 1258 1161
f 1258 1162 1161
f 1258 1259 1162
f 1259 1163 1162
f 1259 1260 1163
f 1260 1164 1163
f 1260 1261 1164
f 1261 1165 1164
f 1261 1262 1165
f 1262 1166 1165
f 1262 1263 1166
f 1263 1167 1166
f 1263 1264 1167
f 1264 1168 1167
f 1264 1265 1168
f 1265 1169 1168
f 1265 1266 1169
f 1266 1170 1169
f 1266 1267 1170
f 1267 1171 1170
f 1267 1268 1171
f 1268 1172 1171
f 1268 1269 1172
f 1269 1173 1172
f 1269 1270 1173
f 1270 1174 1173
f 1270 1271 1174
f 1271 1175 1174
f 1271 1272 1175
f 1272 1176 1175
f 1272 1273 1176
f 1273 1177 1176
f 1273 1274 1177
f 1274 1178 1177
f 1274 1275 1178
f 1275 1179 1178
f 1275 1276 1179
f 1276 1180 1179
f 1276 1277 1180
f 1277 1181 1180
f 1277 1278 1181
f 1278 1182 1181
f 1278 1279 1182
f 1279 1183 1182
f 1279 1280 1183
f 1280 1184 1183
f 1280 1281 1184
f 1281 1185 1184
f 1281 1282 1185
f 1282 1186 1185
f 1282 1283 1186
f 1283 1187 1186
f 1283 1284 1187
f 1284 1188 1187
f 1284 1285 1188
f 1285 1189 1188
f 1285 1286 1189
f 1286 1190 1189
f 1286 1287 1190
f 1287 1191 1190
f 1287 1288 1191
f 1288 1192 1191
f 1288 1289 1192
f 1289 1193 1192
f 1289 1290 1193
f 1290 1194 1193
f 1290 1291 1194
f 1291 1195 1194
f 1291 1292 1195
f 1292 1196 1195
f 1292 1293 1196
f 1293 1197 1196
f 1293 1294 1197
f 1294 1198 1197
f 1294 1295 1198
f 1295 1199 1198
f 1295 1296 1199
f 1296 1200 1199
f 1296 1297 1200
f 1297 1201 1200
f 1297 1298 1201
f 1298 1202 1201
f 1298 1299 1202
f 1299 1203 1202
f 1299 1300 1203
f 1300 1204 1203
f 1300 1301 1204
f 1301 1205 1204
f 1301 1302 1205
f 1302 1206 1205
f 1302 1303 1206
f 1303 1207 1206
f 1303 1304 1207
f 1304 1208 1207
f 1304 1305 1208
f 1305 1209 1208
f 1305 1306 1209
f 1306 1210 1209
f 1306 1307 1210
f 1307 1211 1210
f 1307 1308 1211
f 1308 1212 1211
f 1308 1309 1212
f 1309 1213 1212
f 1309 1310 1213
f 1310 1214 1213
f 1310 1311 1214
f 1311 1215 1214
f 1311 1312 1215
f 1312 1216 1215
f 1312 1313 1216
f 1313 1217 1216
f 1313 1314 1217
f 1314 1218 1217
f 1314 1315 1218
f 1315 1219 1218
f 1315 1316 1219
f 1316 1220 1219
f 1316 1317 1220
f 1317 1221 1220
f 1317 1318 1221
f 1318 1222 1221
f 1318 1319 1222
f 1319 1223 1222
f 1319 1320 1223
f 1320 1224 1223
f 1320 1321 1224
f 1321 1225 1224
f 1321 1322 1225
f 1322 1226 1225
f 1322 1323 1226
f 1323 1227 1226
f 1323 1324 1227
f 1324 1228 1227
f 1324 1325 1228
f 1325 1229 1228
f 1325 1326 1229
f 1326 1230 1229
f 1326 1327 1230
f 1327 1231 1230
f 1327 1328 1231
f 1328 1232 1231
f 1328 1329 1232
f 1329 1233 1232
f 1329 1330 1233
f 1330 1234 1233
f 1330 1331 1234
f 1331 1235 1234
f 1331 1332 1235
f 1332 1236 1235
f 1332 1333 1236
f 1333 1237 1236
f 1333 1334 1237
f 1334 1238 1237
f 1334 1335 1238
f 1335 1239 1238
f 1335 1336 1239
f 1336 1240 1239
f 1336 1337 1240
f 1337 1241 1240
f 1337 1338 1241
f 1338 1242 1241
f 1338 1339 1242
f 1339 1243 1242
f 1339 1340 1243
f 1340 1244 1243
f 1340 1341 1244
f 1341 1245 1244
f 1341 1342 1245
f 1342 1246 1245
f 1342 1343 1246
f 1343 1247 1246
f 1343 1344 1247
f 1344 1248 1247
f 1344 1249 1248
f 1249 1153 1248
f 1345 1346 1249
f 1346 1250 1249
f 1346 1347 1250
f 1347 1251 1250
f 1347 1348 1251
f 1348 1252 1251
f 1348 1349 1252
f 1349 1253 1252
f 1349 1350 1253
f 1350 1254 1253
f 1350 1351 1254
f 1351 1255 1254
f 1351 1352 1255
f 1352 1256 1255
f 1352 1353 1256
f 1353 1257 1256
f 1353 1354 1257
f 1354 1258 1257
f 1354 1355 1258
f 1355 1259 1258
f 1355 1356 1259
f 1356 1260 1259
f 1356 1357 1260
f 1357 1261 1260
f 1357 1358 1261
f 1358 1262 1261
f 1358 1359 1262
f 1359 1263 1262
f 1359 1360 1263
f 1360 1264 1263
f 1360 1361 1264
f 1361 1265 1264
f 1361 1362 1265
f 1362 1266 1265
f 1362 1363 1266
f 1363 1267 1266
f 1363 1364 1267
f 1364 1268 1267
f 1364 1365 1268
f 1365 1269 1268
f 1365 1366 1269
f 1366 1270 1269
f 1366 1367 1270
f 1367 1271 1270
f 1367 1368 1271
f 1368 1272 1271
f 1368 1369 1272
f 1369 1273 1272
f 1369 1370 1273
f 1370 1274 1273
f 1370 1371 1274
f 1371 1275 1274
f 1371 1372 1275
f 1372 1276 1275
f 1372 1373 1276
f 1373 1277 1276
f 1373 1374 1277
f 1374 1278 1277
f 1374 1375 1278
f 1375 1279 1278
f 1375 1376 1279
f 1376 1280 1279
f 1376 1377 1280
f 1377 1281 1280
f 1377 1378 1281
f 1378 1282 1281
f 1378 1379 1282
f 1379 1283 1282
f 1379 1380 1283
f 1380 1284 1283
f 1380 1381 1284
f 1381 1285 1284
f 1381 1382 1285
f 1382 1286 1285
f 1382 1383 1286
f 1383 1287 1286
f 1383 1384 1287
f 1384 1288 1287
f 1384 1385 1288
f 1385 1289 1288
f 1385 1386 1289
f 1386 1290 1289
f 1386 1387 1290
f 1387 1291 1290
f 1387 1388 1291
f 1388 1292 1291
f 1388 1389 1292
f 1389 1293 1292
f 1389 1390 1293
f 1390 1294 1293
f 1390 1391 1294
f 1391 1295 1294
f 1391 1392 1295
f 1392 1296 1295
f 1392 1393 1296
f 1393 1297 1296
f 1393 1394 1297
f 1394 1298 1297
f 1394 1395 1298
f 1395 1299 1298
f 1395 1396 1299
f 1396 1300 1299
f 1396 1397 1300
f 1397 1301 1300
f 1397 1398 1301
f 1398 1302 1301
f 1398 1399 1302
f 1399 1303 1302
f 1399 1400 1303
f 1400 1304 1303
f 1400 1401 1304
f 1401 1305 1304
f 1401 1402 1305
f 1402 1306 1305
f 1402 1403 1306
f 1403 1307 1306
f 1403 1404 1307
f 1404 1308 1307
f 1404 1405 1308
f 1405 1309 1308
f 1405 1406 1309
f 1406 1310 1309
f 1406 1407 1310
f 1407 1311 1310
f 1407 1408 1311
f 1408 1312 1311
f 1408 1409 1312
f 1409 1313 1312
f 1409 1410 1313
f 1410 1314 1313
f 1410 1411 1314
f 1411 1315 1314
f 1411 1412 1315
f 1412 1316 1315
f 1412 1413 1316
f 1413 1317 1316
f 1413 1414 1317
f 1414 1318 1317
f 1414 1415 1318
f 1415 1319 1318
f 1415 1416 1319
f 1416 1320 1319
f 1416 1417 1320
f 1417 1321 1320
f 1417 1418 1321
f 1418 1322 1321
f 1418 1419 1322
f 1419 1323 1322
f 1419 1420 1323
f 1420 1324 1323
f 1420 1421 1324
f 1421 1325 1324
f 1421 1422 1325
f 1422 1326 1325
f 1422 1423 1326
f 1423 1327 1326
f 1423 1424 1327
f 1424 1328 1327
f 1424 1425 1328
f 1425 1329 1328
f 1425 1426 1329
f 1426 1330 1329
f 1426 1427 1330
f 1427 1331 1330
f 1427 1428 1331
f 1428 1332 1331
f 1428 1429 1332
f 1429 1333 1332
f 1429 1430 1333
f 1430 1334 1333
f 1430 1431 1334
f 1431 1335 1334
f 1431 1432 1335
f 1432 1336 1335
f 1432 1433 1336
f 1433 1337 1336
f 1433 1434 1337
f 1434 1338 1337
f 1434 1435 1338
f 1435 1339 1338
f 1435 1436 1339
f 1436 1340 1339
f 1436 1437 1340
f 1437 1341 1340
f 1437 1438 1341
f 1438 1342 1341
f 1438 1439 1342
f 1439 1343 1342
f 1439 1440 1343
f 1440 1344 1343
f 1440 1345 1344
f 1345 1249 1344
f 1441 1442 1345
f 1442 1346 1345
f 1442 1443 1346
f 1443 1347 1346
f 1443 1444 1347
f 1444 1348 1347
f 1444 1445 1348
f 1445 1349 1348
f 1445 1446 1349
f 1446 1350 1349
f 1446 1447 1350
f 1447 1351 1350
f 1447 1448 1351
f 1448 1352 1351
f 1448 1449 1352
f 1449 1353 1352
f 1449 1450 1353
f 1450 1354 1353
f 1450 1451 1354
f 1451 1355 1354
f 1451 1452 1355
f 1452 1356 1355
f 1452 1453 1356
f 1453 1357 1356
f 1453 1454 1357
f 1454 1358 1357
f 1454 1455 1358
f 1455 1359 1358
f 1455 1456 1359
f 1456 1360 1359
f 1456 1457 1360
f 1457 1361 1360
f 1457 1458 1361
f 1458 1362 1361
f 1458 1459 1362
f 1459 1363 1362
f 1459 1460 1363
f 1460 1364 1363
f 1460 1461 1364
f 1461 1365 1364
f 1461 1462 1365
f 1462 1366 1365
f 1462 1463 1366
f 1463 1367 1366
f 1463 1464 1367
f 1464 1368 1367
f 1464 1465 1368
f 1465 1369 1368
f 1465 1466 1369
f 1466 1370 1369
f 1466 1467 1370
f 1467 1371 1370
f 1467 1468 1371
f 1468 1372 1371
f 1468 1469 1372
f 1469 1373 1372
f 1469 1470 1373
f 1470 1374 1373
f 1470 1471 1374
f 1471 1375 1374
f 1471 1472 1375
f 1472 1376 1375
f 1472 1473 1376
f 1473 1377 1376
f 1473 1474 1377
f 1474 1378 1377
f 1474 1475 1378
f 1475 1379 1378
f 1475 1476 1379
f 1476 1380 1379
f 1476 1477 1380
f 1477 1381 1380
f 1477 1478 1381
f 1478 1382 1381
f 1478 1479 1382
f 1479 1383 1382
f 1479 1480 1383
f 1480 1384 1383
f 1480 1481 1384
f 1481 1385 1384
f 1481 1482 1385
f 1482 1386 1385
f 1482 1483 1386
f 1483 1387 1386
f 1483 1484 1387
f 1484 1388 1387
f 1484 1485 1388
f 1485 1389 1388
f 1485 1486 1389
f 1486 1390 1389
f 1486 1487 1390
f 1487 1391 1390
f 1487 1488 1391
f 1488 1392 1391
f 1488 1489 1392
f 1489 1393 1392
f 1489 1490 1393
f 1490 1394 1393
f 1490 1491 1394
f 1491 1395 1394
f 1491 1492 1395
f 1492 1396 1395
f 1492 1493 1396
f 1493 1397 1396
f 1493 1494 1397
f 1494 1398 1397
f 1494 1495 1398
f 1495 1399 1398
f 1495 1496 1399
f 1496 1400 1399
f 1496 1497 1400
f 1497 1401 1400
f 1497 1498 1401
f 1498 1402 1401
f 1498 1499 1402
f 1499 1403 1402
f 1499 1500 1403
f 1500 1404 1403
f 1500 1501 1404
f 1501 1405 1404
f 1501 1502 1405
f 1502 1406 1405
f 1502 1503 1406
f 1503 1407 1406
f 1503 1504 1407
f 1504 1408 1407
f 1504 1505 1408
f 1505 1409 1408
f 1505 1506 1409
f 1506 1410 1409
f 1506 1507 1410
f 1507 1411 1410
f 1507 1508 1411
f 1508 1412 1411
f 1508 1509 1412
f 1509 1413 1412
f 1509 1510 1413
f 1510 1414 1413
f 1510 1511 1414
f 1511 1415 1414
f 1511 1512 1415
f 1512 1416 1415
f 1512 1513 1416
f 1513 1417 1416
f 1513 1514 1417
f 1514 1418 1417
f 1514 1515 1418
f 1515 1419 1418
f 1515 1516 1419
f 1516 1420 1419
f 1516 1517 1420
f 1517 1421 1420
f 1517 1518 1421
f 1518 1422 1421
f 1518 1519 1422
f 1519 1423 1422
f 1519 1520 1423
f 1520 1424 1423
f 1520 1521 1424
f 1521 1425 1424
f 1521 1522 1425
f 1522 1426 1425
f 1522 1523 1426
f 1523 1427 1426
f 1523 1524 1427
f 1524 1428 1427
f 1524 1525 1428
f 1525 1429 1428
f 1525 1526 1429
f 1526 1430 1429
f 1526 1527 1430
f 1527 1431 1430
f 1527 1528 1431
f 1528 1432 1431
f 1528 1529 1432
f 1529 1433 1432
f 1529 1530 1433
f 1530 1434 1433
f 1530 1531 1434
f 1531 1435 1434
f 1531 1532 1435
f 1532 1436 1435
f 1532 1533 1436
f 1533 1437 1436
f 1533 1534 1437
f 1534 1438 1437
f 1534 1535 1438
f 1535 1439 1438
f 1535 1536 1439
f 1536 1440 1439
f 1536 1441 1440
f 1441 1345 1440
f 1537 1538 1441
f 1538 1442 1441
f 1538 1539 1442
f 1539 1443 1442
f 1539 1540 1443
f 1540 1444 1443
f 1540 1541 1444
f 1541 1445 1444
f 1541 1542 1445
f 1542 1446 1445
f 1542 1543 1446
f 1543 1447 1446
f 1543 1544 1447
f 1544 1448 1447
f 1544 1545 1448
f 1545 1449 1448
f 1545 1546 1449
f 1546 1450 1449
f 1546 1547 1450
f 1547 1451 1450
f 1547 1548 1451
f 1548 1452 1451
f 1548 1549 1452
f 1549 1453 1452
f 1549 1550 1453
f 1550 1454 1453
f 1550 1551 1454
f 1551 1455 1454
f 1551 1552 1455
f 1552 1456 1455
f 1552 1553 1456
f 1553 1457 1456
f 1553 1554 1457
f 1554 1458 1457
f 1554 1555 1458
f 1555 1459 1458
f 1555 1556 1459
f 1556 1460 1459
f 1556 1557 1460
f 1557 1461 1460
f 1557 1558 1461
f 1558 1462 1461
f 1558 1559 1462
f 1559 1463 1462
f 1559 1560 1463
f 1560 1464 1463
f 1560 1561 1464
f 1561 1465 1464
f 1561 1562 1465
f 1562 1466 1465
f 1562 1563 1466
f 1563 1467 1466
f 1563 1564 1467
f 1564 1468 1467
f 1564 1565 1468
f 1565 1469 1468
f 1565 1566 1469
f 1566 1470 1469
f 1566 1567 1470
f 1567 1471 1470
f 1567 1568 1471
f 1568 1472 1471
f 1568 1569 1472
f 1569 1473 1472
f 1569 1570 1473
f 1570 1474 1473
f 1570 1571 1474
f 1571 1475 1474
f 1571 1572 1475
f 1572 1476 1475
f 1572 1573 1476
f 1573 1477 1476
f 1573 1574 1477
f 1574 1478 1477
f 1574 1575 1478
f 1575 1479 1478
f 1575 1576 1479
f 1576 1480 1479
f 1576 1577 1480
f 1577 1481 1480
f 1577 1578 1481
f 1578 1482 1481
f 1578 1579 1482
f 1579 1483 1482
f 1579 1580 1483
f 1580 1484 1483
f 1580 1581 1484
f 1581 1485 1484
f 1581 1582 1485
f 1582 1486 1485
f 1582 1583 1486
f 1583 1487 1486
f 1583 1584 1487
f 1584 1488 1487
f 1584 1585 1488
f 1585 1489 1488
f 1585 1586 1489
f 1586 1490 1489
f 1586 1587 1490
f 1587 1491 1490
f 1587 1588 1491
f 1588 1492 1491
f 1588 1589 1492
f 1589 1493 1492
f 1589 1590 1493
f 1590 1494 1493
f 1590 1591 1494
f 1591 1495 1494
f 1591 1592 1495
f 1592 1496 1495
f 1592 1593 1496
f 1593 1497 1496
f 1593 1594 1497
f 1594 1498 1497
f 1594 1595 1498
f 1595 1499 1498
f 1595 1596 1499
f 1596 1500 1499
f 1596 1597 1500
f 1597 1501 1500
f 1597 1598 1501
f 1598 1502 1501
f 1598 1599 1502
f 1599 1503 1502
f 1599 1600 1503
f 1600 1504 1503
f 1600 1601 1504
f 1601 1505 1504
f 1601 1602 1505
f 1602 1506 1505
f 1602 1603 1506
f 1603 1507 1506
f 1603 1604 1507
f 1604 1508 1507
f 1604 1605 1508
f 1605 1509 1508
f 1605 1606 1509
f 1606 1510 1509
f 1606 1607 1510
f 1607 1511 1510
f 1607 1608 1511
f 1608 1512 1511
f 1608 1609 1512
f 1609 1513 1512
f 1609 1610 1513
f 1610 1514 1513
f 1610 1611 1514
f 1611 1515 1514
f 1611 1612 1515
f 1612 1516 1515
f 1612 1613 1516
f 1613 1517 1516
f 1613 1614 1517
f 1614 1518 1517
f 1614 1615 1518
f 1615 1519 1518
f 1615 1616 1519
f 1616 1520 1519
f 1616 1617 1520
f 1617 1521 1520
f 1617 1618 1521
f 1618 1522 1521
f 1618 1619 1522
f 1619 1523 1522
f 1619 1620 1523
f 1620 1524 1523
f 1620 1621 1524
f 1621 1525 1524
f 1621 1622 1525
f 1622 1526 1525
f 1622 1623 1526
f 1623 1527 1526
f 1623 1624 1527
f 1624 1528 1527
f 1624 1625 1528
f 1625 1529 1528
f 1625 1626 1529
f 1626 1530 1529
f 1626 1627 1530
f 1627 1531 1530
f 1627 1628 1531
f 1628 1532 1531
f 1628 1629 1532
f 1629 1533 1532
f 1629 1630 1533
f 1630 1534 1533
f 1630 1631 1534
f 1631 1535 1534
f 1631 1632 1535
f 1632 1536 1535
f 1632 1537 1536
f 1537 1441 1536
f 1633 1634 1537
f 1634 1538 1537
f 1634 1635 1538
f 1635 1539 1538
f 1635 1636 1539
f 1636 1540 1539
f 1636 1637 1540
f 1637 1541 1540
f 1637 1638 1541
f 1638 1542 1541
f 1638 1639 1542
f 1639 1543 1542
f 1639 1640 1543
f 1640 1544 1543
f 1640 1641 1544
f 1641 1545 1544
f 1641 1642 1545
f 1642 1546 1545
f 1642 1643 1546
f 1643 1547 1546
f 1643 1644 1547
f 1644 1548 1547
f 1644 1645 1548
f 1645 1549 1548
f 1645 1646 1549
f 1646 1550 1549
f 1646 1647 1550
f 1647 1551 1550
f 1647 1648 1551
f 1648 1552 1551
f 1648 1649 1552
f 1649 1553 1552
f 1649 1650 1553
f 1650 1554 1553
f 1650 1651 1554
f 1651 1555 1554
f 1651 1652 1555
f 1652 1556 1555
f 1652 1653 1556
f 1653 1557 1556
f 1653 1654 1557
f 1654 1558 1557
f 1654 1655 1558
f 1655 1559 1558
f 1655 1656 1559
f 1656 1560 1559
f 1656 1657 1560
f 1657 1561 1560
f 1657 1658 1561
f 1658 1562 1561
f 1658 1659 1562
f 1659 1563 1562
f 1659 1660 1563
f 1660 1564 1563
f 1660 1661 1564
f 1661 1565 1564
f 1661 1662 1565
f 1662 1566 1565
f 1662 1663 1566
f 1663 1567 1566
f 1663 1664 1567
f 1664 1568 1567
f 1664 1665 1568
f 1665 1569 1568
f 1665 1666 1569
f 1666 1570 1569
f 1666 1667 1570
f 1667 1571 1570
f 1667 1668 1571
f 1668 1572 1571
f 1668 1669 1572
f 1669 1573 1572
f 1669 1670 1573
f 1670 1574 1573
f 1670 1671 1574
f 1671 1575 1574
f 1671 1672 1575
f 1672 1576 1575
f 1672 1673 1576
f 1673 1577 1576
f 1673 1674 1577
f 1674 1578 1577
f 1674 1675 1578
f 1675 1579 1578
f 1675 1676 1579
f 1676 1580 1579
f 1676 1677 1580
f 1677 1581 1580
f 1677 1678 1581
f 1678 1582 1581
f 1678 1679 1582
f 1679 1583 1582
f 1679 1680 1583
f 1680 1584 1583
f 1680 1681 1584
f 1681 1585 1584
f 1681 1682 1585
f 1682 1586 1585
f 1682 1683 1586
f 1683 1587 1586
f 1683 1684 1587
f 1684 1588 1587
f 1684 1685 1588
f 1685 1589 1588
f 1685 1686 1589
f 1686 1590 1589
f 1686 1687 1590
f 1687 1591 1590
f 1687 1688 1591
f 1688 1592 1591
f 1688 1689 1592
f 1689 1593 1592
f 1689 1690 1593
f 1690 1594 1593
f 1690 1691 1594
f 1691 1595 1594
f 1691 1692 1595
f 1692 1596 1595
f 1692 1693 1596
f 1693 1597 1596
f 1693 1694 1597
f 1694 1598 1597
f 1694 1695 1598
f 1695 1599 1598
f 1695 1696 1599
f 1696 1600 1599
f 1696 1697 1600
f 1697 1601 1600
f 1697 1698 1601
f 1698 1602 1601
f 1698 1699 1602
f 1699 1603 1602
f 1699 1700 1603
f 1700 1604 1603
f 1700 1701 1604
f 1701 1605 1604
f 1701 1702 1605
f 1702 1606 1605
f 1702 1703 1606
f 1703 1607 1606
f 1703 1704 1607
f 1704 1608 1607
f 1704 1705 1608
f 1705 1609 1608
f 1705 1706 1609
f 1706 1610 1609
f 1706 1707 1610
f 1707 1611 1610
f 1707 1708 1611
f 1708 1612 1611
f 1708 1709 1612
f 1709 1613 1612
f 1709 1710 1613
f 1710 1614 1613
f 1710 1711 1614
f 1711 1615 1614
f 1711 1712 1615
f 1712 1616 1615
f 1712 1713 1616
f 1713 1617 1616
f 1713 1714 1617
f 1714 1618 1617
f 1714 1715 1618
f 1715 1619 1618
f 1715 1716 1619
f 1716 1620 1619
f 1716 1717 1620
f 1717 1621 1620
f 1717 1718 1621
f 1718 1622 1621
f 1718 1719 1622
f 1719 1623 1622
f 1719 1720 1623
f 1720 1624 1623
f 1720 1721 1624
f 1721 1625 1624
f 1721 1722 1625
f 1722 1626 1625
f 1722 1723 1626
f 1723 1627 1626
f 1723 1724 1627
f 1724 1628 1627
f 1724 1725 1628
f 1725 1629 1628
f 1725 1726 1629
f 1726 1630 1629
f 1726 1727 1630
f 1727 1631 1630
f 1727 1728 1631
f 1728 1632 1631
f 1728 1633 1632
f 1633 1537 1632
f 1729 1730 1633
f 1730 1634 1633
f 1730 1731 1634
f 1731 1635 1634
f 1731 1732 1635
f 1732 1636 1635
f 1732 1733 1636
f 1733 1637 1636
f 1733 1734 1637
f 1734 1638 1637
f 1734 1735 1638
f 1735 1639 1638
f 1735 1736 1639
f 1736 1640 1639
f 1736 1737 1640
f 1737 1641 1640
f 1737 1738 1641
f 1738 1642 1641
f 1738 1739 1642
f 1739 1643 1642
f 1739 1740 1643
f 1740 1644 1643
f 1740 1741 1644
f 1741 1645 1644
f 1741 1742 1645
f 1742 1646 1645
f 1742 1743 1646
f 1743 1647 1646
f 1743 1744 1647
f 1744 1648 1647
f 1744 1745 1648
f 1745 1649 1648
f 1745 1746 1649
f 1746 1650 1649
f 1746 1747 1650
f 1747 1651 1650
f 1747 1748 1651
f 1748 1652 1651
f 1748 1749 1652
f 1749 1653 1652
f 1749 1750 1653
f 1750 1654 1653
f 1750 1751 1654
f 1751 1655 1654
f 1751 1752 1655
f 1752 1656 1655
f 1752 1753 1656
f 1753 1657 1656
f 1753 1754 1657
f 1754 1658 1657
f 1754 1755 1658
f 1755 1659 1658
f 1755 1756 1659
f 1756 1660 1659
f 1756 1757 1660
f 1757 1661 1660
f 1757 1758 1661
f 1758 1662 1661
f 1758 1759 1662
f 1759 1663 1662
f 1759 1760 1663
f 1760 1664 1663
f 1760 1761 1664
f 1761 1665 1664
f 1761 1762 1665
f 1762 1666 1665
f 1762 1763 1666
f 1763 1667 1666
f 1763 1764 1667
f 1764 1668 1667
f 1764 1765 1668
f 1765 1669 1668
f 1765 1766 1669
f 1766 1670 1669
f 1766 1767 1670
f 1767 1671 1670
f 1767 1768 1671
f 1768 1672 1671
f 1768 1769 1672
f 1769 1673 1672
f 1769 1770 1673
f 1770 1674 1673
f 1770 1771 1674
f 1771 1675 1674
f 1771 1772 1675
f 1772 1676 1675
f 1772 1773 1676
f 1773 1677 1676
f 1773 1774 1677
f 1774 1678 1677
f 1774 1775 1678
f 1775 1679 1678
f 1775 1776 1679
f 1776 1680 1679
f 1776 1777 1680
f 1777 1681 1680
f 1777 1778 1681
f 1778 1682 1681
f 1778 1779 1682
f 1779 1683 1682
f 1779 1780 1683
f 1780 1684 1683
f 1780 1781 1684
f 1781 1685 1684
f 1781 1782 1685
f 1782 1686 1685
f 1782 1783 1686
f 1783 1687 1686
f 1783 1784 1687
f 1784 1688 1687
f 1784 1785 1688
f 1785 1689 1688
f 1785 1786 1689
f 1786 1690 1689
f 1786 1787 1690
f 1787 1691 1690
f 1787 1788 1691
f 1788 1692 1691
f 1788 1789 1692
f 1789 1693 1692
f 1789 1790 1693
f 1790 1694 1693
f 1790 1791 1694
f 1791 1695 1694
f 1791 1792 1695
f 1792 1696 1695
f 1792 1793 1696
f 1793 1697 1696
f 1793 1794 1697
f 1794 1698 1697
f 1794 1795 1698
f 1795 1699 1698
f 1795 1796 1699
f 1796 1700 1699
f 1796 1797 1700
f 1797 1701 1700
f 1797 1798 1701
f 1798 1702 1701
f 1798 1799 1702
f 1799 1703 1702
f 1799 1800 1703
f 1800 1704 1703
f 1800 1801 1704
f 1801 1705 1704
f 1801 1802 1705
f 1802 1706 1705
f 1802 1803 1706
f 1803 1707 1706
f 1803 1804 1707
f 1804 1708 1707
f 1804 1805 1708
f 1805 1709 1708
f 1805 1806 1709
f 1806 1710 1709
f 1806 1807 1710
f 1807 1711 1710
f 1807 1808 1711
f 1808 1712 1711
f 1808 1809 1712
f 1809 1713 1712
f 1809 1810 1713
f 1810 1714 1713
f 1810 1811 1714
f 1811 1715 1714
f 1811 1812 1715
f 1812 1716 1715
f 1812 1813 1716
f 1813 1717 1716
f 1813 1814 1717
f 1814 1718 1717
f 1814 1815 1718
f 1815 1719 1718
f 1815 1816 1719
f 1816 1720 1719
f 1816 1817 1720
f 1817 1721 1720
f 1817 1818 1721
f 1818 1722 1721
f 1818 1819 1722
f 1819 1723 1722
f 1819 1820 1723
f 1820 1724 1723
f 1820 1821 1724
f 1821 1725 1724
f 1821 1822 1725
f 1822 1726 1725
f 1822 1823 1726
f 1823 1727 1726
f 1823 1824 1727
f 1824 1728 1727
f 1824 1729 1728
f 1729 1633 1728
f 1825 1826 1729
f 1826 1730 1729
f 1826 1827 1730
f 1827 1731 1730
f 1827 1828 1731
f 1828 1732 1731
f 1828 1829 1732
f 1829 1733 1732
f 1829 1830 1733
f 1830 1734 1733
f 1830 1831 1734
f 1831 1735 1734
f 1831 1832 1735
f 1832 1736 1735
f 1832 1833 1736
f 1833 1737 1736
f 1833 1834 1737
f 1834 1738 1737
f 1834 1835 1738
f 1835 1739 1738
f 1835 1836 1739
f 1836 1740 1739
f 1836 1837 1740
f 1837 1741 1740
f 1837 1838 1741
f 1838 1742 1741
f 1838 1839 1742
f 1839 1743 1742
f 1839 1840 1743
f 1840 1744 1743
f 1840 1841 1744
f 1841 1745 1744
f 1841 1842 1745
f 1842 1746 1745
f 1842 1843 1746
f 1843 1747 1746
f 1843 1844 1747
f 1844 1748 1747
f 1844 1845 1748
f 1845 1749 1748
f 1845 1846 1749
f 1846 1750 1749
f 1846 1847 1750
f 1847 1751 1750
f 1847 1848 1751
f 1848 1752 1751
f 1848 1849 1752
f 1849 1753 1752
f 1849 1850 1753
f 1850 1754 1753
f 1850 1851 1754
f 1851 1755 1754
f 1851 1852 1755
f 1852 1756 1755
f 1852 1853 1756
f 1853 1757 1756
f 1853 1854 1757
f 1854 1758 1757
f 1854 1855 1758
f 1855 1759 1758
f 1855 1856 1759
f 1856 1760 1759
f 1856 1857 1760
f 1857 1761 1760
f 1857 1858 1761
f 1858 1762 1761
f 1858 1859 1762
f 1859 1763 1762
f 1859 1860 1763
f 1860 1764 1763
f 1860 1861 1764
f 1861 1765 1764
f 1861 1862 1765
f 1862 1766 1765
f 1862 1863 1766
f 1863 1767 1766
f 1863 1864 1767
f 1864 1768 1767
f 1864 1865 1768
f 1865 1769 1768
f 1865 1866 1769
f 1866 1770 1769
f 1866 1867 1770
f 1867 1771 1770
f 1867 1868 1771
f 1868 1772 1771
f 1868 1869 1772
f 1869 1773 1772
f 1869 1870 1773
f 1870 1774 1773
f 1870 1871 1774
f 1871 1775 1774
f 1871 1872 1775
f 1872 1776 1775
f 1872 1873 1776
f 1873 1777 1776
f 1873 1874 1777
f 1874 1778 1777
f 1874 1875 1778
f 1875 1779 1778
f 1875 1876 1779
f 1876 1780 1779
f 1876 1877 1780
f 1877 1781 1780
f 1877 1878 1781
f 1878 1782 1781
f 1878 1879 1782
f 1879 1783 1782
f 1879 1880 1783
f 1880 1784 1783
f 1880 1881 1784
f 1881 1785 1784
f 1881 1882 1785
f 1882 1786 1785
f 1882 1883 1786
f 1883 1787 1786
f 1883 1884 1787
f 1884 1788 1787
f 1884 1885 1788
f 1885 1789 1788
f 1885 1886 1789
f 1886 1790 1789
f 1886 1887 1790
f 1887 1791 1790
f 1887 1888 1791
f 1888 1792 1791
f 1888 1889 1792
f 1889 1793 1792
f 1889 1890 1793
f 1890 1794 1793
f 1890 1891 1794
f 1891 1795 1794
f 1891 1892 1795
f 1892 1796 1795
f 1892 1893 1796
f 1893 1797 1796
f 1893 1894 1797
f 1894 1798 1797
f 1894 1895 1798
f 1895 1799 1798
f 1895 1896 1799
f 1896 1800 1799
f 1896 1897 1800
f 1897 1801 1800
f 1897 1898 1801
f 1898 1802 1801
f 1898 1899 1802
f 1899 1803 1802
f 1899 1900 1803
f 1900 1804 1803
f 1900 1901 1804
f 1901 1805 1804
f 1901 1902 1805
f 1902 1806 1805
f 1902 1903 1806
f 1903 1807 1806
f 1903 1904 1807
f 1904 1808 1807
f 1904 1905 1808
f 1905 1809 1808
f 1905 1906 1809
f 1906 1810 1809
f 1906 1907 1810
f 1907 1811 1810
f 1907 1908 1811
f 1908 1812 1811
f 1908 1909 1812
f 1909 1813 1812
f 1909 1910 1813
f 1910 1814 1813
f 1910 1911 1814
f 1911 1815 1814
f 1911 1912 1815
f 1912 1816 1815
f 1912 1913 1816
f 1913 1817 1816
f 1913 1914 1817
f 1914 1818 1817
f 1914 1915 1818
f 1915 1819 1818
f 1915 1916 1819
f 1916 1820 1819
f 1916 1917 1820
f 1917 1821 1820
f 1917 1918 1821
f 1918 1822 1821
f 1918 1919 1822
f 1919 1823 1822
f 1919 1920 1823
f 1920 1824 1823
f 1920 1825 1824
f 1825 1729 1824
f 1921 1922 1825
f 1922 1826 1825
f 1922 1923 1826
f 1923 1827 1826
f 1923 1924 1827
f 1924 1828 1827
f 1924 1925 1828
f 1925 1829 1828
f 1925 1926 1829
f 1926 1830 1829
f 1926 1927 1830
f 1927 1831 1830
f 1927 1928 1831
f 1928 1832 1831
f 1928 1929 1832
f 1929 1833 1832
f 1929 1930 1833
f 1930 1834 1833
f 1930 1931 1834
f 1931 1835 1834
f 1931 1932 1835
f 1932 1836 1835
f 1932 1933 1836
f 1933 1837 1836
f 1933 1934 1837
f 1934 1838 1837
f 1934 1935 1838
f 1935 1839 1838
f 1935 1936 1839
f 1936 1840 1839
f 1936 1937 1840
f 1937 1841 1840
f 1937 1938 1841
f 1938 1842 1841
f 1938 1939 1842
f 1939 1843 1842
f 1939 1940 1843
f 1940 1844 1843
f 1940 1941 1844
f 1941 1845 1844
f 1941 1942 1845
f 1942 1846 1845
f 1942 1943 1846
f 1943 1847 1846
f 1943 1944 1847
f 1944 1848 1847
f 1944 1945 1848
f 1945 1849 1848
f 1945 1946 1849
f 1946 1850 1849
f 1946 1947 1850
f 1947 1851 1850
f 1947 1948 1851
f 1948 1852 1851
f 1948 1949 1852
f 1949 1853 1852
f 1949 1950 1853
f 1950 1854 1853
f 1950 1951 1854
f 1951 1855 1854
f 1951 1952 1855
f 1952 1856 1855
f 1952 1953 1856
f 1953 1857 1856
f 1953 1954 1857
f 1954 1858 1857
f 1954 1955 1858
f 1955 1859 1858
f 1955 1956 1859
f 1956 1860 1859
f 1956 1957 1860
f 1957 1861 1860
f 1957 1958 1861
f 1958 1862 1861
f 1958 1959 1862
f 1959 1863 1862
f 1959 1960 1863
f 1960 1864 1863
f 1960 1961 1864
f 1961 1865 1864
f 1961 1962 1865
f 1962 1866 1865
f 1962 1963 1866
f 1963 1867 1866
f 1963 1964 1867
f 1964 1868 1867
f 1964 1965 1868
f 1965 1869 1868
f 1965 1966 1869
f 1966 1870 1869
f 1966 1967 1870
f 1967 1871 1870
f 1967 1968 1871
f 1968 1872 1871
f 1968 1969 1872
f 1969 1873 1872
f 1969 1970 1873
f 1970 1874 1873
f 1970 1971 1874
f 1971 1875 1874
f 1971 1972 1875
f 1972 1876 1875
f 1972 1973 1876
f 1973 1877 1876
f 1973 1974 1877
f 1974 1878 1877
f 1974 1975 1878
f 1975 1879 1878
f 1975 1976 1879
f 1976 1880 1879
f 1976 1977 1880
f 1977 1881 1880
f 1977 1978 1881
f 1978 1882 1881
f 1978 1979 1882
f 1979 1883 1882
f 1979 1980 1883
f 1980 1884 1883
f 1980 1981 1884
f 1981 1885 1884
f 1981 1982 1885
f 1982 1886 1885
f 1982 1983 1886
f 1983 1887 1886
f 1983 1984 1887
f 1984 1888 1887
f 1984 1985 1888
f 1985 1889 1888
f 1985 1986 1889
f 1986 1890 1889
f 1986 1987 1890
f 1987 1891 1890
f 1987 1988 1891
f 1988 1892 1891
f 1988 1989 1892
f 1989 1893 1892
f 1989 1990 1893
f 1990 1894 1893
f 1990 1991 1894
f 1991 1895 1894
f 1991 1992 1895
f 1992 1896 1895
f 1992 1993 1896
f 1993 1897 1896
f 1993 1994 1897
f 1994 1898 1897
f 1994 1995 1898
f 1995 1899 1898
f 1995 1996 1899
f 1996 1900 1899
f 1996 1997 1900
f 1997 1901 1900
f 1997 1998 1901
f 1998 1902 1901
f 1998 1999 1902
f 1999 1903 1902
f 1999 2000 1903
f 2000 1904 1903
f 2000 2001 1904
f 2001 1905 1904
f 2001 2002 1905
f 2002 1906 1905
f 2002 2003 1906
f 2003 1907 1906
f 2003 2004 1907
f 2004 1908 1907
f 2004 2005 1908
f 2005 1909 1908
f 2005 2006 1909
f 2006 1910 1909
f 2006 2007 1910
f 2007 1911 1910
f 2007 2008 1911
f 2008 1912 1911
f 2008 2009 1912
f 2009 1913 1912
f 2009 2010 1913
f 2010 1914 1913
f 2010 2011 1914
f 2011 1915 1914
f 2011 2012 1915
f 2012 1916 1915
f 2012 2013 1916
f 2013 1917 1916
f 2013 2014 1917
f 2014 1918 1917
f 2014 2015 1918
f 2015 1919 1918
f 2015 2016 1919
f 2016 1920 1919
f 2016 1921 1920
f 1921 1825 1920
f 2017 2018 1921
f 2018 1922 1921
f 2018 2019 1922
f 2019 1923 1922
f 2019 2020 1923
f 2020 1924 1923
f 2020 2021 1924
f 2021 1925 1924
f 2021 2022 1925
f 2022 1926 1925
f 2022 2023 1926
f 2023 1927 1926
f 2023 2024 1927
f 2024 1928 1927
f 2024 2025 1928
f 2025 1929 1928
f 2025 2026 1929
f 2026 1930 1929
f 2026 2027 1930
f 2027 1931 1930
f 2027 2028 1931
f 2028 1932 1931
f 2028 2029 1932
f 2029 1933 1932
f 2029 2030 1933
f 2030 1934 1933
f 2030 2031 1934
f 2031 1935 1934
f 2031 2032 1935
f 2032 1936 1935
f 2032 2033 1936
f 2033 1937 1936
f 2033 2034 1937
f 2034 1938 1937
f 2034 2035 1938
f 2035 1939 1938
f 2035 2036 1939
f 2036 1940 1939
f 2036 2037 1940
f 2037 1941 1940
f 2037 2038 1941
f 2038 1942 1941
f 2038 2039 1942
f 2039 1943 1942
f 2039 2040 1943
f 2040 1944 1943
f 2040 2041 1944
f 2041 1945 1944
f 2041 2042 1945
f 2042 1946 1945
f 2042 2043 1946
f 2043 1947 1946
f 2043 2044 1947
f 2044 1948 1947
f 2044 2045 1948
f 2045 1949 1948
f 2045 2046 1949
f 2046 1950 1949
f 2046 2047 1950
f 2047 1951 1950
f 2047 2048 1951
f 2048 1952 1951
f 2048 2049 1952
f 2049 1953 1952
f 2049 2050 1953
f 2050 1954 1953
f 2050 2051 1954
f 2051 1955 1954
f 2051 2052 1955
f 2052 1956 1955
f 2052 2053 1956
f 2053 1957 1956
f 2053 2054 1957
f 2054 1958 1957
f 2054 2055 1958
f 2055 1959 1958
f 2055 2056 1959
f 2056 1960 1959
f 2056 2057 1960
f 2057 1961 1960
f 2057 2058 1961
f 2058 1962 1961
f 2058 2059 1962
f 2059 1963 1962
f 2059 2060 1963
f 2060 1964 1963
f 2060 2061 1964
f 2061 1965 1964
f 2061 2062 1965
f 2062 1966 1965
f 2062 2063 1966
f 2063 1967 1966
f 2063 2064 1967
f 2064 1968 1967
f 2064 2065 1968
f 2065 1969 1968
f 2065 2066 1969
f 2066 1970 1969
f 2066 2067 1970
f 2067 1971 1970
f 2067 2068 1971
f 2068 1972 1971
f 2068 2069 1972
f 2069 1973 1972
f 2069 2070 1973
f 2070 1974 1973
f 2070 2071 1974
f 2071 1975 1974
f 2071 2072 1975
f 2072 1976 1975
f 2072 2073 1976
f 2073 1977 1976
f 2073 2074 1977
f 2074 1978 1977
f 2074 2075 1978
f 2075 1979 1978
f 2075 2076 1979
f 2076 1980 1979
f 2076 2077 1980
f 2077 1981 1980
f 2077 2078 1981
f 2078 1982 1981
f 2078 2079 1982
f 2079 1983 1982
f 2079 2080 1983
f 2080 1984 1983
f 2080 2081 1984
f 2081 1985 1984
f 2081 2082 1985
f 2082 1986 1985
f 2082 2083 1986
f 2083 1987 1986
f 2083 2084 1987
f 2084 1988 1987
f 2084 2085 1988
f 2085 1989 1988
f 2085 2086 1989
f 2086 1990 1989
f 2086 2087 1990
f 2087 1991 1990
f 2087 2088 1991
f 2088 1992 1991
f 2088 2089 1992
f 2089 1993 1992
f 2089 2090 1993
f 2090 1994 1993
f 2090 2091 1994
f 2091 1995 1994
f 2091 2092 1995
f 2092 1996 1995
f 2092 2093 1996
f 2093 1997 1996
f 2093 2094 1997
f 2094 1998 1997
f 2094 2095 1998
f 2095 1999 1998
f 2095 2096 1999
f 2096 2000 1999
f 2096 2097 2000
f 2097 2001 2000
f 2097 2098 2001
f 2098 2002 2001
f 2098 2099 2002
f 2099 2003 2002
f 2099 2100 2003
f 2100 2004 2003
f 2100 2101 2004
f 2101 2005 2004
f 2101 2102 2005
f 2102 2006 2005
f 2102 2103 2006
f 2103 2007 2006
f 2103 2104 2007
f 2104 2008 2007
f 2104 2105 2008
f 2105 2009 2008
f 2105 2106 2009
f 2106 2010 2009
f 2106 2107 2010
f 2107 2011 2010
f 2107 2108 2011
f 2108 2012 2011
f 2108 2109 2012
f 2109 2013 2012
f 2109 2110 2013
f 2110 2014 2013
f 2110 2111 2014
f 2111 2015 2014
f 2111 2112 2015
f 2112 2016 2015
f 2112 2017 2016
f 2017 1921 2016
f 2113 2114 2017
f 2114 2018 2017
f 2114 2115 2018
f 2115 2019 2018
f 2115 2116 2019
f 2116 2020 2019
f 2116 2117 2020
f 2117 2021 2020
f 2117 2118 2021
f 2118 2022 2021
f 2118 2119 2022
f 2119 2023 2022
f 2119 2120 2023
f 2120 2024 2023
f 2120 2121 2024
f 2121 2025 2024
f 2121 2122 2025
f 2122 2026 2025
f 2122 2123 2026
f 2123 2027 2026
f 2123 2124 2027
f 2124 2028 2027
f 2124 2125 2028
f 2125 2029 2028
f 2125 2126 2029
f 2126 2030 2029
f 2126 2127 2030
f 2127 2031 2030
f 2127 2128 2031
f 2128 2032 2031
f 2128 2129 2032
f 2129 2033 2032
f 2129 2130 2033
f 2130 2034 2033
f 2130 2131 2034
f 2131 2035 2034
f 2131 2132 2035
f 2132 2036 2035
f 2132 2133 2036
f 2133 2037 2036
f 2133 2134 2037
f 2134 2038 2037
f 2134 2135 2038
f 2135 2039 2038
f 2135 2136 2039
f 2136 2040 2039
f 2136 2137 2040
f 2137 2041 2040
f 2137 2138 2041
f 2138 2042 2041
f 2138 2139 2042
f 2139 2043 2042
f 2139 2140 2043
f 2140 2044 2043
f 2140 2141 2044
f 2141 2045 2044
f 2141 2142 2045
f 2142 2046 2045
f 2142 2143 2046
f 2143 2047 2046
f 2143 2144 2047
f 2144 2048 2047
f 2144 2145 2048
f 2145 2049 2048
f 2145 2146 2049
f 2146 2050 2049
f 2146 2147 2050
f 2147 2051 2050
f 2147 2148 2051
f 2148 2052 2051
f 2148 2149 2052
f 2149 2053 2052
f 2149 2150 2053
f 2150 2054 2053
f 2150 2151 2054
f 2151 2055 2054
f 2151 2152 2055
f 2152 2056 2055
f 2152 2153 2056
f 2153 2057 2056
f 2153 2154 2057
f 2154 2058 2057
f 2154 2155 2058
f 2155 2059 2058
f 2155 2156 2059
f 2156 2060 2059
f 2156 2157 2060
f 2157 2061 2060
f 2157 2158 2061
f 2158 2062 2061
f 2158 2159 2062
f 2159 2063 2062
f 2159 2160 2063
f 2160 2064 2063
f 2160 2161 2064
f 2161 2065 2064
f 2161 2162 2065
f 2162 2066 2065
f 2162 2163 2066
f 2163 2067 2066
f 2163 2164 2067
f 2164 2068 2067
f 2164 2165 2068
f 2165 2069 2068
f 2165 2166 2069
f 2166 2070 2069
f 2166 2167 2070
f 2167 2071 2070
f 2167 2168 2071
f 2168 2072 2071
f 2168 2169 2072
f 2169 2073 2072
f 2169 2170 2073
f 2170 2074 2073
f 2170 2171 2074
f 2171 2075 2074
f 2171 2172 2075
f 2172 2076 2075
f 2172 2173 2076
f 2173 2077 2076
f 2173 2174 2077
f 2174 2078 2077
f 2174 2175 2078
f 2175 2079 2078
f 2175 2176 2079
f 2176 2080 2079
f 2176 2177 2080
f 2177 2081 2080
f 2177 2178 2081
f 2178 2082 2081
f 2178 2179 2082
f 2179 2083 2082
f 2179 2180 2083
f 2180 2084 2083
f 2180 2181 2084
f 2181 2085 2084
f 2181 2182 2085
f 2182 2086 2085
f 2182 2183 2086
f 2183 2087 2086
f 2183 2184 2087
f 2184 2088 2087
f 2184 2185 2088
f 2185 2089 2088
f 2185 2186 2089
f 2186 2090 2089
f 2186 2187 2090
f 2187 2091 2090
f 2187 2188 2091
f 2188 2092 2091
f 2188 2189 2092
f 2189 2093 2092
f 2189 2190 2093
f 2190 2094 2093
f 2190 2191 2094
f 2191 2095 2094
f 2191 2192 2095
f 2192 2096 2095
f 2192 2193 2096
f 2193 2097 2096
f 2193 2194 2097
f 2194 2098 2097
f 2194 2195 2098
f 2195 2099 2098
f 2195 2196 2099
f 2196 2100 2099
f 2196 2197 2100
f 2197 2101 2100
f 2197 2198 2101
f 2198 2102 2101
f 2198 2199 2102
f 2199 2103 2102
f 2199 2200 2103
f 2200 2104 2103
f 2200 2201 2104
f 2201 2105 2104
f 2201 2202 2105
f 2202 2106 2105
f 2202 2203 2106
f 2203 2107 2106
f 2203 2204 2107
f 2204 2108 2107
f 2204 2205 2108
f 2205 2109 2108
f 2205 2206 2109
f 2206 2110 2109
f 2206 2207 2110
f 2207 2111 2110
f 2207 2208 2111
f 2208 2112 2111
f 2208 2113 2112
f 2113 2017 2112
f 2209 2210 2113
f 2210 2114 2113
f 2210 2211 2114
f 2211 2115 2114
f 2211 2212 2115
f 2212 2116 2115
f 2212 2213 2116
f 2213 2117 2116
f 2213 2214 2117
f 2214 2118 2117
f 2214 2215 2118
f 2215 2119 2118
f 2215 2216 2119
f 2216 2120 2119
f 2216 2217 2120
f 2217 2121 2120
f 2217 2218 2121
f 2218 2122 2121
f 2218 2219 2122
f 2219 2123 2122
f 2219 2220 2123
f 2220 2124 2123
f 2220 2221 2124
f 2221 2125 2124
f 2221 2222 2125
f 2222 2126 2125
f 2222 2223 2126
f 2223 2127 2126
f 2223 2224 2127
f 2224 2128 2127
f 2224 2225 2128
f 2225 2129 2128
f 2225 2226 2129
f 2226 2130 2129
f 2226 2227 2130
f 2227 2131 2130
f 2227 2228 2131
f 2228 2132 2131
f 2228 2229 2132
f 2229 2133 2132
f 2229 2230 2133
f 2230 2134 2133
f 2230 2231 2134
f 2231 2135 2134
f 2231 2232 2135
f 2232 2136 2135
f 2232 2233 2136
f 2233 2137 2136
f 2233 2234 2137
f 2234 2138 2137
f 2234 2235 2138
f 2235 2139 2138
f 2235 2236 2139
f 2236 2140 2139
f 2236 2237 2140
f 2237 2141 2140
f 2237 2238 2141
f 2238 2142 2141
f 2238 2239 2142
f 2239 2143 2142
f 2239 2240 2143
f 2240 2144 2143
f 2240 2241 2144
f 2241 2145 2144
f 2241 2242 2145
f 2242 2146 2145
f 2242 2243 2146
f 2243 2147 2146
f 2243 2244 2147
f 2244 2148 2147
f 2244 2245 2148
f 2245 2149 2148
f 2245 2246 2149
f 2246 2150 2149
f 2246 2247 2150
f 2247 2151 2150
f 2247 2248 2151
f 2248 2152 2151
f 2248 2249 2152
f 2249 2153 2152
f 2249 2250 2153
f 2250 2154 2153
f 2250 2251 2154
f 2251 2155 2154
f 2251 2252 2155
f 2252 2156 2155
f 2252 2253 2156
f 2253 2157 2156
f 2253 2254 2157
f 2254 2158 2157
f 2254 2255 2158
f 2255 2159 2158
f 2255 2256 2159
f 2256 2160 2159
f 2256 2257 2160
f 2257 2161 2160
f 2257 2258 2161
f 2258 2162 2161
f 2258 2259 2162
f 2259 2163 2162
f 2259 2260 2163
f 2260 2164 2163
f 2260 2261 2164
f 2261 2165 2164
f 2261 2262 2165
f 2262 2166 2165
f 2262 2263 2166
f 2263 2167 2166
f 2263 2264 2167
f 2264 2168 2167
f 2264 2265 2168
f 2265 2169 2168
f 2265 2266 2169
f 2266 2170 2169
f 2266 2267 2170
f 2267 2171 2170
f 2267 2268 2171
f 2268 2172 2171
f 2268 2269 2172
f 2269 2173 2172
f 2269 2270 2173
f 2270 2174 2173
f 2270 2271 2174
f 2271 2175 2174
f 2271 2272 2175
f 2272 2176 2175
f 2272 2273 2176
f 2273 2177 2176
f 2273 2274 2177
f 2274 2178 2177
f 2274 2275 2178
f 2275 2179 2178
f 2275 2276 2179
f 2276 2180 2179
f 2276 2277 2180
f 2277 2181 2180
f 2277 2278 2181
f 2278 2182 2181
f 2278 2279 2182
f 2279 2183 2182
f 2279 2280 2183
f 2280 2184 2183
f 2280 2281 2184
f 2281 2185 2184
f 2281 2282 2185
f 2282 2186 2185
f 2282 2283 2186
f 2283 2187 2186
f 2283 2284 2187
f 2284 2188 2187
f 2284 2285 2188
f 2285 2189 2188
f 2285 2286 2189
f 2286 2190 2189
f 2286 2287 2190
f 2287 2191 2190
f 2287 2288 2191
f 2288 2192 2191
f 2288 2289 2192
f 2289 2193 2192
f 2289 2290 2193
f 2290 2194 2193
f 2290 2291 2194
f 2291 2195 2194
f 2291 2292 2195
f 2292 2196 2195
f 2292 2293 2196
f 2293 2197 2196
f 2293 2294 2197
f 2294 2198 2197
f 2294 2295 2198
f 2295 2199 2198
f 2295 2296 2199
f 2296 2200 2199
f 2296 2297 2200
f 2297 2201 2200
f 2297 2298 2201
f 2298 2202 2201
f 2298 2299 2202
f 2299 2203 2202
f 2299 2300 2203
f 2300 2204 2203
f 2300 2301 2204
f 2301 2205 2204
f 2301 2302 2205
f 2302 2206 2205
f 2302 2303 2206
f 2303 2207 2206
f 2303 2304 2207
f 2304 2208 2207
f 2304 2209 2208
f 2209 2113 2208
f 2305 2306 2209
f 2306 2210 2209
f 2306 2307 2210
f 2307 2211 2210
f 2307 2308 2211
f 2308 2212 2211
f 2308 2309 2212
f 2309 2213 2212
f 2309 2310 2213
f 2310 2214 2213
f 2310 2311 2214
f 2311 2215 2214
f 2311 2312 2215
f 2312 2216 2215
f 2312 2313 2216
f 2313 2217 2216
f 2313 2314 2217
f 2314 2218 2217
f 2314 2315 2218
f 2315 2219 2218
f 2315 2316 2219
f 2316 2220 2219
f 2316 2317 2220
f 2317 2221 2220
f 2317 2318 2221
f 2318 2222 2221
f 2318 2319 2222
f 2319 2223 2222
f 2319 2320 2223
f 2320 2224 2223
f 2320 2321 2224
f 2321 2225 2224
f 2321 2322 2225
f 2322 2226 2225
f 2322 2323 2226
f 2323 2227 2226
f 2323 2324 2227
f 2324 2228 2227
f 2324 2325 2228
f 2325 2229 2228
f 2325 2326 2229
f 2326 2230 2229
f 2326 2327 2230
f 2327 2231 2230
f 2327 2328 2231
f 2328 2232 2231
f 2328 2329 2232
f 2329 2233 2232
f 2329 2330 2233
f 2330 2234 2233
f 2330 2331 2234
f 2331 2235 2234
f 2331 2332 2235
f 2332 2236 2235
f 2332 2333 2236
f 2333 2237 2236
f 2333 2334 2237
f 2334 2238 2237
f 2334 2335 2238
f 2335 2239 2238
f 2335 2336 2239
f 2336 2240 2239
f 2336 2337 2240
f 2337 2241 2240
f 2337 2338 2241
f 2338 2242 2241
f 2338 2339 2242
f 2339 2243 2242
f 2339 2340 2243
f 2340 2244 2243
f 2340 2341 2244
f 2341 2245 2244
f 2341 2342 2245
f 2342 2246 2245
f 2342 2343 2246
f 2343 2247 2246
f 2343 2344 2247
f 2344 2248 2247
f 2344 2345 2248
f 2345 2249 2248
f 2345 2346 2249
f 2346 2250 2249
f 2346 2347 2250
f 2347 2251 2250
f 2347 2348 2251
f 2348 2252 2251
f 2348 2349 2252
f 2349 2253 2252
f 2349 2350 2253
f 2350 2254 2253
f 2350 2351 2254
f 2351 2255 2254
f 2351 2352 2255
f 2352 2256 2255
f 2352 2353 2256
f 2353 2257 2256
f 2353 2354 2257
f 2354 2258 2257
f 2354 2355 2258
f 2355 2259 2258
f 2355 2356 2259
f 2356 2260 2259
f 2356 2357 2260
f 2357 2261 2260
f 2357 2358 2261
f 2358 2262 2261
f 2358 2359 2262
f 2359 2263 2262
f 2359 2360 2263
f 2360 2264 2263
f 2360 2361 2264
f 2361 2265 2264
f 2361 2362 2265
f 2362 2266 2265
f 2362 2363 2266
f 2363 2267 2266
f 2363 2364 2267
f 2364 2268 2267
f 2364 2365 2268
f 2365 2269 2268
f 2365 2366 2269
f 2366 2270 2269
f 2366 2367 2270
f 2367 2271 2270
f 2367 2368 2271
f 2368 2272 2271
f 2368 2369 2272
f 2369 2273 2272
f 2369 2370 2273
f 2370 2274 2273
f 2370 2371 2274
f 2371 2275 2274
f 2371 2372 2275
f 2372 2276 2275
f 2372 2373 2276
f 2373 2277 2276
f 2373 2374 2277
f 2374 2278 2277
f 2374 2375 2278
f 2375 2279 2278
f 2375 2376 2279
f 2376 2280 2279
f 2376 2377 2280
f 2377 2281 2280
f 2377 2378 2281
f 2378 2282 2281
f 2378 2379 2282
f 2379 2283 2282
f 2379 2380 2283
f 2380 2284 2283
f 2380 2381 2284
f 2381 2285 2284
f 2381 2382 2285
f 2382 2286 2285
f 2382 2383 2286
f 2383 2287 2286
f 2383 2384 2287
f 2384 2288 2287
f 2384 2385 2288
f 2385 2289 2288
f 2385 2386 2289
f 2386 2290 2289
f 2386 2387 2290
f 2387 2291 2290
f 2387 2388 2291
f 2388 2292 2291
f 2388 2389 2292
f 2389 2293 2292
f 2389 2390 2293
f 2390 2294 2293
f 2390 2391 2294
f 2391 2295 2294
f 2391 2392 2295
f 2392 2296 2295
f 2392 2393 2296
f 2393 2297 2296
f 2393 2394 2297
f 2394 2298 2297
f 2394 2395 2298
f 2395 2299 2298
f 2395 2396 2299
f 2396 2300 2299
f 2396 2397 2300
f 2397 2301 2300
f 2397 2398 2301
f 2398 2302 2301
f 2398 2399 2302
f 2399 2303 2302
f 2399 2400 2303
f 2400 2304 2303
f 2400 2305 2304
f 2305 2209 2304
f 2401 2402 2305
f 2402 2306 2305
f 2402 2403 2306
f 2403 2307 2306
f 2403 2404 2307
f 2404 2308 2307
f 2404 2405 2308
f 2405 2309 2308
f 2405 2406 2309
f 2406 2310 2309
f 2406 2407 2310
f 2407 2311 2310
f 2407 2408 2311
f 2408 2312 2311
f 2408 2409 2312
f 2409 2313 2312
f 2409 2410 2313
f 2410 2314 2313
f 2410 2411 2314
f 2411 2315 2314
f 2411 2412 2315
f 2412 2316 2315
f 2412 2413 2316
f 2413 2317 2316
f 2413 2414 2317
f 2414 2318 2317
f 2414 2415 2318
f 2415 2319 2318
f 2415 2416 2319
f 2416 2320 2319
f 2416 2417 2320
f 2417 2321 2320
f 2417 2418 2321
f 2418 2322 2321
f 2418 2419 2322
f 2419 2323 2322
f 2419 2420 2323
f 2420 2324 2323
f 2420 2421 2324
f 2421 2325 2324
f 2421 2422 2325
f 2422 2326 2325
f 2422 2423 2326
f 2423 2327 2326
f 2423 2424 2327
f 2424 2328 2327
f 2424 2425 2328
f 2425 2329 2328
f 2425 2426 2329
f 2426 2330 2329
f 2426 2427 2330
f 2427 2331 2330
f 2427 2428 2331
f 2428 2332 2331
f 2428 2429 2332
f 2429 2333 2332
f 2429 2430 2333
f 2430 2334 2333
f 2430 2431 2334
f 2431 2335 2334
f 2431 2432 2335
f 2432 2336 2335
f 2432 2433 2336
f 2433 2337 2336
f 2433 2434 2337
f 2434 2338 2337
f 2434 2435 2338
f 2435 2339 2338
f 2435 2436 2339
f 2436 2340 2339
f 2436 2437 2340
f 2437 2341 2340
f 2437 2438 2341
f 2438 2342 2341
f 2438 2439 2342
f 2439 2343 2342
f 2439 2440 2343
f 2440 2344 2343
f 2440 2441 2344
f 2441 2345 2344
f 2441 2442 2345
f 2442 2346 2345
f 2442 2443 2346
f 2443 2347 2346
f 2443 2444 2347
f 2444 2348 2347
f 2444 2445 2348
f 2445 2349 2348
f 2445 2446 2349
f 2446 2350 2349
f 2446 2447 2350
f 2447 2351 2350
f 2447 2448 2351
f 2448 2352 2351
f 2448 2449 2352
f 2449 2353 2352
f 2449 2450 2353
f 2450 2354 2353
f 2450 2451 2354
f 2451 2355 2354
f 2451 2452 2355
f 2452 2356 2355
f 2452 2453 2356
f 2453 2357 2356
f 2453 2454 2357
f 2454 2358 2357
f 2454 2455 2358
f 2455 2359 2358
f 2455 2456 2359
f 2456 2360 2359
f 2456 2457 2360
f 2457 2361 2360
f 2457 2458 2361
f 2458 2362 2361
f 2458 2459 2362
f 2459 2363 2362
f 2459 2460 2363
f 2460 2364 2363
f 2460 2461 2364
f 2461 2365 2364
f 2461 2462 2365
f 2462 2366 2365
f 2462 2463 2366
f 2463 2367 2366
f 2463 2464 2367
f 2464 2368 2367
f 2464 2465 2368
f 2465 2369 2368
f 2465 2466 2369
f 2466 2370 2369
f 2466 2467 2370
f 2467 2371 2370
f 2467 2468 2371
f 2468 2372 2371
f 2468 2469 2372
f 2469 2373 2372
f 2469 2470 2373
f 2470 2374 2373
f 2470 2471 2374
f 2471 2375 2374
f 2471 2472 2375
f 2472 2376 2375
f 2472 2473 2376
f 2473 2377 2376
f 2473 2474 2377
f 2474 2378 2377
f 2474 2475 2378
f 2475 2379 2378
f 2475 2476 2379
f 2476 2380 2379
f 2476 2477 2380
f 2477 2381 2380
f 2477 2478 2381
f 2478 2382 2381
f 2478 2479 2382
f 2479 2383 2382
f 2479 2480 2383
f 2480 2384 2383
f 2480 2481 2384
f 2481 2385 2384
f 2481 2482 2385
f 2482 2386 2385
f 2482 2483 2386
f 2483 2387 2386
f 2483 2484 2387
f 2484 2388 2387
f 2484 2485 2388
f 2485 2389 2388
f 2485 2486 2389
f 2486 2390 2389
f 2486 2487 2390
f 2487 2391 2390
f 2487 2488 2391
f 2488 2392 2391
f 2488 2489 2392
f 2489 2393 2392
f 2489 2490 2393
f 2490 2394 2393
f 2490 2491 2394
f 2491 2395 2394
f 2491 2492 2395
f 2492 2396 2395
f 2492 2493 2396
f 2493 2397 2396
f 2493 2494 2397
f 2494 2398 2397
f 2494 2495 2398
f 2495 2399 2398
f 2495 2496 2399
f 2496 2400 2399
f 2496 2401 2400
f 2401 2305 2400
f 2497 2498 2401
f 2498 2402 2401
f 2498 2499 2402
f 2499 2403 2402
f 2499 2500 2403
f 2500 2404 2403
f 2500 2501 2404
f 2501 2405 2404
f 2501 2502 2405
f 2502 2406 2405
f 2502 2503 2406
f 2503 2407 2406
f 2503 2504 2407
f 2504 2408 2407
f 2504 2505 2408
f 2505 2409 2408
f 2505 2506 2409
f 2506 2410 2409
f 2506 2507 2410
f 2507 2411 2410
f 2507 2508 2411
f 2508 2412 2411
f 2508 2509 2412
f 2509 2413 2412
f 2509 2510 2413
f 2510 2414 2413
f 2510 2511 2414
f 2511 2415 2414
f 2511 2512 2415
f 2512 2416 2415
f 2512 2513 2416
f 2513 2417 2416
f 2513 2514 2417
f 2514 2418 2417
f 2514 2515 2418
f 2515 2419 2418
f 2515 2516 2419
f 2516 2420 2419
f 2516 2517 2420
f 2517 2421 2420
f 2517 2518 2421
f 2518 2422 2421
f 2518 2519 2422
f 2519 2423 2422
f 2519 2520 2423
f 2520 2424 2423
f 2520 2521 2424
f 2521 2425 2424
f 2521 2522 2425
f 2522 2426 2425
f 2522 2523 2426
f 2523 2427 2426
f 2523 2524 2427
f 2524 2428 2427
f 2524 2525 2428
f 2525 2429 2428
f 2525 2526 2429
f 2526 2430 2429
f 2526 2527 2430
f 2527 2431 2430
f 2527 2528 2431
f 2528 2432 2431
f 2528 2529 2432
f 2529 2433 2432
f 2529 2530 2433
f 2530 2434 2433
f 2530 2531 2434
f 2531 2435 2434
f 2531 2532 2435
f 2532 2436 2435
f 2532 2533 2436
f 2533 2437 2436
f 2533 2534 2437
f 2534 2438 2437
f 2534 2535 2438
f 2535 2439 2438
f 2535 2536 2439
f 2536 2440 2439
f 2536 2537 2440
f 2537 2441 2440
f 2537 2538 2441
f 2538 2442 2441
f 2538 2539 2442
f 2539 2443 2442
f 2539 2540 2443
f 2540 2444 2443
f 2540 2541 2444
f 2541 2445 2444
f 2541 2542 2445
f 2542 2446 2445
f 2542 2543 2446
f 2543 2447 2446
f 2543 2544 2447
f 2544 2448 2447
f 2544 2545 2448
f 2545 2449 2448
f 2545 2546 2449
f 2546 2450 2449
f 2546 2547 2450
f 2547 2451 2450
f 2547 2548 2451
f 2548 2452 2451
f 2548 2549 2452
f 2549 2453 2452
f 2549 2550 2453
f 2550 2454 2453
f 2550 2551 2454
f 2551 2455 2454
f 2551 2552 2455
f 2552 2456 2455
f 2552 2553 2456
f 2553 2457 2456
f 2553 2554 2457
f 2554 2458 2457
f 2554 2555 2458
f 2555 2459 2458
f 2555 2556 2459
f 2556 2460 2459
f 2556 2557 2460
f 2557 2461 2460
f 2557 2558 2461
f 2558 2462 2461
f 2558 2559 2462
f 2559 2463 2462
f 2559 2560 2463
f 2560 2464 2463
f 2560 2561 2464
f 2561 2465 2464
f 2561 2562 2465
f 2562 2466 2465
f 2562 2563 2466
f 2563 2467 2466
f 2563 2564 2467
f 2564 2468 2467
f 2564 2565 2468
f 2565 2469 2468
f 2565 2566 2469
f 2566 2470 2469
f 2566 2567 2470
f 2567 2471 2470
f 2567 2568 2471
f 2568 2472 2471
f 2568 2569 2472
f 2569 2473 2472
f 2569 2570 2473
f 2570 2474 2473
f 2570 2571 2474
f 2571 2475 2474
f 2571 2572 2475
f 2572 2476 2475
f 2572 2573 2476
f 2573 2477 2476
f 2573 2574 2477
f 2574 2478 2477
f 2574 2575 2478
f 2575 2479 2478
f 2575 2576 2479
f 2576 2480 2479
f 2576 2577 2480
f 2577 2481 2480
f 2577 2578 2481
f 2578 2482 2481
f 2578 2579 2482
f 2579 2483 2482
f 2579 2580 2483
f 2580 2484 2483
f 2580 2581 2484
f 2581 2485 2484
f 2581 2582 2485
f 2582 2486 2485
f 2582 2583 2486
f 2583 2487 2486
f 2583 2584 2487
f 2584 2488 2487
f 2584 2585 2488
f 2585 2489 2488
f 2585 2586 2489
f 2586 2490 2489
f 2586 2587 2490
f 2587 2491 2490
f 2587 2588 2491
f 2588 2492 2491
f 2588 2589 2492
f 2589 2493 2492
f 2589 2590 2493
f 2590 2494 2493
f 2590 2591 2494
f 2591 2495 2494
f 2591 2592 2495
f 2592 2496 2495
f 2592 2497 2496
f 2497 2401 2496
f 2593 2594 2497
f 2594 2498 2497
f 2594 2595 2498
f 2595 2499 2498
f 2595 2596 2499
f 2596 2500 2499
f 2596 2597 2500
f 2597 2501 2500
f 2597 2598 2501
f 2598 2502 2501
f 2598 2599 2502
f 2599 2503 2502
f 2599 2600 2503
f 2600 2504 2503
f 2600 2601 2504
f 2601 2505 2504
f 2601 2602 2505
f 2602 2506 2505
f 2602 2603 2506
f 2603 2507 2506
f 2603 2604 2507
f 2604 2508 2507
f 2604 2605 2508
f 2605 2509 2508
f 2605 2606 2509
f 2606 2510 2509
f 2606 2607 2510
f 2607 2511 2510
f 2607 2608 2511
f 2608 2512 2511
f 2608 2609 2512
f 2609 2513 2512
f 2609 2610 2513
f 2610 2514 2513
f 2610 2611 2514
f 2611 2515 2514
f 2611 2612 2515
f 2612 2516 2515
f 2612 2613 2516
f 2613 2517 2516
f 2613 2614 2517
f 2614 2518 2517
f 2614 2615 2518
f 2615 2519 2518
f 2615 2616 2519
f 2616 2520 2519
f 2616 2617 2520
f 2617 2521 2520
f 2617 2618 2521
f 2618 2522 2521
f 2618 2619 2522
f 2619 2523 2522
f 2619 2620 2523
f 2620 2524 2523
f 2620 2621 2524
f 2621 2525 2524
f 2621 2622 2525
f 2622 2526 2525
f 2622 2623 2526
f 2623 2527 2526
f 2623 2624 2527
f 2624 2528 2527
f 2624 2625 2528
f 2625 2529 2528
f 2625 2626 2529
f 2626 2530 2529
f 2626 2627 2530
f 2627 2531 2530
f 2627 2628 2531
f 2628 2532 2531
f 2628 2629 2532
f 2629 2533 2532
f 2629 2630 2533
f 2630 2534 2533
f 2630 2631 2534
f 2631 2535 2534
f 2631 2632 2535
f 2632 2536 2535
f 2632 2633 2536
f 2633 2537 2536
f 2633 2634 2537
f 2634 2538 2537
f 2634 2635 2538
f 2635 2539 2538
f 2635 2636 2539
f 2636 2540 2539
f 2636 2637 2540
f 2637 2541 2540
f 2637 2638 2541
f 2638 2542 2541
f 2638 2639 2542
f 2639 2543 2542
f 2639 2640 2543
f 2640 2544 2543
f 2640 2641 2544
f 2641 2545 2544
f 2641 2642 2545
f 2642 2546 2545
f 2642 2643 2546
f 2643 2547 2546
f 2643 2644 2547
f 2644 2548 2547
f 2644 2645 2548
f 2645 2549 2548
f 2645 2646 2549
f 2646 2550 2549
f 2646 2647 2550
f 2647 2551 2550
f 2647 2648 2551
f 2648 2552 2551
f 2648 2649 2552
f 2649 2553 2552
f 2649 2650 2553
f 2650 2554 2553
f 2650 2651 2554
f 2651 2555 2554
f 2651 2652 2555
f 2652 2556 2555
f 2652 2653 2556
f 2653 2557 2556
f 2653 2654 2557
f 2654 2558 2557
f 2654 2655 2558
f 2655 2559 2558
f 2655 2656 2559
f 2656 2560 2559
f 2656 2657 2560
f 2657 2561 2560
f 2657 2658 2561
f 2658 2562 2561
f 2658 2659 2562
f 2659 2563 2562
f 2659 2660 2563
f 2660 2564 2563
f 2660 2661 2564
f 2661 2565 2564
f 2661 2662 2565
f 2662 2566 2565
f 2662 2663 2566
f 2663 2567 2566
f 2663 2664 2567
f 2664 2568 2567
f 2664 2665 2568
f 2665 2569 2568
f 2665 2666 2569
f 2666 2570 2569
f 2666 2667 2570
f 2667 2571 2570
f 2667 2668 2571
f 2668 2572 2571
f 2668 2669 2572
f 2669 2573 2572
f 2669 2670 2573
f 2670 2574 2573
f 2670 2671 2574
f 2671 2575 2574
f 2671 2672 2575
f 2672 2576 2575
f 2672 2673 2576
f 2673 2577 2576
f 2673 2674 2577
f 2674 2578 2577
f 2674 2675 2578
f 2675 2579 2578
f 2675 2676 2579
f 2676 2580 2579
f 2676 2677 2580
f 2677 2581 2580
f 2677 2678 2581
f 2678 2582 2581
f 2678 2679 2582
f 2679 2583 2582
f 2679 2680 2583
f 2680 2584 2583
f 2680 2681 2584
f 2681 2585 2584
f 2681 2682 2585
f 2682 2586 2585
f 2682 2683 2586
f 2683 2587 2586
f 2683 2684 2587
f 2684 2588 2587
f 2684 2685 2588
f 2685 2589 2588
f 2685 2686 2589
f 2686 2590 2589
f 2686 2687 2590
f 2687 2591 2590
f 2687 2688 2591
f 2688 2592 2591
f 2688 2593 2592
f 2593 2497 2592
f 2689 2690 2593
f 2690 2594 2593
f 2690 2691 2594
f 2691 2595 2594
f 2691 2692 2595
f 2692 2596 2595
f 2692 2693 2596
f 2693 2597 2596
f 2693 2694 2597
f 2694 2598 2597
f 2694 2695 2598
f 2695 2599 2598
f 2695 2696 2599
f 2696 2600 2599
f 2696 2697 2600
f 2697 2601 2600
f 2697 2698 2601
f 2698 2602 2601
f 2698 2699 2602
f 2699 2603 2602
f 2699 2700 2603
f 2700 2604 2603
f 2700 2701 2604
f 2701 2605 2604
f 2701 2702 2605
f 2702 2606 2605
f 2702 2703 2606
f 2703 2607 2606
f 2703 2704 2607
f 2704 2608 2607
f 2704 2705 2608
f 2705 2609 2608
f 2705 2706 2609
f 2706 2610 2609
f 2706 2707 2610
f 2707 2611 2610
f 2707 2708 2611
f 2708 2612 2611
f 2708 2709 2612
f 2709 2613 2612
f 2709 2710 2613
f 2710 2614 2613
f 2710 2711 2614
f 2711 2615 2614
f 2711 2712 2615
f 2712 2616 2615
f 2712 2713 2616
f 2713 2617 2616
f 2713 2714 2617
f 2714 2618 2617
f 2714 2715 2618
f 2715 2619 2618
f 2715 2716 2619
f 2716 2620 2619
f 2716 2717 2620
f 2717 2621 2620
f 2717 2718 2621
f 2718 2622 2621
f 2718 2719 2622
f 2719 2623 2622
f 2719 2720 2623
f 2720 2624 2623
f 2720 2721 2624
f 2721 2625 2624
f 2721 2722 2625
f 2722 2626 2625
f 2722 2723 2626
f 2723 2627 2626
f 2723 2724 2627
f 2724 2628 2627
f 2724 2725 2628
f 2725 2629 2628
f 2725 2726 2629
f 2726 2630 2629
f 2726 2727 2630
f 2727 2631 2630
f 2727 2728 2631
f 2728 2632 2631
f 2728 2729 2632
f 2729 2633 2632
f 2729 2730 2633
f 2730 2634 2633
f 2730 2731 2634
f 2731 2635 2634
f 2731 2732 2635
f 2732 2636 2635
f 2732 2733 2636
f 2733 2637 2636
f 2733 2734 2637
f 2734 2638 2637
f 2734 2735 2638
f 2735 2639 2638
f 2735 2736 2639
f 2736 2640 2639
f 2736 2737 2640
f 2737 2641 2640
f 2737 2738 2641
f 2738 2642 2641
f 2738 2739 2642
f 2739 2643 2642
f 2739 2740 2643
f 2740 2644 2643
f 2740 2741 2644
f 2741 2645 2644
f 2741 2742 2645
f 2742 2646 2645
f 2742 2743 2646
f 2743 2647 2646
f 2743 2744 2647
f 2744 2648 2647
f 2744 2745 2648
f 2745 2649 2648
f 2745 2746 2649
f 2746 2650 2649
f 2746 2747 2650
f 2747 2651 2650
f 2747 2748 2651
f 2748 2652 2651
f 2748 2749 2652
f 2749 2653 2652
f 2749 2750 2653
f 2750 2654 2653
f 2750 2751 2654
f 2751 2655 2654
f 2751 2752 2655
f 2752 2656 2655
f 2752 2753 2656
f 2753 2657 2656
f 2753 2754 2657
f 2754 2658 2657
f 2754 2755 2658
f 2755 2659 2658
f 2755 2756 2659
f 2756 2660 2659
f 2756 2757 2660
f 2757 2661 2660
f 2757 2758 2661
f 2758 2662 2661
f 2758 2759 2662
f 2759 2663 2662
f 2759 2760 2663
f 2760 2664 2663
f 2760 2761 2664
f 2761 2665 2664
f 2761 2762 2665
f 2762 2666 2665
f 2762 2763 2666
f 2763 2667 2666
f 2763 2764 2667
f 2764 2668 2667
f 2764 2765 2668
f 2765 2669 2668
f 2765 2766 2669
f 2766 2670 2669
f 2766 2767 2670
f 2767 2671 2670
f 2767 2768 2671
f 2768 2672 2671
f 2768 2769 2672
f 2769 2673 2672
f 2769 2770 2673
f 2770 2674 2673
f 2770 2771 2674
f 2771 2675 2674
f 2771 2772 2675
f 2772 2676 2675
f 2772 2773 2676
f 2773 2677 2676
f 2773 2774 2677
f 2774 2678 2677
f 2774 2775 2678
f 2775 2679 2678
f 2775 2776 2679
f 2776 2680 2679
f 2776 2777 2680
f 2777 2681 2680
f 2777 2778 2681
f 2778 2682 2681
f 2778 2779 2682
f 2779 2683 2682
f 2779 2780 2683
f 2780 2684 2683
f 2780 2781 2684
f 2781 2685 2684
f 2781 2782 2685
f 2782 2686 2685
f 2782 2783 2686
f 2783 2687 2686
f 2783 2784 2687
f 2784 2688 2687
f 2784 2689 2688
f 2689 2593 2688
f 2785 2786 2689
f 2786 2690 2689
f 2786 2787 2690
f 2787 2691 2690
f 2787 2788 2691
f 2788 2692 2691
f 2788 2789 2692
f 2789 2693 2692
f 2789 2790 2693
f 2790 2694 2693
f 2790 2791 2694
f 2791 2695 2694
f 2791 2792 2695
f 2792 2696 2695
f 2792 2793 2696
f 2793 2697 2696
f 2793 2794 2697
f 2794 2698 2697
f 2794 2795 2698
f 2795 2699 2698
f 2795 2796 2699
f 2796 2700 2699
f 2796 2797 2700
f 2797 2701 2700
f 2797 2798 2701
f 2798 2702 2701
f 2798 2799 2702
f 2799 2703 2702
f 2799 2800 2703
f 2800 2704 2703
f 2800 2801 2704
f 2801 2705 2704
f 2801 2802 2705
f 2802 2706 2705
f 2802 2803 2706
f 2803 2707 2706
f 2803 2804 2707
f 2804 2708 2707
f 2804 2805 2708
f 2805 2709 2708
f 2805 2806 2709
f 2806 2710 2709
f 2806 2807 2710
f 2807 2711 2710
f 2807 2808 2711
f 2808 2712 2711
f 2808 2809 2712
f 2809 2713 2712
f 2809 2810 2713
f 2810 2714 2713
f 2810 2811 2714
f 2811 2715 2714
f 2811 2812 2715
f 2812 2716 2715
f 2812 2813 2716
f 2813 2717 2716
f 2813 2814 2717
f 2814 2718 2717
f 2814 2815 2718
f 2815 2719 2718
f 2815 2816 2719
f 2816 2720 2719
f 2816 2817 2720
f 2817 2721 2720
f 2817 2818 2721
f 2818 2722 2721
f 2818 2819 2722
f 2819 2723 2722
f 2819 2820 2723
f 2820 2724 2723
f 2820 2821 2724
f 2821 2725 2724
f 2821 2822 2725
f 2822 2726 2725
f 2822 2823 2726
f 2823 2727 2726
f 2823 2824 2727
f 2824 2728 2727
f 2824 2825 2728
f 2825 2729 2728
f 2825 2826 2729
f 2826 2730 2729
f 2826 2827 2730
f 2827 2731 2730
f 2827 2828 2731
f 2828 2732 2731
f 2828 2829 2732
f 2829 2733 2732
f 2829 2830 2733
f 2830 2734 2733
f 2830 2831 2734
f 2831 2735 2734
f 2831 2832 2735
f 2832 2736 2735
f 2832 2833 2736
f 2833 2737 2736
f 2833 2834 2737
f 2834 2738 2737
f 2834 2835 2738
f 2835 2739 2738
f 2835 2836 2739
f 2836 2740 2739
f 2836 2837 2740
f 2837 2741 2740
f 2837 2838 2741
f 2838 2742 2741
f 2838 2839 2742
f 2839 2743 2742
f 2839 2840 2743
f 2840 2744 2743
f 2840 2841 2744
f 2841 2745 2744
f 2841 2842 2745
f 2842 2746 2745
f 2842 2843 2746
f 2843 2747 2746
f 2843 2844 2747
f 2844 2748 2747
f 2844 2845 2748
f 2845 2749 2748
f 2845 2846 2749
f 2846 2750 2749
f 2846 2847 2750
f 2847 2751 2750
f 2847 2848 2751
f 2848 2752 2751
f 2848 2849 2752
f 2849 2753 2752
f 2849 2850 2753
f 2850 2754 2753
f 2850 2851 2754
f 2851 2755 2754
f 2851 2852 2755
f 2852 2756 2755
f 2852 2853 2756
f 2853 2757 2756
f 2853 2854 2757
f 2854 2758 2757
f 2854 2855 2758
f 2855 2759 2758
f 2855 2856 2759
f 2856 2760 2759
f 2856 2857 2760
f 2857 2761 2760
f 2857 2858 2761
f 2858 2762 2761
f 2858 2859 2762
f 2859 2763 2762
f 2859 2860 2763
f 2860 2764 2763
f 2860 2861 2764
f 2861 2765 2764
f 2861 2862 2765
f 2862 2766 2765
f 2862 2863 2766
f 2863 2767 2766
f 2863 2864 2767
f 2864 2768 2767
f 2864 2865 2768
f 2865 2769 2768
f 2865 2866 2769
f 2866 2770 2769
f 2866 2867 2770
f 2867 2771 2770
f 2867 2868 2771
f 2868 2772 2771
f 2868 2869 2772
f 2869 2773 2772
f 2869 2870 2773
f 2870 2774 2773
f 2870 2871 2774
f 2871 2775 2774
f 2871 2872 2775
f 2872 2776 2775
f 2872 2873 2776
f 2873 2777 2776
f 2873 2874 2777
f 2874 2778 2777
f 2874 2875 2778
f 2875 2779 2778
f 2875 2876 2779
f 2876 2780 2779
f 2876 2877 2780
f 2877 2781 2780
f 2877 2878 2781
f 2878 2782 2781
f 2878 2879 2782
f 2879 2783 2782
f 2879 2880 2783
f 2880 2784 2783
f 2880 2785 2784
f 2785 2689 2784
f 2881 2882 2785
f 2882 2786 2785
f 2882 2883 2786
f 2883 2787 2786
f 2883 2884 2787
f 2884 2788 2787
f 2884 2885 2788
f 2885 2789 2788
f 2885 2886 2789
f 2886 2790 2789
f 2886 2887 2790
f 2887 2791 2790
f 2887 2888 2791
f 2888 2792 2791
f 2888 2889 2792
f 2889 2793 2792
f 2889 2890 2793
f 2890 2794 2793
f 2890 2891 2794
f 2891 2795 2794
f 2891 2892 2795
f 2892 2796 2795
f 2892 2893 2796
f 2893 2797 2796
f 2893 2894 2797
f 2894 2798 2797
f 2894 2895 2798
f 2895 2799 2798
f 2895 2896 2799
f 2896 2800 2799
f 2896 2897 2800
f 2897 2801 2800
f 2897 2898 2801
f 2898 2802 2801
f 2898 2899 2802
f 2899 2803 2802
f 2899 2900 2803
f 2900 2804 2803
f 2900 2901 2804
f 2901 2805 2804
f 2901 2902 2805
f 2902 2806 2805
f 2902 2903 2806
f 2903 2807 2806
f 2903 2904 2807
f 2904 2808 2807
f 2904 2905 2808
f 2905 2809 2808
f 2905 2906 2809
f 2906 2810 2809
f 2906 2907 2810
f 2907 2811 2810
f 2907 2908 2811
f 2908 2812 2811
f 2908 2909 2812
f 2909 2813 2812
f 2909 2910 2813
f 2910 2814 2813
f 2910 2911 2814
f 2911 2815 2814
f 2911 2912 2815
f 2912 2816 2815
f 2912 2913 2816
f 2913 2817 2816
f 2913 2914 2817
f 2914 2818 2817
f 2914 2915 2818
f 2915 2819 2818
f 2915 2916 2819
f 2916 2820 2819
f 2916 2917 2820
f 2917 2821 2820
f 2917 2918 2821
f 2918 2822 2821
f 2918 2919 2822
f 2919 2823 2822
f 2919 2920 2823
f 2920 2824 2823
f 2920 2921 2824
f 2921 2825 2824
f 2921 2922 2825
f 2922 2826 2825
f 2922 2923 2826
f 2923 2827 2826
f 2923 2924 2827
f 2924 2828 2827
f 2924 2925 2828
f 2925 2829 2828
f 2925 2926 2829
f 2926 2830 2829
f 2926 2927 2830
f 2927 2831 2830
f 2927 2928 2831
f 2928 2832 2831
f 2928 2929 2832
f 2929 2833 2832
f 2929 2930 2833
f 2930 2834 2833
f 2930 2931 2834
f 2931 2835 2834
f 2931 2932 2835
f 2932 2836 2835
f 2932 2933 2836
f 2933 2837 2836
f 2933 2934 2837
f 2934 2838 2837
f 2934 2935 2838
f 2935 2839 2838
f 2935 2936 2839
f 2936 2840 2839
f 2936 2937 2840
f 2937 2841 2840
f 2937 2938 2841
f 2938 2842 2841
f 2938 2939 2842
f 2939 2843 2842
f 2939 2940 2843
f 2940 2844 2843
f 2940 2941 2844
f 2941 2845 2844
f 2941 2942 2845
f 2942 2846 2845
f 2942 2943 2846
f 2943 2847 2846
f 2943 2944 2847
f 2944 2848 2847
f 2944 2945 2848
f 2945 2849 2848
f 2945 2946 2849
f 2946 2850 2849
f 2946 2947 2850
f 2947 2851 2850
f 2947 2948 2851
f 2948 2852 2851
f 2948 2949 2852
f 2949 2853 2852
f 2949 2950 2853
f 2950 2854 2853
f 2950 2951 2854
f 2951 2855 2854
f 2951 2952 2855
f 2952 2856 2855
f 2952 2953 2856
f 2953 2857 2856
f 2953 2954 2857
f 2954 2858 2857
f 2954 2955 2858
f 2955 2859 2858
f 2955 2956 2859
f 2956 2860 2859
f 2956 2957 2860
f 2957 2861 2860
f 2957 2958 2861
f 2958 2862 2861
f 2958 2959 2862
f 2959 2863 2862
f 2959 2960 2863
f 2960 2864 2863
f 2960 2961 2864
f 2961 2865 2864
f 2961 2962 2865
f 2962 2866 2865
f 2962 2963 2866
f 2963 2867 2866
f 2963 2964 2867
f 2964 2868 2867
f 2964 2965 2868
f 2965 2869 2868
f 2965 2966 2869
f 2966 2870 2869
f 2966 2967 2870
f 2967 2871 2870
f 2967 2968 2871
f 2968 2872 2871
f 2968 2969 2872
f 2969 2873 2872
f 2969 2970 2873
f 2970 2874 2873
f 2970 2971 2874
f 2971 2875 2874
f 2971 2972 2875
f 2972 2876 2875
f 2972 2973 2876
f 2973 2877 2876
f 2973 2974 2877
f 2974 2878 2877
f 2974 2975 2878
f 2975 2879 2878
f 2975 2976 2879
f 2976 2880 2879
f 2976 2881 2880
f 2881 2785 2880
f 2977 2978 2881
f 2978 2882 2881
f 2978 2979 2882
f 2979 2883 2882
f 2979 2980 2883
f 2980 2884 2883
f 2980 2981 2884
f 2981 2885 2884
f 2981 2982 2885
f 2982 2886 2885
f 2982 2983 2886
f 2983 2887 2886
f 2983 2984 2887
f 2984 2888 2887
f 2984 2985 2888
f 2985 2889 2888
f 2985 2986 2889
f 2986 2890 2889
f 2986 2987 2890
f 2987 2891 2890
f 2987 2988 2891
f 2988 2892 2891
f 2988 2989 2892
f 2989 2893 2892
f 2989 2990 2893
f 2990 2894 2893
f 2990 2991 2894
f 2991 2895 2894
f 2991 2992 2895
f 2992 2896 2895
f 2992 2993 2896
f 2993 2897 2896
f 2993 2994 2897
f 2994 2898 2897
f 2994 2995 2898
f 2995 2899 2898
f 2995 2996 2899
f 2996 2900 2899
f 2996 2997 2900
f 2997 2901 2900
f 2997 2998 2901
f 2998 2902 2901
f 2998 2999 2902
f 2999 2903 2902
f 2999 3000 2903
f 3000 2904 2903
f 3000 3001 2904
f 3001 2905 2904
f 3001 3002 2905
f 3002 2906 2905
f 3002 3003 2906
f 3003 2907 2906
f 3003 3004 2907
f 3004 2908 2907
f 3004 3005 2908
f 3005 2909 2908
f 3005 3006 2909
f 3006 2910 2909
f 3006 3007 2910
f 3007 2911 2910
f 3007 3008 2911
f 3008 2912 2911
f 3008 3009 2912
f 3009 2913 2912
f 3009 3010 2913
f 3010 2914 2913
f 3010 3011 2914
f 3011 2915 2914
f 3011 3012 2915
f 3012 2916 2915
f 3012 3013 2916
f 3013 2917 2916
f 3013 3014 2917
f 3014 2918 2917
f 3014 3015 2918
f 3015 2919 2918
f 3015 3016 2919
f 3016 2920 2919
f 3016 3017 2920
f 3017 2921 2920
f 3017 3018 2921
f 3018 2922 2921
f 3018 3019 2922
f 3019 2923 2922
f 3019 3020 2923
f 3020 2924 2923
f 3020 3021 2924
f 3021 2925 2924
f 3021 3022 2925
f 3022 2926 2925
f 3022 3023 2926
f 3023 2927 2926
f 3023 3024 2927
f 3024 2928 2927
f 3024 3025 2928
f 3025 2929 2928
f 3025 3026 2929
f 3026 2930 2929
f 3026 3027 2930
f 3027 2931 2930
f 3027 3028 2931
f 3028 2932 2931
f 3028 3029 2932
f 3029 2933 2932
f 3029 3030 2933
f 3030 2934 2933
f 3030 3031 2934
f 3031 2935 2934
f 3031 3032 2935
f 3032 2936 2935
f 3032 3033 2936
f 3033 2937 2936
f 3033 3034 2937
f 3034 2938 2937
f 3034 3035 2938
f 3035 2939 2938
f 3035 3036 2939
f 3036 2940 2939
f 3036 3037 2940
f 3037 2941 2940
f 3037 3038 2941
f 3038 2942 2941
f 3038 3039 2942
f 3039 2943 2942
f 3039 3040 2943
f 3040 2944 2943
f 3040 3041 2944
f 3041 2945 2944
f 3041 3042 2945
f 3042 2946 2945
f 3042 3043 2946
f 3043 2947 2946
f 3043 3044 2947
f 3044 2948 2947
f 3044 3045 2948
f 3045 2949 2948
f 3045 3046 2949
f 3046 2950 2949
f 3046 3047 2950
f 3047 2951 2950
f 3047 3048 2951
f 3048 2952 2951
f 3048 3049 2952
f 3049 2953 2952
f 3049 3050 2953
f 3050 2954 2953
f 3050 3051 2954
f 3051 2955 2954
f 3051 3052 2955
f 3052 2956 2955
f 3052 3053 2956
f 3053 2957 2956
f 3053 3054 2957
f 3054 2958 2957
f 3054 3055 2958
f 3055 2959 2958
f 3055 3056 2959
f 3056 2960 2959
f 3056 3057 2960
f 3057 2961 2960
f 3057 3058 2961
f 3058 2962 2961
f 3058 3059 2962
f 3059 2963 2962
f 3059 3060 2963
f 3060 2964 2963
f 3060 3061 2964
f 3061 2965 2964
f 3061 3062 2965
f 3062 2966 2965
f 3062 3063 2966
f 3063 2967 2966
f 3063 3064 2967
f 3064 2968 2967
f 3064 3065 2968
f 3065 2969 2968
f 3065 3066 2969
f 3066 2970 2969
f 3066 3067 2970
f 3067 2971 2970
f 3067 3068 2971
f 3068 2972 2971
f 3068 3069 2972
f 3069 2973 2972
f 3069 3070 2973
f 3070 2974 2973
f 3070 3071 2974
f 3071 2975 2974
f 3071 3072 2975
f 3072 2976 2975
f 3072 2977 2976
f 2977 2881 2976
f 3073 3074 2977
f 3074 2978 2977
f 3074 3075 2978
f 3075 2979 2978
f 3075 3076 2979
f 3076 2980 2979
f 3076 3077 2980
f 3077 2981 2980
f 3077 3078 2981
f 3078 2982 2981
f 3078 3079 2982
f 3079 2983 2982
f 3079 3080 2983
f 3080 2984 2983
f 3080 3081 2984
f 3081 2985 2984
f 3081 3082 2985
f 3082 2986 2985
f 3082 3083 2986
f 3083 2987 2986
f 3083 3084 2987
f 3084 2988 2987
f 3084 3085 2988
f 3085 2989 2988
f 3085 3086 2989
f 3086 2990 2989
f 3086 3087 2990
f 3087 2991 2990
f 3087 3088 2991
f 3088 2992 2991
f 3088 3089 2992
f 3089 2993 2992
f 3089 3090 2993
f 3090 2994 2993
f 3090 3091 2994
f 3091 2995 2994
f 3091 3092 2995
f 3092 2996 2995
f 3092 3093 2996
f 3093 2997 2996
f 3093 3094 2997
f 3094 2998 2997
f 3094 3095 2998
f 3095 2999 2998
f 3095 3096 2999
f 3096 3000 2999
f 3096 3097 3000
f 3097 3001 3000
f 3097 3098 3001
f 3098 3002 3001
f 3098 3099 3002
f 3099 3003 3002
f 3099 3100 3003
f 3100 3004 3003
f 3100 3101 3004
f 3101 3005 3004
f 3101 3102 3005
f 3102 3006 3005
f 3102 3103 3006
f 3103 3007 3006
f 3103 3104 3007
f 3104 3008 3007
f 3104 3105 3008
f 3105 3009 3008
f 3105 3106 3009
f 3106 3010 3009
f 3106 3107 3010
f 3107 3011 3010
f 3107 3108 3011
f 3108 3012 3011
f 3108 3109 3012
f 3109 3013 3012
f 3109 3110 3013
f 3110 3014 3013
f 3110 3111 3014
f 3111 3015 3014
f 3111 3112 3015
f 3112 3016 3015
f 3112 3113 3016
f 3113 3017 3016
f 3113 3114 3017
f 3114 3018 3017
f 3114 3115 3018
f 3115 3019 3018
f 3115 3116 3019
f 3116 3020 3019
f 3116 3117 3020
f 3117 3021 3020
f 3117 3118 3021
f 3118 3022 3021
f 3118 3119 3022
f 3119 3023 3022
f 3119 3120 3023
f 3120 3024 3023
f 3120 3121 3024
f 3121 3025 3024
f 3121 3122 3025
f 3122 3026 3025
f 3122 3123 3026
f 3123 3027 3026
f 3123 3124 3027
f 3124 3028 3027
f 3124 3125 3028
f 3125 3029 3028
f 3125 3126 3029
f 3126 3030 3029
f 3126 3127 3030
f 3127 3031 3030
f 3127 3128 3031
f 3128 3032 3031
f 3128 3129 3032
f 3129 3033 3032
f 3129 3130 3033
f 3130 3034 3033
f 3130 3131 3034
f 3131 3035 3034
f 3131 3132 3035
f 3132 3036 3035
f 3132 3133 3036
f 3133 3037 3036
f 3133 3134 3037
f 3134 3038 3037
f 3134 3135 3038
f 3135 3039 3038
f 3135 3136 3039
f 3136 3040 3039
f 3136 3137 3040
f 3137 3041 3040
f 3137 3138 3041
f 3138 3042 3041
f 3138 3139 3042
f 3139 3043 3042
f 3139 3140 3043
f 3140 3044 3043
f 3140 3141 3044
f 3141 3045 3044
f 3141 3142 3045
f 3142 3046 3045
f 3142 3143 3046
f 3143 3047 3046
f 3143 3144 3047
f 3144 3048 3047
f 3144 3145 3048
f 3145 3049 3048
f 3145 3146 3049
f 3146 3050 3049
f 3146 3147 3050
f 3147 3051 3050
f 3147 3148 3051
f 3148 3052 3051
f 3148 3149 3052
f 3149 3053 3052
f 3149 3150 3053
f 3150 3054 3053
f 3150 3151 3054
f 3151 3055 3054
f 3151 3152 3055
f 3152 3056 3055
f 3152 3153 3056
f 3153 3057 3056
f 3153 3154 3057
f 3154 3058 3057
f 3154 3155 3058
f 3155 3059 3058
f 3155 3156 3059
f 3156 3060 3059
f 3156 3157 3060
f 3157 3061 3060
f 3157 3158 3061
f 3158 3062 3061
f 3158 3159 3062
f 3159 3063 3062
f 3159 3160 3063
f 3160 3064 3063
f 3160 3161 3064
f 3161 3065 3064
f 3161 3162 3065
f 3162 3066 3065
f 3162 3163 3066
f 3163 3067 3066
f 3163 3164 3067
f 3164 3068 3067
f 3164 3165 3068
f 3165 3069 3068
f 3165 3166 3069
f 3166 3070 3069
f 3166 3167 3070
f 3167 3071 3070
f 3167 3168 3071
f 3168 3072 3071
f 3168 3073 3072
f 3073 2977 3072
f 3169 3170 3073
f 3170 3074 3073
f 3170 3171 3074
f 3171 3075 3074
f 3171 3172 3075
f 3172 3076 3075
f 3172 3173 3076
f 3173 3077 3076
f 3173 3174 3077
f 3174 3078 3077
f 3174 3175 3078
f 3175 3079 3078
f 3175 3176 3079
f 3176 3080 3079
f 3176 3177 3080
f 3177 3081 3080
f 3177 3178 3081
f 3178 3082 3081
f 3178 3179 3082
f 3179 3083 3082
f 3179 3180 3083
f 3180 3084 3083
f 3180 3181 3084
f 3181 3085 3084
f 3181 3182 3085
f 3182 3086 3085
f 3182 3183 3086
f 3183 3087 3086
f 3183 3184 3087
f 3184 3088 3087
f 3184 3185 3088
f 3185 3089 3088
f 3185 3186 3089
f 3186 3090 3089
f 3186 3187 3090
f 3187 3091 3090
f 3187 3188 3091
f 3188 3092 3091
f 3188 3189 3092
f 3189 3093 3092
f 3189 3190 3093
f 3190 3094 3093
f 3190 3191 3094
f 3191 3095 3094
f 3191 3192 3095
f 3192 3096 3095
f 3192 3193 3096
f 3193 3097 3096
f 3193 3194 3097
f 3194 3098 3097
f 3194 3195 3098
f 3195 3099 3098
f 3195 3196 3099
f 3196 3100 3099
f 3196 3197 3100
f 3197 3101 3100
f 3197 3198 3101
f 3198 3102 3101
f 3198 3199 3102
f 3199 3103 3102
f 3199 3200 3103
f 3200 3104 3103
f 3200 3201 3104
f 3201 3105 3104
f 3201 3202 3105
f 3202 3106 3105
f 3202 3203 3106
f 3203 3107 3106
f 3203 3204 3107
f 3204 3108 3107
f 3204 3205 3108
f 3205 3109 3108
f 3205 3206 3109
f 3206 3110 3109
f 3206 3207 3110
f 3207 3111 3110
f 3207 3208 3111
f 3208 3112 3111
f 3208 3209 3112
f 3209 3113 3112
f 3209 3210 3113
f 3210 3114 3113
f 3210 3211 3114
f 3211 3115 3114
f 3211 3212 3115
f 3212 3116 3115
f 3212 3213 3116
f 3213 3117 3116
f 3213 3214 3117
f 3214 3118 3117
f 3214 3215 3118
f 3215 3119 3118
f 3215 3216 3119
f 3216 3120 3119
f 3216 3217 3120
f 3217 3121 3120
f 3217 3218 3121
f 3218 3122 3121
f 3218 3219 3122
f 3219 3123 3122
f 3219 3220 3123
f 3220 3124 3123
f 3220 3221 3124
f 3221 3125 3124
f 3221 3222 3125
f 3222 3126 3125
f 3222 3223 3126
f 3223 3127 3126
f 3223 3224 3127
f 3224 3128 3127
f 3224 3225 3128
f 3225 3129 3128
f 3225 3226 3129
f 3226 3130 3129
f 3226 3227 3130
f 3227 3131 3130
f 3227 3228 3131
f 3228 3132 3131
f 3228 3229 3132
f 3229 3133 3132
f 3229 3230 3133
f 3230 3134 3133
f 3230 3231 3134
f 3231 3135 3134
f 3231 3232 3135
f 3232 3136 3135
f 3232 3233 3136
f 3233 3137 3136
f 3233 3234 3137
f 3234 3138 3137
f 3234 3235 3138
f 3235 3139 3138
f 3235 3236 3139
f 3236 3140 3139
f 3236 3237 3140
f 3237 3141 3140
f 3237 3238 3141
f 3238 3142 3141
f 3238 3239 3142
f 3239 3143 3142
f 3239 3240 3143
f 3240 3144 3143
f 3240 3241 3144
f 3241 3145 3144
f 3241 3242 3145
f 3242 3146 3145
f 3242 3243 3146
f 3243 3147 3146
f 3243 3244 3147
f 3244 3148 3147
f 3244 3245 3148
f 3245 3149 3148
f 3245 3246 3149
f 3246 3150 3149
f 3246 3247 3150
f 3247 3151 3150
f 3247 3248 3151
f 3248 3152 3151
f 3248 3249 3152
f 3249 3153 3152
f 3249 3250 3153
f 3250 3154 3153
f 3250 3251 3154
f 3251 3155 3154
f 3251 3252 3155
f 3252 3156 3155
f 3252 3253 3156
f 3253 3157 3156
f 3253 3254 3157
f 3254 3158 3157
f 3254 3255 3158
f 3255 3159 3158
f 3255 3256 3159
f 3256 3160 3159
f 3256 3257 3160
f 3257 3161 3160
f 3257 3258 3161
f 3258 3162 3161
f 3258 3259 3162
f 3259 3163 3162
f 3259 3260 3163
f 3260 3164 3163
f 3260 3261 3164
f 3261 3165 3164
f 3261 3262 3165
f 3262 3166 3165
f 3262 3263 3166
f 3263 3167 3166
f 3263 3264 3167
f 3264 3168 3167
f 3264 3169 3168
f 3169 3073 3168
f 3265 3266 3169
f 3266 3170 3169
f 3266 3267 3170
f 3267 3171 3170
f 3267 3268 3171
f 3268 3172 3171
f 3268 3269 3172
f 3269 3173 3172
f 3269 3270 3173
f 3270 3174 3173
f 3270 3271 3174
f 3271 3175 3174
f 3271 3272 3175
f 3272 3176 3175
f 3272 3273 3176
f 3273 3177 3176
f 3273 3274 3177
f 3274 3178 3177
f 3274 3275 3178
f 3275 3179 3178
f 3275 3276 3179
f 3276 3180 3179
f 3276 3277 3180
f 3277 3181 3180
f 3277 3278 3181
f 3278 3182 3181
f 3278 3279 3182
f 3279 3183 3182
f 3279 3280 3183
f 3280 3184 3183
f 3280 3281 3184
f 3281 3185 3184
f 3281 3282 3185
f 3282 3186 3185
f 3282 3283 3186
f 3283 3187 3186
f 3283 3284 3187
f 3284 3188 3187
f 3284 3285 3188
f 3285 3189 3188
f 3285 3286 3189
f 3286 3190 3189
f 3286 3287 3190
f 3287 3191 3190
f 3287 3288 3191
f 3288 3192 3191
f 3288 3289 3192
f 3289 3193 3192
f 3289 3290 3193
f 3290 3194 3193
f 3290 3291 3194
f 3291 3195 3194
f 3291 3292 3195
f 3292 3196 3195
f 3292 3293 3196
f 3293 3197 3196
f 3293 3294 3197
f 3294 3198 3197
f 3294 3295 3198
f 3295 3199 3198
f 3295 3296 3199
f 3296 3200 3199
f 3296 3297 3200
f 3297 3201 3200
f 3297 3298 3201
f 3298 3202 3201
f 3298 3299 3202
f 3299 3203 3202
f 3299 3300 3203
f 3300 3204 3203
f 3300 3301 3204
f 3301 3205 3204
f 3301 3302 3205
f 3302 3206 3205
f 3302 3303 3206
f 3303 3207 3206
f 3303 3304 3207
f 3304 3208 3207
f 3304 3305 3208
f 3305 3209 3208
f 3305 3306 3209
f 3306 3210 3209
f 3306 3307 3210
f 3307 3211 3210
f 3307 3308 3211
f 3308 3212 3211
f 3308 3309 3212
f 3309 3213 3212
f 3309 3310 3213
f 3310 3214 3213
f 3310 3311 3214
f 3311 3215 3214
f 3311 3312 3215
f 3312 3216 3215
f 3312 3313 3216
f 3313 3217 3216
f 3313 3314 3217
f 3314 3218 3217
f 3314 3315 3218
f 3315 3219 3218
f 3315 3316 3219
f 3316 3220 3219
f 3316 3317 3220
f 3317 3221 3220
f 3317 3318 3221
f 3318 3222 3221
f 3318 3319 3222
f 3319 3223 3222
f 3319 3320 3223
f 3320 3224 3223
f 3320 3321 3224
f 3321 3225 3224
f 3321 3322 3225
f 3322 3226 3225
f 3322 3323 3226
f 3323 3227 3226
f 3323 3324 3227
f 3324 3228 3227
f 3324 3325 3228
f 3325 3229 3228
f 3325 3326 3229
f 3326 3230 3229
f 3326 3327 3230
f 3327 3231 3230
f 3327 3328 3231
f 3328 3232 3231
f 3328 3329 3232
f 3329 3233 3232
f 3329 3330 3233
f 3330 3234 3233
f 3330 3331 3234
f 3331 3235 3234
f 3331 3332 3235
f 3332 3236 3235
f 3332 3333 3236
f 3333 3237 3236
f 3333 3334 3237
f 3334 3238 3237
f 3334 3335 3238
f 3335 3239 3238
f 3335 3336 3239
f 3336 3240 3239
f 3336 3337 3240
f 3337 3241 3240
f 3337 3338 3241
f 3338 3242 3241
f 3338 3339 3242
f 3339 3243 3242
f 3339 3340 3243
f 3340 3244 3243
f 3340 3341 3244
f 3341 3245 3244
f 3341 3342 3245
f 3342 3246 3245
f 3342 3343 3246
f 3343 3247 3246
f 3343 3344 3247
f 3344 3248 3247
f 3344 3345 3248
f 3345 3249 3248
f 3345 3346 3249
f 3346 3250 3249
f 3346 3347 3250
f 3347 3251 3250
f 3347 3348 3251
f 3348 3252 3251
f 3348 3349 3252
f 3349 3253 3252
f 3349 3350 3253
f 3350 3254 3253
f 3350 3351 3254
f 3351 3255 3254
f 3351 3352 3255
f 3352 3256 3255
f 3352 3353 3256
f 3353 3257 3256
f 3353 3354 3257
f 3354 3258 3257
f 3354 3355 3258
f 3355 3259 3258
f 3355 3356 3259
f 3356 3260 3259
f 3356 3357 3260
f 3357 3261 3260
f 3357 3358 3261
f 3358 3262 3261
f 3358 3359 3262
f 3359 3263 3262
f 3359 3360 3263
f 3360 3264 3263
f 3360 3265 3264
f 3265 3169 3264
f 3361 3362 3265
f 3362 3266 3265
f 3362 3363 3266
f 3363 3267 3266
f 3363 3364 3267
f 3364 3268 3267
f 3364 3365 3268
f 3365 3269 3268
f 3365 3366 3269
f 3366 3270 3269
f 3366 3367 3270
f 3367 3271 3270
f 3367 3368 3271
f 3368 3272 3271
f 3368 3369 3272
f 3369 3273 3272
f 3369 3370 3273
f 3370 3274 3273
f 3370 3371 3274
f 3371 3275 3274
f 3371 3372 3275
f 3372 3276 3275
f 3372 3373 3276
f 3373 3277 3276
f 3373 3374 3277
f 3374 3278 3277
f 3374 3375 3278
f 3375 3279 3278
f 3375 3376 3279
f 3376 3280 3279
f 3376 3377 3280
f 3377 3281 3280
f 3377 3378 3281
f 3378 3282 3281
f 3378 3379 3282
f 3379 3283 3282
f 3379 3380 3283
f 3380 3284 3283
f 3380 3381 3284
f 3381 3285 3284
f 3381 3382 3285
f 3382 3286 3285
f 3382 3383 3286
f 3383 3287 3286
f 3383 3384 3287
f 3384 3288 3287
f 3384 3385 3288
f 3385 3289 3288
f 3385 3386 3289
f 3386 3290 3289
f 3386 3387 3290
f 3387 3291 3290
f 3387 3388 3291
f 3388 3292 3291
f 3388 3389 3292
f 3389 3293 3292
f 3389 3390 3293
f 3390 3294 3293
f 3390 3391 3294
f 3391 3295 3294
f 3391 3392 3295
f 3392 3296 3295
f 3392 3393 3296
f 3393 3297 3296
f 3393 3394 3297
f 3394 3298 3297
f 3394 3395 3298
f 3395 3299 3298
f 3395 3396 3299
f 3396 3300 3299
f 3396 3397 3300
f 3397 3301 3300
f 3397 3398 3301
f 3398 3302 3301
f 3398 3399 3302
f 3399 3303 3302
f 3399 3400 3303
f 3400 3304 3303
f 3400 3401 3304
f 3401 3305 3304
f 3401 3402 3305
f 3402 3306 3305
f 3402 3403 3306
f 3403 3307 3306
f 3403 3404 3307
f 3404 3308 3307
f 3404 3405 3308
f 3405 3309 3308
f 3405 3406 3309
f 3406 3310 3309
f 3406 3407 3310
f 3407 3311 3310
f 3407 3408 3311
f 3408 3312 3311
f 3408 3409 3312
f 3409 3313 3312
f 3409 3410 3313
f 3410 3314 3313
f 3410 3411 3314
f 3411 3315 3314
f 3411 3412 3315
f 3412 3316 3315
f 3412 3413 3316
f 3413 3317 3316
f 3413 3414 3317
f 3414 3318 3317
f 3414 3415 3318
f 3415 3319 3318
f 3415 3416 3319
f 3416 3320 3319
f 3416 3417 3320
f 3417 3321 3320
f 3417 3418 3321
f 3418 3322 3321
f 3418 3419 3322
f 3419 3323 3322
f 3419 3420 3323
f 3420 3324 3323
f 3420 3421 3324
f 3421 3325 3324
f 3421 3422 3325
f 3422 3326 3325
f 3422 3423 3326
f 3423 3327 3326
f 3423 3424 3327
f 3424 3328 3327
f 3424 3425 3328
f 3425 3329 3328
f 3425 3426 3329
f 3426 3330 3329
f 3426 3427 3330
f 3427 3331 3330
f 3427 3428 3331
f 3428 3332 3331
f 3428 3429 3332
f 3429 3333 3332
f 3429 3430 3333
f 3430 3334 3333
f 3430 3431 3334
f 3431 3335 3334
f 3431 3432 3335
f 3432 3336 3335
f 3432 3433 3336
f 3433 3337 3336
f 3433 3434 3337
f 3434 3338 3337
f 3434 3435 3338
f 3435 3339 3338
f 3435 3436 3339
f 3436 3340 3339
f 3436 3437 3340
f 3437 3341 3340
f 3437 3438 3341
f 3438 3342 3341
f 3438 3439 3342
f 3439 3343 3342
f 3439 3440 3343
f 3440 3344 3343
f 3440 3441 3344
f 3441 3345 3344
f 3441 3442 3345
f 3442 3346 3345
f 3442 3443 3346
f 3443 3347 3346
f 3443 3444 3347
f 3444 3348 3347
f 3444 3445 3348
f 3445 3349 3348
f 3445 3446 3349
f 3446 3350 3349
f 3446 3447 3350
f 3447 3351 3350
f 3447 3448 3351
f 3448 3352 3351
f 3448 3449 3352
f 3449 3353 3352
f 3449 3450 3353
f 3450 3354 3353
f 3450 3451 3354
f 3451 3355 3354
f 3451 3452 3355
f 3452 3356 3355
f 3452 3453 3356
f 3453 3357 3356
f 3453 3454 3357
f 3454 3358 3357
f 3454 3455 3358
f 3455 3359 3358
f 3455 3456 3359
f 3456 3360 3359
f 3456 3361 3360
f 3361 3265 3360
f 3457 3458 3361
f 3458 3362 3361
f 3458 3459 3362
f 3459 3363 3362
f 3459 3460 3363
f 3460 3364 3363
f 3460 3461 3364
f 3461 3365 3364
f 3461 3462 3365
f 3462 3366 3365
f 3462 3463 3366
f 3463 3367 3366
f 3463 3464 3367
f 3464 3368 3367
f 3464 3465 3368
f 3465 3369 3368
f 3465 3466 3369
f 3466 3370 3369
f 3466 3467 3370
f 3467 3371 3370
f 3467 3468 3371
f 3468 3372 3371
f 3468 3469 3372
f 3469 3373 3372
f 3469 3470 3373
f 3470 3374 3373
f 3470 3471 3374
f 3471 3375 3374
f 3471 3472 3375
f 3472 3376 3375
f 3472 3473 3376
f 3473 3377 3376
f 3473 3474 3377
f 3474 3378 3377
f 3474 3475 3378
f 3475 3379 3378
f 3475 3476 3379
f 3476 3380 3379
f 3476 3477 3380
f 3477 3381 3380
f 3477 3478 3381
f 3478 3382 3381
f 3478 3479 3382
f 3479 3383 3382
f 3479 3480 3383
f 3480 3384 3383
f 3480 3481 3384
f 3481 3385 3384
f 3481 3482 3385
f 3482 3386 3385
f 3482 3483 3386
f 3483 3387 3386
f 3483 3484 3387
f 3484 3388 3387
f 3484 3485 3388
f 3485 3389 3388
f 3485 3486 3389
f 3486 3390 3389
f 3486 3487 3390
f 3487 3391 3390
f 3487 3488 3391
f 3488 3392 3391
f 3488 3489 3392
f 3489 3393 3392
f 3489 3490 3393
f 3490 3394 3393
f 3490 3491 3394
f 3491 3395 3394
f 3491 3492 3395
f 3492 3396 3395
f 3492 3493 3396
f 3493 3397 3396
f 3493 3494 3397
f 3494 3398 3397
f 3494 3495 3398
f 3495 3399 3398
f 3495 3496 3399
f 3496 3400 3399
f 3496 3497 3400
f 3497 3401 3400
f 3497 3498 3401
f 3498 3402 3401
f 3498 3499 3402
f 3499 3403 3402
f 3499 3500 3403
f 3500 3404 3403
f 3500 3501 3404
f 3501 3405 3404
f 3501 3502 3405
f 3502 3406 3405
f 3502 3503 3406
f 3503 3407 3406
f 3503 3504 3407
f 3504 3408 3407
f 3504 3505 3408
f 3505 3409 3408
f 3505 3506 3409
f 3506 3410 3409
f 3506 3507 3410
f 3507 3411 3410
f 3507 3508 3411
f 3508 3412 3411
f 3508 3509 3412
f 3509 3413 3412
f 3509 3510 3413
f 3510 3414 3413
f 3510 3511 3414
f 3511 3415 3414
f 3511 3512 3415
f 3512 3416 3415
f 3512 3513 3416
f 3513 3417 3416
f 3513 3514 3417
f 3514 3418 3417
f 3514 3515 3418
f 3515 3419 3418
f 3515 3516 3419
f 3516 3420 3419
f 3516 3517 3420
f 3517 3421 3420
f 3517 3518 3421
f 3518 3422 3421
f 3518 3519 3422
f 3519 3423 3422
f 3519 3520 3423
f 3520 3424 3423
f 3520 3521 3424
f 3521 3425 3424
f 3521 3522 3425
f 3522 3426 3425
f 3522 3523 3426
f 3523 3427 3426
f 3523 3524 3427
f 3524 3428 3427
f 3524 3525 3428
f 3525 3429 3428
f 3525 3526 3429
f 3526 3430 3429
f 3526 3527 3430
f 3527 3431 3430
f 3527 3528 3431
f 3528 3432 3431
f 3528 3529 3432
f 3529 3433 3432
f 3529 3530 3433
f 3530 3434 3433
f 3530 3531 3434
f 3531 3435 3434
f 3531 3532 3435
f 3532 3436 3435
f 3532 3533 3436
f 3533 3437 3436
f 3533 3534 3437
f 3534 3438 3437
f 3534 3535 3438
f 3535 3439 3438
f 3535 3536 3439
f 3536 3440 3439
f 3536 3537 3440
f 3537 3441 3440
f 3537 3538 3441
f 3538 3442 3441
f 3538 3539 3442
f 3539 3443 3442
f 3539 3540 3443
f 3540 3444 3443
f 3540 3541 3444
f 3541 3445 3444
f 3541 3542 3445
f 3542 3446 3445
f 3542 3543 3446
f 3543 3447 3446
f 3543 3544 3447
f 3544 3448 3447
f 3544 3545 3448
f 3545 3449 3448
f 3545 3546 3449
f 3546 3450 3449
f 3546 3547 3450
f 3547 3451 3450
f 3547 3548 3451
f 3548 3452 3451
f 3548 3549 3452
f 3549 3453 3452
f 3549 3550 3453
f 3550 3454 3453
f 3550 3551 3454
f 3551 3455 3454
f 3551 3552 3455
f 3552 3456 3455
f 3552 3457 3456
f 3457 3361 3456
f 3553 3554 3457
f 3554 3458 3457
f 3554 3555 3458
f 3555 3459 3458
f 3555 3556 3459
f 3556 3460 3459
f 3556 3557 3460
f 3557 3461 3460
f 3557 3558 3461
f 3558 3462 3461
f 3558 3559 3462
f 3559 3463 3462
f 3559 3560 3463
f 3560 3464 3463
f 3560 3561 3464
f 3561 3465 3464
f 3561 3562 3465
f 3562 3466 3465
f 3562 3563 3466
f 3563 3467 3466
f 3563 3564 3467
f 3564 3468 3467
f 3564 3565 3468
f 3565 3469 3468
f 3565 3566 3469
f 3566 3470 3469
f 3566 3567 3470
f 3567 3471 3470
f 3567 3568 3471
f 3568 3472 3471
f 3568 3569 3472
f 3569 3473 3472
f 3569 3570 3473
f 3570 3474 3473
f 3570 3571 3474
f 3571 3475 3474
f 3571 3572 3475
f 3572 3476 3475
f 3572 3573 3476
f 3573 3477 3476
f 3573 3574 3477
f 3574 3478 3477
f 3574 3575 3478
f 3575 3479 3478
f 3575 3576 3479
f 3576 3480 3479
f 3576 3577 3480
f 3577 3481 3480
f 3577 3578 3481
f 3578 3482 3481
f 3578 3579 3482
f 3579 3483 3482
f 3579 3580 3483
f 3580 3484 3483
f 3580 3581 3484
f 3581 3485 3484
f 3581 3582 3485
f 3582 3486 3485
f 3582 3583 3486
f 3583 3487 3486
f 3583 3584 3487
f 3584 3488 3487
f 3584 3585 3488
f 3585 3489 3488
f 3585 3586 3489
f 3586 3490 3489
f 3586 3587 3490
f 3587 3491 3490
f 3587 3588 3491
f 3588 3492 3491
f 3588 3589 3492
f 3589 3493 3492
f 3589 3590 3493
f 3590 3494 3493
f 3590 3591 3494
f 3591 3495 3494
f 3591 3592 3495
f 3592 3496 3495
f 3592 3593 3496
f 3593 3497 3496
f 3593 3594 3497
f 3594 3498 3497
f 3594 3595 3498
f 3595 3499 3498
f 3595 3596 3499
f 3596 3500 3499
f 3596 3597 3500
f 3597 3501 3500
f 3597 3598 3501
f 3598 3502 3501
f 3598 3599 3502
f 3599 3503 3502
f 3599 3600 3503
f 3600 3504 3503
f 3600 3601 3504
f 3601 3505 3504
f 3601 3602 3505
f 3602 3506 3505
f 3602 3603 3506
f 3603 3507 3506
f 3603 3604 3507
f 3604 3508 3507
f 3604 3605 3508
f 3605 3509 3508
f 3605 3606 3509
f 3606 3510 3509
f 3606 3607 3510
f 3607 3511 3510
f 3607 3608 3511
f 3608 3512 3511
f 3608 3609 3512
f 3609 3513 3512
f 3609 3610 3513
f 3610 3514 3513
f 3610 3611 3514
f 3611 3515 3514
f 3611 3612 3515
f 3612 3516 3515
f 3612 3613 3516
f 3613 3517 3516
f 3613 3614 3517
f 3614 3518 3517
f 3614 3615 3518
f 3615 3519 3518
f 3615 3616 3519
f 3616 3520 3519
f 3616 3617 3520
f 3617 3521 3520
f 3617 3618 3521
f 3618 3522 3521
f 3618 3619 3522
f 3619 3523 3522
f 3619 3620 3523
f 3620 3524 3523
f 3620 3621 3524
f 3621 3525 3524
f 3621 3622 3525
f 3622 3526 3525
f 3622 3623 3526
f 3623 3527 3526
f 3623 3624 3527
f 3624 3528 3527
f 3624 3625 3528
f 3625 3529 3528
f 3625 3626 3529
f 3626 3530 3529
f 3626 3627 3530
f 3627 3531 3530
f 3627 3628 3531
f 3628 3532 3531
f 3628 3629 3532
f 3629 3533 3532
f 3629 3630 3533
f 3630 3534 3533
f 3630 3631 3534
f 3631 3535 3534
f 3631 3632 3535
f 3632 3536 3535
f 3632 3633 3536
f 3633 3537 3536
f 3633 3634 3537
f 3634 3538 3537
f 3634 3635 3538
f 3635 3539 3538
f 3635 3636 3539
f 3636 3540 3539
f 3636 3637 3540
f 3637 3541 3540
f 3637 3638 3541
f 3638 3542 3541
f 3638 3639 3542
f 3639 3543 3542
f 3639 3640 3543
f 3640 3544 3543
f 3640 3641 3544
f 3641 3545 3544
f 3641 3642 3545
f 3642 3546 3545
f 3642 3643 3546
f 3643 3547 3546
f 3643 3644 3547
f 3644 3548 3547
f 3644 3645 3548
f 3645 3549 3548
f 3645 3646 3549
f 3646 3550 3549
f 3646 3647 3550
f 3647 3551 3550
f 3647 3648 3551
f 3648 3552 3551
f 3648 3553 3552
f 3553 3457 3552
f 3649 3650 3553
f 3650 3554 3553
f 3650 3651 3554
f 3651 3555 3554
f 3651 3652 3555
f 3652 3556 3555
f 3652 3653 3556
f 3653 3557 3556
f 3653 3654 3557
f 3654 3558 3557
f 3654 3655 3558
f 3655 3559 3558
f 3655 3656 3559
f 3656 3560 3559
f 3656 3657 3560
f 3657 3561 3560
f 3657 3658 3561
f 3658 3562 3561
f 3658 3659 3562
f 3659 3563 3562
f 3659 3660 3563
f 3660 3564 3563
f 3660 3661 3564
f 3661 3565 3564
f 3661 3662 3565
f 3662 3566 3565
f 3662 3663 3566
f 3663 3567 3566
f 3663 3664 3567
f 3664 3568 3567
f 3664 3665 3568
f 3665 3569 3568
f 3665 3666 3569
f 3666 3570 3569
f 3666 3667 3570
f 3667 3571 3570
f 3667 3668 3571
f 3668 3572 3571
f 3668 3669 3572
f 3669 3573 3572
f 3669 3670 3573
f 3670 3574 3573
f 3670 3671 3574
f 3671 3575 3574
f 3671 3672 3575
f 3672 3576 3575
f 3672 3673 3576
f 3673 3577 3576
f 3673 3674 3577
f 3674 3578 3577
f 3674 3675 3578
f 3675 3579 3578
f 3675 3676 3579
f 3676 3580 3579
f 3676 3677 3580
f 3677 3581 3580
f 3677 3678 3581
f 3678 3582 3581
f 3678 3679 3582
f 3679 3583 3582
f 3679 3680 3583
f 3680 3584 3583
f 3680 3681 3584
f 3681 3585 3584
f 3681 3682 3585
f 3682 3586 3585
f 3682 3683 3586
f 3683 3587 3586
f 3683 3684 3587
f 3684 3588 3587
f 3684 3685 3588
f 3685 3589 3588
f 3685 3686 3589
f 3686 3590 3589
f 3686 3687 3590
f 3687 3591 3590
f 3687 3688 3591
f 3688 3592 3591
f 3688 3689 3592
f 3689 3593 3592
f 3689 3690 3593
f 3690 3594 3593
f 3690 3691 3594
f 3691 3595 3594
f 3691 3692 3595
f 3692 3596 3595
f 3692 3693 3596
f 3693 3597 3596
f 3693 3694 3597
f 3694 3598 3597
f 3694 3695 3598
f 3695 3599 3598
f 3695 3696 3599
f 3696 3600 3599
f 3696 3697 3600
f 3697 3601 3600
f 3697 3698 3601
f 3698 3602 3601
f 3698 3699 3602
f 3699 3603 3602
f 3699 3700 3603
f 3700 3604 3603
f 3700 3701 3604
f 3701 3605 3604
f 3701 3702 3605
f 3702 3606 3605
f 3702 3703 3606
f 3703 3607 3606
f 3703 3704 3607
f 3704 3608 3607
f 3704 3705 3608
f 3705 3609 3608
f 3705 3706 3609
f 3706 3610 3609
f 3706 3707 3610
f 3707 3611 3610
f 3707 3708 3611
f 3708 3612 3611
f 3708 3709 3612
f 3709 3613 3612
f 3709 3710 3613
f 3710 3614 3613
f 3710 3711 3614
f 3711 3615 3614
f 3711 3712 3615
f 3712 3616 3615
f 3712 3713 3616
f 3713 3617 3616
f 3713 3714 3617
f 3714 3618 3617
f 3714 3715 3618
f 3715 3619 3618
f 3715 3716 3619
f 3716 3620 3619
f 3716 3717 3620
f 3717 3621 3620
f 3717 3718 3621
f 3718 3622 3621
f 3718 3719 3622
f 3719 3623 3622
f 3719 3720 3623
f 3720 3624 3623
f 3720 3721 3624
f 3721 3625 3624
f 3721 3722 3625
f 3722 3626 3625
f 3722 3723 3626
f 3723 3627 3626
f 3723 3724 3627
f 3724 3628 3627
f 3724 3725 3628
f 3725 3629 3628
f 3725 3726 3629
f 3726 3630 3629
f 3726 3727 3630
f 3727 3631 3630
f 3727 3728 3631
f 3728 3632 3631
f 3728 3729 3632
f 3729 3633 3632
f 3729 3730 3633
f 3730 3634 3633
f 3730 3731 3634
f 3731 3635 3634
f 3731 3732 3635
f 3732 3636 3635
f 3732 3733 3636
f 3733 3637 3636
f 3733 3734 3637
f 3734 3638 3637
f 3734 3735 3638
f 3735 3639 3638
f 3735 3736 3639
f 3736 3640 3639
f 3736 3737 3640
f 3737 3641 3640
f 3737 3738 3641
f 3738 3642 3641
f 3738 3739 3642
f 3739 3643 3642
f 3739 3740 3643
f 3740 3644 3643
f 3740 3741 3644
f 3741 3645 3644
f 3741 3742 3645
f 3742 3646 3645
f 3742 3743 3646
f 3743 3647 3646
f 3743 3744 3647
f 3744 3648 3647
f 3744 3649 3648
f 3649 3553 3648
f 3745 3746 3649
f 3746 3650 3649
f 3746 3747 3650
f 3747 3651 3650
f 3747 3748 3651
f 3748 3652 3651
f 3748 3749 3652
f 3749 3653 3652
f 3749 3750 3653
f 3750 3654 3653
f 3750 3751 3654
f 3751 3655 3654
f 3751 3752 3655
f 3752 3656 3655
f 3752 3753 3656
f 3753 3657 3656
f 3753 3754 3657
f 3754 3658 3657
f 3754 3755 3658
f 3755 3659 3658
f 3755 3756 3659
f 3756 3660 3659
f 3756 3757 3660
f 3757 3661 3660
f 3757 3758 3661
f 3758 3662 3661
f 3758 3759 3662
f 3759 3663 3662
f 3759 3760 3663
f 3760 3664 3663
f 3760 3761 3664
f 3761 3665 3664
f 3761 3762 3665
f 3762 3666 3665
f 3762 3763 3666
f 3763 3667 3666
f 3763 3764 3667
f 3764 3668 3667
f 3764 3765 3668
f 3765 3669 3668
f 3765 3766 3669
f 3766 3670 3669
f 3766 3767 3670
f 3767 3671 3670
f 3767 3768 3671
f 3768 3672 3671
f 3768 3769 3672
f 3769 3673 3672
f 3769 3770 3673
f 3770 3674 3673
f 3770 3771 3674
f 3771 3675 3674
f 3771 3772 3675
f 3772 3676 3675
f 3772 3773 3676
f 3773 3677 3676
f 3773 3774 3677
f 3774 3678 3677
f 3774 3775 3678
f 3775 3679 3678
f 3775 3776 3679
f 3776 3680 3679
f 3776 3777 3680
f 3777 3681 3680
f 3777 3778 3681
f 3778 3682 3681
f 3778 3779 3682
f 3779 3683 3682
f 3779 3780 3683
f 3780 3684 3683
f 3780 3781 3684
f 3781 3685 3684
f 3781 3782 3685
f 3782 3686 3685
f 3782 3783 3686
f 3783 3687 3686
f 3783 3784 3687
f 3784 3688 3687
f 3784 3785 3688
f 3785 3689 3688
f 3785 3786 3689
f 3786 3690 3689
f 3786 3787 3690
f 3787 3691 3690
f 3787 3788 3691
f 3788 3692 3691
f 3788 3789 3692
f 3789 3693 3692
f 3789 3790 3693
f 3790 3694 3693
f 3790 3791 3694
f 3791 3695 3694
f 3791 3792 3695
f 3792 3696 3695
f 3792 3793 3696
f 3793 3697 3696
f 3793 3794 3697
f 3794 3698 3697
f 3794 3795 3698
f 3795 3699 3698
f 3795 3796 3699
f 3796 3700 3699
f 3796 3797 3700
f 3797 3701 3700
f 3797 3798 3701
f 3798 3702 3701
f 3798 3799 3702
f 3799 3703 3702
f 3799 3800 3703
f 3800 3704 3703
f 3800 3801 3704
f 3801 3705 3704
f 3801 3802 3705
f 3802 3706 3705
f 3802 3803 3706
f 3803 3707 3706
f 3803 3804 3707
f 3804 3708 3707
f 3804 3805 3708
f 3805 3709 3708
f 3805 3806 3709
f 3806 3710 3709
f 3806 3807 3710
f 3807 3711 3710
f 3807 3808 3711
f 3808 3712 3711
f 3808 3809 3712
f 3809 3713 3712
f 3809 3810 3713
f 3810 3714 3713
f 3810 3811 3714
f 3811 3715 3714
f 3811 3812 3715
f 3812 3716 3715
f 3812 3813 3716
f 3813 3717 3716
f 3813 3814 3717
f 3814 3718 3717
f 3814 3815 3718
f 3815 3719 3718
f 3815 3816 3719
f 3816 3720 3719
f 3816 3817 3720
f 3817 3721 3720
f 3817 3818 3721
f 3818 3722 3721
f 3818 3819 3722
f 3819 3723 3722
f 3819 3820 3723
f 3820 3724 3723
f 3820 3821 3724
f 3821 3725 3724
f 3821 3822 3725
f 3822 3726 3725
f 3822 3823 3726
f 3823 3727 3726
f 3823 3824 3727
f 3824 3728 3727
f 3824 3825 3728
f 3825 3729 3728
f 3825 3826 3729
f 3826 3730 3729
f 3826 3827 3730
f 3827 3731 3730
f 3827 3828 3731
f 3828 3732 3731
f 3828 3829 3732
f 3829 3733 3732
f 3829 3830 3733
f 3830 3734 3733
f 3830 3831 3734
f 3831 3735 3734
f 3831 3832 3735
f 3832 3736 3735
f 3832 3833 3736
f 3833 3737 3736
f 3833 3834 3737
f 3834 3738 3737
f 3834 3835 3738
f 3835 3739 3738
f 3835 3836 3739
f 3836 3740 3739
f 3836 3837 3740
f 3837 3741 3740
f 3837 3838 3741
f 3838 3742 3741
f 3838 3839 3742
f 3839 3743 3742
f 3839 3840 3743
f 3840 3744 3743
f 3840 3745 3744
f 3745 3649 3744
f 1 2 3841
f 2 3 3841
f 3 4 3841
f 4 5 3841
f 5 6 3841
f 6 7 3841
f 7 8 3841
f 8 9 3841
f 9 10 3841
f 10 11 3841
f 11 12 3841
f 12 13 3841
f 13 14 3841
f 14 15 3841
f 15 16 3841
f 16 17 3841
f 17 18 3841
f 18 19 3841
f 19 20 3841
f 20 21 3841
f 21 22 3841
f 22 23 3841
f 23 24 3841
f 24 25 3841
f 25 26 3841
f 26 27 3841
f 27 28 3841
f 28 29 3841
f 29 30 3841
f 30 31 3841
f 31 32 3841
f 32 33 3841
f 33 34 3841
f 34 35 3841
f 35 36 3841
f 36 37 3841
f 37 38 3841
f 38 39 3841
f 39 40 3841
f 40 41 3841
f 41 42 3841
f 42 43 3841
f 43 44 3841
f 44 45 3841
f 45 46 3841
f 46 47 3841
f 47 48 3841
f 48 49 3841
f 49 50 3841
f 50 51 3841
f 51 52 3841
f 52 53 3841
f 53 54 3841
f 54 55 3841
f 55 56 3841
f 56 57 3841
f 57 58 3841
f 58 59 3841
f 59 60 3841
f 60 61 3841
f 61 62 3841
f 62 63 3841
f 63 64 3841
f 64 65 3841
f 65 66 3841
f 66 67 3841
f 67 68 3841
f 68 69 3841
f 69 70 3841
f 70 71 3841
f 71 72 3841
f 72 73 3841
f 73 74 3841
f 74 75 3841
f 75 76 3841
f 76 77 3841
f 77 78 3841
f 78 79 3841
f 79 80 3841
f 80 81 3841
f 81 82 3841
f 82 83 3841
f 83 84 3841
f 84 85 3841
f 85 86 3841
f 86 87 3841
f 87 88 3841
f 88 89 3841
f 89 90 3841
f 90 91 3841
f 91 92 3841
f 92 93 3841
f 93 94 3841
f 94 95 3841
f 95 96 3841
f 96 1 3841
f 3746 3745 3842
f 3747 3746 3842
f 3748 3747 3842
f 3749 3748 3842
f 3750 3749 3842
f 3751 3750 3842
f 3752 3751 3842
f 3753 3752 3842
f 3754 3753 3842
f 3755 3754 3842
f 3756 3755 3842
f 3757 3756 3842
f 3758 3757 3842
f 3759 3758 3842
f 3760 3759 3842
f 3761 3760 3842
f 3762 3761 3842
f 3763 3762 3842
f 3764 3763 3842
f 3765 3764 3842
f 3766 3765 3842
f 3767 3766 3842
f 3768 3767 3842
f 3769 3768 3842
f 3770 3769 3842
f 3771 3770 3842
f 3772 3771 3842
f 3773 3772 3842
f 3774 3773 3842
f 3775 3774 3842
f 3776 3775 3842
f 3777 3776 3842
f 3778 3777 3842
f 3779 3778 3842
f 3780 3779 3842
f 3781 3780 3842
f 3782 3781 3842
f 3783 3782 3842
f 3784 3783 3842
f 3785 3784 3842
f 3786 3785 3842
f 3787 3786 3842
f 3788 3787 3842
f 3789 3788 3842
f 3790 3789 3842
f 3791 3790 3842
f 3792 3791 3842
f 3793 3792 3842
f 3794 3793 3842
f 3795 3794 3842
f 3796 3795 3842
f 3797 3796 3842
f 3798 3797 3842
f 3799 3798 3842
f 3800 3799 3842
f 3801 3800 3842
f 3802 3801 3842
f 3803 3802 3842
f 3804 3803 3842
f 3805 3804 3842
f 3806 3805 3842
f 3807 3806 3842
f 3808 3807 3842
f 3809 3808 3842
f 3810 3809 3842
f 3811 3810 3842
f 3812 3811 3842
f 3813 3812 3842
f 3814 3813 3842
f 3815 3814 3842
f 3816 3815 3842
f 3817 3816 3842
f 3818 3817 3842
f 3819 3818 3842
f 3820 3819 3842
f 3821 3820 3842
f 3822 3821 3842
f 3823 3822 3842
f 3824 3823 3842
f 3825 3824 3842
f 3826 3825 3842
f 3827 3826 3842
f 3828 3827 3842
f 3829 3828 3842
f 3830 3829 3842
f 3831 3830 3842
f 3832 3831 3842
f 3833 3832 3842
f 3834 3833 3842
f 3835 3834 3842
f 3836 3835 3842
f 3837 3836 3842
f 3838 3837 3842
f 3839 3838 3842
f 3840 3839 3842
f 3745 3840 3842

