# https://github.com/mikedh/trimesh
v -2.84132648 -12.43015099 -1.89851367
v -2.83827639 -11.92279816 -1.89647555
v -2.83533406 -11.41544437 -1.89450967
v -2.83250856 -10.90809155 -1.89262176
v -2.82980800 -10.40073872 -1.89081717
v -2.82723951 -9.89338589 -1.88910103
v -2.82481027 -9.38603210 -1.88747787
v -2.20675945 -12.43015099 -2.87590480
v -2.20079684 -11.92279816 -2.86813450
v -2.04588866 -12.43015099 -3.06188893
v -2.04102921 -11.92279816 -3.05461597
v -2.19457650 -11.41544437 -2.86002779
v -2.18811750 -10.90809155 -2.85161042
v -2.03584123 -11.41544437 -3.04685187
v -2.03034234 -10.90809155 -3.03862214
v -2.35187817 -12.43015099 -2.68180323
v -2.48427868 -12.43015099 -2.48427868
v -2.34532213 -11.92279816 -2.67432737
v -2.47773623 -11.92279816 -2.47773623
v -2.72555280 -12.43015099 -2.09139037
v -2.60760260 -12.43015099 -2.28680611
v -2.72086334 -11.92279816 -2.08779192
v -2.60170269 -11.92279816 -2.28163195
v -2.33859396 -11.41544437 -2.66665530
v -2.47111320 -11.41544437 -2.47111320
v -2.33171487 -10.90809155 -2.65881133
v -2.46443009 -10.90809155 -2.46443009
v -2.71624422 -11.41544437 -2.08424759
v -2.59580708 -11.41544437 -2.27646160
v -2.71170950 -10.90809155 -2.08076787
v -2.58993340 -10.90809155 -2.27131057
v -2.18144035 -10.40073872 -2.84290862
v -2.02454996 -10.40073872 -3.02995324
v -2.01848245 -9.89338589 -3.02087259
v -2.01215887 -9.38603210 -3.01140833
v -2.45770693 -10.40073872 -2.45770693
v -2.70727205 -10.40073872 -2.07736278
v -2.58409929 -10.40073872 -2.26619411
v -2.45096326 -9.89338589 -2.45096326
v -2.44421935 -9.38603210 -2.44421935
v -2.70294476 -9.89338589 -2.07404256
v -2.57832170 -9.89338589 -2.26112723
v -2.69874001 -9.38603210 -2.07081604
v -2.57261705 -9.38603210 -2.25612450
v -2.32470584 -10.40073872 -2.65081882
v -2.31758761 -9.89338589 -2.64270234
v -2.17456555 -9.89338589 -2.83394909
v -2.31038189 -9.38603210 -2.63448572
v -2.16751409 -9.38603210 -2.82475924
v -3.30402708 -12.43015099 -1.12156606
v -3.41147256 -12.43015099 -0.91410136
v -3.30735326 -11.92279816 -1.12269521
v -3.41518903 -11.92279816 -0.91509718
v -3.31057835 -11.41544437 -1.12378991
v -3.41868138 -11.41544437 -0.91603291
v -3.31369185 -10.90809155 -1.12484682
v -3.42193794 -10.90809155 -0.91690552
v -3.19011807 -12.43015099 -1.32139015
v -3.07364964 -12.43015099 -1.51575637
v -3.19236565 -11.92279816 -1.32232118
v -3.07431579 -11.92279816 -1.51608479
v -2.95710206 -12.43015099 -1.70728362
v -2.95591784 -11.92279816 -1.70659995
v -3.19461489 -11.41544437 -1.32325292
v -3.07505631 -11.41544437 -1.51644993
v -3.19685888 -10.90809155 -1.32418227
v -3.07586837 -10.90809155 -1.51685047
v -2.95484376 -11.41544437 -1.70597982
v -2.95388293 -10.90809155 -1.70542514
v -3.50751829 -12.43015099 -0.69768876
v -3.58672762 -12.43015099 -0.47220165
v -3.51082349 -11.92279816 -0.69834620
v -3.58879352 -11.92279816 -0.47247362
v -3.64376855 -12.43015099 -0.23882520
v -3.67401695 -12.43015099 -0.00000000
v -3.67408299 -12.43015099 0.24081212
v -3.64383292 -11.92279816 -0.23882942
v -3.67146897 -11.92279816 -0.00000000
v -3.66853261 -11.92279816 0.24044834
v -3.51377392 -11.41544437 -0.69893312
v -3.59038138 -11.41544437 -0.47268268
v -3.51635981 -10.90809155 -0.69944745
v -3.59148479 -10.90809155 -0.47282794
v -3.64331722 -11.41544437 -0.23879562
v -3.66827202 -11.41544437 -0.00000000
v -3.66230655 -11.41544437 0.24004026
v -3.64222026 -10.90809155 -0.23872373
v -3.66443229 -10.90809155 -0.00000000
v -3.65541935 -10.90809155 0.23958884
v -3.31668425 -10.40073872 -1.12586260
v -3.42494822 -10.40073872 -0.91771209
v -3.31954479 -9.89338589 -1.12683368
v -3.42770171 -9.89338589 -0.91844988
v -3.32226419 -9.38603210 -1.12775671
v -3.43018818 -9.38603210 -0.91911614
v -3.19909024 -10.40073872 -1.32510650
v -3.07674932 -10.40073872 -1.51728487
v -2.95303798 -10.40073872 -1.70493722
v -3.20130134 -9.89338589 -1.32602239
v -3.07769608 -9.89338589 -1.51775169
v -3.20348454 -9.38603210 -1.32692671
v -3.07870460 -9.38603210 -1.51824903
v -2.95231056 -9.89338589 -1.70451736
v -2.95170236 -9.38603210 -1.70416617
v -3.51857138 -10.40073872 -0.69988739
v -3.59209800 -10.40073872 -0.47290868
v -3.64054227 -10.40073872 -0.23861375
v -3.65995717 -10.40073872 -0.00000000
v -3.64788699 -10.40073872 0.23909514
v -3.52040052 -9.89338589 -0.70025122
v -3.59221673 -9.89338589 -0.47292432
v -3.52183914 -9.38603210 -0.70053738
v -3.59183788 -9.38603210 -0.47287443
v -3.63828540 -9.89338589 -0.23846582
v -3.65485644 -9.89338589 -0.00000000
v -3.63972735 -9.89338589 0.23856033
v -3.63545227 -9.38603210 -0.23828013
v -3.64914107 -9.38603210 -0.00000000
v -3.63096070 -9.38603210 0.23798573
v -2.82252622 -8.87867928 -1.88595176
v -2.82039309 -8.37132645 -1.88452637
v -2.81841540 -7.86397314 -1.88320494
v -2.81659746 -7.35661983 -1.88199031
v -2.81494284 -6.84926701 -1.88088477
v -2.81345439 -6.34191370 -1.87989008
v -2.00559831 -8.87867928 -3.00158978
v -1.99882078 -8.37132645 -2.99144673
v -1.99184668 -7.86397314 -2.98100924
v -2.43749428 -8.87867928 -2.43749428
v -2.69466901 -8.87867928 -2.06769228
v -2.56700182 -8.87867928 -2.25120020
v -2.43080735 -8.37132645 -2.43080735
v -2.42417741 -7.86397314 -2.42417741
v -2.69074273 -8.37132645 -2.06467962
v -2.56149125 -8.37132645 -2.24636745
v -2.68697166 -7.86397314 -2.06178570
v -2.55610085 -7.86397314 -2.24164033
v -2.30310941 -8.87867928 -2.62619305
v -2.16030669 -8.87867928 -2.81536651
v -2.29579163 -8.37132645 -2.61784863
v -2.15296507 -8.37132645 -2.80579853
v -2.28844929 -7.86397314 -2.60947633
v -2.14551044 -7.86397314 -2.79608345
v -1.98469651 -7.35661983 -2.97030830
v -1.97739124 -6.84926701 -2.95937514
v -1.96995211 -6.34191370 -2.94824171
v -2.41762280 -7.35661983 -2.41762280
v -2.68336487 -7.35661983 -2.05901837
v -2.55084467 -7.35661983 -2.23703074
v -2.41116142 -6.84926701 -2.41116142
v -2.40481091 -6.34191370 -2.40481091
v -2.67993164 -6.84926701 -2.05638385
v -2.67667985 -6.34191370 -2.05388880
v -2.54573703 -6.84926701 -2.23255134
v -2.54079080 -6.34191370 -2.22821379
v -2.28110337 -7.35661983 -2.60109973
v -2.13796449 -7.35661983 -2.78624940
v -2.27377439 -6.84926701 -2.59274268
v -2.13034868 -6.84926701 -2.77632451
v -2.26648259 -6.34191370 -2.58442807
v -2.12268496 -6.34191370 -2.76633692
v -3.32483244 -8.87867928 -1.12862861
v -3.43239856 -8.87867928 -0.91970843
v -3.32724047 -8.37132645 -1.12944591
v -3.43432426 -8.37132645 -0.92022443
v -3.32947850 -7.86397314 -1.13020563
v -3.43595672 -7.86397314 -0.92066181
v -3.20563197 -8.87867928 -1.32781625
v -3.07977057 -8.87867928 -1.51877475
v -2.95121360 -8.87867928 -1.70388401
v -3.20773602 -8.37132645 -1.32868779
v -3.08088970 -8.37132645 -1.51932669
v -3.20978808 -7.86397314 -1.32953775
v -3.08205676 -7.86397314 -1.51990223
v -2.95084453 -8.37132645 -1.70367098
v -2.95059490 -7.86397314 -1.70352674
v -3.52288079 -8.87867928 -0.70074457
v -3.59095931 -8.87867928 -0.47275874
v -3.63204837 -8.87867928 -0.23805702
v -3.64282370 -8.87867928 -0.00000000
v -3.62160754 -8.87867928 0.23737271
v -3.52351975 -8.37132645 -0.70087165
v -3.58958054 -8.37132645 -0.47257721
v -3.52375078 -7.86397314 -0.70091760
v -3.58770204 -7.86397314 -0.47232994
v -3.62807941 -8.37132645 -0.23779689
v -3.63591886 -8.37132645 -0.00000000
v -3.61169147 -8.37132645 0.23672277
v -3.62355328 -7.86397314 -0.23750024
v -3.62844253 -7.86397314 -0.00000000
v -3.60123658 -7.86397314 0.23603751
v -3.33153820 -7.35661983 -1.13090479
v -3.43728876 -7.35661983 -0.92101872
v -3.33341074 -6.84926701 -1.13154042
v -3.43831348 -6.84926701 -0.92129332
v -3.33508801 -6.34191370 -1.13210976
v -3.43902493 -6.34191370 -0.92148399
v -3.21178055 -7.35661983 -1.33036315
v -3.08326650 -7.35661983 -1.52049875
v -2.95046329 -7.35661983 -1.70345080
v -3.21370530 -6.84926701 -1.33116031
v -3.08451343 -6.84926701 -1.52111363
v -3.21555400 -6.34191370 -1.33192599
v -3.08579159 -6.34191370 -1.52174401
v -2.95044851 -6.84926701 -1.70344234
v -2.95054841 -6.34191370 -1.70349991
v -3.52357078 -7.35661983 -0.70088178
v -3.58532596 -7.35661983 -0.47201711
v -3.61847949 -7.35661983 -0.23716767
v -3.62041211 -7.35661983 -0.00000000
v -3.59026885 -7.35661983 0.23531865
v -3.52297640 -6.84926701 -0.70076358
v -3.58245564 -6.84926701 -0.47163922
v -3.52196646 -6.34191370 -0.70056272
v -3.57909536 -6.34191370 -0.47119686
v -3.61286831 -6.84926701 -0.23679991
v -3.61184645 -6.84926701 -0.00000000
v -3.57881570 -6.84926701 0.23456797
v -3.60673261 -6.34191370 -0.23639774
v -3.60276651 -6.34191370 -0.00000000
v -3.56690598 -6.34191370 0.23378737
v -1.67040503 -12.43015099 -3.38724613
v -1.66859841 -11.92279816 -3.38358283
v -1.45612741 -12.43015099 -3.51540256
v -1.45585883 -11.92279816 -3.51475430
v -1.86729980 -12.43015099 -3.23425817
v -1.86389196 -11.92279816 -3.22835541
v -1.66640162 -11.41544437 -3.37912822
v -1.66382337 -10.90809155 -3.37389994
v -1.45521414 -11.41544437 -3.51319766
v -1.45419753 -10.90809155 -3.51074338
v -1.86011028 -11.41544437 -3.22180557
v -1.85596788 -10.90809155 -3.21463084
v -1.22683954 -12.43015099 -3.61415267
v -1.22784734 -11.92279816 -3.61712170
v -0.98612517 -12.43015099 -3.68026924
v -0.98798740 -11.92279816 -3.68721914
v -1.22852051 -11.41544437 -3.61910462
v -1.22885907 -10.90809155 -3.62010217
v -0.98957735 -11.41544437 -3.69315290
v -0.99089241 -10.90809155 -3.69806099
v -1.66087341 -10.40073872 -3.36791801
v -1.45281422 -10.40073872 -3.50740385
v -1.85147905 -10.40073872 -3.20685577
v -1.65756238 -9.89338589 -3.36120391
v -1.65390170 -9.38603210 -3.35378075
v -1.45107031 -9.89338589 -3.50319362
v -1.44897306 -9.38603210 -3.49813032
v -1.84665835 -9.89338589 -3.19850612
v -1.84152162 -9.38603210 -3.18960905
v -1.22886443 -10.40073872 -3.62011790
v -0.99193078 -10.40073872 -3.70193624
v -1.22853863 -9.89338589 -3.61915827
v -1.22788465 -9.38603210 -3.61723161
v -0.99269134 -9.89338589 -3.70477438
v -0.99317360 -9.38603210 -3.70657444
v -0.73840106 -12.43015099 -3.71219277
v -0.74059194 -11.92279816 -3.72320724
v -0.74258548 -11.41544437 -3.73322916
v -0.74437737 -10.90809155 -3.74223757
v -0.48845309 -12.43015099 -3.71016955
v -0.49041080 -11.92279816 -3.72503996
v -0.24095041 -12.43015099 -3.67619276
v -0.24214600 -11.92279816 -3.69443417
v -0.49224809 -11.41544437 -3.73899555
v -0.49396074 -10.90809155 -3.75200415
v -0.24329002 -11.41544437 -3.71188855
v -0.24437970 -10.90809155 -3.72851372
v -0.74596405 -10.40073872 -3.75021458
v -0.74734247 -9.89338589 -3.75714421
v -0.74851006 -9.38603210 -3.76301408
v -0.49554482 -10.40073872 -3.76403666
v -0.24541242 -10.40073872 -3.74427009
v -0.49699685 -9.89338589 -3.77506590
v -0.49831367 -9.38603210 -3.78506804
v -0.24638572 -9.89338589 -3.75911975
v -0.24729735 -9.38603210 -3.77302837
v -1.44653022 -8.87867928 -3.49223304
v -1.83608508 -8.87867928 -3.18019247
v -1.64990377 -8.87867928 -3.34567380
v -1.44375086 -8.37132645 -3.48552275
v -1.44064426 -7.86397314 -3.47802305
v -1.83036566 -8.37132645 -3.17028642
v -1.82438123 -7.86397314 -3.15992093
v -1.64558160 -8.37132645 -3.33690953
v -1.64094925 -7.86397314 -3.32751584
v -1.22690618 -8.87867928 -3.61434913
v -0.99337804 -8.87867928 -3.70733714
v -1.22560787 -8.37132645 -3.61052442
v -1.22399521 -7.86397314 -3.60577369
v -0.99330562 -8.37132645 -3.70706701
v -0.99295819 -7.86397314 -3.70577049
v -1.43722129 -7.35661983 -3.46975899
v -1.81814981 -7.35661983 -3.14912772
v -1.63602126 -7.35661983 -3.31752300
v -1.43349290 -6.84926701 -3.46075797
v -1.42947114 -6.34191370 -3.45104861
v -1.81168997 -6.84926701 -3.13793921
v -1.80502105 -6.34191370 -3.12638831
v -1.63081300 -6.84926701 -3.30696154
v -1.62534034 -6.34191370 -3.29586411
v -1.22207451 -7.35661983 -3.60011530
v -0.99233836 -7.35661983 -3.70345712
v -1.21985257 -6.84926701 -3.59356976
v -1.21733725 -6.34191370 -3.58615994
v -0.99144924 -6.84926701 -3.70013881
v -0.99029475 -6.34191370 -3.69583035
v -0.74946493 -8.87867928 -3.76781464
v -0.75020576 -8.37132645 -3.77153897
v -0.75073171 -7.86397314 -3.77418327
v -0.49949247 -8.87867928 -3.79402208
v -0.24814515 -8.87867928 -3.78596330
v -0.50053090 -8.37132645 -3.80190945
v -0.50142688 -7.86397314 -3.80871511
v -0.24892722 -8.37132645 -3.79789543
v -0.24964179 -7.86397314 -3.80879784
v -0.75104254 -7.35661983 -3.77574587
v -0.75113869 -6.84926701 -3.77622938
v -0.75102103 -6.34191370 -3.77563787
v -0.50217879 -7.35661983 -3.81442642
v -0.25028732 -7.35661983 -3.81864667
v -0.50278538 -6.84926701 -3.81903410
v -0.50324583 -6.34191370 -3.82253146
v -0.25086245 -6.84926701 -3.82742119
v -0.25136596 -6.34191370 -3.83510327
v -3.64219618 -12.43015099 0.47950423
v -3.57840204 -12.43015099 0.71178842
v -3.63351870 -11.92279816 0.47836182
v -3.56675434 -11.92279816 0.70947158
v -3.48455358 -12.43015099 0.93368328
v -3.47035861 -11.92279816 0.92987978
v -3.36409760 -12.43015099 1.14195716
v -3.34800148 -11.92279816 1.13649333
v -3.62418604 -11.41544437 0.47713315
v -3.55451918 -11.41544437 0.70703781
v -3.61422133 -10.90809155 0.47582126
v -3.54172802 -10.90809155 0.70449346
v -3.45568657 -11.41544437 0.92594844
v -3.33157349 -11.41544437 1.13091683
v -3.44057655 -10.90809155 0.92189974
v -3.31485796 -10.90809155 1.12524259
v -3.22169304 -12.43015099 1.33446896
v -3.06270957 -12.43015099 1.51036119
v -3.20449996 -11.92279816 1.32734728
v -3.04530096 -11.92279816 1.50177622
v -2.89267278 -12.43015099 1.67008531
v -2.87592363 -11.92279816 1.66041529
v -3.18714261 -11.41544437 1.32015765
v -3.02790523 -11.41544437 1.49319756
v -3.16966820 -10.90809155 1.31291962
v -3.01057005 -10.90809155 1.48464882
v -2.85935974 -11.41544437 1.65085208
v -2.84302759 -10.90809155 1.64142275
v -3.60364938 -10.40073872 0.47442946
v -3.52841377 -10.40073872 0.70184517
v -3.42506838 -10.40073872 0.91774428
v -3.29789925 -10.40073872 1.11948597
v -3.59249687 -9.89338589 0.47296119
v -3.51461124 -9.89338589 0.69909966
v -3.58079195 -9.38603210 0.47142023
v -3.50035620 -9.38603210 0.69626415
v -3.40920281 -9.89338589 0.91349316
v -3.28074360 -9.89338589 1.11366236
v -3.39302230 -9.38603210 0.90915757
v -3.26343679 -9.38603210 1.10778749
v -3.15212464 -10.40073872 1.30565274
v -3.13455987 -9.89338589 1.29837716
v -3.11702180 -9.38603210 1.29111266
v -2.99334383 -10.40073872 1.47615385
v -2.82697344 -10.40073872 1.63215387
v -2.97627425 -9.89338589 1.46773612
v -2.81124234 -9.89338589 1.62307155
v -2.95940900 -9.38603210 1.45941901
v -2.79587889 -9.38603210 1.61420143
v -2.71672606 -12.43015099 1.81525826
v -2.70142508 -11.92279816 1.80503452
v -2.53917336 -12.43015099 1.94837630
v -2.36315203 -12.43015099 2.07242870
v -2.52595735 -11.92279816 1.93823516
v -2.35245967 -11.92279816 2.06305170
v -2.68646502 -11.41544437 1.79503846
v -2.67188859 -10.90809155 1.78529882
v -2.51321030 -11.41544437 1.92845404
v -2.34233022 -11.41544437 2.05416846
v -2.50096965 -10.90809155 1.91906154
v -2.33279443 -10.90809155 2.04580569
v -2.19046855 -12.43015099 2.19046855
v -2.18251848 -11.92279816 2.18251848
v -2.02160311 -12.43015099 2.30519652
v -2.01639581 -11.92279816 2.29925895
v -2.17518735 -11.41544437 2.17518735
v -2.16849828 -10.90809155 2.16849828
v -2.01182556 -11.41544437 2.29404736
v -2.00790763 -10.90809155 2.28957963
v -2.65773749 -10.40073872 1.77584350
v -2.48927164 -10.40073872 1.91008532
v -2.64405298 -9.89338589 1.76669967
v -2.63087392 -9.38603210 1.75789380
v -2.47815061 -9.89338589 1.90155184
v -2.46763945 -9.38603210 1.89348638
v -2.32388115 -10.40073872 2.03798890
v -2.16247249 -10.40073872 2.16247249
v -2.00465584 -10.40073872 2.28587174
v -2.31561756 -9.89338589 2.03074193
v -2.15712976 -9.89338589 2.15712976
v -2.30802917 -9.38603210 2.02408719
v -2.15248728 -9.38603210 2.15248728
v -2.00208211 -9.89338589 2.28293705
v -2.00019670 -9.38603210 2.28078723
v -3.56856441 -8.87867928 0.46981043
v -3.48568559 -8.87867928 0.69334596
v -3.37656951 -8.87867928 0.90474910
v -3.24602580 -8.87867928 1.10187733
v -3.55584526 -8.37132645 0.46813589
v -3.47063804 -8.37132645 0.69035280
v -3.54266691 -7.86397314 0.46640095
v -3.45525265 -7.86397314 0.68729252
v -3.35988855 -8.37132645 0.90027940
v -3.22855783 -8.37132645 1.09594774
v -3.34302378 -7.86397314 0.89576048
v -3.09955883 -8.87867928 1.28387928
v -3.08221865 -8.37132645 1.27669680
v -3.21108007 -7.86397314 1.09001482
v -3.06504917 -7.86397314 1.26958489
v -2.94279480 -8.87867928 1.45122588
v -2.78092670 -8.87867928 1.60556877
v -2.92647839 -8.37132645 1.44317937
v -2.91050482 -7.86397314 1.43530214
v -3.52906322 -7.35661983 0.46461001
v -3.43957019 -7.35661983 0.68417305
v -3.32602024 -7.35661983 0.89120442
v -3.51506948 -6.84926701 0.46276769
v -3.50072193 -6.34191370 0.46087879
v -3.42363167 -6.84926701 0.68100268
v -3.40747929 -6.34191370 0.67778975
v -3.30892348 -6.84926701 0.88662338
v -3.29177952 -6.34191370 0.88202965
v -3.19364023 -7.35661983 1.08409476
v -3.04809761 -7.35661983 1.26256347
v -3.17628551 -6.84926701 1.07820368
v -3.03141117 -6.84926701 1.25565159
v -3.15906334 -6.34191370 1.07235754
v -3.01503563 -6.34191370 1.24886858
v -2.89491940 -7.35661983 1.42761624
v -2.87976575 -6.84926701 1.42014337
v -2.86508656 -6.34191370 1.41290438
v -2.61823893 -8.87867928 1.74945140
v -2.45776963 -8.87867928 1.88591290
v -2.76642823 -8.37132645 1.59719813
v -2.60618472 -8.37132645 1.74139690
v -2.75242472 -7.86397314 1.58911324
v -2.59474611 -7.86397314 1.73375392
v -2.44857049 -8.37132645 1.87885427
v -2.44007015 -7.86397314 1.87233174
v -2.30113983 -8.87867928 2.01804543
v -2.14856124 -8.87867928 2.14856124
v -1.99900758 -8.87867928 2.27943134
v -2.29497099 -8.37132645 2.01263547
v -2.14536500 -8.37132645 2.14536500
v -2.28954244 -7.86397314 2.00787473
v -2.14291048 -7.86397314 2.14291048
v -1.99852109 -8.37132645 2.27887654
v -1.99874115 -7.86397314 2.27912760
v -2.73895645 -7.35661983 1.58133721
v -2.58395696 -7.35661983 1.72654486
v -2.43229437 -7.35661983 1.86636508
v -2.72606182 -6.84926701 1.57389247
v -2.57384920 -6.84926701 1.71979105
v -2.71377802 -6.34191370 1.56680036
v -2.56445241 -6.34191370 1.71351242
v -2.42526698 -6.84926701 1.86097288
v -2.41901040 -6.34191370 1.85617197
v -2.28487206 -7.35661983 2.00377893
v -2.14120746 -7.35661983 2.14120746
v -1.99967039 -7.35661983 2.28018689
v -2.28097534 -6.84926701 2.00036168
v -2.14026332 -6.84926701 2.14026332
v -2.27786613 -6.34191370 1.99763513
v -2.14008355 -6.34191370 2.14008355
v -2.00130868 -6.84926701 2.28205538
v -2.00365496 -6.34191370 2.28473043
v -1.85587037 -12.43015099 2.41861725
v -1.69169962 -12.43015099 2.53180742
v -1.85321128 -11.92279816 2.41515183
v -1.69123828 -11.92279816 2.53111696
v -1.52698791 -12.43015099 2.64482069
v -1.52826822 -11.92279816 2.64703822
v -1.85117209 -11.41544437 2.41249442
v -1.69135129 -11.41544437 2.53128624
v -1.84976161 -10.90809155 2.41065621
v -1.69204116 -10.90809155 2.53231859
v -1.53005588 -11.41544437 2.65013456
v -1.53234816 -10.90809155 2.65410495
v -1.35947192 -12.43015099 2.75673628
v -1.36198461 -11.92279816 2.76183152
v -1.18706632 -12.43015099 2.86583138
v -1.00812709 -12.43015099 2.96984673
v -1.19029760 -11.92279816 2.87363243
v -1.01159883 -11.92279816 2.98007417
v -1.36492407 -11.41544437 2.76779222
v -1.36828423 -10.90809155 2.77460599
v -1.19386971 -11.41544437 2.88225651
v -1.01532722 -11.41544437 2.99105763
v -1.19777465 -10.90809155 2.89168382
v -1.01930308 -10.90809155 3.00276995
v -1.84898651 -10.40073872 2.40964603
v -1.69330847 -10.40073872 2.53421521
v -1.53514135 -10.40073872 2.65894270
v -1.84885180 -9.89338589 2.40947056
v -1.69515252 -9.89338589 2.53697515
v -1.84936070 -9.38603210 2.41013384
v -1.69757092 -9.38603210 2.54059434
v -1.53842974 -9.89338589 2.66463852
v -1.54220688 -9.38603210 2.67118049
v -1.37205791 -10.40073872 2.78225803
v -1.20200300 -10.40073872 2.90189195
v -1.02351665 -10.40073872 3.01518297
v -1.37623644 -9.89338589 2.79073143
v -1.38081026 -9.38603210 2.80000615
v -1.20654464 -9.89338589 2.91285658
v -1.21138859 -9.38603210 2.92455077
v -1.02795744 -9.89338589 3.02826500
v -1.03261423 -9.38603210 3.04198337
v -0.82161170 -12.43015099 3.06629658
v -0.82490927 -11.92279816 3.07860327
v -0.62712705 -12.43015099 3.15278077
v -0.62991381 -11.92279816 3.16679049
v -0.82838625 -11.41544437 3.09157944
v -0.83203381 -10.90809155 3.10519242
v -0.63281375 -11.41544437 3.18136954
v -0.63581944 -10.90809155 3.19648027
v -0.42487469 -12.43015099 3.22724366
v -0.42689434 -11.92279816 3.24258423
v -0.21551694 -12.43015099 3.28815317
v -0.21658705 -11.92279816 3.30447984
v -0.42897460 -11.41544437 3.25838566
v -0.43111008 -10.90809155 3.27460623
v -0.21767996 -11.41544437 3.32115459
v -0.21879280 -10.90809155 3.33813286
v -0.83584273 -10.40073872 3.11940765
v -0.63892317 -10.40073872 3.21208358
v -0.83980328 -9.89338589 3.13418865
v -0.84390527 -9.38603210 3.14949751
v -0.64211684 -9.89338589 3.22813940
v -0.64539206 -9.38603210 3.24460506
v -0.43329519 -10.40073872 3.29120374
v -0.21992259 -10.40073872 3.35537028
v -0.43552420 -9.89338589 3.30813456
v -0.43779117 -9.38603210 3.32535410
v -0.22106637 -9.89338589 3.37282109
v -0.22222109 -9.38603210 3.39043856
v -1.85051453 -8.87867928 2.41163754
v -1.70055926 -8.87867928 2.54506683
v -1.54646420 -8.87867928 2.67855453
v -1.85231304 -8.37132645 2.41398120
v -1.70411193 -8.37132645 2.55038381
v -1.85475385 -7.86397314 2.41716218
v -1.70822167 -7.86397314 2.55653429
v -1.55119228 -8.37132645 2.68674374
v -1.55638003 -7.86397314 2.69572926
v -1.38576853 -8.87867928 2.81006050
v -1.21652269 -8.87867928 2.93694568
v -1.03747523 -8.87867928 3.05630326
v -1.39109921 -8.37132645 2.82087016
v -1.39678931 -7.86397314 2.83240867
v -1.22193432 -8.37132645 2.95001030
v -1.22760952 -7.86397314 2.96371174
v -1.04252779 -8.37132645 3.07118797
v -1.04775918 -7.86397314 3.08659887
v -1.85783291 -7.35661983 2.42117500
v -1.71287942 -7.35661983 2.56350517
v -1.56201530 -7.35661983 2.70548987
v -1.86154449 -6.84926701 2.42601204
v -1.71807468 -6.84926701 2.57128048
v -1.86588097 -6.34191370 2.43166351
v -1.72379541 -6.34191370 2.57984209
v -1.56808436 -6.84926701 2.71600175
v -1.57457256 -6.34191370 2.72723961
v -1.40282488 -7.35661983 2.84464741
v -1.23353422 -7.35661983 2.97801495
v -1.05315566 -7.35661983 3.10249639
v -1.40919065 -6.84926701 2.85755587
v -1.23969293 -6.84926701 2.99288344
v -1.41587067 -6.34191370 2.87110162
v -1.24606991 -6.34191370 3.00827885
v -1.05870306 -6.84926701 3.11883879
v -1.06438708 -6.34191370 3.13558316
v -0.84813809 -8.87867928 3.16529441
v -0.64874029 -8.87867928 3.26143765
v -0.85249066 -8.37132645 3.18153834
v -0.85695159 -7.86397314 3.19818687
v -0.65215266 -8.37132645 3.27859282
v -0.65562016 -7.86397314 3.29602504
v -0.44009009 -8.87867928 3.34281611
v -0.44241491 -8.37132645 3.36047482
v -0.44475934 -7.86397314 3.37828255
v -0.22338367 -8.87867928 3.40817618
v -0.22455099 -8.37132645 3.42598605
v -0.22571994 -7.86397314 3.44382071
v -0.86150914 -7.35661983 3.21519589
v -0.65913349 -7.35661983 3.31368804
v -0.86615127 -6.84926701 3.23252058
v -0.87086570 -6.34191370 3.25011516
v -0.66268343 -6.84926701 3.33153439
v -0.66626030 -6.34191370 3.34951687
v -0.44711718 -7.35661983 3.39619207
v -0.22688738 -7.35661983 3.46163225
v -0.44948205 -6.84926701 3.41415524
v -0.45184761 -6.34191370 3.43212342
v -0.22805014 -6.84926701 3.47937274
v -0.22920512 -6.34191370 3.49699426
v -2.81213379 -5.83456087 -1.87900782
v -2.81098318 -5.32720757 -1.87823892
v -2.81000304 -4.81985426 -1.87758398
v -2.80919337 -4.31250143 -1.87704301
v -2.80855441 -3.80514836 -1.87661600
v -2.80808449 -3.29779506 -1.87630200
v -1.96240020 -5.83456087 -2.93693948
v -1.95475721 -5.32720757 -2.92550087
v -1.94704437 -4.81985426 -2.91395783
v -2.39858794 -5.83456087 -2.39858794
v -2.67361712 -5.83456087 -2.05153871
v -2.53601861 -5.83456087 -2.22402859
v -2.39250875 -5.32720757 -2.39250875
v -2.38658929 -4.81985426 -2.38658929
v -2.67075014 -5.32720757 -2.04933858
v -2.66808462 -4.81985426 -2.04729319
v -2.53143239 -5.32720757 -2.22000670
v -2.52704310 -4.81985426 -2.21615744
v -2.25924826 -5.83456087 -2.57617879
v -2.11499476 -5.83456087 -2.75631475
v -2.10729909 -5.32720757 -2.74628544
v -2.25209069 -5.32720757 -2.56801724
v -2.24502897 -4.81985426 -2.55996513
v -2.09961915 -4.81985426 -2.73627710
v -1.93928337 -4.31250143 -2.90234256
v -1.93149543 -3.80514836 -2.89068723
v -1.92370200 -3.29779506 -2.87902355
v -2.38084435 -4.31250143 -2.38084435
v -2.66562581 -4.31250143 -2.04540658
v -2.52286148 -4.31250143 -2.21249008
v -2.37528849 -3.80514836 -2.37528849
v -2.36993551 -3.29779506 -2.36993551
v -2.66337848 -3.80514836 -2.04368210
v -2.66134596 -3.29779506 -2.04212260
v -2.51889658 -3.80514836 -2.20901299
v -2.51515770 -3.29779506 -2.20573401
v -2.23808241 -4.31250143 -2.55204368
v -2.09197617 -4.31250143 -2.72631645
v -2.23126841 -3.80514836 -2.54427409
v -2.22460532 -3.29779506 -2.53667617
v -2.08439064 -3.80514836 -2.71643066
v -2.07688260 -3.29779506 -2.70664620
v -3.33656216 -5.83456087 -1.13261020
v -3.43941808 -5.83456087 -0.92158931
v -3.33782601 -5.32720757 -1.13303924
v -3.43948817 -5.32720757 -0.92160809
v -3.33887291 -4.81985426 -1.13339460
v -3.43923187 -4.81985426 -0.92153943
v -3.21731853 -5.83456087 -1.33265698
v -3.08709478 -5.83456087 -1.52238667
v -2.95076013 -5.83456087 -1.70362222
v -3.21899152 -5.32720757 -1.33334994
v -3.08841658 -5.32720757 -1.52303851
v -3.22056484 -4.81985426 -1.33400166
v -3.08975029 -4.81985426 -1.52369630
v -2.95108080 -5.32720757 -1.70380735
v -2.95150685 -4.81985426 -1.70405328
v -3.52054024 -5.83456087 -0.70027900
v -3.57525134 -5.83456087 -0.47069079
v -3.60008550 -5.83456087 -0.23596206
v -3.59319401 -5.83456087 -0.00000000
v -3.55456972 -5.83456087 0.23297881
v -3.51869822 -5.32720757 -0.69991255
v -3.57093072 -5.32720757 -0.47012195
v -3.51644182 -4.81985426 -0.69946378
v -3.56614208 -4.81985426 -0.46949151
v -3.59294224 -5.32720757 -0.23549387
v -3.58315229 -5.32720757 -0.00000000
v -3.54183817 -5.32720757 0.23214434
v -3.58531928 -4.81985426 -0.23499423
v -3.57266593 -4.81985426 -0.00000000
v -3.52874398 -4.81985426 0.23128611
v -3.33969665 -4.31250143 -1.13367426
v -3.43864655 -4.31250143 -0.92138255
v -3.34029126 -3.80514836 -1.13387609
v -3.43773007 -3.80514836 -0.92113698
v -3.34065175 -3.29779506 -1.13399851
v -3.43648148 -3.29779506 -0.92080241
v -3.22203112 -4.31250143 -1.33460903
v -3.09108973 -4.31250143 -1.52435672
v -2.95203447 -4.31250143 -1.70435786
v -3.22338295 -3.80514836 -1.33516896
v -3.09242749 -3.80514836 -1.52501643
v -3.22461319 -3.29779506 -1.33567846
v -3.09375691 -3.29779506 -1.52567208
v -2.95265889 -3.80514836 -1.70471835
v -2.95337558 -3.29779506 -1.70513225
v -3.51377439 -4.31250143 -0.69893318
v -3.56089520 -4.31250143 -0.46880072
v -3.57723427 -4.31250143 -0.23446433
v -3.56176138 -4.31250143 -0.00000000
v -3.51532078 -4.31250143 0.23040628
v -3.51069951 -3.80514836 -0.69832158
v -3.55520105 -3.80514836 -0.46805111
v -3.50722241 -3.29779506 -0.69762993
v -3.54907250 -3.29779506 -0.46724424
v -3.56870675 -3.80514836 -0.23390540
v -3.55046535 -3.80514836 -0.00000000
v -3.50160289 -3.80514836 0.22950718
v -3.55975699 -3.29779506 -0.23331881
v -3.53880668 -3.29779506 -0.00000000
v -3.48762584 -3.29779506 0.22859108
v -2.80778217 -2.79044199 -1.87610006
v -2.80764532 -2.28308892 -1.87600863
v -2.80767131 -1.77573586 -1.87602603
v -2.80785680 -1.26838279 -1.87614989
v -2.80819774 -0.76102966 -1.87637770
v -2.80869031 -0.25367656 -1.87670684
v -1.91592431 -2.79044199 -2.86738324
v -1.90818298 -2.28308892 -2.85579777
v -1.90049899 -1.77573586 -2.84429765
v -2.36479807 -2.79044199 -2.36479807
v -2.65953159 -2.79044199 -2.04073024
v -2.51165271 -2.79044199 -2.20266032
v -2.35988855 -2.28308892 -2.35988855
v -2.35521793 -1.77573586 -2.35521793
v -2.65793729 -2.28308892 -2.03950691
v -2.65656471 -1.77573586 -2.03845382
v -2.50838876 -2.28308892 -2.19979787
v -2.50537252 -1.77573586 -2.19715261
v -2.21810961 -2.79044199 -2.52926922
v -2.06947207 -2.79044199 -2.69698858
v -2.21179771 -2.28308892 -2.52207184
v -2.20568562 -1.77573586 -2.51510239
v -2.06217861 -2.28308892 -2.68748355
v -2.05502081 -1.77573586 -2.67815518
v -2.35079718 -1.26838279 -2.35079718
v -2.65541482 -1.26838279 -2.03757143
v -2.50260925 -1.26838279 -2.19472957
v -2.34663582 -0.76102966 -2.34663582
v -2.34274292 -0.25367656 -2.34274292
v -2.65448737 -0.76102966 -2.03685975
v -2.65378213 -0.25367656 -2.03631854
v -2.50010419 -0.76102966 -2.19253254
v -2.49786115 -0.25367656 -2.19056559
v -2.19978786 -1.26838279 -2.50837731
v -2.04801702 -1.26838279 -2.66902781
v -1.89289236 -1.26838279 -2.83291364
v -2.19411898 -0.76102966 -2.50191331
v -2.18869257 -0.25367656 -2.49572539
v -2.04118514 -0.76102966 -2.66012430
v -1.88538325 -0.76102966 -2.82167530
v -2.03454232 -0.25367656 -2.65146732
v -1.87799096 -0.25367656 -2.81061196
v -3.22571492 -2.79044199 -1.33613491
v -3.34077382 -2.79044199 -1.13404000
v -3.43490100 -2.79044199 -0.92037898
v -3.22668195 -2.28308892 -1.33653545
v -3.22750807 -1.77573586 -1.33687758
v -3.34065366 -2.28308892 -1.13399911
v -3.43298960 -2.28308892 -0.91986680
v -3.34028792 -1.77573586 -1.13387501
v -3.43074894 -1.77573586 -0.91926640
v -3.09507084 -2.79044199 -1.52632010
v -2.95417953 -2.79044199 -1.70559633
v -3.09636259 -2.28308892 -1.52695704
v -3.09762502 -1.77573586 -1.52757967
v -2.95506501 -2.28308892 -1.70610762
v -2.95602655 -1.77573586 -1.70666277
v -3.50334907 -2.79044199 -0.69685948
v -3.54252267 -2.79044199 -0.46638197
v -3.55040669 -2.79044199 -0.23270595
v -3.52681446 -2.79044199 -0.00000000
v -3.47342634 -2.79044199 0.22766039
v -3.49908710 -2.28308892 -0.69601166
v -3.53556681 -2.28308892 -0.46546620
v -3.49444461 -1.77573586 -0.69508827
v -3.52822113 -1.77573586 -0.46449912
v -3.54067874 -2.28308892 -0.23206834
v -3.51451969 -2.28308892 -0.00000000
v -3.45904088 -2.28308892 0.22671752
v -3.53059721 -1.77573586 -0.23140755
v -3.50195336 -1.77573586 -0.00000000
v -3.44450784 -1.77573586 0.22576497
v -3.22818732 -1.26838279 -1.33715892
v -3.33967447 -1.26838279 -1.13366675
v -3.42818213 -1.26838279 -0.91857862
v -3.22871470 -0.76102966 -1.33737743
v -3.22908497 -0.25367656 -1.33753085
v -3.33881140 -0.76102966 -1.13337374
v -3.42529249 -0.76102966 -0.91780436
v -3.33769774 -0.25367656 -1.13299572
v -3.42208505 -0.25367656 -0.91694498
v -3.09885120 -1.26838279 -1.52818429
v -2.95705795 -1.26838279 -1.70725822
v -3.10003448 -0.76102966 -1.52876782
v -3.10116792 -0.25367656 -1.52932680
v -2.95815325 -0.76102966 -1.70789063
v -2.95930576 -0.25367656 -1.70855594
v -3.48943162 -1.26838279 -0.69409108
v -3.52050257 -1.26838279 -0.46348295
v -3.52018690 -1.26838279 -0.23072524
v -3.48914814 -1.26838279 -0.00000000
v -3.42986488 -1.26838279 0.22480522
v -3.48405838 -0.76102966 -0.69302231
v -3.51242971 -0.76102966 -0.46242014
v -3.47833729 -0.25367656 -0.69188428
v -3.50402188 -0.25367656 -0.46131325
v -3.50947428 -0.76102966 -0.23002310
v -3.47613716 -0.76102966 -0.00000000
v -3.49848652 -0.25367656 -0.22930291
v -3.46295428 -0.25367656 -0.00000000
v -3.41515136 -0.76102966 0.22384085
v -3.40040588 -0.25367656 0.22287437
v -1.79816270 -5.83456087 -3.11450911
v -1.61961973 -5.83456087 -3.28426409
v -1.79113448 -5.32720757 -3.10233593
v -1.78395689 -4.81985426 -3.08990407
v -1.61366832 -5.32720757 -3.27219582
v -1.60750377 -4.81985426 -3.25969505
v -1.42516863 -5.83456087 -3.44066143
v -1.21453714 -5.83456087 -3.57791114
v -0.98887962 -5.83456087 -3.69054914
v -1.42059875 -5.32720757 -3.42962861
v -1.21146131 -5.32720757 -3.56885004
v -1.41577530 -4.81985426 -3.41798377
v -1.20811975 -4.81985426 -3.55900598
v -0.98720902 -5.32720757 -3.68431425
v -0.98528892 -4.81985426 -3.67714834
v -1.77665019 -4.31250143 -3.07724857
v -1.60114384 -4.31250143 -3.24679852
v -1.76923513 -3.80514836 -3.06440520
v -1.76173234 -3.29779506 -3.05140996
v -1.59460700 -3.80514836 -3.23354292
v -1.58791196 -3.29779506 -3.21996689
v -1.41071284 -4.31250143 -3.40576220
v -1.20452285 -4.31250143 -3.54840994
v -0.98312581 -4.31250143 -3.66907549
v -1.40542662 -3.80514836 -3.39299989
v -1.39993191 -3.29779506 -3.37973452
v -0.98072690 -3.80514836 -3.66012263
v -1.20068192 -3.80514836 -3.53709483
v -1.19660842 -3.29779506 -3.52509475
v -0.75069106 -5.83456087 -3.77397895
v -0.75015086 -5.32720757 -3.77126288
v -0.74940294 -4.81985426 -3.76750302
v -0.50355965 -5.83456087 -3.82491517
v -0.25179687 -5.83456087 -3.84167814
v -0.50372678 -5.32720757 -3.82618475
v -0.50374758 -4.81985426 -3.82634258
v -0.25215444 -5.32720757 -3.84713364
v -0.25243807 -4.81985426 -3.85146093
v -0.74845046 -4.31250143 -3.76271439
v -0.97809982 -3.29779506 -3.65031838
v -0.74729705 -3.80514836 -3.75691605
v -0.74594694 -3.29779506 -3.75012851
v -0.50362271 -4.31250143 -3.82539415
v -0.25264737 -4.31250143 -3.85465407
v -0.50335330 -3.80514836 -3.82334757
v -0.50294077 -3.29779506 -3.82021427
v -0.25278217 -3.80514836 -3.85671067
v -0.25284246 -3.29779506 -3.85763049
v -1.75416279 -2.79044199 -3.03829908
v -1.58107769 -2.79044199 -3.20610833
v -1.74654710 -2.28308892 -3.02510834
v -1.73890615 -1.77573586 -3.01187396
v -1.57412338 -2.28308892 -3.19200659
v -1.56706858 -1.77573586 -3.17770076
v -1.39424479 -2.79044199 -3.36600447
v -1.19231474 -2.79044199 -3.51244617
v -1.18781364 -2.28308892 -3.49918628
v -1.18311834 -1.77573586 -3.48535442
v -1.38838160 -2.28308892 -3.35184979
v -1.38235927 -1.77573586 -3.33731055
v -1.73126078 -1.26838279 -2.99863148
v -1.55993271 -1.26838279 -3.16323066
v -1.72363126 -0.76102966 -2.98541689
v -1.71603811 -0.25367656 -2.97226524
v -1.55273545 -0.76102966 -3.14863586
v -1.54549634 -0.25367656 -3.13395643
v -1.17824256 -1.26838279 -3.47099066
v -1.37619472 -1.26838279 -3.32242775
v -1.17320013 -0.76102966 -3.45613623
v -1.16800570 -0.25367656 -3.44083381
v -1.36990523 -0.76102966 -3.30724382
v -1.36350846 -0.25367656 -3.29180074
v -0.97525299 -2.79044199 -3.63969374
v -0.74440473 -2.79044199 -3.74237537
v -0.97219521 -2.28308892 -3.62828183
v -0.96893573 -1.77573586 -3.61611748
v -0.74267566 -2.28308892 -3.73368263
v -0.74076527 -1.77573586 -3.72407842
v -0.50238705 -2.79044199 -3.81600833
v -0.25282848 -2.79044199 -3.85741711
v -0.50169426 -2.28308892 -3.81074619
v -0.50086504 -1.77573586 -3.80444789
v -0.25274062 -2.28308892 -3.85607672
v -0.25257951 -1.77573586 -3.85361862
v -0.96548444 -1.26838279 -3.60323715
v -0.73867959 -1.26838279 -3.71359324
v -0.96185166 -0.76102966 -3.58967924
v -0.95804799 -0.25367656 -3.57548380
v -0.73642522 -0.76102966 -3.70225978
v -0.73400909 -0.25367656 -3.69011283
v -0.49990234 -1.26838279 -3.79713511
v -0.25234595 -1.26838279 -3.85005498
v -0.49880934 -0.76102966 -3.78883314
v -0.49758968 -0.25367656 -3.77956867
v -0.25204089 -0.76102966 -3.84540105
v -0.25166556 -0.25367656 -3.83967447
v -3.48605752 -5.83456087 0.45894817
v -3.39115572 -5.83456087 0.67454284
v -3.27463460 -5.83456087 0.87743568
v -3.47111440 -5.32720757 0.45698088
v -3.45593214 -4.81985426 0.45498210
v -3.37470460 -5.32720757 0.67127049
v -3.35816932 -4.81985426 0.66798145
v -3.25753474 -5.32720757 0.87285382
v -3.24052644 -4.81985426 0.86829644
v -3.14202070 -5.83456087 1.06657231
v -2.99901652 -5.83456087 1.24223340
v -3.12520456 -5.32720757 1.06086397
v -3.10866094 -4.81985426 1.05524814
v -2.98339868 -5.32720757 1.23576427
v -2.96822572 -4.81985426 1.22947943
v -2.85092354 -5.83456087 1.40591991
v -2.83731651 -5.32720757 1.39920974
v -2.82430482 -4.81985426 1.39279294
v -3.44055009 -4.31250143 0.45295700
v -3.34159446 -4.31250143 0.66468447
v -3.42500901 -3.80514836 0.45091099
v -3.32502413 -3.80514836 0.66138840
v -3.40934968 -3.29779506 0.44884941
v -3.30850291 -3.29779506 0.65810215
v -3.22365570 -4.31250143 0.86377591
v -3.09243536 -4.31250143 1.04974031
v -2.95354009 -4.31250143 1.22339642
v -3.20696855 -3.80514836 0.85930461
v -3.07657266 -3.80514836 1.04435575
v -3.19051027 -3.29779506 0.85489464
v -3.06111717 -3.29779506 1.03910923
v -2.93938327 -3.80514836 1.21753240
v -2.92579508 -3.29779506 1.21190393
v -2.81192517 -4.31250143 1.38668799
v -2.80021358 -3.80514836 1.38091254
v -2.78920364 -3.29779506 1.37548304
v -2.70214057 -5.83456087 1.56008160
v -2.55579543 -5.83456087 1.70772779
v -2.41354394 -5.83456087 1.85197747
v -2.69118357 -5.32720757 1.55375552
v -2.68093896 -4.81985426 1.54784083
v -2.54790378 -5.32720757 1.70245481
v -2.54080200 -4.81985426 1.69770956
v -2.40888572 -5.32720757 1.84840310
v -2.40505123 -4.81985426 1.84546077
v -2.27555585 -5.83456087 1.99560893
v -2.14067197 -5.83456087 2.14067197
v -2.00670505 -5.83456087 2.28820848
v -2.27405357 -5.32720757 1.99429142
v -2.14202929 -5.32720757 2.14202929
v -2.27336645 -4.81985426 1.99368882
v -2.14415526 -4.81985426 2.14415526
v -2.01045346 -5.32720757 2.29248261
v -2.01489258 -4.81985426 2.29754472
v -2.67143703 -4.31250143 1.54235482
v -2.53451180 -4.31250143 1.69350672
v -2.40205383 -4.31250143 1.84316075
v -2.66270614 -3.80514836 1.53731406
v -2.65477228 -3.29779506 1.53273356
v -2.52905369 -3.80514836 1.68985963
v -2.52444482 -3.29779506 1.68678010
v -2.39990473 -3.80514836 1.84151173
v -2.39861274 -3.29779506 1.84052026
v -2.27349925 -4.31250143 1.99380529
v -2.14704680 -4.31250143 2.14704680
v -2.02001333 -4.31250143 2.30338383
v -2.27445483 -3.80514836 1.99464333
v -2.15069866 -3.80514836 2.15069866
v -2.27623320 -3.29779506 1.99620306
v -2.15510392 -3.29779506 2.15510392
v -2.02580404 -3.80514836 2.30998683
v -2.03225160 -3.29779506 2.31733894
v -1.88253713 -4.81985426 2.45337009
v -1.88926220 -4.31250143 2.46213436
v -1.89654839 -3.80514836 2.47162986
v -1.90437794 -3.29779506 2.48183370
v -3.39361382 -2.79044199 0.44677773
v -3.29207540 -2.79044199 0.65483451
v -3.37784338 -2.28308892 0.44470152
v -3.27578616 -2.28308892 0.65159434
v -3.36208034 -1.77573586 0.44262630
v -3.25967908 -1.77573586 0.64839047
v -3.17432618 -2.79044199 0.85055816
v -3.04611135 -2.79044199 1.03401554
v -2.91281390 -2.79044199 1.20652711
v -3.15846062 -2.28308892 0.84630698
v -3.03159785 -2.28308892 1.02908874
v -3.14295745 -1.77573586 0.84215289
v -3.01761675 -1.77573586 1.02434278
v -2.90047741 -2.28308892 1.20141709
v -2.88882041 -1.77573586 1.19658864
v -2.77892804 -2.79044199 1.37041569
v -3.34636712 -1.26838279 0.44055760
v -3.24379826 -1.26838279 0.64523154
v -3.33074594 -0.76102966 0.43850103
v -3.22818685 -0.76102966 0.64212632
v -3.31525898 -0.25367656 0.43646210
v -3.12785959 -1.26838279 0.83810741
v -3.00420761 -1.26838279 1.01979113
v -2.87787700 -1.26838279 1.19205570
v -3.21288800 -0.25367656 0.63908315
v -3.11320877 -0.76102966 0.83418173
v -3.09904599 -0.25367656 0.83038688
v -2.99140882 -0.76102966 1.01544642
v -2.86767888 -0.76102966 1.18783140
v -2.97925663 -0.25367656 1.01132131
v -2.85825610 -0.25367656 1.18392837
v -2.64766002 -2.79044199 1.52862728
v -2.52070069 -2.79044199 1.68427837
v -2.39818430 -2.79044199 1.84019160
v -2.76941657 -2.28308892 1.36572504
v -2.64139128 -2.28308892 1.52500796
v -2.76069736 -1.77573586 1.36142528
v -2.63598585 -1.77573586 1.52188718
v -2.51783466 -2.28308892 1.68236327
v -2.51585746 -1.77573586 1.68104219
v -2.39862370 -2.28308892 1.84052873
v -2.39993310 -1.77573586 1.84153342
v -2.27883291 -2.79044199 1.99848294
v -2.16025352 -2.79044199 2.16025352
v -2.03934097 -2.79044199 2.32542276
v -2.28224993 -2.28308892 2.00147939
v -2.16613603 -2.28308892 2.16613603
v -2.28647757 -1.77573586 2.00518703
v -2.17273855 -1.77573586 2.17273855
v -2.04705548 -2.28308892 2.33421946
v -2.05537653 -1.77573586 2.34370756
v -2.75279713 -1.26838279 1.35752928
v -2.63146114 -1.26838279 1.51927483
v -2.51477742 -1.26838279 1.68032062
v -2.40211153 -1.26838279 1.84320509
v -2.74573946 -0.76102966 1.35404885
v -2.62783289 -0.76102966 1.51717997
v -2.73954654 -0.25367656 1.35099483
v -2.62511349 -0.25367656 1.51560998
v -2.51460075 -0.76102966 1.68020248
v -2.51533103 -0.25367656 1.68069053
v -2.40515661 -0.76102966 1.84554160
v -2.40906334 -0.25367656 1.84853923
v -2.29150772 -1.26838279 2.00959826
v -2.18004537 -1.26838279 2.18004537
v -2.29732943 -0.76102966 2.01470375
v -2.18804002 -0.76102966 2.18804002
v -2.30393004 -0.25367656 2.02049255
v -2.19670296 -0.25367656 2.19670296
v -1.91273177 -2.79044199 2.49272060
v -1.92158914 -2.28308892 2.50426364
v -1.93092811 -1.77573586 2.51643443
v -2.06428361 -1.26838279 2.35386419
v -1.94072521 -1.26838279 2.52920246
v -2.07375526 -0.76102966 2.36466455
v -1.95095587 -0.76102966 2.54253507
v -2.08376789 -0.25367656 2.37608171
v -1.96159399 -0.25367656 2.55639887
v -1.87083292 -5.83456087 2.43811679
v -1.73002803 -5.83456087 2.58916998
v -1.58146369 -5.83456087 2.73917556
v -1.87638927 -5.32720757 2.44535804
v -1.73675776 -5.32720757 2.59924173
v -1.74396813 -4.81985426 2.61003280
v -1.58874071 -5.32720757 2.75177956
v -1.59638512 -4.81985426 2.76502013
v -1.43010449 -5.32720757 2.89996505
v -1.43762183 -4.81985426 2.91520882
v -1.42284787 -5.83456087 2.88525009
v -1.25264859 -5.83456087 3.02416134
v -1.07019269 -5.83456087 3.15268588
v -1.25941193 -5.32720757 3.04048944
v -1.26634228 -4.81985426 3.05722070
v -1.07610452 -5.32720757 3.17010164
v -1.08210695 -4.81985426 3.18778419
v -1.75164127 -4.31250143 2.62151647
v -1.60437775 -4.31250143 2.77886391
v -1.44538057 -4.31250143 2.93094182
v -1.75975823 -3.80514836 2.63366437
v -1.76829863 -3.29779506 2.64644599
v -1.61269820 -3.80514836 2.79327512
v -1.62132502 -3.29779506 2.80821729
v -1.45336044 -3.80514836 2.94712353
v -1.46154070 -3.29779506 2.96371126
v -1.27342129 -4.31250143 3.07431102
v -1.08818400 -4.31250143 3.20568681
v -1.28063047 -3.80514836 3.09171534
v -1.28795075 -3.29779506 3.10938811
v -1.09431958 -3.80514836 3.22376156
v -1.10049736 -3.29779506 3.24196053
v -0.87563992 -5.83456087 3.26793265
v -0.66985470 -5.83456087 3.36758685
v -0.88046110 -5.32720757 3.28592563
v -0.88531649 -4.81985426 3.30404615
v -0.67345685 -5.32720757 3.38569641
v -0.67705715 -4.81985426 3.40379620
v -0.45420751 -5.83456087 3.45004869
v -0.23034918 -5.83456087 3.51444960
v -0.45655537 -5.32720757 3.46788216
v -0.45888484 -4.81985426 3.48557639
v -0.23147926 -5.32720757 3.53169107
v -0.23259227 -4.81985426 3.54867220
v -0.89019299 -4.31250143 3.32224560
v -0.89507759 -3.80514836 3.34047508
v -0.89995706 -3.29779506 3.35868549
v -0.68064582 -4.31250143 3.42183757
v -0.68421316 -3.80514836 3.43977189
v -0.68774962 -3.29779506 3.45755076
v -0.46118960 -4.31250143 3.50308275
v -0.23368520 -4.31250143 3.56534719
v -0.46346343 -3.80514836 3.52035427
v -0.46570015 -3.29779506 3.53734374
v -0.23475510 -3.80514836 3.58167076
v -0.23579906 -3.29779506 3.59759831
v -1.77724099 -2.79044199 2.65982914
v -1.63023615 -2.79044199 2.82365179
v -1.46989989 -2.79044199 2.98066211
v -1.78656244 -2.28308892 2.67377973
v -1.79623950 -1.77573586 2.68826246
v -1.63940847 -2.28308892 2.83953881
v -1.64881814 -1.77573586 2.85583687
v -1.47841632 -2.28308892 2.99793172
v -1.48706734 -1.77573586 3.01547408
v -1.29536271 -2.79044199 3.12728214
v -1.10670066 -2.79044199 3.26023507
v -1.30284667 -2.28308892 3.14535022
v -1.31038284 -1.77573586 3.16354418
v -1.11291301 -2.28308892 3.27853608
v -1.11911774 -1.77573586 3.29681468
v -1.80624723 -1.26838279 2.70323992
v -1.65844083 -1.26838279 2.87250376
v -1.49583018 -1.26838279 3.03324366
v -1.81655991 -0.76102966 2.71867394
v -1.82715094 -0.25367656 2.73452473
v -1.66825140 -0.76102966 2.88949633
v -1.67822409 -0.25367656 2.90676951
v -1.50468183 -0.76102966 3.05119300
v -1.51359880 -0.25367656 3.06927466
v -1.31795108 -1.26838279 3.18181539
v -1.12529814 -1.26838279 3.31502151
v -1.32553124 -0.76102966 3.20011544
v -1.33310294 -0.25367656 3.21839523
v -1.13143754 -0.76102966 3.33310747
v -1.13751948 -0.25367656 3.35102415
v -0.90481836 -2.79044199 3.37682796
v -0.69124556 -2.79044199 3.47512603
v -0.90964830 -2.28308892 3.39485359
v -0.91443384 -1.77573586 3.41271353
v -0.69469148 -2.28308892 3.49244976
v -0.69807804 -1.77573586 3.50947523
v -0.46789369 -2.79044199 3.55400538
v -0.23681425 -2.79044199 3.61308718
v -0.47003812 -2.28308892 3.57029390
v -0.47212756 -1.77573586 3.58616471
v -0.23779790 -2.28308892 3.62809491
v -0.23874736 -1.77573586 3.64258075
v -0.91916203 -1.26838279 3.43035936
v -0.70139605 -1.26838279 3.52615619
v -0.92382008 -0.76102966 3.44774342
v -0.92839539 -0.25367656 3.46481872
v -0.70463651 -0.76102966 3.54244709
v -0.70779061 -0.25367656 3.55830359
v -0.47415635 -1.26838279 3.60157490
v -0.23966004 -1.26838279 3.65650558
v -0.47611892 -0.76102966 3.61648226
v -0.47801000 -0.25367656 3.63084650
v -0.24053346 -0.76102966 3.66983128
v -0.24136522 -0.25367656 3.68252182
v 0.00000000 -12.43015099 -3.61375928
v 0.00000000 -11.92279816 -3.63465285
v 0.23120315 -12.43015099 -3.52747846
v 0.23268816 -11.92279816 -3.55013537
v 0.00000000 -11.41544437 -3.65492940
v 0.00000000 -10.90809155 -3.67453861
v 0.23414592 -11.41544437 -3.57237649
v 0.23557270 -10.90809155 -3.59414482
v 0.45059213 -12.43015099 -3.42258692
v 0.45367777 -11.92279816 -3.44602489
v 0.65729177 -12.43015099 -3.30442882
v 0.66191131 -11.92279816 -3.32765269
v 0.45673746 -11.41544437 -3.46926546
v 0.45976323 -10.90809155 -3.49224854
v 0.67115319 -10.90809155 -3.37411499
v 0.66653585 -11.41544437 -3.35090208
v 0.00000000 -10.40073872 -3.69343138
v 0.23696484 -10.40073872 -3.61538458
v 0.00000000 -9.89338589 -3.71156120
v 0.00000000 -9.38603210 -3.72888374
v 0.23831880 -9.89338589 -3.63604236
v 0.23963121 -9.38603210 -3.65606570
v 0.46274722 -10.40073872 -3.51491404
v 0.67575115 -10.40073872 -3.39723039
v 0.46568161 -9.89338589 -3.53720307
v 0.46855891 -9.38603210 -3.55905819
v 0.68031752 -9.89338589 -3.42018700
v 0.68484026 -9.38603210 -3.44292450
v 0.85153377 -12.43015099 -3.17796731
v 1.03444636 -12.43015099 -3.04738069
v 0.85744983 -11.92279816 -3.20004630
v 1.04128039 -11.92279816 -3.06751299
v 1.20775843 -12.43015099 -2.91578674
v 1.21503162 -11.92279816 -2.93334579
v 0.86342973 -11.41544437 -3.22236371
v 0.86945742 -10.90809155 -3.24485922
v 1.04826021 -11.41544437 -3.08807516
v 1.22254956 -11.41544437 -2.95149589
v 1.05536699 -10.90809155 -3.10901093
v 1.23029149 -10.90809155 -2.97018647
v 1.37346506 -12.43015099 -2.78511167
v 1.38064611 -11.92279816 -2.79967332
v 1.53350604 -12.43015099 -2.65611029
v 1.68949842 -12.43015099 -2.52851319
v 1.54005754 -11.92279816 -2.66745782
v 1.69491827 -11.92279816 -2.53662443
v 1.38817990 -11.41544437 -2.81495047
v 1.39604557 -10.90809155 -2.83090043
v 1.54707134 -11.41544437 -2.67960620
v 1.70090413 -11.41544437 -2.54558301
v 1.55452776 -10.90809155 -2.69252110
v 1.70743895 -10.90809155 -2.55536294
v 0.87551665 -10.40073872 -3.26747274
v 1.06258130 -10.40073872 -3.13026357
v 1.23823619 -10.40073872 -2.98936653
v 0.88159126 -9.89338589 -3.29014325
v 0.88766491 -9.38603210 -3.31281066
v 1.06988347 -9.89338589 -3.15177512
v 1.24636161 -9.89338589 -3.00898314
v 1.07725382 -9.38603210 -3.17348742
v 1.25464571 -9.38603210 -3.02898264
v 1.40422118 -10.40073872 -2.84747887
v 1.41268384 -9.89338589 -2.86463952
v 1.42141020 -9.38603210 -2.88233471
v 1.56240582 -10.40073872 -2.70616627
v 1.71450400 -10.40073872 -2.56593657
v 1.57068312 -9.89338589 -2.72050309
v 1.57933676 -9.38603210 -2.73549151
v -0.00000000 -12.43015099 -0.00000000
v 0.00000000 -8.87867928 -3.74535632
v 0.24089871 -8.87867928 -3.67540407
v 0.00000000 -8.37132645 -3.76093984
v 0.00000000 -7.86397314 -3.77559686
v 0.24211816 -8.37132645 -3.69400930
v 0.24328655 -7.86397314 -3.71183538
v 0.47137165 -8.87867928 -3.58042312
v 0.68930757 -8.87867928 -3.46538329
v 0.47411263 -8.37132645 -3.60124302
v 0.47677490 -7.86397314 -3.62146497
v 0.69370776 -8.37132645 -3.48750448
v 0.69802934 -7.86397314 -3.50923061
v 0.00000000 -7.35661983 -3.78929281
v 0.24440098 -7.35661983 -3.72883821
v 0.00000000 -6.84926701 -3.80199575
v 0.00000000 -6.34191370 -3.81367683
v 0.24545872 -6.84926701 -3.74497652
v 0.24645725 -6.34191370 -3.76021099
v 0.47935167 -7.35661983 -3.64103746
v 0.70226115 -7.35661983 -3.53050518
v 0.48183644 -6.84926701 -3.65991116
v 0.48422301 -6.34191370 -3.67803907
v 0.70639223 -6.84926701 -3.55127335
v 0.71041191 -6.34191370 -3.57148194
v 0.89372146 -8.87867928 -3.33541393
v 1.08467245 -8.87867928 -3.19534183
v 1.26306546 -8.87867928 -3.04930973
v 0.89974481 -8.37132645 -3.35789347
v 0.90571898 -7.86397314 -3.38018942
v 1.09211910 -8.37132645 -3.21727920
v 1.09957409 -7.86397314 -3.23924065
v 1.43037593 -8.87867928 -2.90051556
v 1.27159810 -8.37132645 -3.06990933
v 1.43955648 -8.37132645 -2.91913176
v 1.28022027 -7.86397314 -3.09072518
v 1.44892621 -7.86397314 -2.93813157
v 1.58834219 -8.87867928 -2.75108933
v 1.59767437 -8.37132645 -2.76725316
v 1.60730720 -7.86397314 -2.78393769
v 0.91162825 -7.35661983 -3.40224290
v 1.10701716 -7.35661983 -3.26116729
v 0.91745692 -6.84926701 -3.42399597
v 0.92318988 -6.34191370 -3.44539142
v 1.11442840 -6.84926701 -3.28300023
v 1.12178814 -6.34191370 -3.30468130
v 1.28890848 -7.35661983 -3.11170053
v 1.45845938 -7.35661983 -2.95746303
v 1.29763925 -6.84926701 -3.13277841
v 1.46812987 -6.84926701 -2.97707272
v 1.30638885 -6.34191370 -3.15390158
v 1.47791100 -6.34191370 -2.99690700
v 1.63773751 -6.34191370 -2.83664465
v 1.61721385 -7.35661983 -2.80109644
v 1.62736666 -6.84926701 -2.81868172
v 1.84255755 -12.43015099 -2.40126777
v 1.84640980 -11.92279816 -2.40628815
v 1.99321902 -12.43015099 -2.27283072
v 2.14146280 -12.43015099 -2.14146280
v 1.99515307 -11.92279816 -2.27503610
v 2.14122057 -11.92279816 -2.14122057
v 1.85091960 -11.41544437 -2.41216540
v 1.85607386 -10.90809155 -2.41888261
v 1.99781930 -11.41544437 -2.27807641
v 2.14176512 -11.41544437 -2.14176512
v 2.00121021 -10.90809155 -2.28194284
v 2.14309525 -10.90809155 -2.14309525
v 2.28681827 -12.43015099 -2.00548577
v 2.28423142 -11.92279816 -2.00321722
v 2.42852449 -12.43015099 -1.86347234
v 2.42350435 -11.92279816 -1.85962021
v 2.28246427 -11.41544437 -2.00166750
v 2.28152204 -10.90809155 -2.00084114
v 2.41931438 -11.41544437 -1.85640514
v 2.41596675 -10.90809155 -1.85383654
v 1.86185801 -10.40073872 -2.42642069
v 2.00531554 -10.40073872 -2.28662419
v 2.14520645 -10.40073872 -2.14520645
v 1.72207940 -9.89338589 -2.57727385
v 1.86825526 -9.89338589 -2.43475771
v 1.73014343 -9.38603210 -2.58934259
v 1.87524736 -9.38603210 -2.44387007
v 2.01012397 -9.89338589 -2.29210711
v 2.14809322 -9.89338589 -2.14809322
v 2.01562119 -9.38603210 -2.29837537
v 2.15174651 -9.38603210 -2.15174651
v 2.28140736 -10.40073872 -2.00074053
v 2.41347170 -10.40073872 -1.85192192
v 2.28212070 -9.89338589 -2.00136614
v 2.28365970 -9.38603210 -2.00271583
v 2.41183567 -9.89338589 -1.85066664
v 2.41106415 -9.38603210 -1.85007453
v 2.56570315 -12.43015099 -1.71434808
v 2.55822849 -11.92279816 -1.70935357
v 2.55157232 -11.41544437 -1.70490611
v 2.54575396 -10.90809155 -1.70101833
v 2.54079056 -10.40073872 -1.69770193
v 2.53669643 -9.89338589 -1.69496644
v 2.53348374 -9.38603210 -1.69281971
v 2.69751573 -12.43015099 -1.55741131
v 2.82326674 -12.43015099 -1.39228106
v 2.68762064 -11.92279816 -1.55169845
v 2.81103253 -11.92279816 -1.38624787
v 2.94244051 -12.43015099 -1.21879876
v 3.05466270 -12.43015099 -1.03691828
v 2.92799401 -11.92279816 -1.21281481
v 3.03817797 -11.92279816 -1.03132248
v 2.67851043 -11.41544437 -1.54643881
v 2.79952955 -11.41544437 -1.38057518
v 2.67021227 -10.90809155 -1.54164767
v 2.78879070 -10.90809155 -1.37527943
v 2.91420412 -11.41544437 -1.20710289
v 3.02225661 -11.41544437 -1.02591789
v 2.90111089 -10.90809155 -1.20167947
v 3.00694489 -10.90809155 -1.02072024
v 3.15959597 -12.43015099 -0.84661114
v 3.14130330 -11.92279816 -0.84170967
v 3.12346244 -11.41544437 -0.83692926
v 3.10612488 -10.90809155 -0.83228368
v 3.25679588 -12.43015099 -0.64781702
v 3.23699021 -11.92279816 -0.64387739
v 3.34555435 -12.43015099 -0.44045058
v 3.32460260 -11.92279816 -0.43769222
v 3.42476416 -12.43015099 -0.22447091
v 3.49284124 -12.43015099 0.00000000
v 3.40310812 -11.92279816 -0.22305149
v 3.47099137 -11.92279816 0.00000000
v 3.21750832 -11.41544437 -0.64000219
v 3.19840574 -10.90809155 -0.63620245
v 3.28330112 -10.90809155 -0.43225479
v 3.30383205 -11.41544437 -0.43495774
v 3.38147902 -11.41544437 -0.22163385
v 3.44900703 -11.41544437 0.00000000
v 3.50446224 -11.41544437 0.22969459
v 3.35993719 -10.90809155 -0.22022192
v 3.42694831 -10.90809155 0.00000000
v 3.48244548 -10.90809155 0.22825153
v 2.66274977 -10.40073872 -1.53733933
v 2.77884769 -10.40073872 -1.37037599
v 2.88875246 -10.40073872 -1.19656050
v 2.99228644 -10.40073872 -1.01574433
v 2.65614510 -9.89338589 -1.53352606
v 2.76972938 -9.89338589 -1.36587930
v 2.65041733 -9.38603210 -1.53021908
v 2.76146197 -9.38603210 -1.36180234
v 2.87716460 -9.89338589 -1.19176054
v 2.97832346 -9.89338589 -1.01100457
v 2.86638069 -9.38603210 -1.18729377
v 2.96509647 -9.38603210 -1.00651455
v 3.05761790 -9.38603210 -0.81928629
v 3.08933997 -10.40073872 -0.82778615
v 3.07315564 -9.89338589 -0.82344955
v 3.17973638 -10.40073872 -0.63248885
v 3.26306748 -10.40073872 -0.42959097
v 3.33854246 -10.40073872 -0.21881963
v 3.40487671 -10.40073872 0.00000000
v 3.46025014 -10.40073872 0.22679678
v 3.16155314 -9.89338589 -0.62887198
v 3.24318767 -9.89338589 -0.42697376
v 3.14390731 -9.38603210 -0.62536204
v 3.22371745 -9.38603210 -0.42441046
v 3.31735420 -9.89338589 -0.21743089
v 3.38285279 -9.89338589 0.00000000
v 3.43793678 -9.89338589 0.22533427
v 3.29643154 -9.38603210 -0.21605954
v 3.36093688 -9.38603210 0.00000000
v 3.41556644 -9.38603210 0.22386804
v 1.73867357 -8.87867928 -2.60210896
v 1.88281441 -8.87867928 -2.45373154
v 2.02179122 -8.87867928 -2.30541110
v 2.15615606 -8.87867928 -2.15615606
v 1.74764550 -8.37132645 -2.61553621
v 1.89093459 -8.37132645 -2.46431398
v 1.75703382 -7.86397314 -2.62958694
v 1.89958501 -7.86397314 -2.47558737
v 2.03607798 -7.86397314 -2.32170200
v 2.02861691 -8.37132645 -2.31319404
v 2.16130900 -8.37132645 -2.16130900
v 2.28601980 -8.87867928 -2.00478554
v 2.41115880 -8.87867928 -1.85014725
v 2.28919435 -8.37132645 -2.00756955
v 2.16719055 -7.86397314 -2.16719055
v 2.29317403 -7.86397314 -2.01105976
v 2.41211963 -8.37132645 -1.85088444
v 2.41394353 -7.86397314 -1.85228407
v 1.76681221 -7.35661983 -2.64422131
v 1.90874088 -7.35661983 -2.48751950
v 2.04415345 -7.35661983 -2.33091021
v 1.77695322 -6.84926701 -2.65939856
v 1.91837633 -6.84926701 -2.50007677
v 1.78742838 -6.34191370 -2.67507553
v 1.92846406 -6.34191370 -2.51322341
v 2.05282021 -6.84926701 -2.34079266
v 2.06205320 -6.34191370 -2.35132122
v 2.17378330 -7.35661983 -2.17378330
v 2.29794741 -7.35661983 -2.01524568
v 2.41662550 -7.35661983 -1.85434198
v 2.18106890 -6.84926701 -2.18106890
v 2.30350041 -6.84926701 -2.02011561
v 2.18902612 -6.34191370 -2.18902612
v 2.30981708 -6.34191370 -2.02565527
v 2.42015767 -6.84926701 -1.85705233
v 2.42453003 -6.34191370 -1.86040723
v 2.53116155 -8.87867928 -1.69126809
v 2.52973676 -8.37132645 -1.69031608
v 2.52921367 -7.86397314 -1.68996644
v 2.52959347 -7.35661983 -1.69022024
v 2.53087521 -6.84926701 -1.69107676
v 2.53305531 -6.34191370 -1.69253349
v 2.64558291 -8.87867928 -1.52742803
v 2.75406981 -8.87867928 -1.35815692
v 2.85643172 -8.87867928 -1.18317282
v 2.95264292 -8.87867928 -1.00228727
v 3.04277110 -8.87867928 -0.81530809
v 2.64165640 -8.37132645 -1.52516103
v 2.74757409 -8.37132645 -1.35495365
v 2.63864899 -7.86397314 -1.52342463
v 2.74199390 -7.86397314 -1.35220170
v 2.83915210 -7.86397314 -1.17601526
v 2.84734678 -8.37132645 -1.17940974
v 2.94099903 -8.37132645 -0.99833465
v 3.02865744 -8.37132645 -0.81152636
v 2.93019795 -7.86397314 -0.99466813
v 3.01531720 -7.86397314 -0.80795181
v 3.12684894 -8.87867928 -0.62196892
v 3.20471144 -8.87867928 -0.42190826
v 3.27583194 -8.87867928 -0.21470937
v 3.33918953 -8.87867928 0.00000000
v 3.39319992 -8.87867928 0.22240208
v 3.11042595 -8.37132645 -0.61870217
v 3.18622255 -8.37132645 -0.41947415
v 3.09468460 -7.86397314 -0.61557102
v 3.16830254 -7.86397314 -0.41711494
v 3.25561285 -8.37132645 -0.21338414
v 3.23582983 -7.86397314 -0.21208750
v 3.31767011 -8.37132645 0.00000000
v 3.37089825 -8.37132645 0.22094035
v 3.29643798 -7.86397314 0.00000000
v 3.34872198 -7.86397314 0.21948683
v 2.63656926 -7.35661983 -1.52222395
v 2.73734522 -7.35661983 -1.34990931
v 2.83187103 -7.35661983 -1.17299938
v 2.92027044 -7.35661983 -0.99129826
v 3.00278807 -7.35661983 -0.80459464
v 2.63542342 -6.84926701 -1.52156246
v 2.73364186 -6.84926701 -1.34808290
v 2.63521504 -6.34191370 -1.52144217
v 2.73089433 -6.34191370 -1.34672797
v 2.82552481 -6.84926701 -1.17037070
v 2.82013154 -6.34191370 -1.16813672
v 2.91124535 -6.84926701 -0.98823464
v 2.99110579 -6.84926701 -0.80146438
v 2.90314841 -6.34191370 -0.98548609
v 2.98030353 -6.34191370 -0.79856992
v 3.05198383 -6.34191370 -0.60707736
v 3.07966948 -7.35661983 -0.61258435
v 3.15100121 -7.35661983 -0.41483715
v 3.21653771 -7.35661983 -0.21082303
v 3.27555084 -7.35661983 0.00000000
v 3.32673144 -7.35661983 0.21804550
v 3.06542230 -6.84926701 -0.60975045
v 3.13436675 -6.84926701 -0.41264722
v 3.11844587 -6.34191370 -0.41055116
v 3.19778991 -6.84926701 -0.20959422
v 3.25506592 -6.84926701 0.00000000
v 3.17963791 -6.34191370 -0.20840448
v 3.23503947 -6.34191370 0.00000000
v 3.28354478 -6.34191370 0.21521489
v 3.30498600 -6.84926701 0.21662022
v -0.00000000 -12.43015099 3.33457208
v -0.00000000 -11.92279816 3.35157919
v 0.22062743 -12.43015099 3.36612415
v -0.00000000 -11.41544437 3.36881995
v 0.22176918 -11.92279816 3.38354397
v -0.00000000 -10.90809155 3.38624859
v 0.22291882 -11.41544437 3.40108395
v 0.22407328 -10.90809155 3.41869760
v 0.44536266 -12.43015099 3.38286519
v 0.44767883 -11.92279816 3.40045834
v 0.67333651 -12.43015099 3.38509130
v 0.67682528 -11.92279816 3.40263057
v 0.44999608 -11.41544437 3.41805983
v 0.45230830 -10.90809155 3.43562269
v 0.68029380 -11.41544437 3.42006803
v 0.68373293 -10.90809155 3.43735766
v -0.00000000 -10.40073872 3.40381908
v 0.22522949 -10.40073872 3.43633795
v -0.00000000 -9.89338589 3.42148471
v -0.00000000 -9.38603210 3.43919802
v 0.22638439 -9.89338589 3.45395827
v 0.22753489 -9.38603210 3.47151160
v 0.45460930 -10.40073872 3.45310044
v 0.68713355 -10.40073872 3.45445371
v 0.45689306 -9.89338589 3.47044730
v 0.45915344 -9.38603210 3.48761654
v 0.69048679 -9.89338589 3.47131157
v 0.69378370 -9.38603210 3.48788619
v 0.90382463 -12.43015099 3.37311959
v 1.13618279 -12.43015099 3.34708643
v 1.14185679 -11.92279816 3.36380172
v 1.14742386 -11.41544437 3.38020182
v 1.36972034 -12.43015099 3.30679750
v 1.37630558 -11.92279816 3.32269573
v 1.60353971 -12.43015099 3.25165677
v 1.61082745 -11.92279816 3.26643491
v 1.38271880 -11.41544437 3.33817840
v 1.38894331 -10.90809155 3.35320568
v 1.61786377 -11.41544437 3.28070307
v 1.62463081 -10.90809155 3.29442549
v 0.90844762 -11.92279816 3.39037275
v 0.91301435 -11.41544437 3.40741611
v 0.91751295 -10.90809155 3.42420506
v 1.15286982 -10.90809155 3.39624476
v 1.39496338 -10.40073872 3.36773944
v 1.63111162 -10.40073872 3.30756712
v 1.63728964 -9.89338589 3.32009506
v 1.64314950 -9.38603210 3.33197737
v 0.92193168 -10.40073872 3.44069576
v 1.15818024 -10.40073872 3.41188884
v 0.92625886 -9.89338589 3.45684505
v 0.93048328 -9.38603210 3.47261095
v 1.16334152 -9.89338589 3.42709351
v 1.16834033 -9.38603210 3.44181967
v 1.40076351 -9.89338589 3.38174224
v 1.40632880 -9.38603210 3.39517808
v -0.00000000 -8.87867928 3.45691204
v 0.22867794 -8.87867928 3.48895121
v -0.00000000 -8.37132645 3.47457910
v -0.00000000 -7.86397314 3.49215198
v 0.22981046 -8.37132645 3.50623012
v 0.23092943 -7.86397314 3.52330232
v 0.46138448 -8.87867928 3.50456285
v 0.69701564 -8.87867928 3.50413442
v 0.46358019 -8.37132645 3.52124119
v 0.46573481 -7.86397314 3.53760695
v 0.70017409 -8.37132645 3.52001286
v 0.70325065 -7.86397314 3.53547978
v -0.00000000 -7.35661983 3.50958323
v 0.23203185 -7.35661983 3.54012203
v -0.00000000 -6.84926701 3.52682638
v -0.00000000 -6.34191370 3.54383445
v 0.23311478 -6.84926701 3.55664420
v 0.23417528 -6.34191370 3.57282448
v 0.46784252 -7.35661983 3.55361676
v 0.70623726 -7.35661983 3.55049443
v 0.46989775 -6.84926701 3.56922770
v 0.47189498 -6.34191370 3.58439827
v 0.70912594 -6.84926701 3.56501675
v 0.71190912 -6.34191370 3.57900906
v 1.64867616 -8.87867928 3.34318447
v 1.65385592 -8.37132645 3.35368800
v 1.65867567 -7.86397314 3.36346173
v 0.93459386 -8.87867928 3.48795176
v 1.17316365 -8.87867928 3.45602870
v 0.93857980 -8.37132645 3.50282764
v 0.94243079 -7.86397314 3.51719952
v 1.17779911 -8.37132645 3.46968436
v 1.18223476 -7.86397314 3.48275137
v 1.41164517 -8.87867928 3.40801287
v 1.41669905 -8.37132645 3.42021394
v 1.42147744 -7.86397314 3.43175006
v 1.66312373 -7.35661983 3.37248135
v 1.66718876 -6.84926701 3.38072443
v 0.94613665 -7.35661983 3.53103018
v 1.18645906 -7.35661983 3.49519563
v 0.94968784 -6.84926701 3.54428339
v 0.95307499 -6.34191370 3.55692434
v 1.19046128 -6.84926701 3.50698566
v 1.19423091 -6.34191370 3.51809096
v 1.42596841 -7.35661983 3.44259238
v 1.43016052 -6.84926701 3.45271277
v 1.43404317 -6.34191370 3.46208644
v 1.67086089 -6.34191370 3.38817072
v 3.45974803 -12.43015099 1.70615900
v 3.45146847 -11.92279816 1.70207596
v 3.23019838 -12.43015099 2.15834951
v 3.22812724 -11.92279816 2.15696573
v 3.35784197 -12.43015099 1.93865108
v 3.35272360 -11.92279816 1.93569589
v 3.51136899 -11.41544437 1.45445669
v 3.44221377 -11.41544437 1.69751203
v 3.49815345 -10.90809155 1.44898260
v 3.43200946 -10.90809155 1.69247973
v 3.22508383 -11.41544437 2.15493202
v 3.22107744 -10.90809155 2.15225530
v 3.34661531 -11.41544437 1.93216920
v 3.33953452 -10.90809155 1.92808104
v 3.50235152 -10.40073872 0.46109334
v 3.48034835 -9.89338589 0.45819655
v 3.50744247 -9.89338589 0.69767368
v 3.45812082 -9.38603210 0.45527023
v 3.48598409 -9.38603210 0.69340533
v 3.50443649 -9.89338589 1.18959594
v 3.49631929 -9.38603210 0.93683594
v 3.48632383 -9.38603210 1.18344748
v 3.48407984 -10.40073872 1.44315314
v 3.42088342 -10.40073872 1.68699300
v 3.21612048 -10.40073872 2.14894295
v 3.33150101 -10.40073872 1.92344296
v 3.46918631 -9.89338589 1.43698406
v 3.40886593 -9.89338589 1.68106663
v 3.45351291 -9.38603210 1.43049181
v 3.39598918 -9.38603210 1.67471659
v 3.21022654 -9.89338589 2.14500475
v 3.20341277 -9.38603210 2.14045215
v 3.32253695 -9.89338589 1.91826761
v 3.31266713 -9.38603210 1.91256917
v 1.83637428 -12.43015099 3.18069363
v 1.84407747 -11.92279816 3.19403601
v 2.06646204 -12.43015099 3.09267879
v 2.07421303 -11.92279816 3.10427904
v 1.85143757 -11.41544437 3.20678401
v 1.85843611 -10.90809155 3.21890569
v 2.08151937 -11.41544437 3.11521387
v 2.08836293 -10.90809155 3.12545609
v 2.50857449 -12.43015099 2.86048102
v 2.29148126 -12.43015099 2.98631668
v 2.29883909 -11.92279816 2.99590540
v 2.51504183 -11.92279816 2.86785555
v 2.30564475 -11.41544437 3.00477457
v 2.31188178 -10.90809155 3.01290298
v 2.52084899 -11.41544437 2.87447739
v 2.52598214 -10.90809155 2.88033056
v 1.86505568 -10.40073872 3.23037124
v 2.09472728 -10.40073872 3.13498068
v 1.87127960 -9.89338589 3.24115133
v 1.87709272 -9.38603210 3.25121999
v 2.10059619 -9.89338589 3.14376450
v 2.10595584 -9.38603210 3.15178585
v 2.31753516 -10.40073872 3.02027059
v 2.53042960 -10.40073872 2.88540196
v 2.32259154 -9.89338589 3.02686024
v 2.32703876 -9.38603210 3.03265595
v 2.53418064 -9.89338589 2.88967919
v 2.53722715 -9.38603210 2.89315319
v 2.71446013 -12.43015099 2.71446013
v 2.71951175 -11.92279816 2.71951175
v 2.90562844 -12.43015099 2.54816771
v 2.90874696 -11.92279816 2.55090261
v 2.72380066 -11.41544437 2.72380066
v 2.72731686 -10.90809155 2.72731686
v 2.91101193 -11.41544437 2.55288887
v 2.91241932 -10.90809155 2.55412316
v 3.07859802 -12.43015099 2.36229134
v 3.07931304 -11.92279816 2.36283994
v 3.07910299 -11.41544437 2.36267877
v 3.07796979 -10.90809155 2.36180925
v 2.73005319 -10.40073872 2.73005319
v 2.91296673 -10.40073872 2.55460334
v 2.73200345 -9.89338589 2.73200345
v 2.73316407 -9.38603210 2.73316407
v 2.91265440 -9.89338589 2.55432916
v 2.91148424 -9.38603210 2.55330324
v 3.07591796 -10.40073872 2.36023498
v 3.07295442 -9.89338589 2.35796094
v 3.06908798 -9.38603210 2.35499406
v 3.43572879 -8.87867928 0.45232227
v 3.46419597 -8.87867928 0.68907142
v 3.47576380 -8.87867928 0.93132806
v 3.46758795 -8.87867928 1.17708755
v 3.41323304 -8.37132645 0.44936064
v 3.44213676 -8.37132645 0.68468356
v 3.39069390 -7.86397314 0.44639334
v 3.41986537 -7.86397314 0.68025351
v 3.45477819 -8.37132645 0.92570502
v 3.44827890 -8.37132645 1.17053294
v 3.43341851 -7.86397314 0.91998172
v 3.42844820 -7.86397314 1.16380131
v 3.05219674 -7.86397314 2.34203291
v 3.43710136 -8.87867928 1.42369401
v 3.38228846 -8.87867928 1.66796005
v 3.19569802 -8.87867928 2.13529706
v 3.30191827 -8.87867928 1.90636337
v 3.41999578 -8.37132645 1.41660857
v 3.36780000 -8.37132645 1.66081512
v 3.40224147 -7.86397314 1.40925455
v 3.35256267 -7.86397314 1.65330100
v 3.18710327 -8.37132645 2.12955427
v 3.27790165 -7.86397314 1.89249742
v 3.17765236 -7.86397314 2.12323952
v 3.29031920 -8.37132645 1.89966667
v 3.36817265 -7.35661983 0.44342834
v 3.39744163 -7.35661983 0.67579317
v 3.41174197 -7.35661983 0.91417354
v 3.40814853 -7.35661983 1.15691054
v 3.34572959 -6.84926701 0.44047365
v 3.37492561 -6.84926701 0.67131448
v 3.32342505 -6.34191370 0.43753719
v 3.35237765 -6.34191370 0.66682935
v 3.38980627 -6.84926701 0.90829587
v 3.38743353 -6.84926701 1.14987874
v 3.36766958 -6.34191370 0.90236431
v 3.36635852 -6.34191370 1.14272475
v 3.04485536 -7.35661983 2.33639979
v 3.03669024 -6.84926701 2.33013439
v 3.02772379 -6.34191370 2.32325411
v 3.38388586 -7.35661983 1.40165138
v 3.33661699 -7.35661983 1.64543748
v 3.26469874 -7.35661983 1.88487458
v 3.16737080 -7.35661983 2.11636949
v 3.36497760 -6.84926701 1.39381933
v 3.32000566 -6.84926701 1.63724566
v 3.34556675 -6.34191370 1.38577914
v 3.30277252 -6.34191370 1.62874711
v 3.25074553 -6.84926701 1.87681878
v 3.15628624 -6.84926701 2.10896301
v 3.23607922 -6.34191370 1.86835122
v 3.14442849 -6.34191370 2.10104012
v 1.88248038 -8.87867928 3.26055169
v 2.11079311 -8.87867928 3.15902519
v 1.88742948 -8.37132645 3.26912379
v 1.89192784 -7.86397314 3.27691507
v 2.11509657 -8.37132645 3.16546559
v 2.11885548 -7.86397314 3.17109132
v 2.33086634 -8.87867928 3.03764415
v 2.53956270 -8.87867928 2.89581609
v 2.33406568 -8.37132645 3.04181361
v 2.33662939 -7.86397314 3.04515481
v 2.54118180 -8.37132645 2.89766264
v 2.54208231 -7.86397314 2.89868927
v 1.89596450 -7.35661983 3.28390670
v 2.12206149 -7.35661983 3.17588949
v 1.89952970 -6.84926701 3.29008198
v 1.90261519 -6.34191370 3.29542613
v 2.12470722 -6.84926701 3.17984915
v 2.12678671 -6.34191370 3.18296099
v 2.33855200 -7.35661983 3.04766035
v 2.54226232 -7.35661983 2.89889479
v 2.33982992 -6.84926701 3.04932570
v 2.34046054 -6.34191370 3.05014753
v 2.54172325 -6.84926701 2.89827991
v 2.54046726 -6.34191370 2.89684772
v 2.73353362 -8.87867928 2.73353362
v 2.90946102 -8.87867928 2.55152869
v 3.06433010 -8.87867928 2.35134315
v 2.73311210 -8.37132645 2.73311210
v 2.73190236 -7.86397314 2.73190236
v 2.90659094 -8.37132645 2.54901195
v 3.05869436 -8.37132645 2.34701872
v 2.90288305 -7.86397314 2.54576015
v 2.72990823 -7.35661983 2.72990823
v 2.89834809 -7.35661983 2.54178309
v 2.72713661 -6.84926701 2.72713661
v 2.72359562 -6.34191370 2.72359562
v 2.89299917 -6.84926701 2.53709221
v 2.88685107 -6.34191370 2.53170037
v 0.00000000 -5.83456087 -3.82430959
v 0.24739414 -5.83456087 -3.77450538
v 0.00000000 -5.32720757 -3.83387113
v 0.00000000 -4.81985426 -3.84234095
v 0.24826722 -5.32720757 -3.78782582
v 0.24907441 -4.81985426 -3.80014110
v 0.48650542 -5.83456087 -3.69537568
v 0.71430999 -5.83456087 -3.59107876
v 0.48867807 -5.32720757 -3.71187830
v 0.49073559 -4.81985426 -3.72750688
v 0.71807653 -5.32720757 -3.61001444
v 0.72170198 -4.81985426 -3.62824082
v 0.00000000 -4.31250143 -3.84970164
v 0.24981390 -4.31250143 -3.81142354
v 0.00000000 -3.80514836 -3.85593915
v 0.00000000 -3.29779506 -3.86104226
v 0.25048402 -3.80514836 -3.82164741
v 0.25108328 -3.29779506 -3.83079052
v 0.49267304 -4.31250143 -3.74222326
v 0.72517729 -4.31250143 -3.64571238
v 0.49448577 -3.80514836 -3.75599217
v 0.49616948 -3.29779506 -3.76878142
v 0.72849375 -3.80514836 -3.66238546
v 0.73164320 -3.29779506 -3.67821884
v 0.92881203 -5.83456087 -3.46637368
v 1.12907672 -5.83456087 -3.32615280
v 0.93430877 -5.32720757 -3.48688769
v 0.93966585 -4.81985426 -3.50688076
v 1.14336383 -4.81985426 -3.36824107
v 1.13627493 -5.32720757 -3.34735823
v 1.31513369 -5.83456087 -3.17501354
v 1.48777616 -5.83456087 -3.01691175
v 1.64829779 -5.83456087 -2.85493541
v 1.32385015 -5.32720757 -3.19605708
v 1.33251512 -4.81985426 -3.21697593
v 1.49769843 -5.32720757 -3.03703213
v 1.65901816 -5.32720757 -2.87350368
v 1.50765073 -4.81985426 -3.05721331
v 1.66986930 -4.81985426 -2.89229846
v 0.94486958 -4.31250143 -3.52630115
v 1.15032458 -4.31250143 -3.38874698
v 0.94990647 -3.80514836 -3.54509926
v 0.95476389 -3.29779506 -3.56322718
v 1.15713906 -3.80514836 -3.40882182
v 1.16378963 -3.29779506 -3.42841363
v 1.34110510 -4.31250143 -3.23771429
v 1.51760626 -4.31250143 -3.07740092
v 1.68082118 -4.31250143 -2.91126776
v 1.34959745 -3.80514836 -3.25821662
v 1.35796952 -3.29779506 -3.27842855
v 1.52753782 -3.80514836 -3.09754014
v 1.69184399 -3.80514836 -2.93035984
v 1.53741884 -3.29779506 -3.11757684
v 1.70290756 -3.29779506 -2.94952250
v 0.00000000 -2.79044199 -3.86500263
v 0.25161046 -2.79044199 -3.83883357
v 0.00000000 -2.28308892 -3.86781573
v 0.00000000 -1.77573586 -3.86947918
v 0.25206444 -2.28308892 -3.84576035
v 0.25244442 -1.77573586 -3.85155749
v 0.49772027 -2.79044199 -3.78056097
v 0.73461795 -2.79044199 -3.69317389
v 0.49913460 -2.28308892 -3.79130387
v 0.50040931 -1.77573586 -3.80098629
v 0.73741078 -2.28308892 -3.70721436
v 0.74001503 -1.77573586 -3.72030663
v 0.00000000 -1.26838279 -3.86999464
v 0.25274968 -1.26838279 -3.85621476
v 0.00000000 -0.76102966 -3.86936617
v 0.00000000 -0.25367656 -3.86760116
v 0.25297979 -0.76102966 -3.85972548
v 0.25313446 -0.25367656 -3.86208558
v 0.50154167 -1.26838279 -3.80958700
v 0.74242449 -1.26838279 -3.73241997
v 0.50252920 -0.76102966 -3.81708837
v 0.50337005 -0.25367656 -3.82347512
v 0.74463367 -0.76102966 -3.74352622
v 0.74663746 -0.25367656 -3.75360012
v 0.95942938 -2.79044199 -3.58063912
v 1.17025888 -2.79044199 -3.44747162
v 0.96389133 -2.28308892 -3.59729123
v 0.96813858 -1.77573586 -3.61314225
v 1.17653036 -2.28308892 -3.46594644
v 1.18258774 -1.77573586 -3.48379111
v 1.36619937 -2.79044199 -3.29829693
v 1.54722273 -2.79044199 -3.13745737
v 1.71398175 -2.79044199 -2.96870351
v 1.37426507 -2.28308892 -3.31776953
v 1.38214576 -1.77573586 -3.33679509
v 1.55692327 -2.28308892 -3.15712810
v 1.56649470 -1.77573586 -3.17653704
v 0.97216064 -1.26838279 -3.62815285
v 1.18841577 -1.26838279 -3.50095987
v 0.97594774 -0.76102966 -3.64228654
v 0.97949064 -0.25367656 -3.65550876
v 1.19399965 -0.76102966 -3.51740956
v 1.19932532 -0.25367656 -3.53309870
v 1.38982081 -1.26838279 -3.35532403
v 1.57591152 -1.26838279 -3.19563246
v 1.39727020 -0.76102966 -3.37330866
v 1.40447497 -0.25367656 -3.39070249
v 1.58514881 -0.76102966 -3.21436381
v 1.59418249 -0.25367656 -3.23268223
v 1.79820824 -5.83456087 -2.69120884
v 1.93897557 -5.83456087 -2.52692223
v 2.07182670 -5.83456087 -2.36246562
v 1.80926299 -5.32720757 -2.70775342
v 1.82056153 -4.81985426 -2.72466278
v 1.94988132 -5.32720757 -2.54113483
v 2.08211255 -5.32720757 -2.37419415
v 1.96115053 -4.81985426 -2.55582118
v 2.09288168 -4.81985426 -2.38647413
v 2.19763207 -5.83456087 -2.19763207
v 2.31687951 -5.83456087 -2.03184891
v 2.42972970 -5.83456087 -1.86439717
v 2.20686221 -5.32720757 -2.20686221
v 2.32466745 -5.32720757 -2.03867865
v 2.21669054 -4.81985426 -2.21669054
v 2.33315849 -4.81985426 -2.04612517
v 2.43574190 -5.32720757 -1.86901057
v 2.44254971 -4.81985426 -1.87423432
v 1.83207273 -4.31250143 -2.74189043
v 1.97275162 -4.31250143 -2.57094002
v 2.10410357 -4.31250143 -2.39927030
v 1.84376454 -3.80514836 -2.75938869
v 1.85560477 -3.29779506 -2.77710867
v 1.98465228 -3.80514836 -2.58644915
v 2.11574697 -3.80514836 -2.41254711
v 1.99681914 -3.29779506 -2.60230541
v 2.12777877 -3.29779506 -2.42626667
v 2.22708893 -4.31250143 -2.22708893
v 2.34232855 -4.31250143 -2.05416703
v 2.45013356 -4.31250143 -1.88005364
v 2.23802781 -3.80514836 -2.23802781
v 2.35215163 -3.80514836 -2.06278157
v 2.24947667 -3.29779506 -2.24947667
v 2.36259961 -3.29779506 -2.07194424
v 2.45847201 -3.80514836 -1.88645184
v 2.46754122 -3.29779506 -1.89341092
v 2.53612781 -5.83456087 -1.69458640
v 2.54008365 -5.32720757 -1.69722962
v 2.54491162 -4.81985426 -1.70045555
v 2.55059838 -4.31250143 -1.70425534
v 2.55712748 -3.80514836 -1.70861793
v 2.56448078 -3.29779506 -1.71353126
v 2.63594484 -5.83456087 -1.52186346
v 2.72911072 -5.83456087 -1.34584844
v 2.81570745 -5.83456087 -1.16630423
v 2.89600277 -5.83456087 -0.98306042
v 2.97041202 -5.83456087 -0.79591948
v 2.63761091 -5.32720757 -1.52282536
v 2.72829652 -5.32720757 -1.34544694
v 2.64020848 -4.81985426 -1.52432513
v 2.72845459 -4.81985426 -1.34552491
v 2.81226468 -5.32720757 -1.16487825
v 2.80981398 -4.81985426 -1.16386306
v 2.88982892 -5.32720757 -0.98096478
v 2.96145940 -5.32720757 -0.79352063
v 2.88464499 -4.81985426 -0.97920507
v 2.95347118 -4.81985426 -0.79138023
v 3.03939152 -5.83456087 -0.60457253
v 3.02768087 -5.32720757 -0.60224319
v 3.01688480 -4.81985426 -0.60009569
v 3.10328245 -5.83456087 -0.40855488
v 3.16213202 -5.83456087 -0.20725708
v 3.21552587 -5.83456087 0.00000000
v 3.26246595 -5.83456087 0.21383332
v 3.08891916 -5.32720757 -0.40666389
v 3.07539558 -4.81985426 -0.40488350
v 3.14532018 -5.32720757 -0.20615518
v 3.19657874 -5.32720757 0.00000000
v 3.24180627 -5.32720757 0.21247920
v 3.12924910 -4.81985426 -0.20510182
v 3.17824960 -4.81985426 0.00000000
v 3.22162175 -4.81985426 0.21115625
v 2.64373064 -4.31250143 -1.52635860
v 2.72958422 -4.31250143 -1.34608197
v 2.80836248 -4.31250143 -1.16326189
v 2.88046598 -4.31250143 -0.97778642
v 2.94647002 -4.31250143 -0.78950429
v 2.64816713 -3.80514836 -1.52892005
v 2.73168278 -3.80514836 -1.34711695
v 2.65350628 -3.29779506 -1.53200257
v 2.73474503 -3.29779506 -1.34862697
v 2.80791473 -3.80514836 -1.16307628
v 2.80847216 -3.29779506 -1.16330731
v 2.87730384 -3.80514836 -0.97671300
v 2.94047642 -3.80514836 -0.78789824
v 2.87516809 -3.29779506 -0.97598809
v 2.93550730 -3.29779506 -0.78656679
v 3.00703382 -4.31250143 -0.59813625
v 3.06274986 -4.31250143 -0.40321866
v 2.99815583 -3.80514836 -0.59637028
v 3.05101681 -3.80514836 -0.40167397
v 2.99027586 -3.29779506 -0.59480286
v 3.04022956 -3.29779506 -0.40025380
v 3.11396265 -4.31250143 -0.20409989
v 3.16058826 -4.31250143 0.00000000
v 3.20196700 -4.31250143 0.20986800
v 3.09950328 -3.80514836 -0.20315218
v 3.14364314 -3.80514836 0.00000000
v 3.18289495 -3.80514836 0.20861796
v 3.08591056 -3.29779506 -0.20226127
v 3.12746048 -3.29779506 0.00000000
v 3.16445732 -3.29779506 0.20740950
v 1.72503662 -2.28308892 -2.98785114
v 1.73604214 -1.77573586 -3.00691319
v 1.86756074 -2.79044199 -2.79500222
v 2.00921869 -2.79044199 -2.61846471
v 2.14016557 -2.79044199 -2.44039106
v 1.87959969 -2.28308892 -2.81301975
v 1.89168859 -1.77573586 -2.83111215
v 2.02181602 -2.28308892 -2.63488197
v 2.15287232 -2.28308892 -2.45488048
v 2.03457665 -1.77573586 -2.65151191
v 2.16586399 -1.77573586 -2.46969461
v 2.26140261 -2.79044199 -2.26140261
v 2.37364316 -2.79044199 -2.08162928
v 2.47731566 -2.79044199 -1.90091109
v 2.27377248 -2.28308892 -2.27377248
v 2.38525105 -2.28308892 -2.09180903
v 2.28655171 -1.77573586 -2.28655171
v 2.48776770 -2.28308892 -1.90893126
v 2.39739060 -1.77573586 -2.10245514
v 2.49886799 -1.77573586 -1.91744888
v 1.74696875 -1.26838279 -3.02583861
v 1.90379453 -1.26838279 -2.84923005
v 1.75778711 -0.76102966 -3.04457664
v 1.91588461 -0.76102966 -2.86732388
v 1.76846826 -0.25367656 -3.06307697
v 1.92792594 -0.25367656 -2.88534522
v 2.04746532 -1.26838279 -2.66830897
v 2.06044674 -0.76102966 -2.68522644
v 2.07348514 -0.25367656 -2.70221829
v 2.17910409 -1.26838279 -2.48479199
v 2.29970431 -1.26838279 -2.29970431
v 2.41002798 -1.26838279 -2.11353779
v 2.51058531 -1.26838279 -1.92644000
v 2.19255638 -0.76102966 -2.50013137
v 2.20618320 -0.25367656 -2.51566982
v 2.32698202 -0.25367656 -2.32698202
v 2.31319356 -0.76102966 -2.31319356
v 2.42312741 -0.76102966 -2.12502575
v 2.52288699 -0.76102966 -1.93587923
v 2.43665242 -0.25367656 -2.13688684
v 2.53573847 -0.25367656 -1.94574058
v 2.57263756 -2.79044199 -1.71898139
v 2.58157468 -2.28308892 -1.72495294
v 2.59126711 -1.77573586 -1.73142934
v 2.60168791 -1.26838279 -1.73839223
v 2.61280775 -0.76102966 -1.74582231
v 2.65973258 -2.79044199 -1.53559732
v 2.73876214 -2.79044199 -1.35060799
v 2.81003404 -2.79044199 -1.16395426
v 2.87406540 -2.79044199 -0.97561377
v 2.93157697 -2.79044199 -0.78551370
v 2.66682911 -2.28308892 -1.53969455
v 2.74372339 -2.28308892 -1.35305464
v 2.67477608 -1.77573586 -1.54428267
v 2.74961543 -1.77573586 -1.35596025
v 2.81259632 -2.28308892 -1.16501558
v 2.81615257 -1.77573586 -1.16648853
v 2.87399936 -2.28308892 -0.97559136
v 2.92869735 -2.28308892 -0.78474212
v 2.87497091 -1.77573586 -0.97592109
v 2.92687702 -1.77573586 -0.78425437
v 2.98341632 -2.79044199 -0.59343839
v 3.03041792 -2.79044199 -0.39896211
v 2.97759676 -2.28308892 -0.59228086
v 3.02160978 -2.28308892 -0.39780247
v 2.97283411 -1.77573586 -0.59133345
v 3.01382971 -1.77573586 -0.39677820
v 3.06147361 -2.28308892 -0.20065959
v 3.05069685 -1.77573586 -0.19995323
v 3.07322240 -2.79044199 -0.20142964
v 3.11208415 -2.79044199 0.00000000
v 3.14670396 -2.79044199 0.20624587
v 3.09755659 -2.28308892 0.00000000
v 3.12968254 -2.28308892 0.20513023
v 3.08391714 -1.77573586 0.00000000
v 3.11343932 -1.77573586 0.20406559
v 2.68355107 -1.26838279 -1.54934895
v 2.75642180 -1.26838279 -1.35931683
v 2.82069302 -1.26838279 -1.16836929
v 2.87697792 -1.26838279 -0.97660238
v 2.92612171 -1.26838279 -0.78405195
v 2.69313025 -0.76102966 -1.55487943
v 2.76412416 -0.76102966 -1.36311519
v 2.62459588 -0.25367656 -1.75369895
v 2.70348668 -0.25367656 -1.56085873
v 2.77270150 -0.25367656 -1.36734498
v 2.82620597 -0.76102966 -1.17065275
v 2.83267617 -0.25367656 -1.17333293
v 2.88001537 -0.76102966 -0.97763348
v 2.92643428 -0.76102966 -0.78413570
v 2.88407564 -0.25367656 -0.97901177
v 2.92781472 -0.25367656 -0.78450561
v 2.96914196 -1.26838279 -0.59059906
v 3.00709963 -1.26838279 -0.39589217
v 3.04092193 -1.26838279 -0.19931255
v 2.96653152 -0.76102966 -0.59007978
v 3.00143862 -0.76102966 -0.39514691
v 2.96501040 -0.25367656 -0.58977723
v 2.99686337 -0.25367656 -0.39454454
v 3.03217578 -0.76102966 -0.19873931
v 3.05944920 -0.76102966 0.00000000
v 3.02448320 -0.25367656 -0.19823511
v 3.04868817 -0.25367656 0.00000000
v 3.07120299 -1.26838279 0.00000000
v 3.09801793 -1.26838279 0.20305482
v 3.08346033 -0.76102966 0.20210066
v 3.06980562 -0.25367656 0.20120570
v -0.00000000 -5.83456087 3.56056190
v 0.23521052 -5.83456087 3.58861923
v -0.00000000 -5.32720757 3.57696342
v -0.00000000 -4.81985426 3.59299493
v 0.23621774 -5.32720757 3.60398626
v 0.23719420 -4.81985426 3.61888409
v 0.47382894 -5.83456087 3.59908819
v 0.71457952 -5.83456087 3.59243393
v 0.47569445 -5.32720757 3.61325812
v 0.47748655 -4.81985426 3.62687039
v 0.71713001 -5.32720757 3.60525608
v 0.71955395 -4.81985426 3.61744189
v -0.00000000 -4.31250143 3.60861301
v 0.23813729 -4.31250143 3.63327289
v -0.00000000 -3.80514836 3.62377548
v -0.00000000 -3.29779506 3.63844132
v 0.23904449 -3.80514836 3.64711404
v 0.23991334 -3.29779506 3.66037035
v 0.47920045 -4.31250143 3.63988876
v 0.72184491 -4.31250143 3.62895942
v 0.48083162 -3.80514836 3.65227890
v 0.48237571 -3.29779506 3.66400743
v 0.72399694 -3.80514836 3.63977838
v 0.72600436 -3.29779506 3.64987040
v 0.95628935 -5.83456087 3.56892061
v 1.19775856 -5.83456087 3.52848291
v 0.95932257 -5.32720757 3.58024073
v 0.96216679 -4.81985426 3.59085536
v 1.20103514 -5.32720757 3.53813553
v 1.20405233 -4.81985426 3.54702377
v 1.43760657 -5.83456087 3.47068954
v 1.67413127 -5.83456087 3.39480233
v 1.44084203 -5.32720757 3.47850037
v 1.44374144 -4.81985426 3.48550034
v 1.67699182 -5.32720757 3.40060282
v 1.67943573 -4.81985426 3.40555882
v 0.96481466 -4.31250143 3.60073733
v 1.20680249 -4.31250143 3.55512547
v 0.96725929 -3.80514836 3.60986090
v 0.96949458 -3.29779506 3.61820292
v 1.20927870 -3.80514836 3.56242013
v 1.21147478 -3.29779506 3.56888962
v 1.44629765 -4.31250143 3.49167156
v 1.68145740 -4.31250143 3.40965819
v 1.44850457 -3.80514836 3.49699926
v 1.45035684 -3.29779506 3.50147104
v 1.68305218 -3.80514836 3.41289210
v 1.68421662 -3.29779506 3.41525340
v -0.00000000 -2.79044199 3.65257072
v 0.24074154 -2.79044199 3.67300606
v -0.00000000 -2.28308892 3.66612577
v -0.00000000 -1.77573586 3.67906952
v 0.24152683 -2.28308892 3.68498731
v 0.24226713 -1.77573586 3.69628215
v 0.48382863 -2.79044199 3.67504334
v 0.72786200 -2.79044199 3.65920925
v 0.48518655 -2.28308892 3.68535781
v 0.48644584 -1.77573586 3.69492316
v 0.72956496 -2.28308892 3.66777062
v 0.73110884 -1.77573586 3.67553234
v -0.00000000 -1.26838279 3.69136715
v 0.24296045 -1.26838279 3.70686030
v -0.00000000 -0.76102966 3.70298553
v -0.00000000 -0.25367656 3.71389294
v 0.08219973 -0.08327464 3.72065353
v 0.07198674 -0.03705537 3.72116399
v 0.09222554 -0.12744866 3.72042298
v 0.11856154 -0.18330573 3.72079515
v 0.24360496 -0.76102966 3.71669340
v 0.24403378 -0.39471781 3.72323608
v 0.25369522 -0.40998366 3.72269249
v 0.28384769 -0.44078386 3.72129703
v 0.35964933 -0.52169394 3.71772671
v 0.36329570 -0.52551061 3.71759844
v 0.18960716 -0.31845456 3.72171068
v 0.14938468 -0.25367656 3.72114944
v 0.16036624 -0.27914286 3.72113538
v 0.20350470 -0.33822376 3.72196078
v 0.36232704 -0.06425029 3.96364999
v 0.48760322 -1.26838279 3.70371413
v 0.73248971 -1.26838279 3.68247437
v 0.39750159 -0.54961252 3.71656060
v 0.48865563 -0.76102966 3.71170807
v 0.48892489 -0.61642659 3.71375322
v 0.49202511 -0.61907971 3.71339846
v 0.53045779 -0.64256150 3.70913410
v 0.54246289 -0.65009886 3.70779920
v 0.62675583 -0.70186812 3.69929719
v 0.67345423 -0.72272056 3.69466972
v 0.73370397 -0.76102966 3.68857884
v 0.73372632 -0.75017405 3.68869114
v 0.73783475 -0.75245893 3.68794060
v 0.75360376 -0.76102966 3.68522549
v 0.76954222 -0.76975262 3.68243122
v 0.46870679 -0.18094537 3.97865176
v 0.58435953 -0.28938746 3.97904539
v 0.70672292 -0.38885033 3.96627092
v 0.97151464 -2.79044199 3.62574196
v 1.21338534 -2.79044199 3.57451797
v 0.97331446 -2.28308892 3.63245916
v 0.97488958 -1.77573586 3.63833737
v 1.21500576 -2.28308892 3.57929158
v 1.21633208 -1.77573586 3.58319879
v 1.45185006 -2.79044199 3.50507617
v 1.68494833 -2.79044199 3.41673708
v 1.45298100 -2.28308892 3.50780654
v 1.45374727 -1.77573586 3.50965643
v 1.68524611 -2.28308892 3.41734099
v 1.68511009 -1.77573586 3.41706514
v 0.97623593 -1.26838279 3.64336205
v 0.82183647 -0.79184079 3.67334414
v 0.91239119 -0.83045167 3.65760422
v 0.93942022 -0.83962107 3.65293550
v 0.97715038 -0.85204375 3.64677501
v 0.97384769 -0.85095680 3.64731431
v 1.21736133 -1.26838279 3.58623075
v 1.05471897 -0.88461715 3.62743497
v 1.11859477 -0.90737885 3.61154437
v 1.14404309 -0.91636425 3.60521412
v 1.19552279 -0.93400955 3.59293604
v 1.26293635 -0.95816773 3.57269716
v 1.21783280 -0.94065517 3.58761954
v 1.09153533 -0.63547999 3.86894393
v 1.22041988 -0.70345241 3.82370853
v 0.83335859 -0.47926536 3.94223475
v 0.96216613 -0.56115347 3.90908170
v 1.00491345 -0.06904967 4.31570148
v 1.13118434 -0.15821831 4.29088306
v 1.25932670 -0.23909441 4.25739193
v 1.45414734 -1.26838279 3.51062226
v 1.33071733 -0.98411542 3.55027390
v 1.34737372 -0.98984915 3.54476666
v 1.46562684 -1.03002644 3.50582099
v 1.40132570 -1.00784612 3.52753592
v 1.45416343 -1.02516103 3.51066113
v 1.47521484 -0.82498813 3.72318959
v 1.68454111 -1.26838279 3.41591144
v 1.54771578 -1.06143677 3.47116351
v 1.53476727 -1.05654275 3.47663045
v 1.59453571 -1.07858396 3.45199919
v 1.66736686 -1.10168624 3.42217064
v 1.68422318 -1.10697544 3.41526675
v 1.60135722 -0.88013887 3.66909027
v 1.34832489 -0.76628864 3.77482629
v 1.38782072 -0.31268498 4.21732473
v 1.64259493 -0.44282481 4.12425470
v 1.51571369 -0.38020086 4.17249441
v 3.30131888 -5.83456087 0.43462688
v 3.32985735 -5.83456087 0.66234982
v 3.34539080 -5.83456087 0.89639473
v 3.34497929 -5.83456087 1.13546741
v 3.27947092 -5.32720757 0.43175054
v 3.25793934 -4.81985426 0.42891586
v 3.28514147 -4.81985426 0.65345526
v 3.30742550 -5.32720757 0.65788782
v 3.32302904 -5.32720757 0.89040291
v 3.32335210 -5.32720757 1.12812603
v 3.30064344 -4.81985426 0.88440478
v 3.30153441 -4.81985426 1.12071991
v 3.01798010 -5.83456087 2.31577754
v 3.00748587 -5.32720757 2.30772495
v 2.99626875 -4.81985426 2.29911780
v 3.28496289 -5.83456087 1.61996448
v 3.32570481 -5.83456087 1.37755203
v 3.22073889 -5.83456087 1.85949445
v 3.13182950 -5.83456087 2.09262156
v 3.26662421 -5.32720757 1.61092079
v 3.28483772 -4.81985426 1.36062431
v 3.24780464 -4.81985426 1.60163999
v 3.30544400 -5.32720757 1.36915970
v 3.11852241 -5.32720757 2.08373022
v 3.20476532 -5.32720757 1.85027206
v 3.10454297 -4.81985426 2.07438946
v 3.18820024 -4.81985426 1.84070826
v 3.23678207 -4.31250143 0.42613044
v 3.26306462 -4.31250143 0.64906389
v 3.27829361 -4.31250143 0.87841612
v 3.27958345 -4.31250143 1.11326849
v 3.21605563 -3.80514836 0.42340177
v 3.24125385 -3.80514836 0.64472550
v 3.19581580 -3.29779506 0.42073712
v 3.21976709 -3.29779506 0.64045149
v 3.25603843 -3.80514836 0.87245286
v 3.25755715 -3.80514836 1.10579169
v 3.23393679 -3.29779506 0.86653078
v 3.23551369 -3.29779506 1.09830892
v 2.98435903 -4.31250143 2.28997922
v 2.97178817 -3.80514836 2.28033328
v 3.05894780 -3.29779506 2.04392362
v 2.95858979 -3.29779506 2.27020574
v 3.26394010 -4.31250143 1.35196829
v 3.22855377 -4.31250143 1.59214652
v 3.17108774 -4.31250143 1.83082831
v 3.08992815 -4.31250143 2.06462407
v 3.24280643 -3.80514836 1.34321451
v 3.15347266 -3.80514836 1.82065833
v 3.20892215 -3.80514836 1.58246529
v 3.22149205 -3.29779506 1.33438575
v 3.13540149 -3.29779506 1.81022489
v 3.18896127 -3.29779506 1.57262170
v 3.07471633 -3.80514836 2.05445981
v 1.90521348 -5.83456087 3.29992652
v 2.12829518 -5.83456087 3.18521905
v 1.90731871 -5.32720757 3.30357313
v 1.90892637 -4.81985426 3.30635738
v 2.12923026 -5.32720757 3.18661833
v 2.12959027 -4.81985426 3.18715715
v 2.34044337 -5.83456087 3.05012536
v 2.53849912 -5.83456087 2.89460325
v 2.33977985 -5.32720757 3.04926062
v 2.33847260 -4.81985426 3.04755688
v 2.53582454 -5.32720757 2.89155388
v 2.53245234 -4.81985426 2.88770843
v 1.91003299 -4.31250143 3.30827427
v 2.12937522 -4.31250143 3.18683529
v 1.91063654 -3.80514836 3.30931950
v 1.91073632 -3.29779506 3.30949235
v 2.12858677 -3.80514836 3.18565512
v 2.12722778 -3.29779506 3.18362117
v 2.33652616 -4.31250143 3.04502010
v 2.52839160 -4.31250143 2.88307810
v 2.33394647 -3.80514836 3.04165840
v 2.33074141 -3.29779506 3.03748155
v 2.52365470 -3.80514836 2.87767649
v 2.51825428 -3.29779506 2.87151885
v 2.71929574 -5.83456087 2.71929574
v 2.87992096 -5.83456087 2.52562284
v 2.71424937 -5.32720757 2.71424937
v 2.70847034 -4.81985426 2.70847034
v 2.87222791 -5.32720757 2.51887631
v 2.86379313 -4.81985426 2.51147914
v 2.70197511 -4.31250143 2.70197511
v 2.85463929 -4.31250143 2.50345135
v 2.69478154 -3.80514836 2.69478154
v 2.83427501 -3.29779506 2.48559237
v 2.68690920 -3.29779506 2.68690920
v 2.84479094 -3.80514836 2.49481487
v 3.17611647 -2.79044199 0.41814366
v 3.19866133 -2.79044199 0.63625330
v 3.21204734 -2.79044199 0.86066550
v 3.21351099 -2.79044199 1.09083998
v 3.15701056 -2.28308892 0.41562831
v 3.17799282 -2.28308892 0.63214207
v 3.13854909 -1.77573586 0.41319785
v 3.15781641 -1.77573586 0.62812871
v 3.19042754 -2.28308892 0.85487247
v 3.19160676 -2.28308892 1.08340454
v 3.16913462 -1.77573586 0.84916705
v 3.16985869 -1.77573586 1.07602203
v 3.15702510 -1.77573586 1.30768263
v 3.04266429 -2.79044199 2.03304315
v 2.94479895 -2.79044199 2.25962377
v 3.02590823 -2.28308892 2.02184725
v 2.93045163 -2.28308892 2.24861479
v 3.00872350 -1.77573586 2.01036477
v 2.91558623 -1.77573586 2.23720789
v 3.16872358 -2.79044199 1.56264150
v 3.20005298 -2.79044199 1.32550538
v 3.11692142 -2.79044199 1.79955542
v 3.14826202 -2.28308892 1.55255091
v 3.17854524 -2.28308892 1.31659651
v 3.09808087 -2.28308892 1.78867781
v 3.12762976 -1.77573586 1.54237628
v 3.07892919 -1.77573586 1.77762055
v 3.12078166 -1.26838279 0.41085872
v 3.13818550 -1.26838279 0.62422389
v 3.14822459 -1.26838279 0.84356421
v 3.14832354 -1.26838279 1.06871188
v 3.13554883 -1.26838279 1.29878688
v 3.10375571 -0.76102966 0.40861720
v 3.11915255 -0.76102966 0.62043798
v 3.08751678 -0.25367656 0.40647930
v 3.09224987 -0.17381582 0.51977158
v 3.08727264 -0.11631832 0.46826017
v 3.08345008 -0.05794587 0.43549654
v 3.07998776 -0.00576496 0.40548807
v 3.09640694 -0.22238509 0.56253088
v 3.10156631 -0.26869246 0.62333071
v 3.09994698 -0.25367656 0.60375559
v 3.10112357 -0.26349783 0.61685187
v 3.10142517 -0.26703033 0.62127054
v 3.10492754 -0.31136310 0.67559212
v 3.10810494 -0.34482405 0.73327214
v 3.25148821 -0.05374995 0.75820035
v 3.12775278 -0.76102966 0.83807880
v 3.11347914 -0.39857283 0.83425421
v 3.11379194 -0.40805143 0.85379332
v 3.11476421 -0.43759862 0.91565663
v 3.11504221 -0.44832391 0.93785638
v 3.11537600 -0.46354145 0.97749746
v 3.12705827 -0.76102966 1.06149328
v 3.11417294 -0.76102966 1.28993261
v 3.11600828 -0.49329588 1.05774224
v 3.11524749 -0.50221300 1.07787609
v 3.11421990 -0.51199162 1.10338616
v 3.17412615 -0.43775126 1.15229368
v 3.11071348 -0.54312468 1.18876648
v 3.10956407 -0.55307215 1.21590376
v 3.10901070 -0.55741984 1.22864199
v 3.10643029 -0.57590777 1.28672552
v 3.13865757 -0.52101409 1.25282216
v 3.11194110 -0.38518524 0.80295277
v 3.22978497 -0.25703937 0.95130497
v 3.24582505 -0.15824915 0.85303360
v 3.20519352 -0.35005668 1.05148673
v 3.05951643 -1.26838279 1.76641262
v 3.02365088 -0.80776155 1.81835639
v 2.99115539 -1.26838279 1.99862611
v 2.90024137 -1.26838279 2.22543335
v 2.94578385 -0.95189661 2.07648802
v 2.94414234 -0.95458871 2.08095622
v 2.99380088 -0.86839825 1.93094802
v 3.01571417 -0.82390594 1.84829617
v 2.97808790 -0.89811724 1.98989463
v 2.98430443 -0.88680011 1.96663761
v 2.95812464 -0.93172038 2.04344893
v 2.91604972 -0.99540335 2.15688419
v 2.90011525 -1.01813734 2.19990802
v 2.84483171 -1.08232415 2.31574631
v 2.86677909 -1.05690086 2.27171946
v 2.89272285 -1.02671504 2.21966434
v 3.04924059 -0.75004965 1.70537901
v 3.04467750 -0.76102966 1.73092163
v 3.04457426 -0.76127762 1.73149705
v 3.04031563 -0.77195334 1.75532711
v 3.03846335 -0.77591246 1.76222730
v 3.10688114 -1.26838279 1.53214419
v 3.10061216 -0.60103351 1.35262752
v 3.09972882 -0.60201502 1.35150123
v 3.09969020 -0.60216492 1.35187328
v 3.09925199 -0.60373753 1.35606027
v 3.08607006 -0.76102966 1.52188134
v 3.08763504 -0.64567465 1.46714556
v 3.08594775 -0.65147132 1.48327827
v 3.08705831 -0.64776564 1.47269976
v 3.08212233 -0.66482323 1.51993454
v 3.06972742 -0.69746208 1.58995485
v 3.06644893 -0.70548612 1.60833669
v 3.49261379 -0.03601048 1.41457438
v 3.46091628 -0.12314151 1.51540279
v 3.34451914 -0.36109394 1.81482303
v 3.38519430 -0.28445014 1.71581280
v 3.42447948 -0.20556682 1.61598897
v 3.26174474 -0.51226455 2.01216388
v 3.17487812 -0.66429162 2.21354485
v 3.12694836 -0.73982424 2.31744647
v 3.21930146 -0.58817166 2.11196399
v 3.30331254 -0.43672225 1.91338503
v 1.91033292 -2.79044199 3.30879378
v 2.12530279 -2.79044199 3.18074036
v 1.90942836 -2.28308892 3.30722690
v 1.90802574 -1.77573586 3.30479765
v 2.12281799 -2.28308892 3.17702150
v 2.11978054 -1.77573586 3.17247581
v 2.32692051 -2.79044199 3.03250194
v 2.51220608 -2.79044199 2.86462188
v 2.50552607 -2.28308892 2.85700512
v 2.49823332 -1.77573586 2.84868908
v 2.32249451 -2.28308892 3.02673364
v 2.31747580 -1.77573586 3.02019334
v 1.84918821 -1.16580606 3.32982659
v 1.90612972 -1.26838279 3.30151343
v 1.90571404 -1.17991459 3.30079341
v 1.93742001 -1.19130206 3.28015924
v 1.91965842 -1.18490064 3.29171824
v 1.79273796 -1.14686203 3.35876966
v 2.04004908 -1.21942449 3.21498728
v 1.97307801 -1.20367444 3.25756073
v 2.09607244 -1.23294318 3.17937922
v 2.11619949 -1.26838279 3.16711640
v 2.11592984 -1.23514223 3.16671300
v 2.12765527 -1.23771501 3.15730929
v 2.15947843 -1.24429429 3.13239598
v 2.49034691 -1.26838279 2.83969641
v 2.48767519 -1.25518370 2.84182477
v 2.49439907 -1.25447547 2.83417225
v 2.49011970 -1.25475252 2.83943725
v 2.57959270 -1.23804355 2.73109269
v 2.53619337 -1.25129294 2.78383446
v 2.21334720 -1.25596225 3.09023762
v 2.27444124 -1.25957823 3.04218030
v 2.38269615 -1.26481831 2.94404554
v 2.31187868 -1.26838279 3.01289892
v 2.31380725 -1.26262712 3.01082468
v 2.32867789 -1.26527095 2.99648595
v 2.31180406 -1.26224363 3.01280189
v 2.22769594 -1.08500469 3.34088922
v 2.34928966 -1.10220981 3.25768137
v 2.43567538 -1.26517999 2.89264226
v 2.57906270 -1.10055041 3.07092810
v 2.46695971 -1.10774004 3.16755342
v 1.72323930 -1.12323487 3.39470696
v 1.74411035 -1.13050878 3.38370156
v 1.72713041 -0.93178648 3.61226296
v 1.85282350 -0.97938561 3.55200315
v 1.97846186 -1.02184081 3.48734403
v 2.10368514 -1.05763137 3.41726303
v 1.76849151 -0.50148857 4.07338810
v 1.89370608 -0.55668938 4.02008057
v 2.01862121 -0.60837311 3.96397638
v 2.14350295 -0.65590024 3.90430880
v 2.26833296 -0.69810116 3.84008193
v 2.39269805 -0.73341298 3.77027941
v 2.51575089 -0.76007980 3.69406796
v 2.18609905 -0.23266053 4.37053442
v 2.31011224 -0.28434438 4.31515789
v 2.43413496 -0.33175313 4.25608110
v 2.55810428 -0.37364900 4.19228506
v 2.82311893 -2.79044199 2.47580886
v 2.67837930 -2.79044199 2.67837930
v 2.81135297 -2.28308892 2.46549034
v 2.66921496 -2.28308892 2.66921496
v 2.79900813 -1.77573586 2.45466423
v 2.65944099 -1.77573586 2.65944099
v 2.70979953 -1.18721211 2.55283332
v 2.78611732 -1.26838279 2.44335938
v 2.64908361 -1.26838279 2.64908361
v 2.66647148 -1.20573747 2.61904407
v 2.66409063 -1.20679760 2.62268496
v 2.64791107 -1.21387708 2.64791107
v 2.62884140 -1.22386503 2.67128325
v 2.78265524 -1.13732708 2.44032311
v 2.80888009 -1.11433220 2.38737488
v 2.81745219 -1.10672140 2.37006092
v 2.78427076 -1.13636029 2.43709517
v 2.74186897 -1.16501653 2.50329399
v 2.78052807 -1.04703295 2.86221147
v 3.01372027 -0.88302326 2.53246331
v 2.86772895 -1.00197506 2.75296021
v 2.94534469 -0.94663310 2.64255643
v 2.68402100 -1.08021963 2.96871424
v 3.06202149 -0.71759331 3.21678257
v 2.96694422 -0.75145912 3.32271886
v 3.07378840 -0.81336337 2.42384458
v 3.35162640 -0.48511529 2.78239298
v 3.40480042 -0.41291848 2.67714334
v 3.49844098 -0.26473573 2.47361946
v 3.45317745 -0.33902818 2.57429957
v 3.14789867 -0.67219156 3.10830212
v 3.22440195 -0.61691672 2.99885345
v 3.29197478 -0.55382121 2.88985205
v 3.50314784 -0.28676149 3.35502243
v 2.75268316 -0.78090876 3.52096605
v 2.63625169 -0.77638870 3.61096764
v 2.86342263 -0.77269942 3.42455959
v 3.03808594 -0.45326325 3.87393379
v 2.68155456 -0.40843397 4.12276506
v 2.80359077 -0.43435678 4.04673100
v 2.92294192 -0.44974980 3.96376657
v 3.14742541 -0.44406408 3.77780175
v 3.24949121 -0.42197087 3.67639828
v 3.34314013 -0.38750651 3.57109714
v 3.42771554 -0.34185976 3.46345472
v 3.09124112 -0.10793220 4.39894056
v 3.20939445 -0.12239488 4.31613874
v 3.43112230 -0.11475638 4.13070965
v 3.32321024 -0.12491066 4.22651529
v 1.81119907 -0.05639216 4.52064466
v 1.93700051 -0.11881045 4.47309780
v 2.06185627 -0.17743155 4.42303419
v 2.72472548 -0.00702972 4.60738897
v 2.84778786 -0.04857225 4.54401922
v 2.97027326 -0.08278611 4.47478437
v -2.80932951 0.25367656 -1.87713385
v -2.81011009 0.76102966 -1.87765563
v -2.81102705 1.26838279 -1.87826824
v -2.81207395 1.77573586 -1.87896776
v -2.81324506 2.28308892 -1.87975025
v -2.81453347 2.79044199 -1.88061118
v -2.33912635 0.25367656 -2.33912635
v -2.33579326 0.76102966 -2.33579326
v -2.65329766 0.25367656 -2.03594685
v -2.65303183 0.76102966 -2.03574300
v -2.49588346 0.25367656 -2.18883109
v -2.49417329 0.76102966 -2.18733120
v -2.33275032 1.26838279 -2.33275032
v -2.65298247 1.26838279 -2.03570509
v -2.49273205 1.26838279 -2.18606734
v -2.18352079 0.25367656 -2.48982835
v -2.17861605 0.76102966 -2.48423529
v -2.02810502 0.25367656 -2.64307785
v -2.02188873 0.76102966 -2.63497686
v -2.17398882 1.26838279 -2.47895908
v -2.01590896 1.26838279 -2.62718368
v -2.33000231 1.77573586 -2.33000231
v -2.32755446 2.28308892 -2.32755446
v -2.65314627 1.77573586 -2.03583074
v -2.65351939 2.28308892 -2.03611708
v -2.49156117 1.77573586 -2.18504047
v -2.49066019 2.28308892 -2.18425035
v -2.65409756 2.79044199 -2.03656077
v -2.49002838 2.79044199 -2.18369627
v -2.16964960 1.77573586 -2.47401118
v -2.16560721 2.28308892 -2.46940184
v -2.01017952 1.77573586 -2.61971688
v -2.00471401 2.28308892 -2.61259413
v -2.32541013 2.79044199 -2.32541013
v -2.16187072 2.79044199 -2.46514106
v -1.99952519 2.79044199 -2.60583186
v -3.22929406 0.25367656 -1.33761740
v -3.22933817 0.76102966 -1.33763564
v -3.33633351 0.25367656 -1.13253260
v -3.41856575 0.25367656 -0.91600192
v -3.33471894 0.76102966 -1.13198459
v -3.41474104 0.76102966 -0.91497707
v -3.22921348 1.26838279 -1.33758402
v -3.33285570 1.26838279 -1.13135207
v -3.41061854 1.26838279 -0.91387248
v -3.10224509 0.25367656 -1.52985799
v -3.10325956 0.76102966 -1.53035831
v -2.96050906 0.25367656 -1.70925069
v -2.96175623 0.76102966 -1.70997071
v -3.10420537 1.26838279 -1.53082466
v -2.96304059 1.26838279 -1.71071231
v -3.47228050 0.25367656 -0.69067955
v -3.49529982 0.25367656 -0.46016496
v -3.46590257 0.76102966 -0.68941087
v -3.48628521 0.76102966 -0.45897815
v -3.48725128 0.25367656 -0.22856653
v -3.44963408 0.25367656 -0.00000000
v -3.47579789 0.76102966 -0.22781584
v -3.38566804 0.25367656 0.22190841
v -3.43621159 0.76102966 -0.00000000
v -3.37097740 0.76102966 0.22094554
v -3.45921803 1.26838279 -0.68808126
v -3.47700024 1.26838279 -0.45775577
v -3.46415567 1.26838279 -0.22705276
v -3.42272210 1.26838279 -0.00000000
v -3.35637355 1.26838279 0.21998833
v -3.22891760 1.77573586 -1.33746147
v -3.22844815 2.28308892 -1.33726704
v -3.33074594 1.77573586 -1.13063586
v -3.40620685 1.77573586 -0.91269034
v -3.32839227 2.28308892 -1.12983692
v -3.40151548 2.28308892 -0.91143334
v -3.22780371 2.79044199 -1.33700001
v -3.32579875 2.79044199 -1.12895656
v -3.39655519 2.79044199 -0.91010422
v -3.10507655 1.77573586 -1.53125429
v -3.10586739 2.28308892 -1.53164423
v -2.96435523 1.77573586 -1.71147132
v -2.96569347 2.28308892 -1.71224391
v -3.10657287 2.79044199 -1.53199220
v -2.96704793 2.79044199 -1.71302593
v -3.45224309 1.77573586 -0.68669385
v -3.46746874 1.77573586 -0.45650092
v -3.45771456 2.28308892 -0.45521677
v -3.44499421 2.28308892 -0.68525195
v -3.45235515 1.77573586 -0.22627932
v -3.40920210 1.77573586 -0.00000000
v -3.34189582 1.77573586 0.21903943
v -3.44042730 2.28308892 -0.22549751
v -3.39568734 2.28308892 -0.00000000
v -3.32758403 2.28308892 0.21810137
v -3.43748975 2.79044199 -0.68375921
v -3.44776297 2.79044199 -0.45390660
v -3.42840338 2.79044199 -0.22470942
v -3.38221431 2.79044199 -0.00000000
v -3.31347704 2.79044199 0.21717675
v -2.81593275 3.29779506 -1.88154602
v -2.81743550 3.80514836 -1.88255024
v -2.81903481 4.31250143 -1.88361883
v -2.82072330 4.81985426 -1.88474703
v -2.82249331 5.32720757 -1.88592970
v -2.82433724 5.83456087 -1.88716185
v -2.65487599 3.29779506 -2.03715801
v -2.65584946 3.80514836 -2.03790498
v -2.48966455 3.29779506 -2.18337727
v -2.48956633 3.80514836 -2.18329096
v -2.65701175 4.31250143 -2.03879666
v -2.48973083 4.31250143 -2.18343544
v -2.32357240 3.29779506 -2.32357240
v -2.15844679 3.29779506 -2.46123695
v -2.32204294 3.80514836 -2.32204294
v -2.15534258 3.80514836 -2.45769715
v -1.99462473 3.29779506 -2.59944558
v -1.99002373 3.80514836 -2.59344935
v -2.32082295 4.31250143 -2.32082295
v -2.15256357 4.31250143 -2.45452833
v -1.98573208 4.31250143 -2.58785629
v -2.65835667 4.81985426 -2.03982878
v -2.65987778 5.32720757 -2.04099607
v -2.49015450 4.81985426 -2.18380690
v -2.49083328 5.32720757 -2.18440223
v -2.66156793 5.83456087 -2.04229283
v -2.49176192 5.83456087 -2.18521667
v -2.31991291 4.81985426 -2.31991291
v -2.15011430 4.81985426 -2.45173550
v -2.31931233 5.32720757 -2.31931233
v -2.14799881 5.32720757 -2.44932318
v -1.98175895 4.81985426 -2.58267856
v -1.97811270 5.32720757 -2.57792664
v -2.31901956 5.83456087 -2.31901956
v -2.14621997 5.83456087 -2.44729495
v -1.97480071 5.83456087 -2.57361031
v -3.22698283 3.29779506 -1.33666003
v -3.22598553 3.80514836 -1.33624697
v -3.32297015 3.29779506 -1.12799633
v -3.39133716 3.29779506 -0.90870601
v -3.31991148 3.80514836 -1.12695801
v -3.38587356 3.80514836 -0.90724206
v -3.31662893 4.31250143 -1.12584388
v -3.38017750 4.31250143 -0.90571582
v -3.10718775 3.29779506 -1.53229547
v -3.10770774 3.80514836 -1.53255188
v -2.96841216 3.29779506 -1.71381366
v -2.96977925 3.80514836 -1.71460283
v -3.22481179 4.31250143 -1.33576083
v -3.10812879 4.31250143 -1.53275943
v -2.97114253 4.31250143 -1.71538997
v -3.42974806 3.29779506 -0.68221927
v -3.43763995 3.29779506 -0.45257387
v -3.42178869 3.80514836 -0.68063611
v -3.42737174 3.80514836 -0.45122203
v -3.41631556 3.29779506 -0.22391716
v -3.36881971 3.29779506 -0.00000000
v -3.29961371 3.29779506 0.21626811
v -3.40419626 3.80514836 -0.22312281
v -3.35553980 3.80514836 -0.00000000
v -3.28603268 3.80514836 0.21537797
v -3.41363215 4.31250143 -0.67901367
v -3.41698551 4.31250143 -0.44985467
v -3.39207792 4.31250143 -0.22232853
v -3.34241128 4.31250143 -0.00000000
v -3.27277184 4.31250143 0.21450880
v -3.31312990 4.81985426 -1.12465596
v -3.37426305 4.81985426 -0.90413105
v -3.30942154 5.32720757 -1.12339723
v -3.36814475 5.32720757 -0.90249169
v -3.30551314 5.83456087 -1.12207055
v -3.36183858 5.83456087 -0.90080190
v -3.22346258 4.81985426 -1.33520198
v -3.10844684 4.81985426 -1.53291631
v -3.22193956 5.32720757 -1.33457112
v -3.10865879 5.32720757 -1.53302085
v -2.97249532 4.81985426 -1.71617103
v -2.97383142 5.32720757 -1.71694243
v -3.22024512 5.83456087 -1.33386922
v -3.10876155 5.83456087 -1.53307152
v -2.97514462 5.83456087 -1.71770048
v -3.40529943 4.81985426 -0.67735612
v -3.40650916 4.81985426 -0.44847545
v -3.39681220 5.32720757 -0.67566794
v -3.39597058 5.32720757 -0.44708800
v -3.37999368 4.81985426 -0.22153649
v -3.32947016 4.81985426 -0.00000000
v -3.25986814 4.81985426 0.21366304
v -3.36797667 5.32720757 -0.22074886
v -3.31675243 5.32720757 -0.00000000
v -3.24735808 5.32720757 0.21284309
v -3.38819313 5.83456087 -0.67395353
v -3.38539839 5.83456087 -0.44569615
v -3.35605979 5.83456087 -0.21996778
v -3.30429387 5.83456087 -0.00000000
v -3.23527741 5.83456087 0.21205129
v -1.70850146 0.25367656 -2.95921135
v -1.70104098 0.76102966 -2.94628954
v -1.53823507 0.25367656 -3.11923218
v -1.53097117 0.76102966 -3.10450244
v -1.69367623 1.26838279 -2.93353319
v -1.52372408 1.26838279 -3.08980680
v -1.16267395 0.25367656 -3.42512679
v -1.15721977 0.76102966 -3.40905929
v -1.35702217 0.25367656 -3.27614117
v -1.35046399 0.76102966 -3.26030850
v -1.15165842 1.26838279 -3.39267635
v -1.34385204 1.26838279 -3.24434590
v -1.87073457 0.25367656 -2.79975224
v -1.86363280 0.76102966 -2.78912354
v -1.85670328 1.26838279 -2.77875280
v -1.68642616 1.77573586 -2.92097592
v -1.67930949 2.28308892 -2.90864944
v -1.51651287 1.77573586 -3.07518387
v -1.50935674 2.28308892 -3.06067276
v -1.67234433 2.79044199 -2.89658523
v -1.50227439 2.79044199 -3.04631114
v -1.14600539 1.77573586 -3.37602305
v -1.14027619 2.28308892 -3.35914540
v -1.33720410 1.77573586 -3.22829628
v -1.33053827 2.28308892 -3.21220350
v -1.32387233 2.79044199 -3.19611049
v -1.13448668 2.79044199 -3.34208989
v -1.84996355 1.77573586 -2.76866627
v -1.84343028 2.28308892 -2.75888848
v -1.83711958 2.79044199 -2.74944377
v -0.95408452 0.25367656 -3.56069183
v -0.94997275 0.76102966 -3.54534650
v -0.73143840 0.25367656 -3.67718911
v -0.72872090 0.76102966 -3.66352725
v -0.94572443 1.26838279 -3.52949166
v -0.72586459 1.26838279 -3.64916754
v -0.49624726 0.25367656 -3.76937199
v -0.49478629 0.76102966 -3.75827503
v -0.25122130 0.25367656 -3.83289623
v -0.25070962 0.76102966 -3.82508945
v -0.49321130 1.26838279 -3.74631166
v -0.25013223 1.26838279 -3.81628060
v -0.94135159 1.77573586 -3.51317215
v -0.93686664 2.28308892 -3.49643397
v -0.72287780 1.77573586 -3.63415217
v -0.71976930 2.28308892 -3.61852455
v -0.93228209 2.79044199 -3.47932410
v -0.71654785 2.79044199 -3.60232949
v -0.49152708 1.77573586 -3.73351884
v -0.48973867 2.28308892 -3.71993470
v -0.24949105 1.77573586 -3.80649805
v -0.24878809 2.28308892 -3.79577279
v -0.48785141 2.79044199 -3.70559955
v -0.24802552 2.79044199 -3.78413820
v -1.66554821 3.29779506 -2.88481402
v -1.65893805 3.80514836 -2.87336493
v -1.49528420 3.29779506 -3.03213620
v -1.48840415 3.80514836 -3.01818490
v -1.65253055 4.31250143 -2.86226678
v -1.48165190 4.31250143 -3.00449300
v -1.31722391 3.29779506 -3.18005991
v -1.31061077 3.80514836 -3.16409421
v -1.12865233 3.29779506 -3.32490277
v -1.12278926 3.80514836 -3.30763030
v -1.30405021 4.31250143 -3.14825583
v -1.11691284 4.31250143 -3.29031920
v -1.83104658 3.29779506 -2.74035478
v -1.82522595 3.80514836 -2.73164368
v -1.81967151 4.31250143 -2.72333074
v -1.64634120 4.81985426 -2.85154676
v -1.47504485 4.81985426 -2.99109507
v -1.64038527 5.32720757 -2.84123063
v -1.46859956 5.32720757 -2.97802520
v -1.46233213 5.83456087 -2.96531630
v -1.29755950 4.81985426 -3.13258576
v -1.29115546 5.32720757 -3.11712503
v -1.11103916 4.81985426 -3.27301598
v -1.10518372 5.32720757 -3.25576615
v -1.28485453 5.83456087 -3.10191345
v -1.09936190 5.83456087 -3.23861575
v -1.81439614 4.81985426 -2.71543574
v -1.80941212 5.32720757 -2.70797658
v -1.80473077 5.83456087 -2.70097041
v -1.63467717 5.83456087 -2.83134389
v -0.92761070 3.29779506 -3.46189022
v -0.92286539 3.80514836 -3.44418049
v -0.71322280 3.29779506 -3.58561301
v -0.70980346 3.80514836 -3.56842279
v -0.91805917 4.31250143 -3.42624354
v -0.70629942 4.31250143 -3.55080700
v -0.48587084 3.29779506 -3.69055533
v -0.48380271 3.80514836 -3.67484641
v -0.24720570 3.29779506 -3.77163029
v -0.24633111 3.80514836 -3.75828648
v -0.48165300 4.31250143 -3.65851784
v -0.24540436 4.31250143 -3.74414706
v -0.91320521 4.81985426 -3.40812826
v -0.90831667 5.32720757 -3.38988400
v -0.70272058 4.81985426 -3.53281498
v -0.69907677 5.32720757 -3.51449633
v -0.90340680 5.83456087 -3.37156010
v -0.69537812 5.83456087 -3.49590206
v -0.47942787 4.81985426 -3.64161611
v -0.47713363 5.32720757 -3.62418985
v -0.24442819 4.81985426 -3.72925353
v -0.24340546 5.32720757 -3.71364975
v -0.47477680 5.83456087 -3.60628796
v -0.24233916 5.83456087 -3.69738102
v -3.29994822 0.25367656 0.43444642
v -3.28485537 0.76102966 0.43245941
v -3.27002192 1.26838279 0.43050656
v -3.19794393 0.25367656 0.63611060
v -3.18339586 0.76102966 0.63321680
v -3.08541107 0.25367656 0.82673341
v -3.07234263 0.76102966 0.82323176
v -2.96778584 0.25367656 1.00742757
v -2.84963655 0.25367656 1.18035817
v -2.95702982 0.76102966 1.00377643
v -2.84184670 0.76102966 1.17713141
v -3.16928434 1.26838279 0.63040990
v -3.05987763 1.26838279 0.81989175
v -2.94702005 1.26838279 1.00037849
v -2.83490992 1.26838279 1.17425811
v -3.25548887 1.77573586 0.42859322
v -3.24129605 2.28308892 0.42672470
v -3.22748303 2.79044199 0.42490619
v -3.15564919 1.77573586 0.62769765
v -3.14252830 2.28308892 0.62508774
v -3.04805183 1.77573586 0.81672305
v -3.03689957 2.28308892 0.81373477
v -2.93778610 1.77573586 0.99724400
v -2.82884812 1.77573586 1.17174721
v -2.92935562 2.28308892 0.99438220
v -2.82368064 2.28308892 1.16960680
v -3.12995934 2.79044199 0.62258762
v -3.02645278 2.79044199 0.81093556
v -2.92175388 2.79044199 0.99180180
v -2.81942487 2.79044199 1.16784394
v -2.73423815 0.25367656 1.34837699
v -2.62331367 0.25367656 1.51457083
v -2.72983146 0.76102966 1.34620392
v -2.62244129 0.76102966 1.51406717
v -2.51696968 0.25367656 1.68178546
v -2.51951551 0.76102966 1.68348646
v -2.41382384 0.25367656 1.85219216
v -2.41942883 0.76102966 1.85649312
v -2.72634149 1.26838279 1.34448290
v -2.62250257 1.26838279 1.51410258
v -2.52296495 1.26838279 1.68579125
v -2.42586637 1.26838279 1.86143267
v -2.32824612 1.26838279 2.04181695
v -2.31129479 0.25367656 2.02695107
v -2.20601368 0.25367656 2.20601368
v -2.31940651 0.76102966 2.03406477
v -2.21594954 0.76102966 2.21594954
v -2.22648597 1.26838279 2.22648597
v -2.72378111 1.77573586 1.34322023
v -2.62350035 1.77573586 1.51467860
v -2.72216058 2.28308892 1.34242105
v -2.62543535 2.28308892 1.51579583
v -2.52731180 1.77573586 1.68869579
v -2.53254819 2.28308892 1.69219458
v -2.43312192 1.77573586 1.86700022
v -2.33779287 1.77573586 2.05018926
v -2.44117951 2.28308892 1.87318289
v -2.34802365 2.28308892 2.05916142
v -2.72148752 2.79044199 1.34208918
v -2.62830591 2.79044199 1.51745319
v -2.53866315 2.79044199 1.69628048
v -2.45002031 2.79044199 1.87996674
v -2.35891390 2.79044199 2.06871200
v -2.23759723 1.77573586 2.23759723
v -2.24925590 2.28308892 2.24925590
v -2.26143265 2.79044199 2.26143265
v -2.10531497 0.76102966 2.40065169
v -2.09429646 0.25367656 2.38808751
v -1.97261250 0.25367656 2.57075858
v -1.98398340 0.76102966 2.58557749
v -2.11679578 1.26838279 2.41374278
v -1.99567759 1.26838279 2.60081768
v -2.12870932 1.77573586 2.42732787
v -2.14102602 2.28308892 2.44137216
v -2.00766492 1.77573586 2.61643982
v -2.01991439 2.28308892 2.63240385
v -1.88329923 2.28308892 2.81855631
v -2.15371418 2.79044199 2.45584035
v -2.03239489 2.79044199 2.64866853
v -1.89496255 2.79044199 2.83601189
v -3.21408868 3.29779506 0.42314279
v -3.11797786 3.29779506 0.62020439
v -3.20115066 3.80514836 0.42143950
v -3.10661888 3.80514836 0.61794490
v -3.01674271 3.29779506 0.80833375
v -3.00779796 3.80514836 0.80593705
v -2.91500497 3.29779506 0.98951083
v -2.81609535 3.29779506 1.16646492
v -2.90912986 3.80514836 0.98751652
v -2.81370497 3.80514836 1.16547465
v -3.18870568 4.31250143 0.41980109
v -3.09591484 4.31250143 0.61581576
v -2.99964595 4.31250143 0.80375266
v -2.90414786 4.31250143 0.98582536
v -2.81226325 4.31250143 1.16487765
v -3.17678952 4.81985426 0.41823229
v -3.08589792 4.81985426 0.61382324
v -3.16543651 5.32720757 0.41673762
v -3.07659745 5.32720757 0.61197329
v -2.99231148 4.81985426 0.80178744
v -2.90007591 4.81985426 0.98444313
v -2.81177831 4.81985426 1.16467679
v -2.98581767 5.32720757 0.80004740
v -2.89692879 5.32720757 0.98337477
v -2.81225514 5.32720757 1.16487432
v -3.15467978 5.83456087 0.41532147
v -3.06804180 5.83456087 0.61027145
v -2.98018551 5.83456087 0.79853827
v -2.89471841 5.83456087 0.98262453
v -2.81369662 5.83456087 1.16547132
v -2.72176766 3.29779506 1.34222722
v -2.63210821 3.29779506 1.51964843
v -2.72300363 3.80514836 1.34283674
v -2.63683534 3.80514836 1.52237761
v -2.55347466 3.80514836 1.70617712
v -2.54564357 3.29779506 1.70094466
v -2.45962405 3.29779506 1.88733578
v -2.37043715 3.29779506 2.07881761
v -2.46996760 3.80514836 1.89527285
v -2.38256502 3.80514836 2.08945346
v -2.72519565 4.31250143 1.34391785
v -2.64247847 4.31250143 1.52563560
v -2.56213832 4.31250143 1.71196604
v -2.48102665 4.31250143 1.90375876
v -2.39526749 4.31250143 2.10059333
v -2.27409744 3.29779506 2.27409744
v -2.28721786 3.80514836 2.28721786
v -2.30076146 4.31250143 2.30076146
v -2.72834206 4.81985426 1.34546947
v -2.64902592 4.81985426 1.52941585
v -2.57161498 4.81985426 1.71829820
v -2.73243833 5.32720757 1.34748948
v -2.65646410 5.32720757 1.53371024
v -2.58188272 5.32720757 1.72515893
v -2.49277472 4.81985426 1.91277325
v -2.40851355 4.81985426 2.11220956
v -2.50518298 5.32720757 1.92229462
v -2.42227006 5.32720757 2.12427378
v -2.32897949 5.32720757 2.32897949
v -2.73747730 5.83456087 1.34997439
v -2.66477704 5.83456087 1.53850973
v -2.59291768 5.83456087 1.73253226
v -2.51822186 5.83456087 1.93229961
v -2.43650270 5.83456087 2.13675547
v -2.34358239 5.83456087 2.34358239
v -2.31469369 4.81985426 2.31469369
v -2.16674185 3.29779506 2.47069550
v -2.18007541 3.80514836 2.48589945
v -2.04507351 3.29779506 2.66519165
v -1.90670002 3.29779506 2.85357833
v -2.05791759 3.80514836 2.68193054
v -1.91848099 3.80514836 2.87120962
v -2.19368076 4.31250143 2.50141358
v -2.07089400 4.31250143 2.69884181
v -1.93027437 4.31250143 2.88885975
v -2.20752311 4.81985426 2.51719761
v -2.22156692 5.32720757 2.53321147
v -2.08396912 4.81985426 2.71588135
v -2.09710836 5.32720757 2.73300481
v -1.94204926 4.81985426 2.90648198
v -1.95377457 5.32720757 2.92403030
v -2.23577595 5.83456087 2.54941392
v -2.11027789 5.83456087 2.75016785
v -1.96541953 5.83456087 2.94145823
v -1.83799291 0.25367656 2.75075078
v -1.84905779 0.76102966 2.76731062
v -1.68833292 0.25367656 2.92427826
v -1.69855106 0.76102966 2.94197679
v -1.52255750 0.25367656 3.08744097
v -1.53153396 0.76102966 3.10564375
v -1.86031675 1.26838279 2.78416085
v -1.70885181 1.26838279 2.95981836
v -1.54050446 1.26838279 3.12383413
v -1.34064615 0.25367656 3.23660588
v -1.34814036 0.76102966 3.25469875
v -1.14352739 0.25367656 3.36872315
v -1.35556567 1.26838279 3.27262497
v -1.14944530 0.76102966 3.38615656
v -1.15525699 1.26838279 3.40327740
v -1.87174058 1.77573586 2.80125761
v -1.71920812 1.77573586 2.97775578
v -1.72959232 2.28308892 2.99574184
v -1.54944515 1.77573586 3.14196396
v -1.55833197 2.28308892 3.15998459
v -1.73997724 2.79044199 3.01372910
v -1.56714141 2.79044199 3.17784858
v -1.36290193 1.77573586 3.29033637
v -1.37012970 2.28308892 3.30778575
v -1.37722933 2.79044199 3.32492566
v -1.16094685 1.77573586 3.42003918
v -1.16649950 2.28308892 3.43639660
v -1.17189968 2.79044199 3.45230532
v -0.93287551 0.25367656 3.48153901
v -0.93724829 0.76102966 3.49785829
v -0.71084970 0.25367656 3.57368279
v -0.71380544 0.76102966 3.58854222
v -0.94150186 1.26838279 3.51373267
v -0.71664983 1.26838279 3.60284185
v -0.47982439 0.25367656 3.64462805
v -0.48155713 0.76102966 3.65778947
v -0.24215311 0.25367656 3.69454241
v -0.24289493 0.76102966 3.70586061
v -0.48320350 1.26838279 3.67029500
v -0.24358872 1.26838279 3.71644568
v -0.94562459 1.77573586 3.52911901
v -0.94960529 2.28308892 3.54397511
v -0.71937501 1.77573586 3.61654258
v -0.72197366 2.28308892 3.62960672
v -0.95343310 2.79044199 3.55826068
v -0.72443861 2.79044199 3.64199901
v -0.48475903 1.77573586 3.68211031
v -0.48621947 2.28308892 3.69320345
v -0.24423255 1.77573586 3.72626853
v -0.24482469 2.28308892 3.73530293
v -0.48758078 2.79044199 3.70354366
v -0.24536353 2.79044199 3.74352407
v -1.75033534 3.29779506 3.03166986
v -1.76063907 3.80514836 3.04951644
v -1.57584989 3.29779506 3.19550753
v -1.58443415 3.80514836 3.21291447
v -1.77086127 4.31250143 3.06722164
v -1.59287107 4.31250143 3.23002291
v -1.38418162 3.29779506 3.34171009
v -1.39096808 3.80514836 3.35809398
v -1.39757013 4.31250143 3.37403274
v -1.17713296 3.29779506 3.46772218
v -1.18218517 3.80514836 3.48260522
v -1.18704236 4.31250143 3.49691391
v -1.78097451 4.81985426 3.08473849
v -1.79095221 5.32720757 3.10202026
v -1.60113811 4.81985426 3.24678707
v -1.60921323 5.32720757 3.26316166
v -1.80076778 5.83456087 3.11902118
v -1.61707461 5.83456087 3.27910304
v -1.40397012 4.81985426 3.38948369
v -1.41015065 5.32720757 3.40440488
v -1.19169140 4.81985426 3.51060987
v -1.19611979 5.32720757 3.52365541
v -1.41609514 5.83456087 3.41875601
v -1.20031536 5.83456087 3.53601503
v -0.95709759 3.29779506 3.57193685
v -0.96058875 3.80514836 3.58496594
v -0.72676313 3.29779506 3.65368509
v -0.72894090 3.80514836 3.66463327
v -0.96389711 4.31250143 3.59731293
v -0.73096591 4.31250143 3.67481375
v -0.48883930 3.29779506 3.71310329
v -0.48999161 3.80514836 3.72185564
v -0.24584763 3.29779506 3.75090981
v -0.24627563 3.80514836 3.75744009
v -0.49103448 4.31250143 3.72977734
v -0.24664643 4.31250143 3.76309729
v -0.96701354 4.81985426 3.60894370
v -0.96992958 5.32720757 3.61982656
v -0.73283261 4.81985426 3.68419838
v -0.73453593 5.32720757 3.69276166
v -0.97263724 5.83456087 3.62993169
v -0.73607123 5.83456087 3.70047998
v -0.49196514 4.81985426 3.73684645
v -0.49278104 5.32720757 3.74304366
v -0.24695899 4.81985426 3.76786613
v -0.24721248 5.32720757 3.77173352
v -0.49347994 5.83456087 3.74835229
v -0.24740623 5.83456087 3.77468967
v -2.82624769 6.34191370 -1.88843834
v -2.82821679 6.84926701 -1.88975406
v -2.83023691 7.35661983 -1.89110398
v -2.83230066 7.86397314 -1.89248276
v -2.83439994 8.37132645 -1.89388549
v -2.83652782 8.87867928 -1.89530730
v -2.66341972 6.34191370 -2.04371381
v -2.66542506 6.84926701 -2.04525256
v -2.49293542 6.34191370 -2.18624568
v -2.49434733 6.84926701 -2.18748403
v -2.66757631 7.35661983 -2.04690337
v -2.49599147 7.35661983 -2.18892574
v -2.31903267 6.34191370 -2.31903267
v -2.14477992 6.34191370 -2.44565272
v -2.31934857 6.84926701 -2.31934857
v -2.14367938 6.84926701 -2.44439793
v -1.97182918 6.34191370 -2.56973791
v -1.96920371 6.84926701 -2.56631613
v -2.31996393 7.35661983 -2.31996393
v -2.14291906 7.35661983 -2.44353080
v -1.96692884 7.35661983 -2.56335163
v -2.66986537 7.86397314 -2.04865956
v -2.67228317 8.37132645 -2.05051494
v -2.49786043 7.86397314 -2.19056487
v -2.49994707 8.37132645 -2.19239473
v -2.67482162 8.87867928 -2.05246282
v -2.50224304 8.87867928 -2.19440818
v -2.32087398 7.86397314 -2.32087398
v -2.14249802 7.86397314 -2.44305062
v -2.32207417 8.37132645 -2.32207417
v -2.14241481 8.37132645 -2.44295597
v -1.96500814 7.86397314 -2.56084847
v -1.96344435 8.37132645 -2.55881047
v -2.32355809 8.87867928 -2.32355809
v -2.14266729 8.87867928 -2.44324398
v -1.96223915 8.87867928 -2.55723977
v -3.30141354 6.34191370 -1.12067890
v -3.35536051 6.34191370 -0.89906615
v -3.29713297 6.84926701 -1.11922586
v -3.34872746 6.84926701 -0.89728886
v -3.29268217 7.35661983 -1.11771500
v -3.34195757 7.35661983 -0.89547479
v -3.21838164 6.34191370 -1.33309734
v -3.10875320 6.34191370 -1.53306746
v -3.21635318 6.84926701 -1.33225715
v -3.10863161 6.84926701 -1.53300750
v -2.97642875 6.34191370 -1.71844196
v -2.97767854 6.84926701 -1.71916342
v -3.21416378 7.35661983 -1.33135021
v -3.10839558 7.35661983 -1.53289104
v -2.97888803 7.35661983 -1.71986187
v -3.37946534 6.34191370 -0.67221743
v -3.37482142 6.34191370 -0.44430369
v -3.37065220 6.84926701 -0.67046440
v -3.36426902 6.84926701 -0.44291443
v -3.34427643 6.34191370 -0.21919546
v -3.29212952 6.34191370 -0.00000000
v -3.33265924 6.84926701 -0.21843404
v -3.28029394 6.84926701 -0.00000000
v -3.36177802 7.35661983 -0.66869920
v -3.35377049 7.35661983 -0.44153225
v -3.32124138 7.35661983 -0.21768565
v -3.26882124 7.35661983 -0.00000000
v -3.22366118 6.34191370 0.21128991
v -3.21254253 6.84926701 0.21056116
v -3.20195460 7.35661983 0.20986718
v -3.28807282 7.86397314 -1.11615026
v -3.33506870 7.86397314 -0.89362895
v -3.28331685 8.37132645 -1.11453593
v -3.32807970 8.37132645 -0.89175630
v -3.27842760 8.87867928 -1.11287618
v -3.32101035 8.87867928 -0.88986200
v -3.21181846 7.86397314 -1.33037877
v -3.10804415 7.86397314 -1.53271782
v -3.20932293 8.37132645 -1.32934511
v -3.10757732 8.37132645 -1.53248763
v -2.98005271 7.86397314 -1.72053421
v -2.98116755 8.37132645 -1.72117782
v -3.20668316 8.87867928 -1.32825172
v -3.10699534 8.87867928 -1.53220057
v -2.98222804 8.87867928 -1.72179019
v -3.35286713 7.86397314 -0.66692674
v -3.34335518 7.86397314 -0.44016105
v -3.34394455 8.37132645 -0.66515195
v -3.33305240 8.37132645 -0.43880469
v -3.31005502 7.86397314 -0.21695247
v -3.25774479 7.86397314 -0.00000000
v -3.29913259 8.37132645 -0.21623658
v -3.24709678 8.37132645 -0.00000000
v -3.33503556 8.87867928 -0.66337985
v -3.32289219 8.87867928 -0.43746707
v -3.28850603 8.87867928 -0.21554007
v -3.23690915 8.87867928 -0.00000000
v -3.19192839 7.86397314 0.20921004
v -3.18249440 8.37132645 0.20859170
v -3.17368150 8.87867928 0.20801407
v -2.83867669 9.38603210 -1.89674306
v -2.84083962 9.89338589 -1.89818823
v -2.84300947 10.40073872 -1.89963818
v -2.84517956 10.90809155 -1.90108824
v -2.84734368 11.41544437 -1.90253425
v -2.84949565 11.92279816 -1.90397215
v -2.85162926 12.43015099 -1.90539777
v -2.32735252 9.89338589 -2.32735252
v -2.67747164 9.38603210 -2.05449629
v -2.68022466 9.89338589 -2.05660868
v -2.50474000 9.38603210 -2.19659805
v -2.50742936 9.89338589 -2.19895649
v -2.32964826 10.40073872 -2.32964826
v -2.68307161 10.40073872 -2.05879331
v -2.51030183 10.40073872 -2.20147562
v -2.32532001 9.38603210 -2.32532001
v -2.14325237 9.38603210 -2.44391084
v -2.14416575 9.89338589 -2.44495249
v -1.96139348 9.38603210 -2.55613780
v -1.96090734 9.89338589 -2.55550432
v -2.14540315 10.40073872 -2.44636345
v -1.96077967 10.40073872 -2.55533791
v -2.33219886 10.90809155 -2.33219886
v -2.33499599 11.41544437 -2.33499599
v -2.68600345 10.90809155 -2.06104279
v -2.68901110 11.41544437 -2.06335092
v -2.51334810 10.90809155 -2.20414710
v -2.51655865 11.41544437 -2.20696282
v -2.33803034 11.92279816 -2.33803034
v -2.34129238 12.43015099 -2.34129238
v -2.69208598 11.92279816 -2.06571031
v -2.69521904 12.43015099 -2.06811428
v -2.51992345 11.92279816 -2.20991349
v -2.52343249 12.43015099 -2.21299100
v -2.14695883 10.90809155 -2.44813752
v -2.14882708 11.41544437 -2.45026755
v -1.96100867 10.90809155 -2.55563641
v -1.96159184 11.41544437 -2.55639625
v -2.15100050 11.92279816 -2.45274591
v -2.15347171 12.43015099 -2.45556402
v -1.96252537 11.92279816 -2.55761290
v -1.96380520 12.43015099 -2.55928087
v -3.27341819 9.38603210 -1.11117566
v -3.31388021 9.38603210 -0.88795155
v -3.26830268 9.89338589 -1.10943925
v -3.30671000 9.89338589 -0.88603026
v -3.26309609 10.40073872 -1.10767186
v -3.29952025 10.40073872 -0.88410383
v -3.20390630 9.38603210 -1.32710147
v -3.10629916 9.38603210 -1.53185725
v -3.20099998 9.89338589 -1.32589757
v -3.10548997 9.89338589 -1.53145814
v -2.98323035 9.38603210 -1.72236884
v -2.98417091 9.89338589 -1.72291183
v -3.19797230 10.40073872 -1.32464349
v -3.10456991 10.40073872 -1.53100443
v -2.98504639 10.40073872 -1.72341728
v -3.32616544 9.38603210 -0.66161543
v -3.31290364 9.38603210 -0.43615204
v -3.31735969 9.89338589 -0.65986389
v -3.30311584 9.89338589 -0.43486345
v -3.27820587 9.38603210 -0.21486497
v -3.22721195 9.38603210 -0.00000000
v -3.26826334 9.89338589 -0.21421330
v -3.30864453 10.40073872 -0.65813029
v -3.29355788 10.40073872 -0.43360513
v -3.25870824 10.40073872 -0.21358702
v -3.16551661 9.38603210 0.20747893
v -3.21803522 9.89338589 -0.00000000
v -3.15802622 9.89338589 0.20698798
v -3.20940685 10.40073872 -0.00000000
v -3.15123439 10.40073872 0.20654282
v -3.25781345 10.90809155 -1.10587871
v -3.29233241 10.90809155 -0.88217777
v -3.25247049 11.41544437 -1.10406494
v -3.28516746 11.41544437 -0.88025796
v -3.24708366 11.92279816 -1.10223639
v -3.27804732 11.92279816 -0.87835014
v -3.24166918 12.43015099 -1.10039842
v -3.27099371 12.43015099 -0.87646013
v -3.19483209 10.90809155 -1.32334268
v -3.10354185 10.90809155 -1.53049743
v -3.19158864 11.41544437 -1.32199931
v -3.10240865 11.41544437 -1.52993858
v -2.98585415 10.90809155 -1.72388363
v -2.98659182 11.41544437 -1.72430956
v -3.18825197 11.92279816 -1.32061720
v -3.10117412 11.92279816 -1.52932978
v -3.18483281 12.43015099 -1.31920099
v -3.09984279 12.43015099 -1.52867329
v -2.98725772 11.92279816 -1.72469401
v -2.98785043 12.43015099 -1.72503614
v -3.30004525 10.90809155 -0.65641981
v -3.28425837 10.90809155 -0.43238083
v -3.29158783 11.41544437 -0.65473753
v -3.27524567 11.41544437 -0.43119428
v -3.24956942 10.90809155 -0.21298803
v -3.24087572 11.41544437 -0.21241821
v -3.28329802 11.92279816 -0.65308857
v -3.26654720 11.92279816 -0.43004909
v -3.27520132 12.43015099 -0.65147805
v -3.25819039 12.43015099 -0.42894888
v -3.23265386 11.92279816 -0.21187933
v -3.22493100 12.43015099 -0.21137314
v -3.20135450 10.90809155 -0.00000000
v -3.14516377 10.90809155 0.20614493
v -3.19390392 11.41544437 -0.00000000
v -3.13983560 11.41544437 0.20579571
v -3.18707943 11.92279816 -0.00000000
v -3.13526917 11.92279816 0.20549639
v -3.18090439 12.43015099 -0.00000000
v -3.13148165 12.43015099 0.20524815
v -1.45625842 6.34191370 -2.95299983
v -1.45039320 6.84926701 -2.94110656
v -1.44475114 7.35661983 -2.92966557
v -1.27867305 6.34191370 -3.08698988
v -1.27262676 6.84926701 -3.07239294
v -1.09358907 6.34191370 -3.22160959
v -1.08788049 6.84926701 -3.20479250
v -1.26673102 7.35661983 -3.05815935
v -1.08225083 7.35661983 -3.18820810
v -1.80036247 6.34191370 -2.69443297
v -1.79631686 6.84926701 -2.68837833
v -1.62923050 6.34191370 -2.82190990
v -1.62405801 6.84926701 -2.81295109
v -1.79260266 7.35661983 -2.68281937
v -1.61917198 7.35661983 -2.80448818
v -1.43934584 7.86397314 -2.91870475
v -1.43419039 8.37132645 -2.90825033
v -1.42929709 8.87867928 -2.89832783
v -1.26100075 7.86397314 -3.04432511
v -1.25545013 8.37132645 -3.03092480
v -1.07671475 7.86397314 -3.17189932
v -1.07128656 8.37132645 -3.15590835
v -1.25009322 8.87867928 -3.01799202
v -1.06598008 8.87867928 -3.14027619
v -1.78922749 7.86397314 -2.67776799
v -1.78619814 8.37132645 -2.67323446
v -1.61458373 7.86397314 -2.79654098
v -1.61030352 8.37132645 -2.78912759
v -1.78352082 8.87867928 -2.66922760
v -1.60634100 8.87867928 -2.78226423
v -0.89848876 6.34191370 -3.35320568
v -0.69163477 6.34191370 -3.47708273
v -0.68785691 6.84926701 -3.45809031
v -0.89357573 6.84926701 -3.33487010
v -0.68405485 7.35661983 -3.43897581
v -0.88868082 7.35661983 -3.31660199
v -0.47236398 6.34191370 -3.58796072
v -0.46990192 6.84926701 -3.56925941
v -0.24123234 6.34191370 -3.68049431
v -0.24008818 6.84926701 -3.66303778
v -0.46739742 7.35661983 -3.55023575
v -0.23890993 7.35661983 -3.64506102
v -0.68023884 7.86397314 -3.41979146
v -0.67641914 8.37132645 -3.40058875
v -0.88381690 7.86397314 -3.29844952
v -0.87899691 8.37132645 -3.28046107
v -0.67260605 8.87867928 -3.38141918
v -0.87423342 8.87867928 -3.26268339
v -0.46485743 7.86397314 -3.53094268
v -0.46228892 8.37132645 -3.51143289
v -0.23770091 7.86397314 -3.62661505
v -0.23646453 8.37132645 -3.60775161
v -0.45969889 8.87867928 -3.49175978
v -0.23520425 8.87867928 -3.58852339
v -1.42467761 9.38603210 -2.88896036
v -1.24494314 9.38603210 -3.00555849
v -1.42034268 9.89338589 -2.88017011
v -1.24001253 9.89338589 -2.99365520
v -1.06080902 9.38603210 -3.12504268
v -1.05578637 9.89338589 -3.11024642
v -1.41630256 10.40073872 -2.87197733
v -1.23531365 10.40073872 -2.98231077
v -1.05092490 10.40073872 -3.09592485
v -1.78120029 9.38603210 -2.66575456
v -1.77924073 9.89338589 -2.66282177
v -1.60270512 9.38603210 -2.77596664
v -1.59940338 9.89338589 -2.77024794
v -1.77764511 10.40073872 -2.66043401
v -1.59644306 10.40073872 -2.76512051
v -1.41256630 10.90809155 -2.86440110
v -1.23085761 10.90809155 -2.97155333
v -1.40914261 11.41544437 -2.85745859
v -1.22665536 11.41544437 -2.96140814
v -1.04623675 10.90809155 -3.08211398
v -1.04173362 11.41544437 -3.06884837
v -1.40603888 11.92279816 -2.85116482
v -1.22271693 11.92279816 -2.95189977
v -1.40326214 12.43015099 -2.84553409
v -1.21905148 12.43015099 -2.94305062
v -1.03742683 11.92279816 -3.05616093
v -1.03332698 12.43015099 -3.04408312
v -1.77641594 10.90809155 -2.65859437
v -1.77555418 11.41544437 -2.65730476
v -1.59383011 10.90809155 -2.76059484
v -1.59156978 11.41544437 -2.75667977
v -1.77506042 11.92279816 -2.65656567
v -1.77493417 12.43015099 -2.65637684
v -1.58966625 11.92279816 -2.75338268
v -1.58812284 12.43015099 -2.75070953
v -0.66880977 9.38603210 -3.36233354
v -0.86953890 9.38603210 -3.24516344
v -0.86492562 9.89338589 -3.22794628
v -0.66504025 9.89338589 -3.34338307
v -0.86040545 10.40073872 -3.21107674
v -0.66130757 10.40073872 -3.32461786
v -0.45709446 9.38603210 -3.47197700
v -0.45448261 9.89338589 -3.45213819
v -0.23392357 9.38603210 -3.56898379
v -0.23262602 9.89338589 -3.54918718
v -0.45187047 10.40073872 -3.43229699
v -0.23131520 10.40073872 -3.52918792
v -0.85599011 10.90809155 -3.19459867
v -0.85169089 11.41544437 -3.17855382
v -0.65762162 10.90809155 -3.30608702
v -0.65399194 11.41544437 -3.28783965
v -0.84751886 11.92279816 -3.16298342
v -0.84348464 12.43015099 -3.14792752
v -0.65042818 11.92279816 -3.26992321
v -0.64693952 12.43015099 -3.25238466
v -0.44926503 10.90809155 -3.41250682
v -0.44667327 11.41544437 -3.39282036
v -0.22999468 10.90809155 -3.50904083
v -0.22866809 11.41544437 -3.48880100
v -0.44410214 11.92279816 -3.37329054
v -0.44155845 12.43015099 -3.35396957
v -0.22733904 11.92279816 -3.46852350
v -0.22601114 12.43015099 -3.44826365
v -3.14455080 6.34191370 0.41398796
v -3.06025720 6.34191370 0.60872298
v -3.13508034 6.84926701 0.41274115
v -3.05326796 6.84926701 0.60733277
v -2.97543383 6.34191370 0.79726511
v -2.89345503 6.34191370 0.98219568
v -2.81610274 6.34191370 1.16646791
v -2.97157931 6.84926701 0.79623228
v -2.89314628 6.84926701 0.98209077
v -2.81947136 6.84926701 1.16786325
v -3.12629676 7.35661983 0.41158476
v -3.04709673 7.35661983 0.60610521
v -2.96863651 7.35661983 0.79544377
v -2.89379668 7.35661983 0.98231161
v -2.82379794 7.35661983 1.16965532
v -3.11822701 7.86397314 0.41052240
v -3.04176402 7.86397314 0.60504448
v -3.11089706 8.37132645 0.40955737
v -3.03728819 8.37132645 0.60415417
v -2.96661758 7.86397314 0.79490274
v -2.89540958 7.86397314 0.98285913
v -2.82907510 7.86397314 1.17184126
v -2.96553206 8.37132645 0.79461193
v -2.89798474 8.37132645 0.98373330
v -2.83529329 8.37132645 1.17441690
v -3.10433006 8.87867928 0.40869281
v -3.03368568 8.87867928 0.60343760
v -2.96538758 8.87867928 0.79457325
v -2.90152049 8.87867928 0.98493344
v -2.84244061 8.87867928 1.17737746
v -2.77639842 8.37132645 1.36916816
v -2.78681207 8.87867928 1.37430370
v -2.74344945 6.34191370 1.35291958
v -2.67394614 6.34191370 1.54380345
v -2.60469365 6.34191370 1.74040079
v -2.75034308 6.84926701 1.35631907
v -2.68395066 6.84926701 1.54957962
v -2.61718297 6.84926701 1.74874568
v -2.53185916 6.34191370 1.94276381
v -2.45117593 6.34191370 2.14962363
v -2.54606152 6.84926701 1.95366168
v -2.46625304 6.84926701 2.16284585
v -2.75814390 7.35661983 1.36016607
v -2.69476819 7.35661983 1.55582511
v -2.63035536 7.35661983 1.75754726
v -2.56079388 7.35661983 1.96496618
v -2.48169613 7.35661983 2.17638922
v -2.76683521 7.86397314 1.36445212
v -2.70637321 7.86397314 1.56252527
v -2.64417911 7.86397314 1.76678407
v -2.71873903 8.37132645 1.56966472
v -2.65862131 8.37132645 1.77643394
v -2.57602000 7.86397314 1.97664964
v -2.59170198 8.37132645 1.98868299
v -2.49746656 7.86397314 2.19021940
v -2.51352429 8.37132645 2.20430160
v -2.73183680 8.87867928 1.57722676
v -2.67364645 8.87867928 1.78647339
v -2.60780144 8.87867928 2.00103641
v -2.52982903 8.87867928 2.21860051
v -2.35846567 6.34191370 2.35846567
v -2.37359095 6.84926701 2.37359095
v -2.38891983 7.35661983 2.38891983
v -2.25011349 6.34191370 2.56576276
v -2.12344360 6.34191370 2.76732540
v -2.26454282 6.84926701 2.58221626
v -2.13657045 6.84926701 2.78443289
v -1.97695339 6.34191370 2.95871997
v -1.98834574 6.84926701 2.97576976
v -2.27902651 7.35661983 2.59873176
v -2.14962482 7.35661983 2.80144548
v -1.99956667 7.35661983 2.99256301
v -2.40441346 7.86397314 2.40441346
v -2.42003202 8.37132645 2.42003202
v -2.43573523 8.87867928 2.43573523
v -2.29352713 7.86397314 2.61526656
v -2.16257215 7.86397314 2.81831908
v -2.30800724 8.37132645 2.63177776
v -2.17537904 8.37132645 2.83500910
v -2.01058626 7.86397314 3.00905514
v -2.02137566 8.37132645 3.02520251
v -2.32242918 8.87867928 2.64822292
v -2.18801141 8.87867928 2.85147190
v -2.03190637 8.87867928 3.04096270
v -3.09854794 9.38603210 0.40793157
v -3.03097057 9.38603210 0.60289752
v -3.09357071 9.89338589 0.40727633
v -3.02915502 9.89338589 0.60253638
v -2.96618938 9.38603210 0.79478806
v -2.90601158 9.38603210 0.98645800
v -2.85050273 9.38603210 1.18071687
v -2.96794033 9.89338589 0.79525721
v -2.91145134 9.89338589 0.98830456
v -2.85946298 9.89338589 1.18442833
v -3.08941650 10.40073872 0.40672937
v -3.02824879 10.40073872 0.60235614
v -2.97064066 10.40073872 0.79598081
v -2.91783023 10.40073872 0.99046993
v -2.86930203 10.40073872 1.18850374
v -2.79805303 9.38603210 1.37984705
v -2.81009555 9.89338589 1.38578582
v -2.82291222 10.40073872 1.39210629
v -3.08610082 10.90809155 0.40629289
v -3.02825928 10.90809155 0.60235822
v -3.08363819 11.41544437 0.40596867
v -3.02919221 11.41544437 0.60254377
v -2.97428870 10.90809155 0.79695821
v -2.92513657 10.90809155 0.99295008
v -2.87999868 10.90809155 1.19293451
v -2.97887969 11.41544437 0.79818839
v -2.93335581 11.41544437 0.99574018
v -2.89152956 11.41544437 1.19771075
v -3.08204031 11.92279816 0.40575832
v -3.03105021 11.92279816 0.60291338
v -3.08131695 12.43015099 0.40566307
v -3.03383422 12.43015099 0.60346711
v -2.98440695 11.92279816 0.79966944
v -2.94247174 11.92279816 0.99883461
v -2.90386915 11.92279816 1.20282197
v -2.99086189 12.43015099 0.80139899
v -2.95246553 12.43015099 1.00222707
v -2.91698956 12.43015099 1.20825672
v -2.83647346 10.90809155 1.39879394
v -2.79089952 10.90809155 1.61132658
v -2.85074782 11.41544437 1.40583324
v -2.80715656 11.41544437 1.62071264
v -2.86570168 11.92279816 1.41320765
v -2.82393456 11.92279816 1.63039935
v -2.88129997 12.43015099 1.42089999
v -2.84119225 12.43015099 1.64036310
v -2.79190874 12.43015099 1.86549377
v -2.74563527 9.38603210 1.58519328
v -2.68921804 9.38603210 1.79687810
v -2.76010180 9.89338589 1.59354556
v -2.70529842 9.89338589 1.80762255
v -2.62427783 9.38603210 2.01367903
v -2.64109015 9.89338589 2.02657986
v -2.56301379 9.89338589 2.24770260
v -2.54633927 9.38603210 2.23307967
v -2.77520180 10.40073872 1.60226357
v -2.72184777 10.40073872 1.81868052
v -2.65819669 10.40073872 2.03970599
v -2.57980990 10.40073872 2.26243258
v -2.73882580 10.90809155 1.83002484
v -2.67555475 10.90809155 2.05302525
v -2.59668517 10.90809155 2.27723169
v -2.75619054 11.41544437 1.84162772
v -2.69312072 11.41544437 2.06650424
v -2.61359692 11.41544437 2.29206300
v -2.77389956 11.92279816 1.85346043
v -2.71085048 11.92279816 2.08010888
v -2.63050199 11.92279816 2.30688834
v -2.72870016 12.43015099 2.09380531
v -2.64735794 12.43015099 2.32167053
v -2.45148349 9.38603210 2.45148349
v -2.33675575 9.38603210 2.66455913
v -2.46723604 9.89338589 2.46723604
v -2.35094976 9.89338589 2.68074441
v -2.48295283 10.40073872 2.48295283
v -2.36497450 10.40073872 2.69673657
v -2.20043659 9.38603210 2.86766481
v -2.21262193 9.89338589 2.88354516
v -2.04215050 9.38603210 3.05629420
v -2.05208087 9.89338589 3.07115602
v -2.22453570 10.40073872 2.89907122
v -2.06167126 10.40073872 3.08550906
v -1.87769306 10.40073872 3.25225973
v -2.49859309 10.90809155 2.49859309
v -2.37879348 10.90809155 2.71249413
v -2.51411724 11.41544437 2.51411724
v -2.39237118 11.41544437 2.72797632
v -2.52948499 11.92279816 2.52948499
v -2.40567183 11.92279816 2.74314308
v -2.54465699 12.43015099 2.54465699
v -2.41866159 12.43015099 2.75795484
v -2.23614645 10.90809155 2.91420269
v -2.24742389 11.41544437 2.92889977
v -2.07089639 10.90809155 3.09931540
v -1.88455331 10.90809155 3.26414204
v -2.07973194 11.41544437 3.11253858
v -1.89100182 11.41544437 3.27531123
v -2.25833845 11.92279816 2.94312382
v -2.26886153 12.43015099 2.95683789
v -2.08815432 11.92279816 3.12514377
v -1.89702165 11.92279816 3.28573775
v -2.09614158 12.43015099 3.13709760
v -1.90259647 12.43015099 3.29539371
v -1.81039500 6.34191370 3.13569617
v -1.81980836 6.84926701 3.15200043
v -1.62470126 6.34191370 3.29456806
v -1.63207257 6.84926701 3.30951571
v -1.82898271 7.35661983 3.16789103
v -1.63916886 7.35661983 3.32390571
v -1.43235433 7.35661983 3.45800924
v -1.42178738 6.34191370 3.43249846
v -1.20426667 6.34191370 3.54765511
v -1.42721200 6.84926701 3.44559455
v -1.20796299 6.84926701 3.55854416
v -1.21139419 7.35661983 3.56865239
v -0.97943896 7.35661983 3.65531588
v -1.83789361 7.86397314 3.18332505
v -1.84651732 8.37132645 3.19826174
v -1.64597106 7.86397314 3.33769917
v -1.65246081 8.37132645 3.35085893
v -1.85483086 8.87867928 3.21266127
v -1.65862060 8.87867928 3.36334991
v -1.43720043 7.86397314 3.46970892
v -1.44173717 8.37132645 3.48066163
v -1.44595230 8.87867928 3.49083757
v -1.21455109 7.86397314 3.57795215
v -1.21742487 8.37132645 3.58641791
v -0.98124504 7.86397314 3.66205645
v -0.98281175 8.37132645 3.66790342
v -1.22000778 8.87867928 3.59402704
v -0.98413485 8.87867928 3.67284131
v -0.97512919 6.34191370 3.63923168
v -0.97739846 6.84926701 3.64770079
v -0.73743421 6.34191370 3.70733237
v -0.73862123 6.84926701 3.71329975
v -0.73962903 7.35661983 3.71836638
v -0.49405995 6.34191370 3.75275803
v -0.49451950 6.84926701 3.75624847
v -0.24753973 6.34191370 3.77672648
v -0.24761261 6.84926701 3.77783847
v -0.49485731 7.35661983 3.75881433
v -0.24762473 7.35661983 3.77802324
v -0.74045485 7.86397314 3.72251773
v -0.74109632 8.37132645 3.72574282
v -0.74155188 8.87867928 3.72803283
v -0.49507248 7.86397314 3.76044893
v -0.49516448 8.37132645 3.76114774
v -0.24757603 7.86397314 3.77728033
v -0.24746670 8.37132645 3.77561212
v -0.49513307 8.87867928 3.76090908
v -0.24729705 8.87867928 3.77302384
v -1.86281204 9.38603210 3.22648501
v -1.66443408 9.38603210 3.37513828
v -1.87043953 9.89338589 3.23969626
v -1.66988528 9.89338589 3.38619256
v -1.44983435 9.38603210 3.50020957
v -1.45337260 9.89338589 3.50875187
v -1.67495990 10.40073872 3.39648247
v -1.45655775 10.40073872 3.51644158
v -1.22229278 9.38603210 3.60075831
v -1.22427356 9.89338589 3.60659337
v -0.98521066 9.38603210 3.67685628
v -0.98603630 9.89338589 3.67993736
v -1.22594476 10.40073872 3.61151671
v -0.98660940 10.40073872 3.68207622
v -1.67964399 10.90809155 3.40598106
v -1.68392503 11.41544437 3.41466212
v -1.45938110 10.90809155 3.52325749
v -1.46183479 11.41544437 3.52918148
v -1.68779159 11.92279816 3.42250276
v -1.69123316 12.43015099 3.42948151
v -1.46391237 11.92279816 3.53419709
v -1.46560812 12.43015099 3.53829098
v -1.22730172 10.90809155 3.61551428
v -1.22834086 11.41544437 3.61857557
v -0.98692840 10.90809155 3.68326688
v -0.98699254 11.41544437 3.68350625
v -1.22905934 11.92279816 3.62069201
v -1.22945511 12.43015099 3.62185812
v -0.98680151 11.92279816 3.68279338
v -0.98635596 12.43015099 3.68113065
v -0.74182010 9.38603210 3.72938156
v -0.74190038 9.89338589 3.72978497
v -0.74179244 10.40073872 3.72924232
v -0.49497831 9.38603210 3.75973344
v -0.49470070 9.89338589 3.75762486
v -0.24706757 9.38603210 3.76952267
v -0.24677892 9.89338589 3.76511860
v -0.49430099 10.40073872 3.75458884
v -0.24643190 10.40073872 3.75982428
v -0.74149662 10.90809155 3.72775531
v -0.74101377 11.41544437 3.72532797
v -0.74034524 11.92279816 3.72196698
v -0.73949289 12.43015099 3.71768165
v -0.49378034 10.90809155 3.75063419
v -0.49314022 11.41544437 3.74577188
v -0.24602753 10.90809155 3.75365472
v -0.24556692 11.41544437 3.74662733
v -0.49238241 11.92279816 3.74001575
v -0.49150905 12.43015099 3.73338175
v -0.24505138 11.92279816 3.73876166
v -0.24448237 12.43015099 3.73008013
v 0.00000000 0.25367656 -3.86470962
v 0.00000000 0.76102966 -3.86070514
v 0.25321370 0.25367656 -3.86329436
v 0.25321761 0.76102966 -3.86335421
v 0.00000000 1.26838279 -3.85560393
v 0.25314656 1.26838279 -3.86227012
v 0.50406259 0.25367656 -3.82873535
v 0.50460565 0.76102966 -3.83286047
v 0.74843150 0.25367656 -3.76261926
v 0.75001192 0.76102966 -3.77056456
v 0.50499856 1.26838279 -3.83584476
v 0.75137544 1.26838279 -3.77741933
v 0.00000000 1.77573586 -3.84942508
v 0.00000000 2.28308892 -3.84219027
v 0.25300112 1.77573586 -3.86005116
v 0.25278202 2.28308892 -3.85670829
v 0.00000000 2.79044199 -3.83392429
v 0.25249022 2.79044199 -3.85225606
v 0.50524092 1.77573586 -3.83768559
v 0.50533277 2.28308892 -3.83838344
v 0.75251937 1.77573586 -3.78317022
v 0.75344169 2.28308892 -3.78780723
v 0.50527465 2.79044199 -3.83794212
v 0.75414103 2.79044199 -3.79132295
v 0.98278099 0.25367656 -3.66778851
v 0.98581100 0.76102966 -3.67909670
v 1.20437980 0.25367656 -3.54798841
v 1.20915031 0.76102966 -3.56204200
v 0.98857373 1.26838279 -3.68940735
v 1.21362543 1.26838279 -3.57522511
v 1.41141653 0.25367656 -3.40746117
v 1.41807735 0.76102966 -3.42354155
v 1.60298872 0.25367656 -3.25053954
v 1.61154461 0.76102966 -3.26788926
v 1.42444050 1.26838279 -3.43890357
v 1.61982810 1.26838279 -3.28468657
v 0.99106294 1.77573586 -3.69869709
v 0.99327314 2.28308892 -3.70694590
v 1.21779430 1.77573586 -3.58750629
v 1.22164702 2.28308892 -3.59885621
v 0.99519974 2.79044199 -3.71413612
v 1.22517478 2.79044199 -3.60924864
v 1.43049014 1.77573586 -3.45350862
v 1.43621123 2.28308892 -3.46732044
v 1.62781787 1.77573586 -3.30088806
v 1.63549352 2.28308892 -3.31645274
v 1.44158971 2.79044199 -3.48030543
v 1.64283550 2.79044199 -3.33134079
v 0.00000000 3.29779506 -3.82465434
v 0.00000000 3.80514836 -3.81441021
v 0.25212684 3.29779506 -3.84671211
v 0.25169322 3.80514836 -3.84009647
v 0.00000000 4.31250143 -3.80322409
v 0.25119087 4.31250143 -3.83243203
v 0.50506741 3.29779506 -3.83636785
v 0.50471234 3.80514836 -3.83367085
v 0.75461650 3.29779506 -3.79371333
v 0.75486785 3.80514836 -3.79497695
v 0.50421107 4.31250143 -3.82986355
v 0.75489557 4.31250143 -3.79511619
v 0.00000000 4.81985426 -3.79113078
v 0.00000000 5.32720757 -3.77816701
v 0.25062147 4.81985426 -3.82374454
v 0.24998686 5.32720757 -3.81406260
v 0.00000000 5.83456087 -3.76437211
v 0.24928911 5.83456087 -3.80341673
v 0.50356573 4.81985426 -3.82496142
v 0.50277871 5.32720757 -3.81898332
v 0.75470060 4.81985426 -3.79413605
v 0.75428450 5.32720757 -3.79204440
v 0.50185281 5.83456087 -3.81195045
v 0.75364953 5.83456087 -3.78885221
v 0.99683881 3.29779506 -3.72025323
v 0.99818730 3.80514836 -3.72528577
v 1.22836936 3.29779506 -3.61865950
v 1.23122382 3.80514836 -3.62706828
v 0.99924296 4.31250143 -3.72922540
v 1.23373187 4.31250143 -3.63445663
v 1.44661260 3.29779506 -3.49243164
v 1.45126784 3.80514836 -3.50367069
v 1.65644574 3.80514836 -3.35893965
v 1.64982533 3.29779506 -3.34551477
v 1.45554459 4.31250143 -3.51399565
v 1.66268039 4.31250143 -3.37158227
v 1.00000429 4.81985426 -3.73206663
v 1.00047064 5.32720757 -3.73380709
v 1.23588836 4.81985426 -3.64080954
v 1.23768914 5.32720757 -3.64611435
v 1.00064206 5.83456087 -3.73444724
v 1.23913097 5.83456087 -3.65036201
v 1.45943296 4.81985426 -3.52338290
v 1.46292424 5.32720757 -3.53181148
v 1.66851389 4.81985426 -3.38341165
v 1.67393243 5.32720757 -3.39439917
v 1.46601057 5.83456087 -3.53926277
v 1.67892313 5.83456087 -3.40451932
v 1.77898383 0.25367656 -3.08129048
v 1.93988609 0.25367656 -2.90324473
v 1.78930593 0.76102966 -3.09916878
v 1.95173287 0.76102966 -2.92097473
v 1.79940724 1.26838279 -3.11666465
v 1.96343458 1.26838279 -2.93848753
v 2.08654475 0.25367656 -2.71923804
v 2.09959054 0.76102966 -2.73623943
v 2.11258650 1.26838279 -2.75317621
v 2.21994734 0.25367656 -2.53136468
v 2.34103155 0.25367656 -2.34103155
v 2.23381066 0.76102966 -2.54717278
v 2.35530305 0.76102966 -2.35530305
v 2.45056558 0.25367656 -2.14908838
v 2.54910398 0.25367656 -1.95599616
v 2.46482801 0.76102966 -2.16159606
v 2.56294608 0.76102966 -1.96661770
v 2.24773526 1.26838279 -2.56305099
v 2.36975718 1.26838279 -2.36975718
v 2.47940016 1.26838279 -2.17437553
v 2.57722688 1.26838279 -1.97757578
v 1.80926132 1.77573586 -3.13373256
v 1.81884241 2.28308892 -3.15032744
v 1.97495985 1.77573586 -2.95573640
v 1.98627818 2.28308892 -2.97267532
v 1.82812560 2.79044199 -3.16640639
v 1.99735963 2.79044199 -2.98925996
v 2.12549782 1.77573586 -2.77000284
v 2.13828969 2.28308892 -2.78667355
v 2.15092802 2.79044199 -2.80314398
v 2.26168323 1.77573586 -2.57895565
v 2.38435435 1.77573586 -2.38435435
v 2.27561665 2.28308892 -2.59484363
v 2.39905429 2.28308892 -2.39905429
v 2.49424195 1.77573586 -2.18739152
v 2.59190655 1.77573586 -1.98883975
v 2.50931215 2.28308892 -2.20060778
v 2.60694432 2.28308892 -2.00037885
v 2.28949761 2.79044199 -2.61067176
v 2.41381717 2.79044199 -2.41381717
v 2.52456975 2.79044199 -2.21398830
v 2.69235349 2.28308892 -1.79897308
v 2.62229919 2.79044199 -2.01216102
v 2.70740604 2.79044199 -1.80903089
v 2.63701916 0.25367656 -1.76199996
v 2.71459198 0.25367656 -1.56727040
v 2.78213000 0.25367656 -1.37199461
v 2.65004349 0.76102966 -1.77070248
v 2.72641540 0.76102966 -1.57409668
v 2.79238391 0.76102966 -1.37705135
v 2.84008694 0.25367656 -1.17640257
v 2.88914847 0.25367656 -0.98073375
v 2.93025994 0.25367656 -0.78516078
v 2.84841776 0.76102966 -1.17985332
v 2.89522052 0.76102966 -0.98279488
v 2.93376446 0.76102966 -0.78609979
v 2.66363263 1.26838279 -1.77978241
v 2.73892426 1.26838279 -1.58131874
v 2.80343580 1.26838279 -1.38250148
v 2.85764670 1.26838279 -1.18367600
v 2.90227556 1.26838279 -0.98518980
v 2.93831921 1.26838279 -0.78732026
v 2.96458411 0.25367656 -0.58969241
v 2.99338675 0.25367656 -0.39408684
v 2.96525455 0.76102966 -0.58982581
v 2.99101925 0.76102966 -0.39377517
v 3.01786590 0.25367656 -0.19780138
v 3.03894925 0.25367656 0.00000000
v 3.05709124 0.25367656 0.20037235
v 3.01234221 0.76102966 -0.19743934
v 3.03025937 0.76102966 0.00000000
v 3.04535151 0.76102966 0.19960289
v 2.96702099 1.26838279 -0.59017718
v 2.98976851 1.26838279 -0.39361048
v 3.00792837 1.26838279 -0.19715004
v 3.02264261 1.26838279 0.00000000
v 3.03461862 1.26838279 0.19889940
v 2.67774892 1.77573586 -1.78921461
v 2.75208449 1.77573586 -1.58891666
v 2.81525493 1.77573586 -1.38833010
v 2.76585937 2.28308892 -1.59686971
v 2.82780933 2.28308892 -1.39452124
v 2.86774850 1.77573586 -1.18786025
v 2.91029549 1.77573586 -0.98791218
v 2.94391298 1.77573586 -0.78881907
v 2.87869620 2.28308892 -1.19239497
v 2.91925883 2.28308892 -0.99095488
v 2.95053124 2.28308892 -0.79059243
v 2.78021169 2.79044199 -1.60515606
v 2.84106469 2.79044199 -1.40105808
v 2.89046025 2.79044199 -1.19726777
v 2.92914200 2.79044199 -0.99430972
v 2.95815706 2.79044199 -0.79263580
v 2.96987963 1.77573586 -0.59074575
v 2.98963881 1.77573586 -0.39359340
v 2.97382355 2.28308892 -0.59153032
v 2.99063158 2.28308892 -0.39372411
v 3.00463700 1.77573586 -0.19693431
v 3.01612043 1.77573586 0.00000000
v 3.02492142 1.77573586 0.19826382
v 3.00247812 2.28308892 -0.19679283
v 3.01071119 2.28308892 0.00000000
v 3.01628709 2.28308892 0.19769789
v 2.97884369 2.79044199 -0.59252882
v 2.99274564 2.79044199 -0.39400244
v 3.00145888 2.79044199 -0.19672601
v 3.00643063 2.79044199 0.00000000
v 3.00873899 2.79044199 0.19720317
v 1.83708704 3.29779506 -3.18192792
v 1.84570360 3.80514836 -3.19685245
v 2.00817490 3.29779506 -3.00544620
v 2.01869607 3.80514836 -3.02119207
v 1.85395348 4.31250143 -3.21114159
v 2.02889514 4.31250143 -3.03645635
v 2.17560863 3.80514836 -2.83530831
v 2.18758559 4.31250143 -2.85091686
v 2.16337848 3.29779506 -2.81936979
v 2.30328870 3.29779506 -2.62639737
v 2.31695271 3.80514836 -2.64197826
v 2.42860222 3.29779506 -2.42860222
v 2.44336987 3.80514836 -2.44336987
v 2.53997278 3.29779506 -2.22749639
v 2.55547929 3.80514836 -2.24109507
v 2.33045292 4.31250143 -2.65737224
v 2.45807958 4.31250143 -2.45807958
v 2.57104659 4.31250143 -2.25474739
v 1.86181581 4.81985426 -3.22475958
v 1.86927092 5.32720757 -3.23767209
v 2.03874636 4.81985426 -3.05119944
v 2.04822373 5.32720757 -3.06538367
v 1.87630033 5.83456087 -3.24984741
v 2.05730367 5.83456087 -3.07897258
v 2.19927788 4.81985426 -2.86615467
v 2.21065497 5.32720757 -2.88098168
v 2.22168732 5.83456087 -2.89535928
v 2.34375334 4.81985426 -2.67253852
v 2.35681868 5.32720757 -2.68743658
v 2.47269201 4.81985426 -2.47269201
v 2.48716807 5.32720757 -2.48716807
v 2.58663297 4.81985426 -2.26841617
v 2.60219574 5.32720757 -2.28206444
v 2.36961436 5.83456087 -2.70202732
v 2.50146866 5.83456087 -2.50146866
v 2.63792896 3.29779506 -2.02415419
v 2.72286558 3.29779506 -1.81936061
v 2.65379047 3.80514836 -2.03632522
v 2.73868942 3.80514836 -1.82993376
v 2.66984081 4.31250143 -2.04864097
v 2.75483465 4.31250143 -1.84072161
v 2.68603587 4.81985426 -2.06106782
v 2.77125692 4.81985426 -1.85169470
v 2.70233202 5.32720757 -2.07357216
v 2.78791189 5.32720757 -1.86282325
v 2.61769342 5.83456087 -2.29565549
v 2.71868467 5.83456087 -2.08612013
v 2.80475426 5.83456087 -1.87407696
v 2.79510212 3.29779506 -1.61375296
v 2.81048965 3.80514836 -1.62263703
v 2.85498524 3.29779506 -1.40792298
v 2.86953330 3.80514836 -1.41509724
v 2.90300918 3.29779506 -1.20246577
v 2.93991876 3.29779506 -0.99796796
v 2.96677089 3.29779506 -0.79494381
v 2.91630912 3.80514836 -1.20797479
v 2.95156074 3.80514836 -1.00191987
v 2.97635007 3.80514836 -0.79751056
v 2.82633281 4.31250143 -1.63178408
v 2.88466930 4.31250143 -1.42256141
v 2.93032479 4.31250143 -1.21378028
v 2.96403694 4.31250143 -1.00615501
v 2.98687005 4.31250143 -0.80032939
v 2.98492718 3.29779506 -0.59373891
v 2.99597621 3.29779506 -0.39442775
v 2.99205899 3.80514836 -0.59515750
v 3.00031590 3.80514836 -0.39499909
v 3.00158310 3.29779506 -0.19673415
v 3.00329089 3.29779506 0.00000000
v 3.00229859 3.29779506 0.19678105
v 3.00285149 3.80514836 -0.19681729
v 3.00130200 3.80514836 0.00000000
v 2.99698400 3.80514836 0.19643271
v 3.00022101 4.31250143 -0.59678108
v 3.00575447 4.31250143 -0.39571509
v 3.00526261 4.31250143 -0.19697531
v 3.00047016 4.31250143 0.00000000
v 2.99281001 4.31250143 0.19615914
v 2.84258842 4.81985426 -1.64116919
v 2.90035224 4.81985426 -1.43029547
v 2.85921216 5.32720757 -1.65076697
v 2.91654015 5.32720757 -1.43827844
v 2.94501829 4.81985426 -1.21986651
v 2.97731471 4.81985426 -1.01066208
v 2.99830317 4.81985426 -0.80339289
v 2.96035028 5.32720757 -1.22621727
v 2.99135852 5.32720757 -1.01542938
v 3.01061988 5.32720757 -0.80669320
v 2.87615943 5.83456087 -1.66055143
v 2.93318915 5.83456087 -1.44648886
v 2.97628021 5.83456087 -1.23281562
v 3.00613141 5.83456087 -1.02044404
v 3.02378798 5.83456087 -0.81022155
v 3.00939274 4.81985426 -0.59860539
v 3.01227880 4.81985426 -0.39657402
v 3.01955056 5.32720757 -0.60062593
v 3.01987267 5.32720757 -0.39757380
v 3.00881076 4.81985426 -0.19720788
v 3.00079894 4.81985426 0.00000000
v 2.98978949 4.81985426 0.19596115
v 3.01348853 5.32720757 -0.19751447
v 3.00228930 5.32720757 0.00000000
v 2.98793125 5.32720757 0.19583936
v 3.03066850 5.83456087 -0.60283744
v 3.02851748 5.83456087 -0.39871189
v 3.01928449 5.83456087 -0.19789436
v 3.00493860 5.83456087 0.00000000
v 2.98724198 5.83456087 0.19579419
v -0.00000000 0.25367656 3.72406030
v 0.05187659 0.04394892 3.72196889
v 0.04784803 0.11752161 3.72327924
v 0.03905473 0.23126978 3.72520089
v 0.04088406 0.25367656 3.72572446
v 0.04273264 0.27754080 3.72614908
v 0.04707338 0.35106647 3.72740245
v 0.12111250 0.31917286 3.82699871
v -0.00000000 0.76102966 3.73345995
v 0.05192796 0.42976272 3.72901893
v 0.05409046 0.44093007 3.72929645
v 0.07141144 0.45073482 3.75344181
v 0.06217501 0.48603830 3.73039627
v 0.08437860 0.60658193 3.73335505
v 0.08937272 0.63615978 3.73406601
v 0.12477046 0.76102966 3.73753595
v 0.12778464 0.77178329 3.73777413
v 0.18676454 0.18789713 3.88744330
v 0.26765853 0.05933195 3.93325353
v 0.36219037 0.76278275 4.11554670
v -0.00000000 1.26838279 3.74206662
v 0.14762230 0.84561086 3.73938251
v 0.18031833 0.93518001 3.74161530
v 0.22286202 1.05421305 3.74455309
v 0.24133761 1.09657884 3.74570751
v 0.24552386 1.10625184 3.74597025
v 0.29961085 1.13773537 3.84213710
v 0.24566235 1.26838279 3.74808311
v 0.30402425 1.24633527 3.74476957
v 0.30761641 1.25491357 3.74469543
v 0.30684835 1.25306404 3.74471116
v 0.31409365 1.26838279 3.74453592
v 0.32672116 0.89216661 4.03239298
v 0.30638576 1.01769793 3.94036078
v 0.56335562 0.37356856 4.28950119
v 0.48094758 0.50110185 4.24580383
v 0.41360748 0.63164097 4.18735647
v 0.65924400 0.25125599 4.31781721
v 0.76646572 0.13598171 4.33091259
v 0.37897348 1.40388036 3.74217796
v 0.39961240 1.44697654 3.74142790
v 0.45427212 1.55064666 3.73936367
v 0.58738208 1.45003903 4.20644712
v 0.61689061 1.20420301 4.39499903
v 0.59516424 1.32977986 4.30404949
v -0.00000000 1.77573586 3.74985743
v -0.00000000 2.28308892 3.75681114
v 0.24603973 1.77573586 3.75384092
v 0.24636011 2.28308892 3.75872898
v -0.00000000 2.79044199 3.76290917
v 0.24662267 2.79044199 3.76273489
v 0.49210778 1.62171745 3.73792958
v 0.49700075 1.63115346 3.73734140
v 0.53034163 1.69195628 3.73330760
v 0.49225721 1.77573586 3.73906469
v 0.57716268 1.77573586 3.72763062
v 0.59133130 1.80116415 3.72576571
v 0.49263251 2.28308892 3.74191523
v 0.60629457 1.82753706 3.72379518
v 0.67186338 1.93991745 3.71515560
v 0.64947075 1.86408401 3.79872060
v 0.68531495 1.96297348 3.71338320
v 0.68270487 1.95858896 3.71372724
v 0.75688142 2.08463120 3.70229244
v 0.73727554 2.05076480 3.70653439
v 0.77552569 2.11576271 3.69825649
v 0.73735178 2.28308892 3.70691776
v 0.59147799 1.56382132 4.10485888
v 0.60496151 1.67059851 4.00175047
v 0.62516052 1.77046907 3.89919162
v 0.49288991 2.79044199 3.74387074
v 0.73734009 2.79044199 3.70685887
v 0.88254195 0.02900720 4.32969713
v 0.82769650 2.20597792 3.68696880
v 0.86050004 2.26041150 3.67986727
v 0.87342656 2.28308892 3.67707109
v 0.89729828 2.32509065 3.67165542
v 0.96632189 2.26495767 4.06307030
v 0.91336918 2.08338547 4.26261950
v 0.89271015 1.98338819 4.36565876
v 0.93869567 2.17690921 4.16140747
v 1.02027690 2.53747416 3.64002252
v 1.03056479 2.55669355 3.63675165
v 0.94265443 2.40123844 3.66138172
v 0.96563262 2.44244099 3.65616560
v 0.97886318 2.46501637 3.65316725
v 1.02133608 2.42986369 3.87625456
v 0.97851133 2.79044199 3.65185404
v 1.09110487 2.66424155 3.61752892
v 1.09434748 2.67005229 3.61649919
v 1.09493315 2.67105126 3.61631346
v 1.04663992 2.50943613 3.78711176
v 1.07012534 2.58864927 3.69974613
v 1.16145933 2.79044199 3.59518480
v 1.15791595 2.78435898 3.59630895
v 1.16991663 2.80500388 3.59241080
v 1.22211576 2.89836764 3.57448173
v 1.21448708 2.88438153 3.57776356
v 1.24425125 2.93723726 3.56497765
v 0.99432087 2.34881282 3.96805453
v 1.28544033 3.01025510 3.54728532
v 1.31878853 3.06725264 3.53298402
v 1.41731489 3.05267572 3.88507581
v 1.28680742 2.66060114 4.32900620
v 1.36929774 2.89641547 4.05878019
v 1.34349334 2.81885624 4.14658737
v 1.39364815 2.97418284 3.97196555
v 1.31591678 2.74063683 4.23639441
v -0.00000000 3.29779506 3.76813531
v -0.00000000 3.80514836 3.77247596
v 0.24682674 3.29779506 3.76584816
v 0.24697179 3.80514836 3.76806140
v -0.00000000 4.31250143 3.77591920
v 0.24705747 4.31250143 3.76936865
v 0.49302891 3.29779506 3.74492621
v 0.49304917 3.80514836 3.74508023
v 0.73715037 3.29779506 3.70590520
v 0.73678339 3.80514836 3.70406032
v 0.49295080 4.31250143 3.74433303
v 0.73624039 4.31250143 3.70133042
v -0.00000000 4.81985426 3.77845645
v -0.00000000 5.32720757 3.78008103
v 0.24708360 4.81985426 3.76976728
v 0.24705017 5.32720757 3.76925707
v -0.00000000 5.83456087 3.78078914
v 0.24695727 5.83456087 3.76783991
v 0.49273419 4.81985426 3.74268770
v 0.49240005 5.32720757 3.74014974
v 0.73552305 4.81985426 3.69772387
v 0.73463351 5.32720757 3.69325185
v 0.49194938 5.83456087 3.73672652
v 0.73357439 5.83456087 3.68792748
v 1.64196384 3.55167341 3.37130404
v 1.65206242 3.56490183 3.36581159
v 1.65819716 3.57223344 3.36249113
v 1.65608919 3.80514836 3.35821652
v 1.65114892 4.31250143 3.34819865
v 0.97772741 3.29779506 3.64892840
v 0.97671044 3.80514836 3.64513302
v 1.21314144 3.29779506 3.57379937
v 1.21120608 3.80514836 3.56809807
v 0.97546363 4.31250143 3.64047980
v 1.20899248 4.31250143 3.56157708
v 1.35139084 3.12205696 3.51901269
v 1.39422822 3.19197702 3.50067806
v 1.39753187 3.19736552 3.49927354
v 1.42057037 3.23345113 3.48950076
v 1.46203816 3.29779506 3.46958232
v 1.44169211 3.26579499 3.48055243
v 1.44151545 3.29779506 3.48012614
v 1.47883213 3.32427359 3.46034527
v 1.49070227 3.34182858 3.45384312
v 1.46713555 3.21210647 3.70717835
v 1.44138789 3.13204622 3.79710031
v 1.43838775 3.80514836 3.47257519
v 1.49587524 3.29238367 3.61465573
v 1.56238210 3.44606018 3.41461945
v 1.57207716 3.45892072 3.40934253
v 1.56724811 3.45068693 3.42034960
v 1.56362641 3.44772673 3.41394186
v 1.52886856 3.37218881 3.51911020
v 1.69459224 3.28035092 4.33095074
v 1.43494129 4.31250143 3.46425462
v 1.64587379 4.81985426 3.33750176
v 1.64027834 5.32720757 3.32615542
v 1.63437808 5.83456087 3.31419086
v 0.97399062 4.81985426 3.63498235
v 0.97229564 5.32720757 3.62865686
v 1.20650697 4.81985426 3.55425501
v 1.20375669 5.32720757 3.54615259
v 0.97038376 5.83456087 3.62152147
v 1.20074928 5.83456087 3.53729343
v 1.43118560 4.81985426 3.45518780
v 1.42713153 5.32720757 3.44540024
v 1.42279005 5.83456087 3.43491912
v 3.06290555 0.42817691 0.33399487
v 3.06220913 0.45395437 0.33459640
v 3.06146383 0.48125973 0.33510762
v 3.05914450 0.59699690 0.35122031
v 3.05783129 0.66295868 0.36054847
v 3.05756164 0.68147892 0.36481160
v 3.05640554 0.76102966 0.38315976
v 3.05620265 0.79130602 0.39038494
v 3.05536842 0.84309530 0.40224686
v 3.05521870 0.85175306 0.40421933
v 3.05404687 0.93165541 0.42751920
v 3.05241346 1.04377663 0.46048129
v 3.05185533 1.08756042 0.47528467
v 3.04394698 1.26838279 0.40074322
v 3.04956985 1.19148731 0.50955290
v 3.04858541 1.23648381 0.52457082
v 3.04791403 1.26838279 0.53611934
v 3.04663348 1.35916424 0.56953204
v 3.04663825 1.35883307 0.56941032
v 3.04491162 1.43045306 0.59510529
v 3.04424667 1.45828056 0.60553831
v 3.04427910 1.45692110 0.60502100
v 3.07895422 0.00833553 0.39720583
v 3.07491708 0.08333164 0.37299430
v 3.07125950 0.15026970 0.35064808
v 3.06716418 0.25367656 0.33725831
v 3.06720042 0.25277424 0.33738205
v 3.06538320 0.30876288 0.33029619
v 3.19578004 0.28625295 0.50943816
v 3.22686028 0.16965087 0.58509111
v 3.24541354 0.05588474 0.66839784
v 3.09912610 0.52239549 0.38341406
v 3.15280056 0.40428069 0.44215068
v 3.51296854 0.48270535 0.95009363
v 3.43790293 0.71666914 0.80853993
v 3.48131347 0.59902251 0.87515032
v 3.25161719 1.06583989 0.65717381
v 3.09788108 1.28985488 0.58766425
v 3.17664886 1.17875791 0.62010026
v 3.32132101 0.95094591 0.70020020
v 3.38402009 0.83432889 0.75036448
v 3.46204281 1.48922837 0.98791105
v 3.03126931 1.77573586 0.39907417
v 3.03965545 1.62346542 0.66784757
v 3.03963852 1.62393832 0.66802269
v 3.03607750 1.72262096 0.70565999
v 3.03465939 1.77573586 0.60363132
v 3.03415966 1.77573586 0.72623086
v 3.03289175 1.81785870 0.74275112
v 3.03096533 1.88174498 0.76857841
v 3.01957369 2.28308892 0.39753440
v 3.02021003 2.28308892 0.60075712
v 3.02677274 1.98865891 0.81102133
v 3.02557874 2.01437378 0.82118690
v 3.02651882 1.99414313 0.81316727
v 3.04735589 2.03771710 0.84858853
v 3.02310729 2.06687784 0.84295702
v 3.01983738 2.13634849 0.87175876
v 3.01571989 2.21252751 0.90292984
v 3.01704669 2.28308892 0.80841523
v 3.01243949 2.27178669 0.92903501
v 3.01181316 2.28308892 0.93403423
v 3.00889158 2.79044199 0.39612809
v 3.00667214 2.79044199 0.59806430
v 3.00678635 2.38278246 0.97849965
v 3.00492024 2.41479158 0.99259019
v 3.00162983 2.46912122 1.01891601
v 2.99481177 2.56194377 1.06306601
v 2.99057913 2.61951065 1.09050190
v 2.99065423 2.61854815 1.08998799
v 3.04722166 2.67897487 1.16095495
v 3.00107121 2.79044199 0.80413461
v 2.99030948 2.79044199 1.01507330
v 2.97995663 2.74582148 1.15746474
v 2.97619343 2.79044199 1.18124604
v 2.97207808 2.84030986 1.20922828
v 2.97352982 2.82359314 1.19899845
v 2.97019124 2.86033130 1.22139823
v 2.96889210 2.87417030 1.22975540
v 3.13543034 1.92796504 0.87235665
v 3.22062564 1.81876385 0.89797109
v 3.30348253 1.70966983 0.92537910
v 3.38409686 1.60004377 0.95505542
v 3.50834608 2.12864208 1.26441717
v 3.42400503 2.23794460 1.23802602
v 3.14917803 2.56906891 1.17365992
v 3.24535275 2.45837545 1.19170809
v 3.33663487 2.34785032 1.21355712
v 2.95132947 3.02568030 1.31936538
v 2.94836068 3.04887199 1.33522999
v 3.22891068 3.09565568 1.52066326
v 3.33719993 2.98852634 1.52586198
v 3.43898654 2.87890100 1.53846157
v 2.60232615 4.81985426 2.28217888
v 2.58580637 5.32720757 2.26769137
v 2.56929851 5.83456087 2.25321412
v 2.99925184 3.29779506 0.39485902
v 2.99408197 3.29779506 0.59555995
v 2.99068117 3.80514836 0.39373064
v 2.98247337 3.80514836 0.59325087
v 2.98592234 3.29779506 0.80007547
v 2.97311926 3.29779506 1.00923800
v 2.95334649 3.29779506 1.22331619
v 2.97163987 3.80514836 0.79624850
v 2.95665789 3.80514836 1.00365007
v 2.93530440 3.80514836 1.21584284
v 2.98320293 4.31250143 0.39274612
v 2.97187757 4.31250143 0.59114319
v 2.94096899 4.31250143 0.99832445
v 2.95826173 4.31250143 0.79266387
v 2.91788483 4.31250143 1.20862746
v 2.93428683 3.15478992 1.40744185
v 2.92127991 3.24161005 1.46766722
v 2.92380953 3.29779506 1.44186330
v 2.92723060 3.20820856 1.44355047
v 2.92478442 3.22291517 1.45324850
v 2.91063309 3.29779506 1.51095796
v 2.89900208 3.35968375 1.55867958
v 2.99271989 3.29476404 1.53917038
v 2.88992834 3.40765309 1.59597600
v 2.88715887 3.42050362 1.60774255
v 2.88538241 3.42862082 1.61516798
v 2.87470102 3.47789264 1.65970933
v 2.90484834 3.80514836 1.43251276
v 2.84540224 3.58359718 1.75478530
v 2.84755373 3.57686019 1.74763155
v 2.86231780 3.80514836 1.65255988
v 2.82126880 3.65921950 1.83509016
v 2.80872989 3.69899321 1.87673330
v 2.79755616 3.72688818 1.90559030
v 2.79626846 3.72957158 1.90898621
v 2.80480027 3.80514836 1.87410772
v 2.76037502 3.80514836 2.00462556
v 2.74397087 3.83962369 2.04825330
v 2.73796749 3.85244179 2.06419349
v 2.73548818 3.85677695 2.07090306
v 2.72744131 3.87095833 2.09283924
v 2.75988102 3.87480497 2.09209991
v 2.89309382 3.82541084 2.02732563
v 3.02584410 3.76243138 1.97465932
v 2.88635087 4.31250143 1.42339063
v 2.84342170 4.31250143 1.64165032
v 2.71599126 3.88650370 2.11739326
v 2.65632701 3.96308041 2.24588227
v 2.66845632 3.95050383 2.21938491
v 2.65873623 3.96055079 2.24056554
v 2.62917328 3.99234056 2.30572295
v 2.71197367 4.31250143 2.08097053
v 2.78616691 4.31250143 1.86165726
v 2.61881495 4.31250143 2.29663897
v 3.11397052 3.19842720 1.52459300
v 3.15627337 3.68704820 1.93457937
v 3.28271365 3.60087490 1.90703690
v 3.40382242 3.50584340 1.89144635
v 3.44642472 3.99074674 2.30440283
v 2.97683811 4.81985426 0.39190817
v 2.94582391 4.81985426 0.78933114
v 2.96232319 4.81985426 0.58924270
v 2.97160435 5.32720757 0.39121914
v 2.93435955 5.32720757 0.78625923
v 2.95383620 5.32720757 0.58755451
v 2.92609382 4.81985426 0.99327505
v 2.90113378 4.81985426 1.20168900
v 2.91207170 5.32720757 0.98851514
v 2.88509512 5.32720757 1.19504547
v 2.96751690 5.83456087 0.39068100
v 2.94643974 5.83456087 0.58608329
v 2.92389894 5.83456087 0.78345639
v 2.89893961 5.83456087 0.98405737
v 2.86981058 5.83456087 1.18871439
v 2.82487702 4.81985426 1.63094354
v 2.80673146 5.32720757 1.62046719
v 2.86836457 4.81985426 1.41452086
v 2.85093689 5.32720757 1.40592647
v 2.69425225 4.81985426 2.06737256
v 2.76772904 4.81985426 1.84933746
v 2.67662859 5.32720757 2.05384946
v 2.74953437 5.32720757 1.83718014
v 2.83411288 5.83456087 1.39762974
v 2.78903246 5.83456087 1.61024868
v 2.73163009 5.83456087 1.82521689
v 2.65914822 5.83456087 2.04043627
v 1.74166179 3.67341375 3.30599642
v 1.72175002 3.64942646 3.31947041
v 1.80574334 3.74228811 3.26283455
v 1.83699203 3.77576375 3.24178982
v 1.86191869 3.80514836 3.22493792
v 1.85813546 3.79561019 3.22761869
v 1.86199224 3.79923034 3.22506547
v 1.86829877 3.80514836 3.21987963
v 1.93254375 3.86549544 3.16660357
v 1.89313471 3.82845402 3.19928503
v 1.85524571 4.31250143 3.21337986
v 2.03180265 3.94465256 3.08483791
v 2.05082393 3.95709181 3.06927490
v 2.12913895 4.00666332 2.99014378
v 2.07590318 3.97279620 3.04388285
v 2.11584592 3.99818730 3.00342631
v 1.98260212 3.90527582 3.12537289
v 2.09780216 4.02120876 3.36579967
v 2.04480004 4.31250143 3.06025934
v 2.26793814 4.06476736 2.84216595
v 2.30432653 4.07470846 2.79774785
v 2.36728668 4.08433199 2.72249818
v 2.37719870 4.08543158 2.71067548
v 2.32457137 4.08034182 2.77340341
v 2.37150788 4.31250143 2.70418644
v 2.46503711 4.07637405 2.58130002
v 2.44974279 4.07936716 2.60343170
v 2.59189057 4.02234221 2.37083697
v 2.56520033 4.03686476 2.41805744
v 2.56228209 4.03849220 2.42329884
v 2.51253867 4.06742525 2.51253867
v 2.50970697 4.06854868 2.51659536
v 2.41861248 4.08577299 2.64920235
v 2.55728149 4.22058249 2.82299566
v 2.50544596 4.31250143 2.50544596
v 2.17067385 4.02645636 2.94896030
v 2.22937918 4.05483341 2.88920164
v 2.22298980 4.05202770 2.89705682
v 2.34850764 4.16860533 3.03627682
v 2.17289686 4.07793331 3.25623465
v 2.25645137 4.12747145 3.14605427
v 2.21752381 4.31250143 2.88993335
v 2.44891381 4.20006561 2.92812014
v 1.83705461 3.66782331 3.88135362
v 1.92052817 3.81906819 3.68338466
v 1.87580299 3.74445558 3.78390718
v 1.74619651 3.43402743 4.15658522
v 1.72031593 3.35680485 4.24416351
v 1.80330849 3.59004807 3.97575283
v 1.77343583 3.51190829 4.06734276
v 2.03096366 3.95844579 3.47392130
v 1.97203505 3.89072466 3.57994628
v 2.14489365 3.96380162 4.24357986
v 2.11032796 3.88808918 4.33685827
v 2.33842015 4.24812078 3.84190083
v 2.47825789 4.36618137 3.62713695
v 2.56040668 4.41554356 3.51824212
v 2.40434384 4.30999899 3.73528099
v 2.18408465 4.03851938 4.14743042
v 2.22888136 4.11141539 4.04833317
v 2.28010535 4.18159628 3.94639707
v 2.53695560 4.40409088 4.41322279
v 2.58797312 4.47272825 4.31278658
v 1.84822690 4.81985426 3.20122290
v 1.84088159 5.32720757 3.18850040
v 2.03586245 4.81985426 3.04688334
v 2.02661061 5.32720757 3.03303719
v 1.83322954 5.83456087 3.17524672
v 2.01706934 5.83456087 3.01875758
v 2.35853672 4.81985426 2.68939590
v 2.19533253 5.32720757 2.86101294
v 2.34534407 5.32720757 2.67435241
v 2.49058580 4.81985426 2.49058580
v 2.47558689 5.32720757 2.47558689
v 2.20656824 4.81985426 2.87565565
v 2.18384647 5.83456087 2.84604406
v 2.33196425 5.83456087 2.65909553
v 2.46048856 5.83456087 2.46048856
v 2.67294359 4.22895670 2.72247672
v 2.79492497 4.22415733 2.62824035
v 2.92193985 4.20542812 2.54197693
v 3.05242038 4.17238998 2.46527815
v 2.74958277 4.48894453 3.30226183
v 2.97009444 4.52015591 3.09745169
v 2.85618758 4.51044321 3.19771123
v 3.18458486 4.12512350 2.39951134
v 3.31654263 4.06421375 2.34569669
v 3.34501600 4.46919060 2.83908844
v 3.47607565 4.42404842 2.77237797
v 3.09039783 4.51700592 3.00314403
v 3.21587586 4.50017118 2.91648316
v 2.65088034 4.45688534 3.40956140
v 2.71082759 4.59887981 4.10473108
v 2.78362322 4.65442133 3.99804235
v 2.64574885 4.53797579 4.20982790
v 3.38599110 4.80926991 3.37845516
v 3.50990176 4.79427338 3.29147077
v 2.86441922 4.70350456 3.89047980
v 3.05037808 4.77750254 3.67657876
v 2.95335174 4.74494886 3.78295350
v 3.15523291 4.79988384 3.57267714
v 3.26738286 4.81084538 3.47275567
v 3.25586390 5.03292274 4.15639019
v 3.16842508 4.99147892 4.26271152
v 3.08892345 4.94277382 4.36890364
v 3.35124922 5.06586790 4.05100107
v 3.45437527 5.08903217 3.94781733
v 0.00000000 6.34191370 -3.74978709
v 0.00000000 6.84926701 -3.73445511
v 0.24853037 6.34191370 -3.79184079
v 0.24771300 6.84926701 -3.77937007
v 0.00000000 7.35661983 -3.71842098
v 0.24683948 7.35661983 -3.76604271
v 0.50079119 6.34191370 -3.80388689
v 0.49959743 6.84926701 -3.79481936
v 0.75279850 6.34191370 -3.78457355
v 0.75173461 6.84926701 -3.77922511
v 0.49827537 7.35661983 -3.78477716
v 0.75046194 7.35661983 -3.77282691
v 0.00000000 7.86397314 -3.70173097
v 0.00000000 8.37132645 -3.68443370
v 0.24591243 7.86397314 -3.75189877
v 0.24493463 8.37132645 -3.73698044
v 0.00000000 8.87867928 -3.66657853
v 0.24390897 8.87867928 -3.72133160
v 0.49682921 7.86397314 -3.77379251
v 0.49526349 8.37132645 -3.76189971
v 0.74898487 7.86397314 -3.76540136
v 0.74730843 8.37132645 -3.75697327
v 0.49358296 8.87867928 -3.74913502
v 0.74543810 8.87867928 -3.74757051
v 1.00051975 6.34191370 -3.73399043
v 1.00010526 6.84926701 -3.73244357
v 1.24021173 6.34191370 -3.65354586
v 1.24093020 6.84926701 -3.65566230
v 0.99940121 7.35661983 -3.72981620
v 1.24128616 7.35661983 -3.65671086
v 1.46868575 6.34191370 -3.54572105
v 1.47094440 6.84926701 -3.55117393
v 1.68347430 6.34191370 -3.41374826
v 1.68757570 6.84926701 -3.42206502
v 1.47278225 7.35661983 -3.55561090
v 1.69121826 7.35661983 -3.42945147
v 0.99841094 7.86397314 -3.72612023
v 0.99713850 8.37132645 -3.72137141
v 1.24128032 7.86397314 -3.65669394
v 1.24091458 8.37132645 -3.65561676
v 0.99558872 8.87867928 -3.71558762
v 1.24019182 8.87867928 -3.65348721
v 1.47419655 7.86397314 -3.55902529
v 1.47518528 8.37132645 -3.56141210
v 1.69439423 7.86397314 -3.43589163
v 1.69709730 8.37132645 -3.44137287
v 1.47574782 8.87867928 -3.56277037
v 1.69932210 8.87867928 -3.44588447
v 0.00000000 9.38603210 -3.64821625
v 0.00000000 9.89338589 -3.62939858
v 0.24283843 9.38603210 -3.70499849
v 0.24172615 9.89338589 -3.68802810
v 0.00000000 10.40073872 -3.61017919
v 0.24057531 10.40073872 -3.67047000
v 0.49179283 9.38603210 -3.73553729
v 0.48989841 9.89338589 -3.72114778
v 0.74337995 9.38603210 -3.73722363
v 0.74114054 9.89338589 -3.72596502
v 0.48790535 10.40073872 -3.70600915
v 0.73872674 10.40073872 -3.71382999
v 0.00000000 10.90809155 -3.59061122
v 0.00000000 11.41544437 -3.57074976
v 0.23938924 10.90809155 -3.65237403
v 0.23817132 11.41544437 -3.63379216
v 0.00000000 11.92279816 -3.55064964
v 0.00000000 12.43015099 -3.53036690
v 0.23692501 11.92279816 -3.61477709
v 0.23565382 12.43015099 -3.59538245
v 0.48581961 10.90809155 -3.69016623
v 0.48364723 11.41544437 -3.67366552
v 0.73614603 10.90809155 -3.70085597
v 0.73340625 11.41544437 -3.68708205
v 0.48139462 11.92279816 -3.65655494
v 0.47906822 12.43015099 -3.63888454
v 0.73051566 11.92279816 -3.67255020
v 0.72748291 12.43015099 -3.65730357
v 0.99376720 9.38603210 -3.70878959
v 0.99168020 9.89338589 -3.70100093
v 1.23911548 9.38603210 -3.65031648
v 1.23769045 9.89338589 -3.64611840
v 0.98933482 10.40073872 -3.69224787
v 1.23592222 10.40073872 -3.64090943
v 1.47588491 9.38603210 -3.56310129
v 1.47559810 9.89338589 -3.56240916
v 1.70106518 9.38603210 -3.44941902
v 1.70232403 9.89338589 -3.45197153
v 1.47489047 10.40073872 -3.56070065
v 1.70309746 10.40073872 -3.45354009
v 0.98673868 10.90809155 -3.68255877
v 0.98390007 11.41544437 -3.67196512
v 1.23381734 10.90809155 -3.63470888
v 1.23138344 11.41544437 -3.62753868
v 0.98082805 11.92279816 -3.66050005
v 0.97753209 12.43015099 -3.64819932
v 1.22862864 11.92279816 -3.61942339
v 1.22556221 12.43015099 -3.61038971
v 1.47376585 10.90809155 -3.55798554
v 1.47222960 11.41544437 -3.55427670
v 1.70338607 10.90809155 -3.45412517
v 1.70319116 11.41544437 -3.45373011
v 1.47028792 11.92279816 -3.54958892
v 1.46794820 12.43015099 -3.54394031
v 1.70251596 11.92279816 -3.45236087
v 1.70136476 12.43015099 -3.45002627
v 0.00000000 12.43015099 0.00000000
v 1.88288677 6.34191370 -3.26125550
v 1.88901448 6.84926701 -3.27186918
v 2.06596303 6.34191370 -3.09193230
v 2.07418013 6.84926701 -3.10422969
v 1.89466882 7.35661983 -3.28166270
v 2.08193421 7.35661983 -3.11583471
v 2.23234606 6.34191370 -2.90925002
v 2.24260402 6.84926701 -2.92261863
v 2.25243497 7.35661983 -2.93543029
v 2.38210654 6.34191370 -2.71627188
v 2.51555562 6.34191370 -2.51555562
v 2.39426255 6.84926701 -2.73013306
v 2.52939177 6.84926701 -2.52939177
v 2.40605068 7.35661983 -2.74357486
v 2.54294038 7.35661983 -2.54294038
v 1.89983654 7.86397314 -3.29061341
v 1.90450585 8.37132645 -3.29870081
v 2.08920646 7.86397314 -3.12671852
v 2.09597945 8.37132645 -3.13685489
v 1.90866637 8.87867928 -3.30590701
v 2.10223675 8.87867928 -3.14621973
v 2.26181364 7.86397314 -2.94765306
v 2.27071691 8.37132645 -2.95925593
v 2.27912235 8.87867928 -2.97021008
v 2.41744041 7.86397314 -2.75656247
v 2.55616593 7.86397314 -2.55616593
v 2.42840242 8.37132645 -2.76906228
v 2.56903386 8.37132645 -2.56903386
v 2.43890882 8.87867928 -2.78104234
v 2.58151078 8.87867928 -2.58151078
v 2.64832616 6.84926701 -2.32251978
v 2.63308382 6.34191370 -2.30915260
v 2.73505020 6.34191370 -2.09867787
v 2.82173848 6.34191370 -1.88542545
v 2.75138402 6.84926701 -2.11121130
v 2.83881879 6.84926701 -1.89683819
v 2.66337967 7.35661983 -2.33572125
v 2.76764274 7.35661983 -2.12368703
v 2.85594940 7.35661983 -1.90828443
v 2.67820430 7.86397314 -2.34872222
v 2.69276094 8.37132645 -2.36148787
v 2.78378272 7.86397314 -2.13607144
v 2.79976082 8.37132645 -2.14833188
v 2.87308407 7.86397314 -1.91973341
v 2.89017725 8.37132645 -1.93115473
v 2.70701098 8.87867928 -2.37398481
v 2.81553483 8.87867928 -2.16043568
v 2.90718341 8.87867928 -1.94251776
v 2.89338422 6.34191370 -1.67049611
v 2.95025468 6.34191370 -1.45490468
v 2.91084003 6.84926701 -1.68057430
v 2.96769118 6.84926701 -1.46350324
v 2.99276519 6.34191370 -1.23964393
v 3.02159452 6.34191370 -1.02569306
v 3.03777337 6.34191370 -0.81396896
v 3.00976157 6.84926701 -1.24668407
v 3.03770685 6.84926701 -1.03116250
v 3.05253959 6.84926701 -0.81792551
v 2.92848039 7.35661983 -1.69075894
v 2.98545146 7.35661983 -1.47226179
v 3.02722430 7.35661983 -1.25391734
v 3.05442643 7.35661983 -1.03683805
v 3.06804824 7.35661983 -0.82208103
v 3.04271841 6.34191370 -0.60523432
v 3.03819156 6.34191370 -0.39998552
v 3.05566931 6.84926701 -0.60781044
v 3.04887080 6.84926701 -0.40139145
v 3.02618551 6.34191370 -0.19834667
v 3.00874162 6.34191370 0.00000000
v 2.98772502 6.34191370 0.19582585
v 3.03417444 6.84926701 -0.19887030
v 3.01368952 6.84926701 0.00000000
v 2.98938060 6.84926701 0.19593436
v 3.06052828 7.35661983 -0.40292621
v 3.04323196 7.35661983 -0.19946396
v 3.01977158 7.35661983 0.00000000
v 2.99220610 7.35661983 0.19611955
v 3.06948829 7.35661983 -0.61055917
v 2.94625783 7.86397314 -1.70102274
v 3.00348854 7.86397314 -1.48115659
v 2.96412468 8.37132645 -1.71133816
v 3.02175426 8.37132645 -1.49016428
v 3.04510665 7.86397314 -1.26132452
v 3.06336164 8.37132645 -1.26888597
v 2.98203373 8.87867928 -1.72167790
v 3.04020023 8.87867928 -1.49926078
v 3.07170892 7.86397314 -1.04270470
v 3.08425879 7.86397314 -0.82642466
v 3.08950901 8.37132645 -1.04874694
v 3.10112953 8.37132645 -0.83094513
v 3.08194089 8.87867928 -1.27658176
v 3.10778022 8.87867928 -1.05494928
v 3.11861658 8.87867928 -0.83563077
v 3.05333591 7.86397314 -0.20012622
v 3.02697349 7.86397314 0.00000000
v 2.99619603 7.86397314 0.19638106
v 3.06446171 8.37132645 -0.20085543
v 3.03527784 8.37132645 0.00000000
v 3.00134182 8.37132645 0.19671834
v 3.04466534 8.87867928 0.00000000
v 3.00763178 8.87867928 0.19713059
v 3.08413935 7.86397314 -0.61347347
v 3.07313490 7.86397314 -0.40458587
v 3.09958553 8.37132645 -0.61654592
v 3.08665848 8.37132645 -0.40636632
v 3.11578703 8.87867928 -0.61976862
v 3.10106564 8.87867928 -0.40826303
v 3.07658172 8.87867928 -0.20164981
v 1.91230917 9.38603210 -3.31221652
v 1.91542685 9.89338589 -3.31761646
v 2.10796380 9.38603210 -3.15479064
v 2.11314726 9.89338589 -3.16254854
v 1.91801333 10.40073872 -3.32209659
v 2.11777592 10.40073872 -3.16947556
v 2.28700948 9.38603210 -2.98048878
v 2.29435897 9.89338589 -2.99006701
v 2.30115342 10.40073872 -2.99892163
v 2.44893289 9.38603210 -2.79247260
v 2.59356403 9.38603210 -2.59356403
v 2.45844936 9.89338589 -2.80332422
v 2.60516286 9.89338589 -2.60516286
v 2.46743464 10.40073872 -2.81357002
v 1.92006421 10.90809155 -3.32564878
v 1.92157662 11.41544437 -3.32826829
v 2.12183952 10.90809155 -3.17555737
v 2.12532973 11.41544437 -3.18078089
v 1.92254901 11.92279816 -3.32995272
v 1.92298150 12.43015099 -3.33070159
v 2.12823987 11.92279816 -3.18513608
v 2.13056493 12.43015099 -3.18861580
v 2.30737686 10.90809155 -3.00703192
v 2.31301475 11.41544437 -3.01437950
v 2.31805468 11.92279816 -3.02094746
v 2.32248569 12.43015099 -3.02672219
v 2.49099040 11.92279816 -2.84043026
v 2.49764657 12.43015099 -2.84802008
v 2.47586656 10.90809155 -2.82318473
v 2.48372483 11.41544437 -2.83214545
v 2.72091722 9.38603210 -2.38618040
v 2.73444343 9.89338589 -2.39804244
v 2.83106279 9.38603210 -2.17235088
v 2.92405725 9.38603210 -1.95379257
v 2.84630418 9.89338589 -2.18404603
v 2.94075418 9.89338589 -1.96494901
v 2.61627769 10.40073872 -2.61627769
v 2.74755430 10.40073872 -2.40954041
v 2.86121893 10.40073872 -2.19549036
v 2.95723009 10.40073872 -1.97595799
v 2.62688041 10.90809155 -2.62688041
v 2.76021647 10.90809155 -2.42064476
v 2.63694453 11.41544437 -2.63694453
v 2.77239704 11.41544437 -2.43132710
v 2.87576795 10.90809155 -2.20665431
v 2.97344184 10.90809155 -1.98679030
v 2.88991356 11.41544437 -2.21750855
v 2.98934698 11.41544437 -1.99741781
v 2.64644480 11.92279816 -2.64644480
v 2.78406549 11.92279816 -2.44155979
v 2.65535784 12.43015099 -2.65535784
v 2.79519176 12.43015099 -2.45131755
v 2.90361929 11.92279816 -2.22802544
v 3.00490427 11.92279816 -2.00781274
v 2.91685009 12.43015099 -2.23817778
v 3.02007318 12.43015099 -2.01794839
v 2.99993682 9.38603210 -1.73201430
v 3.05877709 9.38603210 -1.50842202
v 3.01778698 9.89338589 -1.74232018
v 3.03553700 10.40073872 -1.75256813
v 3.10079551 9.38603210 -1.28439152
v 3.07743645 9.89338589 -1.51762366
v 3.11987567 9.89338589 -1.29229486
v 3.12647462 9.38603210 -1.06129515
v 3.13667440 9.38603210 -0.84046936
v 3.14554334 9.89338589 -1.06776810
v 3.15525651 9.89338589 -0.84544849
v 3.09612846 10.40073872 -1.52684152
v 3.13913155 10.40073872 -1.30027092
v 3.16493678 10.40073872 -1.07435131
v 3.17431498 10.40073872 -0.85055518
v 3.05511308 9.38603210 0.00000000
v 3.01505160 9.38603210 0.19761693
v 3.02358437 9.89338589 0.19817619
v 3.03321004 10.40073872 0.19880709
v 3.13270259 9.38603210 -0.62313330
v 3.11631942 9.38603210 -0.41027126
v 3.15028882 9.89338589 -0.62663138
v 3.13238192 9.89338589 -0.41238591
v 3.08966589 9.38603210 -0.20250739
v 3.10368204 9.89338589 -0.20342606
v 3.06659603 9.89338589 0.00000000
v 3.16850090 10.40073872 -0.63025397
v 3.14921236 10.40073872 -0.41460168
v 3.11859536 10.40073872 -0.20440353
v 3.07908630 10.40073872 0.00000000
v 3.05313993 10.90809155 -1.76273119
v 3.11480427 10.90809155 -1.53605139
v 3.15851259 10.90809155 -1.30829883
v 3.07054996 11.41544437 -1.77278280
v 3.13341475 11.41544437 -1.54522908
v 3.17796826 11.41544437 -1.31635761
v 3.18460464 10.90809155 -1.08102763
v 3.19380069 10.90809155 -0.85577631
v 3.20449543 11.41544437 -1.08777964
v 3.21366310 11.41544437 -0.86109847
v 3.08772111 11.92279816 -1.78269660
v 3.15191150 11.92279816 -1.55435073
v 3.19744778 11.92279816 -1.32442617
v 3.10460901 12.43015099 -1.79244685
v 3.17024589 12.43015099 -1.56339228
v 3.21690035 12.43015099 -1.33248377
v 3.22455788 11.92279816 -1.09458995
v 3.23385167 11.92279816 -0.86650795
v 3.24474001 12.43015099 -1.10144079
v 3.25431418 12.43015099 -0.87199086
v 3.04390574 10.90809155 0.19950813
v 3.05564642 11.41544437 0.20027764
v 3.18729210 10.90809155 -0.63399184
v 3.16676831 10.90809155 -0.41691297
v 3.20661497 11.41544437 -0.63783538
v 3.18500590 11.41544437 -0.41931400
v 3.13436866 10.90809155 -0.20543738
v 3.09255362 10.90809155 0.00000000
v 3.15096331 11.41544437 -0.20652506
v 3.10696530 11.41544437 0.00000000
v 3.22641993 11.92279816 -0.64177483
v 3.20387912 11.92279816 -0.42179868
v 3.24665713 12.43015099 -0.64580023
v 3.22334051 12.43015099 -0.42436084
v 3.16833806 11.92279816 -0.20766385
v 3.12228584 11.92279816 0.00000000
v 3.06840372 11.92279816 0.20111381
v 3.13847828 12.43015099 0.00000000
v 3.18644953 12.43015099 -0.20885094
v 3.08214736 12.43015099 0.20201463
v -0.00000000 6.34191370 3.78057933
v -0.00000000 6.84926701 3.77945232
v 0.24680525 6.34191370 3.76552057
v 0.24659456 6.84926701 3.76230597
v -0.00000000 7.35661983 3.77741218
v 0.24632582 7.35661983 3.75820565
v 0.49138358 6.34191370 3.73242879
v 0.49070427 6.84926701 3.72726893
v 0.73234880 6.34191370 3.68176627
v 0.73096037 6.84926701 3.67478585
v 0.48991346 7.35661983 3.72126222
v 0.72941297 7.35661983 3.66700673
v -0.00000000 7.86397314 3.77446485
v -0.00000000 8.37132645 3.77061892
v 0.24599981 7.86397314 3.75323176
v 0.24561748 8.37132645 3.74739861
v -0.00000000 8.87867928 3.76588559
v 0.24517992 8.87867928 3.74072289
v 0.48901343 7.86397314 3.71442580
v 0.48800674 8.37132645 3.70677924
v 0.72771108 7.86397314 3.65845060
v 0.72585952 8.37132645 3.64914227
v 0.48689631 8.87867928 3.69834447
v 0.72386354 8.87867928 3.63910770
v 1.62818909 6.34191370 3.30164099
v 1.62172842 6.84926701 3.28853989
v 1.61501360 7.35661983 3.27492356
v 0.96826029 6.34191370 3.61359668
v 0.96593142 6.84926701 3.60490513
v 1.19749355 6.34191370 3.52770209
v 1.19399834 6.84926701 3.51740551
v 0.96340364 7.35661983 3.59547138
v 1.19027352 7.35661983 3.50643301
v 1.41817355 6.34191370 3.42377377
v 1.41329455 6.84926701 3.41199493
v 1.40816677 7.35661983 3.39961529
v 1.39722180 8.37132645 3.37319183
v 1.60806286 7.86397314 3.26082897
v 1.60089529 8.37132645 3.24629450
v 1.39143467 8.87867928 3.35922050
v 1.59353030 8.87867928 3.23135996
v 0.96068418 7.86397314 3.58532214
v 0.95778072 8.37132645 3.57448626
v 1.18632972 7.86397314 3.49481463
v 1.18217766 8.37132645 3.48258305
v 0.95470130 8.87867928 3.56299376
v 1.17782891 8.87867928 3.46977210
v 1.40280426 7.86397314 3.38666916
v -0.00000000 9.38603210 3.76027822
v -0.00000000 9.89338589 3.75381303
v 0.24468839 9.38603210 3.73322344
v 0.24414429 9.89338589 3.72492218
v -0.00000000 10.40073872 3.74650836
v 0.24354917 10.40073872 3.71584225
v 0.48568523 9.38603210 3.68914557
v 0.48437697 9.89338589 3.67920828
v 0.72172880 9.38603210 3.62837553
v 0.71946126 9.89338589 3.61697602
v 0.48297524 10.40073872 3.66856122
v 0.71706742 10.40073872 3.60494113
v -0.00000000 10.90809155 3.73838496
v -0.00000000 11.41544437 3.72946572
v 0.24290468 10.90809155 3.70600939
v 0.24221268 11.41544437 3.69545150
v -0.00000000 11.92279816 3.71977568
v -0.00000000 12.43015099 3.70934248
v 0.24147512 11.92279816 3.68419838
v 0.24069406 12.43015099 3.67228174
v 0.48148400 10.90809155 3.65723395
v 0.47990742 11.41544437 3.64525867
v 0.71455383 10.90809155 3.59230494
v 0.71192771 11.41544437 3.57910252
v 0.47825000 11.92279816 3.63266945
v 0.47651637 12.43015099 3.61950111
v 0.70919639 11.92279816 3.56537104
v 0.70636749 12.43015099 3.55114913
v 1.38545883 9.38603210 3.34479356
v 1.37931073 9.89338589 3.32995057
v 1.58598793 9.38603210 3.21606541
v 1.57828856 9.89338589 3.20045257
v 1.37300706 10.40073872 3.31473231
v 1.57045305 10.40073872 3.18456364
v 0.95145464 9.38603210 3.55087709
v 0.94804978 9.89338589 3.53817010
v 1.17329562 9.38603210 3.45641756
v 1.16859031 9.89338589 3.44255614
v 0.94449627 10.40073872 3.52490807
v 1.16372609 10.40073872 3.42822647
v 1.14295399 12.43015099 3.36703396
v 1.36656523 10.90809155 3.29918027
v 1.36000264 11.41544437 3.28333688
v 1.56250274 10.90809155 3.16844201
v 1.55445910 11.41544437 3.15213108
v 1.35333753 11.92279816 3.26724577
v 1.34658802 12.43015099 3.25095105
v 1.54634392 11.92279816 3.13567519
v 1.53817916 12.43015099 3.11911893
v 1.71609926 12.43015099 2.97237110
v 0.94080400 10.90809155 3.51112843
v 0.93698329 11.41544437 3.49686933
v 1.15871632 10.90809155 3.41346812
v 1.15357482 11.41544437 3.39832187
v 0.93304473 11.92279816 3.48217034
v 0.92899936 12.43015099 3.46707273
v 1.14831591 11.92279816 3.38282967
v 2.55284524 6.34191370 2.23878527
v 2.53648949 6.84926701 2.22444177
v 2.60801864 7.35661983 2.00120306
v 2.52027416 7.35661983 2.21022105
v 2.59156013 7.86397314 1.98857403
v 2.50424075 7.86397314 2.19616032
v 2.57546592 8.37132645 1.97622442
v 2.48843145 8.37132645 2.18229580
v 2.55977774 8.87867928 1.96418655
v 2.47288752 8.87867928 2.16866398
v 2.96458769 6.34191370 0.39029539
v 2.94015479 6.34191370 0.58483315
v 2.91447091 6.34191370 0.78093010
v 2.96282601 6.84926701 0.39006343
v 2.93499851 6.84926701 0.58380753
v 2.90610051 6.84926701 0.77868730
v 2.88673234 6.34191370 0.97991359
v 2.85532045 6.34191370 1.18271244
v 2.87548256 6.84926701 0.97609478
v 2.84166288 6.84926701 1.17705524
v 2.96223783 7.35661983 0.38998604
v 2.93098617 7.35661983 0.58300936
v 2.89881110 7.35661983 0.77673405
v 2.82887387 7.35661983 1.17175794
v 2.86522031 7.35661983 0.97261125
v 2.81793642 6.34191370 1.38965237
v 2.71406269 6.34191370 1.81347871
v 2.77182579 6.34191370 1.60031438
v 2.80244994 6.84926701 1.38201535
v 2.69687772 6.84926701 1.80199611
v 2.75515652 6.84926701 1.59069026
v 2.64185667 6.34191370 2.02716780
v 2.62479877 6.84926701 2.01407886
v 2.78769374 7.35661983 1.37473845
v 2.68011999 7.35661983 1.79079890
v 2.73906755 7.35661983 1.58140135
v 2.96282673 7.86397314 0.39006355
v 2.92812943 7.86397314 0.58244115
v 2.89262271 7.86397314 0.77507591
v 2.96459293 8.37132645 0.39029607
v 2.92643762 8.37132645 0.58210462
v 2.88755274 8.37132645 0.77371740
v 2.81698728 7.86397314 1.16683435
v 2.80603480 8.37132645 1.16229773
v 2.85597324 7.86397314 0.96947229
v 2.84776640 8.37132645 0.96668643
v 2.96753359 8.87867928 0.39068320
v 2.92591667 8.87867928 0.58200103
v 2.88361597 8.87867928 0.77266258
v 2.79604602 8.87867928 1.15816009
v 2.84062219 8.87867928 0.96426135
v 2.77370667 7.86397314 1.36784077
v 2.72360110 7.86397314 1.57247186
v 2.66383266 7.86397314 1.77991605
v 2.70879769 8.37132645 1.56392503
v 2.76052570 8.37132645 1.36134064
v 2.64805841 8.37132645 1.76937616
v 2.69469571 8.87867928 1.55578327
v 2.74818540 8.87867928 1.35525501
v 2.63283849 8.87867928 1.75920641
v 2.16024613 6.84926701 2.81528759
v 1.82529140 6.34191370 3.16149759
v 1.81708884 6.84926701 3.14729023
v 2.00726414 6.34191370 3.00408316
v 1.99722135 6.84926701 2.98905301
v 2.14819431 7.35661983 2.79958129
v 1.80864382 7.35661983 3.13266301
v 1.98696756 7.35661983 2.97370720
v 2.17214084 6.34191370 2.83078885
v 2.31843257 6.34191370 2.64366555
v 2.30478454 6.84926701 2.62810302
v 2.44533062 6.34191370 2.44533062
v 2.43015218 6.84926701 2.43015218
v 2.29105592 7.35661983 2.61244845
v 2.41499305 7.35661983 2.41499305
v 2.13601685 7.86397314 2.78371143
v 2.12374616 8.37132645 2.76771998
v 1.79997921 7.86397314 3.11765552
v 1.79111826 8.37132645 3.10230780
v 1.97653019 7.86397314 2.95808649
v 1.96593714 8.37132645 2.94223285
v 2.11141467 8.87867928 2.75164914
v 1.78208470 8.87867928 3.08666134
v 1.95521653 8.87867928 2.92618823
v 2.27728271 7.86397314 2.59674335
v 2.26350141 8.37132645 2.58102870
v 2.38489103 8.37132645 2.38489103
v 2.39989281 7.86397314 2.39989281
v 2.24974775 8.87867928 2.56534553
v 2.37002659 8.87867928 2.37002659
v 2.60421801 9.89338589 1.74008286
v 2.34086490 9.89338589 2.34086490
v 2.54453659 9.38603210 1.95249152
v 2.45764899 9.38603210 2.15530038
v 2.52978206 9.89338589 1.94117010
v 2.44275570 9.89338589 2.14223933
v 2.59089279 10.40073872 1.73117924
v 2.32664371 10.40073872 2.32664371
v 2.51555300 10.40073872 1.93025172
v 2.42824697 10.40073872 2.12951541
v 2.57827139 10.90809155 1.72274590
v 2.56638718 11.41544437 1.71480513
v 2.31271243 10.90809155 2.31271243
v 2.29910731 11.41544437 2.29910731
v 2.50188637 10.90809155 1.91976500
v 2.41416025 10.90809155 2.11716175
v 2.48881841 11.41544437 1.90973747
v 2.40053272 11.41544437 2.10521054
v 2.55527186 11.92279816 1.70737815
v 2.54495502 12.43015099 1.70048463
v 2.38739991 11.92279816 2.09369349
v 2.28586411 11.92279816 2.28586411
v 2.37479663 12.43015099 2.08264065
v 2.27301788 12.43015099 2.27301788
v 2.47638321 11.92279816 1.90019560
v 2.46461368 12.43015099 1.89116454
v 2.97164297 9.38603210 0.39122421
v 2.92656994 9.38603210 0.58213097
v 2.88082433 9.38603210 0.77191454
v 2.97691250 9.89338589 0.39191797
v 2.92839766 9.89338589 0.58249450
v 2.87918663 9.89338589 0.77147573
v 2.83456087 9.38603210 0.96220374
v 2.78704739 9.38603210 1.15443277
v 2.82959938 9.89338589 0.96051955
v 2.77906346 9.89338589 1.15112579
v 2.98333120 10.40073872 0.39276299
v 2.93139720 10.40073872 0.58309120
v 2.87870932 10.40073872 0.77134782
v 2.82575202 10.40073872 0.95921355
v 2.77211642 10.40073872 1.14824820
v 2.68133259 9.38603210 1.54806805
v 2.73671842 9.38603210 1.34960020
v 2.61821222 9.38603210 1.74943352
v 2.72615528 9.89338589 1.34439099
v 2.66874313 9.89338589 1.54079962
v 2.71652460 10.40073872 1.33964169
v 2.65696096 10.40073872 1.53399718
v 2.99088407 10.90809155 0.39375737
v 2.93556309 10.90809155 0.58391982
v 2.87939525 10.90809155 0.77153164
v 2.99955463 11.41544437 0.39489886
v 2.94088697 11.41544437 0.58497882
v 2.88124537 11.41544437 0.77202737
v 2.82303071 10.90809155 0.95828986
v 2.76622558 10.90809155 1.14580810
v 2.82144451 11.41544437 0.95775139
v 2.76140785 11.41544437 1.14381254
v 3.00932240 11.92279816 0.39618483
v 2.94735742 11.92279816 0.58626586
v 2.88425684 11.92279816 0.77283424
v 3.02016544 12.43015099 0.39761230
v 2.88842440 12.43015099 0.77395099
v 2.95496058 12.43015099 0.58777821
v 2.82099962 11.92279816 0.95760036
v 2.75767732 11.92279816 1.14226735
v 2.82169914 12.43015099 0.95783782
v 2.75504565 12.43015099 1.14117730
v 2.70785213 10.90809155 1.33536494
v 2.64601707 10.90809155 1.52767873
v 2.70016170 11.41544437 1.33157241
v 2.63594103 11.41544437 1.52186131
v 2.69347453 11.92279816 1.32827473
v 2.62675977 11.92279816 1.51656044
v 2.68780971 12.43015099 1.32548106
v 2.61849833 12.43015099 1.51179075
v 2.09905457 9.38603210 2.73554134
v 2.08669877 9.89338589 2.71943903
v 1.77290297 9.38603210 3.07075810
v 1.76359761 9.89338589 3.05464077
v 1.93350697 9.89338589 2.89369774
v 1.94439685 9.38603210 2.90999556
v 2.07437992 10.40073872 2.70338464
v 1.75419366 10.40073872 3.03835249
v 1.92257583 10.40073872 2.87733817
v 2.23605800 9.38603210 2.54973531
v 2.35533834 9.38603210 2.35533834
v 2.22246790 9.89338589 2.53423905
v 2.20901346 10.40073872 2.51889706
v 1.91163254 10.90809155 2.86096025
v 1.90070617 11.41544437 2.84460783
v 2.06213045 10.90809155 2.68742085
v 2.04998279 11.41544437 2.67158961
v 1.74471641 10.90809155 3.02193737
v 1.73519111 11.41544437 3.00543928
v 1.88982582 11.92279816 2.82832432
v 1.87902057 12.43015099 2.81215286
v 2.03796911 11.92279816 2.65593314
v 2.15724969 12.43015099 2.45987201
v 2.02612114 12.43015099 2.64049244
v 1.72564352 11.92279816 2.98890233
v 2.19572949 10.90809155 2.50374985
v 2.18265152 11.41544437 2.48883700
v 2.16981363 11.92279816 2.47419834
v 0.65399641 1.07502937 4.47665167
v 0.70714092 0.94440120 4.54662466
v 0.77614325 0.81468987 4.60301590
v 0.86000669 0.68827033 4.64457798
v 0.95703000 0.56729406 4.67082405
v 1.18137860 0.34800893 4.67929649
v 1.06499088 0.45348835 4.68205452
v 0.90799415 1.51634490 4.75676107
v 1.00165546 1.25743747 4.90486336
v 0.94677895 1.38746476 4.83680582
v 1.07228863 1.12863731 4.95915174
v 1.25561678 0.88382220 5.02276134
v 1.15754497 1.00340462 4.99856520
v 1.30364561 0.25136667 4.66416311
v 1.42944539 0.16343772 4.63865376
v 1.55682766 0.08355724 4.60491610
v 1.68436503 0.01068306 4.56500101
v 1.36421478 0.77152359 5.03217649
v 1.48080540 0.66755813 5.02794695
v 1.60286021 0.57233143 5.01176214
v 1.36931694 1.44291914 5.31428671
v 1.45590079 1.31893766 5.35154867
v 1.66406870 1.09003532 5.38137865
v 1.55493391 1.20079732 5.37372398
v 0.88479769 1.64189446 4.66702080
v 0.87933886 1.87636268 4.46889114
v 0.87589645 1.76231909 4.57017803
v 1.16512072 2.07457662 4.93335581
v 1.18088615 2.29610896 4.72928190
v 1.16777754 2.18884754 4.83250618
v 1.19998431 1.82858694 5.11772156
v 1.24048305 1.70007849 5.19606304
v 1.17524588 1.95404017 5.02930832
v 1.22802997 2.48970342 4.52403307
v 1.20184565 2.39624214 4.62588263
v 1.25702167 2.57741284 4.42488718
v 1.29708946 1.57073236 5.26213646
v 1.46646428 2.26621532 5.39094877
v 1.61018872 3.05155134 4.59666109
v 1.54765630 2.88989043 4.78673744
v 1.51744902 2.80247402 4.88661051
v 1.57909536 2.97246861 4.69005013
v 1.49056518 2.70904469 4.98899698
v 1.46946251 2.60876489 5.09263802
v 1.45501721 2.38681293 5.29600954
v 1.45676279 2.50127864 5.19572687
v 1.59337771 1.88426757 5.61851311
v 1.66715872 1.75750875 5.66849995
v 1.53504956 2.01285887 5.55448008
v 1.49280882 2.14092302 5.47792768
v 1.63995528 3.12847829 4.50620413
v 1.66802537 3.20443749 4.41795158
v 1.98113167 0.33454314 4.91207361
v 2.10684729 0.26789096 4.86825323
v 1.72808933 0.48562932 4.98565340
v 1.85462391 0.40672341 4.95175743
v 2.15267110 0.73032629 5.29801941
v 1.78075683 0.98759437 5.37575388
v 1.90249789 0.89377689 5.35860443
v 2.02706337 0.80828285 5.33198738
v 2.23152137 0.20567121 4.82144499
v 2.35529566 0.14709954 4.77221060
v 2.60160303 0.04021581 4.66588068
v 2.47852993 0.09186433 4.72052956
v 2.27808428 0.65881461 5.25864077
v 2.52613688 0.53053755 5.16938305
v 2.40263057 0.59256649 5.21541452
v 1.85490906 1.51817513 5.72380829
v 1.96448231 1.40897048 5.72976398
v 2.08116746 1.30805635 5.72282267
v 2.32631516 1.13132477 5.67776251
v 2.20249844 1.21563494 5.70479822
v 2.45092440 1.05428827 5.64380455
v 2.57518673 0.98341751 5.60480070
v 2.50280190 1.53783739 6.05044985
v 1.77950060 3.02179933 5.35197830
v 1.75500202 1.63483417 5.70361710
v 1.83041525 2.32579398 5.91211939
v 1.89045143 2.19802380 5.97406578
v 2.15546823 1.83591032 6.07311201
v 1.96574104 2.07237864 6.02187347
v 2.05477405 1.95105779 6.05486155
v 1.74554420 2.69902921 5.65817261
v 1.78641129 2.45334721 5.83743048
v 1.75840378 2.57841825 5.75198412
v 1.74625885 2.81365991 5.55857849
v 1.75840855 2.92136145 5.45574760
v 2.12651277 2.63887072 6.26904631
v 2.05101061 2.89064646 6.11245871
v 2.03665519 3.01122689 6.01988029
v 2.08073115 2.76585197 6.19628477
v 2.26538444 1.72827506 6.07743597
v 2.38197017 1.62888253 6.06926012
v 2.35514045 2.26757121 6.40537691
v 2.45653605 2.15395689 6.42173719
v 2.56670284 2.04789472 6.42449999
v 2.18823814 2.51198053 6.32886982
v 2.26498842 2.38750052 6.37449312
v 2.64879704 0.47202200 5.12099886
v 2.77099228 0.41680220 5.07014275
v 2.89309382 0.36522362 5.01621675
v 3.01528072 0.31818449 4.95830107
v 3.06347966 0.74207062 5.41944981
v 3.13739657 0.27704072 4.89535046
v 3.25887299 0.24343832 4.82640123
v 3.49564314 0.20557374 4.66814518
v 3.37872863 0.21909690 4.75075960
v 3.18458486 0.69059551 5.36623859
v 3.30580688 0.64380395 5.30888700
v 3.42694235 0.60310125 5.24634600
v 2.69852066 0.91755313 5.56222105
v 2.82082701 0.85570669 5.51699924
v 2.94234729 0.79725373 5.46948051
v 2.87240291 1.30827248 5.95065117
v 2.99449015 1.24277031 5.90876389
v 2.62579226 1.45468175 6.02308321
v 2.74933982 1.37853253 5.98921537
v 3.23593330 1.12271345 5.81773615
v 3.11557198 1.18109775 5.86437988
v 3.35598612 1.06758749 5.76852703
v 3.47607565 1.01624823 5.71601772
v 3.41035175 1.50663030 6.21160984
v 2.80334854 1.86031580 6.39566708
v 2.68309879 1.95001090 6.41517448
v 2.92544222 1.77828062 6.36805582
v 3.04787326 1.70298243 6.33435297
v 3.16969776 1.63330102 6.29628801
v 3.29051137 1.56813848 6.25513506
v 2.37570310 3.07843065 6.55454969
v 2.56482291 2.70284438 6.72644758
v 2.48666263 2.82611656 6.68300438
v 2.42327118 2.95207500 6.62532949
v 2.98448586 2.27137923 6.76067257
v 2.65602279 2.58433604 6.75525856
v 2.75803566 2.47226763 6.76978588
v 2.86836481 2.36777425 6.77106237
v 2.86516404 3.01838017 7.07782745
v 2.95734072 2.90131330 7.10460567
v 3.05988979 2.79079533 7.11736107
v 3.10407805 2.18300247 6.74055672
v 3.22521329 2.10204887 6.71278429
v 3.34648156 2.02756238 6.67931843
v 3.46703577 1.95842564 6.64180708
v 3.17029762 2.68785858 7.11722994
v 3.28606462 2.59292531 7.10586262
v 3.40493083 2.50582933 7.08522606
v 3.47242737 3.00809193 7.46310949
v 1.93598413 3.43832350 4.86597776
v 2.02278781 3.66130447 4.60335779
v 2.05049586 3.73639894 4.51614428
v 2.07926679 3.81210279 4.42754698
v 1.99501133 3.58685327 4.69007111
v 1.96625936 3.51274347 4.77727604
v 1.87115443 3.28442764 5.05119944
v 1.83819842 3.20239925 5.14863491
v 1.90411663 3.36262298 4.95706987
v 1.80692673 3.11522770 5.24915504
v 2.16295362 3.59649038 5.41246891
v 2.26395369 3.82136011 5.13676739
v 2.19766545 3.67386770 5.31763411
v 2.23153973 3.74841285 5.22592163
v 2.35421944 4.03921175 4.87578630
v 2.38455653 4.11274958 4.78779650
v 2.45230627 4.26020288 4.60578489
v 2.41685772 4.18657684 4.69797325
v 2.49201131 4.33296585 4.51090908
v 2.32467031 3.96621633 4.96267128
v 2.29485226 3.89372373 5.04933929
v 2.59406400 4.20099497 5.40876913
v 2.09643412 3.42797327 5.61168289
v 2.04769015 3.23390365 5.81863308
v 2.03622603 3.12599492 5.92109013
v 2.06862140 3.33451247 5.71484613
v 2.12861919 3.51494980 5.51059484
v 2.41888809 3.82755184 5.87263250
v 2.34422708 3.20289803 6.47242212
v 2.32662034 3.43828797 6.28329372
v 2.32829928 3.32340765 6.38117266
v 2.35789323 3.64719224 6.07762051
v 2.33726883 3.54639792 6.18132067
v 2.38594031 3.74071908 5.97421169
v 2.49080062 3.98530197 5.67836905
v 2.52658272 4.05876684 5.58605099
v 2.56106305 4.13031340 5.49643993
v 2.45446062 3.90866947 5.77387333
v 2.79950500 4.62788010 4.87433290
v 2.62590671 4.27158070 5.32211542
v 2.68923688 4.41390610 5.14809704
v 2.72282457 4.48557663 5.05909920
v 2.75921631 4.55710220 4.96796465
v 2.65730453 4.34251356 5.23552036
v 2.82107377 4.36940527 5.94637966
v 2.92644167 4.57743597 5.68170071
v 2.95969033 4.64635134 5.59535599
v 2.85754371 4.43962812 5.85630703
v 2.89259744 4.50869751 5.76837349
v 2.74564242 4.22097826 6.13542795
v 2.67541075 4.05347490 6.33676052
v 2.64727902 3.95984650 6.44032526
v 2.70897198 4.14021730 6.23476505
v 2.78348613 4.29694128 6.03928900
v 3.07568550 4.60880327 6.40040922
v 2.95287323 4.82811928 4.57767057
v 3.01717949 4.88796520 4.47411108
v 2.84467173 4.69718742 4.77803707
v 2.89556026 4.76422119 4.67909050
v 3.02815914 4.78515291 5.42023754
v 3.47236133 5.27958775 4.63488340
v 3.39409113 5.23135567 4.73967361
v 3.32332826 5.17736673 4.84338188
v 3.15195370 4.99079466 5.14276075
v 3.06555104 4.85457182 5.33011627
v 3.10649061 4.92334223 5.23769331
v 3.20279074 5.05617237 5.04528618
v 3.25971866 5.11865568 4.94539881
v 3.50959182 5.34867525 5.41135120
v 2.99324250 4.71562719 5.50845480
v 3.26131940 4.95076895 5.95530128
v 3.29651070 5.01796436 5.86887455
v 3.37124062 5.15268087 5.69223547
v 3.41289616 5.21943045 5.60098076
v 3.45872903 5.28499794 5.50737810
v 3.33279490 5.08536530 5.78138971
v 3.15335250 4.74932957 6.21638250
v 3.19040442 4.81686258 6.12816381
v 3.22622275 4.88381910 6.04143858
v 3.11497355 4.68034840 6.30692148
v 3.48743796 5.12551975 6.48815298
v 2.72061610 3.26539302 6.98104191
v 2.67125821 3.39107513 6.91228724
v 2.62042117 3.63557315 6.74209309
v 2.62710214 3.85885096 6.54383802
v 2.61739326 3.75054407 6.64522362
v 2.63799024 3.51517057 6.83192587
v 2.78564620 3.14041018 7.03655243
v 2.93223381 3.82746148 7.19102669
v 3.01847005 3.57880926 7.33625841
v 2.96732402 3.70377707 7.26956320
v 2.93673730 4.27248478 6.80298567
v 2.91714358 4.17127037 6.90621662
v 2.99883509 4.45295763 6.59701014
v 2.96480775 4.36625147 6.69935083
v 3.03646374 4.53343105 6.49714899
v 2.91296101 3.94772553 7.10268736
v 2.90849161 4.06276798 7.00691891
v 3.08510852 3.45483828 7.38959789
v 3.16593003 3.33407664 7.42872572
v 3.25901318 3.21846366 7.45351696
v 3.36202002 3.10949183 7.46456766
v 3.20585465 4.25986671 7.46300650
v 3.22622228 4.58511686 7.16562986
v 3.19985819 4.37496567 7.36842060
v 3.20734239 4.48366499 7.26849079
v 3.38496566 3.76937747 7.74222898
v 3.46703649 3.64990211 7.77923822
v 3.26382399 4.01652813 7.62644625
v 3.22688746 4.13976812 7.54978323
v 3.31675196 3.89230847 7.69105864
v 3.49903393 4.57199860 7.82310247
v 3.28843927 4.76578617 6.95938826
v 3.40824223 4.99161720 6.66769171
v 3.32688689 4.84604263 6.85905409
v 3.36736083 4.92090464 6.76174498
v 3.44844604 5.05944204 6.57667875
v 3.25409007 4.67906046 7.06200504
v 3.49764276 4.79604244 7.63069677
v 3.49143147 4.68714333 7.72977304
v 3.54771972 -12.43015099 0.23252983
v 3.52624011 -11.92279816 0.23112199
v 3.58693719 -12.43015099 0.47222924
v 3.60780334 -12.43015099 0.71763670
v 3.56642103 -11.92279816 0.46952823
v 3.58883882 -11.92279816 0.71386439
v 3.60763311 -12.43015099 0.96666235
v 3.58401608 -12.43015099 1.21660948
v 3.59076595 -11.92279816 0.96214288
v 3.56971121 -11.92279816 1.21175361
v 3.54544640 -11.41544437 0.46676686
v 3.56926656 -11.41544437 0.70997125
v 3.52407050 -10.90809155 0.46395269
v 3.54913998 -10.90809155 0.70596784
v 3.57315969 -11.41544437 0.95742524
v 3.55455875 -11.41544437 1.20661008
v 3.55486178 -10.90809155 0.95252234
v 3.53859973 -10.90809155 1.20119274
v 3.53508544 -12.43015099 1.46428037
v 3.52369094 -11.92279816 1.45956051
v 3.52851343 -10.40073872 0.70186496
v 3.53592134 -10.40073872 0.94744730
v 3.52187753 -10.40073872 1.19551635
v 3.51638985 -9.89338589 0.94221377
v 3.58495641 -0.11699172 2.27622151
v 3.62758327 -0.04301016 2.17793655
v 3.54203653 -0.19071430 2.37451911
v 3.73141074 -0.01369936 2.93505096
v 3.68252873 -0.08587914 3.03682446
v 3.56997442 -0.22429180 3.24716353
v 3.62927508 -0.15664424 3.14090180
v 3.70725465 -0.01109645 3.81845880
v 3.62395144 -0.05688980 3.92520165
v 3.53172183 -0.09187049 4.02980375
v 3.53213644 0.36913186 1.03273833
v 3.53344035 0.15525758 1.21643007
v 3.53875041 0.25962922 1.12199163
v 3.66826129 1.14623725 1.11786270
v 3.72230673 1.02907968 1.17547345
v 3.53637028 1.37672234 1.02514565
v 3.60567808 1.26232624 1.06806111
v 3.76611876 0.91186351 1.24138832
v 3.51747322 0.05666337 1.31447315
v 3.80463457 0.37057644 1.67788482
v 3.77960277 0.27823293 1.77783954
v 3.82533503 0.57319963 1.48616421
v 3.81813908 0.68253928 1.39752102
v 3.82044363 0.46897283 1.58013988
v 3.66961169 0.03223806 2.07904029
v 3.71005988 0.11001925 1.97923040
v 3.74737358 0.19163999 1.87863219
v 3.79834008 0.79587877 1.31558764
v 3.95192361 1.45812356 1.48584712
v 4.09132338 0.68467796 2.04151464
v 3.99545503 0.42571196 2.34252930
v 4.03355122 0.50656551 2.24196243
v 4.06621408 0.59264904 2.14126039
v 4.08304405 1.10915995 1.68152690
v 4.10348749 0.99609238 1.76270580
v 4.00608540 1.34151018 1.54289377
v 4.05026722 1.22476888 1.60810006
v 4.10689306 0.78287691 1.94413340
v 4.11130381 0.88694406 1.85068369
v 4.39284754 1.09694982 2.30838037
v 4.33383322 1.53773129 1.97523272
v 4.36715126 1.42253745 2.04786444
v 4.39671850 1.20084465 2.21551442
v 4.38824797 1.30977631 2.12825155
v 3.59026146 2.01955795 1.29257584
v 3.66992950 1.91008759 1.32288074
v 3.82065201 1.68751359 1.39357615
v 3.74701452 1.79957998 1.35616493
v 3.88950992 1.57364714 1.43639708
v 3.87673593 2.32929730 1.66014659
v 3.95543694 2.22000813 1.69107485
v 3.62560797 2.65769982 1.57901752
v 3.71228123 2.54769874 1.60413098
v 3.53483653 2.76827955 1.55670965
v 3.79576993 2.43833876 1.63125920
v 3.82403731 3.07786202 1.92221689
v 3.91431069 2.96729827 1.94491279
v 4.17288876 1.88491702 1.80514276
v 4.03162766 2.10983086 1.72479510
v 4.10453129 1.99822700 1.76239860
v 4.28931379 1.65395808 1.91074288
v 4.23508120 1.76999056 1.85425520
v 4.38807678 2.30887580 2.13154626
v 4.16295719 2.63891363 2.02802801
v 4.00029945 2.85725760 1.97061241
v 4.08294296 2.74788189 1.99843597
v 4.24067688 2.52982759 2.05957222
v 4.31594610 2.41999865 2.09373474
v 4.61689043 1.85074365 2.34273219
v 4.51780891 2.08184123 2.22302413
v 4.45588636 2.19614387 2.17423272
v 4.57206774 1.96642101 2.27896190
v 3.95392418 0.34899303 2.44229484
v 3.91060233 0.27510518 2.54105902
v 3.77755642 0.05872202 2.83527565
v 3.82232404 0.13083950 2.73687458
v 3.86658931 0.20274718 2.63905954
v 4.28071976 0.74147975 2.70586848
v 4.23818970 0.66577786 2.80556130
v 4.05672693 0.38212967 3.19693089
v 4.00966120 0.31161240 3.29580331
v 4.10268116 0.45233527 3.09922409
v 4.14827919 0.52244240 3.00188923
v 4.19363880 0.59320837 2.90417814
v 4.35250044 0.90721339 2.50481486
v 4.37759542 0.99894577 2.40533710
v 4.31950331 0.82160747 2.60537410
v 3.84780431 0.10545613 3.60442328
v 3.90682054 0.17194825 3.49938917
v 3.96021891 0.24120128 3.39650106
v 3.78166342 0.04371851 3.71109653
v 3.81369543 0.23872727 4.38298750
v 3.90452313 0.27414081 4.27914190
v 4.18434620 0.50056374 3.85787225
v 4.38317823 0.77371395 3.46156192
v 4.33602810 0.70541823 3.55858326
v 4.23795414 0.56823343 3.75618315
v 4.28800917 0.63682777 3.65656042
v 4.06002808 0.37441158 4.06710863
v 3.98659039 0.31998333 4.17335320
v 4.12554646 0.43531650 3.96165633
v 4.40328169 0.76518607 4.31888723
v 4.36991119 3.05729985 2.36588597
v 4.68164444 1.51488328 2.58062053
v 4.66350746 1.31335723 2.76932573
v 4.67836666 1.41117096 2.67285037
v 4.60528278 1.13673854 2.96884823
v 4.56590748 1.05729163 3.06923151
v 4.43009186 0.84204394 3.36470127
v 4.47675276 0.91125721 3.26728153
v 4.52246475 0.98255664 3.16882539
v 4.63851738 1.22190130 2.86848044
v 4.92431831 1.53668761 3.23223448
v 4.89094257 1.45193124 3.33236527
v 4.71208906 1.16150355 3.72748661
v 4.66388273 1.09491873 3.82388234
v 4.76000357 1.22921062 3.63035727
v 4.80680418 1.29929423 3.53207278
v 4.85107231 1.37311685 3.43260145
v 4.51581335 0.89513111 4.11588097
v 4.56653118 0.96187049 4.01732588
v 4.61553288 1.02852142 3.92023182
v 4.46193361 0.82910675 4.21636820
v 4.84530163 1.28666711 4.37810421
v 5.04344702 1.54702890 3.99339414
v 4.99433279 1.48077464 4.09023619
v 4.89531136 1.35137546 4.28187466
v 4.94486094 1.41589510 4.18617964
v 4.65073395 1.73599958 2.41455197
v 4.67248964 1.62357593 2.49411607
v 4.85442352 2.27889657 2.64749098
v 4.44897747 2.94843173 2.39615607
v 4.52570772 2.83956790 2.42830682
v 4.60003328 2.73010135 2.46291709
v 4.73857689 2.50733590 2.54360080
v 4.67135715 2.61947346 2.50095177
v 4.80018234 2.39367819 2.59209061
v 4.95628214 1.93747532 2.86025643
v 4.93386507 2.04953456 2.78154039
v 4.89951563 2.16379833 2.71054411
v 4.96351242 1.72551954 3.03751135
v 4.96614742 1.82904136 2.94596457
v 4.94911671 1.62788939 3.13345408
v 5.23969746 2.25145888 3.22662854
v 5.25029469 2.14329982 3.31150889
v 4.88395309 3.04015708 2.83227491
v 5.08227777 2.70550466 2.96139026
v 4.95444202 2.93003321 2.87054777
v 5.02103233 2.81850171 2.91318059
v 5.18178463 2.47688794 3.07861257
v 5.13645887 2.59138250 3.01626992
v 5.21661997 2.36313033 3.14877987
v 5.20995998 1.85154688 3.59605455
v 5.09126329 1.61595619 3.89528966
v 5.13626719 1.68892479 3.79596233
v 5.17653656 1.76715779 3.69590640
v 5.23448324 1.94251871 3.49769497
v 5.24834776 2.03997374 3.40233135
v 3.51868796 3.40404916 1.88673270
v 3.62689090 3.29757738 1.89143336
v 3.72850490 3.18832755 1.90384769
v 3.69345307 3.81261635 2.25903416
v 3.80821657 3.71189284 2.25347757
v 3.91632009 3.60617304 2.25760865
v 3.57252789 3.90625644 2.27567840
v 4.11298752 3.38716006 2.28817225
v 4.01776218 3.49738860 2.26975989
v 4.20277929 3.27667952 2.31118464
v 4.28810072 3.16665220 2.33741093
v 3.60718250 4.36522865 2.71744370
v 3.73646164 4.29372215 2.67494297
v 3.86217952 4.21097755 2.64502144
v 4.30678797 3.80612659 2.63613772
v 4.40172052 3.69621062 2.65451646
v 3.98288345 4.11880636 2.62728643
v 4.09752083 4.01923990 2.62083244
v 4.20551538 3.91436052 2.62432575
v 4.02639723 4.59605503 3.04611969
v 4.15168619 4.51511049 3.01498961
v 4.27213526 4.42447710 2.99613166
v 4.38662577 4.32614613 2.98872924
v 3.63766026 4.76531458 3.21344376
v 3.89777088 4.66556740 3.08981705
v 3.76756644 4.72228432 3.14583921
v 3.56477475 5.10115147 3.84830761
v 3.68167949 5.10107136 3.75408936
v 3.93034506 5.06087112 3.58825684
v 3.80400133 5.08785057 3.66685247
v 3.75357294 5.37801409 4.32305622
v 3.86223650 5.39119816 4.22402716
v 4.05905724 5.01993275 3.51980829
v 4.18831491 4.96532106 3.46273112
v 4.31624460 4.89782858 3.41785073
v 4.35054827 5.31709576 3.89419651
v 3.97743821 5.39253092 4.12996197
v 4.09815836 5.38101864 4.04254150
v 4.22306299 5.35596943 3.96343875
v 4.57572603 3.47591376 2.70446610
v 4.49105072 3.58587766 2.67777371
v 4.73484898 3.25787735 2.76446700
v 4.65672159 3.36662126 2.73354673
v 4.81058693 3.14925075 2.79721284
v 4.49450397 4.22218895 2.99151945
v 4.59561443 4.11458445 3.00291872
v 4.69026995 4.00505352 3.02118802
v 4.77916241 3.89492822 3.04461884
v 4.67555761 4.63266850 3.35709691
v 4.78331566 4.52970886 3.35912251
v 4.94342136 3.67587471 3.10135579
v 4.86321831 3.78507447 3.07171607
v 5.02062464 3.56727600 3.13289571
v 5.09537315 3.45889854 3.16622424
v 5.16777039 3.35018396 3.20174074
v 5.23740005 3.24056840 3.24026704
v 5.30332804 3.12964916 3.28290558
v 4.88427210 4.42280722 3.37003827
v 5.30635691 3.87665391 3.50137711
v 5.06715393 4.20386648 3.41165805
v 4.97867203 4.31372786 3.38812423
v 5.15061951 4.09416676 3.43909836
v 5.23005772 3.98508954 3.46924877
v 5.26696205 4.62227535 3.75526023
v 4.56123114 4.72969389 3.36549497
v 4.44106579 4.81872892 3.38550448
v 4.47882128 5.26458406 3.83609939
v 4.60601711 5.19912767 3.79005241
v 4.85019398 5.03452349 3.73529935
v 4.73033762 5.12190866 3.75648546
v 4.51580572 5.65072060 4.33890104
v 4.64203882 5.61387634 4.26891518
v 4.76929760 5.56345081 4.20983410
v 4.96434259 4.93886709 3.72586250
v 5.07198000 4.83697224 3.72706532
v 5.17279530 4.73084164 3.73742938
v 5.01952028 5.42472744 4.12784958
v 5.13904810 5.33903599 4.10546637
v 5.25300932 5.24480247 4.09495115
v 4.89572859 5.50003862 4.16263866
v 5.36417246 3.01732326 3.33085895
v 5.51966619 2.25722098 3.86202025
v 5.37589455 1.93250799 4.25846243
v 5.32713938 1.86467278 4.35638046
v 5.46211958 2.08239031 4.05945158
v 5.49549866 2.16645312 3.95991683
v 5.42154551 2.00468469 4.15929747
v 5.52280903 2.56551003 3.59318733
v 5.49907541 2.67677450 3.51621914
v 5.53293800 2.35451150 3.76727700
v 5.53415585 2.45763898 3.67721415
v 5.41825151 2.90387583 3.38523746
v 5.46377707 2.79000473 3.44688129
v 5.74557114 3.10314083 3.81529260
v 5.78130960 2.99045444 3.88380623
v 5.81734943 2.66911030 4.13231421
v 5.78099298 2.48137975 4.32379770
v 5.80472898 2.57197142 4.22640133
v 5.80569172 2.87961197 3.95988631
v 5.81780195 2.77203870 4.04304028
v 6.10130644 3.08647871 4.40894604
v 5.38012552 3.76853347 3.53527427
v 5.45154858 3.66019988 3.57124710
v 5.52030182 3.55109286 3.61004138
v 5.58553696 3.44078684 3.65270877
v 5.64594316 3.32913733 3.70043159
v 5.69988108 3.21637464 3.75433230
v 5.35506439 4.51273012 3.77882695
v 5.43797398 4.40322351 3.80654907
v 5.51667976 4.29429531 3.83716178
v 5.59210014 4.18603706 3.86984587
v 5.66490269 4.07817745 3.90429592
v 5.73535299 3.97022319 3.94072604
v 5.80321646 3.86161971 3.97980285
v 5.86773396 3.75192332 4.02252293
v 5.92766809 3.64094949 4.07004261
v 5.98142815 3.52887583 4.12349176
v 6.08842278 3.19374776 4.32667875
v 6.02724791 3.41628838 4.18378878
v 6.06340122 3.30415726 4.25148821
v 5.80333567 4.60352230 4.20502901
v 5.94976473 4.38785410 4.27322197
v 5.87790775 4.49545145 4.23823500
v 6.08621502 4.17216253 4.34948301
v 6.14999390 4.06306696 4.39227962
v 6.01924849 4.28027201 4.31010962
v 5.46121788 5.03873539 4.10502338
v 5.36052847 5.14403439 4.09527636
v 5.64293480 4.82155657 4.14606047
v 5.55517769 4.93073845 4.12252903
v 5.72532654 4.71227837 4.17400312
v 3.60809851 0.20404163 4.57876968
v 3.71456385 0.21511188 4.48333931
v 3.89279294 0.53348619 4.93075466
v 3.54737329 0.57014662 5.17768049
v 3.66607952 0.54663306 5.10225058
v 3.78172207 0.53405350 5.01984739
v 4.18492126 0.60547060 4.63296366
v 3.99780107 0.54542929 4.83574581
v 4.09547091 0.56970841 4.73599958
v 4.26579523 0.65126640 4.52817822
v 4.33831882 0.70520842 4.42309046
v 4.06766558 0.86294162 5.37130594
v 4.17733574 0.86331570 5.28252983
v 4.28088427 0.87608492 5.18798447
v 4.37710667 0.90095991 5.08889103
v 3.59631014 0.96974319 5.65921497
v 3.71643758 0.92952067 5.59707212
v 3.83579326 0.89724588 5.52868700
v 3.95331979 0.87457848 5.45347738
v 3.52954268 1.44832039 6.16584635
v 3.64850521 1.39327157 6.11744976
v 3.76756644 1.34209883 6.06562567
v 3.88679647 1.29591668 6.00935459
v 4.00589514 1.25620997 5.94759560
v 4.12415171 1.22464287 5.87948561
v 4.24047613 1.20283520 5.80450296
v 4.35350704 1.19213545 5.72258234
v 3.94103074 1.71904171 6.46629286
v 4.05905724 1.66806448 6.41513443
v 4.17727232 1.62223923 6.35937357
v 4.29532766 1.58308029 6.29798317
v 4.61661196 1.03600228 4.77907324
v 4.54494047 0.98264182 4.88297081
v 4.73966122 1.15748489 4.57489347
v 4.68108797 1.09496427 4.67613983
v 4.79387474 1.22181094 4.47560406
v 4.46521187 0.93698657 4.98671150
v 4.65865993 1.23237014 5.44171143
v 4.74545908 1.26857734 5.34042978
v 4.82409668 1.31400061 5.23776913
v 5.01760483 1.48560870 4.93346405
v 5.07221222 1.54819274 4.83536148
v 4.95904112 1.42455363 5.03343725
v 4.89498091 1.36668897 5.13508701
v 4.46176910 1.19342327 5.63415289
v 4.56386328 1.20696878 5.54010963
v 4.84678841 1.53797150 5.89217615
v 4.52757502 1.53130543 6.15539074
v 4.41246796 1.55224442 6.23014164
v 4.63928127 1.52153254 6.07373762
v 4.74613476 1.52370238 5.98568249
v 5.17543077 1.67391884 4.64351130
v 5.22617579 1.73659003 4.54844856
v 5.27688122 1.79981196 4.45294189
v 5.12439156 1.61114669 4.73889828
v 5.29583836 1.81339145 5.29209566
v 5.23721457 1.75385940 5.39080143
v 5.02572632 1.60013330 5.69416189
v 4.94018888 1.56382859 5.79451036
v 5.17349768 1.69716692 5.49116182
v 5.10333204 1.64523637 5.59261036
v 4.92502213 1.85103059 6.42483234
v 5.03047466 1.85404718 6.33717585
v 5.30607557 1.93154705 6.04795027
v 5.22174883 1.89522672 6.14733648
v 5.12970877 1.86898494 6.24423695
v 3.58655739 1.89357901 6.60142326
v 3.70514679 1.83222544 6.55877352
v 3.82316256 1.77399480 6.51388931
v 3.76438284 2.28356957 6.98730278
v 3.88260174 2.21901417 6.94771767
v 3.52505398 2.42591453 7.05737257
v 3.64512134 2.35219741 7.02421045
v 3.58776832 2.91458726 7.45085192
v 3.70584798 2.82872915 7.42978001
v 3.94375062 2.67681384 7.36912727
v 3.82491350 2.74980664 7.40192270
v 3.99993801 2.15780449 6.90595436
v 4.11678076 2.09965754 6.86194420
v 4.23355675 2.04481792 6.81513023
v 4.35054827 1.99406302 6.76461458
v 4.06170416 2.60865736 7.33286715
v 4.17861795 2.54436707 7.29410601
v 4.29470634 2.48329020 7.25323439
v 4.41038465 2.42523003 7.21008778
v 4.12474108 3.07365441 7.74653673
v 4.24232721 3.00133872 7.71416569
v 4.35896635 2.93361425 7.67859221
v 4.58474684 1.91004264 6.64830160
v 4.46774340 1.94862533 6.70934153
v 4.70076132 1.87995720 6.58071995
v 4.81464291 1.85989118 6.50620365
v 4.64203882 2.32001233 7.11413717
v 4.75821590 2.27499032 7.05932665
v 4.52607727 2.37051988 7.16403627
v 4.81858635 2.69606876 7.51308393
v 4.87416553 2.23700833 6.99861765
v 4.98905134 2.20768809 6.93128538
v 5.10170555 2.18849492 6.85700464
v 5.21076298 2.18052793 6.77592802
v 4.93352985 2.64583087 7.46377325
v 5.04869604 2.60124922 7.40939713
v 5.16359663 2.56388855 7.34899807
v 5.27735615 2.53534412 7.28190327
v 4.47457981 2.86956263 7.64067364
v 4.58943272 2.80860591 7.60069513
v 4.70396233 2.75063515 7.55839777
v 4.99750090 3.07579565 7.90695000
v 5.11107731 3.02138591 7.86234617
v 5.22502089 2.97143769 7.81359196
v 3.55836034 5.32093143 4.52980947
v 3.65214682 5.35416651 4.42545938
v 3.56621385 5.40968609 5.31298304
v 3.86078548 5.60909653 4.90315151
v 3.95302176 5.64252186 4.79988718
v 3.69906020 5.52027941 5.11030769
v 3.62920427 5.46719170 5.21250629
v 3.77616715 5.56794882 5.00694227
v 4.15973520 5.68110847 4.59983492
v 4.05278444 5.66695452 4.69832039
v 4.27324247 5.68376923 4.50598860
v 4.39235640 5.67389345 4.41845036
v 4.16308546 5.89753628 5.27635670
v 4.07978296 5.85667753 5.37883663
v 4.25382662 5.93105555 5.17421722
v 4.35196972 5.95597458 5.07353687
v 3.59898114 5.32096910 6.22936201
v 3.63666797 5.38627243 6.14255714
v 3.52519774 5.19076633 6.40133905
v 3.56213522 5.25580931 6.31536388
v 3.71865296 5.51621914 5.96418619
v 3.93474102 5.75754404 5.58144903
v 3.87228966 5.70130825 5.68039465
v 3.76492715 5.57988071 5.87187433
v 3.81589341 5.64182091 5.77726460
v 3.67621827 5.45149612 6.05431890
v 4.00376749 5.80965614 5.48076296
v 4.23987341 6.04852533 5.95017481
v 4.38315153 6.14588499 5.75051737
v 4.30815077 6.09959126 5.85099649
v 4.02369404 5.81378031 6.32730198
v 3.98041916 5.75108099 6.41636372
v 4.17787886 5.99361563 6.04760599
v 4.12162781 5.93569565 6.14300537
v 4.07048035 5.87552166 6.23623514
v 4.56906796 5.97490597 4.88208675
v 4.68657923 5.96659088 4.79449272
v 4.80856562 5.94523382 4.71455431
v 4.45723772 5.97100449 4.97565174
v 4.93352985 5.91037798 4.64387512
v 5.05975103 5.86201811 4.58384609
v 5.18539238 5.80064964 4.53552198
v 5.30863380 5.72726488 4.49951315
v 5.22502089 6.20670462 5.01898575
v 4.46520805 6.18636703 5.64936781
v 3.66434741 3.42830944 7.81151104
v 3.56095791 3.53574657 7.80209446
v 3.77468109 3.32841897 7.80880785
v 3.88953018 3.23630333 7.79574728
v 3.86309171 3.85312176 8.15043926
v 3.52187634 4.45208740 7.90825844
v 3.56067872 4.32931948 7.98300886
v 3.61537886 4.20587444 8.04552269
v 3.68513274 4.08400393 8.09453487
v 3.76839852 3.96582437 8.12946129
v 3.85780573 4.64214134 8.33932590
v 3.91426492 4.51949024 8.39973450
v 4.00677109 3.15163541 7.77432442
v 3.96679354 3.74719930 8.15829563
v 4.07698584 3.64878464 8.15443230
v 4.30764151 3.47448206 8.11896229
v 4.19128466 3.55801225 8.14065552
v 4.16533136 4.17054844 8.49865532
v 3.98552275 4.39869308 8.44660664
v 4.06993008 4.28181076 8.47949219
v 4.26927900 4.06611347 8.50502777
v 4.37926817 3.96913362 8.50008869
v 3.78365159 5.43469954 6.84835243
v 3.74278116 5.36999130 6.93721056
v 3.54321265 4.99191475 7.42474985
v 3.61687207 5.15882921 7.22116137
v 3.65847206 5.23326349 7.12331295
v 3.70083857 5.30323267 7.02870417
v 3.57774282 5.07871771 7.32191992
v 3.90059543 5.62468958 6.58992100
v 3.86208367 5.56151485 6.67555189
v 3.93971610 5.68793106 6.50374079
v 3.82331657 5.49831247 6.76141262
v 3.94897747 5.54589987 7.48513079
v 4.37532425 6.17199755 6.60044765
v 4.32795620 6.11218214 6.69032001
v 4.24188042 5.99039507 6.86494207
v 4.20129728 5.92917299 6.95055676
v 4.28378153 6.05149746 6.77836704
v 4.12052917 5.80649328 7.12166882
v 4.07899809 5.74443102 7.20877457
v 3.99272013 5.61521673 7.38997507
v 4.03631306 5.68100262 7.29799032
v 4.16111088 5.86792564 7.03587341
v 3.51568484 4.89775372 7.52828741
v 3.86670041 5.39176655 7.68462944
v 3.80507064 5.21040821 7.89099216
v 3.78798532 5.10841370 7.99287462
v 3.83212709 5.30482769 7.78761148
v 3.81712270 4.76441669 8.26651669
v 3.78314519 4.99930716 8.09102345
v 3.79242682 4.88412380 8.18303299
v 3.90637612 5.47180748 7.58349085
v 4.07492971 5.31146383 8.45222378
v 4.08595705 5.19624472 8.54285526
v 4.07830667 5.42078781 8.35506630
v 4.19535351 5.78499603 7.94606352
v 4.28384256 5.92759275 7.75151968
v 4.32899714 5.99250174 7.65903282
v 4.37343025 6.05474424 7.56943130
v 4.23883247 5.85883331 7.84721613
v 4.12077999 5.61781406 8.15062046
v 4.09432220 5.52309227 8.25377941
v 4.15526295 5.70495033 8.04754066
v 4.40911436 5.93089056 8.51380825
v 4.65613651 3.25836706 8.02456856
v 4.77046204 3.19452620 7.98750639
v 4.42448807 3.39738870 8.09131432
v 4.54080963 3.32570004 8.05942154
v 4.49296570 3.87965345 8.48568058
v 4.60840178 3.79720426 8.46379662
v 4.72410488 3.72094083 8.43635368
v 4.83915806 3.64982748 8.40498734
v 4.88409853 3.13367653 7.94841623
v 4.95318174 3.58284330 8.37088394
v 5.06623888 3.51918435 8.33468723
v 5.17868567 3.45842719 8.29647732
v 5.29098940 3.40063596 8.25582027
v 4.41678619 6.11534309 7.48211813
v 4.45916510 6.17508221 7.39633608
v 4.52798891 6.17208576 8.20958900
v 4.44337845 6.01828671 8.41068077
v 4.48375416 6.09841442 8.30890274
v 5.50788784 2.05695248 4.91068411
v 5.70696020 2.32036614 4.52259016
v 5.66075230 2.24891591 4.62157679
v 5.55979252 2.11857128 4.81559515
v 5.61113596 2.18210411 4.71930599
v 5.40387011 1.93524098 5.09971189
v 5.35089779 1.87419891 5.19516325
v 5.45595598 1.99609244 5.00513935
v 5.73695087 2.31783843 5.36675835
v 5.74774599 2.39760017 4.42298079
v 6.03347254 2.71275854 4.78647375
v 5.99256659 2.63593745 4.88582373
v 6.08973455 2.88674426 4.59080839
v 6.10165119 2.98374653 4.49740744
v 6.06650257 2.79629946 4.68767166
v 5.84312344 2.43700957 5.17818737
v 5.89549065 2.49928427 5.08215857
v 5.94589043 2.56514549 4.98461914
v 5.79005718 2.37693286 5.27288103
v 6.18025827 2.81617594 5.44492817
v 5.38271332 1.97624481 5.94752979
v 5.51568031 2.08278966 5.74825430
v 5.45223284 2.02733731 5.84732628
v 5.63000107 2.19975448 5.55501747
v 5.57443333 2.14074945 5.65080309
v 5.68380404 2.25888395 5.46054792
v 5.58656883 2.26271296 6.40183687
v 5.66230679 2.30692410 6.30256271
v 5.73125458 2.35710359 6.20360899
v 5.90958881 2.52478671 5.91493225
v 5.96425724 2.58201194 5.82140970
v 6.07274199 2.69648218 5.63503456
v 6.01847601 2.63910127 5.72836685
v 6.12692881 2.75508380 5.54071140
v 5.85345793 2.46760154 6.00960064
v 5.79450798 2.41125488 6.10581732
v 6.07376480 2.73916841 6.46351099
v 6.18972683 2.84922552 6.27491665
v 6.13297939 2.79386902 6.36850214
v 6.31935740 3.02783513 5.14990997
v 6.23136187 2.88116241 5.34757614
v 6.27841902 2.95136690 5.24898100
v 6.41126394 3.07275200 5.90315819
v 6.24529314 2.90456247 6.18230057
v 6.30059147 2.95982647 6.08996391
v 6.35599947 3.01555252 5.99713993
v 5.41267300 2.19990230 6.59634542
v 5.31482983 2.18435287 6.68869066
v 5.50339508 2.22645712 6.50023699
v 5.69572878 2.53061819 6.94855404
v 5.38878965 2.51701951 7.20785713
v 5.49653816 2.50992346 7.12708426
v 5.59924173 2.51451540 7.04028368
v 5.94217587 2.63717508 6.65774298
v 5.78518295 2.55741453 6.85326004
v 5.86726570 2.59352803 6.75586271
v 6.01062918 2.68637228 6.56003666
v 5.78237963 2.83911681 7.47836113
v 5.88374996 2.84443164 7.39201117
v 5.97892380 2.86102819 7.30091476
v 6.06716490 2.88799548 7.20645094
v 6.14822388 2.92389083 7.11006784
v 5.33919001 2.92731738 7.75962114
v 5.45305204 2.89059496 7.69950867
v 5.56569576 2.86283302 7.63263798
v 5.67592144 2.84536791 7.55882359
v 6.29042196 3.01505208 6.91663599
v 6.35351562 3.06644630 6.82135439
v 6.22238255 2.96690035 7.01310492
v 5.74957514 5.34653711 4.47274971
v 5.42781734 5.64330196 4.47591448
v 5.47502279 6.10104942 4.90861511
v 5.54158545 5.55053854 4.46428490
v 5.64899302 5.45094967 4.46368122
v 5.59769773 6.02960157 4.87138939
v 5.71652651 5.94739389 4.84656096
v 5.35018921 6.16038227 4.95804596
v 5.84335709 5.23916054 4.48986244
v 5.93080664 5.13038397 4.51329184
v 6.01272154 5.02136612 4.54139376
v 6.09007549 4.91280031 4.57278395
v 6.16383457 4.80492353 4.60647821
v 5.93740654 5.75777578 4.83220482
v 5.83010054 5.85613966 4.83378458
v 6.03790236 5.65429783 4.84053516
v 6.13154030 5.54758596 4.85719013
v 6.11858416 6.16167116 5.20336914
v 6.38591337 3.29839635 4.86252117
v 6.38474369 3.40093756 4.77488995
v 6.26297283 3.84137726 4.49265242
v 6.30888891 3.72943974 4.55231094
v 6.34543133 3.61787009 4.61921167
v 6.37107992 3.50790000 4.69351625
v 6.37475014 3.20151353 4.95521116
v 6.35208893 3.11118388 5.05151463
v 6.63781548 3.42600441 5.41529942
v 6.65374422 3.82205081 5.06034994
v 6.20942593 3.95276284 4.43962574
v 6.30330038 4.59036493 4.67932844
v 6.43239260 4.37422609 4.76191139
v 6.36936760 4.48273563 4.71901321
v 6.54459715 4.15387630 4.86175156
v 6.49129534 4.26458073 4.80911493
v 6.59057713 4.04258633 4.92079878
v 6.62748194 3.93157959 4.98692083
v 6.66819096 3.71539354 5.14082813
v 6.65984249 3.51625204 5.31957865
v 6.67020845 3.61303473 5.22761774
v 6.77335644 4.57640553 5.17844391
v 6.82638264 4.46636963 5.23072481
v 6.87239552 4.35572004 5.28919268
v 6.93649626 4.13618183 5.42712927
v 6.90963650 4.24527216 5.35456085
v 6.51722240 3.19693232 5.71043348
v 6.56457472 3.26662230 5.61204433
v 6.60545969 3.34279966 5.51326752
v 6.46549225 3.13274097 5.80760336
v 6.58335590 3.27996063 6.45154810
v 6.63988543 3.33409739 6.35919237
v 6.94508219 3.83093190 5.68387794
v 6.89183998 3.65762067 5.87652445
v 6.92374706 3.74073100 5.77900028
v 6.75124788 3.44894099 6.17017317
v 6.69618464 3.38997197 6.26552057
v 6.80352640 3.51241946 6.07317638
v 6.85109043 3.58167028 5.97499609
v 7.09033108 3.82758784 6.43579149
v 6.95172596 4.02982473 5.50671673
v 6.95461130 3.92763638 5.59265947
v 6.23477077 4.69758463 4.64198446
v 6.30020666 5.33052158 4.90865421
v 6.37695026 5.22216082 4.94035912
v 6.51998138 5.00739336 5.01051474
v 6.65274525 4.79335165 5.08832407
v 6.58757448 4.90052032 5.04831505
v 6.44993544 5.11448145 4.97450686
v 6.21872282 5.43925285 4.88045168
v 6.22580242 6.06457186 5.20076847
v 6.32623768 5.96206903 5.20830488
v 6.41976690 5.85606146 5.22443962
v 6.50672722 5.74820280 5.24747086
v 6.58782864 5.63978052 5.27571440
v 6.71500492 4.68540955 5.13134956
v 6.73626709 5.42415142 5.34225321
v 6.87213659 5.21075678 5.41699886
v 6.80545759 5.31730223 5.37874413
v 6.66401052 5.53163528 5.30768633
v 6.99790716 4.99662542 5.50052595
v 7.05568933 4.88824129 5.54754448
v 6.93641901 5.10402536 5.45734644
v 6.70807791 6.16463280 5.59153748
v 6.87563515 5.94917917 5.64250469
v 6.79486370 6.05727625 5.61427641
v 7.02288532 5.73396111 5.70964670
v 7.09126091 5.62733459 5.74660301
v 6.95130920 5.84125519 5.67469501
v 5.40354490 3.34639335 8.21189499
v 5.51651144 3.29675150 8.16366386
v 5.62970400 3.25311089 8.11006641
v 5.74254370 3.21703959 8.05021572
v 5.85408878 3.19006205 7.98355389
v 5.96312666 3.17344451 7.90996552
v 6.16839552 3.17400026 7.74392891
v 6.06832170 3.16800880 7.82981730
v 5.80800247 3.62169242 8.51405716
v 5.92024326 3.57854581 8.46080112
v 6.03208494 3.54313445 8.40118599
v 6.14255428 3.51693964 8.33471489
v 6.41306305 3.11947536 6.72752142
v 6.52697229 3.22647500 6.54322386
v 6.47047806 3.17300224 6.63497782
v 6.42950201 3.25370240 7.46449137
v 6.63382530 3.39300632 7.17936802
v 6.50298882 3.29600549 7.36868095
v 6.57069492 3.34305406 7.27343321
v 6.75190401 3.49605060 6.99512434
v 6.86682701 3.59945107 6.81311846
v 6.80935478 3.54769063 6.90418196
v 6.92445660 3.65206933 6.72118711
v 6.98174524 3.70670176 6.62779045
v 7.03757954 3.76473761 6.53262711
v 6.69377184 3.44434619 7.08667231
v 7.09249926 3.86815095 7.26517773
v 6.97516727 3.76840901 7.44596672
v 7.03406572 3.81830525 7.35536289
v 6.26230478 3.19102979 7.65347815
v 6.34939432 3.21809840 7.55985546
v 6.54591751 3.52052212 8.00629425
v 6.63192272 3.54762292 7.91351891
v 6.25043058 3.50115323 8.26134491
v 6.35439682 3.49650049 8.18151188
v 6.45321798 3.50312042 8.09609127
v 6.64063740 3.82449436 8.53350353
v 6.85151005 3.67029166 7.63045359
v 6.78405285 3.62439799 7.72450256
v 6.71115589 3.58286572 7.81917238
v 6.91475487 3.71876884 7.53757000
v 6.73825550 3.83169317 8.44855309
v 6.82980728 3.84940600 8.35941315
v 6.91480017 3.87647176 8.26748371
v 6.99323988 3.91128588 8.17414761
v 7.06563377 3.95198774 8.08060074
v 4.37154341 4.59782791 8.82942963
v 4.15511942 4.95498419 8.69547272
v 4.11254549 5.07675266 8.62462807
v 4.21332264 4.83313942 8.75377941
v 4.28604698 4.71341991 8.79853725
v 4.40806055 5.38909197 8.98266125
v 4.36671066 5.62362099 8.81342602
v 4.36853790 5.73317671 8.71731853
v 4.37954569 5.50836372 8.90263271
v 4.38337708 5.83582020 8.61668777
v 4.46759272 4.48798609 8.84684372
v 4.57172585 4.38500357 8.85181236
v 4.79450941 4.20116711 8.83092690
v 4.68145704 4.28941154 8.84588242
v 4.90899658 4.11973715 8.80892754
v 5.02354288 4.04424381 8.78175259
v 5.13733196 3.97365117 8.75095558
v 5.25007010 3.90697217 8.71762562
v 4.98347998 4.60956383 9.19191837
v 5.09585190 4.52249336 9.17649746
v 5.20936918 4.44201851 9.15445518
v 4.45253277 5.26783848 9.05153084
v 4.58661699 5.02815962 9.15042114
v 4.51246214 5.14680433 9.10774422
v 4.67315197 4.91384363 9.17937279
v 4.76979256 4.80539322 9.19510746
v 4.67216873 6.14860678 8.97975731
v 4.67310953 5.82048368 9.26242924
v 4.70358086 5.70143175 9.34068966
v 4.74995565 5.58069372 9.40758038
v 4.81159306 5.46046782 9.46171761
v 4.65841150 5.93578625 9.17468643
v 4.65860796 6.04559183 9.07967854
v 4.87405491 4.70382214 9.19875336
v 4.88714170 5.34288692 9.50235081
v 4.97466803 5.22982407 9.52942085
v 5.07184744 5.12273026 9.54354954
v 5.17618942 5.02252150 9.54595470
v 5.28526688 4.92953777 9.53829861
v 4.96656370 6.13260698 9.62231159
v 4.99901772 6.01376820 9.69878864
v 5.04729700 5.89353991 9.76370239
v 5.11062336 5.77411175 9.81578922
v 5.18753052 5.65757561 9.85442352
v 5.27600336 5.54573631 9.87967396
v 5.36188650 3.84346461 8.68229961
v 5.47317553 3.78278422 8.64495659
v 5.58441544 3.72508073 8.60508156
v 5.69598293 3.67101336 8.56180191
v 5.54676962 4.23068380 9.06488037
v 5.65737963 4.16729593 9.03042412
v 5.32275629 4.36723137 9.12760544
v 5.43529224 4.29710293 9.09741879
v 5.73300028 4.62011576 9.44446278
v 5.76755095 4.10667562 8.99393082
v 5.87776709 4.04905510 8.95481014
v 5.98838568 3.99516916 8.91213799
v 6.09949350 3.94618058 8.86484241
v 5.84324980 4.55390930 9.41273212
v 5.95269394 4.49060822 9.37914085
v 6.17103291 4.37248564 9.30507660
v 6.06179380 4.43002844 9.34347630
v 5.39692974 4.84357500 9.52249241
v 5.50946569 4.76398516 9.50047779
v 5.62169695 4.68983889 9.47400665
v 5.47805214 5.34105444 9.89351845
v 5.58674812 5.24928045 9.88512516
v 5.69768190 5.16435385 9.86901188
v 5.37367439 5.43995571 9.89227200
v 5.34446383 6.20636606 10.11998272
v 5.40946102 6.08771801 10.17004871
v 5.48769379 5.97220087 10.20673370
v 5.67519188 5.75703001 10.24137402
v 5.57707167 5.86154699 10.23023033
v 5.92032051 5.01200199 9.82104683
v 5.80923223 5.08557701 9.84708977
v 6.03041887 4.94262362 9.79217815
v 6.13947964 4.87658167 9.76126385
v 6.10861588 5.40673399 10.19438648
v 5.77956772 5.65937471 10.24154568
v 5.88785505 5.56874037 10.23249722
v 5.87778568 6.17722416 10.58118725
v 5.97631788 6.07391405 10.59095669
v 5.99804735 5.48477411 10.21615314
v 6.08066130 5.97743702 10.59013557
v 6.18852091 5.88786602 10.58051491
v 6.32168674 3.86879253 8.75248337
v 6.43111086 3.84337449 8.68618488
v 6.53785992 3.82839942 8.61302376
v 6.21081448 3.90353894 8.81189156
v 6.39098406 4.27013636 9.21608734
v 6.28074694 4.31878471 9.26297474
v 6.50142336 4.22800684 9.16340542
v 6.61136246 4.19392681 9.10417461
v 6.71977711 4.16927624 9.03802681
v 6.82543850 4.15508938 8.96506214
v 7.02354717 4.15962076 8.80136681
v 6.92707491 4.15189409 8.88584900
v 6.68247509 4.59348059 9.56786060
v 6.79207563 4.55186749 9.51540852
v 6.90112352 4.51845121 9.45632267
v 7.00857210 4.49455500 9.39030361
v 6.57306194 4.64178419 9.61438179
v 6.24780655 4.81333208 9.72852802
v 6.35588646 4.75277328 9.69366932
v 6.46420145 4.69529963 9.65595436
v 6.43542910 5.19863367 10.11055660
v 6.54269361 5.13539982 10.07866478
v 6.64981174 5.07483864 10.04458332
v 6.21858215 5.33365822 10.16881752
v 6.32751036 5.26456213 10.14064789
v 6.29796648 5.80478048 10.56401157
v 6.40756559 5.72739744 10.54245949
v 6.51643753 5.65474701 10.51740551
v 6.62423849 5.58586836 10.48995781
v 6.75726080 5.01742458 10.00751591
v 6.86532354 4.96409273 9.96642780
v 6.97396612 4.91613579 9.92022896
v 7.08277798 4.87503910 9.86796761
v 7.05020046 5.33878803 10.35983086
v 6.94355297 5.39615679 10.39629173
v 6.73106909 5.52000093 10.46069050
v 6.83733225 5.45674419 10.42962646
v 6.48867893 6.20660830 10.92927265
v 6.59738159 6.12431908 10.91268063
v 6.81384420 5.97520781 10.86689758
v 6.70603037 6.04751015 10.89139938
v 6.92056751 5.90647936 10.84018993
v 7.02637100 5.84061909 10.81174564
v 4.65108824 6.24519491 5.44863415
v 4.75471163 6.26100540 5.35140085
v 4.98081064 6.25922537 5.17058182
v 4.86489010 6.26605844 5.25817347
v 5.10133505 6.23961973 5.09031057
v 4.55451488 6.21988535 5.54838562
v 4.85504103 6.50912666 5.92232943
v 4.61215019 6.39018822 6.22096729
v 4.48291826 6.28669882 6.41459131
v 4.54453945 6.34023142 6.31865025
v 4.68621635 6.43567944 6.12193584
v 4.76710129 6.47570038 6.02212954
v 4.95010138 6.53473234 5.82354212
v 5.05212593 6.55122900 5.72700596
v 5.16068506 6.55734348 5.63416767
v 5.27503538 6.55191088 5.54663277
v 5.06871605 6.76564550 6.39458704
v 5.24897099 6.82470131 6.19819307
v 5.15536070 6.79889297 6.29598665
v 4.42672968 6.23038340 6.50855446
v 4.73113632 6.52596474 6.87389183
v 4.67939615 6.46938181 6.96449757
v 4.78734446 6.58064604 6.78132439
v 4.84867811 6.63275719 6.68684340
v 4.54310179 6.29371738 7.22616148
v 4.58624458 6.35280561 7.14032555
v 4.63137627 6.41149235 7.05323172
v 4.50103092 6.23446608 7.31127453
v 4.91570854 6.68154716 6.59063625
v 4.98892355 6.72616577 6.49304485
v 5.21876955 6.97376394 6.95996523
v 5.03478670 6.82251787 7.23899937
v 4.88775015 6.65506268 7.50223637
v 4.93389559 6.71177530 7.41603041
v 4.98263407 6.76774693 7.32837343
v 5.15223122 6.92619324 7.05472231
v 5.09109831 6.87554169 7.14778042
v 5.29122066 7.01744604 6.86379910
v 4.62078571 6.30451584 8.02035236
v 4.84332466 6.59794950 7.58740139
v 4.75619364 6.48302507 7.75694656
v 4.79974174 6.54061413 7.67207813
v 4.66689968 6.36567020 7.93033552
v 4.71203661 6.42489719 7.84277105
v 4.57415867 6.24038410 8.11335564
v 5.18824053 6.95832682 7.86409664
v 5.09737539 6.84766293 8.03297234
v 5.14249182 6.90314293 7.94866133
v 4.86361980 6.55361605 8.47550011
v 4.95935726 6.67724037 8.29149914
v 5.05214357 6.79179382 8.11771297
v 5.00623083 6.73519087 8.20363712
v 4.91163063 6.61707354 8.38196373
v 5.23545456 7.01309443 7.77870846
v 5.28498030 7.06716108 7.69206142
v 5.51651144 6.50296068 5.39415741
v 5.64061928 6.45864105 5.33234310
v 5.76463413 6.40132761 5.28182793
v 5.88673210 6.33182001 5.24339199
v 6.00520134 6.25138569 5.21732140
v 5.39410496 6.53398752 5.46608114
v 5.56923723 6.84475994 5.92256117
v 5.68686914 6.82844639 5.84177876
v 5.34944868 6.84179068 6.10239267
v 5.45642900 6.84887552 6.00998974
v 5.64665031 7.13280296 6.47748852
v 5.75209856 7.14076757 6.38556099
v 5.93104839 6.75689173 5.70664835
v 5.80800247 6.79924917 5.76930094
v 6.05424070 6.70157528 5.65507174
v 6.17575836 6.63400221 5.61543274
v 5.97961855 7.12310362 6.21731615
v 5.86339998 7.13788319 6.29828405
v 6.09949350 7.09567404 6.14432669
v 6.29386759 6.55535221 5.58811092
v 6.40706730 6.46720076 5.57295609
v 6.51421499 6.37139702 5.56929302
v 6.61461878 6.26990414 5.57598305
v 6.58255148 6.85936975 5.95884275
v 6.46479607 6.93623209 5.98742294
v 6.22148466 7.05523157 6.08087063
v 6.34385633 7.00188255 6.02825594
v 6.51193476 7.35375786 6.45492029
v 6.63349628 7.30234051 6.40129089
v 6.69558048 6.77279711 5.94246197
v 6.80267954 6.67831230 5.93769836
v 6.90308380 6.57785749 5.94349098
v 6.99651623 6.47334862 5.95840883
v 7.08317804 6.36651421 5.98079634
v 7.09123135 6.98538017 6.30590105
v 6.75386572 7.23859358 6.35927343
v 6.87127876 7.16351461 6.32942867
v 6.98415470 7.07852888 6.31180096
v 5.45543051 7.08929253 6.66929770
v 5.37000418 7.05630875 6.76668835
v 5.54766035 7.11521387 6.57252026
v 5.39412165 7.17146730 7.51393652
v 5.52127981 7.26693249 7.32891703
v 5.45514250 7.22062683 7.42225742
v 5.59305668 7.30961752 7.23415518
v 5.67091846 7.34779263 7.13838148
v 5.75520945 7.38043213 7.04220438
v 5.84613323 7.40637875 6.94645882
v 5.94370031 7.42437649 6.85222101
v 6.15750980 7.43138933 6.67371893
v 6.04767179 7.43312931 6.76080418
v 5.97141361 7.64019728 7.50961781
v 6.05465603 7.67241478 7.41465092
v 6.14435387 7.69830179 7.31994534
v 5.33762264 7.12011862 7.60385942
v 5.63958645 7.41884089 7.96845436
v 5.69635773 7.46850252 7.87976885
v 5.75735712 7.51614332 7.78941870
v 5.48765898 7.26265287 8.22590351
v 5.39387846 7.15565729 8.39396191
v 5.34696293 7.10142899 8.47864342
v 5.44054890 7.20934772 8.30994320
v 5.58637667 7.36769295 8.05555058
v 5.53599691 7.31551123 8.14125824
v 5.82318592 7.56114292 7.69745541
v 5.89438200 7.60277700 7.60406971
v 5.83546591 7.61908627 8.50367355
v 5.88676739 7.66940784 8.41882896
v 5.94062233 7.71875572 8.33276749
v 5.99775267 7.76672411 8.24525452
v 6.19514990 7.89701557 7.97350216
v 6.05882215 7.81282520 8.15617847
v 6.12443781 7.85648251 8.06554604
v 6.27234602 7.41806555 6.59260845
v 6.39098406 7.39233685 6.51914692
v 6.56504440 7.71343708 6.96757030
v 6.24057007 7.71661806 7.22652197
v 6.34312582 7.72606850 7.13564396
v 6.45155048 7.72538567 7.04878569
v 6.68247509 7.68933916 6.89367437
v 6.80240679 7.65256691 6.82870865
v 7.04298925 7.54117060 6.73089457
v 6.92317390 7.60304022 6.77408695
v 6.63843918 8.01969147 7.51000738
v 6.74550772 8.01997662 7.42340612
v 6.85770607 8.00932026 7.34211969
v 7.09290743 7.95175409 7.20214701
v 6.97396612 7.98678017 7.26782227
v 6.27144623 7.93361855 7.88034916
v 6.35373116 7.96534109 7.78658199
v 6.53723097 8.00963306 7.60032320
v 6.44228888 7.99108601 7.69291878
v 6.35948563 8.11075306 8.52250767
v 6.42498589 8.15303612 8.43315506
v 6.65239668 8.25930786 8.15794468
v 6.57097292 8.22815037 8.25052834
v 6.49531317 8.19242382 8.34241199
v 6.83365631 8.30352306 7.97355890
v 6.93359089 8.31409931 7.88382244
v 7.03936768 8.31526566 7.79750347
v 6.73990440 8.28483105 8.06531906
v 6.95061493 8.55440998 8.52868748
v 7.03716850 8.57963467 8.43708897
v 4.73098993 6.33179474 8.77407932
v 4.77152586 6.41208363 8.67203236
v 4.81639767 6.48568010 8.57226944
v 4.69706964 6.24407434 8.87720966
v 5.05861187 6.72602701 9.03547859
v 5.25075245 6.98948717 8.65293503
v 5.20148039 6.93020344 8.74388409
v 5.10400391 6.79964113 8.93528080
v 5.15217447 6.86731625 8.83797264
v 4.98458099 6.55738306 9.24086094
v 4.94844055 6.35804510 9.44219589
v 4.94995022 6.24796724 9.53606319
v 4.96062756 6.46146727 9.34303188
v 5.01803732 6.64549494 9.13776684
v 5.30445623 6.95940971 9.50177574
v 5.29931641 7.04626036 8.56472683
v 5.29428005 6.32609797 10.05703449
v 5.24124336 6.56017208 9.89761829
v 5.25981951 6.44473648 9.98234844
v 5.24867916 6.77441883 9.70655537
v 5.23795700 6.67054939 9.80492496
v 5.27157879 6.87083721 9.60480118
v 5.59124041 7.35814238 8.92605114
v 5.54103136 7.30244398 9.01465797
v 5.73744011 7.51661444 8.67124844
v 5.68919611 7.46464300 8.75505161
v 5.64059782 7.41197157 8.83974552
v 5.39075089 7.11399555 9.29864597
v 5.43976688 7.18151236 9.20079231
v 5.49028111 7.24393654 9.10612869
v 5.34495163 7.04026794 9.39927006
v 5.72633934 7.49623394 9.56397915
v 5.78595018 7.56809664 8.58765411
v 5.93299389 7.72346401 9.20102596
v 5.88194799 7.67087603 9.28762150
v 5.77797747 7.55830526 9.46871471
v 5.83013868 7.61614656 9.37668228
v 5.52707481 6.98311806 10.16792011
v 5.53220463 6.87240982 10.25941277
v 5.64136362 6.51916218 10.47650528
v 5.70801258 6.40126944 10.52458572
v 5.55278730 6.75687504 10.34260941
v 5.58927488 6.63841724 10.41550446
v 5.63048124 7.35483170 9.76343536
v 5.55799007 7.18445635 9.96907139
v 5.53624582 7.08747768 10.07037830
v 5.59017801 7.27356148 9.86614227
v 5.67657804 7.42877007 9.66238976
v 5.78753996 6.28673697 10.55937672
v 5.96142054 7.74399424 10.02653790
v 5.82274389 7.18468857 10.62151051
v 5.81570864 7.29576492 10.53123760
v 5.84373951 7.49826241 10.33371353
v 5.91513252 7.66974640 10.12800598
v 5.87513161 7.58797550 10.23090172
v 5.82324696 7.40066290 10.43454742
v 6.18609667 7.97237158 8.78188515
v 6.03311062 7.82499313 9.03257847
v 6.08305883 7.87471294 8.94934559
v 6.13380575 7.92387962 8.86594677
v 5.98327351 7.77466631 9.11624527
v 6.06450939 7.87334394 9.83166218
v 6.11801767 7.93063164 9.73902130
v 6.17138290 7.98450089 9.64944839
v 6.01183081 7.81151390 9.92755795
v 6.15924072 7.90267706 10.59609318
v 6.19883490 7.98503923 10.49301529
v 6.29825211 8.06620789 8.61037254
v 6.24067593 8.01993370 8.69678116
v 6.53969288 8.32244301 9.06048107
v 6.59780407 8.36702824 8.97510052
v 6.22409391 8.03594875 9.56249428
v 6.27605438 8.08577251 9.47754860
v 6.32750416 8.13453484 9.39393234
v 6.43096113 8.22995186 9.22807026
v 6.37892818 8.18255806 9.31097507
v 6.48431015 8.27664852 9.14470673
v 6.72478199 8.45088863 8.80025005
v 6.86995268 8.52388477 8.62011147
v 6.79482698 8.48908806 8.71076012
v 6.65929699 8.41000462 8.88838100
v 6.72687769 8.53736115 9.59003925
v 6.83762121 8.62635326 9.42384911
v 6.78135347 8.58230114 9.50728321
v 6.95820761 8.71065712 9.25377083
v 7.02377939 8.75011826 9.16679859
v 7.09364748 8.78709316 9.07850838
v 6.89635754 8.66925621 9.33941746
v 6.40460730 8.24593735 10.10169125
v 6.56748152 8.39801216 9.83896637
v 6.62056446 8.44529057 9.75531387
v 6.51384068 8.34947109 9.92415810
v 6.45948553 8.29905796 10.01154423
v 6.29617596 8.12738419 10.29154968
v 6.24521112 8.05970001 10.39111996
v 6.34981441 8.18908882 10.19498825
v 6.63382769 8.50557613 10.55871582
v 6.67350292 8.49168587 9.67254066
v 6.96672678 8.80215359 10.03403950
v 7.02149868 8.84616756 9.95184422
v 7.07717228 8.88939476 9.86960220
v 6.85749626 8.71143150 10.20050240
v 6.80217361 8.66407585 10.28602695
v 6.68984365 8.56210423 10.46470833
v 6.74619436 8.61459064 10.37392139
v 6.91223335 8.75731468 10.11672211
v 5.88390875 6.95072317 10.77427769
v 5.93790150 6.83191776 10.83335400
v 6.08697987 6.60115910 10.91244507
v 6.17806053 6.49273491 10.93264198
v 6.00618553 6.71474743 10.87949181
v 5.84537458 7.06902599 10.70316792
v 6.17808723 7.26301146 11.13343334
v 6.10959816 7.71399307 10.79911613
v 6.11277056 7.49701786 10.98397923
v 6.13748789 7.38119173 11.06409454
v 6.10377026 7.60850430 10.89493752
v 6.12874651 7.81227827 10.69877434
v 6.27697325 6.39056826 10.94111633
v 6.38125992 6.29519653 10.93938732
v 6.38592386 6.91544104 11.26603508
v 6.47781181 6.80804729 11.28469086
v 6.57707882 6.70695448 11.29195213
v 6.23398352 7.14462185 11.19061470
v 6.30388737 7.02813435 11.23485661
v 6.42903280 7.69337559 11.42546368
v 6.60102654 7.34141254 11.59076881
v 6.52951574 7.45726347 11.54837322
v 6.47171497 7.57527876 11.49305058
v 6.78826571 6.52491760 11.27886486
v 6.68129110 6.61260891 11.28939629
v 6.89623594 6.44333696 11.26225281
v 7.00396156 6.36701632 11.24129295
v 6.98068523 6.92963076 11.64025593
v 7.08721685 6.84274673 11.62938499
v 6.68428421 7.22955942 11.62023735
v 6.77695560 7.12312984 11.63742828
v 6.87655735 7.02303505 11.64355659
v 6.98197412 7.54348898 11.97514248
v 6.89751196 7.65456438 11.94731808
v 7.07541037 7.43795156 11.99094582
v 6.41292810 8.12652683 11.06429863
v 6.48151207 8.30074120 10.85849857
v 6.52787828 8.37591839 10.75616455
v 6.57930660 8.44388199 10.65598011
v 6.44242716 8.21769333 10.96175766
v 6.39116955 7.92135000 11.25907898
v 6.40219212 7.80940628 11.34688568
v 6.39521313 8.02748680 11.16413689
v 6.72460842 8.53305244 11.32793713
v 6.68000221 8.34116459 11.52966595
v 6.67781496 8.23431778 11.62372303
v 6.69619942 8.44103241 11.43033600
v 6.80934668 8.69268513 11.12170315
v 6.86115074 8.76104164 11.02087498
v 6.97366095 8.87917423 10.82808971
v 7.03144550 8.93114376 10.73659325
v 6.91647959 8.82284737 10.92286301
v 7.08903027 8.97981262 10.64810944
v 6.76308680 8.61688328 11.22449017
v 7.04347610 8.93349838 11.59103012
v 7.08953810 9.01003551 11.48776627
v 6.76469660 7.88752174 11.85321045
v 6.69091368 8.12186337 11.71029568
v 6.71991444 8.00558090 11.78735065
v 6.82440376 7.76983261 11.90671444
v 6.97884130 8.43439770 12.07428074
v 7.01003695 8.31781006 12.14982891
v 7.05693817 8.19973564 12.21399212
v 6.96387434 8.65504646 11.89575672
v 6.97847080 8.75582027 11.79693604
v 7.00569916 8.84878349 11.69467449
v 6.96361303 8.54742241 11.98893261
v 7.23919773 4.24217558 5.95760679
v 7.21941948 4.45027494 5.79380369
v 7.19197893 4.55893469 5.72207546
v 7.23542976 4.34420824 5.87251043
v 7.20995140 4.05533314 6.14258862
v 7.23054028 4.14552450 6.04807615
v 7.13802528 3.89647675 6.33781815
v 7.17856216 3.97226572 6.23965836
v 7.51629162 4.46000004 6.41213894
v 7.52404642 4.55662537 6.32241964
v 7.51938391 4.65852118 6.23816347
v 7.15442848 4.66883278 5.65743160
v 7.10841322 4.77885580 5.59950733
v 7.22046089 5.41477013 5.82601118
v 7.28117609 5.30788279 5.86937094
v 7.33837366 5.20008993 5.91634989
v 7.39077139 5.09133148 5.96803474
v 7.43676186 4.98191595 6.02545404
v 7.50259829 4.76431084 6.16032124
v 7.47459555 4.87255287 6.08940744
v 7.15705347 5.52109289 5.78531027
v 7.23889923 6.15105343 6.04131556
v 7.30984831 6.04393864 6.07661819
v 7.50494194 5.72560024 6.19424725
v 7.37745333 5.93751478 6.11402082
v 7.44239187 5.83154774 6.15317917
v 7.75757265 5.18611240 6.45649862
v 7.67354202 5.40379381 6.33624077
v 7.71948099 5.29496145 6.39319801
v 7.56488752 5.61919022 6.23781538
v 7.62149048 5.51195574 6.28479242
v 7.26800108 4.02289867 6.98995972
v 7.32454395 4.08009148 6.89495277
v 7.42544127 4.21100712 6.70049143
v 7.37769413 4.14240122 6.79826260
v 7.49649715 4.36977911 6.50603628
v 7.46569014 4.28670120 6.60264540
v 7.20976782 3.96942210 7.08311939
v 7.15106153 3.91824627 7.17467356
v 7.55500793 4.33851957 7.35202026
v 7.49587584 4.28610897 7.44498444
v 7.75329065 4.60089302 6.96546173
v 7.61219788 4.39496279 7.25713921
v 7.66567516 4.45682096 7.16057539
v 7.71340036 4.52522469 7.06299686
v 7.31702185 4.13970232 7.71570158
v 7.19636583 4.04365587 7.89597893
v 7.13292742 3.99668050 7.98772144
v 7.25730944 4.09159327 7.80541801
v 7.37646294 4.18779898 7.62621498
v 7.43611622 4.23629427 7.53621244
v 7.27580833 4.23887062 8.52945423
v 7.54025793 4.41382885 8.16503811
v 7.47871685 4.36759138 8.25461292
v 7.41500568 4.32213736 8.34526062
v 7.34778833 4.27868605 8.43700695
v 7.66130352 4.50657749 7.98729515
v 7.72204733 4.55354404 7.89773369
v 7.84282303 4.65352154 7.71396399
v 7.78283644 4.60208273 7.80677795
v 7.60083055 4.46017885 8.07614708
v 7.80367184 4.97274017 6.60362816
v 7.80923796 4.87095833 6.68705750
v 7.78345633 4.68403578 6.86931372
v 7.80241203 4.77432823 6.77603149
v 7.78611803 5.07827139 6.52662897
v 8.00196743 4.83909225 7.42531395
v 7.95433521 4.77080822 7.52271414
v 7.72821903 6.14213991 6.52053547
v 7.90512085 5.82384062 6.65280342
v 7.95680857 5.71624041 6.70406008
v 8.00267315 5.60796070 6.76060057
v 7.84911919 5.93055630 6.60579014
v 7.78993559 6.03652906 6.56198502
v 7.90059996 4.70931005 7.61917496
v 7.82407045 4.73504782 8.52484035
v 7.88555002 4.77967310 8.43670750
v 7.94707775 4.82443047 8.34842205
v 8.08837891 5.28684044 6.96885777
v 8.07006550 5.39213610 6.89267349
v 8.07090282 4.99807072 7.23239088
v 8.04143333 4.91480541 7.32808256
v 8.09485340 5.18514681 7.05147839
v 8.08897877 5.08847857 7.13971758
v 8.37607193 5.40241861 7.50316048
v 8.04099751 5.49960041 6.82329130
v 8.18934631 6.13574839 7.02031469
v 8.32495880 5.81300116 7.18972635
v 8.35453033 5.70588589 7.25840139
v 8.37359047 5.60079861 7.33380270
v 8.38097668 5.49916220 7.41563892
v 8.28642464 5.92090464 7.12759876
v 8.24065685 6.02866888 7.07142639
v 8.18980980 5.02309227 7.98104715
v 8.33018875 5.22840166 7.69048214
v 8.35891056 5.31184816 7.59523630
v 8.24373722 5.08432388 7.88466215
v 8.29120827 5.15257215 7.78742218
v 8.07070637 4.91729641 8.16849422
v 8.00891209 4.86994362 8.25923729
v 8.13150406 4.96786022 8.07578182
v 8.35954380 5.23170090 8.53013039
v 8.42111111 5.28148937 8.43746662
v 8.53394508 5.39732599 8.24640274
v 8.47988987 5.33626556 8.34274387
v 8.66769218 5.81297541 7.77949572
v 8.64755821 5.62533331 7.95781898
v 8.66377354 5.71611595 7.86632252
v 8.63959885 6.01950121 7.62375784
v 8.65939522 5.91458893 7.69841433
v 8.60954475 6.12630177 7.55574465
v 8.58119297 5.46562481 8.14930058
v 8.61962986 5.54164457 8.05263424
v 8.87199116 5.77820873 8.51092625
v 8.95508766 6.12655687 8.14300537
v 8.95216656 6.02953768 8.22916508
v 8.90983105 5.85449505 8.41451168
v 8.93692398 5.93848991 8.32010555
v 7.19807673 4.20454884 8.62179375
v 7.11401844 4.17758369 8.71288204
v 7.39859486 4.50495911 9.06675053
v 7.48180151 4.53175926 8.97649097
v 7.11319304 4.48113012 9.31752014
v 7.21374130 4.47860479 9.23860550
v 7.30913115 4.48680687 9.15458584
v 7.63057137 4.60440683 8.79375076
v 7.69780159 4.64658213 8.70309639
v 7.55891371 4.56552792 8.88512802
v 7.50066805 4.80453205 9.59182835
v 7.76186657 4.69050026 8.61348915
v 7.98137188 4.96993542 9.06124973
v 7.76602125 4.85801125 9.33161736
v 7.59504414 4.81315613 9.50826073
v 7.68357944 4.83143759 9.42106342
v 7.84260798 4.89116955 9.24120522
v 7.91403818 4.92906523 9.15085983
v 7.19098234 4.84227991 9.80899429
v 7.29751348 4.81912184 9.74307728
v 7.40114689 4.80642939 9.67045689
v 7.15752745 5.28563499 10.31918240
v 7.26545668 5.23802328 10.27326012
v 7.37353516 5.19743919 10.22114754
v 7.48095036 5.16532755 10.16225147
v 7.55694771 5.55906630 10.62702084
v 7.58661938 5.14288759 10.09640884
v 7.68932533 5.13089609 10.02393150
v 7.96901417 5.15692663 9.77586746
v 7.78788614 5.12958288 9.94557381
v 7.88132381 5.13857555 9.86244488
v 7.66435337 5.51898813 10.57501411
v 7.77103996 5.48751020 10.51615810
v 7.87590837 5.46576548 10.45036125
v 7.97775269 5.45444012 10.37800217
v 8.04587173 5.01230955 8.97262573
v 8.17123699 5.09812307 8.79738998
v 8.10880470 5.05518293 8.88483429
v 8.29676628 5.18544149 8.62072086
v 8.23384285 5.14130068 8.70959854
v 8.19824219 5.25257826 9.50836468
v 8.33078861 5.33294582 9.33203983
v 8.39451694 5.37416649 9.24503517
v 8.26577187 5.29211855 9.41974449
v 8.45794868 5.41546679 9.15820026
v 8.52165604 5.45713234 9.07082748
v 8.64940643 5.54524755 8.89167881
v 8.58566856 5.49998474 8.98218346
v 8.71170330 5.59436369 8.79900837
v 8.77090168 5.64878607 8.70425224
v 8.82502651 5.70977211 8.60791969
v 8.74574184 5.73164320 9.51914692
v 8.81057549 5.77186775 9.43211079
v 8.87567806 5.81351995 9.34362507
v 8.05078316 5.18321371 9.68721199
v 8.12694168 5.21570730 9.59772015
v 8.33613491 5.50727749 10.04331493
v 8.41196442 5.53905535 9.95470619
v 8.07542515 5.45366526 10.29989624
v 8.16800594 5.46297264 10.21718693
v 8.25494194 5.48133469 10.13120937
v 8.45512581 5.78625679 10.57253647
v 8.55105686 5.61305428 9.77860355
v 8.61667347 5.65233803 9.69174767
v 8.48323536 5.57486343 9.86629295
v 8.68126488 5.69193268 9.60545158
v 8.90358257 5.97041464 10.05176735
v 8.54140186 5.80457163 10.48713303
v 8.62211990 5.83011389 10.39996719
v 8.76907063 5.89584017 10.22467232
v 8.69772625 5.86112881 10.31219769
v 8.83728027 5.93266678 10.13784885
v 7.13169909 5.77729940 10.78148937
v 7.23709297 5.71665812 10.74886703
v 7.34300900 5.65932035 10.71297073
v 7.44966698 5.60633802 10.67271328
v 7.42577267 6.09699917 11.13432789
v 7.53041553 6.03627586 11.10238266
v 7.32130527 6.16042471 11.16379738
v 7.63567495 5.97895050 11.06700420
v 7.74173689 5.92612743 11.02709007
v 7.84843874 5.87918758 10.98157787
v 7.95523882 5.83960485 10.92963123
v 8.06126213 5.80874443 10.87077713
v 8.16539860 5.78766823 10.80499268
v 8.26645279 5.77697277 10.73272800
v 8.36331654 5.77668953 10.65484905
v 8.13992977 6.19831085 11.33699703
v 8.24619675 6.15920925 11.28506374
v 8.35162926 6.12894630 11.22617054
v 8.45510674 6.10851002 11.16036510
v 8.55545044 6.09840536 11.08816338
v 8.65158844 6.09856558 11.01048565
v 8.82843590 6.12654829 10.84368134
v 8.74272060 6.10833788 10.92854404
v 9.06291199 5.96060848 9.06555939
v 9.11705017 6.02161884 8.96919537
v 9.20087051 6.16691351 8.77608585
v 9.16367626 6.09028292 8.87227821
v 9.00334358 5.90643501 9.16039848
v 8.94035625 5.85788584 9.25313663
v 9.10065842 6.08544922 9.79345322
v 8.96910477 6.00841427 9.96609783
v 9.03467369 6.04658985 9.88023758
v 9.16685295 6.12599325 9.70504284
v 9.23245239 6.16956520 9.61449718
v 8.90878487 6.15163660 10.75720596
v 8.98427486 6.18184376 10.67022800
v 7.16367626 6.25875521 6.00895357
v 7.19167233 6.88598347 6.31075001
v 7.28512430 6.78225756 6.32497597
v 7.45200109 6.56854582 6.37498760
v 7.52683353 6.46106291 6.40747595
v 7.37171650 6.67596054 6.34695530
v 7.59721279 6.35411215 6.44309568
v 7.66409683 6.24786520 6.48092699
v 7.16007662 7.46786356 6.69978142
v 7.27282190 7.38446617 6.68088722
v 7.37990713 7.29266310 6.67381811
v 7.48042488 7.19433880 6.67767906
v 7.66052675 6.98565865 6.71267796
v 7.74066067 6.87858963 6.74053288
v 7.95125484 6.55841112 6.84724998
v 7.81516743 6.77131605 6.77310276
v 7.88503838 6.66451073 6.80900717
v 7.57394600 7.09140921 6.69116116
v 7.56161356 7.69067907 7.04963493
v 7.66874266 7.60022497 7.04136610
v 7.76938200 7.50297976 7.04419661
v 7.94965601 7.29565334 7.07788706
v 7.86302519 7.40085411 7.05688572
v 7.21290445 7.90407133 7.14655399
v 7.33218622 7.84404755 7.10219765
v 7.44897127 7.77249479 7.06981277
v 7.50270081 8.20552349 7.51860428
v 7.62147760 8.14730740 7.47309303
v 7.73798943 8.07748508 7.43943405
v 7.85056210 7.99723911 7.41795635
v 7.95777512 7.90812922 7.40845871
v 7.15032339 8.30581760 7.71617460
v 7.26545668 8.28475857 7.64150620
v 7.38344431 8.25141335 7.57514858
v 7.55694771 8.58337116 8.01464272
v 7.22855997 8.60939407 8.25701904
v 7.12981892 8.59838772 8.34616470
v 7.33311510 8.61135101 8.17100143
v 7.44288969 8.60302639 8.08965588
v 7.79257774 8.50748444 7.89014912
v 7.91088390 8.45103359 7.84349298
v 7.67402411 8.55163860 7.94762659
v 7.62673759 8.90833187 8.54382801
v 7.73539829 8.90104294 8.46248627
v 7.84843874 8.88271141 8.38714981
v 7.96465397 8.85252094 8.31949711
v 8.07551384 6.34757090 6.92915392
v 8.01460266 6.45288897 6.88730717
v 8.13394737 6.24199009 6.97322512
v 8.17338467 6.97516298 7.17428064
v 8.41945076 6.55349970 7.34004974
v 8.30161190 6.76381397 7.25342274
v 8.23899174 6.86917543 7.21291733
v 8.36174870 6.65874004 7.29568195
v 8.10395527 7.08184814 7.13812304
v 8.02970600 7.18892574 7.10551453
v 8.15240765 7.71064329 7.42206812
v 8.31919003 7.49959326 7.46985579
v 8.23915386 7.60598946 7.44250393
v 8.39325523 7.39269209 7.50246096
v 8.52517033 6.34107590 7.43827391
v 8.47424889 6.44768238 7.38725805
v 8.57082367 6.23378563 7.49413013
v 8.64871597 6.97005081 7.66149855
v 8.85595798 6.54659462 7.86013079
v 8.89484501 6.43948650 7.92128563
v 8.75991058 6.75964499 7.75356388
v 8.70570660 6.86509418 7.70619440
v 8.81043720 6.65345907 7.80453539
v 8.52737045 7.18018293 7.57785654
v 8.46230984 7.28609753 7.53884172
v 8.58931446 7.07493353 7.61881018
v 8.68312168 7.70388365 7.86604166
v 8.75187683 7.59734488 7.90261555
v 8.81645679 7.49145842 7.94199371
v 8.87778091 7.38626862 7.98339701
v 8.05858421 7.81196404 7.41021967
v 8.02715778 8.38291264 7.80855751
v 8.13969994 8.30421734 7.78576517
v 8.34807301 8.12134933 7.77566481
v 8.44213867 8.02082825 7.78662825
v 8.24704075 8.21644020 7.77501154
v 8.08254910 8.81004238 8.26110363
v 8.20042515 8.75530910 8.21330929
v 8.31650257 8.68885231 8.17709541
v 8.42905712 8.61168289 8.15297413
v 8.52906895 7.91671228 7.80645037
v 8.60916615 7.81063271 7.83347988
v 8.53657818 8.52522373 8.14093876
v 8.63789082 8.43119431 8.14044857
v 8.89968681 8.12208462 8.19630814
v 8.73226261 8.33146095 8.15048313
v 8.81945038 8.22786903 8.16964531
v 8.60604954 8.99538231 8.54496002
v 8.71866798 8.91970730 8.51949692
v 8.82642269 8.83454227 8.50615406
v 8.92536259 6.33296204 7.98868752
v 8.94588089 6.22818708 8.06264305
v 9.09654045 6.96581554 8.17014503
v 9.23313808 6.54156780 8.42643642
v 9.24324989 6.43987703 8.50612164
v 9.18095016 6.75254154 8.28629017
v 9.14191532 6.85932255 8.22553635
v 9.21191216 6.64624786 8.35313416
v 8.93648720 7.28151703 8.02653217
v 8.99279308 7.17678261 8.07158756
v 9.04641247 7.07163954 8.11916447
v 9.16707993 7.69783735 8.34710979
v 9.22513676 7.59315300 8.39070988
v 9.28078842 7.48857355 8.43616009
v 9.33383846 7.38366985 8.48398876
v 9.38356781 7.27814293 8.53503418
v 8.97361279 8.01545715 8.22878838
v 9.04214573 7.90893459 8.26552773
v 9.10631657 7.80302668 8.30525494
v 9.11034966 8.53950500 8.53200912
v 9.19080639 8.43398952 8.55826187
v 8.92807865 8.74155712 8.50448608
v 9.02282810 8.64259338 8.51355076
v 7.16834545 8.82090855 8.98905277
v 7.24835014 8.85073853 8.89875984
v 7.33404970 8.87559128 8.80817223
v 7.42569256 8.89432240 8.71807861
v 7.52332687 8.90567207 8.62952995
v 7.32193279 9.05080605 9.53276920
v 7.54556704 9.14838314 9.26811409
v 7.39173222 9.08652306 9.44562149
v 7.46611118 9.11930943 9.35731125
v 7.81787157 9.20302773 9.00128937
v 7.92022133 9.20630169 8.91591263
v 7.63051796 9.17279148 9.17851353
v 7.72125244 9.19142151 9.08924103
v 7.13440752 8.93173122 9.78687000
v 7.19386148 8.97296333 9.70330238
v 7.25616789 9.01278687 9.61865139
v 7.55313110 9.31646633 9.98299694
v 7.49026489 9.27822208 10.06673527
v 7.31476831 9.15643311 10.31347942
v 7.20245123 9.07065964 10.47815895
v 7.14603710 9.02608395 10.56216240
v 7.25854063 9.11401844 10.39546680
v 7.37171221 9.19799328 10.23165321
v 7.42999887 9.23864555 10.14952850
v 8.13992977 9.18287182 8.75894928
v 8.02784157 9.19996262 8.83458805
v 8.25534058 9.15414906 8.69067669
v 8.37262821 9.11328220 8.63138103
v 8.49012280 9.06021500 8.58245659
v 8.89582443 9.30257702 8.91206646
v 7.11076021 6.29498196 11.21737957
v 7.21646261 6.22633410 11.19142437
v 7.19447279 6.76178217 11.61281586
v 7.30131054 6.68586016 11.59222889
v 7.51188898 6.54537344 11.54374218
v 7.40714359 6.61401224 11.56893253
v 7.61584425 6.47935581 11.51692390
v 7.71953011 6.41578007 11.48821449
v 7.82350302 6.35494280 11.45690727
v 7.92818737 6.29760838 11.42200089
v 7.17533398 7.33877277 11.99602413
v 7.27937269 7.24622059 11.99205971
v 7.38547134 7.16004848 11.98092270
v 7.49203825 7.07960463 11.96445942
v 7.37309647 7.75248194 12.34533596
v 7.47333384 7.65413237 12.34944439
v 7.70295525 6.93224144 11.92163944
v 7.80681276 6.86353731 11.89722061
v 7.90996075 6.79735088 11.87120056
v 7.59802961 7.00398827 11.94429111
v 7.57728672 7.56233692 12.34489536
v 7.68296862 7.47677803 12.33356476
v 7.89407301 7.32134867 12.29756069
v 7.99815464 7.24961472 12.27557850
v 7.78887939 7.39675426 12.31726837
v 7.31517124 9.24876499 11.09957314
v 7.37434626 9.29673004 11.01041508
v 7.14163399 9.07890415 11.38626194
v 7.19769859 9.14094257 11.28745461
v 7.25598955 9.19719219 11.19185352
v 7.11855555 8.08231831 12.26572037
v 7.19325399 7.96757221 12.30459118
v 7.27890730 7.85720539 12.33084297
v 7.34834576 8.51191807 12.57547379
v 7.41187906 8.39471149 12.62547493
v 7.48816442 8.28041935 12.66267300
v 7.25965309 9.07091618 12.16414833
v 7.32259655 9.25061989 11.95815563
v 7.28561163 9.16491604 12.06201553
v 7.26587868 8.74702072 12.43890667
v 7.24846888 8.86067963 12.35477066
v 7.29930544 8.63006592 12.51297188
v 7.24673700 8.96915245 12.26246834
v 7.66993523 8.06669235 12.70068550
v 7.77048492 7.96907806 12.70390701
v 7.57500124 8.17068577 12.68742371
v 7.87436152 7.87793970 12.69885159
v 7.97965050 7.79289007 12.68739891
v 8.03373241 6.24493122 11.38237858
v 8.53723335 6.47772312 11.64137650
v 8.64215279 6.44803429 11.58240032
v 8.74505138 6.42820597 11.51653671
v 8.84476757 6.41865063 11.44436646
v 8.01294994 6.73357821 11.84322262
v 8.11634064 6.67259216 11.81251335
v 8.22053528 6.61522532 11.77803040
v 8.32564640 6.56267595 11.73864651
v 8.43142033 6.51636076 11.69334316
v 8.40891075 6.98915911 12.16927052
v 8.10120106 7.18076897 12.25193691
v 8.20362663 7.11434984 12.22669983
v 8.08494377 7.71318388 12.67132568
v 8.18939495 7.63788939 12.65212059
v 8.30601025 7.05033016 12.19942474
v 8.29270363 7.56607771 12.63082981
v 8.39502144 7.49701071 12.60796642
v 8.51270866 6.93173218 12.13515949
v 8.61747456 6.87929058 12.09596062
v 8.72291088 6.83326101 12.05068207
v 8.82835388 6.79506731 11.99863052
v 8.59868908 7.36597395 12.55689049
v 8.49681568 7.43029308 12.58349609
v 8.70119858 7.30457783 12.52724743
v 8.80469513 7.24706125 12.49345589
v 7.92654276 9.47132587 9.54806042
v 7.76321220 9.41917038 9.72484398
v 7.68903875 9.38745785 9.81206131
v 7.61919594 9.35302925 9.89813042
v 7.84223175 9.44742966 9.63670158
v 7.66491795 9.50816154 10.59342480
v 7.72434378 9.54716206 10.51180744
v 7.84904861 9.62177086 10.34678268
v 7.98552608 9.68997669 10.17779255
v 7.91552544 9.65686417 10.26285267
v 7.78551865 9.58510303 10.42969513
v 8.21355343 9.50535393 9.28718376
v 8.01647377 9.48977566 9.45959187
v 8.11217499 9.50155354 9.37223148
v 8.32021332 9.49987698 9.20588970
v 8.43142033 9.48394394 9.12996101
v 8.54609108 9.45661068 9.06108475
v 8.66282749 9.41728973 9.00089741
v 8.77999496 9.36583138 8.95084858
v 8.61250782 9.80087566 9.57631683
v 8.72291088 9.78601360 9.50011063
v 8.83691120 9.75999355 9.43064213
v 8.05961132 9.72057438 10.09161091
v 8.22209644 9.77128029 9.91676140
v 8.13831043 9.74796486 10.00447655
v 8.31133270 9.78947258 9.82907486
v 8.40621948 9.80133915 9.74229527
v 8.21087646 9.96238804 10.62690639
v 8.43377113 10.05007076 10.37139416
v 8.28115368 9.99415970 10.54278088
v 8.35527039 10.02360249 10.45757103
v 8.50672150 9.80557823 9.65757561
v 8.51714897 10.07274055 10.28456497
v 8.60580635 10.09060001 10.19763279
v 8.69998646 10.10247135 10.11141872
v 8.90471840 10.10304451 9.94580078
v 8.79971218 10.10706139 10.02702141
v 7.54888678 9.42733955 10.75682163
v 7.49115801 9.38538074 10.83962536
v 7.43304205 9.34202099 10.92395210
v 7.47740841 9.45990658 11.65251350
v 7.53675699 9.51620388 11.55601788
v 7.60662985 9.46821880 10.67493820
v 7.83770370 9.74217606 11.11810017
v 7.95673418 9.81996441 10.95490551
v 7.89702463 9.78158760 11.03621197
v 7.65805292 9.61487961 11.37295246
v 7.77828979 9.70153713 11.20112324
v 7.71844530 9.65929699 11.28587723
v 7.59730148 9.56750202 11.46287537
v 7.42067671 9.39750957 11.75216770
v 7.36837101 9.32800674 11.85438919
v 8.01738834 9.85735035 10.87369156
v 8.07957172 9.89367580 10.79216099
v 8.14387321 9.92877388 10.70998192
v 9.22709084 6.25128126 8.68206215
v 9.24133682 6.34264946 8.59164906
v 9.29609585 6.21765423 9.52162838
v 9.51814079 6.56366825 9.04365635
v 9.52125740 6.85470533 8.78974533
v 9.49933720 6.95933867 8.71704388
v 9.53226852 6.75290537 8.86879921
v 9.53136826 6.65541697 8.95373535
v 9.41008663 6.33282089 9.33021069
v 9.45632172 6.40180349 9.23333263
v 9.49282646 6.47885895 9.13733006
v 9.35598755 6.27168512 9.42665100
v 9.78578091 6.79029036 9.49821377
v 9.75000668 6.71272755 9.59406471
v 9.42878628 7.17196083 8.59028339
v 9.46794987 7.06545210 8.65069771
v 9.75593662 7.37820339 9.01444817
v 9.62226963 7.69573879 8.84796906
v 9.67160416 7.59043837 8.89913750
v 9.71665859 7.48450136 8.95430756
v 9.78773117 7.27221346 9.08035755
v 9.12449551 6.25088024 10.49750137
v 9.05579948 6.21542835 10.58353138
v 9.32480335 6.36024475 10.24147797
v 9.25809193 6.32354450 10.32698441
v 9.19157028 6.28710413 10.41211414
v 9.45925522 6.43734884 10.06643677
v 9.52575970 6.48023176 9.97575569
v 9.65019703 6.58196783 9.78751469
v 9.59002495 6.52797079 9.88268661
v 9.70420742 6.64333200 9.69094658
v 9.39196396 6.39781809 10.15485573
v 9.61618900 6.67254400 10.60287666
v 9.68455410 6.70891380 10.51632214
v 9.75294685 6.74752998 10.42780495
v 9.26478577 8.32744884 8.59062386
v 9.33317852 8.22089672 8.62750244
v 9.00856304 9.22836113 8.88524628
v 9.11661243 9.14446163 8.87057304
v 9.21867752 9.05249596 8.86769390
v 9.31387901 8.95427990 8.87574959
v 9.39701366 8.11491203 8.66756535
v 9.45728111 8.00965977 8.70987415
v 9.51473999 7.90497351 8.75395870
v 9.56977177 7.80047607 8.79983902
v 9.62503719 8.53326225 8.98846245
v 9.68861771 8.42714024 9.02885056
v 9.74845600 8.32175732 9.07161713
v 9.40181541 8.85166836 8.89346027
v 9.55670071 8.63989449 8.95146942
v 9.48257923 8.74638844 8.91926193
v 9.60546303 9.26657104 9.23699474
v 9.77506065 9.05932331 9.27922726
v 9.69390011 9.16440487 9.25391769
v 9.82235050 6.96780539 9.31538200
v 9.81015778 6.87561369 9.40485096
v 9.81033039 7.16757345 9.15251827
v 9.82223320 7.06561136 9.23099232
v 10.11323547 7.37796354 9.59265423
v 10.10044765 7.48014641 9.51470280
v 10.07718468 7.58485270 9.44302082
v 10.04499912 7.69078064 9.37747955
v 9.99948978 6.95310450 10.05138588
v 9.82034206 6.78983212 10.33690739
v 9.88520050 6.83733320 10.24356556
v 9.94561100 6.89140749 10.14813423
v 10.11437225 7.27977943 9.67654800
v 10.10322762 7.18707705 9.76561260
v 10.04480743 7.02300835 9.95445251
v 10.07981396 7.10116434 9.85870743
v 10.18169117 7.14568853 10.60425472
v 10.24230289 7.19995260 10.50849533
v 10.40536594 7.68993092 9.95373917
v 10.40752220 7.59130287 10.03719425
v 10.34080601 7.33260059 10.31446838
v 10.29600811 7.26208973 10.41150665
v 10.37501144 7.41143847 10.21878052
v 10.39743900 7.49801922 10.12590504
v 10.67145824 7.72106886 10.57840347
v 9.85982227 8.11249924 9.16255283
v 9.91178989 8.00784874 9.21103573
v 9.96073723 7.90269852 9.26238632
v 10.00562096 7.79693460 9.31754398
v 9.80537128 8.21699333 9.11620808
v 10.09710598 8.52922535 9.47738266
v 10.20248222 8.32000351 9.57311726
v 10.15101719 8.42465115 9.52423191
v 9.98119259 8.73973656 9.38903332
v 9.91778564 8.84606075 9.34833050
v 9.84941578 8.95282841 9.31124783
v 10.04067612 8.63414764 9.43226433
v 10.25105095 8.21492195 9.62471485
v 10.14298820 9.26628876 9.66987896
v 10.21148586 9.15932369 9.70702934
v 10.29576302 8.10925293 9.67992973
v 10.33522987 8.00317001 9.73973179
v 10.36779118 7.89723539 9.80497646
v 10.39170361 7.79239845 9.87624741
v 10.58717346 8.42144585 10.04139996
v 10.54263401 8.52710438 9.98605442
v 10.62672043 8.31535530 10.10114384
v 10.68418884 8.10430336 10.23709965
v 10.69871712 8.00148296 10.31419849
v 10.69287872 7.80840015 10.48569107
v 10.70189190 7.90233994 10.39727592
v 10.65964127 8.20934105 10.16616726
v 10.39001846 8.84168625 9.83740997
v 10.44343758 8.73694229 9.88480377
v 10.27480698 9.05272579 9.74803829
v 10.33401108 8.94685173 9.79174042
v 10.49442959 8.63220692 9.93414688
v 9.19617271 6.47175980 11.11507130
v 9.34347248 6.53354836 10.94289589
v 9.27165890 6.50111675 11.02882957
v 8.94027138 6.41920471 11.36686039
v 9.11608315 6.44717789 11.20090008
v 9.03082275 6.42912769 11.28525639
v 9.31946850 6.74853802 11.64272213
v 9.41275692 6.56761885 10.85758495
v 9.48069191 6.60233498 10.77280617
v 9.54828548 6.63725710 10.68812466
v 9.77100468 6.91603518 11.13385963
v 9.55992699 6.81886578 11.38803577
v 9.40438271 6.76637268 11.55883026
v 9.48432827 6.79039812 11.47359943
v 9.63214111 6.85012054 11.30279446
v 9.70211887 6.88280725 11.21812057
v 9.03524876 6.74667120 11.87356758
v 8.93284321 6.76592588 11.93952847
v 9.22939396 6.73852062 11.72402287
v 9.13442802 6.73762274 11.80139256
v 9.01440239 7.14893818 12.40907860
v 9.11956406 7.11116362 12.35689163
v 8.90921116 7.19470263 12.45438671
v 9.22371292 7.08254051 12.29761600
v 9.32571697 7.06382275 12.23151493
v 9.42445469 7.05523586 12.15929604
v 9.51898575 7.05642509 12.08202648
v 9.69337559 7.08404636 11.91751671
v 9.77329445 7.10746670 11.83282852
v 9.60869122 7.06648254 12.00098801
v 9.01440239 8.57561874 11.17671871
v 9.90888977 6.98342371 10.96444035
v 9.83974171 6.94948244 11.04952908
v 9.97848988 7.01867628 10.87785530
v 10.11626625 7.09831095 10.69794559
v 10.04799175 7.05647850 10.78914642
v 9.92185593 7.16506624 11.66325474
v 9.99263382 7.19636869 11.57913113
v 10.20296764 7.29281759 11.32617760
v 10.06256390 7.22813272 11.49529266
v 10.13252068 7.26015329 11.41121101
v 10.41360092 7.40561008 11.05886555
v 10.54034805 7.50755072 10.86858368
v 10.59384155 7.57023811 10.77129078
v 10.63808346 7.64145708 10.67408943
v 10.47956753 7.45298147 10.96474266
v 10.27383327 7.32704210 11.23945904
v 10.34445477 7.36413479 11.15046024
v 9.84912491 7.13500786 11.74787903
v 9.07006168 9.67223644 9.31840229
v 8.95316219 9.72214699 9.36957264
v 9.18585491 9.61050987 9.27832985
v 9.29877281 9.53771305 9.25013924
v 9.40718269 9.45504570 9.23411083
v 9.50973129 9.36406898 9.22998714
v 9.80127907 9.67633533 9.59128380
v 9.12780762 10.06437969 9.79926968
v 9.01440239 10.08916855 9.86932278
v 9.24364281 10.02793503 9.73732567
v 9.36034107 9.97950935 9.68503475
v 9.47616291 9.91925621 9.64366627
v 9.58932972 9.84783173 9.61408997
v 9.69817162 9.76635647 9.59668255
v 9.89762592 9.57952023 9.59720421
v 9.98665333 9.47776222 9.61329842
v 10.06830502 9.37283516 9.63807964
f 2 1 20
f 2 63 1
f 3 2 22
f 3 68 2
f 4 3 28
f 4 69 3
f 5 4 30
f 5 98 4
f 6 5 37
f 6 103 5
f 7 6 41
f 7 104 6
f 9 8 10
f 12 9 11
f 11 10 226
f 227 11 226
f 11 9 10
f 14 11 227
f 13 12 14
f 232 14 227
f 14 12 11
f 15 14 232
f 233 15 232
f 15 13 14
f 23 21 17
f 29 23 19
f 18 19 16
f 19 23 17
f 19 17 16
f 18 25 19
f 22 20 21
f 23 22 21
f 22 2 20
f 28 22 23
f 31 29 25
f 24 25 18
f 25 29 19
f 24 26 27
f 27 31 25
f 24 27 25
f 29 28 23
f 28 3 22
f 30 28 29
f 31 30 29
f 30 4 28
f 8 18 16
f 8 9 18
f 9 24 18
f 9 12 24
f 12 26 24
f 12 13 26
f 32 13 15
f 47 32 33
f 33 15 233
f 244 33 233
f 33 32 15
f 244 34 33
f 49 47 34
f 244 249 34
f 34 47 33
f 249 35 34
f 249 250 35
f 35 49 34
f 45 36 26
f 38 31 27
f 36 38 27
f 26 36 27
f 42 38 36
f 45 39 36
f 37 30 31
f 38 37 31
f 37 5 30
f 41 37 38
f 46 39 45
f 39 42 36
f 44 42 39
f 46 40 39
f 40 44 39
f 46 48 40
f 42 41 38
f 43 41 42
f 41 6 37
f 44 43 42
f 43 7 41
f 13 45 26
f 13 32 45
f 32 46 45
f 32 47 46
f 47 48 46
f 47 49 48
f 51 72 70
f 53 80 72
f 52 53 50
f 58 52 50
f 58 60 52
f 53 51 50
f 51 53 72
f 60 54 52
f 55 53 52
f 55 82 80
f 55 57 82
f 54 55 52
f 60 64 54
f 53 55 80
f 56 57 54
f 64 56 54
f 64 66 56
f 57 55 54
f 62 61 59
f 60 58 59
f 61 60 59
f 63 65 61
f 64 60 61
f 63 62 1
f 62 63 61
f 68 63 2
f 65 64 61
f 68 67 65
f 67 66 65
f 66 64 65
f 63 68 65
f 69 68 3
f 68 69 67
f 73 71 70
f 72 73 70
f 77 74 71
f 73 77 71
f 81 73 72
f 84 77 73
f 78 75 74
f 77 78 74
f 79 76 75
f 78 79 75
f 85 78 77
f 86 79 78
f 80 81 72
f 81 84 73
f 83 81 80
f 82 83 80
f 83 87 81
f 87 84 81
f 84 85 77
f 85 86 78
f 87 88 84
f 88 85 84
f 88 89 85
f 89 86 85
f 57 105 82
f 91 105 57
f 91 110 105
f 90 91 56
f 66 90 56
f 66 96 90
f 91 57 56
f 96 92 90
f 93 91 90
f 91 93 110
f 93 112 110
f 93 95 112
f 92 93 90
f 96 99 92
f 99 94 92
f 95 93 92
f 94 95 92
f 99 101 94
f 69 97 67
f 96 66 67
f 97 96 67
f 98 100 97
f 99 96 97
f 98 69 4
f 98 97 69
f 103 98 5
f 103 102 100
f 100 99 97
f 101 99 100
f 102 101 100
f 98 103 100
f 104 103 6
f 103 104 102
f 106 83 82
f 105 106 82
f 107 87 83
f 106 107 83
f 111 106 105
f 114 107 106
f 108 88 87
f 107 108 87
f 109 89 88
f 108 109 88
f 115 108 107
f 116 109 108
f 113 111 110
f 110 111 105
f 111 114 106
f 117 114 111
f 112 113 110
f 113 117 111
f 114 115 107
f 118 115 114
f 115 116 108
f 119 116 115
f 117 118 114
f 118 119 115
f 1244 58 50
f 1244 62 59
f 62 1244 1
f 58 1244 59
f 71 1244 70
f 75 1244 74
f 74 1244 71
f 76 1244 75
f 326 1244 76
f 51 1244 50
f 1244 51 70
f 120 7 43
f 120 170 7
f 121 120 130
f 121 175 120
f 122 121 134
f 122 176 121
f 123 200 122
f 124 205 123
f 125 206 124
f 139 49 35
f 141 139 126
f 250 279 126
f 126 139 35
f 250 126 35
f 279 127 126
f 279 283 127
f 127 141 126
f 143 141 127
f 283 128 127
f 283 284 128
f 128 143 127
f 131 44 40
f 129 131 40
f 48 129 40
f 138 129 48
f 138 132 129
f 130 43 44
f 131 130 44
f 130 120 43
f 134 130 131
f 135 131 129
f 132 135 129
f 138 140 132
f 140 133 132
f 132 133 137
f 140 142 133
f 135 134 131
f 136 134 135
f 134 121 130
f 137 136 135
f 136 122 134
f 132 137 135
f 49 138 48
f 139 138 49
f 140 138 139
f 142 140 141
f 141 140 139
f 143 142 141
f 157 143 128
f 144 157 128
f 284 144 128
f 159 157 144
f 145 159 144
f 294 145 144
f 298 146 145
f 146 161 145
f 147 149 133
f 142 147 133
f 142 156 147
f 147 150 154
f 156 150 147
f 148 136 137
f 149 148 137
f 123 122 136
f 148 123 136
f 152 148 149
f 154 152 149
f 124 123 148
f 152 124 148
f 133 149 137
f 147 154 149
f 158 151 150
f 150 151 155
f 153 152 154
f 125 124 152
f 155 153 154
f 153 125 152
f 150 155 154
f 156 142 143
f 157 156 143
f 158 156 157
f 159 158 157
f 156 158 150
f 160 158 159
f 161 160 159
f 158 160 151
f 161 159 145
f 95 177 112
f 163 177 95
f 163 182 177
f 162 163 94
f 101 162 94
f 168 162 101
f 163 95 94
f 168 164 162
f 165 163 162
f 163 165 182
f 165 184 182
f 165 167 184
f 164 165 162
f 168 171 164
f 171 166 164
f 167 165 164
f 166 167 164
f 171 173 166
f 104 169 102
f 168 101 102
f 169 168 102
f 170 172 169
f 171 168 169
f 170 104 7
f 170 169 104
f 175 170 120
f 175 174 172
f 172 171 169
f 173 171 172
f 174 173 172
f 170 175 172
f 176 175 121
f 175 176 174
f 178 113 112
f 177 178 112
f 179 117 113
f 178 179 113
f 183 178 177
f 186 179 178
f 180 118 117
f 179 180 117
f 181 119 118
f 180 181 118
f 187 180 179
f 188 181 180
f 185 183 182
f 182 183 177
f 183 186 178
f 189 186 183
f 184 185 182
f 185 189 183
f 186 187 179
f 190 187 186
f 187 188 180
f 191 188 187
f 189 190 186
f 190 191 187
f 167 207 184
f 193 207 167
f 193 212 207
f 193 195 212
f 192 193 166
f 173 192 166
f 173 198 192
f 193 167 166
f 194 195 192
f 198 194 192
f 198 201 194
f 195 193 192
f 195 214 212
f 195 197 214
f 201 196 194
f 197 195 194
f 196 197 194
f 201 203 196
f 176 199 174
f 198 173 174
f 199 198 174
f 200 202 199
f 201 198 199
f 202 201 199
f 200 176 122
f 200 199 176
f 205 200 123
f 200 205 202
f 205 204 202
f 203 201 202
f 204 203 202
f 206 205 124
f 205 206 204
f 208 185 184
f 207 208 184
f 209 189 185
f 208 209 185
f 213 208 207
f 212 213 207
f 216 209 208
f 213 216 208
f 210 190 189
f 209 210 189
f 211 191 190
f 210 211 190
f 217 210 209
f 216 217 209
f 218 211 210
f 217 218 210
f 215 213 212
f 219 216 213
f 214 215 212
f 215 219 213
f 220 217 216
f 221 218 217
f 219 220 216
f 220 221 217
f 223 222 224
f 225 223 224
f 228 223 225
f 222 227 226
f 222 223 227
f 223 232 227
f 230 228 225
f 229 228 230
f 231 229 230
f 223 228 232
f 228 233 232
f 228 229 233
f 234 225 224
f 234 235 225
f 235 230 225
f 236 235 234
f 236 237 235
f 237 238 235
f 235 238 230
f 238 231 230
f 238 239 231
f 237 240 238
f 240 239 238
f 240 241 239
f 1244 8 16
f 10 1244 226
f 8 1244 10
f 1244 222 226
f 222 1244 224
f 242 229 231
f 243 242 231
f 245 242 243
f 229 244 233
f 242 244 229
f 242 249 244
f 246 245 247
f 247 245 243
f 248 246 247
f 245 250 249
f 245 249 242
f 245 246 250
f 239 243 231
f 239 251 243
f 251 247 243
f 241 251 239
f 252 251 241
f 252 253 251
f 253 248 247
f 251 253 247
f 253 254 248
f 255 254 253
f 252 255 253
f 255 256 254
f 257 237 236
f 257 258 237
f 258 240 237
f 261 258 257
f 261 262 258
f 262 259 258
f 258 259 240
f 259 241 240
f 259 260 241
f 262 265 259
f 265 260 259
f 265 266 260
f 263 262 261
f 263 264 262
f 264 265 262
f 1176 264 263
f 1176 1177 264
f 1177 267 264
f 264 267 265
f 267 266 265
f 267 268 266
f 1177 1180 267
f 1180 268 267
f 1180 1181 268
f 1244 234 224
f 1244 236 234
f 1244 257 236
f 1244 261 257
f 1244 263 261
f 1244 1176 263
f 260 252 241
f 260 269 252
f 269 255 252
f 266 269 260
f 272 269 266
f 272 270 269
f 270 256 255
f 269 270 255
f 270 271 256
f 274 271 270
f 272 274 270
f 274 275 271
f 268 272 266
f 268 273 272
f 273 274 272
f 1181 273 268
f 1181 1192 273
f 1192 276 273
f 273 276 274
f 276 275 274
f 276 277 275
f 1192 1194 276
f 1194 277 276
f 1194 1195 277
f 21 1244 17
f 20 1244 21
f 1 1244 20
f 17 1244 16
f 280 246 248
f 278 280 248
f 285 280 278
f 246 279 250
f 280 279 246
f 280 283 279
f 286 285 281
f 281 285 278
f 282 286 281
f 285 284 283
f 285 283 280
f 285 286 284
f 254 278 248
f 287 278 254
f 287 281 278
f 256 287 254
f 288 287 256
f 288 289 287
f 289 282 281
f 287 289 281
f 289 290 282
f 291 290 289
f 288 291 289
f 291 292 290
f 295 286 282
f 293 295 282
f 300 295 293
f 296 300 293
f 284 294 144
f 286 294 284
f 295 294 286
f 298 294 295
f 300 298 295
f 294 298 145
f 301 300 296
f 297 301 296
f 299 298 300
f 301 299 300
f 298 299 146
f 290 293 282
f 290 302 293
f 302 296 293
f 302 304 296
f 292 302 290
f 303 302 292
f 303 304 302
f 303 306 304
f 304 297 296
f 304 305 297
f 306 305 304
f 306 307 305
f 271 288 256
f 271 308 288
f 308 291 288
f 275 308 271
f 311 308 275
f 311 309 308
f 309 292 291
f 308 309 291
f 309 310 292
f 313 310 309
f 311 313 309
f 313 314 310
f 277 311 275
f 312 311 277
f 312 313 311
f 1195 312 277
f 1195 1245 312
f 1245 315 312
f 312 315 313
f 315 314 313
f 315 316 314
f 1245 1247 315
f 1247 316 315
f 1247 1248 316
f 310 303 292
f 310 317 303
f 317 306 303
f 317 318 306
f 314 317 310
f 320 317 314
f 320 318 317
f 320 322 318
f 318 307 306
f 318 319 307
f 322 319 318
f 322 323 319
f 316 320 314
f 316 321 320
f 321 322 320
f 321 324 322
f 1248 321 316
f 1248 1257 321
f 1257 324 321
f 1257 1259 324
f 324 323 322
f 324 325 323
f 1259 325 324
f 1259 1260 325
f 328 326 76
f 79 328 76
f 329 327 326
f 328 329 326
f 329 331 327
f 334 328 79
f 335 329 328
f 331 330 327
f 338 331 329
f 331 333 330
f 333 332 330
f 344 342 332
f 333 344 332
f 339 333 331
f 348 344 333
f 86 334 79
f 334 335 328
f 335 338 329
f 336 334 86
f 89 336 86
f 337 335 334
f 336 337 334
f 337 340 335
f 340 338 335
f 338 339 331
f 339 348 333
f 340 341 338
f 341 339 338
f 350 348 339
f 341 350 339
f 344 345 342
f 345 343 342
f 349 345 344
f 345 347 343
f 347 346 343
f 347 376 346
f 352 347 345
f 348 349 344
f 350 351 348
f 351 349 348
f 349 352 345
f 352 381 347
f 351 353 349
f 353 352 349
f 353 382 352
f 354 336 89
f 109 354 89
f 354 355 336
f 355 337 336
f 355 356 337
f 358 354 109
f 359 355 354
f 356 340 337
f 362 356 355
f 356 357 340
f 357 341 340
f 357 366 341
f 363 357 356
f 116 358 109
f 360 358 116
f 358 359 354
f 359 362 355
f 361 359 358
f 119 360 116
f 360 361 358
f 361 364 359
f 362 363 356
f 364 362 359
f 365 363 362
f 363 367 357
f 365 362 364
f 366 350 341
f 367 366 357
f 368 367 363
f 365 368 363
f 369 351 350
f 366 369 350
f 371 369 366
f 369 370 351
f 370 353 351
f 370 395 353
f 372 370 369
f 367 371 366
f 373 371 367
f 368 373 367
f 371 372 369
f 374 372 371
f 373 374 371
f 327 1244 326
f 330 1244 327
f 332 1244 330
f 342 1244 332
f 343 1244 342
f 346 1244 343
f 376 375 346
f 381 376 347
f 379 377 375
f 376 379 375
f 383 379 376
f 379 380 377
f 380 378 377
f 384 380 379
f 382 381 352
f 381 383 376
f 382 385 381
f 385 383 381
f 383 384 379
f 385 386 383
f 386 384 383
f 388 387 378
f 380 388 378
f 388 390 387
f 391 388 380
f 390 389 387
f 390 484 389
f 393 390 388
f 384 391 380
f 391 393 388
f 386 392 384
f 392 391 384
f 392 394 391
f 393 488 390
f 394 393 391
f 394 490 393
f 395 382 353
f 395 396 382
f 397 395 370
f 396 385 382
f 401 386 385
f 396 401 385
f 399 396 395
f 404 401 396
f 372 397 370
f 398 397 372
f 397 399 395
f 374 398 372
f 398 400 397
f 400 399 397
f 399 404 396
f 406 404 399
f 400 406 399
f 401 402 386
f 402 392 386
f 402 403 392
f 405 402 401
f 403 394 392
f 403 506 394
f 408 403 402
f 404 405 401
f 405 408 402
f 407 405 404
f 406 407 404
f 407 409 405
f 409 408 405
f 408 509 403
f 409 511 408
f 484 482 389
f 488 484 390
f 490 488 393
f 506 490 394
f 509 506 403
f 511 509 408
f 410 360 119
f 181 410 119
f 411 361 360
f 410 411 360
f 411 412 361
f 414 410 181
f 415 411 410
f 412 364 361
f 412 413 364
f 413 365 364
f 418 412 411
f 419 413 412
f 188 414 181
f 416 414 188
f 414 415 410
f 417 415 414
f 191 416 188
f 416 417 414
f 415 418 411
f 417 420 415
f 420 418 415
f 418 419 412
f 423 419 418
f 420 423 418
f 421 368 365
f 413 421 365
f 422 421 413
f 419 422 413
f 424 422 419
f 423 424 419
f 425 373 368
f 421 425 368
f 425 426 373
f 426 374 373
f 427 425 421
f 449 426 425
f 422 427 421
f 424 428 422
f 428 427 422
f 427 449 425
f 451 449 427
f 428 451 427
f 211 429 191
f 429 416 191
f 430 417 416
f 429 430 416
f 432 429 211
f 218 432 211
f 434 430 429
f 432 434 429
f 430 431 417
f 434 436 430
f 431 420 417
f 438 423 420
f 431 438 420
f 436 431 430
f 440 438 431
f 436 440 431
f 433 432 218
f 221 433 218
f 433 435 432
f 435 434 432
f 435 437 434
f 437 436 434
f 437 442 436
f 438 439 423
f 439 424 423
f 440 441 438
f 441 439 438
f 442 440 436
f 443 441 440
f 442 443 440
f 443 446 441
f 439 444 424
f 444 428 424
f 464 451 428
f 444 464 428
f 445 444 439
f 441 445 439
f 467 464 444
f 445 467 444
f 446 445 441
f 446 469 445
f 447 398 374
f 426 447 374
f 447 448 398
f 450 447 426
f 448 400 398
f 455 406 400
f 448 455 400
f 453 448 447
f 458 455 448
f 449 450 426
f 450 453 447
f 452 450 449
f 451 452 449
f 452 454 450
f 454 453 450
f 453 458 448
f 460 458 453
f 454 460 453
f 455 456 406
f 456 407 406
f 459 456 455
f 457 409 407
f 456 457 407
f 457 552 409
f 462 457 456
f 458 459 455
f 461 459 458
f 460 461 458
f 459 462 456
f 463 462 459
f 462 555 457
f 461 463 459
f 463 557 462
f 464 465 451
f 465 452 451
f 467 468 464
f 468 465 464
f 466 454 452
f 465 466 452
f 471 466 465
f 468 471 465
f 473 460 454
f 473 454 466
f 476 473 466
f 471 476 466
f 469 467 445
f 470 468 467
f 469 470 467
f 472 471 468
f 470 472 468
f 478 476 471
f 472 478 471
f 473 474 460
f 474 461 460
f 476 477 473
f 477 474 473
f 475 463 461
f 474 475 461
f 475 570 463
f 480 475 474
f 477 480 474
f 480 573 475
f 479 477 476
f 478 479 476
f 481 480 477
f 479 481 477
f 481 575 480
f 552 511 409
f 555 552 457
f 557 555 462
f 570 557 463
f 573 570 475
f 575 573 480
f 375 1244 346
f 377 1244 375
f 378 1244 377
f 387 1244 378
f 389 1244 387
f 482 1244 389
f 483 1244 482
f 486 1244 483
f 494 1244 486
f 496 1244 494
f 497 1244 496
f 524 1244 497
f 526 1244 524
f 532 1244 526
f 534 1244 532
f 484 485 482
f 485 483 482
f 489 485 484
f 485 487 483
f 487 486 483
f 487 495 486
f 492 487 485
f 488 489 484
f 490 491 488
f 491 489 488
f 489 492 485
f 492 500 487
f 491 493 489
f 493 492 489
f 493 501 492
f 495 494 486
f 498 496 494
f 495 498 494
f 500 495 487
f 502 498 495
f 498 499 496
f 499 497 496
f 503 499 498
f 500 502 495
f 501 500 492
f 501 504 500
f 504 502 500
f 502 503 498
f 504 505 502
f 505 503 502
f 506 507 490
f 507 491 490
f 510 507 506
f 507 508 491
f 508 493 491
f 508 515 493
f 513 508 507
f 509 510 506
f 512 510 509
f 511 512 509
f 510 513 507
f 514 513 510
f 513 518 508
f 519 518 513
f 512 514 510
f 514 519 513
f 515 501 493
f 516 504 501
f 515 516 501
f 518 515 508
f 520 516 515
f 516 517 504
f 517 505 504
f 522 517 516
f 518 520 515
f 519 521 518
f 521 520 518
f 520 522 516
f 523 522 520
f 521 523 520
f 525 524 497
f 499 525 497
f 525 527 524
f 528 525 499
f 527 526 524
f 527 533 526
f 530 527 525
f 503 528 499
f 528 530 525
f 505 529 503
f 529 528 503
f 531 528 529
f 530 536 527
f 531 530 528
f 531 537 530
f 533 532 526
f 533 535 532
f 536 533 527
f 535 534 532
f 535 1514 534
f 538 535 533
f 536 538 533
f 537 536 530
f 537 539 536
f 538 1516 535
f 539 538 536
f 539 1518 538
f 540 529 505
f 517 540 505
f 540 541 529
f 542 540 517
f 541 531 529
f 541 546 531
f 544 541 540
f 522 542 517
f 543 542 522
f 542 544 540
f 523 543 522
f 543 545 542
f 545 544 542
f 544 548 541
f 545 549 544
f 546 537 531
f 546 547 537
f 548 546 541
f 547 539 537
f 547 1529 539
f 550 547 546
f 549 548 544
f 548 550 546
f 549 551 548
f 551 550 548
f 550 1531 547
f 551 1532 550
f 552 553 511
f 553 512 511
f 556 553 552
f 553 554 512
f 554 514 512
f 561 519 514
f 554 561 514
f 559 554 553
f 564 561 554
f 555 556 552
f 558 556 555
f 558 555 557
f 558 560 556
f 556 559 553
f 560 559 556
f 559 564 554
f 565 564 559
f 560 565 559
f 561 562 519
f 562 521 519
f 566 562 561
f 563 523 521
f 562 563 521
f 568 563 562
f 564 566 561
f 567 566 564
f 565 567 564
f 566 568 562
f 569 568 566
f 567 569 566
f 569 591 568
f 570 571 557
f 571 558 557
f 571 572 558
f 573 574 570
f 574 571 570
f 574 577 571
f 572 560 558
f 579 565 560
f 572 579 560
f 577 572 571
f 582 579 572
f 577 582 572
f 576 574 573
f 575 576 573
f 576 578 574
f 578 577 574
f 584 582 577
f 578 584 577
f 580 565 579
f 580 567 565
f 582 583 579
f 583 580 579
f 581 569 567
f 580 581 567
f 581 600 569
f 586 581 580
f 583 586 580
f 586 602 581
f 585 583 582
f 584 585 582
f 587 586 583
f 585 587 583
f 587 603 586
f 588 543 523
f 563 588 523
f 588 589 543
f 590 588 563
f 589 545 543
f 589 594 545
f 592 589 588
f 568 590 563
f 591 590 568
f 590 592 588
f 591 593 590
f 593 592 590
f 592 595 589
f 593 596 592
f 594 549 545
f 594 597 549
f 595 594 589
f 597 551 549
f 596 595 592
f 595 598 594
f 597 1569 551
f 598 597 594
f 596 599 595
f 599 598 595
f 598 1571 597
f 599 1572 598
f 600 591 569
f 600 601 591
f 602 600 581
f 602 604 600
f 601 593 591
f 601 606 593
f 604 601 600
f 604 608 601
f 603 602 586
f 603 605 602
f 605 604 602
f 605 609 604
f 606 596 593
f 608 606 601
f 606 607 596
f 608 610 606
f 607 599 596
f 607 1581 599
f 610 607 606
f 610 1583 607
f 609 608 604
f 609 611 608
f 611 610 608
f 611 1584 610
f 612 662 125
f 613 667 612
f 614 668 613
f 615 692 614
f 616 697 615
f 617 698 616
f 618 631 146
f 299 618 146
f 619 632 618
f 816 619 618
f 818 620 619
f 620 635 619
f 621 623 151
f 160 621 151
f 624 628 621
f 630 624 621
f 622 153 155
f 623 622 155
f 612 125 153
f 622 612 153
f 623 626 622
f 623 628 626
f 613 612 622
f 626 613 622
f 151 623 155
f 621 628 623
f 633 625 624
f 624 625 629
f 628 627 626
f 614 613 626
f 628 629 627
f 627 614 626
f 624 629 628
f 630 160 161
f 631 630 161
f 630 621 160
f 633 630 631
f 632 633 631
f 630 633 624
f 631 161 146
f 632 631 618
f 634 633 632
f 635 634 632
f 633 634 625
f 635 632 619
f 636 649 620
f 819 636 620
f 831 637 636
f 636 637 652
f 639 641 625
f 634 639 625
f 648 642 639
f 642 646 639
f 629 640 627
f 641 640 629
f 615 614 627
f 640 615 627
f 641 644 640
f 641 646 644
f 616 615 640
f 644 616 640
f 625 641 629
f 639 646 641
f 642 643 647
f 646 645 644
f 617 616 644
f 646 647 645
f 647 724 645
f 645 617 644
f 714 617 645
f 642 647 646
f 643 725 647
f 648 634 635
f 649 648 635
f 634 648 639
f 650 648 649
f 652 650 649
f 648 650 642
f 649 635 620
f 636 652 649
f 651 650 652
f 650 643 642
f 653 651 652
f 653 732 651
f 650 651 643
f 651 723 643
f 637 653 652
f 638 733 653
f 637 638 653
f 197 669 214
f 655 669 197
f 655 674 669
f 655 657 674
f 654 655 196
f 203 654 196
f 660 654 203
f 655 197 196
f 656 657 654
f 660 656 654
f 656 660 663
f 657 655 654
f 657 676 674
f 657 659 676
f 658 656 663
f 659 657 656
f 658 659 656
f 665 658 663
f 206 661 204
f 660 203 204
f 661 660 204
f 662 664 661
f 660 661 663
f 661 664 663
f 662 206 125
f 662 661 206
f 667 662 612
f 662 667 664
f 667 666 664
f 664 665 663
f 664 666 665
f 668 667 613
f 667 668 666
f 670 215 214
f 669 670 214
f 671 219 215
f 670 671 215
f 675 670 669
f 674 675 669
f 678 671 670
f 675 678 670
f 672 220 219
f 671 672 219
f 673 221 220
f 672 673 220
f 679 672 671
f 678 679 671
f 680 673 672
f 679 680 672
f 677 675 674
f 681 678 675
f 676 677 674
f 677 681 675
f 682 679 678
f 683 680 679
f 681 682 678
f 682 683 679
f 659 699 676
f 685 699 659
f 685 704 699
f 685 687 704
f 684 685 658
f 684 658 665
f 690 684 665
f 685 659 658
f 686 687 684
f 686 684 690
f 693 686 690
f 687 685 684
f 687 706 704
f 687 689 706
f 689 771 706
f 688 686 693
f 689 687 686
f 688 689 686
f 695 688 693
f 757 688 695
f 758 689 688
f 668 691 666
f 666 691 690
f 666 690 665
f 692 694 691
f 691 693 690
f 691 694 693
f 692 668 614
f 692 691 668
f 697 692 615
f 692 697 694
f 697 696 694
f 694 695 693
f 698 765 696
f 694 696 695
f 696 756 695
f 698 697 616
f 697 698 696
f 766 698 617
f 700 677 676
f 699 700 676
f 700 701 677
f 701 681 677
f 705 700 699
f 704 705 699
f 708 701 700
f 705 708 700
f 701 702 681
f 702 682 681
f 702 703 682
f 703 683 682
f 709 702 701
f 708 709 701
f 710 703 702
f 709 710 702
f 707 705 704
f 711 708 705
f 706 707 704
f 772 707 706
f 707 711 705
f 773 711 707
f 712 709 708
f 713 710 709
f 711 712 708
f 774 712 711
f 712 713 709
f 775 713 712
f 714 766 617
f 715 769 714
f 716 770 715
f 717 796 716
f 718 799 717
f 719 800 718
f 725 724 647
f 724 714 645
f 725 728 724
f 725 730 728
f 715 714 724
f 728 715 724
f 723 725 643
f 723 730 725
f 726 730 723
f 730 729 728
f 730 731 729
f 716 715 728
f 729 716 728
f 731 739 729
f 717 716 729
f 726 731 730
f 726 727 731
f 727 740 731
f 733 732 653
f 732 723 651
f 733 734 732
f 733 736 734
f 732 726 723
f 732 734 726
f 720 733 638
f 720 736 733
f 721 736 720
f 736 737 735
f 734 735 727
f 734 727 726
f 736 735 734
f 735 738 727
f 737 747 735
f 721 737 736
f 721 722 737
f 722 748 737
f 740 739 731
f 739 717 729
f 740 743 739
f 740 745 743
f 718 717 739
f 743 718 739
f 738 740 727
f 745 740 738
f 741 745 738
f 745 744 743
f 719 718 743
f 744 719 743
f 746 2573 744
f 2565 719 744
f 746 745 741
f 745 746 744
f 742 746 741
f 2575 746 742
f 735 747 738
f 747 741 738
f 747 750 741
f 748 750 747
f 748 747 737
f 749 748 722
f 752 748 749
f 748 752 750
f 753 752 749
f 750 742 741
f 750 751 742
f 752 751 750
f 751 2571 742
f 754 2580 751
f 752 754 751
f 754 752 753
f 755 754 753
f 2582 754 755
f 758 771 689
f 758 776 771
f 758 762 776
f 757 758 688
f 756 757 695
f 761 762 757
f 761 757 756
f 759 761 756
f 762 758 757
f 762 778 776
f 762 764 778
f 764 801 778
f 763 764 761
f 763 761 759
f 760 763 759
f 764 762 761
f 787 763 760
f 788 764 763
f 766 765 698
f 765 756 696
f 766 767 765
f 766 769 767
f 765 759 756
f 765 767 759
f 769 766 714
f 769 768 767
f 769 770 768
f 767 768 760
f 767 760 759
f 770 795 768
f 768 786 760
f 770 769 715
f 796 770 716
f 771 772 706
f 772 773 707
f 777 772 771
f 776 777 771
f 780 773 772
f 777 780 772
f 773 774 711
f 774 775 712
f 781 774 773
f 780 781 773
f 782 775 774
f 781 782 774
f 779 777 776
f 778 779 776
f 779 783 777
f 783 780 777
f 802 779 778
f 803 783 779
f 783 784 780
f 784 781 780
f 784 785 781
f 785 782 781
f 804 784 783
f 805 785 784
f 788 806 801
f 787 788 763
f 786 787 760
f 788 801 764
f 791 792 787
f 791 787 786
f 789 791 786
f 792 788 787
f 788 792 806
f 792 808 806
f 794 2616 808
f 793 794 791
f 793 791 789
f 790 793 789
f 794 792 791
f 792 794 808
f 2603 793 790
f 2604 794 793
f 796 795 770
f 768 795 786
f 796 797 795
f 796 799 797
f 795 789 786
f 795 797 789
f 799 796 717
f 799 798 797
f 799 800 798
f 797 790 789
f 797 798 790
f 800 2610 798
f 798 2601 790
f 800 799 718
f 2612 800 719
f 801 802 778
f 802 803 779
f 807 802 801
f 806 807 801
f 810 803 802
f 807 810 802
f 803 804 783
f 804 805 784
f 811 804 803
f 810 811 803
f 811 814 804
f 814 805 804
f 809 807 806
f 808 809 806
f 812 810 807
f 809 812 807
f 2617 809 808
f 2620 812 809
f 813 811 810
f 812 813 810
f 2621 813 812
f 815 814 811
f 813 815 811
f 2623 815 813
f 822 817 297
f 825 820 822
f 301 816 299
f 817 816 301
f 299 816 618
f 817 818 816
f 817 820 818
f 816 818 619
f 817 301 297
f 820 817 822
f 827 821 825
f 820 819 818
f 820 821 819
f 818 819 620
f 821 820 825
f 305 822 297
f 823 822 305
f 823 825 822
f 823 826 825
f 307 823 305
f 824 823 307
f 824 826 823
f 824 829 826
f 826 827 825
f 826 828 827
f 829 828 826
f 829 830 828
f 837 832 827
f 821 831 819
f 832 831 821
f 819 831 636
f 832 833 831
f 832 835 833
f 831 833 637
f 832 821 827
f 835 832 837
f 840 835 837
f 835 834 833
f 833 638 637
f 836 864 834
f 833 834 638
f 834 720 638
f 836 835 840
f 835 836 834
f 841 836 840
f 841 865 836
f 828 837 827
f 828 838 837
f 838 840 837
f 838 843 840
f 839 838 830
f 830 838 828
f 839 842 843
f 839 843 838
f 843 841 840
f 844 870 841
f 843 844 841
f 842 844 843
f 842 855 844
f 855 871 844
f 319 824 307
f 845 824 319
f 845 829 824
f 845 846 829
f 323 845 319
f 848 845 323
f 848 846 845
f 848 850 846
f 846 830 829
f 846 847 830
f 850 847 846
f 850 851 847
f 325 848 323
f 849 848 325
f 849 850 848
f 849 852 850
f 1260 849 325
f 1260 1790 849
f 1790 852 849
f 1790 1792 852
f 852 851 850
f 852 853 851
f 1792 853 852
f 1792 1793 853
f 847 839 830
f 847 854 839
f 854 842 839
f 854 856 842
f 851 854 847
f 858 854 851
f 858 856 854
f 858 860 856
f 856 855 842
f 857 888 855
f 856 857 855
f 860 857 856
f 861 889 857
f 860 861 857
f 853 858 851
f 853 859 858
f 859 860 858
f 859 862 860
f 1793 859 853
f 1793 1802 859
f 1802 862 859
f 1802 1804 862
f 862 861 860
f 863 894 861
f 862 863 861
f 1804 863 862
f 1804 1805 863
f 1805 895 863
f 834 864 720
f 864 721 720
f 864 866 721
f 865 866 864
f 865 864 836
f 870 865 841
f 865 868 866
f 870 868 865
f 870 874 868
f 866 722 721
f 866 867 722
f 868 867 866
f 867 749 722
f 869 876 867
f 868 869 867
f 874 869 868
f 874 875 869
f 875 877 869
f 871 870 844
f 874 870 871
f 872 874 871
f 888 871 855
f 888 872 871
f 888 890 872
f 875 874 872
f 873 875 872
f 883 875 873
f 890 873 872
f 890 891 873
f 891 882 873
f 867 876 749
f 876 753 749
f 876 878 753
f 877 878 876
f 877 876 869
f 875 883 877
f 877 880 878
f 883 880 877
f 883 886 880
f 878 755 753
f 878 879 755
f 880 879 878
f 879 2769 755
f 881 2757 879
f 886 881 880
f 880 881 879
f 887 2759 881
f 882 883 873
f 886 883 882
f 884 886 882
f 900 882 891
f 900 884 882
f 900 902 884
f 885 887 884
f 902 885 884
f 902 903 885
f 903 2763 885
f 886 887 881
f 887 886 884
f 2765 887 885
f 857 889 888
f 889 890 888
f 889 892 890
f 894 889 861
f 894 892 889
f 894 896 892
f 892 891 890
f 892 893 891
f 893 900 891
f 896 893 892
f 896 897 893
f 897 901 893
f 895 894 863
f 895 896 894
f 895 898 896
f 1805 1844 895
f 1844 898 895
f 1844 1846 898
f 898 897 896
f 898 899 897
f 899 906 897
f 1846 899 898
f 1846 1847 899
f 1847 907 899
f 893 901 900
f 901 902 900
f 901 904 902
f 906 901 897
f 906 904 901
f 906 908 904
f 904 903 902
f 904 905 903
f 905 2787 903
f 908 905 904
f 908 909 905
f 909 2789 905
f 899 907 906
f 907 908 906
f 907 910 908
f 1847 1856 907
f 1856 910 907
f 1856 1858 910
f 910 909 908
f 910 911 909
f 911 2793 909
f 1858 911 910
f 1858 1859 911
f 1859 2795 911
f 912 433 221
f 673 912 221
f 912 913 433
f 915 912 673
f 680 915 673
f 913 435 433
f 913 914 435
f 915 917 912
f 917 913 912
f 917 919 913
f 914 437 435
f 914 921 437
f 919 914 913
f 916 915 680
f 683 916 680
f 918 917 915
f 916 918 915
f 918 920 917
f 920 919 917
f 921 442 437
f 922 443 442
f 921 922 442
f 923 921 914
f 919 923 914
f 925 922 921
f 923 925 921
f 922 927 443
f 925 928 922
f 924 923 919
f 926 925 923
f 920 924 919
f 924 926 923
f 926 929 925
f 927 446 443
f 927 948 446
f 928 927 922
f 928 951 927
f 929 928 925
f 929 952 928
f 930 916 683
f 703 930 683
f 932 930 703
f 710 932 703
f 930 931 916
f 931 918 916
f 931 936 918
f 932 933 930
f 933 931 930
f 933 939 931
f 936 920 918
f 939 936 931
f 713 934 710
f 934 932 710
f 935 933 932
f 934 935 932
f 988 934 713
f 935 941 933
f 989 935 934
f 941 939 933
f 936 937 920
f 937 924 920
f 938 926 924
f 937 938 924
f 940 937 936
f 939 940 936
f 940 943 937
f 938 945 926
f 943 938 937
f 943 946 938
f 994 941 935
f 942 940 939
f 941 942 939
f 995 942 941
f 942 944 940
f 944 943 940
f 996 944 942
f 944 947 943
f 945 929 926
f 946 945 938
f 947 946 943
f 1003 947 944
f 948 469 446
f 949 470 469
f 948 949 469
f 951 948 927
f 953 949 948
f 951 953 948
f 950 472 470
f 949 950 470
f 955 950 949
f 953 955 949
f 950 957 472
f 955 960 950
f 952 951 928
f 954 953 951
f 952 954 951
f 956 955 953
f 954 956 953
f 956 962 955
f 957 478 472
f 957 958 478
f 958 479 478
f 960 957 950
f 960 961 957
f 961 958 957
f 959 481 479
f 958 959 479
f 959 1066 481
f 964 959 958
f 961 964 958
f 964 1069 959
f 962 960 955
f 963 961 960
f 962 963 960
f 965 964 961
f 963 965 961
f 966 952 929
f 945 966 929
f 966 967 952
f 967 954 952
f 969 966 945
f 946 969 945
f 971 967 966
f 969 971 966
f 968 956 954
f 967 968 954
f 973 968 967
f 971 973 967
f 968 975 956
f 973 978 968
f 970 969 946
f 972 971 969
f 947 970 946
f 1019 970 947
f 970 972 969
f 1020 972 970
f 974 973 971
f 972 974 971
f 1021 974 972
f 974 980 973
f 975 962 956
f 975 976 962
f 976 963 962
f 976 977 963
f 978 975 968
f 978 979 975
f 979 976 975
f 979 982 976
f 977 965 963
f 982 977 976
f 980 978 973
f 981 979 978
f 980 981 978
f 1030 980 974
f 981 983 979
f 1031 981 980
f 983 982 979
f 1032 983 981
f 1066 575 481
f 1069 1066 959
f 984 1069 964
f 965 984 964
f 977 985 965
f 985 984 965
f 986 985 977
f 982 986 977
f 987 986 982
f 983 987 982
f 1057 987 983
f 775 988 713
f 988 989 934
f 989 994 935
f 990 988 775
f 782 990 775
f 990 991 988
f 991 989 988
f 991 997 989
f 992 990 782
f 785 992 782
f 992 993 990
f 993 991 990
f 993 999 991
f 1004 992 785
f 1005 993 992
f 997 994 989
f 994 995 941
f 995 996 942
f 997 998 994
f 998 995 994
f 996 1003 944
f 1001 996 995
f 998 1001 995
f 1001 1022 996
f 999 997 991
f 1009 999 993
f 999 1000 997
f 1000 998 997
f 1010 1000 999
f 1000 1002 998
f 1002 1001 998
f 1002 1024 1001
f 1011 1002 1000
f 1039 1024 1002
f 1022 1003 996
f 1024 1022 1001
f 805 1004 785
f 1004 1005 992
f 1006 1004 805
f 814 1006 805
f 1006 1007 1004
f 1007 1005 1004
f 1008 1006 814
f 815 1008 814
f 1008 1012 1006
f 1012 1007 1006
f 2865 1008 815
f 2868 1012 1008
f 1005 1009 993
f 1013 1009 1005
f 1007 1013 1005
f 1009 1010 999
f 1015 1010 1009
f 1013 1015 1009
f 1010 1011 1000
f 1011 1039 1002
f 1016 1011 1010
f 1015 1016 1010
f 1043 1039 1011
f 1016 1043 1011
f 1014 1013 1007
f 1012 1014 1007
f 2870 1014 1012
f 1017 1015 1013
f 1014 1017 1013
f 2872 1017 1014
f 1018 1016 1015
f 1017 1018 1015
f 1045 1043 1016
f 1018 1045 1016
f 2873 1018 1017
f 2895 1045 1018
f 1003 1019 947
f 1019 1020 970
f 1023 1019 1003
f 1022 1023 1003
f 1026 1020 1019
f 1023 1026 1019
f 1020 1021 972
f 1028 1021 1020
f 1026 1028 1020
f 1021 1030 974
f 1028 1033 1021
f 1024 1025 1022
f 1025 1023 1022
f 1027 1026 1023
f 1025 1027 1023
f 1040 1025 1024
f 1041 1027 1025
f 1029 1028 1026
f 1027 1029 1026
f 1042 1029 1027
f 1029 1035 1028
f 1030 1031 980
f 1031 1032 981
f 1033 1030 1021
f 1033 1034 1030
f 1034 1031 1030
f 1034 1037 1031
f 1037 1032 1031
f 1035 1033 1028
f 1035 1036 1033
f 1036 1034 1033
f 1036 1038 1034
f 1051 1035 1029
f 1052 1036 1035
f 1038 1037 1034
f 1060 1038 1036
f 1039 1040 1024
f 1040 1041 1025
f 1044 1040 1039
f 1043 1044 1039
f 1047 1041 1040
f 1044 1047 1040
f 1041 1042 1027
f 1049 1042 1041
f 1047 1049 1041
f 1042 1051 1029
f 1053 1051 1042
f 1049 1053 1042
f 1046 1044 1043
f 1045 1046 1043
f 1048 1047 1044
f 1046 1048 1044
f 2896 1046 1045
f 2899 1048 1046
f 1050 1049 1047
f 1048 1050 1047
f 2901 1050 1048
f 1055 1053 1049
f 1050 1055 1049
f 2908 1055 1050
f 1051 1052 1035
f 1052 1060 1036
f 1053 1054 1051
f 1054 1052 1051
f 1062 1060 1052
f 1054 1062 1052
f 1055 1056 1053
f 1056 1054 1053
f 1064 1062 1054
f 1064 1054 1056
f 2909 1056 1055
f 2932 1064 1056
f 1032 1057 983
f 1037 1058 1032
f 1058 1057 1032
f 1038 1059 1037
f 1059 1058 1037
f 1059 1126 1058
f 1061 1059 1038
f 1060 1061 1038
f 1061 1137 1059
f 1062 1063 1060
f 1063 1061 1060
f 1063 1140 1061
f 1065 1063 1062
f 1065 1062 1064
f 1065 1141 1063
f 2933 1065 1064
f 1067 576 575
f 1066 1067 575
f 1067 1068 576
f 1070 1067 1066
f 1069 1070 1066
f 1070 1072 1067
f 1068 578 576
f 1076 584 578
f 1068 1076 578
f 1072 1068 1067
f 1074 1076 1068
f 1072 1074 1068
f 1071 1070 1069
f 984 1071 1069
f 1073 1070 1071
f 1073 1072 1070
f 1075 1074 1072
f 1073 1075 1072
f 1076 1077 584
f 1077 585 584
f 1074 1079 1076
f 1079 1077 1076
f 1078 587 585
f 1077 1078 585
f 1078 1098 587
f 1081 1078 1077
f 1079 1081 1077
f 1081 1100 1078
f 1080 1079 1074
f 1075 1080 1074
f 1082 1081 1079
f 1080 1082 1079
f 1082 1101 1081
f 985 1083 984
f 1083 1071 984
f 1083 1084 1071
f 1086 1083 985
f 986 1086 985
f 1088 1084 1083
f 1086 1088 1083
f 1084 1073 1071
f 1084 1085 1073
f 1088 1090 1084
f 1085 1075 1073
f 1090 1085 1084
f 1087 1086 986
f 1089 1088 1086
f 987 1087 986
f 1122 1087 987
f 1087 1089 1086
f 1123 1089 1087
f 1089 1091 1088
f 1091 1090 1088
f 1124 1091 1089
f 1085 1092 1075
f 1092 1080 1075
f 1092 1093 1080
f 1094 1092 1085
f 1090 1094 1085
f 1094 1096 1092
f 1093 1082 1080
f 1093 1110 1082
f 1096 1093 1092
f 1096 1111 1093
f 1095 1094 1090
f 1091 1095 1090
f 1131 1095 1091
f 1097 1094 1095
f 1097 1096 1094
f 1132 1097 1095
f 1097 1112 1096
f 1098 603 587
f 1098 1099 603
f 1100 1098 1078
f 1100 1102 1098
f 1099 605 603
f 1102 1099 1098
f 1101 1100 1081
f 1101 1103 1100
f 1103 1102 1100
f 1099 1104 605
f 1102 1106 1099
f 1107 1106 1102
f 1103 1107 1102
f 1104 609 605
f 1104 1105 609
f 1106 1104 1099
f 1108 1105 1104
f 1106 1108 1104
f 1105 611 609
f 1105 2102 611
f 1108 2104 1105
f 1109 1108 1106
f 1107 1109 1106
f 1109 2105 1108
f 1110 1101 1082
f 1110 1113 1101
f 1111 1110 1093
f 1111 1114 1110
f 1113 1103 1101
f 1112 1111 1096
f 1152 1112 1097
f 1113 1116 1103
f 1116 1107 1103
f 1114 1113 1110
f 1118 1116 1113
f 1114 1118 1113
f 1115 1114 1111
f 1112 1115 1111
f 1153 1115 1112
f 1119 1118 1114
f 1115 1119 1114
f 1158 1119 1115
f 1116 1117 1107
f 1117 1109 1107
f 1120 1117 1116
f 1118 1120 1116
f 1117 2114 1109
f 1120 2116 1117
f 1121 1120 1118
f 1119 1121 1118
f 1159 1121 1119
f 1121 2117 1120
f 1057 1122 987
f 1122 1123 1087
f 1058 1125 1057
f 1125 1122 1057
f 1127 1123 1122
f 1125 1127 1122
f 1123 1124 1089
f 1127 1129 1123
f 1129 1124 1123
f 1126 1125 1058
f 1126 1128 1125
f 1128 1127 1125
f 1137 1126 1059
f 1138 1128 1126
f 1128 1130 1127
f 1130 1129 1127
f 1139 1130 1128
f 1124 1131 1091
f 1131 1132 1095
f 1133 1131 1124
f 1129 1133 1124
f 1133 1135 1131
f 1132 1152 1097
f 1135 1132 1131
f 1135 1154 1132
f 1130 1134 1129
f 1134 1133 1129
f 1134 1136 1133
f 1146 1134 1130
f 1136 1135 1133
f 1136 1155 1135
f 1155 1154 1135
f 1147 1136 1134
f 1164 1155 1136
f 1137 1138 1126
f 1140 1137 1061
f 1142 1138 1137
f 1140 1142 1137
f 1138 1139 1128
f 1139 1146 1130
f 1144 1139 1138
f 1142 1144 1138
f 1144 1148 1139
f 1141 1140 1063
f 1141 1143 1140
f 1143 1142 1140
f 3029 1141 1065
f 3031 1143 1141
f 1145 1144 1142
f 1143 1145 1142
f 1145 1149 1144
f 3033 1145 1143
f 1146 1147 1134
f 1148 1146 1139
f 1148 1150 1146
f 1147 1164 1136
f 1150 1147 1146
f 1150 1166 1147
f 1149 1148 1144
f 1149 1151 1148
f 3038 1149 1145
f 3040 1151 1149
f 1151 1150 1148
f 1166 1164 1147
f 1167 1166 1150
f 1151 1167 1150
f 3057 1167 1151
f 1154 1152 1132
f 1152 1153 1112
f 1156 1153 1152
f 1154 1156 1152
f 1153 1158 1115
f 1160 1158 1153
f 1156 1160 1153
f 1155 1157 1154
f 1157 1156 1154
f 1165 1157 1155
f 1157 1161 1156
f 1161 1160 1156
f 1170 1161 1157
f 1158 1159 1119
f 1162 1159 1158
f 1160 1162 1158
f 1159 2150 1121
f 1162 2152 1159
f 1161 1163 1160
f 1163 1162 1160
f 1171 1163 1161
f 1163 2153 1162
f 1164 1165 1155
f 1168 1165 1164
f 1166 1168 1164
f 1165 1170 1157
f 1172 1170 1165
f 1168 1172 1165
f 1169 1168 1166
f 1167 1169 1166
f 3059 1169 1167
f 1173 1172 1168
f 1169 1173 1168
f 3063 1173 1169
f 1170 1171 1161
f 1172 1174 1170
f 1174 1171 1170
f 1171 2162 1163
f 1174 2164 1171
f 1175 1174 1172
f 1173 1175 1172
f 3065 1175 1173
f 2165 2164 1174
f 1175 2165 1174
f 4052 2165 1175
f 1176 1178 1177
f 1179 1180 1177
f 1178 1179 1177
f 1184 1179 1178
f 1185 1182 1179
f 1182 1181 1180
f 1179 1182 1180
f 1182 1183 1181
f 1188 1183 1182
f 1184 1185 1179
f 1186 1185 1184
f 1186 1187 1185
f 1187 1188 1185
f 1204 1187 1186
f 1204 1206 1187
f 1206 1191 1187
f 1185 1188 1182
f 1188 1189 1183
f 1191 1189 1188
f 1187 1191 1188
f 1191 1190 1189
f 1210 1191 1206
f 1210 1190 1191
f 1210 1211 1190
f 1244 1178 1176
f 1244 1184 1178
f 1244 1186 1184
f 1244 1204 1186
f 1244 1205 1204
f 1244 1208 1205
f 1183 1192 1181
f 1193 1194 1192
f 1193 1192 1183
f 1189 1193 1183
f 1198 1196 1193
f 1196 1195 1194
f 1193 1196 1194
f 1200 1197 1196
f 1196 1197 1195
f 1189 1198 1193
f 1190 1198 1189
f 1199 1200 1198
f 1199 1198 1190
f 1228 1202 1199
f 1211 1199 1190
f 1228 1199 1211
f 1198 1200 1196
f 1202 1201 1200
f 1200 1201 1197
f 1199 1202 1200
f 1231 1203 1202
f 1202 1203 1201
f 1228 1231 1202
f 1231 1232 1203
f 1205 1206 1204
f 1205 1207 1206
f 1207 1210 1206
f 1208 1207 1205
f 1208 1209 1207
f 1216 1209 1208
f 1209 1212 1207
f 1207 1212 1210
f 1212 1211 1210
f 1212 1214 1211
f 1209 1213 1212
f 1213 1214 1212
f 1213 1215 1214
f 1216 1217 1209
f 1217 1213 1209
f 1217 1222 1213
f 1222 1215 1213
f 1222 1223 1215
f 1244 1216 1208
f 1244 1218 1216
f 1218 1217 1216
f 1218 1220 1217
f 1220 1222 1217
f 1219 1220 1218
f 1219 1221 1220
f 1221 1224 1220
f 1224 1222 1220
f 1224 1223 1222
f 1221 1225 1224
f 1224 1226 1223
f 1225 1226 1224
f 1225 1227 1226
f 1214 1228 1211
f 1214 1229 1228
f 1229 1231 1228
f 1215 1229 1214
f 1230 1229 1215
f 1230 1233 1229
f 1233 1231 1229
f 1233 1232 1231
f 1233 1235 1232
f 1233 1234 1235
f 1230 1234 1233
f 1234 1236 1235
f 1223 1230 1215
f 1223 1237 1230
f 1237 1234 1230
f 1237 1238 1234
f 1238 1236 1234
f 1238 1239 1236
f 1226 1237 1223
f 1240 1238 1237
f 1240 1237 1226
f 1227 1240 1226
f 1241 1240 1227
f 1241 1242 1240
f 1242 1239 1238
f 1240 1242 1238
f 1322 1242 1241
f 1322 1243 1242
f 1242 1243 1239
f 1322 1324 1243
f 1244 1219 1218
f 1244 1299 1219
f 1244 1301 1299
f 1244 1302 1301
f 1244 1311 1302
f 1244 1313 1311
f 1244 1336 1313
f 1197 1245 1195
f 1246 1247 1245
f 1246 1245 1197
f 1201 1246 1197
f 1251 1249 1246
f 1249 1248 1247
f 1246 1249 1247
f 1253 1250 1249
f 1249 1250 1248
f 1251 1246 1201
f 1203 1251 1201
f 1252 1253 1251
f 1252 1251 1203
f 1232 1252 1203
f 1269 1255 1252
f 1251 1253 1249
f 1255 1254 1253
f 1253 1254 1250
f 1252 1255 1253
f 1272 1256 1255
f 1255 1256 1254
f 1250 1257 1248
f 1258 1259 1257
f 1258 1257 1250
f 1254 1258 1250
f 1258 1261 1259
f 1263 1261 1258
f 1261 1260 1259
f 1265 1262 1261
f 1261 1262 1260
f 1254 1263 1258
f 1256 1263 1254
f 1263 1265 1261
f 1264 1265 1263
f 1264 1263 1256
f 1273 1264 1256
f 1264 1267 1265
f 1284 1267 1264
f 1267 1266 1265
f 1265 1266 1262
f 1286 1268 1267
f 1267 1268 1266
f 1232 1269 1252
f 1235 1269 1232
f 1270 1269 1235
f 1270 1272 1269
f 1236 1270 1235
f 1271 1270 1236
f 1271 1274 1270
f 1269 1272 1255
f 1272 1273 1256
f 1274 1272 1270
f 1274 1273 1272
f 1274 1275 1273
f 1277 1275 1274
f 1271 1277 1274
f 1277 1279 1275
f 1239 1271 1236
f 1276 1271 1239
f 1243 1276 1239
f 1276 1277 1271
f 1276 1281 1278
f 1278 1279 1277
f 1276 1278 1277
f 1278 1280 1279
f 1282 1280 1278
f 1281 1276 1243
f 1324 1281 1243
f 1411 1281 1324
f 1411 1282 1281
f 1281 1282 1278
f 1415 1282 1411
f 1415 1283 1282
f 1282 1283 1280
f 1415 1417 1283
f 1273 1284 1264
f 1284 1286 1267
f 1285 1286 1284
f 1275 1284 1273
f 1285 1284 1275
f 1279 1285 1275
f 1290 1285 1279
f 1285 1288 1286
f 1290 1288 1285
f 1292 1288 1290
f 1288 1287 1286
f 1286 1287 1268
f 1292 1289 1288
f 1288 1289 1287
f 1292 1294 1289
f 1280 1290 1279
f 1280 1291 1290
f 1291 1292 1290
f 1291 1293 1292
f 1283 1291 1280
f 1283 1297 1291
f 1297 1293 1291
f 1297 1298 1293
f 1292 1293 1294
f 1293 1295 1294
f 1298 1295 1293
f 1298 1296 1295
f 1417 1297 1283
f 1429 1297 1417
f 1429 1298 1297
f 1432 1296 1298
f 1299 1221 1219
f 1299 1300 1221
f 1301 1300 1299
f 1300 1225 1221
f 1303 1305 1300
f 1301 1303 1300
f 1302 1303 1301
f 1302 1304 1303
f 1304 1307 1303
f 1300 1305 1225
f 1305 1227 1225
f 1305 1306 1227
f 1307 1306 1305
f 1307 1305 1303
f 1307 1309 1306
f 1304 1308 1307
f 1308 1309 1307
f 1308 1310 1309
f 1311 1304 1302
f 1311 1312 1304
f 1313 1312 1311
f 1313 1314 1312
f 1312 1308 1304
f 1314 1315 1312
f 1336 1314 1313
f 1337 1317 1314
f 1312 1315 1308
f 1314 1317 1315
f 1315 1310 1308
f 1315 1316 1310
f 1317 1316 1315
f 1317 1318 1316
f 1338 1318 1317
f 1306 1241 1227
f 1306 1319 1241
f 1309 1319 1306
f 1319 1322 1241
f 1320 1323 1319
f 1320 1319 1309
f 1310 1320 1309
f 1321 1320 1310
f 1321 1326 1320
f 1319 1323 1322
f 1323 1324 1322
f 1323 1326 1325
f 1323 1325 1324
f 1326 1323 1320
f 1326 1328 1325
f 1321 1327 1326
f 1327 1328 1326
f 1327 1329 1328
f 1316 1321 1310
f 1316 1330 1321
f 1318 1330 1316
f 1318 1331 1330
f 1330 1327 1321
f 1331 1332 1330
f 1339 1331 1318
f 1340 1334 1331
f 1332 1329 1327
f 1330 1332 1327
f 1331 1334 1332
f 1334 1333 1332
f 1332 1333 1329
f 1334 1335 1333
f 1341 1335 1334
f 1244 1343 1336
f 1244 1344 1343
f 1244 1347 1344
f 1343 1337 1336
f 1336 1337 1314
f 1345 1338 1337
f 1337 1338 1317
f 1338 1339 1318
f 1351 1339 1338
f 1244 1348 1347
f 1244 1359 1348
f 1244 1363 1359
f 1244 1365 1363
f 1244 1367 1365
f 1244 1368 1367
f 5421 1368 1244
f 5423 5421 1244
f 1340 1331 1339
f 1353 1340 1339
f 1381 1341 1340
f 1340 1341 1334
f 1385 1342 1341
f 1341 1342 1335
f 1385 1387 1342
f 1343 1345 1337
f 1344 1345 1343
f 1344 1346 1345
f 1346 1351 1345
f 1344 1347 1346
f 1349 1352 1346
f 1347 1349 1346
f 1348 1349 1347
f 1348 1350 1349
f 1349 1350 1355
f 1351 1338 1345
f 1346 1352 1351
f 1351 1353 1339
f 1352 1353 1351
f 1352 1354 1353
f 1355 1354 1352
f 1349 1355 1352
f 1350 1356 1355
f 1355 1357 1354
f 1356 1357 1355
f 1356 1358 1357
f 1361 1358 1356
f 1348 1359 1350
f 1359 1360 1350
f 1359 1363 1360
f 1360 1356 1350
f 1364 1361 1360
f 1360 1361 1356
f 1361 1362 1358
f 1371 1362 1361
f 1365 1364 1363
f 1363 1364 1360
f 1366 1371 1364
f 1365 1366 1364
f 1367 1366 1365
f 1367 1369 1366
f 1369 1374 1366
f 1368 1369 1367
f 1368 1370 1369
f 5421 1370 1368
f 1370 1375 1369
f 5422 1376 1370
f 1364 1371 1361
f 1366 1374 1371
f 1371 1372 1362
f 1374 1372 1371
f 1374 1373 1372
f 1369 1375 1374
f 1375 1373 1374
f 1375 1378 1373
f 1370 1376 1375
f 1377 1376 5422
f 1375 1376 1378
f 1376 1379 1378
f 1377 1379 1376
f 1377 1380 1379
f 1381 1340 1353
f 1354 1381 1353
f 1357 1382 1354
f 1354 1382 1381
f 1382 1385 1381
f 1383 1386 1382
f 1358 1383 1357
f 1383 1382 1357
f 1384 1383 1358
f 1362 1384 1358
f 1362 1394 1384
f 1384 1389 1383
f 1394 1390 1384
f 1385 1341 1381
f 1386 1387 1385
f 1382 1386 1385
f 1389 1388 1386
f 1386 1388 1387
f 1389 1391 1388
f 1389 1386 1383
f 1384 1390 1389
f 1390 1391 1389
f 1394 1395 1390
f 1395 1392 1390
f 1390 1392 1391
f 1395 1393 1392
f 1372 1394 1362
f 1372 1396 1394
f 1373 1396 1372
f 1397 1396 1373
f 1396 1395 1394
f 1397 1401 1396
f 1398 1402 1397
f 1378 1397 1373
f 1398 1397 1378
f 1379 1398 1378
f 1379 1399 1398
f 1380 1399 1379
f 1400 1399 1380
f 1399 1405 1398
f 1400 1406 1399
f 1396 1401 1395
f 1401 1393 1395
f 1401 1402 1403
f 1397 1402 1401
f 1405 1404 1402
f 1401 1403 1393
f 1402 1404 1403
f 1405 1408 1404
f 1405 1402 1398
f 1399 1406 1405
f 1406 1408 1405
f 1406 1407 1409
f 1407 1406 1400
f 1406 1409 1408
f 1407 1410 1409
f 1325 1411 1324
f 1328 1412 1325
f 1325 1412 1411
f 1412 1415 1411
f 1413 1416 1412
f 1413 1412 1328
f 1329 1413 1328
f 1414 1413 1329
f 1414 1420 1413
f 1416 1417 1415
f 1412 1416 1415
f 1420 1418 1416
f 1416 1418 1417
f 1413 1420 1416
f 1420 1419 1418
f 1421 1420 1414
f 1421 1419 1420
f 1421 1425 1419
f 1333 1414 1329
f 1422 1414 1333
f 1335 1422 1333
f 1335 1423 1422
f 1422 1421 1414
f 1423 1424 1422
f 1422 1424 1421
f 1424 1425 1421
f 1423 1427 1424
f 1427 1426 1424
f 1424 1426 1425
f 1427 1428 1426
f 1418 1429 1417
f 1418 1430 1429
f 1430 1432 1429
f 1432 1298 1429
f 1430 1433 1432
f 1419 1430 1418
f 1431 1430 1419
f 1431 1433 1430
f 1431 1436 1433
f 1425 1431 1419
f 1438 1431 1425
f 1438 1436 1431
f 1441 1436 1438
f 1433 1434 1432
f 1432 1434 1296
f 1433 1435 1434
f 1436 1435 1433
f 1436 1437 1435
f 1441 1437 1436
f 1441 1443 1437
f 1426 1438 1425
f 1426 1439 1438
f 1428 1439 1426
f 1428 1440 1439
f 1439 1441 1438
f 1439 1442 1441
f 1440 1442 1439
f 1440 1445 1442
f 1449 1440 1428
f 1450 1445 1440
f 1442 1443 1441
f 1445 1444 1442
f 1442 1444 1443
f 1445 1446 1444
f 1451 1446 1445
f 1342 1423 1335
f 1447 1423 1342
f 1387 1447 1342
f 1453 1447 1387
f 1447 1427 1423
f 1453 1448 1447
f 1447 1448 1427
f 1448 1428 1427
f 1458 1448 1453
f 1458 1449 1448
f 1448 1449 1428
f 1458 1460 1449
f 1450 1440 1449
f 1460 1450 1449
f 1483 1450 1460
f 1450 1451 1445
f 1483 1451 1450
f 1488 1451 1483
f 1488 1452 1451
f 1451 1452 1446
f 1488 1490 1452
f 1388 1453 1387
f 1388 1454 1453
f 1391 1454 1388
f 1454 1458 1453
f 1455 1459 1454
f 1455 1454 1391
f 1392 1455 1391
f 1456 1455 1392
f 1393 1456 1392
f 1457 1456 1393
f 1456 1463 1455
f 1457 1464 1456
f 1454 1459 1458
f 1459 1460 1458
f 1463 1461 1459
f 1459 1461 1460
f 1463 1459 1455
f 1463 1462 1461
f 1456 1464 1463
f 1464 1462 1463
f 1465 1464 1457
f 1465 1466 1464
f 1464 1466 1462
f 1467 1466 1465
f 1473 1467 1465
f 1403 1457 1393
f 1404 1468 1403
f 1468 1457 1403
f 1408 1469 1404
f 1469 1468 1404
f 1470 1469 1408
f 1468 1465 1457
f 1469 1473 1468
f 1470 1474 1469
f 1409 1470 1408
f 1409 1471 1470
f 1410 1471 1409
f 1472 1471 1410
f 1471 1477 1470
f 1472 1479 1471
f 1473 1465 1468
f 1474 1475 1473
f 1469 1474 1473
f 1477 1474 1470
f 1477 1476 1474
f 1473 1475 1467
f 1474 1476 1475
f 1477 1478 1476
f 1479 1478 1477
f 1479 1481 1478
f 1471 1479 1477
f 1472 1480 1479
f 1480 1481 1479
f 1480 1482 1481
f 1461 1483 1460
f 1461 1484 1483
f 1462 1484 1461
f 1484 1488 1483
f 1484 1489 1488
f 1485 1489 1484
f 1485 1484 1462
f 1492 1489 1485
f 1466 1485 1462
f 1466 1486 1485
f 1467 1486 1466
f 1487 1486 1467
f 1486 1492 1485
f 1486 1494 1492
f 1487 1494 1486
f 1487 1495 1494
f 1489 1490 1488
f 1492 1491 1489
f 1489 1491 1490
f 1492 1493 1491
f 1494 1493 1492
f 1495 1496 1494
f 1494 1496 1493
f 1495 1497 1496
f 1475 1487 1467
f 1499 1487 1475
f 1499 1495 1487
f 1504 1495 1499
f 1504 1497 1495
f 1504 1498 1497
f 1476 1499 1475
f 1476 1500 1499
f 1476 1478 1500
f 1478 1501 1500
f 1500 1504 1499
f 1501 1505 1500
f 1500 1505 1504
f 1501 1507 1505
f 1481 1501 1478
f 1481 1502 1501
f 1502 1507 1501
f 1502 1508 1507
f 1503 1508 1502
f 1482 1502 1481
f 1503 1502 1482
f 1512 1508 1503
f 1505 1498 1504
f 1507 1506 1505
f 1505 1506 1498
f 1507 1509 1506
f 1508 1509 1507
f 1512 1510 1508
f 1508 1510 1509
f 1512 1511 1510
f 1513 1244 534
f 1513 1515 1244
f 1515 1521 1244
f 1521 1523 1244
f 1523 1541 1244
f 1541 1542 1244
f 1542 1545 1244
f 1545 1547 1244
f 1547 1651 1244
f 1653 1660 1244
f 1651 1653 1244
f 1660 1659 1244
f 1514 1513 534
f 1514 1517 1513
f 1516 1514 535
f 1517 1515 1513
f 1519 1517 1514
f 1516 1519 1514
f 1518 1516 538
f 1517 1522 1515
f 1518 1520 1516
f 1519 1525 1517
f 1520 1519 1516
f 1520 1526 1519
f 1522 1521 1515
f 1522 1524 1521
f 1525 1522 1517
f 1524 1523 1521
f 1524 1553 1523
f 1527 1524 1522
f 1525 1527 1522
f 1526 1525 1519
f 1526 1528 1525
f 1527 1554 1524
f 1528 1527 1525
f 1528 1555 1527
f 1529 1518 539
f 1529 1530 1518
f 1531 1529 547
f 1530 1520 1518
f 1530 1535 1520
f 1533 1530 1529
f 1532 1531 550
f 1531 1533 1529
f 1532 1534 1531
f 1534 1533 1531
f 1533 1537 1530
f 1534 1538 1533
f 1535 1526 1520
f 1535 1536 1526
f 1537 1535 1530
f 1536 1528 1526
f 1536 1561 1528
f 1539 1536 1535
f 1538 1537 1533
f 1537 1539 1535
f 1538 1540 1537
f 1540 1539 1537
f 1539 1563 1536
f 1540 1564 1539
f 1553 1543 1541
f 1543 1542 1541
f 1543 1546 1542
f 1544 1543 1553
f 1544 1549 1543
f 1556 1550 1544
f 1546 1545 1542
f 1545 1546 1548
f 1549 1546 1543
f 1545 1548 1547
f 1548 1652 1547
f 1546 1551 1548
f 1546 1549 1551
f 1550 1549 1544
f 1549 1550 1552
f 1551 1655 1548
f 1549 1552 1551
f 1552 1656 1551
f 1553 1541 1523
f 1554 1553 1524
f 1554 1544 1553
f 1555 1554 1527
f 1555 1556 1554
f 1556 1544 1554
f 1557 1550 1556
f 1557 1558 1550
f 1550 1558 1552
f 1558 1667 1552
f 1559 1558 1557
f 1567 1559 1557
f 1568 1560 1567
f 1560 1559 1567
f 1559 1669 1558
f 1561 1555 1528
f 1561 1562 1555
f 1563 1561 1536
f 1562 1556 1555
f 1562 1557 1556
f 1565 1562 1561
f 1564 1563 1539
f 1563 1565 1561
f 1564 1566 1563
f 1566 1565 1563
f 1565 1567 1562
f 1566 1568 1565
f 1567 1557 1562
f 1568 1567 1565
f 1569 1532 551
f 1569 1570 1532
f 1571 1569 597
f 1570 1534 1532
f 1570 1575 1534
f 1573 1570 1569
f 1572 1571 598
f 1571 1573 1569
f 1572 1574 1571
f 1574 1573 1571
f 1573 1577 1570
f 1574 1578 1573
f 1575 1538 1534
f 1575 1576 1538
f 1577 1575 1570
f 1576 1540 1538
f 1576 1596 1540
f 1579 1576 1575
f 1578 1577 1573
f 1577 1579 1575
f 1578 1580 1577
f 1580 1579 1577
f 1579 1598 1576
f 1580 1599 1579
f 1581 1572 599
f 1581 1582 1572
f 1583 1581 607
f 1583 1585 1581
f 1582 1574 1572
f 1582 1587 1574
f 1585 1582 1581
f 1585 1589 1582
f 1584 1583 610
f 1584 1586 1583
f 1586 1585 1583
f 1586 1590 1585
f 1587 1578 1574
f 1587 1588 1578
f 1589 1587 1582
f 1589 1591 1587
f 1588 1580 1578
f 1588 1607 1580
f 1591 1588 1587
f 1591 1609 1588
f 1590 1589 1585
f 1590 1592 1589
f 1592 1591 1589
f 1592 1610 1591
f 1593 1560 1568
f 1594 1593 1602
f 1595 1594 1603
f 1596 1564 1540
f 1596 1597 1564
f 1598 1596 1576
f 1597 1566 1564
f 1597 1602 1566
f 1600 1597 1596
f 1599 1598 1579
f 1598 1600 1596
f 1599 1601 1598
f 1601 1600 1598
f 1600 1603 1597
f 1601 1604 1600
f 1602 1568 1566
f 1602 1593 1568
f 1603 1602 1597
f 1604 1603 1600
f 1603 1594 1602
f 1604 1595 1603
f 1607 1599 1580
f 1607 1608 1599
f 1609 1607 1588
f 1609 1611 1607
f 1608 1601 1599
f 1608 1613 1601
f 1611 1608 1607
f 1610 1609 1591
f 1610 1612 1609
f 1612 1611 1609
f 1613 1604 1601
f 1614 1613 1608
f 1611 1614 1608
f 1605 1595 1604
f 1613 1605 1604
f 1606 1605 1613
f 1614 1606 1613
f 1615 1614 1611
f 1612 1615 1611
f 1616 1606 1614
f 1615 1616 1614
f 5424 5423 1244
f 5427 5424 1244
f 5428 5427 1244
f 5439 5428 1244
f 1621 1617 1244
f 1617 5439 1244
f 1679 1681 1244
f 1687 1619 1244
f 1681 1687 1244
f 1659 1679 1244
f 1619 1621 1244
f 1377 5431 1380
f 1617 5440 5439
f 1621 1618 1617
f 1617 1618 5440
f 1618 1623 5440
f 1622 1624 1618
f 1619 1620 1622
f 1688 1620 1687
f 1620 1619 1687
f 1627 1620 1688
f 1619 1622 1621
f 1621 1622 1618
f 1620 1629 1622
f 1624 1623 1618
f 1624 1625 1623
f 1624 1626 1625
f 1629 1626 1624
f 1627 1629 1620
f 1689 1627 1688
f 1627 1628 1630
f 1628 1627 1689
f 1690 1628 1689
f 1622 1629 1624
f 1629 1630 1626
f 1627 1630 1629
f 5433 1400 1380
f 1631 1400 5433
f 1631 1407 1400
f 5441 1632 1631
f 1639 1636 5443
f 1631 1632 1407
f 1632 1410 1407
f 1633 1632 5441
f 1633 1634 1632
f 1633 5444 1635
f 1632 1634 1410
f 1633 1635 1634
f 1636 1637 5444
f 1636 1643 1638
f 5444 1637 1635
f 1636 1638 1637
f 1626 1639 1625
f 1639 5443 1625
f 1630 1640 1626
f 1640 1639 1626
f 1640 1643 1639
f 1642 1644 1640
f 1641 1642 1628
f 1641 1628 1690
f 1697 1641 1690
f 1647 1641 1697
f 1628 1642 1630
f 1630 1642 1640
f 1641 1649 1642
f 1639 1643 1636
f 1644 1645 1643
f 1649 1646 1644
f 1644 1643 1640
f 1643 1645 1638
f 1644 1646 1645
f 1647 1649 1641
f 1647 1650 1649
f 1698 1647 1697
f 1648 1647 1698
f 1647 1648 1650
f 1699 1648 1698
f 1642 1649 1644
f 1649 1650 1646
f 1652 1651 1547
f 1652 1654 1651
f 1655 1652 1548
f 1654 1661 1653
f 1654 1653 1651
f 1657 1654 1652
f 1655 1657 1652
f 1656 1655 1551
f 1656 1658 1655
f 1657 1663 1654
f 1658 1664 1657
f 1658 1657 1655
f 1662 1680 1659
f 1661 1660 1653
f 1661 1662 1660
f 1663 1661 1654
f 1662 1659 1660
f 1665 1662 1661
f 1665 1683 1662
f 1666 1684 1665
f 1663 1665 1661
f 1664 1663 1657
f 1664 1666 1663
f 1666 1665 1663
f 1667 1656 1552
f 1667 1668 1656
f 1669 1667 1558
f 1668 1658 1656
f 1671 1668 1667
f 1670 1669 1559
f 1560 1670 1559
f 1669 1671 1667
f 1672 1671 1669
f 1670 1672 1669
f 1674 1691 1666
f 1673 1664 1658
f 1668 1673 1658
f 1673 1674 1664
f 1675 1673 1668
f 1674 1666 1664
f 1677 1674 1673
f 1677 1693 1674
f 1678 1694 1677
f 1671 1675 1668
f 1676 1675 1671
f 1672 1676 1671
f 1675 1677 1673
f 1678 1677 1675
f 1676 1678 1675
f 1680 1679 1659
f 1679 1680 1682
f 1683 1680 1662
f 1688 1687 1681
f 1682 1688 1681
f 1679 1682 1681
f 1689 1688 1682
f 1680 1685 1682
f 1683 1685 1680
f 1684 1683 1665
f 1683 1684 1686
f 1685 1689 1682
f 1690 1689 1685
f 1686 1690 1685
f 1683 1686 1685
f 1691 1684 1666
f 1691 1692 1684
f 1693 1691 1674
f 1697 1690 1686
f 1692 1697 1686
f 1684 1692 1686
f 1698 1697 1692
f 1691 1695 1692
f 1694 1693 1677
f 1693 1695 1691
f 1693 1694 1696
f 1695 1698 1692
f 1699 1698 1695
f 1693 1696 1695
f 1696 1699 1695
f 1634 1472 1410
f 1700 1472 1634
f 1635 1700 1634
f 1637 1701 1635
f 1701 1700 1635
f 1472 1700 1480
f 1701 1704 1700
f 1702 1705 1701
f 1638 1702 1637
f 1702 1701 1637
f 1645 1703 1638
f 1703 1702 1638
f 1703 1708 1702
f 1713 1709 1703
f 1704 1482 1480
f 1700 1704 1480
f 1705 1706 1704
f 1705 1704 1701
f 1708 1707 1705
f 1704 1706 1482
f 1705 1707 1706
f 1702 1708 1705
f 1709 1710 1708
f 1709 1708 1703
f 1717 1711 1709
f 1708 1710 1707
f 1709 1711 1710
f 1646 1713 1645
f 1713 1703 1645
f 1650 1714 1646
f 1714 1713 1646
f 1714 1717 1713
f 1714 1716 1718
f 1648 1716 1650
f 1715 1716 1648
f 1715 1648 1699
f 1778 1715 1699
f 1715 1724 1716
f 1721 1715 1778
f 1650 1716 1714
f 1719 1717 1718
f 1713 1717 1709
f 1717 1714 1718
f 1716 1724 1718
f 1724 1720 1718
f 1717 1719 1711
f 1720 1719 1718
f 1724 1722 1720
f 1721 1724 1715
f 1721 1722 1724
f 1782 1721 1778
f 1723 1721 1782
f 1721 1723 1722
f 1723 1782 1712
f 1706 1503 1482
f 1707 1725 1706
f 1725 1503 1706
f 1726 1725 1707
f 1710 1726 1707
f 1725 1512 1503
f 1726 1729 1725
f 1725 1729 1512
f 1726 1727 1730
f 1726 1730 1729
f 1711 1727 1710
f 1710 1727 1726
f 1719 1728 1711
f 1728 1727 1711
f 1727 1733 1730
f 1727 1728 1733
f 1740 1734 1728
f 1728 1734 1733
f 1729 1511 1512
f 1730 1731 1729
f 1733 1732 1730
f 1729 1731 1511
f 1732 1731 1730
f 1733 1734 1735
f 1734 1744 1736
f 1733 1735 1732
f 1734 1736 1735
f 1744 1746 1736
f 1742 1748 1745
f 1740 1719 1720
f 1740 1728 1719
f 1741 1740 1720
f 1722 1741 1720
f 1722 1742 1741
f 1744 1740 1741
f 1740 1744 1734
f 1745 1744 1741
f 1742 1745 1741
f 1723 1742 1722
f 1743 1742 1723
f 1743 1723 1712
f 1737 1743 1712
f 1743 1748 1742
f 1749 1748 1743
f 1749 1743 1737
f 1738 1749 1737
f 1748 1750 1747
f 1744 1745 1746
f 1745 1748 1747
f 1745 1747 1746
f 1749 1750 1748
f 1749 1738 1751
f 1750 1749 1751
f 1738 1739 1751
f 1752 1670 1560
f 1593 1752 1560
f 1754 1752 1593
f 1753 1672 1670
f 1752 1753 1670
f 1756 1753 1752
f 1594 1754 1593
f 1755 1754 1594
f 1595 1755 1594
f 1754 1756 1752
f 1757 1756 1754
f 1755 1757 1754
f 1759 1776 1678
f 1758 1676 1672
f 1753 1758 1672
f 1760 1758 1753
f 1759 1678 1676
f 1758 1759 1676
f 1762 1759 1758
f 1762 1779 1759
f 1763 1780 1762
f 1756 1760 1753
f 1761 1760 1756
f 1757 1761 1756
f 1760 1762 1758
f 1763 1762 1760
f 1761 1763 1760
f 1764 1755 1595
f 1605 1764 1595
f 1766 1764 1605
f 1606 1766 1605
f 1765 1757 1755
f 1764 1765 1755
f 1768 1765 1764
f 1766 1768 1764
f 1767 1766 1606
f 1616 1767 1606
f 1769 1768 1766
f 1767 1769 1766
f 1771 1784 1763
f 1774 1786 1771
f 1770 1761 1757
f 1765 1770 1757
f 1772 1770 1765
f 1768 1772 1765
f 1771 1763 1761
f 1770 1771 1761
f 1774 1771 1770
f 1772 1774 1770
f 1775 1787 1774
f 1773 1772 1768
f 1769 1773 1768
f 1775 1774 1772
f 1773 1775 1772
f 1776 1694 1678
f 1776 1777 1694
f 1779 1776 1759
f 1778 1699 1696
f 1777 1778 1696
f 1694 1777 1696
f 1782 1778 1777
f 1776 1781 1777
f 1780 1779 1762
f 1779 1781 1776
f 1779 1780 1783
f 1781 1782 1777
f 1782 1781 1712
f 1779 1783 1781
f 1781 1783 1712
f 1784 1780 1763
f 1784 1785 1780
f 1786 1784 1771
f 1786 1788 1784
f 1785 1737 1783
f 1783 1737 1712
f 1780 1785 1783
f 1784 1788 1785
f 1785 1788 1738
f 1785 1738 1737
f 1786 1789 1788
f 1787 1786 1774
f 1786 1787 1789
f 1788 1739 1738
f 1788 1789 1739
f 1262 1790 1260
f 1791 1792 1790
f 1791 1790 1262
f 1266 1791 1262
f 1791 1794 1792
f 1796 1794 1791
f 1794 1793 1792
f 1798 1795 1794
f 1794 1795 1793
f 1796 1791 1266
f 1268 1796 1266
f 1796 1798 1794
f 1797 1798 1796
f 1797 1796 1268
f 1287 1797 1268
f 1797 1800 1798
f 1814 1800 1797
f 1800 1799 1798
f 1798 1799 1795
f 1816 1801 1800
f 1800 1801 1799
f 1795 1802 1793
f 1803 1804 1802
f 1803 1802 1795
f 1799 1803 1795
f 1803 1806 1804
f 1808 1806 1803
f 1806 1805 1804
f 1807 1844 1805
f 1810 1807 1806
f 1806 1807 1805
f 1811 1845 1807
f 1799 1808 1803
f 1801 1808 1799
f 1808 1810 1806
f 1809 1810 1808
f 1809 1808 1801
f 1817 1809 1801
f 1809 1812 1810
f 1829 1812 1809
f 1812 1811 1810
f 1810 1811 1807
f 1813 1850 1811
f 1831 1813 1812
f 1812 1813 1811
f 1832 1851 1813
f 1814 1797 1287
f 1289 1814 1287
f 1814 1816 1800
f 1815 1816 1814
f 1815 1814 1289
f 1815 1819 1816
f 1294 1815 1289
f 1820 1815 1294
f 1820 1819 1815
f 1823 1819 1820
f 1819 1817 1816
f 1816 1817 1801
f 1819 1818 1817
f 1823 1818 1819
f 1823 1824 1818
f 1295 1820 1294
f 1821 1820 1295
f 1821 1823 1820
f 1821 1825 1823
f 1296 1821 1295
f 1822 1821 1296
f 1822 1825 1821
f 1822 1826 1825
f 1825 1824 1823
f 1825 1827 1824
f 1826 1827 1825
f 1826 1828 1827
f 1434 1822 1296
f 1893 1826 1822
f 1896 1828 1826
f 1817 1829 1809
f 1818 1829 1817
f 1829 1831 1812
f 1830 1831 1829
f 1830 1829 1818
f 1830 1833 1831
f 1824 1830 1818
f 1830 1835 1833
f 1833 1832 1831
f 1831 1832 1813
f 1834 1868 1832
f 1838 1834 1833
f 1833 1834 1832
f 1839 1869 1834
f 1824 1835 1830
f 1827 1835 1824
f 1836 1835 1827
f 1835 1838 1833
f 1836 1838 1835
f 1840 1838 1836
f 1828 1836 1827
f 1828 1837 1836
f 1837 1840 1836
f 1837 1841 1840
f 1840 1839 1838
f 1838 1839 1834
f 1840 1842 1839
f 1842 1874 1839
f 1841 1842 1840
f 1843 1875 1842
f 1841 1843 1842
f 1845 1846 1844
f 1845 1844 1807
f 1845 1848 1846
f 1850 1848 1845
f 1848 1847 1846
f 1849 1856 1847
f 1848 1849 1847
f 1852 1849 1848
f 1853 1857 1849
f 1850 1845 1811
f 1850 1852 1848
f 1851 1852 1850
f 1851 1850 1813
f 1851 1854 1852
f 1868 1854 1851
f 1852 1853 1849
f 1854 1853 1852
f 1855 1862 1853
f 1854 1855 1853
f 1870 1855 1854
f 1871 1863 1855
f 1857 1858 1856
f 1857 1856 1849
f 1857 1860 1858
f 1862 1860 1857
f 1860 1859 1858
f 1861 3740 1859
f 1860 1861 1859
f 1864 1861 1860
f 1865 3742 1861
f 1853 1862 1857
f 1862 1864 1860
f 1863 1864 1862
f 1863 1862 1855
f 1863 1866 1864
f 1864 1865 1861
f 1866 1865 1864
f 1867 3746 1865
f 1866 1867 1865
f 1832 1868 1851
f 1868 1870 1854
f 1869 1870 1868
f 1869 1868 1834
f 1869 1872 1870
f 1874 1872 1869
f 1870 1871 1855
f 1872 1871 1870
f 1873 1881 1871
f 1872 1873 1871
f 1877 1873 1872
f 1878 1882 1873
f 1874 1877 1872
f 1874 1869 1839
f 1875 1874 1842
f 1875 1877 1874
f 1876 1875 1843
f 1879 1877 1875
f 1876 1879 1875
f 1876 1995 1879
f 1877 1878 1873
f 1879 1878 1877
f 1880 1887 1878
f 1879 1880 1878
f 1995 1880 1879
f 1995 1996 1880
f 1996 1888 1880
f 1871 1881 1863
f 1881 1866 1863
f 1881 1883 1866
f 1882 1881 1873
f 1882 1883 1881
f 1882 1885 1883
f 1887 1885 1882
f 1883 1867 1866
f 1883 1884 1867
f 1884 3748 1867
f 1885 1884 1883
f 1885 1886 1884
f 1889 1886 1885
f 1886 3764 1884
f 1878 1887 1882
f 1887 1889 1885
f 1888 1889 1887
f 1888 1887 1880
f 2015 1888 1996
f 1888 1891 1889
f 2015 1891 1888
f 2017 1891 2015
f 1889 1890 1886
f 1890 3766 1886
f 1891 1890 1889
f 1892 3770 1890
f 1891 1892 1890
f 2017 1892 1891
f 2017 2019 1892
f 2019 3772 1892
f 1434 1893 1822
f 1435 1893 1434
f 1894 1893 1435
f 1893 1896 1826
f 1894 1896 1893
f 1898 1896 1894
f 1437 1894 1435
f 1895 1894 1437
f 1895 1898 1894
f 1895 1899 1898
f 1443 1895 1437
f 1902 1895 1443
f 1902 1899 1895
f 1905 1899 1902
f 1898 1897 1896
f 1896 1897 1828
f 1898 1900 1897
f 1899 1900 1898
f 1905 1901 1899
f 1899 1901 1900
f 1444 1902 1443
f 1903 1902 1444
f 1446 1903 1444
f 1904 1903 1446
f 1903 1905 1902
f 1903 1906 1905
f 1904 1906 1903
f 1452 1904 1446
f 1929 1909 1904
f 1904 1909 1906
f 1906 1907 1905
f 1909 1908 1906
f 1905 1907 1901
f 1906 1908 1907
f 1930 1910 1909
f 1909 1910 1908
f 1897 1837 1828
f 1837 1911 1841
f 1914 1843 1841
f 1915 1876 1843
f 1897 1911 1837
f 1900 1911 1897
f 1912 1911 1900
f 1911 1914 1841
f 1912 1914 1911
f 1916 1914 1912
f 1901 1912 1900
f 1913 1912 1901
f 1907 1913 1901
f 1913 1916 1912
f 1920 1917 1913
f 1913 1917 1916
f 1916 1915 1914
f 1914 1915 1843
f 1918 1997 1915
f 1917 1918 1916
f 1923 1919 1917
f 1916 1918 1915
f 1919 1998 1918
f 1917 1919 1918
f 1920 1913 1907
f 1908 1920 1907
f 1908 1921 1920
f 1910 1921 1908
f 1921 1923 1920
f 1923 1917 1920
f 1921 1924 1923
f 1922 1924 1921
f 1910 1922 1921
f 1931 1922 1910
f 1932 1927 1922
f 1922 1927 1924
f 1925 1999 1919
f 1924 1925 1923
f 1923 1925 1919
f 1924 1926 1925
f 1926 2006 1925
f 1927 1926 1924
f 1933 1928 1927
f 1927 1928 1926
f 1928 2007 1926
f 1934 2008 1928
f 1929 1904 1452
f 1490 1929 1452
f 1935 1929 1490
f 1935 1930 1929
f 1929 1930 1909
f 1940 1930 1935
f 1940 1931 1930
f 1930 1931 1910
f 1940 1942 1931
f 1932 1922 1931
f 1942 1932 1931
f 1965 1932 1942
f 1965 1933 1932
f 1932 1933 1927
f 1970 1934 1933
f 1933 1934 1928
f 1972 2036 1934
f 1491 1935 1490
f 1936 1935 1491
f 1493 1936 1491
f 1936 1940 1935
f 1936 1941 1940
f 1937 1941 1936
f 1937 1936 1493
f 1944 1941 1937
f 1496 1937 1493
f 1938 1937 1496
f 1497 1938 1496
f 1939 1938 1497
f 1938 1944 1937
f 1938 1946 1944
f 1939 1946 1938
f 1939 1947 1946
f 1941 1942 1940
f 1944 1943 1941
f 1941 1943 1942
f 1944 1946 1945
f 1944 1945 1943
f 1947 1948 1946
f 1946 1948 1945
f 1947 1949 1948
f 1498 1939 1497
f 1950 1939 1498
f 1950 1947 1939
f 1953 1951 1950
f 1951 1947 1950
f 1951 1949 1947
f 1957 1952 1951
f 1951 1952 1949
f 1957 1958 1952
f 1506 1950 1498
f 1509 1953 1506
f 1953 1950 1506
f 1954 1953 1509
f 1954 1957 1953
f 1953 1957 1951
f 1954 1959 1957
f 1510 1954 1509
f 1510 1955 1954
f 1511 1955 1510
f 1956 1955 1511
f 1954 1955 1959
f 1955 1960 1959
f 1956 1960 1955
f 1961 1960 1956
f 1959 1958 1957
f 1959 1962 1958
f 1960 1962 1959
f 1961 1963 1960
f 1960 1963 1962
f 1961 1964 1963
f 1943 1965 1942
f 1943 1966 1965
f 1945 1966 1943
f 1970 1933 1965
f 1966 1970 1965
f 1966 1971 1970
f 1967 1971 1966
f 1967 1966 1945
f 1948 1967 1945
f 1968 1974 1967
f 1974 1971 1967
f 1948 1968 1967
f 1949 1968 1948
f 1969 1968 1949
f 1968 1976 1974
f 1969 1976 1968
f 1969 1977 1976
f 1971 1972 1970
f 1974 1973 1971
f 1970 1972 1934
f 1971 1973 1972
f 1973 2041 1972
f 1975 2042 1973
f 1976 1975 1974
f 1974 1975 1973
f 1978 2043 1975
f 1977 1978 1976
f 1976 1978 1975
f 1977 1979 1978
f 1979 2044 1978
f 1952 1969 1949
f 1980 1969 1952
f 1958 1980 1952
f 1981 1980 1958
f 1980 1977 1969
f 1981 1982 1980
f 1982 1977 1980
f 1981 1983 1982
f 1982 1979 1977
f 1983 1984 1982
f 1989 1985 1983
f 1982 1984 1979
f 1984 2045 1979
f 1985 2056 1984
f 1983 1985 1984
f 1992 2057 1985
f 1962 1981 1958
f 1986 1981 1962
f 1986 1983 1981
f 1989 1983 1986
f 1963 1986 1962
f 1963 1987 1986
f 1964 1987 1963
f 1988 1987 1964
f 1987 1989 1986
f 1987 1990 1989
f 1987 1988 1990
f 1988 1991 1990
f 1989 1992 1985
f 1990 1992 1989
f 1991 1993 1990
f 1990 1993 1992
f 1993 2064 1992
f 1991 1994 1993
f 1994 2065 1993
f 1915 1997 1876
f 1997 1995 1876
f 1997 2000 1995
f 2000 1996 1995
f 2000 2001 1996
f 2001 2015 1996
f 1998 2000 1997
f 1998 1997 1918
f 1999 1998 1919
f 2002 2000 1998
f 1999 2002 1998
f 2003 2002 1999
f 2002 2001 2000
f 2002 2004 2001
f 2003 2004 2002
f 2003 2005 2004
f 2004 2016 2001
f 2005 2021 2004
f 2006 1999 1925
f 2006 2003 1999
f 2006 2009 2003
f 2007 2006 1926
f 2007 2009 2006
f 2010 2009 2007
f 1928 2008 2007
f 2008 2010 2007
f 2008 2012 2010
f 2036 2012 2008
f 2009 2005 2003
f 2009 2011 2005
f 2011 2024 2005
f 2010 2011 2009
f 2010 2013 2011
f 2013 2025 2011
f 2012 2013 2010
f 2012 2014 2013
f 2037 2014 2012
f 2014 2026 2013
f 2038 2027 2014
f 2001 2016 2015
f 2016 2017 2015
f 2016 2018 2017
f 2018 2019 2017
f 2018 2020 2019
f 2020 3836 2019
f 2021 2016 2004
f 2024 2021 2005
f 2021 2018 2016
f 2021 2022 2018
f 2024 2022 2021
f 2028 2022 2024
f 2022 2020 2018
f 2022 2023 2020
f 2028 2023 2022
f 2028 2029 2023
f 2023 3837 2020
f 2029 3842 2023
f 2011 2025 2024
f 2025 2028 2024
f 2025 2031 2028
f 2026 2025 2013
f 2026 2031 2025
f 2032 2031 2026
f 2014 2027 2026
f 2039 2027 2038
f 2027 2032 2026
f 2027 2033 2032
f 2039 2033 2027
f 2040 2033 2039
f 2031 2029 2028
f 2031 2030 2029
f 2030 3845 2029
f 2032 2030 2031
f 2034 3846 2030
f 2033 2034 2032
f 2032 2034 2030
f 2033 2035 2034
f 2040 2035 2033
f 2040 2078 2035
f 2035 3849 2034
f 2078 3850 2035
f 2036 2008 1934
f 2041 2037 2036
f 2037 2012 2036
f 2038 2014 2037
f 2046 2038 2037
f 2041 2036 1972
f 1973 2042 2041
f 2046 2037 2041
f 2042 2046 2041
f 2042 2047 2046
f 2043 2047 2042
f 2043 2042 1975
f 2044 2050 2043
f 2050 2047 2043
f 2044 2043 1978
f 2045 2044 1979
f 2044 2052 2050
f 2045 2052 2044
f 2045 2053 2052
f 2046 2048 2038
f 2047 2048 2046
f 2047 2049 2048
f 2050 2049 2047
f 2048 2039 2038
f 2049 2071 2048
f 2051 2072 2049
f 2050 2051 2049
f 2052 2051 2050
f 2054 2073 2051
f 2052 2054 2051
f 2053 2054 2052
f 2053 2055 2054
f 2055 2074 2054
f 2056 2045 1984
f 2057 2056 1985
f 2064 2057 1992
f 2056 2053 2045
f 2057 2058 2056
f 2058 2053 2056
f 2064 2059 2057
f 2057 2059 2058
f 2062 2059 2064
f 2058 2055 2053
f 2058 2060 2055
f 2059 2060 2058
f 2059 2061 2060
f 2062 2061 2059
f 2062 2063 2061
f 2060 2075 2055
f 2061 2087 2060
f 2063 2088 2061
f 2069 2089 2063
f 1993 2065 2064
f 2066 2065 1994
f 2065 2062 2064
f 2065 2067 2062
f 2066 2067 2065
f 2068 2067 2066
f 2067 2063 2062
f 2067 2069 2063
f 2068 2069 2067
f 2068 2070 2069
f 2070 2098 2069
f 2345 2099 2070
f 2071 2039 2048
f 2049 2072 2071
f 2071 2040 2039
f 2076 2040 2071
f 2072 2076 2071
f 2073 2077 2072
f 2072 2077 2076
f 2073 2072 2051
f 2081 2077 2073
f 2054 2074 2073
f 2075 2074 2055
f 2074 2081 2073
f 2074 2083 2081
f 2075 2083 2074
f 2075 2084 2083
f 2076 2078 2040
f 2076 2079 2078
f 2077 2079 2076
f 2081 2080 2077
f 2077 2080 2079
f 2079 3880 2078
f 2080 3881 2079
f 2082 3882 2080
f 2081 2082 2080
f 2083 2082 2081
f 2083 2085 2082
f 2084 2085 2083
f 2084 2086 2085
f 2085 3886 2082
f 2086 3887 2085
f 2087 2075 2060
f 2088 2087 2061
f 2089 2088 2063
f 2087 2084 2075
f 2088 2090 2087
f 2090 2084 2087
f 2089 2091 2088
f 2088 2091 2090
f 2094 2091 2089
f 2098 2094 2089
f 2098 2095 2094
f 2090 2086 2084
f 2091 2092 2090
f 2090 2092 2086
f 2094 2093 2091
f 2091 2093 2092
f 2094 2096 2093
f 2092 3888 2086
f 2093 3898 2092
f 2096 3899 2093
f 2095 2096 2094
f 2095 2097 2096
f 2100 2097 2095
f 2097 3902 2096
f 2101 3903 2097
f 2069 2098 2089
f 2099 2098 2070
f 2099 2095 2098
f 2366 2100 2099
f 2100 2095 2099
f 2371 2101 2100
f 2100 2101 2097
f 2373 3904 2101
f 2102 1584 611
f 2102 2103 1584
f 2104 2102 1105
f 2104 2106 2102
f 2103 1586 1584
f 2103 2108 1586
f 2106 2103 2102
f 2106 2110 2103
f 2105 2104 1108
f 2105 2107 2104
f 2107 2106 2104
f 2107 2111 2106
f 2108 1590 1586
f 2108 2109 1590
f 2110 2108 2103
f 2110 2112 2108
f 2109 1592 1590
f 2109 2126 1592
f 2112 2109 2108
f 2112 2128 2109
f 2111 2110 2106
f 2111 2113 2110
f 2113 2112 2110
f 2113 2129 2112
f 2114 2105 1109
f 2114 2115 2105
f 2116 2114 1117
f 2116 2118 2114
f 2115 2107 2105
f 2115 2120 2107
f 2118 2115 2114
f 2118 2122 2115
f 2117 2116 1120
f 2150 2117 1121
f 2117 2119 2116
f 2119 2118 2116
f 2151 2119 2117
f 2119 2123 2118
f 2120 2111 2107
f 2120 2121 2111
f 2122 2120 2115
f 2122 2124 2120
f 2121 2113 2111
f 2121 2138 2113
f 2124 2121 2120
f 2124 2140 2121
f 2123 2122 2118
f 2156 2123 2119
f 2123 2125 2122
f 2125 2124 2122
f 2125 2141 2124
f 2157 2125 2123
f 2126 1610 1592
f 2126 2127 1610
f 2128 2126 2109
f 2128 2130 2126
f 2127 1612 1610
f 2130 2127 2126
f 2129 2128 2112
f 2129 2131 2128
f 2131 2130 2128
f 2132 1615 1612
f 2127 2132 1612
f 2134 2132 2127
f 2130 2134 2127
f 2133 1616 1615
f 2132 2133 1615
f 2136 2133 2132
f 2134 2136 2132
f 2135 2134 2130
f 2131 2135 2130
f 2137 2136 2134
f 2135 2137 2134
f 2138 2129 2113
f 2140 2138 2121
f 2138 2139 2129
f 2139 2131 2129
f 2142 2139 2138
f 2140 2142 2138
f 2141 2140 2124
f 2199 2141 2125
f 2143 2142 2140
f 2141 2143 2140
f 2200 2143 2141
f 2144 2135 2131
f 2139 2144 2131
f 2146 2144 2139
f 2142 2146 2139
f 2144 2145 2135
f 2145 2137 2135
f 2148 2145 2144
f 2146 2148 2144
f 2147 2146 2142
f 2143 2147 2142
f 2205 2147 2143
f 2149 2148 2146
f 2147 2149 2146
f 2206 2149 2147
f 2150 2151 2117
f 2152 2150 1159
f 2152 2154 2150
f 2151 2156 2119
f 2154 2151 2150
f 2154 2158 2151
f 2153 2152 1162
f 2153 2155 2152
f 2162 2153 1163
f 2155 2154 2152
f 2155 2159 2154
f 2163 2155 2153
f 2156 2157 2123
f 2158 2156 2151
f 2158 2160 2156
f 2157 2199 2125
f 2160 2157 2156
f 2160 2201 2157
f 2159 2158 2154
f 2159 2161 2158
f 2181 2159 2155
f 2161 2160 2158
f 2161 2202 2160
f 2182 2161 2159
f 2162 2163 2153
f 2164 2162 1171
f 2164 2170 2162
f 2163 2181 2155
f 2170 2163 2162
f 2170 2184 2163
f 2165 2177 2164
f 2177 2178 2164
f 2178 2176 2164
f 2176 2179 2164
f 2169 2177 2165
f 2166 2168 2165
f 2167 2166 2165
f 2168 2169 2165
f 4053 2167 2165
f 2179 2170 2164
f 2179 2171 2170
f 2171 2172 2170
f 2174 2175 2170
f 2175 2183 2170
f 2172 2173 2170
f 2173 2174 2170
f 2181 2182 2159
f 2184 2181 2163
f 2184 2191 2181
f 2182 2211 2161
f 2191 2182 2181
f 2191 2194 2182
f 2194 2195 2182
f 2195 2212 2182
f 2185 2184 2170
f 2183 2185 2170
f 2187 2188 2184
f 2185 2186 2184
f 2186 2187 2184
f 2188 2189 2184
f 2189 2190 2184
f 2190 2191 2184
f 2190 2192 2191
f 2192 2193 2191
f 2193 2194 2191
f 2201 2199 2157
f 2199 2200 2141
f 2203 2200 2199
f 2201 2203 2199
f 2202 2201 2160
f 2211 2202 2161
f 2202 2204 2201
f 2204 2203 2201
f 2217 2204 2202
f 2200 2205 2143
f 2207 2205 2200
f 2203 2207 2200
f 2205 2206 2147
f 2207 2209 2205
f 2209 2206 2205
f 2204 2208 2203
f 2208 2207 2203
f 2231 2208 2204
f 2208 2210 2207
f 2210 2209 2207
f 2238 2210 2208
f 2215 2218 2211
f 2213 2214 2182
f 2215 2211 2182
f 2214 2216 2182
f 2216 2215 2182
f 2212 2213 2182
f 2211 2217 2202
f 2218 2219 2211
f 2219 2220 2211
f 2223 2217 2211
f 2220 2221 2211
f 2221 2223 2211
f 2223 2222 2217
f 2217 2231 2204
f 2236 2231 2217
f 2222 2232 2217
f 2232 2233 2217
f 2233 2235 2217
f 2235 2236 2217
f 2236 2234 2231
f 2234 2240 2231
f 2231 2238 2208
f 2242 2238 2231
f 2243 2493 2238
f 2240 2239 2231
f 2239 2241 2231
f 2241 2242 2231
f 2242 2243 2238
f 2249 1961 1956
f 2249 2253 1961
f 1731 1956 1511
f 1732 2249 1731
f 2249 1956 1731
f 1735 2250 1732
f 2250 2249 1732
f 2249 2250 2253
f 2251 2256 2250
f 2250 2256 2253
f 1736 2251 1735
f 2251 2250 1735
f 1746 2252 1736
f 2252 2251 1736
f 2265 2252 1746
f 2252 2257 2251
f 2257 2256 2251
f 2265 2258 2252
f 2252 2258 2257
f 2271 2258 2265
f 2253 1964 1961
f 2253 2256 2254
f 2253 2254 1964
f 2256 2255 2254
f 2257 2255 2256
f 2258 2259 2257
f 2271 2260 2258
f 2257 2259 2255
f 2258 2260 2259
f 2271 2269 2260
f 2261 2267 1739
f 2262 2272 2261
f 2262 2263 2274
f 1750 2264 1747
f 2266 2264 1750
f 2264 2268 2271
f 2266 2268 2264
f 2273 2268 2266
f 1747 2265 1746
f 2264 2265 1747
f 2264 2271 2265
f 2267 2266 1751
f 2266 1750 1751
f 1739 2267 1751
f 2267 2272 2273
f 2267 2273 2266
f 2261 2272 2267
f 2268 2269 2271
f 2268 2273 2270
f 2268 2270 2269
f 2273 2275 2270
f 2272 2275 2273
f 2262 2274 2272
f 2272 2274 2275
f 2254 1988 1964
f 2276 1988 2254
f 2255 2276 2254
f 2277 2276 2255
f 2259 2277 2255
f 2276 1991 1988
f 2277 2280 2276
f 2280 1991 2276
f 2278 2281 2277
f 2277 2281 2280
f 2278 2277 2259
f 2260 2279 2278
f 2269 2279 2260
f 2292 2279 2269
f 2279 2284 2278
f 2284 2281 2278
f 2279 2285 2284
f 2292 2285 2279
f 2296 2285 2292
f 2260 2278 2259
f 2280 1994 1991
f 2281 2282 2280
f 2284 2283 2281
f 2282 2066 1994
f 2282 1994 2280
f 2283 2339 2282
f 2281 2283 2282
f 2286 2340 2283
f 2285 2286 2284
f 2296 2287 2285
f 2284 2286 2283
f 2285 2287 2286
f 2287 2341 2286
f 2296 2299 2287
f 2299 2342 2287
f 2263 2295 2274
f 2288 2295 2263
f 2288 2302 2295
f 2289 2302 2288
f 2289 2290 2302
f 2336 2353 2291
f 2289 2291 2290
f 2291 2352 2290
f 2270 2292 2269
f 2293 2292 2270
f 2275 2293 2270
f 2294 2293 2275
f 2293 2296 2292
f 2293 2298 2296
f 2294 2298 2293
f 2297 2298 2294
f 2274 2294 2275
f 2274 2295 2294
f 2295 2297 2294
f 2295 2302 2297
f 2298 2299 2296
f 2297 2301 2298
f 2298 2301 2299
f 2301 2359 2299
f 2301 2297 2300
f 2358 2301 2300
f 2297 2302 2300
f 2302 2290 2300
f 2290 2360 2300
f 2303 1767 1616
f 2133 2303 1616
f 2305 2303 2133
f 2136 2305 2133
f 2304 1769 1767
f 2303 2304 1767
f 2305 2307 2303
f 2307 2304 2303
f 2306 2305 2136
f 2137 2306 2136
f 2305 2308 2307
f 2305 2306 2308
f 2310 2327 1775
f 2313 2329 2310
f 2309 1773 1769
f 2304 2309 1769
f 2311 2309 2304
f 2307 2311 2304
f 2310 1775 1773
f 2309 2310 1773
f 2313 2310 2309
f 2311 2313 2309
f 2314 2330 2313
f 2312 2311 2307
f 2308 2312 2307
f 2314 2313 2311
f 2312 2314 2311
f 2145 2315 2137
f 2315 2306 2137
f 2148 2317 2145
f 2317 2315 2145
f 2315 2316 2306
f 2306 2316 2308
f 2315 2317 2319
f 2315 2319 2316
f 2318 2317 2148
f 2149 2318 2148
f 2450 2318 2149
f 2317 2320 2319
f 2317 2318 2320
f 2318 2451 2320
f 2322 2333 2314
f 2322 2325 2335
f 2321 2312 2308
f 2316 2321 2308
f 2323 2321 2316
f 2319 2323 2316
f 2321 2322 2312
f 2322 2314 2312
f 2325 2322 2321
f 2323 2325 2321
f 2325 2326 2337
f 2324 2323 2319
f 2456 2324 2320
f 2320 2324 2319
f 2326 2325 2323
f 2324 2326 2323
f 2457 2326 2324
f 1787 2328 1789
f 2327 1787 1775
f 2327 2328 1787
f 2327 2331 2328
f 2329 2327 2310
f 2329 2331 2327
f 2328 2261 1789
f 1789 2261 1739
f 2328 2331 2262
f 2328 2262 2261
f 2329 2332 2331
f 2330 2329 2313
f 2329 2330 2332
f 2331 2263 2262
f 2331 2332 2263
f 2330 2334 2332
f 2333 2330 2314
f 2333 2334 2330
f 2333 2338 2334
f 2333 2322 2335
f 2338 2333 2335
f 2332 2288 2263
f 2334 2288 2332
f 2334 2289 2288
f 2334 2338 2289
f 2336 2338 2335
f 2325 2337 2335
f 2510 2336 2337
f 2326 2511 2337
f 2337 2336 2335
f 2338 2291 2289
f 2338 2336 2291
f 2339 2066 2282
f 2340 2339 2283
f 2341 2340 2286
f 2339 2068 2066
f 2339 2343 2068
f 2340 2343 2339
f 2341 2344 2340
f 2340 2344 2343
f 2347 2344 2341
f 2342 2341 2287
f 2359 2342 2299
f 2342 2347 2341
f 2342 2348 2347
f 2359 2348 2342
f 2362 2348 2359
f 2343 2070 2068
f 2343 2345 2070
f 2343 2344 2345
f 2344 2346 2345
f 2347 2346 2344
f 2347 2349 2346
f 2346 2366 2345
f 2346 2349 2367
f 2348 2350 2349
f 2348 2349 2347
f 2362 2351 2350
f 2362 2350 2348
f 2349 2350 2368
f 2350 2351 2369
f 2353 2352 2291
f 2352 2354 2363
f 2510 2355 2353
f 2353 2354 2352
f 2355 2354 2353
f 2354 2356 2365
f 2356 2355 2357
f 2355 2512 2357
f 2355 2356 2354
f 2356 2407 2365
f 2409 2356 2357
f 2514 2410 2357
f 2358 2359 2301
f 2360 2358 2300
f 2362 2358 2361
f 2358 2362 2359
f 2361 2358 2360
f 2363 2361 2360
f 2290 2352 2360
f 2352 2363 2360
f 2351 2362 2361
f 2364 2351 2361
f 2363 2364 2361
f 2363 2365 2364
f 2370 2351 2364
f 2365 2428 2364
f 2354 2365 2363
f 2366 2099 2345
f 2346 2367 2366
f 2349 2368 2367
f 2367 2371 2366
f 2371 2100 2366
f 2368 2372 2367
f 2367 2372 2371
f 2386 2372 2368
f 2350 2369 2368
f 2351 2370 2369
f 2369 2386 2368
f 2369 2392 2386
f 2370 2392 2369
f 2393 2392 2370
f 2372 2373 2371
f 2373 2101 2371
f 2386 2379 2372
f 2372 2381 2373
f 2382 2381 2372
f 2379 2382 2372
f 2383 2379 2386
f 2384 2383 2386
f 2378 2374 2373
f 2380 2378 2373
f 4249 4250 2373
f 2374 2375 2373
f 2376 2377 2373
f 2375 2376 2373
f 2377 4249 2373
f 2381 2380 2373
f 2392 2389 2386
f 2403 2384 2386
f 2387 2403 2386
f 2388 2387 2386
f 2389 2388 2386
f 2390 2389 2392
f 2391 2390 2392
f 2394 2391 2392
f 2395 2394 2392
f 2396 2395 2392
f 2398 2396 2392
f 2393 2398 2392
f 2399 2398 2393
f 2401 2400 2393
f 2400 2399 2393
f 2424 2433 2407
f 2425 2424 2407
f 2427 2426 2407
f 2426 2425 2407
f 2356 2409 2407
f 2410 2409 2357
f 2413 2414 2409
f 2409 2427 2407
f 2417 2415 2409
f 2416 2413 2409
f 2415 2416 2409
f 2411 2417 2409
f 2408 2427 2409
f 2414 2408 2409
f 2411 2409 2410
f 2418 2412 2410
f 2419 2418 2410
f 2422 2419 2410
f 2412 2411 2410
f 2421 2422 2410
f 2420 2421 2410
f 2525 2420 2410
f 2424 2423 2433
f 2428 2370 2364
f 2407 2428 2365
f 2428 2393 2370
f 2428 2433 2393
f 2407 2433 2428
f 2433 2434 2393
f 2432 2431 2393
f 2431 2430 2393
f 2430 2401 2393
f 2434 2432 2393
f 2436 2434 2433
f 2435 2436 2433
f 2437 2435 2433
f 2438 2437 2433
f 2423 2439 2433
f 2439 2438 2433
f 2206 2450 2149
f 2209 2452 2206
f 2452 2450 2206
f 2450 2451 2318
f 2450 2454 2451
f 2450 2452 2454
f 2210 2453 2209
f 2453 2452 2209
f 2463 2453 2210
f 2452 2455 2454
f 2452 2453 2455
f 2453 2471 2455
f 2457 2511 2326
f 2457 2458 2513
f 2456 2457 2324
f 2451 2456 2320
f 2460 2456 2451
f 2460 2458 2456
f 2454 2460 2451
f 2458 2457 2456
f 2458 2515 2513
f 2458 2459 2515
f 2459 2518 2515
f 2461 2460 2454
f 2461 2459 2460
f 2455 2461 2454
f 2484 2461 2455
f 2459 2458 2460
f 2475 2459 2461
f 2238 2463 2210
f 2467 2462 2238
f 2462 2463 2238
f 2462 2464 2463
f 2465 2469 2463
f 2464 2465 2463
f 2464 2466 2465
f 2463 2471 2453
f 2468 2471 2463
f 2469 2468 2463
f 2470 2472 2471
f 2468 2470 2471
f 2473 2474 2471
f 2472 2473 2471
f 2474 2481 2471
f 2490 2476 2475
f 2478 2477 2475
f 2476 2478 2475
f 2459 2475 2518
f 2480 2479 2518
f 2475 2480 2518
f 2477 2480 2475
f 2471 2484 2455
f 2481 2482 2471
f 2482 2484 2471
f 2484 2475 2461
f 2486 2475 2484
f 2482 2487 2484
f 2485 2486 2484
f 2487 2485 2484
f 2486 2483 2475
f 2483 2490 2475
f 2493 2494 2238
f 2494 2467 2238
f 2511 2510 2337
f 2512 2510 2511
f 2457 2513 2511
f 2513 2512 2511
f 2510 2353 2336
f 2510 2512 2355
f 2515 2514 2513
f 2514 2512 2513
f 2517 2514 2515
f 2512 2514 2357
f 2518 2517 2515
f 2519 2516 2517
f 2519 2517 2518
f 2517 2410 2514
f 2527 2523 2517
f 2517 2525 2410
f 2526 2524 2517
f 2523 2526 2517
f 2516 2527 2517
f 2522 2521 2518
f 2520 2519 2518
f 2521 2520 2518
f 2479 2522 2518
f 2524 2525 2517
f 2565 2612 719
f 2566 2613 2565
f 2567 2615 2566
f 2568 2642 2567
f 2569 2643 2568
f 2570 2645 2569
f 2573 2565 744
f 2575 2574 2573
f 2566 2565 2573
f 2574 2566 2573
f 2575 2573 746
f 2571 2575 742
f 2576 2575 2571
f 2575 2576 2574
f 2572 2576 2571
f 2576 2578 2574
f 2567 2566 2574
f 2578 2567 2574
f 2579 2588 2578
f 2568 2567 2578
f 2579 2576 2572
f 2576 2579 2578
f 2577 2579 2572
f 2590 2579 2577
f 2580 2571 751
f 2580 2572 2571
f 2580 2581 2572
f 2582 2581 2580
f 2582 2580 754
f 2769 2582 755
f 2582 2583 2581
f 2583 2582 2769
f 2770 2583 2769
f 2581 2577 2572
f 2581 2584 2577
f 2583 2584 2581
f 2584 2586 2577
f 2585 2594 2584
f 2583 2585 2584
f 2585 2583 2770
f 2771 2585 2770
f 2596 2585 2771
f 2588 2568 2578
f 2590 2589 2588
f 2569 2568 2588
f 2589 2569 2588
f 2590 2588 2579
f 2586 2590 2577
f 2590 2591 2589
f 2591 2590 2586
f 2587 2591 2586
f 2591 2592 2589
f 2570 2569 2589
f 2592 2570 2589
f 2593 2667 2592
f 2661 2570 2592
f 2591 2593 2592
f 2593 2591 2587
f 2598 2593 2587
f 2669 2593 2598
f 2584 2594 2586
f 2594 2587 2586
f 2594 2595 2587
f 2596 2595 2594
f 2784 2596 2771
f 2596 2594 2585
f 2784 2785 2597
f 2784 2597 2596
f 2596 2597 2595
f 2595 2598 2587
f 2595 2599 2598
f 2597 2599 2595
f 2599 2673 2598
f 2600 2674 2599
f 2785 2600 2597
f 2785 2786 2600
f 2597 2600 2599
f 2786 2677 2600
f 2604 2618 2616
f 2603 2604 793
f 2601 2603 790
f 2604 2616 794
f 2605 2606 2603
f 2605 2603 2601
f 2602 2605 2601
f 2606 2604 2603
f 2604 2606 2618
f 2608 2609 2605
f 2608 2605 2602
f 2607 2608 2602
f 2609 2606 2605
f 2606 2626 2618
f 2606 2609 2626
f 2633 2608 2607
f 2634 2609 2608
f 2609 2646 2626
f 2612 2610 800
f 2610 2601 798
f 2612 2611 2610
f 2612 2613 2611
f 2610 2602 2601
f 2610 2611 2602
f 2613 2612 2565
f 2613 2614 2611
f 2613 2615 2614
f 2611 2607 2602
f 2611 2614 2607
f 2615 2640 2614
f 2614 2631 2607
f 2615 2613 2566
f 2642 2615 2567
f 2616 2617 808
f 2617 2620 809
f 2619 2617 2616
f 2618 2619 2616
f 2622 2620 2617
f 2619 2622 2617
f 2620 2621 812
f 2624 2621 2620
f 2622 2624 2620
f 2621 2623 813
f 2625 2623 2621
f 2624 2625 2621
f 2627 2619 2618
f 2626 2627 2618
f 2628 2622 2619
f 2627 2628 2619
f 2647 2627 2626
f 2650 2628 2627
f 2628 2629 2622
f 2629 2624 2622
f 2630 2625 2624
f 2629 2630 2624
f 2651 2629 2628
f 2652 2630 2629
f 2633 2634 2608
f 2631 2633 2607
f 2634 2646 2609
f 2635 2636 2633
f 2635 2633 2631
f 2632 2635 2631
f 2636 2634 2633
f 2636 2649 2634
f 2638 2639 2635
f 2638 2635 2632
f 2637 2638 2632
f 2639 2636 2635
f 2639 2656 2636
f 2699 2638 2637
f 2700 2639 2638
f 2642 2640 2615
f 2614 2640 2631
f 2640 2642 2641
f 2642 2643 2641
f 2640 2641 2632
f 2640 2632 2631
f 2643 2642 2568
f 2643 2644 2641
f 2643 2645 2644
f 2641 2637 2632
f 2641 2644 2637
f 2645 2705 2644
f 2644 2697 2637
f 2645 2643 2569
f 2707 2645 2570
f 2646 2647 2626
f 2647 2650 2627
f 2648 2647 2646
f 2649 2648 2646
f 2648 2653 2647
f 2653 2650 2647
f 2634 2649 2646
f 2650 2651 2628
f 2651 2652 2629
f 2653 2654 2650
f 2654 2651 2650
f 2654 2655 2651
f 2655 2652 2651
f 2657 2648 2649
f 2656 2649 2636
f 2656 2657 2649
f 2658 2653 2648
f 2657 2658 2648
f 2712 2656 2639
f 2713 2657 2656
f 2716 2658 2657
f 2659 2654 2653
f 2658 2659 2653
f 2660 2655 2654
f 2659 2660 2654
f 2717 2659 2658
f 2718 2660 2659
f 2661 2707 2570
f 2662 2708 2661
f 2663 2711 2662
f 2664 2737 2663
f 2665 2738 2664
f 2666 2741 2665
f 3129 3175 2666
f 2669 2668 2667
f 2667 2661 2592
f 2662 2661 2667
f 2668 2662 2667
f 2669 2667 2593
f 2673 2669 2598
f 2670 2669 2673
f 2669 2670 2668
f 2675 2670 2673
f 2670 2671 2668
f 2663 2662 2668
f 2671 2663 2668
f 2672 2682 2671
f 2664 2663 2671
f 2682 2664 2671
f 2670 2672 2671
f 2672 2670 2675
f 2679 2672 2675
f 2684 2682 2672
f 2684 2672 2679
f 2688 2684 2679
f 2674 2673 2599
f 2674 2675 2673
f 2677 2676 2674
f 2674 2676 2675
f 2786 2823 2677
f 2823 2678 2677
f 2677 2674 2600
f 2823 2824 2678
f 2677 2678 2676
f 2676 2679 2675
f 2676 2680 2679
f 2680 2688 2679
f 2680 2689 2688
f 2824 2681 2678
f 2678 2680 2676
f 2678 2681 2680
f 2825 2692 2681
f 2681 2689 2680
f 2692 2689 2681
f 2684 2683 2682
f 2665 2664 2682
f 2683 2665 2682
f 2685 2684 2688
f 2684 2685 2683
f 2690 2685 2688
f 2685 2686 2683
f 2666 2665 2683
f 2686 2666 2683
f 2687 3135 2686
f 3129 2666 2686
f 3135 3129 2686
f 2685 2687 2686
f 2687 2685 2690
f 2694 2687 2690
f 3137 3135 2687
f 3137 2687 2694
f 3141 3137 2694
f 2689 2690 2688
f 2689 2691 2690
f 2837 2693 2692
f 2692 2691 2689
f 2692 2693 2691
f 2691 2694 2690
f 2691 2695 2694
f 2695 3141 2694
f 3142 3141 2695
f 2838 2696 2693
f 2693 2695 2691
f 2693 2696 2695
f 2839 3145 2696
f 2696 3142 2695
f 3145 3142 2696
f 2699 2700 2638
f 2697 2699 2637
f 2701 2699 2697
f 2700 2712 2639
f 2702 2700 2699
f 2701 2702 2699
f 2698 2701 2697
f 2702 2714 2700
f 2703 2704 2701
f 2703 2701 2698
f 2709 2703 2698
f 2704 2702 2701
f 2704 2722 2702
f 2727 2703 2709
f 2733 2727 2709
f 2727 2728 2703
f 2728 2704 2703
f 2728 2742 2704
f 2707 2705 2645
f 2707 2706 2705
f 2705 2697 2644
f 2705 2698 2697
f 2707 2708 2706
f 2705 2706 2698
f 2708 2707 2661
f 2708 2710 2706
f 2708 2711 2710
f 2706 2709 2698
f 2706 2710 2709
f 2711 2734 2710
f 2737 2734 2711
f 2710 2734 2733
f 2710 2733 2709
f 2711 2708 2662
f 2737 2711 2663
f 2712 2713 2656
f 2714 2712 2700
f 2715 2713 2712
f 2713 2716 2657
f 2719 2716 2713
f 2714 2715 2712
f 2715 2719 2713
f 2716 2717 2658
f 2720 2717 2716
f 2717 2718 2659
f 2721 2718 2717
f 2719 2720 2716
f 2720 2721 2717
f 2722 2714 2702
f 2723 2715 2714
f 2722 2723 2714
f 2724 2719 2715
f 2723 2724 2715
f 2742 2722 2704
f 2743 2723 2722
f 2742 2743 2722
f 2746 2724 2723
f 2743 2746 2723
f 2725 2720 2719
f 2724 2725 2719
f 2726 2721 2720
f 2725 2726 2720
f 2746 2747 2724
f 2747 2725 2724
f 2748 2726 2725
f 2747 2748 2725
f 2729 2727 2733
f 2730 2728 2727
f 2735 2729 2733
f 2729 2730 2727
f 2730 2744 2728
f 2731 2729 2735
f 2739 2731 2735
f 2731 2732 2729
f 2732 2730 2729
f 2732 2752 2730
f 3165 2731 2739
f 3171 3165 2739
f 3165 3166 2731
f 3166 2732 2731
f 3166 3180 2732
f 2737 2736 2734
f 2734 2735 2733
f 2737 2738 2736
f 2734 2736 2735
f 2738 2737 2664
f 2738 2740 2736
f 2738 2741 2740
f 2736 2739 2735
f 2736 2740 2739
f 2741 3172 2740
f 3175 3172 2741
f 2740 3171 2739
f 3172 3171 2740
f 2741 2738 2665
f 3175 2741 2666
f 2744 2742 2728
f 2745 2743 2742
f 2749 2746 2743
f 2744 2745 2742
f 2745 2749 2743
f 2750 2747 2746
f 2751 2748 2747
f 2749 2750 2746
f 2750 2751 2747
f 2752 2744 2730
f 2753 2745 2744
f 2752 2753 2744
f 2754 2749 2745
f 2753 2754 2745
f 3180 2752 2732
f 3181 2753 2752
f 3180 3181 2752
f 3184 2754 2753
f 3181 3184 2753
f 2754 2755 2749
f 2755 2750 2749
f 2756 2751 2750
f 2755 2756 2750
f 3185 2755 2754
f 3184 3185 2754
f 3192 2756 2755
f 3185 3192 2755
f 2757 2769 879
f 2757 2770 2769
f 2757 2758 2770
f 2759 2757 881
f 2765 2760 2759
f 2759 2758 2757
f 2759 2760 2758
f 2758 2771 2770
f 2758 2761 2771
f 2766 2762 2760
f 2760 2761 2758
f 2760 2762 2761
f 2768 2774 2762
f 2762 2772 2761
f 2763 2765 885
f 2764 2766 2763
f 2787 2763 903
f 2787 2764 2763
f 2787 2788 2764
f 2765 2759 887
f 2765 2766 2760
f 2766 2765 2763
f 2788 2767 2764
f 2791 2767 2788
f 2791 2778 2767
f 2766 2768 2762
f 2768 2766 2764
f 2767 2768 2764
f 2780 2768 2767
f 2761 2784 2771
f 2772 2784 2761
f 2773 2785 2772
f 2774 2772 2762
f 2780 2775 2774
f 2774 2773 2772
f 2775 2773 2774
f 2776 2786 2773
f 2781 2777 2775
f 2776 2773 2775
f 2777 2776 2775
f 2811 2776 2777
f 2782 2813 2777
f 2799 2778 2791
f 2799 2779 2778
f 2799 2800 2779
f 2768 2780 2774
f 2778 2780 2767
f 2780 2781 2775
f 2778 2781 2780
f 2778 2779 2781
f 2800 2783 2779
f 2800 2803 2783
f 2803 2819 2783
f 2781 2782 2777
f 2779 2782 2781
f 2783 2817 2782
f 2779 2783 2782
f 2785 2784 2772
f 2773 2786 2785
f 2776 2823 2786
f 2789 2787 905
f 2789 2790 2788
f 2789 2788 2787
f 2793 2789 909
f 2793 2790 2789
f 2793 2794 2790
f 2790 2792 2791
f 2790 2791 2788
f 2792 2799 2791
f 2794 2792 2790
f 2794 2797 2792
f 2797 2801 2792
f 2795 2793 911
f 2795 2794 2793
f 2795 2796 2794
f 1859 3740 2795
f 3740 2796 2795
f 3740 3741 2796
f 2796 2797 2794
f 2796 2798 2797
f 2798 2805 2797
f 3741 2798 2796
f 3741 3744 2798
f 3744 2807 2798
f 2801 2799 2792
f 2800 2799 2801
f 2802 2800 2801
f 2805 2801 2797
f 2805 2802 2801
f 2805 2806 2802
f 2802 2803 2800
f 2804 2803 2802
f 2804 2841 2803
f 2806 2804 2802
f 2806 2809 2804
f 2809 2843 2804
f 2798 2807 2805
f 2807 2806 2805
f 2807 2808 2806
f 3744 3752 2807
f 3752 2808 2807
f 3752 3753 2808
f 2808 2809 2806
f 2808 2810 2809
f 2810 2847 2809
f 3753 2810 2808
f 3753 3756 2810
f 3756 2849 2810
f 2811 2823 2776
f 2813 2811 2777
f 2812 2811 2813
f 2817 2814 2813
f 2814 2812 2813
f 2815 2812 2814
f 2816 2815 2814
f 2826 2815 2816
f 2827 2826 2816
f 2803 2841 2819
f 2841 2820 2819
f 2841 2842 2820
f 2817 2813 2782
f 2819 2818 2817
f 2817 2818 2814
f 2819 2817 2783
f 2819 2820 2818
f 2842 2845 2822
f 2845 2853 2833
f 2818 2821 2816
f 2820 2821 2818
f 2818 2816 2814
f 2822 2831 2821
f 2821 2827 2816
f 2821 2831 2827
f 2820 2822 2821
f 2842 2822 2820
f 2833 2831 2822
f 2845 2833 2822
f 2811 2824 2823
f 2811 2812 2824
f 2812 2825 2824
f 2824 2825 2681
f 2815 2825 2812
f 2825 2837 2692
f 2815 2837 2825
f 2826 2837 2815
f 2828 2826 2827
f 2829 2828 2827
f 2840 2828 2829
f 2830 2840 2829
f 3348 2840 2830
f 3337 3348 2830
f 2833 2832 2831
f 2831 2829 2827
f 2831 2832 2829
f 2853 2834 2833
f 2833 2834 2832
f 2834 2835 2832
f 2832 2830 2829
f 2832 2835 2830
f 2836 3340 2835
f 2835 3337 2830
f 3340 3337 2835
f 2834 2836 2835
f 2854 2836 2834
f 3342 3340 2836
f 2857 3342 2836
f 2826 2838 2837
f 2837 2838 2693
f 2826 2828 2838
f 2838 2839 2696
f 2828 2839 2838
f 2840 2839 2828
f 2839 3346 3145
f 2840 3346 2839
f 3348 3346 2840
f 2843 2841 2804
f 2843 2842 2841
f 2843 2844 2842
f 2847 2843 2809
f 2847 2844 2843
f 2847 2848 2844
f 2844 2845 2842
f 2844 2846 2845
f 2855 2853 2846
f 2846 2853 2845
f 2848 2851 2846
f 2848 2846 2844
f 2851 2855 2846
f 2851 2859 2855
f 2849 2847 2810
f 2849 2848 2847
f 2849 2850 2848
f 3756 3788 2849
f 3788 2850 2849
f 3788 3789 2850
f 2850 2851 2848
f 2850 2852 2851
f 2852 2859 2851
f 2861 2859 2852
f 3789 2852 2850
f 3789 3792 2852
f 3792 2861 2852
f 3792 3800 2861
f 2855 2854 2853
f 2856 2854 2855
f 2859 2856 2855
f 2859 2860 2856
f 2853 2854 2834
f 2857 2854 2856
f 2858 2857 2856
f 3367 2857 2858
f 3368 3367 2858
f 2860 2858 2856
f 2860 2863 2858
f 2863 3368 2858
f 3373 3368 2863
f 2854 2857 2836
f 3367 3342 2857
f 2861 2860 2859
f 2861 2862 2860
f 3800 2862 2861
f 3800 3801 2862
f 2862 2863 2860
f 2862 2864 2863
f 2864 3373 2863
f 3375 3373 2864
f 3801 2864 2862
f 3801 3804 2864
f 3804 3375 2864
f 3804 4516 3375
f 2623 2865 815
f 2865 2868 1008
f 2625 2866 2623
f 2866 2865 2623
f 2869 2865 2866
f 2869 2868 2865
f 2867 2866 2625
f 2630 2867 2625
f 2867 2876 2866
f 2880 2867 2630
f 2868 2870 1012
f 2871 2870 2868
f 2869 2871 2868
f 2870 2872 1014
f 2874 2872 2870
f 2871 2874 2870
f 2872 2873 1017
f 2873 2895 1018
f 2874 2875 2872
f 2875 2873 2872
f 2875 2897 2873
f 2876 2869 2866
f 2876 2877 2869
f 2877 2871 2869
f 2883 2876 2867
f 2885 2877 2876
f 2877 2878 2871
f 2878 2874 2871
f 2878 2879 2874
f 2879 2875 2874
f 2879 2903 2875
f 2887 2878 2877
f 2888 2879 2878
f 2652 2880 2630
f 2880 2883 2867
f 2655 2881 2652
f 2881 2880 2652
f 2882 2881 2655
f 2660 2882 2655
f 2945 2882 2660
f 2883 2885 2876
f 2881 2884 2880
f 2884 2883 2880
f 2886 2885 2883
f 2884 2886 2883
f 2885 2887 2877
f 2886 2889 2885
f 2887 2888 2878
f 2888 2913 2879
f 2889 2887 2885
f 2889 2890 2887
f 2890 2888 2887
f 2890 2915 2888
f 2882 2891 2881
f 2891 2884 2881
f 2892 2886 2884
f 2891 2892 2884
f 2946 2891 2882
f 2949 2892 2891
f 2893 2889 2886
f 2892 2893 2886
f 2893 2894 2889
f 2894 2890 2889
f 2894 2923 2890
f 2951 2893 2892
f 2952 2894 2893
f 2897 2895 2873
f 2903 2897 2875
f 2913 2903 2879
f 2895 2896 1045
f 2896 2899 1046
f 2897 2898 2895
f 2898 2896 2895
f 2900 2899 2896
f 2898 2900 2896
f 2899 2901 1048
f 2902 2901 2899
f 2900 2902 2899
f 2901 2908 1050
f 2910 2908 2901
f 2902 2910 2901
f 2903 2904 2897
f 2904 2898 2897
f 2905 2900 2898
f 2904 2905 2898
f 2914 2904 2903
f 2917 2905 2904
f 2906 2902 2900
f 2905 2906 2900
f 2919 2906 2905
f 2907 2910 2902
f 2906 2907 2902
f 2920 2907 2906
f 2908 2909 1055
f 2909 2932 1056
f 2911 2909 2908
f 2910 2911 2908
f 2931 2932 2909
f 2911 2931 2909
f 2912 2911 2910
f 2907 2912 2910
f 2935 2931 2911
f 2912 2935 2911
f 2928 2912 2907
f 2915 2913 2888
f 2923 2915 2890
f 2975 2923 2894
f 2913 2914 2903
f 2914 2917 2904
f 2915 2916 2913
f 2916 2914 2913
f 2918 2917 2914
f 2916 2918 2914
f 2917 2919 2905
f 2918 2921 2917
f 2921 2919 2917
f 2919 2920 2906
f 2921 2922 2919
f 2922 2920 2919
f 2923 2924 2915
f 2924 2916 2915
f 2925 2918 2916
f 2924 2925 2916
f 2976 2924 2923
f 2980 2925 2924
f 2926 2921 2918
f 2926 2918 2925
f 2981 2926 2925
f 2927 2922 2921
f 2926 2927 2921
f 2982 2927 2926
f 2920 2928 2907
f 2928 2937 2912
f 2929 2928 2920
f 2922 2929 2920
f 2929 2938 2928
f 2930 2929 2922
f 2927 2930 2922
f 2930 2942 2929
f 2990 2930 2927
f 2932 2933 1064
f 2933 3029 1065
f 2934 2933 2932
f 2931 2934 2932
f 3030 3029 2933
f 2934 3030 2933
f 2937 2935 2912
f 2936 2934 2931
f 2935 2936 2931
f 3035 3030 2934
f 2936 3035 2934
f 2939 2936 2935
f 3044 3035 2936
f 2938 2937 2928
f 2937 2939 2935
f 2939 3044 2936
f 2940 2939 2937
f 2938 2940 2937
f 2940 2941 2939
f 2941 3044 2939
f 2942 2938 2929
f 2942 2943 2938
f 3011 2942 2930
f 2943 2940 2938
f 2944 2941 2940
f 2943 2944 2940
f 3013 2943 2942
f 3014 2944 2943
f 2718 2945 2660
f 2947 2945 2718
f 2721 2947 2718
f 2955 2947 2721
f 2726 2955 2721
f 2748 2960 2726
f 2945 2946 2882
f 2948 2946 2945
f 2946 2949 2891
f 2950 2949 2946
f 2947 2948 2945
f 2948 2950 2946
f 2949 2951 2892
f 2953 2951 2949
f 2951 2952 2893
f 2952 2975 2894
f 2954 2952 2951
f 2950 2953 2949
f 2953 2954 2951
f 2954 2977 2952
f 2955 2956 2947
f 2956 2948 2947
f 2957 2950 2948
f 2956 2957 2948
f 2960 2955 2726
f 2960 2961 2955
f 2961 2956 2955
f 2961 2964 2956
f 2964 2957 2956
f 2958 2953 2950
f 2957 2958 2950
f 2958 2959 2953
f 2959 2954 2953
f 2959 2985 2954
f 2964 2965 2957
f 2965 2958 2957
f 2965 2966 2958
f 2966 2959 2958
f 2966 2993 2959
f 2962 2960 2748
f 2963 2961 2960
f 2967 2964 2961
f 2751 2962 2748
f 2962 2963 2960
f 2963 2967 2961
f 2968 2965 2964
f 2969 2966 2965
f 2967 2968 2964
f 2968 2969 2965
f 2969 2996 2966
f 2970 2962 2751
f 2756 2970 2751
f 2970 2971 2962
f 2971 2963 2962
f 2972 2967 2963
f 2971 2972 2963
f 3454 2970 2756
f 3192 3454 2756
f 3454 3455 2970
f 3455 2971 2970
f 3458 2972 2971
f 3455 3458 2971
f 2973 2968 2967
f 2972 2973 2967
f 2973 2974 2968
f 2974 2969 2968
f 2974 3004 2969
f 3459 2973 2972
f 3458 3459 2972
f 3459 3460 2973
f 3460 2974 2973
f 3460 3486 2974
f 2977 2975 2952
f 2985 2977 2954
f 2993 2985 2959
f 2975 2976 2923
f 2978 2976 2975
f 2976 2980 2924
f 2979 2980 2976
f 2977 2978 2975
f 2978 2979 2976
f 2980 2981 2925
f 2979 2983 2980
f 2983 2981 2980
f 2981 2982 2926
f 2984 2982 2981
f 2982 2990 2927
f 2983 2984 2981
f 2984 2991 2982
f 2986 2978 2977
f 2985 2986 2977
f 2987 2979 2978
f 2986 2987 2978
f 2993 2994 2985
f 2994 2986 2985
f 2994 2995 2986
f 2995 2987 2986
f 2987 2988 2979
f 2995 2999 2987
f 2988 2983 2979
f 2988 2989 2983
f 2989 2984 2983
f 2989 2992 2984
f 2999 2988 2987
f 2999 3000 2988
f 3000 2989 2988
f 3000 3010 2989
f 3010 2992 2989
f 2990 3011 2930
f 2991 2990 2982
f 2992 2991 2984
f 2996 2993 2966
f 3004 2996 2969
f 3486 3004 2974
f 2997 2994 2993
f 2998 2995 2994
f 2996 2997 2993
f 2998 2994 2997
f 2998 3001 2995
f 3001 2999 2995
f 3002 3000 2999
f 3003 3010 3000
f 3001 3002 2999
f 3002 3003 3000
f 3005 2997 2996
f 3004 3005 2996
f 3006 2998 2997
f 3005 3006 2997
f 3006 3007 2998
f 3487 3005 3004
f 3486 3487 3004
f 3488 3006 3005
f 3487 3488 3005
f 3488 3492 3006
f 3007 3001 2998
f 3008 3002 3001
f 3007 3008 3001
f 3009 3003 3002
f 3008 3009 3002
f 3492 3007 3006
f 3493 3008 3007
f 3492 3493 3007
f 3514 3009 3008
f 3493 3514 3008
f 3011 3013 2942
f 3012 3011 2990
f 2991 3012 2990
f 3012 3015 3011
f 3013 3014 2943
f 3015 3013 3011
f 3016 3014 3013
f 3015 3016 3013
f 3017 3012 2991
f 2992 3017 2991
f 3017 3018 3012
f 3018 3015 3012
f 3020 2992 3010
f 3020 3017 2992
f 3020 3022 3017
f 3022 3018 3017
f 3018 3019 3015
f 3019 3016 3015
f 3022 3024 3018
f 3024 3019 3018
f 3024 3093 3019
f 3021 3020 3010
f 3023 3022 3020
f 3003 3021 3010
f 3021 3023 3020
f 3025 3024 3022
f 3023 3025 3022
f 3025 3094 3024
f 3026 3021 3003
f 3009 3026 3003
f 3027 3023 3021
f 3026 3027 3021
f 3517 3026 3009
f 3514 3517 3009
f 3518 3027 3026
f 3517 3518 3026
f 3027 3028 3023
f 3518 3521 3027
f 3028 3025 3023
f 3028 3097 3025
f 3521 3028 3027
f 3521 3641 3028
f 3029 3031 1141
f 3030 3032 3029
f 3032 3031 3029
f 3031 3033 1143
f 3033 3038 1145
f 3034 3033 3031
f 3032 3034 3031
f 3034 3039 3033
f 3036 3030 3035
f 3036 3032 3030
f 3045 3036 3035
f 3037 3034 3032
f 3036 3037 3032
f 3037 3041 3034
f 3047 3037 3036
f 3038 3040 1149
f 3039 3038 3033
f 3042 3040 3038
f 3039 3042 3038
f 3041 3039 3034
f 3043 3042 3039
f 3041 3043 3039
f 3051 3041 3037
f 3054 3043 3041
f 3040 3057 1151
f 3058 3057 3040
f 3042 3058 3040
f 3061 3058 3042
f 3043 3061 3042
f 3069 3061 3043
f 3044 3045 3035
f 3045 3047 3036
f 2941 3046 3044
f 3046 3045 3044
f 3046 3048 3045
f 3047 3051 3037
f 3048 3047 3045
f 3048 3052 3047
f 3049 3046 2941
f 2944 3049 2941
f 3049 3050 3046
f 3081 3049 2944
f 3050 3048 3046
f 3053 3052 3048
f 3050 3053 3048
f 3083 3050 3049
f 3087 3053 3050
f 3051 3054 3041
f 3052 3051 3047
f 3052 3055 3051
f 3053 3056 3052
f 3055 3054 3051
f 3054 3069 3043
f 3055 3070 3054
f 3070 3069 3054
f 3056 3055 3052
f 3090 3056 3053
f 3073 3055 3056
f 3073 3070 3055
f 3105 3073 3056
f 3057 3059 1167
f 3060 3059 3057
f 3058 3060 3057
f 3059 3063 1169
f 3064 3063 3059
f 3060 3064 3059
f 3062 3060 3058
f 3061 3062 3058
f 3071 3062 3061
f 3067 3064 3060
f 3067 3060 3062
f 3075 3067 3062
f 3063 3065 1173
f 3066 3065 3063
f 3064 3066 3063
f 3065 4052 1175
f 4060 4052 3065
f 3066 4060 3065
f 3068 3066 3064
f 3067 3068 3064
f 3077 3068 3067
f 4072 4060 3066
f 3068 4072 3066
f 4097 4072 3068
f 3071 3061 3069
f 3070 3072 3069
f 3072 3071 3069
f 3071 3075 3062
f 3072 3076 3071
f 3076 3075 3071
f 3073 3074 3070
f 3074 3072 3070
f 3107 3074 3073
f 3074 3079 3072
f 3079 3076 3072
f 3111 3079 3074
f 3075 3077 3067
f 3076 3078 3075
f 3078 3077 3075
f 3077 4097 3068
f 3078 4098 3077
f 4098 4097 3077
f 3080 3078 3076
f 3079 3080 3076
f 3113 3080 3079
f 4101 4098 3078
f 3080 4101 3078
f 4160 4101 3080
f 3014 3081 2944
f 3082 3081 3014
f 3081 3083 3049
f 3016 3082 3014
f 3082 3084 3081
f 3084 3083 3081
f 3083 3087 3050
f 3088 3087 3083
f 3084 3088 3083
f 3085 3082 3016
f 3019 3085 3016
f 3085 3086 3082
f 3093 3085 3019
f 3093 3095 3085
f 3095 3086 3085
f 3086 3084 3082
f 3089 3088 3084
f 3086 3089 3084
f 3095 3099 3086
f 3099 3089 3086
f 3087 3090 3053
f 3091 3090 3087
f 3088 3091 3087
f 3090 3105 3056
f 3106 3105 3090
f 3091 3106 3090
f 3089 3092 3088
f 3092 3091 3088
f 3101 3089 3099
f 3101 3092 3089
f 3092 3109 3091
f 3109 3106 3091
f 3101 3117 3092
f 3117 3109 3092
f 3094 3093 3024
f 3096 3095 3093
f 3094 3096 3093
f 3100 3099 3095
f 3096 3100 3095
f 3097 3094 3025
f 3098 3096 3094
f 3097 3098 3094
f 3641 3097 3028
f 3643 3098 3097
f 3641 3643 3097
f 3098 3103 3096
f 3103 3100 3096
f 3643 3648 3098
f 3648 3103 3098
f 3102 3101 3099
f 3100 3102 3099
f 3118 3117 3101
f 3102 3118 3101
f 3103 3104 3100
f 3104 3102 3100
f 3648 3649 3103
f 3649 3104 3103
f 3104 3121 3102
f 3121 3118 3102
f 3649 3669 3104
f 3669 3121 3104
f 3105 3107 3073
f 3108 3107 3105
f 3106 3108 3105
f 3107 3111 3074
f 3112 3111 3107
f 3108 3112 3107
f 3109 3110 3106
f 3110 3108 3106
f 3117 3119 3109
f 3119 3110 3109
f 3110 3115 3108
f 3115 3112 3108
f 3119 3123 3110
f 3123 3115 3110
f 3111 3113 3079
f 3114 3113 3111
f 3112 3114 3111
f 3113 4160 3080
f 4161 4160 3113
f 3114 4161 3113
f 3116 3114 3112
f 3115 3116 3112
f 3123 3125 3115
f 3125 3116 3115
f 4164 4161 3114
f 3116 4164 3114
f 3125 4172 3116
f 4172 4164 3116
f 3120 3119 3117
f 3118 3120 3117
f 3124 3123 3119
f 3120 3124 3119
f 3121 3122 3118
f 3122 3120 3118
f 3669 3671 3121
f 3671 3122 3121
f 3122 3127 3120
f 3127 3124 3120
f 3671 3674 3122
f 3674 3127 3122
f 3126 3125 3123
f 3124 3126 3123
f 4173 4172 3125
f 3126 4173 3125
f 3128 3126 3124
f 3127 3128 3124
f 3676 3128 3127
f 3674 3676 3127
f 4176 4173 3126
f 3128 4176 3126
f 4855 4176 3128
f 3676 4855 3128
f 3129 3130 3176
f 3131 3179 3130
f 3132 3131 3139
f 3132 3205 3131
f 3133 3132 3150
f 3132 3133 3206
f 3134 3133 3151
f 3134 3209 3133
f 3225 3134 3154
f 3225 3277 3134
f 3137 3136 3135
f 3130 3129 3135
f 3136 3130 3135
f 3138 3137 3141
f 3137 3138 3136
f 3143 3138 3141
f 3138 3139 3136
f 3138 3140 3139
f 3131 3130 3136
f 3139 3131 3136
f 3140 3150 3139
f 3152 3150 3140
f 3150 3132 3139
f 3140 3138 3143
f 3147 3140 3143
f 3152 3140 3147
f 3156 3152 3147
f 3142 3143 3141
f 3142 3144 3143
f 3346 3146 3145
f 3145 3144 3142
f 3145 3146 3144
f 3144 3147 3143
f 3144 3148 3147
f 3148 3156 3147
f 3148 3157 3156
f 3347 3149 3146
f 3146 3148 3144
f 3146 3149 3148
f 3350 3160 3149
f 3149 3157 3148
f 3160 3157 3149
f 3152 3151 3150
f 3152 3153 3151
f 3153 3154 3151
f 3151 3133 3150
f 3153 3152 3156
f 3155 3153 3158
f 3158 3153 3156
f 3153 3155 3154
f 3154 3134 3151
f 3155 3233 3154
f 3235 3233 3155
f 3233 3225 3154
f 3162 3155 3158
f 3235 3155 3162
f 3240 3235 3162
f 3157 3158 3156
f 3159 3162 3158
f 3157 3159 3158
f 3361 3161 3160
f 3160 3159 3157
f 3362 3164 3161
f 3160 3161 3159
f 3161 3163 3159
f 3159 3163 3162
f 3163 3240 3162
f 3241 3240 3163
f 3161 3164 3163
f 3365 3243 3164
f 3164 3241 3163
f 3243 3241 3164
f 3171 3167 3165
f 3168 3166 3165
f 3171 3173 3167
f 3167 3168 3165
f 3168 3182 3166
f 3173 3169 3167
f 3173 3177 3169
f 3169 3170 3167
f 3170 3188 3168
f 3170 3168 3167
f 3177 3195 3169
f 3177 3201 3195
f 3195 3196 3169
f 3196 3210 3170
f 3196 3170 3169
f 3175 3174 3172
f 3173 3171 3172
f 3175 3176 3174
f 3174 3173 3172
f 3129 3176 3175
f 3176 3178 3174
f 3176 3179 3178
f 3177 3173 3174
f 3178 3177 3174
f 3179 3202 3178
f 3205 3202 3179
f 3201 3177 3178
f 3202 3201 3178
f 3130 3179 3176
f 3131 3205 3179
f 3182 3180 3166
f 3183 3181 3180
f 3186 3184 3181
f 3182 3183 3180
f 3183 3186 3181
f 3187 3185 3184
f 3193 3192 3185
f 3186 3187 3184
f 3187 3193 3185
f 3188 3182 3168
f 3189 3183 3182
f 3188 3189 3182
f 3190 3186 3183
f 3189 3190 3183
f 3210 3188 3170
f 3211 3189 3188
f 3210 3211 3188
f 3214 3190 3189
f 3211 3214 3189
f 3191 3187 3186
f 3190 3191 3186
f 3194 3193 3187
f 3191 3194 3187
f 3215 3191 3190
f 3214 3215 3190
f 3215 3222 3191
f 3222 3194 3191
f 3201 3197 3195
f 3198 3196 3195
f 3201 3203 3197
f 3197 3198 3195
f 3203 3199 3197
f 3198 3212 3196
f 3200 3198 3197
f 3203 3207 3199
f 3199 3200 3197
f 3200 3218 3198
f 3207 3267 3199
f 3273 3267 3207
f 3267 3268 3199
f 3268 3200 3199
f 3268 3282 3200
f 3205 3204 3202
f 3203 3201 3202
f 3205 3206 3204
f 3206 3208 3204
f 3204 3203 3202
f 3207 3203 3204
f 3132 3206 3205
f 3133 3209 3206
f 3206 3209 3208
f 3208 3207 3204
f 3209 3274 3208
f 3277 3274 3209
f 3273 3207 3208
f 3274 3273 3208
f 3134 3277 3209
f 3212 3210 3196
f 3213 3211 3210
f 3216 3214 3211
f 3212 3213 3210
f 3218 3212 3198
f 3219 3213 3212
f 3213 3216 3211
f 3220 3216 3213
f 3217 3215 3214
f 3216 3217 3214
f 3221 3217 3216
f 3217 3223 3215
f 3218 3219 3212
f 3219 3220 3213
f 3282 3218 3200
f 3283 3219 3218
f 3282 3283 3218
f 3286 3220 3219
f 3283 3286 3219
f 3220 3221 3216
f 3287 3221 3220
f 3286 3287 3220
f 3223 3222 3215
f 3224 3223 3217
f 3221 3224 3217
f 3292 3224 3221
f 3287 3292 3221
f 3226 3225 3233
f 3225 3226 3278
f 3227 3226 3234
f 3227 3281 3226
f 3228 3309 3227
f 3228 3227 3238
f 3228 3229 3310
f 3229 3228 3249
f 3230 3229 3250
f 3230 3315 3229
f 3230 3231 3316
f 3231 3230 3255
f 3235 3234 3233
f 3235 3236 3234
f 3236 3238 3234
f 3234 3226 3233
f 3240 3236 3235
f 3232 3239 3236
f 3240 3232 3236
f 3236 3239 3238
f 3238 3227 3234
f 3239 3249 3238
f 3251 3249 3239
f 3249 3228 3238
f 3237 3239 3232
f 3237 3251 3239
f 3247 3251 3237
f 3241 3232 3240
f 3242 3237 3232
f 3241 3242 3232
f 3400 3244 3243
f 3243 3242 3241
f 3401 3246 3244
f 3243 3244 3242
f 3244 3245 3242
f 3242 3245 3237
f 3245 3247 3237
f 3245 3259 3247
f 3244 3246 3245
f 3404 3261 3246
f 3246 3259 3245
f 3261 3259 3246
f 3251 3250 3249
f 3251 3252 3250
f 3250 3229 3249
f 3252 3255 3250
f 3247 3252 3251
f 3247 3248 3252
f 3248 3257 3252
f 3252 3257 3255
f 3255 3230 3250
f 3257 3256 3255
f 3257 3258 3256
f 3256 3231 3255
f 3253 3257 3248
f 3253 3258 3257
f 3253 3254 3258
f 3259 3248 3247
f 3259 3260 3248
f 3260 3253 3248
f 3418 3262 3261
f 3261 3260 3259
f 3261 3262 3260
f 3419 3265 3262
f 3262 3263 3260
f 3260 3263 3253
f 3263 3254 3253
f 3263 3264 3254
f 3262 3265 3263
f 3422 3266 3265
f 3265 3264 3263
f 3265 3266 3264
f 3273 3269 3267
f 3270 3268 3267
f 3269 3270 3267
f 3275 3271 3269
f 3270 3284 3268
f 3272 3270 3269
f 3271 3272 3269
f 3272 3289 3270
f 3279 3297 3271
f 3297 3298 3271
f 3298 3272 3271
f 3298 3317 3272
f 3277 3276 3274
f 3275 3273 3274
f 3277 3278 3276
f 3278 3280 3276
f 3276 3275 3274
f 3279 3275 3276
f 3225 3278 3277
f 3226 3281 3278
f 3273 3275 3269
f 3278 3281 3280
f 3280 3279 3276
f 3281 3306 3280
f 3309 3306 3281
f 3305 3279 3280
f 3306 3305 3280
f 3227 3309 3281
f 3275 3279 3271
f 3279 3305 3297
f 3284 3282 3268
f 3285 3283 3282
f 3288 3286 3283
f 3284 3285 3282
f 3289 3284 3270
f 3290 3285 3284
f 3285 3288 3283
f 3291 3288 3285
f 3293 3287 3286
f 3288 3293 3286
f 3295 3293 3288
f 3289 3290 3284
f 3290 3291 3285
f 3317 3289 3272
f 3318 3290 3289
f 3317 3318 3289
f 3321 3291 3290
f 3318 3321 3290
f 3291 3295 3288
f 3321 3329 3291
f 3294 3292 3287
f 3293 3294 3287
f 3296 3294 3293
f 3295 3296 3293
f 3296 3548 3294
f 3329 3295 3291
f 3330 3296 3295
f 3329 3330 3295
f 3330 3556 3296
f 3305 3299 3297
f 3299 3300 3297
f 3300 3298 3297
f 3300 3319 3298
f 3307 3301 3299
f 3302 3300 3299
f 3301 3302 3299
f 3302 3323 3300
f 3311 3303 3301
f 3303 3304 3301
f 3304 3302 3301
f 3304 3325 3302
f 3309 3308 3306
f 3309 3310 3308
f 3308 3307 3306
f 3307 3305 3306
f 3310 3312 3308
f 3311 3307 3308
f 3228 3310 3309
f 3229 3315 3310
f 3305 3307 3299
f 3310 3315 3312
f 3312 3311 3308
f 3315 3314 3312
f 3315 3316 3314
f 3313 3311 3312
f 3314 3313 3312
f 3230 3316 3315
f 3307 3311 3301
f 3311 3313 3303
f 3319 3317 3298
f 3320 3318 3317
f 3319 3320 3317
f 3322 3321 3318
f 3320 3322 3318
f 3323 3319 3300
f 3324 3320 3319
f 3327 3322 3320
f 3322 3331 3321
f 3323 3324 3319
f 3324 3327 3320
f 3325 3323 3302
f 3326 3324 3323
f 3325 3326 3323
f 3328 3327 3324
f 3326 3328 3324
f 3331 3329 3321
f 3331 3332 3329
f 3332 3330 3329
f 3332 3558 3330
f 3333 3331 3322
f 3334 3332 3331
f 3327 3333 3322
f 3333 3334 3331
f 3334 3566 3332
f 3335 3333 3327
f 3328 3335 3327
f 3336 3334 3333
f 3335 3336 3333
f 3336 3568 3334
f 3313 4620 3303
f 3316 4620 3314
f 3231 4620 3316
f 4620 3313 3314
f 4620 3304 3303
f 4620 3325 3304
f 4620 3326 3325
f 4620 3328 3326
f 4620 3335 3328
f 4620 3336 3335
f 4620 3568 3336
f 3349 3348 3337
f 3338 3349 3337
f 3351 3349 3338
f 3339 3351 3338
f 3363 3351 3339
f 3352 3363 3339
f 3342 3341 3340
f 3340 3338 3337
f 3340 3341 3338
f 3367 3343 3342
f 3342 3343 3341
f 3343 3344 3341
f 3341 3339 3338
f 3341 3344 3339
f 3345 3355 3344
f 3344 3352 3339
f 3344 3355 3352
f 3343 3345 3344
f 3370 3345 3343
f 3357 3355 3345
f 3372 3357 3345
f 3348 3347 3346
f 3346 3347 3146
f 3348 3349 3347
f 3347 3350 3149
f 3349 3350 3347
f 3349 3351 3350
f 3350 3361 3160
f 3351 3361 3350
f 3363 3361 3351
f 3364 3363 3352
f 3353 3364 3352
f 3354 3366 3353
f 3391 3402 3354
f 3355 3353 3352
f 3356 3353 3355
f 3354 3353 3356
f 3381 3358 3357
f 3357 3356 3355
f 3357 3358 3356
f 3382 3360 3358
f 3358 3359 3356
f 3359 3354 3356
f 3391 3354 3359
f 3392 3391 3359
f 3358 3360 3359
f 3384 3395 3360
f 3360 3392 3359
f 3395 3392 3360
f 3363 3362 3361
f 3361 3362 3161
f 3363 3364 3362
f 3364 3365 3362
f 3353 3366 3364
f 3362 3365 3164
f 3364 3366 3365
f 3365 3400 3243
f 3366 3400 3365
f 3402 3400 3366
f 3354 3402 3366
f 3370 3367 3368
f 3369 3370 3368
f 3373 3369 3368
f 3373 3374 3369
f 3367 3370 3343
f 3372 3370 3369
f 3371 3372 3369
f 3374 3371 3369
f 3374 3377 3371
f 3379 3381 3371
f 3377 3379 3371
f 3377 3385 3379
f 3370 3372 3345
f 3372 3381 3357
f 3381 3372 3371
f 3375 3374 3373
f 3375 3376 3374
f 4516 3376 3375
f 3376 3378 3377
f 3376 3377 3374
f 3378 3385 3377
f 3387 3385 3378
f 4517 3378 3376
f 4520 3387 3378
f 3385 3380 3379
f 3380 3382 3379
f 3385 3386 3380
f 3386 3383 3380
f 3382 3381 3379
f 3381 3382 3358
f 3384 3382 3380
f 3386 3389 3383
f 3389 3426 3383
f 3382 3384 3360
f 3384 3427 3395
f 3383 3427 3384
f 3383 3384 3380
f 3426 3427 3383
f 3387 3386 3385
f 3387 3388 3386
f 3388 3389 3386
f 4528 3388 3387
f 4529 3390 3388
f 3388 3390 3389
f 3432 3426 3389
f 3390 3432 3389
f 3434 3432 3390
f 4532 3434 3390
f 3391 3393 3403
f 3397 3405 3393
f 3393 3391 3392
f 3397 3393 3394
f 3394 3393 3392
f 3427 3396 3395
f 3395 3394 3392
f 3428 3399 3396
f 3395 3396 3394
f 3396 3398 3394
f 3398 3397 3394
f 3406 3397 3398
f 3407 3406 3398
f 3396 3399 3398
f 3430 3410 3399
f 3399 3407 3398
f 3410 3407 3399
f 3402 3401 3400
f 3400 3401 3244
f 3402 3403 3401
f 3403 3404 3401
f 3391 3403 3402
f 3393 3405 3403
f 3401 3404 3246
f 3403 3405 3404
f 3404 3418 3261
f 3405 3418 3404
f 3420 3418 3405
f 3397 3420 3405
f 3406 3420 3397
f 3408 3406 3407
f 3409 3408 3407
f 3412 3408 3409
f 3438 3411 3410
f 3410 3409 3407
f 3410 3411 3409
f 3411 3413 3409
f 3413 3412 3409
f 3414 3412 3413
f 3415 3414 3413
f 3411 3416 3413
f 3416 3415 3413
f 3416 3417 3415
f 3418 3419 3262
f 3420 3421 3419
f 3420 3419 3418
f 3421 3422 3419
f 3406 3421 3420
f 3406 3408 3421
f 3408 3424 3421
f 3419 3422 3265
f 3422 3423 3266
f 3424 3423 3422
f 3421 3424 3422
f 3412 3424 3408
f 3424 3425 3423
f 3412 3425 3424
f 3412 3414 3425
f 3425 4620 3423
f 3414 4620 3425
f 3432 3429 3426
f 3433 3431 3429
f 3426 3428 3427
f 3427 3428 3396
f 3429 3430 3428
f 3426 3429 3428
f 3436 3440 3431
f 3428 3430 3399
f 3430 3438 3410
f 3431 3438 3430
f 3429 3431 3430
f 3440 3438 3431
f 3434 3433 3432
f 3432 3433 3429
f 3434 3435 3433
f 3435 3436 3433
f 4564 3435 3434
f 4565 3437 3435
f 3433 3436 3431
f 3435 3437 3436
f 3436 3446 3440
f 3437 3446 3436
f 3448 3446 3437
f 4568 3448 3437
f 3438 3439 3411
f 3440 3439 3438
f 3439 3416 3411
f 3441 3442 3439
f 3440 3441 3439
f 3446 3441 3440
f 3447 3444 3441
f 3439 3442 3416
f 3442 3443 3417
f 3444 3443 3442
f 3442 3417 3416
f 3441 3444 3442
f 3444 3445 3443
f 3450 3445 3444
f 3446 3447 3441
f 3448 3447 3446
f 3449 3450 3447
f 3448 3449 3447
f 4576 3449 3448
f 4577 3452 3449
f 3451 3450 3452
f 3452 3450 3449
f 3453 3451 3452
f 4580 3453 3452
f 3447 3450 3444
f 3450 3451 3445
f 4620 3414 3415
f 3443 4620 3417
f 3417 4620 3415
f 3445 4620 3443
f 3451 4620 3445
f 4620 3451 3453
f 4620 3231 3256
f 3258 4620 3256
f 3264 4620 3254
f 3254 4620 3258
f 3266 4620 3264
f 3423 4620 3266
f 3456 3454 3192
f 3457 3455 3454
f 3461 3458 3455
f 3193 3456 3192
f 3456 3457 3454
f 3457 3461 3455
f 3462 3459 3458
f 3463 3460 3459
f 3461 3462 3458
f 3462 3463 3459
f 3463 3489 3460
f 3464 3456 3193
f 3194 3464 3193
f 3464 3465 3456
f 3465 3457 3456
f 3465 3466 3457
f 3469 3464 3194
f 3222 3469 3194
f 3469 3470 3464
f 3470 3465 3464
f 3470 3473 3465
f 3466 3461 3457
f 3473 3466 3465
f 3467 3462 3461
f 3466 3467 3461
f 3467 3468 3462
f 3468 3463 3462
f 3496 3489 3463
f 3468 3496 3463
f 3474 3467 3466
f 3473 3474 3466
f 3474 3475 3467
f 3475 3468 3467
f 3501 3496 3468
f 3475 3501 3468
f 3471 3469 3222
f 3472 3470 3469
f 3223 3471 3222
f 3479 3471 3223
f 3471 3472 3469
f 3472 3476 3470
f 3480 3472 3471
f 3476 3473 3470
f 3481 3476 3472
f 3477 3474 3473
f 3478 3475 3474
f 3484 3501 3475
f 3476 3477 3473
f 3482 3477 3476
f 3477 3478 3474
f 3478 3484 3475
f 3483 3478 3477
f 3485 3484 3478
f 3224 3479 3223
f 3479 3480 3471
f 3480 3481 3472
f 3538 3479 3224
f 3292 3538 3224
f 3538 3539 3479
f 3539 3480 3479
f 3539 3542 3480
f 3542 3481 3480
f 3481 3482 3476
f 3482 3483 3477
f 3483 3485 3478
f 3543 3482 3481
f 3542 3543 3481
f 3544 3483 3482
f 3543 3544 3482
f 3544 3553 3483
f 3553 3485 3483
f 3553 3585 3485
f 3489 3486 3460
f 3490 3487 3486
f 3491 3488 3487
f 3489 3490 3486
f 3490 3491 3487
f 3491 3494 3488
f 3494 3492 3488
f 3495 3493 3492
f 3515 3514 3493
f 3495 3492 3494
f 3495 3515 3493
f 3497 3490 3489
f 3496 3497 3489
f 3497 3498 3490
f 3498 3491 3490
f 3498 3499 3491
f 3502 3497 3496
f 3502 3496 3501
f 3502 3503 3497
f 3503 3498 3497
f 3499 3494 3491
f 3506 3499 3498
f 3503 3506 3498
f 3499 3500 3494
f 3500 3495 3494
f 3500 3516 3495
f 3516 3515 3495
f 3506 3508 3499
f 3508 3500 3499
f 3508 3526 3500
f 3526 3516 3500
f 3504 3502 3501
f 3505 3503 3502
f 3484 3504 3501
f 3510 3504 3484
f 3504 3505 3502
f 3511 3505 3504
f 3507 3506 3503
f 3507 3503 3505
f 3507 3509 3506
f 3512 3507 3505
f 3509 3508 3506
f 3527 3526 3508
f 3509 3527 3508
f 3513 3509 3507
f 3485 3510 3484
f 3510 3511 3504
f 3585 3510 3485
f 3586 3511 3510
f 3585 3586 3510
f 3511 3512 3505
f 3512 3513 3507
f 3589 3512 3511
f 3586 3589 3511
f 3589 3592 3512
f 3592 3513 3512
f 3513 3528 3509
f 3592 3608 3513
f 3515 3519 3514
f 3516 3523 3515
f 3526 3529 3516
f 3519 3517 3514
f 3520 3518 3517
f 3519 3520 3517
f 3520 3522 3518
f 3522 3521 3518
f 3522 3642 3521
f 3523 3519 3515
f 3523 3524 3519
f 3524 3520 3519
f 3529 3523 3516
f 3529 3530 3523
f 3530 3524 3523
f 3524 3525 3520
f 3530 3533 3524
f 3525 3522 3520
f 3645 3642 3522
f 3525 3645 3522
f 3533 3525 3524
f 3654 3645 3525
f 3533 3654 3525
f 3531 3529 3526
f 3528 3527 3509
f 3527 3531 3526
f 3535 3531 3527
f 3528 3535 3527
f 3608 3528 3513
f 3609 3535 3528
f 3608 3609 3528
f 3532 3530 3529
f 3531 3532 3529
f 3536 3532 3531
f 3532 3534 3530
f 3534 3533 3530
f 3655 3654 3533
f 3537 3534 3532
f 3534 3655 3533
f 3658 3655 3534
f 3536 3531 3535
f 3614 3536 3535
f 3609 3614 3535
f 3536 3537 3532
f 3614 3616 3536
f 3537 3658 3534
f 3616 3537 3536
f 3616 3689 3537
f 3689 3658 3537
f 3540 3538 3292
f 3541 3539 3538
f 3294 3540 3292
f 3548 3540 3294
f 3540 3541 3538
f 3541 3545 3539
f 3549 3541 3540
f 3545 3542 3539
f 3550 3545 3541
f 3546 3543 3542
f 3547 3544 3543
f 3545 3546 3542
f 3551 3546 3545
f 3546 3547 3543
f 3547 3554 3544
f 3552 3547 3546
f 3548 3549 3540
f 3549 3550 3541
f 3556 3548 3296
f 3556 3557 3548
f 3557 3549 3548
f 3557 3560 3549
f 3560 3550 3549
f 3550 3551 3545
f 3551 3552 3546
f 3552 3555 3547
f 3561 3551 3550
f 3560 3561 3550
f 3562 3552 3551
f 3561 3562 3551
f 3562 3576 3552
f 3554 3553 3544
f 3554 3587 3553
f 3555 3554 3547
f 3593 3587 3554
f 3555 3593 3554
f 3576 3555 3552
f 3577 3593 3555
f 3576 3577 3555
f 3558 3556 3330
f 3558 3559 3556
f 3559 3557 3556
f 3559 3563 3557
f 3566 3558 3332
f 3567 3559 3558
f 3563 3560 3557
f 3570 3563 3559
f 3563 3564 3560
f 3564 3561 3560
f 3565 3562 3561
f 3564 3565 3561
f 3565 3578 3562
f 3571 3564 3563
f 3572 3565 3564
f 3566 3567 3558
f 3567 3570 3559
f 3568 3566 3334
f 3568 3569 3566
f 3569 3567 3566
f 3573 3570 3567
f 3569 3573 3567
f 3570 3571 3563
f 3571 3572 3564
f 3572 3580 3565
f 3574 3571 3570
f 3573 3574 3570
f 3575 3572 3571
f 3574 3575 3571
f 3575 3582 3572
f 3578 3576 3562
f 3579 3577 3576
f 3578 3579 3576
f 3579 3600 3577
f 3580 3578 3565
f 3581 3579 3578
f 3603 3600 3579
f 3580 3581 3578
f 3581 3603 3579
f 3582 3580 3572
f 3583 3581 3580
f 3583 3580 3582
f 3584 3603 3581
f 3583 3584 3581
f 3587 3585 3553
f 3588 3586 3585
f 3587 3588 3585
f 3594 3588 3587
f 3590 3589 3586
f 3591 3592 3589
f 3588 3590 3586
f 3595 3590 3588
f 3590 3591 3589
f 3596 3591 3590
f 3591 3610 3592
f 3594 3587 3593
f 3597 3594 3593
f 3577 3597 3593
f 3594 3595 3588
f 3595 3596 3590
f 3598 3595 3594
f 3597 3598 3594
f 3599 3596 3595
f 3598 3599 3595
f 3596 3612 3591
f 4620 3569 3568
f 4620 3573 3569
f 4620 3574 3573
f 4620 3575 3574
f 4620 3582 3575
f 4620 3583 3582
f 4620 3584 3583
f 3600 3597 3577
f 3600 3601 3597
f 3601 3598 3597
f 3602 3599 3598
f 3601 3602 3598
f 3604 3601 3600
f 3605 3602 3601
f 3604 3600 3603
f 3604 3605 3601
f 3606 3604 3603
f 3584 3606 3603
f 3606 3607 3604
f 3607 3605 3604
f 3610 3608 3592
f 3611 3609 3608
f 3612 3610 3591
f 3610 3611 3608
f 3613 3611 3610
f 3599 3621 3596
f 3612 3613 3610
f 3621 3612 3596
f 3621 3622 3612
f 3622 3613 3612
f 3622 3629 3613
f 3615 3614 3609
f 3611 3615 3609
f 3618 3615 3611
f 3615 3617 3614
f 3619 3617 3615
f 3617 3616 3614
f 3691 3689 3616
f 3617 3691 3616
f 3620 3691 3617
f 3613 3618 3611
f 3629 3618 3613
f 3618 3619 3615
f 3631 3619 3618
f 3629 3631 3618
f 3619 3620 3617
f 3631 3632 3619
f 3632 3620 3619
f 3602 3623 3599
f 3625 3623 3602
f 3623 3621 3599
f 3623 3624 3621
f 3624 3622 3621
f 3624 3630 3622
f 3626 3624 3623
f 3605 3625 3602
f 3627 3625 3605
f 3607 3627 3605
f 3625 3626 3623
f 3626 3635 3624
f 3628 3626 3625
f 3628 3625 3627
f 3628 3636 3626
f 3630 3629 3622
f 3630 3633 3629
f 3633 3631 3629
f 3635 3630 3624
f 3637 3633 3630
f 3633 3634 3631
f 3634 3632 3631
f 3638 3634 3633
f 3635 3637 3630
f 3636 3635 3626
f 3639 3637 3635
f 3636 3639 3635
f 3638 3633 3637
f 3639 3640 3637
f 3640 3638 3637
f 3642 3641 3521
f 3644 3643 3641
f 3642 3644 3641
f 3644 3650 3643
f 3646 3644 3642
f 3645 3646 3642
f 3654 3656 3645
f 3656 3646 3645
f 3646 3647 3644
f 3656 3660 3646
f 3650 3648 3643
f 3647 3650 3644
f 3660 3647 3646
f 3651 3649 3648
f 3650 3651 3648
f 3670 3669 3649
f 3651 3670 3649
f 3647 3652 3650
f 3652 3651 3650
f 3660 3663 3647
f 3663 3652 3647
f 3652 3653 3651
f 3653 3670 3651
f 3663 3665 3652
f 3665 3653 3652
f 3657 3656 3654
f 3655 3657 3654
f 3659 3657 3655
f 3659 3655 3658
f 3689 3690 3658
f 3690 3659 3658
f 3661 3660 3656
f 3657 3661 3656
f 3662 3661 3657
f 3659 3662 3657
f 3690 3693 3659
f 3693 3662 3659
f 3664 3663 3660
f 3661 3664 3660
f 3667 3664 3661
f 3666 3665 3663
f 3664 3666 3663
f 3668 3666 3664
f 3662 3667 3661
f 3693 3697 3662
f 3697 3667 3662
f 3667 3668 3664
f 3697 3699 3667
f 3699 3668 3667
f 3672 3671 3669
f 3670 3672 3669
f 3675 3674 3671
f 3672 3675 3671
f 3653 3673 3670
f 3673 3672 3670
f 3665 3680 3653
f 3680 3673 3653
f 3673 3678 3672
f 3678 3675 3672
f 3680 3683 3673
f 3683 3678 3673
f 3677 3676 3674
f 3675 3677 3674
f 4856 4855 3676
f 3677 4856 3676
f 3679 3677 3675
f 3678 3679 3675
f 3685 3679 3678
f 3683 3685 3678
f 4859 4856 3677
f 3679 4859 3677
f 4867 4859 3679
f 3685 4867 3679
f 3681 3680 3665
f 3666 3681 3665
f 3682 3681 3666
f 3684 3683 3680
f 3681 3684 3680
f 3687 3684 3681
f 3668 3682 3666
f 3699 3719 3668
f 3719 3682 3668
f 3682 3687 3681
f 3719 3722 3682
f 3722 3687 3682
f 3686 3685 3683
f 3684 3686 3683
f 3688 3686 3684
f 4868 4867 3685
f 3686 4868 3685
f 4871 4868 3686
f 3687 3688 3684
f 3724 3688 3687
f 3722 3724 3687
f 3688 4871 3686
f 4903 4871 3688
f 3724 4903 3688
f 4620 3606 3584
f 4620 3607 3606
f 4620 3627 3607
f 4620 3628 3627
f 4620 3636 3628
f 4620 3639 3636
f 4620 3640 3639
f 4620 3708 3640
f 4620 3710 3708
f 3692 3690 3689
f 3691 3692 3689
f 3695 3692 3691
f 3620 3695 3691
f 3632 3703 3620
f 3703 3695 3620
f 3694 3693 3690
f 3692 3694 3690
f 3696 3694 3692
f 3695 3696 3692
f 3703 3705 3695
f 3705 3696 3695
f 3698 3697 3693
f 3694 3698 3693
f 3701 3698 3694
f 3700 3699 3697
f 3698 3700 3697
f 3702 3700 3698
f 3696 3701 3694
f 3705 3711 3696
f 3711 3701 3696
f 3701 3702 3698
f 3711 3713 3701
f 3713 3702 3701
f 3634 3704 3632
f 3704 3703 3632
f 3707 3704 3634
f 3638 3707 3634
f 3640 3708 3638
f 3708 3707 3638
f 3704 3706 3703
f 3706 3705 3703
f 3709 3706 3704
f 3707 3709 3704
f 3708 3710 3707
f 3710 3709 3707
f 3706 3712 3705
f 3712 3711 3705
f 3715 3712 3706
f 3712 3714 3711
f 3714 3713 3711
f 3717 3714 3712
f 3709 3715 3706
f 3710 3716 3709
f 3716 3715 3709
f 3715 3717 3712
f 3716 3718 3715
f 3718 3717 3715
f 3720 3719 3699
f 3700 3720 3699
f 3721 3720 3700
f 3723 3722 3719
f 3720 3723 3719
f 3726 3723 3720
f 3702 3721 3700
f 3713 3728 3702
f 3728 3721 3702
f 3721 3726 3720
f 3728 3732 3721
f 3732 3726 3721
f 3725 3724 3722
f 3723 3725 3722
f 3727 3725 3723
f 4904 4903 3724
f 3725 4904 3724
f 4907 4904 3725
f 3726 3727 3723
f 3734 3727 3726
f 3732 3734 3726
f 3727 4907 3725
f 4915 4907 3727
f 3734 4915 3727
f 4620 3716 3710
f 4620 3718 3716
f 4620 3731 3718
f 4620 3737 3731
f 4620 3739 3737
f 4620 4920 3739
f 3714 3729 3713
f 3729 3728 3713
f 3730 3729 3714
f 3729 3733 3728
f 3733 3732 3728
f 3736 3733 3729
f 3717 3730 3714
f 3718 3731 3717
f 3731 3730 3717
f 3730 3736 3729
f 3731 3737 3730
f 3737 3736 3730
f 3733 3735 3732
f 3735 3734 3732
f 3738 3735 3733
f 3735 4916 3734
f 4916 4915 3734
f 4919 4916 3735
f 3736 3738 3733
f 3739 3738 3736
f 3737 3739 3736
f 3738 4919 3735
f 4920 4919 3738
f 3739 4920 3738
f 3742 3741 3740
f 3742 3740 1861
f 3742 3743 3741
f 3746 3743 3742
f 3743 3744 3741
f 3745 3752 3744
f 3743 3745 3744
f 3747 3745 3743
f 3750 3754 3745
f 3746 3742 1865
f 3746 3747 3743
f 3748 3747 3746
f 3748 3746 1867
f 3748 3749 3747
f 3747 3750 3745
f 3749 3750 3747
f 3751 3758 3750
f 3749 3751 3750
f 3754 3753 3752
f 3754 3752 3745
f 3754 3755 3753
f 3758 3755 3754
f 3755 3756 3753
f 3757 3788 3756
f 3755 3757 3756
f 3759 3757 3755
f 3762 3790 3757
f 3750 3758 3754
f 3758 3759 3755
f 3760 3759 3758
f 3760 3758 3751
f 3760 3761 3759
f 3759 3762 3757
f 3761 3762 3759
f 3763 3794 3762
f 3761 3763 3762
f 3764 3748 1884
f 3764 3749 3748
f 3764 3765 3749
f 3766 3764 1886
f 3766 3765 3764
f 3766 3767 3765
f 3765 3751 3749
f 3765 3768 3751
f 3768 3760 3751
f 3767 3768 3765
f 3767 3769 3768
f 3769 3776 3768
f 3770 3766 1890
f 3770 3767 3766
f 3770 3771 3767
f 3772 3771 3770
f 3772 3770 1892
f 3836 3772 2019
f 3772 3773 3771
f 3836 3773 3772
f 3771 3769 3767
f 3771 3774 3769
f 3773 3774 3771
f 3774 3778 3769
f 3775 3782 3774
f 3773 3775 3774
f 3838 3775 3773
f 3840 3784 3775
f 3768 3776 3760
f 3776 3761 3760
f 3776 3777 3761
f 3778 3776 3769
f 3778 3777 3776
f 3778 3779 3777
f 3777 3763 3761
f 3777 3780 3763
f 3780 3796 3763
f 3779 3780 3777
f 3779 3781 3780
f 3781 3812 3780
f 3774 3782 3778
f 3782 3779 3778
f 3782 3783 3779
f 3784 3783 3782
f 3784 3785 3783
f 3784 3782 3775
f 3857 3785 3784
f 3783 3781 3779
f 3783 3786 3781
f 3786 3814 3781
f 3785 3786 3783
f 3785 3787 3786
f 3787 3818 3786
f 3858 3787 3785
f 3861 3821 3787
f 3790 3789 3788
f 3790 3788 3757
f 3794 3791 3790
f 3790 3791 3789
f 3791 3792 3789
f 3793 3800 3792
f 3791 3793 3792
f 3795 3793 3791
f 3802 3800 3793
f 3798 3802 3793
f 3794 3790 3762
f 3796 3795 3794
f 3794 3795 3791
f 3796 3794 3763
f 3796 3797 3795
f 3795 3798 3793
f 3797 3798 3795
f 3798 3806 3802
f 3799 3806 3798
f 3797 3799 3798
f 3808 3806 3799
f 3802 3801 3800
f 3806 3803 3802
f 3802 3803 3801
f 3803 3804 3801
f 3805 4516 3804
f 3803 3805 3804
f 3807 3805 3803
f 4518 4516 3805
f 3810 4518 3805
f 3808 3807 3806
f 3806 3807 3803
f 3808 3809 3807
f 3807 3810 3805
f 3809 3810 3807
f 4522 4518 3810
f 3811 4522 3810
f 3809 3811 3810
f 4524 4522 3811
f 3780 3812 3796
f 3812 3797 3796
f 3812 3813 3797
f 3814 3812 3781
f 3814 3813 3812
f 3814 3815 3813
f 3813 3799 3797
f 3813 3816 3799
f 3816 3808 3799
f 3816 3824 3808
f 3815 3816 3813
f 3815 3817 3816
f 3817 3824 3816
f 3826 3824 3817
f 3818 3814 3786
f 3818 3815 3814
f 3818 3819 3815
f 3821 3818 3787
f 3821 3819 3818
f 3821 3820 3819
f 3944 3820 3821
f 3819 3817 3815
f 3819 3822 3817
f 3822 3826 3817
f 3822 3830 3826
f 3820 3822 3819
f 3820 3823 3822
f 3823 3830 3822
f 3832 3830 3823
f 3824 3809 3808
f 3824 3825 3809
f 3826 3825 3824
f 3826 3827 3825
f 3825 3811 3809
f 3825 3828 3811
f 3828 4524 3811
f 4540 4524 3828
f 3827 3828 3825
f 3827 3829 3828
f 3829 4540 3828
f 4542 4540 3829
f 3830 3827 3826
f 3830 3831 3827
f 3832 3831 3830
f 3832 3833 3831
f 3831 3829 3827
f 3831 3834 3829
f 3834 4542 3829
f 4546 4542 3834
f 3833 3834 3831
f 3833 3835 3834
f 3835 4546 3834
f 4548 4546 3835
f 3837 3836 2020
f 3836 3838 3773
f 3837 3838 3836
f 3837 3839 3838
f 3837 3842 3839
f 3838 3840 3775
f 3839 3840 3838
f 3841 3840 3839
f 3841 3857 3840
f 3843 3841 3839
f 3844 3859 3841
f 3842 3837 2023
f 3842 3843 3839
f 3845 3843 3842
f 3847 3844 3843
f 3843 3844 3841
f 3853 3863 3844
f 3845 3842 2029
f 3846 3845 2030
f 3845 3847 3843
f 3846 3847 3845
f 3846 3848 3847
f 3849 3848 3846
f 3849 3846 2034
f 3850 3849 2035
f 3880 3850 2078
f 3850 3851 3849
f 3849 3851 3848
f 3850 3880 3852
f 3850 3852 3851
f 3853 3844 3847
f 3848 3853 3847
f 3848 3854 3853
f 3854 3866 3853
f 3851 3854 3848
f 3852 3855 3851
f 3855 3854 3851
f 3883 3856 3852
f 3856 3855 3852
f 3855 3867 3854
f 3856 3870 3855
f 3892 3871 3856
f 3840 3857 3784
f 3859 3857 3841
f 3857 3858 3785
f 3859 3858 3857
f 3859 3860 3858
f 3863 3860 3859
f 3863 3864 3860
f 3858 3861 3787
f 3860 3861 3858
f 3862 3861 3860
f 3862 3944 3861
f 3864 3862 3860
f 3864 3865 3862
f 3865 3946 3862
f 3844 3863 3859
f 3853 3866 3863
f 3867 3866 3854
f 3866 3864 3863
f 3866 3868 3864
f 3867 3868 3866
f 3867 3869 3868
f 3870 3869 3867
f 3870 3867 3855
f 3871 3870 3856
f 3870 3872 3869
f 3870 3871 3872
f 3871 3873 3872
f 3868 3865 3864
f 3868 3874 3865
f 3869 3874 3868
f 3869 3875 3874
f 3874 3952 3865
f 3875 3953 3874
f 3872 3875 3869
f 3876 3955 3875
f 3872 3876 3875
f 3873 3876 3872
f 3878 3876 3873
f 3878 3957 3876
f 3880 3883 3852
f 3883 3892 3856
f 3892 3913 3871
f 3913 3873 3871
f 3913 3877 3873
f 3877 3878 3873
f 3877 3879 3878
f 3879 3979 3878
f 3881 3880 2079
f 3882 3881 2080
f 3881 3883 3880
f 3881 3884 3883
f 3882 3884 3881
f 3886 3885 3882
f 3882 3885 3884
f 3886 3882 2082
f 3886 3889 3885
f 3887 3886 2085
f 3888 3887 2086
f 3887 3889 3886
f 3887 3890 3889
f 3888 3890 3887
f 3888 3891 3890
f 3884 3892 3883
f 3884 3893 3892
f 3885 3893 3884
f 3889 3894 3885
f 3885 3894 3893
f 3893 3913 3892
f 3894 3914 3893
f 3895 3915 3894
f 3895 3894 3889
f 3890 3895 3889
f 3890 3896 3895
f 3891 3896 3890
f 3891 3897 3896
f 3896 3918 3895
f 3897 3919 3896
f 3898 3888 2092
f 3899 3898 2093
f 3902 3899 2096
f 3898 3891 3888
f 3899 3900 3898
f 3898 3900 3891
f 3902 3901 3899
f 3899 3901 3900
f 3902 3905 3901
f 3903 3902 2097
f 3904 3903 2101
f 3903 3905 3902
f 3903 3906 3905
f 3903 3904 3906
f 4227 3907 3904
f 3904 3907 3906
f 3900 3897 3891
f 3901 3908 3900
f 3908 3897 3900
f 3905 3909 3901
f 3901 3909 3908
f 3910 3909 3905
f 3908 3920 3897
f 3909 3929 3908
f 3910 3930 3909
f 3906 3910 3905
f 3906 3911 3910
f 3907 3911 3906
f 4234 3912 3907
f 3912 3911 3907
f 3911 3933 3910
f 3912 3934 3911
f 4240 3935 3912
f 3893 3914 3913
f 3915 3914 3894
f 3914 3877 3913
f 3914 3916 3877
f 3915 3916 3914
f 3915 3917 3916
f 3918 3917 3915
f 3918 3915 3895
f 3896 3919 3918
f 3920 3919 3897
f 3918 3921 3917
f 3919 3921 3918
f 3919 3922 3921
f 3920 3922 3919
f 3920 3923 3922
f 3916 3879 3877
f 3924 3879 3916
f 3917 3924 3916
f 3917 3925 3924
f 3924 3980 3879
f 3925 3992 3924
f 3921 3925 3917
f 3926 3994 3925
f 3922 3926 3921
f 3926 3925 3921
f 3922 3927 3926
f 3923 3927 3922
f 3928 3927 3923
f 3927 3996 3926
f 3928 3997 3927
f 3929 3920 3908
f 3930 3929 3909
f 3933 3930 3910
f 3929 3923 3920
f 3929 3931 3923
f 3930 3931 3929
f 3930 3932 3931
f 3933 3932 3930
f 3933 3936 3932
f 3911 3934 3933
f 3935 3934 3912
f 3934 3936 3933
f 3934 3937 3936
f 3935 3937 3934
f 3935 3938 3937
f 4269 3938 3935
f 3931 3928 3923
f 3932 3939 3931
f 3939 3928 3931
f 3936 3940 3932
f 3932 3940 3939
f 3941 3940 3936
f 3939 3998 3928
f 3940 4007 3939
f 3941 4008 3940
f 3937 3941 3936
f 3937 3942 3941
f 3938 3942 3937
f 4277 3943 3938
f 3943 3942 3938
f 3942 4011 3941
f 3943 4012 3942
f 4289 4013 3943
f 3861 3944 3821
f 3946 3945 3944
f 3944 3945 3820
f 3946 3944 3862
f 3952 3946 3865
f 3952 3947 3946
f 3946 3947 3945
f 3952 3950 3947
f 3945 3823 3820
f 3945 3948 3823
f 3947 3948 3945
f 3948 3832 3823
f 3948 3962 3832
f 3949 3962 3948
f 3947 3949 3948
f 3950 3949 3947
f 3950 3951 3949
f 3964 3962 3949
f 3951 3964 3949
f 3951 3968 3964
f 3953 3952 3874
f 3953 3950 3952
f 3955 3953 3875
f 3955 3954 3953
f 3953 3954 3950
f 3955 3957 3956
f 3955 3956 3954
f 3957 3955 3876
f 3979 3957 3878
f 3979 3958 3957
f 3957 3958 3956
f 3954 3951 3950
f 3954 3959 3951
f 3956 3959 3954
f 3959 3968 3951
f 3959 3971 3968
f 3960 3971 3959
f 3958 3960 3956
f 3960 3959 3956
f 3958 3961 3960
f 3973 3971 3960
f 3961 3973 3960
f 3975 3973 3961
f 3981 3961 3958
f 3983 3975 3961
f 3832 3962 3833
f 3964 3963 3962
f 3962 3963 3833
f 3968 3965 3964
f 3964 3965 3963
f 3968 3969 3965
f 3966 4548 3835
f 3963 3835 3833
f 3963 3966 3835
f 3965 3966 3963
f 3966 4621 4548
f 3967 4621 3966
f 3965 3967 3966
f 3969 3967 3965
f 3969 3970 3967
f 4623 4621 3967
f 3970 4623 3967
f 3977 4627 3970
f 4627 4623 3970
f 3971 3969 3968
f 3971 3972 3969
f 3971 3973 3972
f 3975 3974 3973
f 3973 3974 3972
f 3975 3976 3974
f 3972 3970 3969
f 3972 3977 3970
f 4630 4627 3977
f 3974 3977 3972
f 3974 3978 3977
f 3976 3978 3974
f 3976 3989 3978
f 3978 4630 3977
f 4631 4630 3978
f 3989 4631 3978
f 4652 4631 3989
f 3879 3980 3979
f 3980 3981 3979
f 3979 3981 3958
f 3980 3982 3981
f 3983 3961 3981
f 3982 3983 3981
f 3982 3984 3983
f 3985 3975 3983
f 3984 3985 3983
f 3984 3986 3985
f 3985 3976 3975
f 3986 3987 3985
f 3985 3987 3976
f 3986 3988 3987
f 3987 3989 3976
f 3987 3990 3989
f 3988 3990 3987
f 3988 3991 3990
f 3990 4652 3989
f 4653 4652 3990
f 3991 4653 3990
f 4032 4654 3991
f 4654 4653 3991
f 3992 3980 3924
f 3992 3982 3980
f 3994 3993 3992
f 3994 3992 3925
f 3992 3993 3982
f 3996 3995 3994
f 3994 3995 3993
f 3996 3994 3926
f 3997 3996 3927
f 3997 3999 3996
f 3998 3997 3928
f 3997 3998 4000
f 3996 3999 3995
f 3997 4000 3999
f 3998 4001 4000
f 3993 3984 3982
f 3995 4002 3993
f 4002 3984 3993
f 4002 3986 3984
f 4022 3986 4002
f 3999 4003 3995
f 3995 4003 4002
f 4004 4003 3999
f 4003 4022 4002
f 4023 4022 4003
f 4004 4023 4003
f 4026 4023 4004
f 4000 4004 3999
f 4005 4004 4000
f 4001 4005 4000
f 4001 4006 4005
f 4005 4026 4004
f 4027 4026 4005
f 4006 4027 4005
f 4006 4028 4027
f 4007 3998 3939
f 4007 4001 3998
f 4008 4009 4007
f 4008 4007 3940
f 4011 4008 3941
f 4011 4010 4008
f 4007 4009 4001
f 4008 4010 4009
f 4011 4014 4010
f 3942 4012 4011
f 4012 4014 4011
f 4013 4012 3943
f 4013 4015 4012
f 4323 4016 4013
f 4012 4015 4014
f 4013 4016 4015
f 4009 4006 4001
f 4010 4017 4009
f 4017 4006 4009
f 4014 4018 4010
f 4010 4018 4017
f 4019 4018 4014
f 4017 4028 4006
f 4037 4028 4017
f 4018 4037 4017
f 4038 4037 4018
f 4019 4038 4018
f 4041 4038 4019
f 4015 4019 4014
f 4015 4020 4019
f 4016 4020 4015
f 4325 4021 4016
f 4021 4020 4016
f 4020 4041 4019
f 4020 4042 4041
f 4021 4042 4020
f 4043 4042 4021
f 4333 4043 4021
f 4022 3988 3986
f 4022 4024 3988
f 4023 4024 4022
f 4026 4025 4023
f 4023 4025 4024
f 4026 4029 4025
f 4027 4029 4026
f 4028 4030 4027
f 4030 4029 4027
f 4028 4031 4030
f 4024 3991 3988
f 4025 4032 4024
f 4032 3991 4024
f 4029 4033 4025
f 4025 4033 4032
f 4034 4033 4029
f 4033 4669 4032
f 4669 4654 4032
f 4670 4669 4033
f 4034 4670 4033
f 4673 4670 4034
f 4030 4034 4029
f 4035 4034 4030
f 4031 4035 4030
f 4031 4036 4035
f 4035 4673 4034
f 4674 4673 4035
f 4036 4674 4035
f 4675 4674 4036
f 4037 4031 4028
f 4038 4039 4037
f 4041 4040 4038
f 4037 4039 4031
f 4038 4040 4039
f 4041 4044 4040
f 4042 4044 4041
f 4043 4045 4042
f 4382 4046 4043
f 4042 4045 4044
f 4043 4046 4045
f 4039 4036 4031
f 4040 4047 4039
f 4047 4036 4039
f 4044 4048 4040
f 4040 4048 4047
f 4049 4048 4044
f 4047 4675 4036
f 4048 4684 4047
f 4684 4675 4047
f 4049 4685 4048
f 4685 4684 4048
f 4688 4685 4049
f 4045 4049 4044
f 4045 4050 4049
f 4046 4050 4045
f 4385 4051 4046
f 4051 4050 4046
f 4050 4688 4049
f 4050 4689 4688
f 4051 4689 4050
f 4392 4690 4051
f 4690 4689 4051
f 4052 4053 2165
f 4055 4054 4052
f 4056 4055 4052
f 4057 4056 4052
f 4058 4057 4052
f 4054 4053 4052
f 4060 4058 4052
f 4061 4058 4060
f 4062 4061 4060
f 4064 4062 4060
f 4065 4064 4060
f 4066 4065 4060
f 4067 4066 4060
f 4068 4067 4060
f 4073 4068 4060
f 4074 4073 4060
f 4075 4074 4060
f 4072 4079 4060
f 4079 4075 4060
f 4076 4075 4079
f 4077 4076 4079
f 4099 4079 4072
f 4080 4077 4079
f 4081 4082 4079
f 4082 4080 4079
f 4083 4081 4079
f 4091 4083 4079
f 4092 4091 4079
f 4106 4092 4079
f 4097 4099 4072
f 4098 4100 4097
f 4099 4106 4079
f 4100 4099 4097
f 4100 4109 4099
f 4101 4102 4098
f 4102 4100 4098
f 4102 4122 4100
f 4162 4102 4101
f 4093 4092 4106
f 4103 4093 4106
f 4104 4103 4106
f 4105 4104 4106
f 4107 4105 4106
f 4108 4107 4106
f 4110 4108 4106
f 4111 4110 4106
f 4109 4106 4099
f 4109 4118 4106
f 4118 4111 4106
f 4113 4114 4116
f 4114 4111 4118
f 4116 4114 4118
f 4117 4115 4118
f 4115 4116 4118
f 4125 4117 4118
f 4126 4125 4118
f 4122 4109 4100
f 4122 4123 4109
f 4166 4122 4102
f 4123 4118 4109
f 4123 4139 4118
f 4168 4123 4122
f 4127 4126 4118
f 4128 4127 4118
f 4140 4134 4139
f 4135 4128 4118
f 4139 4135 4118
f 4136 4135 4139
f 4137 4136 4139
f 4133 4137 4139
f 4134 4133 4139
f 4189 4139 4123
f 4142 4141 4139
f 4141 4140 4139
f 4146 4142 4139
f 4145 4146 4139
f 4147 4145 4139
f 4191 4147 4139
f 4149 4147 4191
f 4150 4148 4191
f 4152 4150 4191
f 4148 4149 4191
f 4160 4162 4101
f 4161 4163 4160
f 4163 4162 4160
f 4162 4166 4102
f 4163 4167 4162
f 4164 4165 4161
f 4172 4174 4164
f 4165 4163 4161
f 4165 4170 4163
f 4174 4165 4164
f 4174 4178 4165
f 4167 4166 4162
f 4166 4168 4122
f 4167 4169 4166
f 4169 4168 4166
f 4168 4189 4123
f 4169 4190 4168
f 4170 4167 4163
f 4170 4171 4167
f 4178 4170 4165
f 4178 4180 4170
f 4171 4169 4167
f 4171 4193 4169
f 4180 4171 4170
f 4180 4218 4171
f 4173 4175 4172
f 4175 4174 4172
f 4175 4179 4174
f 4176 4177 4173
f 4855 4857 4176
f 4177 4175 4173
f 4177 4182 4175
f 4857 4177 4176
f 4857 4861 4177
f 4179 4178 4174
f 4179 4181 4178
f 4181 4180 4178
f 4181 4219 4180
f 4182 4179 4175
f 4182 4183 4179
f 4861 4182 4177
f 4861 4863 4182
f 4183 4181 4179
f 4183 4222 4181
f 4863 4183 4182
f 4863 4882 4183
f 4184 4209 4187
f 4185 4184 4187
f 4186 4185 4187
f 4410 4186 4187
f 4409 4410 4187
f 4215 4472 4188
f 4190 4189 4168
f 4189 4191 4139
f 4192 4191 4189
f 4190 4192 4189
f 4193 4190 4169
f 4218 4193 4171
f 4194 4192 4190
f 4193 4194 4190
f 4218 4220 4193
f 4220 4194 4193
f 4153 4152 4191
f 4195 4153 4191
f 4196 4195 4191
f 4201 4196 4191
f 4206 4201 4191
f 4197 4196 4201
f 4198 4197 4201
f 4200 4198 4201
f 4199 4200 4201
f 4202 4199 4201
f 4203 4202 4201
f 4192 4206 4191
f 4211 4208 4201
f 4208 4203 4201
f 4209 4211 4201
f 4206 4187 4201
f 4187 4209 4201
f 4214 4206 4192
f 4194 4214 4192
f 4224 4214 4194
f 4220 4224 4194
f 4188 4187 4206
f 4214 4188 4206
f 4224 4215 4214
f 4215 4188 4214
f 4216 4215 4224
f 4216 4473 4215
f 4217 4216 4225
f 4217 4476 4216
f 4879 4217 4226
f 4879 5021 4217
f 4219 4218 4180
f 4221 4220 4218
f 4219 4221 4218
f 4222 4219 4181
f 4882 4222 4183
f 4223 4221 4219
f 4222 4223 4219
f 4884 4223 4222
f 4882 4884 4222
f 4225 4224 4220
f 4221 4225 4220
f 4225 4216 4224
f 4226 4225 4221
f 4223 4226 4221
f 4888 4226 4223
f 4884 4888 4223
f 4888 4879 4226
f 4226 4217 4225
f 4253 4252 3904
f 4252 4254 3904
f 4254 4227 3904
f 4227 4228 3907
f 4228 4229 3907
f 4229 4230 3907
f 4230 4231 3907
f 4231 4232 3907
f 4232 4233 3907
f 4233 4234 3907
f 4234 4235 3912
f 4235 4236 4240
f 4235 4240 3912
f 4236 4237 4240
f 4237 4238 4240
f 4238 4239 4240
f 4239 4241 4240
f 4241 4242 4240
f 4242 4243 4240
f 4243 4245 4240
f 4245 4269 4240
f 4245 4244 4269
f 4244 4246 4269
f 4250 3904 2373
f 4250 4251 3904
f 4251 4253 3904
f 4269 3935 4240
f 4246 4248 4269
f 4248 4247 4269
f 4247 4270 4273
f 4247 4273 4269
f 4270 4271 4273
f 4271 4272 4273
f 4272 4274 4273
f 4274 4275 4273
f 4277 3938 4269
f 4273 4277 4269
f 4275 4278 4273
f 4273 4278 4277
f 4275 4276 4278
f 4276 4279 4278
f 4279 4286 4278
f 4279 4281 4286
f 4281 4280 4286
f 4280 4283 4286
f 4283 4284 4286
f 4284 4285 4286
f 4285 4287 4286
f 4287 4288 4286
f 4288 4291 4286
f 4278 4289 4277
f 4289 3943 4277
f 4278 4290 4289
f 4286 4290 4278
f 4298 4290 4286
f 4290 4323 4289
f 4298 4324 4290
f 4291 4298 4286
f 4291 4292 4298
f 4292 4293 4298
f 4293 4294 4299
f 4293 4299 4298
f 4294 4296 4299
f 4296 4295 4299
f 4295 4300 4299
f 4299 4327 4298
f 4300 4301 4299
f 4301 4328 4299
f 4301 4303 4328
f 4303 4302 4328
f 4302 4304 4328
f 4304 4305 4328
f 4305 4315 4329
f 4373 4436 4376
f 4482 4322 4321
f 4322 4408 4321
f 4486 4960 4322
f 4960 4991 4322
f 4323 4013 4289
f 4324 4323 4290
f 4324 4325 4323
f 4327 4324 4298
f 4327 4326 4324
f 4325 4016 4323
f 4324 4326 4325
f 4327 4330 4326
f 4328 4327 4299
f 4328 4330 4327
f 4315 4316 4329
f 4340 4332 4329
f 4305 4329 4328
f 4329 4331 4328
f 4328 4331 4330
f 4329 4332 4331
f 4326 4333 4325
f 4333 4021 4325
f 4326 4334 4333
f 4330 4334 4326
f 4336 4334 4330
f 4382 4043 4333
f 4334 4382 4333
f 4384 4382 4334
f 4336 4384 4334
f 4383 4384 4336
f 4331 4335 4336
f 4331 4336 4330
f 4332 4335 4331
f 4332 4350 4337
f 4335 4332 4337
f 4335 4383 4336
f 4335 4388 4383
f 4388 4335 4337
f 4389 4388 4337
f 4367 4389 4337
f 4354 4355 4353
f 4355 4358 4353
f 4316 4338 4329
f 4338 4341 4329
f 4341 4340 4329
f 4342 4339 4340
f 4339 4343 4340
f 4341 4342 4340
f 4343 4350 4340
f 4343 4344 4350
f 4340 4350 4332
f 4346 4347 4350
f 4347 4348 4350
f 4344 4346 4350
f 4348 4349 4350
f 4349 4352 4353
f 4352 4351 4353
f 4351 4354 4353
f 4349 4353 4350
f 4355 4356 4358
f 4356 4357 4358
f 4357 4359 4358
f 4358 4368 4353
f 4368 4358 4375
f 4397 4368 4375
f 4402 4397 4375
f 4353 4367 4350
f 4350 4367 4337
f 4368 4367 4353
f 4399 4389 4367
f 4368 4399 4367
f 4397 4399 4368
f 4362 4363 4374
f 4358 4359 4375
f 4361 4362 4375
f 4359 4360 4375
f 4360 4361 4375
f 4362 4374 4375
f 4369 4371 4374
f 4363 4369 4374
f 4371 4372 4374
f 4370 4373 4374
f 4372 4370 4374
f 4374 4373 4376
f 4374 4401 4402
f 4374 4402 4375
f 4320 4401 4376
f 4401 4374 4376
f 4384 4385 4382
f 4383 4387 4384
f 4385 4046 4382
f 4384 4387 4385
f 4383 4386 4387
f 4388 4386 4383
f 4388 4389 4390
f 4399 4391 4389
f 4388 4390 4386
f 4389 4391 4390
f 4387 4392 4385
f 4392 4051 4385
f 4387 4393 4392
f 4386 4393 4387
f 4393 4386 4394
f 4971 4970 4393
f 4393 4970 4392
f 4970 4690 4392
f 4971 4393 4394
f 4972 4971 4394
f 4386 4390 4394
f 4390 4395 4394
f 4391 4395 4390
f 4400 4396 4391
f 4396 4395 4391
f 4395 4972 4394
f 4976 4972 4395
f 4396 4976 4395
f 4405 4977 4396
f 4977 4976 4396
f 4397 4402 4398
f 4400 4397 4398
f 4402 4404 4398
f 4397 4400 4399
f 4399 4400 4391
f 4401 4404 4402
f 4320 4403 4401
f 4401 4403 4404
f 4320 4321 4403
f 4405 4400 4398
f 4406 4405 4398
f 4404 4406 4398
f 4407 4406 4404
f 4985 4405 4406
f 4985 4977 4405
f 4987 4985 4406
f 4407 4987 4406
f 4986 4987 4407
f 4400 4405 4396
f 4403 4407 4404
f 4403 4408 4407
f 4321 4408 4403
f 4408 4986 4407
f 4991 4986 4408
f 4322 4991 4408
f 4411 4409 4187
f 4412 4411 4187
f 4414 4412 4187
f 4413 4414 4187
f 4418 4416 4413
f 4415 4414 4413
f 4416 4415 4413
f 4419 4413 4187
f 4188 4419 4187
f 4427 4418 4413
f 4419 4427 4413
f 4472 4419 4188
f 4472 4474 4419
f 4425 4417 4427
f 4420 4425 4427
f 4421 4420 4427
f 4422 4424 4450
f 4450 4424 4427
f 4424 4423 4427
f 4423 4421 4427
f 4417 4418 4427
f 4474 4427 4419
f 4483 4450 4427
f 4474 4483 4427
f 4429 4428 4450
f 4430 4432 4433
f 4441 4431 4433
f 4431 4430 4433
f 4432 4429 4433
f 4429 4450 4433
f 4450 4483 4478
f 4450 4478 4433
f 4440 4434 4443
f 4434 4435 4443
f 4435 4441 4443
f 4439 4443 4376
f 4437 4438 4376
f 4436 4437 4376
f 4438 4439 4376
f 4439 4440 4443
f 4443 4441 4433
f 4481 4443 4433
f 4481 4320 4443
f 4443 4320 4376
f 4478 4481 4433
f 4446 4444 4450
f 4444 4422 4450
f 4445 4446 4450
f 4428 4445 4450
f 4473 4472 4215
f 4473 4475 4472
f 4475 4474 4472
f 4479 4483 4474
f 4475 4479 4474
f 4476 4473 4216
f 4476 4477 4473
f 5021 5023 4476
f 5021 4476 4217
f 4477 4475 4473
f 4484 4479 4475
f 4477 4484 4475
f 5023 4477 4476
f 5028 4484 4477
f 5023 5028 4477
f 4478 4483 4480
f 4483 4479 4480
f 4482 4481 4478
f 4481 4321 4320
f 4481 4482 4321
f 4482 4478 4480
f 4485 4486 4480
f 4479 4484 4485
f 4479 4485 4480
f 5029 5031 4485
f 4484 5029 4485
f 5028 5029 4484
f 4486 4482 4480
f 4482 4486 4322
f 4485 5031 4486
f 5031 4960 4486
f 4518 4517 4516
f 4516 4517 3376
f 4522 4519 4518
f 4518 4519 4517
f 4517 4520 3378
f 4519 4520 4517
f 4520 4528 3387
f 4521 4528 4520
f 4519 4521 4520
f 4523 4521 4519
f 4530 4528 4521
f 4526 4530 4521
f 4524 4523 4522
f 4522 4523 4519
f 4524 4525 4523
f 4523 4526 4521
f 4525 4526 4523
f 4526 4534 4530
f 4527 4534 4526
f 4525 4527 4526
f 4536 4534 4527
f 4530 4529 4528
f 4528 4529 3388
f 4531 4532 4529
f 4534 4531 4530
f 4530 4531 4529
f 4535 4533 4531
f 4529 4532 3390
f 4532 4564 3434
f 4533 4564 4532
f 4531 4533 4532
f 4566 4564 4533
f 4538 4566 4533
f 4536 4535 4534
f 4534 4535 4531
f 4537 4538 4535
f 4536 4537 4535
f 4535 4538 4533
f 4570 4566 4538
f 4539 4570 4538
f 4537 4539 4538
f 4572 4570 4539
f 4540 4525 4524
f 4540 4541 4525
f 4542 4541 4540
f 4542 4543 4541
f 4541 4527 4525
f 4541 4544 4527
f 4544 4536 4527
f 4544 4552 4536
f 4543 4544 4541
f 4543 4545 4544
f 4545 4552 4544
f 4554 4552 4545
f 4546 4543 4542
f 4546 4547 4543
f 4548 4547 4546
f 4548 4549 4547
f 4547 4545 4543
f 4547 4550 4545
f 4550 4554 4545
f 4550 4558 4554
f 4549 4550 4547
f 4549 4551 4550
f 4551 4558 4550
f 4560 4558 4551
f 4552 4537 4536
f 4552 4553 4537
f 4553 4539 4537
f 4554 4553 4552
f 4555 4556 4553
f 4554 4555 4553
f 4553 4556 4539
f 4556 4572 4539
f 4556 4592 4572
f 4555 4557 4556
f 4557 4592 4556
f 4594 4592 4557
f 4558 4555 4554
f 4559 4557 4555
f 4558 4559 4555
f 4560 4559 4558
f 4561 4562 4559
f 4560 4561 4559
f 4559 4562 4557
f 4562 4594 4557
f 4598 4594 4562
f 4561 4563 4562
f 4563 4598 4562
f 4600 4598 4563
f 4566 4565 4564
f 4567 4568 4565
f 4564 4565 3435
f 4570 4567 4566
f 4566 4567 4565
f 4571 4569 4567
f 4565 4568 3437
f 4569 4576 4568
f 4568 4576 3448
f 4567 4569 4568
f 4578 4576 4569
f 4574 4578 4569
f 4572 4571 4570
f 4570 4571 4567
f 4573 4574 4571
f 4572 4573 4571
f 4571 4574 4569
f 4574 4584 4578
f 4575 4584 4574
f 4573 4575 4574
f 4586 4584 4575
f 4576 4577 3449
f 4578 4577 4576
f 4579 4580 4577
f 4578 4579 4577
f 4584 4579 4578
f 4585 4582 4579
f 4577 4580 3452
f 4580 4581 3453
f 4582 4581 4580
f 4579 4582 4580
f 4588 4583 4582
f 4582 4583 4581
f 4584 4585 4579
f 4586 4585 4584
f 4587 4588 4585
f 4586 4587 4585
f 4605 4590 4587
f 4585 4588 4582
f 4588 4589 4583
f 4590 4589 4588
f 4587 4590 4588
f 4590 4591 4589
f 4608 4591 4590
f 4581 4620 3453
f 4583 4620 4581
f 4589 4620 4583
f 4591 4620 4589
f 4609 4620 4591
f 4611 4620 4609
f 4592 4573 4572
f 4592 4593 4573
f 4593 4575 4573
f 4594 4593 4592
f 4595 4596 4593
f 4594 4595 4593
f 4593 4596 4575
f 4596 4586 4575
f 4596 4604 4586
f 4595 4597 4596
f 4597 4604 4596
f 4606 4604 4597
f 4598 4595 4594
f 4599 4597 4595
f 4598 4599 4595
f 4600 4599 4598
f 4601 4602 4599
f 4600 4601 4599
f 4599 4602 4597
f 4602 4606 4597
f 4602 4612 4606
f 4601 4603 4602
f 4603 4612 4602
f 4614 4612 4603
f 4604 4587 4586
f 4604 4605 4587
f 4606 4605 4604
f 4606 4607 4605
f 4607 4608 4605
f 4605 4608 4590
f 4608 4609 4591
f 4607 4610 4608
f 4610 4609 4608
f 4610 4611 4609
f 4612 4607 4606
f 4612 4613 4607
f 4613 4610 4607
f 4614 4613 4612
f 4614 4615 4613
f 4615 4616 4613
f 4613 4616 4610
f 4616 4611 4610
f 4616 4617 4611
f 4615 4618 4616
f 4618 4617 4616
f 4618 4619 4617
f 4617 4620 4611
f 4619 4620 4617
f 4748 4620 4619
f 4750 4620 4748
f 4754 4620 4750
f 4756 4620 4754
f 4621 4549 4548
f 4621 4622 4549
f 4623 4622 4621
f 4627 4624 4623
f 4623 4624 4622
f 4622 4551 4549
f 4625 4560 4551
f 4622 4625 4551
f 4625 4636 4560
f 4624 4625 4622
f 4624 4626 4625
f 4628 4626 4624
f 4626 4636 4625
f 4638 4636 4626
f 4629 4638 4626
f 4627 4630 4628
f 4627 4628 4624
f 4628 4629 4626
f 4632 4629 4628
f 4629 4642 4638
f 4634 4642 4629
f 4630 4632 4628
f 4631 4632 4630
f 4652 4633 4631
f 4631 4633 4632
f 4652 4651 4633
f 4632 4634 4629
f 4634 4645 4642
f 4633 4634 4632
f 4633 4635 4634
f 4651 4635 4633
f 4635 4645 4634
f 4646 4645 4635
f 4657 4646 4635
f 4636 4561 4560
f 4637 4563 4561
f 4636 4637 4561
f 4638 4637 4636
f 4642 4639 4638
f 4638 4639 4637
f 4639 4640 4637
f 4643 4641 4639
f 4640 4600 4563
f 4640 4729 4600
f 4637 4640 4563
f 4639 4641 4640
f 4641 4729 4640
f 4731 4729 4641
f 4644 4731 4641
f 4645 4643 4642
f 4642 4643 4639
f 4647 4644 4643
f 4643 4644 4641
f 4647 4649 4644
f 4735 4731 4644
f 4649 4735 4644
f 4738 4735 4649
f 4645 4647 4643
f 4646 4647 4645
f 4660 4648 4646
f 4648 4649 4647
f 4646 4648 4647
f 4661 4650 4648
f 4648 4650 4649
f 4650 4738 4649
f 4739 4738 4650
f 4653 4651 4652
f 4654 4655 4653
f 4653 4655 4651
f 4654 4656 4655
f 4669 4656 4654
f 4651 4657 4635
f 4660 4646 4657
f 4655 4657 4651
f 4655 4658 4657
f 4656 4658 4655
f 4656 4659 4658
f 4658 4660 4657
f 4658 4662 4660
f 4659 4662 4658
f 4659 4664 4662
f 4671 4659 4656
f 4679 4664 4659
f 4660 4661 4648
f 4662 4661 4660
f 4664 4663 4662
f 4662 4663 4661
f 4663 4666 4661
f 4665 4667 4663
f 4699 4665 4664
f 4664 4665 4663
f 4701 4668 4665
f 4661 4666 4650
f 4666 4739 4650
f 4666 4759 4739
f 4667 4666 4663
f 4667 4759 4666
f 4761 4759 4667
f 4665 4668 4667
f 4668 4761 4667
f 4705 4762 4668
f 4668 4762 4761
f 4785 4762 4705
f 4670 4671 4669
f 4673 4672 4670
f 4669 4671 4656
f 4670 4672 4671
f 4673 4676 4672
f 4673 4674 4676
f 4675 4677 4674
f 4674 4677 4676
f 4675 4678 4677
f 4672 4679 4671
f 4679 4659 4671
f 4672 4680 4679
f 4676 4680 4672
f 4681 4680 4676
f 4699 4664 4679
f 4680 4699 4679
f 4700 4699 4680
f 4681 4700 4680
f 4703 4700 4681
f 4677 4681 4676
f 4682 4681 4677
f 4678 4682 4677
f 4678 4683 4682
f 4682 4703 4681
f 4707 4703 4682
f 4683 4707 4682
f 4683 4708 4707
f 4684 4678 4675
f 4685 4686 4684
f 4688 4687 4685
f 4684 4686 4678
f 4685 4687 4686
f 4688 4691 4687
f 4689 4691 4688
f 4690 4692 4689
f 4970 4693 4690
f 4689 4692 4691
f 4690 4693 4692
f 4686 4683 4678
f 4687 4698 4686
f 4698 4683 4686
f 4691 4694 4687
f 4687 4694 4698
f 4695 4694 4691
f 4695 4723 4694
f 4714 4723 4695
f 4692 4695 4691
f 4692 4696 4695
f 4693 4696 4692
f 4973 4697 4693
f 4697 4696 4693
f 4696 4714 4695
f 4696 4715 4714
f 4697 4715 4696
f 4980 4716 4697
f 4716 4715 4697
f 4698 4708 4683
f 4694 4722 4698
f 4722 4708 4698
f 4723 4722 4694
f 4700 4701 4699
f 4703 4702 4700
f 4699 4701 4665
f 4702 4701 4700
f 4702 4705 4701
f 4703 4704 4702
f 4704 4706 4702
f 4707 4704 4703
f 4701 4705 4668
f 4706 4705 4702
f 4704 4711 4706
f 4706 4785 4705
f 4786 4785 4706
f 4711 4786 4706
f 4708 4709 4707
f 4707 4709 4704
f 4709 4711 4704
f 4708 4710 4709
f 4710 4712 4709
f 4789 4786 4711
f 4712 4711 4709
f 4710 4713 4712
f 4712 4789 4711
f 4792 4789 4712
f 4713 4792 4712
f 4726 4793 4713
f 4793 4792 4713
f 4715 4717 4714
f 4716 4718 4715
f 4996 4719 4716
f 4715 4718 4717
f 4718 4728 4717
f 4716 4719 4718
f 4719 4720 4718
f 4999 4721 4719
f 4718 4720 4728
f 4721 4720 4719
f 4720 4800 4808
f 4721 4800 4720
f 5006 4801 4721
f 4801 4800 4721
f 4722 4710 4708
f 4723 4724 4722
f 4714 4725 4723
f 4722 4724 4710
f 4724 4713 4710
f 4725 4726 4724
f 4723 4725 4724
f 4714 4717 4725
f 4717 4727 4725
f 4726 4713 4724
f 4725 4727 4726
f 4728 4727 4717
f 4727 4804 4726
f 4804 4793 4726
f 4728 4805 4727
f 4805 4804 4727
f 4808 4805 4728
f 4720 4808 4728
f 4729 4601 4600
f 4730 4603 4601
f 4729 4730 4601
f 4731 4730 4729
f 4731 4732 4730
f 4732 4733 4730
f 4730 4733 4603
f 4733 4614 4603
f 4733 4743 4614
f 4732 4734 4733
f 4734 4743 4733
f 4745 4743 4734
f 4735 4732 4731
f 4738 4736 4735
f 4736 4734 4732
f 4735 4736 4732
f 4740 4737 4736
f 4738 4740 4736
f 4736 4737 4734
f 4737 4745 4734
f 4737 4751 4745
f 4742 4751 4737
f 4740 4742 4737
f 4742 4757 4751
f 4739 4740 4738
f 4739 4741 4740
f 4741 4742 4740
f 4741 4765 4742
f 4765 4757 4742
f 4769 4757 4765
f 4743 4615 4614
f 4743 4744 4615
f 4744 4618 4615
f 4745 4744 4743
f 4745 4746 4744
f 4746 4747 4744
f 4744 4747 4618
f 4747 4619 4618
f 4747 4748 4619
f 4746 4749 4747
f 4749 4748 4747
f 4749 4750 4748
f 4751 4746 4745
f 4751 4752 4746
f 4757 4752 4751
f 4752 4749 4746
f 4758 4753 4752
f 4757 4758 4752
f 4752 4753 4749
f 4753 4750 4749
f 4753 4754 4750
f 4755 4754 4753
f 4758 4755 4753
f 4755 4756 4754
f 4779 4620 4756
f 4769 4758 4757
f 4769 4771 4758
f 4771 4755 4758
f 4777 4755 4771
f 4777 4756 4755
f 4777 4779 4756
f 4759 4741 4739
f 4761 4760 4759
f 4759 4760 4741
f 4760 4765 4741
f 4763 4766 4760
f 4761 4763 4760
f 4762 4763 4761
f 4762 4785 4764
f 4764 4767 4763
f 4762 4764 4763
f 4785 4787 4764
f 4787 4768 4764
f 4760 4766 4765
f 4766 4769 4765
f 4766 4770 4769
f 4767 4770 4766
f 4767 4766 4763
f 4773 4770 4767
f 4764 4768 4767
f 4787 4788 4768
f 4768 4773 4767
f 4774 4773 4768
f 4788 4774 4768
f 4788 4815 4774
f 4770 4771 4769
f 4770 4772 4771
f 4773 4772 4770
f 4772 4777 4771
f 4772 4775 4778
f 4773 4775 4772
f 4774 4775 4773
f 4774 4776 4775
f 4815 4776 4774
f 4815 4818 4776
f 4776 4781 4775
f 4818 4782 4776
f 4772 4778 4777
f 4778 4779 4777
f 4781 4780 4778
f 4778 4780 4779
f 4775 4781 4778
f 4776 4782 4781
f 4818 4825 4782
f 4782 4783 4781
f 4781 4783 4780
f 4782 4784 4783
f 4825 4784 4782
f 4825 4828 4784
f 4780 4620 4779
f 4783 4620 4780
f 4784 4620 4783
f 4828 4620 4784
f 4829 4620 4828
f 4830 4620 4829
f 4833 4620 4830
f 4848 4620 4847
f 4853 4620 4848
f 4852 4620 4853
f 4854 5111 4620
f 4852 4854 4620
f 4834 4620 4833
f 4847 4620 4834
f 4786 4787 4785
f 4786 4790 4787
f 4790 4788 4787
f 4796 4815 4788
f 4789 4790 4786
f 4789 4791 4790
f 4791 4796 4790
f 4792 4791 4789
f 4793 4794 4792
f 4804 4795 4793
f 4792 4794 4791
f 4794 4797 4791
f 4793 4795 4794
f 4795 4798 4794
f 4799 4795 4806
f 4796 4788 4790
f 4791 4797 4796
f 4816 4815 4796
f 4797 4816 4796
f 4817 4816 4797
f 4798 4797 4794
f 4795 4799 4798
f 4798 4817 4797
f 4821 4817 4798
f 4799 4821 4798
f 4811 4822 4799
f 4799 4822 4821
f 4801 4810 4800
f 5076 4802 4801
f 4801 4802 4810
f 4802 4814 4810
f 5079 4803 4802
f 4803 4814 4802
f 5086 4835 4803
f 4835 4842 4803
f 4805 4806 4804
f 4808 4807 4805
f 4806 4795 4804
f 4807 4811 4806
f 4805 4807 4806
f 4808 4809 4807
f 4809 4812 4807
f 4800 4809 4808
f 4800 4810 4809
f 4810 4813 4809
f 4811 4799 4806
f 4812 4811 4807
f 4813 4812 4809
f 4837 4811 4812
f 4837 4822 4811
f 4813 4838 4812
f 4838 4837 4812
f 4841 4838 4813
f 4810 4814 4813
f 4814 4841 4813
f 4814 4842 4841
f 4803 4842 4814
f 4816 4818 4815
f 4816 4819 4818
f 4817 4819 4816
f 4817 4820 4819
f 4819 4825 4818
f 4820 4826 4819
f 4821 4820 4817
f 4821 4823 4820
f 4822 4823 4821
f 4822 4824 4823
f 4837 4824 4822
f 4823 4827 4820
f 4824 4831 4823
f 4839 4832 4824
f 4826 4825 4819
f 4820 4827 4826
f 4826 4828 4825
f 4826 4829 4828
f 4827 4829 4826
f 4827 4830 4829
f 4831 4827 4823
f 4824 4832 4831
f 4831 4830 4827
f 4831 4833 4830
f 4832 4833 4831
f 4845 4834 4832
f 4832 4834 4833
f 4836 4835 5098
f 4851 4836 5101
f 4854 4851 5108
f 4837 4839 4824
f 4838 4839 4837
f 4840 4838 4841
f 4843 4840 4841
f 4838 4840 4839
f 4840 4845 4839
f 4846 4840 4843
f 4842 4843 4841
f 4842 4844 4843
f 4835 4844 4842
f 4835 4836 4844
f 4844 4849 4843
f 4836 4850 4844
f 4845 4832 4839
f 4849 4846 4843
f 4840 4846 4845
f 4846 4847 4845
f 4845 4847 4834
f 4849 4848 4846
f 4846 4848 4847
f 4849 4853 4848
f 4844 4850 4849
f 4851 4850 4836
f 4850 4853 4849
f 4850 4852 4853
f 4851 4852 4850
f 4851 4854 4852
f 4856 4858 4855
f 4858 4857 4855
f 4858 4862 4857
f 4859 4860 4856
f 4867 4869 4859
f 4860 4858 4856
f 4860 4865 4858
f 4869 4860 4859
f 4869 4873 4860
f 4862 4861 4857
f 4862 4864 4861
f 4864 4863 4861
f 4864 4883 4863
f 4865 4862 4858
f 4865 4866 4862
f 4873 4865 4860
f 4873 4875 4865
f 4866 4864 4862
f 4866 4886 4864
f 4875 4896 4866
f 4875 4866 4865
f 4868 4870 4867
f 4870 4869 4867
f 4872 4870 4868
f 4870 4874 4869
f 4871 4872 4868
f 4903 4905 4871
f 4872 4877 4870
f 4905 4872 4871
f 4905 4909 4872
f 4874 4873 4869
f 4877 4874 4870
f 4874 4876 4873
f 4876 4875 4873
f 4876 4897 4875
f 4878 4876 4874
f 4877 4878 4874
f 4909 4877 4872
f 4909 4911 4877
f 4878 4900 4876
f 4911 4937 4878
f 4911 4878 4877
f 4888 4889 4880
f 4888 4880 4879
f 4880 5022 4879
f 4889 4890 4881
f 4902 4892 4890
f 4889 4881 4880
f 4881 5026 4880
f 4890 4892 4881
f 4892 5037 4881
f 4883 4882 4863
f 4883 4885 4882
f 4885 4884 4882
f 4886 4883 4864
f 4886 4887 4883
f 4896 4886 4866
f 4896 4898 4886
f 4887 4885 4883
f 4887 4890 4885
f 4898 4887 4886
f 4898 4902 4887
f 4889 4888 4884
f 4885 4889 4884
f 4890 4889 4885
f 4902 4890 4887
f 4902 4891 4893
f 4902 4893 4892
f 4891 4895 4893
f 4893 5038 4892
f 4891 4894 4895
f 4931 4933 4894
f 4895 5042 4893
f 4894 4933 4895
f 5128 5042 4895
f 4933 5128 4895
f 4897 4896 4875
f 4900 4897 4876
f 4897 4899 4896
f 4899 4898 4896
f 4901 4899 4897
f 4899 4891 4898
f 4900 4901 4897
f 4937 4900 4878
f 4937 4939 4900
f 4901 4894 4899
f 4939 4901 4900
f 4939 4931 4901
f 4891 4902 4898
f 4894 4891 4899
f 4931 4894 4901
f 4958 4930 4620
f 4943 4958 4620
f 5069 5075 4620
f 4949 4943 4620
f 4951 4949 4620
f 4952 4951 4620
f 5146 4952 4620
f 5149 5146 4620
f 5073 5148 4620
f 5148 5149 4620
f 5072 5073 4620
f 5075 5072 4620
f 4904 4906 4903
f 4906 4905 4903
f 4908 4906 4904
f 4906 4910 4905
f 4907 4908 4904
f 4915 4917 4907
f 4908 4913 4906
f 4917 4908 4907
f 4917 4923 4908
f 4910 4909 4905
f 4913 4910 4906
f 4910 4912 4909
f 4912 4911 4909
f 4914 4912 4910
f 4912 4938 4911
f 4913 4914 4910
f 4923 4925 4913
f 4923 4913 4908
f 4914 4941 4912
f 4925 4914 4913
f 4925 4953 4914
f 4922 4920 4620
f 4928 4922 4620
f 4930 4928 4620
f 4916 4918 4915
f 4918 4917 4915
f 4918 4924 4917
f 4921 4918 4916
f 4919 4921 4916
f 4920 4922 4919
f 4921 4927 4918
f 4922 4921 4919
f 4922 4928 4921
f 4924 4926 4923
f 4924 4923 4917
f 4927 4924 4918
f 4926 4925 4923
f 4926 4954 4925
f 4929 4926 4924
f 4927 4929 4924
f 4928 4930 4927
f 4928 4927 4921
f 4929 4957 4926
f 4930 4929 4927
f 4930 4958 4929
f 4955 4944 4942
f 4932 4931 4939
f 4935 4932 4940
f 4931 4932 4934
f 5128 4933 5129
f 4931 4934 4933
f 4934 5133 5129
f 4932 4936 4934
f 4933 4934 5129
f 4932 4935 4936
f 4944 4935 4942
f 4944 4946 4935
f 4936 5133 4934
f 4936 5143 5133
f 4935 4946 4936
f 4946 5143 4936
f 4938 4937 4911
f 4941 4938 4912
f 4940 4937 4938
f 4940 4939 4937
f 4942 4940 4938
f 4940 4932 4939
f 4941 4942 4938
f 4953 4941 4914
f 4953 4955 4941
f 4942 4935 4940
f 4955 4942 4941
f 4956 4945 4955
f 4959 4948 4956
f 4943 4949 4959
f 4945 4944 4955
f 4945 4947 4944
f 4948 4945 4956
f 4950 4947 4945
f 5144 4946 4947
f 4946 5144 5143
f 4947 4946 4944
f 5150 5144 4947
f 4948 4950 4945
f 4949 4948 4959
f 4951 4950 4948
f 4949 4951 4948
f 4950 5150 4947
f 4951 4952 4950
f 4952 5150 4950
f 4954 4953 4925
f 4954 4956 4953
f 4957 4954 4926
f 4956 4955 4953
f 4959 4956 4954
f 4957 4959 4954
f 4958 4957 4929
f 4958 4943 4957
f 4943 4959 4957
f 4960 4992 4991
f 5031 4961 4960
f 4960 4961 4992
f 4961 4962 4992
f 5032 4963 4961
f 4963 4962 4961
f 4963 4964 4962
f 5034 4965 4963
f 5047 4965 5034
f 4965 4964 4963
f 4964 4965 4966
f 5047 4967 4965
f 4964 4966 5016
f 4967 4968 4966
f 5047 5046 4967
f 5046 4969 4967
f 4965 4967 4966
f 4968 5093 5019
f 4966 4968 5019
f 5046 5049 4969
f 4969 4968 4967
f 4969 5052 4968
f 4968 5052 5093
f 5049 5053 4969
f 5053 5052 4969
f 5136 5053 5049
f 4971 4973 4970
f 4974 4971 4972
f 4971 4974 4973
f 4973 4693 4970
f 4975 4974 4972
f 4985 4979 4977
f 4976 4975 4972
f 4977 4978 4976
f 4976 4978 4975
f 4977 4979 4978
f 4974 4981 4980
f 4974 4980 4973
f 4980 4697 4973
f 4981 4974 4975
f 4982 4981 4975
f 4981 4996 4980
f 4997 4996 4981
f 4996 4716 4980
f 4997 4981 4982
f 4998 4997 4982
f 4983 4979 4988
f 5002 4983 4993
f 5002 5004 4983
f 5011 5002 4993
f 4978 4982 4975
f 4979 4984 4978
f 4978 4984 4982
f 4983 4984 4979
f 4984 4998 4982
f 4983 5004 4984
f 4984 5004 4998
f 4985 4987 4988
f 4986 4990 4987
f 4979 4985 4988
f 4987 4990 4988
f 4990 4986 4989
f 4986 4991 4989
f 4991 4992 4989
f 4990 4993 4988
f 4993 4983 4988
f 4990 4995 4993
f 4994 4995 4989
f 4995 4990 4989
f 4995 5011 4993
f 5012 5011 4995
f 5012 4995 4994
f 5013 5012 4994
f 4992 4994 4989
f 4992 4962 4994
f 4962 5013 4994
f 4962 4964 5013
f 4997 4999 4996
f 5000 4997 4998
f 4997 5000 4999
f 4999 4719 4996
f 5000 5006 4999
f 5001 5000 4998
f 5007 5000 5001
f 5003 5002 5011
f 5003 5010 5005
f 5002 5003 5005
f 5015 5003 5011
f 5015 5009 5003
f 5004 5001 4998
f 5002 5005 5004
f 5004 5005 5001
f 5005 5008 5001
f 5000 5007 5006
f 5006 4721 4999
f 5008 5007 5001
f 5077 5076 5007
f 5007 5076 5006
f 5076 4801 5006
f 5077 5007 5008
f 5078 5077 5008
f 5009 5010 5003
f 5018 5009 5015
f 5009 5082 5010
f 5018 5083 5009
f 5083 5082 5009
f 5092 5083 5018
f 5005 5010 5008
f 5010 5078 5008
f 5082 5078 5010
f 5012 5015 5011
f 5014 5012 5013
f 5012 5014 5015
f 5014 5018 5015
f 5016 5014 5013
f 5017 5014 5016
f 4964 5016 5013
f 4966 5019 5016
f 5018 5014 5017
f 5019 5017 5016
f 5092 5018 5017
f 5091 5092 5017
f 5019 5091 5017
f 5093 5091 5019
f 5022 5021 4879
f 5021 5022 5024
f 5021 5024 5023
f 5028 5023 5020
f 5023 5024 5020
f 5027 5035 5025
f 5022 5027 5024
f 5026 5027 5022
f 5026 5022 4880
f 5026 5039 5027
f 5037 5039 5026
f 5037 5026 4881
f 5024 5027 5025
f 5024 5025 5020
f 5027 5039 5035
f 5028 5030 5029
f 5029 5030 5032
f 5030 5028 5020
f 5029 5032 5031
f 5031 5032 4961
f 5030 5034 5032
f 5033 5034 5030
f 5033 5030 5020
f 5025 5033 5020
f 5033 5047 5034
f 5044 5047 5033
f 5044 5033 5025
f 5035 5044 5025
f 5032 5034 4963
f 5035 5039 5036
f 5040 5041 5036
f 5037 5040 5039
f 5038 5037 4892
f 5037 5038 5040
f 5038 5043 5040
f 5042 5038 4893
f 5039 5040 5036
f 5041 5048 5036
f 5131 5126 5043
f 5043 5126 5041
f 5126 5135 5041
f 5043 5038 5042
f 5131 5043 5042
f 5128 5131 5042
f 5040 5043 5041
f 5044 5046 5047
f 5045 5044 5035
f 5046 5044 5045
f 5049 5046 5045
f 5045 5035 5036
f 5048 5045 5036
f 5048 5049 5045
f 5136 5049 5048
f 5135 5136 5048
f 5135 5048 5041
f 5052 5050 5093
f 5054 5056 5050
f 5055 5136 5051
f 5054 5052 5053
f 5136 5055 5053
f 5055 5054 5053
f 5058 5054 5055
f 5052 5054 5050
f 5059 5055 5051
f 5058 5060 5056
f 5060 5119 5056
f 5057 5059 5051
f 5065 5059 5057
f 5062 5065 5057
f 5059 5058 5055
f 5054 5058 5056
f 5064 5058 5059
f 5065 5064 5059
f 5058 5064 5060
f 5112 5116 4620
f 5116 5117 4620
f 5111 5113 4620
f 5113 5112 4620
f 5117 5124 4620
f 5124 5125 4620
f 5125 5069 4620
f 5060 5061 5121
f 5064 5061 5060
f 5061 5123 5121
f 5066 5068 5061
f 5065 5062 5067
f 5062 5063 5067
f 5063 5070 5067
f 5066 5065 5067
f 5066 5064 5065
f 5064 5066 5061
f 5074 5066 5067
f 5068 5123 5061
f 5068 5125 5123
f 5074 5069 5068
f 5068 5069 5125
f 5071 5070 5063
f 5073 5071 5153
f 5071 5072 5070
f 5071 5073 5072
f 5070 5074 5067
f 5066 5074 5068
f 5075 5074 5070
f 5074 5075 5069
f 5072 5075 5070
f 5077 5079 5076
f 5080 5077 5078
f 5077 5080 5079
f 5079 4802 5076
f 5080 5086 5079
f 5081 5080 5078
f 5087 5080 5081
f 5083 5084 5082
f 5092 5085 5083
f 5085 5089 5084
f 5083 5085 5084
f 5094 5085 5092
f 5094 5090 5085
f 5082 5081 5078
f 5082 5084 5081
f 5084 5088 5081
f 5080 5087 5086
f 5086 4803 5079
f 5088 5087 5081
f 5087 5098 5086
f 5098 4835 5086
f 5099 5098 5087
f 5099 5087 5088
f 5100 5099 5088
f 5090 5089 5085
f 5096 5090 5094
f 5104 5089 5090
f 5096 5105 5090
f 5105 5104 5090
f 5118 5105 5096
f 5084 5089 5088
f 5089 5100 5088
f 5089 5104 5100
f 5094 5092 5091
f 5093 5095 5091
f 5095 5094 5091
f 5096 5094 5095
f 5093 5050 5095
f 5050 5097 5095
f 5097 5096 5095
f 5056 5097 5050
f 5118 5096 5097
f 5119 5118 5097
f 5056 5119 5097
f 5101 4836 5098
f 5099 5101 5098
f 5099 5102 5101
f 5102 5099 5100
f 5103 5102 5100
f 5102 5108 5101
f 5109 5102 5103
f 5106 5104 5105
f 5118 5120 5107
f 5107 5106 5105
f 5118 5107 5105
f 5114 5106 5107
f 5120 5115 5107
f 5104 5103 5100
f 5104 5106 5103
f 5106 5110 5103
f 5108 4851 5101
f 5102 5109 5108
f 5110 5109 5103
f 5109 5111 5108
f 5111 4854 5108
f 5109 5113 5111
f 5113 5109 5110
f 5112 5113 5110
f 5115 5120 5122
f 5115 5114 5107
f 5116 5114 5115
f 5124 5117 5122
f 5117 5115 5122
f 5117 5116 5115
f 5106 5114 5110
f 5114 5112 5110
f 5114 5116 5112
f 5120 5118 5119
f 5121 5120 5119
f 5060 5121 5119
f 5120 5121 5122
f 5121 5123 5122
f 5123 5124 5122
f 5123 5125 5124
f 5131 5127 5126
f 5131 5130 5127
f 5130 5132 5127
f 5126 5127 5137
f 5130 5131 5128
f 5130 5128 5129
f 5134 5130 5129
f 5130 5134 5132
f 5132 5138 5127
f 5132 5151 5138
f 5134 5141 5132
f 5134 5139 5141
f 5141 5151 5132
f 5133 5134 5129
f 5143 5139 5133
f 5139 5134 5133
f 5051 5136 5135
f 5126 5137 5135
f 5137 5051 5135
f 5127 5138 5137
f 5057 5051 5137
f 5138 5057 5137
f 5151 5062 5138
f 5062 5057 5138
f 5141 5152 5151
f 5139 5140 5142
f 5139 5142 5141
f 5141 5142 5152
f 5142 5153 5152
f 5140 5147 5142
f 5144 5140 5143
f 5140 5139 5143
f 5145 5140 5144
f 5149 5145 5146
f 5147 5153 5142
f 5140 5145 5147
f 5147 5148 5153
f 5147 5149 5148
f 5145 5149 5147
f 5150 5145 5144
f 4952 5146 5150
f 5146 5145 5150
f 5063 5062 5151
f 5152 5063 5151
f 5071 5063 5152
f 5153 5071 5152
f 5148 5073 5153
f 5421 5422 1370
f 5423 5422 5421
f 5423 5425 5422
f 5424 5425 5423
f 5424 5426 5425
f 5425 1377 5422
f 5426 5431 5425
f 5427 5426 5424
f 5428 5429 5427
f 5427 5429 5426
f 5439 5430 5428
f 5428 5430 5429
f 5429 5432 5426
f 5430 5435 5429
f 5440 5436 5430
f 5425 5431 1377
f 5432 5431 5426
f 5431 5433 1380
f 5432 5433 5431
f 5432 5434 5433
f 5435 5434 5432
f 5429 5435 5432
f 5436 5435 5430
f 5435 5437 5434
f 5436 5437 5435
f 5436 5438 5437
f 1623 5438 5436
f 5439 5440 5430
f 5440 1623 5436
f 1623 1625 5438
f 5434 1631 5433
f 5437 5441 5434
f 5441 1631 5434
f 5442 1633 5441
f 5438 5442 5437
f 5437 5442 5441
f 1625 5443 5438
f 5443 5442 5438
f 5443 5444 5442
f 5442 5444 1633
f 1636 5444 5443
f 2167 2168 2166
f 2168 2167 4070
f 2173 2175 2174
f 2178 2177 2180
f 2176 2178 2180
f 2169 2168 4070
f 2177 2169 2180
f 2180 2169 4070
f 2171 2179 2196
f 2179 2176 2196
f 2173 2172 2196
f 2172 2171 2196
f 2196 2176 2180
f 2175 2173 2197
f 2183 2175 2197
f 2187 2189 2188
f 2185 2183 2198
f 2186 2185 2198
f 2187 2186 2198
f 2198 2183 2197
f 2197 2173 2196
f 2189 2187 2226
f 2226 2187 2198
f 2193 2192 2227
f 2194 2193 2227
f 2192 2190 2227
f 2190 2189 2226
f 4090 2196 2180
f 4124 2197 2196
f 2228 2198 2197
f 4090 4124 2196
f 2219 2221 2220
f 2218 2215 2225
f 2215 2216 2225
f 2219 2218 2225
f 2223 2221 2245
f 2221 2219 2245
f 2245 2219 2225
f 2195 2194 2227
f 2212 2195 2227
f 2227 2190 2226
f 2213 2212 2224
f 2214 2213 2224
f 2216 2214 2224
f 2224 2212 2227
f 2225 2216 2224
f 2230 2227 2226
f 2229 2226 2198
f 4124 2228 2197
f 2228 2229 2198
f 2246 2224 2227
f 2230 2246 2227
f 2229 2230 2226
f 5168 2229 2228
f 2232 2222 2237
f 2233 2232 2237
f 2235 2233 2237
f 2236 2235 2244
f 2222 2223 2245
f 2237 2222 2245
f 2240 2241 2239
f 2234 2236 2244
f 2240 2234 2244
f 2244 2235 2237
f 2242 2241 2495
f 2241 2240 2495
f 2240 2244 2495
f 2499 2237 2245
f 2500 2244 2237
f 2248 2225 2224
f 2246 2248 2224
f 2247 2245 2225
f 2248 2247 2225
f 5169 2230 2229
f 2230 5170 2246
f 2247 2499 2245
f 2499 2500 2237
f 2559 2248 2246
f 2560 2247 2248
f 2376 2375 4257
f 2381 2382 2385
f 2382 2379 2385
f 2379 2383 2385
f 2383 2384 2405
f 2374 2378 2385
f 2378 2380 2385
f 2380 2381 2385
f 2375 2374 4257
f 4257 2374 2385
f 2383 2405 2385
f 2390 2391 2406
f 2391 2394 2406
f 2396 2398 2397
f 2394 2395 2406
f 2395 2396 2397
f 2395 2397 2406
f 2399 2400 2402
f 2400 2401 2402
f 2401 2429 2402
f 2398 2399 2397
f 2397 2399 2402
f 2384 2403 2404
f 2403 2387 2404
f 2387 2388 2404
f 2388 2389 2404
f 2389 2390 2404
f 2405 2384 2404
f 2390 2406 2404
f 2441 2397 2402
f 5456 2405 2404
f 2397 2440 2406
f 2406 5463 2404
f 5463 5456 2404
f 2440 5463 2406
f 2415 2417 2446
f 2413 2416 2446
f 2416 2415 2446
f 2422 2421 2535
f 2412 2418 2447
f 2417 2411 2446
f 2411 2412 2446
f 2418 2419 2535
f 2419 2422 2535
f 2447 2418 2535
f 2446 2412 2447
f 2401 2430 2429
f 2430 2431 2429
f 2431 2432 2429
f 2434 2436 2429
f 2432 2434 2429
f 2429 2444 2402
f 2436 2443 2429
f 2438 2439 2449
f 2439 2423 2449
f 2423 2424 2449
f 2424 2425 2449
f 2436 2435 2442
f 2435 2437 2442
f 2437 2438 2442
f 2436 2442 2443
f 2442 2438 2449
f 2441 2440 2397
f 2443 2444 2429
f 2444 2441 2402
f 5470 2444 2443
f 2425 2426 2445
f 2426 2427 2445
f 2427 2408 2445
f 2408 2414 2448
f 2414 2413 2448
f 2413 2446 2448
f 2445 2408 2448
f 2449 2425 2445
f 5447 2445 2448
f 2446 2538 2448
f 5445 2449 2445
f 2442 5469 2443
f 5446 2442 2449
f 5445 5446 2449
f 2538 5447 2448
f 5447 5445 2445
f 2464 2462 2497
f 2466 2464 2497
f 2466 2469 2465
f 2470 2468 2488
f 2472 2470 2488
f 2473 2472 2488
f 2468 2469 2498
f 2469 2466 2498
f 2488 2468 2498
f 2480 2477 2532
f 2479 2480 2532
f 2487 2482 2492
f 2486 2485 2492
f 2485 2487 2492
f 2474 2473 2488
f 2481 2474 2489
f 2482 2481 2489
f 2489 2474 2488
f 2492 2482 2489
f 2490 2483 2491
f 2476 2490 2491
f 2483 2486 2492
f 2478 2476 2532
f 2477 2478 2532
f 2491 2483 2492
f 2476 2491 2532
f 2544 2492 2489
f 2493 2243 2496
f 2243 2242 2496
f 2494 2493 2496
f 2467 2494 2496
f 2496 2242 2495
f 2462 2467 2497
f 2467 2496 2497
f 2244 2501 2495
f 2502 2496 2495
f 2498 2466 2497
f 2496 2503 2497
f 2504 2498 2497
f 2502 2503 2496
f 2500 2501 2244
f 2501 2502 2495
f 2247 2561 2499
f 2559 2560 2248
f 2560 2561 2247
f 2506 2500 2499
f 2500 2507 2501
f 2561 2506 2499
f 2506 2507 2500
f 2505 2488 2498
f 2504 2505 2498
f 2503 2504 2497
f 2545 2489 2488
f 2505 2545 2488
f 2545 2544 2489
f 2549 2505 2504
f 2508 2502 2501
f 2509 2503 2502
f 2508 2509 2502
f 2507 2508 2501
f 2548 2504 2503
f 2509 2548 2503
f 2562 2508 2507
f 2508 2563 2509
f 2522 2479 2528
f 2524 2420 2525
f 2527 2516 2530
f 2526 2523 2531
f 2523 2527 2531
f 2521 2522 2528
f 2520 2521 2530
f 2528 2479 2532
f 2519 2520 2530
f 2516 2519 2530
f 2530 2521 2528
f 2420 2524 2529
f 2421 2420 2529
f 2524 2526 2531
f 2529 2524 2531
f 2421 2529 2535
f 2527 2530 2531
f 2530 2541 2531
f 2491 2534 2532
f 2546 2491 2492
f 2544 2546 2492
f 2546 2534 2491
f 2540 2530 2528
f 2533 2528 2532
f 2533 2540 2528
f 2534 2533 2532
f 2542 2529 2531
f 2529 2536 2535
f 2537 2447 2535
f 2539 2446 2447
f 2541 2542 2531
f 2542 2536 2529
f 2536 2537 2535
f 2539 2538 2446
f 2537 2539 2447
f 5449 2537 2536
f 2540 2541 2530
f 2553 2533 2534
f 2554 2540 2533
f 5450 2542 2541
f 5451 2536 2542
f 2540 2543 2541
f 2554 2543 2540
f 5450 5451 2542
f 2543 5450 2541
f 2550 2545 2505
f 2547 2544 2545
f 2551 2546 2544
f 2552 2534 2546
f 2550 2547 2545
f 2547 2551 2544
f 2548 2549 2504
f 2549 2550 2505
f 2564 2548 2509
f 2563 2564 2509
f 2549 2556 2550
f 2555 2549 2548
f 2564 2555 2548
f 2555 2556 2549
f 2551 2552 2546
f 2553 2554 2533
f 2552 2553 2534
f 2553 5452 2554
f 2551 5454 2552
f 5453 2553 2552
f 5454 5453 2552
f 2558 2547 2550
f 2557 2551 2547
f 2558 2557 2547
f 2556 2558 2550
f 2557 5454 2551
f 5734 2558 2556
f 2558 5735 2557
f 5169 5170 2230
f 5170 2559 2246
f 5215 2561 2560
f 5217 2506 2561
f 5216 2507 2506
f 5217 5216 2506
f 5216 2562 2507
f 2562 2563 2508
f 5259 2556 2555
f 2167 4053 4069
f 4053 4054 4069
f 4054 4055 4069
f 4056 4057 4059
f 4055 4056 4059
f 4057 4058 4059
f 4058 4061 4059
f 4069 4055 4059
f 4061 4062 4063
f 4062 4064 4063
f 4064 4065 4063
f 4061 4063 4059
f 4070 2167 4069
f 4065 4071 4063
f 4065 4066 4084
f 4066 4067 4084
f 4087 4069 4059
f 4086 4070 4069
f 4063 4088 4059
f 4088 4087 4059
f 4071 4088 4063
f 4071 4065 4084
f 4067 4068 4084
f 4068 4073 4084
f 4073 4074 4085
f 4074 4075 4085
f 4075 4076 4078
f 4076 4077 4078
f 4077 4080 4078
f 4075 4078 4085
f 4080 4082 4078
f 4084 4073 4085
f 4089 2180 4070
f 4087 4086 4069
f 4086 4089 4070
f 4088 5156 4087
f 4089 4090 2180
f 4087 5157 4086
f 4082 4081 4119
f 4081 4083 4119
f 4083 4091 4119
f 4091 4092 4119
f 4095 4084 4085
f 4078 4096 4085
f 5154 4071 4084
f 4071 5155 4088
f 5154 5155 4071
f 4095 5154 4084
f 4082 4094 4078
f 4094 4096 4078
f 4082 4119 4094
f 4096 4095 4085
f 5178 4096 4094
f 4092 4093 4120
f 4093 4103 4120
f 4103 4104 4120
f 4104 4105 4121
f 4105 4107 4121
f 4120 4104 4121
f 4108 4110 4112
f 4110 4111 4112
f 4111 4114 4112
f 4107 4108 4121
f 4108 4112 4121
f 4114 4132 4112
f 4114 4113 4129
f 4113 4116 4129
f 4092 4120 4119
f 4112 4130 4121
f 4131 4120 4121
f 4120 5179 4119
f 4119 5180 4094
f 5179 5180 4119
f 4131 5179 4120
f 4130 4131 4121
f 4116 4115 4129
f 4126 4127 4138
f 4115 4117 4129
f 4117 4125 4151
f 4125 4126 4151
f 4132 4114 4129
f 4132 4130 4112
f 4129 4117 4151
f 4132 5188 4130
f 5187 4132 4129
f 4127 4128 4138
f 4128 4135 4138
f 4135 4136 4143
f 4136 4137 4143
f 4137 4133 4143
f 4126 4138 4151
f 4135 4143 4138
f 4133 4134 4144
f 4134 4140 4144
f 4143 4133 4144
f 4140 4141 4144
f 4157 4143 4144
f 4141 4156 4144
f 4141 4142 4158
f 4142 4146 4158
f 4146 4145 4154
f 4145 4147 4154
f 4147 4149 4154
f 5189 4129 4151
f 4138 4155 4151
f 4143 4159 4138
f 4159 4155 4138
f 4157 4159 4143
f 5189 5187 4129
f 4155 5189 4151
f 4156 4157 4144
f 4150 4152 4205
f 4152 4153 4205
f 4156 4141 4158
f 4149 4148 4154
f 4148 4150 4154
f 4150 4205 4154
f 4146 4154 4158
f 5205 4156 4158
f 5192 4159 4157
f 4156 5204 4157
f 4154 4213 4158
f 5204 5192 4157
f 5205 5204 4156
f 4153 4195 4204
f 4196 4197 4204
f 4195 4196 4204
f 4197 4198 4207
f 4198 4200 4207
f 4200 4199 4207
f 4197 4207 4204
f 4199 4202 4207
f 4205 4153 4204
f 4202 4203 4212
f 4203 4208 4212
f 4208 4211 4210
f 4211 4209 4210
f 4209 4184 4210
f 4212 4208 4210
f 4202 4212 4207
f 4455 4205 4204
f 4207 4458 4204
f 4212 4457 4207
f 4457 4458 4207
f 4452 4212 4210
f 4184 4454 4210
f 4205 4456 4154
f 4456 4213 4154
f 4458 4455 4204
f 4455 4456 4205
f 4213 5205 4158
f 4245 4243 4264
f 4251 4250 4255
f 4249 2377 4256
f 4250 4249 4256
f 2377 2376 4256
f 4255 4250 4256
f 4253 4254 4252
f 4253 4251 4255
f 4254 4253 4259
f 4227 4254 4259
f 4259 4253 4255
f 2376 4257 4256
f 4228 4227 4259
f 4258 4228 4259
f 4229 4228 4258
f 4230 4229 4258
f 4231 4230 4258
f 4232 4231 4266
f 4266 4231 4258
f 4267 4258 4259
f 4261 4259 4255
f 4267 4266 4258
f 4262 4255 4256
f 4257 4260 4256
f 4262 4261 4255
f 4261 4267 4259
f 2405 5457 2385
f 5455 4257 2385
f 5457 5455 2385
f 5455 4260 4257
f 5456 5457 2405
f 4260 4262 4256
f 4236 4235 4263
f 4237 4236 4263
f 4233 4232 4263
f 4234 4233 4263
f 4235 4234 4263
f 4238 4237 4265
f 4239 4238 4265
f 4241 4239 4265
f 4265 4237 4263
f 4232 4266 4263
f 4242 4241 4264
f 4241 4265 4264
f 4243 4242 4264
f 4308 4245 4264
f 4244 4245 4308
f 4246 4244 4308
f 4248 4246 4308
f 4265 4309 4264
f 4268 4265 4263
f 4309 4308 4264
f 4266 5460 4263
f 5458 4267 4261
f 5461 4266 4267
f 4268 4309 4265
f 5460 4268 4263
f 5461 5460 4266
f 4272 4275 4274
f 4279 4276 4306
f 4280 4281 4282
f 4281 4279 4306
f 4283 4280 4282
f 4288 4287 4291
f 4291 4287 4312
f 4292 4291 4312
f 4293 4292 4312
f 4300 4295 4297
f 4296 4294 4297
f 4294 4293 4312
f 4297 4294 4312
f 4295 4296 4297
f 4301 4300 4317
f 4303 4301 4317
f 4247 4248 4307
f 4270 4247 4307
f 4271 4270 4307
f 4272 4271 4307
f 4275 4272 4306
f 4276 4275 4306
f 4272 4307 4306
f 4248 4308 4307
f 4281 4306 4282
f 4306 4314 4282
f 4313 4283 4282
f 4284 4283 4313
f 4287 4285 4313
f 4285 4284 4313
f 4307 4311 4306
f 4314 4313 4282
f 4308 4310 4307
f 5490 4309 4268
f 4309 5489 4308
f 4310 4311 4307
f 4311 4314 4306
f 5489 4310 4308
f 4287 4313 4312
f 4313 4319 4312
f 4317 4300 4297
f 4318 4297 4312
f 4316 4315 4377
f 4305 4304 4377
f 4302 4303 4317
f 4304 4302 4317
f 4315 4305 4377
f 4304 4317 4377
f 4318 4317 4297
f 4314 5498 4313
f 4311 5496 4314
f 5498 4319 4313
f 5496 5498 4314
f 4319 4318 4312
f 4319 5604 4318
f 4352 4354 4351
f 4341 4338 4345
f 4342 4341 4345
f 4339 4342 4345
f 4343 4339 4345
f 4344 4343 4345
f 4346 4344 4345
f 4338 4316 4377
f 4338 4377 4345
f 4378 4346 4345
f 4349 4348 4366
f 4352 4349 4366
f 4347 4346 4378
f 4348 4347 4378
f 4356 4355 4365
f 4357 4356 4365
f 4363 4362 4364
f 4361 4360 4364
f 4362 4361 4364
f 4359 4357 4365
f 4360 4359 4365
f 4364 4360 4365
f 4369 4363 4364
f 4354 4352 4366
f 4355 4354 4365
f 4354 4366 4365
f 4348 4378 4366
f 4371 4369 4364
f 4372 4371 4489
f 4370 4372 4489
f 4489 4371 4364
f 4490 4364 4365
f 4366 4494 4365
f 4494 4490 4365
f 4377 4379 4345
f 4317 4380 4377
f 4380 4379 4377
f 4379 4378 4345
f 5603 4317 4318
f 5603 4380 4317
f 5604 5603 4318
f 4378 4495 4366
f 4379 4381 4378
f 4380 5609 4379
f 5609 4381 4379
f 4495 4494 4366
f 4381 4495 4378
f 4412 4414 4459
f 4414 4415 4459
f 4415 4416 4459
f 4416 4418 4459
f 4411 4412 4459
f 4423 4424 4449
f 4418 4417 4426
f 4417 4425 4426
f 4459 4418 4426
f 4425 4420 4448
f 4420 4421 4448
f 4421 4423 4448
f 4426 4425 4448
f 4428 4429 4451
f 4429 4432 4451
f 4432 4430 4451
f 4439 4438 4487
f 4440 4439 4487
f 4434 4441 4435
f 4431 4441 4442
f 4441 4434 4442
f 4430 4431 4442
f 4430 4442 4451
f 4434 4440 4487
f 4434 4487 4442
f 4424 4422 4449
f 4422 4444 4449
f 4444 4446 4447
f 4446 4445 4447
f 4444 4447 4449
f 4445 4428 4447
f 4428 4451 4447
f 4423 4449 4448
f 4447 4465 4449
f 4449 4464 4448
f 4442 4491 4451
f 4451 4500 4447
f 4500 4465 4447
f 4185 4186 4453
f 4184 4185 4453
f 4186 4410 4453
f 4410 4409 4460
f 4454 4184 4453
f 4409 4411 4460
f 4411 4459 4460
f 4410 4460 4453
f 4454 4452 4210
f 4452 4457 4212
f 4467 4454 4453
f 5302 4456 4455
f 5304 4458 4457
f 4452 4462 4457
f 4458 5303 4455
f 4454 4461 4452
f 4461 4462 4452
f 5304 5303 4458
f 4462 5304 4457
f 4463 4459 4426
f 4460 4468 4453
f 4459 4469 4460
f 4469 4468 4460
f 4468 4467 4453
f 4467 4461 4454
f 4466 4426 4448
f 4464 4466 4448
f 4463 4469 4459
f 4466 4463 4426
f 4465 4464 4449
f 4464 4501 4466
f 4465 4502 4464
f 4470 4468 4469
f 5317 4461 4467
f 4468 5319 4467
f 4503 4463 4466
f 4463 4471 4469
f 4503 4471 4463
f 4501 4503 4466
f 4471 4470 4469
f 4470 5319 4468
f 4373 4370 4488
f 4437 4436 4488
f 4436 4373 4488
f 4438 4437 4488
f 4438 4488 4487
f 4370 4489 4488
f 4488 4492 4487
f 4490 4489 4364
f 4489 4498 4488
f 4499 4489 4490
f 4487 4493 4442
f 4493 4491 4442
f 4492 4493 4487
f 4491 4500 4451
f 4498 4492 4488
f 4492 4509 4493
f 4496 4490 4494
f 4499 4498 4489
f 4496 4499 4490
f 4495 4497 4494
f 4381 5614 4495
f 4497 4496 4494
f 5614 4497 4495
f 4499 4504 4498
f 4510 4492 4498
f 4496 4505 4499
f 4497 5626 4496
f 4506 4465 4500
f 4491 4508 4500
f 4508 4506 4500
f 4506 4502 4465
f 4493 4507 4491
f 4502 4501 4464
f 4503 5359 4471
f 4501 5356 4503
f 4510 4509 4492
f 4504 4510 4498
f 5626 4505 4496
f 4505 4504 4499
f 4507 4508 4491
f 4509 4507 4493
f 4502 5357 4501
f 4513 4502 4506
f 4508 4512 4506
f 5357 5356 4501
f 4513 5357 4502
f 4512 4513 4506
f 4507 4511 4508
f 4509 4514 4507
f 4504 5629 4510
f 4510 4515 4509
f 4515 4514 4509
f 5629 4515 4510
f 4511 4512 4508
f 4514 4511 4507
f 5845 4514 4515
f 4514 5844 4511
f 4511 5361 4512
f 5156 5157 4087
f 5158 4089 4086
f 5157 5158 4086
f 5155 5156 4088
f 5154 5162 5155
f 4096 5161 4095
f 5163 5154 4095
f 5178 5161 4096
f 5180 5178 4094
f 4089 5160 4090
f 5159 4124 4090
f 5160 5159 4090
f 5158 5160 4089
f 5157 5165 5158
f 4124 5167 2228
f 5159 5167 4124
f 5167 5168 2228
f 5171 5160 5158
f 5160 5172 5159
f 5165 5171 5158
f 5164 5156 5155
f 5162 5164 5155
f 5156 5166 5157
f 5164 5166 5156
f 5161 5163 4095
f 5163 5162 5154
f 5161 5185 5163
f 5166 5165 5157
f 5164 5175 5166
f 5174 5164 5162
f 5163 5190 5162
f 5185 5190 5163
f 5190 5174 5162
f 5168 5169 2229
f 5208 5168 5167
f 5173 5167 5159
f 5171 5172 5160
f 5172 5173 5159
f 5209 5169 5168
f 5208 5209 5168
f 5173 5208 5167
f 5212 5173 5172
f 5177 5165 5166
f 5165 5176 5171
f 5177 5176 5165
f 5174 5175 5164
f 5175 5177 5166
f 5211 5172 5171
f 5176 5211 5171
f 5230 5175 5174
f 5175 5221 5177
f 5230 5221 5175
f 5179 5181 5180
f 5184 5161 5178
f 5180 5186 5178
f 4130 5182 4131
f 5183 5179 4131
f 5181 5186 5180
f 5188 5182 4130
f 5182 5183 4131
f 5183 5181 5179
f 5184 5185 5161
f 5186 5184 5178
f 5183 5198 5181
f 5187 5188 4132
f 5182 5199 5183
f 5200 5190 5185
f 5184 5202 5185
f 5190 5201 5174
f 5191 5186 5181
f 5203 5184 5186
f 5191 5203 5186
f 5198 5191 5181
f 5203 5202 5184
f 4155 5193 5189
f 5194 5187 5189
f 5188 5197 5182
f 5196 5188 5187
f 5194 5196 5187
f 5196 5197 5188
f 4159 5195 4155
f 5195 5193 4155
f 5193 5194 5189
f 5192 5195 4159
f 5192 5307 5195
f 5308 5193 5195
f 5197 5199 5182
f 5199 5198 5183
f 5239 5199 5197
f 5199 5236 5198
f 5196 5240 5197
f 5229 5196 5194
f 5193 5310 5194
f 5310 5229 5194
f 5229 5240 5196
f 5240 5239 5197
f 5202 5200 5185
f 5200 5201 5190
f 5201 5230 5174
f 5191 5237 5203
f 5231 5202 5203
f 5202 5232 5200
f 5237 5231 5203
f 5198 5238 5191
f 5238 5237 5191
f 5236 5238 5198
f 5239 5236 5199
f 5170 5207 2559
f 5206 5170 5169
f 5209 5206 5169
f 5206 5207 5170
f 5214 2560 2559
f 5207 5214 2559
f 5213 5208 5173
f 5208 5210 5209
f 5212 5213 5173
f 5218 5206 5209
f 5220 5207 5206
f 5210 5218 5209
f 5213 5210 5208
f 5211 5212 5172
f 5215 5217 2561
f 5214 5215 2560
f 5214 5252 5215
f 5253 5217 5215
f 5219 5214 5207
f 5218 5220 5206
f 5220 5219 5207
f 5252 5253 5215
f 5219 5252 5214
f 5218 5264 5220
f 5265 5219 5220
f 5226 5210 5213
f 5227 5218 5210
f 5176 5223 5211
f 5222 5176 5177
f 5221 5222 5177
f 5222 5223 5176
f 5225 5212 5211
f 5224 5213 5212
f 5225 5224 5212
f 5223 5225 5211
f 5221 5245 5222
f 5246 5223 5222
f 5224 5226 5213
f 5223 5228 5225
f 5269 5224 5225
f 5246 5228 5223
f 5226 5227 5210
f 5227 5264 5218
f 5228 5269 5225
f 5270 5226 5224
f 5269 5270 5224
f 5308 5310 5193
f 5234 5201 5200
f 5201 5235 5230
f 5233 5221 5230
f 5234 5235 5201
f 5232 5234 5200
f 5231 5232 5202
f 5235 5233 5230
f 5233 5245 5221
f 5232 5251 5234
f 5247 5235 5234
f 5238 5244 5237
f 5324 5240 5229
f 5240 5325 5239
f 5236 5242 5238
f 5239 5243 5236
f 5325 5243 5239
f 5243 5242 5236
f 5324 5325 5240
f 5241 5231 5237
f 5250 5232 5231
f 5241 5250 5231
f 5244 5241 5237
f 5250 5251 5232
f 5242 5244 5238
f 5243 5329 5242
f 5245 5246 5222
f 5233 5249 5245
f 5248 5233 5235
f 5251 5247 5234
f 5247 5248 5235
f 5277 5246 5245
f 5276 5228 5246
f 5249 5277 5245
f 5248 5249 5233
f 5241 5284 5250
f 5283 5251 5250
f 5242 5282 5244
f 5285 5241 5244
f 5329 5282 5242
f 5282 5285 5244
f 5217 5254 5216
f 5255 2562 5216
f 5254 5255 5216
f 5258 2564 2563
f 5257 2563 2562
f 5255 5257 2562
f 5253 5254 5217
f 5266 5252 5219
f 5256 5253 5252
f 5265 5266 5219
f 5253 5261 5254
f 5266 5256 5252
f 5256 5261 5253
f 5264 5265 5220
f 2564 5260 2555
f 5257 5258 2563
f 5258 5260 2564
f 5260 5259 2555
f 5259 5734 2556
f 5738 5260 5258
f 5262 5255 5254
f 5255 5263 5257
f 5262 5263 5255
f 5261 5262 5254
f 5737 5258 5257
f 5263 5737 5257
f 5737 5738 5258
f 5749 5262 5261
f 5262 5750 5263
f 5268 5264 5227
f 5267 5227 5226
f 5270 5267 5226
f 5267 5268 5227
f 5272 5265 5264
f 5271 5266 5265
f 5268 5272 5264
f 5272 5271 5265
f 5279 5270 5269
f 5280 5267 5270
f 5267 5281 5268
f 5266 5273 5256
f 5274 5261 5256
f 5271 5273 5266
f 5273 5274 5256
f 5274 5749 5261
f 5753 5271 5272
f 5754 5273 5271
f 5275 5272 5268
f 5280 5281 5267
f 5281 5275 5268
f 5275 5753 5272
f 5753 5754 5271
f 5228 5278 5269
f 5277 5276 5246
f 5276 5278 5228
f 5279 5280 5270
f 5278 5279 5269
f 5278 5295 5279
f 5296 5280 5279
f 5800 5281 5280
f 5281 5801 5275
f 5288 5248 5247
f 5285 5284 5241
f 5287 5247 5251
f 5284 5283 5250
f 5283 5287 5251
f 5287 5288 5247
f 5282 5382 5285
f 5388 5284 5285
f 5289 5249 5248
f 5286 5277 5249
f 5289 5286 5249
f 5294 5278 5276
f 5277 5293 5276
f 5286 5293 5277
f 5293 5294 5276
f 5288 5289 5248
f 5292 5288 5287
f 5290 5283 5284
f 5283 5291 5287
f 5388 5290 5284
f 5290 5291 5283
f 5297 5289 5288
f 5298 5286 5289
f 5292 5297 5288
f 5291 5292 5287
f 5401 5291 5290
f 5295 5296 5279
f 5294 5295 5278
f 5299 5293 5286
f 5293 5805 5294
f 5296 5800 5280
f 5806 5295 5294
f 5805 5806 5294
f 5297 5298 5289
f 5298 5299 5286
f 5299 5805 5293
f 5402 5292 5291
f 5300 5297 5292
f 5401 5402 5291
f 5808 5299 5298
f 5807 5298 5297
f 5402 5300 5292
f 5300 5807 5297
f 5301 5204 5205
f 4213 5306 5205
f 4456 5305 4213
f 5305 5306 4213
f 5204 5309 5192
f 5309 5307 5192
f 5301 5309 5204
f 5306 5301 5205
f 5302 5305 4456
f 5303 5302 4455
f 5315 5303 5304
f 5312 5306 5305
f 5302 5321 5305
f 5303 5320 5302
f 5307 5308 5195
f 5310 5326 5229
f 5308 5323 5310
f 5313 5309 5301
f 5309 5311 5307
f 5307 5327 5308
f 5327 5323 5308
f 5311 5327 5307
f 5306 5314 5301
f 5314 5313 5301
f 5312 5314 5306
f 5313 5311 5309
f 5320 5321 5302
f 5321 5312 5305
f 5336 5314 5312
f 5314 5335 5313
f 4462 5316 5304
f 4461 5318 4462
f 5318 5316 4462
f 5317 5318 4461
f 5319 5317 4467
f 5315 5320 5303
f 5316 5315 5304
f 5318 5341 5316
f 4470 5339 5319
f 5317 5342 5318
f 5319 5343 5317
f 5321 5337 5312
f 5320 5322 5321
f 5340 5320 5315
f 5316 5344 5315
f 5344 5340 5315
f 5322 5337 5321
f 5337 5336 5312
f 5340 5322 5320
f 5342 5341 5318
f 5341 5344 5316
f 5323 5326 5310
f 5326 5324 5229
f 5326 5333 5324
f 5324 5330 5325
f 5325 5331 5243
f 5332 5326 5323
f 5327 5334 5323
f 5328 5327 5311
f 5313 5338 5311
f 5338 5328 5311
f 5335 5338 5313
f 5334 5332 5323
f 5328 5334 5327
f 5330 5331 5325
f 5333 5330 5324
f 5331 5329 5243
f 5332 5333 5326
f 5330 5384 5331
f 5351 5334 5328
f 5334 5352 5332
f 5385 5333 5332
f 5333 5386 5330
f 5352 5385 5332
f 5385 5386 5333
f 5336 5335 5314
f 5338 5353 5328
f 5335 5350 5338
f 5336 5354 5335
f 5353 5351 5328
f 5351 5352 5334
f 5358 4470 4471
f 5359 5358 4471
f 5343 5342 5317
f 5339 5343 5319
f 5358 5339 4470
f 5343 5360 5342
f 5344 5346 5340
f 5370 5341 5342
f 5341 5347 5344
f 5370 5347 5341
f 5348 5337 5322
f 5337 5345 5336
f 5354 5350 5335
f 5345 5354 5336
f 5340 5349 5322
f 5349 5348 5322
f 5346 5349 5340
f 5348 5345 5337
f 5347 5346 5344
f 5346 5378 5349
f 5349 5377 5348
f 5350 5353 5338
f 5350 5394 5353
f 5395 5351 5353
f 5354 5396 5350
f 5345 5355 5354
f 5380 5345 5348
f 5380 5355 5345
f 5377 5380 5348
f 5396 5394 5350
f 5355 5396 5354
f 5356 5359 4503
f 5364 5358 5359
f 5356 5367 5359
f 5365 5343 5339
f 5358 5366 5339
f 5366 5365 5339
f 5364 5366 5358
f 5365 5360 5343
f 5360 5370 5342
f 5357 5368 5356
f 5363 5357 4513
f 5368 5367 5356
f 4512 5362 4513
f 5362 5363 4513
f 5363 5368 5357
f 5361 5362 4512
f 5844 5361 4511
f 5362 5850 5363
f 5367 5364 5359
f 5374 5366 5364
f 5373 5365 5366
f 5367 5375 5364
f 5363 5846 5368
f 5369 5367 5368
f 5850 5846 5363
f 5369 5375 5367
f 5375 5374 5364
f 5846 5369 5368
f 5347 5379 5346
f 5372 5370 5360
f 5370 5371 5347
f 5365 5376 5360
f 5376 5372 5360
f 5373 5376 5365
f 5379 5378 5346
f 5371 5379 5347
f 5372 5371 5370
f 5374 5373 5366
f 5376 5860 5372
f 5373 5861 5376
f 5869 5373 5374
f 5378 5377 5349
f 5377 5414 5380
f 5417 5377 5378
f 5379 5381 5378
f 5371 5862 5379
f 5417 5414 5377
f 5381 5417 5378
f 5863 5371 5372
f 5863 5862 5371
f 5860 5863 5372
f 5862 5381 5379
f 5329 5383 5282
f 5387 5329 5331
f 5387 5383 5329
f 5384 5387 5331
f 5383 5382 5282
f 5386 5384 5330
f 5382 5388 5285
f 5386 5397 5384
f 5391 5383 5387
f 5389 5387 5384
f 5383 5390 5382
f 5397 5389 5384
f 5399 5388 5382
f 5388 5400 5290
f 5390 5399 5382
f 5399 5400 5388
f 5389 5391 5387
f 5391 5390 5383
f 5389 5409 5391
f 5385 5398 5386
f 5352 5393 5385
f 5392 5352 5351
f 5392 5393 5352
f 5393 5398 5385
f 5398 5397 5386
f 5395 5392 5351
f 5394 5395 5353
f 5406 5393 5392
f 5395 5404 5392
f 5393 5405 5398
f 5398 5403 5397
f 5397 5410 5389
f 5400 5401 5290
f 5390 5407 5399
f 5391 5411 5390
f 5396 5413 5394
f 5394 5418 5395
f 5418 5404 5395
f 5413 5418 5394
f 5410 5409 5389
f 5403 5410 5397
f 5405 5403 5398
f 5404 5406 5392
f 5406 5405 5393
f 5404 5419 5406
f 5406 5420 5405
f 5408 5400 5399
f 5409 5411 5391
f 5411 5407 5390
f 5890 5401 5400
f 5889 5402 5401
f 5890 5889 5401
f 5407 5408 5399
f 5408 5890 5400
f 5895 5409 5410
f 5409 5896 5411
f 5897 5407 5411
f 5895 5896 5409
f 5403 5894 5410
f 5412 5403 5405
f 5420 5412 5405
f 5419 5420 5406
f 5412 5894 5403
f 5894 5895 5410
f 5415 5396 5355
f 5380 5416 5355
f 5416 5415 5355
f 5415 5413 5396
f 5414 5416 5380
f 5414 5915 5416
f 5416 5914 5415
f 5418 5933 5404
f 5413 5913 5418
f 5415 5917 5413
f 5914 5917 5415
f 5917 5913 5413
f 5933 5419 5404
f 5913 5933 5418
f 2444 5471 2441
f 5469 5470 2443
f 5446 5469 2442
f 5520 5447 2538
f 5447 5521 5445
f 5448 2539 2537
f 2539 5519 2538
f 5519 5520 2538
f 5448 5519 2539
f 5451 5449 2536
f 5449 5448 2537
f 5533 5451 5450
f 5534 5449 5451
f 5535 2543 2554
f 5532 5450 2543
f 5535 5532 2543
f 5453 5452 2553
f 5452 5535 2554
f 5466 5457 5456
f 5462 4262 4260
f 5472 4260 5455
f 5457 5467 5455
f 5472 5462 4260
f 5467 5472 5455
f 4262 5459 4261
f 5459 5458 4261
f 5458 5461 4267
f 5462 5459 4262
f 5458 5493 5461
f 5491 5460 5461
f 5459 5473 5458
f 5493 5491 5461
f 5464 5463 2440
f 5468 5456 5463
f 5464 5468 5463
f 5465 2440 2441
f 5470 5471 2444
f 5471 5465 2441
f 5465 5464 2440
f 5468 5466 5456
f 5466 5467 5457
f 5479 5467 5466
f 5482 5468 5464
f 5468 5483 5466
f 5518 5446 5445
f 5476 5471 5470
f 5471 5477 5465
f 5469 5475 5470
f 5517 5469 5446
f 5475 5476 5470
f 5517 5475 5469
f 5474 5464 5465
f 5476 5477 5471
f 5480 5459 5462
f 5467 5478 5472
f 5481 5462 5472
f 5481 5480 5462
f 5473 5493 5458
f 5480 5473 5459
f 5482 5483 5468
f 5477 5474 5465
f 5474 5482 5464
f 5530 5474 5477
f 5529 5477 5476
f 5478 5481 5472
f 5479 5478 5467
f 5483 5479 5466
f 5480 5506 5473
f 5485 5481 5478
f 5505 5480 5481
f 5479 5486 5478
f 5487 5483 5482
f 5483 5488 5479
f 5487 5488 5483
f 5484 5482 5474
f 5530 5484 5474
f 5484 5487 5482
f 5486 5485 5478
f 5488 5486 5479
f 5485 5505 5481
f 5460 5492 4268
f 5490 5489 4309
f 5492 5490 4268
f 5491 5492 5460
f 5497 4311 4310
f 5490 5494 5489
f 5489 5499 4310
f 5503 5492 5491
f 5493 5504 5491
f 5495 5490 5492
f 5494 5499 5489
f 5495 5494 5490
f 5503 5495 5492
f 5497 5496 4311
f 5499 5497 4310
f 5498 5605 4319
f 5496 5500 5498
f 5500 5605 5498
f 5499 5509 5497
f 5494 5510 5499
f 5497 5501 5496
f 5501 5500 5496
f 5510 5509 5499
f 5509 5501 5497
f 5502 5493 5473
f 5504 5503 5491
f 5502 5504 5493
f 5506 5502 5473
f 5505 5506 5480
f 5511 5495 5503
f 5504 5512 5503
f 5485 5516 5505
f 5514 5506 5505
f 5507 5504 5502
f 5506 5515 5502
f 5507 5512 5504
f 5515 5507 5502
f 5514 5515 5506
f 5508 5494 5495
f 5508 5510 5494
f 5511 5508 5495
f 5509 5612 5501
f 5613 5509 5510
f 5613 5612 5509
f 5512 5511 5503
f 5511 5576 5508
f 5512 5577 5511
f 5508 5547 5510
f 5547 5613 5510
f 5576 5547 5508
f 5577 5576 5511
f 5573 5486 5488
f 5574 5488 5487
f 5486 5513 5485
f 5516 5514 5505
f 5513 5516 5485
f 5573 5513 5486
f 5579 5515 5514
f 5578 5512 5507
f 5515 5580 5507
f 5578 5577 5512
f 5518 5517 5446
f 5520 5521 5447
f 5521 5518 5445
f 5527 5521 5520
f 5449 5525 5448
f 5524 5519 5448
f 5519 5526 5520
f 5533 5534 5451
f 5534 5525 5449
f 5525 5524 5448
f 5528 5518 5521
f 5518 5523 5517
f 5522 5475 5517
f 5475 5531 5476
f 5527 5528 5521
f 5528 5523 5518
f 5523 5522 5517
f 5531 5529 5476
f 5522 5531 5475
f 5526 5527 5520
f 5524 5526 5519
f 5525 5540 5524
f 5539 5526 5524
f 5554 5528 5527
f 5555 5523 5528
f 5526 5553 5527
f 5553 5554 5527
f 5539 5553 5526
f 5529 5530 5477
f 5523 5552 5522
f 5551 5531 5522
f 5554 5555 5528
f 5532 5533 5450
f 5452 5543 5535
f 5545 5532 5535
f 5454 5537 5453
f 5536 5454 2557
f 5735 5536 2557
f 5544 5452 5453
f 5537 5544 5453
f 5544 5543 5452
f 5536 5537 5454
f 5533 5541 5534
f 5538 5533 5532
f 5545 5538 5532
f 5542 5525 5534
f 5541 5542 5534
f 5538 5541 5533
f 5542 5540 5525
f 5540 5539 5524
f 5565 5542 5541
f 5543 5545 5535
f 5537 5743 5544
f 5544 5744 5543
f 5546 5545 5543
f 5545 5567 5538
f 5564 5541 5538
f 5567 5564 5538
f 5743 5744 5544
f 5744 5546 5543
f 5546 5567 5545
f 5549 5530 5529
f 5556 5529 5531
f 5551 5556 5531
f 5556 5549 5529
f 5550 5484 5530
f 5484 5548 5487
f 5550 5548 5484
f 5548 5574 5487
f 5549 5550 5530
f 5585 5550 5549
f 5555 5552 5523
f 5552 5551 5522
f 5562 5555 5554
f 5555 5563 5552
f 5557 5556 5551
f 5587 5549 5556
f 5557 5587 5556
f 5552 5558 5551
f 5562 5563 5555
f 5563 5558 5552
f 5558 5557 5551
f 5540 5560 5539
f 5559 5553 5539
f 5561 5554 5553
f 5559 5561 5553
f 5566 5540 5542
f 5565 5566 5542
f 5566 5560 5540
f 5560 5559 5539
f 5561 5562 5554
f 5570 5559 5560
f 5569 5561 5559
f 5564 5565 5541
f 5546 5767 5567
f 5769 5564 5567
f 5565 5571 5566
f 5568 5565 5564
f 5769 5568 5564
f 5572 5560 5566
f 5571 5572 5566
f 5568 5571 5565
f 5600 5558 5563
f 5562 5599 5563
f 5598 5562 5561
f 5569 5598 5561
f 5598 5599 5562
f 5572 5570 5560
f 5570 5569 5559
f 5786 5572 5571
f 5574 5573 5488
f 5581 5514 5516
f 5584 5513 5573
f 5583 5573 5574
f 5586 5548 5550
f 5548 5582 5574
f 5582 5583 5574
f 5575 5516 5513
f 5581 5579 5514
f 5575 5581 5516
f 5584 5575 5513
f 5583 5584 5573
f 5587 5585 5549
f 5579 5580 5515
f 5580 5578 5507
f 5577 5644 5576
f 5592 5580 5579
f 5593 5579 5581
f 5646 5577 5578
f 5580 5590 5578
f 5646 5644 5577
f 5592 5590 5580
f 5590 5646 5578
f 5586 5582 5548
f 5583 5594 5584
f 5585 5586 5550
f 5585 5589 5586
f 5601 5587 5557
f 5602 5585 5587
f 5596 5583 5582
f 5588 5582 5586
f 5601 5602 5587
f 5588 5596 5582
f 5596 5594 5583
f 5602 5589 5585
f 5589 5588 5586
f 5591 5581 5575
f 5595 5575 5584
f 5591 5593 5581
f 5593 5592 5579
f 5594 5595 5584
f 5595 5591 5575
f 5592 5657 5590
f 5658 5592 5593
f 5694 5595 5594
f 5695 5594 5596
f 5659 5593 5591
f 5595 5683 5591
f 5659 5658 5593
f 5694 5683 5595
f 5683 5659 5591
f 5597 5557 5558
f 5599 5600 5563
f 5600 5597 5558
f 5597 5601 5557
f 5688 5597 5600
f 5687 5600 5599
f 5572 5787 5570
f 5686 5569 5570
f 5569 5685 5598
f 5689 5599 5598
f 5685 5689 5598
f 5786 5787 5572
f 5787 5686 5570
f 5686 5685 5569
f 5605 5604 4319
f 5604 5607 5603
f 5606 4380 5603
f 5606 5609 4380
f 5607 5606 5603
f 5605 5608 5604
f 5500 5611 5605
f 5610 5500 5501
f 5611 5608 5605
f 5608 5607 5604
f 5610 5611 5500
f 5612 5610 5501
f 5619 5606 5607
f 5608 5620 5607
f 5615 4381 5609
f 5615 5614 4381
f 5606 5616 5609
f 5616 5615 5609
f 5619 5616 5606
f 5620 5619 5607
f 5615 5627 5614
f 5616 5622 5615
f 5628 4497 5614
f 5628 5626 4497
f 5627 5628 5614
f 5622 5627 5615
f 5611 5621 5608
f 5621 5620 5608
f 5610 5617 5611
f 5617 5621 5611
f 5612 5618 5610
f 5547 5642 5613
f 5643 5612 5613
f 5618 5617 5610
f 5643 5618 5612
f 5620 5624 5619
f 5619 5623 5616
f 5625 5620 5621
f 5617 5647 5621
f 5623 5622 5616
f 5624 5623 5619
f 5625 5624 5620
f 5647 5625 5621
f 5667 5624 5625
f 5668 5623 5624
f 5628 5631 5626
f 5627 5635 5628
f 5636 5627 5622
f 5636 5635 5627
f 5623 5637 5622
f 5637 5636 5622
f 5668 5637 5623
f 4505 5630 4504
f 5632 4505 5626
f 5632 5630 4505
f 5630 5629 4504
f 5631 5632 5626
f 5635 5631 5628
f 5639 5630 5632
f 5631 5640 5632
f 5629 5633 4515
f 5630 5634 5629
f 5634 5633 5629
f 5633 5845 4515
f 5845 5844 4514
f 5639 5634 5630
f 5640 5639 5632
f 5853 5633 5634
f 5641 5631 5635
f 5641 5640 5631
f 5637 5669 5636
f 5636 5638 5635
f 5638 5641 5635
f 5669 5638 5636
f 5639 5852 5634
f 5640 5854 5639
f 5854 5852 5639
f 5855 5640 5641
f 5638 5673 5641
f 5855 5854 5640
f 5673 5855 5641
f 5645 5547 5576
f 5642 5643 5613
f 5645 5642 5547
f 5644 5645 5576
f 5648 5617 5618
f 5642 5650 5643
f 5649 5618 5643
f 5645 5654 5642
f 5644 5653 5645
f 5646 5655 5644
f 5650 5649 5643
f 5654 5650 5642
f 5653 5654 5645
f 5648 5647 5617
f 5649 5648 5618
f 5647 5651 5625
f 5648 5652 5647
f 5667 5668 5624
f 5651 5667 5625
f 5649 5660 5648
f 5663 5649 5650
f 5663 5660 5649
f 5652 5651 5647
f 5660 5652 5648
f 5656 5646 5590
f 5657 5656 5590
f 5656 5655 5646
f 5655 5653 5644
f 5653 5664 5654
f 5655 5665 5653
f 5658 5657 5592
f 5705 5657 5658
f 5661 5655 5656
f 5661 5665 5655
f 5657 5704 5656
f 5654 5662 5650
f 5662 5663 5650
f 5664 5662 5654
f 5665 5664 5653
f 5704 5661 5656
f 5660 5677 5652
f 5663 5678 5660
f 5664 5710 5662
f 5665 5711 5664
f 5662 5666 5663
f 5666 5678 5663
f 5710 5666 5662
f 5668 5670 5637
f 5672 5668 5667
f 5672 5670 5668
f 5670 5669 5637
f 5651 5671 5667
f 5671 5672 5667
f 5652 5676 5651
f 5676 5671 5651
f 5669 5674 5638
f 5670 5675 5669
f 5672 5682 5670
f 5682 5675 5670
f 5675 5674 5669
f 5674 5673 5638
f 5675 5883 5674
f 5677 5676 5652
f 5678 5677 5660
f 5679 5672 5671
f 5676 5680 5671
f 5677 5681 5676
f 5666 5729 5678
f 5730 5677 5678
f 5679 5682 5672
f 5680 5679 5671
f 5681 5680 5676
f 5730 5681 5677
f 6042 5680 5681
f 5682 5884 5675
f 5679 5885 5682
f 5680 5886 5679
f 5886 5885 5679
f 6042 5886 5680
f 5690 5588 5589
f 5588 5691 5596
f 5691 5695 5596
f 5695 5694 5594
f 5692 5602 5601
f 5693 5589 5602
f 5692 5693 5602
f 5597 5684 5601
f 5688 5684 5597
f 5684 5692 5601
f 5689 5687 5599
f 5687 5688 5600
f 5686 5974 5685
f 5973 5689 5685
f 5687 5699 5688
f 5981 5687 5689
f 5973 5981 5689
f 5981 5699 5687
f 5690 5691 5588
f 5693 5690 5589
f 5708 5683 5694
f 5709 5694 5695
f 5693 5701 5690
f 5702 5693 5692
f 5702 5701 5693
f 5691 5696 5695
f 5697 5691 5690
f 5696 5709 5695
f 5701 5697 5690
f 5697 5696 5691
f 5698 5692 5684
f 5700 5684 5688
f 5700 5698 5684
f 5698 5702 5692
f 5699 5700 5688
f 5984 5700 5699
f 5702 5720 5701
f 5722 5697 5701
f 5985 5698 5700
f 5703 5702 5698
f 5985 5703 5698
f 5703 5720 5702
f 5659 5706 5658
f 5707 5659 5683
f 5706 5705 5658
f 5708 5707 5683
f 5707 5706 5659
f 5705 5704 5657
f 5714 5704 5705
f 5709 5708 5694
f 5718 5708 5709
f 5716 5706 5707
f 5715 5705 5706
f 5708 5717 5707
f 5717 5716 5707
f 5716 5715 5706
f 5712 5665 5661
f 5704 5713 5661
f 5712 5711 5665
f 5713 5712 5661
f 5711 5710 5664
f 5714 5713 5704
f 5715 5714 5705
f 5711 5731 5710
f 5725 5713 5714
f 5713 5723 5712
f 5733 5711 5712
f 5733 5731 5711
f 5725 5723 5713
f 5723 5733 5712
f 5696 5719 5709
f 5721 5696 5697
f 5719 5718 5709
f 5722 5721 5697
f 5721 5719 5696
f 5718 5717 5708
f 5727 5717 5718
f 5720 5722 5701
f 5722 6062 5721
f 6063 5722 5720
f 6061 5719 5721
f 5719 6069 5718
f 6062 6061 5721
f 6061 6069 5719
f 5716 5728 5715
f 5724 5714 5715
f 5717 5726 5716
f 5728 5724 5715
f 5726 5728 5716
f 5724 5725 5714
f 5727 5726 5717
f 6069 5727 5718
f 6101 5724 5728
f 5724 6053 5725
f 5710 5732 5666
f 5729 5730 5678
f 5731 5732 5710
f 5732 5729 5666
f 5730 6044 5681
f 5729 6045 5730
f 6045 6044 5730
f 5731 6049 5732
f 5732 6041 5729
f 6041 6045 5729
f 6049 6041 5732
f 6044 6042 5681
f 5723 6051 5733
f 6050 5731 5733
f 6052 5723 5725
f 6051 6050 5733
f 6050 6049 5731
f 5734 5735 2558
f 5739 5259 5260
f 5736 5734 5259
f 5739 5736 5259
f 5741 5735 5734
f 5735 5742 5536
f 5736 5741 5734
f 5741 5742 5735
f 5738 5739 5260
f 5751 5737 5263
f 5752 5738 5737
f 5745 5739 5738
f 5739 5746 5736
f 5752 5745 5738
f 5751 5752 5737
f 5740 5537 5536
f 5742 5740 5536
f 5740 5743 5537
f 5748 5742 5741
f 5742 5770 5740
f 5766 5743 5740
f 5747 5741 5736
f 5746 5747 5736
f 5745 5746 5739
f 5747 5748 5741
f 5743 5765 5744
f 5770 5766 5740
f 5748 5770 5742
f 5778 5746 5745
f 5746 5779 5747
f 5749 5750 5262
f 5750 5751 5263
f 5755 5274 5273
f 5274 5756 5749
f 5755 5756 5274
f 5758 5751 5750
f 5757 5750 5749
f 5757 5758 5750
f 5756 5757 5749
f 5754 5755 5273
f 5753 5761 5754
f 5762 5755 5754
f 5763 5756 5755
f 5759 5752 5751
f 5752 5760 5745
f 5759 5760 5752
f 5758 5759 5751
f 5760 5778 5745
f 5778 5779 5746
f 5781 5759 5758
f 5783 5760 5759
f 5756 5764 5757
f 5782 5758 5757
f 5763 5764 5756
f 5762 5763 5755
f 5764 5782 5757
f 5782 5781 5758
f 5802 5753 5275
f 5800 5801 5281
f 5801 5802 5275
f 5802 5761 5753
f 5761 5762 5754
f 5822 5764 5763
f 5768 5546 5744
f 5765 5768 5744
f 5768 5767 5546
f 5766 5765 5743
f 5767 5769 5567
f 5777 5765 5766
f 5774 5767 5768
f 5776 5768 5765
f 5770 5773 5766
f 5772 5770 5748
f 5771 5748 5747
f 5779 5771 5747
f 5771 5772 5748
f 5772 5773 5770
f 5777 5776 5765
f 5773 5777 5766
f 5775 5769 5767
f 5785 5571 5568
f 5769 5788 5568
f 5788 5785 5568
f 5776 5774 5768
f 5774 5775 5767
f 5775 5788 5769
f 5790 5776 5777
f 5773 5793 5777
f 5794 5773 5772
f 5794 5793 5773
f 5780 5779 5778
f 5760 5784 5778
f 5783 5784 5760
f 5792 5771 5779
f 5771 5791 5772
f 5784 5780 5778
f 5780 5792 5779
f 5781 5783 5759
f 5791 5794 5772
f 5792 5791 5771
f 5785 5786 5571
f 5977 5788 5775
f 5788 5979 5785
f 5972 5786 5785
f 5978 5775 5774
f 5776 5789 5774
f 5789 5978 5774
f 5978 5977 5775
f 5790 5789 5776
f 5793 5790 5777
f 5824 5782 5764
f 5825 5781 5782
f 5795 5783 5781
f 5796 5784 5783
f 5824 5825 5782
f 5825 5795 5781
f 5798 5792 5780
f 5993 5790 5793
f 5994 5793 5794
f 5791 5992 5794
f 5797 5791 5792
f 5797 5992 5791
f 5784 5799 5780
f 5796 5799 5784
f 5799 5798 5780
f 5795 5796 5783
f 5798 5797 5792
f 5795 6019 5796
f 6018 5799 5796
f 5799 6020 5798
f 5296 5804 5800
f 5803 5296 5295
f 5806 5803 5295
f 5803 5804 5296
f 5812 5802 5801
f 5811 5801 5800
f 5804 5811 5800
f 5811 5812 5801
f 5810 5805 5299
f 5805 5809 5806
f 5808 5810 5299
f 5807 5808 5298
f 5815 5803 5806
f 5816 5804 5803
f 5809 5815 5806
f 5810 5809 5805
f 5802 5813 5761
f 5814 5762 5761
f 5813 5814 5761
f 5812 5813 5802
f 5818 5812 5811
f 5823 5763 5762
f 5814 5823 5762
f 5823 5822 5763
f 5828 5813 5812
f 5826 5814 5813
f 5804 5817 5811
f 5818 5828 5812
f 5815 5816 5803
f 5816 5817 5804
f 5810 5820 5809
f 5809 5821 5815
f 5817 5818 5811
f 5838 5816 5815
f 5839 5817 5816
f 5892 5807 5300
f 5901 5808 5807
f 5892 5901 5807
f 5819 5810 5808
f 5901 5819 5808
f 5819 5820 5810
f 5820 5821 5809
f 5821 5838 5815
f 5822 5824 5764
f 5814 5827 5823
f 5826 5827 5814
f 5822 5831 5824
f 5830 5822 5823
f 5827 5830 5823
f 5830 5831 5822
f 5828 5826 5813
f 5840 5818 5817
f 5829 5828 5818
f 5839 5840 5817
f 5838 5839 5816
f 5828 5834 5826
f 5835 5827 5826
f 5840 5829 5818
f 5829 5834 5828
f 5832 5825 5824
f 5833 5795 5825
f 5832 5833 5825
f 5831 5832 5824
f 5833 6019 5795
f 6019 6018 5796
f 5831 6022 5832
f 6023 5833 5832
f 5837 5831 5830
f 5836 5830 5827
f 5834 5835 5826
f 5835 5836 5827
f 5836 5837 5830
f 5837 6022 5831
f 5835 6035 5836
f 5955 5838 5821
f 5954 5821 5820
f 5962 5839 5838
f 5841 5840 5839
f 5955 5962 5838
f 5962 5841 5839
f 5842 5829 5840
f 5841 5842 5840
f 5843 5834 5829
f 5842 5843 5829
f 5834 6034 5835
f 5843 6034 5834
f 6034 6035 5835
f 5842 6129 5843
f 5847 5844 5845
f 5851 5361 5844
f 5361 5849 5362
f 5849 5850 5362
f 5851 5849 5361
f 5847 5851 5844
f 5633 5848 5845
f 5853 5848 5633
f 5848 5847 5845
f 5850 5866 5846
f 5857 5851 5847
f 5849 5865 5850
f 5851 5870 5849
f 5857 5870 5851
f 5870 5865 5849
f 5852 5853 5634
f 5858 5848 5853
f 5879 5854 5855
f 5852 5859 5853
f 5854 5882 5852
f 5882 5859 5852
f 5848 5856 5847
f 5856 5857 5847
f 5858 5856 5848
f 5859 5858 5853
f 5858 5888 5856
f 5859 6308 5858
f 5375 5864 5374
f 5867 5375 5369
f 5869 5861 5373
f 5864 5869 5374
f 5861 5860 5376
f 5860 5919 5863
f 5846 5868 5369
f 5868 5867 5369
f 5867 5864 5375
f 5866 5868 5846
f 5865 5866 5850
f 5868 5878 5867
f 5866 5877 5868
f 5918 5860 5861
f 5864 5875 5869
f 5874 5864 5867
f 5878 5874 5867
f 5869 5920 5861
f 5920 5918 5861
f 5875 5920 5869
f 5874 5875 5864
f 5865 5876 5866
f 5870 5871 5865
f 5873 5870 5857
f 5876 5877 5866
f 5873 5871 5870
f 5871 5876 5865
f 5856 5872 5857
f 5872 5873 5857
f 5888 5872 5856
f 5877 5878 5868
f 5924 5874 5878
f 6312 5871 5873
f 5871 6311 5876
f 5877 5923 5878
f 5876 6322 5877
f 6311 6322 5876
f 6322 5923 5877
f 5673 5880 5855
f 5879 5882 5854
f 5880 5879 5855
f 5674 5881 5673
f 5883 5881 5674
f 5881 5880 5673
f 5881 6305 5880
f 5882 6303 5859
f 6304 5882 5879
f 6303 6308 5859
f 6304 6303 5882
f 5880 6306 5879
f 6306 6304 5879
f 6305 6306 5880
f 5884 5883 5675
f 5885 5884 5682
f 5883 6307 5881
f 5884 5887 5883
f 5885 6048 5884
f 5887 6307 5883
f 6048 5887 5884
f 6307 6305 5881
f 6308 5888 5858
f 5872 6310 5873
f 5402 5891 5300
f 5889 5891 5402
f 5891 5892 5300
f 5898 5408 5407
f 5408 5893 5890
f 5890 5902 5889
f 5898 5893 5408
f 5903 5891 5889
f 5905 5892 5891
f 5893 5902 5890
f 5902 5903 5889
f 5896 5897 5411
f 5897 5898 5407
f 5938 5894 5412
f 5900 5896 5895
f 5894 5899 5895
f 5938 5899 5894
f 5907 5897 5896
f 5908 5898 5897
f 5898 5906 5893
f 5907 5908 5897
f 5900 5907 5896
f 5899 5900 5895
f 5904 5901 5892
f 5956 5819 5901
f 5905 5904 5892
f 5903 5905 5891
f 5904 5956 5901
f 5819 5957 5820
f 5956 5957 5819
f 5902 5910 5903
f 5958 5905 5903
f 5905 5959 5904
f 5910 5958 5903
f 5909 5902 5893
f 5908 5906 5898
f 5906 5909 5893
f 6178 5907 5900
f 5909 5910 5902
f 5381 5912 5417
f 5911 5381 5862
f 5863 5921 5862
f 5921 5911 5862
f 5417 5916 5414
f 5916 5915 5414
f 5911 5912 5381
f 5912 5916 5417
f 5915 5914 5416
f 5937 5913 5917
f 5914 5934 5917
f 5941 5914 5915
f 5912 5930 5916
f 5916 5922 5915
f 5941 5934 5914
f 5922 5941 5915
f 5918 5919 5860
f 5919 5921 5863
f 5919 5928 5921
f 5921 5929 5911
f 5931 5912 5911
f 5931 5930 5912
f 5930 5922 5916
f 5875 5925 5920
f 5926 5918 5920
f 5918 5932 5919
f 5932 5928 5919
f 5926 5932 5918
f 5927 5875 5874
f 5927 5925 5875
f 5925 5926 5920
f 5924 5927 5874
f 5923 5924 5878
f 5924 6328 5927
f 5927 6327 5925
f 5929 5931 5911
f 5928 5929 5921
f 5929 5947 5931
f 5946 5930 5931
f 5926 5968 5932
f 5932 5967 5928
f 6330 5926 5925
f 6330 5968 5926
f 5928 5948 5929
f 5948 5947 5929
f 5967 5948 5928
f 5968 5967 5932
f 5913 5935 5933
f 5933 5936 5419
f 5420 5940 5412
f 5419 5939 5420
f 5936 5939 5419
f 5939 5940 5420
f 5937 5935 5913
f 5935 5936 5933
f 5934 5937 5917
f 5934 5950 5937
f 5951 5935 5937
f 5940 5938 5412
f 5943 5940 5939
f 5938 6175 5899
f 5940 6176 5938
f 5936 5942 5939
f 5935 5944 5936
f 6177 5900 5899
f 6176 6175 5938
f 5951 5944 5935
f 5944 5942 5936
f 5942 5943 5939
f 5943 6176 5940
f 5941 5952 5934
f 5922 5945 5941
f 5930 5949 5922
f 5949 5945 5922
f 5946 5949 5930
f 5952 5950 5934
f 5945 5952 5941
f 5947 5946 5931
f 5971 5945 5949
f 5946 5969 5949
f 5947 6347 5946
f 5950 5951 5937
f 5944 6180 5942
f 5951 6181 5944
f 5952 5953 5950
f 5950 6183 5951
f 6183 6181 5951
f 5953 6183 5950
f 5945 5970 5952
f 5971 5970 5945
f 5970 5953 5952
f 5957 5954 5820
f 5954 5955 5821
f 5961 5957 5956
f 5904 5960 5956
f 5958 5959 5905
f 5959 5960 5904
f 5957 5963 5954
f 5964 5955 5954
f 5961 5963 5957
f 5960 5961 5956
f 5966 5841 5962
f 5841 6128 5842
f 5965 5962 5955
f 5963 5964 5954
f 5964 5965 5955
f 5960 6190 5961
f 6191 5963 5961
f 5965 5966 5962
f 5966 6128 5841
f 5963 6219 5964
f 5964 6220 5965
f 6219 6220 5964
f 6327 6330 5925
f 6341 5947 5948
f 5967 6345 5948
f 6347 5969 5946
f 6341 6347 5947
f 5969 5971 5949
f 6461 5970 5971
f 5786 5975 5787
f 5979 5972 5785
f 5976 5686 5787
f 5975 5976 5787
f 5976 5974 5686
f 5972 5975 5786
f 5974 5973 5685
f 5988 5976 5975
f 5977 5979 5788
f 5790 5996 5789
f 5980 5979 5977
f 5978 5997 5977
f 5995 5978 5789
f 5979 5990 5972
f 5987 5975 5972
f 5990 5987 5972
f 5995 5997 5978
f 5997 5980 5977
f 5980 5990 5979
f 5976 5989 5974
f 5982 5981 5973
f 5981 5986 5699
f 5982 5986 5981
f 5983 5973 5974
f 5988 5989 5976
f 5989 5983 5974
f 5983 5982 5973
f 5986 5984 5699
f 5984 5985 5700
f 6059 5985 5984
f 5982 6066 5986
f 6065 5984 5986
f 5987 5988 5975
f 6003 5990 5980
f 6005 5987 5990
f 5991 5988 5987
f 5989 6013 5983
f 6012 5989 5988
f 6005 5991 5987
f 5983 6011 5982
f 6012 6013 5989
f 6013 6011 5983
f 5991 6012 5988
f 5994 5993 5793
f 5992 5994 5794
f 5996 5995 5789
f 5993 5996 5790
f 6001 5995 5996
f 6007 5993 5994
f 6006 5996 5993
f 6007 6006 5993
f 5998 5797 5798
f 5999 5992 5797
f 5992 6000 5994
f 6018 6020 5799
f 6020 5998 5798
f 5998 5999 5797
f 5999 6000 5992
f 6000 6007 5994
f 6002 5997 5995
f 6025 5999 5998
f 5997 6004 5980
f 6002 6004 5997
f 6004 6003 5980
f 6001 6002 5995
f 6006 6001 5996
f 6003 6005 5990
f 6014 6005 6003
f 6016 6004 6002
f 6004 6017 6003
f 6006 6009 6001
f 6010 6006 6007
f 5999 6028 6000
f 6008 6007 6000
f 6028 6008 6000
f 6015 6002 6001
f 6010 6009 6006
f 6008 6010 6007
f 6015 6016 6002
f 6009 6015 6001
f 6066 6065 5986
f 6011 6066 5982
f 6013 6087 6011
f 6086 6013 6012
f 6088 5991 6005
f 5991 6085 6012
f 6088 6085 5991
f 6016 6017 6004
f 6017 6014 6003
f 6014 6088 6005
f 6016 6090 6017
f 6141 6015 6009
f 6142 6009 6010
f 6015 6089 6016
f 6142 6141 6009
f 6021 6018 6019
f 6024 6019 5833
f 6026 6020 6018
f 6023 6024 5833
f 6020 6027 5998
f 6026 6027 6020
f 6021 6026 6018
f 6024 6021 6019
f 6022 6023 5832
f 6036 5837 5836
f 6037 6022 5837
f 6036 6037 5837
f 6031 6021 6024
f 6030 6024 6023
f 6022 6029 6023
f 6037 6029 6022
f 6029 6030 6023
f 6027 6025 5998
f 6025 6028 5999
f 6032 6026 6021
f 6033 6027 6026
f 6038 6028 6025
f 6039 6008 6028
f 6008 6140 6010
f 6040 6025 6027
f 6033 6040 6027
f 6040 6038 6025
f 6030 6031 6024
f 6031 6032 6021
f 6032 6033 6026
f 6030 6157 6031
f 6158 6032 6031
f 6157 6158 6031
f 6035 6036 5836
f 6130 6034 5843
f 6131 6035 6034
f 6132 6036 6035
f 6036 6133 6037
f 6131 6132 6035
f 6135 6029 6037
f 6134 6030 6029
f 6133 6135 6037
f 6132 6133 6036
f 6135 6134 6029
f 6134 6157 6030
f 6039 6140 6008
f 6140 6142 6010
f 6038 6039 6028
f 6032 6143 6033
f 6145 6040 6033
f 6064 5720 5703
f 6060 5703 5985
f 6072 5726 5727
f 5726 6070 5728
f 6101 6053 5724
f 6070 6101 5728
f 6046 5886 6042
f 5886 6043 5885
f 6043 6048 5885
f 6046 6043 5886
f 6047 6042 6044
f 6055 6044 6045
f 6055 6047 6044
f 6047 6046 6042
f 6046 6360 6043
f 6047 6361 6046
f 6052 6051 5723
f 6056 6041 6049
f 6057 6049 6050
f 6053 6052 5725
f 6051 6108 6050
f 6052 6102 6051
f 6108 6057 6050
f 6102 6108 6051
f 6041 6054 6045
f 6054 6055 6045
f 6056 6054 6041
f 6057 6056 6049
f 6055 6362 6047
f 6362 6361 6047
f 6054 6058 6055
f 6058 6362 6055
f 6109 6054 6056
f 6057 6110 6056
f 6109 6058 6054
f 6110 6109 6056
f 6060 6064 5703
f 6064 6063 5720
f 6065 6059 5984
f 6059 6060 5985
f 6063 6062 5722
f 6075 6062 6063
f 6077 6060 6059
f 6064 6076 6063
f 6068 6064 6060
f 6076 6075 6063
f 6068 6076 6064
f 6078 6065 6066
f 6065 6079 6059
f 6078 6079 6065
f 6067 6066 6011
f 6087 6067 6011
f 6067 6078 6066
f 6077 6068 6060
f 6079 6077 6059
f 6074 6069 6061
f 6069 6071 5727
f 6073 6061 6062
f 6074 6071 6069
f 6073 6074 6061
f 6072 6070 5726
f 6071 6072 5727
f 6072 6106 6070
f 6075 6073 6062
f 6074 6114 6071
f 6105 6072 6071
f 6075 6081 6073
f 6080 6074 6073
f 6114 6105 6071
f 6100 6079 6078
f 6079 6099 6077
f 6100 6099 6079
f 6084 6076 6068
f 6076 6082 6075
f 6083 6068 6077
f 6083 6084 6068
f 6099 6083 6077
f 6084 6082 6076
f 6081 6080 6073
f 6082 6081 6075
f 6080 6114 6074
f 6084 6645 6082
f 6081 6120 6080
f 6646 6081 6082
f 6086 6087 6013
f 6085 6086 6012
f 6094 6088 6014
f 6096 6085 6088
f 6085 6097 6086
f 6095 6014 6017
f 6090 6095 6017
f 6095 6094 6014
f 6089 6090 6016
f 6141 6089 6015
f 6092 6087 6086
f 6096 6097 6085
f 6091 6078 6067
f 6087 6093 6067
f 6093 6091 6067
f 6091 6100 6078
f 6097 6092 6086
f 6092 6093 6087
f 6638 6093 6092
f 6094 6096 6088
f 6151 6095 6090
f 6098 6096 6094
f 6152 6094 6095
f 6096 6640 6097
f 6097 6641 6092
f 6640 6641 6097
f 6151 6152 6095
f 6152 6098 6094
f 6098 6640 6096
f 6099 6635 6083
f 6637 6099 6100
f 6639 6091 6093
f 6091 6634 6100
f 6636 6084 6083
f 6645 6646 6082
f 6636 6645 6084
f 6641 6638 6092
f 6103 6052 6053
f 6107 6053 6101
f 6104 6101 6070
f 6107 6103 6053
f 6104 6107 6101
f 6103 6102 6052
f 6106 6104 6070
f 6113 6102 6103
f 6105 6106 6072
f 6107 6118 6103
f 6115 6107 6104
f 6106 6117 6104
f 6115 6118 6107
f 6108 6111 6057
f 6111 6110 6057
f 6102 6112 6108
f 6112 6111 6108
f 6110 6379 6109
f 6113 6112 6102
f 6118 6113 6103
f 6113 6124 6112
f 6112 6122 6111
f 6111 6380 6110
f 6380 6379 6110
f 6116 6106 6105
f 6114 6121 6105
f 6080 6119 6114
f 6121 6116 6105
f 6119 6121 6114
f 6116 6117 6106
f 6117 6115 6104
f 6120 6119 6080
f 6123 6113 6118
f 6127 6118 6115
f 6122 6380 6111
f 6646 6120 6081
f 6126 6117 6116
f 6121 6654 6116
f 6119 6647 6121
f 6647 6654 6121
f 6117 6125 6115
f 6127 6123 6118
f 6124 6122 6112
f 6123 6124 6113
f 6126 6125 6117
f 6125 6127 6115
f 6654 6126 6116
f 6123 6391 6124
f 6860 6123 6127
f 6125 6655 6127
f 6860 6391 6123
f 6129 6130 5843
f 6130 6131 6034
f 6128 6129 5842
f 6222 6128 5966
f 6221 5966 5965
f 6220 6221 5965
f 6221 6222 5966
f 6136 6129 6128
f 6137 6130 6129
f 6222 6136 6128
f 6136 6137 6129
f 6133 6162 6135
f 6138 6131 6130
f 6139 6132 6131
f 6138 6139 6131
f 6137 6138 6130
f 6161 6133 6132
f 6139 6161 6132
f 6161 6162 6133
f 6260 6138 6137
f 6138 6261 6139
f 6144 6039 6038
f 6149 6141 6142
f 6140 6147 6142
f 6153 6140 6039
f 6153 6147 6140
f 6146 6038 6040
f 6145 6146 6040
f 6158 6143 6032
f 6143 6145 6033
f 6146 6144 6038
f 6144 6153 6039
f 6143 6166 6145
f 6165 6146 6145
f 6148 6089 6141
f 6089 6150 6090
f 6147 6149 6142
f 6149 6148 6141
f 6150 6151 6090
f 6148 6150 6089
f 6149 6672 6148
f 6671 6150 6148
f 6665 6151 6150
f 6168 6144 6146
f 6144 6155 6153
f 6156 6147 6153
f 6168 6155 6144
f 6165 6168 6146
f 6154 6149 6147
f 6156 6154 6147
f 6154 6672 6149
f 6672 6671 6148
f 6155 6156 6153
f 6157 6160 6158
f 6163 6134 6135
f 6162 6163 6135
f 6159 6157 6134
f 6163 6159 6134
f 6167 6143 6158
f 6160 6167 6158
f 6167 6166 6143
f 6159 6160 6157
f 6262 6161 6139
f 6164 6162 6161
f 6261 6262 6139
f 6169 6163 6162
f 6170 6159 6163
f 6262 6164 6161
f 6164 6169 6162
f 6166 6165 6145
f 6160 6172 6167
f 6173 6166 6167
f 6681 6165 6166
f 6680 6168 6165
f 6168 6682 6155
f 6172 6173 6167
f 6173 6681 6166
f 6171 6160 6159
f 6169 6170 6163
f 6170 6171 6159
f 6171 6172 6160
f 6681 6680 6165
f 6170 6752 6171
f 6753 6170 6169
f 6685 6172 6171
f 5907 6174 5908
f 5906 6185 5909
f 6184 5906 5908
f 6178 6174 5907
f 6174 6184 5908
f 6184 6185 5906
f 6175 6177 5899
f 6177 6178 5900
f 6182 5943 5942
f 6197 6177 6175
f 6177 6196 6178
f 6176 6195 6175
f 6179 6176 5943
f 6182 6179 5943
f 6195 6197 6175
f 6179 6195 6176
f 6181 6180 5944
f 6180 6182 5942
f 6189 5960 5959
f 6187 5910 5909
f 6185 6187 5909
f 5910 6186 5958
f 6187 6186 5910
f 6174 6199 6184
f 6188 5959 5958
f 6186 6188 5958
f 6188 6189 5959
f 6185 6192 6187
f 6207 6185 6184
f 6193 6186 6187
f 6207 6192 6185
f 6190 6191 5961
f 6191 6219 5963
f 6189 6190 5960
f 6186 6194 6188
f 6225 6189 6188
f 6192 6193 6187
f 6193 6194 6186
f 6226 6190 6189
f 6225 6226 6189
f 6194 6225 6188
f 6192 6236 6193
f 6237 6194 6193
f 6198 6174 6178
f 6197 6196 6177
f 6196 6198 6178
f 6198 6199 6174
f 6179 6203 6195
f 6204 6197 6195
f 6199 6207 6184
f 6198 6210 6199
f 6197 6208 6196
f 6209 6198 6196
f 6203 6204 6195
f 6204 6208 6197
f 6208 6209 6196
f 6182 6202 6179
f 6181 6205 6180
f 6201 6182 6180
f 6183 6206 6181
f 5953 6200 6183
f 6464 5953 5970
f 6461 6464 5970
f 6464 6200 5953
f 6200 6206 6183
f 6206 6205 6181
f 6202 6203 6179
f 6205 6201 6180
f 6201 6202 6182
f 6202 6215 6203
f 6200 6471 6206
f 6206 6472 6205
f 6214 6202 6201
f 6205 6213 6201
f 6472 6213 6205
f 6211 6207 6199
f 6212 6192 6207
f 6210 6211 6199
f 6209 6210 6198
f 6211 6212 6207
f 6212 6236 6192
f 6203 6216 6204
f 6213 6214 6201
f 6218 6209 6208
f 6242 6210 6209
f 6239 6211 6210
f 6218 6242 6209
f 6242 6239 6210
f 6204 6217 6208
f 6215 6216 6203
f 6216 6217 6204
f 6214 6215 6202
f 6217 6218 6208
f 6216 6245 6217
f 6213 6477 6214
f 6244 6216 6215
f 6214 6243 6215
f 6477 6243 6214
f 6243 6244 6215
f 6229 6221 6220
f 6221 6230 6222
f 6224 6219 6191
f 6228 6220 6219
f 6190 6223 6191
f 6226 6223 6190
f 6223 6224 6191
f 6224 6228 6219
f 6228 6229 6220
f 6194 6238 6225
f 6227 6226 6225
f 6237 6238 6194
f 6232 6223 6226
f 6233 6224 6223
f 6227 6232 6226
f 6238 6227 6225
f 6231 6136 6222
f 6263 6137 6136
f 6230 6231 6222
f 6231 6263 6136
f 6263 6260 6137
f 6229 6230 6221
f 6265 6230 6229
f 6264 6231 6230
f 6235 6228 6224
f 6234 6229 6228
f 6232 6233 6223
f 6233 6235 6224
f 6234 6265 6229
f 6235 6234 6228
f 6277 6233 6232
f 6278 6235 6233
f 6236 6237 6193
f 6250 6227 6238
f 6251 6232 6227
f 6241 6236 6212
f 6240 6212 6211
f 6239 6240 6211
f 6240 6241 6212
f 6236 6249 6237
f 6241 6249 6236
f 6248 6238 6237
f 6249 6248 6237
f 6239 6254 6240
f 6247 6218 6217
f 6246 6242 6218
f 6244 6245 6216
f 6245 6247 6217
f 6253 6239 6242
f 6247 6246 6218
f 6246 6253 6242
f 6253 6254 6239
f 6255 6247 6245
f 6509 6245 6244
f 6256 6246 6247
f 6509 6255 6245
f 6248 6250 6238
f 6250 6251 6227
f 6252 6249 6241
f 6257 6241 6240
f 6254 6257 6240
f 6249 6283 6248
f 6257 6252 6241
f 6251 6277 6232
f 6277 6278 6233
f 6280 6251 6250
f 6248 6284 6250
f 6252 6283 6249
f 6283 6284 6248
f 6258 6253 6246
f 6259 6254 6253
f 6255 6256 6247
f 6256 6258 6246
f 6285 6257 6254
f 6257 6286 6252
f 6259 6285 6254
f 6258 6259 6253
f 6260 6261 6138
f 6231 6266 6263
f 6267 6260 6263
f 6269 6262 6261
f 6268 6261 6260
f 6266 6267 6263
f 6267 6268 6260
f 6265 6264 6230
f 6264 6266 6231
f 6279 6234 6235
f 6278 6279 6235
f 6276 6265 6234
f 6279 6276 6234
f 6273 6266 6264
f 6272 6264 6265
f 6276 6272 6265
f 6272 6273 6264
f 6271 6164 6262
f 6270 6169 6164
f 6271 6270 6164
f 6268 6269 6261
f 6269 6271 6262
f 6270 6753 6169
f 6753 6752 6170
f 6757 6271 6269
f 6271 6758 6270
f 6274 6267 6266
f 6267 6275 6268
f 6274 6275 6267
f 6273 6274 6266
f 6756 6269 6268
f 6275 6756 6268
f 6756 6757 6269
f 6770 6274 6273
f 6771 6275 6274
f 6282 6278 6277
f 6251 6281 6277
f 6284 6280 6250
f 6280 6281 6251
f 6289 6279 6278
f 6290 6276 6279
f 6281 6282 6277
f 6282 6289 6278
f 6288 6284 6283
f 6284 6295 6280
f 6296 6281 6280
f 6287 6283 6252
f 6285 6286 6257
f 6286 6287 6252
f 6288 6295 6284
f 6287 6288 6283
f 6276 6291 6272
f 6292 6273 6272
f 6290 6291 6276
f 6289 6290 6279
f 6291 6292 6272
f 6292 6770 6273
f 6774 6291 6290
f 6773 6290 6289
f 6294 6282 6281
f 6295 6296 6280
f 6282 6293 6289
f 6296 6294 6281
f 6294 6293 6282
f 6293 6773 6289
f 6773 6774 6290
f 6301 6288 6287
f 6302 6295 6288
f 6824 6296 6295
f 6825 6294 6296
f 6255 6579 6256
f 6580 6258 6256
f 6297 6259 6258
f 6580 6297 6258
f 6298 6285 6259
f 6297 6298 6259
f 6286 6299 6287
f 6300 6286 6285
f 6298 6300 6285
f 6300 6299 6286
f 6301 6302 6288
f 6299 6301 6287
f 6593 6300 6298
f 7009 6299 6300
f 6302 6824 6295
f 6824 6825 6296
f 6299 7010 6301
f 6830 6302 6301
f 7009 7010 6299
f 6306 6316 6304
f 6305 6317 6306
f 5887 6363 6307
f 6307 6318 6305
f 6318 6317 6305
f 6363 6318 6307
f 6313 5872 5888
f 6308 6314 5888
f 6303 6309 6308
f 6315 6303 6304
f 6309 6314 6308
f 6314 6313 5888
f 6315 6309 6303
f 6312 6311 5871
f 6310 6312 5873
f 6313 6310 5872
f 6314 6332 6313
f 6331 6310 6313
f 6310 6326 6312
f 6316 6315 6304
f 6317 6316 6306
f 6316 6320 6315
f 6317 6366 6316
f 6318 6367 6317
f 6309 6319 6314
f 6315 6321 6309
f 6321 6319 6309
f 6319 6332 6314
f 6332 6331 6313
f 6320 6321 6315
f 6366 6320 6316
f 6321 6397 6319
f 6320 6396 6321
f 6322 6324 5923
f 6311 6323 6322
f 6312 6325 6311
f 5923 6329 5924
f 6329 6328 5924
f 6324 6329 5923
f 6323 6324 6322
f 6326 6325 6312
f 6325 6323 6311
f 6331 6326 6310
f 6325 6334 6323
f 6328 6327 5927
f 6330 6343 5968
f 6327 6344 6330
f 6329 6335 6328
f 6336 6329 6324
f 6337 6324 6323
f 6328 6342 6327
f 6342 6344 6327
f 6336 6335 6329
f 6335 6342 6328
f 6332 6333 6331
f 6326 6339 6325
f 6331 6338 6326
f 6338 6339 6326
f 6340 6332 6319
f 6397 6340 6319
f 6333 6338 6331
f 6340 6333 6332
f 6339 6334 6325
f 6337 6336 6324
f 6334 6337 6323
f 6356 6336 6337
f 6338 6399 6339
f 6339 6412 6334
f 6334 6357 6337
f 6401 6338 6333
f 6412 6357 6334
f 6399 6412 6339
f 5968 6346 5967
f 6346 6345 5967
f 6345 6341 5948
f 6343 6346 5968
f 6344 6343 6330
f 6352 6345 6346
f 6343 6354 6346
f 5969 6462 5971
f 6347 6463 5969
f 6351 6347 6341
f 6345 6355 6341
f 6355 6351 6341
f 6352 6355 6345
f 6463 6462 5969
f 6351 6463 6347
f 6342 6349 6344
f 6335 6350 6342
f 6336 6348 6335
f 6348 6350 6335
f 6353 6343 6344
f 6353 6354 6343
f 6350 6349 6342
f 6349 6353 6344
f 6357 6356 6337
f 6356 6348 6336
f 6354 6352 6346
f 6467 6355 6352
f 6354 6466 6352
f 6353 6476 6354
f 6349 6418 6353
f 6350 6417 6349
f 6476 6466 6354
f 6418 6476 6353
f 6416 6348 6356
f 6348 6419 6350
f 6417 6418 6349
f 6048 6358 5887
f 6359 6048 6043
f 6358 6363 5887
f 6359 6358 6048
f 6360 6359 6043
f 6361 6360 6046
f 6360 6370 6359
f 6372 6360 6361
f 6362 6373 6361
f 6058 6377 6362
f 6363 6364 6318
f 6365 6363 6358
f 6367 6366 6317
f 6364 6367 6318
f 6359 6371 6358
f 6371 6365 6358
f 6365 6364 6363
f 6367 6368 6366
f 6366 6398 6320
f 6364 6369 6367
f 6375 6364 6365
f 6398 6396 6320
f 6368 6398 6366
f 6375 6369 6364
f 6369 6368 6367
f 6370 6371 6359
f 6372 6370 6360
f 6371 6374 6365
f 6370 6376 6371
f 6373 6372 6361
f 6377 6373 6362
f 6372 6383 6370
f 6373 6384 6372
f 6384 6383 6372
f 6383 6376 6370
f 6374 6375 6365
f 6376 6374 6371
f 6375 6408 6369
f 6374 6407 6375
f 6431 6374 6376
f 6109 6378 6058
f 6379 6378 6109
f 6378 6377 6058
f 6378 6381 6377
f 6382 6373 6377
f 6382 6384 6373
f 6379 6387 6378
f 6380 6388 6379
f 6381 6382 6377
f 6387 6381 6378
f 6385 6383 6384
f 6383 6432 6376
f 6432 6431 6376
f 6385 6432 6383
f 6382 6386 6384
f 6381 6393 6382
f 6386 6385 6384
f 6393 6386 6382
f 6122 6389 6380
f 6390 6122 6124
f 6390 6389 6122
f 6389 6388 6380
f 6388 6387 6379
f 6391 6390 6124
f 6394 6381 6387
f 6388 6395 6387
f 6392 6388 6389
f 6392 6395 6388
f 6390 6861 6389
f 6861 6392 6389
f 6394 6393 6381
f 6395 6394 6387
f 6394 6439 6393
f 6395 6868 6394
f 6396 6397 6321
f 6397 6402 6340
f 6396 6403 6397
f 6368 6405 6398
f 6398 6404 6396
f 6404 6403 6396
f 6405 6404 6398
f 6400 6333 6340
f 6400 6401 6333
f 6402 6400 6340
f 6401 6399 6338
f 6403 6402 6397
f 6415 6401 6400
f 6402 6422 6400
f 6403 6423 6402
f 6369 6406 6368
f 6408 6406 6369
f 6406 6405 6368
f 6407 6408 6375
f 6431 6407 6374
f 6408 6434 6406
f 6407 6435 6408
f 6404 6409 6403
f 6405 6410 6404
f 6411 6405 6406
f 6423 6422 6402
f 6409 6423 6403
f 6410 6409 6404
f 6411 6410 6405
f 6434 6411 6406
f 6401 6414 6399
f 6399 6413 6412
f 6357 6421 6356
f 6412 6420 6357
f 6413 6420 6412
f 6420 6421 6357
f 6414 6413 6399
f 6415 6414 6401
f 6422 6415 6400
f 6416 6419 6348
f 6419 6417 6350
f 6421 6416 6356
f 6486 6417 6419
f 6416 6485 6419
f 6414 6426 6413
f 6413 6425 6420
f 6424 6421 6420
f 6421 6493 6416
f 6424 6493 6421
f 6493 6485 6416
f 6415 6427 6414
f 6429 6415 6422
f 6430 6422 6423
f 6409 6428 6423
f 6410 6446 6409
f 6430 6429 6422
f 6426 6425 6413
f 6427 6426 6414
f 6429 6427 6415
f 6425 6424 6420
f 6447 6410 6411
f 6428 6430 6423
f 6446 6428 6409
f 6450 6429 6430
f 6427 6529 6426
f 6517 6425 6426
f 6429 6528 6427
f 6528 6529 6427
f 6432 6433 6431
f 6436 6407 6431
f 6436 6435 6407
f 6433 6436 6431
f 6385 6437 6432
f 6386 6438 6385
f 6437 6433 6432
f 6435 6434 6408
f 6440 6386 6393
f 6438 6437 6385
f 6440 6438 6386
f 6439 6440 6393
f 6868 6439 6394
f 6440 6444 6438
f 6439 6883 6440
f 6434 6449 6411
f 6435 6448 6434
f 6448 6449 6434
f 6436 6441 6435
f 6433 6442 6436
f 6441 6448 6435
f 6442 6441 6436
f 6445 6437 6438
f 6437 6443 6433
f 6443 6442 6433
f 6445 6443 6437
f 6457 6442 6443
f 6444 6445 6438
f 6883 6444 6440
f 6445 6891 6443
f 6449 6447 6411
f 6447 6446 6410
f 6453 6446 6447
f 6449 6452 6447
f 6458 6449 6448
f 6458 6452 6449
f 6428 6451 6430
f 6446 6454 6428
f 6454 6451 6428
f 6450 6528 6429
f 6451 6450 6430
f 6453 6454 6446
f 6452 6453 6447
f 6538 6451 6454
f 6453 6540 6454
f 6441 6455 6448
f 6442 6456 6441
f 6455 6458 6448
f 6456 6455 6441
f 6457 6456 6442
f 6891 6457 6443
f 6895 6456 6457
f 6455 6460 6458
f 6459 6452 6458
f 6452 6539 6453
f 6539 6540 6453
f 6459 6539 6452
f 6456 6896 6455
f 6895 6896 6456
f 6896 6460 6455
f 6460 6459 6458
f 6462 6461 5971
f 6473 6200 6464
f 6470 6464 6461
f 6462 6474 6461
f 6473 6471 6200
f 6471 6472 6206
f 6465 6462 6463
f 6465 6474 6462
f 6474 6470 6461
f 6351 6468 6463
f 6355 6469 6351
f 6469 6468 6351
f 6468 6465 6463
f 6466 6467 6352
f 6467 6469 6355
f 6469 6488 6468
f 6470 6473 6464
f 6480 6473 6470
f 6473 6481 6471
f 6474 6482 6470
f 6475 6474 6465
f 6491 6465 6468
f 6491 6475 6465
f 6488 6491 6468
f 6482 6480 6470
f 6475 6482 6474
f 6489 6469 6467
f 6472 6479 6213
f 6471 6478 6472
f 6481 6478 6471
f 6478 6479 6472
f 6479 6477 6213
f 6480 6481 6473
f 6418 6483 6476
f 6476 6484 6466
f 6417 6487 6418
f 6487 6483 6418
f 6466 6490 6467
f 6490 6489 6467
f 6484 6490 6466
f 6483 6484 6476
f 6486 6487 6417
f 6485 6486 6419
f 6494 6487 6486
f 6487 6495 6483
f 6489 6488 6469
f 6491 6507 6475
f 6504 6491 6488
f 6489 6508 6488
f 6484 6496 6490
f 6490 6492 6489
f 6508 6504 6488
f 6492 6508 6489
f 6483 6497 6484
f 6497 6496 6484
f 6496 6492 6490
f 6493 6518 6485
f 6519 6493 6424
f 6425 6520 6424
f 6521 6486 6485
f 6521 6494 6486
f 6518 6521 6485
f 6519 6518 6493
f 6495 6497 6483
f 6494 6495 6487
f 6497 6522 6496
f 6523 6497 6495
f 6478 6502 6479
f 6482 6506 6480
f 6481 6499 6478
f 6498 6481 6480
f 6506 6498 6480
f 6498 6499 6481
f 6479 6503 6477
f 6500 6243 6477
f 6243 6501 6244
f 6503 6500 6477
f 6499 6502 6478
f 6502 6503 6479
f 6500 6501 6243
f 6501 6509 6244
f 6572 6502 6499
f 6502 6567 6503
f 6503 6568 6500
f 6505 6482 6475
f 6507 6505 6475
f 6504 6507 6491
f 6505 6506 6482
f 6507 6513 6505
f 6508 6514 6504
f 6515 6507 6504
f 6511 6499 6498
f 6506 6512 6498
f 6516 6506 6505
f 6516 6512 6506
f 6513 6516 6505
f 6512 6511 6498
f 6511 6572 6499
f 6571 6501 6500
f 6572 6567 6502
f 6492 6510 6508
f 6496 6525 6492
f 6525 6510 6492
f 6522 6525 6496
f 6514 6515 6504
f 6510 6514 6508
f 6515 6513 6507
f 6526 6515 6514
f 6577 6512 6516
f 6513 6574 6516
f 6578 6513 6515
f 6578 6574 6513
f 6526 6578 6515
f 6517 6520 6425
f 6520 6519 6424
f 6529 6517 6426
f 6520 6536 6519
f 6521 6532 6494
f 6519 6534 6518
f 6533 6521 6518
f 6494 6524 6495
f 6524 6523 6495
f 6532 6524 6494
f 6533 6532 6521
f 6523 6522 6497
f 6522 6554 6525
f 6556 6522 6523
f 6510 6527 6514
f 6525 6555 6510
f 6555 6527 6510
f 6554 6555 6525
f 6527 6526 6514
f 6528 6530 6529
f 6529 6537 6517
f 6535 6520 6517
f 6450 6531 6528
f 6537 6535 6517
f 6530 6537 6529
f 6451 6541 6450
f 6541 6531 6450
f 6538 6541 6451
f 6531 6530 6528
f 6535 6536 6520
f 6534 6533 6518
f 6536 6534 6519
f 6534 6550 6533
f 6537 6542 6535
f 6531 6543 6530
f 6544 6537 6530
f 6535 6558 6536
f 6551 6534 6536
f 6558 6551 6536
f 6542 6558 6535
f 6540 6538 6454
f 6548 6531 6541
f 6545 6541 6538
f 6543 6544 6530
f 6544 6542 6537
f 6540 6546 6538
f 6547 6540 6539
f 6460 6980 6459
f 6979 6539 6459
f 6546 6545 6538
f 6547 6546 6540
f 6979 6547 6539
f 6545 6548 6541
f 6548 6543 6531
f 6548 6992 6543
f 6993 6548 6545
f 6546 6994 6545
f 6524 6549 6523
f 6532 6553 6524
f 6552 6532 6533
f 6556 6554 6522
f 6549 6556 6523
f 6552 6553 6532
f 6553 6549 6524
f 6551 6550 6534
f 6550 6552 6533
f 6552 6565 6553
f 6550 6563 6552
f 6555 6603 6527
f 6554 6604 6555
f 6605 6554 6556
f 6549 6557 6556
f 6564 6549 6553
f 6565 6564 6553
f 6605 6604 6554
f 6557 6605 6556
f 6564 6557 6549
f 6562 6550 6551
f 6563 6565 6552
f 6558 6566 6551
f 6544 6560 6542
f 6542 6559 6558
f 6562 6563 6550
f 6559 6566 6558
f 6566 6562 6551
f 6561 6544 6543
f 6561 6560 6544
f 6992 6561 6543
f 6993 6992 6548
f 6560 6559 6542
f 6563 6617 6565
f 6565 6616 6564
f 6566 6999 6562
f 6559 6998 6566
f 6560 7000 6559
f 6619 6563 6562
f 6619 6617 6563
f 6999 6619 6562
f 6998 6999 6566
f 6569 6509 6501
f 6570 6255 6509
f 6571 6569 6501
f 6568 6571 6500
f 6567 6568 6503
f 6569 6570 6509
f 6570 6579 6255
f 6567 6584 6568
f 6585 6571 6568
f 6581 6569 6571
f 6573 6567 6572
f 6512 6575 6511
f 6576 6572 6511
f 6575 6576 6511
f 6576 6573 6572
f 6573 6584 6567
f 6584 6585 6568
f 6574 6577 6516
f 6577 6575 6512
f 6574 6607 6577
f 6577 6608 6575
f 6579 6580 6256
f 6583 6579 6570
f 6569 6582 6570
f 6585 6581 6571
f 6591 6580 6579
f 6590 6297 6580
f 6581 6582 6569
f 6582 6583 6570
f 6583 6591 6579
f 6591 6590 6580
f 6597 6582 6581
f 6598 6583 6582
f 6573 6588 6584
f 6587 6585 6584
f 6589 6573 6576
f 6575 6586 6576
f 6608 6586 6575
f 6586 6589 6576
f 6589 6588 6573
f 6585 6596 6581
f 6588 6587 6584
f 6587 6596 6585
f 6596 6597 6581
f 6586 6623 6589
f 6589 6626 6588
f 6592 6298 6297
f 6592 6593 6298
f 6593 7009 6300
f 6590 6592 6297
f 6594 6591 6583
f 6591 6595 6590
f 6597 6598 6582
f 6598 6594 6583
f 7011 6592 6590
f 7012 6593 6592
f 6594 6595 6591
f 6595 7011 6590
f 6587 6599 6596
f 6601 6597 6596
f 6600 6587 6588
f 6623 6626 6589
f 6626 6600 6588
f 6600 6599 6587
f 7019 6598 6597
f 7020 6594 6598
f 6601 7019 6597
f 6599 6601 6596
f 7041 6599 6600
f 6609 6574 6578
f 6526 6602 6578
f 6527 6606 6526
f 6606 6602 6526
f 6609 6607 6574
f 6602 6609 6578
f 6604 6603 6555
f 6603 6606 6527
f 6605 6614 6604
f 6603 6610 6606
f 6604 6620 6603
f 6620 6610 6603
f 6607 6608 6577
f 6612 6607 6609
f 6608 6625 6586
f 6607 6624 6608
f 6612 6624 6607
f 6624 6625 6608
f 6602 6611 6609
f 6613 6602 6606
f 6613 6611 6602
f 6610 6613 6606
f 6611 6612 6609
f 6613 6630 6611
f 6557 6615 6605
f 6618 6557 6564
f 6618 6615 6557
f 6616 6618 6564
f 6615 6614 6605
f 6614 6620 6604
f 6617 6616 6565
f 6618 7036 6615
f 7037 6618 6616
f 7038 6616 6617
f 6614 6621 6620
f 6610 6631 6613
f 6632 6610 6620
f 6615 6622 6614
f 6622 6621 6614
f 6632 6631 6610
f 6621 6632 6620
f 7037 7036 6618
f 7036 6622 6615
f 6625 6623 6586
f 6628 6625 6624
f 6625 6629 6623
f 6612 6627 6624
f 6633 6612 6611
f 6633 6627 6612
f 6630 6633 6611
f 7039 6626 6623
f 6626 7040 6600
f 6629 7039 6623
f 7039 7040 6626
f 6628 6629 6625
f 6627 6628 6624
f 6627 7050 6628
f 6631 6630 6613
f 7045 6631 6632
f 6633 7048 6627
f 6630 7049 6633
f 6631 7051 6630
f 6639 6634 6091
f 6634 6637 6100
f 6635 6636 6083
f 6637 6635 6099
f 6652 6635 6637
f 6653 6636 6635
f 6638 6639 6093
f 6642 6639 6638
f 6670 6641 6640
f 6669 6638 6641
f 6634 6644 6637
f 6643 6634 6639
f 6670 6669 6641
f 6644 6652 6637
f 6643 6644 6634
f 6669 6642 6638
f 6642 6643 6639
f 6642 6696 6643
f 6649 6120 6646
f 6650 6646 6645
f 6636 6651 6645
f 6650 6649 6646
f 6651 6650 6645
f 6648 6119 6120
f 6648 6647 6119
f 6649 6648 6120
f 6653 6651 6636
f 6652 6653 6635
f 6663 6648 6649
f 6651 6661 6650
f 6662 6651 6653
f 6650 6664 6649
f 6656 6125 6126
f 6658 6126 6654
f 6647 6659 6654
f 6656 6655 6125
f 6655 6860 6127
f 6657 6647 6648
f 6659 6658 6654
f 6658 6656 6126
f 6657 6659 6647
f 6663 6657 6648
f 6664 6663 6649
f 6866 6656 6658
f 6659 6867 6658
f 6867 6866 6658
f 6644 6699 6652
f 6695 6644 6643
f 6660 6653 6652
f 6695 6699 6644
f 6699 6660 6652
f 6661 6664 6650
f 6662 6661 6651
f 6660 6662 6653
f 6707 6657 6663
f 6703 6664 6661
f 6664 6706 6663
f 6657 6702 6659
f 6702 6867 6659
f 6707 6702 6657
f 6706 6707 6663
f 6662 6704 6661
f 6666 6152 6151
f 6671 6665 6150
f 6098 6667 6640
f 6668 6098 6152
f 6666 6668 6152
f 6668 6667 6098
f 6665 6666 6151
f 6667 6670 6640
f 6666 6677 6668
f 6667 6675 6670
f 6678 6667 6668
f 6674 6671 6672
f 6679 6156 6155
f 6683 6154 6156
f 6154 6684 6672
f 6683 6684 6154
f 6676 6666 6665
f 6671 6673 6665
f 6673 6676 6665
f 6684 6674 6672
f 6674 6673 6671
f 6676 6677 6666
f 6697 6669 6670
f 6698 6642 6669
f 6697 6698 6669
f 6678 6675 6667
f 6675 6697 6670
f 6677 6678 6668
f 6674 6692 6673
f 6676 6701 6677
f 6708 6676 6673
f 6677 6700 6678
f 6708 6701 6676
f 6680 6682 6168
f 6682 6679 6155
f 6679 6683 6156
f 6680 6686 6682
f 6694 6679 6682
f 6690 6683 6679
f 6691 6684 6683
f 6686 6694 6682
f 6694 6690 6679
f 6689 6173 6172
f 6688 6681 6173
f 6687 6680 6681
f 6689 6688 6173
f 6685 6689 6172
f 6752 6685 6171
f 6688 6687 6681
f 6687 6686 6680
f 6688 6763 6687
f 6760 6688 6689
f 6693 6674 6684
f 6691 6693 6684
f 6692 6708 6673
f 6693 6692 6674
f 6690 6691 6683
f 6711 6690 6694
f 6710 6694 6686
f 6709 6686 6687
f 6760 6763 6688
f 6709 6710 6686
f 6763 6709 6687
f 6733 6691 6690
f 6696 6695 6643
f 6698 6696 6642
f 6717 6698 6697
f 6716 6696 6698
f 6696 6712 6695
f 6717 6716 6698
f 6713 6699 6695
f 6705 6662 6660
f 6719 6660 6699
f 6719 6705 6660
f 6713 6719 6699
f 6712 6713 6695
f 6716 6712 6696
f 6715 6675 6678
f 6675 6714 6697
f 6715 6714 6675
f 6714 6717 6697
f 6701 6700 6677
f 6700 6715 6678
f 6705 6704 6662
f 6703 6706 6664
f 6704 6703 6661
f 6907 6702 6707
f 6908 6706 6703
f 6706 6906 6707
f 6727 6708 6692
f 6691 6732 6693
f 6734 6692 6693
f 6732 6734 6693
f 6710 6711 6694
f 6711 6733 6690
f 6733 6732 6691
f 6700 6728 6715
f 6723 6712 6716
f 6717 6724 6716
f 6729 6714 6715
f 6718 6717 6714
f 6729 6718 6714
f 6718 6724 6717
f 6724 6723 6716
f 6726 6704 6705
f 6719 6725 6705
f 6713 6721 6719
f 6704 6720 6703
f 6908 6906 6706
f 6720 6908 6703
f 6726 6720 6704
f 6725 6726 6705
f 6722 6713 6712
f 6721 6725 6719
f 6723 6722 6712
f 6722 6721 6713
f 6726 6921 6720
f 6725 6920 6726
f 6922 6725 6721
f 6744 6721 6722
f 6724 6743 6723
f 6742 6722 6723
f 6742 6744 6722
f 6922 6920 6725
f 6744 6922 6721
f 6708 6730 6701
f 6731 6700 6701
f 6730 6731 6701
f 6727 6730 6708
f 6734 6727 6692
f 6731 6728 6700
f 6728 6729 6715
f 6740 6729 6728
f 6737 6730 6727
f 6730 6745 6731
f 6746 6728 6731
f 6711 6790 6733
f 6791 6711 6710
f 6735 6732 6733
f 6732 6736 6734
f 6791 6790 6711
f 6790 6735 6733
f 6738 6727 6734
f 6736 6738 6734
f 6737 6745 6730
f 6738 6737 6727
f 6735 6736 6732
f 6745 6746 6731
f 6736 6801 6738
f 6739 6724 6718
f 6741 6718 6729
f 6739 6743 6724
f 6741 6739 6718
f 6746 6740 6728
f 6740 6741 6729
f 6743 6742 6723
f 6749 6741 6740
f 6742 6925 6744
f 6956 6742 6743
f 6739 6957 6743
f 6741 6748 6739
f 6957 6956 6743
f 6748 6957 6739
f 6802 6737 6738
f 6737 6747 6745
f 6750 6746 6745
f 6751 6740 6746
f 6750 6751 6746
f 6801 6802 6738
f 6802 6747 6737
f 6747 6750 6745
f 6751 6749 6740
f 6749 6748 6741
f 6960 6748 6749
f 6750 7138 6751
f 7139 6749 6751
f 7138 7139 6751
f 6755 6752 6753
f 6754 6753 6270
f 6754 6755 6753
f 6758 6754 6270
f 6752 6761 6685
f 6759 6689 6685
f 6761 6759 6685
f 6755 6761 6752
f 6757 6758 6271
f 6772 6756 6275
f 6756 6762 6757
f 6766 6758 6757
f 6765 6755 6754
f 6767 6754 6758
f 6759 6760 6689
f 6762 6766 6757
f 6772 6762 6756
f 6766 6767 6758
f 6768 6761 6755
f 6761 6769 6759
f 6759 6764 6760
f 6787 6763 6760
f 6789 6709 6763
f 6709 6788 6710
f 6769 6764 6759
f 6764 6787 6760
f 6787 6789 6763
f 6767 6765 6754
f 6765 6768 6755
f 6768 6769 6761
f 6780 6767 6766
f 6792 6769 6768
f 6806 6765 6767
f 6807 6768 6765
f 6806 6807 6765
f 6770 6771 6274
f 6771 6772 6275
f 6775 6292 6291
f 6776 6770 6292
f 6775 6776 6292
f 6779 6772 6771
f 6770 6778 6771
f 6778 6779 6771
f 6776 6778 6770
f 6774 6775 6291
f 6827 6773 6293
f 6773 6777 6774
f 6783 6775 6774
f 6784 6776 6775
f 6826 6293 6294
f 6825 6826 6294
f 6826 6827 6293
f 6827 6777 6773
f 6777 6783 6774
f 6762 6782 6766
f 6781 6762 6772
f 6781 6782 6762
f 6779 6781 6772
f 6782 6780 6766
f 6780 6806 6767
f 6810 6781 6779
f 6811 6782 6781
f 6785 6778 6776
f 6786 6779 6778
f 6783 6784 6775
f 6784 6785 6776
f 6785 6786 6778
f 6786 6810 6779
f 6836 6785 6784
f 6788 6791 6710
f 6789 6788 6709
f 6794 6789 6787
f 6790 6798 6735
f 6799 6790 6791
f 6789 6796 6788
f 6797 6791 6788
f 6797 6799 6791
f 6796 6797 6788
f 6769 6795 6764
f 6793 6787 6764
f 6795 6793 6764
f 6807 6792 6768
f 6792 6795 6769
f 6793 6794 6787
f 6794 6796 6789
f 6814 6795 6792
f 6815 6793 6795
f 6800 6736 6735
f 6799 6798 6790
f 6800 6801 6736
f 6798 6800 6735
f 6848 6802 6801
f 6852 6798 6799
f 6798 6851 6800
f 6847 6801 6800
f 6803 6796 6794
f 6805 6799 6797
f 6804 6797 6796
f 6793 6817 6794
f 6815 6817 6793
f 6817 6803 6794
f 6803 6804 6796
f 6804 6805 6797
f 6805 6852 6799
f 6852 6851 6798
f 6803 6853 6804
f 6808 6806 6780
f 6809 6807 6806
f 6782 6812 6780
f 6811 6812 6782
f 6812 6808 6780
f 6807 6816 6792
f 6808 6809 6806
f 6810 6811 6781
f 6809 6816 6807
f 6816 6814 6792
f 6837 6786 6785
f 6838 6810 6786
f 6837 6838 6786
f 6810 6813 6811
f 6819 6812 6811
f 6820 6808 6812
f 6838 6813 6810
f 6813 6819 6811
f 6814 6815 6795
f 6808 6822 6809
f 6821 6816 6809
f 6816 6823 6814
f 6818 6815 6814
f 6854 6817 6815
f 6855 6803 6817
f 6821 6823 6816
f 6854 6855 6817
f 6823 6818 6814
f 6818 6854 6815
f 6819 6820 6812
f 6820 6822 6808
f 6822 6821 6809
f 6859 6822 6820
f 6858 6820 6819
f 6822 7160 6821
f 6858 6859 6820
f 6824 6829 6825
f 6828 6824 6302
f 7010 6830 6301
f 6830 6828 6302
f 6825 6831 6826
f 6832 6827 6826
f 6828 6829 6824
f 6829 6831 6825
f 6833 6777 6827
f 6834 6783 6777
f 6832 6833 6827
f 6831 6832 6826
f 6783 6835 6784
f 6833 6834 6777
f 6834 6835 6783
f 6835 6836 6784
f 6839 6833 6832
f 7017 6829 6828
f 7018 6831 6829
f 7057 6832 6831
f 7018 7057 6831
f 7057 6839 6832
f 6836 6837 6785
f 6840 6834 6833
f 6841 6835 6834
f 6842 6836 6835
f 6840 6841 6834
f 6836 6843 6837
f 6844 6838 6837
f 6841 6842 6835
f 6842 6843 6836
f 6839 6840 6833
f 6846 6813 6838
f 6813 6845 6819
f 6844 6846 6838
f 6846 6845 6813
f 6843 6844 6837
f 6845 6858 6819
f 6844 7254 6846
f 7061 6843 6842
f 7252 6844 6843
f 6851 6847 6800
f 6850 6747 6802
f 6849 6750 6747
f 6848 6850 6802
f 6850 6849 6747
f 6849 7138 6750
f 6847 6848 6801
f 7147 6850 6848
f 7140 6851 6852
f 6805 6857 6852
f 6856 6805 6804
f 6856 6857 6805
f 7146 6848 6847
f 7149 6847 6851
f 7149 7146 6847
f 6857 7140 6852
f 7140 7149 6851
f 6855 6853 6803
f 6853 6856 6804
f 7161 6855 6854
f 7169 6853 6855
f 7163 6818 6823
f 7159 6823 6821
f 6818 7162 6854
f 7159 7163 6823
f 7163 7162 6818
f 7160 7159 6821
f 6859 7160 6822
f 6391 6862 6390
f 6865 6391 6860
f 6655 6863 6860
f 6863 6865 6860
f 6862 6861 6390
f 6865 6862 6391
f 6871 6861 6862
f 6864 6655 6656
f 6864 6863 6655
f 6866 6864 6656
f 6865 6877 6862
f 6863 6872 6865
f 6869 6395 6392
f 6861 6870 6392
f 6872 6877 6865
f 6869 6868 6395
f 6870 6869 6392
f 6868 6884 6439
f 6884 6883 6439
f 6885 6868 6869
f 6885 6884 6868
f 6871 6870 6861
f 6877 6871 6862
f 6871 6879 6870
f 6870 6878 6869
f 6878 6885 6869
f 6879 6878 6870
f 6875 6864 6866
f 6702 6874 6867
f 6867 6876 6866
f 6876 6875 6866
f 6864 6873 6863
f 6873 6872 6863
f 6875 6873 6864
f 6874 6876 6867
f 6907 6874 6702
f 6906 6907 6707
f 6875 6915 6873
f 6909 6876 6874
f 6914 6875 6876
f 6877 6880 6871
f 6882 6877 6872
f 6882 6880 6877
f 6880 6879 6871
f 6873 6881 6872
f 6881 6882 6872
f 6915 6881 6873
f 6914 6915 6875
f 6879 6889 6878
f 6880 6890 6879
f 6936 6880 6882
f 6881 6916 6882
f 6936 6890 6880
f 6444 6892 6445
f 6883 6893 6444
f 6893 6892 6444
f 6886 6883 6884
f 6885 6887 6884
f 6886 6893 6883
f 6887 6886 6884
f 6878 6888 6885
f 6888 6887 6885
f 6889 6888 6878
f 6890 6889 6879
f 6892 6891 6445
f 6891 6897 6457
f 6892 6898 6891
f 6898 6897 6891
f 6894 6892 6893
f 6886 6901 6893
f 6894 6898 6892
f 6901 6894 6893
f 6897 6895 6457
f 6896 6981 6460
f 6982 6896 6895
f 6898 6902 6897
f 6897 6983 6895
f 6983 6982 6895
f 6902 6983 6897
f 6887 6899 6886
f 6900 6887 6888
f 6900 6899 6887
f 6899 6901 6886
f 6889 6937 6888
f 6890 6938 6889
f 6937 6900 6888
f 6938 6937 6889
f 6942 6899 6900
f 6894 6903 6898
f 6901 6904 6894
f 6904 6903 6894
f 6903 6902 6898
f 6899 6905 6901
f 6905 6904 6901
f 6942 6905 6899
f 7003 6904 6905
f 6907 6912 6874
f 6906 6911 6907
f 6908 6913 6906
f 6909 6914 6876
f 6911 6912 6907
f 6912 6909 6874
f 6910 6908 6720
f 6913 6911 6906
f 6910 6913 6908
f 6921 6910 6720
f 6920 6921 6726
f 6929 6912 6911
f 6913 6931 6911
f 6915 6918 6881
f 6914 6917 6915
f 6919 6914 6909
f 6918 6916 6881
f 6916 6936 6882
f 6917 6918 6915
f 6912 6930 6909
f 6919 6917 6914
f 6930 6919 6909
f 6929 6930 6912
f 6923 6913 6910
f 6921 6927 6910
f 6931 6929 6911
f 6947 6917 6919
f 6946 6918 6917
f 6924 6922 6744
f 6926 6921 6920
f 6922 6928 6920
f 6923 6931 6913
f 6927 6923 6910
f 6926 6927 6921
f 6925 6924 6744
f 6928 6926 6920
f 6924 6928 6922
f 6956 6925 6742
f 6965 6927 6926
f 6966 6926 6928
f 6933 6930 6929
f 6931 6934 6929
f 6930 6932 6919
f 6947 6946 6917
f 6932 6947 6919
f 6933 6932 6930
f 6923 6935 6931
f 6964 6923 6927
f 6935 6934 6931
f 6965 6964 6927
f 6964 6935 6923
f 6934 6933 6929
f 6973 6933 6934
f 6941 6890 6936
f 6941 6938 6890
f 6916 6939 6936
f 6939 6941 6936
f 6937 6943 6900
f 6944 6937 6938
f 6918 6940 6916
f 6940 6939 6916
f 6946 6940 6918
f 6941 6945 6938
f 6945 6944 6938
f 6948 6941 6939
f 6948 6945 6941
f 6943 6942 6900
f 6944 6943 6937
f 7006 6942 6943
f 6942 7005 6905
f 6945 6953 6944
f 6944 7007 6943
f 7006 7005 6942
f 7007 7006 6943
f 6951 6940 6946
f 6952 6946 6947
f 6940 6949 6939
f 6949 6948 6939
f 6951 6949 6940
f 6932 6950 6947
f 6972 6932 6933
f 6952 6951 6946
f 6950 6952 6947
f 6972 6950 6932
f 6977 6949 6951
f 6952 6978 6951
f 6954 6945 6948
f 6949 6955 6948
f 6953 7007 6944
f 6954 6953 6945
f 6955 6954 6948
f 6977 6955 6949
f 6978 6977 6951
f 6958 6928 6924
f 6962 6924 6925
f 6958 6966 6928
f 6961 6925 6956
f 6957 6963 6956
f 6959 6957 6748
f 6963 6961 6956
f 6961 6962 6925
f 6962 6958 6924
f 6959 6963 6957
f 6960 6959 6748
f 7139 6960 6749
f 7143 6963 6959
f 6963 7153 6961
f 7152 6962 6961
f 6966 6965 6926
f 6968 6964 6965
f 6966 6969 6965
f 6974 6934 6935
f 6967 6935 6964
f 6974 6973 6934
f 6968 6967 6964
f 6967 6974 6935
f 6958 6970 6966
f 6971 6958 6962
f 6970 6969 6966
f 7152 6971 6962
f 6971 6970 6958
f 6969 6968 6965
f 7180 6967 6968
f 6969 7181 6968
f 7153 7152 6961
f 6973 6972 6933
f 7173 6972 6973
f 6950 6975 6952
f 6975 6978 6952
f 6972 6976 6950
f 6976 6975 6950
f 6967 7179 6974
f 6974 7174 6973
f 7174 7173 6973
f 7179 7174 6974
f 7173 6976 6972
f 6980 6979 6459
f 6981 6980 6460
f 6982 6981 6896
f 6983 6991 6982
f 6985 6980 6981
f 6982 6990 6981
f 6986 6547 6979
f 6547 6984 6546
f 6980 6987 6979
f 6994 6993 6545
f 6984 6994 6546
f 6986 6984 6547
f 6985 6987 6980
f 6987 6986 6979
f 6990 6985 6981
f 6987 7085 6986
f 6902 6988 6983
f 6903 6989 6902
f 6991 6990 6982
f 6988 6991 6983
f 6904 7004 6903
f 7003 7004 6904
f 7004 6989 6903
f 6989 6988 6902
f 6991 7083 6990
f 7084 6987 6985
f 6990 7087 6985
f 6988 7095 6991
f 6989 7096 6988
f 6994 6996 6993
f 7001 6561 6992
f 6997 6560 6561
f 6993 7002 6992
f 7002 7001 6992
f 6995 6994 6984
f 6986 7086 6984
f 7086 6995 6984
f 6996 7002 6993
f 6995 6996 6994
f 6997 7000 6560
f 7000 6998 6559
f 7001 6997 6561
f 7121 6998 7000
f 7002 7088 7001
f 6997 7120 7000
f 7125 6997 7001
f 7085 7086 6986
f 7084 7085 6987
f 7005 7003 6905
f 7004 7094 6989
f 7097 7004 7003
f 7006 7099 7005
f 7005 7098 7003
f 7007 7100 7006
f 7101 7007 6953
f 7101 7100 7007
f 6954 7008 6953
f 7008 7101 6953
f 6955 7175 6954
f 7175 7008 6954
f 6593 7014 7009
f 7013 7010 7009
f 7012 7014 6593
f 7011 7012 6592
f 7015 6830 7010
f 7016 6828 6830
f 7015 7016 6830
f 7014 7013 7009
f 7013 7015 7010
f 7016 7017 6828
f 7017 7018 6829
f 7027 7015 7013
f 7015 7062 7016
f 7063 7017 7016
f 7064 7018 7017
f 7021 6595 6594
f 7022 7011 6595
f 7028 7012 7011
f 7022 7028 7011
f 7025 7014 7012
f 7028 7025 7012
f 7020 7021 6594
f 7019 7020 6598
f 7021 7022 6595
f 6599 7023 6601
f 7024 7019 6601
f 7020 7030 7021
f 7033 7022 7021
f 7029 7020 7019
f 7041 7023 6599
f 7023 7024 6601
f 7024 7029 7019
f 7029 7030 7020
f 7014 7026 7013
f 7025 7026 7014
f 7026 7027 7013
f 7027 7062 7015
f 7062 7063 7016
f 7026 7069 7027
f 7022 7031 7028
f 7032 7025 7028
f 7068 7026 7025
f 7031 7032 7028
f 7032 7068 7025
f 7030 7033 7021
f 7033 7031 7022
f 7055 7029 7024
f 7056 7030 7029
f 7030 7070 7033
f 7071 7031 7033
f 7055 7056 7029
f 7056 7070 7030
f 6999 7035 6619
f 6619 7034 6617
f 6998 7122 6999
f 7122 7035 6999
f 7034 7038 6617
f 7038 7037 6616
f 7035 7034 6619
f 7121 7122 6998
f 7120 7121 7000
f 7123 7037 7038
f 7036 7134 6622
f 7037 7133 7036
f 7133 7134 7036
f 7034 7124 7038
f 7133 7279 7134
f 7279 7046 7134
f 7279 7133 7123
f 7040 7041 6600
f 7044 7040 7039
f 6628 7042 6629
f 7043 7039 6629
f 7050 7042 6628
f 7042 7043 6629
f 7040 7054 7041
f 7052 7023 7041
f 7044 7054 7040
f 7053 7024 7023
f 7054 7052 7041
f 7043 7044 7039
f 7051 7049 6630
f 7045 7051 6631
f 6621 7047 6632
f 6622 7046 6621
f 7046 7047 6621
f 7134 7046 6622
f 7047 7045 6632
f 7049 7048 6633
f 7048 7050 6627
f 7279 7043 7042
f 7043 7279 7044
f 7052 7053 7023
f 7053 7055 7024
f 7279 7051 7045
f 7049 7279 7048
f 7279 7050 7048
f 7050 7279 7042
f 7051 7279 7049
f 7046 7279 7047
f 7047 7279 7045
f 7065 7057 7018
f 7066 6839 7057
f 7064 7065 7018
f 6840 7059 6841
f 7058 6840 6839
f 7065 7066 7057
f 7066 7058 6839
f 6846 7253 6845
f 7060 6842 6841
f 7058 7059 6840
f 7059 7060 6841
f 7060 7061 6842
f 7061 7252 6843
f 7252 7254 6844
f 7265 7060 7059
f 7063 7064 7017
f 7027 7072 7062
f 7067 7063 7062
f 7069 7072 7027
f 7075 7064 7063
f 7064 7076 7065
f 7072 7067 7062
f 7067 7075 7063
f 7075 7076 7064
f 7068 7069 7026
f 7073 7032 7031
f 7074 7068 7032
f 7070 7071 7033
f 7071 7073 7031
f 7073 7074 7032
f 7080 7069 7068
f 7079 7072 7069
f 7074 7080 7068
f 7080 7079 7069
f 7078 7058 7066
f 7065 7077 7066
f 7077 7078 7066
f 7076 7077 7065
f 7266 7059 7058
f 7078 7266 7058
f 7266 7265 7059
f 7269 7077 7076
f 7077 7270 7078
f 7279 7081 7079
f 7279 7082 7081
f 7072 7081 7067
f 7079 7081 7072
f 7082 7075 7067
f 7271 7076 7075
f 7081 7082 7067
f 7082 7271 7075
f 7271 7269 7076
f 7279 7124 7132
f 7129 7279 7132
f 7131 7279 7129
f 7130 7279 7131
f 7124 7279 7123
f 7279 7054 7044
f 7279 7070 7056
f 7070 7279 7071
f 7279 7055 7053
f 7279 7052 7054
f 7279 7053 7052
f 7279 7056 7055
f 7279 7073 7071
f 7279 7074 7073
f 7074 7279 7080
f 7279 7079 7080
f 7087 7084 6985
f 7096 7095 6988
f 7083 7087 6990
f 7095 7083 6991
f 6996 7089 7002
f 7088 7125 7001
f 7125 7120 6997
f 7086 7090 6995
f 7085 7092 7086
f 7087 7105 7084
f 7107 7087 7083
f 7091 7085 7084
f 7091 7092 7085
f 7105 7091 7084
f 7093 6996 6995
f 7093 7089 6996
f 7090 7093 6995
f 7089 7088 7002
f 7092 7090 7086
f 7093 7135 7089
f 7090 7136 7093
f 7137 7090 7092
f 7098 7097 7003
f 7099 7098 7005
f 7094 7096 6989
f 7097 7094 7004
f 7108 7095 7096
f 7098 7102 7097
f 7109 7096 7094
f 7097 7114 7094
f 7114 7109 7094
f 7100 7099 7006
f 7103 7098 7099
f 7102 7114 7097
f 7103 7102 7098
f 7100 7104 7099
f 7104 7103 7099
f 7101 7299 7100
f 7299 7104 7100
f 7095 7106 7083
f 7106 7107 7083
f 7108 7106 7095
f 7107 7105 7087
f 7109 7108 7096
f 7106 7111 7107
f 7116 7108 7109
f 7108 7115 7106
f 7091 7110 7092
f 7105 7112 7091
f 7113 7105 7107
f 7137 7136 7090
f 7110 7137 7092
f 7112 7110 7091
f 7113 7112 7105
f 7111 7113 7107
f 7115 7111 7106
f 7114 7117 7109
f 7102 7119 7114
f 7116 7115 7108
f 7119 7117 7114
f 7117 7116 7109
f 7103 7118 7102
f 7118 7119 7102
f 7104 7306 7103
f 7306 7118 7103
f 7115 7279 7111
f 7117 7279 7116
f 7279 7115 7116
f 7279 7117 7119
f 7131 7122 7121
f 7122 7129 7035
f 7035 7132 7034
f 7132 7124 7034
f 7129 7132 7035
f 7124 7123 7038
f 7123 7133 7037
f 7125 7126 7120
f 7128 7125 7088
f 7130 7121 7120
f 7130 7131 7121
f 7128 7126 7125
f 7126 7130 7120
f 7127 7088 7089
f 7127 7128 7088
f 7136 7135 7093
f 7135 7127 7089
f 7131 7129 7122
f 7135 7279 7127
f 7128 7279 7126
f 7279 7128 7127
f 7136 7279 7135
f 7279 7136 7137
f 7126 7279 7130
f 7112 7279 7110
f 7279 7137 7110
f 7279 7112 7113
f 7111 7279 7113
f 7144 6960 7139
f 7145 7139 7138
f 6850 7148 6849
f 7141 7138 6849
f 7142 6959 6960
f 7146 7147 6848
f 7145 7144 7139
f 7148 7141 6849
f 7141 7145 7138
f 7142 7143 6959
f 7144 7142 6960
f 7143 7153 6963
f 7144 7194 7142
f 7195 7144 7145
f 7147 7148 6850
f 7150 7148 7147
f 7166 7149 7140
f 7146 7151 7147
f 7168 7146 7149
f 7168 7151 7146
f 7148 7193 7141
f 7192 7145 7141
f 7192 7195 7145
f 7193 7192 7141
f 7151 7150 7147
f 7150 7193 7148
f 7154 7153 7143
f 7156 6971 7152
f 7153 7157 7152
f 7182 6969 6970
f 6971 7155 6970
f 7182 7181 6969
f 7156 7155 6971
f 7155 7182 6970
f 7158 7143 7142
f 7158 7154 7143
f 7154 7157 7153
f 7194 7158 7142
f 7157 7156 7152
f 7156 7218 7155
f 7219 7156 7157
f 7195 7194 7144
f 7164 6856 6853
f 7165 6857 6856
f 7161 7169 6855
f 7169 7164 6853
f 7162 7161 6854
f 7257 7163 7159
f 7258 7162 7163
f 7167 7140 6857
f 7165 7167 6857
f 7166 7168 7149
f 7167 7166 7140
f 7164 7165 6856
f 7200 7168 7166
f 7202 7167 7165
f 7203 7166 7167
f 7172 7164 7169
f 7171 7169 7161
f 7162 7170 7161
f 7257 7258 7163
f 7170 7171 7161
f 7258 7170 7162
f 7201 7165 7164
f 7171 7172 7169
f 7172 7201 7164
f 7201 7202 7165
f 7180 7179 6967
f 7188 6976 7173
f 7176 6955 6977
f 6978 7177 6977
f 7176 7175 6955
f 7177 7176 6977
f 6975 7178 6978
f 6976 7186 6975
f 7178 7177 6978
f 7186 7178 6975
f 7176 7301 7175
f 7178 7303 7177
f 7177 7302 7176
f 7181 7180 6968
f 7181 7185 7180
f 7183 7174 7179
f 7187 7173 7174
f 7184 7179 7180
f 7183 7187 7174
f 7184 7183 7179
f 7155 7217 7182
f 7221 7181 7182
f 7221 7185 7181
f 7218 7217 7155
f 7217 7221 7182
f 7185 7184 7180
f 7188 7186 6976
f 7187 7188 7173
f 7188 7191 7186
f 7186 7189 7178
f 7190 7188 7187
f 7303 7302 7177
f 7191 7189 7186
f 7189 7303 7178
f 7227 7187 7183
f 7184 7226 7183
f 7227 7190 7187
f 7226 7227 7183
f 7190 7191 7188
f 7304 7312 7279
f 7312 7313 7279
f 7313 7314 7279
f 7314 7230 7279
f 7230 7231 7279
f 7205 7193 7150
f 7197 7194 7195
f 7198 7158 7194
f 7204 7192 7193
f 7196 7195 7192
f 7196 7197 7195
f 7204 7196 7192
f 7220 7157 7154
f 7158 7199 7154
f 7220 7219 7157
f 7198 7199 7158
f 7199 7220 7154
f 7197 7198 7194
f 7197 7234 7198
f 7233 7199 7198
f 7206 7151 7168
f 7151 7207 7150
f 7206 7207 7151
f 7202 7203 7167
f 7203 7200 7166
f 7200 7206 7168
f 7202 7209 7203
f 7283 7201 7172
f 7284 7172 7171
f 7208 7202 7201
f 7207 7205 7150
f 7205 7204 7193
f 7211 7204 7205
f 7212 7206 7200
f 7206 7214 7207
f 7207 7215 7205
f 7235 7197 7196
f 7210 7196 7204
f 7213 7200 7203
f 7209 7213 7203
f 7213 7212 7200
f 7208 7209 7202
f 7283 7208 7201
f 7214 7215 7207
f 7210 7235 7196
f 7235 7234 7197
f 7215 7211 7205
f 7211 7210 7204
f 7240 7210 7211
f 7212 7214 7206
f 7292 7213 7209
f 7212 7216 7214
f 7213 7293 7212
f 7241 7215 7214
f 7215 7242 7211
f 7241 7242 7215
f 7292 7293 7213
f 7293 7216 7212
f 7216 7241 7214
f 7219 7218 7156
f 7223 7218 7219
f 7225 7184 7185
f 7221 7228 7185
f 7222 7221 7217
f 7218 7224 7217
f 7222 7228 7221
f 7232 7220 7199
f 7220 7229 7219
f 7229 7223 7219
f 7232 7229 7220
f 7223 7224 7218
f 7224 7222 7217
f 7225 7226 7184
f 7228 7225 7185
f 7314 7190 7227
f 7190 7313 7191
f 7226 7230 7227
f 7314 7313 7190
f 7230 7314 7227
f 7231 7226 7225
f 7246 7225 7228
f 7222 7247 7228
f 7231 7230 7226
f 7233 7232 7199
f 7240 7242 7279
f 7239 7240 7279
f 7243 7239 7279
f 7236 7238 7279
f 7237 7236 7279
f 7238 7243 7279
f 7244 7222 7224
f 7247 7246 7228
f 7246 7231 7225
f 7231 7246 7279
f 7246 7247 7279
f 7247 7244 7279
f 7244 7245 7279
f 7248 7237 7279
f 7245 7248 7279
f 7234 7233 7198
f 7235 7243 7234
f 7234 7238 7233
f 7232 7237 7229
f 7245 7224 7223
f 7248 7223 7229
f 7236 7232 7233
f 7237 7248 7229
f 7236 7237 7232
f 7210 7239 7235
f 7239 7243 7235
f 7243 7238 7234
f 7238 7236 7233
f 7240 7239 7210
f 7242 7240 7211
f 7245 7244 7224
f 7244 7247 7222
f 7248 7245 7223
f 7250 7160 6859
f 7251 6859 6858
f 6845 7249 6858
f 7254 7253 6846
f 7249 7251 6858
f 7253 7249 6845
f 7160 7256 7159
f 7251 7250 6859
f 7256 7257 7159
f 7250 7256 7160
f 7061 7267 7252
f 7268 7061 7060
f 7255 7254 7252
f 7268 7267 7061
f 7261 7253 7254
f 7262 7249 7253
f 7260 7251 7249
f 7267 7255 7252
f 7255 7261 7254
f 7261 7262 7253
f 7251 7263 7250
f 7264 7256 7250
f 7259 7257 7256
f 7257 7281 7258
f 7280 7170 7258
f 7282 7171 7170
f 7264 7259 7256
f 7259 7281 7257
f 7281 7280 7258
f 7262 7260 7249
f 7260 7263 7251
f 7263 7264 7250
f 7277 7262 7261
f 7263 7286 7264
f 7297 7260 7262
f 7285 7263 7260
f 7277 7276 7279
f 7297 7277 7279
f 7297 7285 7260
f 7289 7288 7279
f 7287 7289 7279
f 7285 7297 7279
f 7286 7285 7279
f 7288 7286 7279
f 7265 7268 7060
f 7272 7266 7078
f 7273 7265 7266
f 7268 7275 7267
f 7274 7268 7265
f 7272 7273 7266
f 7273 7274 7265
f 7279 7271 7082
f 7279 7269 7271
f 7279 7270 7269
f 7272 7270 7279
f 7273 7272 7279
f 7274 7273 7279
f 7275 7274 7279
f 7269 7270 7077
f 7270 7272 7078
f 7278 7255 7267
f 7276 7261 7255
f 7278 7276 7255
f 7274 7275 7268
f 7275 7278 7267
f 7276 7277 7261
f 7278 7275 7279
f 7276 7278 7279
f 7277 7297 7262
f 7282 7284 7171
f 7280 7282 7170
f 7284 7283 7172
f 7287 7280 7281
f 7284 7290 7283
f 7296 7284 7282
f 7295 7282 7280
f 7295 7296 7282
f 7289 7281 7259
f 7288 7259 7264
f 7288 7289 7259
f 7285 7286 7263
f 7286 7288 7264
f 7295 7287 7279
f 7296 7295 7279
f 7289 7287 7281
f 7287 7295 7280
f 7294 7208 7283
f 7208 7291 7209
f 7294 7291 7208
f 7296 7290 7284
f 7290 7294 7283
f 7291 7292 7209
f 7291 7294 7279
f 7294 7290 7279
f 7290 7296 7279
f 7293 7292 7279
f 7241 7216 7279
f 7242 7241 7279
f 7216 7293 7279
f 7292 7291 7279
f 7008 7298 7101
f 7175 7300 7008
f 7298 7299 7101
f 7300 7298 7008
f 7299 7305 7104
f 7298 7307 7299
f 7301 7300 7175
f 7302 7301 7176
f 7301 7309 7300
f 7308 7298 7300
f 7308 7307 7298
f 7309 7308 7300
f 7302 7310 7301
f 7303 7311 7302
f 7311 7310 7302
f 7310 7309 7301
f 7189 7304 7303
f 7304 7311 7303
f 7312 7189 7191
f 7312 7304 7189
f 7305 7306 7104
f 7307 7305 7299
f 7306 7279 7118
f 7305 7307 7279
f 7305 7279 7306
f 7118 7279 7119
f 7307 7308 7279
f 7308 7309 7279
f 7309 7310 7279
f 7310 7311 7279
f 7311 7304 7279
f 7313 7312 7191

